Timestamp,Run_ID,Git_Commit,Scenario,Detector,Adaptation,Repetition,Delay_Windows,False_Alarms,FAR_%,Adapt_Latency_ms,CPU_Peak_%,RAM_Alloc_MB
2026-06-12 18:54:33,dccdae5d,6624e12,D0_Baseline,DET0_None,A0_None,1,N/D,0,0.0,0.0,0.0,0.0
2026-06-12 18:54:33,e9027107,6624e12,D0_Baseline,DET0_None,A0_None,2,N/D,0,0.0,0.0,0.0,0.0
2026-06-12 18:54:33,31f0bd08,6624e12,D0_Baseline,DET0_None,A0_None,3,N/D,0,0.0,0.0,0.0,0.0
2026-06-12 18:54:33,5e2792e7,6624e12,D0_Baseline,DET0_None,A0_None,4,N/D,0,0.0,0.0,0.0,0.0
2026-06-12 18:54:33,548c3e93,6624e12,D0_Baseline,DET0_None,A0_None,5,N/D,0,0.0,0.0,0.0,0.0
2026-06-12 18:54:33,7ddacd55,6624e12,D0_Baseline,DET0_None,A0_None,6,N/D,0,0.0,0.0,0.0,0.0
2026-06-12 18:54:33,10588f48,6624e12,D0_Baseline,DET0_None,A0_None,7,N/D,0,0.0,0.0,0.0,0.0
2026-06-12 18:54:33,60ecb7d0,6624e12,D0_Baseline,DET0_None,A0_None,8,N/D,0,0.0,0.0,0.0,0.0
2026-06-12 18:54:33,a9372729,6624e12,D0_Baseline,DET0_None,A0_None,9,N/D,0,0.0,0.0,0.0,0.0
2026-06-12 18:54:33,ab91cf8b,6624e12,D0_Baseline,DET0_None,A0_None,10,N/D,0,0.0,0.0,0.0,0.0
2026-06-12 18:54:33,5eca3694,6624e12,D0_Baseline,DET0_None,A0_None,11,N/D,0,0.0,0.0,0.0,0.0
2026-06-12 18:54:33,9d895718,6624e12,D0_Baseline,DET0_None,A0_None,12,N/D,0,0.0,0.0,0.0,0.0
2026-06-12 18:54:33,a400df26,6624e12,D0_Baseline,DET0_None,A0_None,13,N/D,0,0.0,0.0,0.0,0.0
2026-06-12 18:54:33,438e9cd1,6624e12,D0_Baseline,DET0_None,A0_None,14,N/D,0,0.0,0.0,0.0,0.0
2026-06-12 18:54:33,1dee6bce,6624e12,D0_Baseline,DET0_None,A0_None,15,N/D,0,0.0,0.0,0.0,0.0
2026-06-12 18:54:33,70321241,6624e12,D0_Baseline,DET0_None,A0_None,16,N/D,0,0.0,0.0,0.0,0.0
2026-06-12 18:54:33,ce8dd8df,6624e12,D0_Baseline,DET0_None,A0_None,17,N/D,0,0.0,0.0,0.0,0.0
2026-06-12 18:54:33,091b0fbb,6624e12,D0_Baseline,DET0_None,A0_None,18,N/D,0,0.0,0.0,0.0,0.0
2026-06-12 18:54:33,72916607,6624e12,D0_Baseline,DET0_None,A0_None,19,N/D,0,0.0,0.0,0.0,0.0
2026-06-12 18:54:33,a244315a,6624e12,D0_Baseline,DET0_None,A0_None,20,N/D,0,0.0,0.0,0.0,0.0
2026-06-12 18:54:33,a49f5152,6624e12,D0_Baseline,DET0_None,A0_None,21,N/D,0,0.0,0.0,0.0,0.0
2026-06-12 18:54:33,09bb7ed6,6624e12,D0_Baseline,DET0_None,A0_None,22,N/D,0,0.0,0.0,0.0,0.0
2026-06-12 18:54:33,790aa083,6624e12,D0_Baseline,DET0_None,A0_None,23,N/D,0,0.0,0.0,0.0,0.0
2026-06-12 18:54:33,4096687e,6624e12,D0_Baseline,DET0_None,A0_None,24,N/D,0,0.0,0.0,0.0,0.0
2026-06-12 18:54:33,c7656be5,6624e12,D0_Baseline,DET0_None,A0_None,25,N/D,0,0.0,0.0,0.0,0.0
2026-06-12 18:54:33,fd900b83,6624e12,D0_Baseline,DET0_None,A0_None,26,N/D,0,0.0,0.0,0.0,0.0
2026-06-12 18:54:33,cc4ae992,6624e12,D0_Baseline,DET0_None,A0_None,27,N/D,0,0.0,0.0,0.0,0.0
2026-06-12 18:54:33,9f5be741,6624e12,D0_Baseline,DET0_None,A0_None,28,N/D,0,0.0,0.0,0.0,0.0
2026-06-12 18:54:33,c607cafa,6624e12,D0_Baseline,DET0_None,A0_None,29,N/D,0,0.0,0.0,0.0,0.0
2026-06-12 18:54:33,ba3fc995,6624e12,D0_Baseline,DET0_None,A0_None,30,N/D,0,0.0,0.0,0.0,0.0
2026-06-12 18:54:33,76009fc1,6624e12,D0_Baseline,DET1_OCSVM,A0_None,1,N/D,0,0.0,0.0,0.0,0.0
2026-06-12 18:54:34,1b135a3f,6624e12,D0_Baseline,DET1_OCSVM,A0_None,2,N/D,0,0.0,0.0,0.0,0.0
2026-06-12 18:54:35,9a8d2e4d,6624e12,D0_Baseline,DET1_OCSVM,A0_None,3,N/D,0,0.0,0.0,0.0,0.0
2026-06-12 18:54:35,ec50b8a6,6624e12,D0_Baseline,DET1_OCSVM,A0_None,4,N/D,0,0.0,0.0,0.0,0.0
2026-06-12 18:54:36,349c68a7,6624e12,D0_Baseline,DET1_OCSVM,A0_None,5,N/D,0,0.0,0.0,0.0,0.0
2026-06-12 18:54:36,20fbfd5d,6624e12,D0_Baseline,DET1_OCSVM,A0_None,6,N/D,0,0.0,0.0,0.0,0.0
2026-06-12 18:54:37,909fedd3,6624e12,D0_Baseline,DET1_OCSVM,A0_None,7,N/D,0,0.0,0.0,0.0,0.0
2026-06-12 18:54:38,b15037b1,6624e12,D0_Baseline,DET1_OCSVM,A0_None,8,N/D,0,0.0,0.0,0.0,0.0
2026-06-12 18:54:38,17d18de9,6624e12,D0_Baseline,DET1_OCSVM,A0_None,9,N/D,0,0.0,0.0,0.0,0.0
2026-06-12 18:54:39,46c05fb4,6624e12,D0_Baseline,DET1_OCSVM,A0_None,10,N/D,0,0.0,0.0,0.0,0.0
2026-06-12 18:54:39,09e44fcd,6624e12,D0_Baseline,DET1_OCSVM,A0_None,11,N/D,0,0.0,0.0,0.0,0.0
2026-06-12 18:54:40,3d651947,6624e12,D0_Baseline,DET1_OCSVM,A0_None,12,N/D,0,0.0,0.0,0.0,0.0
2026-06-12 18:54:41,0a7b2a8b,6624e12,D0_Baseline,DET1_OCSVM,A0_None,13,N/D,0,0.0,0.0,0.0,0.0
2026-06-12 18:54:41,092fa32a,6624e12,D0_Baseline,DET1_OCSVM,A0_None,14,N/D,0,0.0,0.0,0.0,0.0
2026-06-12 18:54:42,76b42aee,6624e12,D0_Baseline,DET1_OCSVM,A0_None,15,N/D,0,0.0,0.0,0.0,0.0
2026-06-12 18:54:42,dacc4017,6624e12,D0_Baseline,DET1_OCSVM,A0_None,16,N/D,0,0.0,0.0,0.0,0.0
2026-06-12 18:54:43,e4945264,6624e12,D0_Baseline,DET1_OCSVM,A0_None,17,N/D,0,0.0,0.0,0.0,0.0
2026-06-12 18:54:44,acfc647e,6624e12,D0_Baseline,DET1_OCSVM,A0_None,18,N/D,0,0.0,0.0,0.0,0.0
2026-06-12 18:54:44,8a7633e5,6624e12,D0_Baseline,DET1_OCSVM,A0_None,19,N/D,0,0.0,0.0,0.0,0.0
2026-06-12 18:54:45,3562bc92,6624e12,D0_Baseline,DET1_OCSVM,A0_None,20,N/D,0,0.0,0.0,0.0,0.0
2026-06-12 18:54:45,464f4713,6624e12,D0_Baseline,DET1_OCSVM,A0_None,21,N/D,0,0.0,0.0,0.0,0.0
2026-06-12 18:54:46,df8b1269,6624e12,D0_Baseline,DET1_OCSVM,A0_None,22,N/D,0,0.0,0.0,0.0,0.0
2026-06-12 18:54:47,f2b1703d,6624e12,D0_Baseline,DET1_OCSVM,A0_None,23,N/D,0,0.0,0.0,0.0,0.0
2026-06-12 18:54:47,7bfdc5eb,6624e12,D0_Baseline,DET1_OCSVM,A0_None,24,N/D,0,0.0,0.0,0.0,0.0
2026-06-12 18:54:48,39fc87da,6624e12,D0_Baseline,DET1_OCSVM,A0_None,25,N/D,0,0.0,0.0,0.0,0.0
2026-06-12 18:54:48,508cdb42,6624e12,D0_Baseline,DET1_OCSVM,A0_None,26,N/D,0,0.0,0.0,0.0,0.0
2026-06-12 18:54:49,8c949368,6624e12,D0_Baseline,DET1_OCSVM,A0_None,27,N/D,0,0.0,0.0,0.0,0.0
2026-06-12 18:54:50,5f337548,6624e12,D0_Baseline,DET1_OCSVM,A0_None,28,N/D,0,0.0,0.0,0.0,0.0
2026-06-12 18:54:50,1c9268bb,6624e12,D0_Baseline,DET1_OCSVM,A0_None,29,N/D,0,0.0,0.0,0.0,0.0
2026-06-12 18:54:51,03bb42bc,6624e12,D0_Baseline,DET1_OCSVM,A0_None,30,N/D,0,0.0,0.0,0.0,0.0
2026-06-12 18:54:51,ab15e195,6624e12,D0_Baseline,DET1_OCSVM,A1_Global,1,N/D,0,0.0,0.0,0.0,0.0
2026-06-12 18:54:52,c21980c3,6624e12,D0_Baseline,DET1_OCSVM,A1_Global,2,N/D,0,0.0,0.0,0.0,0.0
2026-06-12 18:54:52,ee3b2ba3,6624e12,D0_Baseline,DET1_OCSVM,A1_Global,3,N/D,0,0.0,0.0,0.0,0.0
2026-06-12 18:54:53,a0dd6a4f,6624e12,D0_Baseline,DET1_OCSVM,A1_Global,4,N/D,0,0.0,0.0,0.0,0.0
2026-06-12 18:54:54,75cf1140,6624e12,D0_Baseline,DET1_OCSVM,A1_Global,5,N/D,0,0.0,0.0,0.0,0.0
2026-06-12 18:54:54,2a608ba4,6624e12,D0_Baseline,DET1_OCSVM,A1_Global,6,N/D,0,0.0,0.0,0.0,0.0
2026-06-12 18:54:55,641cb2a5,6624e12,D0_Baseline,DET1_OCSVM,A1_Global,7,N/D,0,0.0,0.0,0.0,0.0
2026-06-12 18:54:55,46ba40c0,6624e12,D0_Baseline,DET1_OCSVM,A1_Global,8,N/D,0,0.0,0.0,0.0,0.0
2026-06-12 18:54:56,9da3b7ee,6624e12,D0_Baseline,DET1_OCSVM,A1_Global,9,N/D,0,0.0,0.0,0.0,0.0
2026-06-12 18:54:57,43e3d7f9,6624e12,D0_Baseline,DET1_OCSVM,A1_Global,10,N/D,0,0.0,0.0,0.0,0.0
2026-06-12 18:54:57,f20d3eaa,6624e12,D0_Baseline,DET1_OCSVM,A1_Global,11,N/D,0,0.0,0.0,0.0,0.0
2026-06-12 18:54:58,15e1cb53,6624e12,D0_Baseline,DET1_OCSVM,A1_Global,12,N/D,0,0.0,0.0,0.0,0.0
2026-06-12 18:54:58,da78ca72,6624e12,D0_Baseline,DET1_OCSVM,A1_Global,13,N/D,0,0.0,0.0,0.0,0.0
2026-06-12 18:54:59,6de1542d,6624e12,D0_Baseline,DET1_OCSVM,A1_Global,14,N/D,0,0.0,0.0,0.0,0.0
2026-06-12 18:55:00,45c990e7,6624e12,D0_Baseline,DET1_OCSVM,A1_Global,15,N/D,0,0.0,0.0,0.0,0.0
2026-06-12 18:55:00,0164a8bd,6624e12,D0_Baseline,DET1_OCSVM,A1_Global,16,N/D,0,0.0,0.0,0.0,0.0
2026-06-12 18:55:01,841cefdc,6624e12,D0_Baseline,DET1_OCSVM,A1_Global,17,N/D,0,0.0,0.0,0.0,0.0
2026-06-12 18:55:01,dcb8e8c7,6624e12,D0_Baseline,DET1_OCSVM,A1_Global,18,N/D,0,0.0,0.0,0.0,0.0
2026-06-12 18:55:02,97fec6a3,6624e12,D0_Baseline,DET1_OCSVM,A1_Global,19,N/D,0,0.0,0.0,0.0,0.0
2026-06-12 18:55:03,f1f78ee7,6624e12,D0_Baseline,DET1_OCSVM,A1_Global,20,N/D,0,0.0,0.0,0.0,0.0
2026-06-12 18:55:03,9f330514,6624e12,D0_Baseline,DET1_OCSVM,A1_Global,21,N/D,0,0.0,0.0,0.0,0.0
2026-06-12 18:55:04,11728e04,6624e12,D0_Baseline,DET1_OCSVM,A1_Global,22,N/D,0,0.0,0.0,0.0,0.0
2026-06-12 18:55:04,52fb23da,6624e12,D0_Baseline,DET1_OCSVM,A1_Global,23,N/D,0,0.0,0.0,0.0,0.0
2026-06-12 18:55:05,24f4ad13,6624e12,D0_Baseline,DET1_OCSVM,A1_Global,24,N/D,0,0.0,0.0,0.0,0.0
2026-06-12 18:55:06,9a6cf218,6624e12,D0_Baseline,DET1_OCSVM,A1_Global,25,N/D,0,0.0,0.0,0.0,0.0
2026-06-12 18:55:06,a3270a5b,6624e12,D0_Baseline,DET1_OCSVM,A1_Global,26,N/D,0,0.0,0.0,0.0,0.0
2026-06-12 18:55:07,30dd8389,6624e12,D0_Baseline,DET1_OCSVM,A1_Global,27,N/D,0,0.0,0.0,0.0,0.0
2026-06-12 18:55:07,d800f89c,6624e12,D0_Baseline,DET1_OCSVM,A1_Global,28,N/D,0,0.0,0.0,0.0,0.0
2026-06-12 18:55:08,724fcd35,6624e12,D0_Baseline,DET1_OCSVM,A1_Global,29,N/D,0,0.0,0.0,0.0,0.0
2026-06-12 18:55:09,000f1628,6624e12,D0_Baseline,DET1_OCSVM,A1_Global,30,N/D,0,0.0,0.0,0.0,0.0
2026-06-12 18:55:09,fb2c2b25,6624e12,D0_Baseline,DET1_OCSVM,A2_Incremental,1,N/D,0,0.0,0.0,0.0,0.0
2026-06-12 18:55:10,a8e2ac97,6624e12,D0_Baseline,DET1_OCSVM,A2_Incremental,2,N/D,0,0.0,0.0,0.0,0.0
2026-06-12 18:55:10,8ace3cd6,6624e12,D0_Baseline,DET1_OCSVM,A2_Incremental,3,N/D,0,0.0,0.0,0.0,0.0
2026-06-12 18:55:11,51469a87,6624e12,D0_Baseline,DET1_OCSVM,A2_Incremental,4,N/D,0,0.0,0.0,0.0,0.0
2026-06-12 18:55:12,af195c11,6624e12,D0_Baseline,DET1_OCSVM,A2_Incremental,5,N/D,0,0.0,0.0,0.0,0.0
2026-06-12 18:55:12,eef64c14,6624e12,D0_Baseline,DET1_OCSVM,A2_Incremental,6,N/D,0,0.0,0.0,0.0,0.0
2026-06-12 18:55:13,dcadabd2,6624e12,D0_Baseline,DET1_OCSVM,A2_Incremental,7,N/D,0,0.0,0.0,0.0,0.0
2026-06-12 18:55:13,3b1bc2ef,6624e12,D0_Baseline,DET1_OCSVM,A2_Incremental,8,N/D,0,0.0,0.0,0.0,0.0
2026-06-12 18:55:14,b06b8d4a,6624e12,D0_Baseline,DET1_OCSVM,A2_Incremental,9,N/D,0,0.0,0.0,0.0,0.0
2026-06-12 18:55:15,861a3955,6624e12,D0_Baseline,DET1_OCSVM,A2_Incremental,10,N/D,0,0.0,0.0,0.0,0.0
2026-06-12 18:55:15,d9cf414f,6624e12,D0_Baseline,DET1_OCSVM,A2_Incremental,11,N/D,0,0.0,0.0,0.0,0.0
2026-06-12 18:55:16,930fe80b,6624e12,D0_Baseline,DET1_OCSVM,A2_Incremental,12,N/D,0,0.0,0.0,0.0,0.0
2026-06-12 18:55:16,5d9cb2a7,6624e12,D0_Baseline,DET1_OCSVM,A2_Incremental,13,N/D,0,0.0,0.0,0.0,0.0
2026-06-12 18:55:17,c15f3cc5,6624e12,D0_Baseline,DET1_OCSVM,A2_Incremental,14,N/D,0,0.0,0.0,0.0,0.0
2026-06-12 18:55:18,a05a948b,6624e12,D0_Baseline,DET1_OCSVM,A2_Incremental,15,N/D,0,0.0,0.0,0.0,0.0
2026-06-12 18:55:18,7c3fcde8,6624e12,D0_Baseline,DET1_OCSVM,A2_Incremental,16,N/D,0,0.0,0.0,0.0,0.0
2026-06-12 18:55:19,48984cf4,6624e12,D0_Baseline,DET1_OCSVM,A2_Incremental,17,N/D,0,0.0,0.0,0.0,0.0
2026-06-12 18:55:20,99ca58ba,6624e12,D0_Baseline,DET1_OCSVM,A2_Incremental,18,N/D,0,0.0,0.0,0.0,0.0
2026-06-12 18:55:20,118b395d,6624e12,D0_Baseline,DET1_OCSVM,A2_Incremental,19,N/D,0,0.0,0.0,0.0,0.0
2026-06-12 18:55:21,d48e6d75,6624e12,D0_Baseline,DET1_OCSVM,A2_Incremental,20,N/D,0,0.0,0.0,0.0,0.0
2026-06-12 18:55:22,d485aa55,6624e12,D0_Baseline,DET1_OCSVM,A2_Incremental,21,N/D,0,0.0,0.0,0.0,0.0
2026-06-12 18:55:22,04c81960,6624e12,D0_Baseline,DET1_OCSVM,A2_Incremental,22,N/D,0,0.0,0.0,0.0,0.0
2026-06-12 18:55:23,196b6250,6624e12,D0_Baseline,DET1_OCSVM,A2_Incremental,23,N/D,0,0.0,0.0,0.0,0.0
2026-06-12 18:55:23,ef7b8ec3,6624e12,D0_Baseline,DET1_OCSVM,A2_Incremental,24,N/D,0,0.0,0.0,0.0,0.0
2026-06-12 18:55:24,b162eb90,6624e12,D0_Baseline,DET1_OCSVM,A2_Incremental,25,N/D,0,0.0,0.0,0.0,0.0
2026-06-12 18:55:25,1dad65e4,6624e12,D0_Baseline,DET1_OCSVM,A2_Incremental,26,N/D,0,0.0,0.0,0.0,0.0
2026-06-12 18:55:25,c022116c,6624e12,D0_Baseline,DET1_OCSVM,A2_Incremental,27,N/D,0,0.0,0.0,0.0,0.0
2026-06-12 18:55:26,0ae3cc82,6624e12,D0_Baseline,DET1_OCSVM,A2_Incremental,28,N/D,0,0.0,0.0,0.0,0.0
2026-06-12 18:55:26,21cadab5,6624e12,D0_Baseline,DET1_OCSVM,A2_Incremental,29,N/D,0,0.0,0.0,0.0,0.0
2026-06-12 18:55:27,8070ca89,6624e12,D0_Baseline,DET1_OCSVM,A2_Incremental,30,N/D,0,0.0,0.0,0.0,0.0
2026-06-12 18:55:33,b2b73556,6624e12,D0_Baseline,DET2_KS,A0_None,1,N/D,15,0.2215,0.0,0.0,0.0
2026-06-12 18:55:39,93762a54,6624e12,D0_Baseline,DET2_KS,A0_None,2,N/D,15,0.2215,0.0,0.0,0.0
2026-06-12 18:55:45,bdbe1254,6624e12,D0_Baseline,DET2_KS,A0_None,3,N/D,15,0.2215,0.0,0.0,0.0
2026-06-12 18:55:50,f8c410a4,6624e12,D0_Baseline,DET2_KS,A0_None,4,N/D,15,0.2215,0.0,0.0,0.0
2026-06-12 18:55:56,cf83937a,6624e12,D0_Baseline,DET2_KS,A0_None,5,N/D,15,0.2215,0.0,0.0,0.0
2026-06-12 18:56:02,e324dfef,6624e12,D0_Baseline,DET2_KS,A0_None,6,N/D,15,0.2215,0.0,0.0,0.0
2026-06-12 18:56:07,098af68f,6624e12,D0_Baseline,DET2_KS,A0_None,7,N/D,15,0.2215,0.0,0.0,0.0
2026-06-12 18:56:13,5bbd2853,6624e12,D0_Baseline,DET2_KS,A0_None,8,N/D,15,0.2215,0.0,0.0,0.0
2026-06-12 18:56:19,6652d247,6624e12,D0_Baseline,DET2_KS,A0_None,9,N/D,15,0.2215,0.0,0.0,0.0
2026-06-12 18:56:25,7d766d15,6624e12,D0_Baseline,DET2_KS,A0_None,10,N/D,15,0.2215,0.0,0.0,0.0
2026-06-12 18:56:31,bbf4471e,6624e12,D0_Baseline,DET2_KS,A0_None,11,N/D,15,0.2215,0.0,0.0,0.0
2026-06-12 18:56:37,2076e90f,6624e12,D0_Baseline,DET2_KS,A0_None,12,N/D,15,0.2215,0.0,0.0,0.0
2026-06-12 18:56:43,9e6f97bd,6624e12,D0_Baseline,DET2_KS,A0_None,13,N/D,15,0.2215,0.0,0.0,0.0
2026-06-12 18:56:49,ab3ea20f,6624e12,D0_Baseline,DET2_KS,A0_None,14,N/D,15,0.2215,0.0,0.0,0.0
2026-06-12 18:56:55,dc7848a3,6624e12,D0_Baseline,DET2_KS,A0_None,15,N/D,15,0.2215,0.0,0.0,0.0
2026-06-12 18:57:01,3c8745bb,6624e12,D0_Baseline,DET2_KS,A0_None,16,N/D,15,0.2215,0.0,0.0,0.0
2026-06-12 18:57:06,6eee9536,6624e12,D0_Baseline,DET2_KS,A0_None,17,N/D,15,0.2215,0.0,0.0,0.0
2026-06-12 18:57:12,ba3a2f4d,6624e12,D0_Baseline,DET2_KS,A0_None,18,N/D,15,0.2215,0.0,0.0,0.0
2026-06-12 18:57:18,250163e9,6624e12,D0_Baseline,DET2_KS,A0_None,19,N/D,15,0.2215,0.0,0.0,0.0
2026-06-12 18:57:23,d61d35ac,6624e12,D0_Baseline,DET2_KS,A0_None,20,N/D,15,0.2215,0.0,0.0,0.0
2026-06-12 18:57:29,df3c3444,6624e12,D0_Baseline,DET2_KS,A0_None,21,N/D,15,0.2215,0.0,0.0,0.0
2026-06-12 18:57:35,50ff5488,6624e12,D0_Baseline,DET2_KS,A0_None,22,N/D,15,0.2215,0.0,0.0,0.0
2026-06-12 18:57:40,dca76743,6624e12,D0_Baseline,DET2_KS,A0_None,23,N/D,15,0.2215,0.0,0.0,0.0
2026-06-12 18:57:46,e045b8aa,6624e12,D0_Baseline,DET2_KS,A0_None,24,N/D,15,0.2215,0.0,0.0,0.0
2026-06-12 18:57:52,0a89eec6,6624e12,D0_Baseline,DET2_KS,A0_None,25,N/D,15,0.2215,0.0,0.0,0.0
2026-06-12 18:57:57,c4065120,6624e12,D0_Baseline,DET2_KS,A0_None,26,N/D,15,0.2215,0.0,0.0,0.0
2026-06-12 18:58:03,9508b7e9,6624e12,D0_Baseline,DET2_KS,A0_None,27,N/D,15,0.2215,0.0,0.0,0.0
2026-06-12 18:58:09,fd3a88f8,6624e12,D0_Baseline,DET2_KS,A0_None,28,N/D,15,0.2215,0.0,0.0,0.0
2026-06-12 18:58:14,1c379e16,6624e12,D0_Baseline,DET2_KS,A0_None,29,N/D,15,0.2215,0.0,0.0,0.0
2026-06-12 18:58:20,ab1b21f5,6624e12,D0_Baseline,DET2_KS,A0_None,30,N/D,15,0.2215,0.0,0.0,0.0
2026-06-12 18:58:26,1e25ed1e,6624e12,D0_Baseline,DET2_KS,A1_Global,1,N/D,15,0.2215,0.0,0.0,0.0
2026-06-12 18:58:32,e133d9bf,6624e12,D0_Baseline,DET2_KS,A1_Global,2,N/D,15,0.2215,0.0,0.0,0.0
2026-06-12 18:58:37,de292f7f,6624e12,D0_Baseline,DET2_KS,A1_Global,3,N/D,15,0.2215,0.0,0.0,0.0
2026-06-12 18:58:43,66aee0db,6624e12,D0_Baseline,DET2_KS,A1_Global,4,N/D,15,0.2215,0.0,0.0,0.0
2026-06-12 18:58:49,86f70bfe,6624e12,D0_Baseline,DET2_KS,A1_Global,5,N/D,15,0.2215,0.0,0.0,0.0
2026-06-12 18:58:54,a19b80ac,6624e12,D0_Baseline,DET2_KS,A1_Global,6,N/D,15,0.2215,0.0,0.0,0.0
2026-06-12 18:59:00,1825e6c8,6624e12,D0_Baseline,DET2_KS,A1_Global,7,N/D,15,0.2215,0.0,0.0,0.0
2026-06-12 18:59:06,ddddbc25,6624e12,D0_Baseline,DET2_KS,A1_Global,8,N/D,15,0.2215,0.0,0.0,0.0
2026-06-12 18:59:12,33050cc6,6624e12,D0_Baseline,DET2_KS,A1_Global,9,N/D,15,0.2215,0.0,0.0,0.0
2026-06-12 18:59:17,a0e62ba5,6624e12,D0_Baseline,DET2_KS,A1_Global,10,N/D,15,0.2215,0.0,0.0,0.0
2026-06-12 18:59:23,aa333883,6624e12,D0_Baseline,DET2_KS,A1_Global,11,N/D,15,0.2215,0.0,0.0,0.0
2026-06-12 18:59:29,4fa158fa,6624e12,D0_Baseline,DET2_KS,A1_Global,12,N/D,15,0.2215,0.0,0.0,0.0
2026-06-12 18:59:34,ce23652a,6624e12,D0_Baseline,DET2_KS,A1_Global,13,N/D,15,0.2215,0.0,0.0,0.0
2026-06-12 18:59:40,52bc8ce0,6624e12,D0_Baseline,DET2_KS,A1_Global,14,N/D,15,0.2215,0.0,0.0,0.0
2026-06-12 18:59:46,65ad7ae7,6624e12,D0_Baseline,DET2_KS,A1_Global,15,N/D,15,0.2215,0.0,0.0,0.0
2026-06-12 18:59:52,ee46a329,6624e12,D0_Baseline,DET2_KS,A1_Global,16,N/D,15,0.2215,0.0,0.0,0.0
2026-06-12 18:59:58,c33dd5e7,6624e12,D0_Baseline,DET2_KS,A1_Global,17,N/D,15,0.2215,0.0,0.0,0.0
2026-06-12 19:00:03,85d08d89,6624e12,D0_Baseline,DET2_KS,A1_Global,18,N/D,15,0.2215,0.0,0.0,0.0
2026-06-12 19:00:09,5ec12296,6624e12,D0_Baseline,DET2_KS,A1_Global,19,N/D,15,0.2215,0.0,0.0,0.0
2026-06-12 19:00:15,d88be569,6624e12,D0_Baseline,DET2_KS,A1_Global,20,N/D,15,0.2215,0.0,0.0,0.0
2026-06-12 19:00:21,226f71ed,6624e12,D0_Baseline,DET2_KS,A1_Global,21,N/D,15,0.2215,0.0,0.0,0.0
2026-06-12 19:00:27,916d5fad,6624e12,D0_Baseline,DET2_KS,A1_Global,22,N/D,15,0.2215,0.0,0.0,0.0
2026-06-12 19:00:33,5ac4e657,6624e12,D0_Baseline,DET2_KS,A1_Global,23,N/D,15,0.2215,0.0,0.0,0.0
2026-06-12 19:00:38,a1f74396,6624e12,D0_Baseline,DET2_KS,A1_Global,24,N/D,15,0.2215,0.0,0.0,0.0
2026-06-12 19:00:44,5a0691fd,6624e12,D0_Baseline,DET2_KS,A1_Global,25,N/D,15,0.2215,0.0,0.0,0.0
2026-06-12 19:00:50,8683663c,6624e12,D0_Baseline,DET2_KS,A1_Global,26,N/D,15,0.2215,0.0,0.0,0.0
2026-06-12 19:00:56,8284f79a,6624e12,D0_Baseline,DET2_KS,A1_Global,27,N/D,15,0.2215,0.0,0.0,0.0
2026-06-12 19:01:02,2c07cf5f,6624e12,D0_Baseline,DET2_KS,A1_Global,28,N/D,15,0.2215,0.0,0.0,0.0
2026-06-12 19:01:08,8585eaeb,6624e12,D0_Baseline,DET2_KS,A1_Global,29,N/D,15,0.2215,0.0,0.0,0.0
2026-06-12 19:01:14,670347db,6624e12,D0_Baseline,DET2_KS,A1_Global,30,N/D,15,0.2215,0.0,0.0,0.0
2026-06-12 19:01:19,c0f94a94,6624e12,D0_Baseline,DET2_KS,A2_Incremental,1,N/D,15,0.2215,0.0,0.0,0.0
2026-06-12 19:01:26,cbdf7e12,6624e12,D0_Baseline,DET2_KS,A2_Incremental,2,N/D,15,0.2215,0.0,0.0,0.0
2026-06-12 19:01:31,8977d040,6624e12,D0_Baseline,DET2_KS,A2_Incremental,3,N/D,15,0.2215,0.0,0.0,0.0
2026-06-12 19:01:37,6db48ecb,6624e12,D0_Baseline,DET2_KS,A2_Incremental,4,N/D,15,0.2215,0.0,0.0,0.0
2026-06-12 19:01:43,32a5f8b7,6624e12,D0_Baseline,DET2_KS,A2_Incremental,5,N/D,15,0.2215,0.0,0.0,0.0
2026-06-12 19:01:49,d56bd4ff,6624e12,D0_Baseline,DET2_KS,A2_Incremental,6,N/D,15,0.2215,0.0,0.0,0.0
2026-06-12 19:01:55,86c404c8,6624e12,D0_Baseline,DET2_KS,A2_Incremental,7,N/D,15,0.2215,0.0,0.0,0.0
2026-06-12 19:02:01,2391a006,6624e12,D0_Baseline,DET2_KS,A2_Incremental,8,N/D,15,0.2215,0.0,0.0,0.0
2026-06-12 19:02:07,76bec0b0,6624e12,D0_Baseline,DET2_KS,A2_Incremental,9,N/D,15,0.2215,0.0,0.0,0.0
2026-06-12 19:02:12,cd8b01ae,6624e12,D0_Baseline,DET2_KS,A2_Incremental,10,N/D,15,0.2215,0.0,0.0,0.0
2026-06-12 19:02:18,d7b45e39,6624e12,D0_Baseline,DET2_KS,A2_Incremental,11,N/D,15,0.2215,0.0,0.0,0.0
2026-06-12 19:02:24,d1912cc9,6624e12,D0_Baseline,DET2_KS,A2_Incremental,12,N/D,15,0.2215,0.0,0.0,0.0
2026-06-12 19:02:30,aa86b8f0,6624e12,D0_Baseline,DET2_KS,A2_Incremental,13,N/D,15,0.2215,0.0,0.0,0.0
2026-06-12 19:02:36,8f558e98,6624e12,D0_Baseline,DET2_KS,A2_Incremental,14,N/D,15,0.2215,0.0,0.0,0.0
2026-06-12 19:02:42,2e32a139,6624e12,D0_Baseline,DET2_KS,A2_Incremental,15,N/D,15,0.2215,0.0,0.0,0.0
2026-06-12 19:02:47,5e25fd2a,6624e12,D0_Baseline,DET2_KS,A2_Incremental,16,N/D,15,0.2215,0.0,0.0,0.0
2026-06-12 19:02:53,d6b37b22,6624e12,D0_Baseline,DET2_KS,A2_Incremental,17,N/D,15,0.2215,0.0,0.0,0.0
2026-06-12 19:02:59,262cbb57,6624e12,D0_Baseline,DET2_KS,A2_Incremental,18,N/D,15,0.2215,0.0,0.0,0.0
2026-06-12 19:03:05,146e1d30,6624e12,D0_Baseline,DET2_KS,A2_Incremental,19,N/D,15,0.2215,0.0,0.0,0.0
2026-06-12 19:03:11,5c857ae3,6624e12,D0_Baseline,DET2_KS,A2_Incremental,20,N/D,15,0.2215,0.0,0.0,0.0
2026-06-12 19:03:17,f68084b9,6624e12,D0_Baseline,DET2_KS,A2_Incremental,21,N/D,15,0.2215,0.0,0.0,0.0
2026-06-12 19:03:22,936f666e,6624e12,D0_Baseline,DET2_KS,A2_Incremental,22,N/D,15,0.2215,0.0,0.0,0.0
2026-06-12 19:03:28,ffca927a,6624e12,D0_Baseline,DET2_KS,A2_Incremental,23,N/D,15,0.2215,0.0,0.0,0.0
2026-06-12 19:03:34,998525f1,6624e12,D0_Baseline,DET2_KS,A2_Incremental,24,N/D,15,0.2215,0.0,0.0,0.0
2026-06-12 19:03:40,401bd80f,6624e12,D0_Baseline,DET2_KS,A2_Incremental,25,N/D,15,0.2215,0.0,0.0,0.0
2026-06-12 19:03:46,6223ebeb,6624e12,D0_Baseline,DET2_KS,A2_Incremental,26,N/D,15,0.2215,0.0,0.0,0.0
2026-06-12 19:03:52,71fb8783,6624e12,D0_Baseline,DET2_KS,A2_Incremental,27,N/D,15,0.2215,0.0,0.0,0.0
2026-06-12 19:03:58,c571f9e5,6624e12,D0_Baseline,DET2_KS,A2_Incremental,28,N/D,15,0.2215,0.0,0.0,0.0
2026-06-12 19:04:03,9b3bdde0,6624e12,D0_Baseline,DET2_KS,A2_Incremental,29,N/D,15,0.2215,0.0,0.0,0.0
2026-06-12 19:04:09,89f49f2b,6624e12,D0_Baseline,DET2_KS,A2_Incremental,30,N/D,15,0.2215,0.0,0.0,0.0
2026-06-12 19:04:10,257f3741,6624e12,D0_Baseline,DET3_ADWIN,A0_None,1,N/D,2,0.0295,0.0,0.0,0.0
2026-06-12 19:04:10,0a51c3cc,6624e12,D0_Baseline,DET3_ADWIN,A0_None,2,N/D,2,0.0295,0.0,0.0,0.0
2026-06-12 19:04:11,438a366e,6624e12,D0_Baseline,DET3_ADWIN,A0_None,3,N/D,2,0.0295,0.0,0.0,0.0
2026-06-12 19:04:12,815896f5,6624e12,D0_Baseline,DET3_ADWIN,A0_None,4,N/D,2,0.0295,0.0,0.0,0.0
2026-06-12 19:04:12,d456c811,6624e12,D0_Baseline,DET3_ADWIN,A0_None,5,N/D,2,0.0295,0.0,0.0,0.0
2026-06-12 19:04:13,da27a6bf,6624e12,D0_Baseline,DET3_ADWIN,A0_None,6,N/D,2,0.0295,0.0,0.0,0.0
2026-06-12 19:04:14,0e721bfd,6624e12,D0_Baseline,DET3_ADWIN,A0_None,7,N/D,2,0.0295,0.0,0.0,0.0
2026-06-12 19:04:14,83ba4503,6624e12,D0_Baseline,DET3_ADWIN,A0_None,8,N/D,2,0.0295,0.0,0.0,0.0
2026-06-12 19:04:15,8b06642a,6624e12,D0_Baseline,DET3_ADWIN,A0_None,9,N/D,2,0.0295,0.0,0.0,0.0
2026-06-12 19:04:15,d2e26f46,6624e12,D0_Baseline,DET3_ADWIN,A0_None,10,N/D,2,0.0295,0.0,0.0,0.0
2026-06-12 19:04:16,b97a8ff9,6624e12,D0_Baseline,DET3_ADWIN,A0_None,11,N/D,2,0.0295,0.0,0.0,0.0
2026-06-12 19:04:17,39b69185,6624e12,D0_Baseline,DET3_ADWIN,A0_None,12,N/D,2,0.0295,0.0,0.0,0.0
2026-06-12 19:04:17,0b7d0ff6,6624e12,D0_Baseline,DET3_ADWIN,A0_None,13,N/D,2,0.0295,0.0,0.0,0.0
2026-06-12 19:04:18,7ca43725,6624e12,D0_Baseline,DET3_ADWIN,A0_None,14,N/D,2,0.0295,0.0,0.0,0.0
2026-06-12 19:04:19,7c20b51d,6624e12,D0_Baseline,DET3_ADWIN,A0_None,15,N/D,2,0.0295,0.0,0.0,0.0
2026-06-12 19:04:19,69013062,6624e12,D0_Baseline,DET3_ADWIN,A0_None,16,N/D,2,0.0295,0.0,0.0,0.0
2026-06-12 19:04:20,9398c048,6624e12,D0_Baseline,DET3_ADWIN,A0_None,17,N/D,2,0.0295,0.0,0.0,0.0
2026-06-12 19:04:20,13fadeb1,6624e12,D0_Baseline,DET3_ADWIN,A0_None,18,N/D,2,0.0295,0.0,0.0,0.0
2026-06-12 19:04:21,89b55852,6624e12,D0_Baseline,DET3_ADWIN,A0_None,19,N/D,2,0.0295,0.0,0.0,0.0
2026-06-12 19:04:22,7876a1d6,6624e12,D0_Baseline,DET3_ADWIN,A0_None,20,N/D,2,0.0295,0.0,0.0,0.0
2026-06-12 19:04:22,196daf63,6624e12,D0_Baseline,DET3_ADWIN,A0_None,21,N/D,2,0.0295,0.0,0.0,0.0
2026-06-12 19:04:23,84e00a8b,6624e12,D0_Baseline,DET3_ADWIN,A0_None,22,N/D,2,0.0295,0.0,0.0,0.0
2026-06-12 19:04:24,bb4b83e8,6624e12,D0_Baseline,DET3_ADWIN,A0_None,23,N/D,2,0.0295,0.0,0.0,0.0
2026-06-12 19:04:24,a585efc1,6624e12,D0_Baseline,DET3_ADWIN,A0_None,24,N/D,2,0.0295,0.0,0.0,0.0
2026-06-12 19:04:25,1523e519,6624e12,D0_Baseline,DET3_ADWIN,A0_None,25,N/D,2,0.0295,0.0,0.0,0.0
2026-06-12 19:04:25,1158cac5,6624e12,D0_Baseline,DET3_ADWIN,A0_None,26,N/D,2,0.0295,0.0,0.0,0.0
2026-06-12 19:04:26,b292896d,6624e12,D0_Baseline,DET3_ADWIN,A0_None,27,N/D,2,0.0295,0.0,0.0,0.0
2026-06-12 19:04:27,e20ba978,6624e12,D0_Baseline,DET3_ADWIN,A0_None,28,N/D,2,0.0295,0.0,0.0,0.0
2026-06-12 19:04:27,0ac240c7,6624e12,D0_Baseline,DET3_ADWIN,A0_None,29,N/D,2,0.0295,0.0,0.0,0.0
2026-06-12 19:04:28,097bfed9,6624e12,D0_Baseline,DET3_ADWIN,A0_None,30,N/D,2,0.0295,0.0,0.0,0.0
2026-06-12 19:04:28,baf83fb5,6624e12,D0_Baseline,DET3_ADWIN,A1_Global,1,N/D,2,0.0295,0.0,0.0,0.0
2026-06-12 19:04:29,1c6ce3c1,6624e12,D0_Baseline,DET3_ADWIN,A1_Global,2,N/D,2,0.0295,0.0,0.0,0.0
2026-06-12 19:04:30,779ac8b0,6624e12,D0_Baseline,DET3_ADWIN,A1_Global,3,N/D,2,0.0295,0.0,0.0,0.0
2026-06-12 19:04:30,e7729707,6624e12,D0_Baseline,DET3_ADWIN,A1_Global,4,N/D,2,0.0295,0.0,0.0,0.0
2026-06-12 19:04:31,2e20f724,6624e12,D0_Baseline,DET3_ADWIN,A1_Global,5,N/D,2,0.0295,0.0,0.0,0.0
2026-06-12 19:04:32,78956181,6624e12,D0_Baseline,DET3_ADWIN,A1_Global,6,N/D,2,0.0295,0.0,0.0,0.0
2026-06-12 19:04:32,028e0345,6624e12,D0_Baseline,DET3_ADWIN,A1_Global,7,N/D,2,0.0295,0.0,0.0,0.0
2026-06-12 19:04:33,a9dae409,6624e12,D0_Baseline,DET3_ADWIN,A1_Global,8,N/D,2,0.0295,0.0,0.0,0.0
2026-06-12 19:04:33,c6b2f9bc,6624e12,D0_Baseline,DET3_ADWIN,A1_Global,9,N/D,2,0.0295,0.0,0.0,0.0
2026-06-12 19:04:34,55a549f2,6624e12,D0_Baseline,DET3_ADWIN,A1_Global,10,N/D,2,0.0295,0.0,0.0,0.0
2026-06-12 19:04:35,9bc59412,6624e12,D0_Baseline,DET3_ADWIN,A1_Global,11,N/D,2,0.0295,0.0,0.0,0.0
2026-06-12 19:04:35,b889f603,6624e12,D0_Baseline,DET3_ADWIN,A1_Global,12,N/D,2,0.0295,0.0,0.0,0.0
2026-06-12 19:04:36,1fdcfdba,6624e12,D0_Baseline,DET3_ADWIN,A1_Global,13,N/D,2,0.0295,0.0,0.0,0.0
2026-06-12 19:04:37,50de99de,6624e12,D0_Baseline,DET3_ADWIN,A1_Global,14,N/D,2,0.0295,0.0,0.0,0.0
2026-06-12 19:04:37,e9526670,6624e12,D0_Baseline,DET3_ADWIN,A1_Global,15,N/D,2,0.0295,0.0,0.0,0.0
2026-06-12 19:04:38,ace8dfe8,6624e12,D0_Baseline,DET3_ADWIN,A1_Global,16,N/D,2,0.0295,0.0,0.0,0.0
2026-06-12 19:04:39,8a055903,6624e12,D0_Baseline,DET3_ADWIN,A1_Global,17,N/D,2,0.0295,0.0,0.0,0.0
2026-06-12 19:04:39,86d29674,6624e12,D0_Baseline,DET3_ADWIN,A1_Global,18,N/D,2,0.0295,0.0,0.0,0.0
2026-06-12 19:04:40,2558fb12,6624e12,D0_Baseline,DET3_ADWIN,A1_Global,19,N/D,2,0.0295,0.0,0.0,0.0
2026-06-12 19:04:40,c7fd2c5f,6624e12,D0_Baseline,DET3_ADWIN,A1_Global,20,N/D,2,0.0295,0.0,0.0,0.0
2026-06-12 19:04:41,c9e6ed61,6624e12,D0_Baseline,DET3_ADWIN,A1_Global,21,N/D,2,0.0295,0.0,0.0,0.0
2026-06-12 19:04:42,b587df60,6624e12,D0_Baseline,DET3_ADWIN,A1_Global,22,N/D,2,0.0295,0.0,0.0,0.0
2026-06-12 19:04:42,a2e8afd2,6624e12,D0_Baseline,DET3_ADWIN,A1_Global,23,N/D,2,0.0295,0.0,0.0,0.0
2026-06-12 19:04:43,895350b5,6624e12,D0_Baseline,DET3_ADWIN,A1_Global,24,N/D,2,0.0295,0.0,0.0,0.0
2026-06-12 19:04:44,0b255023,6624e12,D0_Baseline,DET3_ADWIN,A1_Global,25,N/D,2,0.0295,0.0,0.0,0.0
2026-06-12 19:04:44,7308a2c6,6624e12,D0_Baseline,DET3_ADWIN,A1_Global,26,N/D,2,0.0295,0.0,0.0,0.0
2026-06-12 19:04:45,9cc01d25,6624e12,D0_Baseline,DET3_ADWIN,A1_Global,27,N/D,2,0.0295,0.0,0.0,0.0
2026-06-12 19:04:45,06ce51d8,6624e12,D0_Baseline,DET3_ADWIN,A1_Global,28,N/D,2,0.0295,0.0,0.0,0.0
2026-06-12 19:04:46,1522c50a,6624e12,D0_Baseline,DET3_ADWIN,A1_Global,29,N/D,2,0.0295,0.0,0.0,0.0
2026-06-12 19:04:47,39936cd1,6624e12,D0_Baseline,DET3_ADWIN,A1_Global,30,N/D,2,0.0295,0.0,0.0,0.0
2026-06-12 19:04:47,3d50af7e,6624e12,D0_Baseline,DET3_ADWIN,A2_Incremental,1,N/D,2,0.0295,0.0,0.0,0.0
2026-06-12 19:04:48,1c478d55,6624e12,D0_Baseline,DET3_ADWIN,A2_Incremental,2,N/D,2,0.0295,0.0,0.0,0.0
2026-06-12 19:04:49,a493adc5,6624e12,D0_Baseline,DET3_ADWIN,A2_Incremental,3,N/D,2,0.0295,0.0,0.0,0.0
2026-06-12 19:04:49,301d16ea,6624e12,D0_Baseline,DET3_ADWIN,A2_Incremental,4,N/D,2,0.0295,0.0,0.0,0.0
2026-06-12 19:04:50,a060fd04,6624e12,D0_Baseline,DET3_ADWIN,A2_Incremental,5,N/D,2,0.0295,0.0,0.0,0.0
2026-06-12 19:04:50,23ea57da,6624e12,D0_Baseline,DET3_ADWIN,A2_Incremental,6,N/D,2,0.0295,0.0,0.0,0.0
2026-06-12 19:04:51,987203a8,6624e12,D0_Baseline,DET3_ADWIN,A2_Incremental,7,N/D,2,0.0295,0.0,0.0,0.0
2026-06-12 19:04:52,f09fd20d,6624e12,D0_Baseline,DET3_ADWIN,A2_Incremental,8,N/D,2,0.0295,0.0,0.0,0.0
2026-06-12 19:04:52,875125a5,6624e12,D0_Baseline,DET3_ADWIN,A2_Incremental,9,N/D,2,0.0295,0.0,0.0,0.0
2026-06-12 19:04:53,c6cddcb7,6624e12,D0_Baseline,DET3_ADWIN,A2_Incremental,10,N/D,2,0.0295,0.0,0.0,0.0
2026-06-12 19:04:54,fc235fd9,6624e12,D0_Baseline,DET3_ADWIN,A2_Incremental,11,N/D,2,0.0295,0.0,0.0,0.0
2026-06-12 19:04:54,ba89baa0,6624e12,D0_Baseline,DET3_ADWIN,A2_Incremental,12,N/D,2,0.0295,0.0,0.0,0.0
2026-06-12 19:04:55,55912efc,6624e12,D0_Baseline,DET3_ADWIN,A2_Incremental,13,N/D,2,0.0295,0.0,0.0,0.0
2026-06-12 19:04:55,349783d8,6624e12,D0_Baseline,DET3_ADWIN,A2_Incremental,14,N/D,2,0.0295,0.0,0.0,0.0
2026-06-12 19:04:56,870d7342,6624e12,D0_Baseline,DET3_ADWIN,A2_Incremental,15,N/D,2,0.0295,0.0,0.0,0.0
2026-06-12 19:04:57,1f809f33,6624e12,D0_Baseline,DET3_ADWIN,A2_Incremental,16,N/D,2,0.0295,0.0,0.0,0.0
2026-06-12 19:04:57,a03a2926,6624e12,D0_Baseline,DET3_ADWIN,A2_Incremental,17,N/D,2,0.0295,0.0,0.0,0.0
2026-06-12 19:04:58,4d9c28ca,6624e12,D0_Baseline,DET3_ADWIN,A2_Incremental,18,N/D,2,0.0295,0.0,0.0,0.0
2026-06-12 19:04:59,f92ccfe8,6624e12,D0_Baseline,DET3_ADWIN,A2_Incremental,19,N/D,2,0.0295,0.0,0.0,0.0
2026-06-12 19:04:59,c31951e9,6624e12,D0_Baseline,DET3_ADWIN,A2_Incremental,20,N/D,2,0.0295,0.0,0.0,0.0
2026-06-12 19:05:00,60db271e,6624e12,D0_Baseline,DET3_ADWIN,A2_Incremental,21,N/D,2,0.0295,0.0,0.0,0.0
2026-06-12 19:05:00,ef96bd4b,6624e12,D0_Baseline,DET3_ADWIN,A2_Incremental,22,N/D,2,0.0295,0.0,0.0,0.0
2026-06-12 19:05:01,cbdf5294,6624e12,D0_Baseline,DET3_ADWIN,A2_Incremental,23,N/D,2,0.0295,0.0,0.0,0.0
2026-06-12 19:05:02,65cae0c7,6624e12,D0_Baseline,DET3_ADWIN,A2_Incremental,24,N/D,2,0.0295,0.0,0.0,0.0
2026-06-12 19:05:02,181fc3e8,6624e12,D0_Baseline,DET3_ADWIN,A2_Incremental,25,N/D,2,0.0295,0.0,0.0,0.0
2026-06-12 19:05:03,a55c27f7,6624e12,D0_Baseline,DET3_ADWIN,A2_Incremental,26,N/D,2,0.0295,0.0,0.0,0.0
2026-06-12 19:05:04,2fe3055c,6624e12,D0_Baseline,DET3_ADWIN,A2_Incremental,27,N/D,2,0.0295,0.0,0.0,0.0
2026-06-12 19:05:04,1b320ffd,6624e12,D0_Baseline,DET3_ADWIN,A2_Incremental,28,N/D,2,0.0295,0.0,0.0,0.0
2026-06-12 19:05:05,8636cdb5,6624e12,D0_Baseline,DET3_ADWIN,A2_Incremental,29,N/D,2,0.0295,0.0,0.0,0.0
2026-06-12 19:05:05,b2a920e3,6624e12,D0_Baseline,DET3_ADWIN,A2_Incremental,30,N/D,2,0.0295,0.0,0.0,0.0
2026-06-12 19:05:05,cfefe2d2,6624e12,D1_IR_Ligeira_7mil,DET0_None,A0_None,1,N/D,0,0.0,0.0,0.0,0.0
2026-06-12 19:05:05,0fc12c2c,6624e12,D1_IR_Ligeira_7mil,DET0_None,A0_None,2,N/D,0,0.0,0.0,0.0,0.0
2026-06-12 19:05:05,c18a5abc,6624e12,D1_IR_Ligeira_7mil,DET0_None,A0_None,3,N/D,0,0.0,0.0,0.0,0.0
2026-06-12 19:05:05,611d295a,6624e12,D1_IR_Ligeira_7mil,DET0_None,A0_None,4,N/D,0,0.0,0.0,0.0,0.0
2026-06-12 19:05:05,7358551b,6624e12,D1_IR_Ligeira_7mil,DET0_None,A0_None,5,N/D,0,0.0,0.0,0.0,0.0
2026-06-12 19:05:05,af9cf557,6624e12,D1_IR_Ligeira_7mil,DET0_None,A0_None,6,N/D,0,0.0,0.0,0.0,0.0
2026-06-12 19:05:05,8b05bfb2,6624e12,D1_IR_Ligeira_7mil,DET0_None,A0_None,7,N/D,0,0.0,0.0,0.0,0.0
2026-06-12 19:05:05,51e1bc0a,6624e12,D1_IR_Ligeira_7mil,DET0_None,A0_None,8,N/D,0,0.0,0.0,0.0,0.0
2026-06-12 19:05:05,08982447,6624e12,D1_IR_Ligeira_7mil,DET0_None,A0_None,9,N/D,0,0.0,0.0,0.0,0.0
2026-06-12 19:05:05,3ab08b72,6624e12,D1_IR_Ligeira_7mil,DET0_None,A0_None,10,N/D,0,0.0,0.0,0.0,0.0
2026-06-12 19:05:05,37fb8940,6624e12,D1_IR_Ligeira_7mil,DET0_None,A0_None,11,N/D,0,0.0,0.0,0.0,0.0
2026-06-12 19:05:05,45f055fc,6624e12,D1_IR_Ligeira_7mil,DET0_None,A0_None,12,N/D,0,0.0,0.0,0.0,0.0
2026-06-12 19:05:05,07cf9f34,6624e12,D1_IR_Ligeira_7mil,DET0_None,A0_None,13,N/D,0,0.0,0.0,0.0,0.0
2026-06-12 19:05:05,0e9cb42d,6624e12,D1_IR_Ligeira_7mil,DET0_None,A0_None,14,N/D,0,0.0,0.0,0.0,0.0
2026-06-12 19:05:05,8e230d77,6624e12,D1_IR_Ligeira_7mil,DET0_None,A0_None,15,N/D,0,0.0,0.0,0.0,0.0
2026-06-12 19:05:05,651addae,6624e12,D1_IR_Ligeira_7mil,DET0_None,A0_None,16,N/D,0,0.0,0.0,0.0,0.0
2026-06-12 19:05:05,be156cb0,6624e12,D1_IR_Ligeira_7mil,DET0_None,A0_None,17,N/D,0,0.0,0.0,0.0,0.0
2026-06-12 19:05:05,d1c26465,6624e12,D1_IR_Ligeira_7mil,DET0_None,A0_None,18,N/D,0,0.0,0.0,0.0,0.0
2026-06-12 19:05:05,64ea09d4,6624e12,D1_IR_Ligeira_7mil,DET0_None,A0_None,19,N/D,0,0.0,0.0,0.0,0.0
2026-06-12 19:05:05,3b7788f1,6624e12,D1_IR_Ligeira_7mil,DET0_None,A0_None,20,N/D,0,0.0,0.0,0.0,0.0
2026-06-12 19:05:05,018b94aa,6624e12,D1_IR_Ligeira_7mil,DET0_None,A0_None,21,N/D,0,0.0,0.0,0.0,0.0
2026-06-12 19:05:05,faff1501,6624e12,D1_IR_Ligeira_7mil,DET0_None,A0_None,22,N/D,0,0.0,0.0,0.0,0.0
2026-06-12 19:05:05,599ac90e,6624e12,D1_IR_Ligeira_7mil,DET0_None,A0_None,23,N/D,0,0.0,0.0,0.0,0.0
2026-06-12 19:05:05,f6376488,6624e12,D1_IR_Ligeira_7mil,DET0_None,A0_None,24,N/D,0,0.0,0.0,0.0,0.0
2026-06-12 19:05:05,4f772bf2,6624e12,D1_IR_Ligeira_7mil,DET0_None,A0_None,25,N/D,0,0.0,0.0,0.0,0.0
2026-06-12 19:05:05,a4ee2490,6624e12,D1_IR_Ligeira_7mil,DET0_None,A0_None,26,N/D,0,0.0,0.0,0.0,0.0
2026-06-12 19:05:05,86882d0a,6624e12,D1_IR_Ligeira_7mil,DET0_None,A0_None,27,N/D,0,0.0,0.0,0.0,0.0
2026-06-12 19:05:05,8c04d787,6624e12,D1_IR_Ligeira_7mil,DET0_None,A0_None,28,N/D,0,0.0,0.0,0.0,0.0
2026-06-12 19:05:05,47816952,6624e12,D1_IR_Ligeira_7mil,DET0_None,A0_None,29,N/D,0,0.0,0.0,0.0,0.0
2026-06-12 19:05:05,19ce731e,6624e12,D1_IR_Ligeira_7mil,DET0_None,A0_None,30,N/D,0,0.0,0.0,0.0,0.0
2026-06-12 19:05:07,e3ace39b,6624e12,D1_IR_Ligeira_7mil,DET1_OCSVM,A0_None,1,9,0,0.0,0.0,0.0,0.0
2026-06-12 19:05:08,b338eed5,6624e12,D1_IR_Ligeira_7mil,DET1_OCSVM,A0_None,2,9,0,0.0,0.0,0.0,0.0
2026-06-12 19:05:10,108dbab2,6624e12,D1_IR_Ligeira_7mil,DET1_OCSVM,A0_None,3,9,0,0.0,0.0,0.0,0.0
2026-06-12 19:05:12,de269c2f,6624e12,D1_IR_Ligeira_7mil,DET1_OCSVM,A0_None,4,9,0,0.0,0.0,0.0,0.0
2026-06-12 19:05:13,2fa6e4f1,6624e12,D1_IR_Ligeira_7mil,DET1_OCSVM,A0_None,5,9,0,0.0,0.0,0.0,0.0
2026-06-12 19:05:14,7fc294ee,6624e12,D1_IR_Ligeira_7mil,DET1_OCSVM,A0_None,6,9,0,0.0,0.0,0.0,0.0
2026-06-12 19:05:16,5f89e3fc,6624e12,D1_IR_Ligeira_7mil,DET1_OCSVM,A0_None,7,9,0,0.0,0.0,0.0,0.0
2026-06-12 19:05:17,b4637e69,6624e12,D1_IR_Ligeira_7mil,DET1_OCSVM,A0_None,8,9,0,0.0,0.0,0.0,0.0
2026-06-12 19:05:19,370be905,6624e12,D1_IR_Ligeira_7mil,DET1_OCSVM,A0_None,9,9,0,0.0,0.0,0.0,0.0
2026-06-12 19:05:20,cdd46319,6624e12,D1_IR_Ligeira_7mil,DET1_OCSVM,A0_None,10,9,0,0.0,0.0,0.0,0.0
2026-06-12 19:05:22,6dccc33c,6624e12,D1_IR_Ligeira_7mil,DET1_OCSVM,A0_None,11,9,0,0.0,0.0,0.0,0.0
2026-06-12 19:05:23,35589484,6624e12,D1_IR_Ligeira_7mil,DET1_OCSVM,A0_None,12,9,0,0.0,0.0,0.0,0.0
2026-06-12 19:05:25,d4e21a8b,6624e12,D1_IR_Ligeira_7mil,DET1_OCSVM,A0_None,13,9,0,0.0,0.0,0.0,0.0
2026-06-12 19:05:26,e4451d04,6624e12,D1_IR_Ligeira_7mil,DET1_OCSVM,A0_None,14,9,0,0.0,0.0,0.0,0.0
2026-06-12 19:05:27,a7cb701e,6624e12,D1_IR_Ligeira_7mil,DET1_OCSVM,A0_None,15,9,0,0.0,0.0,0.0,0.0
2026-06-12 19:05:29,e5992639,6624e12,D1_IR_Ligeira_7mil,DET1_OCSVM,A0_None,16,9,0,0.0,0.0,0.0,0.0
2026-06-12 19:05:30,cf3af775,6624e12,D1_IR_Ligeira_7mil,DET1_OCSVM,A0_None,17,9,0,0.0,0.0,0.0,0.0
2026-06-12 19:05:32,d18df464,6624e12,D1_IR_Ligeira_7mil,DET1_OCSVM,A0_None,18,9,0,0.0,0.0,0.0,0.0
2026-06-12 19:05:33,6e67eb18,6624e12,D1_IR_Ligeira_7mil,DET1_OCSVM,A0_None,19,9,0,0.0,0.0,0.0,0.0
2026-06-12 19:05:34,add0e3fa,6624e12,D1_IR_Ligeira_7mil,DET1_OCSVM,A0_None,20,9,0,0.0,0.0,0.0,0.0
2026-06-12 19:05:36,53ef5ccd,6624e12,D1_IR_Ligeira_7mil,DET1_OCSVM,A0_None,21,9,0,0.0,0.0,0.0,0.0
2026-06-12 19:05:37,5f763707,6624e12,D1_IR_Ligeira_7mil,DET1_OCSVM,A0_None,22,9,0,0.0,0.0,0.0,0.0
2026-06-12 19:05:39,99f4f117,6624e12,D1_IR_Ligeira_7mil,DET1_OCSVM,A0_None,23,9,0,0.0,0.0,0.0,0.0
2026-06-12 19:05:40,aa69210f,6624e12,D1_IR_Ligeira_7mil,DET1_OCSVM,A0_None,24,9,0,0.0,0.0,0.0,0.0
2026-06-12 19:05:42,64163d55,6624e12,D1_IR_Ligeira_7mil,DET1_OCSVM,A0_None,25,9,0,0.0,0.0,0.0,0.0
2026-06-12 19:05:43,80779355,6624e12,D1_IR_Ligeira_7mil,DET1_OCSVM,A0_None,26,9,0,0.0,0.0,0.0,0.0
2026-06-12 19:05:44,b6080c83,6624e12,D1_IR_Ligeira_7mil,DET1_OCSVM,A0_None,27,9,0,0.0,0.0,0.0,0.0
2026-06-12 19:05:46,4a3b21c5,6624e12,D1_IR_Ligeira_7mil,DET1_OCSVM,A0_None,28,9,0,0.0,0.0,0.0,0.0
2026-06-12 19:05:47,9cdd7f2e,6624e12,D1_IR_Ligeira_7mil,DET1_OCSVM,A0_None,29,9,0,0.0,0.0,0.0,0.0
2026-06-12 19:05:49,b528a750,6624e12,D1_IR_Ligeira_7mil,DET1_OCSVM,A0_None,30,9,0,0.0,0.0,0.0,0.0
2026-06-12 19:05:50,1014a963,6624e12,D1_IR_Ligeira_7mil,DET1_OCSVM,A1_Global,1,9,0,0.0,20.822,25.0,0.1875
2026-06-12 19:05:51,14a4a666,6624e12,D1_IR_Ligeira_7mil,DET1_OCSVM,A1_Global,2,9,0,0.0,20.852,22.2,0.1875
2026-06-12 19:05:53,cb5a9303,6624e12,D1_IR_Ligeira_7mil,DET1_OCSVM,A1_Global,3,9,0,0.0,20.765,25.0,0.1875
2026-06-12 19:05:54,587cac79,6624e12,D1_IR_Ligeira_7mil,DET1_OCSVM,A1_Global,4,9,0,0.0,21.0978,22.2,0.1875
2026-06-12 19:05:56,9d98be12,6624e12,D1_IR_Ligeira_7mil,DET1_OCSVM,A1_Global,5,9,0,0.0,20.7355,22.2,0.1875
2026-06-12 19:05:57,cf99060b,6624e12,D1_IR_Ligeira_7mil,DET1_OCSVM,A1_Global,6,9,0,0.0,20.8261,25.0,0.1875
2026-06-12 19:05:59,d63f2cec,6624e12,D1_IR_Ligeira_7mil,DET1_OCSVM,A1_Global,7,9,0,0.0,20.8187,25.0,0.1875
2026-06-12 19:06:00,190a6b0c,6624e12,D1_IR_Ligeira_7mil,DET1_OCSVM,A1_Global,8,9,0,0.0,20.8355,22.2,0.1875
2026-06-12 19:06:02,6fa1b07a,6624e12,D1_IR_Ligeira_7mil,DET1_OCSVM,A1_Global,9,9,0,0.0,20.8186,25.0,0.1875
2026-06-12 19:06:03,9199a6f8,6624e12,D1_IR_Ligeira_7mil,DET1_OCSVM,A1_Global,10,9,0,0.0,20.7796,22.2,0.1875
2026-06-12 19:06:04,9828ecf2,6624e12,D1_IR_Ligeira_7mil,DET1_OCSVM,A1_Global,11,9,0,0.0,20.7906,22.2,0.1875
2026-06-12 19:06:06,e60b950a,6624e12,D1_IR_Ligeira_7mil,DET1_OCSVM,A1_Global,12,9,0,0.0,20.9036,25.0,0.1875
2026-06-12 19:06:07,3c1aa59d,6624e12,D1_IR_Ligeira_7mil,DET1_OCSVM,A1_Global,13,9,0,0.0,20.7782,33.3,0.1875
2026-06-12 19:06:09,ed642282,6624e12,D1_IR_Ligeira_7mil,DET1_OCSVM,A1_Global,14,9,0,0.0,20.8306,25.0,0.1875
2026-06-12 19:06:10,7000a90d,6624e12,D1_IR_Ligeira_7mil,DET1_OCSVM,A1_Global,15,9,0,0.0,20.7588,25.0,0.1875
2026-06-12 19:06:12,2a31c5d1,6624e12,D1_IR_Ligeira_7mil,DET1_OCSVM,A1_Global,16,9,0,0.0,20.882,25.0,0.1875
2026-06-12 19:06:13,23ffdd69,6624e12,D1_IR_Ligeira_7mil,DET1_OCSVM,A1_Global,17,9,0,0.0,20.7706,25.0,0.1875
2026-06-12 19:06:15,e6c6d2d2,6624e12,D1_IR_Ligeira_7mil,DET1_OCSVM,A1_Global,18,9,0,0.0,21.2857,40.0,0.1875
2026-06-12 19:06:16,e577c59a,6624e12,D1_IR_Ligeira_7mil,DET1_OCSVM,A1_Global,19,9,0,0.0,20.7406,33.3,0.1875
2026-06-12 19:06:17,2a95f52a,6624e12,D1_IR_Ligeira_7mil,DET1_OCSVM,A1_Global,20,9,0,0.0,20.7718,33.3,0.1875
2026-06-12 19:06:19,ad071fbe,6624e12,D1_IR_Ligeira_7mil,DET1_OCSVM,A1_Global,21,9,0,0.0,20.7316,22.2,0.1875
2026-06-12 19:06:20,08317061,6624e12,D1_IR_Ligeira_7mil,DET1_OCSVM,A1_Global,22,9,0,0.0,20.818,25.0,0.1875
2026-06-12 19:06:22,9cd48496,6624e12,D1_IR_Ligeira_7mil,DET1_OCSVM,A1_Global,23,9,0,0.0,20.8387,25.0,0.1875
2026-06-12 19:06:23,ad595e43,6624e12,D1_IR_Ligeira_7mil,DET1_OCSVM,A1_Global,24,9,0,0.0,20.8379,25.0,0.1875
2026-06-12 19:06:25,7e077c64,6624e12,D1_IR_Ligeira_7mil,DET1_OCSVM,A1_Global,25,9,0,0.0,20.8212,33.3,0.1875
2026-06-12 19:06:26,5759c9e5,6624e12,D1_IR_Ligeira_7mil,DET1_OCSVM,A1_Global,26,9,0,0.0,21.0942,33.3,0.1875
2026-06-12 19:06:27,f73e187e,6624e12,D1_IR_Ligeira_7mil,DET1_OCSVM,A1_Global,27,9,0,0.0,20.8484,25.0,0.1875
2026-06-12 19:06:29,7f5afa7f,6624e12,D1_IR_Ligeira_7mil,DET1_OCSVM,A1_Global,28,9,0,0.0,20.7765,25.0,0.1875
2026-06-12 19:06:30,d728b851,6624e12,D1_IR_Ligeira_7mil,DET1_OCSVM,A1_Global,29,9,0,0.0,20.897,37.5,0.1875
2026-06-12 19:06:32,3848be82,6624e12,D1_IR_Ligeira_7mil,DET1_OCSVM,A1_Global,30,9,0,0.0,20.6983,22.2,0.1875
2026-06-12 19:06:33,e6478d6c,6624e12,D1_IR_Ligeira_7mil,DET1_OCSVM,A2_Incremental,1,9,0,0.0,1.4652,0.0,0.0938
2026-06-12 19:06:34,0a51151f,6624e12,D1_IR_Ligeira_7mil,DET1_OCSVM,A2_Incremental,2,9,0,0.0,1.4175,100.0,0.0
2026-06-12 19:06:36,bb2464dc,6624e12,D1_IR_Ligeira_7mil,DET1_OCSVM,A2_Incremental,3,9,0,0.0,1.4091,0.0,0.0
2026-06-12 19:06:37,c42fb3c8,6624e12,D1_IR_Ligeira_7mil,DET1_OCSVM,A2_Incremental,4,9,0,0.0,1.3936,50.0,0.0
2026-06-12 19:06:39,8bf3fc0f,6624e12,D1_IR_Ligeira_7mil,DET1_OCSVM,A2_Incremental,5,9,0,0.0,1.3944,0.0,0.0
2026-06-12 19:06:40,4c7a7cd5,6624e12,D1_IR_Ligeira_7mil,DET1_OCSVM,A2_Incremental,6,9,0,0.0,1.4597,100.0,0.0
2026-06-12 19:06:41,ff111359,6624e12,D1_IR_Ligeira_7mil,DET1_OCSVM,A2_Incremental,7,9,0,0.0,1.4086,100.0,0.0
2026-06-12 19:06:43,ca6c2336,6624e12,D1_IR_Ligeira_7mil,DET1_OCSVM,A2_Incremental,8,9,0,0.0,1.3931,0.0,0.0
2026-06-12 19:06:44,999c8f1f,6624e12,D1_IR_Ligeira_7mil,DET1_OCSVM,A2_Incremental,9,9,0,0.0,1.418,0.0,0.0
2026-06-12 19:06:45,b68d55f1,6624e12,D1_IR_Ligeira_7mil,DET1_OCSVM,A2_Incremental,10,9,0,0.0,1.3482,0.0,0.0
2026-06-12 19:06:47,3c09d260,6624e12,D1_IR_Ligeira_7mil,DET1_OCSVM,A2_Incremental,11,9,0,0.0,1.4316,0.0,0.0
2026-06-12 19:06:48,f3560d45,6624e12,D1_IR_Ligeira_7mil,DET1_OCSVM,A2_Incremental,12,9,0,0.0,1.377,0.0,0.0
2026-06-12 19:06:50,2532644c,6624e12,D1_IR_Ligeira_7mil,DET1_OCSVM,A2_Incremental,13,9,0,0.0,1.4025,0.0,0.0
2026-06-12 19:06:51,d24c7173,6624e12,D1_IR_Ligeira_7mil,DET1_OCSVM,A2_Incremental,14,9,0,0.0,1.3833,0.0,0.0
2026-06-12 19:06:52,2e69be6c,6624e12,D1_IR_Ligeira_7mil,DET1_OCSVM,A2_Incremental,15,9,0,0.0,1.371,0.0,0.0
2026-06-12 19:06:54,ff490067,6624e12,D1_IR_Ligeira_7mil,DET1_OCSVM,A2_Incremental,16,9,0,0.0,1.3878,0.0,0.0
2026-06-12 19:06:55,d77e74f3,6624e12,D1_IR_Ligeira_7mil,DET1_OCSVM,A2_Incremental,17,9,0,0.0,1.8321,50.0,0.0
2026-06-12 19:06:56,ac6e5cf7,6624e12,D1_IR_Ligeira_7mil,DET1_OCSVM,A2_Incremental,18,9,0,0.0,1.3929,50.0,0.0
2026-06-12 19:06:58,603fc227,6624e12,D1_IR_Ligeira_7mil,DET1_OCSVM,A2_Incremental,19,9,0,0.0,1.4739,50.0,0.0
2026-06-12 19:06:59,90ede105,6624e12,D1_IR_Ligeira_7mil,DET1_OCSVM,A2_Incremental,20,9,0,0.0,1.3833,0.0,0.0
2026-06-12 19:07:00,e14b212d,6624e12,D1_IR_Ligeira_7mil,DET1_OCSVM,A2_Incremental,21,9,0,0.0,1.4827,0.0,0.0
2026-06-12 19:07:02,0dcc7367,6624e12,D1_IR_Ligeira_7mil,DET1_OCSVM,A2_Incremental,22,9,0,0.0,1.3523,0.0,0.0
2026-06-12 19:07:03,f45789e3,6624e12,D1_IR_Ligeira_7mil,DET1_OCSVM,A2_Incremental,23,9,0,0.0,1.3622,0.0,0.0
2026-06-12 19:07:05,f7ff7e90,6624e12,D1_IR_Ligeira_7mil,DET1_OCSVM,A2_Incremental,24,9,0,0.0,1.3538,0.0,0.0
2026-06-12 19:07:06,3b7f8de3,6624e12,D1_IR_Ligeira_7mil,DET1_OCSVM,A2_Incremental,25,9,0,0.0,1.3772,0.0,0.0
2026-06-12 19:07:07,a6f7d1ed,6624e12,D1_IR_Ligeira_7mil,DET1_OCSVM,A2_Incremental,26,9,0,0.0,1.3955,0.0,0.0
2026-06-12 19:07:09,075a92e6,6624e12,D1_IR_Ligeira_7mil,DET1_OCSVM,A2_Incremental,27,9,0,0.0,1.3837,0.0,0.0
2026-06-12 19:07:10,776c68bd,6624e12,D1_IR_Ligeira_7mil,DET1_OCSVM,A2_Incremental,28,9,0,0.0,1.3754,100.0,0.0
2026-06-12 19:07:11,6f34032d,6624e12,D1_IR_Ligeira_7mil,DET1_OCSVM,A2_Incremental,29,9,0,0.0,1.4235,100.0,0.0
2026-06-12 19:07:13,cd15d885,6624e12,D1_IR_Ligeira_7mil,DET1_OCSVM,A2_Incremental,30,9,0,0.0,1.4071,0.0,0.0
2026-06-12 19:07:19,2abe97e5,6624e12,D1_IR_Ligeira_7mil,DET2_KS,A0_None,1,13,15,0.2215,0.0,0.0,0.0
2026-06-12 19:07:26,61a423c2,6624e12,D1_IR_Ligeira_7mil,DET2_KS,A0_None,2,13,15,0.2215,0.0,0.0,0.0
2026-06-12 19:07:32,55fad887,6624e12,D1_IR_Ligeira_7mil,DET2_KS,A0_None,3,13,15,0.2215,0.0,0.0,0.0
2026-06-12 19:07:39,d0f1b791,6624e12,D1_IR_Ligeira_7mil,DET2_KS,A0_None,4,13,15,0.2215,0.0,0.0,0.0
2026-06-12 19:07:46,84b0b40d,6624e12,D1_IR_Ligeira_7mil,DET2_KS,A0_None,5,13,15,0.2215,0.0,0.0,0.0
2026-06-12 19:07:52,a2584c88,6624e12,D1_IR_Ligeira_7mil,DET2_KS,A0_None,6,13,15,0.2215,0.0,0.0,0.0
2026-06-12 19:07:59,43aa202d,6624e12,D1_IR_Ligeira_7mil,DET2_KS,A0_None,7,13,15,0.2215,0.0,0.0,0.0
2026-06-12 19:08:05,710fd56b,6624e12,D1_IR_Ligeira_7mil,DET2_KS,A0_None,8,13,15,0.2215,0.0,0.0,0.0
2026-06-12 19:08:12,bc6d9b0f,6624e12,D1_IR_Ligeira_7mil,DET2_KS,A0_None,9,13,15,0.2215,0.0,0.0,0.0
2026-06-12 19:08:18,f2a94731,6624e12,D1_IR_Ligeira_7mil,DET2_KS,A0_None,10,13,15,0.2215,0.0,0.0,0.0
2026-06-12 19:08:25,4b29df03,6624e12,D1_IR_Ligeira_7mil,DET2_KS,A0_None,11,13,15,0.2215,0.0,0.0,0.0
2026-06-12 19:08:31,d2e463ce,6624e12,D1_IR_Ligeira_7mil,DET2_KS,A0_None,12,13,15,0.2215,0.0,0.0,0.0
2026-06-12 19:08:38,a8a2f7bb,6624e12,D1_IR_Ligeira_7mil,DET2_KS,A0_None,13,13,15,0.2215,0.0,0.0,0.0
2026-06-12 19:08:44,b3e1009b,6624e12,D1_IR_Ligeira_7mil,DET2_KS,A0_None,14,13,15,0.2215,0.0,0.0,0.0
2026-06-12 19:08:51,6a5db65c,6624e12,D1_IR_Ligeira_7mil,DET2_KS,A0_None,15,13,15,0.2215,0.0,0.0,0.0
2026-06-12 19:08:57,6577b8c2,6624e12,D1_IR_Ligeira_7mil,DET2_KS,A0_None,16,13,15,0.2215,0.0,0.0,0.0
2026-06-12 19:09:04,95f0ceab,6624e12,D1_IR_Ligeira_7mil,DET2_KS,A0_None,17,13,15,0.2215,0.0,0.0,0.0
2026-06-12 19:09:10,cd549bd5,6624e12,D1_IR_Ligeira_7mil,DET2_KS,A0_None,18,13,15,0.2215,0.0,0.0,0.0
2026-06-12 19:09:17,e5d0873f,6624e12,D1_IR_Ligeira_7mil,DET2_KS,A0_None,19,13,15,0.2215,0.0,0.0,0.0
2026-06-12 19:09:23,39b1f944,6624e12,D1_IR_Ligeira_7mil,DET2_KS,A0_None,20,13,15,0.2215,0.0,0.0,0.0
2026-06-12 19:09:30,83b3af07,6624e12,D1_IR_Ligeira_7mil,DET2_KS,A0_None,21,13,15,0.2215,0.0,0.0,0.0
2026-06-12 19:09:36,fa522207,6624e12,D1_IR_Ligeira_7mil,DET2_KS,A0_None,22,13,15,0.2215,0.0,0.0,0.0
2026-06-12 19:09:43,152d5968,6624e12,D1_IR_Ligeira_7mil,DET2_KS,A0_None,23,13,15,0.2215,0.0,0.0,0.0
2026-06-12 19:09:49,bd5d7111,6624e12,D1_IR_Ligeira_7mil,DET2_KS,A0_None,24,13,15,0.2215,0.0,0.0,0.0
2026-06-12 19:09:56,2bd009e4,6624e12,D1_IR_Ligeira_7mil,DET2_KS,A0_None,25,13,15,0.2215,0.0,0.0,0.0
2026-06-12 19:10:02,1f2a0b8b,6624e12,D1_IR_Ligeira_7mil,DET2_KS,A0_None,26,13,15,0.2215,0.0,0.0,0.0
2026-06-12 19:10:09,9507965c,6624e12,D1_IR_Ligeira_7mil,DET2_KS,A0_None,27,13,15,0.2215,0.0,0.0,0.0
2026-06-12 19:10:15,4335d102,6624e12,D1_IR_Ligeira_7mil,DET2_KS,A0_None,28,13,15,0.2215,0.0,0.0,0.0
2026-06-12 19:10:22,f4aec648,6624e12,D1_IR_Ligeira_7mil,DET2_KS,A0_None,29,13,15,0.2215,0.0,0.0,0.0
2026-06-12 19:10:28,071c642d,6624e12,D1_IR_Ligeira_7mil,DET2_KS,A0_None,30,13,15,0.2215,0.0,0.0,0.0
2026-06-12 19:10:35,1fc7d219,6624e12,D1_IR_Ligeira_7mil,DET2_KS,A1_Global,1,13,15,0.2215,20.8135,25.0,0.1875
2026-06-12 19:10:42,5706a549,6624e12,D1_IR_Ligeira_7mil,DET2_KS,A1_Global,2,13,15,0.2215,20.8942,22.2,0.1875
2026-06-12 19:10:48,52bdb0ab,6624e12,D1_IR_Ligeira_7mil,DET2_KS,A1_Global,3,13,15,0.2215,20.9334,25.0,0.1875
2026-06-12 19:10:55,dc5c0ef6,6624e12,D1_IR_Ligeira_7mil,DET2_KS,A1_Global,4,13,15,0.2215,20.9148,25.0,0.1875
2026-06-12 19:11:02,e7dc071d,6624e12,D1_IR_Ligeira_7mil,DET2_KS,A1_Global,5,13,15,0.2215,20.9276,22.2,0.1875
2026-06-12 19:11:08,b20d5cda,6624e12,D1_IR_Ligeira_7mil,DET2_KS,A1_Global,6,13,15,0.2215,20.7797,25.0,0.1875
2026-06-12 19:11:15,30a3cec8,6624e12,D1_IR_Ligeira_7mil,DET2_KS,A1_Global,7,13,15,0.2215,20.8057,22.2,0.1875
2026-06-12 19:11:22,bbe756b8,6624e12,D1_IR_Ligeira_7mil,DET2_KS,A1_Global,8,13,15,0.2215,20.8258,25.0,0.1875
2026-06-12 19:11:29,b61f6d73,6624e12,D1_IR_Ligeira_7mil,DET2_KS,A1_Global,9,13,15,0.2215,20.8394,25.0,0.1875
2026-06-12 19:11:35,d7d49302,6624e12,D1_IR_Ligeira_7mil,DET2_KS,A1_Global,10,13,15,0.2215,20.8358,25.0,0.1875
2026-06-12 19:11:42,a730d2ac,6624e12,D1_IR_Ligeira_7mil,DET2_KS,A1_Global,11,13,15,0.2215,20.8721,25.0,0.1875
2026-06-12 19:11:49,d12ec891,6624e12,D1_IR_Ligeira_7mil,DET2_KS,A1_Global,12,13,15,0.2215,20.7824,25.0,0.1875
2026-06-12 19:11:56,3e72668a,6624e12,D1_IR_Ligeira_7mil,DET2_KS,A1_Global,13,13,15,0.2215,21.0893,25.0,0.1875
2026-06-12 19:12:02,d4bc57e8,6624e12,D1_IR_Ligeira_7mil,DET2_KS,A1_Global,14,13,15,0.2215,21.064,22.2,0.1875
2026-06-12 19:12:09,3282242a,6624e12,D1_IR_Ligeira_7mil,DET2_KS,A1_Global,15,13,15,0.2215,21.0077,22.2,0.1875
2026-06-12 19:12:16,c797aabd,6624e12,D1_IR_Ligeira_7mil,DET2_KS,A1_Global,16,13,15,0.2215,20.9124,22.2,0.1875
2026-06-12 19:12:22,c5c480e6,6624e12,D1_IR_Ligeira_7mil,DET2_KS,A1_Global,17,13,15,0.2215,20.825,25.0,0.1875
2026-06-12 19:12:29,8c56b40e,6624e12,D1_IR_Ligeira_7mil,DET2_KS,A1_Global,18,13,15,0.2215,20.8831,22.2,0.1875
2026-06-12 19:12:36,8b4a5229,6624e12,D1_IR_Ligeira_7mil,DET2_KS,A1_Global,19,13,15,0.2215,20.9716,25.0,0.1875
2026-06-12 19:12:43,888c7421,6624e12,D1_IR_Ligeira_7mil,DET2_KS,A1_Global,20,13,15,0.2215,21.2625,22.2,0.1875
2026-06-12 19:12:49,7ce1c0c1,6624e12,D1_IR_Ligeira_7mil,DET2_KS,A1_Global,21,13,15,0.2215,20.8208,33.3,0.1875
2026-06-12 19:12:56,7b7db14e,6624e12,D1_IR_Ligeira_7mil,DET2_KS,A1_Global,22,13,15,0.2215,20.8814,25.0,0.1875
2026-06-12 19:13:03,5bcb9044,6624e12,D1_IR_Ligeira_7mil,DET2_KS,A1_Global,23,13,15,0.2215,20.9005,25.0,0.1875
2026-06-12 19:13:09,0d29c494,6624e12,D1_IR_Ligeira_7mil,DET2_KS,A1_Global,24,13,15,0.2215,20.908,25.0,0.1875
2026-06-12 19:13:16,feae9ae6,6624e12,D1_IR_Ligeira_7mil,DET2_KS,A1_Global,25,13,15,0.2215,20.8345,25.0,0.1875
2026-06-12 19:13:23,a523d1c1,6624e12,D1_IR_Ligeira_7mil,DET2_KS,A1_Global,26,13,15,0.2215,20.8668,25.0,0.1875
2026-06-12 19:13:29,da80ba43,6624e12,D1_IR_Ligeira_7mil,DET2_KS,A1_Global,27,13,15,0.2215,20.8691,25.0,0.1875
2026-06-12 19:13:36,47df5484,6624e12,D1_IR_Ligeira_7mil,DET2_KS,A1_Global,28,13,15,0.2215,20.9458,25.0,0.1875
2026-06-12 19:13:43,fce35a51,6624e12,D1_IR_Ligeira_7mil,DET2_KS,A1_Global,29,13,15,0.2215,20.9032,22.2,0.1875
2026-06-12 19:13:50,88fa0a71,6624e12,D1_IR_Ligeira_7mil,DET2_KS,A1_Global,30,13,15,0.2215,20.8923,25.0,0.1875
2026-06-12 19:13:56,4c03c0f3,6624e12,D1_IR_Ligeira_7mil,DET2_KS,A2_Incremental,1,13,15,0.2215,1.337,0.0,0.0
2026-06-12 19:14:03,66276578,6624e12,D1_IR_Ligeira_7mil,DET2_KS,A2_Incremental,2,13,15,0.2215,1.3435,0.0,0.0
2026-06-12 19:14:10,3baaf58e,6624e12,D1_IR_Ligeira_7mil,DET2_KS,A2_Incremental,3,13,15,0.2215,1.328,0.0,0.0
2026-06-12 19:14:16,662bd73c,6624e12,D1_IR_Ligeira_7mil,DET2_KS,A2_Incremental,4,13,15,0.2215,1.5435,0.0,0.0
2026-06-12 19:14:23,ef66ca45,6624e12,D1_IR_Ligeira_7mil,DET2_KS,A2_Incremental,5,13,15,0.2215,1.3511,0.0,0.0
2026-06-12 19:14:30,ccb8993f,6624e12,D1_IR_Ligeira_7mil,DET2_KS,A2_Incremental,6,13,15,0.2215,1.3152,0.0,0.0
2026-06-12 19:14:36,de67b993,6624e12,D1_IR_Ligeira_7mil,DET2_KS,A2_Incremental,7,13,15,0.2215,1.7286,0.0,0.0
2026-06-12 19:14:43,ef51ea7d,6624e12,D1_IR_Ligeira_7mil,DET2_KS,A2_Incremental,8,13,15,0.2215,1.3615,100.0,0.0
2026-06-12 19:14:50,bfc4fa42,6624e12,D1_IR_Ligeira_7mil,DET2_KS,A2_Incremental,9,13,15,0.2215,1.3095,0.0,0.0
2026-06-12 19:14:56,87208697,6624e12,D1_IR_Ligeira_7mil,DET2_KS,A2_Incremental,10,13,15,0.2215,1.4784,0.0,0.0
2026-06-12 19:15:03,683a0820,6624e12,D1_IR_Ligeira_7mil,DET2_KS,A2_Incremental,11,13,15,0.2215,1.3231,0.0,0.0
2026-06-12 19:15:10,93a1141c,6624e12,D1_IR_Ligeira_7mil,DET2_KS,A2_Incremental,12,13,15,0.2215,1.3395,0.0,0.0
2026-06-12 19:15:16,98ac5f75,6624e12,D1_IR_Ligeira_7mil,DET2_KS,A2_Incremental,13,13,15,0.2215,1.3693,50.0,0.0
2026-06-12 19:15:23,98b08d42,6624e12,D1_IR_Ligeira_7mil,DET2_KS,A2_Incremental,14,13,15,0.2215,1.3229,0.0,0.0
2026-06-12 19:15:30,8f02f67a,6624e12,D1_IR_Ligeira_7mil,DET2_KS,A2_Incremental,15,13,15,0.2215,1.3477,0.0,0.0
2026-06-12 19:15:36,08525848,6624e12,D1_IR_Ligeira_7mil,DET2_KS,A2_Incremental,16,13,15,0.2215,1.3491,0.0,0.0
2026-06-12 19:15:43,c331a412,6624e12,D1_IR_Ligeira_7mil,DET2_KS,A2_Incremental,17,13,15,0.2215,1.331,0.0,0.0
2026-06-12 19:15:50,efdac4bc,6624e12,D1_IR_Ligeira_7mil,DET2_KS,A2_Incremental,18,13,15,0.2215,1.3541,0.0,0.0
2026-06-12 19:15:56,012aef3f,6624e12,D1_IR_Ligeira_7mil,DET2_KS,A2_Incremental,19,13,15,0.2215,1.3174,0.0,0.0
2026-06-12 19:16:03,505c8ad0,6624e12,D1_IR_Ligeira_7mil,DET2_KS,A2_Incremental,20,13,15,0.2215,1.3294,0.0,0.0
2026-06-12 19:16:10,d07067b6,6624e12,D1_IR_Ligeira_7mil,DET2_KS,A2_Incremental,21,13,15,0.2215,1.3603,0.0,0.0
2026-06-12 19:16:16,a46f80d9,6624e12,D1_IR_Ligeira_7mil,DET2_KS,A2_Incremental,22,13,15,0.2215,1.4673,0.0,0.0
2026-06-12 19:16:23,e02727ec,6624e12,D1_IR_Ligeira_7mil,DET2_KS,A2_Incremental,23,13,15,0.2215,1.3261,0.0,0.0
2026-06-12 19:16:30,e4d2211a,6624e12,D1_IR_Ligeira_7mil,DET2_KS,A2_Incremental,24,13,15,0.2215,1.4527,100.0,0.0
2026-06-12 19:16:36,4c918027,6624e12,D1_IR_Ligeira_7mil,DET2_KS,A2_Incremental,25,13,15,0.2215,1.37,0.0,0.0
2026-06-12 19:16:43,af46f9c9,6624e12,D1_IR_Ligeira_7mil,DET2_KS,A2_Incremental,26,13,15,0.2215,1.319,0.0,0.0
2026-06-12 19:16:50,36a6b265,6624e12,D1_IR_Ligeira_7mil,DET2_KS,A2_Incremental,27,13,15,0.2215,1.3074,0.0,0.0
2026-06-12 19:16:56,3505f190,6624e12,D1_IR_Ligeira_7mil,DET2_KS,A2_Incremental,28,13,15,0.2215,1.3243,0.0,0.0
2026-06-12 19:17:03,8a37e8bd,6624e12,D1_IR_Ligeira_7mil,DET2_KS,A2_Incremental,29,13,15,0.2215,1.303,0.0,0.0
2026-06-12 19:17:10,578020b5,6624e12,D1_IR_Ligeira_7mil,DET2_KS,A2_Incremental,30,13,15,0.2215,1.3541,0.0,0.0
2026-06-12 19:17:11,29826f29,6624e12,D1_IR_Ligeira_7mil,DET3_ADWIN,A0_None,1,10,2,0.0295,0.0,0.0,0.0
2026-06-12 19:17:13,375c6f5b,6624e12,D1_IR_Ligeira_7mil,DET3_ADWIN,A0_None,2,10,2,0.0295,0.0,0.0,0.0
2026-06-12 19:17:14,5e957877,6624e12,D1_IR_Ligeira_7mil,DET3_ADWIN,A0_None,3,10,2,0.0295,0.0,0.0,0.0
2026-06-12 19:17:16,43a9f9e0,6624e12,D1_IR_Ligeira_7mil,DET3_ADWIN,A0_None,4,10,2,0.0295,0.0,0.0,0.0
2026-06-12 19:17:17,a59dfb14,6624e12,D1_IR_Ligeira_7mil,DET3_ADWIN,A0_None,5,10,2,0.0295,0.0,0.0,0.0
2026-06-12 19:17:19,dbf8c920,6624e12,D1_IR_Ligeira_7mil,DET3_ADWIN,A0_None,6,10,2,0.0295,0.0,0.0,0.0
2026-06-12 19:17:20,1de15030,6624e12,D1_IR_Ligeira_7mil,DET3_ADWIN,A0_None,7,10,2,0.0295,0.0,0.0,0.0
2026-06-12 19:17:22,e79d3db9,6624e12,D1_IR_Ligeira_7mil,DET3_ADWIN,A0_None,8,10,2,0.0295,0.0,0.0,0.0
2026-06-12 19:17:23,6becd481,6624e12,D1_IR_Ligeira_7mil,DET3_ADWIN,A0_None,9,10,2,0.0295,0.0,0.0,0.0
2026-06-12 19:17:25,9c12f9d5,6624e12,D1_IR_Ligeira_7mil,DET3_ADWIN,A0_None,10,10,2,0.0295,0.0,0.0,0.0
2026-06-12 19:17:26,5da5dcb5,6624e12,D1_IR_Ligeira_7mil,DET3_ADWIN,A0_None,11,10,2,0.0295,0.0,0.0,0.0
2026-06-12 19:17:28,cd85c7e3,6624e12,D1_IR_Ligeira_7mil,DET3_ADWIN,A0_None,12,10,2,0.0295,0.0,0.0,0.0
2026-06-12 19:17:29,74b35c0c,6624e12,D1_IR_Ligeira_7mil,DET3_ADWIN,A0_None,13,10,2,0.0295,0.0,0.0,0.0
2026-06-12 19:17:31,f8643557,6624e12,D1_IR_Ligeira_7mil,DET3_ADWIN,A0_None,14,10,2,0.0295,0.0,0.0,0.0
2026-06-12 19:17:32,4cb6da85,6624e12,D1_IR_Ligeira_7mil,DET3_ADWIN,A0_None,15,10,2,0.0295,0.0,0.0,0.0
2026-06-12 19:17:33,fd31f21b,6624e12,D1_IR_Ligeira_7mil,DET3_ADWIN,A0_None,16,10,2,0.0295,0.0,0.0,0.0
2026-06-12 19:17:35,b075899f,6624e12,D1_IR_Ligeira_7mil,DET3_ADWIN,A0_None,17,10,2,0.0295,0.0,0.0,0.0
2026-06-12 19:17:36,90182814,6624e12,D1_IR_Ligeira_7mil,DET3_ADWIN,A0_None,18,10,2,0.0295,0.0,0.0,0.0
2026-06-12 19:17:38,0c880873,6624e12,D1_IR_Ligeira_7mil,DET3_ADWIN,A0_None,19,10,2,0.0295,0.0,0.0,0.0
2026-06-12 19:17:39,71f0b570,6624e12,D1_IR_Ligeira_7mil,DET3_ADWIN,A0_None,20,10,2,0.0295,0.0,0.0,0.0
2026-06-12 19:17:41,b4255e6a,6624e12,D1_IR_Ligeira_7mil,DET3_ADWIN,A0_None,21,10,2,0.0295,0.0,0.0,0.0
2026-06-12 19:17:42,531079ff,6624e12,D1_IR_Ligeira_7mil,DET3_ADWIN,A0_None,22,10,2,0.0295,0.0,0.0,0.0
2026-06-12 19:17:44,b3edc959,6624e12,D1_IR_Ligeira_7mil,DET3_ADWIN,A0_None,23,10,2,0.0295,0.0,0.0,0.0
2026-06-12 19:17:45,8c511463,6624e12,D1_IR_Ligeira_7mil,DET3_ADWIN,A0_None,24,10,2,0.0295,0.0,0.0,0.0
2026-06-12 19:17:47,5c7d440a,6624e12,D1_IR_Ligeira_7mil,DET3_ADWIN,A0_None,25,10,2,0.0295,0.0,0.0,0.0
2026-06-12 19:17:48,11447b12,6624e12,D1_IR_Ligeira_7mil,DET3_ADWIN,A0_None,26,10,2,0.0295,0.0,0.0,0.0
2026-06-12 19:17:50,d7242df4,6624e12,D1_IR_Ligeira_7mil,DET3_ADWIN,A0_None,27,10,2,0.0295,0.0,0.0,0.0
2026-06-12 19:17:51,e65a14e8,6624e12,D1_IR_Ligeira_7mil,DET3_ADWIN,A0_None,28,10,2,0.0295,0.0,0.0,0.0
2026-06-12 19:17:53,5a7775d2,6624e12,D1_IR_Ligeira_7mil,DET3_ADWIN,A0_None,29,10,2,0.0295,0.0,0.0,0.0
2026-06-12 19:17:54,42535ac3,6624e12,D1_IR_Ligeira_7mil,DET3_ADWIN,A0_None,30,10,2,0.0295,0.0,0.0,0.0
2026-06-12 19:17:56,3aa46e3d,6624e12,D1_IR_Ligeira_7mil,DET3_ADWIN,A1_Global,1,10,2,0.0295,21.7398,25.0,0.1875
2026-06-12 19:17:57,8f7d0d55,6624e12,D1_IR_Ligeira_7mil,DET3_ADWIN,A1_Global,2,10,2,0.0295,21.7988,37.5,0.1875
2026-06-12 19:17:59,0b4f7812,6624e12,D1_IR_Ligeira_7mil,DET3_ADWIN,A1_Global,3,10,2,0.0295,21.7062,50.0,0.1875
2026-06-12 19:18:00,b5f86e7b,6624e12,D1_IR_Ligeira_7mil,DET3_ADWIN,A1_Global,4,10,2,0.0295,22.115,33.3,0.1875
2026-06-12 19:18:02,bf08cad9,6624e12,D1_IR_Ligeira_7mil,DET3_ADWIN,A1_Global,5,10,2,0.0295,22.2287,50.0,0.1875
2026-06-12 19:18:03,f0129abf,6624e12,D1_IR_Ligeira_7mil,DET3_ADWIN,A1_Global,6,10,2,0.0295,21.5606,33.3,0.1875
2026-06-12 19:18:05,282e4f02,6624e12,D1_IR_Ligeira_7mil,DET3_ADWIN,A1_Global,7,10,2,0.0295,21.5537,33.3,0.1875
2026-06-12 19:18:06,d4586e83,6624e12,D1_IR_Ligeira_7mil,DET3_ADWIN,A1_Global,8,10,2,0.0295,21.5837,33.3,0.1875
2026-06-12 19:18:08,f3c56cc3,6624e12,D1_IR_Ligeira_7mil,DET3_ADWIN,A1_Global,9,10,2,0.0295,21.6609,40.0,0.1875
2026-06-12 19:18:09,bb5c43e4,6624e12,D1_IR_Ligeira_7mil,DET3_ADWIN,A1_Global,10,10,2,0.0295,21.7436,40.0,0.1875
2026-06-12 19:18:11,b2e8f5c1,6624e12,D1_IR_Ligeira_7mil,DET3_ADWIN,A1_Global,11,10,2,0.0295,21.7361,37.5,0.1875
2026-06-12 19:18:12,44ebbc18,6624e12,D1_IR_Ligeira_7mil,DET3_ADWIN,A1_Global,12,10,2,0.0295,22.1424,44.4,0.1875
2026-06-12 19:18:14,78de08ef,6624e12,D1_IR_Ligeira_7mil,DET3_ADWIN,A1_Global,13,10,2,0.0295,22.2956,44.4,0.1875
2026-06-12 19:18:15,60e176b8,6624e12,D1_IR_Ligeira_7mil,DET3_ADWIN,A1_Global,14,10,2,0.0295,22.2136,33.3,0.1875
2026-06-12 19:18:17,3b988bb2,6624e12,D1_IR_Ligeira_7mil,DET3_ADWIN,A1_Global,15,10,2,0.0295,23.0603,77.8,0.1875
2026-06-12 19:18:18,60346f0d,6624e12,D1_IR_Ligeira_7mil,DET3_ADWIN,A1_Global,16,10,2,0.0295,22.0262,25.0,0.1875
2026-06-12 19:18:20,8b1c7298,6624e12,D1_IR_Ligeira_7mil,DET3_ADWIN,A1_Global,17,10,2,0.0295,21.7533,37.5,0.1875
2026-06-12 19:18:21,c372291a,6624e12,D1_IR_Ligeira_7mil,DET3_ADWIN,A1_Global,18,10,2,0.0295,21.726,37.5,0.1875
2026-06-12 19:18:23,fcb856ac,6624e12,D1_IR_Ligeira_7mil,DET3_ADWIN,A1_Global,19,10,2,0.0295,22.2056,37.5,0.1875
2026-06-12 19:18:24,8d942c86,6624e12,D1_IR_Ligeira_7mil,DET3_ADWIN,A1_Global,20,10,2,0.0295,21.9399,44.4,0.1875
2026-06-12 19:18:26,1e96a903,6624e12,D1_IR_Ligeira_7mil,DET3_ADWIN,A1_Global,21,10,2,0.0295,21.9734,37.5,0.1875
2026-06-12 19:18:27,bc688bf8,6624e12,D1_IR_Ligeira_7mil,DET3_ADWIN,A1_Global,22,10,2,0.0295,22.311,30.0,0.1875
2026-06-12 19:18:29,01b37277,6624e12,D1_IR_Ligeira_7mil,DET3_ADWIN,A1_Global,23,10,2,0.0295,22.1084,25.0,0.1875
2026-06-12 19:18:30,7060b27f,6624e12,D1_IR_Ligeira_7mil,DET3_ADWIN,A1_Global,24,10,2,0.0295,21.9831,25.0,0.1875
2026-06-12 19:18:32,65b57bc4,6624e12,D1_IR_Ligeira_7mil,DET3_ADWIN,A1_Global,25,10,2,0.0295,21.7133,25.0,0.1875
2026-06-12 19:18:33,bfc21c8b,6624e12,D1_IR_Ligeira_7mil,DET3_ADWIN,A1_Global,26,10,2,0.0295,22.2271,40.0,0.1875
2026-06-12 19:18:35,e4c3ab6f,6624e12,D1_IR_Ligeira_7mil,DET3_ADWIN,A1_Global,27,10,2,0.0295,21.9774,33.3,0.1875
2026-06-12 19:18:36,805da32f,6624e12,D1_IR_Ligeira_7mil,DET3_ADWIN,A1_Global,28,10,2,0.0295,22.3862,33.3,0.1875
2026-06-12 19:18:38,9b44a16c,6624e12,D1_IR_Ligeira_7mil,DET3_ADWIN,A1_Global,29,10,2,0.0295,22.4151,25.0,0.1875
2026-06-12 19:18:39,acf25cc3,6624e12,D1_IR_Ligeira_7mil,DET3_ADWIN,A1_Global,30,10,2,0.0295,22.1521,33.3,0.1875
2026-06-12 19:18:41,15572f01,6624e12,D1_IR_Ligeira_7mil,DET3_ADWIN,A2_Incremental,1,10,2,0.0295,1.4192,0.0,0.0
2026-06-12 19:18:42,f4634113,6624e12,D1_IR_Ligeira_7mil,DET3_ADWIN,A2_Incremental,2,10,2,0.0295,1.9441,100.0,0.0
2026-06-12 19:18:44,86a104a6,6624e12,D1_IR_Ligeira_7mil,DET3_ADWIN,A2_Incremental,3,10,2,0.0295,1.7456,50.0,0.0
2026-06-12 19:18:45,475ca170,6624e12,D1_IR_Ligeira_7mil,DET3_ADWIN,A2_Incremental,4,10,2,0.0295,1.4089,0.0,0.0
2026-06-12 19:18:47,e60123a5,6624e12,D1_IR_Ligeira_7mil,DET3_ADWIN,A2_Incremental,5,10,2,0.0295,2.4536,0.0,0.0
2026-06-12 19:18:48,3c0c76da,6624e12,D1_IR_Ligeira_7mil,DET3_ADWIN,A2_Incremental,6,10,2,0.0295,1.7454,100.0,0.0
2026-06-12 19:18:49,ccb93eb3,6624e12,D1_IR_Ligeira_7mil,DET3_ADWIN,A2_Incremental,7,10,2,0.0295,1.4011,0.0,0.0
2026-06-12 19:18:51,9fc5ec7a,6624e12,D1_IR_Ligeira_7mil,DET3_ADWIN,A2_Incremental,8,10,2,0.0295,1.4429,0.0,0.0
2026-06-12 19:18:52,21fba763,6624e12,D1_IR_Ligeira_7mil,DET3_ADWIN,A2_Incremental,9,10,2,0.0295,1.919,100.0,0.0
2026-06-12 19:18:54,86821b6b,6624e12,D1_IR_Ligeira_7mil,DET3_ADWIN,A2_Incremental,10,10,2,0.0295,1.4294,0.0,0.0
2026-06-12 19:18:55,2386acc5,6624e12,D1_IR_Ligeira_7mil,DET3_ADWIN,A2_Incremental,11,10,2,0.0295,1.9985,0.0,0.0
2026-06-12 19:18:57,5660e933,6624e12,D1_IR_Ligeira_7mil,DET3_ADWIN,A2_Incremental,12,10,2,0.0295,1.7939,0.0,0.0
2026-06-12 19:18:58,e501fc1d,6624e12,D1_IR_Ligeira_7mil,DET3_ADWIN,A2_Incremental,13,10,2,0.0295,2.0399,0.0,0.0
2026-06-12 19:19:00,0c9f7f50,6624e12,D1_IR_Ligeira_7mil,DET3_ADWIN,A2_Incremental,14,10,2,0.0295,1.9423,0.0,0.0
2026-06-12 19:19:01,35f78c9c,6624e12,D1_IR_Ligeira_7mil,DET3_ADWIN,A2_Incremental,15,10,2,0.0295,1.7566,0.0,0.0
2026-06-12 19:19:02,e27b18bf,6624e12,D1_IR_Ligeira_7mil,DET3_ADWIN,A2_Incremental,16,10,2,0.0295,1.9134,0.0,0.0
2026-06-12 19:19:04,0687644d,6624e12,D1_IR_Ligeira_7mil,DET3_ADWIN,A2_Incremental,17,10,2,0.0295,1.8212,0.0,0.0
2026-06-12 19:19:05,e44448a1,6624e12,D1_IR_Ligeira_7mil,DET3_ADWIN,A2_Incremental,18,10,2,0.0295,1.8798,100.0,0.0
2026-06-12 19:19:07,dfd86aa2,6624e12,D1_IR_Ligeira_7mil,DET3_ADWIN,A2_Incremental,19,10,2,0.0295,1.7438,50.0,0.0
2026-06-12 19:19:08,e307456b,6624e12,D1_IR_Ligeira_7mil,DET3_ADWIN,A2_Incremental,20,10,2,0.0295,1.8861,0.0,0.0
2026-06-12 19:19:10,8753f9da,6624e12,D1_IR_Ligeira_7mil,DET3_ADWIN,A2_Incremental,21,10,2,0.0295,2.1586,50.0,0.0
2026-06-12 19:19:11,a3eead1e,6624e12,D1_IR_Ligeira_7mil,DET3_ADWIN,A2_Incremental,22,10,2,0.0295,1.8675,0.0,0.0
2026-06-12 19:19:13,122f8fce,6624e12,D1_IR_Ligeira_7mil,DET3_ADWIN,A2_Incremental,23,10,2,0.0295,2.123,0.0,0.0
2026-06-12 19:19:14,12d137b5,6624e12,D1_IR_Ligeira_7mil,DET3_ADWIN,A2_Incremental,24,10,2,0.0295,1.4645,0.0,0.0156
2026-06-12 19:19:15,99f90966,6624e12,D1_IR_Ligeira_7mil,DET3_ADWIN,A2_Incremental,25,10,2,0.0295,1.4352,0.0,0.0
2026-06-12 19:19:17,5e376778,6624e12,D1_IR_Ligeira_7mil,DET3_ADWIN,A2_Incremental,26,10,2,0.0295,1.7981,0.0,0.0
2026-06-12 19:19:18,8438d950,6624e12,D1_IR_Ligeira_7mil,DET3_ADWIN,A2_Incremental,27,10,2,0.0295,1.445,0.0,0.0
2026-06-12 19:19:20,5bfbd81c,6624e12,D1_IR_Ligeira_7mil,DET3_ADWIN,A2_Incremental,28,10,2,0.0295,1.7486,50.0,0.0
2026-06-12 19:19:21,4f07676d,6624e12,D1_IR_Ligeira_7mil,DET3_ADWIN,A2_Incremental,29,10,2,0.0295,1.8304,0.0,0.0
2026-06-12 19:19:23,48890d5b,6624e12,D1_IR_Ligeira_7mil,DET3_ADWIN,A2_Incremental,30,10,2,0.0295,1.7126,100.0,0.0
2026-06-12 19:19:23,40204f63,6624e12,D1_IR_Media_14mil,DET0_None,A0_None,1,N/D,0,0.0,0.0,0.0,0.0
2026-06-12 19:19:23,5612fc63,6624e12,D1_IR_Media_14mil,DET0_None,A0_None,2,N/D,0,0.0,0.0,0.0,0.0
2026-06-12 19:19:23,2e388a85,6624e12,D1_IR_Media_14mil,DET0_None,A0_None,3,N/D,0,0.0,0.0,0.0,0.0
2026-06-12 19:19:23,60017a61,6624e12,D1_IR_Media_14mil,DET0_None,A0_None,4,N/D,0,0.0,0.0,0.0,0.0
2026-06-12 19:19:23,e9c32d47,6624e12,D1_IR_Media_14mil,DET0_None,A0_None,5,N/D,0,0.0,0.0,0.0,0.0
2026-06-12 19:19:23,e2d8f1c0,6624e12,D1_IR_Media_14mil,DET0_None,A0_None,6,N/D,0,0.0,0.0,0.0,0.0
2026-06-12 19:19:23,8b2838d8,6624e12,D1_IR_Media_14mil,DET0_None,A0_None,7,N/D,0,0.0,0.0,0.0,0.0
2026-06-12 19:19:23,2a3c5381,6624e12,D1_IR_Media_14mil,DET0_None,A0_None,8,N/D,0,0.0,0.0,0.0,0.0
2026-06-12 19:19:23,67cbbb7b,6624e12,D1_IR_Media_14mil,DET0_None,A0_None,9,N/D,0,0.0,0.0,0.0,0.0
2026-06-12 19:19:23,17bd566d,6624e12,D1_IR_Media_14mil,DET0_None,A0_None,10,N/D,0,0.0,0.0,0.0,0.0
2026-06-12 19:19:23,dfe84b52,6624e12,D1_IR_Media_14mil,DET0_None,A0_None,11,N/D,0,0.0,0.0,0.0,0.0
2026-06-12 19:19:23,b40eb1c6,6624e12,D1_IR_Media_14mil,DET0_None,A0_None,12,N/D,0,0.0,0.0,0.0,0.0
2026-06-12 19:19:23,c54a12b4,6624e12,D1_IR_Media_14mil,DET0_None,A0_None,13,N/D,0,0.0,0.0,0.0,0.0
2026-06-12 19:19:23,6445c2c7,6624e12,D1_IR_Media_14mil,DET0_None,A0_None,14,N/D,0,0.0,0.0,0.0,0.0
2026-06-12 19:19:23,f6683cac,6624e12,D1_IR_Media_14mil,DET0_None,A0_None,15,N/D,0,0.0,0.0,0.0,0.0
2026-06-12 19:19:23,8bc4a2de,6624e12,D1_IR_Media_14mil,DET0_None,A0_None,16,N/D,0,0.0,0.0,0.0,0.0
2026-06-12 19:19:23,1b8bbc8a,6624e12,D1_IR_Media_14mil,DET0_None,A0_None,17,N/D,0,0.0,0.0,0.0,0.0
2026-06-12 19:19:23,cc453800,6624e12,D1_IR_Media_14mil,DET0_None,A0_None,18,N/D,0,0.0,0.0,0.0,0.0
2026-06-12 19:19:23,61ab529a,6624e12,D1_IR_Media_14mil,DET0_None,A0_None,19,N/D,0,0.0,0.0,0.0,0.0
2026-06-12 19:19:23,8a59f6b4,6624e12,D1_IR_Media_14mil,DET0_None,A0_None,20,N/D,0,0.0,0.0,0.0,0.0
2026-06-12 19:19:23,5a343927,6624e12,D1_IR_Media_14mil,DET0_None,A0_None,21,N/D,0,0.0,0.0,0.0,0.0
2026-06-12 19:19:23,b3a6f39c,6624e12,D1_IR_Media_14mil,DET0_None,A0_None,22,N/D,0,0.0,0.0,0.0,0.0
2026-06-12 19:19:23,1550c91d,6624e12,D1_IR_Media_14mil,DET0_None,A0_None,23,N/D,0,0.0,0.0,0.0,0.0
2026-06-12 19:19:23,729c97d1,6624e12,D1_IR_Media_14mil,DET0_None,A0_None,24,N/D,0,0.0,0.0,0.0,0.0
2026-06-12 19:19:23,89a01739,6624e12,D1_IR_Media_14mil,DET0_None,A0_None,25,N/D,0,0.0,0.0,0.0,0.0
2026-06-12 19:19:23,953e6a05,6624e12,D1_IR_Media_14mil,DET0_None,A0_None,26,N/D,0,0.0,0.0,0.0,0.0
2026-06-12 19:19:23,7a223a5d,6624e12,D1_IR_Media_14mil,DET0_None,A0_None,27,N/D,0,0.0,0.0,0.0,0.0
2026-06-12 19:19:23,ebbfe1d1,6624e12,D1_IR_Media_14mil,DET0_None,A0_None,28,N/D,0,0.0,0.0,0.0,0.0
2026-06-12 19:19:23,e272e585,6624e12,D1_IR_Media_14mil,DET0_None,A0_None,29,N/D,0,0.0,0.0,0.0,0.0
2026-06-12 19:19:23,40936928,6624e12,D1_IR_Media_14mil,DET0_None,A0_None,30,N/D,0,0.0,0.0,0.0,0.0
2026-06-12 19:19:24,6a98a61d,6624e12,D1_IR_Media_14mil,DET1_OCSVM,A0_None,1,9,0,0.0,0.0,0.0,0.0
2026-06-12 19:19:26,18f77cda,6624e12,D1_IR_Media_14mil,DET1_OCSVM,A0_None,2,9,0,0.0,0.0,0.0,0.0
2026-06-12 19:19:27,64b3e76d,6624e12,D1_IR_Media_14mil,DET1_OCSVM,A0_None,3,9,0,0.0,0.0,0.0,0.0
2026-06-12 19:19:29,0606a6d7,6624e12,D1_IR_Media_14mil,DET1_OCSVM,A0_None,4,9,0,0.0,0.0,0.0,0.0
2026-06-12 19:19:30,13c438db,6624e12,D1_IR_Media_14mil,DET1_OCSVM,A0_None,5,9,0,0.0,0.0,0.0,0.0
2026-06-12 19:19:32,310f7c73,6624e12,D1_IR_Media_14mil,DET1_OCSVM,A0_None,6,9,0,0.0,0.0,0.0,0.0
2026-06-12 19:19:33,4af227e6,6624e12,D1_IR_Media_14mil,DET1_OCSVM,A0_None,7,9,0,0.0,0.0,0.0,0.0
2026-06-12 19:19:35,7f81c3da,6624e12,D1_IR_Media_14mil,DET1_OCSVM,A0_None,8,9,0,0.0,0.0,0.0,0.0
2026-06-12 19:19:36,b3824807,6624e12,D1_IR_Media_14mil,DET1_OCSVM,A0_None,9,9,0,0.0,0.0,0.0,0.0
2026-06-12 19:19:38,7d9955b2,6624e12,D1_IR_Media_14mil,DET1_OCSVM,A0_None,10,9,0,0.0,0.0,0.0,0.0
2026-06-12 19:19:39,19fe74d1,6624e12,D1_IR_Media_14mil,DET1_OCSVM,A0_None,11,9,0,0.0,0.0,0.0,0.0
2026-06-12 19:19:41,a37ebe8c,6624e12,D1_IR_Media_14mil,DET1_OCSVM,A0_None,12,9,0,0.0,0.0,0.0,0.0
2026-06-12 19:19:42,81102ac6,6624e12,D1_IR_Media_14mil,DET1_OCSVM,A0_None,13,9,0,0.0,0.0,0.0,0.0
2026-06-12 19:19:44,54efd9e5,6624e12,D1_IR_Media_14mil,DET1_OCSVM,A0_None,14,9,0,0.0,0.0,0.0,0.0
2026-06-12 19:19:45,ffa8b230,6624e12,D1_IR_Media_14mil,DET1_OCSVM,A0_None,15,9,0,0.0,0.0,0.0,0.0
2026-06-12 19:19:47,2057d1f2,6624e12,D1_IR_Media_14mil,DET1_OCSVM,A0_None,16,9,0,0.0,0.0,0.0,0.0
2026-06-12 19:19:48,f19f0774,6624e12,D1_IR_Media_14mil,DET1_OCSVM,A0_None,17,9,0,0.0,0.0,0.0,0.0
2026-06-12 19:19:50,e5979471,6624e12,D1_IR_Media_14mil,DET1_OCSVM,A0_None,18,9,0,0.0,0.0,0.0,0.0
2026-06-12 19:19:51,a45b85e0,6624e12,D1_IR_Media_14mil,DET1_OCSVM,A0_None,19,9,0,0.0,0.0,0.0,0.0
2026-06-12 19:19:52,a3c44554,6624e12,D1_IR_Media_14mil,DET1_OCSVM,A0_None,20,9,0,0.0,0.0,0.0,0.0
2026-06-12 19:19:54,8f97dd23,6624e12,D1_IR_Media_14mil,DET1_OCSVM,A0_None,21,9,0,0.0,0.0,0.0,0.0
2026-06-12 19:19:55,780c07f8,6624e12,D1_IR_Media_14mil,DET1_OCSVM,A0_None,22,9,0,0.0,0.0,0.0,0.0
2026-06-12 19:19:57,6783ed97,6624e12,D1_IR_Media_14mil,DET1_OCSVM,A0_None,23,9,0,0.0,0.0,0.0,0.0
2026-06-12 19:19:58,1cd2b650,6624e12,D1_IR_Media_14mil,DET1_OCSVM,A0_None,24,9,0,0.0,0.0,0.0,0.0
2026-06-12 19:20:00,71712648,6624e12,D1_IR_Media_14mil,DET1_OCSVM,A0_None,25,9,0,0.0,0.0,0.0,0.0
2026-06-12 19:20:01,9e8add34,6624e12,D1_IR_Media_14mil,DET1_OCSVM,A0_None,26,9,0,0.0,0.0,0.0,0.0
2026-06-12 19:20:03,6fca97ea,6624e12,D1_IR_Media_14mil,DET1_OCSVM,A0_None,27,9,0,0.0,0.0,0.0,0.0
2026-06-12 19:20:04,4489d0ec,6624e12,D1_IR_Media_14mil,DET1_OCSVM,A0_None,28,9,0,0.0,0.0,0.0,0.0
2026-06-12 19:20:06,2a045e50,6624e12,D1_IR_Media_14mil,DET1_OCSVM,A0_None,29,9,0,0.0,0.0,0.0,0.0
2026-06-12 19:20:07,2e77cadb,6624e12,D1_IR_Media_14mil,DET1_OCSVM,A0_None,30,9,0,0.0,0.0,0.0,0.0
2026-06-12 19:20:09,9d357f01,6624e12,D1_IR_Media_14mil,DET1_OCSVM,A1_Global,1,9,0,0.0,21.8744,40.0,0.1719
2026-06-12 19:20:10,933b4ce2,6624e12,D1_IR_Media_14mil,DET1_OCSVM,A1_Global,2,9,0,0.0,21.7284,55.6,0.1719
2026-06-12 19:20:12,cb3fcda6,6624e12,D1_IR_Media_14mil,DET1_OCSVM,A1_Global,3,9,0,0.0,22.0625,33.3,0.1719
2026-06-12 19:20:13,bebdbb71,6624e12,D1_IR_Media_14mil,DET1_OCSVM,A1_Global,4,9,0,0.0,22.132,37.5,0.1719
2026-06-12 19:20:15,165085cb,6624e12,D1_IR_Media_14mil,DET1_OCSVM,A1_Global,5,9,0,0.0,21.6115,33.3,0.1719
2026-06-12 19:20:16,688dcbe5,6624e12,D1_IR_Media_14mil,DET1_OCSVM,A1_Global,6,9,0,0.0,22.0701,42.9,0.1719
2026-06-12 19:20:18,6ccdbd3f,6624e12,D1_IR_Media_14mil,DET1_OCSVM,A1_Global,7,9,0,0.0,22.0783,37.5,0.1719
2026-06-12 19:20:19,0bb7d452,6624e12,D1_IR_Media_14mil,DET1_OCSVM,A1_Global,8,9,0,0.0,22.134,28.6,0.1719
2026-06-12 19:20:21,e7f5a6dd,6624e12,D1_IR_Media_14mil,DET1_OCSVM,A1_Global,9,9,0,0.0,21.7293,44.4,0.1719
2026-06-12 19:20:22,849ad85c,6624e12,D1_IR_Media_14mil,DET1_OCSVM,A1_Global,10,9,0,0.0,21.5632,44.4,0.1719
2026-06-12 19:20:24,fe92bd33,6624e12,D1_IR_Media_14mil,DET1_OCSVM,A1_Global,11,9,0,0.0,22.1727,37.5,0.1719
2026-06-12 19:20:25,72d7090b,6624e12,D1_IR_Media_14mil,DET1_OCSVM,A1_Global,12,9,0,0.0,21.8384,25.0,0.1719
2026-06-12 19:20:27,2ce2bf99,6624e12,D1_IR_Media_14mil,DET1_OCSVM,A1_Global,13,9,0,0.0,21.9005,33.3,0.1719
2026-06-12 19:20:28,92d486c7,6624e12,D1_IR_Media_14mil,DET1_OCSVM,A1_Global,14,9,0,0.0,21.584,33.3,0.2031
2026-06-12 19:20:30,a7d66801,6624e12,D1_IR_Media_14mil,DET1_OCSVM,A1_Global,15,9,0,0.0,21.8501,28.6,0.2031
2026-06-12 19:20:31,9bef8ddc,6624e12,D1_IR_Media_14mil,DET1_OCSVM,A1_Global,16,9,0,0.0,22.195,40.0,0.2031
2026-06-12 19:20:33,5a908438,6624e12,D1_IR_Media_14mil,DET1_OCSVM,A1_Global,17,9,0,0.0,22.6993,44.4,0.2031
2026-06-12 19:20:34,a80186d3,6624e12,D1_IR_Media_14mil,DET1_OCSVM,A1_Global,18,9,0,0.0,22.3394,55.6,0.2031
2026-06-12 19:20:36,ca25db32,6624e12,D1_IR_Media_14mil,DET1_OCSVM,A1_Global,19,9,0,0.0,21.9013,44.4,0.2031
2026-06-12 19:20:37,48e3d0db,6624e12,D1_IR_Media_14mil,DET1_OCSVM,A1_Global,20,9,0,0.0,21.5887,40.0,0.2031
2026-06-12 19:20:39,43b3ae32,6624e12,D1_IR_Media_14mil,DET1_OCSVM,A1_Global,21,9,0,0.0,21.8318,44.4,0.2031
2026-06-12 19:20:40,da823295,6624e12,D1_IR_Media_14mil,DET1_OCSVM,A1_Global,22,9,0,0.0,22.0016,25.0,0.2031
2026-06-12 19:20:42,25fb6c58,6624e12,D1_IR_Media_14mil,DET1_OCSVM,A1_Global,23,9,0,0.0,21.9972,40.0,0.2031
2026-06-12 19:20:43,01d9c605,6624e12,D1_IR_Media_14mil,DET1_OCSVM,A1_Global,24,9,0,0.0,21.8266,37.5,0.2031
2026-06-12 19:20:45,0e1f09ee,6624e12,D1_IR_Media_14mil,DET1_OCSVM,A1_Global,25,9,0,0.0,21.9953,37.5,0.2031
2026-06-12 19:20:46,934ae027,6624e12,D1_IR_Media_14mil,DET1_OCSVM,A1_Global,26,9,0,0.0,22.0282,25.0,0.2031
2026-06-12 19:20:48,d4440533,6624e12,D1_IR_Media_14mil,DET1_OCSVM,A1_Global,27,9,0,0.0,22.4295,55.6,0.2031
2026-06-12 19:20:49,6843a4fc,6624e12,D1_IR_Media_14mil,DET1_OCSVM,A1_Global,28,9,0,0.0,21.9225,55.6,0.2031
2026-06-12 19:20:51,07af9ba9,6624e12,D1_IR_Media_14mil,DET1_OCSVM,A1_Global,29,9,0,0.0,21.7986,37.5,0.2031
2026-06-12 19:20:52,718af990,6624e12,D1_IR_Media_14mil,DET1_OCSVM,A1_Global,30,9,0,0.0,21.5561,42.9,0.2031
2026-06-12 19:20:54,d5cacdda,6624e12,D1_IR_Media_14mil,DET1_OCSVM,A2_Incremental,1,9,0,0.0,2.0969,0.0,0.0
2026-06-12 19:20:55,63588c97,6624e12,D1_IR_Media_14mil,DET1_OCSVM,A2_Incremental,2,9,0,0.0,1.7801,0.0,0.0
2026-06-12 19:20:56,ff8d3edc,6624e12,D1_IR_Media_14mil,DET1_OCSVM,A2_Incremental,3,9,0,0.0,1.6876,0.0,0.0
2026-06-12 19:20:58,42686751,6624e12,D1_IR_Media_14mil,DET1_OCSVM,A2_Incremental,4,9,0,0.0,1.3859,0.0,0.0
2026-06-12 19:20:59,092bc72b,6624e12,D1_IR_Media_14mil,DET1_OCSVM,A2_Incremental,5,9,0,0.0,2.4395,0.0,0.0
2026-06-12 19:21:01,3c2c56ac,6624e12,D1_IR_Media_14mil,DET1_OCSVM,A2_Incremental,6,9,0,0.0,1.8478,0.0,0.0
2026-06-12 19:21:02,b65ee169,6624e12,D1_IR_Media_14mil,DET1_OCSVM,A2_Incremental,7,9,0,0.0,1.8994,0.0,0.0
2026-06-12 19:21:04,8b685118,6624e12,D1_IR_Media_14mil,DET1_OCSVM,A2_Incremental,8,9,0,0.0,1.8345,0.0,0.0
2026-06-12 19:21:05,dbfbd9d3,6624e12,D1_IR_Media_14mil,DET1_OCSVM,A2_Incremental,9,9,0,0.0,2.5179,100.0,0.0
2026-06-12 19:21:07,160c3d54,6624e12,D1_IR_Media_14mil,DET1_OCSVM,A2_Incremental,10,9,0,0.0,1.6987,0.0,0.0
2026-06-12 19:21:08,dca84d41,6624e12,D1_IR_Media_14mil,DET1_OCSVM,A2_Incremental,11,9,0,0.0,1.4126,0.0,0.0
2026-06-12 19:21:09,24fd0612,6624e12,D1_IR_Media_14mil,DET1_OCSVM,A2_Incremental,12,9,0,0.0,1.827,0.0,0.0
2026-06-12 19:21:11,86d260a0,6624e12,D1_IR_Media_14mil,DET1_OCSVM,A2_Incremental,13,9,0,0.0,1.7984,0.0,0.0
2026-06-12 19:21:12,b2c8b9ab,6624e12,D1_IR_Media_14mil,DET1_OCSVM,A2_Incremental,14,9,0,0.0,1.8569,50.0,0.0
2026-06-12 19:21:14,e177a23e,6624e12,D1_IR_Media_14mil,DET1_OCSVM,A2_Incremental,15,9,0,0.0,1.8997,0.0,0.0
2026-06-12 19:21:15,75ad7eca,6624e12,D1_IR_Media_14mil,DET1_OCSVM,A2_Incremental,16,9,0,0.0,1.906,100.0,0.0
2026-06-12 19:21:17,8ee0f34b,6624e12,D1_IR_Media_14mil,DET1_OCSVM,A2_Incremental,17,9,0,0.0,1.408,0.0,0.0
2026-06-12 19:21:18,73dfd306,6624e12,D1_IR_Media_14mil,DET1_OCSVM,A2_Incremental,18,9,0,0.0,1.7771,0.0,0.0
2026-06-12 19:21:20,95958889,6624e12,D1_IR_Media_14mil,DET1_OCSVM,A2_Incremental,19,9,0,0.0,1.6995,0.0,0.0
2026-06-12 19:21:21,41264e9e,6624e12,D1_IR_Media_14mil,DET1_OCSVM,A2_Incremental,20,9,0,0.0,1.7666,50.0,0.0
2026-06-12 19:21:22,c21101d2,6624e12,D1_IR_Media_14mil,DET1_OCSVM,A2_Incremental,21,9,0,0.0,1.6841,0.0,0.0
2026-06-12 19:21:24,56eabfe4,6624e12,D1_IR_Media_14mil,DET1_OCSVM,A2_Incremental,22,9,0,0.0,2.1022,0.0,0.0
2026-06-12 19:21:25,47c7e66b,6624e12,D1_IR_Media_14mil,DET1_OCSVM,A2_Incremental,23,9,0,0.0,1.8369,0.0,0.0
2026-06-12 19:21:27,bf597b40,6624e12,D1_IR_Media_14mil,DET1_OCSVM,A2_Incremental,24,9,0,0.0,1.409,0.0,0.0
2026-06-12 19:21:28,ea56ab29,6624e12,D1_IR_Media_14mil,DET1_OCSVM,A2_Incremental,25,9,0,0.0,1.8585,100.0,0.0
2026-06-12 19:21:30,7da3355a,6624e12,D1_IR_Media_14mil,DET1_OCSVM,A2_Incremental,26,9,0,0.0,1.4806,50.0,0.0
2026-06-12 19:21:31,54dad915,6624e12,D1_IR_Media_14mil,DET1_OCSVM,A2_Incremental,27,9,0,0.0,1.901,100.0,0.0
2026-06-12 19:21:32,6b9d5e03,6624e12,D1_IR_Media_14mil,DET1_OCSVM,A2_Incremental,28,9,0,0.0,1.409,0.0,0.0
2026-06-12 19:21:34,2889901e,6624e12,D1_IR_Media_14mil,DET1_OCSVM,A2_Incremental,29,9,0,0.0,2.0235,0.0,0.0
2026-06-12 19:21:35,c57b420a,6624e12,D1_IR_Media_14mil,DET1_OCSVM,A2_Incremental,30,9,0,0.0,1.8072,0.0,0.0
2026-06-12 19:21:42,bacc456a,6624e12,D1_IR_Media_14mil,DET2_KS,A0_None,1,13,15,0.2215,0.0,0.0,0.0
2026-06-12 19:21:49,81f8026b,6624e12,D1_IR_Media_14mil,DET2_KS,A0_None,2,13,15,0.2215,0.0,0.0,0.0
2026-06-12 19:21:55,a35b5bb5,6624e12,D1_IR_Media_14mil,DET2_KS,A0_None,3,13,15,0.2215,0.0,0.0,0.0
2026-06-12 19:22:02,69cc35c8,6624e12,D1_IR_Media_14mil,DET2_KS,A0_None,4,13,15,0.2215,0.0,0.0,0.0
2026-06-12 19:22:09,e8e2ffc5,6624e12,D1_IR_Media_14mil,DET2_KS,A0_None,5,13,15,0.2215,0.0,0.0,0.0
2026-06-12 19:22:15,5f4fe2f8,6624e12,D1_IR_Media_14mil,DET2_KS,A0_None,6,13,15,0.2215,0.0,0.0,0.0
2026-06-12 19:22:22,956dd543,6624e12,D1_IR_Media_14mil,DET2_KS,A0_None,7,13,15,0.2215,0.0,0.0,0.0
2026-06-12 19:22:29,95b7e720,6624e12,D1_IR_Media_14mil,DET2_KS,A0_None,8,13,15,0.2215,0.0,0.0,0.0
2026-06-12 19:22:35,fc1d6a2d,6624e12,D1_IR_Media_14mil,DET2_KS,A0_None,9,13,15,0.2215,0.0,0.0,0.0
2026-06-12 19:22:42,db09ead1,6624e12,D1_IR_Media_14mil,DET2_KS,A0_None,10,13,15,0.2215,0.0,0.0,0.0
2026-06-12 19:22:49,7c85a405,6624e12,D1_IR_Media_14mil,DET2_KS,A0_None,11,13,15,0.2215,0.0,0.0,0.0
2026-06-12 19:22:56,8947fb55,6624e12,D1_IR_Media_14mil,DET2_KS,A0_None,12,13,15,0.2215,0.0,0.0,0.0
2026-06-12 19:23:02,e0102160,6624e12,D1_IR_Media_14mil,DET2_KS,A0_None,13,13,15,0.2215,0.0,0.0,0.0
2026-06-12 19:23:09,b52fc11b,6624e12,D1_IR_Media_14mil,DET2_KS,A0_None,14,13,15,0.2215,0.0,0.0,0.0
2026-06-12 19:23:16,ec0710c8,6624e12,D1_IR_Media_14mil,DET2_KS,A0_None,15,13,15,0.2215,0.0,0.0,0.0
2026-06-12 19:23:22,ead1f2aa,6624e12,D1_IR_Media_14mil,DET2_KS,A0_None,16,13,15,0.2215,0.0,0.0,0.0
2026-06-12 19:23:29,99a764e3,6624e12,D1_IR_Media_14mil,DET2_KS,A0_None,17,13,15,0.2215,0.0,0.0,0.0
2026-06-12 19:23:36,0f61719b,6624e12,D1_IR_Media_14mil,DET2_KS,A0_None,18,13,15,0.2215,0.0,0.0,0.0
2026-06-12 19:23:42,aca6b4fe,6624e12,D1_IR_Media_14mil,DET2_KS,A0_None,19,13,15,0.2215,0.0,0.0,0.0
2026-06-12 19:23:49,58a138b2,6624e12,D1_IR_Media_14mil,DET2_KS,A0_None,20,13,15,0.2215,0.0,0.0,0.0
2026-06-12 19:23:56,c8121c37,6624e12,D1_IR_Media_14mil,DET2_KS,A0_None,21,13,15,0.2215,0.0,0.0,0.0
2026-06-12 19:24:02,d65a2fd1,6624e12,D1_IR_Media_14mil,DET2_KS,A0_None,22,13,15,0.2215,0.0,0.0,0.0
2026-06-12 19:24:09,4e0985a4,6624e12,D1_IR_Media_14mil,DET2_KS,A0_None,23,13,15,0.2215,0.0,0.0,0.0
2026-06-12 19:24:16,19fe62b6,6624e12,D1_IR_Media_14mil,DET2_KS,A0_None,24,13,15,0.2215,0.0,0.0,0.0
2026-06-12 19:24:22,906dc7de,6624e12,D1_IR_Media_14mil,DET2_KS,A0_None,25,13,15,0.2215,0.0,0.0,0.0
2026-06-12 19:24:29,9a69056c,6624e12,D1_IR_Media_14mil,DET2_KS,A0_None,26,13,15,0.2215,0.0,0.0,0.0
2026-06-12 19:24:36,50c9676d,6624e12,D1_IR_Media_14mil,DET2_KS,A0_None,27,13,15,0.2215,0.0,0.0,0.0
2026-06-12 19:24:42,ff7a7915,6624e12,D1_IR_Media_14mil,DET2_KS,A0_None,28,13,15,0.2215,0.0,0.0,0.0
2026-06-12 19:24:49,656149da,6624e12,D1_IR_Media_14mil,DET2_KS,A0_None,29,13,15,0.2215,0.0,0.0,0.0
2026-06-12 19:24:56,eceb826c,6624e12,D1_IR_Media_14mil,DET2_KS,A0_None,30,13,15,0.2215,0.0,0.0,0.0
2026-06-12 19:25:02,c6a25be9,6624e12,D1_IR_Media_14mil,DET2_KS,A1_Global,1,13,15,0.2215,20.8677,25.0,0.2031
2026-06-12 19:25:09,55b9dc32,6624e12,D1_IR_Media_14mil,DET2_KS,A1_Global,2,13,15,0.2215,20.5395,25.0,0.2031
2026-06-12 19:25:16,23f19229,6624e12,D1_IR_Media_14mil,DET2_KS,A1_Global,3,13,15,0.2215,20.7007,22.2,0.2031
2026-06-12 19:25:22,25786d4c,6624e12,D1_IR_Media_14mil,DET2_KS,A1_Global,4,13,15,0.2215,20.5759,25.0,0.2031
2026-06-12 19:25:29,4d9a1bc9,6624e12,D1_IR_Media_14mil,DET2_KS,A1_Global,5,13,15,0.2215,20.5713,25.0,0.2031
2026-06-12 19:25:36,bd361f7a,6624e12,D1_IR_Media_14mil,DET2_KS,A1_Global,6,13,15,0.2215,20.5248,25.0,0.2031
2026-06-12 19:25:42,4bb5cf51,6624e12,D1_IR_Media_14mil,DET2_KS,A1_Global,7,13,15,0.2215,20.7498,25.0,0.2031
2026-06-12 19:25:49,837476ad,6624e12,D1_IR_Media_14mil,DET2_KS,A1_Global,8,13,15,0.2215,21.5402,44.4,0.2031
2026-06-12 19:25:56,be7a015a,6624e12,D1_IR_Media_14mil,DET2_KS,A1_Global,9,13,15,0.2215,20.6786,25.0,0.2031
2026-06-12 19:26:02,56db6a09,6624e12,D1_IR_Media_14mil,DET2_KS,A1_Global,10,13,15,0.2215,20.5651,22.2,0.2031
2026-06-12 19:26:09,92fa1bec,6624e12,D1_IR_Media_14mil,DET2_KS,A1_Global,11,13,15,0.2215,20.6357,25.0,0.2031
2026-06-12 19:26:16,b6743946,6624e12,D1_IR_Media_14mil,DET2_KS,A1_Global,12,13,15,0.2215,20.5502,22.2,0.2031
2026-06-12 19:26:23,a5456650,6624e12,D1_IR_Media_14mil,DET2_KS,A1_Global,13,13,15,0.2215,21.4886,40.0,0.2031
2026-06-12 19:26:29,284ae357,6624e12,D1_IR_Media_14mil,DET2_KS,A1_Global,14,13,15,0.2215,21.4858,25.0,0.2031
2026-06-12 19:26:36,b95c17c2,6624e12,D1_IR_Media_14mil,DET2_KS,A1_Global,15,13,15,0.2215,20.6301,25.0,0.2031
2026-06-12 19:26:43,1e91f50b,6624e12,D1_IR_Media_14mil,DET2_KS,A1_Global,16,13,15,0.2215,20.5944,25.0,0.2031
2026-06-12 19:26:49,f543a401,6624e12,D1_IR_Media_14mil,DET2_KS,A1_Global,17,13,15,0.2215,20.8945,33.3,0.2031
2026-06-12 19:26:56,37f00aeb,6624e12,D1_IR_Media_14mil,DET2_KS,A1_Global,18,13,15,0.2215,20.6379,25.0,0.2031
2026-06-12 19:27:03,f6e1cbbf,6624e12,D1_IR_Media_14mil,DET2_KS,A1_Global,19,13,15,0.2215,20.5929,25.0,0.2031
2026-06-12 19:27:09,174e41b0,6624e12,D1_IR_Media_14mil,DET2_KS,A1_Global,20,13,15,0.2215,21.0388,33.3,0.2031
2026-06-12 19:27:16,ef767ba4,6624e12,D1_IR_Media_14mil,DET2_KS,A1_Global,21,13,15,0.2215,20.5362,25.0,0.2031
2026-06-12 19:27:23,b225d71b,6624e12,D1_IR_Media_14mil,DET2_KS,A1_Global,22,13,15,0.2215,20.6349,22.2,0.2031
2026-06-12 19:27:30,433c7fd9,6624e12,D1_IR_Media_14mil,DET2_KS,A1_Global,23,13,15,0.2215,20.6022,25.0,0.2031
2026-06-12 19:27:36,0136d671,6624e12,D1_IR_Media_14mil,DET2_KS,A1_Global,24,13,15,0.2215,20.6436,33.3,0.2031
2026-06-12 19:27:43,8ea80671,6624e12,D1_IR_Media_14mil,DET2_KS,A1_Global,25,13,15,0.2215,20.5592,33.3,0.2031
2026-06-12 19:27:50,6c033470,6624e12,D1_IR_Media_14mil,DET2_KS,A1_Global,26,13,15,0.2215,20.6635,25.0,0.2031
2026-06-12 19:27:56,85360659,6624e12,D1_IR_Media_14mil,DET2_KS,A1_Global,27,13,15,0.2215,20.5852,25.0,0.2031
2026-06-12 19:28:03,b4f93079,6624e12,D1_IR_Media_14mil,DET2_KS,A1_Global,28,13,15,0.2215,20.6062,25.0,0.2031
2026-06-12 19:28:10,0f1a37cd,6624e12,D1_IR_Media_14mil,DET2_KS,A1_Global,29,13,15,0.2215,20.5576,25.0,0.2031
2026-06-12 19:28:16,0d5bf1a8,6624e12,D1_IR_Media_14mil,DET2_KS,A1_Global,30,13,15,0.2215,20.6315,25.0,0.2031
2026-06-12 19:28:23,3779b0a8,6624e12,D1_IR_Media_14mil,DET2_KS,A2_Incremental,1,13,15,0.2215,1.312,0.0,0.0
2026-06-12 19:28:30,afd76ce1,6624e12,D1_IR_Media_14mil,DET2_KS,A2_Incremental,2,13,15,0.2215,1.3498,0.0,0.0
2026-06-12 19:28:36,44974f91,6624e12,D1_IR_Media_14mil,DET2_KS,A2_Incremental,3,13,15,0.2215,1.3524,0.0,0.0
2026-06-12 19:28:43,9cf1650d,6624e12,D1_IR_Media_14mil,DET2_KS,A2_Incremental,4,13,15,0.2215,1.327,0.0,0.0
2026-06-12 19:28:50,a58e9dcb,6624e12,D1_IR_Media_14mil,DET2_KS,A2_Incremental,5,13,15,0.2215,1.3389,0.0,0.0
2026-06-12 19:28:57,470e253b,6624e12,D1_IR_Media_14mil,DET2_KS,A2_Incremental,6,13,15,0.2215,1.3535,0.0,0.0
2026-06-12 19:29:03,04882ea3,6624e12,D1_IR_Media_14mil,DET2_KS,A2_Incremental,7,13,15,0.2215,1.4247,0.0,0.0
2026-06-12 19:29:10,878dfb87,6624e12,D1_IR_Media_14mil,DET2_KS,A2_Incremental,8,13,15,0.2215,1.3353,0.0,0.0
2026-06-12 19:29:17,1be65a5b,6624e12,D1_IR_Media_14mil,DET2_KS,A2_Incremental,9,13,15,0.2215,1.3557,0.0,0.0
2026-06-12 19:29:23,8db4c43b,6624e12,D1_IR_Media_14mil,DET2_KS,A2_Incremental,10,13,15,0.2215,1.3191,0.0,0.0
2026-06-12 19:29:30,aabdd26a,6624e12,D1_IR_Media_14mil,DET2_KS,A2_Incremental,11,13,15,0.2215,1.313,0.0,0.0
2026-06-12 19:29:37,17bfca48,6624e12,D1_IR_Media_14mil,DET2_KS,A2_Incremental,12,13,15,0.2215,1.3224,0.0,0.0
2026-06-12 19:29:43,a5b8c7a2,6624e12,D1_IR_Media_14mil,DET2_KS,A2_Incremental,13,13,15,0.2215,1.3321,50.0,0.0
2026-06-12 19:29:50,a54e2d84,6624e12,D1_IR_Media_14mil,DET2_KS,A2_Incremental,14,13,15,0.2215,1.3827,100.0,0.0
2026-06-12 19:29:57,fe8af155,6624e12,D1_IR_Media_14mil,DET2_KS,A2_Incremental,15,13,15,0.2215,1.2951,0.0,0.0
2026-06-12 19:30:04,bf8ee602,6624e12,D1_IR_Media_14mil,DET2_KS,A2_Incremental,16,13,15,0.2215,1.3408,0.0,0.0
2026-06-12 19:30:10,e5e1e106,6624e12,D1_IR_Media_14mil,DET2_KS,A2_Incremental,17,13,15,0.2215,1.3789,0.0,0.0
2026-06-12 19:30:17,d9280ea0,6624e12,D1_IR_Media_14mil,DET2_KS,A2_Incremental,18,13,15,0.2215,1.3526,0.0,0.0
2026-06-12 19:30:24,f51714fe,6624e12,D1_IR_Media_14mil,DET2_KS,A2_Incremental,19,13,15,0.2215,1.3112,0.0,0.0
2026-06-12 19:30:30,3d0ac207,6624e12,D1_IR_Media_14mil,DET2_KS,A2_Incremental,20,13,15,0.2215,1.354,100.0,0.0
2026-06-12 19:30:37,ff07577d,6624e12,D1_IR_Media_14mil,DET2_KS,A2_Incremental,21,13,15,0.2215,1.3425,0.0,0.0
2026-06-12 19:30:44,81edab38,6624e12,D1_IR_Media_14mil,DET2_KS,A2_Incremental,22,13,15,0.2215,1.3084,0.0,0.0
2026-06-12 19:30:50,f7f552d3,6624e12,D1_IR_Media_14mil,DET2_KS,A2_Incremental,23,13,15,0.2215,1.3726,100.0,0.0
2026-06-12 19:30:57,6062eddb,6624e12,D1_IR_Media_14mil,DET2_KS,A2_Incremental,24,13,15,0.2215,1.3535,0.0,0.0
2026-06-12 19:31:04,56a82937,6624e12,D1_IR_Media_14mil,DET2_KS,A2_Incremental,25,13,15,0.2215,1.3256,0.0,0.0
2026-06-12 19:31:10,20f1e805,6624e12,D1_IR_Media_14mil,DET2_KS,A2_Incremental,26,13,15,0.2215,1.4837,0.0,0.0
2026-06-12 19:31:17,422abcf5,6624e12,D1_IR_Media_14mil,DET2_KS,A2_Incremental,27,13,15,0.2215,1.7638,100.0,0.0
2026-06-12 19:31:24,4d69a6f0,6624e12,D1_IR_Media_14mil,DET2_KS,A2_Incremental,28,13,15,0.2215,1.3371,0.0,0.0
2026-06-12 19:31:30,b45c33b3,6624e12,D1_IR_Media_14mil,DET2_KS,A2_Incremental,29,13,15,0.2215,1.3361,0.0,0.0
2026-06-12 19:31:37,e43354da,6624e12,D1_IR_Media_14mil,DET2_KS,A2_Incremental,30,13,15,0.2215,1.3464,0.0,0.0
2026-06-12 19:31:39,166a94b2,6624e12,D1_IR_Media_14mil,DET3_ADWIN,A0_None,1,10,2,0.0295,0.0,0.0,0.0
2026-06-12 19:31:40,9c1048c3,6624e12,D1_IR_Media_14mil,DET3_ADWIN,A0_None,2,10,2,0.0295,0.0,0.0,0.0
2026-06-12 19:31:42,36b7d685,6624e12,D1_IR_Media_14mil,DET3_ADWIN,A0_None,3,10,2,0.0295,0.0,0.0,0.0
2026-06-12 19:31:43,2db18d3c,6624e12,D1_IR_Media_14mil,DET3_ADWIN,A0_None,4,10,2,0.0295,0.0,0.0,0.0
2026-06-12 19:31:45,e68147c7,6624e12,D1_IR_Media_14mil,DET3_ADWIN,A0_None,5,10,2,0.0295,0.0,0.0,0.0
2026-06-12 19:31:46,1dd50e0c,6624e12,D1_IR_Media_14mil,DET3_ADWIN,A0_None,6,10,2,0.0295,0.0,0.0,0.0
2026-06-12 19:31:48,06546bad,6624e12,D1_IR_Media_14mil,DET3_ADWIN,A0_None,7,10,2,0.0295,0.0,0.0,0.0
2026-06-12 19:31:49,15f33268,6624e12,D1_IR_Media_14mil,DET3_ADWIN,A0_None,8,10,2,0.0295,0.0,0.0,0.0
2026-06-12 19:31:51,00c7a7c9,6624e12,D1_IR_Media_14mil,DET3_ADWIN,A0_None,9,10,2,0.0295,0.0,0.0,0.0
2026-06-12 19:31:52,444e9958,6624e12,D1_IR_Media_14mil,DET3_ADWIN,A0_None,10,10,2,0.0295,0.0,0.0,0.0
2026-06-12 19:31:54,f9527714,6624e12,D1_IR_Media_14mil,DET3_ADWIN,A0_None,11,10,2,0.0295,0.0,0.0,0.0
2026-06-12 19:31:55,42b593bb,6624e12,D1_IR_Media_14mil,DET3_ADWIN,A0_None,12,10,2,0.0295,0.0,0.0,0.0
2026-06-12 19:31:57,4dd46ffa,6624e12,D1_IR_Media_14mil,DET3_ADWIN,A0_None,13,10,2,0.0295,0.0,0.0,0.0
2026-06-12 19:31:58,26ecc635,6624e12,D1_IR_Media_14mil,DET3_ADWIN,A0_None,14,10,2,0.0295,0.0,0.0,0.0
2026-06-12 19:32:00,79dcd967,6624e12,D1_IR_Media_14mil,DET3_ADWIN,A0_None,15,10,2,0.0295,0.0,0.0,0.0
2026-06-12 19:32:01,a0fbff1d,6624e12,D1_IR_Media_14mil,DET3_ADWIN,A0_None,16,10,2,0.0295,0.0,0.0,0.0
2026-06-12 19:32:03,e4c78d3e,6624e12,D1_IR_Media_14mil,DET3_ADWIN,A0_None,17,10,2,0.0295,0.0,0.0,0.0
2026-06-12 19:32:04,0f023f50,6624e12,D1_IR_Media_14mil,DET3_ADWIN,A0_None,18,10,2,0.0295,0.0,0.0,0.0
2026-06-12 19:32:06,cc08ae4b,6624e12,D1_IR_Media_14mil,DET3_ADWIN,A0_None,19,10,2,0.0295,0.0,0.0,0.0
2026-06-12 19:32:07,8e734f44,6624e12,D1_IR_Media_14mil,DET3_ADWIN,A0_None,20,10,2,0.0295,0.0,0.0,0.0
2026-06-12 19:32:09,14082d84,6624e12,D1_IR_Media_14mil,DET3_ADWIN,A0_None,21,10,2,0.0295,0.0,0.0,0.0
2026-06-12 19:32:10,4dfa270c,6624e12,D1_IR_Media_14mil,DET3_ADWIN,A0_None,22,10,2,0.0295,0.0,0.0,0.0
2026-06-12 19:32:12,6c6892d6,6624e12,D1_IR_Media_14mil,DET3_ADWIN,A0_None,23,10,2,0.0295,0.0,0.0,0.0
2026-06-12 19:32:13,272796bb,6624e12,D1_IR_Media_14mil,DET3_ADWIN,A0_None,24,10,2,0.0295,0.0,0.0,0.0
2026-06-12 19:32:15,a7a77350,6624e12,D1_IR_Media_14mil,DET3_ADWIN,A0_None,25,10,2,0.0295,0.0,0.0,0.0
2026-06-12 19:32:16,fdba603e,6624e12,D1_IR_Media_14mil,DET3_ADWIN,A0_None,26,10,2,0.0295,0.0,0.0,0.0
2026-06-12 19:32:18,5e8ff68a,6624e12,D1_IR_Media_14mil,DET3_ADWIN,A0_None,27,10,2,0.0295,0.0,0.0,0.0
2026-06-12 19:32:19,bbf27a41,6624e12,D1_IR_Media_14mil,DET3_ADWIN,A0_None,28,10,2,0.0295,0.0,0.0,0.0
2026-06-12 19:32:21,acaf5e45,6624e12,D1_IR_Media_14mil,DET3_ADWIN,A0_None,29,10,2,0.0295,0.0,0.0,0.0
2026-06-12 19:32:22,3b15bd7d,6624e12,D1_IR_Media_14mil,DET3_ADWIN,A0_None,30,10,2,0.0295,0.0,0.0,0.0
2026-06-12 19:32:24,f0001878,6624e12,D1_IR_Media_14mil,DET3_ADWIN,A1_Global,1,10,2,0.0295,21.5169,37.5,0.2031
2026-06-12 19:32:25,2b4650d8,6624e12,D1_IR_Media_14mil,DET3_ADWIN,A1_Global,2,10,2,0.0295,21.8429,33.3,0.2031
2026-06-12 19:32:27,a19871c4,6624e12,D1_IR_Media_14mil,DET3_ADWIN,A1_Global,3,10,2,0.0295,22.1205,33.3,0.2031
2026-06-12 19:32:28,c0ec100c,6624e12,D1_IR_Media_14mil,DET3_ADWIN,A1_Global,4,10,2,0.0295,21.7522,33.3,0.2031
2026-06-12 19:32:30,2e204875,6624e12,D1_IR_Media_14mil,DET3_ADWIN,A1_Global,5,10,2,0.0295,22.1398,25.0,0.2031
2026-06-12 19:32:31,30363057,6624e12,D1_IR_Media_14mil,DET3_ADWIN,A1_Global,6,10,2,0.0295,21.8625,33.3,0.2031
2026-06-12 19:32:33,ab55f1c3,6624e12,D1_IR_Media_14mil,DET3_ADWIN,A1_Global,7,10,2,0.0295,21.6335,33.3,0.2031
2026-06-12 19:32:34,c2eeb22f,6624e12,D1_IR_Media_14mil,DET3_ADWIN,A1_Global,8,10,2,0.0295,22.3169,25.0,0.2031
2026-06-12 19:32:36,67b45da4,6624e12,D1_IR_Media_14mil,DET3_ADWIN,A1_Global,9,10,2,0.0295,22.4061,44.4,0.2031
2026-06-12 19:32:37,0082569b,6624e12,D1_IR_Media_14mil,DET3_ADWIN,A1_Global,10,10,2,0.0295,22.2687,33.3,0.2031
2026-06-12 19:32:39,8b5294f6,6624e12,D1_IR_Media_14mil,DET3_ADWIN,A1_Global,11,10,2,0.0295,21.6039,30.0,0.2031
2026-06-12 19:32:41,69fa489d,6624e12,D1_IR_Media_14mil,DET3_ADWIN,A1_Global,12,10,2,0.0295,21.819,25.0,0.2031
2026-06-12 19:32:42,bd741d97,6624e12,D1_IR_Media_14mil,DET3_ADWIN,A1_Global,13,10,2,0.0295,22.3634,55.6,0.2031
2026-06-12 19:32:44,e27db27d,6624e12,D1_IR_Media_14mil,DET3_ADWIN,A1_Global,14,10,2,0.0295,21.2254,22.2,0.2031
2026-06-12 19:32:45,6352ad98,6624e12,D1_IR_Media_14mil,DET3_ADWIN,A1_Global,15,10,2,0.0295,20.707,25.0,0.2031
2026-06-12 19:32:47,913be4f7,6624e12,D1_IR_Media_14mil,DET3_ADWIN,A1_Global,16,10,2,0.0295,20.7828,22.2,0.2031
2026-06-12 19:32:48,69d72ed2,6624e12,D1_IR_Media_14mil,DET3_ADWIN,A1_Global,17,10,2,0.0295,20.7982,33.3,0.2031
2026-06-12 19:32:50,70fc077f,6624e12,D1_IR_Media_14mil,DET3_ADWIN,A1_Global,18,10,2,0.0295,21.611,33.3,0.2031
2026-06-12 19:32:51,fbf7994d,6624e12,D1_IR_Media_14mil,DET3_ADWIN,A1_Global,19,10,2,0.0295,20.7165,25.0,0.2031
2026-06-12 19:32:52,67c4adc9,6624e12,D1_IR_Media_14mil,DET3_ADWIN,A1_Global,20,10,2,0.0295,20.7803,25.0,0.2031
2026-06-12 19:32:54,04648986,6624e12,D1_IR_Media_14mil,DET3_ADWIN,A1_Global,21,10,2,0.0295,20.7683,25.0,0.2031
2026-06-12 19:32:55,745ac40e,6624e12,D1_IR_Media_14mil,DET3_ADWIN,A1_Global,22,10,2,0.0295,20.735,25.0,0.1562
2026-06-12 19:32:57,e3974fd2,6624e12,D1_IR_Media_14mil,DET3_ADWIN,A1_Global,23,10,2,0.0295,21.196,33.3,0.1562
2026-06-12 19:32:58,5309769c,6624e12,D1_IR_Media_14mil,DET3_ADWIN,A1_Global,24,10,2,0.0295,20.7207,25.0,0.1562
2026-06-12 19:33:00,41b548fe,6624e12,D1_IR_Media_14mil,DET3_ADWIN,A1_Global,25,10,2,0.0295,20.7728,25.0,0.1562
2026-06-12 19:33:01,4695326f,6624e12,D1_IR_Media_14mil,DET3_ADWIN,A1_Global,26,10,2,0.0295,20.6925,22.2,0.1562
2026-06-12 19:33:03,4ad1e1eb,6624e12,D1_IR_Media_14mil,DET3_ADWIN,A1_Global,27,10,2,0.0295,20.7684,25.0,0.1562
2026-06-12 19:33:04,a524c7e9,6624e12,D1_IR_Media_14mil,DET3_ADWIN,A1_Global,28,10,2,0.0295,20.7768,25.0,0.1562
2026-06-12 19:33:06,f55f87fc,6624e12,D1_IR_Media_14mil,DET3_ADWIN,A1_Global,29,10,2,0.0295,20.7602,25.0,0.1562
2026-06-12 19:33:07,f05b15be,6624e12,D1_IR_Media_14mil,DET3_ADWIN,A1_Global,30,10,2,0.0295,20.7378,25.0,0.1562
2026-06-12 19:33:08,74816a76,6624e12,D1_IR_Media_14mil,DET3_ADWIN,A2_Incremental,1,10,2,0.0295,1.4093,0.0,0.0
2026-06-12 19:33:10,6164e2ce,6624e12,D1_IR_Media_14mil,DET3_ADWIN,A2_Incremental,2,10,2,0.0295,1.4301,50.0,0.0
2026-06-12 19:33:11,59b4101c,6624e12,D1_IR_Media_14mil,DET3_ADWIN,A2_Incremental,3,10,2,0.0295,1.4163,0.0,0.0
2026-06-12 19:33:13,bc0a1217,6624e12,D1_IR_Media_14mil,DET3_ADWIN,A2_Incremental,4,10,2,0.0295,1.3716,0.0,0.0
2026-06-12 19:33:14,a97a53d0,6624e12,D1_IR_Media_14mil,DET3_ADWIN,A2_Incremental,5,10,2,0.0295,1.3987,0.0,0.0
2026-06-12 19:33:15,203ba772,6624e12,D1_IR_Media_14mil,DET3_ADWIN,A2_Incremental,6,10,2,0.0295,1.3649,0.0,0.0
2026-06-12 19:33:17,0f3d57da,6624e12,D1_IR_Media_14mil,DET3_ADWIN,A2_Incremental,7,10,2,0.0295,1.3878,0.0,0.0
2026-06-12 19:33:18,6ceacaf4,6624e12,D1_IR_Media_14mil,DET3_ADWIN,A2_Incremental,8,10,2,0.0295,1.3498,0.0,0.0
2026-06-12 19:33:20,c7b44304,6624e12,D1_IR_Media_14mil,DET3_ADWIN,A2_Incremental,9,10,2,0.0295,1.6945,0.0,0.0
2026-06-12 19:33:21,c8157f6d,6624e12,D1_IR_Media_14mil,DET3_ADWIN,A2_Incremental,10,10,2,0.0295,1.5115,0.0,0.0
2026-06-12 19:33:22,b85b1e69,6624e12,D1_IR_Media_14mil,DET3_ADWIN,A2_Incremental,11,10,2,0.0295,1.4347,0.0,0.0
2026-06-12 19:33:24,59796c68,6624e12,D1_IR_Media_14mil,DET3_ADWIN,A2_Incremental,12,10,2,0.0295,1.3858,0.0,0.0
2026-06-12 19:33:25,0438ea79,6624e12,D1_IR_Media_14mil,DET3_ADWIN,A2_Incremental,13,10,2,0.0295,1.4151,50.0,0.0
2026-06-12 19:33:27,179c5a8d,6624e12,D1_IR_Media_14mil,DET3_ADWIN,A2_Incremental,14,10,2,0.0295,1.3557,0.0,0.0
2026-06-12 19:33:28,47d7fcb8,6624e12,D1_IR_Media_14mil,DET3_ADWIN,A2_Incremental,15,10,2,0.0295,1.4529,0.0,0.0
2026-06-12 19:33:29,f254e3ee,6624e12,D1_IR_Media_14mil,DET3_ADWIN,A2_Incremental,16,10,2,0.0295,1.8542,50.0,0.0
2026-06-12 19:33:31,7588bd4f,6624e12,D1_IR_Media_14mil,DET3_ADWIN,A2_Incremental,17,10,2,0.0295,1.3613,0.0,0.0
2026-06-12 19:33:32,0ee3c312,6624e12,D1_IR_Media_14mil,DET3_ADWIN,A2_Incremental,18,10,2,0.0295,1.3863,0.0,0.0
2026-06-12 19:33:33,e3ae790c,6624e12,D1_IR_Media_14mil,DET3_ADWIN,A2_Incremental,19,10,2,0.0295,1.4103,50.0,0.0
2026-06-12 19:33:35,d4766c2a,6624e12,D1_IR_Media_14mil,DET3_ADWIN,A2_Incremental,20,10,2,0.0295,1.3666,0.0,0.0
2026-06-12 19:33:36,8a16341f,6624e12,D1_IR_Media_14mil,DET3_ADWIN,A2_Incremental,21,10,2,0.0295,1.3895,0.0,0.0
2026-06-12 19:33:38,7657cb1f,6624e12,D1_IR_Media_14mil,DET3_ADWIN,A2_Incremental,22,10,2,0.0295,1.3835,0.0,0.0
2026-06-12 19:33:39,2db4fd1d,6624e12,D1_IR_Media_14mil,DET3_ADWIN,A2_Incremental,23,10,2,0.0295,1.4213,0.0,0.0
2026-06-12 19:33:40,d724ef0a,6624e12,D1_IR_Media_14mil,DET3_ADWIN,A2_Incremental,24,10,2,0.0295,1.4459,0.0,0.0
2026-06-12 19:33:42,98eb78f5,6624e12,D1_IR_Media_14mil,DET3_ADWIN,A2_Incremental,25,10,2,0.0295,1.3957,0.0,0.0
2026-06-12 19:33:43,fe42b30e,6624e12,D1_IR_Media_14mil,DET3_ADWIN,A2_Incremental,26,10,2,0.0295,1.3548,0.0,0.0
2026-06-12 19:33:45,a8bfa958,6624e12,D1_IR_Media_14mil,DET3_ADWIN,A2_Incremental,27,10,2,0.0295,1.3902,0.0,0.0
2026-06-12 19:33:46,c9084f76,6624e12,D1_IR_Media_14mil,DET3_ADWIN,A2_Incremental,28,10,2,0.0295,1.3603,0.0,0.0
2026-06-12 19:33:47,c3fe6666,6624e12,D1_IR_Media_14mil,DET3_ADWIN,A2_Incremental,29,10,2,0.0295,1.6246,0.0,0.0
2026-06-12 19:33:49,ef933804,6624e12,D1_IR_Media_14mil,DET3_ADWIN,A2_Incremental,30,10,2,0.0295,1.3783,0.0,0.0
2026-06-12 19:33:49,d73cb714,6624e12,D1_IR_Severa_21mil,DET0_None,A0_None,1,N/D,0,0.0,0.0,0.0,0.0
2026-06-12 19:33:49,7449520d,6624e12,D1_IR_Severa_21mil,DET0_None,A0_None,2,N/D,0,0.0,0.0,0.0,0.0
2026-06-12 19:33:49,b5c89ea1,6624e12,D1_IR_Severa_21mil,DET0_None,A0_None,3,N/D,0,0.0,0.0,0.0,0.0
2026-06-12 19:33:49,718127f9,6624e12,D1_IR_Severa_21mil,DET0_None,A0_None,4,N/D,0,0.0,0.0,0.0,0.0
2026-06-12 19:33:49,986086d7,6624e12,D1_IR_Severa_21mil,DET0_None,A0_None,5,N/D,0,0.0,0.0,0.0,0.0
2026-06-12 19:33:49,31ecb7a6,6624e12,D1_IR_Severa_21mil,DET0_None,A0_None,6,N/D,0,0.0,0.0,0.0,0.0
2026-06-12 19:33:49,22959c2f,6624e12,D1_IR_Severa_21mil,DET0_None,A0_None,7,N/D,0,0.0,0.0,0.0,0.0
2026-06-12 19:33:49,30e02c75,6624e12,D1_IR_Severa_21mil,DET0_None,A0_None,8,N/D,0,0.0,0.0,0.0,0.0
2026-06-12 19:33:49,2c4bcd5d,6624e12,D1_IR_Severa_21mil,DET0_None,A0_None,9,N/D,0,0.0,0.0,0.0,0.0
2026-06-12 19:33:49,a21a7967,6624e12,D1_IR_Severa_21mil,DET0_None,A0_None,10,N/D,0,0.0,0.0,0.0,0.0
2026-06-12 19:33:49,723f25fe,6624e12,D1_IR_Severa_21mil,DET0_None,A0_None,11,N/D,0,0.0,0.0,0.0,0.0
2026-06-12 19:33:49,63756f78,6624e12,D1_IR_Severa_21mil,DET0_None,A0_None,12,N/D,0,0.0,0.0,0.0,0.0
2026-06-12 19:33:49,693260b7,6624e12,D1_IR_Severa_21mil,DET0_None,A0_None,13,N/D,0,0.0,0.0,0.0,0.0
2026-06-12 19:33:49,38ca401f,6624e12,D1_IR_Severa_21mil,DET0_None,A0_None,14,N/D,0,0.0,0.0,0.0,0.0
2026-06-12 19:33:49,e9f16312,6624e12,D1_IR_Severa_21mil,DET0_None,A0_None,15,N/D,0,0.0,0.0,0.0,0.0
2026-06-12 19:33:49,31799569,6624e12,D1_IR_Severa_21mil,DET0_None,A0_None,16,N/D,0,0.0,0.0,0.0,0.0
2026-06-12 19:33:49,2072a0f0,6624e12,D1_IR_Severa_21mil,DET0_None,A0_None,17,N/D,0,0.0,0.0,0.0,0.0
2026-06-12 19:33:49,95fdec67,6624e12,D1_IR_Severa_21mil,DET0_None,A0_None,18,N/D,0,0.0,0.0,0.0,0.0
2026-06-12 19:33:49,b4796141,6624e12,D1_IR_Severa_21mil,DET0_None,A0_None,19,N/D,0,0.0,0.0,0.0,0.0
2026-06-12 19:33:49,b4f1b4d9,6624e12,D1_IR_Severa_21mil,DET0_None,A0_None,20,N/D,0,0.0,0.0,0.0,0.0
2026-06-12 19:33:49,0452ed0e,6624e12,D1_IR_Severa_21mil,DET0_None,A0_None,21,N/D,0,0.0,0.0,0.0,0.0
2026-06-12 19:33:49,8cbaf6ba,6624e12,D1_IR_Severa_21mil,DET0_None,A0_None,22,N/D,0,0.0,0.0,0.0,0.0
2026-06-12 19:33:49,7366138e,6624e12,D1_IR_Severa_21mil,DET0_None,A0_None,23,N/D,0,0.0,0.0,0.0,0.0
2026-06-12 19:33:49,27f64971,6624e12,D1_IR_Severa_21mil,DET0_None,A0_None,24,N/D,0,0.0,0.0,0.0,0.0
2026-06-12 19:33:49,9a4ebfb1,6624e12,D1_IR_Severa_21mil,DET0_None,A0_None,25,N/D,0,0.0,0.0,0.0,0.0
2026-06-12 19:33:49,51fc16c5,6624e12,D1_IR_Severa_21mil,DET0_None,A0_None,26,N/D,0,0.0,0.0,0.0,0.0
2026-06-12 19:33:49,8746c585,6624e12,D1_IR_Severa_21mil,DET0_None,A0_None,27,N/D,0,0.0,0.0,0.0,0.0
2026-06-12 19:33:49,5507f945,6624e12,D1_IR_Severa_21mil,DET0_None,A0_None,28,N/D,0,0.0,0.0,0.0,0.0
2026-06-12 19:33:49,64b7680f,6624e12,D1_IR_Severa_21mil,DET0_None,A0_None,29,N/D,0,0.0,0.0,0.0,0.0
2026-06-12 19:33:49,64c8ae23,6624e12,D1_IR_Severa_21mil,DET0_None,A0_None,30,N/D,0,0.0,0.0,0.0,0.0
2026-06-12 19:33:50,3efb94ba,6624e12,D1_IR_Severa_21mil,DET1_OCSVM,A0_None,1,9,0,0.0,0.0,0.0,0.0
2026-06-12 19:33:51,90fe40cc,6624e12,D1_IR_Severa_21mil,DET1_OCSVM,A0_None,2,9,0,0.0,0.0,0.0,0.0
2026-06-12 19:33:53,1bd4389b,6624e12,D1_IR_Severa_21mil,DET1_OCSVM,A0_None,3,9,0,0.0,0.0,0.0,0.0
2026-06-12 19:33:54,a0015e42,6624e12,D1_IR_Severa_21mil,DET1_OCSVM,A0_None,4,9,0,0.0,0.0,0.0,0.0
2026-06-12 19:33:56,aa0df8b1,6624e12,D1_IR_Severa_21mil,DET1_OCSVM,A0_None,5,9,0,0.0,0.0,0.0,0.0
2026-06-12 19:33:57,205edcad,6624e12,D1_IR_Severa_21mil,DET1_OCSVM,A0_None,6,9,0,0.0,0.0,0.0,0.0
2026-06-12 19:33:59,033c1ad6,6624e12,D1_IR_Severa_21mil,DET1_OCSVM,A0_None,7,9,0,0.0,0.0,0.0,0.0
2026-06-12 19:34:00,bfae601d,6624e12,D1_IR_Severa_21mil,DET1_OCSVM,A0_None,8,9,0,0.0,0.0,0.0,0.0
2026-06-12 19:34:01,c449bbfb,6624e12,D1_IR_Severa_21mil,DET1_OCSVM,A0_None,9,9,0,0.0,0.0,0.0,0.0
2026-06-12 19:34:03,b35bded5,6624e12,D1_IR_Severa_21mil,DET1_OCSVM,A0_None,10,9,0,0.0,0.0,0.0,0.0
2026-06-12 19:34:04,94a36679,6624e12,D1_IR_Severa_21mil,DET1_OCSVM,A0_None,11,9,0,0.0,0.0,0.0,0.0
2026-06-12 19:34:06,7744850c,6624e12,D1_IR_Severa_21mil,DET1_OCSVM,A0_None,12,9,0,0.0,0.0,0.0,0.0
2026-06-12 19:34:07,49de45ac,6624e12,D1_IR_Severa_21mil,DET1_OCSVM,A0_None,13,9,0,0.0,0.0,0.0,0.0
2026-06-12 19:34:08,7b4aa5e9,6624e12,D1_IR_Severa_21mil,DET1_OCSVM,A0_None,14,9,0,0.0,0.0,0.0,0.0
2026-06-12 19:34:10,622d6c74,6624e12,D1_IR_Severa_21mil,DET1_OCSVM,A0_None,15,9,0,0.0,0.0,0.0,0.0
2026-06-12 19:34:11,6166418e,6624e12,D1_IR_Severa_21mil,DET1_OCSVM,A0_None,16,9,0,0.0,0.0,0.0,0.0
2026-06-12 19:34:13,8adeb06a,6624e12,D1_IR_Severa_21mil,DET1_OCSVM,A0_None,17,9,0,0.0,0.0,0.0,0.0
2026-06-12 19:34:14,53b432eb,6624e12,D1_IR_Severa_21mil,DET1_OCSVM,A0_None,18,9,0,0.0,0.0,0.0,0.0
2026-06-12 19:34:15,4154bb3d,6624e12,D1_IR_Severa_21mil,DET1_OCSVM,A0_None,19,9,0,0.0,0.0,0.0,0.0
2026-06-12 19:34:17,f5727a7b,6624e12,D1_IR_Severa_21mil,DET1_OCSVM,A0_None,20,9,0,0.0,0.0,0.0,0.0
2026-06-12 19:34:18,3abff95c,6624e12,D1_IR_Severa_21mil,DET1_OCSVM,A0_None,21,9,0,0.0,0.0,0.0,0.0
2026-06-12 19:34:20,a6069098,6624e12,D1_IR_Severa_21mil,DET1_OCSVM,A0_None,22,9,0,0.0,0.0,0.0,0.0
2026-06-12 19:34:21,ea183374,6624e12,D1_IR_Severa_21mil,DET1_OCSVM,A0_None,23,9,0,0.0,0.0,0.0,0.0
2026-06-12 19:34:22,b5804a67,6624e12,D1_IR_Severa_21mil,DET1_OCSVM,A0_None,24,9,0,0.0,0.0,0.0,0.0
2026-06-12 19:34:24,b3062d10,6624e12,D1_IR_Severa_21mil,DET1_OCSVM,A0_None,25,9,0,0.0,0.0,0.0,0.0
2026-06-12 19:34:25,00f04fcc,6624e12,D1_IR_Severa_21mil,DET1_OCSVM,A0_None,26,9,0,0.0,0.0,0.0,0.0
2026-06-12 19:34:27,d2b831c7,6624e12,D1_IR_Severa_21mil,DET1_OCSVM,A0_None,27,9,0,0.0,0.0,0.0,0.0
2026-06-12 19:34:28,b548f894,6624e12,D1_IR_Severa_21mil,DET1_OCSVM,A0_None,28,9,0,0.0,0.0,0.0,0.0
2026-06-12 19:34:29,02a7ab40,6624e12,D1_IR_Severa_21mil,DET1_OCSVM,A0_None,29,9,0,0.0,0.0,0.0,0.0
2026-06-12 19:34:31,8151e171,6624e12,D1_IR_Severa_21mil,DET1_OCSVM,A0_None,30,9,0,0.0,0.0,0.0,0.0
2026-06-12 19:34:32,20c9e902,6624e12,D1_IR_Severa_21mil,DET1_OCSVM,A1_Global,1,9,0,0.0,20.548,22.2,0.1406
2026-06-12 19:34:34,565f2769,6624e12,D1_IR_Severa_21mil,DET1_OCSVM,A1_Global,2,9,0,0.0,20.6413,30.0,0.1406
2026-06-12 19:34:35,d338f30c,6624e12,D1_IR_Severa_21mil,DET1_OCSVM,A1_Global,3,9,0,0.0,20.6961,25.0,0.1406
2026-06-12 19:34:37,6b7a6d1c,6624e12,D1_IR_Severa_21mil,DET1_OCSVM,A1_Global,4,9,0,0.0,20.5954,25.0,0.1406
2026-06-12 19:34:38,e5e9d382,6624e12,D1_IR_Severa_21mil,DET1_OCSVM,A1_Global,5,9,0,0.0,20.6256,25.0,0.1406
2026-06-12 19:34:39,b1be2208,6624e12,D1_IR_Severa_21mil,DET1_OCSVM,A1_Global,6,9,0,0.0,20.5669,25.0,0.1406
2026-06-12 19:34:41,5e2365d8,6624e12,D1_IR_Severa_21mil,DET1_OCSVM,A1_Global,7,9,0,0.0,20.6149,22.2,0.1406
2026-06-12 19:34:42,256d8705,6624e12,D1_IR_Severa_21mil,DET1_OCSVM,A1_Global,8,9,0,0.0,20.5995,14.3,0.1406
2026-06-12 19:34:44,b78eefa6,6624e12,D1_IR_Severa_21mil,DET1_OCSVM,A1_Global,9,9,0,0.0,20.9533,37.5,0.1406
2026-06-12 19:34:45,d7010957,6624e12,D1_IR_Severa_21mil,DET1_OCSVM,A1_Global,10,9,0,0.0,20.5997,25.0,0.1406
2026-06-12 19:34:47,9a859f9c,6624e12,D1_IR_Severa_21mil,DET1_OCSVM,A1_Global,11,9,0,0.0,20.7394,25.0,0.1406
2026-06-12 19:34:48,ef4b464d,6624e12,D1_IR_Severa_21mil,DET1_OCSVM,A1_Global,12,9,0,0.0,20.5503,25.0,0.1406
2026-06-12 19:34:50,348416a7,6624e12,D1_IR_Severa_21mil,DET1_OCSVM,A1_Global,13,9,0,0.0,20.5601,25.0,0.1406
2026-06-12 19:34:51,f49dbe7b,6624e12,D1_IR_Severa_21mil,DET1_OCSVM,A1_Global,14,9,0,0.0,20.9273,14.3,0.1406
2026-06-12 19:34:52,eeffb61b,6624e12,D1_IR_Severa_21mil,DET1_OCSVM,A1_Global,15,9,0,0.0,20.5925,25.0,0.1406
2026-06-12 19:34:54,4ec0a365,6624e12,D1_IR_Severa_21mil,DET1_OCSVM,A1_Global,16,9,0,0.0,20.5996,33.3,0.1406
2026-06-12 19:34:55,54604241,6624e12,D1_IR_Severa_21mil,DET1_OCSVM,A1_Global,17,9,0,0.0,21.0788,25.0,0.1562
2026-06-12 19:34:57,a33368ce,6624e12,D1_IR_Severa_21mil,DET1_OCSVM,A1_Global,18,9,0,0.0,20.604,33.3,0.1406
2026-06-12 19:34:58,759e0468,6624e12,D1_IR_Severa_21mil,DET1_OCSVM,A1_Global,19,9,0,0.0,20.6701,25.0,0.1406
2026-06-12 19:35:00,ffd9901b,6624e12,D1_IR_Severa_21mil,DET1_OCSVM,A1_Global,20,9,0,0.0,20.5564,30.0,0.1406
2026-06-12 19:35:01,6715fa61,6624e12,D1_IR_Severa_21mil,DET1_OCSVM,A1_Global,21,9,0,0.0,20.6201,33.3,0.1406
2026-06-12 19:35:03,530ff27c,6624e12,D1_IR_Severa_21mil,DET1_OCSVM,A1_Global,22,9,0,0.0,21.3829,25.0,0.1406
2026-06-12 19:35:04,c7dd9d0d,6624e12,D1_IR_Severa_21mil,DET1_OCSVM,A1_Global,23,9,0,0.0,20.6214,25.0,0.1406
2026-06-12 19:35:05,b8245144,6624e12,D1_IR_Severa_21mil,DET1_OCSVM,A1_Global,24,9,0,0.0,20.6247,22.2,0.1406
2026-06-12 19:35:07,e0c5bf8c,6624e12,D1_IR_Severa_21mil,DET1_OCSVM,A1_Global,25,9,0,0.0,20.6627,25.0,0.1406
2026-06-12 19:35:08,932bd755,6624e12,D1_IR_Severa_21mil,DET1_OCSVM,A1_Global,26,9,0,0.0,20.5219,25.0,0.1406
2026-06-12 19:35:10,226bfd32,6624e12,D1_IR_Severa_21mil,DET1_OCSVM,A1_Global,27,9,0,0.0,20.6623,25.0,0.1406
2026-06-12 19:35:11,04aa03e2,6624e12,D1_IR_Severa_21mil,DET1_OCSVM,A1_Global,28,9,0,0.0,20.724,25.0,0.1406
2026-06-12 19:35:13,fff02212,6624e12,D1_IR_Severa_21mil,DET1_OCSVM,A1_Global,29,9,0,0.0,20.7304,22.2,0.1406
2026-06-12 19:35:14,33623dfa,6624e12,D1_IR_Severa_21mil,DET1_OCSVM,A1_Global,30,9,0,0.0,20.7469,25.0,0.1406
2026-06-12 19:35:15,4b176451,6624e12,D1_IR_Severa_21mil,DET1_OCSVM,A2_Incremental,1,9,0,0.0,1.4603,0.0,0.0
2026-06-12 19:35:17,c3f30a7d,6624e12,D1_IR_Severa_21mil,DET1_OCSVM,A2_Incremental,2,9,0,0.0,1.4055,0.0,0.0
2026-06-12 19:35:18,1f676de6,6624e12,D1_IR_Severa_21mil,DET1_OCSVM,A2_Incremental,3,9,0,0.0,1.4042,0.0,0.0
2026-06-12 19:35:20,10b10dc6,6624e12,D1_IR_Severa_21mil,DET1_OCSVM,A2_Incremental,4,9,0,0.0,1.4736,0.0,0.0
2026-06-12 19:35:21,f5d07428,6624e12,D1_IR_Severa_21mil,DET1_OCSVM,A2_Incremental,5,9,0,0.0,1.4525,0.0,0.0
2026-06-12 19:35:22,4e869373,6624e12,D1_IR_Severa_21mil,DET1_OCSVM,A2_Incremental,6,9,0,0.0,1.4507,0.0,0.0
2026-06-12 19:35:24,8910e1fc,6624e12,D1_IR_Severa_21mil,DET1_OCSVM,A2_Incremental,7,9,0,0.0,1.4053,0.0,0.0
2026-06-12 19:35:25,6973b932,6624e12,D1_IR_Severa_21mil,DET1_OCSVM,A2_Incremental,8,9,0,0.0,1.4568,0.0,0.0
2026-06-12 19:35:26,11fa47a9,6624e12,D1_IR_Severa_21mil,DET1_OCSVM,A2_Incremental,9,9,0,0.0,1.4453,0.0,0.0
2026-06-12 19:35:28,27a4ee07,6624e12,D1_IR_Severa_21mil,DET1_OCSVM,A2_Incremental,10,9,0,0.0,1.4621,0.0,0.0
2026-06-12 19:35:29,8225510d,6624e12,D1_IR_Severa_21mil,DET1_OCSVM,A2_Incremental,11,9,0,0.0,1.4869,0.0,0.0
2026-06-12 19:35:31,7c083aa2,6624e12,D1_IR_Severa_21mil,DET1_OCSVM,A2_Incremental,12,9,0,0.0,1.4745,0.0,0.0
2026-06-12 19:35:32,dfbf59c6,6624e12,D1_IR_Severa_21mil,DET1_OCSVM,A2_Incremental,13,9,0,0.0,1.6301,0.0,0.0
2026-06-12 19:35:33,3a1ce76c,6624e12,D1_IR_Severa_21mil,DET1_OCSVM,A2_Incremental,14,9,0,0.0,1.4433,0.0,0.0
2026-06-12 19:35:35,6706ac39,6624e12,D1_IR_Severa_21mil,DET1_OCSVM,A2_Incremental,15,9,0,0.0,1.4277,0.0,0.0
2026-06-12 19:35:36,414d1081,6624e12,D1_IR_Severa_21mil,DET1_OCSVM,A2_Incremental,16,9,0,0.0,1.4838,0.0,0.0
2026-06-12 19:35:37,4bdf5ca4,6624e12,D1_IR_Severa_21mil,DET1_OCSVM,A2_Incremental,17,9,0,0.0,1.4168,0.0,0.0
2026-06-12 19:35:39,d301b7fe,6624e12,D1_IR_Severa_21mil,DET1_OCSVM,A2_Incremental,18,9,0,0.0,1.813,50.0,0.0
2026-06-12 19:35:40,db81fdb4,6624e12,D1_IR_Severa_21mil,DET1_OCSVM,A2_Incremental,19,9,0,0.0,1.4299,0.0,0.0
2026-06-12 19:35:42,64238d5b,6624e12,D1_IR_Severa_21mil,DET1_OCSVM,A2_Incremental,20,9,0,0.0,1.4068,0.0,0.0
2026-06-12 19:35:43,3c83999e,6624e12,D1_IR_Severa_21mil,DET1_OCSVM,A2_Incremental,21,9,0,0.0,1.4302,0.0,0.0
2026-06-12 19:35:44,5261863f,6624e12,D1_IR_Severa_21mil,DET1_OCSVM,A2_Incremental,22,9,0,0.0,1.7773,0.0,0.0
2026-06-12 19:35:46,6d0ca385,6624e12,D1_IR_Severa_21mil,DET1_OCSVM,A2_Incremental,23,9,0,0.0,1.3688,0.0,0.0
2026-06-12 19:35:47,28ea9d40,6624e12,D1_IR_Severa_21mil,DET1_OCSVM,A2_Incremental,24,9,0,0.0,1.4252,0.0,0.0
2026-06-12 19:35:48,e0193cd7,6624e12,D1_IR_Severa_21mil,DET1_OCSVM,A2_Incremental,25,9,0,0.0,1.7309,0.0,0.0
2026-06-12 19:35:50,bc4756ad,6624e12,D1_IR_Severa_21mil,DET1_OCSVM,A2_Incremental,26,9,0,0.0,1.4125,0.0,0.0
2026-06-12 19:35:51,b5fb7320,6624e12,D1_IR_Severa_21mil,DET1_OCSVM,A2_Incremental,27,9,0,0.0,1.4353,0.0,0.0
2026-06-12 19:35:52,bcb0d5d6,6624e12,D1_IR_Severa_21mil,DET1_OCSVM,A2_Incremental,28,9,0,0.0,1.7987,0.0,0.0
2026-06-12 19:35:54,4671bb6b,6624e12,D1_IR_Severa_21mil,DET1_OCSVM,A2_Incremental,29,9,0,0.0,1.4408,0.0,0.0
2026-06-12 19:35:55,0e577551,6624e12,D1_IR_Severa_21mil,DET1_OCSVM,A2_Incremental,30,9,0,0.0,1.4613,0.0,0.0
2026-06-12 19:36:02,75a46ac8,6624e12,D1_IR_Severa_21mil,DET2_KS,A0_None,1,13,15,0.2215,0.0,0.0,0.0
2026-06-12 19:36:08,2b045a8d,6624e12,D1_IR_Severa_21mil,DET2_KS,A0_None,2,13,15,0.2215,0.0,0.0,0.0
2026-06-12 19:36:15,ccab5239,6624e12,D1_IR_Severa_21mil,DET2_KS,A0_None,3,13,15,0.2215,0.0,0.0,0.0
2026-06-12 19:36:21,c8c9d024,6624e12,D1_IR_Severa_21mil,DET2_KS,A0_None,4,13,15,0.2215,0.0,0.0,0.0
2026-06-12 19:36:28,ce4991f2,6624e12,D1_IR_Severa_21mil,DET2_KS,A0_None,5,13,15,0.2215,0.0,0.0,0.0
2026-06-12 19:36:34,a65e9a0c,6624e12,D1_IR_Severa_21mil,DET2_KS,A0_None,6,13,15,0.2215,0.0,0.0,0.0
2026-06-12 19:36:41,e55a6b21,6624e12,D1_IR_Severa_21mil,DET2_KS,A0_None,7,13,15,0.2215,0.0,0.0,0.0
2026-06-12 19:36:48,6d424014,6624e12,D1_IR_Severa_21mil,DET2_KS,A0_None,8,13,15,0.2215,0.0,0.0,0.0
2026-06-12 19:36:54,8126770f,6624e12,D1_IR_Severa_21mil,DET2_KS,A0_None,9,13,15,0.2215,0.0,0.0,0.0
2026-06-12 19:37:01,a4a46482,6624e12,D1_IR_Severa_21mil,DET2_KS,A0_None,10,13,15,0.2215,0.0,0.0,0.0
2026-06-12 19:37:07,adaf3df6,6624e12,D1_IR_Severa_21mil,DET2_KS,A0_None,11,13,15,0.2215,0.0,0.0,0.0
2026-06-12 19:37:14,9d15b8bf,6624e12,D1_IR_Severa_21mil,DET2_KS,A0_None,12,13,15,0.2215,0.0,0.0,0.0
2026-06-12 19:37:20,4e50db1c,6624e12,D1_IR_Severa_21mil,DET2_KS,A0_None,13,13,15,0.2215,0.0,0.0,0.0
2026-06-12 19:37:27,121d6273,6624e12,D1_IR_Severa_21mil,DET2_KS,A0_None,14,13,15,0.2215,0.0,0.0,0.0
2026-06-12 19:37:33,021dffea,6624e12,D1_IR_Severa_21mil,DET2_KS,A0_None,15,13,15,0.2215,0.0,0.0,0.0
2026-06-12 19:37:40,2cc70d4d,6624e12,D1_IR_Severa_21mil,DET2_KS,A0_None,16,13,15,0.2215,0.0,0.0,0.0
2026-06-12 19:37:47,e9143b93,6624e12,D1_IR_Severa_21mil,DET2_KS,A0_None,17,13,15,0.2215,0.0,0.0,0.0
2026-06-12 19:37:53,a7f6181e,6624e12,D1_IR_Severa_21mil,DET2_KS,A0_None,18,13,15,0.2215,0.0,0.0,0.0
2026-06-12 19:38:00,3d91a3b7,6624e12,D1_IR_Severa_21mil,DET2_KS,A0_None,19,13,15,0.2215,0.0,0.0,0.0
2026-06-12 19:38:06,bf1a9f2c,6624e12,D1_IR_Severa_21mil,DET2_KS,A0_None,20,13,15,0.2215,0.0,0.0,0.0
2026-06-12 19:38:13,a0f17474,6624e12,D1_IR_Severa_21mil,DET2_KS,A0_None,21,13,15,0.2215,0.0,0.0,0.0
2026-06-12 19:38:19,88609f0d,6624e12,D1_IR_Severa_21mil,DET2_KS,A0_None,22,13,15,0.2215,0.0,0.0,0.0
2026-06-12 19:38:26,0dd441ab,6624e12,D1_IR_Severa_21mil,DET2_KS,A0_None,23,13,15,0.2215,0.0,0.0,0.0
2026-06-12 19:38:33,a968580d,6624e12,D1_IR_Severa_21mil,DET2_KS,A0_None,24,13,15,0.2215,0.0,0.0,0.0
2026-06-12 19:38:39,c79faef1,6624e12,D1_IR_Severa_21mil,DET2_KS,A0_None,25,13,15,0.2215,0.0,0.0,0.0
2026-06-12 19:38:46,7f5d57df,6624e12,D1_IR_Severa_21mil,DET2_KS,A0_None,26,13,15,0.2215,0.0,0.0,0.0
2026-06-12 19:38:52,d96ff009,6624e12,D1_IR_Severa_21mil,DET2_KS,A0_None,27,13,15,0.2215,0.0,0.0,0.0
2026-06-12 19:38:59,4df65628,6624e12,D1_IR_Severa_21mil,DET2_KS,A0_None,28,13,15,0.2215,0.0,0.0,0.0
2026-06-12 19:39:05,77389f72,6624e12,D1_IR_Severa_21mil,DET2_KS,A0_None,29,13,15,0.2215,0.0,0.0,0.0
2026-06-12 19:39:12,cd450a51,6624e12,D1_IR_Severa_21mil,DET2_KS,A0_None,30,13,15,0.2215,0.0,0.0,0.0
2026-06-12 19:39:18,593c83fb,6624e12,D1_IR_Severa_21mil,DET2_KS,A1_Global,1,13,15,0.2215,21.1438,22.2,0.1406
2026-06-12 19:39:25,9cffa388,6624e12,D1_IR_Severa_21mil,DET2_KS,A1_Global,2,13,15,0.2215,22.5245,33.3,0.1406
2026-06-12 19:39:32,4b2427be,6624e12,D1_IR_Severa_21mil,DET2_KS,A1_Global,3,13,15,0.2215,21.433,25.0,0.1406
2026-06-12 19:39:38,c26f7b7c,6624e12,D1_IR_Severa_21mil,DET2_KS,A1_Global,4,13,15,0.2215,20.9468,14.3,0.1406
2026-06-12 19:39:45,76f72517,6624e12,D1_IR_Severa_21mil,DET2_KS,A1_Global,5,13,15,0.2215,20.8953,25.0,0.1406
2026-06-12 19:39:51,1306d7e2,6624e12,D1_IR_Severa_21mil,DET2_KS,A1_Global,6,13,15,0.2215,20.8615,33.3,0.1406
2026-06-12 19:39:58,12e04b5a,6624e12,D1_IR_Severa_21mil,DET2_KS,A1_Global,7,13,15,0.2215,20.8694,25.0,0.1406
2026-06-12 19:40:05,8ee992f3,6624e12,D1_IR_Severa_21mil,DET2_KS,A1_Global,8,13,15,0.2215,21.0112,40.0,0.1406
2026-06-12 19:40:11,369ee1d7,6624e12,D1_IR_Severa_21mil,DET2_KS,A1_Global,9,13,15,0.2215,20.7377,25.0,0.1406
2026-06-12 19:40:18,aed0a970,6624e12,D1_IR_Severa_21mil,DET2_KS,A1_Global,10,13,15,0.2215,20.8189,22.2,0.1406
2026-06-12 19:40:24,fde5fd64,6624e12,D1_IR_Severa_21mil,DET2_KS,A1_Global,11,13,15,0.2215,20.9233,25.0,0.1406
2026-06-12 19:40:31,f11f4617,6624e12,D1_IR_Severa_21mil,DET2_KS,A1_Global,12,13,15,0.2215,20.7492,25.0,0.1406
2026-06-12 19:40:37,c8f7f83d,6624e12,D1_IR_Severa_21mil,DET2_KS,A1_Global,13,13,15,0.2215,20.7681,25.0,0.1406
2026-06-12 19:40:44,c3ab39a6,6624e12,D1_IR_Severa_21mil,DET2_KS,A1_Global,14,13,15,0.2215,21.3766,55.6,0.1406
2026-06-12 19:40:51,d5652d51,6624e12,D1_IR_Severa_21mil,DET2_KS,A1_Global,15,13,15,0.2215,20.78,25.0,0.1406
2026-06-12 19:40:57,947f1ed8,6624e12,D1_IR_Severa_21mil,DET2_KS,A1_Global,16,13,15,0.2215,21.1826,25.0,0.1406
2026-06-12 19:41:04,330393ed,6624e12,D1_IR_Severa_21mil,DET2_KS,A1_Global,17,13,15,0.2215,20.8399,25.0,0.1406
2026-06-12 19:41:11,5939f3db,6624e12,D1_IR_Severa_21mil,DET2_KS,A1_Global,18,13,15,0.2215,21.3734,25.0,0.1406
2026-06-12 19:41:17,573bba17,6624e12,D1_IR_Severa_21mil,DET2_KS,A1_Global,19,13,15,0.2215,20.8308,25.0,0.1406
2026-06-12 19:41:24,2c51a40d,6624e12,D1_IR_Severa_21mil,DET2_KS,A1_Global,20,13,15,0.2215,20.8763,22.2,0.1406
2026-06-12 19:41:30,f1fc341e,6624e12,D1_IR_Severa_21mil,DET2_KS,A1_Global,21,13,15,0.2215,20.9029,22.2,0.1406
2026-06-12 19:41:37,99b0ad48,6624e12,D1_IR_Severa_21mil,DET2_KS,A1_Global,22,13,15,0.2215,20.9736,25.0,0.1406
2026-06-12 19:41:44,1e15da54,6624e12,D1_IR_Severa_21mil,DET2_KS,A1_Global,23,13,15,0.2215,20.7523,22.2,0.1406
2026-06-12 19:41:50,60dd2122,6624e12,D1_IR_Severa_21mil,DET2_KS,A1_Global,24,13,15,0.2215,20.9922,22.2,0.1406
2026-06-12 19:41:57,3981e352,6624e12,D1_IR_Severa_21mil,DET2_KS,A1_Global,25,13,15,0.2215,20.8635,22.2,0.1406
2026-06-12 19:42:04,f6583bb0,6624e12,D1_IR_Severa_21mil,DET2_KS,A1_Global,26,13,15,0.2215,21.6681,45.5,0.1406
2026-06-12 19:42:10,0c0c088b,6624e12,D1_IR_Severa_21mil,DET2_KS,A1_Global,27,13,15,0.2215,20.8615,33.3,0.1406
2026-06-12 19:42:17,384967e1,6624e12,D1_IR_Severa_21mil,DET2_KS,A1_Global,28,13,15,0.2215,20.7905,25.0,0.1406
2026-06-12 19:42:23,748810e6,6624e12,D1_IR_Severa_21mil,DET2_KS,A1_Global,29,13,15,0.2215,21.2993,30.0,0.1406
2026-06-12 19:42:30,8ee93e43,6624e12,D1_IR_Severa_21mil,DET2_KS,A1_Global,30,13,15,0.2215,20.989,33.3,0.1406
2026-06-12 19:42:36,218f4958,6624e12,D1_IR_Severa_21mil,DET2_KS,A2_Incremental,1,13,15,0.2215,1.7366,0.0,0.0
2026-06-12 19:42:43,aac8dfad,6624e12,D1_IR_Severa_21mil,DET2_KS,A2_Incremental,2,13,15,0.2215,1.3901,0.0,0.0
2026-06-12 19:42:50,bd05f05f,6624e12,D1_IR_Severa_21mil,DET2_KS,A2_Incremental,3,13,15,0.2215,1.3735,0.0,0.0
2026-06-12 19:42:56,7a18bbfa,6624e12,D1_IR_Severa_21mil,DET2_KS,A2_Incremental,4,13,15,0.2215,1.5808,0.0,0.0
2026-06-12 19:43:03,3ffae210,6624e12,D1_IR_Severa_21mil,DET2_KS,A2_Incremental,5,13,15,0.2215,1.3813,0.0,0.0
2026-06-12 19:43:10,2a528b00,6624e12,D1_IR_Severa_21mil,DET2_KS,A2_Incremental,6,13,15,0.2215,1.2943,0.0,0.0
2026-06-12 19:43:17,29b014ad,6624e12,D1_IR_Severa_21mil,DET2_KS,A2_Incremental,7,13,15,0.2215,1.3446,0.0,0.0
2026-06-12 19:43:23,bb175e34,6624e12,D1_IR_Severa_21mil,DET2_KS,A2_Incremental,8,13,15,0.2215,1.3873,100.0,0.0
2026-06-12 19:43:30,5a7713bf,6624e12,D1_IR_Severa_21mil,DET2_KS,A2_Incremental,9,13,15,0.2215,1.4365,0.0,0.0
2026-06-12 19:43:36,5f487e0d,6624e12,D1_IR_Severa_21mil,DET2_KS,A2_Incremental,10,13,15,0.2215,1.8394,0.0,0.0
2026-06-12 19:43:43,26d2dc75,6624e12,D1_IR_Severa_21mil,DET2_KS,A2_Incremental,11,13,15,0.2215,1.5513,0.0,0.0
2026-06-12 19:43:50,c3272082,6624e12,D1_IR_Severa_21mil,DET2_KS,A2_Incremental,12,13,15,0.2215,1.4209,100.0,0.0
2026-06-12 19:43:56,d650c5bd,6624e12,D1_IR_Severa_21mil,DET2_KS,A2_Incremental,13,13,15,0.2215,1.3738,0.0,0.0
2026-06-12 19:44:03,b8af02d4,6624e12,D1_IR_Severa_21mil,DET2_KS,A2_Incremental,14,13,15,0.2215,1.6092,0.0,0.0
2026-06-12 19:44:09,a801ee54,6624e12,D1_IR_Severa_21mil,DET2_KS,A2_Incremental,15,13,15,0.2215,1.3898,0.0,0.0
2026-06-12 19:44:16,c1dc33a4,6624e12,D1_IR_Severa_21mil,DET2_KS,A2_Incremental,16,13,15,0.2215,1.3464,0.0,0.0
2026-06-12 19:44:22,60cb6dd3,6624e12,D1_IR_Severa_21mil,DET2_KS,A2_Incremental,17,13,15,0.2215,1.4799,50.0,0.0
2026-06-12 19:44:29,2fb227d9,6624e12,D1_IR_Severa_21mil,DET2_KS,A2_Incremental,18,13,15,0.2215,1.3779,0.0,0.0
2026-06-12 19:44:35,95d7555b,6624e12,D1_IR_Severa_21mil,DET2_KS,A2_Incremental,19,13,15,0.2215,1.4308,0.0,0.0
2026-06-12 19:44:42,e738604b,6624e12,D1_IR_Severa_21mil,DET2_KS,A2_Incremental,20,13,15,0.2215,1.3712,0.0,0.0
2026-06-12 19:44:48,e1b16002,6624e12,D1_IR_Severa_21mil,DET2_KS,A2_Incremental,21,13,15,0.2215,1.6338,100.0,0.0
2026-06-12 19:44:55,83a36465,6624e12,D1_IR_Severa_21mil,DET2_KS,A2_Incremental,22,13,15,0.2215,1.5767,0.0,0.0
2026-06-12 19:45:02,f5193ebe,6624e12,D1_IR_Severa_21mil,DET2_KS,A2_Incremental,23,13,15,0.2215,1.3893,0.0,0.0
2026-06-12 19:45:08,45efddd5,6624e12,D1_IR_Severa_21mil,DET2_KS,A2_Incremental,24,13,15,0.2215,1.4018,50.0,0.0
2026-06-12 19:45:15,caa60404,6624e12,D1_IR_Severa_21mil,DET2_KS,A2_Incremental,25,13,15,0.2215,1.4176,0.0,0.0
2026-06-12 19:45:21,f7ebe077,6624e12,D1_IR_Severa_21mil,DET2_KS,A2_Incremental,26,13,15,0.2215,1.3752,0.0,0.0
2026-06-12 19:45:28,005aa57c,6624e12,D1_IR_Severa_21mil,DET2_KS,A2_Incremental,27,13,15,0.2215,1.3439,0.0,0.0
2026-06-12 19:45:34,ac6c15b0,6624e12,D1_IR_Severa_21mil,DET2_KS,A2_Incremental,28,13,15,0.2215,1.4166,0.0,0.0
2026-06-12 19:45:41,bed9d6c5,6624e12,D1_IR_Severa_21mil,DET2_KS,A2_Incremental,29,13,15,0.2215,1.3901,0.0,0.0
2026-06-12 19:45:47,7d9e4d8f,6624e12,D1_IR_Severa_21mil,DET2_KS,A2_Incremental,30,13,15,0.2215,1.3479,0.0,0.0
2026-06-12 19:45:49,2eb752ec,6624e12,D1_IR_Severa_21mil,DET3_ADWIN,A0_None,1,10,2,0.0295,0.0,0.0,0.0
2026-06-12 19:45:50,672f5e53,6624e12,D1_IR_Severa_21mil,DET3_ADWIN,A0_None,2,10,2,0.0295,0.0,0.0,0.0
2026-06-12 19:45:52,ece533d7,6624e12,D1_IR_Severa_21mil,DET3_ADWIN,A0_None,3,10,2,0.0295,0.0,0.0,0.0
2026-06-12 19:45:53,8da24a9f,6624e12,D1_IR_Severa_21mil,DET3_ADWIN,A0_None,4,10,2,0.0295,0.0,0.0,0.0
2026-06-12 19:45:54,6283280a,6624e12,D1_IR_Severa_21mil,DET3_ADWIN,A0_None,5,10,2,0.0295,0.0,0.0,0.0
2026-06-12 19:45:56,52f034af,6624e12,D1_IR_Severa_21mil,DET3_ADWIN,A0_None,6,10,2,0.0295,0.0,0.0,0.0
2026-06-12 19:45:57,c36f7d93,6624e12,D1_IR_Severa_21mil,DET3_ADWIN,A0_None,7,10,2,0.0295,0.0,0.0,0.0
2026-06-12 19:45:59,74b3b6f8,6624e12,D1_IR_Severa_21mil,DET3_ADWIN,A0_None,8,10,2,0.0295,0.0,0.0,0.0
2026-06-12 19:46:00,61164111,6624e12,D1_IR_Severa_21mil,DET3_ADWIN,A0_None,9,10,2,0.0295,0.0,0.0,0.0
2026-06-12 19:46:01,9b17d9bd,6624e12,D1_IR_Severa_21mil,DET3_ADWIN,A0_None,10,10,2,0.0295,0.0,0.0,0.0
2026-06-12 19:46:03,c2745d87,6624e12,D1_IR_Severa_21mil,DET3_ADWIN,A0_None,11,10,2,0.0295,0.0,0.0,0.0
2026-06-12 19:46:04,93451cca,6624e12,D1_IR_Severa_21mil,DET3_ADWIN,A0_None,12,10,2,0.0295,0.0,0.0,0.0
2026-06-12 19:46:06,a1179c6d,6624e12,D1_IR_Severa_21mil,DET3_ADWIN,A0_None,13,10,2,0.0295,0.0,0.0,0.0
2026-06-12 19:46:07,4bbbb46a,6624e12,D1_IR_Severa_21mil,DET3_ADWIN,A0_None,14,10,2,0.0295,0.0,0.0,0.0
2026-06-12 19:46:09,7af6819a,6624e12,D1_IR_Severa_21mil,DET3_ADWIN,A0_None,15,10,2,0.0295,0.0,0.0,0.0
2026-06-12 19:46:10,29945e0e,6624e12,D1_IR_Severa_21mil,DET3_ADWIN,A0_None,16,10,2,0.0295,0.0,0.0,0.0
2026-06-12 19:46:11,2702ef96,6624e12,D1_IR_Severa_21mil,DET3_ADWIN,A0_None,17,10,2,0.0295,0.0,0.0,0.0
2026-06-12 19:46:13,c2edde20,6624e12,D1_IR_Severa_21mil,DET3_ADWIN,A0_None,18,10,2,0.0295,0.0,0.0,0.0
2026-06-12 19:46:14,a643c6cf,6624e12,D1_IR_Severa_21mil,DET3_ADWIN,A0_None,19,10,2,0.0295,0.0,0.0,0.0
2026-06-12 19:46:16,1abfb94e,6624e12,D1_IR_Severa_21mil,DET3_ADWIN,A0_None,20,10,2,0.0295,0.0,0.0,0.0
2026-06-12 19:46:17,3300fcca,6624e12,D1_IR_Severa_21mil,DET3_ADWIN,A0_None,21,10,2,0.0295,0.0,0.0,0.0
2026-06-12 19:46:19,aa30fbdf,6624e12,D1_IR_Severa_21mil,DET3_ADWIN,A0_None,22,10,2,0.0295,0.0,0.0,0.0
2026-06-12 19:46:20,f831f9e8,6624e12,D1_IR_Severa_21mil,DET3_ADWIN,A0_None,23,10,2,0.0295,0.0,0.0,0.0
2026-06-12 19:46:21,4fe631e2,6624e12,D1_IR_Severa_21mil,DET3_ADWIN,A0_None,24,10,2,0.0295,0.0,0.0,0.0
2026-06-12 19:46:23,e2e0c60c,6624e12,D1_IR_Severa_21mil,DET3_ADWIN,A0_None,25,10,2,0.0295,0.0,0.0,0.0
2026-06-12 19:46:24,45f93280,6624e12,D1_IR_Severa_21mil,DET3_ADWIN,A0_None,26,10,2,0.0295,0.0,0.0,0.0
2026-06-12 19:46:26,56021bfe,6624e12,D1_IR_Severa_21mil,DET3_ADWIN,A0_None,27,10,2,0.0295,0.0,0.0,0.0
2026-06-12 19:46:27,91bbe3a0,6624e12,D1_IR_Severa_21mil,DET3_ADWIN,A0_None,28,10,2,0.0295,0.0,0.0,0.0
2026-06-12 19:46:29,611cf67c,6624e12,D1_IR_Severa_21mil,DET3_ADWIN,A0_None,29,10,2,0.0295,0.0,0.0,0.0
2026-06-12 19:46:30,62b1c0cb,6624e12,D1_IR_Severa_21mil,DET3_ADWIN,A0_None,30,10,2,0.0295,0.0,0.0,0.0
2026-06-12 19:46:31,dfb525dd,6624e12,D1_IR_Severa_21mil,DET3_ADWIN,A1_Global,1,10,2,0.0295,20.8262,25.0,0.1406
2026-06-12 19:46:33,1e8373cf,6624e12,D1_IR_Severa_21mil,DET3_ADWIN,A1_Global,2,10,2,0.0295,20.8442,22.2,0.1406
2026-06-12 19:46:34,12f99ef6,6624e12,D1_IR_Severa_21mil,DET3_ADWIN,A1_Global,3,10,2,0.0295,20.7141,22.2,0.1406
2026-06-12 19:46:36,c2061b09,6624e12,D1_IR_Severa_21mil,DET3_ADWIN,A1_Global,4,10,2,0.0295,21.7365,33.3,0.1406
2026-06-12 19:46:37,acc3c662,6624e12,D1_IR_Severa_21mil,DET3_ADWIN,A1_Global,5,10,2,0.0295,20.7216,25.0,0.1406
2026-06-12 19:46:39,2a5fc726,6624e12,D1_IR_Severa_21mil,DET3_ADWIN,A1_Global,6,10,2,0.0295,20.706,33.3,0.1406
2026-06-12 19:46:40,591ce887,6624e12,D1_IR_Severa_21mil,DET3_ADWIN,A1_Global,7,10,2,0.0295,20.695,25.0,0.1406
2026-06-12 19:46:42,58419d17,6624e12,D1_IR_Severa_21mil,DET3_ADWIN,A1_Global,8,10,2,0.0295,20.7528,25.0,0.1406
2026-06-12 19:46:43,b39a1043,6624e12,D1_IR_Severa_21mil,DET3_ADWIN,A1_Global,9,10,2,0.0295,20.6967,25.0,0.1406
2026-06-12 19:46:45,ea2221b3,6624e12,D1_IR_Severa_21mil,DET3_ADWIN,A1_Global,10,10,2,0.0295,20.7166,25.0,0.1406
2026-06-12 19:46:46,61521ce2,6624e12,D1_IR_Severa_21mil,DET3_ADWIN,A1_Global,11,10,2,0.0295,23.8929,66.7,0.1406
2026-06-12 19:46:48,aeff74d7,6624e12,D1_IR_Severa_21mil,DET3_ADWIN,A1_Global,12,10,2,0.0295,20.7929,25.0,0.1406
2026-06-12 19:46:49,9caf2961,6624e12,D1_IR_Severa_21mil,DET3_ADWIN,A1_Global,13,10,2,0.0295,22.181,55.6,0.1406
2026-06-12 19:46:51,3eb59a7d,6624e12,D1_IR_Severa_21mil,DET3_ADWIN,A1_Global,14,10,2,0.0295,20.8111,33.3,0.1406
2026-06-12 19:46:52,ef258252,6624e12,D1_IR_Severa_21mil,DET3_ADWIN,A1_Global,15,10,2,0.0295,20.6177,25.0,0.1406
2026-06-12 19:46:53,ee52ecc3,6624e12,D1_IR_Severa_21mil,DET3_ADWIN,A1_Global,16,10,2,0.0295,20.8127,33.3,0.1406
2026-06-12 19:46:55,5ca1044a,6624e12,D1_IR_Severa_21mil,DET3_ADWIN,A1_Global,17,10,2,0.0295,20.7119,25.0,0.1406
2026-06-12 19:46:56,8c41933e,6624e12,D1_IR_Severa_21mil,DET3_ADWIN,A1_Global,18,10,2,0.0295,20.6616,25.0,0.1406
2026-06-12 19:46:58,c6b244b9,6624e12,D1_IR_Severa_21mil,DET3_ADWIN,A1_Global,19,10,2,0.0295,20.7304,25.0,0.1406
2026-06-12 19:46:59,22064127,6624e12,D1_IR_Severa_21mil,DET3_ADWIN,A1_Global,20,10,2,0.0295,21.2526,25.0,0.1406
2026-06-12 19:47:01,76abe5e1,6624e12,D1_IR_Severa_21mil,DET3_ADWIN,A1_Global,21,10,2,0.0295,20.627,25.0,0.1406
2026-06-12 19:47:02,5bd754a8,6624e12,D1_IR_Severa_21mil,DET3_ADWIN,A1_Global,22,10,2,0.0295,20.7442,25.0,0.1406
2026-06-12 19:47:04,8229e06e,6624e12,D1_IR_Severa_21mil,DET3_ADWIN,A1_Global,23,10,2,0.0295,20.6368,25.0,0.1406
2026-06-12 19:47:05,0851aaed,6624e12,D1_IR_Severa_21mil,DET3_ADWIN,A1_Global,24,10,2,0.0295,20.9213,25.0,0.1406
2026-06-12 19:47:07,30191fac,6624e12,D1_IR_Severa_21mil,DET3_ADWIN,A1_Global,25,10,2,0.0295,22.0811,30.0,0.1406
2026-06-12 19:47:08,ebc4cd0d,6624e12,D1_IR_Severa_21mil,DET3_ADWIN,A1_Global,26,10,2,0.0295,22.2055,33.3,0.1406
2026-06-12 19:47:10,e6582ee3,6624e12,D1_IR_Severa_21mil,DET3_ADWIN,A1_Global,27,10,2,0.0295,22.0977,25.0,0.1406
2026-06-12 19:47:12,9490d36e,6624e12,D1_IR_Severa_21mil,DET3_ADWIN,A1_Global,28,10,2,0.0295,22.5985,44.4,0.1406
2026-06-12 19:47:13,a73ba14f,6624e12,D1_IR_Severa_21mil,DET3_ADWIN,A1_Global,29,10,2,0.0295,21.5384,40.0,0.1406
2026-06-12 19:47:15,7348f443,6624e12,D1_IR_Severa_21mil,DET3_ADWIN,A1_Global,30,10,2,0.0295,22.8346,66.7,0.1406
2026-06-12 19:47:17,06876bd6,6624e12,D1_IR_Severa_21mil,DET3_ADWIN,A2_Incremental,1,10,2,0.0295,2.1775,66.7,0.0
2026-06-12 19:47:18,3ccb402a,6624e12,D1_IR_Severa_21mil,DET3_ADWIN,A2_Incremental,2,10,2,0.0295,2.064,0.0,0.0
2026-06-12 19:47:20,5f34422e,6624e12,D1_IR_Severa_21mil,DET3_ADWIN,A2_Incremental,3,10,2,0.0295,1.8506,0.0,0.0
2026-06-12 19:47:21,98711652,6624e12,D1_IR_Severa_21mil,DET3_ADWIN,A2_Incremental,4,10,2,0.0295,1.9466,0.0,0.0
2026-06-12 19:47:23,bc050a5a,6624e12,D1_IR_Severa_21mil,DET3_ADWIN,A2_Incremental,5,10,2,0.0295,1.9889,0.0,0.0
2026-06-12 19:47:24,c2824bcc,6624e12,D1_IR_Severa_21mil,DET3_ADWIN,A2_Incremental,6,10,2,0.0295,1.9035,0.0,0.0
2026-06-12 19:47:26,edbb1859,6624e12,D1_IR_Severa_21mil,DET3_ADWIN,A2_Incremental,7,10,2,0.0295,1.8889,0.0,0.0
2026-06-12 19:47:27,b298baf5,6624e12,D1_IR_Severa_21mil,DET3_ADWIN,A2_Incremental,8,10,2,0.0295,1.9203,0.0,0.0
2026-06-12 19:47:29,5ba29b27,6624e12,D1_IR_Severa_21mil,DET3_ADWIN,A2_Incremental,9,10,2,0.0295,2.0152,0.0,0.0
2026-06-12 19:47:31,32f88c59,6624e12,D1_IR_Severa_21mil,DET3_ADWIN,A2_Incremental,10,10,2,0.0295,1.5619,0.0,0.0
2026-06-12 19:47:32,0620adab,6624e12,D1_IR_Severa_21mil,DET3_ADWIN,A2_Incremental,11,10,2,0.0295,1.4352,0.0,0.0
2026-06-12 19:47:34,56faedc5,6624e12,D1_IR_Severa_21mil,DET3_ADWIN,A2_Incremental,12,10,2,0.0295,2.2788,100.0,0.0
2026-06-12 19:47:35,d4fb9c28,6624e12,D1_IR_Severa_21mil,DET3_ADWIN,A2_Incremental,13,10,2,0.0295,2.0045,50.0,0.0
2026-06-12 19:47:37,0bc473ba,6624e12,D1_IR_Severa_21mil,DET3_ADWIN,A2_Incremental,14,10,2,0.0295,2.144,0.0,0.0
2026-06-12 19:47:38,b0598fb5,6624e12,D1_IR_Severa_21mil,DET3_ADWIN,A2_Incremental,15,10,2,0.0295,1.9354,100.0,0.0
2026-06-12 19:47:40,b2797969,6624e12,D1_IR_Severa_21mil,DET3_ADWIN,A2_Incremental,16,10,2,0.0295,1.8165,0.0,0.0
2026-06-12 19:47:41,10e5a9c5,6624e12,D1_IR_Severa_21mil,DET3_ADWIN,A2_Incremental,17,10,2,0.0295,1.4895,0.0,0.0
2026-06-12 19:47:43,a6f9a124,6624e12,D1_IR_Severa_21mil,DET3_ADWIN,A2_Incremental,18,10,2,0.0295,1.8153,0.0,0.0
2026-06-12 19:47:44,3c479f31,6624e12,D1_IR_Severa_21mil,DET3_ADWIN,A2_Incremental,19,10,2,0.0295,2.193,100.0,0.0
2026-06-12 19:47:46,42d75909,6624e12,D1_IR_Severa_21mil,DET3_ADWIN,A2_Incremental,20,10,2,0.0295,1.7931,0.0,0.0
2026-06-12 19:47:47,4557619e,6624e12,D1_IR_Severa_21mil,DET3_ADWIN,A2_Incremental,21,10,2,0.0295,3.2113,0.0,0.0
2026-06-12 19:47:50,02b3290b,6624e12,D1_IR_Severa_21mil,DET3_ADWIN,A2_Incremental,22,10,2,0.0295,2.0097,0.0,0.0
2026-06-12 19:47:51,9d356a17,6624e12,D1_IR_Severa_21mil,DET3_ADWIN,A2_Incremental,23,10,2,0.0295,1.9188,0.0,0.0
2026-06-12 19:47:53,9cacebc8,6624e12,D1_IR_Severa_21mil,DET3_ADWIN,A2_Incremental,24,10,2,0.0295,1.8436,0.0,0.0
2026-06-12 19:47:54,930f76da,6624e12,D1_IR_Severa_21mil,DET3_ADWIN,A2_Incremental,25,10,2,0.0295,1.9536,50.0,0.0
2026-06-12 19:47:55,591d5421,6624e12,D1_IR_Severa_21mil,DET3_ADWIN,A2_Incremental,26,10,2,0.0295,2.3436,0.0,0.0
2026-06-12 19:47:57,d7ec25d0,6624e12,D1_IR_Severa_21mil,DET3_ADWIN,A2_Incremental,27,10,2,0.0295,1.8978,0.0,0.0
2026-06-12 19:47:58,286cb50f,6624e12,D1_IR_Severa_21mil,DET3_ADWIN,A2_Incremental,28,10,2,0.0295,1.844,0.0,0.0
2026-06-12 19:48:00,dc142d13,6624e12,D1_IR_Severa_21mil,DET3_ADWIN,A2_Incremental,29,10,2,0.0295,2.1511,0.0,0.0
2026-06-12 19:48:01,a1dc62f5,6624e12,D1_IR_Severa_21mil,DET3_ADWIN,A2_Incremental,30,10,2,0.0295,2.346,50.0,0.0
2026-06-12 19:48:01,ac826139,6624e12,D2_B_Ligeira_7mil,DET0_None,A0_None,1,N/D,0,0.0,0.0,0.0,0.0
2026-06-12 19:48:01,d55f5498,6624e12,D2_B_Ligeira_7mil,DET0_None,A0_None,2,N/D,0,0.0,0.0,0.0,0.0
2026-06-12 19:48:01,49b458a2,6624e12,D2_B_Ligeira_7mil,DET0_None,A0_None,3,N/D,0,0.0,0.0,0.0,0.0
2026-06-12 19:48:01,0c81c25c,6624e12,D2_B_Ligeira_7mil,DET0_None,A0_None,4,N/D,0,0.0,0.0,0.0,0.0
2026-06-12 19:48:01,9f8d9b5d,6624e12,D2_B_Ligeira_7mil,DET0_None,A0_None,5,N/D,0,0.0,0.0,0.0,0.0
2026-06-12 19:48:01,ff375f8d,6624e12,D2_B_Ligeira_7mil,DET0_None,A0_None,6,N/D,0,0.0,0.0,0.0,0.0
2026-06-12 19:48:01,99f82441,6624e12,D2_B_Ligeira_7mil,DET0_None,A0_None,7,N/D,0,0.0,0.0,0.0,0.0
2026-06-12 19:48:01,af486be9,6624e12,D2_B_Ligeira_7mil,DET0_None,A0_None,8,N/D,0,0.0,0.0,0.0,0.0
2026-06-12 19:48:01,e3d46fd8,6624e12,D2_B_Ligeira_7mil,DET0_None,A0_None,9,N/D,0,0.0,0.0,0.0,0.0
2026-06-12 19:48:01,f74dbe9b,6624e12,D2_B_Ligeira_7mil,DET0_None,A0_None,10,N/D,0,0.0,0.0,0.0,0.0
2026-06-12 19:48:01,bac0d706,6624e12,D2_B_Ligeira_7mil,DET0_None,A0_None,11,N/D,0,0.0,0.0,0.0,0.0
2026-06-12 19:48:01,e4d510db,6624e12,D2_B_Ligeira_7mil,DET0_None,A0_None,12,N/D,0,0.0,0.0,0.0,0.0
2026-06-12 19:48:01,5198700d,6624e12,D2_B_Ligeira_7mil,DET0_None,A0_None,13,N/D,0,0.0,0.0,0.0,0.0
2026-06-12 19:48:01,f8fbaa78,6624e12,D2_B_Ligeira_7mil,DET0_None,A0_None,14,N/D,0,0.0,0.0,0.0,0.0
2026-06-12 19:48:01,c6ecc7ad,6624e12,D2_B_Ligeira_7mil,DET0_None,A0_None,15,N/D,0,0.0,0.0,0.0,0.0
2026-06-12 19:48:01,ae15b32f,6624e12,D2_B_Ligeira_7mil,DET0_None,A0_None,16,N/D,0,0.0,0.0,0.0,0.0
2026-06-12 19:48:01,acac767b,6624e12,D2_B_Ligeira_7mil,DET0_None,A0_None,17,N/D,0,0.0,0.0,0.0,0.0
2026-06-12 19:48:01,dc9ec30d,6624e12,D2_B_Ligeira_7mil,DET0_None,A0_None,18,N/D,0,0.0,0.0,0.0,0.0
2026-06-12 19:48:01,b2c29425,6624e12,D2_B_Ligeira_7mil,DET0_None,A0_None,19,N/D,0,0.0,0.0,0.0,0.0
2026-06-12 19:48:01,c1cc3b6b,6624e12,D2_B_Ligeira_7mil,DET0_None,A0_None,20,N/D,0,0.0,0.0,0.0,0.0
2026-06-12 19:48:01,650eba04,6624e12,D2_B_Ligeira_7mil,DET0_None,A0_None,21,N/D,0,0.0,0.0,0.0,0.0
2026-06-12 19:48:01,94ca92d3,6624e12,D2_B_Ligeira_7mil,DET0_None,A0_None,22,N/D,0,0.0,0.0,0.0,0.0
2026-06-12 19:48:01,ad4660ed,6624e12,D2_B_Ligeira_7mil,DET0_None,A0_None,23,N/D,0,0.0,0.0,0.0,0.0
2026-06-12 19:48:01,11618b3e,6624e12,D2_B_Ligeira_7mil,DET0_None,A0_None,24,N/D,0,0.0,0.0,0.0,0.0
2026-06-12 19:48:01,9987198d,6624e12,D2_B_Ligeira_7mil,DET0_None,A0_None,25,N/D,0,0.0,0.0,0.0,0.0
2026-06-12 19:48:01,76722c06,6624e12,D2_B_Ligeira_7mil,DET0_None,A0_None,26,N/D,0,0.0,0.0,0.0,0.0
2026-06-12 19:48:01,5819c538,6624e12,D2_B_Ligeira_7mil,DET0_None,A0_None,27,N/D,0,0.0,0.0,0.0,0.0
2026-06-12 19:48:01,317e3903,6624e12,D2_B_Ligeira_7mil,DET0_None,A0_None,28,N/D,0,0.0,0.0,0.0,0.0
2026-06-12 19:48:01,03219cc7,6624e12,D2_B_Ligeira_7mil,DET0_None,A0_None,29,N/D,0,0.0,0.0,0.0,0.0
2026-06-12 19:48:01,73427313,6624e12,D2_B_Ligeira_7mil,DET0_None,A0_None,30,N/D,0,0.0,0.0,0.0,0.0
2026-06-12 19:48:03,6d5cd926,6624e12,D2_B_Ligeira_7mil,DET1_OCSVM,A0_None,1,9,0,0.0,0.0,0.0,0.0
2026-06-12 19:48:04,392a604a,6624e12,D2_B_Ligeira_7mil,DET1_OCSVM,A0_None,2,9,0,0.0,0.0,0.0,0.0
2026-06-12 19:48:06,3e5574b5,6624e12,D2_B_Ligeira_7mil,DET1_OCSVM,A0_None,3,9,0,0.0,0.0,0.0,0.0
2026-06-12 19:48:07,32532f8a,6624e12,D2_B_Ligeira_7mil,DET1_OCSVM,A0_None,4,9,0,0.0,0.0,0.0,0.0
2026-06-12 19:48:09,a8b5f616,6624e12,D2_B_Ligeira_7mil,DET1_OCSVM,A0_None,5,9,0,0.0,0.0,0.0,0.0
2026-06-12 19:48:10,961d9462,6624e12,D2_B_Ligeira_7mil,DET1_OCSVM,A0_None,6,9,0,0.0,0.0,0.0,0.0
2026-06-12 19:48:12,4cc31447,6624e12,D2_B_Ligeira_7mil,DET1_OCSVM,A0_None,7,9,0,0.0,0.0,0.0,0.0
2026-06-12 19:48:13,ab185db8,6624e12,D2_B_Ligeira_7mil,DET1_OCSVM,A0_None,8,9,0,0.0,0.0,0.0,0.0
2026-06-12 19:48:15,6363778f,6624e12,D2_B_Ligeira_7mil,DET1_OCSVM,A0_None,9,9,0,0.0,0.0,0.0,0.0
2026-06-12 19:48:16,16882438,6624e12,D2_B_Ligeira_7mil,DET1_OCSVM,A0_None,10,9,0,0.0,0.0,0.0,0.0
2026-06-12 19:48:18,221e0636,6624e12,D2_B_Ligeira_7mil,DET1_OCSVM,A0_None,11,9,0,0.0,0.0,0.0,0.0
2026-06-12 19:48:19,c7f75e7c,6624e12,D2_B_Ligeira_7mil,DET1_OCSVM,A0_None,12,9,0,0.0,0.0,0.0,0.0
2026-06-12 19:48:21,7c16f60c,6624e12,D2_B_Ligeira_7mil,DET1_OCSVM,A0_None,13,9,0,0.0,0.0,0.0,0.0
2026-06-12 19:48:22,fcdc85cb,6624e12,D2_B_Ligeira_7mil,DET1_OCSVM,A0_None,14,9,0,0.0,0.0,0.0,0.0
2026-06-12 19:48:24,c8c592b4,6624e12,D2_B_Ligeira_7mil,DET1_OCSVM,A0_None,15,9,0,0.0,0.0,0.0,0.0
2026-06-12 19:48:25,97763c5b,6624e12,D2_B_Ligeira_7mil,DET1_OCSVM,A0_None,16,9,0,0.0,0.0,0.0,0.0
2026-06-12 19:48:27,edd0e5b6,6624e12,D2_B_Ligeira_7mil,DET1_OCSVM,A0_None,17,9,0,0.0,0.0,0.0,0.0
2026-06-12 19:48:28,c9e6a04c,6624e12,D2_B_Ligeira_7mil,DET1_OCSVM,A0_None,18,9,0,0.0,0.0,0.0,0.0
2026-06-12 19:48:30,d82d9a88,6624e12,D2_B_Ligeira_7mil,DET1_OCSVM,A0_None,19,9,0,0.0,0.0,0.0,0.0
2026-06-12 19:48:31,057f894f,6624e12,D2_B_Ligeira_7mil,DET1_OCSVM,A0_None,20,9,0,0.0,0.0,0.0,0.0
2026-06-12 19:48:33,5092408e,6624e12,D2_B_Ligeira_7mil,DET1_OCSVM,A0_None,21,9,0,0.0,0.0,0.0,0.0
2026-06-12 19:48:34,3f0805ce,6624e12,D2_B_Ligeira_7mil,DET1_OCSVM,A0_None,22,9,0,0.0,0.0,0.0,0.0
2026-06-12 19:48:36,4688037f,6624e12,D2_B_Ligeira_7mil,DET1_OCSVM,A0_None,23,9,0,0.0,0.0,0.0,0.0
2026-06-12 19:48:37,a292188f,6624e12,D2_B_Ligeira_7mil,DET1_OCSVM,A0_None,24,9,0,0.0,0.0,0.0,0.0
2026-06-12 19:48:39,1e74bd4f,6624e12,D2_B_Ligeira_7mil,DET1_OCSVM,A0_None,25,9,0,0.0,0.0,0.0,0.0
2026-06-12 19:48:40,eec7cccb,6624e12,D2_B_Ligeira_7mil,DET1_OCSVM,A0_None,26,9,0,0.0,0.0,0.0,0.0
2026-06-12 19:48:42,b82645af,6624e12,D2_B_Ligeira_7mil,DET1_OCSVM,A0_None,27,9,0,0.0,0.0,0.0,0.0
2026-06-12 19:48:43,5984c6cf,6624e12,D2_B_Ligeira_7mil,DET1_OCSVM,A0_None,28,9,0,0.0,0.0,0.0,0.0
2026-06-12 19:48:45,dbe0938f,6624e12,D2_B_Ligeira_7mil,DET1_OCSVM,A0_None,29,9,0,0.0,0.0,0.0,0.0
2026-06-12 19:48:46,b84e9533,6624e12,D2_B_Ligeira_7mil,DET1_OCSVM,A0_None,30,9,0,0.0,0.0,0.0,0.0
2026-06-12 19:48:48,c207ff0a,6624e12,D2_B_Ligeira_7mil,DET1_OCSVM,A1_Global,1,9,0,0.0,21.5542,33.3,0.1562
2026-06-12 19:48:49,2fa0f7d0,6624e12,D2_B_Ligeira_7mil,DET1_OCSVM,A1_Global,2,9,0,0.0,22.9721,57.1,0.1562
2026-06-12 19:48:51,459562bc,6624e12,D2_B_Ligeira_7mil,DET1_OCSVM,A1_Global,3,9,0,0.0,21.8774,25.0,0.1562
2026-06-12 19:48:52,db669b0f,6624e12,D2_B_Ligeira_7mil,DET1_OCSVM,A1_Global,4,9,0,0.0,21.7761,40.0,0.1562
2026-06-12 19:48:54,5ac2b404,6624e12,D2_B_Ligeira_7mil,DET1_OCSVM,A1_Global,5,9,0,0.0,21.839,33.3,0.1562
2026-06-12 19:48:55,8c0aa49e,6624e12,D2_B_Ligeira_7mil,DET1_OCSVM,A1_Global,6,9,0,0.0,21.5211,25.0,0.1562
2026-06-12 19:48:57,c9236cce,6624e12,D2_B_Ligeira_7mil,DET1_OCSVM,A1_Global,7,9,0,0.0,21.6803,25.0,0.1562
2026-06-12 19:48:58,59aa859b,6624e12,D2_B_Ligeira_7mil,DET1_OCSVM,A1_Global,8,9,0,0.0,22.0512,25.0,0.1562
2026-06-12 19:49:00,3aa5517e,6624e12,D2_B_Ligeira_7mil,DET1_OCSVM,A1_Global,9,9,0,0.0,22.1098,33.3,0.1562
2026-06-12 19:49:01,38cc07ca,6624e12,D2_B_Ligeira_7mil,DET1_OCSVM,A1_Global,10,9,0,0.0,22.395,33.3,0.1562
2026-06-12 19:49:03,7b42c01d,6624e12,D2_B_Ligeira_7mil,DET1_OCSVM,A1_Global,11,9,0,0.0,21.8464,40.0,0.1562
2026-06-12 19:49:04,e322e7b3,6624e12,D2_B_Ligeira_7mil,DET1_OCSVM,A1_Global,12,9,0,0.0,21.3748,25.0,0.1562
2026-06-12 19:49:06,71a0416b,6624e12,D2_B_Ligeira_7mil,DET1_OCSVM,A1_Global,13,9,0,0.0,21.4195,37.5,0.1562
2026-06-12 19:49:07,6fcea2af,6624e12,D2_B_Ligeira_7mil,DET1_OCSVM,A1_Global,14,9,0,0.0,21.5519,33.3,0.1562
2026-06-12 19:49:09,c0d0c0a9,6624e12,D2_B_Ligeira_7mil,DET1_OCSVM,A1_Global,15,9,0,0.0,21.6797,33.3,0.1562
2026-06-12 19:49:10,6bfc9595,6624e12,D2_B_Ligeira_7mil,DET1_OCSVM,A1_Global,16,9,0,0.0,21.9238,50.0,0.1562
2026-06-12 19:49:12,fbb7f367,6624e12,D2_B_Ligeira_7mil,DET1_OCSVM,A1_Global,17,9,0,0.0,22.1666,33.3,0.1562
2026-06-12 19:49:13,1f91ee36,6624e12,D2_B_Ligeira_7mil,DET1_OCSVM,A1_Global,18,9,0,0.0,22.3419,33.3,0.1562
2026-06-12 19:49:15,a179e594,6624e12,D2_B_Ligeira_7mil,DET1_OCSVM,A1_Global,19,9,0,0.0,21.9234,22.2,0.1562
2026-06-12 19:49:16,8d187526,6624e12,D2_B_Ligeira_7mil,DET1_OCSVM,A1_Global,20,9,0,0.0,22.0577,25.0,0.1562
2026-06-12 19:49:18,439c9ac8,6624e12,D2_B_Ligeira_7mil,DET1_OCSVM,A1_Global,21,9,0,0.0,21.3984,33.3,0.1562
2026-06-12 19:49:20,e67a2a13,6624e12,D2_B_Ligeira_7mil,DET1_OCSVM,A1_Global,22,9,0,0.0,21.8427,33.3,0.1562
2026-06-12 19:49:21,15adb1da,6624e12,D2_B_Ligeira_7mil,DET1_OCSVM,A1_Global,23,9,0,0.0,22.3759,44.4,0.1562
2026-06-12 19:49:23,52afedb4,6624e12,D2_B_Ligeira_7mil,DET1_OCSVM,A1_Global,24,9,0,0.0,21.9627,33.3,0.1562
2026-06-12 19:49:24,1afc208e,6624e12,D2_B_Ligeira_7mil,DET1_OCSVM,A1_Global,25,9,0,0.0,21.7769,33.3,0.1562
2026-06-12 19:49:26,9f29d233,6624e12,D2_B_Ligeira_7mil,DET1_OCSVM,A1_Global,26,9,0,0.0,21.5274,25.0,0.1562
2026-06-12 19:49:27,d25aacf7,6624e12,D2_B_Ligeira_7mil,DET1_OCSVM,A1_Global,27,9,0,0.0,22.1305,37.5,0.1562
2026-06-12 19:49:29,ce16fb03,6624e12,D2_B_Ligeira_7mil,DET1_OCSVM,A1_Global,28,9,0,0.0,21.914,33.3,0.1562
2026-06-12 19:49:30,c82f86a7,6624e12,D2_B_Ligeira_7mil,DET1_OCSVM,A1_Global,29,9,0,0.0,22.0204,25.0,0.1562
2026-06-12 19:49:32,7745e8ab,6624e12,D2_B_Ligeira_7mil,DET1_OCSVM,A1_Global,30,9,0,0.0,21.7161,37.5,0.1562
2026-06-12 19:49:33,0915fa2b,6624e12,D2_B_Ligeira_7mil,DET1_OCSVM,A2_Incremental,1,9,0,0.0,1.9334,50.0,0.0
2026-06-12 19:49:35,d4647d6e,6624e12,D2_B_Ligeira_7mil,DET1_OCSVM,A2_Incremental,2,9,0,0.0,1.4063,0.0,0.0
2026-06-12 19:49:36,80038eb9,6624e12,D2_B_Ligeira_7mil,DET1_OCSVM,A2_Incremental,3,9,0,0.0,1.7363,50.0,0.0
2026-06-12 19:49:37,61241c21,6624e12,D2_B_Ligeira_7mil,DET1_OCSVM,A2_Incremental,4,9,0,0.0,1.8127,100.0,0.0
2026-06-12 19:49:39,2a04a546,6624e12,D2_B_Ligeira_7mil,DET1_OCSVM,A2_Incremental,5,9,0,0.0,1.7585,0.0,0.0
2026-06-12 19:49:40,1c244f3e,6624e12,D2_B_Ligeira_7mil,DET1_OCSVM,A2_Incremental,6,9,0,0.0,2.2371,0.0,0.0
2026-06-12 19:49:42,9719ed98,6624e12,D2_B_Ligeira_7mil,DET1_OCSVM,A2_Incremental,7,9,0,0.0,1.7238,0.0,0.0
2026-06-12 19:49:43,36dd583d,6624e12,D2_B_Ligeira_7mil,DET1_OCSVM,A2_Incremental,8,9,0,0.0,2.1803,0.0,0.0
2026-06-12 19:49:45,4a2d0127,6624e12,D2_B_Ligeira_7mil,DET1_OCSVM,A2_Incremental,9,9,0,0.0,1.9161,50.0,0.0
2026-06-12 19:49:46,af256325,6624e12,D2_B_Ligeira_7mil,DET1_OCSVM,A2_Incremental,10,9,0,0.0,1.7569,0.0,0.0
2026-06-12 19:49:48,66c327ab,6624e12,D2_B_Ligeira_7mil,DET1_OCSVM,A2_Incremental,11,9,0,0.0,1.3977,0.0,0.0
2026-06-12 19:49:49,74c5e2d0,6624e12,D2_B_Ligeira_7mil,DET1_OCSVM,A2_Incremental,12,9,0,0.0,1.8178,0.0,0.0
2026-06-12 19:49:50,ba74872e,6624e12,D2_B_Ligeira_7mil,DET1_OCSVM,A2_Incremental,13,9,0,0.0,1.4946,0.0,0.0
2026-06-12 19:49:52,f692f0a3,6624e12,D2_B_Ligeira_7mil,DET1_OCSVM,A2_Incremental,14,9,0,0.0,1.9886,0.0,0.0
2026-06-12 19:49:53,6d9299d3,6624e12,D2_B_Ligeira_7mil,DET1_OCSVM,A2_Incremental,15,9,0,0.0,2.1641,0.0,0.0
2026-06-12 19:49:55,015c1387,6624e12,D2_B_Ligeira_7mil,DET1_OCSVM,A2_Incremental,16,9,0,0.0,1.7767,50.0,0.0
2026-06-12 19:49:56,de8a7c38,6624e12,D2_B_Ligeira_7mil,DET1_OCSVM,A2_Incremental,17,9,0,0.0,1.8596,0.0,0.0
2026-06-12 19:49:58,0d52264f,6624e12,D2_B_Ligeira_7mil,DET1_OCSVM,A2_Incremental,18,9,0,0.0,1.8862,0.0,0.0
2026-06-12 19:49:59,4e543e8c,6624e12,D2_B_Ligeira_7mil,DET1_OCSVM,A2_Incremental,19,9,0,0.0,2.3269,0.0,0.0
2026-06-12 19:50:01,6c74ba21,6624e12,D2_B_Ligeira_7mil,DET1_OCSVM,A2_Incremental,20,9,0,0.0,1.8549,0.0,0.0
2026-06-12 19:50:02,9c862c77,6624e12,D2_B_Ligeira_7mil,DET1_OCSVM,A2_Incremental,21,9,0,0.0,2.0695,50.0,0.0
2026-06-12 19:50:03,015d3b8c,6624e12,D2_B_Ligeira_7mil,DET1_OCSVM,A2_Incremental,22,9,0,0.0,1.9425,0.0,0.0
2026-06-12 19:50:05,022dfa96,6624e12,D2_B_Ligeira_7mil,DET1_OCSVM,A2_Incremental,23,9,0,0.0,2.0926,50.0,0.0
2026-06-12 19:50:06,4399d28b,6624e12,D2_B_Ligeira_7mil,DET1_OCSVM,A2_Incremental,24,9,0,0.0,1.9492,0.0,0.0
2026-06-12 19:50:08,238ee3e2,6624e12,D2_B_Ligeira_7mil,DET1_OCSVM,A2_Incremental,25,9,0,0.0,2.5258,0.0,0.0
2026-06-12 19:50:09,7cf38e2f,6624e12,D2_B_Ligeira_7mil,DET1_OCSVM,A2_Incremental,26,9,0,0.0,1.9375,0.0,0.0
2026-06-12 19:50:11,b7c75dd5,6624e12,D2_B_Ligeira_7mil,DET1_OCSVM,A2_Incremental,27,9,0,0.0,2.2465,0.0,0.0
2026-06-12 19:50:12,bcf935a9,6624e12,D2_B_Ligeira_7mil,DET1_OCSVM,A2_Incremental,28,9,0,0.0,1.9106,0.0,0.0
2026-06-12 19:50:14,b287d730,6624e12,D2_B_Ligeira_7mil,DET1_OCSVM,A2_Incremental,29,9,0,0.0,1.408,0.0,0.0
2026-06-12 19:50:15,688f2d56,6624e12,D2_B_Ligeira_7mil,DET1_OCSVM,A2_Incremental,30,9,0,0.0,1.8605,50.0,0.0
2026-06-12 19:50:22,8f118237,6624e12,D2_B_Ligeira_7mil,DET2_KS,A0_None,1,13,15,0.2215,0.0,0.0,0.0
2026-06-12 19:50:28,8b387c1b,6624e12,D2_B_Ligeira_7mil,DET2_KS,A0_None,2,13,15,0.2215,0.0,0.0,0.0
2026-06-12 19:50:35,662d232b,6624e12,D2_B_Ligeira_7mil,DET2_KS,A0_None,3,13,15,0.2215,0.0,0.0,0.0
2026-06-12 19:50:42,af7b5abe,6624e12,D2_B_Ligeira_7mil,DET2_KS,A0_None,4,13,15,0.2215,0.0,0.0,0.0
2026-06-12 19:50:49,b4468be1,6624e12,D2_B_Ligeira_7mil,DET2_KS,A0_None,5,13,15,0.2215,0.0,0.0,0.0
2026-06-12 19:50:55,219a8d08,6624e12,D2_B_Ligeira_7mil,DET2_KS,A0_None,6,13,15,0.2215,0.0,0.0,0.0
2026-06-12 19:51:02,faf732ce,6624e12,D2_B_Ligeira_7mil,DET2_KS,A0_None,7,13,15,0.2215,0.0,0.0,0.0
2026-06-12 19:51:09,b9e1b146,6624e12,D2_B_Ligeira_7mil,DET2_KS,A0_None,8,13,15,0.2215,0.0,0.0,0.0
2026-06-12 19:51:15,46983520,6624e12,D2_B_Ligeira_7mil,DET2_KS,A0_None,9,13,15,0.2215,0.0,0.0,0.0
2026-06-12 19:51:22,4060a649,6624e12,D2_B_Ligeira_7mil,DET2_KS,A0_None,10,13,15,0.2215,0.0,0.0,0.0
2026-06-12 19:51:29,6492f8ee,6624e12,D2_B_Ligeira_7mil,DET2_KS,A0_None,11,13,15,0.2215,0.0,0.0,0.0
2026-06-12 19:51:35,f9f21565,6624e12,D2_B_Ligeira_7mil,DET2_KS,A0_None,12,13,15,0.2215,0.0,0.0,0.0
2026-06-12 19:51:42,e2c71ed7,6624e12,D2_B_Ligeira_7mil,DET2_KS,A0_None,13,13,15,0.2215,0.0,0.0,0.0
2026-06-12 19:51:49,bfa42214,6624e12,D2_B_Ligeira_7mil,DET2_KS,A0_None,14,13,15,0.2215,0.0,0.0,0.0
2026-06-12 19:51:56,ccc77b98,6624e12,D2_B_Ligeira_7mil,DET2_KS,A0_None,15,13,15,0.2215,0.0,0.0,0.0
2026-06-12 19:52:02,2cc1979c,6624e12,D2_B_Ligeira_7mil,DET2_KS,A0_None,16,13,15,0.2215,0.0,0.0,0.0
2026-06-12 19:52:09,1e12cb4c,6624e12,D2_B_Ligeira_7mil,DET2_KS,A0_None,17,13,15,0.2215,0.0,0.0,0.0
2026-06-12 19:52:16,fd11769f,6624e12,D2_B_Ligeira_7mil,DET2_KS,A0_None,18,13,15,0.2215,0.0,0.0,0.0
2026-06-12 19:52:22,fa720b2b,6624e12,D2_B_Ligeira_7mil,DET2_KS,A0_None,19,13,15,0.2215,0.0,0.0,0.0
2026-06-12 19:52:29,f3d50075,6624e12,D2_B_Ligeira_7mil,DET2_KS,A0_None,20,13,15,0.2215,0.0,0.0,0.0
2026-06-12 19:52:36,6684d385,6624e12,D2_B_Ligeira_7mil,DET2_KS,A0_None,21,13,15,0.2215,0.0,0.0,0.0
2026-06-12 19:52:42,37da01e9,6624e12,D2_B_Ligeira_7mil,DET2_KS,A0_None,22,13,15,0.2215,0.0,0.0,0.0
2026-06-12 19:52:49,81ae4a57,6624e12,D2_B_Ligeira_7mil,DET2_KS,A0_None,23,13,15,0.2215,0.0,0.0,0.0
2026-06-12 19:52:56,92378f77,6624e12,D2_B_Ligeira_7mil,DET2_KS,A0_None,24,13,15,0.2215,0.0,0.0,0.0
2026-06-12 19:53:03,d3483532,6624e12,D2_B_Ligeira_7mil,DET2_KS,A0_None,25,13,15,0.2215,0.0,0.0,0.0
2026-06-12 19:53:09,ed506682,6624e12,D2_B_Ligeira_7mil,DET2_KS,A0_None,26,13,15,0.2215,0.0,0.0,0.0
2026-06-12 19:53:16,ecb8bed9,6624e12,D2_B_Ligeira_7mil,DET2_KS,A0_None,27,13,15,0.2215,0.0,0.0,0.0
2026-06-12 19:53:23,6b083919,6624e12,D2_B_Ligeira_7mil,DET2_KS,A0_None,28,13,15,0.2215,0.0,0.0,0.0
2026-06-12 19:53:30,821f5cc2,6624e12,D2_B_Ligeira_7mil,DET2_KS,A0_None,29,13,15,0.2215,0.0,0.0,0.0
2026-06-12 19:53:36,38ec5c2e,6624e12,D2_B_Ligeira_7mil,DET2_KS,A0_None,30,13,15,0.2215,0.0,0.0,0.0
2026-06-12 19:53:43,9d05f7af,6624e12,D2_B_Ligeira_7mil,DET2_KS,A1_Global,1,13,15,0.2215,20.5869,33.3,0.1562
2026-06-12 19:53:50,eece6f4f,6624e12,D2_B_Ligeira_7mil,DET2_KS,A1_Global,2,13,15,0.2215,20.4354,25.0,0.1562
2026-06-12 19:53:56,46bb5fa4,6624e12,D2_B_Ligeira_7mil,DET2_KS,A1_Global,3,13,15,0.2215,20.9342,33.3,0.1562
2026-06-12 19:54:03,da85b6c6,6624e12,D2_B_Ligeira_7mil,DET2_KS,A1_Global,4,13,15,0.2215,20.4672,25.0,0.1562
2026-06-12 19:54:10,96ccc5fc,6624e12,D2_B_Ligeira_7mil,DET2_KS,A1_Global,5,13,15,0.2215,20.4766,33.3,0.1562
2026-06-12 19:54:17,5e349991,6624e12,D2_B_Ligeira_7mil,DET2_KS,A1_Global,6,13,15,0.2215,20.5403,22.2,0.1562
2026-06-12 19:54:23,91d8cf84,6624e12,D2_B_Ligeira_7mil,DET2_KS,A1_Global,7,13,15,0.2215,20.9497,25.0,0.1562
2026-06-12 19:54:30,0c4f27a8,6624e12,D2_B_Ligeira_7mil,DET2_KS,A1_Global,8,13,15,0.2215,20.4742,33.3,0.1562
2026-06-12 19:54:37,553443a2,6624e12,D2_B_Ligeira_7mil,DET2_KS,A1_Global,9,13,15,0.2215,21.9307,25.0,0.1562
2026-06-12 19:54:44,f6bd4cef,6624e12,D2_B_Ligeira_7mil,DET2_KS,A1_Global,10,13,15,0.2215,20.4326,25.0,0.1562
2026-06-12 19:54:50,e1e4c20f,6624e12,D2_B_Ligeira_7mil,DET2_KS,A1_Global,11,13,15,0.2215,20.7447,25.0,0.1562
2026-06-12 19:54:57,728dd807,6624e12,D2_B_Ligeira_7mil,DET2_KS,A1_Global,12,13,15,0.2215,20.4243,25.0,0.1562
2026-06-12 19:55:04,8e4cad6f,6624e12,D2_B_Ligeira_7mil,DET2_KS,A1_Global,13,13,15,0.2215,21.1095,37.5,0.1562
2026-06-12 19:55:11,699f82e1,6624e12,D2_B_Ligeira_7mil,DET2_KS,A1_Global,14,13,15,0.2215,20.4448,25.0,0.1562
2026-06-12 19:55:17,c598f9aa,6624e12,D2_B_Ligeira_7mil,DET2_KS,A1_Global,15,13,15,0.2215,20.4755,22.2,0.1562
2026-06-12 19:55:24,16747166,6624e12,D2_B_Ligeira_7mil,DET2_KS,A1_Global,16,13,15,0.2215,20.4952,25.0,0.1562
2026-06-12 19:55:31,1ca75500,6624e12,D2_B_Ligeira_7mil,DET2_KS,A1_Global,17,13,15,0.2215,20.4352,25.0,0.1562
2026-06-12 19:55:38,d9637a96,6624e12,D2_B_Ligeira_7mil,DET2_KS,A1_Global,18,13,15,0.2215,20.3928,25.0,0.1562
2026-06-12 19:55:44,d815ce18,6624e12,D2_B_Ligeira_7mil,DET2_KS,A1_Global,19,13,15,0.2215,20.862,25.0,0.1562
2026-06-12 19:55:51,467d64ee,6624e12,D2_B_Ligeira_7mil,DET2_KS,A1_Global,20,13,15,0.2215,20.4428,25.0,0.1562
2026-06-12 19:55:58,019fa0e6,6624e12,D2_B_Ligeira_7mil,DET2_KS,A1_Global,21,13,15,0.2215,20.5024,25.0,0.1562
2026-06-12 19:56:05,96f4469f,6624e12,D2_B_Ligeira_7mil,DET2_KS,A1_Global,22,13,15,0.2215,20.4817,25.0,0.1562
2026-06-12 19:56:12,e2b58525,6624e12,D2_B_Ligeira_7mil,DET2_KS,A1_Global,23,13,15,0.2215,20.5365,25.0,0.1562
2026-06-12 19:56:18,5985f0e9,6624e12,D2_B_Ligeira_7mil,DET2_KS,A1_Global,24,13,15,0.2215,20.7822,25.0,0.1562
2026-06-12 19:56:25,fe444063,6624e12,D2_B_Ligeira_7mil,DET2_KS,A1_Global,25,13,15,0.2215,20.4492,25.0,0.1562
2026-06-12 19:56:32,a88471b1,6624e12,D2_B_Ligeira_7mil,DET2_KS,A1_Global,26,13,15,0.2215,20.5045,33.3,0.1562
2026-06-12 19:56:39,4c2e418a,6624e12,D2_B_Ligeira_7mil,DET2_KS,A1_Global,27,13,15,0.2215,20.546,25.0,0.1562
2026-06-12 19:56:45,a12a29b3,6624e12,D2_B_Ligeira_7mil,DET2_KS,A1_Global,28,13,15,0.2215,20.7885,25.0,0.1562
2026-06-12 19:56:52,4c609225,6624e12,D2_B_Ligeira_7mil,DET2_KS,A1_Global,29,13,15,0.2215,20.4474,25.0,0.1562
2026-06-12 19:56:59,e64fae0d,6624e12,D2_B_Ligeira_7mil,DET2_KS,A1_Global,30,13,15,0.2215,20.4536,33.3,0.1562
2026-06-12 19:57:06,0f7dd403,6624e12,D2_B_Ligeira_7mil,DET2_KS,A2_Incremental,1,13,15,0.2215,1.3836,0.0,0.0
2026-06-12 19:57:12,c3b91f73,6624e12,D2_B_Ligeira_7mil,DET2_KS,A2_Incremental,2,13,15,0.2215,1.3071,0.0,0.0
2026-06-12 19:57:19,42e7e8d5,6624e12,D2_B_Ligeira_7mil,DET2_KS,A2_Incremental,3,13,15,0.2215,1.3175,0.0,0.0
2026-06-12 19:57:26,270d7fcf,6624e12,D2_B_Ligeira_7mil,DET2_KS,A2_Incremental,4,13,15,0.2215,1.3164,0.0,0.0
2026-06-12 19:57:32,d8278760,6624e12,D2_B_Ligeira_7mil,DET2_KS,A2_Incremental,5,13,15,0.2215,1.334,0.0,0.0
2026-06-12 19:57:39,19eac970,6624e12,D2_B_Ligeira_7mil,DET2_KS,A2_Incremental,6,13,15,0.2215,1.3121,0.0,0.0
2026-06-12 19:57:46,f0e27dbe,6624e12,D2_B_Ligeira_7mil,DET2_KS,A2_Incremental,7,13,15,0.2215,1.3227,0.0,0.0
2026-06-12 19:57:52,f7e3cb95,6624e12,D2_B_Ligeira_7mil,DET2_KS,A2_Incremental,8,13,15,0.2215,1.3025,0.0,0.0
2026-06-12 19:57:59,34e2fe5e,6624e12,D2_B_Ligeira_7mil,DET2_KS,A2_Incremental,9,13,15,0.2215,1.3609,0.0,0.0
2026-06-12 19:58:06,f9164241,6624e12,D2_B_Ligeira_7mil,DET2_KS,A2_Incremental,10,13,15,0.2215,1.3593,0.0,0.0
2026-06-12 19:58:12,348adad6,6624e12,D2_B_Ligeira_7mil,DET2_KS,A2_Incremental,11,13,15,0.2215,1.3595,0.0,0.0
2026-06-12 19:58:19,bb5e2ed6,6624e12,D2_B_Ligeira_7mil,DET2_KS,A2_Incremental,12,13,15,0.2215,1.3639,0.0,0.0
2026-06-12 19:58:26,3cce3529,6624e12,D2_B_Ligeira_7mil,DET2_KS,A2_Incremental,13,13,15,0.2215,1.3587,0.0,0.0
2026-06-12 19:58:32,3cacf192,6624e12,D2_B_Ligeira_7mil,DET2_KS,A2_Incremental,14,13,15,0.2215,1.3384,0.0,0.0
2026-06-12 19:58:39,ffcc63e0,6624e12,D2_B_Ligeira_7mil,DET2_KS,A2_Incremental,15,13,15,0.2215,1.3647,0.0,0.0
2026-06-12 19:58:46,b257872d,6624e12,D2_B_Ligeira_7mil,DET2_KS,A2_Incremental,16,13,15,0.2215,1.341,0.0,0.0
2026-06-12 19:58:53,ef6369cb,6624e12,D2_B_Ligeira_7mil,DET2_KS,A2_Incremental,17,13,15,0.2215,1.3225,50.0,0.0
2026-06-12 19:58:59,d2023803,6624e12,D2_B_Ligeira_7mil,DET2_KS,A2_Incremental,18,13,15,0.2215,1.3325,0.0,0.0
2026-06-12 19:59:06,db5be4a5,6624e12,D2_B_Ligeira_7mil,DET2_KS,A2_Incremental,19,13,15,0.2215,1.3681,0.0,0.0
2026-06-12 19:59:13,6504549e,6624e12,D2_B_Ligeira_7mil,DET2_KS,A2_Incremental,20,13,15,0.2215,1.3428,100.0,0.0
2026-06-12 19:59:19,ee0cd677,6624e12,D2_B_Ligeira_7mil,DET2_KS,A2_Incremental,21,13,15,0.2215,1.3206,0.0,0.0
2026-06-12 19:59:26,1aa0cf52,6624e12,D2_B_Ligeira_7mil,DET2_KS,A2_Incremental,22,13,15,0.2215,1.3891,0.0,0.0
2026-06-12 19:59:33,4a093cc3,6624e12,D2_B_Ligeira_7mil,DET2_KS,A2_Incremental,23,13,15,0.2215,1.3593,0.0,0.0
2026-06-12 19:59:39,d5158ac3,6624e12,D2_B_Ligeira_7mil,DET2_KS,A2_Incremental,24,13,15,0.2215,1.4121,0.0,0.0
2026-06-12 19:59:46,db40cfe0,6624e12,D2_B_Ligeira_7mil,DET2_KS,A2_Incremental,25,13,15,0.2215,1.3144,0.0,0.0
2026-06-12 19:59:53,b913504f,6624e12,D2_B_Ligeira_7mil,DET2_KS,A2_Incremental,26,13,15,0.2215,1.3218,0.0,0.0
2026-06-12 19:59:59,884a3bae,6624e12,D2_B_Ligeira_7mil,DET2_KS,A2_Incremental,27,13,15,0.2215,1.3865,100.0,0.0
2026-06-12 20:00:06,d87d5213,6624e12,D2_B_Ligeira_7mil,DET2_KS,A2_Incremental,28,13,15,0.2215,1.3494,0.0,0.0
2026-06-12 20:00:13,8751e2c8,6624e12,D2_B_Ligeira_7mil,DET2_KS,A2_Incremental,29,13,15,0.2215,1.343,0.0,0.0
2026-06-12 20:00:19,ac91790a,6624e12,D2_B_Ligeira_7mil,DET2_KS,A2_Incremental,30,13,15,0.2215,1.3863,0.0,0.0
2026-06-12 20:00:21,784743d8,6624e12,D2_B_Ligeira_7mil,DET3_ADWIN,A0_None,1,10,2,0.0295,0.0,0.0,0.0
2026-06-12 20:00:22,264d77b8,6624e12,D2_B_Ligeira_7mil,DET3_ADWIN,A0_None,2,10,2,0.0295,0.0,0.0,0.0
2026-06-12 20:00:24,381ccf39,6624e12,D2_B_Ligeira_7mil,DET3_ADWIN,A0_None,3,10,2,0.0295,0.0,0.0,0.0
2026-06-12 20:00:25,890d64c6,6624e12,D2_B_Ligeira_7mil,DET3_ADWIN,A0_None,4,10,2,0.0295,0.0,0.0,0.0
2026-06-12 20:00:27,521853ac,6624e12,D2_B_Ligeira_7mil,DET3_ADWIN,A0_None,5,10,2,0.0295,0.0,0.0,0.0
2026-06-12 20:00:28,f41821e0,6624e12,D2_B_Ligeira_7mil,DET3_ADWIN,A0_None,6,10,2,0.0295,0.0,0.0,0.0
2026-06-12 20:00:30,aefdeb0e,6624e12,D2_B_Ligeira_7mil,DET3_ADWIN,A0_None,7,10,2,0.0295,0.0,0.0,0.0
2026-06-12 20:00:31,2b38d5fc,6624e12,D2_B_Ligeira_7mil,DET3_ADWIN,A0_None,8,10,2,0.0295,0.0,0.0,0.0
2026-06-12 20:00:33,eefda3ab,6624e12,D2_B_Ligeira_7mil,DET3_ADWIN,A0_None,9,10,2,0.0295,0.0,0.0,0.0
2026-06-12 20:00:34,613db95b,6624e12,D2_B_Ligeira_7mil,DET3_ADWIN,A0_None,10,10,2,0.0295,0.0,0.0,0.0
2026-06-12 20:00:36,914e213c,6624e12,D2_B_Ligeira_7mil,DET3_ADWIN,A0_None,11,10,2,0.0295,0.0,0.0,0.0
2026-06-12 20:00:37,bafdea9c,6624e12,D2_B_Ligeira_7mil,DET3_ADWIN,A0_None,12,10,2,0.0295,0.0,0.0,0.0
2026-06-12 20:00:38,9c901608,6624e12,D2_B_Ligeira_7mil,DET3_ADWIN,A0_None,13,10,2,0.0295,0.0,0.0,0.0
2026-06-12 20:00:40,ac09640d,6624e12,D2_B_Ligeira_7mil,DET3_ADWIN,A0_None,14,10,2,0.0295,0.0,0.0,0.0
2026-06-12 20:00:41,59e2c994,6624e12,D2_B_Ligeira_7mil,DET3_ADWIN,A0_None,15,10,2,0.0295,0.0,0.0,0.0
2026-06-12 20:00:43,7909e568,6624e12,D2_B_Ligeira_7mil,DET3_ADWIN,A0_None,16,10,2,0.0295,0.0,0.0,0.0
2026-06-12 20:00:44,52a724c7,6624e12,D2_B_Ligeira_7mil,DET3_ADWIN,A0_None,17,10,2,0.0295,0.0,0.0,0.0
2026-06-12 20:00:46,b31657dc,6624e12,D2_B_Ligeira_7mil,DET3_ADWIN,A0_None,18,10,2,0.0295,0.0,0.0,0.0
2026-06-12 20:00:47,a44e354c,6624e12,D2_B_Ligeira_7mil,DET3_ADWIN,A0_None,19,10,2,0.0295,0.0,0.0,0.0
2026-06-12 20:00:49,ff231c6b,6624e12,D2_B_Ligeira_7mil,DET3_ADWIN,A0_None,20,10,2,0.0295,0.0,0.0,0.0
2026-06-12 20:00:50,c37fba98,6624e12,D2_B_Ligeira_7mil,DET3_ADWIN,A0_None,21,10,2,0.0295,0.0,0.0,0.0
2026-06-12 20:00:52,6b7e8e8a,6624e12,D2_B_Ligeira_7mil,DET3_ADWIN,A0_None,22,10,2,0.0295,0.0,0.0,0.0
2026-06-12 20:00:53,c572289d,6624e12,D2_B_Ligeira_7mil,DET3_ADWIN,A0_None,23,10,2,0.0295,0.0,0.0,0.0
2026-06-12 20:00:55,f1aa6564,6624e12,D2_B_Ligeira_7mil,DET3_ADWIN,A0_None,24,10,2,0.0295,0.0,0.0,0.0
2026-06-12 20:00:56,96d18d74,6624e12,D2_B_Ligeira_7mil,DET3_ADWIN,A0_None,25,10,2,0.0295,0.0,0.0,0.0
2026-06-12 20:00:58,256f1713,6624e12,D2_B_Ligeira_7mil,DET3_ADWIN,A0_None,26,10,2,0.0295,0.0,0.0,0.0
2026-06-12 20:00:59,5d45e790,6624e12,D2_B_Ligeira_7mil,DET3_ADWIN,A0_None,27,10,2,0.0295,0.0,0.0,0.0
2026-06-12 20:01:01,834535a1,6624e12,D2_B_Ligeira_7mil,DET3_ADWIN,A0_None,28,10,2,0.0295,0.0,0.0,0.0
2026-06-12 20:01:02,005484ce,6624e12,D2_B_Ligeira_7mil,DET3_ADWIN,A0_None,29,10,2,0.0295,0.0,0.0,0.0
2026-06-12 20:01:04,3fcb37dc,6624e12,D2_B_Ligeira_7mil,DET3_ADWIN,A0_None,30,10,2,0.0295,0.0,0.0,0.0
2026-06-12 20:01:05,ec483213,6624e12,D2_B_Ligeira_7mil,DET3_ADWIN,A1_Global,1,10,2,0.0295,21.2603,25.0,0.1562
2026-06-12 20:01:07,359719d3,6624e12,D2_B_Ligeira_7mil,DET3_ADWIN,A1_Global,2,10,2,0.0295,21.5088,40.0,0.1562
2026-06-12 20:01:08,20dccec8,6624e12,D2_B_Ligeira_7mil,DET3_ADWIN,A1_Global,3,10,2,0.0295,21.7748,40.0,0.1562
2026-06-12 20:01:10,e01b8918,6624e12,D2_B_Ligeira_7mil,DET3_ADWIN,A1_Global,4,10,2,0.0295,21.9879,44.4,0.1562
2026-06-12 20:01:11,e7ac618d,6624e12,D2_B_Ligeira_7mil,DET3_ADWIN,A1_Global,5,10,2,0.0295,21.6242,44.4,0.1562
2026-06-12 20:01:13,4a5ba11a,6624e12,D2_B_Ligeira_7mil,DET3_ADWIN,A1_Global,6,10,2,0.0295,21.8753,28.6,0.1562
2026-06-12 20:01:14,07b9353b,6624e12,D2_B_Ligeira_7mil,DET3_ADWIN,A1_Global,7,10,2,0.0295,26.8316,66.7,0.1562
2026-06-12 20:01:16,5c0b4dfe,6624e12,D2_B_Ligeira_7mil,DET3_ADWIN,A1_Global,8,10,2,0.0295,21.9332,33.3,0.1562
2026-06-12 20:01:17,3d78bacb,6624e12,D2_B_Ligeira_7mil,DET3_ADWIN,A1_Global,9,10,2,0.0295,21.7223,33.3,0.1562
2026-06-12 20:01:19,6c97b425,6624e12,D2_B_Ligeira_7mil,DET3_ADWIN,A1_Global,10,10,2,0.0295,21.7859,25.0,0.1562
2026-06-12 20:01:20,bb2338b4,6624e12,D2_B_Ligeira_7mil,DET3_ADWIN,A1_Global,11,10,2,0.0295,21.7776,25.0,0.1562
2026-06-12 20:01:22,a77826c2,6624e12,D2_B_Ligeira_7mil,DET3_ADWIN,A1_Global,12,10,2,0.0295,21.7078,33.3,0.1562
2026-06-12 20:01:23,aafb12b1,6624e12,D2_B_Ligeira_7mil,DET3_ADWIN,A1_Global,13,10,2,0.0295,21.6409,37.5,0.1562
2026-06-12 20:01:25,c6b57f2c,6624e12,D2_B_Ligeira_7mil,DET3_ADWIN,A1_Global,14,10,2,0.0295,22.1853,40.0,0.1562
2026-06-12 20:01:26,f5ae5d51,6624e12,D2_B_Ligeira_7mil,DET3_ADWIN,A1_Global,15,10,2,0.0295,21.7373,25.0,0.1562
2026-06-12 20:01:28,c2ed2f6d,6624e12,D2_B_Ligeira_7mil,DET3_ADWIN,A1_Global,16,10,2,0.0295,21.6326,33.3,0.1562
2026-06-12 20:01:29,98fcfd4a,6624e12,D2_B_Ligeira_7mil,DET3_ADWIN,A1_Global,17,10,2,0.0295,22.3667,40.0,0.1562
2026-06-12 20:01:31,342dc9b2,6624e12,D2_B_Ligeira_7mil,DET3_ADWIN,A1_Global,18,10,2,0.0295,21.9684,25.0,0.1562
2026-06-12 20:01:32,914480fa,6624e12,D2_B_Ligeira_7mil,DET3_ADWIN,A1_Global,19,10,2,0.0295,21.8475,33.3,0.1562
2026-06-12 20:01:34,980e666c,6624e12,D2_B_Ligeira_7mil,DET3_ADWIN,A1_Global,20,10,2,0.0295,22.1502,37.5,0.1562
2026-06-12 20:01:36,5749f0cc,6624e12,D2_B_Ligeira_7mil,DET3_ADWIN,A1_Global,21,10,2,0.0295,21.876,33.3,0.1562
2026-06-12 20:01:37,32de9ec5,6624e12,D2_B_Ligeira_7mil,DET3_ADWIN,A1_Global,22,10,2,0.0295,21.6508,33.3,0.1562
2026-06-12 20:01:39,5bd6f675,6624e12,D2_B_Ligeira_7mil,DET3_ADWIN,A1_Global,23,10,2,0.0295,21.5819,33.3,0.1562
2026-06-12 20:01:40,f6d16345,6624e12,D2_B_Ligeira_7mil,DET3_ADWIN,A1_Global,24,10,2,0.0295,22.0751,25.0,0.1562
2026-06-12 20:01:42,0581b4ca,6624e12,D2_B_Ligeira_7mil,DET3_ADWIN,A1_Global,25,10,2,0.0295,21.1664,33.3,0.1562
2026-06-12 20:01:43,c56a5852,6624e12,D2_B_Ligeira_7mil,DET3_ADWIN,A1_Global,26,10,2,0.0295,21.5742,25.0,0.1562
2026-06-12 20:01:45,9f946642,6624e12,D2_B_Ligeira_7mil,DET3_ADWIN,A1_Global,27,10,2,0.0295,21.8765,33.3,0.1562
2026-06-12 20:01:46,043dcd87,6624e12,D2_B_Ligeira_7mil,DET3_ADWIN,A1_Global,28,10,2,0.0295,21.4318,40.0,0.1562
2026-06-12 20:01:48,a39eebea,6624e12,D2_B_Ligeira_7mil,DET3_ADWIN,A1_Global,29,10,2,0.0295,21.7192,40.0,0.1562
2026-06-12 20:01:49,15d24e00,6624e12,D2_B_Ligeira_7mil,DET3_ADWIN,A1_Global,30,10,2,0.0295,21.7502,25.0,0.1562
2026-06-12 20:01:51,2d0e4abd,6624e12,D2_B_Ligeira_7mil,DET3_ADWIN,A2_Incremental,1,10,2,0.0295,1.4583,100.0,0.0
2026-06-12 20:01:52,853d0f6c,6624e12,D2_B_Ligeira_7mil,DET3_ADWIN,A2_Incremental,2,10,2,0.0295,2.2082,0.0,0.0
2026-06-12 20:01:54,424ebf15,6624e12,D2_B_Ligeira_7mil,DET3_ADWIN,A2_Incremental,3,10,2,0.0295,1.8831,100.0,0.0
2026-06-12 20:01:55,fb523286,6624e12,D2_B_Ligeira_7mil,DET3_ADWIN,A2_Incremental,4,10,2,0.0295,1.9718,100.0,0.0
2026-06-12 20:01:57,e8ad60fb,6624e12,D2_B_Ligeira_7mil,DET3_ADWIN,A2_Incremental,5,10,2,0.0295,1.8598,0.0,0.0
2026-06-12 20:01:58,9b5d85c4,6624e12,D2_B_Ligeira_7mil,DET3_ADWIN,A2_Incremental,6,10,2,0.0295,2.2617,0.0,0.0
2026-06-12 20:02:00,c6e1e0b6,6624e12,D2_B_Ligeira_7mil,DET3_ADWIN,A2_Incremental,7,10,2,0.0295,1.8834,0.0,0.0
2026-06-12 20:02:01,a5df2b83,6624e12,D2_B_Ligeira_7mil,DET3_ADWIN,A2_Incremental,8,10,2,0.0295,1.9192,0.0,0.0
2026-06-12 20:02:03,1378cc12,6624e12,D2_B_Ligeira_7mil,DET3_ADWIN,A2_Incremental,9,10,2,0.0295,2.1385,50.0,0.0
2026-06-12 20:02:04,75f8b309,6624e12,D2_B_Ligeira_7mil,DET3_ADWIN,A2_Incremental,10,10,2,0.0295,1.7344,0.0,0.0
2026-06-12 20:02:06,6f79d57b,6624e12,D2_B_Ligeira_7mil,DET3_ADWIN,A2_Incremental,11,10,2,0.0295,1.4326,100.0,0.0
2026-06-12 20:02:07,c4adfe58,6624e12,D2_B_Ligeira_7mil,DET3_ADWIN,A2_Incremental,12,10,2,0.0295,1.7734,0.0,0.0
2026-06-12 20:02:08,8ce69dfb,6624e12,D2_B_Ligeira_7mil,DET3_ADWIN,A2_Incremental,13,10,2,0.0295,1.4762,0.0,0.0
2026-06-12 20:02:10,6b70516d,6624e12,D2_B_Ligeira_7mil,DET3_ADWIN,A2_Incremental,14,10,2,0.0295,2.3607,50.0,0.0
2026-06-12 20:02:11,82e2b3d1,6624e12,D2_B_Ligeira_7mil,DET3_ADWIN,A2_Incremental,15,10,2,0.0295,1.8666,0.0,0.0
2026-06-12 20:02:13,76630a19,6624e12,D2_B_Ligeira_7mil,DET3_ADWIN,A2_Incremental,16,10,2,0.0295,1.9019,100.0,0.0
2026-06-12 20:02:14,cf316f90,6624e12,D2_B_Ligeira_7mil,DET3_ADWIN,A2_Incremental,17,10,2,0.0295,1.7525,0.0,0.0156
2026-06-12 20:02:16,476bf5d3,6624e12,D2_B_Ligeira_7mil,DET3_ADWIN,A2_Incremental,18,10,2,0.0295,1.8766,0.0,0.0
2026-06-12 20:02:17,59976244,6624e12,D2_B_Ligeira_7mil,DET3_ADWIN,A2_Incremental,19,10,2,0.0295,1.9425,50.0,0.0
2026-06-12 20:02:19,438c1072,6624e12,D2_B_Ligeira_7mil,DET3_ADWIN,A2_Incremental,20,10,2,0.0295,1.8779,0.0,0.0
2026-06-12 20:02:20,290c8272,6624e12,D2_B_Ligeira_7mil,DET3_ADWIN,A2_Incremental,21,10,2,0.0295,1.7166,0.0,0.0
2026-06-12 20:02:22,4055b2e0,6624e12,D2_B_Ligeira_7mil,DET3_ADWIN,A2_Incremental,22,10,2,0.0295,1.7204,0.0,0.0
2026-06-12 20:02:23,e8ce9727,6624e12,D2_B_Ligeira_7mil,DET3_ADWIN,A2_Incremental,23,10,2,0.0295,1.7317,0.0,0.0
2026-06-12 20:02:24,464237a1,6624e12,D2_B_Ligeira_7mil,DET3_ADWIN,A2_Incremental,24,10,2,0.0295,1.8,0.0,0.0
2026-06-12 20:02:26,afd18b41,6624e12,D2_B_Ligeira_7mil,DET3_ADWIN,A2_Incremental,25,10,2,0.0295,1.787,0.0,0.0
2026-06-12 20:02:27,3b07330a,6624e12,D2_B_Ligeira_7mil,DET3_ADWIN,A2_Incremental,26,10,2,0.0295,1.7493,0.0,0.0
2026-06-12 20:02:29,e53518a7,6624e12,D2_B_Ligeira_7mil,DET3_ADWIN,A2_Incremental,27,10,2,0.0295,1.8377,0.0,0.0
2026-06-12 20:02:30,1dd4f432,6624e12,D2_B_Ligeira_7mil,DET3_ADWIN,A2_Incremental,28,10,2,0.0295,1.9336,0.0,0.0
2026-06-12 20:02:32,7df3c9e6,6624e12,D2_B_Ligeira_7mil,DET3_ADWIN,A2_Incremental,29,10,2,0.0295,1.8358,50.0,0.0
2026-06-12 20:02:33,38974eb7,6624e12,D2_B_Ligeira_7mil,DET3_ADWIN,A2_Incremental,30,10,2,0.0295,2.2396,0.0,0.0
2026-06-12 20:02:33,8f902901,6624e12,D2_B_Media_14mil,DET0_None,A0_None,1,N/D,0,0.0,0.0,0.0,0.0
2026-06-12 20:02:33,eb4d7bbd,6624e12,D2_B_Media_14mil,DET0_None,A0_None,2,N/D,0,0.0,0.0,0.0,0.0
2026-06-12 20:02:33,7e1fd322,6624e12,D2_B_Media_14mil,DET0_None,A0_None,3,N/D,0,0.0,0.0,0.0,0.0
2026-06-12 20:02:33,0003465d,6624e12,D2_B_Media_14mil,DET0_None,A0_None,4,N/D,0,0.0,0.0,0.0,0.0
2026-06-12 20:02:33,de5bf185,6624e12,D2_B_Media_14mil,DET0_None,A0_None,5,N/D,0,0.0,0.0,0.0,0.0
2026-06-12 20:02:33,3c430e0c,6624e12,D2_B_Media_14mil,DET0_None,A0_None,6,N/D,0,0.0,0.0,0.0,0.0
2026-06-12 20:02:33,dfcdf2ef,6624e12,D2_B_Media_14mil,DET0_None,A0_None,7,N/D,0,0.0,0.0,0.0,0.0
2026-06-12 20:02:33,63792235,6624e12,D2_B_Media_14mil,DET0_None,A0_None,8,N/D,0,0.0,0.0,0.0,0.0
2026-06-12 20:02:33,99edb34e,6624e12,D2_B_Media_14mil,DET0_None,A0_None,9,N/D,0,0.0,0.0,0.0,0.0
2026-06-12 20:02:33,a34925f3,6624e12,D2_B_Media_14mil,DET0_None,A0_None,10,N/D,0,0.0,0.0,0.0,0.0
2026-06-12 20:02:33,8baf86d4,6624e12,D2_B_Media_14mil,DET0_None,A0_None,11,N/D,0,0.0,0.0,0.0,0.0
2026-06-12 20:02:33,e9ba49ab,6624e12,D2_B_Media_14mil,DET0_None,A0_None,12,N/D,0,0.0,0.0,0.0,0.0
2026-06-12 20:02:33,62b88e9f,6624e12,D2_B_Media_14mil,DET0_None,A0_None,13,N/D,0,0.0,0.0,0.0,0.0
2026-06-12 20:02:33,0cbeed2b,6624e12,D2_B_Media_14mil,DET0_None,A0_None,14,N/D,0,0.0,0.0,0.0,0.0
2026-06-12 20:02:33,a791f754,6624e12,D2_B_Media_14mil,DET0_None,A0_None,15,N/D,0,0.0,0.0,0.0,0.0
2026-06-12 20:02:33,665ec744,6624e12,D2_B_Media_14mil,DET0_None,A0_None,16,N/D,0,0.0,0.0,0.0,0.0
2026-06-12 20:02:33,f846c782,6624e12,D2_B_Media_14mil,DET0_None,A0_None,17,N/D,0,0.0,0.0,0.0,0.0
2026-06-12 20:02:33,6cfbfe17,6624e12,D2_B_Media_14mil,DET0_None,A0_None,18,N/D,0,0.0,0.0,0.0,0.0
2026-06-12 20:02:33,f533d433,6624e12,D2_B_Media_14mil,DET0_None,A0_None,19,N/D,0,0.0,0.0,0.0,0.0
2026-06-12 20:02:33,52c2893f,6624e12,D2_B_Media_14mil,DET0_None,A0_None,20,N/D,0,0.0,0.0,0.0,0.0
2026-06-12 20:02:33,a414ece3,6624e12,D2_B_Media_14mil,DET0_None,A0_None,21,N/D,0,0.0,0.0,0.0,0.0
2026-06-12 20:02:33,1e3df436,6624e12,D2_B_Media_14mil,DET0_None,A0_None,22,N/D,0,0.0,0.0,0.0,0.0
2026-06-12 20:02:33,0cfcf136,6624e12,D2_B_Media_14mil,DET0_None,A0_None,23,N/D,0,0.0,0.0,0.0,0.0
2026-06-12 20:02:33,4944526e,6624e12,D2_B_Media_14mil,DET0_None,A0_None,24,N/D,0,0.0,0.0,0.0,0.0
2026-06-12 20:02:33,9bab5915,6624e12,D2_B_Media_14mil,DET0_None,A0_None,25,N/D,0,0.0,0.0,0.0,0.0
2026-06-12 20:02:33,f540b04b,6624e12,D2_B_Media_14mil,DET0_None,A0_None,26,N/D,0,0.0,0.0,0.0,0.0
2026-06-12 20:02:33,1ac62657,6624e12,D2_B_Media_14mil,DET0_None,A0_None,27,N/D,0,0.0,0.0,0.0,0.0
2026-06-12 20:02:33,ebf3c675,6624e12,D2_B_Media_14mil,DET0_None,A0_None,28,N/D,0,0.0,0.0,0.0,0.0
2026-06-12 20:02:33,f417ab4b,6624e12,D2_B_Media_14mil,DET0_None,A0_None,29,N/D,0,0.0,0.0,0.0,0.0
2026-06-12 20:02:33,a5f20142,6624e12,D2_B_Media_14mil,DET0_None,A0_None,30,N/D,0,0.0,0.0,0.0,0.0
2026-06-12 20:02:35,560d2b55,6624e12,D2_B_Media_14mil,DET1_OCSVM,A0_None,1,9,0,0.0,0.0,0.0,0.0
2026-06-12 20:02:36,57a886b5,6624e12,D2_B_Media_14mil,DET1_OCSVM,A0_None,2,9,0,0.0,0.0,0.0,0.0
2026-06-12 20:02:38,269270a1,6624e12,D2_B_Media_14mil,DET1_OCSVM,A0_None,3,9,0,0.0,0.0,0.0,0.0
2026-06-12 20:02:39,9adfa045,6624e12,D2_B_Media_14mil,DET1_OCSVM,A0_None,4,9,0,0.0,0.0,0.0,0.0
2026-06-12 20:02:41,560340c4,6624e12,D2_B_Media_14mil,DET1_OCSVM,A0_None,5,9,0,0.0,0.0,0.0,0.0
2026-06-12 20:02:42,a5a6d2c7,6624e12,D2_B_Media_14mil,DET1_OCSVM,A0_None,6,9,0,0.0,0.0,0.0,0.0
2026-06-12 20:02:44,4791ed29,6624e12,D2_B_Media_14mil,DET1_OCSVM,A0_None,7,9,0,0.0,0.0,0.0,0.0
2026-06-12 20:02:45,c91761d0,6624e12,D2_B_Media_14mil,DET1_OCSVM,A0_None,8,9,0,0.0,0.0,0.0,0.0
2026-06-12 20:02:47,95acfaa3,6624e12,D2_B_Media_14mil,DET1_OCSVM,A0_None,9,9,0,0.0,0.0,0.0,0.0
2026-06-12 20:02:48,4306480d,6624e12,D2_B_Media_14mil,DET1_OCSVM,A0_None,10,9,0,0.0,0.0,0.0,0.0
2026-06-12 20:02:50,035302f9,6624e12,D2_B_Media_14mil,DET1_OCSVM,A0_None,11,9,0,0.0,0.0,0.0,0.0
2026-06-12 20:02:51,925d781b,6624e12,D2_B_Media_14mil,DET1_OCSVM,A0_None,12,9,0,0.0,0.0,0.0,0.0
2026-06-12 20:02:53,86d20080,6624e12,D2_B_Media_14mil,DET1_OCSVM,A0_None,13,9,0,0.0,0.0,0.0,0.0
2026-06-12 20:02:54,a4af2552,6624e12,D2_B_Media_14mil,DET1_OCSVM,A0_None,14,9,0,0.0,0.0,0.0,0.0
2026-06-12 20:02:56,1cb1c395,6624e12,D2_B_Media_14mil,DET1_OCSVM,A0_None,15,9,0,0.0,0.0,0.0,0.0
2026-06-12 20:02:57,613b417c,6624e12,D2_B_Media_14mil,DET1_OCSVM,A0_None,16,9,0,0.0,0.0,0.0,0.0
2026-06-12 20:02:59,a10c9138,6624e12,D2_B_Media_14mil,DET1_OCSVM,A0_None,17,9,0,0.0,0.0,0.0,0.0
2026-06-12 20:03:00,0be4db17,6624e12,D2_B_Media_14mil,DET1_OCSVM,A0_None,18,9,0,0.0,0.0,0.0,0.0
2026-06-12 20:03:02,093295f7,6624e12,D2_B_Media_14mil,DET1_OCSVM,A0_None,19,9,0,0.0,0.0,0.0,0.0
2026-06-12 20:03:03,31b18fd6,6624e12,D2_B_Media_14mil,DET1_OCSVM,A0_None,20,9,0,0.0,0.0,0.0,0.0
2026-06-12 20:03:05,ca414003,6624e12,D2_B_Media_14mil,DET1_OCSVM,A0_None,21,9,0,0.0,0.0,0.0,0.0
2026-06-12 20:03:06,02053f9c,6624e12,D2_B_Media_14mil,DET1_OCSVM,A0_None,22,9,0,0.0,0.0,0.0,0.0
2026-06-12 20:03:08,be90428f,6624e12,D2_B_Media_14mil,DET1_OCSVM,A0_None,23,9,0,0.0,0.0,0.0,0.0
2026-06-12 20:03:09,3e093707,6624e12,D2_B_Media_14mil,DET1_OCSVM,A0_None,24,9,0,0.0,0.0,0.0,0.0
2026-06-12 20:03:11,f9c2fae4,6624e12,D2_B_Media_14mil,DET1_OCSVM,A0_None,25,9,0,0.0,0.0,0.0,0.0
2026-06-12 20:03:12,58eae2fb,6624e12,D2_B_Media_14mil,DET1_OCSVM,A0_None,26,9,0,0.0,0.0,0.0,0.0
2026-06-12 20:03:14,02ad4b08,6624e12,D2_B_Media_14mil,DET1_OCSVM,A0_None,27,9,0,0.0,0.0,0.0,0.0
2026-06-12 20:03:15,3d3a5248,6624e12,D2_B_Media_14mil,DET1_OCSVM,A0_None,28,9,0,0.0,0.0,0.0,0.0
2026-06-12 20:03:17,068a921b,6624e12,D2_B_Media_14mil,DET1_OCSVM,A0_None,29,9,0,0.0,0.0,0.0,0.0
2026-06-12 20:03:18,c883ec16,6624e12,D2_B_Media_14mil,DET1_OCSVM,A0_None,30,9,0,0.0,0.0,0.0,0.0
2026-06-12 20:03:19,cff5ae3f,6624e12,D2_B_Media_14mil,DET1_OCSVM,A1_Global,1,9,0,0.0,22.0742,44.4,0.1562
2026-06-12 20:03:21,a23ad287,6624e12,D2_B_Media_14mil,DET1_OCSVM,A1_Global,2,9,0,0.0,22.1073,44.4,0.1562
2026-06-12 20:03:23,b78b6277,6624e12,D2_B_Media_14mil,DET1_OCSVM,A1_Global,3,9,0,0.0,21.8403,25.0,0.1562
2026-06-12 20:03:24,f26c0adb,6624e12,D2_B_Media_14mil,DET1_OCSVM,A1_Global,4,9,0,0.0,21.8202,22.2,0.1562
2026-06-12 20:03:26,89d2f761,6624e12,D2_B_Media_14mil,DET1_OCSVM,A1_Global,5,9,0,0.0,21.8162,33.3,0.1562
2026-06-12 20:03:27,bcf8dcd1,6624e12,D2_B_Media_14mil,DET1_OCSVM,A1_Global,6,9,0,0.0,22.1428,25.0,0.1562
2026-06-12 20:03:29,5517a2a0,6624e12,D2_B_Media_14mil,DET1_OCSVM,A1_Global,7,9,0,0.0,21.382,33.3,0.1562
2026-06-12 20:03:30,070325f6,6624e12,D2_B_Media_14mil,DET1_OCSVM,A1_Global,8,9,0,0.0,21.8589,33.3,0.1562
2026-06-12 20:03:32,19bc0fa7,6624e12,D2_B_Media_14mil,DET1_OCSVM,A1_Global,9,9,0,0.0,21.7885,25.0,0.1562
2026-06-12 20:03:33,185822f2,6624e12,D2_B_Media_14mil,DET1_OCSVM,A1_Global,10,9,0,0.0,22.0449,40.0,0.1562
2026-06-12 20:03:35,5f965cd0,6624e12,D2_B_Media_14mil,DET1_OCSVM,A1_Global,11,9,0,0.0,21.7841,25.0,0.1562
2026-06-12 20:03:36,3526c2d0,6624e12,D2_B_Media_14mil,DET1_OCSVM,A1_Global,12,9,0,0.0,22.2965,40.0,0.1562
2026-06-12 20:03:38,cf15061b,6624e12,D2_B_Media_14mil,DET1_OCSVM,A1_Global,13,9,0,0.0,21.4793,33.3,0.1562
2026-06-12 20:03:39,4d36db60,6624e12,D2_B_Media_14mil,DET1_OCSVM,A1_Global,14,9,0,0.0,21.5367,40.0,0.1562
2026-06-12 20:03:41,b7ac2511,6624e12,D2_B_Media_14mil,DET1_OCSVM,A1_Global,15,9,0,0.0,21.9606,25.0,0.1562
2026-06-12 20:03:42,c8b8e058,6624e12,D2_B_Media_14mil,DET1_OCSVM,A1_Global,16,9,0,0.0,21.9604,33.3,0.1562
2026-06-12 20:03:44,479b6964,6624e12,D2_B_Media_14mil,DET1_OCSVM,A1_Global,17,9,0,0.0,21.7984,33.3,0.1562
2026-06-12 20:03:45,a9e95f13,6624e12,D2_B_Media_14mil,DET1_OCSVM,A1_Global,18,9,0,0.0,22.1083,33.3,0.1562
2026-06-12 20:03:47,365a5ce6,6624e12,D2_B_Media_14mil,DET1_OCSVM,A1_Global,19,9,0,0.0,22.3214,37.5,0.1562
2026-06-12 20:03:48,3d46d05c,6624e12,D2_B_Media_14mil,DET1_OCSVM,A1_Global,20,9,0,0.0,22.0006,33.3,0.1562
2026-06-12 20:03:50,434d1906,6624e12,D2_B_Media_14mil,DET1_OCSVM,A1_Global,21,9,0,0.0,21.798,22.2,0.1562
2026-06-12 20:03:51,8fee5148,6624e12,D2_B_Media_14mil,DET1_OCSVM,A1_Global,22,9,0,0.0,21.5299,33.3,0.1562
2026-06-12 20:03:53,faac7be8,6624e12,D2_B_Media_14mil,DET1_OCSVM,A1_Global,23,9,0,0.0,21.8975,33.3,0.1562
2026-06-12 20:03:54,34b7294e,6624e12,D2_B_Media_14mil,DET1_OCSVM,A1_Global,24,9,0,0.0,21.7548,25.0,0.1562
2026-06-12 20:03:56,cc0d5408,6624e12,D2_B_Media_14mil,DET1_OCSVM,A1_Global,25,9,0,0.0,22.0536,25.0,0.1562
2026-06-12 20:03:57,64260a15,6624e12,D2_B_Media_14mil,DET1_OCSVM,A1_Global,26,9,0,0.0,21.6642,25.0,0.1562
2026-06-12 20:03:59,a0651137,6624e12,D2_B_Media_14mil,DET1_OCSVM,A1_Global,27,9,0,0.0,21.4212,33.3,0.1562
2026-06-12 20:04:00,26a9bfdf,6624e12,D2_B_Media_14mil,DET1_OCSVM,A1_Global,28,9,0,0.0,21.8217,25.0,0.1562
2026-06-12 20:04:02,74242724,6624e12,D2_B_Media_14mil,DET1_OCSVM,A1_Global,29,9,0,0.0,22.0751,25.0,0.1562
2026-06-12 20:04:03,81318c4c,6624e12,D2_B_Media_14mil,DET1_OCSVM,A1_Global,30,9,0,0.0,21.6345,33.3,0.1562
2026-06-12 20:04:05,20211c41,6624e12,D2_B_Media_14mil,DET1_OCSVM,A2_Incremental,1,9,0,0.0,1.885,0.0,0.0
2026-06-12 20:04:06,78a58b62,6624e12,D2_B_Media_14mil,DET1_OCSVM,A2_Incremental,2,9,0,0.0,1.9022,0.0,0.0
2026-06-12 20:04:08,df3e39ea,6624e12,D2_B_Media_14mil,DET1_OCSVM,A2_Incremental,3,9,0,0.0,1.8695,0.0,0.0
2026-06-12 20:04:09,a837cf3b,6624e12,D2_B_Media_14mil,DET1_OCSVM,A2_Incremental,4,9,0,0.0,1.9207,0.0,0.0
2026-06-12 20:04:11,9c3dd513,6624e12,D2_B_Media_14mil,DET1_OCSVM,A2_Incremental,5,9,0,0.0,1.8829,0.0,0.0
2026-06-12 20:04:12,988ed814,6624e12,D2_B_Media_14mil,DET1_OCSVM,A2_Incremental,6,9,0,0.0,1.8168,0.0,0.0
2026-06-12 20:04:14,4dfe3549,6624e12,D2_B_Media_14mil,DET1_OCSVM,A2_Incremental,7,9,0,0.0,2.0,0.0,0.0
2026-06-12 20:04:15,e5f60470,6624e12,D2_B_Media_14mil,DET1_OCSVM,A2_Incremental,8,9,0,0.0,1.8618,0.0,0.0
2026-06-12 20:04:17,bcc979a5,6624e12,D2_B_Media_14mil,DET1_OCSVM,A2_Incremental,9,9,0,0.0,1.7637,0.0,0.0
2026-06-12 20:04:18,75357cdf,6624e12,D2_B_Media_14mil,DET1_OCSVM,A2_Incremental,10,9,0,0.0,1.8074,0.0,0.0
2026-06-12 20:04:19,c5bc8cc5,6624e12,D2_B_Media_14mil,DET1_OCSVM,A2_Incremental,11,9,0,0.0,1.8971,0.0,0.0
2026-06-12 20:04:21,52032998,6624e12,D2_B_Media_14mil,DET1_OCSVM,A2_Incremental,12,9,0,0.0,1.9532,50.0,0.0
2026-06-12 20:04:22,bdb1a850,6624e12,D2_B_Media_14mil,DET1_OCSVM,A2_Incremental,13,9,0,0.0,2.0035,0.0,0.0
2026-06-12 20:04:24,3df12a8e,6624e12,D2_B_Media_14mil,DET1_OCSVM,A2_Incremental,14,9,0,0.0,1.9375,0.0,0.0
2026-06-12 20:04:25,92b8f9ef,6624e12,D2_B_Media_14mil,DET1_OCSVM,A2_Incremental,15,9,0,0.0,1.8235,0.0,0.0
2026-06-12 20:04:27,5201a834,6624e12,D2_B_Media_14mil,DET1_OCSVM,A2_Incremental,16,9,0,0.0,1.7537,50.0,0.0
2026-06-12 20:04:28,060f8bf0,6624e12,D2_B_Media_14mil,DET1_OCSVM,A2_Incremental,17,9,0,0.0,1.8812,50.0,0.0
2026-06-12 20:04:30,acb4cf94,6624e12,D2_B_Media_14mil,DET1_OCSVM,A2_Incremental,18,9,0,0.0,1.9108,0.0,0.0
2026-06-12 20:04:31,95fcd9dc,6624e12,D2_B_Media_14mil,DET1_OCSVM,A2_Incremental,19,9,0,0.0,2.1335,100.0,0.0
2026-06-12 20:04:32,401e53d7,6624e12,D2_B_Media_14mil,DET1_OCSVM,A2_Incremental,20,9,0,0.0,1.9068,0.0,0.0
2026-06-12 20:04:34,9094f5f0,6624e12,D2_B_Media_14mil,DET1_OCSVM,A2_Incremental,21,9,0,0.0,1.9301,100.0,0.0
2026-06-12 20:04:35,be8aa125,6624e12,D2_B_Media_14mil,DET1_OCSVM,A2_Incremental,22,9,0,0.0,1.8704,0.0,0.0
2026-06-12 20:04:37,af08b4c9,6624e12,D2_B_Media_14mil,DET1_OCSVM,A2_Incremental,23,9,0,0.0,1.89,0.0,0.0
2026-06-12 20:04:38,5b675f61,6624e12,D2_B_Media_14mil,DET1_OCSVM,A2_Incremental,24,9,0,0.0,1.8215,0.0,0.0156
2026-06-12 20:04:40,9cff32e6,6624e12,D2_B_Media_14mil,DET1_OCSVM,A2_Incremental,25,9,0,0.0,1.9387,50.0,0.0
2026-06-12 20:04:41,94984153,6624e12,D2_B_Media_14mil,DET1_OCSVM,A2_Incremental,26,9,0,0.0,1.4112,0.0,0.0
2026-06-12 20:04:43,95a888fc,6624e12,D2_B_Media_14mil,DET1_OCSVM,A2_Incremental,27,9,0,0.0,1.77,0.0,0.0
2026-06-12 20:04:44,519f3587,6624e12,D2_B_Media_14mil,DET1_OCSVM,A2_Incremental,28,9,0,0.0,2.1636,50.0,0.0
2026-06-12 20:04:45,c8a3301c,6624e12,D2_B_Media_14mil,DET1_OCSVM,A2_Incremental,29,9,0,0.0,1.9148,50.0,0.0
2026-06-12 20:04:47,95f69672,6624e12,D2_B_Media_14mil,DET1_OCSVM,A2_Incremental,30,9,0,0.0,1.9026,0.0,0.0
2026-06-12 20:04:54,3405c518,6624e12,D2_B_Media_14mil,DET2_KS,A0_None,1,14,15,0.2215,0.0,0.0,0.0
2026-06-12 20:05:01,538308d5,6624e12,D2_B_Media_14mil,DET2_KS,A0_None,2,14,15,0.2215,0.0,0.0,0.0
2026-06-12 20:05:07,f3bb4b86,6624e12,D2_B_Media_14mil,DET2_KS,A0_None,3,14,15,0.2215,0.0,0.0,0.0
2026-06-12 20:05:14,e6c49c03,6624e12,D2_B_Media_14mil,DET2_KS,A0_None,4,14,15,0.2215,0.0,0.0,0.0
2026-06-12 20:05:21,ef942c4c,6624e12,D2_B_Media_14mil,DET2_KS,A0_None,5,14,15,0.2215,0.0,0.0,0.0
2026-06-12 20:05:27,5d54c529,6624e12,D2_B_Media_14mil,DET2_KS,A0_None,6,14,15,0.2215,0.0,0.0,0.0
2026-06-12 20:05:34,a4254a32,6624e12,D2_B_Media_14mil,DET2_KS,A0_None,7,14,15,0.2215,0.0,0.0,0.0
2026-06-12 20:05:41,93de4e13,6624e12,D2_B_Media_14mil,DET2_KS,A0_None,8,14,15,0.2215,0.0,0.0,0.0
2026-06-12 20:05:48,fbb0d986,6624e12,D2_B_Media_14mil,DET2_KS,A0_None,9,14,15,0.2215,0.0,0.0,0.0
2026-06-12 20:05:54,14886f45,6624e12,D2_B_Media_14mil,DET2_KS,A0_None,10,14,15,0.2215,0.0,0.0,0.0
2026-06-12 20:06:01,ad36ab5d,6624e12,D2_B_Media_14mil,DET2_KS,A0_None,11,14,15,0.2215,0.0,0.0,0.0
2026-06-12 20:06:08,f6dc9434,6624e12,D2_B_Media_14mil,DET2_KS,A0_None,12,14,15,0.2215,0.0,0.0,0.0
2026-06-12 20:06:15,b9cb857d,6624e12,D2_B_Media_14mil,DET2_KS,A0_None,13,14,15,0.2215,0.0,0.0,0.0
2026-06-12 20:06:21,4fb8bca8,6624e12,D2_B_Media_14mil,DET2_KS,A0_None,14,14,15,0.2215,0.0,0.0,0.0
2026-06-12 20:06:28,b1405119,6624e12,D2_B_Media_14mil,DET2_KS,A0_None,15,14,15,0.2215,0.0,0.0,0.0
2026-06-12 20:06:35,57d98c8f,6624e12,D2_B_Media_14mil,DET2_KS,A0_None,16,14,15,0.2215,0.0,0.0,0.0
2026-06-12 20:06:41,b747b138,6624e12,D2_B_Media_14mil,DET2_KS,A0_None,17,14,15,0.2215,0.0,0.0,0.0
2026-06-12 20:06:48,9126d846,6624e12,D2_B_Media_14mil,DET2_KS,A0_None,18,14,15,0.2215,0.0,0.0,0.0
2026-06-12 20:06:55,0b3c9352,6624e12,D2_B_Media_14mil,DET2_KS,A0_None,19,14,15,0.2215,0.0,0.0,0.0
2026-06-12 20:07:02,aa1dd6a2,6624e12,D2_B_Media_14mil,DET2_KS,A0_None,20,14,15,0.2215,0.0,0.0,0.0
2026-06-12 20:07:08,f06dd9e4,6624e12,D2_B_Media_14mil,DET2_KS,A0_None,21,14,15,0.2215,0.0,0.0,0.0
2026-06-12 20:07:15,feafdaf6,6624e12,D2_B_Media_14mil,DET2_KS,A0_None,22,14,15,0.2215,0.0,0.0,0.0
2026-06-12 20:07:22,7014851c,6624e12,D2_B_Media_14mil,DET2_KS,A0_None,23,14,15,0.2215,0.0,0.0,0.0
2026-06-12 20:07:28,d4817d30,6624e12,D2_B_Media_14mil,DET2_KS,A0_None,24,14,15,0.2215,0.0,0.0,0.0
2026-06-12 20:07:35,a864fda5,6624e12,D2_B_Media_14mil,DET2_KS,A0_None,25,14,15,0.2215,0.0,0.0,0.0
2026-06-12 20:07:42,b8943a13,6624e12,D2_B_Media_14mil,DET2_KS,A0_None,26,14,15,0.2215,0.0,0.0,0.0
2026-06-12 20:07:49,f9fc5fe5,6624e12,D2_B_Media_14mil,DET2_KS,A0_None,27,14,15,0.2215,0.0,0.0,0.0
2026-06-12 20:07:55,212db449,6624e12,D2_B_Media_14mil,DET2_KS,A0_None,28,14,15,0.2215,0.0,0.0,0.0
2026-06-12 20:08:02,d8810c2f,6624e12,D2_B_Media_14mil,DET2_KS,A0_None,29,14,15,0.2215,0.0,0.0,0.0
2026-06-12 20:08:09,106e9690,6624e12,D2_B_Media_14mil,DET2_KS,A0_None,30,14,15,0.2215,0.0,0.0,0.0
2026-06-12 20:08:16,7112b010,6624e12,D2_B_Media_14mil,DET2_KS,A1_Global,1,14,15,0.2215,20.4345,25.0,0.5625
2026-06-12 20:08:22,9f5dea40,6624e12,D2_B_Media_14mil,DET2_KS,A1_Global,2,14,15,0.2215,20.633,33.3,0.5625
2026-06-12 20:08:29,fde050a4,6624e12,D2_B_Media_14mil,DET2_KS,A1_Global,3,14,15,0.2215,20.523,25.0,0.5625
2026-06-12 20:08:36,3bcdb74c,6624e12,D2_B_Media_14mil,DET2_KS,A1_Global,4,14,15,0.2215,20.3981,25.0,0.5625
2026-06-12 20:08:43,38fd15ee,6624e12,D2_B_Media_14mil,DET2_KS,A1_Global,5,14,15,0.2215,20.6157,25.0,0.5625
2026-06-12 20:08:49,0107f8e7,6624e12,D2_B_Media_14mil,DET2_KS,A1_Global,6,14,15,0.2215,20.4353,33.3,0.5625
2026-06-12 20:08:56,4ec01dea,6624e12,D2_B_Media_14mil,DET2_KS,A1_Global,7,14,15,0.2215,20.3859,25.0,0.5625
2026-06-12 20:09:03,07daa9eb,6624e12,D2_B_Media_14mil,DET2_KS,A1_Global,8,14,15,0.2215,21.5704,25.0,0.5625
2026-06-12 20:09:10,c903f62c,6624e12,D2_B_Media_14mil,DET2_KS,A1_Global,9,14,15,0.2215,20.5361,25.0,0.5625
2026-06-12 20:09:16,8cb0f8df,6624e12,D2_B_Media_14mil,DET2_KS,A1_Global,10,14,15,0.2215,20.4689,25.0,0.5625
2026-06-12 20:09:23,bc262f60,6624e12,D2_B_Media_14mil,DET2_KS,A1_Global,11,14,15,0.2215,20.4791,25.0,0.5625
2026-06-12 20:09:30,7ce04335,6624e12,D2_B_Media_14mil,DET2_KS,A1_Global,12,14,15,0.2215,20.3943,25.0,0.5625
2026-06-12 20:09:37,7103135b,6624e12,D2_B_Media_14mil,DET2_KS,A1_Global,13,14,15,0.2215,20.4187,22.2,0.5625
2026-06-12 20:09:43,ff45bd10,6624e12,D2_B_Media_14mil,DET2_KS,A1_Global,14,14,15,0.2215,20.4841,25.0,0.5625
2026-06-12 20:09:50,7248e6c7,6624e12,D2_B_Media_14mil,DET2_KS,A1_Global,15,14,15,0.2215,20.5597,25.0,0.5625
2026-06-12 20:09:57,5ec8961d,6624e12,D2_B_Media_14mil,DET2_KS,A1_Global,16,14,15,0.2215,20.5712,25.0,0.5625
2026-06-12 20:10:04,2f0ed4bb,6624e12,D2_B_Media_14mil,DET2_KS,A1_Global,17,14,15,0.2215,20.449,25.0,0.5625
2026-06-12 20:10:10,f7ee50e3,6624e12,D2_B_Media_14mil,DET2_KS,A1_Global,18,14,15,0.2215,20.5268,25.0,0.5625
2026-06-12 20:10:17,075e7871,6624e12,D2_B_Media_14mil,DET2_KS,A1_Global,19,14,15,0.2215,20.5298,22.2,0.5625
2026-06-12 20:10:24,850fd602,6624e12,D2_B_Media_14mil,DET2_KS,A1_Global,20,14,15,0.2215,20.5716,33.3,0.5625
2026-06-12 20:10:31,528334c2,6624e12,D2_B_Media_14mil,DET2_KS,A1_Global,21,14,15,0.2215,20.5326,25.0,0.5625
2026-06-12 20:10:37,a6b0fcfb,6624e12,D2_B_Media_14mil,DET2_KS,A1_Global,22,14,15,0.2215,20.4873,25.0,0.5625
2026-06-12 20:10:44,43d5207a,6624e12,D2_B_Media_14mil,DET2_KS,A1_Global,23,14,15,0.2215,20.5009,30.0,0.5625
2026-06-12 20:10:51,bd53db1e,6624e12,D2_B_Media_14mil,DET2_KS,A1_Global,24,14,15,0.2215,20.7258,33.3,0.5625
2026-06-12 20:10:58,bf4c544e,6624e12,D2_B_Media_14mil,DET2_KS,A1_Global,25,14,15,0.2215,20.3764,25.0,0.5625
2026-06-12 20:11:04,452a92a0,6624e12,D2_B_Media_14mil,DET2_KS,A1_Global,26,14,15,0.2215,20.5105,25.0,0.5625
2026-06-12 20:11:11,34543517,6624e12,D2_B_Media_14mil,DET2_KS,A1_Global,27,14,15,0.2215,20.5658,25.0,0.5625
2026-06-12 20:11:18,89c74b7e,6624e12,D2_B_Media_14mil,DET2_KS,A1_Global,28,14,15,0.2215,20.5535,22.2,0.5625
2026-06-12 20:11:25,4fb27281,6624e12,D2_B_Media_14mil,DET2_KS,A1_Global,29,14,15,0.2215,20.5335,22.2,0.5625
2026-06-12 20:11:31,70b1ff8b,6624e12,D2_B_Media_14mil,DET2_KS,A1_Global,30,14,15,0.2215,20.5632,25.0,0.5625
2026-06-12 20:11:38,21daa0fd,6624e12,D2_B_Media_14mil,DET2_KS,A2_Incremental,1,14,15,0.2215,1.9818,100.0,0.0
2026-06-12 20:11:45,dc8fe2e5,6624e12,D2_B_Media_14mil,DET2_KS,A2_Incremental,2,14,15,0.2215,1.3529,0.0,0.0
2026-06-12 20:11:51,ea41f52a,6624e12,D2_B_Media_14mil,DET2_KS,A2_Incremental,3,14,15,0.2215,1.2942,0.0,0.0
2026-06-12 20:11:58,0249f921,6624e12,D2_B_Media_14mil,DET2_KS,A2_Incremental,4,14,15,0.2215,1.3746,0.0,0.0
2026-06-12 20:12:04,7bcf8395,6624e12,D2_B_Media_14mil,DET2_KS,A2_Incremental,5,14,15,0.2215,1.3988,0.0,0.0
2026-06-12 20:12:11,ae199db5,6624e12,D2_B_Media_14mil,DET2_KS,A2_Incremental,6,14,15,0.2215,1.326,0.0,0.0
2026-06-12 20:12:18,5fbcd958,6624e12,D2_B_Media_14mil,DET2_KS,A2_Incremental,7,14,15,0.2215,1.3502,0.0,0.0
2026-06-12 20:12:24,1d31824f,6624e12,D2_B_Media_14mil,DET2_KS,A2_Incremental,8,14,15,0.2215,1.411,0.0,0.0
2026-06-12 20:12:31,3edac61e,6624e12,D2_B_Media_14mil,DET2_KS,A2_Incremental,9,14,15,0.2215,1.3489,0.0,0.0
2026-06-12 20:12:38,9e40bef7,6624e12,D2_B_Media_14mil,DET2_KS,A2_Incremental,10,14,15,0.2215,1.3443,0.0,0.0
2026-06-12 20:12:44,ad0cacdd,6624e12,D2_B_Media_14mil,DET2_KS,A2_Incremental,11,14,15,0.2215,1.3594,0.0,0.0
2026-06-12 20:12:51,0a06ea5f,6624e12,D2_B_Media_14mil,DET2_KS,A2_Incremental,12,14,15,0.2215,1.3588,0.0,0.0
2026-06-12 20:12:58,e186cdb3,6624e12,D2_B_Media_14mil,DET2_KS,A2_Incremental,13,14,15,0.2215,1.3814,50.0,0.0
2026-06-12 20:13:04,7a5b7541,6624e12,D2_B_Media_14mil,DET2_KS,A2_Incremental,14,14,15,0.2215,1.4082,0.0,0.0
2026-06-12 20:13:11,bcb530dc,6624e12,D2_B_Media_14mil,DET2_KS,A2_Incremental,15,14,15,0.2215,1.3337,100.0,0.0
2026-06-12 20:13:18,be28e997,6624e12,D2_B_Media_14mil,DET2_KS,A2_Incremental,16,14,15,0.2215,1.3214,0.0,0.0
2026-06-12 20:13:24,1980004c,6624e12,D2_B_Media_14mil,DET2_KS,A2_Incremental,17,14,15,0.2215,1.4046,50.0,0.0
2026-06-12 20:13:31,4be2ac63,6624e12,D2_B_Media_14mil,DET2_KS,A2_Incremental,18,14,15,0.2215,1.3502,100.0,0.0
2026-06-12 20:13:38,96a24311,6624e12,D2_B_Media_14mil,DET2_KS,A2_Incremental,19,14,15,0.2215,1.4046,0.0,0.0
2026-06-12 20:13:44,bce1f1d0,6624e12,D2_B_Media_14mil,DET2_KS,A2_Incremental,20,14,15,0.2215,1.3259,0.0,0.0
2026-06-12 20:13:51,173d64aa,6624e12,D2_B_Media_14mil,DET2_KS,A2_Incremental,21,14,15,0.2215,1.3503,0.0,0.0
2026-06-12 20:13:58,f15f2839,6624e12,D2_B_Media_14mil,DET2_KS,A2_Incremental,22,14,15,0.2215,1.3777,0.0,0.0
2026-06-12 20:14:05,07b608f3,6624e12,D2_B_Media_14mil,DET2_KS,A2_Incremental,23,14,15,0.2215,1.8966,100.0,0.0
2026-06-12 20:14:12,040a86ed,6624e12,D2_B_Media_14mil,DET2_KS,A2_Incremental,24,14,15,0.2215,1.3558,0.0,0.0
2026-06-12 20:14:19,c327d14b,6624e12,D2_B_Media_14mil,DET2_KS,A2_Incremental,25,14,15,0.2215,1.3813,100.0,0.0
2026-06-12 20:14:26,05e5f381,6624e12,D2_B_Media_14mil,DET2_KS,A2_Incremental,26,14,15,0.2215,1.3733,50.0,0.0
2026-06-12 20:14:32,a8f8f39c,6624e12,D2_B_Media_14mil,DET2_KS,A2_Incremental,27,14,15,0.2215,1.3626,0.0,0.0
2026-06-12 20:14:39,9714dfbd,6624e12,D2_B_Media_14mil,DET2_KS,A2_Incremental,28,14,15,0.2215,1.7591,0.0,0.0
2026-06-12 20:14:46,398e37d1,6624e12,D2_B_Media_14mil,DET2_KS,A2_Incremental,29,14,15,0.2215,1.379,0.0,0.0
2026-06-12 20:14:52,7ae3facf,6624e12,D2_B_Media_14mil,DET2_KS,A2_Incremental,30,14,15,0.2215,1.4152,0.0,0.0
2026-06-12 20:14:54,7473dea4,6624e12,D2_B_Media_14mil,DET3_ADWIN,A0_None,1,42,2,0.0295,0.0,0.0,0.0
2026-06-12 20:14:55,0c4e0ad1,6624e12,D2_B_Media_14mil,DET3_ADWIN,A0_None,2,42,2,0.0295,0.0,0.0,0.0
2026-06-12 20:14:57,0d88d130,6624e12,D2_B_Media_14mil,DET3_ADWIN,A0_None,3,42,2,0.0295,0.0,0.0,0.0
2026-06-12 20:14:58,62f70341,6624e12,D2_B_Media_14mil,DET3_ADWIN,A0_None,4,42,2,0.0295,0.0,0.0,0.0
2026-06-12 20:15:00,abed87af,6624e12,D2_B_Media_14mil,DET3_ADWIN,A0_None,5,42,2,0.0295,0.0,0.0,0.0
2026-06-12 20:15:01,8ca24dda,6624e12,D2_B_Media_14mil,DET3_ADWIN,A0_None,6,42,2,0.0295,0.0,0.0,0.0
2026-06-12 20:15:03,c0c07ae6,6624e12,D2_B_Media_14mil,DET3_ADWIN,A0_None,7,42,2,0.0295,0.0,0.0,0.0
2026-06-12 20:15:04,b4f8f019,6624e12,D2_B_Media_14mil,DET3_ADWIN,A0_None,8,42,2,0.0295,0.0,0.0,0.0
2026-06-12 20:15:06,823e145d,6624e12,D2_B_Media_14mil,DET3_ADWIN,A0_None,9,42,2,0.0295,0.0,0.0,0.0
2026-06-12 20:15:07,4a780418,6624e12,D2_B_Media_14mil,DET3_ADWIN,A0_None,10,42,2,0.0295,0.0,0.0,0.0
2026-06-12 20:15:09,605dead7,6624e12,D2_B_Media_14mil,DET3_ADWIN,A0_None,11,42,2,0.0295,0.0,0.0,0.0
2026-06-12 20:15:10,2ac85737,6624e12,D2_B_Media_14mil,DET3_ADWIN,A0_None,12,42,2,0.0295,0.0,0.0,0.0
2026-06-12 20:15:12,b9fc51e9,6624e12,D2_B_Media_14mil,DET3_ADWIN,A0_None,13,42,2,0.0295,0.0,0.0,0.0
2026-06-12 20:15:13,3f2e40d3,6624e12,D2_B_Media_14mil,DET3_ADWIN,A0_None,14,42,2,0.0295,0.0,0.0,0.0
2026-06-12 20:15:15,806fe4b8,6624e12,D2_B_Media_14mil,DET3_ADWIN,A0_None,15,42,2,0.0295,0.0,0.0,0.0
2026-06-12 20:15:16,5ce9659d,6624e12,D2_B_Media_14mil,DET3_ADWIN,A0_None,16,42,2,0.0295,0.0,0.0,0.0
2026-06-12 20:15:18,c76e08bf,6624e12,D2_B_Media_14mil,DET3_ADWIN,A0_None,17,42,2,0.0295,0.0,0.0,0.0
2026-06-12 20:15:19,aa69cbf6,6624e12,D2_B_Media_14mil,DET3_ADWIN,A0_None,18,42,2,0.0295,0.0,0.0,0.0
2026-06-12 20:15:21,258c215e,6624e12,D2_B_Media_14mil,DET3_ADWIN,A0_None,19,42,2,0.0295,0.0,0.0,0.0
2026-06-12 20:15:22,d56c48d4,6624e12,D2_B_Media_14mil,DET3_ADWIN,A0_None,20,42,2,0.0295,0.0,0.0,0.0
2026-06-12 20:15:24,f839a9f1,6624e12,D2_B_Media_14mil,DET3_ADWIN,A0_None,21,42,2,0.0295,0.0,0.0,0.0
2026-06-12 20:15:25,4f2c4068,6624e12,D2_B_Media_14mil,DET3_ADWIN,A0_None,22,42,2,0.0295,0.0,0.0,0.0
2026-06-12 20:15:27,c6cb70ee,6624e12,D2_B_Media_14mil,DET3_ADWIN,A0_None,23,42,2,0.0295,0.0,0.0,0.0
2026-06-12 20:15:28,a3133b27,6624e12,D2_B_Media_14mil,DET3_ADWIN,A0_None,24,42,2,0.0295,0.0,0.0,0.0
2026-06-12 20:15:30,d4e7dbda,6624e12,D2_B_Media_14mil,DET3_ADWIN,A0_None,25,42,2,0.0295,0.0,0.0,0.0
2026-06-12 20:15:31,eb9151d2,6624e12,D2_B_Media_14mil,DET3_ADWIN,A0_None,26,42,2,0.0295,0.0,0.0,0.0
2026-06-12 20:15:33,75d51dda,6624e12,D2_B_Media_14mil,DET3_ADWIN,A0_None,27,42,2,0.0295,0.0,0.0,0.0
2026-06-12 20:15:34,6bb5f052,6624e12,D2_B_Media_14mil,DET3_ADWIN,A0_None,28,42,2,0.0295,0.0,0.0,0.0
2026-06-12 20:15:36,261bbae7,6624e12,D2_B_Media_14mil,DET3_ADWIN,A0_None,29,42,2,0.0295,0.0,0.0,0.0
2026-06-12 20:15:37,9bb8df4d,6624e12,D2_B_Media_14mil,DET3_ADWIN,A0_None,30,42,2,0.0295,0.0,0.0,0.0
2026-06-12 20:15:39,06410359,6624e12,D2_B_Media_14mil,DET3_ADWIN,A1_Global,1,42,2,0.0295,22.1345,33.3,0.1562
2026-06-12 20:15:40,591477ff,6624e12,D2_B_Media_14mil,DET3_ADWIN,A1_Global,2,42,2,0.0295,22.4113,30.0,0.1719
2026-06-12 20:15:42,69c67d55,6624e12,D2_B_Media_14mil,DET3_ADWIN,A1_Global,3,42,2,0.0295,22.2968,40.0,0.1562
2026-06-12 20:15:44,532ff6ce,6624e12,D2_B_Media_14mil,DET3_ADWIN,A1_Global,4,42,2,0.0295,21.9517,40.0,0.1562
2026-06-12 20:15:45,d42a6224,6624e12,D2_B_Media_14mil,DET3_ADWIN,A1_Global,5,42,2,0.0295,21.7865,33.3,0.1562
2026-06-12 20:15:47,1986bb74,6624e12,D2_B_Media_14mil,DET3_ADWIN,A1_Global,6,42,2,0.0295,22.446,40.0,0.1562
2026-06-12 20:15:48,8a5e2175,6624e12,D2_B_Media_14mil,DET3_ADWIN,A1_Global,7,42,2,0.0295,21.8518,33.3,0.1562
2026-06-12 20:15:50,7452ee2f,6624e12,D2_B_Media_14mil,DET3_ADWIN,A1_Global,8,42,2,0.0295,22.3329,44.4,0.1562
2026-06-12 20:15:51,bf2b390f,6624e12,D2_B_Media_14mil,DET3_ADWIN,A1_Global,9,42,2,0.0295,21.6999,25.0,0.1562
2026-06-12 20:15:53,f9c768c0,6624e12,D2_B_Media_14mil,DET3_ADWIN,A1_Global,10,42,2,0.0295,21.6649,33.3,0.1562
2026-06-12 20:15:54,e082e9dd,6624e12,D2_B_Media_14mil,DET3_ADWIN,A1_Global,11,42,2,0.0295,22.1216,40.0,0.1562
2026-06-12 20:15:56,e383e257,6624e12,D2_B_Media_14mil,DET3_ADWIN,A1_Global,12,42,2,0.0295,21.9825,40.0,0.1562
2026-06-12 20:15:57,3d1accc9,6624e12,D2_B_Media_14mil,DET3_ADWIN,A1_Global,13,42,2,0.0295,21.9599,33.3,0.1562
2026-06-12 20:15:59,621392d2,6624e12,D2_B_Media_14mil,DET3_ADWIN,A1_Global,14,42,2,0.0295,22.3789,45.5,0.1562
2026-06-12 20:16:00,25b5536c,6624e12,D2_B_Media_14mil,DET3_ADWIN,A1_Global,15,42,2,0.0295,22.3636,40.0,0.1562
2026-06-12 20:16:02,daeee585,6624e12,D2_B_Media_14mil,DET3_ADWIN,A1_Global,16,42,2,0.0295,21.9531,40.0,0.1562
2026-06-12 20:16:03,9c5a0876,6624e12,D2_B_Media_14mil,DET3_ADWIN,A1_Global,17,42,2,0.0295,21.959,25.0,0.1562
2026-06-12 20:16:05,94e07fef,6624e12,D2_B_Media_14mil,DET3_ADWIN,A1_Global,18,42,2,0.0295,22.1097,25.0,0.1562
2026-06-12 20:16:07,2b582648,6624e12,D2_B_Media_14mil,DET3_ADWIN,A1_Global,19,42,2,0.0295,22.5247,25.0,0.1562
2026-06-12 20:16:08,eb2fbb5b,6624e12,D2_B_Media_14mil,DET3_ADWIN,A1_Global,20,42,2,0.0295,21.845,28.6,0.1562
2026-06-12 20:16:10,31f7b7e8,6624e12,D2_B_Media_14mil,DET3_ADWIN,A1_Global,21,42,2,0.0295,21.6331,33.3,0.1562
2026-06-12 20:16:11,4deeb76e,6624e12,D2_B_Media_14mil,DET3_ADWIN,A1_Global,22,42,2,0.0295,22.0078,33.3,0.1562
2026-06-12 20:16:13,37a28535,6624e12,D2_B_Media_14mil,DET3_ADWIN,A1_Global,23,42,2,0.0295,22.1487,33.3,0.1562
2026-06-12 20:16:14,2e6a133d,6624e12,D2_B_Media_14mil,DET3_ADWIN,A1_Global,24,42,2,0.0295,22.2952,40.0,0.1562
2026-06-12 20:16:16,aa12cb27,6624e12,D2_B_Media_14mil,DET3_ADWIN,A1_Global,25,42,2,0.0295,22.0552,44.4,0.1562
2026-06-12 20:16:17,b14eeea7,6624e12,D2_B_Media_14mil,DET3_ADWIN,A1_Global,26,42,2,0.0295,22.3562,60.0,0.1562
2026-06-12 20:16:19,4145aa58,6624e12,D2_B_Media_14mil,DET3_ADWIN,A1_Global,27,42,2,0.0295,21.797,33.3,0.1562
2026-06-12 20:16:20,5150de1e,6624e12,D2_B_Media_14mil,DET3_ADWIN,A1_Global,28,42,2,0.0295,21.904,25.0,0.1562
2026-06-12 20:16:22,0cff4b7c,6624e12,D2_B_Media_14mil,DET3_ADWIN,A1_Global,29,42,2,0.0295,22.1967,30.0,0.1562
2026-06-12 20:16:23,c9dacd69,6624e12,D2_B_Media_14mil,DET3_ADWIN,A1_Global,30,42,2,0.0295,22.0234,25.0,0.1562
2026-06-12 20:16:25,e906eed7,6624e12,D2_B_Media_14mil,DET3_ADWIN,A2_Incremental,1,42,2,0.0295,2.2182,100.0,0.0
2026-06-12 20:16:26,20c2b378,6624e12,D2_B_Media_14mil,DET3_ADWIN,A2_Incremental,2,42,2,0.0295,3.2999,66.7,0.0
2026-06-12 20:16:28,0bf267ce,6624e12,D2_B_Media_14mil,DET3_ADWIN,A2_Incremental,3,42,2,0.0295,1.7703,0.0,0.0
2026-06-12 20:16:29,80885e9c,6624e12,D2_B_Media_14mil,DET3_ADWIN,A2_Incremental,4,42,2,0.0295,1.7395,0.0,0.0
2026-06-12 20:16:31,da00412a,6624e12,D2_B_Media_14mil,DET3_ADWIN,A2_Incremental,5,42,2,0.0295,1.9298,50.0,0.0
2026-06-12 20:16:32,f90d1009,6624e12,D2_B_Media_14mil,DET3_ADWIN,A2_Incremental,6,42,2,0.0295,1.8556,0.0,0.0
2026-06-12 20:16:33,7486792e,6624e12,D2_B_Media_14mil,DET3_ADWIN,A2_Incremental,7,42,2,0.0295,1.8627,0.0,0.0
2026-06-12 20:16:35,ffeae7b5,6624e12,D2_B_Media_14mil,DET3_ADWIN,A2_Incremental,8,42,2,0.0295,1.8777,50.0,0.0
2026-06-12 20:16:36,684b1cca,6624e12,D2_B_Media_14mil,DET3_ADWIN,A2_Incremental,9,42,2,0.0295,1.8888,0.0,0.0
2026-06-12 20:16:38,46279c37,6624e12,D2_B_Media_14mil,DET3_ADWIN,A2_Incremental,10,42,2,0.0295,1.9546,100.0,0.0
2026-06-12 20:16:39,7e5333e3,6624e12,D2_B_Media_14mil,DET3_ADWIN,A2_Incremental,11,42,2,0.0295,1.4452,0.0,0.0
2026-06-12 20:16:41,abb39ceb,6624e12,D2_B_Media_14mil,DET3_ADWIN,A2_Incremental,12,42,2,0.0295,1.8174,50.0,0.0
2026-06-12 20:16:42,341e3fa1,6624e12,D2_B_Media_14mil,DET3_ADWIN,A2_Incremental,13,42,2,0.0295,1.8801,0.0,0.0
2026-06-12 20:16:44,a3080581,6624e12,D2_B_Media_14mil,DET3_ADWIN,A2_Incremental,14,42,2,0.0295,1.8321,0.0,0.0
2026-06-12 20:16:45,aa8064b0,6624e12,D2_B_Media_14mil,DET3_ADWIN,A2_Incremental,15,42,2,0.0295,1.7671,0.0,0.0
2026-06-12 20:16:47,ee9b4b29,6624e12,D2_B_Media_14mil,DET3_ADWIN,A2_Incremental,16,42,2,0.0295,1.6598,0.0,0.0
2026-06-12 20:16:48,0c310ea9,6624e12,D2_B_Media_14mil,DET3_ADWIN,A2_Incremental,17,42,2,0.0295,1.7959,0.0,0.0
2026-06-12 20:16:49,038149d0,6624e12,D2_B_Media_14mil,DET3_ADWIN,A2_Incremental,18,42,2,0.0295,1.8993,0.0,0.0
2026-06-12 20:16:51,5555a9c0,6624e12,D2_B_Media_14mil,DET3_ADWIN,A2_Incremental,19,42,2,0.0295,2.1282,50.0,0.0
2026-06-12 20:16:53,9bb8ff5e,6624e12,D2_B_Media_14mil,DET3_ADWIN,A2_Incremental,20,42,2,0.0295,1.8928,100.0,0.0
2026-06-12 20:16:54,297110b1,6624e12,D2_B_Media_14mil,DET3_ADWIN,A2_Incremental,21,42,2,0.0295,1.8276,0.0,0.0
2026-06-12 20:16:56,2099a24a,6624e12,D2_B_Media_14mil,DET3_ADWIN,A2_Incremental,22,42,2,0.0295,1.8923,0.0,0.0
2026-06-12 20:16:57,baa40605,6624e12,D2_B_Media_14mil,DET3_ADWIN,A2_Incremental,23,42,2,0.0295,1.9657,50.0,0.0
2026-06-12 20:16:59,ef18f0aa,6624e12,D2_B_Media_14mil,DET3_ADWIN,A2_Incremental,24,42,2,0.0295,1.8484,0.0,0.0
2026-06-12 20:17:00,3a6207fe,6624e12,D2_B_Media_14mil,DET3_ADWIN,A2_Incremental,25,42,2,0.0295,1.836,0.0,0.0
2026-06-12 20:17:02,04645a62,6624e12,D2_B_Media_14mil,DET3_ADWIN,A2_Incremental,26,42,2,0.0295,1.8741,50.0,0.0
2026-06-12 20:17:03,28047878,6624e12,D2_B_Media_14mil,DET3_ADWIN,A2_Incremental,27,42,2,0.0295,1.7333,0.0,0.0
2026-06-12 20:17:04,568d48e6,6624e12,D2_B_Media_14mil,DET3_ADWIN,A2_Incremental,28,42,2,0.0295,1.7327,0.0,0.0
2026-06-12 20:17:06,6e543a42,6624e12,D2_B_Media_14mil,DET3_ADWIN,A2_Incremental,29,42,2,0.0295,1.7903,0.0,0.0
2026-06-12 20:17:07,ecd8fe32,6624e12,D2_B_Media_14mil,DET3_ADWIN,A2_Incremental,30,42,2,0.0295,1.8819,0.0,0.0
2026-06-12 20:17:07,8ccca08a,6624e12,D2_B_Severa_21mil,DET0_None,A0_None,1,N/D,0,0.0,0.0,0.0,0.0
2026-06-12 20:17:07,e1b5ee13,6624e12,D2_B_Severa_21mil,DET0_None,A0_None,2,N/D,0,0.0,0.0,0.0,0.0
2026-06-12 20:17:07,20929d6e,6624e12,D2_B_Severa_21mil,DET0_None,A0_None,3,N/D,0,0.0,0.0,0.0,0.0
2026-06-12 20:17:07,d6d76e45,6624e12,D2_B_Severa_21mil,DET0_None,A0_None,4,N/D,0,0.0,0.0,0.0,0.0
2026-06-12 20:17:07,b9c22ef5,6624e12,D2_B_Severa_21mil,DET0_None,A0_None,5,N/D,0,0.0,0.0,0.0,0.0
2026-06-12 20:17:07,e4bd1cae,6624e12,D2_B_Severa_21mil,DET0_None,A0_None,6,N/D,0,0.0,0.0,0.0,0.0
2026-06-12 20:17:07,75801484,6624e12,D2_B_Severa_21mil,DET0_None,A0_None,7,N/D,0,0.0,0.0,0.0,0.0
2026-06-12 20:17:07,b35c3346,6624e12,D2_B_Severa_21mil,DET0_None,A0_None,8,N/D,0,0.0,0.0,0.0,0.0
2026-06-12 20:17:07,c0bcea93,6624e12,D2_B_Severa_21mil,DET0_None,A0_None,9,N/D,0,0.0,0.0,0.0,0.0
2026-06-12 20:17:07,7d1a5276,6624e12,D2_B_Severa_21mil,DET0_None,A0_None,10,N/D,0,0.0,0.0,0.0,0.0
2026-06-12 20:17:07,4d887df6,6624e12,D2_B_Severa_21mil,DET0_None,A0_None,11,N/D,0,0.0,0.0,0.0,0.0
2026-06-12 20:17:07,828cc9b0,6624e12,D2_B_Severa_21mil,DET0_None,A0_None,12,N/D,0,0.0,0.0,0.0,0.0
2026-06-12 20:17:07,11ece69b,6624e12,D2_B_Severa_21mil,DET0_None,A0_None,13,N/D,0,0.0,0.0,0.0,0.0
2026-06-12 20:17:07,4926872d,6624e12,D2_B_Severa_21mil,DET0_None,A0_None,14,N/D,0,0.0,0.0,0.0,0.0
2026-06-12 20:17:07,fcd6bbf2,6624e12,D2_B_Severa_21mil,DET0_None,A0_None,15,N/D,0,0.0,0.0,0.0,0.0
2026-06-12 20:17:07,7ae1d9b8,6624e12,D2_B_Severa_21mil,DET0_None,A0_None,16,N/D,0,0.0,0.0,0.0,0.0
2026-06-12 20:17:07,30249885,6624e12,D2_B_Severa_21mil,DET0_None,A0_None,17,N/D,0,0.0,0.0,0.0,0.0
2026-06-12 20:17:07,233a59df,6624e12,D2_B_Severa_21mil,DET0_None,A0_None,18,N/D,0,0.0,0.0,0.0,0.0
2026-06-12 20:17:07,a91f2700,6624e12,D2_B_Severa_21mil,DET0_None,A0_None,19,N/D,0,0.0,0.0,0.0,0.0
2026-06-12 20:17:07,49a5488c,6624e12,D2_B_Severa_21mil,DET0_None,A0_None,20,N/D,0,0.0,0.0,0.0,0.0
2026-06-12 20:17:07,49ff4919,6624e12,D2_B_Severa_21mil,DET0_None,A0_None,21,N/D,0,0.0,0.0,0.0,0.0
2026-06-12 20:17:07,f01e996f,6624e12,D2_B_Severa_21mil,DET0_None,A0_None,22,N/D,0,0.0,0.0,0.0,0.0
2026-06-12 20:17:07,4227642b,6624e12,D2_B_Severa_21mil,DET0_None,A0_None,23,N/D,0,0.0,0.0,0.0,0.0
2026-06-12 20:17:07,73f8d1b4,6624e12,D2_B_Severa_21mil,DET0_None,A0_None,24,N/D,0,0.0,0.0,0.0,0.0
2026-06-12 20:17:07,ba347cef,6624e12,D2_B_Severa_21mil,DET0_None,A0_None,25,N/D,0,0.0,0.0,0.0,0.0
2026-06-12 20:17:07,5d2f600c,6624e12,D2_B_Severa_21mil,DET0_None,A0_None,26,N/D,0,0.0,0.0,0.0,0.0
2026-06-12 20:17:07,858aaee0,6624e12,D2_B_Severa_21mil,DET0_None,A0_None,27,N/D,0,0.0,0.0,0.0,0.0
2026-06-12 20:17:07,70799e66,6624e12,D2_B_Severa_21mil,DET0_None,A0_None,28,N/D,0,0.0,0.0,0.0,0.0
2026-06-12 20:17:07,60ad0d21,6624e12,D2_B_Severa_21mil,DET0_None,A0_None,29,N/D,0,0.0,0.0,0.0,0.0
2026-06-12 20:17:07,f4a71169,6624e12,D2_B_Severa_21mil,DET0_None,A0_None,30,N/D,0,0.0,0.0,0.0,0.0
2026-06-12 20:17:09,a62041bd,6624e12,D2_B_Severa_21mil,DET1_OCSVM,A0_None,1,18,0,0.0,0.0,0.0,0.0
2026-06-12 20:17:10,24501832,6624e12,D2_B_Severa_21mil,DET1_OCSVM,A0_None,2,18,0,0.0,0.0,0.0,0.0
2026-06-12 20:17:12,cd8cfa90,6624e12,D2_B_Severa_21mil,DET1_OCSVM,A0_None,3,18,0,0.0,0.0,0.0,0.0
2026-06-12 20:17:13,8e5657e9,6624e12,D2_B_Severa_21mil,DET1_OCSVM,A0_None,4,18,0,0.0,0.0,0.0,0.0
2026-06-12 20:17:15,aad26dda,6624e12,D2_B_Severa_21mil,DET1_OCSVM,A0_None,5,18,0,0.0,0.0,0.0,0.0
2026-06-12 20:17:16,5b9655ac,6624e12,D2_B_Severa_21mil,DET1_OCSVM,A0_None,6,18,0,0.0,0.0,0.0,0.0
2026-06-12 20:17:18,57cf89e3,6624e12,D2_B_Severa_21mil,DET1_OCSVM,A0_None,7,18,0,0.0,0.0,0.0,0.0
2026-06-12 20:17:19,1b1738a1,6624e12,D2_B_Severa_21mil,DET1_OCSVM,A0_None,8,18,0,0.0,0.0,0.0,0.0
2026-06-12 20:17:21,a4591c4e,6624e12,D2_B_Severa_21mil,DET1_OCSVM,A0_None,9,18,0,0.0,0.0,0.0,0.0
2026-06-12 20:17:22,d2d320e5,6624e12,D2_B_Severa_21mil,DET1_OCSVM,A0_None,10,18,0,0.0,0.0,0.0,0.0
2026-06-12 20:17:24,056c3609,6624e12,D2_B_Severa_21mil,DET1_OCSVM,A0_None,11,18,0,0.0,0.0,0.0,0.0
2026-06-12 20:17:25,2861e68b,6624e12,D2_B_Severa_21mil,DET1_OCSVM,A0_None,12,18,0,0.0,0.0,0.0,0.0
2026-06-12 20:17:27,94a13559,6624e12,D2_B_Severa_21mil,DET1_OCSVM,A0_None,13,18,0,0.0,0.0,0.0,0.0
2026-06-12 20:17:28,177a4d7d,6624e12,D2_B_Severa_21mil,DET1_OCSVM,A0_None,14,18,0,0.0,0.0,0.0,0.0
2026-06-12 20:17:30,1d68e86f,6624e12,D2_B_Severa_21mil,DET1_OCSVM,A0_None,15,18,0,0.0,0.0,0.0,0.0
2026-06-12 20:17:31,9ba43d56,6624e12,D2_B_Severa_21mil,DET1_OCSVM,A0_None,16,18,0,0.0,0.0,0.0,0.0
2026-06-12 20:17:32,e4f2cef5,6624e12,D2_B_Severa_21mil,DET1_OCSVM,A0_None,17,18,0,0.0,0.0,0.0,0.0
2026-06-12 20:17:34,0df035ad,6624e12,D2_B_Severa_21mil,DET1_OCSVM,A0_None,18,18,0,0.0,0.0,0.0,0.0
2026-06-12 20:17:35,ee37cf85,6624e12,D2_B_Severa_21mil,DET1_OCSVM,A0_None,19,18,0,0.0,0.0,0.0,0.0
2026-06-12 20:17:37,80e95b76,6624e12,D2_B_Severa_21mil,DET1_OCSVM,A0_None,20,18,0,0.0,0.0,0.0,0.0
2026-06-12 20:17:38,a6a59709,6624e12,D2_B_Severa_21mil,DET1_OCSVM,A0_None,21,18,0,0.0,0.0,0.0,0.0
2026-06-12 20:17:39,4909288e,6624e12,D2_B_Severa_21mil,DET1_OCSVM,A0_None,22,18,0,0.0,0.0,0.0,0.0
2026-06-12 20:17:41,e4d8ffae,6624e12,D2_B_Severa_21mil,DET1_OCSVM,A0_None,23,18,0,0.0,0.0,0.0,0.0
2026-06-12 20:17:42,0ee4e656,6624e12,D2_B_Severa_21mil,DET1_OCSVM,A0_None,24,18,0,0.0,0.0,0.0,0.0
2026-06-12 20:17:44,c7f9a1d5,6624e12,D2_B_Severa_21mil,DET1_OCSVM,A0_None,25,18,0,0.0,0.0,0.0,0.0
2026-06-12 20:17:45,842d7f88,6624e12,D2_B_Severa_21mil,DET1_OCSVM,A0_None,26,18,0,0.0,0.0,0.0,0.0
2026-06-12 20:17:46,8eed95b0,6624e12,D2_B_Severa_21mil,DET1_OCSVM,A0_None,27,18,0,0.0,0.0,0.0,0.0
2026-06-12 20:17:48,14b27347,6624e12,D2_B_Severa_21mil,DET1_OCSVM,A0_None,28,18,0,0.0,0.0,0.0,0.0
2026-06-12 20:17:49,c9c5acf9,6624e12,D2_B_Severa_21mil,DET1_OCSVM,A0_None,29,18,0,0.0,0.0,0.0,0.0
2026-06-12 20:17:51,bb668e1f,6624e12,D2_B_Severa_21mil,DET1_OCSVM,A0_None,30,18,0,0.0,0.0,0.0,0.0
2026-06-12 20:17:52,86634fa3,6624e12,D2_B_Severa_21mil,DET1_OCSVM,A1_Global,1,18,0,0.0,20.657,25.0,0.1562
2026-06-12 20:17:54,a4c70d04,6624e12,D2_B_Severa_21mil,DET1_OCSVM,A1_Global,2,18,0,0.0,20.66,25.0,0.1562
2026-06-12 20:17:55,ed026f75,6624e12,D2_B_Severa_21mil,DET1_OCSVM,A1_Global,3,18,0,0.0,20.6754,22.2,0.1562
2026-06-12 20:17:56,3040e37a,6624e12,D2_B_Severa_21mil,DET1_OCSVM,A1_Global,4,18,0,0.0,20.7352,25.0,0.1562
2026-06-12 20:17:58,90ef7e76,6624e12,D2_B_Severa_21mil,DET1_OCSVM,A1_Global,5,18,0,0.0,20.6614,22.2,0.1562
2026-06-12 20:17:59,935f108b,6624e12,D2_B_Severa_21mil,DET1_OCSVM,A1_Global,6,18,0,0.0,21.1785,37.5,0.1562
2026-06-12 20:18:01,7eabdded,6624e12,D2_B_Severa_21mil,DET1_OCSVM,A1_Global,7,18,0,0.0,20.8688,33.3,0.1562
2026-06-12 20:18:02,a9a65949,6624e12,D2_B_Severa_21mil,DET1_OCSVM,A1_Global,8,18,0,0.0,20.6952,22.2,0.1562
2026-06-12 20:18:04,caac07a2,6624e12,D2_B_Severa_21mil,DET1_OCSVM,A1_Global,9,18,0,0.0,20.7805,25.0,0.1719
2026-06-12 20:18:05,fd8dafcd,6624e12,D2_B_Severa_21mil,DET1_OCSVM,A1_Global,10,18,0,0.0,20.7109,25.0,0.1562
2026-06-12 20:18:06,d927712f,6624e12,D2_B_Severa_21mil,DET1_OCSVM,A1_Global,11,18,0,0.0,20.7059,25.0,0.1562
2026-06-12 20:18:08,475f79ec,6624e12,D2_B_Severa_21mil,DET1_OCSVM,A1_Global,12,18,0,0.0,20.7242,22.2,0.1562
2026-06-12 20:18:09,eabb266f,6624e12,D2_B_Severa_21mil,DET1_OCSVM,A1_Global,13,18,0,0.0,20.7647,25.0,0.1562
2026-06-12 20:18:11,48924f69,6624e12,D2_B_Severa_21mil,DET1_OCSVM,A1_Global,14,18,0,0.0,20.7595,25.0,0.1562
2026-06-12 20:18:12,63a44931,6624e12,D2_B_Severa_21mil,DET1_OCSVM,A1_Global,15,18,0,0.0,21.0422,37.5,0.1562
2026-06-12 20:18:14,9713cdf8,6624e12,D2_B_Severa_21mil,DET1_OCSVM,A1_Global,16,18,0,0.0,20.7019,22.2,0.1562
2026-06-12 20:18:15,85ba9ffc,6624e12,D2_B_Severa_21mil,DET1_OCSVM,A1_Global,17,18,0,0.0,20.757,25.0,0.1562
2026-06-12 20:18:17,53ae7e42,6624e12,D2_B_Severa_21mil,DET1_OCSVM,A1_Global,18,18,0,0.0,20.7653,25.0,0.1562
2026-06-12 20:18:18,a9bcfaae,6624e12,D2_B_Severa_21mil,DET1_OCSVM,A1_Global,19,18,0,0.0,20.7742,22.2,0.1562
2026-06-12 20:18:19,9336bf1f,6624e12,D2_B_Severa_21mil,DET1_OCSVM,A1_Global,20,18,0,0.0,20.7105,22.2,0.1562
2026-06-12 20:18:21,e243171c,6624e12,D2_B_Severa_21mil,DET1_OCSVM,A1_Global,21,18,0,0.0,20.6697,22.2,0.1562
2026-06-12 20:18:22,9ad3ac74,6624e12,D2_B_Severa_21mil,DET1_OCSVM,A1_Global,22,18,0,0.0,20.6839,33.3,0.1562
2026-06-12 20:18:24,77707149,6624e12,D2_B_Severa_21mil,DET1_OCSVM,A1_Global,23,18,0,0.0,20.7306,25.0,0.1562
2026-06-12 20:18:25,5680d0fb,6624e12,D2_B_Severa_21mil,DET1_OCSVM,A1_Global,24,18,0,0.0,20.7453,25.0,0.1562
2026-06-12 20:18:27,583fdc24,6624e12,D2_B_Severa_21mil,DET1_OCSVM,A1_Global,25,18,0,0.0,20.7767,22.2,0.1562
2026-06-12 20:18:28,10649c58,6624e12,D2_B_Severa_21mil,DET1_OCSVM,A1_Global,26,18,0,0.0,20.7269,25.0,0.1562
2026-06-12 20:18:29,16d3c746,6624e12,D2_B_Severa_21mil,DET1_OCSVM,A1_Global,27,18,0,0.0,20.7404,33.3,0.1562
2026-06-12 20:18:31,2fa37da2,6624e12,D2_B_Severa_21mil,DET1_OCSVM,A1_Global,28,18,0,0.0,20.752,25.0,0.1562
2026-06-12 20:18:32,5d724ed8,6624e12,D2_B_Severa_21mil,DET1_OCSVM,A1_Global,29,18,0,0.0,20.8194,25.0,0.1562
2026-06-12 20:18:34,bc5cb2f3,6624e12,D2_B_Severa_21mil,DET1_OCSVM,A1_Global,30,18,0,0.0,20.7241,33.3,0.1562
2026-06-12 20:18:35,5d0d94bf,6624e12,D2_B_Severa_21mil,DET1_OCSVM,A2_Incremental,1,18,0,0.0,1.4222,50.0,0.0
2026-06-12 20:18:36,8d65d518,6624e12,D2_B_Severa_21mil,DET1_OCSVM,A2_Incremental,2,18,0,0.0,1.405,0.0,0.0
2026-06-12 20:18:38,6e540422,6624e12,D2_B_Severa_21mil,DET1_OCSVM,A2_Incremental,3,18,0,0.0,1.3868,0.0,0.0
2026-06-12 20:18:39,513c0a49,6624e12,D2_B_Severa_21mil,DET1_OCSVM,A2_Incremental,4,18,0,0.0,1.4309,0.0,0.0
2026-06-12 20:18:41,60724225,6624e12,D2_B_Severa_21mil,DET1_OCSVM,A2_Incremental,5,18,0,0.0,1.3639,0.0,0.0
2026-06-12 20:18:42,0cd0c15d,6624e12,D2_B_Severa_21mil,DET1_OCSVM,A2_Incremental,6,18,0,0.0,1.4045,0.0,0.0
2026-06-12 20:18:43,6e3f512c,6624e12,D2_B_Severa_21mil,DET1_OCSVM,A2_Incremental,7,18,0,0.0,1.4136,0.0,0.0
2026-06-12 20:18:45,487d9477,6624e12,D2_B_Severa_21mil,DET1_OCSVM,A2_Incremental,8,18,0,0.0,1.4024,0.0,0.0
2026-06-12 20:18:46,c11326c7,6624e12,D2_B_Severa_21mil,DET1_OCSVM,A2_Incremental,9,18,0,0.0,1.3782,0.0,0.0
2026-06-12 20:18:47,d2b3eb47,6624e12,D2_B_Severa_21mil,DET1_OCSVM,A2_Incremental,10,18,0,0.0,1.3632,0.0,0.0
2026-06-12 20:18:49,ca6f0c6c,6624e12,D2_B_Severa_21mil,DET1_OCSVM,A2_Incremental,11,18,0,0.0,1.3577,0.0,0.0
2026-06-12 20:18:50,67b14afc,6624e12,D2_B_Severa_21mil,DET1_OCSVM,A2_Incremental,12,18,0,0.0,1.4377,0.0,0.0
2026-06-12 20:18:51,ac7bf1dd,6624e12,D2_B_Severa_21mil,DET1_OCSVM,A2_Incremental,13,18,0,0.0,1.4739,0.0,0.0
2026-06-12 20:18:53,072d27d2,6624e12,D2_B_Severa_21mil,DET1_OCSVM,A2_Incremental,14,18,0,0.0,1.408,0.0,0.0
2026-06-12 20:18:54,3469b0b8,6624e12,D2_B_Severa_21mil,DET1_OCSVM,A2_Incremental,15,18,0,0.0,1.3742,0.0,0.0
2026-06-12 20:18:56,c0e46096,6624e12,D2_B_Severa_21mil,DET1_OCSVM,A2_Incremental,16,18,0,0.0,1.3768,0.0,0.0
2026-06-12 20:18:57,773684a5,6624e12,D2_B_Severa_21mil,DET1_OCSVM,A2_Incremental,17,18,0,0.0,1.4168,0.0,0.0
2026-06-12 20:18:58,7eea7891,6624e12,D2_B_Severa_21mil,DET1_OCSVM,A2_Incremental,18,18,0,0.0,1.3895,0.0,0.0
2026-06-12 20:19:00,862e8b5f,6624e12,D2_B_Severa_21mil,DET1_OCSVM,A2_Incremental,19,18,0,0.0,1.6348,50.0,0.0
2026-06-12 20:19:01,bff6fb41,6624e12,D2_B_Severa_21mil,DET1_OCSVM,A2_Incremental,20,18,0,0.0,1.4107,0.0,0.0
2026-06-12 20:19:02,21c15cb6,6624e12,D2_B_Severa_21mil,DET1_OCSVM,A2_Incremental,21,18,0,0.0,1.3979,0.0,0.0
2026-06-12 20:19:04,fecc56cb,6624e12,D2_B_Severa_21mil,DET1_OCSVM,A2_Incremental,22,18,0,0.0,1.3801,0.0,0.0
2026-06-12 20:19:05,c4a01b27,6624e12,D2_B_Severa_21mil,DET1_OCSVM,A2_Incremental,23,18,0,0.0,1.3693,0.0,0.0
2026-06-12 20:19:06,33cf8bfe,6624e12,D2_B_Severa_21mil,DET1_OCSVM,A2_Incremental,24,18,0,0.0,1.3538,0.0,0.0
2026-06-12 20:19:08,3715b482,6624e12,D2_B_Severa_21mil,DET1_OCSVM,A2_Incremental,25,18,0,0.0,1.3714,0.0,0.0
2026-06-12 20:19:09,f2491e09,6624e12,D2_B_Severa_21mil,DET1_OCSVM,A2_Incremental,26,18,0,0.0,1.3945,0.0,0.0
2026-06-12 20:19:11,50ece3c7,6624e12,D2_B_Severa_21mil,DET1_OCSVM,A2_Incremental,27,18,0,0.0,1.3951,0.0,0.0
2026-06-12 20:19:12,4bf41a55,6624e12,D2_B_Severa_21mil,DET1_OCSVM,A2_Incremental,28,18,0,0.0,1.3838,0.0,0.0
2026-06-12 20:19:13,4a0dc059,6624e12,D2_B_Severa_21mil,DET1_OCSVM,A2_Incremental,29,18,0,0.0,1.3766,0.0,0.0
2026-06-12 20:19:15,29644fac,6624e12,D2_B_Severa_21mil,DET1_OCSVM,A2_Incremental,30,18,0,0.0,1.3628,0.0,0.0
2026-06-12 20:19:21,689a40d9,6624e12,D2_B_Severa_21mil,DET2_KS,A0_None,1,14,15,0.2215,0.0,0.0,0.0
2026-06-12 20:19:28,03c5372d,6624e12,D2_B_Severa_21mil,DET2_KS,A0_None,2,14,15,0.2215,0.0,0.0,0.0
2026-06-12 20:19:34,48cb6af4,6624e12,D2_B_Severa_21mil,DET2_KS,A0_None,3,14,15,0.2215,0.0,0.0,0.0
2026-06-12 20:19:41,ff120c1f,6624e12,D2_B_Severa_21mil,DET2_KS,A0_None,4,14,15,0.2215,0.0,0.0,0.0
2026-06-12 20:19:47,05e7d335,6624e12,D2_B_Severa_21mil,DET2_KS,A0_None,5,14,15,0.2215,0.0,0.0,0.0
2026-06-12 20:19:54,b34c63c0,6624e12,D2_B_Severa_21mil,DET2_KS,A0_None,6,14,15,0.2215,0.0,0.0,0.0
2026-06-12 20:20:00,b3e0bc89,6624e12,D2_B_Severa_21mil,DET2_KS,A0_None,7,14,15,0.2215,0.0,0.0,0.0
2026-06-12 20:20:07,c6234a5c,6624e12,D2_B_Severa_21mil,DET2_KS,A0_None,8,14,15,0.2215,0.0,0.0,0.0
2026-06-12 20:20:13,513294e9,6624e12,D2_B_Severa_21mil,DET2_KS,A0_None,9,14,15,0.2215,0.0,0.0,0.0
2026-06-12 20:20:20,f9f3d0a5,6624e12,D2_B_Severa_21mil,DET2_KS,A0_None,10,14,15,0.2215,0.0,0.0,0.0
2026-06-12 20:20:27,e8c2af96,6624e12,D2_B_Severa_21mil,DET2_KS,A0_None,11,14,15,0.2215,0.0,0.0,0.0
2026-06-12 20:20:33,55a1412b,6624e12,D2_B_Severa_21mil,DET2_KS,A0_None,12,14,15,0.2215,0.0,0.0,0.0
2026-06-12 20:20:40,5975db80,6624e12,D2_B_Severa_21mil,DET2_KS,A0_None,13,14,15,0.2215,0.0,0.0,0.0
2026-06-12 20:20:46,0888f478,6624e12,D2_B_Severa_21mil,DET2_KS,A0_None,14,14,15,0.2215,0.0,0.0,0.0
2026-06-12 20:20:53,82abc541,6624e12,D2_B_Severa_21mil,DET2_KS,A0_None,15,14,15,0.2215,0.0,0.0,0.0
2026-06-12 20:20:59,5ad95d9e,6624e12,D2_B_Severa_21mil,DET2_KS,A0_None,16,14,15,0.2215,0.0,0.0,0.0
2026-06-12 20:21:06,6983e3c5,6624e12,D2_B_Severa_21mil,DET2_KS,A0_None,17,14,15,0.2215,0.0,0.0,0.0
2026-06-12 20:21:12,a62ec658,6624e12,D2_B_Severa_21mil,DET2_KS,A0_None,18,14,15,0.2215,0.0,0.0,0.0
2026-06-12 20:21:19,5a06879d,6624e12,D2_B_Severa_21mil,DET2_KS,A0_None,19,14,15,0.2215,0.0,0.0,0.0
2026-06-12 20:21:25,58dda0ce,6624e12,D2_B_Severa_21mil,DET2_KS,A0_None,20,14,15,0.2215,0.0,0.0,0.0
2026-06-12 20:21:32,745e4602,6624e12,D2_B_Severa_21mil,DET2_KS,A0_None,21,14,15,0.2215,0.0,0.0,0.0
2026-06-12 20:21:38,14280cf7,6624e12,D2_B_Severa_21mil,DET2_KS,A0_None,22,14,15,0.2215,0.0,0.0,0.0
2026-06-12 20:21:45,97e87a52,6624e12,D2_B_Severa_21mil,DET2_KS,A0_None,23,14,15,0.2215,0.0,0.0,0.0
2026-06-12 20:21:51,aa46c4eb,6624e12,D2_B_Severa_21mil,DET2_KS,A0_None,24,14,15,0.2215,0.0,0.0,0.0
2026-06-12 20:21:58,f39155e8,6624e12,D2_B_Severa_21mil,DET2_KS,A0_None,25,14,15,0.2215,0.0,0.0,0.0
2026-06-12 20:22:04,31b7ab28,6624e12,D2_B_Severa_21mil,DET2_KS,A0_None,26,14,15,0.2215,0.0,0.0,0.0
2026-06-12 20:22:11,4d2ebf9c,6624e12,D2_B_Severa_21mil,DET2_KS,A0_None,27,14,15,0.2215,0.0,0.0,0.0
2026-06-12 20:22:17,b6a81862,6624e12,D2_B_Severa_21mil,DET2_KS,A0_None,28,14,15,0.2215,0.0,0.0,0.0
2026-06-12 20:22:24,d305287d,6624e12,D2_B_Severa_21mil,DET2_KS,A0_None,29,14,15,0.2215,0.0,0.0,0.0
2026-06-12 20:22:31,9a246e37,6624e12,D2_B_Severa_21mil,DET2_KS,A0_None,30,14,15,0.2215,0.0,0.0,0.0
2026-06-12 20:22:37,1e97e209,6624e12,D2_B_Severa_21mil,DET2_KS,A1_Global,1,14,15,0.2215,20.6188,25.0,0.1562
2026-06-12 20:22:44,9d4400e1,6624e12,D2_B_Severa_21mil,DET2_KS,A1_Global,2,14,15,0.2215,20.6309,25.0,0.1562
2026-06-12 20:22:50,9750f09b,6624e12,D2_B_Severa_21mil,DET2_KS,A1_Global,3,14,15,0.2215,20.7096,33.3,0.1562
2026-06-12 20:22:57,7526d041,6624e12,D2_B_Severa_21mil,DET2_KS,A1_Global,4,14,15,0.2215,20.5618,22.2,0.1562
2026-06-12 20:23:03,ca9f4634,6624e12,D2_B_Severa_21mil,DET2_KS,A1_Global,5,14,15,0.2215,20.5576,25.0,0.1562
2026-06-12 20:23:10,617b11bc,6624e12,D2_B_Severa_21mil,DET2_KS,A1_Global,6,14,15,0.2215,20.6424,25.0,0.1562
2026-06-12 20:23:17,69b7e919,6624e12,D2_B_Severa_21mil,DET2_KS,A1_Global,7,14,15,0.2215,20.6385,25.0,0.1562
2026-06-12 20:23:23,4a164b0e,6624e12,D2_B_Severa_21mil,DET2_KS,A1_Global,8,14,15,0.2215,20.4911,25.0,0.1562
2026-06-12 20:23:30,4feb9f42,6624e12,D2_B_Severa_21mil,DET2_KS,A1_Global,9,14,15,0.2215,20.5256,25.0,0.1562
2026-06-12 20:23:36,8235055e,6624e12,D2_B_Severa_21mil,DET2_KS,A1_Global,10,14,15,0.2215,20.6068,25.0,0.1562
2026-06-12 20:23:43,ee467c1b,6624e12,D2_B_Severa_21mil,DET2_KS,A1_Global,11,14,15,0.2215,20.5887,25.0,0.1562
2026-06-12 20:23:49,f3ca33a3,6624e12,D2_B_Severa_21mil,DET2_KS,A1_Global,12,14,15,0.2215,20.5342,22.2,0.1562
2026-06-12 20:23:56,5b21161e,6624e12,D2_B_Severa_21mil,DET2_KS,A1_Global,13,14,15,0.2215,20.7108,25.0,0.1562
2026-06-12 20:24:02,c5c0481e,6624e12,D2_B_Severa_21mil,DET2_KS,A1_Global,14,14,15,0.2215,20.6616,25.0,0.1562
2026-06-12 20:24:09,4bf35a97,6624e12,D2_B_Severa_21mil,DET2_KS,A1_Global,15,14,15,0.2215,20.6275,22.2,0.1562
2026-06-12 20:24:15,2d65ed0f,6624e12,D2_B_Severa_21mil,DET2_KS,A1_Global,16,14,15,0.2215,20.6632,22.2,0.1562
2026-06-12 20:24:22,f6702900,6624e12,D2_B_Severa_21mil,DET2_KS,A1_Global,17,14,15,0.2215,20.6545,25.0,0.1562
2026-06-12 20:24:29,659d3114,6624e12,D2_B_Severa_21mil,DET2_KS,A1_Global,18,14,15,0.2215,20.6296,25.0,0.1562
2026-06-12 20:24:35,4c53050e,6624e12,D2_B_Severa_21mil,DET2_KS,A1_Global,19,14,15,0.2215,20.583,25.0,0.1562
2026-06-12 20:24:42,2f78165a,6624e12,D2_B_Severa_21mil,DET2_KS,A1_Global,20,14,15,0.2215,20.5331,25.0,0.1562
2026-06-12 20:24:48,aa383a7f,6624e12,D2_B_Severa_21mil,DET2_KS,A1_Global,21,14,15,0.2215,20.6164,22.2,0.1562
2026-06-12 20:24:55,aa312f9a,6624e12,D2_B_Severa_21mil,DET2_KS,A1_Global,22,14,15,0.2215,20.6333,25.0,0.1562
2026-06-12 20:25:01,d964ab08,6624e12,D2_B_Severa_21mil,DET2_KS,A1_Global,23,14,15,0.2215,20.6272,25.0,0.1562
2026-06-12 20:25:08,47a548d3,6624e12,D2_B_Severa_21mil,DET2_KS,A1_Global,24,14,15,0.2215,20.6954,25.0,0.1562
2026-06-12 20:25:14,c7a05f05,6624e12,D2_B_Severa_21mil,DET2_KS,A1_Global,25,14,15,0.2215,20.5899,25.0,0.1562
2026-06-12 20:25:21,0c16627f,6624e12,D2_B_Severa_21mil,DET2_KS,A1_Global,26,14,15,0.2215,20.5159,25.0,0.1562
2026-06-12 20:25:27,13e49e62,6624e12,D2_B_Severa_21mil,DET2_KS,A1_Global,27,14,15,0.2215,20.5604,25.0,0.1562
2026-06-12 20:25:34,8917c21e,6624e12,D2_B_Severa_21mil,DET2_KS,A1_Global,28,14,15,0.2215,20.5473,25.0,0.1562
2026-06-12 20:25:41,d84089b7,6624e12,D2_B_Severa_21mil,DET2_KS,A1_Global,29,14,15,0.2215,20.5444,22.2,0.1562
2026-06-12 20:25:47,861ba930,6624e12,D2_B_Severa_21mil,DET2_KS,A1_Global,30,14,15,0.2215,20.58,14.3,0.1562
2026-06-12 20:25:54,2ca090e5,6624e12,D2_B_Severa_21mil,DET2_KS,A2_Incremental,1,14,15,0.2215,1.3134,0.0,0.0
2026-06-12 20:26:00,9cb23890,6624e12,D2_B_Severa_21mil,DET2_KS,A2_Incremental,2,14,15,0.2215,1.3719,0.0,0.0
2026-06-12 20:26:07,2e033ad0,6624e12,D2_B_Severa_21mil,DET2_KS,A2_Incremental,3,14,15,0.2215,1.3167,0.0,0.0
2026-06-12 20:26:13,addea650,6624e12,D2_B_Severa_21mil,DET2_KS,A2_Incremental,4,14,15,0.2215,1.3928,0.0,0.0
2026-06-12 20:26:20,a8aee5a3,6624e12,D2_B_Severa_21mil,DET2_KS,A2_Incremental,5,14,15,0.2215,1.3214,0.0,0.0
2026-06-12 20:26:26,566c6d03,6624e12,D2_B_Severa_21mil,DET2_KS,A2_Incremental,6,14,15,0.2215,1.3866,0.0,0.0
2026-06-12 20:26:33,c7e351b2,6624e12,D2_B_Severa_21mil,DET2_KS,A2_Incremental,7,14,15,0.2215,1.3431,0.0,0.0
2026-06-12 20:26:39,a2afab04,6624e12,D2_B_Severa_21mil,DET2_KS,A2_Incremental,8,14,15,0.2215,1.3091,0.0,0.0
2026-06-12 20:26:46,cf92e584,6624e12,D2_B_Severa_21mil,DET2_KS,A2_Incremental,9,14,15,0.2215,1.3124,100.0,0.0
2026-06-12 20:26:52,b86b628e,6624e12,D2_B_Severa_21mil,DET2_KS,A2_Incremental,10,14,15,0.2215,1.3873,0.0,0.0
2026-06-12 20:26:59,6f45b8de,6624e12,D2_B_Severa_21mil,DET2_KS,A2_Incremental,11,14,15,0.2215,1.3024,0.0,0.0
2026-06-12 20:27:05,b5814834,6624e12,D2_B_Severa_21mil,DET2_KS,A2_Incremental,12,14,15,0.2215,1.3523,0.0,0.0
2026-06-12 20:27:12,0c8ee858,6624e12,D2_B_Severa_21mil,DET2_KS,A2_Incremental,13,14,15,0.2215,1.3266,0.0,0.0
2026-06-12 20:27:18,0422e593,6624e12,D2_B_Severa_21mil,DET2_KS,A2_Incremental,14,14,15,0.2215,1.3203,0.0,0.0
2026-06-12 20:27:25,94296e58,6624e12,D2_B_Severa_21mil,DET2_KS,A2_Incremental,15,14,15,0.2215,1.4028,0.0,0.0
2026-06-12 20:27:31,845ccc7e,6624e12,D2_B_Severa_21mil,DET2_KS,A2_Incremental,16,14,15,0.2215,1.2845,0.0,0.0
2026-06-12 20:27:38,3e7fd07d,6624e12,D2_B_Severa_21mil,DET2_KS,A2_Incremental,17,14,15,0.2215,1.3382,0.0,0.0
2026-06-12 20:27:44,2069a63a,6624e12,D2_B_Severa_21mil,DET2_KS,A2_Incremental,18,14,15,0.2215,1.3294,0.0,0.0
2026-06-12 20:27:51,28db0b34,6624e12,D2_B_Severa_21mil,DET2_KS,A2_Incremental,19,14,15,0.2215,1.3683,100.0,0.0
2026-06-12 20:27:57,1c0f8203,6624e12,D2_B_Severa_21mil,DET2_KS,A2_Incremental,20,14,15,0.2215,1.3593,0.0,0.0
2026-06-12 20:28:04,2fd5e1aa,6624e12,D2_B_Severa_21mil,DET2_KS,A2_Incremental,21,14,15,0.2215,1.3315,0.0,0.0
2026-06-12 20:28:10,f3a735b3,6624e12,D2_B_Severa_21mil,DET2_KS,A2_Incremental,22,14,15,0.2215,1.3572,50.0,0.0
2026-06-12 20:28:17,5b9db31d,6624e12,D2_B_Severa_21mil,DET2_KS,A2_Incremental,23,14,15,0.2215,1.352,0.0,0.0
2026-06-12 20:28:23,b85388aa,6624e12,D2_B_Severa_21mil,DET2_KS,A2_Incremental,24,14,15,0.2215,1.2954,100.0,0.0
2026-06-12 20:28:29,f91a53b9,6624e12,D2_B_Severa_21mil,DET2_KS,A2_Incremental,25,14,15,0.2215,1.3743,0.0,0.0
2026-06-12 20:28:36,1c736606,6624e12,D2_B_Severa_21mil,DET2_KS,A2_Incremental,26,14,15,0.2215,1.3452,0.0,0.0
2026-06-12 20:28:42,b43e805b,6624e12,D2_B_Severa_21mil,DET2_KS,A2_Incremental,27,14,15,0.2215,1.3637,0.0,0.0
2026-06-12 20:28:49,48461cfb,6624e12,D2_B_Severa_21mil,DET2_KS,A2_Incremental,28,14,15,0.2215,1.3806,0.0,0.0
2026-06-12 20:28:56,ba673519,6624e12,D2_B_Severa_21mil,DET2_KS,A2_Incremental,29,14,15,0.2215,1.3489,0.0,0.0
2026-06-12 20:29:02,02b934be,6624e12,D2_B_Severa_21mil,DET2_KS,A2_Incremental,30,14,15,0.2215,1.3145,0.0,0.0
2026-06-12 20:29:04,a0d878ec,6624e12,D2_B_Severa_21mil,DET3_ADWIN,A0_None,1,42,2,0.0295,0.0,0.0,0.0
2026-06-12 20:29:05,566c5a5d,6624e12,D2_B_Severa_21mil,DET3_ADWIN,A0_None,2,42,2,0.0295,0.0,0.0,0.0
2026-06-12 20:29:06,024eac93,6624e12,D2_B_Severa_21mil,DET3_ADWIN,A0_None,3,42,2,0.0295,0.0,0.0,0.0
2026-06-12 20:29:08,38907ba1,6624e12,D2_B_Severa_21mil,DET3_ADWIN,A0_None,4,42,2,0.0295,0.0,0.0,0.0
2026-06-12 20:29:09,f0214e30,6624e12,D2_B_Severa_21mil,DET3_ADWIN,A0_None,5,42,2,0.0295,0.0,0.0,0.0
2026-06-12 20:29:11,8cf23fdd,6624e12,D2_B_Severa_21mil,DET3_ADWIN,A0_None,6,42,2,0.0295,0.0,0.0,0.0
2026-06-12 20:29:12,e7fdcdb3,6624e12,D2_B_Severa_21mil,DET3_ADWIN,A0_None,7,42,2,0.0295,0.0,0.0,0.0
2026-06-12 20:29:13,861ff1dc,6624e12,D2_B_Severa_21mil,DET3_ADWIN,A0_None,8,42,2,0.0295,0.0,0.0,0.0
2026-06-12 20:29:15,9a877cdc,6624e12,D2_B_Severa_21mil,DET3_ADWIN,A0_None,9,42,2,0.0295,0.0,0.0,0.0
2026-06-12 20:29:16,06a39bb9,6624e12,D2_B_Severa_21mil,DET3_ADWIN,A0_None,10,42,2,0.0295,0.0,0.0,0.0
2026-06-12 20:29:18,c3b61126,6624e12,D2_B_Severa_21mil,DET3_ADWIN,A0_None,11,42,2,0.0295,0.0,0.0,0.0
2026-06-12 20:29:19,66c98153,6624e12,D2_B_Severa_21mil,DET3_ADWIN,A0_None,12,42,2,0.0295,0.0,0.0,0.0
2026-06-12 20:29:21,bfa10934,6624e12,D2_B_Severa_21mil,DET3_ADWIN,A0_None,13,42,2,0.0295,0.0,0.0,0.0
2026-06-12 20:29:22,26bc49fe,6624e12,D2_B_Severa_21mil,DET3_ADWIN,A0_None,14,42,2,0.0295,0.0,0.0,0.0
2026-06-12 20:29:23,acbe939c,6624e12,D2_B_Severa_21mil,DET3_ADWIN,A0_None,15,42,2,0.0295,0.0,0.0,0.0
2026-06-12 20:29:25,294e4384,6624e12,D2_B_Severa_21mil,DET3_ADWIN,A0_None,16,42,2,0.0295,0.0,0.0,0.0
2026-06-12 20:29:26,076fda16,6624e12,D2_B_Severa_21mil,DET3_ADWIN,A0_None,17,42,2,0.0295,0.0,0.0,0.0
2026-06-12 20:29:28,7235c19d,6624e12,D2_B_Severa_21mil,DET3_ADWIN,A0_None,18,42,2,0.0295,0.0,0.0,0.0
2026-06-12 20:29:29,a35ba011,6624e12,D2_B_Severa_21mil,DET3_ADWIN,A0_None,19,42,2,0.0295,0.0,0.0,0.0
2026-06-12 20:29:30,4d39a51d,6624e12,D2_B_Severa_21mil,DET3_ADWIN,A0_None,20,42,2,0.0295,0.0,0.0,0.0
2026-06-12 20:29:32,5cfadd76,6624e12,D2_B_Severa_21mil,DET3_ADWIN,A0_None,21,42,2,0.0295,0.0,0.0,0.0
2026-06-12 20:29:33,10a31bd0,6624e12,D2_B_Severa_21mil,DET3_ADWIN,A0_None,22,42,2,0.0295,0.0,0.0,0.0
2026-06-12 20:29:35,bd96fd02,6624e12,D2_B_Severa_21mil,DET3_ADWIN,A0_None,23,42,2,0.0295,0.0,0.0,0.0
2026-06-12 20:29:36,2f2a6a5a,6624e12,D2_B_Severa_21mil,DET3_ADWIN,A0_None,24,42,2,0.0295,0.0,0.0,0.0
2026-06-12 20:29:38,e9aa4eee,6624e12,D2_B_Severa_21mil,DET3_ADWIN,A0_None,25,42,2,0.0295,0.0,0.0,0.0
2026-06-12 20:29:39,3ddf0700,6624e12,D2_B_Severa_21mil,DET3_ADWIN,A0_None,26,42,2,0.0295,0.0,0.0,0.0
2026-06-12 20:29:40,da70d451,6624e12,D2_B_Severa_21mil,DET3_ADWIN,A0_None,27,42,2,0.0295,0.0,0.0,0.0
2026-06-12 20:29:42,69d61f51,6624e12,D2_B_Severa_21mil,DET3_ADWIN,A0_None,28,42,2,0.0295,0.0,0.0,0.0
2026-06-12 20:29:43,e8a74599,6624e12,D2_B_Severa_21mil,DET3_ADWIN,A0_None,29,42,2,0.0295,0.0,0.0,0.0
2026-06-12 20:29:45,3d068336,6624e12,D2_B_Severa_21mil,DET3_ADWIN,A0_None,30,42,2,0.0295,0.0,0.0,0.0
2026-06-12 20:29:46,e8aacf1c,6624e12,D2_B_Severa_21mil,DET3_ADWIN,A1_Global,1,42,2,0.0295,20.7314,33.3,0.1562
2026-06-12 20:29:48,df75e08b,6624e12,D2_B_Severa_21mil,DET3_ADWIN,A1_Global,2,42,2,0.0295,20.7374,25.0,0.1562
2026-06-12 20:29:49,2d47ba4a,6624e12,D2_B_Severa_21mil,DET3_ADWIN,A1_Global,3,42,2,0.0295,20.7641,25.0,0.1562
2026-06-12 20:29:51,c69870ac,6624e12,D2_B_Severa_21mil,DET3_ADWIN,A1_Global,4,42,2,0.0295,20.6239,22.2,0.1562
2026-06-12 20:29:52,526e0fff,6624e12,D2_B_Severa_21mil,DET3_ADWIN,A1_Global,5,42,2,0.0295,20.8144,33.3,0.1562
2026-06-12 20:29:53,326f4d18,6624e12,D2_B_Severa_21mil,DET3_ADWIN,A1_Global,6,42,2,0.0295,20.6678,25.0,0.1562
2026-06-12 20:29:55,71cf0230,6624e12,D2_B_Severa_21mil,DET3_ADWIN,A1_Global,7,42,2,0.0295,20.7585,25.0,0.1562
2026-06-12 20:29:56,07fe0b40,6624e12,D2_B_Severa_21mil,DET3_ADWIN,A1_Global,8,42,2,0.0295,20.8046,25.0,0.1562
2026-06-12 20:29:58,219fe31c,6624e12,D2_B_Severa_21mil,DET3_ADWIN,A1_Global,9,42,2,0.0295,20.6279,30.0,0.1562
2026-06-12 20:29:59,8b187fb6,6624e12,D2_B_Severa_21mil,DET3_ADWIN,A1_Global,10,42,2,0.0295,21.1381,33.3,0.1562
2026-06-12 20:30:01,bf34e27d,6624e12,D2_B_Severa_21mil,DET3_ADWIN,A1_Global,11,42,2,0.0295,20.6953,25.0,0.1562
2026-06-12 20:30:02,8609d94c,6624e12,D2_B_Severa_21mil,DET3_ADWIN,A1_Global,12,42,2,0.0295,20.7661,33.3,0.1562
2026-06-12 20:30:04,a99259b2,6624e12,D2_B_Severa_21mil,DET3_ADWIN,A1_Global,13,42,2,0.0295,20.5959,25.0,0.1562
2026-06-12 20:30:05,1d1e5e2e,6624e12,D2_B_Severa_21mil,DET3_ADWIN,A1_Global,14,42,2,0.0295,20.6435,25.0,0.1562
2026-06-12 20:30:06,fc011dbb,6624e12,D2_B_Severa_21mil,DET3_ADWIN,A1_Global,15,42,2,0.0295,20.6161,25.0,0.1562
2026-06-12 20:30:08,6c8c787f,6624e12,D2_B_Severa_21mil,DET3_ADWIN,A1_Global,16,42,2,0.0295,20.729,25.0,0.1562
2026-06-12 20:30:09,c5fd5075,6624e12,D2_B_Severa_21mil,DET3_ADWIN,A1_Global,17,42,2,0.0295,20.6702,22.2,0.1562
2026-06-12 20:30:11,bb9ed3ee,6624e12,D2_B_Severa_21mil,DET3_ADWIN,A1_Global,18,42,2,0.0295,20.7184,25.0,0.1562
2026-06-12 20:30:12,9720497f,6624e12,D2_B_Severa_21mil,DET3_ADWIN,A1_Global,19,42,2,0.0295,21.0756,44.4,0.1562
2026-06-12 20:30:14,b7919645,6624e12,D2_B_Severa_21mil,DET3_ADWIN,A1_Global,20,42,2,0.0295,20.6586,25.0,0.1562
2026-06-12 20:30:15,a7fa78dd,6624e12,D2_B_Severa_21mil,DET3_ADWIN,A1_Global,21,42,2,0.0295,20.6052,22.2,0.1562
2026-06-12 20:30:17,353bb50f,6624e12,D2_B_Severa_21mil,DET3_ADWIN,A1_Global,22,42,2,0.0295,20.6016,25.0,0.1562
2026-06-12 20:30:18,093b1fc3,6624e12,D2_B_Severa_21mil,DET3_ADWIN,A1_Global,23,42,2,0.0295,20.6179,25.0,0.1562
2026-06-12 20:30:19,236b3f3c,6624e12,D2_B_Severa_21mil,DET3_ADWIN,A1_Global,24,42,2,0.0295,20.5977,25.0,0.1562
2026-06-12 20:30:21,eaec3b16,6624e12,D2_B_Severa_21mil,DET3_ADWIN,A1_Global,25,42,2,0.0295,20.6477,22.2,0.1562
2026-06-12 20:30:22,732996f3,6624e12,D2_B_Severa_21mil,DET3_ADWIN,A1_Global,26,42,2,0.0295,20.7046,33.3,0.1562
2026-06-12 20:30:24,ecb1cd91,6624e12,D2_B_Severa_21mil,DET3_ADWIN,A1_Global,27,42,2,0.0295,21.3422,22.2,0.1562
2026-06-12 20:30:25,bae1cec9,6624e12,D2_B_Severa_21mil,DET3_ADWIN,A1_Global,28,42,2,0.0295,20.8123,25.0,0.1562
2026-06-12 20:30:27,8da77295,6624e12,D2_B_Severa_21mil,DET3_ADWIN,A1_Global,29,42,2,0.0295,20.737,25.0,0.1562
2026-06-12 20:30:28,caabd49e,6624e12,D2_B_Severa_21mil,DET3_ADWIN,A1_Global,30,42,2,0.0295,20.762,25.0,0.1562
2026-06-12 20:30:29,119ad7e1,6624e12,D2_B_Severa_21mil,DET3_ADWIN,A2_Incremental,1,42,2,0.0295,1.3786,0.0,0.0
2026-06-12 20:30:31,170ef42d,6624e12,D2_B_Severa_21mil,DET3_ADWIN,A2_Incremental,2,42,2,0.0295,1.387,0.0,0.0
2026-06-12 20:30:32,6792577c,6624e12,D2_B_Severa_21mil,DET3_ADWIN,A2_Incremental,3,42,2,0.0295,1.3737,0.0,0.0
2026-06-12 20:30:34,5fdfe768,6624e12,D2_B_Severa_21mil,DET3_ADWIN,A2_Incremental,4,42,2,0.0295,1.3597,50.0,0.0
2026-06-12 20:30:35,4073c8dc,6624e12,D2_B_Severa_21mil,DET3_ADWIN,A2_Incremental,5,42,2,0.0295,1.3849,0.0,0.0
2026-06-12 20:30:36,3de0f134,6624e12,D2_B_Severa_21mil,DET3_ADWIN,A2_Incremental,6,42,2,0.0295,1.3805,0.0,0.0
2026-06-12 20:30:38,1f7e6237,6624e12,D2_B_Severa_21mil,DET3_ADWIN,A2_Incremental,7,42,2,0.0295,1.3829,0.0,0.0
2026-06-12 20:30:39,fac726bc,6624e12,D2_B_Severa_21mil,DET3_ADWIN,A2_Incremental,8,42,2,0.0295,1.4053,0.0,0.0
2026-06-12 20:30:40,4633b679,6624e12,D2_B_Severa_21mil,DET3_ADWIN,A2_Incremental,9,42,2,0.0295,1.3995,0.0,0.0
2026-06-12 20:30:42,5363719c,6624e12,D2_B_Severa_21mil,DET3_ADWIN,A2_Incremental,10,42,2,0.0295,1.4052,0.0,0.0
2026-06-12 20:30:43,d8048c86,6624e12,D2_B_Severa_21mil,DET3_ADWIN,A2_Incremental,11,42,2,0.0295,1.44,0.0,0.0
2026-06-12 20:30:45,99db8c5d,6624e12,D2_B_Severa_21mil,DET3_ADWIN,A2_Incremental,12,42,2,0.0295,1.3792,0.0,0.0
2026-06-12 20:30:46,110e8528,6624e12,D2_B_Severa_21mil,DET3_ADWIN,A2_Incremental,13,42,2,0.0295,1.3894,0.0,0.0
2026-06-12 20:30:47,06532aec,6624e12,D2_B_Severa_21mil,DET3_ADWIN,A2_Incremental,14,42,2,0.0295,1.4255,0.0,0.0
2026-06-12 20:30:49,0d18426b,6624e12,D2_B_Severa_21mil,DET3_ADWIN,A2_Incremental,15,42,2,0.0295,1.4176,0.0,0.0
2026-06-12 20:30:50,da44eb41,6624e12,D2_B_Severa_21mil,DET3_ADWIN,A2_Incremental,16,42,2,0.0295,1.3925,0.0,0.0
2026-06-12 20:30:51,9d88585f,6624e12,D2_B_Severa_21mil,DET3_ADWIN,A2_Incremental,17,42,2,0.0295,1.3643,100.0,0.0
2026-06-12 20:30:53,24fd1f9f,6624e12,D2_B_Severa_21mil,DET3_ADWIN,A2_Incremental,18,42,2,0.0295,1.3846,50.0,0.0
2026-06-12 20:30:54,90981b2a,6624e12,D2_B_Severa_21mil,DET3_ADWIN,A2_Incremental,19,42,2,0.0295,1.3962,0.0,0.0
2026-06-12 20:30:56,c3114217,6624e12,D2_B_Severa_21mil,DET3_ADWIN,A2_Incremental,20,42,2,0.0295,1.4246,0.0,0.0
2026-06-12 20:30:57,b5228e63,6624e12,D2_B_Severa_21mil,DET3_ADWIN,A2_Incremental,21,42,2,0.0295,1.4186,0.0,0.0
2026-06-12 20:30:58,88e25e9e,6624e12,D2_B_Severa_21mil,DET3_ADWIN,A2_Incremental,22,42,2,0.0295,1.3866,0.0,0.0
2026-06-12 20:31:00,415b0f23,6624e12,D2_B_Severa_21mil,DET3_ADWIN,A2_Incremental,23,42,2,0.0295,1.4055,0.0,0.0
2026-06-12 20:31:01,d4c669c6,6624e12,D2_B_Severa_21mil,DET3_ADWIN,A2_Incremental,24,42,2,0.0295,1.4102,0.0,0.0
2026-06-12 20:31:02,37d0f3b4,6624e12,D2_B_Severa_21mil,DET3_ADWIN,A2_Incremental,25,42,2,0.0295,1.3828,0.0,0.0
2026-06-12 20:31:04,c1eb215e,6624e12,D2_B_Severa_21mil,DET3_ADWIN,A2_Incremental,26,42,2,0.0295,1.3647,50.0,0.0
2026-06-12 20:31:05,bc390b26,6624e12,D2_B_Severa_21mil,DET3_ADWIN,A2_Incremental,27,42,2,0.0295,1.3717,0.0,0.0
2026-06-12 20:31:07,a0d62f9a,6624e12,D2_B_Severa_21mil,DET3_ADWIN,A2_Incremental,28,42,2,0.0295,1.38,0.0,0.0
2026-06-12 20:31:08,4ff65e77,6624e12,D2_B_Severa_21mil,DET3_ADWIN,A2_Incremental,29,42,2,0.0295,1.3784,0.0,0.0
2026-06-12 20:31:09,24cf8fae,6624e12,D2_B_Severa_21mil,DET3_ADWIN,A2_Incremental,30,42,2,0.0295,1.327,0.0,0.0
2026-06-12 20:31:09,6287c8ed,6624e12,D3_OR_Ligeira_7mil,DET0_None,A0_None,1,N/D,0,0.0,0.0,0.0,0.0
2026-06-12 20:31:09,d648cda2,6624e12,D3_OR_Ligeira_7mil,DET0_None,A0_None,2,N/D,0,0.0,0.0,0.0,0.0
2026-06-12 20:31:09,96308491,6624e12,D3_OR_Ligeira_7mil,DET0_None,A0_None,3,N/D,0,0.0,0.0,0.0,0.0
2026-06-12 20:31:09,dcd8a903,6624e12,D3_OR_Ligeira_7mil,DET0_None,A0_None,4,N/D,0,0.0,0.0,0.0,0.0
2026-06-12 20:31:09,a8d5f2fe,6624e12,D3_OR_Ligeira_7mil,DET0_None,A0_None,5,N/D,0,0.0,0.0,0.0,0.0
2026-06-12 20:31:09,93baeef1,6624e12,D3_OR_Ligeira_7mil,DET0_None,A0_None,6,N/D,0,0.0,0.0,0.0,0.0
2026-06-12 20:31:09,cd873e56,6624e12,D3_OR_Ligeira_7mil,DET0_None,A0_None,7,N/D,0,0.0,0.0,0.0,0.0
2026-06-12 20:31:09,c51b3e38,6624e12,D3_OR_Ligeira_7mil,DET0_None,A0_None,8,N/D,0,0.0,0.0,0.0,0.0
2026-06-12 20:31:09,189e9cce,6624e12,D3_OR_Ligeira_7mil,DET0_None,A0_None,9,N/D,0,0.0,0.0,0.0,0.0
2026-06-12 20:31:09,87e55dad,6624e12,D3_OR_Ligeira_7mil,DET0_None,A0_None,10,N/D,0,0.0,0.0,0.0,0.0
2026-06-12 20:31:09,a9261f06,6624e12,D3_OR_Ligeira_7mil,DET0_None,A0_None,11,N/D,0,0.0,0.0,0.0,0.0
2026-06-12 20:31:09,0dc9f463,6624e12,D3_OR_Ligeira_7mil,DET0_None,A0_None,12,N/D,0,0.0,0.0,0.0,0.0
2026-06-12 20:31:09,07893b61,6624e12,D3_OR_Ligeira_7mil,DET0_None,A0_None,13,N/D,0,0.0,0.0,0.0,0.0
2026-06-12 20:31:09,3520f288,6624e12,D3_OR_Ligeira_7mil,DET0_None,A0_None,14,N/D,0,0.0,0.0,0.0,0.0
2026-06-12 20:31:09,dc58df19,6624e12,D3_OR_Ligeira_7mil,DET0_None,A0_None,15,N/D,0,0.0,0.0,0.0,0.0
2026-06-12 20:31:09,ce1566b0,6624e12,D3_OR_Ligeira_7mil,DET0_None,A0_None,16,N/D,0,0.0,0.0,0.0,0.0
2026-06-12 20:31:09,f8fea1f2,6624e12,D3_OR_Ligeira_7mil,DET0_None,A0_None,17,N/D,0,0.0,0.0,0.0,0.0
2026-06-12 20:31:09,8963afe0,6624e12,D3_OR_Ligeira_7mil,DET0_None,A0_None,18,N/D,0,0.0,0.0,0.0,0.0
2026-06-12 20:31:09,c1f8851e,6624e12,D3_OR_Ligeira_7mil,DET0_None,A0_None,19,N/D,0,0.0,0.0,0.0,0.0
2026-06-12 20:31:09,2cf6fd71,6624e12,D3_OR_Ligeira_7mil,DET0_None,A0_None,20,N/D,0,0.0,0.0,0.0,0.0
2026-06-12 20:31:09,6db0e39a,6624e12,D3_OR_Ligeira_7mil,DET0_None,A0_None,21,N/D,0,0.0,0.0,0.0,0.0
2026-06-12 20:31:09,f0dd6c2d,6624e12,D3_OR_Ligeira_7mil,DET0_None,A0_None,22,N/D,0,0.0,0.0,0.0,0.0
2026-06-12 20:31:09,96bc6f89,6624e12,D3_OR_Ligeira_7mil,DET0_None,A0_None,23,N/D,0,0.0,0.0,0.0,0.0
2026-06-12 20:31:09,b2d6e42c,6624e12,D3_OR_Ligeira_7mil,DET0_None,A0_None,24,N/D,0,0.0,0.0,0.0,0.0
2026-06-12 20:31:09,b98511a2,6624e12,D3_OR_Ligeira_7mil,DET0_None,A0_None,25,N/D,0,0.0,0.0,0.0,0.0
2026-06-12 20:31:09,7c9edda5,6624e12,D3_OR_Ligeira_7mil,DET0_None,A0_None,26,N/D,0,0.0,0.0,0.0,0.0
2026-06-12 20:31:09,584d2487,6624e12,D3_OR_Ligeira_7mil,DET0_None,A0_None,27,N/D,0,0.0,0.0,0.0,0.0
2026-06-12 20:31:09,a5a03ac1,6624e12,D3_OR_Ligeira_7mil,DET0_None,A0_None,28,N/D,0,0.0,0.0,0.0,0.0
2026-06-12 20:31:09,64fd3cd2,6624e12,D3_OR_Ligeira_7mil,DET0_None,A0_None,29,N/D,0,0.0,0.0,0.0,0.0
2026-06-12 20:31:09,c421ff6a,6624e12,D3_OR_Ligeira_7mil,DET0_None,A0_None,30,N/D,0,0.0,0.0,0.0,0.0
2026-06-12 20:31:11,98f26978,6624e12,D3_OR_Ligeira_7mil,DET1_OCSVM,A0_None,1,9,0,0.0,0.0,0.0,0.0
2026-06-12 20:31:12,f1f0b7ed,6624e12,D3_OR_Ligeira_7mil,DET1_OCSVM,A0_None,2,9,0,0.0,0.0,0.0,0.0
2026-06-12 20:31:14,623eb3a6,6624e12,D3_OR_Ligeira_7mil,DET1_OCSVM,A0_None,3,9,0,0.0,0.0,0.0,0.0
2026-06-12 20:31:15,86b00cfa,6624e12,D3_OR_Ligeira_7mil,DET1_OCSVM,A0_None,4,9,0,0.0,0.0,0.0,0.0
2026-06-12 20:31:16,dceefaa6,6624e12,D3_OR_Ligeira_7mil,DET1_OCSVM,A0_None,5,9,0,0.0,0.0,0.0,0.0
2026-06-12 20:31:18,c9f924ab,6624e12,D3_OR_Ligeira_7mil,DET1_OCSVM,A0_None,6,9,0,0.0,0.0,0.0,0.0
2026-06-12 20:31:19,28ba7508,6624e12,D3_OR_Ligeira_7mil,DET1_OCSVM,A0_None,7,9,0,0.0,0.0,0.0,0.0
2026-06-12 20:31:21,300ee663,6624e12,D3_OR_Ligeira_7mil,DET1_OCSVM,A0_None,8,9,0,0.0,0.0,0.0,0.0
2026-06-12 20:31:22,688c0f91,6624e12,D3_OR_Ligeira_7mil,DET1_OCSVM,A0_None,9,9,0,0.0,0.0,0.0,0.0
2026-06-12 20:31:23,c85784a0,6624e12,D3_OR_Ligeira_7mil,DET1_OCSVM,A0_None,10,9,0,0.0,0.0,0.0,0.0
2026-06-12 20:31:25,bf87d3d6,6624e12,D3_OR_Ligeira_7mil,DET1_OCSVM,A0_None,11,9,0,0.0,0.0,0.0,0.0
2026-06-12 20:31:26,7d7eb392,6624e12,D3_OR_Ligeira_7mil,DET1_OCSVM,A0_None,12,9,0,0.0,0.0,0.0,0.0
2026-06-12 20:31:28,f4877733,6624e12,D3_OR_Ligeira_7mil,DET1_OCSVM,A0_None,13,9,0,0.0,0.0,0.0,0.0
2026-06-12 20:31:29,e7027a2d,6624e12,D3_OR_Ligeira_7mil,DET1_OCSVM,A0_None,14,9,0,0.0,0.0,0.0,0.0
2026-06-12 20:31:30,6cf99e22,6624e12,D3_OR_Ligeira_7mil,DET1_OCSVM,A0_None,15,9,0,0.0,0.0,0.0,0.0
2026-06-12 20:31:32,9c880715,6624e12,D3_OR_Ligeira_7mil,DET1_OCSVM,A0_None,16,9,0,0.0,0.0,0.0,0.0
2026-06-12 20:31:33,06ad1566,6624e12,D3_OR_Ligeira_7mil,DET1_OCSVM,A0_None,17,9,0,0.0,0.0,0.0,0.0
2026-06-12 20:31:35,d4d79feb,6624e12,D3_OR_Ligeira_7mil,DET1_OCSVM,A0_None,18,9,0,0.0,0.0,0.0,0.0
2026-06-12 20:31:36,c4b01c7a,6624e12,D3_OR_Ligeira_7mil,DET1_OCSVM,A0_None,19,9,0,0.0,0.0,0.0,0.0
2026-06-12 20:31:38,99c4b580,6624e12,D3_OR_Ligeira_7mil,DET1_OCSVM,A0_None,20,9,0,0.0,0.0,0.0,0.0
2026-06-12 20:31:39,35fe90b9,6624e12,D3_OR_Ligeira_7mil,DET1_OCSVM,A0_None,21,9,0,0.0,0.0,0.0,0.0
2026-06-12 20:31:40,977b5179,6624e12,D3_OR_Ligeira_7mil,DET1_OCSVM,A0_None,22,9,0,0.0,0.0,0.0,0.0
2026-06-12 20:31:42,0a45029f,6624e12,D3_OR_Ligeira_7mil,DET1_OCSVM,A0_None,23,9,0,0.0,0.0,0.0,0.0
2026-06-12 20:31:43,d09c7a00,6624e12,D3_OR_Ligeira_7mil,DET1_OCSVM,A0_None,24,9,0,0.0,0.0,0.0,0.0
2026-06-12 20:31:45,f17aeb96,6624e12,D3_OR_Ligeira_7mil,DET1_OCSVM,A0_None,25,9,0,0.0,0.0,0.0,0.0
2026-06-12 20:31:46,3c90416a,6624e12,D3_OR_Ligeira_7mil,DET1_OCSVM,A0_None,26,9,0,0.0,0.0,0.0,0.0
2026-06-12 20:31:47,a047a7e0,6624e12,D3_OR_Ligeira_7mil,DET1_OCSVM,A0_None,27,9,0,0.0,0.0,0.0,0.0
2026-06-12 20:31:49,1e56aef2,6624e12,D3_OR_Ligeira_7mil,DET1_OCSVM,A0_None,28,9,0,0.0,0.0,0.0,0.0
2026-06-12 20:31:50,ee016710,6624e12,D3_OR_Ligeira_7mil,DET1_OCSVM,A0_None,29,9,0,0.0,0.0,0.0,0.0
2026-06-12 20:31:52,7a0415e3,6624e12,D3_OR_Ligeira_7mil,DET1_OCSVM,A0_None,30,9,0,0.0,0.0,0.0,0.0
2026-06-12 20:31:53,612e88d2,6624e12,D3_OR_Ligeira_7mil,DET1_OCSVM,A1_Global,1,9,0,0.0,20.5832,22.2,0.1562
2026-06-12 20:31:55,251fcad5,6624e12,D3_OR_Ligeira_7mil,DET1_OCSVM,A1_Global,2,9,0,0.0,20.6018,25.0,0.1562
2026-06-12 20:31:56,7cdbc644,6624e12,D3_OR_Ligeira_7mil,DET1_OCSVM,A1_Global,3,9,0,0.0,20.511,25.0,0.1562
2026-06-12 20:31:58,5268ea28,6624e12,D3_OR_Ligeira_7mil,DET1_OCSVM,A1_Global,4,9,0,0.0,20.4768,22.2,0.1562
2026-06-12 20:31:59,b029e3f5,6624e12,D3_OR_Ligeira_7mil,DET1_OCSVM,A1_Global,5,9,0,0.0,20.5646,25.0,0.1562
2026-06-12 20:32:00,122ea459,6624e12,D3_OR_Ligeira_7mil,DET1_OCSVM,A1_Global,6,9,0,0.0,20.5505,22.2,0.1562
2026-06-12 20:32:02,c9bffec5,6624e12,D3_OR_Ligeira_7mil,DET1_OCSVM,A1_Global,7,9,0,0.0,20.5373,25.0,0.1562
2026-06-12 20:32:03,0e18bc1f,6624e12,D3_OR_Ligeira_7mil,DET1_OCSVM,A1_Global,8,9,0,0.0,20.6039,25.0,0.1562
2026-06-12 20:32:05,0025cbc2,6624e12,D3_OR_Ligeira_7mil,DET1_OCSVM,A1_Global,9,9,0,0.0,20.481,25.0,0.1562
2026-06-12 20:32:06,dbb28a35,6624e12,D3_OR_Ligeira_7mil,DET1_OCSVM,A1_Global,10,9,0,0.0,20.5904,25.0,0.1562
2026-06-12 20:32:08,fe4eb70e,6624e12,D3_OR_Ligeira_7mil,DET1_OCSVM,A1_Global,11,9,0,0.0,20.5693,30.0,0.1562
2026-06-12 20:32:09,13a325e3,6624e12,D3_OR_Ligeira_7mil,DET1_OCSVM,A1_Global,12,9,0,0.0,20.5985,25.0,0.1562
2026-06-12 20:32:11,c4b86c28,6624e12,D3_OR_Ligeira_7mil,DET1_OCSVM,A1_Global,13,9,0,0.0,20.6371,25.0,0.1562
2026-06-12 20:32:12,44b44cba,6624e12,D3_OR_Ligeira_7mil,DET1_OCSVM,A1_Global,14,9,0,0.0,20.5343,25.0,0.1562
2026-06-12 20:32:13,e9a90411,6624e12,D3_OR_Ligeira_7mil,DET1_OCSVM,A1_Global,15,9,0,0.0,20.5772,22.2,0.1562
2026-06-12 20:32:15,f4503cf4,6624e12,D3_OR_Ligeira_7mil,DET1_OCSVM,A1_Global,16,9,0,0.0,20.5635,25.0,0.1562
2026-06-12 20:32:16,08ad8745,6624e12,D3_OR_Ligeira_7mil,DET1_OCSVM,A1_Global,17,9,0,0.0,20.5472,25.0,0.1562
2026-06-12 20:32:18,a41a3605,6624e12,D3_OR_Ligeira_7mil,DET1_OCSVM,A1_Global,18,9,0,0.0,20.5641,33.3,0.1562
2026-06-12 20:32:19,35f0a951,6624e12,D3_OR_Ligeira_7mil,DET1_OCSVM,A1_Global,19,9,0,0.0,20.5648,25.0,0.1562
2026-06-12 20:32:21,8c26ba41,6624e12,D3_OR_Ligeira_7mil,DET1_OCSVM,A1_Global,20,9,0,0.0,20.5376,22.2,0.1562
2026-06-12 20:32:22,0af66da9,6624e12,D3_OR_Ligeira_7mil,DET1_OCSVM,A1_Global,21,9,0,0.0,20.4557,25.0,0.1562
2026-06-12 20:32:24,a3faa3bc,6624e12,D3_OR_Ligeira_7mil,DET1_OCSVM,A1_Global,22,9,0,0.0,20.598,25.0,0.1562
2026-06-12 20:32:25,91cf12c7,6624e12,D3_OR_Ligeira_7mil,DET1_OCSVM,A1_Global,23,9,0,0.0,20.6149,25.0,0.1562
2026-06-12 20:32:26,c5b298e1,6624e12,D3_OR_Ligeira_7mil,DET1_OCSVM,A1_Global,24,9,0,0.0,20.5317,25.0,0.1562
2026-06-12 20:32:28,21589f3d,6624e12,D3_OR_Ligeira_7mil,DET1_OCSVM,A1_Global,25,9,0,0.0,20.603,25.0,0.1562
2026-06-12 20:32:29,31611c80,6624e12,D3_OR_Ligeira_7mil,DET1_OCSVM,A1_Global,26,9,0,0.0,20.5825,25.0,0.1562
2026-06-12 20:32:31,235b01f1,6624e12,D3_OR_Ligeira_7mil,DET1_OCSVM,A1_Global,27,9,0,0.0,20.5768,25.0,0.1562
2026-06-12 20:32:32,91d13968,6624e12,D3_OR_Ligeira_7mil,DET1_OCSVM,A1_Global,28,9,0,0.0,20.7123,25.0,0.1562
2026-06-12 20:32:34,f5410e9c,6624e12,D3_OR_Ligeira_7mil,DET1_OCSVM,A1_Global,29,9,0,0.0,20.4847,25.0,0.1562
2026-06-12 20:32:35,89bc0b76,6624e12,D3_OR_Ligeira_7mil,DET1_OCSVM,A1_Global,30,9,0,0.0,20.5701,25.0,0.1562
2026-06-12 20:32:36,208d6615,6624e12,D3_OR_Ligeira_7mil,DET1_OCSVM,A2_Incremental,1,9,0,0.0,1.3881,50.0,0.0
2026-06-12 20:32:38,7808e8af,6624e12,D3_OR_Ligeira_7mil,DET1_OCSVM,A2_Incremental,2,9,0,0.0,1.4196,0.0,0.0
2026-06-12 20:32:39,8adc5c79,6624e12,D3_OR_Ligeira_7mil,DET1_OCSVM,A2_Incremental,3,9,0,0.0,1.3932,0.0,0.0
2026-06-12 20:32:41,6258502a,6624e12,D3_OR_Ligeira_7mil,DET1_OCSVM,A2_Incremental,4,9,0,0.0,1.4539,0.0,0.0
2026-06-12 20:32:42,8ffcd1f4,6624e12,D3_OR_Ligeira_7mil,DET1_OCSVM,A2_Incremental,5,9,0,0.0,1.3883,0.0,0.0
2026-06-12 20:32:43,c50ef3f7,6624e12,D3_OR_Ligeira_7mil,DET1_OCSVM,A2_Incremental,6,9,0,0.0,1.4017,0.0,0.0
2026-06-12 20:32:45,a2dab77e,6624e12,D3_OR_Ligeira_7mil,DET1_OCSVM,A2_Incremental,7,9,0,0.0,1.3765,0.0,0.0
2026-06-12 20:32:46,f604badf,6624e12,D3_OR_Ligeira_7mil,DET1_OCSVM,A2_Incremental,8,9,0,0.0,1.4279,0.0,0.0
2026-06-12 20:32:47,b7f5986f,6624e12,D3_OR_Ligeira_7mil,DET1_OCSVM,A2_Incremental,9,9,0,0.0,1.3568,0.0,0.0
2026-06-12 20:32:49,61691be2,6624e12,D3_OR_Ligeira_7mil,DET1_OCSVM,A2_Incremental,10,9,0,0.0,1.3907,0.0,0.0
2026-06-12 20:32:50,dfab477b,6624e12,D3_OR_Ligeira_7mil,DET1_OCSVM,A2_Incremental,11,9,0,0.0,1.4235,0.0,0.0
2026-06-12 20:32:51,1d9c8ce6,6624e12,D3_OR_Ligeira_7mil,DET1_OCSVM,A2_Incremental,12,9,0,0.0,1.3635,0.0,0.0
2026-06-12 20:32:53,923b12bd,6624e12,D3_OR_Ligeira_7mil,DET1_OCSVM,A2_Incremental,13,9,0,0.0,1.414,0.0,0.0
2026-06-12 20:32:54,c573ad48,6624e12,D3_OR_Ligeira_7mil,DET1_OCSVM,A2_Incremental,14,9,0,0.0,1.4297,0.0,0.0
2026-06-12 20:32:55,2bd80639,6624e12,D3_OR_Ligeira_7mil,DET1_OCSVM,A2_Incremental,15,9,0,0.0,1.5555,0.0,0.0
2026-06-12 20:32:57,2b5caa8c,6624e12,D3_OR_Ligeira_7mil,DET1_OCSVM,A2_Incremental,16,9,0,0.0,1.3931,0.0,0.0
2026-06-12 20:32:58,d53f4e15,6624e12,D3_OR_Ligeira_7mil,DET1_OCSVM,A2_Incremental,17,9,0,0.0,1.4414,50.0,0.0
2026-06-12 20:33:00,e94e64c2,6624e12,D3_OR_Ligeira_7mil,DET1_OCSVM,A2_Incremental,18,9,0,0.0,1.3681,0.0,0.0
2026-06-12 20:33:01,2f3b9e2e,6624e12,D3_OR_Ligeira_7mil,DET1_OCSVM,A2_Incremental,19,9,0,0.0,1.3747,0.0,0.0
2026-06-12 20:33:02,cc9dbefd,6624e12,D3_OR_Ligeira_7mil,DET1_OCSVM,A2_Incremental,20,9,0,0.0,1.4148,0.0,0.0
2026-06-12 20:33:04,ede3694f,6624e12,D3_OR_Ligeira_7mil,DET1_OCSVM,A2_Incremental,21,9,0,0.0,1.4375,0.0,0.0
2026-06-12 20:33:05,c78b94fa,6624e12,D3_OR_Ligeira_7mil,DET1_OCSVM,A2_Incremental,22,9,0,0.0,1.4352,100.0,0.0
2026-06-12 20:33:06,5302c97d,6624e12,D3_OR_Ligeira_7mil,DET1_OCSVM,A2_Incremental,23,9,0,0.0,1.4041,0.0,0.0
2026-06-12 20:33:08,070b0eec,6624e12,D3_OR_Ligeira_7mil,DET1_OCSVM,A2_Incremental,24,9,0,0.0,1.3784,0.0,0.0
2026-06-12 20:33:09,50467786,6624e12,D3_OR_Ligeira_7mil,DET1_OCSVM,A2_Incremental,25,9,0,0.0,1.3764,50.0,0.0
2026-06-12 20:33:10,df96e6e0,6624e12,D3_OR_Ligeira_7mil,DET1_OCSVM,A2_Incremental,26,9,0,0.0,1.409,0.0,0.0
2026-06-12 20:33:12,a044301d,6624e12,D3_OR_Ligeira_7mil,DET1_OCSVM,A2_Incremental,27,9,0,0.0,1.4229,0.0,0.0
2026-06-12 20:33:13,edb8eb19,6624e12,D3_OR_Ligeira_7mil,DET1_OCSVM,A2_Incremental,28,9,0,0.0,1.3968,0.0,0.0
2026-06-12 20:33:15,5a579e12,6624e12,D3_OR_Ligeira_7mil,DET1_OCSVM,A2_Incremental,29,9,0,0.0,1.3854,0.0,0.0
2026-06-12 20:33:16,3bdddf7e,6624e12,D3_OR_Ligeira_7mil,DET1_OCSVM,A2_Incremental,30,9,0,0.0,1.3881,0.0,0.0
2026-06-12 20:33:22,e9d19ab5,6624e12,D3_OR_Ligeira_7mil,DET2_KS,A0_None,1,13,15,0.2215,0.0,0.0,0.0
2026-06-12 20:33:29,53cf2d5d,6624e12,D3_OR_Ligeira_7mil,DET2_KS,A0_None,2,13,15,0.2215,0.0,0.0,0.0
2026-06-12 20:33:35,059e2235,6624e12,D3_OR_Ligeira_7mil,DET2_KS,A0_None,3,13,15,0.2215,0.0,0.0,0.0
2026-06-12 20:33:42,4373142f,6624e12,D3_OR_Ligeira_7mil,DET2_KS,A0_None,4,13,15,0.2215,0.0,0.0,0.0
2026-06-12 20:33:49,611f5215,6624e12,D3_OR_Ligeira_7mil,DET2_KS,A0_None,5,13,15,0.2215,0.0,0.0,0.0
2026-06-12 20:33:55,c2a8f9f1,6624e12,D3_OR_Ligeira_7mil,DET2_KS,A0_None,6,13,15,0.2215,0.0,0.0,0.0
2026-06-12 20:34:02,fb86e166,6624e12,D3_OR_Ligeira_7mil,DET2_KS,A0_None,7,13,15,0.2215,0.0,0.0,0.0
2026-06-12 20:34:08,9dcaa70c,6624e12,D3_OR_Ligeira_7mil,DET2_KS,A0_None,8,13,15,0.2215,0.0,0.0,0.0
2026-06-12 20:34:15,0c13eb29,6624e12,D3_OR_Ligeira_7mil,DET2_KS,A0_None,9,13,15,0.2215,0.0,0.0,0.0
2026-06-12 20:34:21,96d956f0,6624e12,D3_OR_Ligeira_7mil,DET2_KS,A0_None,10,13,15,0.2215,0.0,0.0,0.0
2026-06-12 20:34:28,edf30039,6624e12,D3_OR_Ligeira_7mil,DET2_KS,A0_None,11,13,15,0.2215,0.0,0.0,0.0
2026-06-12 20:34:34,dec1a46b,6624e12,D3_OR_Ligeira_7mil,DET2_KS,A0_None,12,13,15,0.2215,0.0,0.0,0.0
2026-06-12 20:34:41,b85a889e,6624e12,D3_OR_Ligeira_7mil,DET2_KS,A0_None,13,13,15,0.2215,0.0,0.0,0.0
2026-06-12 20:34:47,8e436577,6624e12,D3_OR_Ligeira_7mil,DET2_KS,A0_None,14,13,15,0.2215,0.0,0.0,0.0
2026-06-12 20:34:54,4d131c53,6624e12,D3_OR_Ligeira_7mil,DET2_KS,A0_None,15,13,15,0.2215,0.0,0.0,0.0
2026-06-12 20:35:00,c32a900f,6624e12,D3_OR_Ligeira_7mil,DET2_KS,A0_None,16,13,15,0.2215,0.0,0.0,0.0
2026-06-12 20:35:07,1c954181,6624e12,D3_OR_Ligeira_7mil,DET2_KS,A0_None,17,13,15,0.2215,0.0,0.0,0.0
2026-06-12 20:35:13,9e9e0c83,6624e12,D3_OR_Ligeira_7mil,DET2_KS,A0_None,18,13,15,0.2215,0.0,0.0,0.0
2026-06-12 20:35:20,b0804f98,6624e12,D3_OR_Ligeira_7mil,DET2_KS,A0_None,19,13,15,0.2215,0.0,0.0,0.0
2026-06-12 20:35:27,48d7e232,6624e12,D3_OR_Ligeira_7mil,DET2_KS,A0_None,20,13,15,0.2215,0.0,0.0,0.0
2026-06-12 20:35:33,d75cf30a,6624e12,D3_OR_Ligeira_7mil,DET2_KS,A0_None,21,13,15,0.2215,0.0,0.0,0.0
2026-06-12 20:35:40,ca99084e,6624e12,D3_OR_Ligeira_7mil,DET2_KS,A0_None,22,13,15,0.2215,0.0,0.0,0.0
2026-06-12 20:35:46,8e1ce5df,6624e12,D3_OR_Ligeira_7mil,DET2_KS,A0_None,23,13,15,0.2215,0.0,0.0,0.0
2026-06-12 20:35:53,3339829f,6624e12,D3_OR_Ligeira_7mil,DET2_KS,A0_None,24,13,15,0.2215,0.0,0.0,0.0
2026-06-12 20:35:59,cc89a3ed,6624e12,D3_OR_Ligeira_7mil,DET2_KS,A0_None,25,13,15,0.2215,0.0,0.0,0.0
2026-06-12 20:36:06,3fe016b0,6624e12,D3_OR_Ligeira_7mil,DET2_KS,A0_None,26,13,15,0.2215,0.0,0.0,0.0
2026-06-12 20:36:12,5d6de268,6624e12,D3_OR_Ligeira_7mil,DET2_KS,A0_None,27,13,15,0.2215,0.0,0.0,0.0
2026-06-12 20:36:19,43a8b464,6624e12,D3_OR_Ligeira_7mil,DET2_KS,A0_None,28,13,15,0.2215,0.0,0.0,0.0
2026-06-12 20:36:25,bfa1e9d8,6624e12,D3_OR_Ligeira_7mil,DET2_KS,A0_None,29,13,15,0.2215,0.0,0.0,0.0
2026-06-12 20:36:32,562dd7b0,6624e12,D3_OR_Ligeira_7mil,DET2_KS,A0_None,30,13,15,0.2215,0.0,0.0,0.0
2026-06-12 20:36:38,32db5483,6624e12,D3_OR_Ligeira_7mil,DET2_KS,A1_Global,1,13,15,0.2215,20.7576,30.0,0.1562
2026-06-12 20:36:45,84bee9b5,6624e12,D3_OR_Ligeira_7mil,DET2_KS,A1_Global,2,13,15,0.2215,20.6464,25.0,0.1562
2026-06-12 20:36:52,546fd72d,6624e12,D3_OR_Ligeira_7mil,DET2_KS,A1_Global,3,13,15,0.2215,20.717,33.3,0.1562
2026-06-12 20:36:58,1cb68fe9,6624e12,D3_OR_Ligeira_7mil,DET2_KS,A1_Global,4,13,15,0.2215,20.6617,25.0,0.1562
2026-06-12 20:37:05,dca63d68,6624e12,D3_OR_Ligeira_7mil,DET2_KS,A1_Global,5,13,15,0.2215,20.7413,22.2,0.1562
2026-06-12 20:37:11,0b5f6f0b,6624e12,D3_OR_Ligeira_7mil,DET2_KS,A1_Global,6,13,15,0.2215,20.7788,33.3,0.1562
2026-06-12 20:37:18,d9d73ce0,6624e12,D3_OR_Ligeira_7mil,DET2_KS,A1_Global,7,13,15,0.2215,20.8458,25.0,0.1562
2026-06-12 20:37:24,90a58d6d,6624e12,D3_OR_Ligeira_7mil,DET2_KS,A1_Global,8,13,15,0.2215,20.8345,25.0,0.1562
2026-06-12 20:37:31,1b8ef48f,6624e12,D3_OR_Ligeira_7mil,DET2_KS,A1_Global,9,13,15,0.2215,20.6844,33.3,0.1562
2026-06-12 20:37:37,c52f3301,6624e12,D3_OR_Ligeira_7mil,DET2_KS,A1_Global,10,13,15,0.2215,20.6676,33.3,0.1562
2026-06-12 20:37:44,4545ef4b,6624e12,D3_OR_Ligeira_7mil,DET2_KS,A1_Global,11,13,15,0.2215,20.7667,25.0,0.1562
2026-06-12 20:37:51,934397cf,6624e12,D3_OR_Ligeira_7mil,DET2_KS,A1_Global,12,13,15,0.2215,20.7025,25.0,0.1562
2026-06-12 20:37:58,9de4ad94,6624e12,D3_OR_Ligeira_7mil,DET2_KS,A1_Global,13,13,15,0.2215,20.9815,25.0,0.1562
2026-06-12 20:38:04,5f3cb913,6624e12,D3_OR_Ligeira_7mil,DET2_KS,A1_Global,14,13,15,0.2215,20.7257,25.0,0.1562
2026-06-12 20:38:11,de238539,6624e12,D3_OR_Ligeira_7mil,DET2_KS,A1_Global,15,13,15,0.2215,20.7553,25.0,0.1562
2026-06-12 20:38:17,af264757,6624e12,D3_OR_Ligeira_7mil,DET2_KS,A1_Global,16,13,15,0.2215,20.7267,25.0,0.1562
2026-06-12 20:38:24,39bfcc47,6624e12,D3_OR_Ligeira_7mil,DET2_KS,A1_Global,17,13,15,0.2215,20.7207,25.0,0.1562
2026-06-12 20:38:31,aa8e833c,6624e12,D3_OR_Ligeira_7mil,DET2_KS,A1_Global,18,13,15,0.2215,20.6714,30.0,0.1562
2026-06-12 20:38:37,ea13943b,6624e12,D3_OR_Ligeira_7mil,DET2_KS,A1_Global,19,13,15,0.2215,20.8291,25.0,0.1562
2026-06-12 20:38:44,fbda211e,6624e12,D3_OR_Ligeira_7mil,DET2_KS,A1_Global,20,13,15,0.2215,21.2241,40.0,0.1562
2026-06-12 20:38:50,31f13dbe,6624e12,D3_OR_Ligeira_7mil,DET2_KS,A1_Global,21,13,15,0.2215,20.7669,25.0,0.1562
2026-06-12 20:38:57,67abb5d9,6624e12,D3_OR_Ligeira_7mil,DET2_KS,A1_Global,22,13,15,0.2215,20.7157,25.0,0.1562
2026-06-12 20:39:03,0f7025bb,6624e12,D3_OR_Ligeira_7mil,DET2_KS,A1_Global,23,13,15,0.2215,21.1185,25.0,0.1562
2026-06-12 20:39:10,3c0f40d0,6624e12,D3_OR_Ligeira_7mil,DET2_KS,A1_Global,24,13,15,0.2215,20.7721,25.0,0.1562
2026-06-12 20:39:16,166a2489,6624e12,D3_OR_Ligeira_7mil,DET2_KS,A1_Global,25,13,15,0.2215,20.6686,25.0,0.1562
2026-06-12 20:39:23,851e73b4,6624e12,D3_OR_Ligeira_7mil,DET2_KS,A1_Global,26,13,15,0.2215,20.7126,22.2,0.1562
2026-06-12 20:39:30,5d221470,6624e12,D3_OR_Ligeira_7mil,DET2_KS,A1_Global,27,13,15,0.2215,20.6984,25.0,0.1562
2026-06-12 20:39:36,d64d3717,6624e12,D3_OR_Ligeira_7mil,DET2_KS,A1_Global,28,13,15,0.2215,20.6647,25.0,0.1562
2026-06-12 20:39:43,0d52431e,6624e12,D3_OR_Ligeira_7mil,DET2_KS,A1_Global,29,13,15,0.2215,20.9092,25.0,0.1562
2026-06-12 20:39:49,23bca22a,6624e12,D3_OR_Ligeira_7mil,DET2_KS,A1_Global,30,13,15,0.2215,20.7282,25.0,0.1562
2026-06-12 20:39:56,d3c5686e,6624e12,D3_OR_Ligeira_7mil,DET2_KS,A2_Incremental,1,13,15,0.2215,1.3191,0.0,0.0
2026-06-12 20:40:02,47eab5aa,6624e12,D3_OR_Ligeira_7mil,DET2_KS,A2_Incremental,2,13,15,0.2215,1.348,0.0,0.0
2026-06-12 20:40:09,550f9153,6624e12,D3_OR_Ligeira_7mil,DET2_KS,A2_Incremental,3,13,15,0.2215,1.3718,0.0,0.0
2026-06-12 20:40:15,0adf3ca2,6624e12,D3_OR_Ligeira_7mil,DET2_KS,A2_Incremental,4,13,15,0.2215,1.3445,0.0,0.0
2026-06-12 20:40:22,c6b114a2,6624e12,D3_OR_Ligeira_7mil,DET2_KS,A2_Incremental,5,13,15,0.2215,1.8101,50.0,0.0
2026-06-12 20:40:28,1b3712c1,6624e12,D3_OR_Ligeira_7mil,DET2_KS,A2_Incremental,6,13,15,0.2215,1.3111,0.0,0.0
2026-06-12 20:40:35,22d4b1ed,6624e12,D3_OR_Ligeira_7mil,DET2_KS,A2_Incremental,7,13,15,0.2215,1.3591,0.0,0.0
2026-06-12 20:40:41,9f0a0372,6624e12,D3_OR_Ligeira_7mil,DET2_KS,A2_Incremental,8,13,15,0.2215,1.5928,0.0,0.0
2026-06-12 20:40:48,78588eb1,6624e12,D3_OR_Ligeira_7mil,DET2_KS,A2_Incremental,9,13,15,0.2215,1.3397,100.0,0.0
2026-06-12 20:40:54,49653659,6624e12,D3_OR_Ligeira_7mil,DET2_KS,A2_Incremental,10,13,15,0.2215,1.3429,0.0,0.0
2026-06-12 20:41:01,16d3cdc2,6624e12,D3_OR_Ligeira_7mil,DET2_KS,A2_Incremental,11,13,15,0.2215,1.352,0.0,0.0
2026-06-12 20:41:07,ab853313,6624e12,D3_OR_Ligeira_7mil,DET2_KS,A2_Incremental,12,13,15,0.2215,1.3907,0.0,0.0
2026-06-12 20:41:14,a5a25b10,6624e12,D3_OR_Ligeira_7mil,DET2_KS,A2_Incremental,13,13,15,0.2215,1.3267,0.0,0.0
2026-06-12 20:41:20,aecf270a,6624e12,D3_OR_Ligeira_7mil,DET2_KS,A2_Incremental,14,13,15,0.2215,1.3735,100.0,0.0
2026-06-12 20:41:27,bc5b13d7,6624e12,D3_OR_Ligeira_7mil,DET2_KS,A2_Incremental,15,13,15,0.2215,1.4119,0.0,0.0
2026-06-12 20:41:33,4b6438a2,6624e12,D3_OR_Ligeira_7mil,DET2_KS,A2_Incremental,16,13,15,0.2215,1.349,50.0,0.0
2026-06-12 20:41:40,3c79aaef,6624e12,D3_OR_Ligeira_7mil,DET2_KS,A2_Incremental,17,13,15,0.2215,1.3525,0.0,0.0
2026-06-12 20:41:46,c7a8d85f,6624e12,D3_OR_Ligeira_7mil,DET2_KS,A2_Incremental,18,13,15,0.2215,1.3347,0.0,0.0
2026-06-12 20:41:53,558e6403,6624e12,D3_OR_Ligeira_7mil,DET2_KS,A2_Incremental,19,13,15,0.2215,1.3831,0.0,0.0
2026-06-12 20:41:59,594ae112,6624e12,D3_OR_Ligeira_7mil,DET2_KS,A2_Incremental,20,13,15,0.2215,1.3667,0.0,0.0
2026-06-12 20:42:06,5659a40e,6624e12,D3_OR_Ligeira_7mil,DET2_KS,A2_Incremental,21,13,15,0.2215,1.3394,0.0,0.0
2026-06-12 20:42:12,3e8552a5,6624e12,D3_OR_Ligeira_7mil,DET2_KS,A2_Incremental,22,13,15,0.2215,1.3426,0.0,0.0
2026-06-12 20:42:18,67808639,6624e12,D3_OR_Ligeira_7mil,DET2_KS,A2_Incremental,23,13,15,0.2215,1.3271,0.0,0.0
2026-06-12 20:42:25,dc637812,6624e12,D3_OR_Ligeira_7mil,DET2_KS,A2_Incremental,24,13,15,0.2215,1.307,0.0,0.0
2026-06-12 20:42:31,d8539b7a,6624e12,D3_OR_Ligeira_7mil,DET2_KS,A2_Incremental,25,13,15,0.2215,1.3207,0.0,0.0
2026-06-12 20:42:38,07d3cdbc,6624e12,D3_OR_Ligeira_7mil,DET2_KS,A2_Incremental,26,13,15,0.2215,1.3356,50.0,0.0
2026-06-12 20:42:44,fdb199dc,6624e12,D3_OR_Ligeira_7mil,DET2_KS,A2_Incremental,27,13,15,0.2215,1.311,0.0,0.0
2026-06-12 20:42:51,66f982c1,6624e12,D3_OR_Ligeira_7mil,DET2_KS,A2_Incremental,28,13,15,0.2215,1.335,0.0,0.0
2026-06-12 20:42:57,ef4ec069,6624e12,D3_OR_Ligeira_7mil,DET2_KS,A2_Incremental,29,13,15,0.2215,1.3596,0.0,0.0
2026-06-12 20:43:04,d7606cd1,6624e12,D3_OR_Ligeira_7mil,DET2_KS,A2_Incremental,30,13,15,0.2215,1.2918,0.0,0.0
2026-06-12 20:43:05,63356ba9,6624e12,D3_OR_Ligeira_7mil,DET3_ADWIN,A0_None,1,10,2,0.0295,0.0,0.0,0.0
2026-06-12 20:43:07,c6787f38,6624e12,D3_OR_Ligeira_7mil,DET3_ADWIN,A0_None,2,10,2,0.0295,0.0,0.0,0.0
2026-06-12 20:43:08,cb596af6,6624e12,D3_OR_Ligeira_7mil,DET3_ADWIN,A0_None,3,10,2,0.0295,0.0,0.0,0.0
2026-06-12 20:43:09,7b70c0e2,6624e12,D3_OR_Ligeira_7mil,DET3_ADWIN,A0_None,4,10,2,0.0295,0.0,0.0,0.0
2026-06-12 20:43:11,ab434249,6624e12,D3_OR_Ligeira_7mil,DET3_ADWIN,A0_None,5,10,2,0.0295,0.0,0.0,0.0
2026-06-12 20:43:12,25bdc12a,6624e12,D3_OR_Ligeira_7mil,DET3_ADWIN,A0_None,6,10,2,0.0295,0.0,0.0,0.0
2026-06-12 20:43:14,f1d4478f,6624e12,D3_OR_Ligeira_7mil,DET3_ADWIN,A0_None,7,10,2,0.0295,0.0,0.0,0.0
2026-06-12 20:43:15,c7f613a0,6624e12,D3_OR_Ligeira_7mil,DET3_ADWIN,A0_None,8,10,2,0.0295,0.0,0.0,0.0
2026-06-12 20:43:17,d93d04e1,6624e12,D3_OR_Ligeira_7mil,DET3_ADWIN,A0_None,9,10,2,0.0295,0.0,0.0,0.0
2026-06-12 20:43:18,34b28bd0,6624e12,D3_OR_Ligeira_7mil,DET3_ADWIN,A0_None,10,10,2,0.0295,0.0,0.0,0.0
2026-06-12 20:43:19,d54096e6,6624e12,D3_OR_Ligeira_7mil,DET3_ADWIN,A0_None,11,10,2,0.0295,0.0,0.0,0.0
2026-06-12 20:43:21,4397e855,6624e12,D3_OR_Ligeira_7mil,DET3_ADWIN,A0_None,12,10,2,0.0295,0.0,0.0,0.0
2026-06-12 20:43:22,ff23e535,6624e12,D3_OR_Ligeira_7mil,DET3_ADWIN,A0_None,13,10,2,0.0295,0.0,0.0,0.0
2026-06-12 20:43:24,7ee577eb,6624e12,D3_OR_Ligeira_7mil,DET3_ADWIN,A0_None,14,10,2,0.0295,0.0,0.0,0.0
2026-06-12 20:43:25,6a1d6393,6624e12,D3_OR_Ligeira_7mil,DET3_ADWIN,A0_None,15,10,2,0.0295,0.0,0.0,0.0
2026-06-12 20:43:26,4503ee41,6624e12,D3_OR_Ligeira_7mil,DET3_ADWIN,A0_None,16,10,2,0.0295,0.0,0.0,0.0
2026-06-12 20:43:28,10ad73bb,6624e12,D3_OR_Ligeira_7mil,DET3_ADWIN,A0_None,17,10,2,0.0295,0.0,0.0,0.0
2026-06-12 20:43:29,ae1544f4,6624e12,D3_OR_Ligeira_7mil,DET3_ADWIN,A0_None,18,10,2,0.0295,0.0,0.0,0.0
2026-06-12 20:43:31,f55b2f11,6624e12,D3_OR_Ligeira_7mil,DET3_ADWIN,A0_None,19,10,2,0.0295,0.0,0.0,0.0
2026-06-12 20:43:32,a32b5fa4,6624e12,D3_OR_Ligeira_7mil,DET3_ADWIN,A0_None,20,10,2,0.0295,0.0,0.0,0.0
2026-06-12 20:43:34,2696ad12,6624e12,D3_OR_Ligeira_7mil,DET3_ADWIN,A0_None,21,10,2,0.0295,0.0,0.0,0.0
2026-06-12 20:43:35,85b89767,6624e12,D3_OR_Ligeira_7mil,DET3_ADWIN,A0_None,22,10,2,0.0295,0.0,0.0,0.0
2026-06-12 20:43:36,2ffe804c,6624e12,D3_OR_Ligeira_7mil,DET3_ADWIN,A0_None,23,10,2,0.0295,0.0,0.0,0.0
2026-06-12 20:43:38,0febadb3,6624e12,D3_OR_Ligeira_7mil,DET3_ADWIN,A0_None,24,10,2,0.0295,0.0,0.0,0.0
2026-06-12 20:43:39,4e4c5804,6624e12,D3_OR_Ligeira_7mil,DET3_ADWIN,A0_None,25,10,2,0.0295,0.0,0.0,0.0
2026-06-12 20:43:41,9724fc5c,6624e12,D3_OR_Ligeira_7mil,DET3_ADWIN,A0_None,26,10,2,0.0295,0.0,0.0,0.0
2026-06-12 20:43:42,26ad0c57,6624e12,D3_OR_Ligeira_7mil,DET3_ADWIN,A0_None,27,10,2,0.0295,0.0,0.0,0.0
2026-06-12 20:43:43,b8ee385c,6624e12,D3_OR_Ligeira_7mil,DET3_ADWIN,A0_None,28,10,2,0.0295,0.0,0.0,0.0
2026-06-12 20:43:45,f48251d1,6624e12,D3_OR_Ligeira_7mil,DET3_ADWIN,A0_None,29,10,2,0.0295,0.0,0.0,0.0
2026-06-12 20:43:46,c146abaa,6624e12,D3_OR_Ligeira_7mil,DET3_ADWIN,A0_None,30,10,2,0.0295,0.0,0.0,0.0
2026-06-12 20:43:48,4e409f8c,6624e12,D3_OR_Ligeira_7mil,DET3_ADWIN,A1_Global,1,10,2,0.0295,21.1152,22.2,0.1562
2026-06-12 20:43:49,b342ee1a,6624e12,D3_OR_Ligeira_7mil,DET3_ADWIN,A1_Global,2,10,2,0.0295,20.4989,33.3,0.1562
2026-06-12 20:43:51,29af2bf2,6624e12,D3_OR_Ligeira_7mil,DET3_ADWIN,A1_Global,3,10,2,0.0295,21.124,50.0,0.1562
2026-06-12 20:43:52,4c044758,6624e12,D3_OR_Ligeira_7mil,DET3_ADWIN,A1_Global,4,10,2,0.0295,20.5712,33.3,0.1562
2026-06-12 20:43:54,cc1e351e,6624e12,D3_OR_Ligeira_7mil,DET3_ADWIN,A1_Global,5,10,2,0.0295,20.5263,25.0,0.1562
2026-06-12 20:43:55,a18b1ae7,6624e12,D3_OR_Ligeira_7mil,DET3_ADWIN,A1_Global,6,10,2,0.0295,20.8043,37.5,0.1562
2026-06-12 20:43:56,131172e7,6624e12,D3_OR_Ligeira_7mil,DET3_ADWIN,A1_Global,7,10,2,0.0295,20.5376,25.0,0.1562
2026-06-12 20:43:58,3eef5adf,6624e12,D3_OR_Ligeira_7mil,DET3_ADWIN,A1_Global,8,10,2,0.0295,20.5248,25.0,0.1562
2026-06-12 20:43:59,ed6b5fd7,6624e12,D3_OR_Ligeira_7mil,DET3_ADWIN,A1_Global,9,10,2,0.0295,20.5463,25.0,0.1562
2026-06-12 20:44:01,0f130306,6624e12,D3_OR_Ligeira_7mil,DET3_ADWIN,A1_Global,10,10,2,0.0295,20.5465,25.0,0.1562
2026-06-12 20:44:02,5e044a44,6624e12,D3_OR_Ligeira_7mil,DET3_ADWIN,A1_Global,11,10,2,0.0295,20.5269,25.0,0.1562
2026-06-12 20:44:04,e296cfb8,6624e12,D3_OR_Ligeira_7mil,DET3_ADWIN,A1_Global,12,10,2,0.0295,20.6415,12.5,0.1562
2026-06-12 20:44:05,17559f8a,6624e12,D3_OR_Ligeira_7mil,DET3_ADWIN,A1_Global,13,10,2,0.0295,20.5647,25.0,0.1562
2026-06-12 20:44:07,b3b2cdc3,6624e12,D3_OR_Ligeira_7mil,DET3_ADWIN,A1_Global,14,10,2,0.0295,21.0159,33.3,0.1562
2026-06-12 20:44:08,769545d1,6624e12,D3_OR_Ligeira_7mil,DET3_ADWIN,A1_Global,15,10,2,0.0295,20.5715,25.0,0.1562
2026-06-12 20:44:10,8491311f,6624e12,D3_OR_Ligeira_7mil,DET3_ADWIN,A1_Global,16,10,2,0.0295,20.5495,25.0,0.1562
2026-06-12 20:44:11,f93c6861,6624e12,D3_OR_Ligeira_7mil,DET3_ADWIN,A1_Global,17,10,2,0.0295,20.5276,25.0,0.1562
2026-06-12 20:44:12,264c061d,6624e12,D3_OR_Ligeira_7mil,DET3_ADWIN,A1_Global,18,10,2,0.0295,20.5791,22.2,0.1562
2026-06-12 20:44:14,b804f809,6624e12,D3_OR_Ligeira_7mil,DET3_ADWIN,A1_Global,19,10,2,0.0295,20.4831,25.0,0.1562
2026-06-12 20:44:15,54517525,6624e12,D3_OR_Ligeira_7mil,DET3_ADWIN,A1_Global,20,10,2,0.0295,20.8247,25.0,0.1562
2026-06-12 20:44:17,5e7379eb,6624e12,D3_OR_Ligeira_7mil,DET3_ADWIN,A1_Global,21,10,2,0.0295,20.5056,25.0,0.1562
2026-06-12 20:44:18,851a431a,6624e12,D3_OR_Ligeira_7mil,DET3_ADWIN,A1_Global,22,10,2,0.0295,20.4697,22.2,0.1562
2026-06-12 20:44:20,395688af,6624e12,D3_OR_Ligeira_7mil,DET3_ADWIN,A1_Global,23,10,2,0.0295,20.6474,33.3,0.1562
2026-06-12 20:44:21,ec2a5883,6624e12,D3_OR_Ligeira_7mil,DET3_ADWIN,A1_Global,24,10,2,0.0295,20.5527,25.0,0.1562
2026-06-12 20:44:23,f9c78068,6624e12,D3_OR_Ligeira_7mil,DET3_ADWIN,A1_Global,25,10,2,0.0295,20.5378,22.2,0.1562
2026-06-12 20:44:24,293fc3c4,6624e12,D3_OR_Ligeira_7mil,DET3_ADWIN,A1_Global,26,10,2,0.0295,20.5313,33.3,0.1562
2026-06-12 20:44:25,07f0f019,6624e12,D3_OR_Ligeira_7mil,DET3_ADWIN,A1_Global,27,10,2,0.0295,20.5451,25.0,0.1562
2026-06-12 20:44:27,ecd4fb2d,6624e12,D3_OR_Ligeira_7mil,DET3_ADWIN,A1_Global,28,10,2,0.0295,20.6013,25.0,0.1562
2026-06-12 20:44:28,2d48db72,6624e12,D3_OR_Ligeira_7mil,DET3_ADWIN,A1_Global,29,10,2,0.0295,20.5476,33.3,0.1562
2026-06-12 20:44:30,d6d24dd9,6624e12,D3_OR_Ligeira_7mil,DET3_ADWIN,A1_Global,30,10,2,0.0295,20.5387,25.0,0.1562
2026-06-12 20:44:31,70e289bc,6624e12,D3_OR_Ligeira_7mil,DET3_ADWIN,A2_Incremental,1,10,2,0.0295,1.3958,0.0,0.0
2026-06-12 20:44:33,7f106fad,6624e12,D3_OR_Ligeira_7mil,DET3_ADWIN,A2_Incremental,2,10,2,0.0295,1.405,0.0,0.0
2026-06-12 20:44:34,ba1460d6,6624e12,D3_OR_Ligeira_7mil,DET3_ADWIN,A2_Incremental,3,10,2,0.0295,1.3886,100.0,0.0
2026-06-12 20:44:35,49e4eb1c,6624e12,D3_OR_Ligeira_7mil,DET3_ADWIN,A2_Incremental,4,10,2,0.0295,1.4002,0.0,0.0
2026-06-12 20:44:37,d7e7861f,6624e12,D3_OR_Ligeira_7mil,DET3_ADWIN,A2_Incremental,5,10,2,0.0295,1.4113,50.0,0.0
2026-06-12 20:44:38,a988b7ab,6624e12,D3_OR_Ligeira_7mil,DET3_ADWIN,A2_Incremental,6,10,2,0.0295,1.3735,0.0,0.0
2026-06-12 20:44:39,4110f8e6,6624e12,D3_OR_Ligeira_7mil,DET3_ADWIN,A2_Incremental,7,10,2,0.0295,1.428,0.0,0.0
2026-06-12 20:44:41,90962ee4,6624e12,D3_OR_Ligeira_7mil,DET3_ADWIN,A2_Incremental,8,10,2,0.0295,1.4188,50.0,0.0
2026-06-12 20:44:42,60acc289,6624e12,D3_OR_Ligeira_7mil,DET3_ADWIN,A2_Incremental,9,10,2,0.0295,2.0163,0.0,0.0156
2026-06-12 20:44:44,82deca79,6624e12,D3_OR_Ligeira_7mil,DET3_ADWIN,A2_Incremental,10,10,2,0.0295,1.4163,0.0,0.0
2026-06-12 20:44:45,dfc43dd0,6624e12,D3_OR_Ligeira_7mil,DET3_ADWIN,A2_Incremental,11,10,2,0.0295,1.3914,50.0,0.0
2026-06-12 20:44:46,958f0b55,6624e12,D3_OR_Ligeira_7mil,DET3_ADWIN,A2_Incremental,12,10,2,0.0295,1.3659,0.0,0.0
2026-06-12 20:44:48,fcbea670,6624e12,D3_OR_Ligeira_7mil,DET3_ADWIN,A2_Incremental,13,10,2,0.0295,1.3784,0.0,0.0
2026-06-12 20:44:49,8977774a,6624e12,D3_OR_Ligeira_7mil,DET3_ADWIN,A2_Incremental,14,10,2,0.0295,1.3383,0.0,0.0
2026-06-12 20:44:50,72fea149,6624e12,D3_OR_Ligeira_7mil,DET3_ADWIN,A2_Incremental,15,10,2,0.0295,1.4114,0.0,0.0
2026-06-12 20:44:52,50d0f406,6624e12,D3_OR_Ligeira_7mil,DET3_ADWIN,A2_Incremental,16,10,2,0.0295,1.4214,0.0,0.0
2026-06-12 20:44:53,ae60155f,6624e12,D3_OR_Ligeira_7mil,DET3_ADWIN,A2_Incremental,17,10,2,0.0295,1.4073,0.0,0.0
2026-06-12 20:44:55,d40e89a7,6624e12,D3_OR_Ligeira_7mil,DET3_ADWIN,A2_Incremental,18,10,2,0.0295,1.4051,0.0,0.0
2026-06-12 20:44:56,4e17fba8,6624e12,D3_OR_Ligeira_7mil,DET3_ADWIN,A2_Incremental,19,10,2,0.0295,1.4149,0.0,0.0
2026-06-12 20:44:57,9549cef8,6624e12,D3_OR_Ligeira_7mil,DET3_ADWIN,A2_Incremental,20,10,2,0.0295,1.4101,0.0,0.0
2026-06-12 20:44:59,871eb683,6624e12,D3_OR_Ligeira_7mil,DET3_ADWIN,A2_Incremental,21,10,2,0.0295,1.3613,0.0,0.0
2026-06-12 20:45:00,c70e2bfc,6624e12,D3_OR_Ligeira_7mil,DET3_ADWIN,A2_Incremental,22,10,2,0.0295,1.3733,0.0,0.0
2026-06-12 20:45:01,11c69098,6624e12,D3_OR_Ligeira_7mil,DET3_ADWIN,A2_Incremental,23,10,2,0.0295,1.4083,50.0,0.0
2026-06-12 20:45:03,38500b32,6624e12,D3_OR_Ligeira_7mil,DET3_ADWIN,A2_Incremental,24,10,2,0.0295,1.3789,0.0,0.0
2026-06-12 20:45:04,623aa4d1,6624e12,D3_OR_Ligeira_7mil,DET3_ADWIN,A2_Incremental,25,10,2,0.0295,1.4248,0.0,0.0
2026-06-12 20:45:06,115613d8,6624e12,D3_OR_Ligeira_7mil,DET3_ADWIN,A2_Incremental,26,10,2,0.0295,1.4109,0.0,0.0
2026-06-12 20:45:07,52b55495,6624e12,D3_OR_Ligeira_7mil,DET3_ADWIN,A2_Incremental,27,10,2,0.0295,1.3843,0.0,0.0
2026-06-12 20:45:08,ebc6fe25,6624e12,D3_OR_Ligeira_7mil,DET3_ADWIN,A2_Incremental,28,10,2,0.0295,1.3944,0.0,0.0
2026-06-12 20:45:10,208024ea,6624e12,D3_OR_Ligeira_7mil,DET3_ADWIN,A2_Incremental,29,10,2,0.0295,1.4009,0.0,0.0
2026-06-12 20:45:11,a96328b3,6624e12,D3_OR_Ligeira_7mil,DET3_ADWIN,A2_Incremental,30,10,2,0.0295,1.9778,0.0,0.0
2026-06-12 20:45:11,849ed0b9,6624e12,D3_OR_Media_14mil,DET0_None,A0_None,1,N/D,0,0.0,0.0,0.0,0.0
2026-06-12 20:45:11,cecc0c16,6624e12,D3_OR_Media_14mil,DET0_None,A0_None,2,N/D,0,0.0,0.0,0.0,0.0
2026-06-12 20:45:11,c0734467,6624e12,D3_OR_Media_14mil,DET0_None,A0_None,3,N/D,0,0.0,0.0,0.0,0.0
2026-06-12 20:45:11,f33ae41b,6624e12,D3_OR_Media_14mil,DET0_None,A0_None,4,N/D,0,0.0,0.0,0.0,0.0
2026-06-12 20:45:11,372d2033,6624e12,D3_OR_Media_14mil,DET0_None,A0_None,5,N/D,0,0.0,0.0,0.0,0.0
2026-06-12 20:45:11,e0df866b,6624e12,D3_OR_Media_14mil,DET0_None,A0_None,6,N/D,0,0.0,0.0,0.0,0.0
2026-06-12 20:45:11,10534a1a,6624e12,D3_OR_Media_14mil,DET0_None,A0_None,7,N/D,0,0.0,0.0,0.0,0.0
2026-06-12 20:45:11,bcc7911d,6624e12,D3_OR_Media_14mil,DET0_None,A0_None,8,N/D,0,0.0,0.0,0.0,0.0
2026-06-12 20:45:11,a5954e3c,6624e12,D3_OR_Media_14mil,DET0_None,A0_None,9,N/D,0,0.0,0.0,0.0,0.0
2026-06-12 20:45:11,7421733c,6624e12,D3_OR_Media_14mil,DET0_None,A0_None,10,N/D,0,0.0,0.0,0.0,0.0
2026-06-12 20:45:11,eb0df088,6624e12,D3_OR_Media_14mil,DET0_None,A0_None,11,N/D,0,0.0,0.0,0.0,0.0
2026-06-12 20:45:11,bdea6c31,6624e12,D3_OR_Media_14mil,DET0_None,A0_None,12,N/D,0,0.0,0.0,0.0,0.0
2026-06-12 20:45:11,b5607c29,6624e12,D3_OR_Media_14mil,DET0_None,A0_None,13,N/D,0,0.0,0.0,0.0,0.0
2026-06-12 20:45:11,a65d1ccb,6624e12,D3_OR_Media_14mil,DET0_None,A0_None,14,N/D,0,0.0,0.0,0.0,0.0
2026-06-12 20:45:11,2db83cee,6624e12,D3_OR_Media_14mil,DET0_None,A0_None,15,N/D,0,0.0,0.0,0.0,0.0
2026-06-12 20:45:11,645c5c9c,6624e12,D3_OR_Media_14mil,DET0_None,A0_None,16,N/D,0,0.0,0.0,0.0,0.0
2026-06-12 20:45:11,24196d69,6624e12,D3_OR_Media_14mil,DET0_None,A0_None,17,N/D,0,0.0,0.0,0.0,0.0
2026-06-12 20:45:11,31e7be81,6624e12,D3_OR_Media_14mil,DET0_None,A0_None,18,N/D,0,0.0,0.0,0.0,0.0
2026-06-12 20:45:11,86953b3d,6624e12,D3_OR_Media_14mil,DET0_None,A0_None,19,N/D,0,0.0,0.0,0.0,0.0
2026-06-12 20:45:11,5fedecfd,6624e12,D3_OR_Media_14mil,DET0_None,A0_None,20,N/D,0,0.0,0.0,0.0,0.0
2026-06-12 20:45:11,b02eeded,6624e12,D3_OR_Media_14mil,DET0_None,A0_None,21,N/D,0,0.0,0.0,0.0,0.0
2026-06-12 20:45:11,be4bc578,6624e12,D3_OR_Media_14mil,DET0_None,A0_None,22,N/D,0,0.0,0.0,0.0,0.0
2026-06-12 20:45:11,3f1029b9,6624e12,D3_OR_Media_14mil,DET0_None,A0_None,23,N/D,0,0.0,0.0,0.0,0.0
2026-06-12 20:45:11,0337edb4,6624e12,D3_OR_Media_14mil,DET0_None,A0_None,24,N/D,0,0.0,0.0,0.0,0.0
2026-06-12 20:45:11,346695e8,6624e12,D3_OR_Media_14mil,DET0_None,A0_None,25,N/D,0,0.0,0.0,0.0,0.0
2026-06-12 20:45:11,7bbdd70e,6624e12,D3_OR_Media_14mil,DET0_None,A0_None,26,N/D,0,0.0,0.0,0.0,0.0
2026-06-12 20:45:11,f1755d6c,6624e12,D3_OR_Media_14mil,DET0_None,A0_None,27,N/D,0,0.0,0.0,0.0,0.0
2026-06-12 20:45:11,ba118d8b,6624e12,D3_OR_Media_14mil,DET0_None,A0_None,28,N/D,0,0.0,0.0,0.0,0.0
2026-06-12 20:45:11,fb5d3dd1,6624e12,D3_OR_Media_14mil,DET0_None,A0_None,29,N/D,0,0.0,0.0,0.0,0.0
2026-06-12 20:45:11,d43d3819,6624e12,D3_OR_Media_14mil,DET0_None,A0_None,30,N/D,0,0.0,0.0,0.0,0.0
2026-06-12 20:45:13,a618f2b5,6624e12,D3_OR_Media_14mil,DET1_OCSVM,A0_None,1,11,0,0.0,0.0,0.0,0.0
2026-06-12 20:45:14,97c531dc,6624e12,D3_OR_Media_14mil,DET1_OCSVM,A0_None,2,11,0,0.0,0.0,0.0,0.0
2026-06-12 20:45:15,cf9ac8f6,6624e12,D3_OR_Media_14mil,DET1_OCSVM,A0_None,3,11,0,0.0,0.0,0.0,0.0
2026-06-12 20:45:17,d6bf6414,6624e12,D3_OR_Media_14mil,DET1_OCSVM,A0_None,4,11,0,0.0,0.0,0.0,0.0
2026-06-12 20:45:18,76c358d9,6624e12,D3_OR_Media_14mil,DET1_OCSVM,A0_None,5,11,0,0.0,0.0,0.0,0.0
2026-06-12 20:45:20,ae9d0b43,6624e12,D3_OR_Media_14mil,DET1_OCSVM,A0_None,6,11,0,0.0,0.0,0.0,0.0
2026-06-12 20:45:21,755f6199,6624e12,D3_OR_Media_14mil,DET1_OCSVM,A0_None,7,11,0,0.0,0.0,0.0,0.0
2026-06-12 20:45:22,d40a09c3,6624e12,D3_OR_Media_14mil,DET1_OCSVM,A0_None,8,11,0,0.0,0.0,0.0,0.0
2026-06-12 20:45:24,fa8b1bf8,6624e12,D3_OR_Media_14mil,DET1_OCSVM,A0_None,9,11,0,0.0,0.0,0.0,0.0
2026-06-12 20:45:25,f6ec396f,6624e12,D3_OR_Media_14mil,DET1_OCSVM,A0_None,10,11,0,0.0,0.0,0.0,0.0
2026-06-12 20:45:27,557295cc,6624e12,D3_OR_Media_14mil,DET1_OCSVM,A0_None,11,11,0,0.0,0.0,0.0,0.0
2026-06-12 20:45:28,384046bb,6624e12,D3_OR_Media_14mil,DET1_OCSVM,A0_None,12,11,0,0.0,0.0,0.0,0.0
2026-06-12 20:45:29,6920f428,6624e12,D3_OR_Media_14mil,DET1_OCSVM,A0_None,13,11,0,0.0,0.0,0.0,0.0
2026-06-12 20:45:31,5c5be3ce,6624e12,D3_OR_Media_14mil,DET1_OCSVM,A0_None,14,11,0,0.0,0.0,0.0,0.0
2026-06-12 20:45:32,f79d355a,6624e12,D3_OR_Media_14mil,DET1_OCSVM,A0_None,15,11,0,0.0,0.0,0.0,0.0
2026-06-12 20:45:34,d9f93a31,6624e12,D3_OR_Media_14mil,DET1_OCSVM,A0_None,16,11,0,0.0,0.0,0.0,0.0
2026-06-12 20:45:35,4573dbb3,6624e12,D3_OR_Media_14mil,DET1_OCSVM,A0_None,17,11,0,0.0,0.0,0.0,0.0
2026-06-12 20:45:36,a68b9612,6624e12,D3_OR_Media_14mil,DET1_OCSVM,A0_None,18,11,0,0.0,0.0,0.0,0.0
2026-06-12 20:45:38,ee0ebda5,6624e12,D3_OR_Media_14mil,DET1_OCSVM,A0_None,19,11,0,0.0,0.0,0.0,0.0
2026-06-12 20:45:39,6dcbedc7,6624e12,D3_OR_Media_14mil,DET1_OCSVM,A0_None,20,11,0,0.0,0.0,0.0,0.0
2026-06-12 20:45:41,ea0ea986,6624e12,D3_OR_Media_14mil,DET1_OCSVM,A0_None,21,11,0,0.0,0.0,0.0,0.0
2026-06-12 20:45:42,4f55ead8,6624e12,D3_OR_Media_14mil,DET1_OCSVM,A0_None,22,11,0,0.0,0.0,0.0,0.0
2026-06-12 20:45:43,83b0b45b,6624e12,D3_OR_Media_14mil,DET1_OCSVM,A0_None,23,11,0,0.0,0.0,0.0,0.0
2026-06-12 20:45:45,474bfa25,6624e12,D3_OR_Media_14mil,DET1_OCSVM,A0_None,24,11,0,0.0,0.0,0.0,0.0
2026-06-12 20:45:46,497e275b,6624e12,D3_OR_Media_14mil,DET1_OCSVM,A0_None,25,11,0,0.0,0.0,0.0,0.0
2026-06-12 20:45:48,19f24842,6624e12,D3_OR_Media_14mil,DET1_OCSVM,A0_None,26,11,0,0.0,0.0,0.0,0.0
2026-06-12 20:45:49,260e646a,6624e12,D3_OR_Media_14mil,DET1_OCSVM,A0_None,27,11,0,0.0,0.0,0.0,0.0
2026-06-12 20:45:50,5df6cffc,6624e12,D3_OR_Media_14mil,DET1_OCSVM,A0_None,28,11,0,0.0,0.0,0.0,0.0
2026-06-12 20:45:52,171fe9d3,6624e12,D3_OR_Media_14mil,DET1_OCSVM,A0_None,29,11,0,0.0,0.0,0.0,0.0
2026-06-12 20:45:53,94269fc6,6624e12,D3_OR_Media_14mil,DET1_OCSVM,A0_None,30,11,0,0.0,0.0,0.0,0.0
2026-06-12 20:45:55,feb50e51,6624e12,D3_OR_Media_14mil,DET1_OCSVM,A1_Global,1,11,0,0.0,20.462,25.0,0.1562
2026-06-12 20:45:56,3e0c6280,6624e12,D3_OR_Media_14mil,DET1_OCSVM,A1_Global,2,11,0,0.0,20.6713,33.3,0.1562
2026-06-12 20:45:58,338529b1,6624e12,D3_OR_Media_14mil,DET1_OCSVM,A1_Global,3,11,0,0.0,20.4141,25.0,0.1562
2026-06-12 20:45:59,a2603c25,6624e12,D3_OR_Media_14mil,DET1_OCSVM,A1_Global,4,11,0,0.0,20.3445,25.0,0.1562
2026-06-12 20:46:00,831cdd48,6624e12,D3_OR_Media_14mil,DET1_OCSVM,A1_Global,5,11,0,0.0,20.4048,22.2,0.1562
2026-06-12 20:46:02,0d6b9a72,6624e12,D3_OR_Media_14mil,DET1_OCSVM,A1_Global,6,11,0,0.0,20.3892,25.0,0.1562
2026-06-12 20:46:03,c6ffe289,6624e12,D3_OR_Media_14mil,DET1_OCSVM,A1_Global,7,11,0,0.0,20.4342,22.2,0.1562
2026-06-12 20:46:05,15e2252c,6624e12,D3_OR_Media_14mil,DET1_OCSVM,A1_Global,8,11,0,0.0,20.3655,25.0,0.1562
2026-06-12 20:46:06,28669bd7,6624e12,D3_OR_Media_14mil,DET1_OCSVM,A1_Global,9,11,0,0.0,20.4913,33.3,0.1562
2026-06-12 20:46:08,44bcd379,6624e12,D3_OR_Media_14mil,DET1_OCSVM,A1_Global,10,11,0,0.0,20.4737,33.3,0.1562
2026-06-12 20:46:09,4c011001,6624e12,D3_OR_Media_14mil,DET1_OCSVM,A1_Global,11,11,0,0.0,20.4905,25.0,0.1562
2026-06-12 20:46:10,76994712,6624e12,D3_OR_Media_14mil,DET1_OCSVM,A1_Global,12,11,0,0.0,20.4492,25.0,0.1562
2026-06-12 20:46:12,fedd5135,6624e12,D3_OR_Media_14mil,DET1_OCSVM,A1_Global,13,11,0,0.0,20.3829,25.0,0.1562
2026-06-12 20:46:13,5107a38a,6624e12,D3_OR_Media_14mil,DET1_OCSVM,A1_Global,14,11,0,0.0,20.4874,25.0,0.1562
2026-06-12 20:46:15,950dd25d,6624e12,D3_OR_Media_14mil,DET1_OCSVM,A1_Global,15,11,0,0.0,20.4571,25.0,0.1562
2026-06-12 20:46:16,ad0f60e1,6624e12,D3_OR_Media_14mil,DET1_OCSVM,A1_Global,16,11,0,0.0,20.3409,25.0,0.1562
2026-06-12 20:46:18,41a12304,6624e12,D3_OR_Media_14mil,DET1_OCSVM,A1_Global,17,11,0,0.0,20.8527,37.5,0.1562
2026-06-12 20:46:19,26db8e87,6624e12,D3_OR_Media_14mil,DET1_OCSVM,A1_Global,18,11,0,0.0,20.4865,33.3,0.1562
2026-06-12 20:46:21,5ed16fa3,6624e12,D3_OR_Media_14mil,DET1_OCSVM,A1_Global,19,11,0,0.0,20.3667,25.0,0.1562
2026-06-12 20:46:22,b176c5fe,6624e12,D3_OR_Media_14mil,DET1_OCSVM,A1_Global,20,11,0,0.0,20.3271,22.2,0.1562
2026-06-12 20:46:23,14a48b40,6624e12,D3_OR_Media_14mil,DET1_OCSVM,A1_Global,21,11,0,0.0,20.3699,22.2,0.1562
2026-06-12 20:46:25,697db53d,6624e12,D3_OR_Media_14mil,DET1_OCSVM,A1_Global,22,11,0,0.0,20.3847,25.0,0.1562
2026-06-12 20:46:26,6f57afec,6624e12,D3_OR_Media_14mil,DET1_OCSVM,A1_Global,23,11,0,0.0,20.4493,25.0,0.1562
2026-06-12 20:46:28,2ae69c35,6624e12,D3_OR_Media_14mil,DET1_OCSVM,A1_Global,24,11,0,0.0,20.3643,25.0,0.1562
2026-06-12 20:46:29,bbd42c49,6624e12,D3_OR_Media_14mil,DET1_OCSVM,A1_Global,25,11,0,0.0,20.7452,37.5,0.1562
2026-06-12 20:46:31,a09b5a0a,6624e12,D3_OR_Media_14mil,DET1_OCSVM,A1_Global,26,11,0,0.0,20.4908,33.3,0.1562
2026-06-12 20:46:32,35e36888,6624e12,D3_OR_Media_14mil,DET1_OCSVM,A1_Global,27,11,0,0.0,20.4639,30.0,0.1562
2026-06-12 20:46:34,d7879aff,6624e12,D3_OR_Media_14mil,DET1_OCSVM,A1_Global,28,11,0,0.0,20.4222,22.2,0.1562
2026-06-12 20:46:35,c09fc60b,6624e12,D3_OR_Media_14mil,DET1_OCSVM,A1_Global,29,11,0,0.0,20.3654,25.0,0.1562
2026-06-12 20:46:36,f9f05704,6624e12,D3_OR_Media_14mil,DET1_OCSVM,A1_Global,30,11,0,0.0,20.5289,33.3,0.1562
2026-06-12 20:46:38,da6c3998,6624e12,D3_OR_Media_14mil,DET1_OCSVM,A2_Incremental,1,11,0,0.0,1.4035,0.0,0.0
2026-06-12 20:46:39,4a60ebbc,6624e12,D3_OR_Media_14mil,DET1_OCSVM,A2_Incremental,2,11,0,0.0,1.4361,0.0,0.0
2026-06-12 20:46:40,2d110e4a,6624e12,D3_OR_Media_14mil,DET1_OCSVM,A2_Incremental,3,11,0,0.0,1.3995,0.0,0.0
2026-06-12 20:46:42,b584b169,6624e12,D3_OR_Media_14mil,DET1_OCSVM,A2_Incremental,4,11,0,0.0,1.3957,0.0,0.0
2026-06-12 20:46:43,07da28ee,6624e12,D3_OR_Media_14mil,DET1_OCSVM,A2_Incremental,5,11,0,0.0,1.4323,0.0,0.0
2026-06-12 20:46:45,1c9e460d,6624e12,D3_OR_Media_14mil,DET1_OCSVM,A2_Incremental,6,11,0,0.0,1.341,0.0,0.0
2026-06-12 20:46:46,cca6d8df,6624e12,D3_OR_Media_14mil,DET1_OCSVM,A2_Incremental,7,11,0,0.0,1.406,0.0,0.0
2026-06-12 20:46:47,96dc5939,6624e12,D3_OR_Media_14mil,DET1_OCSVM,A2_Incremental,8,11,0,0.0,1.4581,100.0,0.0
2026-06-12 20:46:49,6a868e9c,6624e12,D3_OR_Media_14mil,DET1_OCSVM,A2_Incremental,9,11,0,0.0,1.4678,0.0,0.0
2026-06-12 20:46:50,8653183d,6624e12,D3_OR_Media_14mil,DET1_OCSVM,A2_Incremental,10,11,0,0.0,1.3949,0.0,0.0
2026-06-12 20:46:51,73f1f56c,6624e12,D3_OR_Media_14mil,DET1_OCSVM,A2_Incremental,11,11,0,0.0,1.3901,0.0,0.0
2026-06-12 20:46:53,02f25df9,6624e12,D3_OR_Media_14mil,DET1_OCSVM,A2_Incremental,12,11,0,0.0,1.383,0.0,0.0
2026-06-12 20:46:54,b695d6a2,6624e12,D3_OR_Media_14mil,DET1_OCSVM,A2_Incremental,13,11,0,0.0,1.3642,0.0,0.0
2026-06-12 20:46:55,b152ebb4,6624e12,D3_OR_Media_14mil,DET1_OCSVM,A2_Incremental,14,11,0,0.0,1.3693,0.0,0.0
2026-06-12 20:46:57,5256a58f,6624e12,D3_OR_Media_14mil,DET1_OCSVM,A2_Incremental,15,11,0,0.0,1.3788,0.0,0.0
2026-06-12 20:46:58,3ec51e7f,6624e12,D3_OR_Media_14mil,DET1_OCSVM,A2_Incremental,16,11,0,0.0,1.5796,100.0,0.0
2026-06-12 20:47:00,129b1668,6624e12,D3_OR_Media_14mil,DET1_OCSVM,A2_Incremental,17,11,0,0.0,1.3935,0.0,0.0156
2026-06-12 20:47:01,2f9ad369,6624e12,D3_OR_Media_14mil,DET1_OCSVM,A2_Incremental,18,11,0,0.0,1.4312,0.0,0.0
2026-06-12 20:47:02,8e955e41,6624e12,D3_OR_Media_14mil,DET1_OCSVM,A2_Incremental,19,11,0,0.0,1.3905,0.0,0.0
2026-06-12 20:47:04,5c75305a,6624e12,D3_OR_Media_14mil,DET1_OCSVM,A2_Incremental,20,11,0,0.0,1.4537,0.0,0.0
2026-06-12 20:47:05,755770aa,6624e12,D3_OR_Media_14mil,DET1_OCSVM,A2_Incremental,21,11,0,0.0,1.3947,0.0,0.0
2026-06-12 20:47:06,e0bf65ba,6624e12,D3_OR_Media_14mil,DET1_OCSVM,A2_Incremental,22,11,0,0.0,1.3906,0.0,0.0
2026-06-12 20:47:08,48d6910a,6624e12,D3_OR_Media_14mil,DET1_OCSVM,A2_Incremental,23,11,0,0.0,1.4594,0.0,0.0
2026-06-12 20:47:09,bb60128a,6624e12,D3_OR_Media_14mil,DET1_OCSVM,A2_Incremental,24,11,0,0.0,1.4012,0.0,0.0
2026-06-12 20:47:10,0d16b80b,6624e12,D3_OR_Media_14mil,DET1_OCSVM,A2_Incremental,25,11,0,0.0,1.4062,0.0,0.0
2026-06-12 20:47:12,63cd51fc,6624e12,D3_OR_Media_14mil,DET1_OCSVM,A2_Incremental,26,11,0,0.0,1.385,50.0,0.0
2026-06-12 20:47:13,f9f0a89d,6624e12,D3_OR_Media_14mil,DET1_OCSVM,A2_Incremental,27,11,0,0.0,1.4315,0.0,0.0
2026-06-12 20:47:15,95da0e8a,6624e12,D3_OR_Media_14mil,DET1_OCSVM,A2_Incremental,28,11,0,0.0,1.3899,0.0,0.0
2026-06-12 20:47:16,97f9e07d,6624e12,D3_OR_Media_14mil,DET1_OCSVM,A2_Incremental,29,11,0,0.0,1.4043,0.0,0.0
2026-06-12 20:47:17,b063d7a8,6624e12,D3_OR_Media_14mil,DET1_OCSVM,A2_Incremental,30,11,0,0.0,1.3686,0.0,0.0
2026-06-12 20:47:24,cbe40c94,6624e12,D3_OR_Media_14mil,DET2_KS,A0_None,1,14,15,0.2215,0.0,0.0,0.0
2026-06-12 20:47:30,52d072db,6624e12,D3_OR_Media_14mil,DET2_KS,A0_None,2,14,15,0.2215,0.0,0.0,0.0
2026-06-12 20:47:37,c6d8f3c7,6624e12,D3_OR_Media_14mil,DET2_KS,A0_None,3,14,15,0.2215,0.0,0.0,0.0
2026-06-12 20:47:43,50e7a0c3,6624e12,D3_OR_Media_14mil,DET2_KS,A0_None,4,14,15,0.2215,0.0,0.0,0.0
2026-06-12 20:47:50,127d319a,6624e12,D3_OR_Media_14mil,DET2_KS,A0_None,5,14,15,0.2215,0.0,0.0,0.0
2026-06-12 20:47:56,bd446077,6624e12,D3_OR_Media_14mil,DET2_KS,A0_None,6,14,15,0.2215,0.0,0.0,0.0
2026-06-12 20:48:03,13a6d45d,6624e12,D3_OR_Media_14mil,DET2_KS,A0_None,7,14,15,0.2215,0.0,0.0,0.0
2026-06-12 20:48:09,84741206,6624e12,D3_OR_Media_14mil,DET2_KS,A0_None,8,14,15,0.2215,0.0,0.0,0.0
2026-06-12 20:48:16,e3eae1c8,6624e12,D3_OR_Media_14mil,DET2_KS,A0_None,9,14,15,0.2215,0.0,0.0,0.0
2026-06-12 20:48:22,c04c362b,6624e12,D3_OR_Media_14mil,DET2_KS,A0_None,10,14,15,0.2215,0.0,0.0,0.0
2026-06-12 20:48:29,49b347ae,6624e12,D3_OR_Media_14mil,DET2_KS,A0_None,11,14,15,0.2215,0.0,0.0,0.0
2026-06-12 20:48:36,548b788c,6624e12,D3_OR_Media_14mil,DET2_KS,A0_None,12,14,15,0.2215,0.0,0.0,0.0
2026-06-12 20:48:42,5f1c9aad,6624e12,D3_OR_Media_14mil,DET2_KS,A0_None,13,14,15,0.2215,0.0,0.0,0.0
2026-06-12 20:48:49,583f64fc,6624e12,D3_OR_Media_14mil,DET2_KS,A0_None,14,14,15,0.2215,0.0,0.0,0.0
2026-06-12 20:48:55,d04d755b,6624e12,D3_OR_Media_14mil,DET2_KS,A0_None,15,14,15,0.2215,0.0,0.0,0.0
2026-06-12 20:49:02,1d69d6b3,6624e12,D3_OR_Media_14mil,DET2_KS,A0_None,16,14,15,0.2215,0.0,0.0,0.0
2026-06-12 20:49:08,ec237849,6624e12,D3_OR_Media_14mil,DET2_KS,A0_None,17,14,15,0.2215,0.0,0.0,0.0
2026-06-12 20:49:15,9f6e5efb,6624e12,D3_OR_Media_14mil,DET2_KS,A0_None,18,14,15,0.2215,0.0,0.0,0.0
2026-06-12 20:49:21,3f4a6225,6624e12,D3_OR_Media_14mil,DET2_KS,A0_None,19,14,15,0.2215,0.0,0.0,0.0
2026-06-12 20:49:28,73fc99ae,6624e12,D3_OR_Media_14mil,DET2_KS,A0_None,20,14,15,0.2215,0.0,0.0,0.0
2026-06-12 20:49:34,00f2a61d,6624e12,D3_OR_Media_14mil,DET2_KS,A0_None,21,14,15,0.2215,0.0,0.0,0.0
2026-06-12 20:49:41,c4126c55,6624e12,D3_OR_Media_14mil,DET2_KS,A0_None,22,14,15,0.2215,0.0,0.0,0.0
2026-06-12 20:49:47,441eb340,6624e12,D3_OR_Media_14mil,DET2_KS,A0_None,23,14,15,0.2215,0.0,0.0,0.0
2026-06-12 20:49:54,a6e7c7e7,6624e12,D3_OR_Media_14mil,DET2_KS,A0_None,24,14,15,0.2215,0.0,0.0,0.0
2026-06-12 20:50:00,2257bdd3,6624e12,D3_OR_Media_14mil,DET2_KS,A0_None,25,14,15,0.2215,0.0,0.0,0.0
2026-06-12 20:50:07,5d39821e,6624e12,D3_OR_Media_14mil,DET2_KS,A0_None,26,14,15,0.2215,0.0,0.0,0.0
2026-06-12 20:50:13,4f20583e,6624e12,D3_OR_Media_14mil,DET2_KS,A0_None,27,14,15,0.2215,0.0,0.0,0.0
2026-06-12 20:50:20,891214be,6624e12,D3_OR_Media_14mil,DET2_KS,A0_None,28,14,15,0.2215,0.0,0.0,0.0
2026-06-12 20:50:26,78755d52,6624e12,D3_OR_Media_14mil,DET2_KS,A0_None,29,14,15,0.2215,0.0,0.0,0.0
2026-06-12 20:50:33,82981e11,6624e12,D3_OR_Media_14mil,DET2_KS,A0_None,30,14,15,0.2215,0.0,0.0,0.0
2026-06-12 20:50:40,a689c626,6624e12,D3_OR_Media_14mil,DET2_KS,A1_Global,1,14,15,0.2215,20.6836,25.0,0.5625
2026-06-12 20:50:46,2a988644,6624e12,D3_OR_Media_14mil,DET2_KS,A1_Global,2,14,15,0.2215,20.6494,25.0,0.5625
2026-06-12 20:50:53,e6b4b09f,6624e12,D3_OR_Media_14mil,DET2_KS,A1_Global,3,14,15,0.2215,20.6151,22.2,0.5625
2026-06-12 20:50:59,861d682b,6624e12,D3_OR_Media_14mil,DET2_KS,A1_Global,4,14,15,0.2215,20.6713,25.0,0.5625
2026-06-12 20:51:06,c80ce464,6624e12,D3_OR_Media_14mil,DET2_KS,A1_Global,5,14,15,0.2215,21.1256,40.0,0.5625
2026-06-12 20:51:12,184278e8,6624e12,D3_OR_Media_14mil,DET2_KS,A1_Global,6,14,15,0.2215,20.6742,25.0,0.5625
2026-06-12 20:51:19,8702127a,6624e12,D3_OR_Media_14mil,DET2_KS,A1_Global,7,14,15,0.2215,20.5874,25.0,0.5625
2026-06-12 20:51:25,178383ba,6624e12,D3_OR_Media_14mil,DET2_KS,A1_Global,8,14,15,0.2215,20.737,33.3,0.5625
2026-06-12 20:51:32,8b9b4770,6624e12,D3_OR_Media_14mil,DET2_KS,A1_Global,9,14,15,0.2215,20.7134,22.2,0.5625
2026-06-12 20:51:38,53b8e4a3,6624e12,D3_OR_Media_14mil,DET2_KS,A1_Global,10,14,15,0.2215,20.6876,25.0,0.5625
2026-06-12 20:51:45,e7ce17e0,6624e12,D3_OR_Media_14mil,DET2_KS,A1_Global,11,14,15,0.2215,20.6137,25.0,0.5625
2026-06-12 20:51:51,17171366,6624e12,D3_OR_Media_14mil,DET2_KS,A1_Global,12,14,15,0.2215,20.6557,25.0,0.5625
2026-06-12 20:51:58,08c4a969,6624e12,D3_OR_Media_14mil,DET2_KS,A1_Global,13,14,15,0.2215,20.7115,22.2,0.5625
2026-06-12 20:52:05,21ef6bfe,6624e12,D3_OR_Media_14mil,DET2_KS,A1_Global,14,14,15,0.2215,20.7045,33.3,0.5625
2026-06-12 20:52:11,5998248b,6624e12,D3_OR_Media_14mil,DET2_KS,A1_Global,15,14,15,0.2215,20.6766,25.0,0.5625
2026-06-12 20:52:18,8bb86523,6624e12,D3_OR_Media_14mil,DET2_KS,A1_Global,16,14,15,0.2215,20.5688,25.0,0.5625
2026-06-12 20:52:24,c6466a9b,6624e12,D3_OR_Media_14mil,DET2_KS,A1_Global,17,14,15,0.2215,20.7677,37.5,0.5625
2026-06-12 20:52:31,83a9c5ce,6624e12,D3_OR_Media_14mil,DET2_KS,A1_Global,18,14,15,0.2215,20.7205,25.0,0.5625
2026-06-12 20:52:37,12b24d39,6624e12,D3_OR_Media_14mil,DET2_KS,A1_Global,19,14,15,0.2215,20.6656,25.0,0.5625
2026-06-12 20:52:44,f648febc,6624e12,D3_OR_Media_14mil,DET2_KS,A1_Global,20,14,15,0.2215,20.6262,25.0,0.5625
2026-06-12 20:52:50,f0c33cc9,6624e12,D3_OR_Media_14mil,DET2_KS,A1_Global,21,14,15,0.2215,20.5683,22.2,0.5625
2026-06-12 20:52:57,27231abc,6624e12,D3_OR_Media_14mil,DET2_KS,A1_Global,22,14,15,0.2215,20.656,25.0,0.5625
2026-06-12 20:53:04,63d5e58d,6624e12,D3_OR_Media_14mil,DET2_KS,A1_Global,23,14,15,0.2215,20.7065,25.0,0.5625
2026-06-12 20:53:10,02100d1f,6624e12,D3_OR_Media_14mil,DET2_KS,A1_Global,24,14,15,0.2215,20.699,37.5,0.5625
2026-06-12 20:53:17,c242fca7,6624e12,D3_OR_Media_14mil,DET2_KS,A1_Global,25,14,15,0.2215,20.6692,25.0,0.5625
2026-06-12 20:53:23,0c91e6c5,6624e12,D3_OR_Media_14mil,DET2_KS,A1_Global,26,14,15,0.2215,20.7169,25.0,0.5625
2026-06-12 20:53:30,1271bcdd,6624e12,D3_OR_Media_14mil,DET2_KS,A1_Global,27,14,15,0.2215,20.6183,25.0,0.5625
2026-06-12 20:53:36,75b91d56,6624e12,D3_OR_Media_14mil,DET2_KS,A1_Global,28,14,15,0.2215,20.735,25.0,0.5625
2026-06-12 20:53:43,1b803aa7,6624e12,D3_OR_Media_14mil,DET2_KS,A1_Global,29,14,15,0.2215,20.7313,25.0,0.5625
2026-06-12 20:53:49,d25a4282,6624e12,D3_OR_Media_14mil,DET2_KS,A1_Global,30,14,15,0.2215,20.6116,25.0,0.5625
2026-06-12 20:53:56,9b40a122,6624e12,D3_OR_Media_14mil,DET2_KS,A2_Incremental,1,14,15,0.2215,1.2975,0.0,0.0
2026-06-12 20:54:02,9463407c,6624e12,D3_OR_Media_14mil,DET2_KS,A2_Incremental,2,14,15,0.2215,1.3676,0.0,0.0
2026-06-12 20:54:09,3b1ef263,6624e12,D3_OR_Media_14mil,DET2_KS,A2_Incremental,3,14,15,0.2215,1.3455,0.0,0.0
2026-06-12 20:54:15,51910c3d,6624e12,D3_OR_Media_14mil,DET2_KS,A2_Incremental,4,14,15,0.2215,1.8805,0.0,0.0
2026-06-12 20:54:22,b3886edf,6624e12,D3_OR_Media_14mil,DET2_KS,A2_Incremental,5,14,15,0.2215,1.339,50.0,0.0
2026-06-12 20:54:28,3eacb6c3,6624e12,D3_OR_Media_14mil,DET2_KS,A2_Incremental,6,14,15,0.2215,1.3675,0.0,0.0
2026-06-12 20:54:35,589f701c,6624e12,D3_OR_Media_14mil,DET2_KS,A2_Incremental,7,14,15,0.2215,1.3196,0.0,0.0
2026-06-12 20:54:41,43029878,6624e12,D3_OR_Media_14mil,DET2_KS,A2_Incremental,8,14,15,0.2215,1.3355,0.0,0.0
2026-06-12 20:54:48,59365455,6624e12,D3_OR_Media_14mil,DET2_KS,A2_Incremental,9,14,15,0.2215,1.4209,0.0,0.0
2026-06-12 20:54:54,854c2c67,6624e12,D3_OR_Media_14mil,DET2_KS,A2_Incremental,10,14,15,0.2215,1.3882,0.0,0.0
2026-06-12 20:55:01,24f13933,6624e12,D3_OR_Media_14mil,DET2_KS,A2_Incremental,11,14,15,0.2215,1.3703,0.0,0.0
2026-06-12 20:55:07,0728d8c0,6624e12,D3_OR_Media_14mil,DET2_KS,A2_Incremental,12,14,15,0.2215,1.3471,0.0,0.0
2026-06-12 20:55:13,30bfdf6c,6624e12,D3_OR_Media_14mil,DET2_KS,A2_Incremental,13,14,15,0.2215,1.3237,0.0,0.0
2026-06-12 20:55:20,3d1bc30f,6624e12,D3_OR_Media_14mil,DET2_KS,A2_Incremental,14,14,15,0.2215,1.3742,0.0,0.0
2026-06-12 20:55:26,5c5b6ace,6624e12,D3_OR_Media_14mil,DET2_KS,A2_Incremental,15,14,15,0.2215,1.3175,0.0,0.0
2026-06-12 20:55:33,750c49e8,6624e12,D3_OR_Media_14mil,DET2_KS,A2_Incremental,16,14,15,0.2215,1.3086,0.0,0.0
2026-06-12 20:55:39,60896b76,6624e12,D3_OR_Media_14mil,DET2_KS,A2_Incremental,17,14,15,0.2215,1.3668,0.0,0.0
2026-06-12 20:55:46,45af06a7,6624e12,D3_OR_Media_14mil,DET2_KS,A2_Incremental,18,14,15,0.2215,1.3482,0.0,0.0
2026-06-12 20:55:52,7d72104d,6624e12,D3_OR_Media_14mil,DET2_KS,A2_Incremental,19,14,15,0.2215,1.4387,0.0,0.0
2026-06-12 20:55:59,6b01ce1e,6624e12,D3_OR_Media_14mil,DET2_KS,A2_Incremental,20,14,15,0.2215,1.3166,0.0,0.0
2026-06-12 20:56:05,d4358482,6624e12,D3_OR_Media_14mil,DET2_KS,A2_Incremental,21,14,15,0.2215,1.3437,0.0,0.0
2026-06-12 20:56:12,1ca0ed5f,6624e12,D3_OR_Media_14mil,DET2_KS,A2_Incremental,22,14,15,0.2215,1.3529,0.0,0.0
2026-06-12 20:56:18,cb9d737f,6624e12,D3_OR_Media_14mil,DET2_KS,A2_Incremental,23,14,15,0.2215,1.3791,0.0,0.0
2026-06-12 20:56:25,3e897aa0,6624e12,D3_OR_Media_14mil,DET2_KS,A2_Incremental,24,14,15,0.2215,1.3415,0.0,0.0
2026-06-12 20:56:31,68ae38b6,6624e12,D3_OR_Media_14mil,DET2_KS,A2_Incremental,25,14,15,0.2215,1.35,100.0,0.0
2026-06-12 20:56:38,1f932b9b,6624e12,D3_OR_Media_14mil,DET2_KS,A2_Incremental,26,14,15,0.2215,1.3207,0.0,0.0
2026-06-12 20:56:44,842a4986,6624e12,D3_OR_Media_14mil,DET2_KS,A2_Incremental,27,14,15,0.2215,1.5885,0.0,0.0
2026-06-12 20:56:51,b252a8c8,6624e12,D3_OR_Media_14mil,DET2_KS,A2_Incremental,28,14,15,0.2215,1.3581,0.0,0.0
2026-06-12 20:56:57,3243c0a0,6624e12,D3_OR_Media_14mil,DET2_KS,A2_Incremental,29,14,15,0.2215,1.3123,0.0,0.0
2026-06-12 20:57:03,2e751f75,6624e12,D3_OR_Media_14mil,DET2_KS,A2_Incremental,30,14,15,0.2215,1.3025,0.0,0.0
2026-06-12 20:57:05,00761817,6624e12,D3_OR_Media_14mil,DET3_ADWIN,A0_None,1,10,2,0.0295,0.0,0.0,0.0
2026-06-12 20:57:06,e22a51c5,6624e12,D3_OR_Media_14mil,DET3_ADWIN,A0_None,2,10,2,0.0295,0.0,0.0,0.0
2026-06-12 20:57:08,b207e053,6624e12,D3_OR_Media_14mil,DET3_ADWIN,A0_None,3,10,2,0.0295,0.0,0.0,0.0
2026-06-12 20:57:09,7ef8a5e7,6624e12,D3_OR_Media_14mil,DET3_ADWIN,A0_None,4,10,2,0.0295,0.0,0.0,0.0
2026-06-12 20:57:11,030d393e,6624e12,D3_OR_Media_14mil,DET3_ADWIN,A0_None,5,10,2,0.0295,0.0,0.0,0.0
2026-06-12 20:57:12,cc60f7e4,6624e12,D3_OR_Media_14mil,DET3_ADWIN,A0_None,6,10,2,0.0295,0.0,0.0,0.0
2026-06-12 20:57:13,6cbf2158,6624e12,D3_OR_Media_14mil,DET3_ADWIN,A0_None,7,10,2,0.0295,0.0,0.0,0.0
2026-06-12 20:57:15,0c275b33,6624e12,D3_OR_Media_14mil,DET3_ADWIN,A0_None,8,10,2,0.0295,0.0,0.0,0.0
2026-06-12 20:57:16,4595052a,6624e12,D3_OR_Media_14mil,DET3_ADWIN,A0_None,9,10,2,0.0295,0.0,0.0,0.0
2026-06-12 20:57:18,c7084a13,6624e12,D3_OR_Media_14mil,DET3_ADWIN,A0_None,10,10,2,0.0295,0.0,0.0,0.0
2026-06-12 20:57:19,5f7ea63b,6624e12,D3_OR_Media_14mil,DET3_ADWIN,A0_None,11,10,2,0.0295,0.0,0.0,0.0
2026-06-12 20:57:20,28928ecf,6624e12,D3_OR_Media_14mil,DET3_ADWIN,A0_None,12,10,2,0.0295,0.0,0.0,0.0
2026-06-12 20:57:22,0f5412ff,6624e12,D3_OR_Media_14mil,DET3_ADWIN,A0_None,13,10,2,0.0295,0.0,0.0,0.0
2026-06-12 20:57:23,2a3d5882,6624e12,D3_OR_Media_14mil,DET3_ADWIN,A0_None,14,10,2,0.0295,0.0,0.0,0.0
2026-06-12 20:57:25,7ef8f85b,6624e12,D3_OR_Media_14mil,DET3_ADWIN,A0_None,15,10,2,0.0295,0.0,0.0,0.0
2026-06-12 20:57:26,6ee4330e,6624e12,D3_OR_Media_14mil,DET3_ADWIN,A0_None,16,10,2,0.0295,0.0,0.0,0.0
2026-06-12 20:57:27,73b00962,6624e12,D3_OR_Media_14mil,DET3_ADWIN,A0_None,17,10,2,0.0295,0.0,0.0,0.0
2026-06-12 20:57:29,96311577,6624e12,D3_OR_Media_14mil,DET3_ADWIN,A0_None,18,10,2,0.0295,0.0,0.0,0.0
2026-06-12 20:57:30,c28d6dea,6624e12,D3_OR_Media_14mil,DET3_ADWIN,A0_None,19,10,2,0.0295,0.0,0.0,0.0
2026-06-12 20:57:32,bdfdc8f8,6624e12,D3_OR_Media_14mil,DET3_ADWIN,A0_None,20,10,2,0.0295,0.0,0.0,0.0
2026-06-12 20:57:33,3194a87f,6624e12,D3_OR_Media_14mil,DET3_ADWIN,A0_None,21,10,2,0.0295,0.0,0.0,0.0
2026-06-12 20:57:35,b27f4a77,6624e12,D3_OR_Media_14mil,DET3_ADWIN,A0_None,22,10,2,0.0295,0.0,0.0,0.0
2026-06-12 20:57:36,e10785d9,6624e12,D3_OR_Media_14mil,DET3_ADWIN,A0_None,23,10,2,0.0295,0.0,0.0,0.0
2026-06-12 20:57:37,7fe1749a,6624e12,D3_OR_Media_14mil,DET3_ADWIN,A0_None,24,10,2,0.0295,0.0,0.0,0.0
2026-06-12 20:57:39,7f8b958e,6624e12,D3_OR_Media_14mil,DET3_ADWIN,A0_None,25,10,2,0.0295,0.0,0.0,0.0
2026-06-12 20:57:40,cb07d567,6624e12,D3_OR_Media_14mil,DET3_ADWIN,A0_None,26,10,2,0.0295,0.0,0.0,0.0
2026-06-12 20:57:42,671fcb42,6624e12,D3_OR_Media_14mil,DET3_ADWIN,A0_None,27,10,2,0.0295,0.0,0.0,0.0
2026-06-12 20:57:43,06fcacf7,6624e12,D3_OR_Media_14mil,DET3_ADWIN,A0_None,28,10,2,0.0295,0.0,0.0,0.0
2026-06-12 20:57:44,aed6136d,6624e12,D3_OR_Media_14mil,DET3_ADWIN,A0_None,29,10,2,0.0295,0.0,0.0,0.0
2026-06-12 20:57:46,dc642c9f,6624e12,D3_OR_Media_14mil,DET3_ADWIN,A0_None,30,10,2,0.0295,0.0,0.0,0.0
2026-06-12 20:57:47,f5411528,6624e12,D3_OR_Media_14mil,DET3_ADWIN,A1_Global,1,10,2,0.0295,20.8403,22.2,0.1719
2026-06-12 20:57:49,5fef3b76,6624e12,D3_OR_Media_14mil,DET3_ADWIN,A1_Global,2,10,2,0.0295,20.732,25.0,0.1719
2026-06-12 20:57:50,e33b291e,6624e12,D3_OR_Media_14mil,DET3_ADWIN,A1_Global,3,10,2,0.0295,20.7615,33.3,0.1719
2026-06-12 20:57:52,048e2468,6624e12,D3_OR_Media_14mil,DET3_ADWIN,A1_Global,4,10,2,0.0295,20.8658,22.2,0.1719
2026-06-12 20:57:53,042396f8,6624e12,D3_OR_Media_14mil,DET3_ADWIN,A1_Global,5,10,2,0.0295,20.7592,22.2,0.1719
2026-06-12 20:57:54,1fc2cc77,6624e12,D3_OR_Media_14mil,DET3_ADWIN,A1_Global,6,10,2,0.0295,20.7856,25.0,0.1719
2026-06-12 20:57:56,39ec95ad,6624e12,D3_OR_Media_14mil,DET3_ADWIN,A1_Global,7,10,2,0.0295,20.7349,25.0,0.1719
2026-06-12 20:57:57,908db0ca,6624e12,D3_OR_Media_14mil,DET3_ADWIN,A1_Global,8,10,2,0.0295,20.8876,33.3,0.1719
2026-06-12 20:57:59,41d1a337,6624e12,D3_OR_Media_14mil,DET3_ADWIN,A1_Global,9,10,2,0.0295,20.7778,33.3,0.1719
2026-06-12 20:58:00,de813994,6624e12,D3_OR_Media_14mil,DET3_ADWIN,A1_Global,10,10,2,0.0295,21.1802,33.3,0.1719
2026-06-12 20:58:02,258fc161,6624e12,D3_OR_Media_14mil,DET3_ADWIN,A1_Global,11,10,2,0.0295,20.928,25.0,0.1719
2026-06-12 20:58:03,1505b124,6624e12,D3_OR_Media_14mil,DET3_ADWIN,A1_Global,12,10,2,0.0295,20.719,25.0,0.1719
2026-06-12 20:58:05,b2523887,6624e12,D3_OR_Media_14mil,DET3_ADWIN,A1_Global,13,10,2,0.0295,21.2531,33.3,0.1719
2026-06-12 20:58:06,a1de06c0,6624e12,D3_OR_Media_14mil,DET3_ADWIN,A1_Global,14,10,2,0.0295,20.7914,25.0,0.1719
2026-06-12 20:58:07,d9ef899a,6624e12,D3_OR_Media_14mil,DET3_ADWIN,A1_Global,15,10,2,0.0295,20.8019,25.0,0.1719
2026-06-12 20:58:09,c3ac9073,6624e12,D3_OR_Media_14mil,DET3_ADWIN,A1_Global,16,10,2,0.0295,20.8155,33.3,0.1719
2026-06-12 20:58:10,d808753e,6624e12,D3_OR_Media_14mil,DET3_ADWIN,A1_Global,17,10,2,0.0295,21.3043,70.0,0.1719
2026-06-12 20:58:12,87f271cb,6624e12,D3_OR_Media_14mil,DET3_ADWIN,A1_Global,18,10,2,0.0295,20.876,25.0,0.1719
2026-06-12 20:58:13,70277619,6624e12,D3_OR_Media_14mil,DET3_ADWIN,A1_Global,19,10,2,0.0295,20.9315,22.2,0.1719
2026-06-12 20:58:15,eea6d12c,6624e12,D3_OR_Media_14mil,DET3_ADWIN,A1_Global,20,10,2,0.0295,20.7573,22.2,0.1719
2026-06-12 20:58:16,612ec312,6624e12,D3_OR_Media_14mil,DET3_ADWIN,A1_Global,21,10,2,0.0295,20.766,25.0,0.1719
2026-06-12 20:58:18,22bf2578,6624e12,D3_OR_Media_14mil,DET3_ADWIN,A1_Global,22,10,2,0.0295,20.7147,25.0,0.1719
2026-06-12 20:58:19,033b0177,6624e12,D3_OR_Media_14mil,DET3_ADWIN,A1_Global,23,10,2,0.0295,20.896,33.3,0.1719
2026-06-12 20:58:20,83927368,6624e12,D3_OR_Media_14mil,DET3_ADWIN,A1_Global,24,10,2,0.0295,20.7988,25.0,0.1719
2026-06-12 20:58:22,8aee2e52,6624e12,D3_OR_Media_14mil,DET3_ADWIN,A1_Global,25,10,2,0.0295,20.7832,25.0,0.1719
2026-06-12 20:58:23,8328660d,6624e12,D3_OR_Media_14mil,DET3_ADWIN,A1_Global,26,10,2,0.0295,20.871,25.0,0.1719
2026-06-12 20:58:25,8334e5c0,6624e12,D3_OR_Media_14mil,DET3_ADWIN,A1_Global,27,10,2,0.0295,20.8608,25.0,0.1719
2026-06-12 20:58:26,5ee4ba12,6624e12,D3_OR_Media_14mil,DET3_ADWIN,A1_Global,28,10,2,0.0295,21.3382,25.0,0.1719
2026-06-12 20:58:28,8d800e2f,6624e12,D3_OR_Media_14mil,DET3_ADWIN,A1_Global,29,10,2,0.0295,20.834,25.0,0.1719
2026-06-12 20:58:29,a493a776,6624e12,D3_OR_Media_14mil,DET3_ADWIN,A1_Global,30,10,2,0.0295,20.9042,25.0,0.1719
2026-06-12 20:58:30,b9d05c8a,6624e12,D3_OR_Media_14mil,DET3_ADWIN,A2_Incremental,1,10,2,0.0295,1.4075,0.0,0.0
2026-06-12 20:58:32,93352688,6624e12,D3_OR_Media_14mil,DET3_ADWIN,A2_Incremental,2,10,2,0.0295,1.4322,100.0,0.0
2026-06-12 20:58:33,33f75205,6624e12,D3_OR_Media_14mil,DET3_ADWIN,A2_Incremental,3,10,2,0.0295,1.4186,0.0,0.0
2026-06-12 20:58:35,e4921eb7,6624e12,D3_OR_Media_14mil,DET3_ADWIN,A2_Incremental,4,10,2,0.0295,1.3507,0.0,0.0
2026-06-12 20:58:36,14ea0b31,6624e12,D3_OR_Media_14mil,DET3_ADWIN,A2_Incremental,5,10,2,0.0295,1.4213,0.0,0.0
2026-06-12 20:58:37,40de8cb5,6624e12,D3_OR_Media_14mil,DET3_ADWIN,A2_Incremental,6,10,2,0.0295,1.4124,0.0,0.0
2026-06-12 20:58:39,3810ce2c,6624e12,D3_OR_Media_14mil,DET3_ADWIN,A2_Incremental,7,10,2,0.0295,1.382,0.0,0.0
2026-06-12 20:58:40,7f0292e7,6624e12,D3_OR_Media_14mil,DET3_ADWIN,A2_Incremental,8,10,2,0.0295,1.369,0.0,0.0
2026-06-12 20:58:41,15c5b6bd,6624e12,D3_OR_Media_14mil,DET3_ADWIN,A2_Incremental,9,10,2,0.0295,1.3976,100.0,0.0
2026-06-12 20:58:43,6c49e4e7,6624e12,D3_OR_Media_14mil,DET3_ADWIN,A2_Incremental,10,10,2,0.0295,1.3598,0.0,0.0
2026-06-12 20:58:44,0ce28a66,6624e12,D3_OR_Media_14mil,DET3_ADWIN,A2_Incremental,11,10,2,0.0295,1.3767,0.0,0.0
2026-06-12 20:58:46,a9c816b6,6624e12,D3_OR_Media_14mil,DET3_ADWIN,A2_Incremental,12,10,2,0.0295,1.3825,0.0,0.0
2026-06-12 20:58:47,5e4405a9,6624e12,D3_OR_Media_14mil,DET3_ADWIN,A2_Incremental,13,10,2,0.0295,1.4047,50.0,0.0
2026-06-12 20:58:48,c06522da,6624e12,D3_OR_Media_14mil,DET3_ADWIN,A2_Incremental,14,10,2,0.0295,1.4158,100.0,0.0
2026-06-12 20:58:50,542a5423,6624e12,D3_OR_Media_14mil,DET3_ADWIN,A2_Incremental,15,10,2,0.0295,1.4234,0.0,0.0
2026-06-12 20:58:51,f8e5a7b3,6624e12,D3_OR_Media_14mil,DET3_ADWIN,A2_Incremental,16,10,2,0.0295,1.3761,0.0,0.0
2026-06-12 20:58:52,0138b29b,6624e12,D3_OR_Media_14mil,DET3_ADWIN,A2_Incremental,17,10,2,0.0295,1.392,50.0,0.0
2026-06-12 20:58:54,45014329,6624e12,D3_OR_Media_14mil,DET3_ADWIN,A2_Incremental,18,10,2,0.0295,1.3746,0.0,0.0
2026-06-12 20:58:55,773a1edb,6624e12,D3_OR_Media_14mil,DET3_ADWIN,A2_Incremental,19,10,2,0.0295,1.3754,0.0,0.0
2026-06-12 20:58:57,0c85d9ca,6624e12,D3_OR_Media_14mil,DET3_ADWIN,A2_Incremental,20,10,2,0.0295,1.4249,50.0,0.0
2026-06-12 20:58:58,b3cbe0e3,6624e12,D3_OR_Media_14mil,DET3_ADWIN,A2_Incremental,21,10,2,0.0295,1.4205,0.0,0.0
2026-06-12 20:58:59,30fd271f,6624e12,D3_OR_Media_14mil,DET3_ADWIN,A2_Incremental,22,10,2,0.0295,1.3678,0.0,0.0
2026-06-12 20:59:01,d7dd4109,6624e12,D3_OR_Media_14mil,DET3_ADWIN,A2_Incremental,23,10,2,0.0295,1.5241,0.0,0.0
2026-06-12 20:59:02,4cbaed7e,6624e12,D3_OR_Media_14mil,DET3_ADWIN,A2_Incremental,24,10,2,0.0295,1.4568,0.0,0.0
2026-06-12 20:59:04,7e37f51c,6624e12,D3_OR_Media_14mil,DET3_ADWIN,A2_Incremental,25,10,2,0.0295,1.3884,0.0,0.0
2026-06-12 20:59:05,30ba0e24,6624e12,D3_OR_Media_14mil,DET3_ADWIN,A2_Incremental,26,10,2,0.0295,1.399,0.0,0.0
2026-06-12 20:59:06,d65c4cff,6624e12,D3_OR_Media_14mil,DET3_ADWIN,A2_Incremental,27,10,2,0.0295,1.83,0.0,0.0
2026-06-12 20:59:08,c4d6dd10,6624e12,D3_OR_Media_14mil,DET3_ADWIN,A2_Incremental,28,10,2,0.0295,1.3973,0.0,0.0
2026-06-12 20:59:09,6e22e93a,6624e12,D3_OR_Media_14mil,DET3_ADWIN,A2_Incremental,29,10,2,0.0295,1.4547,100.0,0.0
2026-06-12 20:59:10,5e1b437d,6624e12,D3_OR_Media_14mil,DET3_ADWIN,A2_Incremental,30,10,2,0.0295,1.3958,0.0,0.0
2026-06-12 20:59:10,23fd541e,6624e12,D3_OR_Severa_21mil,DET0_None,A0_None,1,N/D,0,0.0,0.0,0.0,0.0
2026-06-12 20:59:10,5ea3cd1d,6624e12,D3_OR_Severa_21mil,DET0_None,A0_None,2,N/D,0,0.0,0.0,0.0,0.0
2026-06-12 20:59:10,06ecb9be,6624e12,D3_OR_Severa_21mil,DET0_None,A0_None,3,N/D,0,0.0,0.0,0.0,0.0
2026-06-12 20:59:10,bf49c8b8,6624e12,D3_OR_Severa_21mil,DET0_None,A0_None,4,N/D,0,0.0,0.0,0.0,0.0
2026-06-12 20:59:10,de5537b7,6624e12,D3_OR_Severa_21mil,DET0_None,A0_None,5,N/D,0,0.0,0.0,0.0,0.0
2026-06-12 20:59:10,3dda4ed8,6624e12,D3_OR_Severa_21mil,DET0_None,A0_None,6,N/D,0,0.0,0.0,0.0,0.0
2026-06-12 20:59:10,bf6d2572,6624e12,D3_OR_Severa_21mil,DET0_None,A0_None,7,N/D,0,0.0,0.0,0.0,0.0
2026-06-12 20:59:10,4d9d013d,6624e12,D3_OR_Severa_21mil,DET0_None,A0_None,8,N/D,0,0.0,0.0,0.0,0.0
2026-06-12 20:59:10,1d660411,6624e12,D3_OR_Severa_21mil,DET0_None,A0_None,9,N/D,0,0.0,0.0,0.0,0.0
2026-06-12 20:59:10,fa99eea8,6624e12,D3_OR_Severa_21mil,DET0_None,A0_None,10,N/D,0,0.0,0.0,0.0,0.0
2026-06-12 20:59:10,9bf85496,6624e12,D3_OR_Severa_21mil,DET0_None,A0_None,11,N/D,0,0.0,0.0,0.0,0.0
2026-06-12 20:59:10,b8baec43,6624e12,D3_OR_Severa_21mil,DET0_None,A0_None,12,N/D,0,0.0,0.0,0.0,0.0
2026-06-12 20:59:10,a7ea79dc,6624e12,D3_OR_Severa_21mil,DET0_None,A0_None,13,N/D,0,0.0,0.0,0.0,0.0
2026-06-12 20:59:10,0de5c6c4,6624e12,D3_OR_Severa_21mil,DET0_None,A0_None,14,N/D,0,0.0,0.0,0.0,0.0
2026-06-12 20:59:10,d397bd0e,6624e12,D3_OR_Severa_21mil,DET0_None,A0_None,15,N/D,0,0.0,0.0,0.0,0.0
2026-06-12 20:59:10,36af9ec4,6624e12,D3_OR_Severa_21mil,DET0_None,A0_None,16,N/D,0,0.0,0.0,0.0,0.0
2026-06-12 20:59:10,8578c445,6624e12,D3_OR_Severa_21mil,DET0_None,A0_None,17,N/D,0,0.0,0.0,0.0,0.0
2026-06-12 20:59:10,0ab892de,6624e12,D3_OR_Severa_21mil,DET0_None,A0_None,18,N/D,0,0.0,0.0,0.0,0.0
2026-06-12 20:59:10,766179aa,6624e12,D3_OR_Severa_21mil,DET0_None,A0_None,19,N/D,0,0.0,0.0,0.0,0.0
2026-06-12 20:59:10,8138d0e4,6624e12,D3_OR_Severa_21mil,DET0_None,A0_None,20,N/D,0,0.0,0.0,0.0,0.0
2026-06-12 20:59:10,128e5e3c,6624e12,D3_OR_Severa_21mil,DET0_None,A0_None,21,N/D,0,0.0,0.0,0.0,0.0
2026-06-12 20:59:10,f9825297,6624e12,D3_OR_Severa_21mil,DET0_None,A0_None,22,N/D,0,0.0,0.0,0.0,0.0
2026-06-12 20:59:10,645b3fc7,6624e12,D3_OR_Severa_21mil,DET0_None,A0_None,23,N/D,0,0.0,0.0,0.0,0.0
2026-06-12 20:59:10,959f566e,6624e12,D3_OR_Severa_21mil,DET0_None,A0_None,24,N/D,0,0.0,0.0,0.0,0.0
2026-06-12 20:59:10,304f06cf,6624e12,D3_OR_Severa_21mil,DET0_None,A0_None,25,N/D,0,0.0,0.0,0.0,0.0
2026-06-12 20:59:10,51fb1d0a,6624e12,D3_OR_Severa_21mil,DET0_None,A0_None,26,N/D,0,0.0,0.0,0.0,0.0
2026-06-12 20:59:10,57c931d8,6624e12,D3_OR_Severa_21mil,DET0_None,A0_None,27,N/D,0,0.0,0.0,0.0,0.0
2026-06-12 20:59:10,b54f39ac,6624e12,D3_OR_Severa_21mil,DET0_None,A0_None,28,N/D,0,0.0,0.0,0.0,0.0
2026-06-12 20:59:10,2be68870,6624e12,D3_OR_Severa_21mil,DET0_None,A0_None,29,N/D,0,0.0,0.0,0.0,0.0
2026-06-12 20:59:10,1666e899,6624e12,D3_OR_Severa_21mil,DET0_None,A0_None,30,N/D,0,0.0,0.0,0.0,0.0
2026-06-12 20:59:12,2f119285,6624e12,D3_OR_Severa_21mil,DET1_OCSVM,A0_None,1,19,0,0.0,0.0,0.0,0.0
2026-06-12 20:59:13,b3148ef0,6624e12,D3_OR_Severa_21mil,DET1_OCSVM,A0_None,2,19,0,0.0,0.0,0.0,0.0
2026-06-12 20:59:15,d700b928,6624e12,D3_OR_Severa_21mil,DET1_OCSVM,A0_None,3,19,0,0.0,0.0,0.0,0.0
2026-06-12 20:59:16,577c56ef,6624e12,D3_OR_Severa_21mil,DET1_OCSVM,A0_None,4,19,0,0.0,0.0,0.0,0.0
2026-06-12 20:59:17,b43879e3,6624e12,D3_OR_Severa_21mil,DET1_OCSVM,A0_None,5,19,0,0.0,0.0,0.0,0.0
2026-06-12 20:59:19,e3900f51,6624e12,D3_OR_Severa_21mil,DET1_OCSVM,A0_None,6,19,0,0.0,0.0,0.0,0.0
2026-06-12 20:59:20,83fc8851,6624e12,D3_OR_Severa_21mil,DET1_OCSVM,A0_None,7,19,0,0.0,0.0,0.0,0.0
2026-06-12 20:59:22,eb6dca84,6624e12,D3_OR_Severa_21mil,DET1_OCSVM,A0_None,8,19,0,0.0,0.0,0.0,0.0
2026-06-12 20:59:23,3f0fc1eb,6624e12,D3_OR_Severa_21mil,DET1_OCSVM,A0_None,9,19,0,0.0,0.0,0.0,0.0
2026-06-12 20:59:24,3a92b909,6624e12,D3_OR_Severa_21mil,DET1_OCSVM,A0_None,10,19,0,0.0,0.0,0.0,0.0
2026-06-12 20:59:26,808cfd6a,6624e12,D3_OR_Severa_21mil,DET1_OCSVM,A0_None,11,19,0,0.0,0.0,0.0,0.0
2026-06-12 20:59:27,1155111d,6624e12,D3_OR_Severa_21mil,DET1_OCSVM,A0_None,12,19,0,0.0,0.0,0.0,0.0
2026-06-12 20:59:29,aee8e568,6624e12,D3_OR_Severa_21mil,DET1_OCSVM,A0_None,13,19,0,0.0,0.0,0.0,0.0
2026-06-12 20:59:30,d0348aad,6624e12,D3_OR_Severa_21mil,DET1_OCSVM,A0_None,14,19,0,0.0,0.0,0.0,0.0
2026-06-12 20:59:32,85a4edc2,6624e12,D3_OR_Severa_21mil,DET1_OCSVM,A0_None,15,19,0,0.0,0.0,0.0,0.0
2026-06-12 20:59:33,b20676b7,6624e12,D3_OR_Severa_21mil,DET1_OCSVM,A0_None,16,19,0,0.0,0.0,0.0,0.0
2026-06-12 20:59:34,fdc784b1,6624e12,D3_OR_Severa_21mil,DET1_OCSVM,A0_None,17,19,0,0.0,0.0,0.0,0.0
2026-06-12 20:59:36,b600982d,6624e12,D3_OR_Severa_21mil,DET1_OCSVM,A0_None,18,19,0,0.0,0.0,0.0,0.0
2026-06-12 20:59:37,4f9424a2,6624e12,D3_OR_Severa_21mil,DET1_OCSVM,A0_None,19,19,0,0.0,0.0,0.0,0.0
2026-06-12 20:59:39,051a61e6,6624e12,D3_OR_Severa_21mil,DET1_OCSVM,A0_None,20,19,0,0.0,0.0,0.0,0.0
2026-06-12 20:59:40,194a679e,6624e12,D3_OR_Severa_21mil,DET1_OCSVM,A0_None,21,19,0,0.0,0.0,0.0,0.0
2026-06-12 20:59:41,905ab7e8,6624e12,D3_OR_Severa_21mil,DET1_OCSVM,A0_None,22,19,0,0.0,0.0,0.0,0.0
2026-06-12 20:59:43,ca18222a,6624e12,D3_OR_Severa_21mil,DET1_OCSVM,A0_None,23,19,0,0.0,0.0,0.0,0.0
2026-06-12 20:59:44,87d124ec,6624e12,D3_OR_Severa_21mil,DET1_OCSVM,A0_None,24,19,0,0.0,0.0,0.0,0.0
2026-06-12 20:59:46,64fe8813,6624e12,D3_OR_Severa_21mil,DET1_OCSVM,A0_None,25,19,0,0.0,0.0,0.0,0.0
2026-06-12 20:59:47,636898a3,6624e12,D3_OR_Severa_21mil,DET1_OCSVM,A0_None,26,19,0,0.0,0.0,0.0,0.0
2026-06-12 20:59:48,78afafd9,6624e12,D3_OR_Severa_21mil,DET1_OCSVM,A0_None,27,19,0,0.0,0.0,0.0,0.0
2026-06-12 20:59:50,3e99c9a8,6624e12,D3_OR_Severa_21mil,DET1_OCSVM,A0_None,28,19,0,0.0,0.0,0.0,0.0
2026-06-12 20:59:51,1b7ae8f0,6624e12,D3_OR_Severa_21mil,DET1_OCSVM,A0_None,29,19,0,0.0,0.0,0.0,0.0
2026-06-12 20:59:53,db55c0e5,6624e12,D3_OR_Severa_21mil,DET1_OCSVM,A0_None,30,19,0,0.0,0.0,0.0,0.0
2026-06-12 20:59:54,93a90e5f,6624e12,D3_OR_Severa_21mil,DET1_OCSVM,A1_Global,1,19,0,0.0,20.7137,25.0,0.1719
2026-06-12 20:59:56,897ccded,6624e12,D3_OR_Severa_21mil,DET1_OCSVM,A1_Global,2,19,0,0.0,20.6854,25.0,0.1875
2026-06-12 20:59:57,b0ae4f51,6624e12,D3_OR_Severa_21mil,DET1_OCSVM,A1_Global,3,19,0,0.0,20.7832,14.3,0.1719
2026-06-12 20:59:58,e182888f,6624e12,D3_OR_Severa_21mil,DET1_OCSVM,A1_Global,4,19,0,0.0,20.7703,25.0,0.1719
2026-06-12 21:00:00,c292159e,6624e12,D3_OR_Severa_21mil,DET1_OCSVM,A1_Global,5,19,0,0.0,20.777,33.3,0.1719
2026-06-12 21:00:01,0480c1fe,6624e12,D3_OR_Severa_21mil,DET1_OCSVM,A1_Global,6,19,0,0.0,20.7362,25.0,0.1719
2026-06-12 21:00:03,feff5509,6624e12,D3_OR_Severa_21mil,DET1_OCSVM,A1_Global,7,19,0,0.0,20.8592,25.0,0.1719
2026-06-12 21:00:04,93687492,6624e12,D3_OR_Severa_21mil,DET1_OCSVM,A1_Global,8,19,0,0.0,20.7279,22.2,0.1719
2026-06-12 21:00:06,12bb1ae1,6624e12,D3_OR_Severa_21mil,DET1_OCSVM,A1_Global,9,19,0,0.0,20.7782,25.0,0.1719
2026-06-12 21:00:07,447a9d8c,6624e12,D3_OR_Severa_21mil,DET1_OCSVM,A1_Global,10,19,0,0.0,20.8056,33.3,0.1719
2026-06-12 21:00:09,cd359763,6624e12,D3_OR_Severa_21mil,DET1_OCSVM,A1_Global,11,19,0,0.0,20.7397,25.0,0.1719
2026-06-12 21:00:10,9658eb29,6624e12,D3_OR_Severa_21mil,DET1_OCSVM,A1_Global,12,19,0,0.0,21.1725,40.0,0.1719
2026-06-12 21:00:11,132127d1,6624e12,D3_OR_Severa_21mil,DET1_OCSVM,A1_Global,13,19,0,0.0,20.7767,25.0,0.1719
2026-06-12 21:00:13,7a6f3a26,6624e12,D3_OR_Severa_21mil,DET1_OCSVM,A1_Global,14,19,0,0.0,20.726,25.0,0.1719
2026-06-12 21:00:14,b1e25e65,6624e12,D3_OR_Severa_21mil,DET1_OCSVM,A1_Global,15,19,0,0.0,20.7622,25.0,0.1719
2026-06-12 21:00:16,0fa82c58,6624e12,D3_OR_Severa_21mil,DET1_OCSVM,A1_Global,16,19,0,0.0,20.739,22.2,0.1719
2026-06-12 21:00:17,8cabe6cc,6624e12,D3_OR_Severa_21mil,DET1_OCSVM,A1_Global,17,19,0,0.0,20.8518,25.0,0.1719
2026-06-12 21:00:19,253d1dad,6624e12,D3_OR_Severa_21mil,DET1_OCSVM,A1_Global,18,19,0,0.0,20.7769,33.3,0.1719
2026-06-12 21:00:20,7ca9b365,6624e12,D3_OR_Severa_21mil,DET1_OCSVM,A1_Global,19,19,0,0.0,20.7124,22.2,0.1719
2026-06-12 21:00:22,4fd8beb5,6624e12,D3_OR_Severa_21mil,DET1_OCSVM,A1_Global,20,19,0,0.0,20.6614,25.0,0.1719
2026-06-12 21:00:23,6db70916,6624e12,D3_OR_Severa_21mil,DET1_OCSVM,A1_Global,21,19,0,0.0,20.7484,25.0,0.1719
2026-06-12 21:00:24,dba6d4a6,6624e12,D3_OR_Severa_21mil,DET1_OCSVM,A1_Global,22,19,0,0.0,20.7838,25.0,0.1719
2026-06-12 21:00:26,f15b9fe3,6624e12,D3_OR_Severa_21mil,DET1_OCSVM,A1_Global,23,19,0,0.0,20.7288,22.2,0.1719
2026-06-12 21:00:27,5fafbf6b,6624e12,D3_OR_Severa_21mil,DET1_OCSVM,A1_Global,24,19,0,0.0,20.6719,25.0,0.1719
2026-06-12 21:00:29,9374df51,6624e12,D3_OR_Severa_21mil,DET1_OCSVM,A1_Global,25,19,0,0.0,20.7398,22.2,0.1719
2026-06-12 21:00:30,2fb00a10,6624e12,D3_OR_Severa_21mil,DET1_OCSVM,A1_Global,26,19,0,0.0,21.4016,25.0,0.1719
2026-06-12 21:00:32,395660c2,6624e12,D3_OR_Severa_21mil,DET1_OCSVM,A1_Global,27,19,0,0.0,20.7729,25.0,0.1719
2026-06-12 21:00:33,6c938b1c,6624e12,D3_OR_Severa_21mil,DET1_OCSVM,A1_Global,28,19,0,0.0,20.7691,22.2,0.1719
2026-06-12 21:00:35,4168712f,6624e12,D3_OR_Severa_21mil,DET1_OCSVM,A1_Global,29,19,0,0.0,20.9791,25.0,0.1719
2026-06-12 21:00:36,db58ceae,6624e12,D3_OR_Severa_21mil,DET1_OCSVM,A1_Global,30,19,0,0.0,20.7661,33.3,0.1719
2026-06-12 21:00:37,328d438e,6624e12,D3_OR_Severa_21mil,DET1_OCSVM,A2_Incremental,1,19,0,0.0,1.3877,0.0,0.0
2026-06-12 21:00:39,265f6c44,6624e12,D3_OR_Severa_21mil,DET1_OCSVM,A2_Incremental,2,19,0,0.0,1.4061,0.0,0.0
2026-06-12 21:00:40,2cb65968,6624e12,D3_OR_Severa_21mil,DET1_OCSVM,A2_Incremental,3,19,0,0.0,1.5331,0.0,0.0
2026-06-12 21:00:41,a52c27d1,6624e12,D3_OR_Severa_21mil,DET1_OCSVM,A2_Incremental,4,19,0,0.0,1.3917,0.0,0.0
2026-06-12 21:00:43,115fa299,6624e12,D3_OR_Severa_21mil,DET1_OCSVM,A2_Incremental,5,19,0,0.0,1.3848,0.0,0.0
2026-06-12 21:00:44,ad3b2f31,6624e12,D3_OR_Severa_21mil,DET1_OCSVM,A2_Incremental,6,19,0,0.0,1.659,0.0,0.0
2026-06-12 21:00:46,cb1f7f17,6624e12,D3_OR_Severa_21mil,DET1_OCSVM,A2_Incremental,7,19,0,0.0,1.3834,0.0,0.0
2026-06-12 21:00:47,b2623ee1,6624e12,D3_OR_Severa_21mil,DET1_OCSVM,A2_Incremental,8,19,0,0.0,1.3873,0.0,0.0
2026-06-12 21:00:48,797b1741,6624e12,D3_OR_Severa_21mil,DET1_OCSVM,A2_Incremental,9,19,0,0.0,1.4188,0.0,0.0
2026-06-12 21:00:50,b0686d48,6624e12,D3_OR_Severa_21mil,DET1_OCSVM,A2_Incremental,10,19,0,0.0,1.413,0.0,0.0
2026-06-12 21:00:51,0157b039,6624e12,D3_OR_Severa_21mil,DET1_OCSVM,A2_Incremental,11,19,0,0.0,1.4135,0.0,0.0
2026-06-12 21:00:52,fbd5a38f,6624e12,D3_OR_Severa_21mil,DET1_OCSVM,A2_Incremental,12,19,0,0.0,1.3819,0.0,0.0
2026-06-12 21:00:54,66c38441,6624e12,D3_OR_Severa_21mil,DET1_OCSVM,A2_Incremental,13,19,0,0.0,1.4231,0.0,0.0
2026-06-12 21:00:55,2d3181ea,6624e12,D3_OR_Severa_21mil,DET1_OCSVM,A2_Incremental,14,19,0,0.0,1.3954,0.0,0.0
2026-06-12 21:00:57,d3e1fab2,6624e12,D3_OR_Severa_21mil,DET1_OCSVM,A2_Incremental,15,19,0,0.0,1.3967,0.0,0.0
2026-06-12 21:00:58,d0f0566a,6624e12,D3_OR_Severa_21mil,DET1_OCSVM,A2_Incremental,16,19,0,0.0,1.4101,0.0,0.0
2026-06-12 21:00:59,4ff2d551,6624e12,D3_OR_Severa_21mil,DET1_OCSVM,A2_Incremental,17,19,0,0.0,1.4031,0.0,0.0
2026-06-12 21:01:01,d87deb2f,6624e12,D3_OR_Severa_21mil,DET1_OCSVM,A2_Incremental,18,19,0,0.0,1.4385,100.0,0.0
2026-06-12 21:01:02,ac8d4e38,6624e12,D3_OR_Severa_21mil,DET1_OCSVM,A2_Incremental,19,19,0,0.0,1.4168,0.0,0.0
2026-06-12 21:01:03,593513e8,6624e12,D3_OR_Severa_21mil,DET1_OCSVM,A2_Incremental,20,19,0,0.0,1.4059,0.0,0.0
2026-06-12 21:01:05,13f81282,6624e12,D3_OR_Severa_21mil,DET1_OCSVM,A2_Incremental,21,19,0,0.0,1.5119,100.0,0.0
2026-06-12 21:01:06,20e786fc,6624e12,D3_OR_Severa_21mil,DET1_OCSVM,A2_Incremental,22,19,0,0.0,1.4008,50.0,0.0
2026-06-12 21:01:08,063dad13,6624e12,D3_OR_Severa_21mil,DET1_OCSVM,A2_Incremental,23,19,0,0.0,1.3791,100.0,0.0
2026-06-12 21:01:09,a45a6a50,6624e12,D3_OR_Severa_21mil,DET1_OCSVM,A2_Incremental,24,19,0,0.0,1.4421,0.0,0.0
2026-06-12 21:01:10,9c9533d9,6624e12,D3_OR_Severa_21mil,DET1_OCSVM,A2_Incremental,25,19,0,0.0,1.4093,0.0,0.0
2026-06-12 21:01:12,2fc5b27b,6624e12,D3_OR_Severa_21mil,DET1_OCSVM,A2_Incremental,26,19,0,0.0,1.4255,0.0,0.0
2026-06-12 21:01:13,d24899a4,6624e12,D3_OR_Severa_21mil,DET1_OCSVM,A2_Incremental,27,19,0,0.0,1.4806,0.0,0.0
2026-06-12 21:01:14,3140fca0,6624e12,D3_OR_Severa_21mil,DET1_OCSVM,A2_Incremental,28,19,0,0.0,1.4141,50.0,0.0
2026-06-12 21:01:16,6a5df190,6624e12,D3_OR_Severa_21mil,DET1_OCSVM,A2_Incremental,29,19,0,0.0,1.3799,0.0,0.0
2026-06-12 21:01:17,c258b41c,6624e12,D3_OR_Severa_21mil,DET1_OCSVM,A2_Incremental,30,19,0,0.0,1.4696,0.0,0.0
2026-06-12 21:01:24,8bc37fe0,6624e12,D3_OR_Severa_21mil,DET2_KS,A0_None,1,13,15,0.2215,0.0,0.0,0.0
2026-06-12 21:01:30,9b0d579b,6624e12,D3_OR_Severa_21mil,DET2_KS,A0_None,2,13,15,0.2215,0.0,0.0,0.0
2026-06-12 21:01:37,1898cff5,6624e12,D3_OR_Severa_21mil,DET2_KS,A0_None,3,13,15,0.2215,0.0,0.0,0.0
2026-06-12 21:01:43,87f87c3b,6624e12,D3_OR_Severa_21mil,DET2_KS,A0_None,4,13,15,0.2215,0.0,0.0,0.0
2026-06-12 21:01:50,9f173ed8,6624e12,D3_OR_Severa_21mil,DET2_KS,A0_None,5,13,15,0.2215,0.0,0.0,0.0
2026-06-12 21:01:56,dff78e0a,6624e12,D3_OR_Severa_21mil,DET2_KS,A0_None,6,13,15,0.2215,0.0,0.0,0.0
2026-06-12 21:02:03,a40cfc80,6624e12,D3_OR_Severa_21mil,DET2_KS,A0_None,7,13,15,0.2215,0.0,0.0,0.0
2026-06-12 21:02:09,c932b261,6624e12,D3_OR_Severa_21mil,DET2_KS,A0_None,8,13,15,0.2215,0.0,0.0,0.0
2026-06-12 21:02:16,176006cf,6624e12,D3_OR_Severa_21mil,DET2_KS,A0_None,9,13,15,0.2215,0.0,0.0,0.0
2026-06-12 21:02:22,bd9c48e1,6624e12,D3_OR_Severa_21mil,DET2_KS,A0_None,10,13,15,0.2215,0.0,0.0,0.0
2026-06-12 21:02:29,24207554,6624e12,D3_OR_Severa_21mil,DET2_KS,A0_None,11,13,15,0.2215,0.0,0.0,0.0
2026-06-12 21:02:35,6c513b2c,6624e12,D3_OR_Severa_21mil,DET2_KS,A0_None,12,13,15,0.2215,0.0,0.0,0.0
2026-06-12 21:02:42,a1217552,6624e12,D3_OR_Severa_21mil,DET2_KS,A0_None,13,13,15,0.2215,0.0,0.0,0.0
2026-06-12 21:02:48,81518e28,6624e12,D3_OR_Severa_21mil,DET2_KS,A0_None,14,13,15,0.2215,0.0,0.0,0.0
2026-06-12 21:02:55,329475cb,6624e12,D3_OR_Severa_21mil,DET2_KS,A0_None,15,13,15,0.2215,0.0,0.0,0.0
2026-06-12 21:03:02,1ba395e4,6624e12,D3_OR_Severa_21mil,DET2_KS,A0_None,16,13,15,0.2215,0.0,0.0,0.0
2026-06-12 21:03:08,9be8f8ac,6624e12,D3_OR_Severa_21mil,DET2_KS,A0_None,17,13,15,0.2215,0.0,0.0,0.0
2026-06-12 21:03:15,7155b36a,6624e12,D3_OR_Severa_21mil,DET2_KS,A0_None,18,13,15,0.2215,0.0,0.0,0.0
2026-06-12 21:03:21,226400cb,6624e12,D3_OR_Severa_21mil,DET2_KS,A0_None,19,13,15,0.2215,0.0,0.0,0.0
2026-06-12 21:03:28,e7c0f25c,6624e12,D3_OR_Severa_21mil,DET2_KS,A0_None,20,13,15,0.2215,0.0,0.0,0.0
2026-06-12 21:03:34,99dacc8f,6624e12,D3_OR_Severa_21mil,DET2_KS,A0_None,21,13,15,0.2215,0.0,0.0,0.0
2026-06-12 21:03:41,628fb93a,6624e12,D3_OR_Severa_21mil,DET2_KS,A0_None,22,13,15,0.2215,0.0,0.0,0.0
2026-06-12 21:03:47,edccecf6,6624e12,D3_OR_Severa_21mil,DET2_KS,A0_None,23,13,15,0.2215,0.0,0.0,0.0
2026-06-12 21:03:54,4420be3a,6624e12,D3_OR_Severa_21mil,DET2_KS,A0_None,24,13,15,0.2215,0.0,0.0,0.0
2026-06-12 21:04:00,9eac126a,6624e12,D3_OR_Severa_21mil,DET2_KS,A0_None,25,13,15,0.2215,0.0,0.0,0.0
2026-06-12 21:04:07,4dcb1751,6624e12,D3_OR_Severa_21mil,DET2_KS,A0_None,26,13,15,0.2215,0.0,0.0,0.0
2026-06-12 21:04:13,4cef83cd,6624e12,D3_OR_Severa_21mil,DET2_KS,A0_None,27,13,15,0.2215,0.0,0.0,0.0
2026-06-12 21:04:20,83bed03c,6624e12,D3_OR_Severa_21mil,DET2_KS,A0_None,28,13,15,0.2215,0.0,0.0,0.0
2026-06-12 21:04:26,6ebfb1c9,6624e12,D3_OR_Severa_21mil,DET2_KS,A0_None,29,13,15,0.2215,0.0,0.0,0.0
2026-06-12 21:04:33,f1f1e7a4,6624e12,D3_OR_Severa_21mil,DET2_KS,A0_None,30,13,15,0.2215,0.0,0.0,0.0
2026-06-12 21:04:40,4d48f08f,6624e12,D3_OR_Severa_21mil,DET2_KS,A1_Global,1,13,15,0.2215,20.8413,25.0,0.1719
2026-06-12 21:04:46,f99c3c78,6624e12,D3_OR_Severa_21mil,DET2_KS,A1_Global,2,13,15,0.2215,20.6046,25.0,0.1719
2026-06-12 21:04:53,6085d101,6624e12,D3_OR_Severa_21mil,DET2_KS,A1_Global,3,13,15,0.2215,20.8042,25.0,0.1719
2026-06-12 21:04:59,127a27da,6624e12,D3_OR_Severa_21mil,DET2_KS,A1_Global,4,13,15,0.2215,20.9312,40.0,0.1719
2026-06-12 21:05:06,9cf78d11,6624e12,D3_OR_Severa_21mil,DET2_KS,A1_Global,5,13,15,0.2215,20.7663,25.0,0.1719
2026-06-12 21:05:12,3dd8b42a,6624e12,D3_OR_Severa_21mil,DET2_KS,A1_Global,6,13,15,0.2215,20.7147,22.2,0.1719
2026-06-12 21:05:19,2fc64c82,6624e12,D3_OR_Severa_21mil,DET2_KS,A1_Global,7,13,15,0.2215,20.7357,25.0,0.1719
2026-06-12 21:05:26,4736fb3c,6624e12,D3_OR_Severa_21mil,DET2_KS,A1_Global,8,13,15,0.2215,20.8804,33.3,0.1719
2026-06-12 21:05:32,7b8272c5,6624e12,D3_OR_Severa_21mil,DET2_KS,A1_Global,9,13,15,0.2215,20.636,22.2,0.1719
2026-06-12 21:05:39,e69200aa,6624e12,D3_OR_Severa_21mil,DET2_KS,A1_Global,10,13,15,0.2215,20.6841,25.0,0.1719
2026-06-12 21:05:45,6f634e11,6624e12,D3_OR_Severa_21mil,DET2_KS,A1_Global,11,13,15,0.2215,20.7412,22.2,0.1719
2026-06-12 21:05:52,b8ed92d7,6624e12,D3_OR_Severa_21mil,DET2_KS,A1_Global,12,13,15,0.2215,20.9478,33.3,0.1719
2026-06-12 21:05:58,7b7db327,6624e12,D3_OR_Severa_21mil,DET2_KS,A1_Global,13,13,15,0.2215,20.6774,30.0,0.1719
2026-06-12 21:06:05,7d1ab511,6624e12,D3_OR_Severa_21mil,DET2_KS,A1_Global,14,13,15,0.2215,20.7361,25.0,0.1719
2026-06-12 21:06:11,d39bb59f,6624e12,D3_OR_Severa_21mil,DET2_KS,A1_Global,15,13,15,0.2215,20.7422,22.2,0.1719
2026-06-12 21:06:18,ba530e81,6624e12,D3_OR_Severa_21mil,DET2_KS,A1_Global,16,13,15,0.2215,23.6655,22.2,0.1719
2026-06-12 21:06:24,6a2e085c,6624e12,D3_OR_Severa_21mil,DET2_KS,A1_Global,17,13,15,0.2215,20.8453,22.2,0.1719
2026-06-12 21:06:31,8f2b626f,6624e12,D3_OR_Severa_21mil,DET2_KS,A1_Global,18,13,15,0.2215,20.7301,25.0,0.1719
2026-06-12 21:06:38,e572e618,6624e12,D3_OR_Severa_21mil,DET2_KS,A1_Global,19,13,15,0.2215,20.8177,22.2,0.1719
2026-06-12 21:06:44,90775650,6624e12,D3_OR_Severa_21mil,DET2_KS,A1_Global,20,13,15,0.2215,20.6981,25.0,0.1719
2026-06-12 21:06:51,bd8724b4,6624e12,D3_OR_Severa_21mil,DET2_KS,A1_Global,21,13,15,0.2215,20.7125,25.0,0.1719
2026-06-12 21:06:57,551a67ae,6624e12,D3_OR_Severa_21mil,DET2_KS,A1_Global,22,13,15,0.2215,20.6815,25.0,0.1719
2026-06-12 21:07:04,cbadba2f,6624e12,D3_OR_Severa_21mil,DET2_KS,A1_Global,23,13,15,0.2215,21.1386,28.6,0.1719
2026-06-12 21:07:10,289a3dbd,6624e12,D3_OR_Severa_21mil,DET2_KS,A1_Global,24,13,15,0.2215,20.7035,25.0,0.1719
2026-06-12 21:07:17,50f417c9,6624e12,D3_OR_Severa_21mil,DET2_KS,A1_Global,25,13,15,0.2215,20.7753,25.0,0.1719
2026-06-12 21:07:23,43a75d00,6624e12,D3_OR_Severa_21mil,DET2_KS,A1_Global,26,13,15,0.2215,20.7145,25.0,0.1719
2026-06-12 21:07:30,d4084643,6624e12,D3_OR_Severa_21mil,DET2_KS,A1_Global,27,13,15,0.2215,20.8476,33.3,0.1719
2026-06-12 21:07:36,3c71a97f,6624e12,D3_OR_Severa_21mil,DET2_KS,A1_Global,28,13,15,0.2215,20.7208,25.0,0.1719
2026-06-12 21:07:43,acc46d8d,6624e12,D3_OR_Severa_21mil,DET2_KS,A1_Global,29,13,15,0.2215,20.7064,25.0,0.1719
2026-06-12 21:07:49,430bf3a4,6624e12,D3_OR_Severa_21mil,DET2_KS,A1_Global,30,13,15,0.2215,20.7437,25.0,0.1719
2026-06-12 21:07:56,fef758de,6624e12,D3_OR_Severa_21mil,DET2_KS,A2_Incremental,1,13,15,0.2215,1.3433,0.0,0.0
2026-06-12 21:08:02,ae99670b,6624e12,D3_OR_Severa_21mil,DET2_KS,A2_Incremental,2,13,15,0.2215,1.3022,0.0,0.0
2026-06-12 21:08:09,5a78119f,6624e12,D3_OR_Severa_21mil,DET2_KS,A2_Incremental,3,13,15,0.2215,1.3944,50.0,0.0
2026-06-12 21:08:15,4a2cc931,6624e12,D3_OR_Severa_21mil,DET2_KS,A2_Incremental,4,13,15,0.2215,1.3555,0.0,0.0
2026-06-12 21:08:22,d5397b85,6624e12,D3_OR_Severa_21mil,DET2_KS,A2_Incremental,5,13,15,0.2215,1.3273,0.0,0.0
2026-06-12 21:08:28,c94b4512,6624e12,D3_OR_Severa_21mil,DET2_KS,A2_Incremental,6,13,15,0.2215,1.5456,100.0,0.0
2026-06-12 21:08:35,a2c39923,6624e12,D3_OR_Severa_21mil,DET2_KS,A2_Incremental,7,13,15,0.2215,1.3231,50.0,0.0
2026-06-12 21:08:41,f16227c4,6624e12,D3_OR_Severa_21mil,DET2_KS,A2_Incremental,8,13,15,0.2215,1.3541,0.0,0.0
2026-06-12 21:08:48,c4b6fe80,6624e12,D3_OR_Severa_21mil,DET2_KS,A2_Incremental,9,13,15,0.2215,1.3368,0.0,0.0
2026-06-12 21:08:54,3774dbcd,6624e12,D3_OR_Severa_21mil,DET2_KS,A2_Incremental,10,13,15,0.2215,1.3192,0.0,0.0
2026-06-12 21:09:01,09b92c2a,6624e12,D3_OR_Severa_21mil,DET2_KS,A2_Incremental,11,13,15,0.2215,1.3809,0.0,0.0
2026-06-12 21:09:07,9b510e7f,6624e12,D3_OR_Severa_21mil,DET2_KS,A2_Incremental,12,13,15,0.2215,1.3383,0.0,0.0
2026-06-12 21:09:14,747d9e77,6624e12,D3_OR_Severa_21mil,DET2_KS,A2_Incremental,13,13,15,0.2215,1.3433,0.0,0.0
2026-06-12 21:09:20,d60c848a,6624e12,D3_OR_Severa_21mil,DET2_KS,A2_Incremental,14,13,15,0.2215,1.4829,0.0,0.0
2026-06-12 21:09:27,df39e75a,6624e12,D3_OR_Severa_21mil,DET2_KS,A2_Incremental,15,13,15,0.2215,1.3819,0.0,0.0
2026-06-12 21:09:33,4320b135,6624e12,D3_OR_Severa_21mil,DET2_KS,A2_Incremental,16,13,15,0.2215,1.3409,100.0,0.0
2026-06-12 21:09:40,ca1c4248,6624e12,D3_OR_Severa_21mil,DET2_KS,A2_Incremental,17,13,15,0.2215,1.3821,0.0,0.0
2026-06-12 21:09:46,e7f48d2a,6624e12,D3_OR_Severa_21mil,DET2_KS,A2_Incremental,18,13,15,0.2215,1.2953,0.0,0.0
2026-06-12 21:09:53,7109998b,6624e12,D3_OR_Severa_21mil,DET2_KS,A2_Incremental,19,13,15,0.2215,1.3534,0.0,0.0
2026-06-12 21:09:59,3c231b0c,6624e12,D3_OR_Severa_21mil,DET2_KS,A2_Incremental,20,13,15,0.2215,1.4106,100.0,0.0
2026-06-12 21:10:06,1aa77d65,6624e12,D3_OR_Severa_21mil,DET2_KS,A2_Incremental,21,13,15,0.2215,1.3423,0.0,0.0
2026-06-12 21:10:12,a5745a6b,6624e12,D3_OR_Severa_21mil,DET2_KS,A2_Incremental,22,13,15,0.2215,1.3185,0.0,0.0
2026-06-12 21:10:19,681acc46,6624e12,D3_OR_Severa_21mil,DET2_KS,A2_Incremental,23,13,15,0.2215,1.3384,0.0,0.0
2026-06-12 21:10:25,dcbedf17,6624e12,D3_OR_Severa_21mil,DET2_KS,A2_Incremental,24,13,15,0.2215,1.351,50.0,0.0
2026-06-12 21:10:32,765f310d,6624e12,D3_OR_Severa_21mil,DET2_KS,A2_Incremental,25,13,15,0.2215,1.3268,0.0,0.0
2026-06-12 21:10:38,408751b6,6624e12,D3_OR_Severa_21mil,DET2_KS,A2_Incremental,26,13,15,0.2215,1.3189,50.0,0.0
2026-06-12 21:10:45,e7c777b2,6624e12,D3_OR_Severa_21mil,DET2_KS,A2_Incremental,27,13,15,0.2215,1.32,0.0,0.0
2026-06-12 21:10:51,3b9f39cb,6624e12,D3_OR_Severa_21mil,DET2_KS,A2_Incremental,28,13,15,0.2215,1.3419,50.0,0.0
2026-06-12 21:10:57,999d9baa,6624e12,D3_OR_Severa_21mil,DET2_KS,A2_Incremental,29,13,15,0.2215,1.364,0.0,0.0
2026-06-12 21:11:04,11e3b514,6624e12,D3_OR_Severa_21mil,DET2_KS,A2_Incremental,30,13,15,0.2215,1.3243,0.0,0.0
2026-06-12 21:11:05,7b23a5ef,6624e12,D3_OR_Severa_21mil,DET3_ADWIN,A0_None,1,10,2,0.0295,0.0,0.0,0.0
2026-06-12 21:11:07,e57b96c8,6624e12,D3_OR_Severa_21mil,DET3_ADWIN,A0_None,2,10,2,0.0295,0.0,0.0,0.0
2026-06-12 21:11:08,69fc3245,6624e12,D3_OR_Severa_21mil,DET3_ADWIN,A0_None,3,10,2,0.0295,0.0,0.0,0.0
2026-06-12 21:11:10,e5b128e2,6624e12,D3_OR_Severa_21mil,DET3_ADWIN,A0_None,4,10,2,0.0295,0.0,0.0,0.0
2026-06-12 21:11:11,49adab2c,6624e12,D3_OR_Severa_21mil,DET3_ADWIN,A0_None,5,10,2,0.0295,0.0,0.0,0.0
2026-06-12 21:11:13,7f9a3952,6624e12,D3_OR_Severa_21mil,DET3_ADWIN,A0_None,6,10,2,0.0295,0.0,0.0,0.0
2026-06-12 21:11:14,27168c32,6624e12,D3_OR_Severa_21mil,DET3_ADWIN,A0_None,7,10,2,0.0295,0.0,0.0,0.0
2026-06-12 21:11:15,beb349eb,6624e12,D3_OR_Severa_21mil,DET3_ADWIN,A0_None,8,10,2,0.0295,0.0,0.0,0.0
2026-06-12 21:11:17,f59472fc,6624e12,D3_OR_Severa_21mil,DET3_ADWIN,A0_None,9,10,2,0.0295,0.0,0.0,0.0
2026-06-12 21:11:18,0f10cd39,6624e12,D3_OR_Severa_21mil,DET3_ADWIN,A0_None,10,10,2,0.0295,0.0,0.0,0.0
2026-06-12 21:11:20,eb9def19,6624e12,D3_OR_Severa_21mil,DET3_ADWIN,A0_None,11,10,2,0.0295,0.0,0.0,0.0
2026-06-12 21:11:21,3bd6b714,6624e12,D3_OR_Severa_21mil,DET3_ADWIN,A0_None,12,10,2,0.0295,0.0,0.0,0.0
2026-06-12 21:11:23,d43d5761,6624e12,D3_OR_Severa_21mil,DET3_ADWIN,A0_None,13,10,2,0.0295,0.0,0.0,0.0
2026-06-12 21:11:24,94a72029,6624e12,D3_OR_Severa_21mil,DET3_ADWIN,A0_None,14,10,2,0.0295,0.0,0.0,0.0
2026-06-12 21:11:25,1ff55287,6624e12,D3_OR_Severa_21mil,DET3_ADWIN,A0_None,15,10,2,0.0295,0.0,0.0,0.0
2026-06-12 21:11:27,226d0d0f,6624e12,D3_OR_Severa_21mil,DET3_ADWIN,A0_None,16,10,2,0.0295,0.0,0.0,0.0
2026-06-12 21:11:28,22bcfd4b,6624e12,D3_OR_Severa_21mil,DET3_ADWIN,A0_None,17,10,2,0.0295,0.0,0.0,0.0
2026-06-12 21:11:30,b05c34a4,6624e12,D3_OR_Severa_21mil,DET3_ADWIN,A0_None,18,10,2,0.0295,0.0,0.0,0.0
2026-06-12 21:11:31,8081fdb9,6624e12,D3_OR_Severa_21mil,DET3_ADWIN,A0_None,19,10,2,0.0295,0.0,0.0,0.0
2026-06-12 21:11:33,c8196665,6624e12,D3_OR_Severa_21mil,DET3_ADWIN,A0_None,20,10,2,0.0295,0.0,0.0,0.0
2026-06-12 21:11:34,240d5587,6624e12,D3_OR_Severa_21mil,DET3_ADWIN,A0_None,21,10,2,0.0295,0.0,0.0,0.0
2026-06-12 21:11:35,0e5126ac,6624e12,D3_OR_Severa_21mil,DET3_ADWIN,A0_None,22,10,2,0.0295,0.0,0.0,0.0
2026-06-12 21:11:37,2635bd69,6624e12,D3_OR_Severa_21mil,DET3_ADWIN,A0_None,23,10,2,0.0295,0.0,0.0,0.0
2026-06-12 21:11:38,1cc8dabb,6624e12,D3_OR_Severa_21mil,DET3_ADWIN,A0_None,24,10,2,0.0295,0.0,0.0,0.0
2026-06-12 21:11:40,f47a0b22,6624e12,D3_OR_Severa_21mil,DET3_ADWIN,A0_None,25,10,2,0.0295,0.0,0.0,0.0
2026-06-12 21:11:41,fc72e592,6624e12,D3_OR_Severa_21mil,DET3_ADWIN,A0_None,26,10,2,0.0295,0.0,0.0,0.0
2026-06-12 21:11:42,0e99bfae,6624e12,D3_OR_Severa_21mil,DET3_ADWIN,A0_None,27,10,2,0.0295,0.0,0.0,0.0
2026-06-12 21:11:44,47e7da83,6624e12,D3_OR_Severa_21mil,DET3_ADWIN,A0_None,28,10,2,0.0295,0.0,0.0,0.0
2026-06-12 21:11:45,b147a64e,6624e12,D3_OR_Severa_21mil,DET3_ADWIN,A0_None,29,10,2,0.0295,0.0,0.0,0.0
2026-06-12 21:11:47,66e212ea,6624e12,D3_OR_Severa_21mil,DET3_ADWIN,A0_None,30,10,2,0.0295,0.0,0.0,0.0
2026-06-12 21:11:48,5974dd6a,6624e12,D3_OR_Severa_21mil,DET3_ADWIN,A1_Global,1,10,2,0.0295,20.9241,44.4,0.1719
2026-06-12 21:11:50,97d63e07,6624e12,D3_OR_Severa_21mil,DET3_ADWIN,A1_Global,2,10,2,0.0295,20.7759,25.0,0.1719
2026-06-12 21:11:51,bf49950f,6624e12,D3_OR_Severa_21mil,DET3_ADWIN,A1_Global,3,10,2,0.0295,20.7426,25.0,0.1719
2026-06-12 21:11:53,10bc3df6,6624e12,D3_OR_Severa_21mil,DET3_ADWIN,A1_Global,4,10,2,0.0295,20.6836,30.0,0.1719
2026-06-12 21:11:54,2cf1bdad,6624e12,D3_OR_Severa_21mil,DET3_ADWIN,A1_Global,5,10,2,0.0295,20.6978,22.2,0.1719
2026-06-12 21:11:56,49eef4ff,6624e12,D3_OR_Severa_21mil,DET3_ADWIN,A1_Global,6,10,2,0.0295,20.6465,25.0,0.1719
2026-06-12 21:11:57,5ebc65c6,6624e12,D3_OR_Severa_21mil,DET3_ADWIN,A1_Global,7,10,2,0.0295,20.6703,25.0,0.1719
2026-06-12 21:11:58,80ddf9d3,6624e12,D3_OR_Severa_21mil,DET3_ADWIN,A1_Global,8,10,2,0.0295,20.7284,22.2,0.1719
2026-06-12 21:12:00,308663bb,6624e12,D3_OR_Severa_21mil,DET3_ADWIN,A1_Global,9,10,2,0.0295,20.7471,33.3,0.1719
2026-06-12 21:12:01,58f247f2,6624e12,D3_OR_Severa_21mil,DET3_ADWIN,A1_Global,10,10,2,0.0295,20.8257,25.0,0.1719
2026-06-12 21:12:03,aa6f351c,6624e12,D3_OR_Severa_21mil,DET3_ADWIN,A1_Global,11,10,2,0.0295,20.8581,33.3,0.1719
2026-06-12 21:12:04,f4be15b6,6624e12,D3_OR_Severa_21mil,DET3_ADWIN,A1_Global,12,10,2,0.0295,20.9345,33.3,0.1719
2026-06-12 21:12:06,bf63df60,6624e12,D3_OR_Severa_21mil,DET3_ADWIN,A1_Global,13,10,2,0.0295,20.7581,22.2,0.1719
2026-06-12 21:12:07,12cf4e70,6624e12,D3_OR_Severa_21mil,DET3_ADWIN,A1_Global,14,10,2,0.0295,20.634,25.0,0.1719
2026-06-12 21:12:09,fc245856,6624e12,D3_OR_Severa_21mil,DET3_ADWIN,A1_Global,15,10,2,0.0295,20.6548,25.0,0.1719
2026-06-12 21:12:10,315567a8,6624e12,D3_OR_Severa_21mil,DET3_ADWIN,A1_Global,16,10,2,0.0295,20.7398,25.0,0.1719
2026-06-12 21:12:11,e182c7dc,6624e12,D3_OR_Severa_21mil,DET3_ADWIN,A1_Global,17,10,2,0.0295,20.5953,25.0,0.1719
2026-06-12 21:12:13,ec6653fd,6624e12,D3_OR_Severa_21mil,DET3_ADWIN,A1_Global,18,10,2,0.0295,20.6095,25.0,0.1719
2026-06-12 21:12:14,ae9a669c,6624e12,D3_OR_Severa_21mil,DET3_ADWIN,A1_Global,19,10,2,0.0295,20.7403,25.0,0.1719
2026-06-12 21:12:16,6ea8dbac,6624e12,D3_OR_Severa_21mil,DET3_ADWIN,A1_Global,20,10,2,0.0295,20.6917,22.2,0.1719
2026-06-12 21:12:17,444ecce7,6624e12,D3_OR_Severa_21mil,DET3_ADWIN,A1_Global,21,10,2,0.0295,20.6951,30.0,0.1719
2026-06-12 21:12:19,89f4c5ad,6624e12,D3_OR_Severa_21mil,DET3_ADWIN,A1_Global,22,10,2,0.0295,20.8682,33.3,0.1719
2026-06-12 21:12:20,9a45fe77,6624e12,D3_OR_Severa_21mil,DET3_ADWIN,A1_Global,23,10,2,0.0295,20.6337,25.0,0.1719
2026-06-12 21:12:22,147e3048,6624e12,D3_OR_Severa_21mil,DET3_ADWIN,A1_Global,24,10,2,0.0295,20.7227,25.0,0.1719
2026-06-12 21:12:23,cd92c78c,6624e12,D3_OR_Severa_21mil,DET3_ADWIN,A1_Global,25,10,2,0.0295,20.6144,25.0,0.1719
2026-06-12 21:12:24,9d588a1d,6624e12,D3_OR_Severa_21mil,DET3_ADWIN,A1_Global,26,10,2,0.0295,20.7339,22.2,0.1719
2026-06-12 21:12:26,46bfe933,6624e12,D3_OR_Severa_21mil,DET3_ADWIN,A1_Global,27,10,2,0.0295,20.7388,22.2,0.1719
2026-06-12 21:12:27,ec6a97bd,6624e12,D3_OR_Severa_21mil,DET3_ADWIN,A1_Global,28,10,2,0.0295,20.7524,25.0,0.1719
2026-06-12 21:12:29,e3f38b0a,6624e12,D3_OR_Severa_21mil,DET3_ADWIN,A1_Global,29,10,2,0.0295,20.631,25.0,0.1719
2026-06-12 21:12:30,7735e862,6624e12,D3_OR_Severa_21mil,DET3_ADWIN,A1_Global,30,10,2,0.0295,20.6396,22.2,0.1719
2026-06-12 21:12:32,5ba9447b,6624e12,D3_OR_Severa_21mil,DET3_ADWIN,A2_Incremental,1,10,2,0.0295,2.0587,100.0,0.0
2026-06-12 21:12:33,0f369621,6624e12,D3_OR_Severa_21mil,DET3_ADWIN,A2_Incremental,2,10,2,0.0295,1.3722,0.0,0.0
2026-06-12 21:12:34,87c3bd0b,6624e12,D3_OR_Severa_21mil,DET3_ADWIN,A2_Incremental,3,10,2,0.0295,1.4295,0.0,0.0
2026-06-12 21:12:36,d3486eea,6624e12,D3_OR_Severa_21mil,DET3_ADWIN,A2_Incremental,4,10,2,0.0295,1.3987,0.0,0.0
2026-06-12 21:12:37,e4647a82,6624e12,D3_OR_Severa_21mil,DET3_ADWIN,A2_Incremental,5,10,2,0.0295,1.5051,100.0,0.0
2026-06-12 21:12:39,671707f0,6624e12,D3_OR_Severa_21mil,DET3_ADWIN,A2_Incremental,6,10,2,0.0295,1.3804,100.0,0.0
2026-06-12 21:12:40,69649c01,6624e12,D3_OR_Severa_21mil,DET3_ADWIN,A2_Incremental,7,10,2,0.0295,1.4699,0.0,0.0
2026-06-12 21:12:41,cb5af0c1,6624e12,D3_OR_Severa_21mil,DET3_ADWIN,A2_Incremental,8,10,2,0.0295,1.3907,100.0,0.0
2026-06-12 21:12:43,5f89539a,6624e12,D3_OR_Severa_21mil,DET3_ADWIN,A2_Incremental,9,10,2,0.0295,1.4744,50.0,0.0
2026-06-12 21:12:44,b903c47b,6624e12,D3_OR_Severa_21mil,DET3_ADWIN,A2_Incremental,10,10,2,0.0295,1.4406,0.0,0.0
2026-06-12 21:12:45,9d4309f7,6624e12,D3_OR_Severa_21mil,DET3_ADWIN,A2_Incremental,11,10,2,0.0295,1.43,0.0,0.0
2026-06-12 21:12:47,1826f7ff,6624e12,D3_OR_Severa_21mil,DET3_ADWIN,A2_Incremental,12,10,2,0.0295,1.3921,0.0,0.0
2026-06-12 21:12:48,3396a79a,6624e12,D3_OR_Severa_21mil,DET3_ADWIN,A2_Incremental,13,10,2,0.0295,1.5511,0.0,0.0
2026-06-12 21:12:49,daebd9d2,6624e12,D3_OR_Severa_21mil,DET3_ADWIN,A2_Incremental,14,10,2,0.0295,1.7831,0.0,0.0
2026-06-12 21:12:51,4b8ce474,6624e12,D3_OR_Severa_21mil,DET3_ADWIN,A2_Incremental,15,10,2,0.0295,1.4352,0.0,0.0
2026-06-12 21:12:52,1d1e012a,6624e12,D3_OR_Severa_21mil,DET3_ADWIN,A2_Incremental,16,10,2,0.0295,1.388,50.0,0.0
2026-06-12 21:12:54,bd2072ec,6624e12,D3_OR_Severa_21mil,DET3_ADWIN,A2_Incremental,17,10,2,0.0295,1.4177,0.0,0.0
2026-06-12 21:12:55,cc6bd893,6624e12,D3_OR_Severa_21mil,DET3_ADWIN,A2_Incremental,18,10,2,0.0295,1.3809,0.0,0.0
2026-06-12 21:12:56,7fd286a7,6624e12,D3_OR_Severa_21mil,DET3_ADWIN,A2_Incremental,19,10,2,0.0295,1.3718,0.0,0.0
2026-06-12 21:12:58,87bbc1f0,6624e12,D3_OR_Severa_21mil,DET3_ADWIN,A2_Incremental,20,10,2,0.0295,1.4014,0.0,0.0
2026-06-12 21:12:59,1edbbeaf,6624e12,D3_OR_Severa_21mil,DET3_ADWIN,A2_Incremental,21,10,2,0.0295,1.424,100.0,0.0
2026-06-12 21:13:00,51845cdb,6624e12,D3_OR_Severa_21mil,DET3_ADWIN,A2_Incremental,22,10,2,0.0295,1.3782,0.0,0.0
2026-06-12 21:13:02,2044123b,6624e12,D3_OR_Severa_21mil,DET3_ADWIN,A2_Incremental,23,10,2,0.0295,1.431,0.0,0.0
2026-06-12 21:13:03,36c9cfb2,6624e12,D3_OR_Severa_21mil,DET3_ADWIN,A2_Incremental,24,10,2,0.0295,1.3968,100.0,0.0
2026-06-12 21:13:05,320207f1,6624e12,D3_OR_Severa_21mil,DET3_ADWIN,A2_Incremental,25,10,2,0.0295,1.3917,0.0,0.0
2026-06-12 21:13:06,4b0a69dd,6624e12,D3_OR_Severa_21mil,DET3_ADWIN,A2_Incremental,26,10,2,0.0295,1.4531,0.0,0.0
2026-06-12 21:13:07,39201598,6624e12,D3_OR_Severa_21mil,DET3_ADWIN,A2_Incremental,27,10,2,0.0295,1.4191,0.0,0.0
2026-06-12 21:13:09,3ac7a077,6624e12,D3_OR_Severa_21mil,DET3_ADWIN,A2_Incremental,28,10,2,0.0295,1.5919,100.0,0.0
2026-06-12 21:13:10,129cccf7,6624e12,D3_OR_Severa_21mil,DET3_ADWIN,A2_Incremental,29,10,2,0.0295,1.3637,0.0,0.0
2026-06-12 21:13:11,bc555cdd,6624e12,D3_OR_Severa_21mil,DET3_ADWIN,A2_Incremental,30,10,2,0.0295,1.4236,0.0,0.0
