timestamp_unix,timestamp_iso,voltage_v,current_a,power_w,temp_c,energy_ws,capacity_as,duration_sec
1778535566.5149384,2026-05-11T22:39:26.514945,5.13168,1.03768,5.3250417024,27.8,0.053250417024000005,0.0103768,0.04015469551086426
1778535566.5150716,2026-05-11T22:39:26.515075,5.13168,1.03818,5.327607542400001,27.8,0.10652649244800001,0.020758600000000002,0.04015469551086426
1778535566.5150964,2026-05-11T22:39:26.515097,5.13168,1.0317,5.294354256000001,27.8,0.15947003500800003,0.031075600000000002,0.04015469551086426
1778535566.515111,2026-05-11T22:39:26.515111,5.13168,1.04291,5.351880388800001,27.8,0.21298883889600004,0.041504700000000005,0.04015469551086426
1778535566.5552437,2026-05-11T22:39:26.555250,5.13168,1.02224,5.245808563200001,27.8,0.26544692452800006,0.051727100000000005,0.0804605484008789
1778535566.5552948,2026-05-11T22:39:26.555295,5.13168,1.01776,5.2228186368000005,27.8,0.3176751108960001,0.06190470000000001,0.0804605484008789
1778535566.5553432,2026-05-11T22:39:26.555344,5.13168,1.03893,5.3314563023999995,27.8,0.3709896739200001,0.07229400000000001,0.0804605484008789
1778535566.55536,2026-05-11T22:39:26.555360,5.13168,1.04241,5.349314548800001,27.8,0.4244828194080001,0.08271810000000002,0.0804605484008789
1778535566.595329,2026-05-11T22:39:26.595334,5.13161,1.03444,5.3083426484,27.8,0.4775662458920001,0.09306250000000002,0.12055397033691406
1778535566.5953782,2026-05-11T22:39:26.595379,5.13161,1.03644,5.318605868400001,27.8,0.5307523045760001,0.10342690000000002,0.12055397033691406
1778535566.5953977,2026-05-11T22:39:26.595398,5.13161,1.02573,5.263646325300001,27.8,0.5833887678290001,0.11368420000000001,0.12055397033691406
1778535566.595419,2026-05-11T22:39:26.595422,5.13161,1.02921,5.2815043281,27.8,0.63620381111,0.12397630000000001,0.12055397033691406
1778535566.6352353,2026-05-11T22:39:26.635245,5.13161,1.0317,5.294282037,27.8,0.68914663148,0.1342933,0.1604456901550293
1778535566.635325,2026-05-11T22:39:26.635328,5.13161,1.04341,5.3543731901,27.8,0.742690363381,0.1447274,0.1604456901550293
1778535566.6353598,2026-05-11T22:39:26.635360,5.13161,1.03942,5.333898066200001,27.8,0.7960293440430001,0.1551216,0.1604456901550293
1778535566.635375,2026-05-11T22:39:26.635375,5.13161,1.03345,5.3032623545,27.8,0.8490619675880001,0.1654561,0.1604456901550293
1778535566.6753232,2026-05-11T22:39:26.675329,5.13161,1.07205,5.5013425005,27.8,0.9040753925930001,0.1761766,0.2005479335784912
1778535566.6753721,2026-05-11T22:39:26.675373,5.13161,1.03096,5.2904846456,27.8,0.9569802390490001,0.1864862,0.2005479335784912
1778535566.6753905,2026-05-11T22:39:26.675391,5.13165,1.02896,5.280262584,27.8,1.0097828648890002,0.1967758,0.2005479335784912
1778535566.675406,2026-05-11T22:39:26.675406,5.13165,1.03146,5.293091709,27.8,1.0627137819790002,0.2070904,0.2005479335784912
1778535566.7146902,2026-05-11T22:39:26.714692,5.13165,1.0337,5.304586605,27.8,1.1157596480290002,0.21742740000000002,0.2399299144744873
1778535566.7147052,2026-05-11T22:39:26.714705,5.13165,1.0444,5.359495259999999,27.8,1.169354600629,0.22787140000000003,0.2399299144744873
1778535566.7147098,2026-05-11T22:39:26.714709,5.13165,1.0444,5.359495259999999,27.8,1.222949553229,0.23831540000000004,0.2399299144744873
1778535566.7147136,2026-05-11T22:39:26.714713,5.13165,1.0444,5.359495259999999,27.8,1.276544505829,0.24875940000000005,0.2399299144744873
1778535566.7549765,2026-05-11T22:39:26.754978,5.13165,1.03245,5.2981720425,27.8,1.329526226254,0.25908390000000003,0.2802143096923828
1778535566.7549946,2026-05-11T22:39:26.754994,5.13165,1.0444,5.359495259999999,27.8,1.3831211788539999,0.26952790000000004,0.2802143096923828
1778535566.7550125,2026-05-11T22:39:26.755013,5.13165,1.0444,5.359495259999999,27.8,1.4367161314539998,0.27997190000000005,0.2802143096923828
1778535566.755019,2026-05-11T22:39:26.755019,5.13165,1.0444,5.359495259999999,27.8,1.4903110840539997,0.29041590000000006,0.2802143096923828
1778535566.7950563,2026-05-11T22:39:26.795063,5.13161,1.04451,5.3600179611000005,27.8,1.5439112636649996,0.30086100000000005,0.3202803134918213
1778535566.7951384,2026-05-11T22:39:26.795139,5.13161,1.021,5.23937381,27.8,1.5963050017649996,0.31107100000000004,0.3202803134918213
1778535566.7951562,2026-05-11T22:39:26.795156,5.13161,1.02199,5.2444541039,27.8,1.6487495428039995,0.32129090000000005,0.3202803134918213
1778535566.7951715,2026-05-11T22:39:26.795172,5.13161,1.04451,5.3600179611000005,27.8,1.7023497224149995,0.33173600000000003,0.3202803134918213
1778535566.835377,2026-05-11T22:39:26.835383,5.13161,1.04451,5.3600179611000005,27.8,1.7559499020259994,0.3421811,0.36060118675231934
1778535566.8354275,2026-05-11T22:39:26.835429,5.13161,1.0322,5.296847842,27.8,1.8089183804459994,0.3525031,0.36060118675231934
1778535566.8354473,2026-05-11T22:39:26.835447,5.13161,1.04451,5.3600179611000005,27.8,1.8625185600569993,0.3629482,0.36060118675231934
1778535566.8354635,2026-05-11T22:39:26.835464,5.13161,1.019,5.2291105899999994,27.8,1.9148096659569993,0.3731382,0.36060118675231934
1778535566.8747063,2026-05-11T22:39:26.874708,5.13161,1.02647,5.2674437167,27.8,1.9674841031239994,0.3834029,0.3999447822570801
1778535566.8747241,2026-05-11T22:39:26.874724,5.13161,1.04451,5.3600179611000005,27.8,2.0210842827349995,0.393848,0.3999447822570801
1778535566.874729,2026-05-11T22:39:26.874729,5.13168,1.07379,5.5103466672,27.8,2.0761877494069996,0.4045859,0.3999447822570801
1778535566.874733,2026-05-11T22:39:26.874733,5.13168,1.04346,5.3547028128,27.8,2.1297347775349995,0.4150205,0.3999447822570801
1778535566.9151115,2026-05-11T22:39:26.915114,5.13168,1.04346,5.3547028128,27.8,2.1832818056629995,0.42545510000000003,0.4403495788574219
1778535566.9151306,2026-05-11T22:39:26.915131,5.13168,1.03046,5.2879909728,27.8,2.2361617153909994,0.4357597,0.4403495788574219
1778535566.915136,2026-05-11T22:39:26.915136,5.13168,1.0322,5.296920096,27.8,2.289130916350999,0.4460817,0.4403495788574219
1778535566.9151404,2026-05-11T22:39:26.915140,5.13168,1.11986,5.746763164800001,27.8,2.3465985479989993,0.45728030000000003,0.4403495788574219
1778535566.9550474,2026-05-11T22:39:26.955050,5.13168,1.04346,5.3547028128,27.8,2.400145576126999,0.46771490000000004,0.4802839756011963
1778535566.9550793,2026-05-11T22:39:26.955079,5.13168,1.04346,5.3547028128,27.8,2.453692604254999,0.47814950000000006,0.4802839756011963
1778535566.9550867,2026-05-11T22:39:26.955087,5.13168,1.04346,5.3547028128,27.8,2.507239632382999,0.4885841000000001,0.4802839756011963
1778535566.9550927,2026-05-11T22:39:26.955093,5.13168,1.03295,5.300768856,27.8,2.5602473209429992,0.49891360000000007,0.4802839756011963
1778535566.9952197,2026-05-11T22:39:26.995224,5.13168,1.05511,5.4144868848000005,27.8,2.6143921897909994,0.5094647000000001,0.5204484462738037
1778535566.9952593,2026-05-11T22:39:26.995260,5.13168,1.0429,5.351829072,27.8,2.6679104805109994,0.5198937000000001,0.5204484462738037
1778535566.9952738,2026-05-11T22:39:26.995274,5.13168,1.0429,5.351829072,27.8,2.7214287712309995,0.5303227000000001,0.5204484462738037
1778535566.9952867,2026-05-11T22:39:26.995287,5.13168,1.0429,5.351829072,27.8,2.7749470619509995,0.5407517000000002,0.5204484462738037
1778535567.0353367,2026-05-11T22:39:27.035343,5.13168,1.02697,5.2700814095999995,27.8,2.8276478760469996,0.5510214000000002,0.5605607032775879
1778535567.035386,2026-05-11T22:39:27.035387,5.13168,1.02623,5.2662839664000005,27.8,2.8803107157109995,0.5612837000000002,0.5605607032775879
1778535567.0354035,2026-05-11T22:39:27.035404,5.13168,1.02374,5.2535060832000005,27.8,2.9328457765429996,0.5715211000000001,0.5605607032775879
1778535567.035417,2026-05-11T22:39:27.035417,5.13168,1.0429,5.351829072,27.8,2.9863640672629996,0.5819501000000001,0.5605607032775879
1778535567.0753098,2026-05-11T22:39:27.075316,5.13168,1.0429,5.351829072,27.8,3.0398823579829997,0.5923791000000002,0.6005344390869141
1778535567.0754828,2026-05-11T22:39:27.075487,5.13168,1.0429,5.351829072,27.8,3.0934006487029997,0.6028081000000002,0.6005344390869141
1778535567.0755074,2026-05-11T22:39:27.075508,5.13157,1.03815,5.327339395499999,27.8,3.1466740426579998,0.6131896000000002,0.6005344390869141
1778535567.0755417,2026-05-11T22:39:27.075544,5.13157,1.02174,5.243130331800001,27.8,3.1991053459759997,0.6234070000000003,0.6005344390869141
1778535567.115305,2026-05-11T22:39:27.115311,5.13157,1.03815,5.327339395499999,27.8,3.252378739931,0.6337885000000003,0.6405293941497803
1778535567.115353,2026-05-11T22:39:27.115354,5.13157,1.03815,5.327339395499999,27.8,3.305652133886,0.6441700000000004,0.6405293941497803
1778535567.115372,2026-05-11T22:39:27.115372,5.13157,1.03815,5.327339395499999,27.8,3.358925527841,0.6545515000000004,0.6405293941497803
1778535567.1153877,2026-05-11T22:39:27.115388,5.13157,1.05287,5.4028761059,27.8,3.4129542889,0.6650802000000003,0.6405293941497803
1778535567.1553345,2026-05-11T22:39:27.155341,5.13157,1.03815,5.327339395499999,27.8,3.466227682855,0.6754617000000004,0.6805582046508789
1778535567.1554158,2026-05-11T22:39:27.155417,5.13157,1.03815,5.327339395499999,27.8,3.51950107681,0.6858432000000004,0.6805582046508789
1778535567.155435,2026-05-11T22:39:27.155435,5.13157,1.03815,5.327339395499999,27.8,3.572774470765,0.6962247000000005,0.6805582046508789
1778535567.1554499,2026-05-11T22:39:27.155450,5.13157,1.03815,5.327339395499999,27.8,3.6260478647200003,0.7066062000000005,0.6805582046508789
1778535567.195082,2026-05-11T22:39:27.195084,5.13157,1.03819,5.3275446583,27.8,3.6793233113030004,0.7169881000000005,0.7203199863433838
1778535567.195101,2026-05-11T22:39:27.195101,5.13157,1.03819,5.3275446583,27.8,3.7325987578860005,0.7273700000000005,0.7203199863433838
1778535567.1951065,2026-05-11T22:39:27.195106,5.13157,1.03819,5.3275446583,27.8,3.7858742044690006,0.7377519000000006,0.7203199863433838
1778535567.1951115,2026-05-11T22:39:27.195111,5.13157,1.03819,5.3275446583,27.8,3.8391496510520007,0.7481338000000006,0.7203199863433838
1778535567.2351508,2026-05-11T22:39:27.235154,5.13157,1.03819,5.3275446583,27.8,3.8924250976350008,0.7585157000000007,0.7603824138641357
1778535567.2351844,2026-05-11T22:39:27.235185,5.13157,1.02598,5.2648881886,27.8,3.9450739795210006,0.7687755000000007,0.7603824138641357
1778535567.2352014,2026-05-11T22:39:27.235202,5.13157,1.01303,5.198434357100001,27.8,3.9970583230920007,0.7789058000000008,0.7603824138641357
1778535567.235222,2026-05-11T22:39:27.235223,5.13157,1.03819,5.3275446583,27.8,4.050333769675,0.7892877000000007,0.7603824138641357
1778535567.2749639,2026-05-11T22:39:27.274969,5.13157,1.03819,5.3275446583,27.8,4.1036092162580005,0.7996696000000008,0.8001854419708252
1778535567.2750113,2026-05-11T22:39:27.275012,5.13157,1.03819,5.3275446583,27.8,4.1568846628410006,0.8100515000000008,0.8001854419708252
1778535567.2750328,2026-05-11T22:39:27.275033,5.13161,1.0393,5.333282273,27.8,4.210217485571,0.8204445000000008,0.8001854419708252
1778535567.2750523,2026-05-11T22:39:27.275053,5.13161,1.01054,5.1856971694,27.8,4.262074457265,0.8305499000000008,0.8001854419708252
1778535567.3148816,2026-05-11T22:39:27.314884,5.13161,1.01128,5.1894945608,27.8,4.313969402873,0.8406627000000009,0.8401162624359131
1778535567.3149166,2026-05-11T22:39:27.314917,5.13161,1.02797,5.275141131700001,27.8,4.36672081419,0.8509424000000009,0.8401162624359131
1778535567.3149242,2026-05-11T22:39:27.314924,5.13161,1.0393,5.333282273,27.8,4.42005363692,0.8613354000000009,0.8401162624359131
1778535567.31493,2026-05-11T22:39:27.314930,5.13161,1.02672,5.268726619200001,27.8,4.472740903111999,0.8716026000000009,0.8401162624359131
1778535567.355302,2026-05-11T22:39:27.355308,5.13161,1.0393,5.333282273,27.8,4.526073725841999,0.8819956000000009,0.8805270195007324
1778535567.3553507,2026-05-11T22:39:27.355351,5.13161,1.02,5.234242200000001,27.8,4.578416147841999,0.8921956000000009,0.8805270195007324
1778535567.3553689,2026-05-11T22:39:27.355369,5.13161,1.02149,5.2418882989,27.8,4.630835030830999,0.9024105000000009,0.8805270195007324
1778535567.3553843,2026-05-11T22:39:27.355385,5.13161,1.0393,5.333282273,27.8,4.684167853560999,0.9128035000000009,0.8805270195007324
1778535567.3950262,2026-05-11T22:39:27.395032,5.13157,1.0581,5.429714217,27.8,4.738464995730999,0.9233845000000008,0.9202513694763184
1778535567.3950756,2026-05-11T22:39:27.395076,5.13157,1.03766,5.3248249262,27.8,4.791713244993,0.9337611000000008,0.9202513694763184
1778535567.3950932,2026-05-11T22:39:27.395094,5.13157,1.03766,5.3248249262,27.8,4.844961494255,0.9441377000000007,0.9202513694763184
1778535567.395109,2026-05-11T22:39:27.395109,5.13157,1.03766,5.3248249262,27.8,4.8982097435170004,0.9545143000000007,0.9202513694763184
1778535567.4351568,2026-05-11T22:39:27.435160,5.13157,1.03766,5.3248249262,27.8,4.951457992779001,0.9648909000000007,0.9603879451751709
1778535567.4351902,2026-05-11T22:39:27.435190,5.13157,1.0586,5.432280002,27.8,5.005780792799,0.9754769000000006,0.9603879451751709
1778535567.4352026,2026-05-11T22:39:27.435202,5.13157,1.05188,5.3977958516,27.8,5.059758751315,0.9859957000000007,0.9603879451751709
1778535567.4352126,2026-05-11T22:39:27.435213,5.13157,1.05536,5.4156537152,27.8,5.113915288467,0.9965493000000007,0.9603879451751709
1778535567.4755976,2026-05-11T22:39:27.475610,5.13157,1.07977,5.5409153389,27.8,5.169324441856,1.0073470000000007,1.0006330013275146
1778535567.4757214,2026-05-11T22:39:27.475725,5.13157,1.03766,5.3248249262,27.8,5.222572691118001,1.0177236000000007,1.0006330013275146
1778535567.47577,2026-05-11T22:39:27.475771,5.13157,1.03813,5.3272367641,27.8,5.275845058759001,1.0281049000000007,1.0006330013275146
1778535567.4758782,2026-05-11T22:39:27.475880,5.13157,1.03813,5.3272367641,27.8,5.329117426400001,1.0384862000000006,1.0006330013275146
1778535567.515033,2026-05-11T22:39:27.515035,5.13157,1.03813,5.3272367641,27.8,5.382389794041001,1.0488675000000005,0.03175210952758789
1778535567.5150497,2026-05-11T22:39:27.515050,5.13157,1.03813,5.3272367641,27.8,5.435662161682001,1.0592488000000004,0.03175210952758789
1778535567.515054,2026-05-11T22:39:27.515054,5.13157,1.03813,5.3272367641,27.8,5.488934529323001,1.0696301000000004,0.03175210952758789
1778535567.5150576,2026-05-11T22:39:27.515057,5.13157,1.03813,5.3272367641,27.8,5.542206896964001,1.0800114000000003,0.03175210952758789
1778535567.555015,2026-05-11T22:39:27.555019,5.13157,1.01925,5.2303527225,27.8,5.594510424189001,1.0902039000000003,0.07173013687133789
1778535567.5550575,2026-05-11T22:39:27.555061,5.13157,1.03813,5.3272367641,27.8,5.647782791830001,1.1005852000000003,0.07173013687133789
1778535567.5550828,2026-05-11T22:39:27.555083,5.13157,1.05013,5.3888156041,27.8,5.701670947871001,1.1110865000000003,0.07173013687133789
1778535567.5551035,2026-05-11T22:39:27.555104,5.13157,1.05362,5.4067247834,27.8,5.755738195705002,1.1216227000000003,0.07173013687133789
1778535567.5952835,2026-05-11T22:39:27.595290,5.13161,1.05461,5.4118472221000005,27.8,5.8098566679260015,1.1321688000000003,0.11198806762695312
1778535567.5953333,2026-05-11T22:39:27.595334,5.13161,1.03892,5.331332261200001,27.8,5.863169990538002,1.1425580000000004,0.11198806762695312
1778535567.5953512,2026-05-11T22:39:27.595352,5.13161,1.03892,5.331332261200001,27.8,5.916483313150002,1.1529472000000005,0.11198806762695312
1778535567.5953662,2026-05-11T22:39:27.595366,5.13161,1.03892,5.331332261200001,27.8,5.969796635762003,1.1633364000000006,0.11198806762695312
1778535567.635342,2026-05-11T22:39:27.635347,5.13161,1.04963,5.386291804300001,27.8,6.023659553805003,1.1738327000000006,0.15204715728759766
1778535567.6353943,2026-05-11T22:39:27.635395,5.13161,1.05611,5.4195446371000005,27.8,6.077855000176003,1.1843938000000007,0.15204715728759766
1778535567.6354122,2026-05-11T22:39:27.635412,5.13161,1.05561,5.4169788321,27.8,6.132024788497003,1.1949499000000008,0.15204715728759766
1778535567.6354287,2026-05-11T22:39:27.635429,5.13161,1.05337,5.4054840257,27.8,6.186079628754003,1.2054836000000009,0.15204715728759766
1778535567.6750386,2026-05-11T22:39:27.675045,5.13161,1.02647,5.2674437167,27.8,6.238754065921003,1.215748300000001,0.19173502922058105
1778535567.6751037,2026-05-11T22:39:27.675104,5.13161,1.03892,5.331332261200001,27.8,6.292067388533003,1.226137500000001,0.19173502922058105
1778535567.675115,2026-05-11T22:39:27.675115,5.13153,1.03997,5.3366372541,27.8,6.345433761074004,1.236537200000001,0.19173502922058105
1778535567.6751237,2026-05-11T22:39:27.675124,5.13153,1.05561,5.416894383299999,27.8,6.399602704907004,1.247093300000001,0.19173502922058105
1778535567.714665,2026-05-11T22:39:27.714669,5.13153,1.03997,5.3366372541,27.8,6.452969077448004,1.257493000000001,0.23138070106506348
1778535567.7146862,2026-05-11T22:39:27.714686,5.13153,1.03997,5.3366372541,27.8,6.506335449989004,1.267892700000001,0.23138070106506348
1778535567.7146914,2026-05-11T22:39:27.714691,5.13153,1.03997,5.3366372541,27.8,6.5597018225300046,1.278292400000001,0.23138070106506348
1778535567.7147002,2026-05-11T22:39:27.714700,5.13153,1.03997,5.3366372541,27.8,6.613068195071005,1.2886921000000011,0.23138070106506348
1778535567.754689,2026-05-11T22:39:27.754691,5.13153,1.03997,5.3366372541,27.8,6.666434567612005,1.2990918000000011,0.2714083194732666
1778535567.7547045,2026-05-11T22:39:27.754704,5.13153,1.05013,5.388773598899999,27.8,6.720322303601005,1.3095931000000012,0.2714083194732666
1778535567.754709,2026-05-11T22:39:27.754709,5.13153,1.03997,5.3366372541,27.8,6.773688676142005,1.3199928000000012,0.2714083194732666
1778535567.7547128,2026-05-11T22:39:27.754712,5.13153,1.02747,5.2724931291,27.8,6.826413607433006,1.3302675000000013,0.2714083194732666
1778535567.7948568,2026-05-11T22:39:27.794858,5.13145,1.02747,5.2724109315000005,27.8,6.879137716748006,1.3405422000000013,0.31157660484313965
1778535567.7948718,2026-05-11T22:39:27.794871,5.13145,1.01925,5.2302304125,27.8,6.931440020873006,1.3507347000000014,0.31157660484313965
1778535567.7948759,2026-05-11T22:39:27.794876,5.13145,1.03996,5.336502742,27.8,6.984805048293006,1.3611343000000014,0.31157660484313965
1778535567.7948794,2026-05-11T22:39:27.794879,5.13145,1.03996,5.336502742,27.8,7.038170075713006,1.3715339000000013,0.31157660484313965
1778535567.834999,2026-05-11T22:39:27.835001,5.13145,1.03996,5.336502742,27.8,7.091535103133006,1.3819335000000013,0.3517172336578369
1778535567.8350174,2026-05-11T22:39:27.835017,5.13145,1.02374,5.253270623000001,27.8,7.144067809363006,1.3921709000000013,0.3517172336578369
1778535567.8350332,2026-05-11T22:39:27.835033,5.13145,1.02398,5.2545021709999995,27.8,7.196612831073006,1.4024107000000012,0.3517172336578369
1778535567.8350384,2026-05-11T22:39:27.835038,5.13145,1.03996,5.336502742,27.8,7.249977858493006,1.4128103000000012,0.3517172336578369
1778535567.8752465,2026-05-11T22:39:27.875253,5.13145,1.03996,5.336502742,27.8,7.303342885913006,1.4232099000000011,0.3919520378112793
1778535567.8752966,2026-05-11T22:39:27.875297,5.13145,1.03996,5.336502742,27.8,7.356707913333006,1.433609500000001,0.3919520378112793
1778535567.8753152,2026-05-11T22:39:27.875315,5.13141,1.15995,5.9521790295,27.8,7.416229703628006,1.445209000000001,0.3919520378112793
1778535567.875331,2026-05-11T22:39:27.875331,5.13141,1.04037,5.3385650217,27.8,7.469615353845006,1.455612700000001,0.3919520378112793
1778535567.9153008,2026-05-11T22:39:27.915307,5.13141,1.04037,5.3385650217,27.8,7.523001004062006,1.4660164000000009,0.4320063591003418
1778535567.9153495,2026-05-11T22:39:27.915350,5.13141,1.04037,5.3385650217,27.8,7.5763866542790055,1.4764201000000008,0.4320063591003418
1778535567.915366,2026-05-11T22:39:27.915366,5.13141,1.02946,5.2825813386,27.8,7.629212467665005,1.4867147000000007,0.4320063591003418
1778535567.9154058,2026-05-11T22:39:27.915406,5.13141,1.04037,5.3385650217,27.8,7.682598117882005,1.4971184000000006,0.4320063591003418
1778535567.9553075,2026-05-11T22:39:27.955313,5.13141,1.04037,5.3385650217,27.8,7.735983768099005,1.5075221000000005,0.4720127582550049
1778535567.9553564,2026-05-11T22:39:27.955357,5.13141,1.04037,5.3385650217,27.8,7.789369418316005,1.5179258000000004,0.4720127582550049
1778535567.9553745,2026-05-11T22:39:27.955375,5.13141,1.04037,5.3385650217,27.8,7.8427550685330045,1.5283295000000003,0.4720127582550049
1778535567.9553902,2026-05-11T22:39:27.955390,5.13141,1.04037,5.3385650217,27.8,7.896140718750004,1.5387332000000002,0.4720127582550049
1778535567.9950624,2026-05-11T22:39:27.995070,5.13137,1.02946,5.282540160200001,27.8,7.948966120352004,1.5490278000000002,0.5117509365081787
1778535567.9951546,2026-05-11T22:39:27.995158,5.13137,1.05511,5.4141598007,27.8,8.003107718359004,1.5595789000000002,0.5117509365081787
1778535567.9952097,2026-05-11T22:39:27.995212,5.13137,1.03997,5.336470858900001,27.8,8.056472426948003,1.5699786000000002,0.5117509365081787
1778535567.9953005,2026-05-11T22:39:27.995302,5.13137,1.03997,5.336470858900001,27.8,8.109837135537003,1.5803783000000002,0.5117509365081787
1778535568.0351217,2026-05-11T22:39:28.035125,5.13137,1.03997,5.336470858900001,27.8,8.163201844126002,1.5907780000000002,0.5518369674682617
1778535568.0351481,2026-05-11T22:39:28.035148,5.13137,1.03997,5.336470858900001,27.8,8.216566552715001,1.6011777000000003,0.5518369674682617
1778535568.035157,2026-05-11T22:39:28.035157,5.13137,1.02473,5.2582687801,27.8,8.269149240516,1.6114250000000003,0.5518369674682617
1778535568.0351648,2026-05-11T22:39:28.035165,5.13137,1.03997,5.336470858900001,27.8,8.322513949105,1.6218247000000003,0.5518369674682617
1778535568.0752845,2026-05-11T22:39:28.075289,5.13137,1.03997,5.336470858900001,27.8,8.375878657693999,1.6322244000000004,0.5919528007507324
1778535568.075327,2026-05-11T22:39:28.075328,5.13137,1.03997,5.336470858900001,27.8,8.429243366282998,1.6426241000000004,0.5919528007507324
1778535568.0753427,2026-05-11T22:39:28.075343,5.13137,1.05188,5.3975854756,27.8,8.483219221038999,1.6531429000000004,0.5919528007507324
1778535568.075355,2026-05-11T22:39:28.075355,5.13137,1.03901,5.3315447437,27.8,8.536534668476,1.6635330000000004,0.5919528007507324
1778535568.1149275,2026-05-11T22:39:28.114935,5.13137,1.021,5.23912877,27.8,8.588925956176,1.6737430000000004,0.6316242218017578
1778535568.114998,2026-05-11T22:39:28.115000,5.13137,1.02672,5.2684802064000005,27.8,8.64161075824,1.6840102000000003,0.6316242218017578
1778535568.1150582,2026-05-11T22:39:28.115060,5.13137,1.03901,5.3315447437,27.8,8.694926205677001,1.6944003000000003,0.6316242218017578
1778535568.1150923,2026-05-11T22:39:28.115093,5.13137,1.03901,5.3315447437,27.8,8.748241653114002,1.7047904000000003,0.6316242218017578
1778535568.155025,2026-05-11T22:39:28.155026,5.13137,1.03901,5.3315447437,27.8,8.801557100551003,1.7151805000000002,0.6717443466186523
1778535568.1550405,2026-05-11T22:39:28.155040,5.13137,1.03901,5.3315447437,27.8,8.854872547988004,1.7255706000000002,0.6717443466186523
1778535568.155045,2026-05-11T22:39:28.155045,5.13137,1.02423,5.2557030951,27.8,8.907429578939004,1.7358129000000002,0.6717443466186523
1778535568.1550488,2026-05-11T22:39:28.155049,5.13137,1.03901,5.3315447437,27.8,8.960745026376005,1.7462030000000002,0.6717443466186523
1778535568.195076,2026-05-11T22:39:28.195079,5.13141,1.03934,5.3332796693999995,27.8,9.014077823070005,1.7565964000000003,0.7117912769317627
1778535568.1951141,2026-05-11T22:39:28.195114,5.13141,1.03934,5.3332796693999995,27.8,9.067410619764006,1.7669898000000004,0.7117912769317627
1778535568.1951241,2026-05-11T22:39:28.195124,5.13141,1.03934,5.3332796693999995,27.8,9.120743416458007,1.7773832000000005,0.7117912769317627
1778535568.195131,2026-05-11T22:39:28.195131,5.13141,1.02847,5.2775012427,27.8,9.173518428885007,1.7876679000000004,0.7117912769317627
1778535568.235274,2026-05-11T22:39:28.235280,5.13141,1.03934,5.3332796693999995,27.8,9.226851225579008,1.7980613000000005,0.751978874206543
1778535568.2353244,2026-05-11T22:39:28.235325,5.13141,1.06781,5.479370912099999,27.8,9.281644934700008,1.8087394000000006,0.751978874206543
1778535568.2353425,2026-05-11T22:39:28.235343,5.13141,1.03934,5.3332796693999995,27.8,9.334977731394009,1.8191328000000007,0.751978874206543
1778535568.2353578,2026-05-11T22:39:28.235358,5.13141,1.03934,5.3332796693999995,27.8,9.38831052808801,1.8295262000000008,0.751978874206543
1778535568.2753167,2026-05-11T22:39:28.275323,5.13141,1.03934,5.3332796693999995,27.8,9.44164332478201,1.8399196000000009,0.7920215129852295
1778535568.2753656,2026-05-11T22:39:28.275366,5.13141,1.03934,5.3332796693999995,27.8,9.494976121476011,1.850313000000001,0.7920215129852295
1778535568.275384,2026-05-11T22:39:28.275384,5.13133,1.03959,5.3344793547,27.8,9.54832091502301,1.860708900000001,0.7920215129852295
1778535568.2754,2026-05-11T22:39:28.275400,5.13133,1.03959,5.3344793547,27.8,9.60166570857001,1.871104800000001,0.7920215129852295
1778535568.3152802,2026-05-11T22:39:28.315286,5.13133,1.03959,5.3344793547,27.8,9.65501050211701,1.881500700000001,0.8319826126098633
1778535568.315331,2026-05-11T22:39:28.315332,5.13133,1.03959,5.3344793547,27.8,9.70835529566401,1.891896600000001,0.8319826126098633
1778535568.31536,2026-05-11T22:39:28.315360,5.13133,1.02797,5.2748533001,27.8,9.761103828665009,1.902176300000001,0.8319826126098633
1778535568.3153746,2026-05-11T22:39:28.315375,5.13133,1.03959,5.3344793547,27.8,9.814448622212009,1.912572200000001,0.8319826126098633
1778535568.3553143,2026-05-11T22:39:28.355320,5.13133,1.05063,5.3911292378999995,27.8,9.868359914591009,1.923078500000001,0.8720188140869141
1778535568.3553636,2026-05-11T22:39:28.355364,5.13133,1.03959,5.3344793547,27.8,9.921704708138009,1.933474400000001,0.8720188140869141
1778535568.3553817,2026-05-11T22:39:28.355382,5.13133,1.03959,5.3344793547,27.8,9.975049501685008,1.943870300000001,0.8720188140869141
1778535568.355421,2026-05-11T22:39:28.355422,5.13133,1.05636,5.4205317588,27.8,10.029254819273008,1.954433900000001,0.8720188140869141
1778535568.3950965,2026-05-11T22:39:28.395098,5.13129,1.0401,5.337054729,27.8,10.082625366563008,1.9648349000000012,0.9118149280548096
1778535568.395114,2026-05-11T22:39:28.395114,5.13129,1.0401,5.337054729,27.8,10.135995913853007,1.9752359000000013,0.9118149280548096
1778535568.395119,2026-05-11T22:39:28.395119,5.13129,1.0401,5.337054729,27.8,10.189366461143006,1.9856369000000014,0.9118149280548096
1778535568.3951232,2026-05-11T22:39:28.395123,5.13129,1.02498,5.2594696242,27.8,10.241961157385006,1.9958867000000013,0.9118149280548096
1778535568.4351006,2026-05-11T22:39:28.435103,5.13129,1.02398,5.254338334199999,27.8,10.294504540727006,2.0061265000000015,0.9518172740936279
1778535568.4351227,2026-05-11T22:39:28.435123,5.13129,1.05412,5.4089954148,27.8,10.348594494875005,2.0166677000000015,0.9518172740936279
1778535568.4351296,2026-05-11T22:39:28.435129,5.13129,1.06308,5.4549717732,27.8,10.403144212607005,2.0272985000000014,0.9518172740936279
1778535568.435135,2026-05-11T22:39:28.435135,5.13129,1.06507,5.4651830402999995,27.8,10.457796043010005,2.0379492000000012,0.9518172740936279
1778535568.4749503,2026-05-11T22:39:28.474958,5.13129,1.06009,5.4396292161,27.8,10.512192335171004,2.0485501000000013,0.991635799407959
1778535568.4750798,2026-05-11T22:39:28.475086,5.13129,1.07678,5.5252704462,27.8,10.567445039633004,2.0593179000000013,0.991635799407959
1778535568.475142,2026-05-11T22:39:28.475144,5.13125,1.02324,5.250500249999999,27.8,10.619950042133004,2.0695503000000013,0.991635799407959
1778535568.4752152,2026-05-11T22:39:28.475217,5.13125,1.04126,5.342965375,27.8,10.673379695883003,2.0799629000000013,0.991635799407959
1778535568.5149765,2026-05-11T22:39:28.514983,5.13125,1.04126,5.342965375,27.8,10.726809349633003,2.0903755000000013,1.031681776046753
1778535568.5150514,2026-05-11T22:39:28.515052,5.13125,1.04126,5.342965375,27.8,10.780239003383002,2.1007881000000013,1.031681776046753
1778535568.5150695,2026-05-11T22:39:28.515070,5.13125,1.04126,5.342965375,27.8,10.833668657133002,2.1112007000000013,1.031681776046753
1778535568.5150838,2026-05-11T22:39:28.515084,5.13125,1.02672,5.268357,27.8,10.886352227133,2.121467900000001,1.031681776046753
1778535568.555101,2026-05-11T22:39:28.555103,5.13125,1.021,5.239006249999999,27.8,10.938742289633002,2.131677900000001,0.03212237358093262
1778535568.5551178,2026-05-11T22:39:28.555118,5.13125,1.04126,5.342965375,27.8,10.992171943383001,2.142090500000001,0.03212237358093262
1778535568.5551226,2026-05-11T22:39:28.555122,5.13125,1.05138,5.394893625,27.8,11.046120879633001,2.152604300000001,0.03212237358093262
1778535568.5551264,2026-05-11T22:39:28.555126,5.13125,1.04126,5.342965375,27.8,11.099550533383,2.163016900000001,0.03212237358093262
1778535568.5949337,2026-05-11T22:39:28.594939,5.13125,1.05337,5.405104812499999,27.8,11.153601581508001,2.173550600000001,0.07194375991821289
1778535568.5949762,2026-05-11T22:39:28.594977,5.13125,1.04065,5.3398353125,27.8,11.206999934633002,2.183957100000001,0.07194375991821289
1778535568.5949926,2026-05-11T22:39:28.594993,5.13125,1.02946,5.282416625,27.8,11.259824100883002,2.194251700000001,0.07194375991821289
1778535568.5950062,2026-05-11T22:39:28.595006,5.13125,1.04065,5.3398353125,27.8,11.313222454008002,2.2046582000000012,0.07194375991821289
1778535568.6353137,2026-05-11T22:39:28.635319,5.13125,1.04065,5.3398353125,27.8,11.366620807133003,2.2150647000000014,0.11232161521911621
1778535568.6353633,2026-05-11T22:39:28.635364,5.13125,1.04065,5.3398353125,27.8,11.420019160258004,2.2254712000000016,0.11232161521911621
1778535568.635381,2026-05-11T22:39:28.635381,5.13125,1.04065,5.3398353125,27.8,11.473417513383005,2.235877700000002,0.11232161521911621
1778535568.6353958,2026-05-11T22:39:28.635396,5.13125,1.04065,5.3398353125,27.8,11.526815866508006,2.246284200000002,0.11232161521911621
1778535568.6752691,2026-05-11T22:39:28.675275,5.13125,1.04065,5.3398353125,27.8,11.580214219633007,2.2566907000000023,0.15227699279785156
1778535568.6753182,2026-05-11T22:39:28.675319,5.13125,1.02996,5.28498225,27.8,11.633064042133007,2.2669903000000025,0.15227699279785156
1778535568.6753361,2026-05-11T22:39:28.675336,5.13129,1.03979,5.3354640291,27.8,11.686418682424007,2.2773882000000025,0.15227699279785156
1778535568.6753519,2026-05-11T22:39:28.675352,5.13129,1.03979,5.3354640291,27.8,11.739773322715006,2.2877861000000026,0.15227699279785156
1778535568.7153227,2026-05-11T22:39:28.715328,5.13129,1.03979,5.3354640291,27.8,11.793127963006006,2.2981840000000027,0.19233012199401855
1778535568.7153943,2026-05-11T22:39:28.715395,5.13129,1.03979,5.3354640291,27.8,11.846482603297005,2.3085819000000027,0.19233012199401855
1778535568.7154205,2026-05-11T22:39:28.715421,5.13129,1.03979,5.3354640291,27.8,11.899837243588005,2.318979800000003,0.19233012199401855
1778535568.7154348,2026-05-11T22:39:28.715435,5.13129,1.03979,5.3354640291,27.8,11.953191883879004,2.329377700000003,0.19233012199401855
1778535568.755264,2026-05-11T22:39:28.755269,5.13129,1.02623,5.2658837367,27.8,12.005850721246004,2.339640000000003,0.23227167129516602
1778535568.755313,2026-05-11T22:39:28.755314,5.13129,1.03979,5.3354640291,27.8,12.059205361537003,2.350037900000003,0.23227167129516602
1778535568.7553308,2026-05-11T22:39:28.755331,5.13129,1.03979,5.3354640291,27.8,12.112560001828003,2.360435800000003,0.23227167129516602
1778535568.7553458,2026-05-11T22:39:28.755346,5.13129,1.03979,5.3354640291,27.8,12.165914642119002,2.370833700000003,0.23227167129516602
1778535568.7952418,2026-05-11T22:39:28.795248,5.13122,1.03971,5.334980746199999,27.8,12.219264449581003,2.381230800000003,0.272249698638916
1778535568.795291,2026-05-11T22:39:28.795292,5.13122,1.02523,5.2606806806,27.8,12.271871256387003,2.391483100000003,0.272249698638916
1778535568.7953093,2026-05-11T22:39:28.795310,5.13122,1.03971,5.334980746199999,27.8,12.325221063849003,2.401880200000003,0.272249698638916
1778535568.7953246,2026-05-11T22:39:28.795325,5.13122,1.03971,5.334980746199999,27.8,12.378570871311004,2.412277300000003,0.272249698638916
1778535568.8352392,2026-05-11T22:39:28.835249,5.13122,1.03971,5.334980746199999,27.8,12.431920678773004,2.422674400000003,0.3122377395629883
1778535568.8353052,2026-05-11T22:39:28.835306,5.13122,1.03971,5.334980746199999,27.8,12.485270486235004,2.433071500000003,0.3122377395629883
1778535568.8353236,2026-05-11T22:39:28.835324,5.13122,1.03971,5.334980746199999,27.8,12.538620293697004,2.443468600000003,0.3122377395629883
1778535568.8353393,2026-05-11T22:39:28.835339,5.13122,1.02224,5.2453383328,27.8,12.591073677025005,2.453691000000003,0.3122377395629883
1778535568.8753092,2026-05-11T22:39:28.875315,5.13122,1.019,5.22871318,27.8,12.643360808825005,2.4638810000000033,0.35231804847717285
1778535568.875358,2026-05-11T22:39:28.875359,5.13122,1.03971,5.334980746199999,27.8,12.696710616287005,2.4742781000000034,0.35231804847717285
1778535568.8753762,2026-05-11T22:39:28.875376,5.13118,1.03951,5.3339129218,27.8,12.750049745505004,2.4846732000000036,0.35231804847717285
1778535568.8754144,2026-05-11T22:39:28.875415,5.13118,1.03951,5.3339129218,27.8,12.803388874723003,2.495068300000004,0.35231804847717285
1778535568.9152262,2026-05-11T22:39:28.915232,5.13118,1.03951,5.3339129218,27.8,12.856728003941003,2.505463400000004,0.39223384857177734
1778535568.915275,2026-05-11T22:39:28.915276,5.13118,1.03951,5.3339129218,27.8,12.910067133159002,2.515858500000004,0.39223384857177734
1778535568.915293,2026-05-11T22:39:28.915293,5.13118,1.03951,5.3339129218,27.8,12.963406262377001,2.5262536000000044,0.39223384857177734
1778535568.915308,2026-05-11T22:39:28.915308,5.13118,1.03951,5.3339129218,27.8,13.016745391595,2.5366487000000046,0.39223384857177734
1778535568.955352,2026-05-11T22:39:28.955358,5.13118,1.05461,5.4113937398,27.8,13.070859328993,2.5471948000000046,0.4323587417602539
1778535568.9554,2026-05-11T22:39:28.955400,5.13118,1.03951,5.3339129218,27.8,13.124198458211,2.557589900000005,0.4323587417602539
1778535568.955416,2026-05-11T22:39:28.955416,5.13118,1.05038,5.3896888484000005,27.8,13.178095346694999,2.568093700000005,0.4323587417602539
1778535568.955434,2026-05-11T22:39:28.955437,5.13118,1.03951,5.3339129218,27.8,13.231434475912998,2.578488800000005,0.4323587417602539
1778535568.9948144,2026-05-11T22:39:28.994817,5.13118,1.04031,5.3380178658,27.8,13.284814654570997,2.588891900000005,0.4718358516693115
1778535568.9948323,2026-05-11T22:39:28.994832,5.13118,1.07429,5.512375362199999,27.8,13.339938408192998,2.599634800000005,0.4718358516693115
1778535568.994837,2026-05-11T22:39:28.994837,5.13118,1.04031,5.3380178658,27.8,13.393318586850997,2.610037900000005,0.4718358516693115
1778535568.9948406,2026-05-11T22:39:28.994840,5.13118,1.04031,5.3380178658,27.8,13.446698765508996,2.620441000000005,0.4718358516693115
1778535569.034794,2026-05-11T22:39:29.034797,5.13118,1.04031,5.3380178658,27.8,13.500078944166995,2.630844100000005,0.5118110179901123
1778535569.034822,2026-05-11T22:39:29.034822,5.13118,1.04031,5.3380178658,27.8,13.553459122824995,2.641247200000005,0.5118110179901123
1778535569.034831,2026-05-11T22:39:29.034831,5.13118,1.04031,5.3380178658,27.8,13.606839301482994,2.651650300000005,0.5118110179901123
1778535569.0348399,2026-05-11T22:39:29.034840,5.13118,1.04031,5.3380178658,27.8,13.660219480140993,2.662053400000005,0.5118110179901123
1778535569.075101,2026-05-11T22:39:29.075105,5.13118,1.05511,5.4139593298,27.8,13.714359073438994,2.6726045000000047,0.5521156787872314
1778535569.0751493,2026-05-11T22:39:29.075149,5.13118,1.05113,5.393537233399999,27.8,13.768294445772993,2.683115800000005,0.5521156787872314
1778535569.075162,2026-05-11T22:39:29.075162,5.13114,1.05636,5.4203310504,27.8,13.822497756276993,2.6936794000000046,0.5521156787872314
1778535569.0751715,2026-05-11T22:39:29.075172,5.13114,1.04071,5.3400287094,27.8,13.875898043370993,2.7040865000000047,0.5521156787872314
1778535569.1152878,2026-05-11T22:39:29.115294,5.13114,1.00879,5.1762427206,27.8,13.927660470576994,2.7141744000000045,0.5922956466674805
1778535569.1153371,2026-05-11T22:39:29.115339,5.13114,1.01477,5.2069269378,27.8,13.979729739954994,2.7243221000000046,0.5922956466674805
1778535569.1153564,2026-05-11T22:39:29.115357,5.13114,1.04071,5.3400287094,27.8,14.033130027048994,2.7347292000000047,0.5922956466674805
1778535569.1153717,2026-05-11T22:39:29.115372,5.13114,1.04071,5.3400287094,27.8,14.086530314142994,2.745136300000005,0.5922956466674805
1778535569.1549451,2026-05-11T22:39:29.154950,5.13114,1.04071,5.3400287094,27.8,14.139930601236994,2.755543400000005,0.631955623626709
1778535569.1549883,2026-05-11T22:39:29.154989,5.13114,1.04071,5.3400287094,27.8,14.193330888330994,2.765950500000005,0.631955623626709
1778535569.1550043,2026-05-11T22:39:29.155004,5.13114,1.01079,5.1865050006,27.8,14.245195938336995,2.776058400000005,0.631955623626709
1778535569.155018,2026-05-11T22:39:29.155018,5.13114,1.04071,5.3400287094,27.8,14.298596225430995,2.786465500000005,0.631955623626709
1778535569.1953368,2026-05-11T22:39:29.195343,5.1311,1.04079,5.340397569,27.8,14.352000201120994,2.7968734000000053,0.672260046005249
1778535569.195383,2026-05-11T22:39:29.195384,5.1311,1.04079,5.340397569,27.8,14.405404176810993,2.8072813000000054,0.672260046005249
1778535569.1953979,2026-05-11T22:39:29.195398,5.1311,1.05337,5.404946807,27.8,14.459453644880993,2.8178150000000053,0.672260046005249
1778535569.1954098,2026-05-11T22:39:29.195410,5.1311,1.04079,5.340397569,27.8,14.512857620570992,2.8282229000000054,0.672260046005249
1778535569.2349167,2026-05-11T22:39:29.234922,5.1311,1.04079,5.340397569,27.8,14.566261596260992,2.8386308000000056,0.7119243144989014
1778535569.2349675,2026-05-11T22:39:29.234968,5.1311,1.04079,5.340397569,27.8,14.619665571950991,2.8490387000000057,0.7119243144989014
1778535569.2349842,2026-05-11T22:39:29.234984,5.1311,1.04079,5.340397569,27.8,14.67306954764099,2.859446600000006,0.7119243144989014
1778535569.235023,2026-05-11T22:39:29.235024,5.1311,1.05461,5.411309371000001,27.8,14.727182641350991,2.869992700000006,0.7119243144989014
1778535569.2752585,2026-05-11T22:39:29.275265,5.1311,1.04079,5.340397569,27.8,14.78058661704099,2.880400600000006,0.7522661685943604
1778535569.275307,2026-05-11T22:39:29.275308,5.1311,1.02872,5.2784651920000005,27.8,14.83337126896099,2.890687800000006,0.7522661685943604
1778535569.2753253,2026-05-11T22:39:29.275325,5.13106,1.04084,5.3406124904,27.8,14.88677739386499,2.9010962000000062,0.7522661685943604
1778535569.2753646,2026-05-11T22:39:29.275365,5.13106,1.04084,5.3406124904,27.8,14.940183518768992,2.9115046000000064,0.7522661685943604
1778535569.3149958,2026-05-11T22:39:29.315005,5.13106,1.02946,5.2822210276,27.8,14.993005729044992,2.9217992000000064,0.7919888496398926
1778535569.3150756,2026-05-11T22:39:29.315078,5.13106,1.02573,5.2630821738,27.8,15.04563655078299,2.9320565000000065,0.7919888496398926
1778535569.3151028,2026-05-11T22:39:29.315104,5.13106,1.04084,5.3406124904,27.8,15.099042675686992,2.9424649000000067,0.7919888496398926
1778535569.3151276,2026-05-11T22:39:29.315128,5.13106,1.02847,5.277141278199999,27.8,15.151814088468992,2.952749600000007,0.7919888496398926
1778535569.3553317,2026-05-11T22:39:29.355338,5.13106,1.02697,5.269444688199999,27.8,15.204508535350993,2.9630193000000067,0.8323392868041992
1778535569.3553803,2026-05-11T22:39:29.355381,5.13106,1.04084,5.3406124904,27.8,15.257914660254993,2.973427700000007,0.8323392868041992
1778535569.3553975,2026-05-11T22:39:29.355397,5.13106,1.02822,5.275858513199999,27.8,15.310673245386994,2.9837099000000067,0.8323392868041992
1778535569.3554122,2026-05-11T22:39:29.355412,5.13106,1.04084,5.3406124904,27.8,15.364079370290995,2.994118300000007,0.8323392868041992
1778535569.3946688,2026-05-11T22:39:29.394671,5.1311,1.06383,5.458618113,27.8,15.418665551420995,3.004756600000007,0.8716886043548584
1778535569.3946884,2026-05-11T22:39:29.394688,5.1311,1.05237,5.399815707,27.8,15.472663708490995,3.015280300000007,0.8716886043548584
1778535569.3946927,2026-05-11T22:39:29.394692,5.11767,1.05237,5.3856823779,27.8,15.526520532269995,3.0258040000000066,0.8716886043548584
1778535569.394696,2026-05-11T22:39:29.394696,5.1311,1.05312,5.403664032,27.8,15.580557172589995,3.0363352000000066,0.8716886043548584
1778535569.4350927,2026-05-11T22:39:29.435095,5.1311,1.02946,5.282262206,27.8,15.633379794649995,3.0466298000000065,0.912102222442627
1778535569.4351153,2026-05-11T22:39:29.435115,5.1311,1.04159,5.344502449,27.8,15.686824819139995,3.0570457000000064,0.912102222442627
1778535569.4351218,2026-05-11T22:39:29.435122,5.1311,1.05935,5.435630785,27.8,15.741181126989995,3.0676392000000066,0.912102222442627
1778535569.4351268,2026-05-11T22:39:29.435127,5.1311,1.03071,5.288676081,27.8,15.794067887799995,3.0779463000000065,0.912102222442627
1778535569.4752448,2026-05-11T22:39:29.475250,5.1311,1.04159,5.344502449,27.8,15.847512912289995,3.0883622000000064,0.9522519111633301
1778535569.475295,2026-05-11T22:39:29.475295,5.1311,1.04159,5.344502449,27.8,15.900957936779994,3.0987781000000063,0.9522519111633301
1778535569.4753118,2026-05-11T22:39:29.475312,5.1311,1.02,5.233722,27.8,15.953295156779994,3.1089781000000065,0.9522519111633301
1778535569.475355,2026-05-11T22:39:29.475355,5.1311,1.041,5.341475099999999,27.8,16.006709907779992,3.1193881000000063,0.9522519111633301
1778535569.5153246,2026-05-11T22:39:29.515330,5.1311,1.041,5.341475099999999,27.8,16.06012465877999,3.129798100000006,0.9923324584960938
1778535569.5153732,2026-05-11T22:39:29.515374,5.1311,1.041,5.341475099999999,27.8,16.11353940977999,3.140208100000006,0.9923324584960938
1778535569.5153906,2026-05-11T22:39:29.515391,5.1311,1.041,5.341475099999999,27.8,16.166954160779987,3.1506181000000058,0.9923324584960938
1778535569.5154061,2026-05-11T22:39:29.515406,5.1311,1.06009,5.439427799,27.8,16.221348438769986,3.1612190000000058,0.9923324584960938
1778535569.5551043,2026-05-11T22:39:29.555106,5.1311,1.041,5.341475099999999,27.8,16.274763189769985,3.1716290000000056,1.03212571144104
1778535569.5551217,2026-05-11T22:39:29.555121,5.1311,1.05312,5.403664032,27.8,16.328799830089984,3.1821602000000055,1.03212571144104
1778535569.5551257,2026-05-11T22:39:29.555125,5.1311,1.05237,5.399815707,27.8,16.382797987159986,3.1926839000000053,1.03212571144104
1778535569.5551295,2026-05-11T22:39:29.555129,5.1311,1.0586,5.43178246,27.8,16.437115811759984,3.2032699000000053,1.03212571144104
1778535569.5950885,2026-05-11T22:39:29.595091,5.13098,1.06283,5.4533594734,27.8,16.491649406493984,3.2138982000000054,0.032379150390625
1778535569.59511,2026-05-11T22:39:29.595110,5.13098,1.05661,5.421444777800001,27.8,16.545863854271985,3.2244643000000055,0.032379150390625
1778535569.5951266,2026-05-11T22:39:29.595126,5.13098,1.04168,5.344839246399999,27.8,16.599312246735984,3.2348811000000053,0.032379150390625
1778535569.5951328,2026-05-11T22:39:29.595133,5.13098,1.05835,5.430372683,27.8,16.653615973565984,3.2454646000000054,0.032379150390625
1778535569.6352258,2026-05-11T22:39:29.635231,5.13098,1.04168,5.344839246399999,27.8,16.707064366029982,3.255881400000005,0.07250833511352539
1778535569.635286,2026-05-11T22:39:29.635287,5.13098,1.05188,5.3971752423999995,27.8,16.761036118453983,3.266400200000005,0.07250833511352539
1778535569.6353018,2026-05-11T22:39:29.635302,5.13098,1.06507,5.4648528685999995,27.8,16.81568464713998,3.2770509000000048,0.07250833511352539
1778535569.6353142,2026-05-11T22:39:29.635314,5.13098,1.04168,5.344839246399999,27.8,16.86913303960398,3.2874677000000045,0.07250833511352539
1778535569.675326,2026-05-11T22:39:29.675332,5.13098,1.05437,5.4099513826,27.8,16.92323255342998,3.2980114000000045,0.11260437965393066
1778535569.675376,2026-05-11T22:39:29.675377,5.13098,1.04168,5.344839246399999,27.8,16.97668094589398,3.3084282000000043,0.11260437965393066
1778535569.6754184,2026-05-11T22:39:29.675419,5.13098,1.04287,5.3509451126,27.8,17.03019039701998,3.318856900000004,0.11260437965393066
1778535569.6754344,2026-05-11T22:39:29.675434,5.13098,1.05461,5.4111828178,27.8,17.08430222519798,3.329403000000004,0.11260437965393066
1778535569.715115,2026-05-11T22:39:29.715117,5.13098,1.0591,5.434220917999999,27.8,17.13864443437798,3.339994000000004,0.15240693092346191
1778535569.7151322,2026-05-11T22:39:29.715132,5.13098,1.04287,5.3509451126,27.8,17.19215388550398,3.3504227000000038,0.15240693092346191
1778535569.7151365,2026-05-11T22:39:29.715136,5.13098,1.04287,5.3509451126,27.8,17.24566333662998,3.3608514000000036,0.15240693092346191
1778535569.7151403,2026-05-11T22:39:29.715140,5.13098,1.05686,5.4227275228,27.8,17.299890611857982,3.3714200000000036,0.15240693092346191
1778535569.7550845,2026-05-11T22:39:29.755088,5.13098,1.01328,5.1991194144,27.8,17.351881806001984,3.3815528000000037,0.19237446784973145
1778535569.7551086,2026-05-11T22:39:29.755109,5.13098,1.04287,5.3509451126,27.8,17.405391257127985,3.3919815000000035,0.19237446784973145
1778535569.7551162,2026-05-11T22:39:29.755116,5.13098,1.04287,5.3509451126,27.8,17.458900708253985,3.4024102000000034,0.19237446784973145
1778535569.7551332,2026-05-11T22:39:29.755133,5.13098,1.04287,5.3509451126,27.8,17.512410159379986,3.4128389000000032,0.19237446784973145
1778535569.7951212,2026-05-11T22:39:29.795126,5.13098,1.04335,5.353407983,27.8,17.565944239209987,3.423272400000003,0.23240137100219727
1778535569.7951658,2026-05-11T22:39:29.795166,5.13098,1.02598,5.2642828604,27.8,17.618587067813987,3.4335322000000033,0.23240137100219727
1778535569.795182,2026-05-11T22:39:29.795182,5.13098,1.04335,5.353407983,27.8,17.67212114764399,3.4439657000000032,0.23240137100219727
1778535569.7951958,2026-05-11T22:39:29.795196,5.13098,1.0322,5.296197556,27.8,17.725083123203987,3.454287700000003,0.23240137100219727
1778535569.8353698,2026-05-11T22:39:29.835376,5.13098,1.05362,5.4061031476000005,27.8,17.779144154679987,3.4648239000000034,0.272646427154541
1778535569.8354192,2026-05-11T22:39:29.835420,5.13098,1.05486,5.4124655628,27.8,17.833268810307988,3.4753725000000033,0.272646427154541
1778535569.8354373,2026-05-11T22:39:29.835438,5.13098,1.04335,5.353407983,27.8,17.88680289013799,3.4858060000000033,0.272646427154541
1778535569.835453,2026-05-11T22:39:29.835453,5.13098,1.04335,5.353407983,27.8,17.94033696996799,3.4962395000000033,0.272646427154541
1778535569.8753054,2026-05-11T22:39:29.875311,5.13098,1.02174,5.242527505200001,27.8,17.99276224501999,3.5064569000000034,0.31258416175842285
1778535569.8753545,2026-05-11T22:39:29.875355,5.13098,1.04335,5.353407983,27.8,18.04629632484999,3.5168904000000034,0.31258416175842285
1778535569.8753986,2026-05-11T22:39:29.875399,5.11642,1.04392,5.3411331664,27.8,18.099707656513992,3.5273296000000034,0.31258416175842285
1778535569.8754137,2026-05-11T22:39:29.875414,5.13098,1.04392,5.3563326416,27.8,18.153270982929993,3.5377688000000034,0.31258416175842285
1778535569.9151063,2026-05-11T22:39:29.915108,5.13098,1.04392,5.3563326416,27.8,18.206834309345993,3.5482080000000034,0.3523988723754883
1778535569.915124,2026-05-11T22:39:29.915124,5.13098,1.04392,5.3563326416,27.8,18.260397635761993,3.5586472000000033,0.3523988723754883
1778535569.915128,2026-05-11T22:39:29.915128,5.13098,1.02872,5.278341745600001,27.8,18.313181053217992,3.5689344000000034,0.3523988723754883
1778535569.9151318,2026-05-11T22:39:29.915131,5.13098,1.04392,5.3563326416,27.8,18.366744379633992,3.5793736000000034,0.3523988723754883
1778535569.9548185,2026-05-11T22:39:29.954821,5.13098,1.04392,5.3563326416,27.8,18.420307706049993,3.5898128000000034,0.3921070098876953
1778535569.9548566,2026-05-11T22:39:29.954857,5.13098,1.04392,5.3563326416,27.8,18.473871032465993,3.6002520000000033,0.3921070098876953
1778535569.954866,2026-05-11T22:39:29.954866,5.13098,1.04392,5.3563326416,27.8,18.527434358881994,3.6106912000000033,0.3921070098876953
1778535569.954873,2026-05-11T22:39:29.954873,5.13098,1.04392,5.3563326416,27.8,18.580997685297994,3.6211304000000033,0.3921070098876953
1778535569.9952419,2026-05-11T22:39:29.995247,5.1309,1.0436,5.35460724,27.8,18.634543757697994,3.631566400000003,0.4325222969055176
1778535569.9952862,2026-05-11T22:39:29.995287,5.1309,1.0576,5.4264398400000005,27.8,18.688808156097995,3.642142400000003,0.4325222969055176
1778535569.9953022,2026-05-11T22:39:29.995302,5.1309,1.0436,5.35460724,27.8,18.742354228497994,3.652578400000003,0.4325222969055176
1778535569.9953163,2026-05-11T22:39:29.995316,5.1309,1.06731,5.476260879,27.8,18.797116837287994,3.663251500000003,0.4325222969055176
1778535570.0350487,2026-05-11T22:39:30.035054,5.1309,1.0436,5.35460724,27.8,18.850662909687994,3.673687500000003,0.47232747077941895
1778535570.0350976,2026-05-11T22:39:30.035098,5.1309,1.0436,5.35460724,27.8,18.904208982087994,3.6841235000000028,0.47232747077941895
1778535570.0351145,2026-05-11T22:39:30.035115,5.1309,1.0436,5.35460724,27.8,18.957755054487993,3.6945595000000027,0.47232747077941895
1778535570.0351293,2026-05-11T22:39:30.035129,5.1309,1.0436,5.35460724,27.8,19.011301126887993,3.7049955000000026,0.47232747077941895
1778535570.0751436,2026-05-11T22:39:30.075147,5.1309,1.0436,5.35460724,27.8,19.064847199287993,3.7154315000000024,0.51242995262146
1778535570.0751903,2026-05-11T22:39:30.075190,5.10265,1.24263,6.340705969499999,27.8,19.12825425898299,3.7278578000000024,0.51242995262146
1778535570.0752013,2026-05-11T22:39:30.075201,5.13063,1.23416,6.3320183208,27.8,19.19157444219099,3.7401994000000025,0.51242995262146
1778535570.07521,2026-05-11T22:39:30.075210,5.15022,1.04608,5.3875421376,27.8,19.24544986356699,3.7506602000000027,0.51242995262146
1778535570.1148617,2026-05-11T22:39:30.114866,5.13063,1.04608,5.3670494304,27.8,19.29912035787099,3.761121000000003,0.5521471500396729
1778535570.1148977,2026-05-11T22:39:30.114898,5.13063,1.02598,5.2639237674,27.8,19.35175959554499,3.771380800000003,0.5521471500396729
1778535570.114936,2026-05-11T22:39:30.114937,5.13063,1.03419,5.3060462397,27.8,19.40482005794199,3.7817227000000027,0.5521471500396729
1778535570.114959,2026-05-11T22:39:30.114963,5.13063,1.04608,5.3670494304,27.8,19.45849055224599,3.792183500000003,0.5521471500396729
1778535570.155261,2026-05-11T22:39:30.155266,5.13063,1.04608,5.3670494304,27.8,19.51216104654999,3.802644300000003,0.5925419330596924
1778535570.1553047,2026-05-11T22:39:30.155306,5.13063,1.04608,5.3670494304,27.8,19.565831540853992,3.813105100000003,0.5925419330596924
1778535570.1553216,2026-05-11T22:39:30.155322,5.13063,1.04608,5.3670494304,27.8,19.619502035157993,3.8235659000000033,0.5925419330596924
1778535570.1553352,2026-05-11T22:39:30.155335,5.13063,1.0317,5.293270971,27.8,19.672434744867992,3.8338829000000034,0.5925419330596924
1778535570.1950228,2026-05-11T22:39:30.195030,5.13082,1.04738,5.3739182516,27.8,19.726173927383993,3.8443567000000036,0.6322941780090332
1778535570.1950989,2026-05-11T22:39:30.195101,5.13082,1.04738,5.3739182516,27.8,19.779913109899994,3.854830500000004,0.6322941780090332
1778535570.195139,2026-05-11T22:39:30.195141,5.13082,1.06233,5.4506240106,27.8,19.834419350005994,3.8654538000000036,0.6322941780090332
1778535570.1951826,2026-05-11T22:39:30.195185,5.13082,1.04738,5.3739182516,27.8,19.888158532521995,3.875927600000004,0.6322941780090332
1778535570.2352462,2026-05-11T22:39:30.235251,5.13082,1.06059,5.441696383799999,27.8,19.942575496359996,3.8865335000000036,0.6725265979766846
1778535570.23529,2026-05-11T22:39:30.235291,5.13082,1.04738,5.3739182516,27.8,19.996314678875997,3.897007300000004,0.6725265979766846
1778535570.235306,2026-05-11T22:39:30.235306,5.13082,1.04738,5.3739182516,27.8,20.050053861391998,3.907481100000004,0.6725265979766846
1778535570.2353194,2026-05-11T22:39:30.235320,5.13082,1.04738,5.3739182516,27.8,20.103793043908,3.9179549000000042,0.6725265979766846
1778535570.2750735,2026-05-11T22:39:30.275081,5.13082,1.04738,5.3739182516,27.8,20.157532226424,3.9284287000000044,0.7123394012451172
1778535570.2751925,2026-05-11T22:39:30.275196,5.13082,1.04738,5.3739182516,27.8,20.21127140894,3.9389025000000046,0.7123394012451172
1778535570.275239,2026-05-11T22:39:30.275241,5.13082,1.06557,5.467247867399999,27.8,20.265943887614,3.9495582000000047,0.7123394012451172
1778535570.275284,2026-05-11T22:39:30.275285,5.13082,1.04827,5.3784846814,27.8,20.319728734428,3.9600409000000045,0.7123394012451172
1778535570.315354,2026-05-11T22:39:30.315360,5.13082,1.04827,5.3784846814,27.8,20.373513581242,3.9705236000000044,0.7526066303253174
1778535570.315406,2026-05-11T22:39:30.315407,5.13082,1.03818,5.326714707600001,27.8,20.426780728318,3.9809054000000046,0.7526066303253174
1778535570.3154235,2026-05-11T22:39:30.315424,5.13082,1.04827,5.3784846814,27.8,20.480565575132,3.9913881000000044,0.7526066303253174
1778535570.3154373,2026-05-11T22:39:30.315438,5.13082,1.04827,5.3784846814,27.8,20.534350421946,4.001870800000004,0.7526066303253174
1778535570.355284,2026-05-11T22:39:30.355290,5.13082,1.04827,5.3784846814,27.8,20.588135268760002,4.012353500000004,0.7925591468811035
1778535570.3553388,2026-05-11T22:39:30.355339,5.13082,1.02349,5.2513429618,27.8,20.640648698378,4.0225884000000045,0.7925591468811035
1778535570.3553584,2026-05-11T22:39:30.355359,5.13082,1.02573,5.2628359986,27.8,20.693277058364,4.032845700000005,0.7925591468811035
1778535570.3553734,2026-05-11T22:39:30.355374,5.13082,1.02822,5.2756117404,27.8,20.746033175768,4.043127900000004,0.7925591468811035
1778535570.3953402,2026-05-11T22:39:30.395346,5.13082,1.048,5.37709936,27.8,20.799804169368002,4.053607900000005,0.8326187133789062
1778535570.395389,2026-05-11T22:39:30.395390,5.13082,1.048,5.37709936,27.8,20.853575162968003,4.064087900000005,0.8326187133789062
1778535570.395407,2026-05-11T22:39:30.395407,5.13082,1.048,5.37709936,27.8,20.907346156568003,4.074567900000005,0.8326187133789062
1778535570.3954222,2026-05-11T22:39:30.395423,5.13082,1.048,5.37709936,27.8,20.961117150168004,4.0850479000000055,0.8326187133789062
1778535570.435331,2026-05-11T22:39:30.435337,5.13082,1.02473,5.257705178599999,27.8,21.013694201954003,4.095295200000005,0.8726089000701904
1778535570.4353795,2026-05-11T22:39:30.435380,5.13082,1.02274,5.2474948468,27.8,21.066169150422002,4.105522600000005,0.8726089000701904
1778535570.4353971,2026-05-11T22:39:30.435397,5.13082,1.048,5.37709936,27.8,21.119940144022003,4.116002600000005,0.8726089000701904
1778535570.4354124,2026-05-11T22:39:30.435413,5.13082,1.048,5.37709936,27.8,21.173711137622004,4.126482600000005,0.8726089000701904
1778535570.4753206,2026-05-11T22:39:30.475327,5.13082,1.048,5.37709936,27.8,21.227482131222004,4.136962600000006,0.9125983715057373
1778535570.47537,2026-05-11T22:39:30.475371,5.13082,1.048,5.37709936,27.8,21.281253124822005,4.147442600000006,0.9125983715057373
1778535570.4754124,2026-05-11T22:39:30.475413,5.13082,1.03295,5.299880519,27.8,21.334251930012005,4.157772100000006,0.9125983715057373
1778535570.475429,2026-05-11T22:39:30.475429,5.13082,1.03096,5.2896701872000005,27.8,21.387148631884006,4.168081700000006,0.9125983715057373
1778535570.5150836,2026-05-11T22:39:30.515086,5.13082,1.04817,5.3779715994,27.8,21.440928347878007,4.178563400000006,0.9523751735687256
1778535570.5151007,2026-05-11T22:39:30.515101,5.13082,1.04817,5.3779715994,27.8,21.494708063872007,4.189045100000006,0.9523751735687256
1778535570.5151052,2026-05-11T22:39:30.515105,5.13082,1.04817,5.3779715994,27.8,21.548487779866008,4.1995268000000054,0.9523751735687256
1778535570.515109,2026-05-11T22:39:30.515109,5.13082,1.04817,5.3779715994,27.8,21.60226749586001,4.210008500000005,0.9523751735687256
1778535570.5550845,2026-05-11T22:39:30.555087,5.13082,1.03345,5.302445929,27.8,21.65529195515001,4.220343000000005,0.992375373840332
1778535570.555104,2026-05-11T22:39:30.555104,5.13082,1.04817,5.3779715994,27.8,21.70907167114401,4.230824700000005,0.992375373840332
1778535570.55511,2026-05-11T22:39:30.555110,5.13082,1.04817,5.3779715994,27.8,21.76285138713801,4.2413064000000045,0.992375373840332
1778535570.5551147,2026-05-11T22:39:30.555115,5.13082,1.04817,5.3779715994,27.8,21.81663110313201,4.251788100000004,0.992375373840332
1778535570.5950997,2026-05-11T22:39:30.595102,5.13086,1.0482,5.3781674520000005,27.8,21.87041277765201,4.262270100000004,1.0323920249938965
1778535570.5951178,2026-05-11T22:39:30.595118,5.13086,1.0482,5.3781674520000005,27.8,21.92419445217201,4.2727521000000035,1.0323920249938965
1778535570.5951226,2026-05-11T22:39:30.595122,5.13086,1.0482,5.3781674520000005,27.8,21.97797612669201,4.283234100000003,1.0323920249938965
1778535570.5951266,2026-05-11T22:39:30.595126,5.13086,1.0482,5.3781674520000005,27.8,22.03175780121201,4.293716100000003,1.0323920249938965
1778535570.635189,2026-05-11T22:39:30.635192,5.13086,1.0322,5.296073692,27.8,22.08471853813201,4.304038100000003,0.03217434883117676
1778535570.6352189,2026-05-11T22:39:30.635219,5.13086,1.03469,5.308849533400001,27.8,22.137807033466007,4.314385000000003,0.03217434883117676
1778535570.6352303,2026-05-11T22:39:30.635230,5.13086,1.0482,5.3781674520000005,27.8,22.191588707986007,4.324867000000003,0.03217434883117676
1778535570.635254,2026-05-11T22:39:30.635254,5.13086,1.0482,5.3781674520000005,27.8,22.245370382506007,4.335349000000003,0.03217434883117676
1778535570.675231,2026-05-11T22:39:30.675236,5.13086,1.0482,5.3781674520000005,27.8,22.299152057026006,4.345831000000002,0.07221055030822754
1778535570.6752756,2026-05-11T22:39:30.675276,5.13086,1.0482,5.3781674520000005,27.8,22.352933731546006,4.356313000000002,0.07221055030822754
1778535570.6752927,2026-05-11T22:39:30.675293,5.1309,1.03619,5.3165872709999995,27.8,22.406099604256006,4.366674900000002,0.07221055030822754
1778535570.6753063,2026-05-11T22:39:30.675306,5.1309,1.02747,5.2718458230000005,27.8,22.458818062486007,4.376949600000002,0.07221055030822754
1778535570.7152479,2026-05-11T22:39:30.715253,5.1309,1.03345,5.302528604999999,27.8,22.511843348536008,4.387284100000002,0.1122279167175293
1778535570.7152908,2026-05-11T22:39:30.715291,5.1309,1.047,5.372052299999999,27.8,22.565563871536007,4.397754100000002,0.1122279167175293
1778535570.7153063,2026-05-11T22:39:30.715306,5.1309,1.047,5.372052299999999,27.8,22.619284394536006,4.408224100000002,0.1122279167175293
1778535570.7153203,2026-05-11T22:39:30.715320,5.1309,1.047,5.372052299999999,27.8,22.673004917536005,4.4186941000000015,0.1122279167175293
1778535570.7546098,2026-05-11T22:39:30.754612,5.1309,1.03519,5.311456371,27.8,22.726119481246005,4.429046000000001,0.15160179138183594
1778535570.754626,2026-05-11T22:39:30.754626,5.1309,1.00705,5.167072845,27.8,22.777790209696004,4.439116500000002,0.15160179138183594
1778535570.7546299,2026-05-11T22:39:30.754630,5.1309,1.047,5.372052299999999,27.8,22.831510732696003,4.449586500000001,0.15160179138183594
1778535570.7546337,2026-05-11T22:39:30.754633,5.1309,1.047,5.372052299999999,27.8,22.885231255696002,4.460056500000001,0.15160179138183594
1778535570.7951133,2026-05-11T22:39:30.795115,5.13094,1.04673,5.3707088262,27.8,22.938938343958004,4.470523800000001,0.19210433959960938
1778535570.795131,2026-05-11T22:39:30.795131,5.13094,1.04673,5.3707088262,27.8,22.992645432220005,4.480991100000002,0.19210433959960938
1778535570.795136,2026-05-11T22:39:30.795136,5.13094,1.04673,5.3707088262,27.8,23.046352520482007,4.491458400000002,0.19210433959960938
1778535570.79514,2026-05-11T22:39:30.795140,5.13094,1.02573,5.2629590862,27.8,23.098982111344007,4.501715700000002,0.19210433959960938
1778535570.8351078,2026-05-11T22:39:30.835111,5.13094,1.04673,5.3707088262,27.8,23.15268919960601,4.512183000000002,0.23209691047668457
1778535570.8351421,2026-05-11T22:39:30.835142,5.13094,1.04673,5.3707088262,27.8,23.20639628786801,4.522650300000002,0.23209691047668457
1778535570.83515,2026-05-11T22:39:30.835150,5.13094,1.04673,5.3707088262,27.8,23.26010337613001,4.533117600000002,0.23209691047668457
1778535570.8351593,2026-05-11T22:39:30.835159,5.13094,1.04673,5.3707088262,27.8,23.313810464392013,4.543584900000003,0.23209691047668457
1778535570.8752384,2026-05-11T22:39:30.875244,5.13094,1.03096,5.2897939024000005,27.8,23.366708403416013,4.553894500000003,0.2722179889678955
1778535570.8752828,2026-05-11T22:39:30.875283,5.13094,1.02299,5.2489003106,27.8,23.419197406522013,4.5641244000000025,0.2722179889678955
1778535570.8752987,2026-05-11T22:39:30.875299,5.13094,1.14451,5.8724121394,27.8,23.477921527916013,4.575569500000003,0.2722179889678955
1778535570.8753123,2026-05-11T22:39:30.875313,5.13094,1.04688,5.3714784672,27.8,23.531636312588013,4.586038300000003,0.2722179889678955
1778535570.9152431,2026-05-11T22:39:30.915249,5.13094,1.04688,5.3714784672,27.8,23.585351097260013,4.596507100000003,0.3122239112854004
1778535570.9152873,2026-05-11T22:39:30.915288,5.13094,1.06059,5.441823654599999,27.8,23.63976933380601,4.607113000000003,0.3122239112854004
1778535570.915303,2026-05-11T22:39:30.915303,5.13094,1.04688,5.3714784672,27.8,23.69348411847801,4.617581800000003,0.3122239112854004
1778535570.9153166,2026-05-11T22:39:30.915317,5.13094,1.04688,5.3714784672,27.8,23.74719890315001,4.628050600000003,0.3122239112854004
1778535570.9551165,2026-05-11T22:39:30.955119,5.13094,1.04688,5.3714784672,27.8,23.80091368782201,4.6385194000000025,0.35210752487182617
1778535570.9551349,2026-05-11T22:39:30.955135,5.13094,1.04688,5.3714784672,27.8,23.85462847249401,4.6489882000000025,0.35210752487182617
1778535570.95514,2026-05-11T22:39:30.955140,5.13094,1.03096,5.2897939024000005,27.8,23.90752641151801,4.659297800000003,0.35210752487182617
1778535570.9551442,2026-05-11T22:39:30.955144,5.13094,1.04688,5.3714784672,27.8,23.96124119619001,4.669766600000003,0.35210752487182617
1778535570.9951215,2026-05-11T22:39:30.995123,5.13102,1.048,5.377308960000001,27.8,24.01501428579001,4.680246600000003,0.39211297035217285
1778535570.9951396,2026-05-11T22:39:30.995139,5.13102,1.048,5.377308960000001,27.8,24.06878737539001,4.690726600000003,0.39211297035217285
1778535570.9951537,2026-05-11T22:39:30.995154,5.13102,1.06806,5.4802372212,27.8,24.123589747602008,4.701407200000003,0.39211297035217285
1778535570.9951582,2026-05-11T22:39:30.995158,5.13102,1.048,5.377308960000001,27.8,24.177362837202008,4.711887200000003,0.39211297035217285
1778535571.0351148,2026-05-11T22:39:31.035118,5.13102,1.048,5.377308960000001,27.8,24.231135926802008,4.722367200000003,0.43210291862487793
1778535571.0351405,2026-05-11T22:39:31.035141,5.13102,1.03644,5.317994368800001,27.8,24.28431587049001,4.732731600000004,0.43210291862487793
1778535571.0351493,2026-05-11T22:39:31.035149,5.13102,1.048,5.377308960000001,27.8,24.33808896009001,4.743211600000004,0.43210291862487793
1778535571.035169,2026-05-11T22:39:31.035169,5.13102,1.048,5.377308960000001,27.8,24.39186204969001,4.753691600000004,0.43210291862487793
1778535571.0752535,2026-05-11T22:39:31.075259,5.13102,1.019,5.22850938,27.8,24.444147143490007,4.763881600000004,0.4722328186035156
1778535571.0752974,2026-05-11T22:39:31.075298,5.13102,1.03295,5.300087109000001,27.8,24.497148014580006,4.774211100000004,0.4722328186035156
1778535571.0753136,2026-05-11T22:39:31.075314,5.13102,1.03544,5.3128633488,27.8,24.550276648068007,4.784565500000004,0.4722328186035156
1778535571.0753276,2026-05-11T22:39:31.075328,5.11517,1.09545,5.6034129765000005,27.8,24.606310777833006,4.795520000000004,0.4722328186035156
1778535571.1151679,2026-05-11T22:39:31.115171,5.13102,1.04823,5.3784890946,27.8,24.660095668779007,4.806002300000004,0.5121526718139648
1778535571.1151993,2026-05-11T22:39:31.115199,5.13102,1.01776,5.222146915200001,27.8,24.712317137931006,4.816179900000003,0.5121526718139648
1778535571.11521,2026-05-11T22:39:31.115210,5.13102,1.04823,5.3784890946,27.8,24.766102028877008,4.826662200000003,0.5121526718139648
1778535571.1152196,2026-05-11T22:39:31.115220,5.13102,1.0977,5.632320654,27.8,24.822425235417008,4.837639200000003,0.5121526718139648
1778535571.1552403,2026-05-11T22:39:31.155245,5.13102,1.04823,5.3784890946,27.8,24.87621012636301,4.848121500000002,0.5522201061248779
1778535571.1552837,2026-05-11T22:39:31.155284,5.13102,1.06059,5.4419085018,27.8,24.93062921138101,4.858727400000002,0.5522201061248779
1778535571.1552987,2026-05-11T22:39:31.155299,5.13102,1.04823,5.3784890946,27.8,24.984414102327012,4.869209700000002,0.5522201061248779
1778535571.1553125,2026-05-11T22:39:31.155313,5.13102,1.03793,5.3256395886000005,27.8,25.03767049821301,4.879589000000002,0.5522201061248779
1778535571.1950066,2026-05-11T22:39:31.195012,5.13102,1.04535,5.363711757000001,27.8,25.09130761578301,4.890042500000002,0.5919666290283203
1778535571.1950514,2026-05-11T22:39:31.195052,5.13102,1.04535,5.363711757000001,27.8,25.144944733353007,4.900496000000001,0.5919666290283203
1778535571.195067,2026-05-11T22:39:31.195067,5.13102,1.06482,5.463612716400001,27.8,25.199580860517006,4.911144200000002,0.5919666290283203
1778535571.1950788,2026-05-11T22:39:31.195079,5.13102,1.04535,5.363711757000001,27.8,25.253217978087005,4.921597700000001,0.5919666290283203
1778535571.235242,2026-05-11T22:39:31.235247,5.13102,1.04535,5.363711757000001,27.8,25.306855095657003,4.932051200000001,0.6322216987609863
1778535571.235286,2026-05-11T22:39:31.235286,5.11892,1.04535,5.351063022,27.8,25.360365725877003,4.942504700000001,0.6322216987609863
1778535571.2353234,2026-05-11T22:39:31.235324,5.13102,1.04535,5.363711757000001,27.8,25.414002843447,4.9529582,0.6322216987609863
1778535571.235337,2026-05-11T22:39:31.235337,5.13102,1.04535,5.363711757000001,27.8,25.467639961017,4.9634117,0.6322216987609863
1778535571.2751856,2026-05-11T22:39:31.275191,5.13102,1.03494,5.3102978388,27.8,25.520742939405,4.9737611,0.6721665859222412
1778535571.2752287,2026-05-11T22:39:31.275229,5.13102,1.03146,5.292441889200001,27.8,25.573667358297,4.9840757,0.6721665859222412
1778535571.2752447,2026-05-11T22:39:31.275245,5.13102,1.0571,5.424001242,27.8,25.627907370717,4.9946467,0.6721665859222412
1778535571.2752585,2026-05-11T22:39:31.275259,5.13102,1.04585,5.366277267,27.8,25.681570143387,5.0051052,0.6721665859222412
1778535571.3153255,2026-05-11T22:39:31.315331,5.13102,1.1465,5.882714430000001,27.8,25.740397287687,5.0165702,0.7123026847839355
1778535571.3153744,2026-05-11T22:39:31.315375,5.13102,1.04585,5.366277267,27.8,25.794060060356998,5.027028700000001,0.7123026847839355
1778535571.3153923,2026-05-11T22:39:31.315393,5.13102,1.0571,5.424001242,27.8,25.848300072776997,5.0375997,0.7123026847839355
1778535571.3154082,2026-05-11T22:39:31.315408,5.13102,1.05984,5.4380602368,27.8,25.902680675144996,5.0481981000000005,0.7123026847839355
1778535571.355338,2026-05-11T22:39:31.355343,5.13102,1.0581,5.429132262,27.8,25.956971997764995,5.058779100000001,0.7523152828216553
1778535571.3553874,2026-05-11T22:39:31.355388,5.13102,1.04585,5.366277267,27.8,26.010634770434994,5.069237600000001,0.7523152828216553
1778535571.3554304,2026-05-11T22:39:31.355431,5.13102,1.05586,5.4176387772000005,27.8,26.064811158206993,5.079796200000001,0.7523152828216553
1778535571.355447,2026-05-11T22:39:31.355447,5.13102,1.04585,5.366277267,27.8,26.11847393087699,5.090254700000002,0.7523152828216553
1778535571.3951054,2026-05-11T22:39:31.395107,5.1311,1.01701,5.218380011,27.8,26.170657730986992,5.100424800000002,0.7920961380004883
1778535571.3951232,2026-05-11T22:39:31.395123,5.1311,1.04641,5.369234351,27.8,26.224350074496993,5.110888900000002,0.7920961380004883
1778535571.3951278,2026-05-11T22:39:31.395127,5.11642,1.04641,5.3538730522,27.8,26.277888805018993,5.121353000000002,0.7920961380004883
1778535571.3951316,2026-05-11T22:39:31.395131,5.1311,1.07105,5.495664655000001,27.8,26.332845451568993,5.132063500000002,0.7920961380004883
1778535571.4350333,2026-05-11T22:39:31.435036,5.1311,1.08101,5.546770411,27.8,26.388313155678993,5.1428736000000015,0.8320231437683105
1778535571.4350538,2026-05-11T22:39:31.435054,5.1311,1.08724,5.578737164,27.8,26.444100527318994,5.153746000000002,0.8320231437683105
1778535571.4350712,2026-05-11T22:39:31.435071,5.1311,1.04641,5.369234351,27.8,26.497792870828995,5.164210100000002,0.8320231437683105
1778535571.4350772,2026-05-11T22:39:31.435077,5.1311,1.04641,5.369234351,27.8,26.551485214338996,5.174674200000002,0.8320231437683105
1778535571.475219,2026-05-11T22:39:31.475224,5.1311,1.05935,5.435630785,27.8,26.605841522188996,5.185267700000002,0.8721990585327148
1778535571.4752626,2026-05-11T22:39:31.475263,5.1311,1.04641,5.369234351,27.8,26.659533865698997,5.195731800000002,0.8721990585327148
1778535571.4752784,2026-05-11T22:39:31.475278,5.13106,1.06109,5.4445164554000005,27.8,26.713979030252997,5.206342700000001,0.8721990585327148
1778535571.4752924,2026-05-11T22:39:31.475292,5.13106,1.03469,5.3090564714,27.8,26.767069594966998,5.216689600000001,0.8721990585327148
1778535571.5146823,2026-05-11T22:39:31.514684,5.13106,1.04817,5.3782231602,27.8,26.820851826568997,5.227171300000001,0.911675214767456
1778535571.5146978,2026-05-11T22:39:31.514698,5.13106,1.04817,5.3782231602,27.8,26.874634058170997,5.237653000000001,0.911675214767456
1778535571.5147033,2026-05-11T22:39:31.514704,5.13106,1.04817,5.3782231602,27.8,26.928416289772997,5.2481347000000005,0.911675214767456
1778535571.5147083,2026-05-11T22:39:31.514708,5.13106,1.04817,5.3782231602,27.8,26.982198521374997,5.2586164,0.911675214767456
1778535571.5546973,2026-05-11T22:39:31.554699,5.13106,1.04817,5.3782231602,27.8,27.035980752976997,5.2690981,0.9516899585723877
1778535571.5547118,2026-05-11T22:39:31.554711,5.13106,1.04817,5.3782231602,27.8,27.089762984578996,5.2795798,0.9516899585723877
1778535571.5547159,2026-05-11T22:39:31.554716,5.13106,1.04817,5.3782231602,27.8,27.143545216180996,5.290061499999999,0.9516899585723877
1778535571.5547194,2026-05-11T22:39:31.554719,5.13106,1.04817,5.3782231602,27.8,27.197327447782996,5.300543199999999,0.9516899585723877
1778535571.5947123,2026-05-11T22:39:31.594714,5.13106,1.05984,5.4381026303999995,27.8,27.251708474086996,5.311141599999999,0.9917027950286865
1778535571.5947294,2026-05-11T22:39:31.594729,5.13106,1.04831,5.3789415086000005,27.8,27.305497889172997,5.321624699999999,0.9917027950286865
1778535571.5947335,2026-05-11T22:39:31.594733,5.13106,1.06009,5.4393853953999995,27.8,27.359891743126997,5.332225599999999,0.9917027950286865
1778535571.5947373,2026-05-11T22:39:31.594737,5.13106,1.04831,5.3789415086000005,27.8,27.413681158213,5.342708699999999,0.9917027950286865
1778535571.6346786,2026-05-11T22:39:31.634683,5.13106,1.04831,5.3789415086000005,27.8,27.467470573299,5.353191799999999,1.0316612720489502
1778535571.6347077,2026-05-11T22:39:31.634708,5.13106,1.04831,5.3789415086000005,27.8,27.521259988385,5.3636748999999995,1.0316612720489502
1778535571.6347144,2026-05-11T22:39:31.634714,5.13106,1.06159,5.4470819854,27.8,27.575730808239,5.3742908,1.0316612720489502
1778535571.6347184,2026-05-11T22:39:31.634718,5.13106,1.06507,5.464938074199999,27.8,27.630380188981,5.3849415,1.0316612720489502
1778535571.6749337,2026-05-11T22:39:31.674936,5.13106,1.04831,5.3789415086000005,27.8,27.684169604067,5.3954246,0.03226017951965332
1778535571.6749492,2026-05-11T22:39:31.674949,5.13106,1.03668,5.3192672808,27.8,27.737362276875,5.4057914,0.03226017951965332
1778535571.6749537,2026-05-11T22:39:31.674953,5.13106,1.0332,5.301411191999999,27.8,27.790376388795,5.4161234,0.03226017951965332
1778535571.6749575,2026-05-11T22:39:31.674957,5.13106,1.03046,5.2873520875999995,27.8,27.843249909670998,5.4264280000000005,0.03226017951965332
1778535571.7149403,2026-05-11T22:39:31.714942,5.13106,1.02747,5.2720102182,27.8,27.895970011853,5.4367027000000006,0.0722651481628418
1778535571.7149596,2026-05-11T22:39:31.714960,5.13106,1.04909,5.3829437354000005,27.8,27.949799449207,5.4471936,0.0722651481628418
1778535571.7149653,2026-05-11T22:39:31.714965,5.13106,1.04909,5.3829437354000005,27.8,28.003628886561,5.4576845,0.0722651481628418
1778535571.7149696,2026-05-11T22:39:31.714969,5.13106,1.0322,5.296280132,27.8,28.056591687881,5.4680065,0.0722651481628418
1778535571.7551377,2026-05-11T22:39:31.755141,5.13106,1.04909,5.3829437354000005,27.8,28.110421125235,5.4784974,0.11245846748352051
1778535571.7551646,2026-05-11T22:39:31.755165,5.13106,1.03693,5.320550045799999,27.8,28.163626625693,5.4888667,0.11245846748352051
1778535571.755174,2026-05-11T22:39:31.755174,5.13106,1.03743,5.3231155758,27.8,28.216857781450997,5.499241,0.11245846748352051
1778535571.755182,2026-05-11T22:39:31.755182,5.13106,1.04909,5.3829437354000005,27.8,28.270687218804998,5.509731899999999,0.11245846748352051
1778535571.7949874,2026-05-11T22:39:31.794992,5.13114,1.04973,5.3863115922,27.8,28.324550334726997,5.520229199999999,0.15230107307434082
1778535571.7950304,2026-05-11T22:39:31.795031,5.13114,1.04973,5.3863115922,27.8,28.378413450648996,5.530726499999999,0.15230107307434082
1778535571.795046,2026-05-11T22:39:31.795046,5.13114,1.06333,5.456095096200001,27.8,28.432974401610995,5.5413597999999995,0.15230107307434082
1778535571.79506,2026-05-11T22:39:31.795060,5.13114,1.03544,5.3129876016,27.8,28.486104277626996,5.551714199999999,0.15230107307434082
1778535571.835309,2026-05-11T22:39:31.835315,5.13114,1.04973,5.3863115922,27.8,28.539967393548995,5.562211499999999,0.19262075424194336
1778535571.8353536,2026-05-11T22:39:31.835354,5.13114,1.04973,5.3863115922,27.8,28.593830509470994,5.572708799999999,0.19262075424194336
1778535571.8353698,2026-05-11T22:39:31.835370,5.13114,1.04973,5.3863115922,27.8,28.647693625392993,5.583206099999999,0.19262075424194336
1778535571.8353832,2026-05-11T22:39:31.835383,5.13114,1.03444,5.3078564616,27.8,28.700772190008994,5.593550499999999,0.19262075424194336
1778535571.8749757,2026-05-11T22:39:31.874981,5.13114,1.04973,5.3863115922,27.8,28.754635305930993,5.604047799999999,0.23228740692138672
1778535571.8750231,2026-05-11T22:39:31.875024,5.13114,1.02498,5.259315877200001,27.8,28.807228464702995,5.6142975999999996,0.23228740692138672
1778535571.8750386,2026-05-11T22:39:31.875039,5.13114,1.14725,5.886700365000001,27.8,28.866095468352995,5.6257700999999996,0.23228740692138672
1778535571.875051,2026-05-11T22:39:31.875051,5.13114,1.05007,5.3880561798,27.8,28.919976030150995,5.636270799999999,0.23228740692138672
1778535571.915109,2026-05-11T22:39:31.915111,5.13114,1.05007,5.3880561798,27.8,28.973856591948994,5.646771499999999,0.2724330425262451
1778535571.9151275,2026-05-11T22:39:31.915127,5.13114,1.05007,5.3880561798,27.8,29.027737153746994,5.657272199999999,0.2724330425262451
1778535571.9151328,2026-05-11T22:39:31.915132,5.13114,1.03693,5.3206330002,27.8,29.080943483748992,5.6676414999999984,0.2724330425262451
1778535571.915137,2026-05-11T22:39:31.915137,5.13114,1.05007,5.3880561798,27.8,29.134824045546992,5.678142199999998,0.2724330425262451
1778535571.9547758,2026-05-11T22:39:31.954779,5.13114,1.05007,5.3880561798,27.8,29.18870460734499,5.688642899999998,0.31209516525268555
1778535571.9548063,2026-05-11T22:39:31.954806,5.13114,1.03768,5.3244813552,27.8,29.24194942089699,5.699019699999998,0.31209516525268555
1778535571.9548175,2026-05-11T22:39:31.954817,5.13114,1.05007,5.3880561798,27.8,29.29582998269499,5.709520399999998,0.31209516525268555
1778535571.954827,2026-05-11T22:39:31.954827,5.13114,1.05007,5.3880561798,27.8,29.34971054449299,5.720021099999998,0.31209516525268555
1778535571.9947295,2026-05-11T22:39:31.994731,5.13118,1.04991,5.387277193799999,27.8,29.40358331643099,5.730520199999997,0.3520545959472656
1778535571.9947472,2026-05-11T22:39:31.994747,5.13118,1.02797,5.2746991046,27.8,29.45633030747699,5.740799899999997,0.3520545959472656
1778535571.9947517,2026-05-11T22:39:31.994751,5.13118,1.03021,5.2861929478,27.8,29.509192236954988,5.751101999999997,0.3520545959472656
1778535571.9947553,2026-05-11T22:39:31.994755,5.13118,1.04991,5.387277193799999,27.8,29.563065008892988,5.7616010999999965,0.3520545959472656
1778535572.0346947,2026-05-11T22:39:32.034697,5.13118,1.04991,5.387277193799999,27.8,29.616937780830987,5.772100199999996,0.39202094078063965
1778535572.03471,2026-05-11T22:39:32.034710,5.13118,1.04991,5.387277193799999,27.8,29.670810552768987,5.782599299999996,0.39202094078063965
1778535572.0347137,2026-05-11T22:39:32.034713,5.13118,1.04991,5.387277193799999,27.8,29.724683324706987,5.793098399999995,0.39202094078063965
1778535572.0347173,2026-05-11T22:39:32.034717,5.13118,1.03594,5.3155946092,27.8,29.77783927079899,5.803457799999995,0.39202094078063965
1778535572.0751605,2026-05-11T22:39:32.075163,5.13118,1.02822,5.275981899599999,27.8,29.83059908979499,5.813739999999995,0.43248629570007324
1778535572.075179,2026-05-11T22:39:32.075179,5.13118,1.02374,5.2529942132,27.8,29.88312903192699,5.823977399999995,0.43248629570007324
1778535572.0751834,2026-05-11T22:39:32.075183,5.13118,1.04918,5.3835314324,27.8,29.936964346250992,5.834469199999995,0.43248629570007324
1778535572.0751874,2026-05-11T22:39:32.075187,5.13118,1.04918,5.3835314324,27.8,29.990799660574993,5.844960999999994,0.43248629570007324
1778535572.1146748,2026-05-11T22:39:32.114677,5.13118,1.04918,5.3835314324,27.8,30.044634974898994,5.855452799999994,0.4719998836517334
1778535572.1146917,2026-05-11T22:39:32.114692,5.13118,1.04918,5.3835314324,27.8,30.098470289222995,5.8659445999999935,0.4719998836517334
1778535572.1146963,2026-05-11T22:39:32.114696,5.13118,1.0205,5.23636919,27.8,30.150833981122993,5.8761495999999935,0.4719998836517334
1778535572.1146998,2026-05-11T22:39:32.114699,5.13118,1.02498,5.2593568764,27.8,30.203427549886992,5.886399399999994,0.4719998836517334
1778535572.1546543,2026-05-11T22:39:32.154656,5.13118,1.0337,5.304100766,27.8,30.25646855754699,5.896736399999994,0.5119802951812744
1778535572.1546693,2026-05-11T22:39:32.154669,5.13118,1.04918,5.3835314324,27.8,30.310303871870993,5.907228199999993,0.5119802951812744
1778535572.1546733,2026-05-11T22:39:32.154673,5.13118,1.04918,5.3835314324,27.8,30.364139186194993,5.917719999999993,0.5119802951812744
1778535572.154677,2026-05-11T22:39:32.154677,5.13118,1.04918,5.3835314324,27.8,30.417974500518994,5.928211799999993,0.5119802951812744
1778535572.1946023,2026-05-11T22:39:32.194604,5.13118,1.02498,5.2593568764,27.8,30.470568069282994,5.938461599999993,0.5519266128540039
1778535572.1946218,2026-05-11T22:39:32.194621,5.13118,1.02349,5.251711418199999,27.8,30.523085183464993,5.948696499999993,0.5519266128540039
1778535572.1946263,2026-05-11T22:39:32.194626,5.13118,1.04803,5.3776305754,27.8,30.57686148921899,5.959176799999994,0.5519266128540039
1778535572.1946304,2026-05-11T22:39:32.194630,5.13118,1.04803,5.3776305754,27.8,30.63063779497299,5.969657099999994,0.5519266128540039
1778535572.2345986,2026-05-11T22:39:32.234601,5.13118,1.03519,5.3117462242,27.8,30.68375525721499,5.980008999999994,0.5919210910797119
1778535572.2346208,2026-05-11T22:39:32.234621,5.13118,1.03768,5.324522862399999,27.8,30.73700048583899,5.990385799999994,0.5919210910797119
1778535572.2346315,2026-05-11T22:39:32.234632,5.13118,1.03619,5.3168774041999995,27.8,30.79016925988099,6.0007476999999945,0.5919210910797119
1778535572.2346408,2026-05-11T22:39:32.234641,5.13118,1.02896,5.2797789728,27.8,30.84296704960899,6.011037299999995,0.5919210910797119
1778535572.2746282,2026-05-11T22:39:32.274630,5.13118,1.04803,5.3776305754,27.8,30.89674335536299,6.021517599999995,0.6319541931152344
1778535572.2746444,2026-05-11T22:39:32.274644,5.13118,1.04803,5.3776305754,27.8,30.95051966111699,6.031997899999995,0.6319541931152344
1778535572.274649,2026-05-11T22:39:32.274649,5.13118,1.04728,5.373782190399999,27.8,31.00425748302099,6.042470699999995,0.6319541931152344
1778535572.2746525,2026-05-11T22:39:32.274652,5.13118,1.04728,5.373782190399999,27.8,31.05799530492499,6.052943499999994,0.6319541931152344
1778535572.3146508,2026-05-11T22:39:32.314657,5.13118,1.02647,5.2670023346,27.8,31.11066532827099,6.063208199999994,0.671971321105957
1778535572.3146844,2026-05-11T22:39:32.314684,5.13118,1.02697,5.2695679246,27.8,31.16336100751699,6.073477899999994,0.671971321105957
1778535572.314689,2026-05-11T22:39:32.314689,5.13118,1.04728,5.373782190399999,27.8,31.21709882942099,6.083950699999994,0.671971321105957
1778535572.3147047,2026-05-11T22:39:32.314704,5.13118,1.04728,5.373782190399999,27.8,31.27083665132499,6.094423499999993,0.671971321105957
1778535572.3548002,2026-05-11T22:39:32.354804,5.13118,1.04728,5.373782190399999,27.8,31.324574473228992,6.104896299999993,0.7121174335479736
1778535572.3548317,2026-05-11T22:39:32.354832,5.13118,1.04728,5.373782190399999,27.8,31.378312295132993,6.115369099999993,0.7121174335479736
1778535572.354843,2026-05-11T22:39:32.354843,5.13118,1.04728,5.373782190399999,27.8,31.432050117036994,6.125841899999992,0.7121174335479736
1778535572.3548527,2026-05-11T22:39:32.354852,5.13118,1.0322,5.296403996,27.8,31.485014156996993,6.136163899999993,0.7121174335479736
1778535572.3949282,2026-05-11T22:39:32.394933,5.13122,1.03146,5.2926481812,27.8,31.537940638808994,6.146478499999993,0.7522420883178711
1778535572.3949714,2026-05-11T22:39:32.394972,5.13122,1.04635,5.369052046999999,27.8,31.591631159278993,6.156941999999993,0.7522420883178711
1778535572.394987,2026-05-11T22:39:32.394987,5.13122,1.04635,5.369052046999999,27.8,31.645321679748992,6.167405499999993,0.7522420883178711
1778535572.3950005,2026-05-11T22:39:32.395001,5.13122,1.04635,5.369052046999999,27.8,31.69901220021899,6.177868999999993,0.7522420883178711
1778535572.435064,2026-05-11T22:39:32.435069,5.13122,1.04635,5.369052046999999,27.8,31.75270272068899,6.188332499999993,0.7923774719238281
1778535572.4351075,2026-05-11T22:39:32.435108,5.13122,1.04635,5.369052046999999,27.8,31.80639324115899,6.1987959999999935,0.7923774719238281
1778535572.4351234,2026-05-11T22:39:32.435124,5.13122,1.04635,5.369052046999999,27.8,31.86008376162899,6.209259499999994,0.7923774719238281
1778535572.4351368,2026-05-11T22:39:32.435137,5.13122,1.04635,5.369052046999999,27.8,31.913774282098988,6.219722999999994,0.7923774719238281
1778535572.4749923,2026-05-11T22:39:32.474997,5.13122,1.04635,5.369052046999999,27.8,31.967464802568987,6.230186499999994,0.8323056697845459
1778535572.4750354,2026-05-11T22:39:32.475036,5.13122,1.04635,5.369052046999999,27.8,32.02115532303899,6.240649999999994,0.8323056697845459
1778535572.475051,2026-05-11T22:39:32.475051,5.13125,1.04491,5.3616944375,27.8,32.07477226741399,6.251099099999994,0.8323056697845459
1778535572.4750686,2026-05-11T22:39:32.475069,5.13125,1.03146,5.292679125,27.8,32.12769905866399,6.261413699999994,0.8323056697845459
1778535572.5150452,2026-05-11T22:39:32.515047,5.13125,1.03046,5.287547875,27.8,32.180574537413996,6.2717182999999945,0.8723714351654053
1778535572.5150597,2026-05-11T22:39:32.515060,5.13125,1.04491,5.3616944375,27.8,32.234191481789,6.282167399999994,0.8723714351654053
1778535572.5150645,2026-05-11T22:39:32.515064,5.13125,1.04491,5.3616944375,27.8,32.287808426164,6.292616499999994,0.8723714351654053
1778535572.5150688,2026-05-11T22:39:32.515068,5.13125,1.04491,5.3616944375,27.8,32.341425370539,6.303065599999994,0.8723714351654053
1778535572.5550454,2026-05-11T22:39:32.555047,5.13125,1.04491,5.3616944375,27.8,32.395042314914,6.313514699999994,0.9123716354370117
1778535572.5550601,2026-05-11T22:39:32.555060,5.13125,1.03046,5.287547875,27.8,32.447917793664004,6.323819299999994,0.9123716354370117
1778535572.5550647,2026-05-11T22:39:32.555064,5.13125,1.02971,5.283699437499999,27.8,32.500754788039,6.334116399999994,0.9123716354370117
1778535572.5550685,2026-05-11T22:39:32.555068,5.13125,1.04491,5.3616944375,27.8,32.554371732414005,6.344565499999994,0.9123716354370117
1778535572.5948124,2026-05-11T22:39:32.594815,5.13129,1.04463,5.3602994726999995,27.8,32.607974727141006,6.3550117999999935,0.9521336555480957
1778535572.5948384,2026-05-11T22:39:32.594838,5.13129,1.04463,5.3602994726999995,27.8,32.66157772186801,6.3654580999999935,0.9521336555480957
1778535572.594847,2026-05-11T22:39:32.594847,5.13129,1.04463,5.3602994726999995,27.8,32.71518071659501,6.375904399999993,0.9521336555480957
1778535572.5948548,2026-05-11T22:39:32.594855,5.13129,1.04463,5.3602994726999995,27.8,32.76878371132201,6.386350699999993,0.9521336555480957
1778535572.6349666,2026-05-11T22:39:32.634972,5.13129,1.04463,5.3602994726999995,27.8,32.82238670604901,6.396796999999993,0.9922804832458496
1778535572.6350095,2026-05-11T22:39:32.635010,5.13129,1.04463,5.3602994726999995,27.8,32.87598970077601,6.407243299999993,0.9922804832458496
1778535572.6350255,2026-05-11T22:39:32.635026,5.13129,1.04463,5.3602994726999995,27.8,32.92959269550301,6.417689599999993,0.9922804832458496
1778535572.6350393,2026-05-11T22:39:32.635039,5.13129,1.04463,5.3602994726999995,27.8,32.98319569023001,6.428135899999993,0.9922804832458496
1778535572.6752172,2026-05-11T22:39:32.675222,5.13129,1.04463,5.3602994726999995,27.8,33.03679868495701,6.438582199999993,1.0325303077697754
1778535572.675261,2026-05-11T22:39:32.675261,5.13129,1.04463,5.3602994726999995,27.8,33.090401679684014,6.449028499999993,1.0325303077697754
1778535572.6752765,2026-05-11T22:39:32.675277,5.13122,1.04366,5.3552490652,27.8,33.143954170336016,6.459465099999993,1.0325303077697754
1778535572.67529,2026-05-11T22:39:32.675290,5.13122,1.04366,5.3552490652,27.8,33.19750666098802,6.469901699999993,1.0325303077697754
1778535572.7152305,2026-05-11T22:39:32.715235,5.13122,1.04366,5.3552490652,27.8,33.25105915164002,6.4803382999999934,0.031995296478271484
1778535572.715274,2026-05-11T22:39:32.715274,5.13122,1.04366,5.3552490652,27.8,33.30461164229202,6.490774899999994,0.031995296478271484
1778535572.7152903,2026-05-11T22:39:32.715290,5.13122,1.04366,5.3552490652,27.8,33.358164132944026,6.501211499999994,0.031995296478271484
1778535572.715304,2026-05-11T22:39:32.715304,5.13122,1.04366,5.3552490652,27.8,33.41171662359603,6.511648099999994,0.031995296478271484
1778535572.7550817,2026-05-11T22:39:32.755087,5.13122,1.04366,5.3552490652,27.8,33.46526911424803,6.522084699999994,0.07184433937072754
1778535572.7551315,2026-05-11T22:39:32.755133,5.13122,1.04366,5.3552490652,27.8,33.51882160490003,6.532521299999995,0.07184433937072754
1778535572.7551498,2026-05-11T22:39:32.755150,5.13122,1.04366,5.3552490652,27.8,33.572374095552036,6.542957899999995,0.07184433937072754
1778535572.7551646,2026-05-11T22:39:32.755165,5.13122,1.04366,5.3552490652,27.8,33.62592658620404,6.553394499999995,0.07184433937072754
1778535572.7946515,2026-05-11T22:39:32.794653,5.13114,1.04335,5.353574919000001,27.8,33.679462335394035,6.5638279999999956,0.11142754554748535
1778535572.794668,2026-05-11T22:39:32.794668,5.13114,1.04335,5.353574919000001,27.8,33.73299808458403,6.574261499999996,0.11142754554748535
1778535572.7946727,2026-05-11T22:39:32.794672,5.13114,1.04335,5.353574919000001,27.8,33.78653383377403,6.584694999999996,0.11142754554748535
1778535572.794677,2026-05-11T22:39:32.794677,5.13114,1.04335,5.353574919000001,27.8,33.84006958296403,6.595128499999997,0.11142754554748535
1778535572.8351204,2026-05-11T22:39:32.835122,5.13114,1.04335,5.353574919000001,27.8,33.893605332154024,6.605561999999997,0.15189647674560547
1778535572.8351395,2026-05-11T22:39:32.835140,5.13114,1.04335,5.353574919000001,27.8,33.94714108134402,6.615995499999998,0.15189647674560547
1778535572.8351448,2026-05-11T22:39:32.835144,5.13114,1.04335,5.353574919000001,27.8,34.00067683053402,6.626428999999998,0.15189647674560547
1778535572.835149,2026-05-11T22:39:32.835149,5.13114,1.04335,5.353574919000001,27.8,34.054212579724016,6.6368624999999986,0.15189647674560547
1778535572.875195,2026-05-11T22:39:32.875200,5.13114,1.04335,5.353574919000001,27.8,34.10774832891401,6.647295999999999,0.19196248054504395
1778535572.8752344,2026-05-11T22:39:32.875235,5.13114,1.02921,5.2810205994,27.8,34.16055853490801,6.657588099999999,0.19196248054504395
1778535572.8752494,2026-05-11T22:39:32.875249,5.11642,1.03245,5.2824478290000005,27.8,34.21338301319801,6.667912599999999,0.19196248054504395
1778535572.875262,2026-05-11T22:39:32.875262,5.13106,1.04306,5.3520034436,27.8,34.26690304763401,6.6783432,0.19196248054504395
1778535572.915331,2026-05-11T22:39:32.915337,5.13106,1.04306,5.3520034436,27.8,34.32042308207001,6.6887738,0.23209404945373535
1778535572.9153798,2026-05-11T22:39:32.915380,5.13106,1.0581,5.429174586,27.8,34.374714827930006,6.6993548,0.23209404945373535
1778535572.9154003,2026-05-11T22:39:32.915401,5.13106,1.05437,5.4100357322,27.8,34.428815185252006,6.7098985,0.23209404945373535
1778535572.9154177,2026-05-11T22:39:32.915418,5.13106,1.02747,5.2720102182,27.8,34.481535287434006,6.7201732000000005,0.23209404945373535
1778535572.9553132,2026-05-11T22:39:32.955319,5.13106,1.02498,5.2592338788,27.8,34.53412762622201,6.730423000000001,0.272075891494751
1778535572.9553626,2026-05-11T22:39:32.955363,5.13106,1.04306,5.3520034436,27.8,34.58764766065801,6.740853600000001,0.272075891494751
1778535572.9553804,2026-05-11T22:39:32.955381,5.13106,1.04306,5.3520034436,27.8,34.641167695094005,6.7512842000000015,0.272075891494751
1778535572.9553957,2026-05-11T22:39:32.955396,5.13106,1.04306,5.3520034436,27.8,34.69468772953,6.761714800000002,0.272075891494751
1778535572.994727,2026-05-11T22:39:32.994729,5.13106,1.04275,5.350412815,27.8,34.748191857680006,6.772142300000001,0.31150341033935547
1778535572.994745,2026-05-11T22:39:32.994745,5.13106,1.04275,5.350412815,27.8,34.80169598583001,6.782569800000001,0.31150341033935547
1778535572.9947495,2026-05-11T22:39:32.994749,5.13106,1.04275,5.350412815,27.8,34.85520011398001,6.792997300000001,0.31150341033935547
1778535572.9947536,2026-05-11T22:39:32.994753,5.13106,1.05486,5.412549951599999,27.8,34.90932561349601,6.8035459000000005,0.31150341033935547
1778535573.0347476,2026-05-11T22:39:33.034750,5.13106,1.04275,5.350412815,27.8,34.96282974164601,6.8139734,0.351520299911499
1778535573.0347688,2026-05-11T22:39:33.034769,5.13106,1.05735,5.425326291,27.8,35.017083004556014,6.8245469,0.351520299911499
1778535573.0347745,2026-05-11T22:39:33.034774,5.13106,1.05686,5.422812071599999,27.8,35.07131112527201,6.8351155,0.351520299911499
1778535573.0347795,2026-05-11T22:39:33.034779,5.13106,1.0586,5.431740115999999,27.8,35.12562852643201,6.8457015,0.351520299911499
1778535573.075109,2026-05-11T22:39:33.075111,5.13106,1.04275,5.350412815,27.8,35.17913265458201,6.856128999999999,0.39188647270202637
1778535573.075124,2026-05-11T22:39:33.075124,5.13106,1.06084,5.4432336904,27.8,35.23356499148601,6.866737399999999,0.39188647270202637
1778535573.0751283,2026-05-11T22:39:33.075128,5.13098,1.06781,5.478911753799999,27.8,35.28835410902401,6.877415499999999,0.39188647270202637
1778535573.075132,2026-05-11T22:39:33.075132,5.13098,1.06433,5.4610559434,27.8,35.342964668458016,6.888058799999999,0.39188647270202637
1778535573.1149924,2026-05-11T22:39:33.114994,5.13098,1.06507,5.4648528685999995,27.8,35.39761319714402,6.898709499999999,0.43176865577697754
1778535573.1150112,2026-05-11T22:39:33.115011,5.13098,1.05835,5.430372683,27.8,35.45191692397402,6.909292999999999,0.43176865577697754
1778535573.115017,2026-05-11T22:39:33.115017,5.13098,1.05686,5.4227275228,27.8,35.50614419920202,6.919861599999999,0.43176865577697754
1778535573.1150222,2026-05-11T22:39:33.115022,5.13098,1.04398,5.356640500399999,27.8,35.55971060420602,6.930301399999999,0.43176865577697754
1778535573.1551094,2026-05-11T22:39:33.155111,5.13098,1.04398,5.356640500399999,27.8,35.613277009210016,6.9407412,0.47188520431518555
1778535573.1551268,2026-05-11T22:39:33.155127,5.13098,1.06059,5.4418660781999995,27.8,35.667695669992014,6.9513471,0.47188520431518555
1778535573.1551313,2026-05-11T22:39:33.155131,5.13098,1.06881,5.4840427338,27.8,35.722536097330014,6.9620352,0.47188520431518555
1778535573.1551354,2026-05-11T22:39:33.155135,5.13098,1.05959,5.436735098200001,27.8,35.77690344831201,6.9726311,0.47188520431518555
1778535573.1950397,2026-05-11T22:39:33.195042,5.13102,1.04618,5.3679705036000005,27.8,35.83058315334801,6.9830929,0.5118160247802734
1778535573.1950576,2026-05-11T22:39:33.195058,5.13102,1.04618,5.3679705036000005,27.8,35.884262858384005,6.9935547,0.5118160247802734
1778535573.1950634,2026-05-11T22:39:33.195063,5.13102,1.07479,5.5147689858,27.8,35.93941054824201,7.0043026,0.5118160247802734
1778535573.1950684,2026-05-11T22:39:33.195068,5.13102,1.04618,5.3679705036000005,27.8,35.993090253278005,7.0147644,0.5118160247802734
1778535573.235212,2026-05-11T22:39:33.235216,5.13102,1.04618,5.3679705036000005,27.8,36.046769958314,7.0252262,0.5519790649414062
1778535573.2352502,2026-05-11T22:39:33.235251,5.13102,1.04618,5.3679705036000005,27.8,36.10044966335,7.0356879999999995,0.5519790649414062
1778535573.2352648,2026-05-11T22:39:33.235265,5.13102,1.01776,5.222146915200001,27.8,36.152671132502,7.045865599999999,0.5519790649414062
1778535573.2352767,2026-05-11T22:39:33.235277,5.13102,1.02598,5.2643238996,27.8,36.205314371498,7.056125399999999,0.5519790649414062
1778535573.2752407,2026-05-11T22:39:33.275246,5.13102,1.04618,5.3679705036000005,27.8,36.258994076533995,7.066587199999999,0.5920059680938721
1778535573.275285,2026-05-11T22:39:33.275286,5.13102,1.03569,5.314146103800001,27.8,36.312135537572,7.076944099999999,0.5920059680938721
1778535573.2753017,2026-05-11T22:39:33.275302,5.13102,1.03619,5.3167116138,27.8,36.365302653709996,7.087305999999999,0.5920059680938721
1778535573.275315,2026-05-11T22:39:33.275315,5.13102,1.04687,5.3715109074,27.8,36.419017762783994,7.097774699999999,0.5920059680938721
1778535573.3153293,2026-05-11T22:39:33.315335,5.13102,1.02921,5.2808970942,27.8,36.471826733726,7.108066799999999,0.632091760635376
1778535573.3153796,2026-05-11T22:39:33.315380,5.13102,1.04687,5.3715109074,27.8,36.525541842799996,7.118535499999998,0.632091760635376
1778535573.315397,2026-05-11T22:39:33.315397,5.13102,1.04687,5.3715109074,27.8,36.579256951873994,7.129004199999998,0.632091760635376
1778535573.3154128,2026-05-11T22:39:33.315413,5.13102,1.10591,5.6744463282,27.8,36.636001415155995,7.140063299999998,0.632091760635376
1778535573.355326,2026-05-11T22:39:33.355332,5.13102,1.06009,5.4393429918,27.8,36.690394845073996,7.150664199999998,0.6720883846282959
1778535573.3553762,2026-05-11T22:39:33.355377,5.13102,1.07379,5.5096379658000005,27.8,36.745491224732,7.161402099999997,0.6720883846282959
1778535573.3553941,2026-05-11T22:39:33.355394,5.13102,1.04687,5.3715109074,27.8,36.799206333806,7.171870799999997,0.6720883846282959
1778535573.3554094,2026-05-11T22:39:33.355410,5.13102,1.04687,5.3715109074,27.8,36.852921442879996,7.182339499999997,0.6720883846282959
1778535573.395108,2026-05-11T22:39:33.395110,5.13098,1.04771,5.3757790558,27.8,36.906679233438,7.192816599999997,0.711883544921875
1778535573.3951252,2026-05-11T22:39:33.395125,5.13098,1.03718,5.3217498364,27.8,36.959896731802,7.203188399999997,0.711883544921875
1778535573.39513,2026-05-11T22:39:33.395130,5.13098,1.04771,5.3757790558,27.8,37.01365452236,7.213665499999997,0.711883544921875
1778535573.3951337,2026-05-11T22:39:33.395133,5.13098,1.0332,5.301328536,27.8,37.06666780772,7.223997499999997,0.711883544921875
1778535573.4350402,2026-05-11T22:39:33.435042,5.13098,1.04771,5.3757790558,27.8,37.120425598278004,7.234474599999997,0.7518167495727539
1778535573.4350579,2026-05-11T22:39:33.435058,5.13098,1.03693,5.320467091399999,27.8,37.173630269192,7.244843899999997,0.7518167495727539
1778535573.4350638,2026-05-11T22:39:33.435063,5.13098,1.03046,5.2872696508,27.8,37.2265029657,7.255148499999997,0.7518167495727539
1778535573.4350686,2026-05-11T22:39:33.435068,5.13098,1.02946,5.2821386708,27.8,37.279324352408,7.265443099999997,0.7518167495727539
1778535573.4749012,2026-05-11T22:39:33.474907,5.13098,1.04771,5.3757790558,27.8,37.333082142966,7.275920199999997,0.7916662693023682
1778535573.4749446,2026-05-11T22:39:33.474945,5.13098,1.04771,5.3757790558,27.8,37.386839933524,7.286397299999997,0.7916662693023682
1778535573.4749599,2026-05-11T22:39:33.474960,5.13098,1.04845,5.379575981,27.8,37.440635693334,7.296881799999997,0.7916662693023682
1778535573.4749742,2026-05-11T22:39:33.474974,5.13098,1.04845,5.379575981,27.8,37.494431453144,7.307366299999996,0.7916662693023682
1778535573.5146396,2026-05-11T22:39:33.514642,5.13098,1.03693,5.320467091399999,27.8,37.547636124058,7.317735599999996,0.8314166069030762
1778535573.514655,2026-05-11T22:39:33.514655,5.13098,1.04845,5.379575981,27.8,37.601431883868,7.328220099999996,0.8314166069030762
1778535573.5146596,2026-05-11T22:39:33.514659,5.13098,1.04845,5.379575981,27.8,37.655227643678,7.338704599999995,0.8314166069030762
1778535573.5146632,2026-05-11T22:39:33.514663,5.13098,1.04845,5.379575981,27.8,37.709023403488004,7.349189099999995,0.8314166069030762
1778535573.5548034,2026-05-11T22:39:33.554805,5.13098,1.04845,5.379575981,27.8,37.762819163298005,7.3596735999999945,0.8715808391571045
1778535573.5548177,2026-05-11T22:39:33.554818,5.13098,1.04845,5.379575981,27.8,37.816614923108006,7.370158099999994,0.8715808391571045
1778535573.5548222,2026-05-11T22:39:33.554822,5.13098,1.03668,5.3191843464,27.8,37.869806766572005,7.380524899999994,0.8715808391571045
1778535573.5548258,2026-05-11T22:39:33.554825,5.13098,1.02847,5.2770590006,27.8,37.922577356578,7.390809599999994,0.8715808391571045
1778535573.5950367,2026-05-11T22:39:33.595039,5.13098,1.04874,5.3810639652,27.8,37.97638799623,7.401296999999993,0.9118127822875977
1778535573.595055,2026-05-11T22:39:33.595055,5.13098,1.04874,5.3810639652,27.8,38.030198635882,7.411784399999993,0.9118127822875977
1778535573.5950615,2026-05-11T22:39:33.595061,5.13098,1.03743,5.323032581400001,27.8,38.083428961696,7.422158699999993,0.9118127822875977
1778535573.5950665,2026-05-11T22:39:33.595066,5.13098,1.04874,5.3810639652,27.8,38.137239601348,7.432646099999992,0.9118127822875977
1778535573.635235,2026-05-11T22:39:33.635240,5.13098,1.02,5.2335996,27.8,38.189575597348,7.442846099999993,0.9520018100738525
1778535573.6352746,2026-05-11T22:39:33.635275,5.13098,1.02324,5.2502239752,27.8,38.2420778371,7.453078499999992,0.9520018100738525
1778535573.6352892,2026-05-11T22:39:33.635289,5.13098,1.04874,5.3810639652,27.8,38.295888476752,7.463565899999992,0.9520018100738525
1778535573.6353014,2026-05-11T22:39:33.635301,5.13098,1.04874,5.3810639652,27.8,38.349699116404,7.474053299999992,0.9520018100738525
1778535573.6750615,2026-05-11T22:39:33.675064,5.13098,1.04874,5.3810639652,27.8,38.403509756055996,7.484540699999991,0.9918348789215088
1778535573.6750867,2026-05-11T22:39:33.675087,5.13098,1.04874,5.3810639652,27.8,38.457320395707995,7.495028099999991,0.9918348789215088
1778535573.6750953,2026-05-11T22:39:33.675095,5.13094,1.03644,5.3179114536,27.8,38.510499510243996,7.505392499999991,0.9918348789215088
1778535573.6751027,2026-05-11T22:39:33.675103,5.13094,1.04892,5.3819455848,27.8,38.564318966091996,7.515881699999992,0.9918348789215088
1778535573.7151136,2026-05-11T22:39:33.715130,5.13094,1.04892,5.3819455848,27.8,38.618138421939996,7.526370899999992,1.0318868160247803
1778535573.7151515,2026-05-11T22:39:33.715152,5.13094,1.04892,5.3819455848,27.8,38.671957877787996,7.536860099999992,1.0318868160247803
1778535573.71516,2026-05-11T22:39:33.715160,5.13094,1.06408,5.4597306352,27.8,38.72655518414,7.547500899999992,1.0318868160247803
1778535573.7151666,2026-05-11T22:39:33.715166,5.13094,1.04892,5.3819455848,27.8,38.780374639988,7.5579900999999925,1.0318868160247803
1778535573.7548628,2026-05-11T22:39:33.754869,5.13094,1.04892,5.3819455848,27.8,38.834194095836,7.568479299999993,0.03168225288391113
1778535573.7549014,2026-05-11T22:39:33.754901,5.11392,1.49115,7.625621808,27.8,38.910450313915995,7.583390799999993,0.03168225288391113
1778535573.7549107,2026-05-11T22:39:33.754911,5.13094,1.14028,5.8507082632,27.8,38.96895739654799,7.594793599999993,0.03168225288391113
1778535573.7549195,2026-05-11T22:39:33.754919,5.13094,1.04892,5.3819455848,27.8,39.02277685239599,7.605282799999993,0.03168225288391113
1778535573.7951314,2026-05-11T22:39:33.795137,5.1309,1.05283,5.401965446999999,27.8,39.07679650686599,7.615811099999993,0.07195186614990234
1778535573.7951746,2026-05-11T22:39:33.795176,5.1309,1.05283,5.401965446999999,27.8,39.130816161335986,7.626339399999993,0.07195186614990234
1778535573.7951903,2026-05-11T22:39:33.795190,5.1309,1.05283,5.401965446999999,27.8,39.18483581580598,7.636867699999993,0.07195186614990234
1778535573.7952037,2026-05-11T22:39:33.795204,5.1309,1.05283,5.401965446999999,27.8,39.23885547027598,7.6473959999999925,0.07195186614990234
1778535573.8352525,2026-05-11T22:39:33.835267,5.1309,1.05283,5.401965446999999,27.8,39.292875124745976,7.657924299999992,0.1120455265045166
1778535573.8353431,2026-05-11T22:39:33.835345,5.1309,1.01925,5.229669824999999,27.8,39.34517182299597,7.668116799999992,0.1120455265045166
1778535573.8353817,2026-05-11T22:39:33.835383,5.1309,1.05283,5.401965446999999,27.8,39.39919147746597,7.678645099999992,0.1120455265045166
1778535573.835415,2026-05-11T22:39:33.835416,5.1309,1.04167,5.344704603,27.8,39.45263852349597,7.689061799999992,0.1120455265045166
1778535573.8753314,2026-05-11T22:39:33.875337,5.1309,1.04266,5.349784193999999,27.8,39.50613636543597,7.699488399999992,0.15214991569519043
1778535573.8753803,2026-05-11T22:39:33.875381,5.1309,1.05283,5.401965446999999,27.8,39.56015601990597,7.710016699999992,0.15214991569519043
1778535573.8754246,2026-05-11T22:39:33.875425,5.13094,1.06931,5.4865654514,27.8,39.61502167441997,7.720709799999992,0.15214991569519043
1778535573.8754413,2026-05-11T22:39:33.875442,5.13094,1.02697,5.2693214518,27.8,39.66771488893797,7.730979499999992,0.15214991569519043
1778535573.9151616,2026-05-11T22:39:33.915168,5.13094,1.03743,5.3229910842,27.8,39.72094479977997,7.741353799999992,0.19197845458984375
1778535573.9152148,2026-05-11T22:39:33.915216,5.13094,1.05323,5.4040599362,27.8,39.77498539914197,7.751886099999992,0.19197845458984375
1778535573.9152339,2026-05-11T22:39:33.915234,5.13094,1.05323,5.4040599362,27.8,39.829025998503965,7.7624183999999925,0.19197845458984375
1778535573.9152484,2026-05-11T22:39:33.915249,5.13094,1.03021,5.2859456974,27.8,39.88188545547796,7.772720499999992,0.19197845458984375
1778535573.9553232,2026-05-11T22:39:33.955329,5.13094,1.03917,5.3319189198,27.8,39.93520464467596,7.783112199999992,0.23214125633239746
1778535573.9553716,2026-05-11T22:39:33.955372,5.13094,1.05323,5.4040599362,27.8,39.98924524403796,7.793644499999992,0.23214125633239746
1778535573.9553895,2026-05-11T22:39:33.955390,5.13094,1.07254,5.5031383876,27.8,40.04427662791396,7.804369899999992,0.23214125633239746
1778535573.9554048,2026-05-11T22:39:33.955405,5.13094,1.05323,5.4040599362,27.8,40.098317227275956,7.814902199999993,0.23214125633239746
1778535573.995146,2026-05-11T22:39:33.995153,5.13098,1.05354,5.4056926692,27.8,40.152374153967955,7.825437599999993,0.2719607353210449
1778535573.9952004,2026-05-11T22:39:33.995201,5.13098,1.05354,5.4056926692,27.8,40.206431080659954,7.835972999999993,0.2719607353210449
1778535573.9952168,2026-05-11T22:39:33.995218,5.13098,1.03668,5.3191843464,27.8,40.25962292412395,7.846339799999993,0.2719607353210449
1778535573.995232,2026-05-11T22:39:33.995232,5.13098,1.05354,5.4056926692,27.8,40.31367985081595,7.856875199999993,0.2719607353210449
1778535574.034708,2026-05-11T22:39:34.034711,5.13098,1.05354,5.4056926692,27.8,40.36773677750795,7.867410599999993,0.31153416633605957
1778535574.0347378,2026-05-11T22:39:34.034738,5.13098,1.05354,5.4056926692,27.8,40.42179370419995,7.8779459999999935,0.31153416633605957
1778535574.0347493,2026-05-11T22:39:34.034749,5.13098,1.05354,5.4056926692,27.8,40.47585063089195,7.888481399999994,0.31153416633605957
1778535574.0347586,2026-05-11T22:39:34.034759,5.13098,1.05354,5.4056926692,27.8,40.52990755758395,7.899016799999994,0.31153416633605957
1778535574.0747132,2026-05-11T22:39:34.074717,5.13098,1.04291,5.3511503518,27.8,40.58341906110195,7.9094458999999935,0.3515346050262451
1778535574.074745,2026-05-11T22:39:34.074745,5.13098,1.03718,5.3217498364,27.8,40.63663655946595,7.919817699999993,0.3515346050262451
1778535574.0747514,2026-05-11T22:39:34.074751,5.13094,1.03768,5.324273819199999,27.8,40.689879297657946,7.930194499999994,0.3515346050262451
1778535574.074757,2026-05-11T22:39:34.074757,5.13094,1.0533,5.404419101999999,27.8,40.74392348867794,7.940727499999993,0.3515346050262451
1778535574.1145887,2026-05-11T22:39:34.114591,5.13094,1.0533,5.404419101999999,27.8,40.79796767969794,7.951260499999993,0.3914148807525635
1778535574.1146142,2026-05-11T22:39:34.114615,5.13094,1.0533,5.404419101999999,27.8,40.85201187071794,7.961793499999993,0.3914148807525635
1778535574.1146233,2026-05-11T22:39:34.114623,5.13094,1.0533,5.404419101999999,27.8,40.906056061737935,7.972326499999992,0.3914148807525635
1778535574.1146379,2026-05-11T22:39:34.114638,5.13094,1.03395,5.3051354129999995,27.8,40.95910741586793,7.982665999999992,0.3914148807525635
1778535574.154634,2026-05-11T22:39:34.154636,5.13094,1.03519,5.3114977786,27.8,41.012222393653936,7.993017899999992,0.43146681785583496
1778535574.1546526,2026-05-11T22:39:34.154652,5.13094,1.0533,5.404419101999999,27.8,41.06626658467393,8.003550899999992,0.43146681785583496
1778535574.1546571,2026-05-11T22:39:34.154657,5.13094,1.0533,5.404419101999999,27.8,41.12031077569393,8.014083899999992,0.43146681785583496
1778535574.1546607,2026-05-11T22:39:34.154660,5.13094,1.0533,5.404419101999999,27.8,41.17435496671393,8.024616899999993,0.43146681785583496
1778535574.1949105,2026-05-11T22:39:34.194916,5.1309,1.05128,5.3940125519999995,27.8,41.22829509223393,8.035129699999993,0.47173070907592773
1778535574.194954,2026-05-11T22:39:34.194954,5.1309,1.03768,5.3242323119999995,27.8,41.28153741535393,8.045506499999993,0.47173070907592773
1778535574.1949694,2026-05-11T22:39:34.194970,5.1309,1.05128,5.3940125519999995,27.8,41.33547754087393,8.056019299999994,0.47173070907592773
1778535574.1949828,2026-05-11T22:39:34.194983,5.1309,1.05128,5.3940125519999995,27.8,41.38941766639393,8.066532099999995,0.47173070907592773
1778535574.2346706,2026-05-11T22:39:34.234673,5.1309,1.05128,5.3940125519999995,27.8,41.44335779191393,8.077044899999995,0.5115022659301758
1778535574.2346892,2026-05-11T22:39:34.234689,5.1309,1.06856,5.482674503999999,27.8,41.498184536953936,8.087730499999996,0.5115022659301758
1778535574.234695,2026-05-11T22:39:34.234695,5.1309,1.05128,5.3940125519999995,27.8,41.552124662473936,8.098243299999996,0.5115022659301758
1778535574.2347,2026-05-11T22:39:34.234700,5.1309,1.02971,5.2833390389999995,27.8,41.604958052863935,8.108540399999997,0.5115022659301758
1778535574.2748733,2026-05-11T22:39:34.274878,5.1309,1.02697,5.269280372999999,27.8,41.65765085659393,8.118810099999997,0.5516941547393799
1778535574.2749157,2026-05-11T22:39:34.274916,5.1309,1.05128,5.3940125519999995,27.8,41.71159098211393,8.129322899999998,0.5516941547393799
1778535574.2749312,2026-05-11T22:39:34.274931,5.1309,1.05115,5.393345535,27.8,41.76552443746393,8.139834399999998,0.5516941547393799
1778535574.274945,2026-05-11T22:39:34.274945,5.1309,1.05115,5.393345535,27.8,41.81945789281393,8.150345899999998,0.5516941547393799
1778535574.315013,2026-05-11T22:39:34.315018,5.1309,1.05115,5.393345535,27.8,41.87339134816393,8.160857399999998,0.5918328762054443
1778535574.3150563,2026-05-11T22:39:34.315057,5.1309,1.03893,5.330645936999999,27.8,41.92669780753393,8.171246699999998,0.5918328762054443
1778535574.3150728,2026-05-11T22:39:34.315073,5.1309,1.02598,5.264200781999999,27.8,41.979339815353924,8.181506499999998,0.5918328762054443
1778535574.3150864,2026-05-11T22:39:34.315086,5.1309,1.0713,5.496733169999999,27.8,42.03430714705392,8.192219499999998,0.5918328762054443
1778535574.3553116,2026-05-11T22:39:34.355317,5.1309,1.05115,5.393345535,27.8,42.08824060240392,8.202730999999998,0.6321301460266113
1778535574.3553596,2026-05-11T22:39:34.355360,5.1309,1.05115,5.393345535,27.8,42.14217405775392,8.213242499999998,0.6321301460266113
1778535574.3553755,2026-05-11T22:39:34.355376,5.1309,1.05115,5.393345535,27.8,42.19610751310392,8.223753999999998,0.6321301460266113
1778535574.355389,2026-05-11T22:39:34.355389,5.1309,1.05115,5.393345535,27.8,42.250040968453916,8.234265499999998,0.6321301460266113
1778535574.39528,2026-05-11T22:39:34.395286,5.1309,1.05084,5.391754956,27.8,42.303958518013914,8.244773899999998,0.6720974445343018
1778535574.3953292,2026-05-11T22:39:34.395330,5.1309,1.05084,5.391754956,27.8,42.35787606757391,8.2552823,0.6720974445343018
1778535574.3953469,2026-05-11T22:39:34.395347,5.1309,1.05084,5.391754956,27.8,42.41179361713391,8.2657907,0.6720974445343018
1778535574.3953626,2026-05-11T22:39:34.395363,5.1309,1.05084,5.391754956,27.8,42.46571116669391,8.276299100000001,0.6720974445343018
1778535574.435291,2026-05-11T22:39:34.435297,5.1309,1.05084,5.391754956,27.8,42.519628716253905,8.286807500000002,0.7121093273162842
1778535574.43534,2026-05-11T22:39:34.435341,5.1309,1.05084,5.391754956,27.8,42.5735462658139,8.297315900000003,0.7121093273162842
1778535574.4353578,2026-05-11T22:39:34.435358,5.1309,1.04017,5.337008253,27.8,42.626916348343904,8.307717600000002,0.7121093273162842
1778535574.4353733,2026-05-11T22:39:34.435373,5.1309,1.03245,5.297397705,27.8,42.679890325393906,8.318042100000001,0.7121093273162842
1778535574.4752994,2026-05-11T22:39:34.475305,5.1309,1.05084,5.391754956,27.8,42.733807874953904,8.328550500000002,0.7521169185638428
1778535574.4753482,2026-05-11T22:39:34.475349,5.1309,1.05084,5.391754956,27.8,42.7877254245139,8.339058900000003,0.7521169185638428
1778535574.4753659,2026-05-11T22:39:34.475366,5.1309,1.05058,5.390420922,27.8,42.8416296337339,8.349564700000004,0.7521169185638428
1778535574.4753811,2026-05-11T22:39:34.475381,5.1309,1.05058,5.390420922,27.8,42.8955338429539,8.360070500000004,0.7521169185638428
1778535574.5146499,2026-05-11T22:39:34.514651,5.1309,1.05058,5.390420922,27.8,42.9494380521739,8.370576300000005,0.7914822101593018
1778535574.514665,2026-05-11T22:39:34.514665,5.1309,1.03295,5.2999631549999995,27.8,43.002437683723905,8.380905800000004,0.7914822101593018
1778535574.5146694,2026-05-11T22:39:34.514669,5.1309,1.05058,5.390420922,27.8,43.056341892943905,8.391411600000005,0.7914822101593018
1778535574.5146732,2026-05-11T22:39:34.514673,5.1309,1.05058,5.390420922,27.8,43.110246102163906,8.401917400000006,0.7914822101593018
1778535574.5546436,2026-05-11T22:39:34.554646,5.1309,1.05058,5.390420922,27.8,43.16415031138391,8.412423200000006,0.8314731121063232
1778535574.5546696,2026-05-11T22:39:34.554670,5.1309,1.05058,5.390420922,27.8,43.21805452060391,8.422929000000007,0.8314731121063232
1778535574.5546758,2026-05-11T22:39:34.554675,5.1309,1.05058,5.390420922,27.8,43.27195872982391,8.433434800000008,0.8314731121063232
1778535574.5546794,2026-05-11T22:39:34.554679,5.1309,1.02722,5.270563097999999,27.8,43.32466436080391,8.443707000000007,0.8314731121063232
1778535574.5946233,2026-05-11T22:39:34.594625,5.13086,1.04017,5.3369666462000005,27.8,43.378034027265905,8.454108700000006,0.8714566230773926
1778535574.5946379,2026-05-11T22:39:34.594638,5.13086,1.07279,5.5043352994,27.8,43.4330773802599,8.464836600000005,0.8714566230773926
1778535574.594642,2026-05-11T22:39:34.594642,5.13086,1.07802,5.5311696972,27.8,43.4883890772319,8.475616800000005,0.8714566230773926
1778535574.5946457,2026-05-11T22:39:34.594645,5.13086,1.11289,5.7100827854,27.8,43.5454899050859,8.486745700000004,0.8714566230773926
1778535574.634611,2026-05-11T22:39:34.634613,5.13086,1.05048,5.389865812800001,27.8,43.5993885632139,8.497250500000003,0.9114437103271484
1778535574.6346295,2026-05-11T22:39:34.634629,5.13086,1.03644,5.317828538400001,27.8,43.6525668485979,8.507614900000004,0.9114437103271484
1778535574.634636,2026-05-11T22:39:34.634636,5.13086,1.05048,5.389865812800001,27.8,43.7064655067259,8.518119700000003,0.9114437103271484
1778535574.6346436,2026-05-11T22:39:34.634643,5.13086,1.05048,5.389865812800001,27.8,43.7603641648539,8.528624500000003,0.9114437103271484
1778535574.6746423,2026-05-11T22:39:34.674644,5.13086,1.05048,5.389865812800001,27.8,43.814262822981895,8.539129300000003,0.9514741897583008
1778535574.6746573,2026-05-11T22:39:34.674657,5.13086,1.09645,5.625731447,27.8,43.8705201374519,8.550093800000003,0.9514741897583008
1778535574.6746616,2026-05-11T22:39:34.674661,5.1309,1.03494,5.310173645999999,27.8,43.9236218739119,8.560443200000003,0.9514741897583008
1778535574.6746655,2026-05-11T22:39:34.674665,5.1309,1.03693,5.320384136999999,27.8,43.9768257152819,8.570812500000004,0.9514741897583008
1778535574.7145703,2026-05-11T22:39:34.714572,5.1309,1.05168,5.396064911999999,27.8,44.0307863644019,8.581329300000004,0.9914031028747559
1778535574.7145853,2026-05-11T22:39:34.714585,5.1309,1.05168,5.396064911999999,27.8,44.0847470135219,8.591846100000003,0.9914031028747559
1778535574.714589,2026-05-11T22:39:34.714589,5.1309,1.05168,5.396064911999999,27.8,44.1387076626419,8.602362900000003,0.9914031028747559
1778535574.714593,2026-05-11T22:39:34.714593,5.1309,1.05168,5.396064911999999,27.8,44.1926683117619,8.612879700000002,0.9914031028747559
1778535574.754643,2026-05-11T22:39:34.754645,5.1309,1.05168,5.396064911999999,27.8,44.2466289608819,8.623396500000002,1.0314764976501465
1778535574.7546575,2026-05-11T22:39:34.754657,5.1309,1.04167,5.344704603,27.8,44.3000760069119,8.633813200000002,1.0314764976501465
1778535574.7546618,2026-05-11T22:39:34.754662,5.1309,1.04042,5.338290977999999,27.8,44.3534589166919,8.644217400000002,1.0314764976501465
1778535574.7546654,2026-05-11T22:39:34.754665,5.1309,1.03743,5.322949587,27.8,44.4066884125619,8.654591700000003,1.0314764976501465
1778535574.7948282,2026-05-11T22:39:34.794835,5.1311,1.04926,5.383857986000001,27.8,44.4605269924219,8.665084300000002,0.031952619552612305
1778535574.7948694,2026-05-11T22:39:34.794870,5.1311,1.04926,5.383857986000001,27.8,44.514365572281896,8.675576900000001,0.031952619552612305
1778535574.794885,2026-05-11T22:39:34.794885,5.1311,1.04926,5.383857986000001,27.8,44.568204152141895,8.6860695,0.031952619552612305
1778535574.7948987,2026-05-11T22:39:34.794899,5.1311,1.04926,5.383857986000001,27.8,44.622042732001894,8.6965621,0.031952619552612305
1778535574.8350742,2026-05-11T22:39:34.835080,5.1311,1.03419,5.306532309,27.8,44.6751080550919,8.706904,0.07219696044921875
1778535574.835118,2026-05-11T22:39:34.835119,5.1311,1.01452,5.205603572,27.8,44.7271640908119,8.7170492,0.07219696044921875
1778535574.835135,2026-05-11T22:39:34.835135,5.1311,1.04926,5.383857986000001,27.8,44.781002670671896,8.7275418,0.07219696044921875
1778535574.8351486,2026-05-11T22:39:34.835149,5.1311,1.04926,5.383857986000001,27.8,44.834841250531895,8.738034399999998,0.07219696044921875
1778535574.875276,2026-05-11T22:39:34.875281,5.1311,1.04926,5.383857986000001,27.8,44.888679830391894,8.748526999999997,0.11239862442016602
1778535574.8753204,2026-05-11T22:39:34.875321,5.1311,1.09197,5.603007267000001,27.8,44.94470990306189,8.759446699999998,0.11239862442016602
1778535574.8753366,2026-05-11T22:39:34.875337,5.1309,1.14576,5.878779983999999,27.8,45.00349770290189,8.770904299999998,0.11239862442016602
1778535574.8753507,2026-05-11T22:39:34.875351,5.1309,1.02398,5.253938981999999,27.8,45.05603709272189,8.781144099999999,0.11239862442016602
1778535574.9150162,2026-05-11T22:39:34.915022,5.1309,1.0477,5.37564393,27.8,45.10979353202189,8.791621099999999,0.15213680267333984
1778535574.9150648,2026-05-11T22:39:34.915065,5.1309,1.0477,5.37564393,27.8,45.16354997132189,8.802098099999998,0.15213680267333984
1778535574.9150822,2026-05-11T22:39:34.915083,5.1309,1.0477,5.37564393,27.8,45.217306410621894,8.812575099999998,0.15213680267333984
1778535574.915097,2026-05-11T22:39:34.915097,5.1309,1.0477,5.37564393,27.8,45.2710628499219,8.823052099999998,0.15213680267333984
1778535574.9552104,2026-05-11T22:39:34.955216,5.1309,1.03444,5.3076081959999994,27.8,45.3241389318819,8.833396499999997,0.19233250617980957
1778535574.9552548,2026-05-11T22:39:34.955255,5.1309,1.02647,5.266714922999999,27.8,45.376806081111894,8.843661199999998,0.19233250617980957
1778535574.9552703,2026-05-11T22:39:34.955271,5.1309,1.0477,5.37564393,27.8,45.4305625204119,8.854138199999998,0.19233250617980957
1778535574.9552839,2026-05-11T22:39:34.955284,5.1309,1.0477,5.37564393,27.8,45.4843189597119,8.864615199999998,0.19233250617980957
1778535574.9950051,2026-05-11T22:39:34.995026,5.1309,1.04747,5.374463822999999,27.8,45.5380635979419,8.875089899999997,0.23210978507995605
1778535574.9951086,2026-05-11T22:39:34.995112,5.1309,1.04747,5.374463822999999,27.8,45.5918082361719,8.885564599999997,0.23210978507995605
1778535574.9951541,2026-05-11T22:39:34.995156,5.1309,1.04747,5.374463822999999,27.8,45.6455528744019,8.896039299999996,0.23210978507995605
1778535574.9952095,2026-05-11T22:39:34.995212,5.1309,1.02747,5.2718458230000005,27.8,45.6982713326319,8.906313999999997,0.23210978507995605
1778535575.0352702,2026-05-11T22:39:35.035275,5.1309,1.05935,5.435418915,27.8,45.752625521781894,8.916907499999997,0.27239227294921875
1778535575.0353134,2026-05-11T22:39:35.035314,5.1309,1.04747,5.374463822999999,27.8,45.806370160011895,8.927382199999997,0.27239227294921875
1778535575.0353293,2026-05-11T22:39:35.035330,5.1309,1.0576,5.4264398400000005,27.8,45.860634558411896,8.937958199999997,0.27239227294921875
1778535575.0353432,2026-05-11T22:39:35.035343,5.1309,1.04747,5.374463822999999,27.8,45.914379196641896,8.948432899999997,0.27239227294921875
1778535575.075122,2026-05-11T22:39:35.075127,5.1309,1.04747,5.374463822999999,27.8,45.968123834871896,8.958907599999996,0.31224513053894043
1778535575.075166,2026-05-11T22:39:35.075166,5.1309,1.04747,5.374463822999999,27.8,46.0218684731019,8.969382299999996,0.31224513053894043
1778535575.075182,2026-05-11T22:39:35.075182,5.13082,1.04792,5.3766888944,27.8,46.075635362045894,8.979861499999997,0.31224513053894043
1778535575.0751965,2026-05-11T22:39:35.075196,5.13082,1.04792,5.3766888944,27.8,46.12940225098989,8.990340699999997,0.31224513053894043
1778535575.1153326,2026-05-11T22:39:35.115338,5.13082,1.0591,5.434051461999999,27.8,46.18374276560989,9.000931699999997,0.35245275497436523
1778535575.1153812,2026-05-11T22:39:35.115382,5.13082,1.06482,5.463399752400001,27.8,46.23837676313389,9.011579899999997,0.35245275497436523
1778535575.1153984,2026-05-11T22:39:35.115399,5.13082,1.06383,5.4583202406,27.8,46.29295996553989,9.022218199999998,0.35245275497436523
1778535575.1154137,2026-05-11T22:39:35.115414,5.13082,1.04792,5.3766888944,27.8,46.34672685448389,9.032697399999998,0.35245275497436523
1778535575.1550286,2026-05-11T22:39:35.155034,5.13082,1.01527,5.2091676214,27.8,46.39881853069789,9.042850099999999,0.3921487331390381
1778535575.1550763,2026-05-11T22:39:35.155077,5.13082,1.02423,5.255139768599999,27.8,46.45136992838389,9.053092399999999,0.3921487331390381
1778535575.1550937,2026-05-11T22:39:35.155094,5.13082,1.04792,5.3766888944,27.8,46.50513681732789,9.0635716,0.3921487331390381
1778535575.1551092,2026-05-11T22:39:35.155109,5.13082,1.04792,5.3766888944,27.8,46.558903706271884,9.0740508,0.3921487331390381
1778535575.194776,2026-05-11T22:39:35.194779,5.13086,1.04848,5.3796040928,27.8,46.61269974719988,9.0845356,0.43190646171569824
1778535575.1948009,2026-05-11T22:39:35.194801,5.13086,1.04848,5.3796040928,27.8,46.66649578812788,9.095020400000001,0.43190646171569824
1778535575.1948094,2026-05-11T22:39:35.194809,5.13086,1.02149,5.241122181400001,27.8,46.71890700994188,9.1052353,0.43190646171569824
1778535575.1948168,2026-05-11T22:39:35.194816,5.13086,1.04848,5.3796040928,27.8,46.77270305086988,9.1157201,0.43190646171569824
1778535575.2348962,2026-05-11T22:39:35.234910,5.13086,1.06109,5.444304237400001,27.8,46.827146093243876,9.126331,0.472012996673584
1778535575.234979,2026-05-11T22:39:35.234980,5.13086,1.06458,5.4622109388,27.8,46.881768202631875,9.136976800000001,0.472012996673584
1778535575.2349956,2026-05-11T22:39:35.234996,5.13086,1.06233,5.4506665038,27.8,46.93627486766987,9.147600100000002,0.472012996673584
1778535575.2350214,2026-05-11T22:39:35.235022,5.13086,1.04848,5.3796040928,27.8,46.99007090859787,9.158084900000002,0.472012996673584
1778535575.2747219,2026-05-11T22:39:35.274724,5.13086,1.04848,5.3796040928,27.8,47.04386694952587,9.168569700000003,0.5118563175201416
1778535575.274738,2026-05-11T22:39:35.274738,5.13086,1.04848,5.3796040928,27.8,47.09766299045387,9.179054500000003,0.5118563175201416
1778535575.2747426,2026-05-11T22:39:35.274742,5.13078,1.04891,5.3817264497999995,27.8,47.15148025495187,9.189543600000002,0.5118563175201416
1778535575.2747464,2026-05-11T22:39:35.274746,5.13078,1.04891,5.3817264497999995,27.8,47.20529751944987,9.200032700000001,0.5118563175201416
1778535575.3147,2026-05-11T22:39:35.314703,5.13078,1.04891,5.3817264497999995,27.8,47.25911478394787,9.2105218,0.5518279075622559
1778535575.31473,2026-05-11T22:39:35.314730,5.13078,1.04891,5.3817264497999995,27.8,47.31293204844587,9.2210109,0.5518279075622559
1778535575.314738,2026-05-11T22:39:35.314738,5.13078,1.08151,5.5489898777999995,27.8,47.36842194722387,9.231826,0.5518279075622559
1778535575.3147452,2026-05-11T22:39:35.314745,5.13078,1.03644,5.3177456231999995,27.8,47.42159940345587,9.2421904,0.5518279075622559
1778535575.3550117,2026-05-11T22:39:35.355014,5.13078,1.04891,5.3817264497999995,27.8,47.47541666795387,9.2526795,0.5921473503112793
1778535575.3550265,2026-05-11T22:39:35.355026,5.13078,1.04891,5.3817264497999995,27.8,47.529233932451874,9.263168599999998,0.5921473503112793
1778535575.355031,2026-05-11T22:39:35.355031,5.13078,1.0337,5.303687286,27.8,47.58227080531187,9.273505599999998,0.5921473503112793
1778535575.3550346,2026-05-11T22:39:35.355034,5.13078,1.03569,5.3138975382,27.8,47.63540978069387,9.283862499999998,0.5921473503112793
1778535575.3949957,2026-05-11T22:39:35.394997,5.13078,1.04923,5.3833682994,27.8,47.689243463687866,9.294354799999997,0.6321301460266113
1778535575.3950124,2026-05-11T22:39:35.395012,5.13078,1.02946,5.2819327788,27.8,47.74206279147587,9.304649399999997,0.6321301460266113
1778535575.3950176,2026-05-11T22:39:35.395017,5.13078,1.04923,5.3833682994,27.8,47.79589647446986,9.315141699999996,0.6321301460266113
1778535575.3950224,2026-05-11T22:39:35.395022,5.13078,1.06383,5.4582776874,27.8,47.85047925134386,9.325779999999996,0.6321301460266113
1778535575.4350789,2026-05-11T22:39:35.435082,5.13078,1.05959,5.4365231802,27.8,47.904844483145865,9.336375899999997,0.6722071170806885
1778535575.4351096,2026-05-11T22:39:35.435110,5.13078,1.04923,5.3833682994,27.8,47.95867816613986,9.346868199999996,0.6722071170806885
1778535575.4351208,2026-05-11T22:39:35.435121,5.13078,1.07852,5.533648845599999,27.8,48.01401465459586,9.357653399999997,0.6722071170806885
1778535575.4351306,2026-05-11T22:39:35.435131,5.13078,1.04923,5.3833682994,27.8,48.06784833758986,9.368145699999996,0.6722071170806885
1778535575.4753273,2026-05-11T22:39:35.475333,5.13078,1.04923,5.3833682994,27.8,48.121682020583854,9.378637999999995,0.7124464511871338
1778535575.4753764,2026-05-11T22:39:35.475377,5.13078,1.11488,5.7202040064,27.8,48.17888406064785,9.389786799999996,0.7124464511871338
1778535575.475393,2026-05-11T22:39:35.475393,5.13071,1.04938,5.384064459799999,27.8,48.23272470524585,9.400280599999997,0.7124464511871338
1778535575.4754066,2026-05-11T22:39:35.475407,5.13071,1.04938,5.384064459799999,27.8,48.28656534984385,9.410774399999998,0.7124464511871338
1778535575.5149577,2026-05-11T22:39:35.514963,5.13071,1.04938,5.384064459799999,27.8,48.340405994441845,9.421268199999998,0.752077579498291
1778535575.5150056,2026-05-11T22:39:35.515006,5.13071,1.02,5.233324199999999,27.8,48.39273923644185,9.431468199999998,0.752077579498291
1778535575.515023,2026-05-11T22:39:35.515023,5.13071,1.02847,5.2767813137,27.8,48.44550704957885,9.441752899999997,0.752077579498291
1778535575.515038,2026-05-11T22:39:35.515038,5.13071,1.04938,5.384064459799999,27.8,48.49934769417685,9.452246699999998,0.752077579498291
1778535575.5546978,2026-05-11T22:39:35.554700,5.13071,1.04938,5.384064459799999,27.8,48.553188338774845,9.462740499999999,0.7918310165405273
1778535575.554716,2026-05-11T22:39:35.554716,5.13071,1.04938,5.384064459799999,27.8,48.60702898337284,9.4732343,0.7918310165405273
1778535575.554721,2026-05-11T22:39:35.554721,5.13071,1.04938,5.384064459799999,27.8,48.66086962797084,9.4837281,0.7918310165405273
1778535575.5547254,2026-05-11T22:39:35.554725,5.13071,1.02174,5.2422516354,27.8,48.71329214432484,9.4939455,0.7918310165405273
1778535575.5950687,2026-05-11T22:39:35.595071,5.13075,1.04927,5.383542052499999,27.8,48.76712756484984,9.504438200000001,0.8322019577026367
1778535575.5950887,2026-05-11T22:39:35.595088,5.13075,1.04927,5.383542052499999,27.8,48.820962985374834,9.514930900000001,0.8322019577026367
1778535575.595094,2026-05-11T22:39:35.595094,5.13075,1.04927,5.383542052499999,27.8,48.87479840589983,9.525423600000002,0.8322019577026367
1778535575.5950987,2026-05-11T22:39:35.595098,5.13075,1.05935,5.4352600125,27.8,48.92915100602483,9.536017100000002,0.8322019577026367
1778535575.6351366,2026-05-11T22:39:35.635140,5.13075,1.04927,5.383542052499999,27.8,48.98298642654983,9.546509800000003,0.8722624778747559
1778535575.6351714,2026-05-11T22:39:35.635172,5.13075,1.04927,5.383542052499999,27.8,49.036821847074826,9.557002500000003,0.8722624778747559
1778535575.6351833,2026-05-11T22:39:35.635183,5.13075,1.04927,5.383542052499999,27.8,49.09065726759982,9.567495200000003,0.8722624778747559
1778535575.6351933,2026-05-11T22:39:35.635193,5.13075,1.04927,5.383542052499999,27.8,49.14449268812482,9.577987900000004,0.8722624778747559
1778535575.6750631,2026-05-11T22:39:35.675066,5.13075,1.04927,5.383542052499999,27.8,49.19832810864982,9.588480600000004,0.9121952056884766
1778535575.675086,2026-05-11T22:39:35.675086,5.13075,1.0713,5.496572475,27.8,49.253293833399816,9.599193600000005,0.9121952056884766
1778535575.6750941,2026-05-11T22:39:35.675094,5.13071,1.06707,5.474826719699999,27.8,49.308042100596815,9.609864300000005,0.9121952056884766
1778535575.6751003,2026-05-11T22:39:35.675100,5.13071,1.04836,5.3788311356,27.8,49.361830411952816,9.620347900000006,0.9121952056884766
1778535575.7151372,2026-05-11T22:39:35.715145,5.13071,1.04836,5.3788311356,27.8,49.41561872330882,9.630831500000006,0.9522676467895508
1778535575.7151928,2026-05-11T22:39:35.715194,5.13071,1.04836,5.3788311356,27.8,49.46940703466482,9.641315100000007,0.9522676467895508
1778535575.7152066,2026-05-11T22:39:35.715208,5.13071,1.04836,5.3788311356,27.8,49.52319534602082,9.651798700000008,0.9522676467895508
1778535575.7152169,2026-05-11T22:39:35.715217,5.13071,1.06433,5.460768574299999,27.8,49.57780303176382,9.662442000000008,0.9522676467895508
1778535575.75462,2026-05-11T22:39:35.754622,5.13071,1.06159,5.4467104288999995,27.8,49.632270136052824,9.673057900000007,0.9917542934417725
1778535575.7546365,2026-05-11T22:39:35.754636,5.13071,1.0591,5.433934960999999,27.8,49.68660948566282,9.683648900000007,0.9917542934417725
1778535575.7546406,2026-05-11T22:39:35.754640,5.13071,1.06034,5.4402970414,27.8,49.741012456076824,9.694252300000008,0.9917542934417725
1778535575.7546442,2026-05-11T22:39:35.754644,5.13071,1.04836,5.3788311356,27.8,49.794800767432825,9.704735900000008,0.9917542934417725
1778535575.7946613,2026-05-11T22:39:35.794665,5.13067,1.04911,5.3826372037,27.8,49.848627139469826,9.715227000000008,1.0317909717559814
1778535575.794688,2026-05-11T22:39:35.794688,5.13067,1.06184,5.4479506328,27.8,49.90310664579783,9.725845400000008,1.0317909717559814
1778535575.7946932,2026-05-11T22:39:35.794693,5.13067,1.03743,5.322710978100001,27.8,49.956333755578825,9.736219700000008,1.0317909717559814
1778535575.7946982,2026-05-11T22:39:35.794698,5.13067,1.04911,5.3826372037,27.8,50.010160127615826,9.746710800000008,1.0317909717559814
1778535575.8348734,2026-05-11T22:39:35.834875,5.13067,1.04911,5.3826372037,27.8,50.06398649965283,9.757201900000007,0.03229331970214844
1778535575.83489,2026-05-11T22:39:35.834890,5.13067,1.02847,5.2767401749000005,27.8,50.11675390140183,9.767486600000007,0.03229331970214844
1778535575.8348944,2026-05-11T22:39:35.834894,5.13067,1.02946,5.281819538200001,27.8,50.16957209678383,9.777781200000007,0.03229331970214844
1778535575.834898,2026-05-11T22:39:35.834898,5.13067,1.04911,5.3826372037,27.8,50.22339846882083,9.788272300000006,0.03229331970214844
1778535575.876692,2026-05-11T22:39:35.876699,5.13067,1.03818,5.326558980600001,27.8,50.276664058626835,9.798654100000006,0.07410597801208496
1778535575.8767211,2026-05-11T22:39:35.876721,5.13067,1.04911,5.3826372037,27.8,50.330490430663836,9.809145200000005,0.07410597801208496
1778535575.8767269,2026-05-11T22:39:35.876726,5.13075,1.04982,5.386363965,27.8,50.38435407031383,9.819643400000006,0.07410597801208496
1778535575.8767314,2026-05-11T22:39:35.876731,5.13075,1.02896,5.27933652,27.8,50.437147435513836,9.829933000000006,0.07410597801208496
1778535575.915354,2026-05-11T22:39:35.915360,5.13075,1.04982,5.386363965,27.8,50.49101107516383,9.840431200000006,0.11276745796203613
1778535575.9153845,2026-05-11T22:39:35.915385,5.13075,1.06831,5.481231532500001,27.8,50.545823390488835,9.851114300000006,0.11276745796203613
1778535575.9153914,2026-05-11T22:39:35.915391,5.13075,1.04982,5.386363965,27.8,50.59968703013883,9.861612500000007,0.11276745796203613
1778535575.9153976,2026-05-11T22:39:35.915397,5.13075,1.04982,5.386363965,27.8,50.65355066978883,9.872110700000007,0.11276745796203613
1778535575.9562435,2026-05-11T22:39:35.956247,5.13075,1.04982,5.386363965,27.8,50.707414309438825,9.882608900000008,0.15366125106811523
1778535575.9562647,2026-05-11T22:39:35.956265,5.13075,1.03942,5.333004165,27.8,50.760744351088825,9.893003100000008,0.15366125106811523
1778535575.9562697,2026-05-11T22:39:35.956270,5.13075,1.04982,5.386363965,27.8,50.81460799073882,9.90350130000001,0.15366125106811523
1778535575.9562743,2026-05-11T22:39:35.956274,5.13075,1.0708,5.4940071,27.8,50.86954806173882,9.914209300000008,0.15366125106811523
1778535575.9948854,2026-05-11T22:39:35.994891,5.13078,1.03942,5.3330353476,27.8,50.92287841521482,9.924603500000009,0.19229388236999512
1778535575.994929,2026-05-11T22:39:35.994930,5.13078,1.05066,5.390705314799999,27.8,50.97678546836282,9.935110100000008,0.19229388236999512
1778535575.994945,2026-05-11T22:39:35.994945,5.13078,1.05066,5.390705314799999,27.8,51.03069252151082,9.945616700000008,0.19229388236999512
1778535575.9949586,2026-05-11T22:39:35.994959,5.13078,1.03096,5.2896289488,27.8,51.08358881099882,9.955926300000007,0.19229388236999512
1778535576.0353327,2026-05-11T22:39:36.035342,5.13078,1.03395,5.304969980999999,27.8,51.13663851080882,9.966265800000008,0.23271822929382324
1778535576.0354192,2026-05-11T22:39:36.035422,5.13078,1.06209,5.449350130199999,27.8,51.19113201211082,9.976886700000007,0.23271822929382324
1778535576.035459,2026-05-11T22:39:36.035460,5.13078,1.06707,5.4749014146,27.8,51.24588102625682,9.987557400000007,0.23271822929382324
1778535576.0354805,2026-05-11T22:39:36.035481,5.13078,1.05066,5.390705314799999,27.8,51.29978807940482,9.998064000000007,0.23271822929382324
1778535576.074917,2026-05-11T22:39:36.074924,5.13078,1.05066,5.390705314799999,27.8,51.35369513255282,10.008570600000006,0.2723066806793213
1778535576.0749834,2026-05-11T22:39:36.074985,5.13078,1.03718,5.321542400399999,27.8,51.406910556556824,10.018942400000006,0.2723066806793213
1778535576.0750265,2026-05-11T22:39:36.075029,5.13086,1.0509,5.392020774,27.8,51.46083076429682,10.029451400000006,0.2723066806793213
1778535576.0750885,2026-05-11T22:39:36.075090,5.13086,1.0509,5.392020774,27.8,51.51475097203682,10.039960400000007,0.2723066806793213
1778535576.1149895,2026-05-11T22:39:36.114997,5.13086,1.0509,5.392020774,27.8,51.56867117977682,10.050469400000008,0.31238698959350586
1778535576.1150587,2026-05-11T22:39:36.115060,5.13086,1.0509,5.392020774,27.8,51.62259138751682,10.060978400000009,0.31238698959350586
1778535576.1150837,2026-05-11T22:39:36.115084,5.13086,1.0509,5.392020774,27.8,51.67651159525682,10.07148740000001,0.31238698959350586
1778535576.1151032,2026-05-11T22:39:36.115104,5.13086,1.03917,5.3318357862,27.8,51.729829953118816,10.081879100000009,0.31238698959350586
1778535576.1550539,2026-05-11T22:39:36.155056,5.13086,1.03793,5.3254735198,27.8,51.78308468831682,10.09225840000001,0.3524742126464844
1778535576.155073,2026-05-11T22:39:36.155073,5.13086,1.04067,5.3395320762,27.8,51.83648000907882,10.10266510000001,0.3524742126464844
1778535576.1550782,2026-05-11T22:39:36.155078,5.13086,1.0509,5.392020774,27.8,51.89040021681882,10.11317410000001,0.3524742126464844
1778535576.1550825,2026-05-11T22:39:36.155082,5.13086,1.0509,5.392020774,27.8,51.94432042455882,10.123683100000012,0.3524742126464844
1778535576.1951303,2026-05-11T22:39:36.195136,5.1309,1.04985,5.386675364999999,27.8,51.998187178208816,10.134181600000012,0.3925354480743408
1778535576.1951761,2026-05-11T22:39:36.195177,5.1309,1.03569,5.314021821,27.8,52.05132739641881,10.144538500000012,0.3925354480743408
1778535576.195195,2026-05-11T22:39:36.195195,5.1309,1.03096,5.289752664,27.8,52.104224923058815,10.154848100000011,0.3925354480743408
1778535576.1952128,2026-05-11T22:39:36.195213,5.1309,1.03071,5.288469939,27.8,52.157109622448814,10.165155200000012,0.3925354480743408
1778535576.2348597,2026-05-11T22:39:36.234863,5.1309,1.04985,5.386675364999999,27.8,52.21097637609881,10.175653700000012,0.43227601051330566
1778535576.234885,2026-05-11T22:39:36.234885,5.1309,1.04985,5.386675364999999,27.8,52.26484312974881,10.186152200000013,0.43227601051330566
1778535576.2348928,2026-05-11T22:39:36.234893,5.1309,1.04985,5.386675364999999,27.8,52.31870988339881,10.196650700000014,0.43227601051330566
1778535576.2349002,2026-05-11T22:39:36.234900,5.1309,1.04985,5.386675364999999,27.8,52.37257663704881,10.207149200000014,0.43227601051330566
1778535576.2751045,2026-05-11T22:39:36.275108,5.1309,1.02946,5.282056314,27.8,52.42539720018881,10.217443800000014,0.4725170135498047
1778535576.2751393,2026-05-11T22:39:36.275140,5.1309,1.03444,5.3076081959999994,27.8,52.47847328214881,10.227788200000013,0.4725170135498047
1778535576.275152,2026-05-11T22:39:36.275152,5.13094,1.06009,5.4392581846,27.8,52.532865863994815,10.238389100000013,0.4725170135498047
1778535576.275163,2026-05-11T22:39:36.275163,5.13094,1.04955,5.385178077,27.8,52.58671764476482,10.248884600000013,0.4725170135498047
1778535576.3152773,2026-05-11T22:39:36.315282,5.13094,1.04955,5.385178077,27.8,52.64056942553482,10.259380100000012,0.5126850605010986
1778535576.3153222,2026-05-11T22:39:36.315323,5.13094,1.04955,5.385178077,27.8,52.694421206304824,10.269875600000011,0.5126850605010986
1778535576.3153381,2026-05-11T22:39:36.315338,5.13094,1.03843,5.3281220242,27.8,52.74770242654682,10.280259900000011,0.5126850605010986
1778535576.3153517,2026-05-11T22:39:36.315352,5.13094,1.02448,5.2565454112,27.8,52.80026788065882,10.290504700000012,0.5126850605010986
1778535576.3551726,2026-05-11T22:39:36.355178,5.13094,1.04955,5.385178077,27.8,52.854119661428825,10.301000200000011,0.5525803565979004
1778535576.3552027,2026-05-11T22:39:36.355203,5.13094,1.03818,5.3268392892000005,27.8,52.907388054320826,10.31138200000001,0.5525803565979004
1778535576.355209,2026-05-11T22:39:36.355209,5.13094,1.04955,5.385178077,27.8,52.96123983509083,10.32187750000001,0.5525803565979004
1778535576.3552146,2026-05-11T22:39:36.355214,5.13094,1.04955,5.385178077,27.8,53.01509161586083,10.33237300000001,0.5525803565979004
1778535576.3950438,2026-05-11T22:39:36.395046,5.13098,1.0485,5.37983253,27.8,53.06888994116083,10.342858000000009,0.592461347579956
1778535576.395067,2026-05-11T22:39:36.395067,5.13098,1.02498,5.2591518804,27.8,53.12148145996483,10.353107800000009,0.592461347579956
1778535576.3950748,2026-05-11T22:39:36.395075,5.13098,1.0485,5.37983253,27.8,53.175279785264834,10.363592800000008,0.592461347579956
1778535576.3950813,2026-05-11T22:39:36.395081,5.13098,1.0485,5.37983253,27.8,53.229078110564835,10.374077800000007,0.592461347579956
1778535576.4353788,2026-05-11T22:39:36.435390,5.13098,1.0485,5.37983253,27.8,53.282876435864836,10.384562800000007,0.6327688694000244
1778535576.4354758,2026-05-11T22:39:36.435478,5.13098,1.0485,5.37983253,27.8,53.336674761164836,10.395047800000006,0.6327688694000244
1778535576.4355226,2026-05-11T22:39:36.435524,5.13098,1.03544,5.312821931199999,27.8,53.38980298047684,10.405402200000006,0.6327688694000244
1778535576.4355543,2026-05-11T22:39:36.435555,5.13098,1.0485,5.37983253,27.8,53.44360130577684,10.415887200000006,0.6327688694000244
1778535576.4746716,2026-05-11T22:39:36.474673,5.13098,1.0485,5.37983253,27.8,53.49739963107684,10.426372200000005,0.6720917224884033
1778535576.47469,2026-05-11T22:39:36.474690,5.13098,1.0485,5.37983253,27.8,53.55119795637684,10.436857200000004,0.6720917224884033
1778535576.4746957,2026-05-11T22:39:36.474696,5.13098,1.04813,5.3779340674,27.8,53.60497729705084,10.447338500000004,0.6720917224884033
1778535576.4747007,2026-05-11T22:39:36.474700,5.13098,1.04813,5.3779340674,27.8,53.658756637724835,10.457819800000005,0.6720917224884033
1778535576.5147324,2026-05-11T22:39:36.514735,5.13098,1.04813,5.3779340674,27.8,53.71253597839883,10.468301100000005,0.7121517658233643
1778535576.514755,2026-05-11T22:39:36.514755,5.13098,1.03644,5.3179529112,27.8,53.76571550751083,10.478665500000005,0.7121517658233643
1778535576.5147603,2026-05-11T22:39:36.514760,5.13098,1.03494,5.3102564412,27.8,53.818818071922834,10.489014900000006,0.7121517658233643
1778535576.514764,2026-05-11T22:39:36.514764,5.13098,1.04813,5.3779340674,27.8,53.87259741259683,10.499496200000006,0.7121517658233643
1778535576.5550256,2026-05-11T22:39:36.555027,5.13098,1.04813,5.3779340674,27.8,53.92637675327083,10.509977500000007,0.7524468898773193
1778535576.5550406,2026-05-11T22:39:36.555040,5.13098,1.04813,5.3779340674,27.8,53.98015609394483,10.520458800000007,0.7524468898773193
1778535576.5550447,2026-05-11T22:39:36.555044,5.13098,1.04813,5.3779340674,27.8,54.033935434618826,10.530940100000008,0.7524468898773193
1778535576.5550482,2026-05-11T22:39:36.555048,5.13098,1.04813,5.3779340674,27.8,54.087714775292824,10.541421400000008,0.7524468898773193
1778535576.5946977,2026-05-11T22:39:36.594700,5.13102,1.03071,5.288593624200001,27.8,54.14060071153482,10.551728500000008,0.7921187877655029
1778535576.5947144,2026-05-11T22:39:36.594714,5.13102,1.03768,5.3243568336000004,27.8,54.193844279870824,10.562105300000008,0.7921187877655029
1778535576.59472,2026-05-11T22:39:36.594720,5.13102,1.04806,5.3776168212,27.8,54.24762044808283,10.572585900000007,0.7921187877655029
1778535576.5947244,2026-05-11T22:39:36.594724,5.13102,1.04806,5.3776168212,27.8,54.30139661629483,10.583066500000006,0.7921187877655029
1778535576.634842,2026-05-11T22:39:36.634847,5.13102,1.06134,5.4457567668,27.8,54.35585418396283,10.593679900000007,0.8322443962097168
1778535576.6349003,2026-05-11T22:39:36.634905,5.13102,1.04806,5.3776168212,27.8,54.40963035217484,10.604160500000006,0.8322443962097168
1778535576.6349323,2026-05-11T22:39:36.634933,5.13102,1.03644,5.317994368800001,27.8,54.46281029586284,10.614524900000006,0.8322443962097168
1778535576.634957,2026-05-11T22:39:36.634957,5.13102,1.1871,6.091033842000001,27.8,54.52372063428284,10.626395900000006,0.8322443962097168
1778535576.6749454,2026-05-11T22:39:36.674950,5.13102,1.04806,5.3776168212,27.8,54.57749680249484,10.636876500000005,0.8723528385162354
1778535576.674992,2026-05-11T22:39:36.674992,5.13102,1.04806,5.3776168212,27.8,54.631272970706846,10.647357100000004,0.8723528385162354
1778535576.675011,2026-05-11T22:39:36.675011,5.13098,1.06582,5.4687011036,27.8,54.68595998174285,10.658015300000004,0.8723528385162354
1778535576.675028,2026-05-11T22:39:36.675028,5.13098,1.04871,5.3809100358,27.8,54.73976908210085,10.668502400000005,0.8723528385162354
1778535576.7150943,2026-05-11T22:39:36.715096,5.13098,1.04871,5.3809100358,27.8,54.79357818245885,10.678989500000005,0.9125139713287354
1778535576.715113,2026-05-11T22:39:36.715113,5.13098,1.0337,5.303894026,27.8,54.846617122718854,10.689326500000005,0.9125139713287354
1778535576.7151182,2026-05-11T22:39:36.715118,5.13098,1.04871,5.3809100358,27.8,54.900426223076856,10.699813600000006,0.9125139713287354
1778535576.7151222,2026-05-11T22:39:36.715122,5.13098,1.05959,5.436735098200001,27.8,54.954793574058854,10.710409500000006,0.9125139713287354
1778535576.7547927,2026-05-11T22:39:36.754800,5.13098,1.04871,5.3809100358,27.8,55.008602674416856,10.720896600000007,0.9522006511688232
1778535576.7548306,2026-05-11T22:39:36.754831,5.13098,1.04871,5.3809100358,27.8,55.06241177477486,10.731383700000007,0.9522006511688232
1778535576.7548406,2026-05-11T22:39:36.754841,5.13098,1.04871,5.3809100358,27.8,55.11622087513286,10.741870800000008,0.9522006511688232
1778535576.754851,2026-05-11T22:39:36.754851,5.13098,1.03419,5.3064082061999995,27.8,55.16928495719486,10.752212700000008,0.9522006511688232
1778535576.7950103,2026-05-11T22:39:36.795016,5.13102,1.04817,5.3781812334,27.8,55.22306676952886,10.762694400000008,0.9924178123474121
1778535576.795058,2026-05-11T22:39:36.795058,5.13102,1.06258,5.452119231600001,27.8,55.277587961844866,10.773320200000008,0.9924178123474121
1778535576.7950737,2026-05-11T22:39:36.795074,5.13102,1.04817,5.3781812334,27.8,55.33136977417887,10.783801900000007,0.9924178123474121
1778535576.7950876,2026-05-11T22:39:36.795088,5.13102,1.04817,5.3781812334,27.8,55.38515158651287,10.794283600000007,0.9924178123474121
1778535576.8349936,2026-05-11T22:39:36.834999,5.13102,1.04817,5.3781812334,27.8,55.43893339884687,10.804765300000007,1.0323998928070068
1778535576.8350413,2026-05-11T22:39:36.835042,5.13102,1.04817,5.3781812334,27.8,55.49271521118087,10.815247000000006,1.0323998928070068
1778535576.8350577,2026-05-11T22:39:36.835058,5.13102,1.04817,5.3781812334,27.8,55.546497023514874,10.825728700000006,1.0323998928070068
1778535576.835071,2026-05-11T22:39:36.835071,5.13102,1.04817,5.3781812334,27.8,55.600278835848876,10.836210400000006,1.0323998928070068
1778535576.8752599,2026-05-11T22:39:36.875266,5.13102,1.04817,5.3781812334,27.8,55.65406064818288,10.846692100000006,0.03210282325744629
1778535576.875309,2026-05-11T22:39:36.875309,5.13102,1.04817,5.3781812334,27.8,55.70784246051688,10.857173800000005,0.03210282325744629
1778535576.8753273,2026-05-11T22:39:36.875327,5.11892,1.05959,5.423956442800001,27.8,55.76208202494488,10.867769700000006,0.03210282325744629
1778535576.875343,2026-05-11T22:39:36.875343,5.13106,1.03718,5.321832810799999,27.8,55.81530035305288,10.878141500000005,0.03210282325744629
1778535576.9150417,2026-05-11T22:39:36.915048,5.13106,1.03245,5.297562897000001,27.8,55.86827598202289,10.888466000000005,0.07188582420349121
1778535576.9150903,2026-05-11T22:39:36.915091,5.13106,1.04798,5.377248258799999,27.8,55.92204846461089,10.898945800000005,0.07188582420349121
1778535576.915109,2026-05-11T22:39:36.915109,5.13106,1.04798,5.377248258799999,27.8,55.97582094719889,10.909425600000006,0.07188582420349121
1778535576.9151242,2026-05-11T22:39:36.915124,5.13106,1.04798,5.377248258799999,27.8,56.02959342978689,10.919905400000006,0.07188582420349121
1778535576.9553368,2026-05-11T22:39:36.955342,5.13106,1.04798,5.377248258799999,27.8,56.083365912374894,10.930385200000007,0.11218070983886719
1778535576.9553862,2026-05-11T22:39:36.955387,5.13106,1.03668,5.3192672808,27.8,56.1365585851829,10.940752000000007,0.11218070983886719
1778535576.9554038,2026-05-11T22:39:36.955404,5.13106,1.03395,5.305259486999999,27.8,56.1896111800529,10.951091500000008,0.11218070983886719
1778535576.9554188,2026-05-11T22:39:36.955419,5.13106,1.04798,5.377248258799999,27.8,56.2433836626409,10.961571300000008,0.11218070983886719
1778535576.995081,2026-05-11T22:39:36.995087,5.1311,1.04708,5.372672188,27.8,56.2971103845209,10.972042100000008,0.15192365646362305
1778535576.9951296,2026-05-11T22:39:36.995130,5.1311,1.04708,5.372672188,27.8,56.350837106400895,10.982512900000009,0.15192365646362305
1778535576.995147,2026-05-11T22:39:36.995147,5.1311,1.04708,5.372672188,27.8,56.40456382828089,10.992983700000009,0.15192365646362305
1778535576.9951627,2026-05-11T22:39:36.995163,5.1311,1.03096,5.289958856,27.8,56.457463416840895,11.003293300000008,0.15192365646362305
1778535577.0350533,2026-05-11T22:39:37.035056,5.1311,1.02797,5.274616867000001,27.8,56.51020958551089,11.013573000000008,0.1919102668762207
1778535577.0350888,2026-05-11T22:39:37.035089,5.1311,1.06059,5.441993349,27.8,56.564629519000896,11.024178900000008,0.1919102668762207
1778535577.035095,2026-05-11T22:39:37.035095,5.1311,1.04708,5.372672188,27.8,56.61835624088089,11.034649700000008,0.1919102668762207
1778535577.0351,2026-05-11T22:39:37.035100,5.1311,1.04708,5.372672188,27.8,56.67208296276089,11.045120500000008,0.1919102668762207
1778535577.0746782,2026-05-11T22:39:37.074681,5.1311,1.07205,5.5007957549999995,27.8,56.72709092031089,11.055841000000008,0.2315356731414795
1778535577.074697,2026-05-11T22:39:37.074697,5.1311,1.04708,5.372672188,27.8,56.78081764219089,11.066311800000008,0.2315356731414795
1778535577.0747013,2026-05-11T22:39:37.074701,5.13106,1.0472,5.373246031999999,27.8,56.83455010251089,11.076783800000008,0.2315356731414795
1778535577.0747056,2026-05-11T22:39:37.074705,5.13106,1.0472,5.373246031999999,27.8,56.88828256283089,11.087255800000008,0.2315356731414795
1778535577.1146657,2026-05-11T22:39:37.114668,5.13106,1.0472,5.373246031999999,27.8,56.94201502315089,11.097727800000008,0.27152204513549805
1778535577.1146932,2026-05-11T22:39:37.114693,5.13106,1.0472,5.373246031999999,27.8,56.995747483470886,11.108199800000008,0.27152204513549805
1778535577.1147053,2026-05-11T22:39:37.114706,5.13106,1.0586,5.431740115999999,27.8,57.050064884630885,11.118785800000008,0.27152204513549805
1778535577.114719,2026-05-11T22:39:37.114719,5.13106,1.0472,5.373246031999999,27.8,57.103797344950884,11.129257800000008,0.27152204513549805
1778535577.1546516,2026-05-11T22:39:37.154654,5.13106,1.0472,5.373246031999999,27.8,57.15752980527088,11.139729800000008,0.311509370803833
1778535577.154668,2026-05-11T22:39:37.154668,5.13106,1.0472,5.373246031999999,27.8,57.21126226559088,11.150201800000008,0.311509370803833
1778535577.1546724,2026-05-11T22:39:37.154672,5.13106,1.03021,5.2860693226,27.8,57.264122958816884,11.160503900000009,0.311509370803833
1778535577.1546764,2026-05-11T22:39:37.154676,5.13106,1.06184,5.448364750399999,27.8,57.318606606320884,11.17112230000001,0.311509370803833
1778535577.1950014,2026-05-11T22:39:37.195003,5.1311,1.06931,5.486736541,27.8,57.37347397173088,11.181815400000009,0.35185956954956055
1778535577.195017,2026-05-11T22:39:37.195017,5.1311,1.06109,5.4445588990000005,27.8,57.42791956072088,11.192426300000008,0.35185956954956055
1778535577.1950219,2026-05-11T22:39:37.195022,5.1311,1.06009,5.439427799,27.8,57.48231383871088,11.203027200000008,0.35185956954956055
1778535577.195026,2026-05-11T22:39:37.195026,5.1311,1.04789,5.376828379,27.8,57.53608212250088,11.213506100000009,0.35185956954956055
1778535577.2347794,2026-05-11T22:39:37.234783,5.1311,1.04789,5.376828379,27.8,57.58985040629088,11.22398500000001,0.391632080078125
1778535577.2348063,2026-05-11T22:39:37.234806,5.1311,1.05885,5.433065235,27.8,57.644181058640875,11.23457350000001,0.391632080078125
1778535577.2348151,2026-05-11T22:39:37.234815,5.1311,1.06906,5.485453765999999,27.8,57.699035596300874,11.24526410000001,0.391632080078125
1778535577.234823,2026-05-11T22:39:37.234823,5.1311,1.06408,5.459900888,27.8,57.75363460518087,11.25590490000001,0.391632080078125
1778535577.2750797,2026-05-11T22:39:37.275082,5.1311,1.04789,5.376828379,27.8,57.80740288897087,11.26638380000001,0.43193650245666504
1778535577.2750976,2026-05-11T22:39:37.275097,5.1311,1.03195,5.295038645,27.8,57.86035327542087,11.27670330000001,0.43193650245666504
1778535577.275102,2026-05-11T22:39:37.275102,5.13118,1.01701,5.218461371799999,27.8,57.91253788913887,11.28687340000001,0.43193650245666504
1778535577.2751057,2026-05-11T22:39:37.275105,5.13118,0.98464,5.052365075199999,27.8,57.963061539890866,11.29671980000001,0.43193650245666504
1778535577.315024,2026-05-11T22:39:37.315026,5.13118,0.92587,4.750805626599999,27.8,58.01056959615686,11.30597850000001,0.4718799591064453
1778535577.3150456,2026-05-11T22:39:37.315046,5.13118,1.0586,5.431867147999999,27.8,58.06488826763686,11.31656450000001,0.4718799591064453
1778535577.3150523,2026-05-11T22:39:37.315052,5.13118,1.04827,5.3788620586,27.8,58.11867688822286,11.327047200000012,0.4718799591064453
1778535577.3150582,2026-05-11T22:39:37.315058,5.13118,1.04827,5.3788620586,27.8,58.172465508808855,11.337529900000012,0.4718799591064453
1778535577.3553138,2026-05-11T22:39:37.355320,5.13118,1.0337,5.304100766,27.8,58.225506516468855,11.347866900000012,0.5121567249298096
1778535577.355364,2026-05-11T22:39:37.355365,5.13118,1.04827,5.3788620586,27.8,58.27929513705485,11.358349600000013,0.5121567249298096
1778535577.355382,2026-05-11T22:39:37.355382,5.13118,1.04827,5.3788620586,27.8,58.33308375764085,11.368832300000014,0.5121567249298096
1778535577.3553972,2026-05-11T22:39:37.355397,5.13118,1.04827,5.3788620586,27.8,58.38687237822685,11.379315000000014,0.5121567249298096
1778535577.3949537,2026-05-11T22:39:37.394959,5.13114,1.06408,5.4599434512,27.8,58.44147181273885,11.389955800000013,0.5517995357513428
1778535577.3949964,2026-05-11T22:39:37.394997,5.13114,1.04682,5.371379974800001,27.8,58.49518561248685,11.400424000000013,0.5517995357513428
1778535577.3950121,2026-05-11T22:39:37.395012,5.13114,1.04682,5.371379974800001,27.8,58.54889941223485,11.410892200000013,0.5517995357513428
1778535577.3950257,2026-05-11T22:39:37.395026,5.13114,1.08574,5.5710839436,27.8,58.604610251670856,11.421749600000014,0.5517995357513428
1778535577.4353535,2026-05-11T22:39:37.435359,5.13114,1.0977,5.632452378,27.8,58.660934775450855,11.432726600000015,0.5921976566314697
1778535577.435403,2026-05-11T22:39:37.435404,5.13114,1.08425,5.563438545,27.8,58.71656916090085,11.443569100000015,0.5921976566314697
1778535577.4354212,2026-05-11T22:39:37.435421,5.13114,1.06607,5.470154419800001,27.8,58.77127070509885,11.454229800000016,0.5921976566314697
1778535577.435436,2026-05-11T22:39:37.435436,5.13114,1.04682,5.371379974800001,27.8,58.82498450484685,11.464698000000016,0.5921976566314697
1778535577.4753249,2026-05-11T22:39:37.475331,5.13114,1.04682,5.371379974800001,27.8,58.878698304594856,11.475166200000016,0.6321685314178467
1778535577.4753761,2026-05-11T22:39:37.475377,5.13114,1.0581,5.429259234000001,27.8,58.932990896934854,11.485747200000016,0.6321685314178467
1778535577.4753947,2026-05-11T22:39:37.475395,5.13114,1.03668,5.3193502152,27.8,58.98618439908685,11.496114000000016,0.6321685314178467
1778535577.4754107,2026-05-11T22:39:37.475411,5.13114,1.04848,5.379897667200001,27.8,59.03998337575885,11.506598800000017,0.6321685314178467
1778535577.515038,2026-05-11T22:39:37.515044,5.13114,1.04848,5.379897667200001,27.8,59.09378235243085,11.517083600000017,0.6718776226043701
1778535577.5150921,2026-05-11T22:39:37.515093,5.13114,1.03644,5.3181187416,27.8,59.14696353984685,11.527448000000017,0.6718776226043701
1778535577.5151103,2026-05-11T22:39:37.515110,5.13114,1.02374,5.252953263600001,27.8,59.19949307248285,11.537685400000017,0.6718776226043701
1778535577.5151255,2026-05-11T22:39:37.515126,5.13114,1.04848,5.379897667200001,27.8,59.25329204915485,11.548170200000017,0.6718776226043701
1778535577.5547056,2026-05-11T22:39:37.554708,5.13114,1.04848,5.379897667200001,27.8,59.30709102582685,11.558655000000018,0.7115623950958252
1778535577.5547233,2026-05-11T22:39:37.554723,5.13114,1.04848,5.379897667200001,27.8,59.36089000249885,11.569139800000018,0.7115623950958252
1778535577.5547273,2026-05-11T22:39:37.554727,5.13114,1.04848,5.379897667200001,27.8,59.41468897917085,11.579624600000018,0.7115623950958252
1778535577.5547314,2026-05-11T22:39:37.554731,5.13114,1.04848,5.379897667200001,27.8,59.468487955842846,11.590109400000019,0.7115623950958252
1778535577.5945976,2026-05-11T22:39:37.594600,5.13114,1.02473,5.2580330922,27.8,59.521068286764844,11.600356700000019,0.7514533996582031
1778535577.5946198,2026-05-11T22:39:37.594620,5.13114,1.04886,5.3818475004,27.8,59.574886761768845,11.610845300000019,0.7514533996582031
1778535577.5946307,2026-05-11T22:39:37.594631,5.13114,1.04886,5.3818475004,27.8,59.628705236772845,11.62133390000002,0.7514533996582031
1778535577.5946412,2026-05-11T22:39:37.594641,5.13114,1.05959,5.4369046326,27.8,59.68307428309885,11.63192980000002,0.7514533996582031
1778535577.634642,2026-05-11T22:39:37.634645,5.13114,1.06209,5.4497324826,27.8,59.73757160792485,11.642550700000019,0.7914931774139404
1778535577.6346729,2026-05-11T22:39:37.634673,5.13114,1.04886,5.3818475004,27.8,59.79139008292885,11.65303930000002,0.7914931774139404
1778535577.634683,2026-05-11T22:39:37.634683,5.13114,1.04886,5.3818475004,27.8,59.84520855793285,11.66352790000002,0.7914931774139404
1778535577.6346898,2026-05-11T22:39:37.634690,5.13114,1.04886,5.3818475004,27.8,59.89902703293685,11.67401650000002,0.7914931774139404
1778535577.6745908,2026-05-11T22:39:37.674593,5.13114,1.04886,5.3818475004,27.8,59.95284550794085,11.68450510000002,0.8314452171325684
1778535577.6746473,2026-05-11T22:39:37.674648,5.13114,1.04886,5.3818475004,27.8,60.00666398294485,11.69499370000002,0.8314452171325684
1778535577.6746788,2026-05-11T22:39:37.674679,5.1311,1.06657,5.472677327,27.8,60.06139075621485,11.705659400000021,0.8314452171325684
1778535577.6746922,2026-05-11T22:39:37.674692,5.1311,1.0481,5.37790591,27.8,60.11516981531485,11.716140400000022,0.8314452171325684
1778535577.714674,2026-05-11T22:39:37.714677,5.1311,1.0481,5.37790591,27.8,60.16894887441485,11.726621400000022,0.8715291023254395
1778535577.7147024,2026-05-11T22:39:37.714703,5.1311,1.02996,5.284827756,27.8,60.221797151974855,11.736921000000022,0.8715291023254395
1778535577.714713,2026-05-11T22:39:37.714713,5.1311,1.03693,5.320591522999999,27.8,60.27500306720486,11.747290300000023,0.8715291023254395
1778535577.7147236,2026-05-11T22:39:37.714724,5.1311,1.0481,5.37790591,27.8,60.32878212630486,11.757771300000023,0.8715291023254395
1778535577.7545888,2026-05-11T22:39:37.754591,5.1311,1.0481,5.37790591,27.8,60.38256118540486,11.768252300000023,0.911444902420044
1778535577.7546062,2026-05-11T22:39:37.754606,5.1311,1.03644,5.318077284,27.8,60.43574195824486,11.778616700000024,0.911444902420044
1778535577.754611,2026-05-11T22:39:37.754611,5.1311,1.0481,5.37790591,27.8,60.48952101734486,11.789097700000024,0.911444902420044
1778535577.7546148,2026-05-11T22:39:37.754615,5.1311,1.0481,5.37790591,27.8,60.543300076444865,11.799578700000025,0.911444902420044
1778535577.7948387,2026-05-11T22:39:37.794844,5.1311,1.04829,5.378880819,27.8,60.597088884634864,11.810061600000024,0.9516847133636475
1778535577.7948818,2026-05-11T22:39:37.794882,5.1311,1.04829,5.378880819,27.8,60.650877692824864,11.820544500000024,0.9516847133636475
1778535577.794898,2026-05-11T22:39:37.794898,5.1311,1.04829,5.378880819,27.8,60.70466650101486,11.831027400000023,0.9516847133636475
1778535577.794911,2026-05-11T22:39:37.794911,5.1311,1.08126,5.548053186000001,27.8,60.76014703287486,11.841840000000023,0.9516847133636475
1778535577.8348265,2026-05-11T22:39:37.834831,5.1311,1.04829,5.378880819,27.8,60.81393584106486,11.852322900000022,0.9916741847991943
1778535577.8348672,2026-05-11T22:39:37.834868,5.1311,1.06383,5.458618113,27.8,60.86852202219486,11.862961200000022,0.9916741847991943
1778535577.8348837,2026-05-11T22:39:37.834884,5.1311,1.04829,5.378880819,27.8,60.92231083038486,11.873444100000022,0.9916741847991943
1778535577.8348975,2026-05-11T22:39:37.834897,5.1311,1.04829,5.378880819,27.8,60.97609963857486,11.883927000000021,0.9916741847991943
1778535577.8750038,2026-05-11T22:39:37.875012,5.1311,1.06184,5.448407223999999,27.8,61.03058371081486,11.894545400000021,1.0318481922149658
1778535577.875051,2026-05-11T22:39:37.875051,5.1311,1.04829,5.378880819,27.8,61.08437251900486,11.905028300000021,1.0318481922149658
1778535577.8750665,2026-05-11T22:39:37.875067,5.13102,1.13903,5.8443857106,27.8,61.14281637611086,11.916418600000021,1.0318481922149658
1778535577.8750799,2026-05-11T22:39:37.875080,5.13102,1.06582,5.4687437364,27.8,61.19750381347486,11.927076800000021,1.0318481922149658
1778535577.9148602,2026-05-11T22:39:37.914865,5.13102,1.04856,5.3801823312,27.8,61.25130563678686,11.937562400000022,0.031952857971191406
1778535577.914903,2026-05-11T22:39:37.914903,5.13102,1.04856,5.3801823312,27.8,61.30510746009886,11.948048000000023,0.031952857971191406
1778535577.9149194,2026-05-11T22:39:37.914920,5.13102,1.06906,5.4853682412,27.8,61.35996114251086,11.958738600000023,0.031952857971191406
1778535577.9149327,2026-05-11T22:39:37.914933,5.13102,1.06109,5.444474011800001,27.8,61.41440588262886,11.969349500000023,0.031952857971191406
1778535577.9546947,2026-05-11T22:39:37.954697,5.13102,1.06034,5.4406257468,27.8,61.468812140096865,11.979952900000024,0.07179975509643555
1778535577.9547124,2026-05-11T22:39:37.954712,5.11392,1.13331,5.7956566752,27.8,61.52676870684886,11.991286000000024,0.07179975509643555
1778535577.954717,2026-05-11T22:39:37.954717,5.13102,1.04856,5.3801823312,27.8,61.58057053016086,12.001771600000025,0.07179975509643555
1778535577.9547207,2026-05-11T22:39:37.954721,5.13102,1.04856,5.3801823312,27.8,61.63437235347286,12.012257200000025,0.07179975509643555
1778535577.994719,2026-05-11T22:39:37.994721,5.13098,1.08026,5.5427924548,27.8,61.68980027802086,12.023059800000025,0.11182403564453125
1778535577.9947348,2026-05-11T22:39:37.994735,5.13098,1.06781,5.478911753799999,27.8,61.74458939555886,12.033737900000025,0.11182403564453125
1778535577.9947398,2026-05-11T22:39:37.994739,5.13098,1.06657,5.4725493386,27.8,61.79931488894486,12.044403600000026,0.11182403564453125
1778535577.9947438,2026-05-11T22:39:37.994744,5.13098,1.08674,5.5760412052,27.8,61.855075300996866,12.055271000000026,0.11182403564453125
1778535578.0349367,2026-05-11T22:39:38.034940,5.13098,1.03818,5.326880816400001,27.8,61.908344109160865,12.065652800000025,0.1520380973815918
1778535578.034962,2026-05-11T22:39:38.034962,5.13098,1.06333,5.4559249634,27.8,61.96290335879487,12.076286100000026,0.1520380973815918
1778535578.0349712,2026-05-11T22:39:38.034971,5.13098,1.06109,5.444431568200001,27.8,62.017347674476866,12.086897000000025,0.1520380973815918
1778535578.0349789,2026-05-11T22:39:38.034979,5.13098,1.05027,5.388914364600001,27.8,62.07123681812287,12.097399700000025,0.1520380973815918
1778535578.0750604,2026-05-11T22:39:38.075066,5.13098,1.05027,5.388914364600001,27.8,62.12512596176887,12.107902400000025,0.1921536922454834
1778535578.0751047,2026-05-11T22:39:38.075105,5.13098,1.06233,5.4507939834,27.8,62.17963390160287,12.118525700000026,0.1921536922454834
1778535578.0751202,2026-05-11T22:39:38.075120,5.13102,1.05113,5.3933690526,27.8,62.23356759212887,12.129037000000025,0.1921536922454834
1778535578.0751343,2026-05-11T22:39:38.075134,5.13102,1.05113,5.3933690526,27.8,62.28750128265487,12.139548300000024,0.1921536922454834
1778535578.1146278,2026-05-11T22:39:38.114630,5.13102,1.05113,5.3933690526,27.8,62.341434973180874,12.150059600000024,0.2317333221435547
1778535578.1146455,2026-05-11T22:39:38.114645,5.13102,1.05113,5.3933690526,27.8,62.395368663706876,12.160570900000023,0.2317333221435547
1778535578.1146495,2026-05-11T22:39:38.114649,5.13102,1.05113,5.3933690526,27.8,62.44930235423288,12.171082200000022,0.2317333221435547
1778535578.114653,2026-05-11T22:39:38.114653,5.13102,1.05113,5.3933690526,27.8,62.50323604475888,12.181593500000021,0.2317333221435547
1778535578.1550999,2026-05-11T22:39:38.155105,5.13102,1.05113,5.3933690526,27.8,62.55716973528488,12.19210480000002,0.27219390869140625
1778535578.1551437,2026-05-11T22:39:38.155144,5.13102,1.05113,5.3933690526,27.8,62.61110342581088,12.20261610000002,0.27219390869140625
1778535578.1551592,2026-05-11T22:39:38.155159,5.13102,1.05113,5.3933690526,27.8,62.66503711633688,12.213127400000019,0.27219390869140625
1778535578.155173,2026-05-11T22:39:38.155173,5.13102,1.0322,5.296238844,27.8,62.717999504776884,12.22344940000002,0.27219390869140625
1778535578.1953166,2026-05-11T22:39:38.195323,5.13098,1.05079,5.3915824742,27.8,62.77191532951888,12.23395730000002,0.3124074935913086
1778535578.195366,2026-05-11T22:39:38.195367,5.13098,1.06881,5.4840427338,27.8,62.82675575685688,12.244645400000019,0.3124074935913086
1778535578.195384,2026-05-11T22:39:38.195384,5.13098,1.05079,5.3915824742,27.8,62.88067158159888,12.25515330000002,0.3124074935913086
1778535578.1953993,2026-05-11T22:39:38.195399,5.13098,1.03992,5.3358087216,27.8,62.93402966881488,12.26555250000002,0.3124074935913086
1778535578.2352502,2026-05-11T22:39:38.235256,5.13098,1.03295,5.3000457910000005,27.8,62.98703012672488,12.275882000000019,0.352341890335083
1778535578.2352998,2026-05-11T22:39:38.235301,5.13098,1.0703,5.491687894,27.8,63.04194700566488,12.286585000000018,0.352341890335083
1778535578.235318,2026-05-11T22:39:38.235318,5.13098,1.05079,5.3915824742,27.8,63.09586283040688,12.297092900000019,0.352341890335083
1778535578.2353332,2026-05-11T22:39:38.235333,5.13098,1.05079,5.3915824742,27.8,63.14977865514888,12.307600800000019,0.352341890335083
1778535578.275067,2026-05-11T22:39:38.275069,5.13098,1.05079,5.3915824742,27.8,63.20369447989088,12.31810870000002,0.39217162132263184
1778535578.2750852,2026-05-11T22:39:38.275085,5.13098,1.02299,5.248941230200001,27.8,63.25618389219288,12.32833860000002,0.39217162132263184
1778535578.2750897,2026-05-11T22:39:38.275089,5.13082,1.05081,5.3915169642,27.8,63.31009906183488,12.338846700000019,0.39217162132263184
1778535578.2750938,2026-05-11T22:39:38.275093,5.13082,1.05081,5.3915169642,27.8,63.36401423147689,12.349354800000018,0.39217162132263184
1778535578.3149166,2026-05-11T22:39:38.314919,5.13082,1.05081,5.3915169642,27.8,63.41792940111889,12.359862900000017,0.4320213794708252
1778535578.3149354,2026-05-11T22:39:38.314935,5.13082,1.05081,5.3915169642,27.8,63.471844570760894,12.370371000000016,0.4320213794708252
1778535578.3149405,2026-05-11T22:39:38.314940,5.13082,1.05081,5.3915169642,27.8,63.5257597404029,12.380879100000016,0.4320213794708252
1778535578.3149447,2026-05-11T22:39:38.314945,5.13082,1.04042,5.338207744399999,27.8,63.579141817846896,12.391283300000016,0.4320213794708252
1778535578.355061,2026-05-11T22:39:38.355063,5.13082,1.03071,5.2883874822,27.8,63.6320256926689,12.401590400000016,0.4721653461456299
1778535578.3550806,2026-05-11T22:39:38.355080,5.13082,1.05081,5.3915169642,27.8,63.6859408623109,12.412098500000015,0.4721653461456299
1778535578.3550858,2026-05-11T22:39:38.355086,5.13082,1.05081,5.3915169642,27.8,63.739856031952904,12.422606600000014,0.4721653461456299
1778535578.3550904,2026-05-11T22:39:38.355090,5.13082,1.05081,5.3915169642,27.8,63.79377120159491,12.433114700000013,0.4721653461456299
1778535578.3947794,2026-05-11T22:39:38.394783,5.13075,1.02672,5.267843640000001,27.8,63.84644963799491,12.443381900000013,0.5118777751922607
1778535578.394814,2026-05-11T22:39:38.394814,5.13075,1.03917,5.3317214774999995,27.8,63.89976685276991,12.453773600000012,0.5118777751922607
1778535578.3948262,2026-05-11T22:39:38.394826,5.13075,1.03718,5.321511285,27.8,63.952981965619905,12.464145400000012,0.5118777751922607
1778535578.3948352,2026-05-11T22:39:38.394836,5.13075,1.05279,5.4016022925,27.8,64.00699798854491,12.474673300000012,0.5118777751922607
1778535578.435032,2026-05-11T22:39:38.435034,5.13075,1.05279,5.4016022925,27.8,64.06101401146991,12.485201200000011,0.5521368980407715
1778535578.4350483,2026-05-11T22:39:38.435048,5.13075,1.05279,5.4016022925,27.8,64.1150300343949,12.49572910000001,0.5521368980407715
1778535578.4350536,2026-05-11T22:39:38.435053,5.13075,1.05279,5.4016022925,27.8,64.1690460573199,12.50625700000001,0.5521368980407715
1778535578.4350579,2026-05-11T22:39:38.435058,5.13075,1.04191,5.3457797325,27.8,64.2225038546449,12.51667610000001,0.5521368980407715
1778535578.4747756,2026-05-11T22:39:38.474780,5.13075,1.03868,5.32920741,27.8,64.2757959287449,12.52706290000001,0.5918645858764648
1778535578.4748144,2026-05-11T22:39:38.474816,5.13075,1.0327,5.298525525,27.8,64.32878118399489,12.53738990000001,0.5918645858764648
1778535578.47483,2026-05-11T22:39:38.474830,5.13075,1.05112,5.3930339400000005,27.8,64.38271152339489,12.54790110000001,0.5918645858764648
1778535578.474843,2026-05-11T22:39:38.474843,5.13075,1.05112,5.3930339400000005,27.8,64.43664186279489,12.55841230000001,0.5918645858764648
1778535578.51489,2026-05-11T22:39:38.514897,5.13075,1.05112,5.3930339400000005,27.8,64.49057220219488,12.56892350000001,0.6319680213928223
1778535578.5149682,2026-05-11T22:39:38.514970,5.13075,1.05112,5.3930339400000005,27.8,64.54450254159488,12.579434700000009,0.6319680213928223
1778535578.515006,2026-05-11T22:39:38.515007,5.13075,1.05112,5.3930339400000005,27.8,64.59843288099488,12.589945900000009,0.6319680213928223
1778535578.5150678,2026-05-11T22:39:38.515069,5.13075,1.03868,5.32920741,27.8,64.65172495509488,12.600332700000008,0.6319680213928223
1778535578.5546646,2026-05-11T22:39:38.554667,5.13075,1.05112,5.3930339400000005,27.8,64.70565529449487,12.610843900000008,0.671769380569458
1778535578.5546815,2026-05-11T22:39:38.554681,5.13075,1.05112,5.3930339400000005,27.8,64.75958563389487,12.621355100000008,0.671769380569458
1778535578.5546856,2026-05-11T22:39:38.554686,5.13075,1.04042,5.3381349149999995,27.8,64.81296698304487,12.631759300000008,0.671769380569458
1778535578.5546896,2026-05-11T22:39:38.554689,5.13075,1.05112,5.3930339400000005,27.8,64.86689732244487,12.642270500000008,0.671769380569458
1778535578.5946481,2026-05-11T22:39:38.594650,5.13071,1.05079,5.391298760899999,27.8,64.92081031005387,12.652778400000008,0.7117540836334229
1778535578.5946667,2026-05-11T22:39:38.594667,5.13071,1.02573,5.2627231683,27.8,64.97343754173687,12.663035700000007,0.7117540836334229
1778535578.5946774,2026-05-11T22:39:38.594679,5.13071,1.03071,5.2882741041,27.8,65.02632028277787,12.673342800000007,0.7117540836334229
1778535578.5946887,2026-05-11T22:39:38.594689,5.13071,1.05079,5.391298760899999,27.8,65.08023327038687,12.683850700000008,0.7117540836334229
1778535578.6345744,2026-05-11T22:39:38.634576,5.13071,1.05079,5.391298760899999,27.8,65.13414625799587,12.694358600000008,0.751680850982666
1778535578.6345885,2026-05-11T22:39:38.634588,5.13071,1.05079,5.391298760899999,27.8,65.18805924560486,12.704866500000009,0.751680850982666
1778535578.6345928,2026-05-11T22:39:38.634593,5.13071,1.05079,5.391298760899999,27.8,65.24197223321386,12.715374400000009,0.751680850982666
1778535578.6345966,2026-05-11T22:39:38.634596,5.13071,1.02822,5.275498636199999,27.8,65.29472721957586,12.72565660000001,0.751680850982666
1778535578.6748264,2026-05-11T22:39:38.674831,5.13071,1.02946,5.2818607166,27.8,65.34754582674186,12.73595120000001,0.7919206619262695
1778535578.6748672,2026-05-11T22:39:38.674868,5.13071,1.05079,5.391298760899999,27.8,65.40145881435086,12.74645910000001,0.7919206619262695
1778535578.6748836,2026-05-11T22:39:38.674884,5.13067,1.05038,5.389153154600001,27.8,65.45535034589686,12.75696290000001,0.7919206619262695
1778535578.6748972,2026-05-11T22:39:38.674897,5.13067,1.05038,5.389153154600001,27.8,65.50924187744286,12.76746670000001,0.7919206619262695
1778535578.7147455,2026-05-11T22:39:38.714749,5.13067,1.07827,5.5322475409,27.8,65.56456435285186,12.77824940000001,0.8318471908569336
1778535578.7147708,2026-05-11T22:39:38.714771,5.13067,1.03195,5.2945949064999995,27.8,65.61751030191687,12.78856890000001,0.8318471908569336
1778535578.7147794,2026-05-11T22:39:38.714779,5.13067,1.02971,5.2831022057,27.8,65.67034132397387,12.798866000000011,0.8318471908569336
1778535578.7147865,2026-05-11T22:39:38.714786,5.13067,1.05038,5.389153154600001,27.8,65.72423285551987,12.809369800000011,0.8318471908569336
1778535578.7548566,2026-05-11T22:39:38.754862,5.13067,1.05038,5.389153154600001,27.8,65.77812438706587,12.819873600000012,0.8719511032104492
1778535578.7548974,2026-05-11T22:39:38.754898,5.13067,1.03544,5.3125009448,27.8,65.83124939651387,12.830228000000012,0.8719511032104492
1778535578.7549133,2026-05-11T22:39:38.754914,5.13067,1.00879,5.1757685893000005,27.8,65.88300708240686,12.840315900000013,0.8719511032104492
1778535578.7549274,2026-05-11T22:39:38.754927,5.13067,0.99684,5.1144570828,27.8,65.93415165323486,12.850284300000013,0.8719511032104492
1778535578.7949698,2026-05-11T22:39:38.794975,5.13067,0.99933,5.1272324511,27.8,65.98542397774587,12.860277600000012,0.9120628833770752
1778535578.7950115,2026-05-11T22:39:38.795012,5.13067,1.01402,5.2026019934,27.8,66.03744999767987,12.870417800000013,0.9120628833770752
1778535578.7950277,2026-05-11T22:39:38.795028,5.13067,1.01751,5.2205080317,27.8,66.08965507799687,12.880592900000012,0.9120628833770752
1778535578.7950418,2026-05-11T22:39:38.795042,5.13067,1.03245,5.297160241500001,27.8,66.14262668041187,12.890917400000012,0.9120628833770752
1778535578.8350217,2026-05-11T22:39:38.835027,5.13067,1.00879,5.1757685893000005,27.8,66.19438436630486,12.901005300000012,0.9521152973175049
1778535578.8350654,2026-05-11T22:39:38.835066,5.13067,1.01153,5.1898266251,27.8,66.24628263255586,12.911120600000013,0.9521152973175049
1778535578.8350818,2026-05-11T22:39:38.835082,5.13067,0.99883,5.1246671161,27.8,66.29752930371686,12.921108900000013,0.9521152973175049
1778535578.835095,2026-05-11T22:39:38.835095,5.13067,1.01054,5.1847472618,27.8,66.34937677633485,12.931214300000013,0.9521152973175049
1778535578.874989,2026-05-11T22:39:38.874994,5.13067,1.01851,5.2256387017,27.8,66.40163316335185,12.941399400000012,0.9920816421508789
1778535578.8750324,2026-05-11T22:39:38.875033,5.13067,1.00854,5.1744859218000006,27.8,66.45337802256985,12.951484800000012,0.9920816421508789
1778535578.8750482,2026-05-11T22:39:38.875048,5.13063,1.00755,5.1693662565,27.8,66.50507168513485,12.961560300000011,0.9920816421508789
1778535578.875062,2026-05-11T22:39:38.875062,5.13063,1.04484,5.3606874492,27.8,66.55867855962686,12.97200870000001,0.9920816421508789
1778535578.9152193,2026-05-11T22:39:38.915225,5.13063,1.02224,5.2447352112,27.8,66.61112591173885,12.98223110000001,1.0323126316070557
1778535578.915263,2026-05-11T22:39:38.915263,5.13063,1.02149,5.2408872387,27.8,66.66353478412586,12.99244600000001,1.0323126316070557
1778535578.9152787,2026-05-11T22:39:38.915279,5.13063,1.02149,5.2408872387,27.8,66.71594365651286,13.00266090000001,1.0323126316070557
1778535578.9152923,2026-05-11T22:39:38.915292,5.13063,1.01875,5.2268293125000005,27.8,66.76821194963786,13.01284840000001,1.0323126316070557
1778535578.9552605,2026-05-11T22:39:38.955265,5.13063,1.0073,5.168083599,27.8,66.81989278562786,13.02292140000001,0.032080888748168945
1778535578.9553046,2026-05-11T22:39:38.955305,5.13063,1.01353,5.2000474239,27.8,66.87189325986685,13.03305670000001,0.032080888748168945
1778535578.95532,2026-05-11T22:39:38.955320,5.13063,1.00381,5.1501777003,27.8,66.92339503686985,13.04309480000001,0.032080888748168945
1778535578.9553337,2026-05-11T22:39:38.955334,5.13063,1.00406,5.1514603578,27.8,66.97490964044785,13.05313540000001,0.032080888748168945
1778535578.9950793,2026-05-11T22:39:38.995081,5.13059,1.01676,5.2165786884,27.8,67.02707542733185,13.06330300000001,0.07191133499145508
1778535578.9950967,2026-05-11T22:39:38.995096,5.13059,1.01452,5.2050861668,27.8,67.07912628899984,13.07344820000001,0.07191133499145508
1778535578.9951012,2026-05-11T22:39:38.995101,5.13059,1.01826,5.2242745734,27.8,67.13136903473385,13.08363080000001,0.07191133499145508
1778535578.9951048,2026-05-11T22:39:38.995104,5.13059,1.0414,5.342996426,27.8,67.18479899899386,13.094044800000011,0.07191133499145508
1778535579.0350847,2026-05-11T22:39:39.035087,5.13059,0.99833,5.1220219147,27.8,67.23601921814085,13.104028100000011,0.11191391944885254
1778535579.0351086,2026-05-11T22:39:39.035109,5.13059,1.0414,5.342996426,27.8,67.28944918240086,13.114442100000012,0.11191391944885254
1778535579.0351162,2026-05-11T22:39:39.035116,5.13059,1.02224,5.2446943216,27.8,67.34189612561686,13.124664500000012,0.11191391944885254
1778535579.0351226,2026-05-11T22:39:39.035123,5.13059,1.01328,5.198724235199999,27.8,67.39388336796885,13.134797300000011,0.11191391944885254
1778535579.0752761,2026-05-11T22:39:39.075281,5.13059,1.02523,5.2600347857,27.8,67.44648371582585,13.14504960000001,0.15209674835205078
1778535579.0753202,2026-05-11T22:39:39.075321,5.13059,1.01303,5.1974415877,27.8,67.49845813170285,13.155179900000011,0.15209674835205078
1778535579.0753365,2026-05-11T22:39:39.075337,5.13043,0.98987,5.0784587441,27.8,67.54924271914385,13.165078600000012,0.15209674835205078
1778535579.0753498,2026-05-11T22:39:39.075350,5.13043,1.03726,5.3215898218,27.8,67.60245861736185,13.175451200000012,0.15209674835205078
1778535579.1149793,2026-05-11T22:39:39.114985,5.13043,1.01502,5.207489058599999,27.8,67.65453350794785,13.185601400000012,0.19179749488830566
1778535579.1150284,2026-05-11T22:39:39.115029,5.13043,1.01253,5.194714287899999,27.8,67.70648065082685,13.195726700000012,0.19179749488830566
1778535579.1150465,2026-05-11T22:39:39.115046,5.13043,1.01676,5.2164160068,27.8,67.75864481089485,13.205894300000013,0.19179749488830566
1778535579.1150625,2026-05-11T22:39:39.115063,5.13043,1.02324,5.249661193199999,27.8,67.81114142282685,13.216126700000013,0.19179749488830566
1778535579.1550796,2026-05-11T22:39:39.155082,5.13043,0.99385,5.0988778555,27.8,67.86213020138185,13.226065200000013,0.23191165924072266
1778535579.1550965,2026-05-11T22:39:39.155097,5.13043,0.99186,5.088668299799999,27.8,67.91301688437984,13.235983800000014,0.23191165924072266
1778535579.1551013,2026-05-11T22:39:39.155101,5.13043,1.01402,5.202358628599999,27.8,67.96504047066584,13.246124000000014,0.23191165924072266
1778535579.1551049,2026-05-11T22:39:39.155105,5.13043,1.01153,5.1895838579,27.8,68.01693630924484,13.256239300000015,0.23191165924072266
1778535579.1950378,2026-05-11T22:39:39.195040,5.13043,1.0073,5.167882139,27.8,68.06861513063484,13.266312300000015,0.2718679904937744
1778535579.1950605,2026-05-11T22:39:39.195060,5.13043,1.03338,5.301683753399999,27.8,68.12163196816884,13.276646100000015,0.2718679904937744
1778535579.195068,2026-05-11T22:39:39.195068,5.13043,1.03338,5.301683753399999,27.8,68.17464880570284,13.286979900000015,0.2718679904937744
1778535579.1950743,2026-05-11T22:39:39.195074,5.13043,1.00605,5.1614691015,27.8,68.22626349671785,13.297040400000014,0.2718679904937744
1778535579.23526,2026-05-11T22:39:39.235265,5.13043,1.03338,5.301683753399999,27.8,68.27928033425185,13.307374200000014,0.31207990646362305
1778535579.2353036,2026-05-11T22:39:39.235304,5.13043,1.02075,5.2368864225,27.8,68.33164919847685,13.317581700000014,0.31207990646362305
1778535579.2353199,2026-05-11T22:39:39.235320,5.13043,1.02324,5.249661193199999,27.8,68.38414581040885,13.327814100000014,0.31207990646362305
1778535579.2353337,2026-05-11T22:39:39.235334,5.13043,1.01502,5.207489058599999,27.8,68.43622070099485,13.337964300000014,0.31207990646362305
1778535579.275196,2026-05-11T22:39:39.275202,5.13043,0.99709,5.1155004487,27.8,68.48737570548185,13.347935200000014,0.35201358795166016
1778535579.2752457,2026-05-11T22:39:39.275246,5.13043,0.99809,5.1206308787,27.8,68.53858201426885,13.357916100000015,0.35201358795166016
1778535579.2752635,2026-05-11T22:39:39.275264,5.13039,1.01527,5.2087310552999995,27.8,68.59066932482186,13.368068800000016,0.35201358795166016
1778535579.2752786,2026-05-11T22:39:39.275279,5.13039,1.01253,5.1946737867,27.8,68.64261606268886,13.378194100000016,0.35201358795166016
1778535579.3148255,2026-05-11T22:39:39.314829,5.13039,1.01477,5.2061658603,27.8,68.69467772129185,13.388341800000015,0.39165186882019043
1778535579.314857,2026-05-11T22:39:39.314857,5.13039,1.01427,5.203600665300001,27.8,68.74671372794485,13.398484500000015,0.39165186882019043
1778535579.3148682,2026-05-11T22:39:39.314868,5.13039,1.00381,5.1499367859000005,27.8,68.79821309580385,13.408522600000014,0.39165186882019043
1778535579.3148777,2026-05-11T22:39:39.314878,5.13039,0.99684,5.1141779676,27.8,68.84935487547985,13.418491000000014,0.39165186882019043
1778535579.3551693,2026-05-11T22:39:39.355174,5.13039,1.03024,5.2855329936,27.8,68.90221020541584,13.428793400000014,0.4319918155670166
1778535579.3552098,2026-05-11T22:39:39.355210,5.13039,1.01377,5.201035470300001,27.8,68.95422056011884,13.438931100000014,0.4319918155670166
1778535579.3552244,2026-05-11T22:39:39.355224,5.13039,1.03024,5.2855329936,27.8,69.00707589005484,13.449233500000014,0.4319918155670166
1778535579.3552365,2026-05-11T22:39:39.355237,5.13039,1.03024,5.2855329936,27.8,69.05993121999083,13.459535900000015,0.4319918155670166
1778535579.3952622,2026-05-11T22:39:39.395268,5.13043,1.02711,5.269515957299999,27.8,69.11262637956384,13.469807000000015,0.47208237648010254
1778535579.3953059,2026-05-11T22:39:39.395307,5.13043,1.02711,5.269515957299999,27.8,69.16532153913684,13.480078100000016,0.47208237648010254
1778535579.395322,2026-05-11T22:39:39.395322,5.13043,1.02711,5.269515957299999,27.8,69.21801669870985,13.490349200000017,0.47208237648010254
1778535579.3953357,2026-05-11T22:39:39.395336,5.13043,1.02711,5.269515957299999,27.8,69.27071185828285,13.500620300000017,0.47208237648010254
1778535579.4349906,2026-05-11T22:39:39.434996,5.13043,1.02711,5.269515957299999,27.8,69.32340701785586,13.510891400000018,0.5118107795715332
1778535579.4350345,2026-05-11T22:39:39.435035,5.13043,1.02711,5.269515957299999,27.8,69.37610217742886,13.521162500000019,0.5118107795715332
1778535579.4350505,2026-05-11T22:39:39.435051,5.13043,1.02711,5.269515957299999,27.8,69.42879733700187,13.53143360000002,0.5118107795715332
1778535579.4350646,2026-05-11T22:39:39.435065,5.13043,1.02711,5.269515957299999,27.8,69.48149249657487,13.54170470000002,0.5118107795715332
1778535579.4752197,2026-05-11T22:39:39.475225,5.13043,1.02711,5.269515957299999,27.8,69.53418765614788,13.55197580000002,0.5520401000976562
1778535579.475264,2026-05-11T22:39:39.475264,5.13043,1.01104,5.1870699471999995,27.8,69.58605835561988,13.56208620000002,0.5520401000976562
1778535579.4752803,2026-05-11T22:39:39.475280,5.13039,0.99734,5.116743162600001,27.8,69.63722578724588,13.57205960000002,0.5520401000976562
1778535579.4752939,2026-05-11T22:39:39.475294,5.13039,1.02488,5.2580341032,27.8,69.68980612827788,13.58230840000002,0.5520401000976562
1778535579.5153034,2026-05-11T22:39:39.515309,5.13039,1.0586,5.431030854,27.8,69.74411643681788,13.59289440000002,0.5921213626861572
1778535579.5153522,2026-05-11T22:39:39.515354,5.13039,1.02488,5.2580341032,27.8,69.79669677784987,13.60314320000002,0.5921213626861572
1778535579.5153716,2026-05-11T22:39:39.515372,5.13039,1.00954,5.1793339206,27.8,69.84849011705587,13.61323860000002,0.5921213626861572
1778535579.5153873,2026-05-11T22:39:39.515387,5.13039,1.02488,5.2580341032,27.8,69.90107045808787,13.62348740000002,0.5921213626861572
1778535579.554681,2026-05-11T22:39:39.554683,5.13039,1.02488,5.2580341032,27.8,69.95365079911987,13.633736200000019,0.6315128803253174
1778535579.554697,2026-05-11T22:39:39.554697,5.13039,1.02488,5.2580341032,27.8,70.00623114015187,13.643985000000018,0.6315128803253174
1778535579.5547013,2026-05-11T22:39:39.554701,5.13039,1.02488,5.2580341032,27.8,70.05881148118387,13.654233800000018,0.6315128803253174
1778535579.5547051,2026-05-11T22:39:39.554705,5.13039,0.99535,5.1065336865,27.8,70.10987681804886,13.664187300000018,0.6315128803253174
1778535579.5946949,2026-05-11T22:39:39.594697,5.13032,1.03942,5.3325572144,27.8,70.16320239019286,13.674581500000018,0.6715264320373535
1778535579.5947118,2026-05-11T22:39:39.594712,5.13032,1.03768,5.3236304576,27.8,70.21643869476887,13.684958300000018,0.6715264320373535
1778535579.594716,2026-05-11T22:39:39.594716,5.13032,1.06482,5.462867342400001,27.8,70.27106736819287,13.695606500000018,0.6715264320373535
1778535579.59472,2026-05-11T22:39:39.594720,5.13032,1.04416,5.3568749312,27.8,70.32463611750488,13.706048100000018,0.6715264320373535
1778535579.6350365,2026-05-11T22:39:39.635038,5.13032,1.04914,5.3824239248,27.8,70.37846035675288,13.716539500000017,0.7118692398071289
1778535579.6350524,2026-05-11T22:39:39.635052,5.13032,1.05262,5.4002774384,27.8,70.43246313113688,13.727065700000017,0.7118692398071289
1778535579.6350582,2026-05-11T22:39:39.635058,5.13032,1.02233,5.2448800456,27.8,70.48491193159289,13.737289000000017,0.7118692398071289
1778535579.6350627,2026-05-11T22:39:39.635063,5.13032,1.05412,5.4079729184,27.8,70.53899166077689,13.747830200000017,0.7118692398071289
1778535579.6751835,2026-05-11T22:39:39.675188,5.13032,1.06134,5.4450138288,27.8,70.59344179906489,13.758443600000017,0.7520058155059814
1778535579.6752222,2026-05-11T22:39:39.675223,5.13032,1.05412,5.4079729184,27.8,70.64752152824889,13.768984800000018,0.7520058155059814
1778535579.6752367,2026-05-11T22:39:39.675237,5.13032,1.06233,5.4500928456,27.8,70.70202245670488,13.779608100000019,0.7520058155059814
1778535579.675249,2026-05-11T22:39:39.675249,5.13032,1.05237,5.3989948584,27.8,70.75601240528889,13.790131800000019,0.7520058155059814
1778535579.7149897,2026-05-11T22:39:39.714995,5.13032,1.04714,5.3721632848,27.8,70.80973403813688,13.800603200000019,0.7918097972869873
1778535579.7150326,2026-05-11T22:39:39.715033,5.13032,1.06084,5.4424486688,27.8,70.86415852482489,13.81121160000002,0.7918097972869873
1778535579.7150488,2026-05-11T22:39:39.715049,5.13032,1.06283,5.4526580056,27.8,70.9186851048809,13.82183990000002,0.7918097972869873
1778535579.7150626,2026-05-11T22:39:39.715063,5.13032,1.0713,5.496111816,27.8,70.97364622304089,13.832552900000021,0.7918097972869873
1778535579.755343,2026-05-11T22:39:39.755348,5.13032,1.06209,5.4488615688,27.8,71.02813483872889,13.84317380000002,0.832160472869873
1778535579.755392,2026-05-11T22:39:39.755393,5.13032,1.0459,5.365801688,27.8,71.08179285560888,13.853632800000021,0.832160472869873
1778535579.7554097,2026-05-11T22:39:39.755410,5.13032,1.02334,5.2500616688,27.8,71.13429347229687,13.863866200000022,0.832160472869873
1778535579.7554245,2026-05-11T22:39:39.755425,5.13032,1.05138,5.3939158416,27.8,71.18823263071287,13.874380000000022,0.832160472869873
1778535579.7950528,2026-05-11T22:39:39.795059,5.13032,1.0581,5.4283915920000005,27.8,71.24251654663287,13.884961000000022,0.8718705177307129
1778535579.7951014,2026-05-11T22:39:39.795102,5.13032,1.04714,5.3721632848,27.8,71.29623817948087,13.895432400000022,0.8718705177307129
1778535579.7951198,2026-05-11T22:39:39.795120,5.13032,1.0454,5.363236528000001,27.8,71.34987054476086,13.905886400000021,0.8718705177307129
1778535579.795136,2026-05-11T22:39:39.795136,5.13032,1.04814,5.3772936048,27.8,71.40364348080887,13.916367800000021,0.8718705177307129
1778535579.834965,2026-05-11T22:39:39.834970,5.13032,1.02408,5.253858105600001,27.8,71.45618206186487,13.926608600000021,0.9117863178253174
1778535579.8350093,2026-05-11T22:39:39.835010,5.13032,1.04465,5.359388788,27.8,71.50977594974486,13.937055100000022,0.9117863178253174
1778535579.8350248,2026-05-11T22:39:39.835025,5.13032,1.0698,5.488416336,27.8,71.56466011310486,13.947753100000021,0.9117863178253174
1778535579.835039,2026-05-11T22:39:39.835039,5.13032,1.05113,5.3926332615999995,27.8,71.61858644572087,13.95826440000002,0.9117863178253174
1778535579.875246,2026-05-11T22:39:39.875252,5.13032,1.06233,5.4500928456,27.8,71.67308737417686,13.968887700000021,0.9520668983459473
1778535579.8752906,2026-05-11T22:39:39.875291,5.13032,1.04714,5.3721632848,27.8,71.72680900702485,13.979359100000021,0.9520668983459473
1778535579.875307,2026-05-11T22:39:39.875307,5.11642,1.0464,5.353821888,27.8,71.78034722590486,13.989823100000022,0.9520668983459473
1778535579.8753204,2026-05-11T22:39:39.875321,5.13032,1.06134,5.4450138288,27.8,71.83479736419287,14.000436500000022,0.9520668983459473
1778535579.9152565,2026-05-11T22:39:39.915261,5.13032,1.06582,5.4679976624,27.8,71.88947734081687,14.011094700000022,0.9920773506164551
1778535579.9153008,2026-05-11T22:39:39.915301,5.13032,1.06283,5.4526580056,27.8,71.94400392087287,14.021723000000023,0.9920773506164551
1778535579.9153173,2026-05-11T22:39:39.915317,5.13032,1.07877,5.534435306400001,27.8,71.99934827393687,14.032510700000023,0.9920773506164551
1778535579.9153311,2026-05-11T22:39:39.915331,5.13032,1.06209,5.4488615688,27.8,72.05383688962488,14.043131600000022,0.9920773506164551
1778535579.9553473,2026-05-11T22:39:39.955353,5.13032,1.03818,5.326195617600001,27.8,72.10709884580088,14.053513400000021,1.032165288925171
1778535579.9553952,2026-05-11T22:39:39.955396,5.13032,1.06233,5.4500928456,27.8,72.16159977425687,14.064136700000022,1.032165288925171
1778535579.9554136,2026-05-11T22:39:39.955414,5.13032,1.05636,5.4194648352,27.8,72.21579442260887,14.074700300000021,1.032165288925171
1778535579.955429,2026-05-11T22:39:39.955429,5.13032,1.04291,5.3504620312,27.8,72.26929904292086,14.085129400000021,1.032165288925171
1778535579.9951212,2026-05-11T22:39:39.995123,5.13032,1.04465,5.359388788,27.8,72.32289293080086,14.095575900000021,0.03180646896362305
1778535579.9951384,2026-05-11T22:39:39.995138,5.13032,1.04615,5.367084268,27.8,72.37656377348087,14.106037400000021,0.03180646896362305
1778535579.9951427,2026-05-11T22:39:39.995142,5.13032,1.03089,5.288795584800001,27.8,72.42945172932887,14.116346300000021,0.03180646896362305
1778535579.9951465,2026-05-11T22:39:39.995146,5.13032,1.0444,5.358106208000001,27.8,72.48303279140887,14.126790300000021,0.03180646896362305
1778535580.0351517,2026-05-11T22:39:40.035155,5.13032,1.06308,5.453940585600001,27.8,72.53757219726488,14.13742110000002,0.07183408737182617
1778535580.0351777,2026-05-11T22:39:40.035178,5.13032,1.06682,5.4731279824,27.8,72.59230347708888,14.14808930000002,0.07183408737182617
1778535580.0351872,2026-05-11T22:39:40.035187,5.13032,1.06582,5.4679976624,27.8,72.64698345371288,14.15874750000002,0.07183408737182617
1778535580.0351946,2026-05-11T22:39:40.035194,5.13032,1.06507,5.4641499224,27.8,72.70162495293688,14.16939820000002,0.07183408737182617
1778535580.0753374,2026-05-11T22:39:40.075343,5.13032,1.05636,5.4194648352,27.8,72.75581960128888,14.179961800000019,0.11200928688049316
1778535580.0753868,2026-05-11T22:39:40.075388,5.13032,1.04739,5.373445864800001,27.8,72.80955405993687,14.190435700000018,0.11200928688049316
1778535580.0754054,2026-05-11T22:39:40.075406,5.13039,1.09396,5.612441444400001,27.8,72.86567847438087,14.201375300000018,0.11200928688049316
1778535580.0754218,2026-05-11T22:39:40.075422,5.13039,1.06283,5.4527324037,27.8,72.92020579841787,14.212003600000019,0.11200928688049316
1778535580.1147032,2026-05-11T22:39:40.114705,5.13039,1.07205,5.5000345995,27.8,72.97520614441287,14.222724100000018,0.15138983726501465
1778535580.1147177,2026-05-11T22:39:40.114718,5.13039,1.06109,5.443805525100001,27.8,73.02964419966386,14.233335000000018,0.15138983726501465
1778535580.114722,2026-05-11T22:39:40.114722,5.13039,1.06233,5.4501672087,27.8,73.08414587175086,14.243958300000019,0.15138983726501465
1778535580.1147256,2026-05-11T22:39:40.114725,5.13039,1.05387,5.406764109300001,27.8,73.13821351284386,14.254497000000018,0.15138983726501465
1778535580.1546059,2026-05-11T22:39:40.154608,5.13039,1.04864,5.3799321696,27.8,73.19201283453987,14.264983400000018,0.19128799438476562
1778535580.1546292,2026-05-11T22:39:40.154629,5.13039,1.06632,5.4706374648,27.8,73.24671920918787,14.275646600000018,0.19128799438476562
1778535580.15464,2026-05-11T22:39:40.154640,5.13039,1.0708,5.493621612,27.8,73.30165542530787,14.286354600000017,0.19128799438476562
1778535580.1546474,2026-05-11T22:39:40.154647,5.13039,1.06009,5.4386751351000004,27.8,73.35604217665887,14.296955500000017,0.19128799438476562
1778535580.1946638,2026-05-11T22:39:40.194666,5.13051,1.07827,5.5320750177,27.8,73.41136292683588,14.307738200000017,0.23134946823120117
1778535580.1946797,2026-05-11T22:39:40.194680,5.13051,1.04988,5.386419838799999,27.8,73.46522712522388,14.318237000000018,0.23134946823120117
1778535580.1946838,2026-05-11T22:39:40.194684,5.13051,1.03986,5.3350121286,27.8,73.51857724650988,14.328635600000018,0.23134946823120117
1778535580.1946876,2026-05-11T22:39:40.194687,5.13051,1.07728,5.5269958128,27.8,73.57384720463787,14.339408400000018,0.23134946823120117
1778535580.2349179,2026-05-11T22:39:40.234923,5.13051,1.03986,5.3350121286,27.8,73.62719732592387,14.349807000000018,0.2715907096862793
1778535580.2349608,2026-05-11T22:39:40.234961,5.13051,1.05262,5.400477436199999,27.8,73.68120210028587,14.360333200000017,0.2715907096862793
1778535580.2349768,2026-05-11T22:39:40.234977,5.13051,1.05013,5.3877024663,27.8,73.73507912494887,14.370834500000017,0.2715907096862793
1778535580.2349906,2026-05-11T22:39:40.234991,5.13051,1.03986,5.3350121286,27.8,73.78842924623487,14.381233100000017,0.2715907096862793
1778535580.2750347,2026-05-11T22:39:40.275040,5.13051,1.09147,5.5997977496999995,27.8,73.84442722373187,14.392147800000018,0.3117074966430664
1778535580.2750797,2026-05-11T22:39:40.275080,5.13051,1.05088,5.3915503488,27.8,73.89834272721987,14.402656600000018,0.3117074966430664
1778535580.2750957,2026-05-11T22:39:40.275096,5.13063,1.07603,5.5207117989,27.8,73.95354984520887,14.413416900000017,0.3117074966430664
1778535580.27511,2026-05-11T22:39:40.275110,5.13063,1.04365,5.3545819995,27.8,74.00709566520386,14.423853400000018,0.3117074966430664
1778535580.3152149,2026-05-11T22:39:40.315220,5.13063,1.06109,5.444060186700001,27.8,74.06153626707086,14.434464300000018,0.35188865661621094
1778535580.3152587,2026-05-11T22:39:40.315259,5.13063,1.04365,5.3545819995,27.8,74.11508208706586,14.444900800000019,0.35188865661621094
1778535580.3152745,2026-05-11T22:39:40.315275,5.13063,1.04365,5.3545819995,27.8,74.16862790706085,14.45533730000002,0.35188865661621094
1778535580.3152883,2026-05-11T22:39:40.315288,5.13063,1.06308,5.4542701404,27.8,74.22317060846486,14.465968100000019,0.35188865661621094
1778535580.3549669,2026-05-11T22:39:40.354972,5.13063,1.0571,5.423588972999999,27.8,74.27740649819485,14.47653910000002,0.39164137840270996
1778535580.35501,2026-05-11T22:39:40.355011,5.13063,1.04365,5.3545819995,27.8,74.33095231818984,14.48697560000002,0.39164137840270996
1778535580.355026,2026-05-11T22:39:40.355026,5.13063,1.05661,5.421074964300001,27.8,74.38516306783285,14.49754170000002,0.39164137840270996
1778535580.3550398,2026-05-11T22:39:40.355040,5.13063,1.04365,5.3545819995,27.8,74.43870888782784,14.507978200000021,0.39164137840270996
1778535580.395052,2026-05-11T22:39:40.395054,5.13071,1.04762,5.3750344102,27.8,74.49245923192984,14.51845440000002,0.43173909187316895
1778535580.3950667,2026-05-11T22:39:40.395066,5.13071,1.04762,5.3750344102,27.8,74.54620957603184,14.52893060000002,0.43173909187316895
1778535580.395071,2026-05-11T22:39:40.395071,5.13071,1.04762,5.3750344102,27.8,74.59995992013384,14.53940680000002,0.43173909187316895
1778535580.3950748,2026-05-11T22:39:40.395075,5.13071,1.04762,5.3750344102,27.8,74.65371026423584,14.549883000000019,0.43173909187316895
1778535580.435116,2026-05-11T22:39:40.435119,5.13071,1.04762,5.3750344102,27.8,74.70746060833784,14.560359200000018,0.4717996120452881
1778535580.4351394,2026-05-11T22:39:40.435139,5.13071,1.04762,5.3750344102,27.8,74.76121095243984,14.570835400000018,0.4717996120452881
1778535580.4351463,2026-05-11T22:39:40.435146,5.13071,1.04762,5.3750344102,27.8,74.81496129654184,14.581311600000017,0.4717996120452881
1778535580.4351518,2026-05-11T22:39:40.435152,5.13071,1.03743,5.3227524753,27.8,74.86818882129484,14.591685900000018,0.4717996120452881
1778535580.4752464,2026-05-11T22:39:40.475252,5.13071,1.04762,5.3750344102,27.8,74.92193916539684,14.602162100000017,0.511920690536499
1778535580.4752915,2026-05-11T22:39:40.475292,5.13071,1.04762,5.3750344102,27.8,74.97568950949884,14.612638300000016,0.511920690536499
1778535580.475307,2026-05-11T22:39:40.475307,5.13071,1.07802,5.5310079941999994,27.8,75.03099958944084,14.623418500000016,0.511920690536499
1778535580.4753208,2026-05-11T22:39:40.475321,5.13071,1.08126,5.5476314946,27.8,75.08647590438684,14.634231100000015,0.511920690536499
1778535580.514703,2026-05-11T22:39:40.514705,5.13071,1.06084,5.4428623964,27.8,75.14090452835084,14.644839500000016,0.5513894557952881
1778535580.5147214,2026-05-11T22:39:40.514721,5.13071,1.03594,5.3151077174,27.8,75.19405560552484,14.655198900000016,0.5513894557952881
1778535580.514727,2026-05-11T22:39:40.514727,5.13071,1.05051,5.3898621621,27.8,75.24795422714584,14.665704000000016,0.5513894557952881
1778535580.5147321,2026-05-11T22:39:40.514732,5.13071,1.05051,5.3898621621,27.8,75.30185284876684,14.676209100000015,0.5513894557952881
1778535580.5547094,2026-05-11T22:39:40.554715,5.13071,1.05051,5.3898621621,27.8,75.35575147038784,14.686714200000015,0.5913848876953125
1778535580.55475,2026-05-11T22:39:40.554750,5.13071,1.05051,5.3898621621,27.8,75.40965009200885,14.697219300000015,0.5913848876953125
1778535580.554757,2026-05-11T22:39:40.554757,5.13071,1.03046,5.286991426599999,27.8,75.46252000627484,14.707523900000014,0.5913848876953125
1778535580.5547647,2026-05-11T22:39:40.554765,5.13071,1.03544,5.312542362399999,27.8,75.51564542989884,14.717878300000015,0.5913848876953125
1778535580.5946286,2026-05-11T22:39:40.594631,5.13075,1.05424,5.40904188,27.8,75.56973584869884,14.728420700000015,0.6313130855560303
1778535580.594649,2026-05-11T22:39:40.594649,5.13075,1.05424,5.40904188,27.8,75.62382626749884,14.738963100000015,0.6313130855560303
1778535580.5946567,2026-05-11T22:39:40.594657,5.13075,1.05424,5.40904188,27.8,75.67791668629884,14.749505500000016,0.6313130855560303
1778535580.594664,2026-05-11T22:39:40.594664,5.13075,1.05424,5.40904188,27.8,75.73200710509884,14.760047900000016,0.6313130855560303
1778535580.6345916,2026-05-11T22:39:40.634594,5.13075,1.03494,5.310018405,27.8,75.78510728914884,14.770397300000017,0.6712768077850342
1778535580.6346083,2026-05-11T22:39:40.634608,5.13075,1.03146,5.292163395,27.8,75.83802892309885,14.780711900000016,0.6712768077850342
1778535580.634613,2026-05-11T22:39:40.634613,5.13075,1.05424,5.40904188,27.8,75.89211934189885,14.791254300000016,0.6712768077850342
1778535580.634617,2026-05-11T22:39:40.634617,5.13075,1.05424,5.40904188,27.8,75.94620976069885,14.801796700000017,0.6712768077850342
1778535580.6746597,2026-05-11T22:39:40.674662,5.13075,1.05424,5.40904188,27.8,76.00030017949885,14.812339100000017,0.7113447189331055
1778535580.6746764,2026-05-11T22:39:40.674676,5.13075,1.05424,5.40904188,27.8,76.05439059829885,14.822881500000017,0.7113447189331055
1778535580.6746812,2026-05-11T22:39:40.674681,5.13078,1.05425,5.409124814999999,27.8,76.10848184644885,14.833424000000017,0.7113447189331055
1778535580.6746852,2026-05-11T22:39:40.674685,5.13078,1.04316,5.3522244648,27.8,76.16200409109685,14.843855600000017,0.7113447189331055
1778535580.714781,2026-05-11T22:39:40.714784,5.13078,1.05425,5.409124814999999,27.8,76.21609533924685,14.854398100000017,0.7514605522155762
1778535580.7148108,2026-05-11T22:39:40.714811,5.13078,1.05425,5.409124814999999,27.8,76.27018658739685,14.864940600000017,0.7514605522155762
1778535580.7148209,2026-05-11T22:39:40.714821,5.13078,1.05425,5.409124814999999,27.8,76.32427783554685,14.875483100000016,0.7514605522155762
1778535580.7148287,2026-05-11T22:39:40.714829,5.13078,1.05425,5.409124814999999,27.8,76.37836908369685,14.886025600000016,0.7514605522155762
1778535580.7550488,2026-05-11T22:39:40.755054,5.13078,1.05425,5.409124814999999,27.8,76.43246033184685,14.896568100000016,0.7917225360870361
1778535580.7550902,2026-05-11T22:39:40.755091,5.13078,1.05425,5.409124814999999,27.8,76.48655157999686,14.907110600000015,0.7917225360870361
1778535580.7551045,2026-05-11T22:39:40.755104,5.13078,1.03893,5.330521265399999,27.8,76.53985679265085,14.917499900000015,0.7917225360870361
1778535580.7551162,2026-05-11T22:39:40.755116,5.13078,1.05425,5.409124814999999,27.8,76.59394804080085,14.928042400000015,0.7917225360870361
1778535580.7950828,2026-05-11T22:39:40.795088,5.13075,1.05411,5.4083748825,27.8,76.64803178962585,14.938583500000014,0.8317575454711914
1778535580.7951274,2026-05-11T22:39:40.795128,5.13075,1.05411,5.4083748825,27.8,76.70211553845084,14.949124600000014,0.8317575454711914
1778535580.795143,2026-05-11T22:39:40.795143,5.13075,1.05411,5.4083748825,27.8,76.75619928727583,14.959665700000013,0.8317575454711914
1778535580.7951565,2026-05-11T22:39:40.795157,5.13075,1.05411,5.4083748825,27.8,76.81028303610083,14.970206800000012,0.8317575454711914
1778535580.835097,2026-05-11T22:39:40.835103,5.13075,1.03868,5.32920741,27.8,76.86357511020083,14.980593600000011,0.8717706203460693
1778535580.835141,2026-05-11T22:39:40.835142,5.13075,1.03917,5.3317214774999995,27.8,76.91689232497583,14.99098530000001,0.8717706203460693
1778535580.835157,2026-05-11T22:39:40.835157,5.13075,1.07777,5.5297684275,27.8,76.97219000925084,15.001763000000011,0.8717706203460693
1778535580.8351705,2026-05-11T22:39:40.835171,5.13075,1.06433,5.4608111475,27.8,77.02679812072584,15.012406300000011,0.8717706203460693
1778535580.874983,2026-05-11T22:39:40.874989,5.13075,1.05411,5.4083748825,27.8,77.08088186955084,15.02294740000001,0.9116573333740234
1778535580.8750277,2026-05-11T22:39:40.875028,5.13075,1.05411,5.4083748825,27.8,77.13496561837583,15.03348850000001,0.9116573333740234
1778535580.875044,2026-05-11T22:39:40.875044,5.13071,1.05437,5.4096667027,27.8,77.18906228540283,15.044032200000009,0.9116573333740234
1778535580.8750577,2026-05-11T22:39:40.875058,5.13071,1.03419,5.306128974899999,27.8,77.24212357515182,15.05437410000001,0.9116573333740234
1778535580.9152236,2026-05-11T22:39:40.915228,5.13071,1.06507,5.464565299699999,27.8,77.29676922814882,15.065024800000009,0.9518997669219971
1778535580.9152637,2026-05-11T22:39:40.915264,5.13071,1.05437,5.4096667027,27.8,77.35086589517582,15.075568500000008,0.9518997669219971
1778535580.9152784,2026-05-11T22:39:40.915278,5.13071,1.05437,5.4096667027,27.8,77.40496256220281,15.086112200000008,0.9518997669219971
1778535580.9152906,2026-05-11T22:39:40.915291,5.13071,1.05437,5.4096667027,27.8,77.45905922922981,15.096655900000007,0.9518997669219971
1778535580.9552593,2026-05-11T22:39:40.955265,5.13071,1.03519,5.3112596848999996,27.8,77.51217182607881,15.107007800000007,0.9919331073760986
1778535580.9553037,2026-05-11T22:39:40.955304,5.13071,1.03245,5.2972015395000005,27.8,77.56514384147381,15.117332300000006,0.9919331073760986
1778535580.955319,2026-05-11T22:39:40.955319,5.13071,1.05437,5.4096667027,27.8,77.61924050850081,15.127876000000006,0.9919331073760986
1778535580.9553323,2026-05-11T22:39:40.955332,5.13071,1.05437,5.4096667027,27.8,77.6733371755278,15.138419700000005,0.9919331073760986
1778535580.99495,2026-05-11T22:39:40.994952,5.13071,1.05396,5.4075631116,27.8,77.72741280664381,15.148959300000005,1.0316357612609863
1778535580.9949677,2026-05-11T22:39:40.994968,5.13071,1.05396,5.4075631116,27.8,77.78148843775982,15.159498900000004,1.0316357612609863
1778535580.9949727,2026-05-11T22:39:40.994973,5.13071,1.04017,5.3368106207,27.8,77.83485654396682,15.169900600000004,1.0316357612609863
1778535580.994977,2026-05-11T22:39:40.994977,5.13071,1.05396,5.4075631116,27.8,77.88893217508283,15.180440200000003,1.0316357612609863
1778535581.0346925,2026-05-11T22:39:41.034694,5.13071,1.05396,5.4075631116,27.8,77.94300780619884,15.190979800000003,0.03207230567932129
1778535581.0347102,2026-05-11T22:39:41.034710,5.13071,1.05396,5.4075631116,27.8,77.99708343731484,15.201519400000002,0.03207230567932129
1778535581.034716,2026-05-11T22:39:41.034716,5.13071,1.05396,5.4075631116,27.8,78.05115906843085,15.212059000000002,0.03207230567932129
1778535581.0347214,2026-05-11T22:39:41.034721,5.13071,1.06557,5.467130654699999,27.8,78.10583037497784,15.222714700000001,0.03207230567932129
1778535581.0752764,2026-05-11T22:39:41.075281,5.13071,1.04316,5.3521514436,27.8,78.15935188941384,15.233146300000001,0.0726463794708252
1778535581.0753164,2026-05-11T22:39:41.075317,5.13071,1.04042,5.3380932982,27.8,78.21273282239584,15.243550500000001,0.0726463794708252
1778535581.0753317,2026-05-11T22:39:41.075332,5.13063,1.0538,5.406657894,27.8,78.26679940133583,15.254088500000002,0.0726463794708252
1778535581.075345,2026-05-11T22:39:41.075345,5.13063,1.0538,5.406657894,27.8,78.32086598027583,15.264626500000002,0.0726463794708252
1778535581.1150424,2026-05-11T22:39:41.115044,5.13063,1.0538,5.406657894,27.8,78.37493255921582,15.275164500000002,0.11242318153381348
1778535581.1150594,2026-05-11T22:39:41.115059,5.13063,1.0538,5.406657894,27.8,78.42899913815582,15.285702500000003,0.11242318153381348
1778535581.1150646,2026-05-11T22:39:41.115064,5.13063,1.04291,5.3507853333,27.8,78.48250699148882,15.296131600000002,0.11242318153381348
1778535581.115069,2026-05-11T22:39:41.115069,5.13063,1.0538,5.406657894,27.8,78.53657357042881,15.306669600000003,0.11242318153381348
1778535581.154879,2026-05-11T22:39:41.154883,5.13063,1.0538,5.406657894,27.8,78.59064014936881,15.317207600000003,0.1522531509399414
1778535581.1549094,2026-05-11T22:39:41.154910,5.13063,1.0538,5.406657894,27.8,78.6447067283088,15.327745600000004,0.1522531509399414
1778535581.15492,2026-05-11T22:39:41.154920,5.13063,1.0538,5.406657894,27.8,78.6987733072488,15.338283600000004,0.1522531509399414
1778535581.1549296,2026-05-11T22:39:41.154930,5.13063,1.0538,5.406657894,27.8,78.7528398861888,15.348821600000004,0.1522531509399414
1778535581.1952114,2026-05-11T22:39:41.195216,5.13055,1.05249,5.3998525695,27.8,78.80683841188379,15.359346500000004,0.1925814151763916
1778535581.1952515,2026-05-11T22:39:41.195252,5.13055,1.04167,5.3443400185000005,27.8,78.86028181206879,15.369763200000005,0.1925814151763916
1778535581.195266,2026-05-11T22:39:41.195266,5.13055,1.05249,5.3998525695,27.8,78.91428033776378,15.380288100000005,0.1925814151763916
1778535581.1952786,2026-05-11T22:39:41.195279,5.13055,1.05249,5.3998525695,27.8,78.96827886345878,15.390813000000005,0.1925814151763916
1778535581.2350197,2026-05-11T22:39:41.235025,5.13055,1.05249,5.3998525695,27.8,79.02227738915377,15.401337900000005,0.23238873481750488
1778535581.2350645,2026-05-11T22:39:41.235065,5.13055,1.23092,6.315296606,27.8,79.08543035521377,15.413647100000006,0.23238873481750488
1778535581.235081,2026-05-11T22:39:41.235081,5.13055,1.06433,5.4605982815,27.8,79.14003633802878,15.424290400000006,0.23238873481750488
1778535581.2350945,2026-05-11T22:39:41.235095,5.13055,1.05249,5.3998525695,27.8,79.19403486372377,15.434815300000006,0.23238873481750488
1778535581.2753146,2026-05-11T22:39:41.275321,5.13055,1.05249,5.3998525695,27.8,79.24803338941877,15.445340200000006,0.27268099784851074
1778535581.2753642,2026-05-11T22:39:41.275365,5.13055,1.05249,5.3998525695,27.8,79.30203191511376,15.455865100000006,0.27268099784851074
1778535581.2753823,2026-05-11T22:39:41.275382,5.13047,1.14352,5.866795054400001,27.8,79.36069986565776,15.467300300000005,0.27268099784851074
1778535581.2753975,2026-05-11T22:39:41.275398,5.13047,1.05286,5.4016666442,27.8,79.41471653209976,15.477828900000006,0.27268099784851074
1778535581.315272,2026-05-11T22:39:41.315278,5.13047,1.05286,5.4016666442,27.8,79.46873319854176,15.488357500000006,0.3126370906829834
1778535581.3153243,2026-05-11T22:39:41.315325,5.13047,1.04216,5.3467706152,27.8,79.52220090469376,15.498779100000007,0.3126370906829834
1778535581.3153427,2026-05-11T22:39:41.315343,5.13047,1.04067,5.339126214899999,27.8,79.57559216684277,15.509185800000008,0.3126370906829834
1778535581.3153582,2026-05-11T22:39:41.315358,5.13047,1.05286,5.4016666442,27.8,79.62960883328476,15.519714400000009,0.3126370906829834
1778535581.3553092,2026-05-11T22:39:41.355315,5.13047,1.05286,5.4016666442,27.8,79.68362549972676,15.53024300000001,0.3526749610900879
1778535581.3553596,2026-05-11T22:39:41.355360,5.13047,1.06856,5.482215023199999,27.8,79.73844764995876,15.54092860000001,0.3526749610900879
1778535581.3553772,2026-05-11T22:39:41.355378,5.13047,1.06806,5.4796497882,27.8,79.79324414784075,15.55160920000001,0.3526749610900879
1778535581.3553927,2026-05-11T22:39:41.355393,5.13047,1.05286,5.4016666442,27.8,79.84726081428275,15.562137800000011,0.3526749610900879
1778535581.3951435,2026-05-11T22:39:41.395146,5.13043,1.0537,5.405934091,27.8,79.90132015519275,15.57267480000001,0.39252161979675293
1778535581.3951645,2026-05-11T22:39:41.395164,5.13043,1.0698,5.488534014,27.8,79.95620549533275,15.58337280000001,0.39252161979675293
1778535581.3951688,2026-05-11T22:39:41.395168,5.13043,1.0713,5.496229658999999,27.8,80.01116779192276,15.59408580000001,0.39252161979675293
1778535581.395172,2026-05-11T22:39:41.395172,5.13043,1.06806,5.4796070658,27.8,80.06596386258076,15.604766400000011,0.39252161979675293
1778535581.4350739,2026-05-11T22:39:41.435076,5.13043,1.06931,5.4860201033,27.8,80.12082406361375,15.61545950000001,0.4324533939361572
1778535581.4350924,2026-05-11T22:39:41.435093,5.13043,1.0537,5.405934091,27.8,80.17488340452375,15.62599650000001,0.4324533939361572
1778535581.4350977,2026-05-11T22:39:41.435097,5.13043,1.0537,5.405934091,27.8,80.22894274543376,15.63653350000001,0.4324533939361572
1778535581.4351022,2026-05-11T22:39:41.435102,5.13043,1.06383,5.4579053469,27.8,80.28352179890275,15.64717180000001,0.4324533939361572
1778535581.4751263,2026-05-11T22:39:41.475130,5.13043,1.07528,5.5166487704,27.8,80.33868828660675,15.65792460000001,0.4725003242492676
1778535581.4751582,2026-05-11T22:39:41.475159,5.13043,1.0537,5.405934091,27.8,80.39274762751675,15.66846160000001,0.4725003242492676
1778535581.4751694,2026-05-11T22:39:41.475170,5.13039,1.08325,5.5574949675,27.8,80.44832257719176,15.679294100000009,0.4725003242492676
1778535581.475179,2026-05-11T22:39:41.475179,5.13039,1.0444,5.358179316,27.8,80.50190437035177,15.689738100000008,0.4725003242492676
1778535581.5152133,2026-05-11T22:39:41.515218,5.13039,1.03619,5.3160588141,27.8,80.55506495849276,15.700100000000008,0.5125820636749268
1778535581.515257,2026-05-11T22:39:41.515257,5.13039,1.05484,5.411740587600001,27.8,80.60918236436876,15.710648400000007,0.5125820636749268
1778535581.5152726,2026-05-11T22:39:41.515273,5.13039,1.05484,5.411740587600001,27.8,80.66329977024476,15.721196800000007,0.5125820636749268
1778535581.515286,2026-05-11T22:39:41.515286,5.13039,1.05484,5.411740587600001,27.8,80.71741717612076,15.731745200000006,0.5125820636749268
1778535581.5553403,2026-05-11T22:39:41.555346,5.13039,1.04391,5.3556654249,27.8,80.77097383036975,15.742184300000005,0.5527064800262451
1778535581.5553894,2026-05-11T22:39:41.555390,5.13039,1.05484,5.411740587600001,27.8,80.82509123624575,15.752732700000005,0.5527064800262451
1778535581.555407,2026-05-11T22:39:41.555407,5.13039,1.05484,5.411740587600001,27.8,80.87920864212175,15.763281100000004,0.5527064800262451
1778535581.5554225,2026-05-11T22:39:41.555423,5.13039,1.05484,5.411740587600001,27.8,80.93332604799775,15.773829500000003,0.5527064800262451
1778535581.5946343,2026-05-11T22:39:41.594636,5.13039,1.13331,5.814322290900001,27.8,80.99146927090675,15.785162600000003,0.592012882232666
1778535581.5946584,2026-05-11T22:39:41.594659,5.13039,1.05457,5.410355382300001,27.8,81.04557282472975,15.795708300000003,0.592012882232666
1778535581.5946703,2026-05-11T22:39:41.594670,5.13039,1.05457,5.410355382300001,27.8,81.09967637855274,15.806254000000003,0.592012882232666
1778535581.5946813,2026-05-11T22:39:41.594681,5.13039,1.06806,5.4795643434,27.8,81.15447202198675,15.816934600000003,0.592012882232666
1778535581.6349838,2026-05-11T22:39:41.634989,5.13039,1.05457,5.410355382300001,27.8,81.20857557580975,15.827480300000003,0.6323428153991699
1778535581.6350274,2026-05-11T22:39:41.635028,5.13039,1.05457,5.410355382300001,27.8,81.26267912963274,15.838026000000003,0.6323428153991699
1778535581.6350422,2026-05-11T22:39:41.635042,5.13039,1.05457,5.410355382300001,27.8,81.31678268345574,15.848571700000003,0.6323428153991699
1778535581.6350539,2026-05-11T22:39:41.635054,5.13039,1.05457,5.410355382300001,27.8,81.37088623727874,15.859117400000002,0.6323428153991699
1778535581.675307,2026-05-11T22:39:41.675313,5.13039,1.04341,5.3531002299,27.8,81.42441723957774,15.869551500000002,0.6726741790771484
1778535581.6753566,2026-05-11T22:39:41.675357,5.13039,1.05457,5.410355382300001,27.8,81.47852079340073,15.880097200000002,0.6726741790771484
1778535581.6753745,2026-05-11T22:39:41.675375,5.13039,1.08599,5.5715522361000005,27.8,81.53423631576173,15.890957100000001,0.6726741790771484
1778535581.6753907,2026-05-11T22:39:41.675391,5.13039,1.03146,5.2917920694000005,27.8,81.58715423645573,15.9012717,0.6726741790771484
1778535581.7149591,2026-05-11T22:39:41.714965,5.13039,1.04216,5.3466872424,27.8,81.64062110887973,15.911693300000001,0.7123262882232666
1778535581.7150102,2026-05-11T22:39:41.715011,5.13039,1.05534,5.4143057826,27.8,81.69476416670572,15.9222467,0.7123262882232666
1778535581.715027,2026-05-11T22:39:41.715027,5.13039,1.05534,5.4143057826,27.8,81.74890722453172,15.9328001,0.7123262882232666
1778535581.715042,2026-05-11T22:39:41.715042,5.13039,1.05534,5.4143057826,27.8,81.80305028235772,15.943353499999999,0.7123262882232666
1778535581.7552588,2026-05-11T22:39:41.755264,5.13039,1.05534,5.4143057826,27.8,81.85719334018371,15.953906899999998,0.7526280879974365
1778535581.7553043,2026-05-11T22:39:41.755305,5.13039,1.04241,5.3479698399,27.8,81.91067303858271,15.964330999999998,0.7526280879974365
1778535581.7553208,2026-05-11T22:39:41.755321,5.13039,1.05534,5.4143057826,27.8,81.96481609640871,15.974884399999997,0.7526280879974365
1778535581.7553349,2026-05-11T22:39:41.755335,5.13039,1.05534,5.4143057826,27.8,82.01895915423471,15.985437799999996,0.7526280879974365
1778535581.795014,2026-05-11T22:39:41.795020,5.13043,1.05571,5.416246255299999,27.8,82.0731216167877,15.995994899999996,0.7923800945281982
1778535581.7950642,2026-05-11T22:39:41.795065,5.13043,1.06632,5.470680117599999,27.8,82.1278284179637,16.006658099999996,0.7923800945281982
1778535581.7950828,2026-05-11T22:39:41.795083,5.13043,1.05571,5.416246255299999,27.8,82.1819908805167,16.017215199999995,0.7923800945281982
1778535581.7950995,2026-05-11T22:39:41.795099,5.13043,1.04565,5.3646341295,27.8,82.2356372218117,16.027671699999996,0.7923800945281982
1778535581.8353212,2026-05-11T22:39:41.835326,5.13043,1.05571,5.416246255299999,27.8,82.2897996843647,16.038228799999995,0.8326807022094727
1778535581.8353705,2026-05-11T22:39:41.835371,5.13043,1.05571,5.416246255299999,27.8,82.34396214691769,16.048785899999995,0.8326807022094727
1778535581.8353887,2026-05-11T22:39:41.835389,5.13043,1.05571,5.416246255299999,27.8,82.39812460947068,16.059342999999995,0.8326807022094727
1778535581.8354037,2026-05-11T22:39:41.835404,5.13043,1.05571,5.416246255299999,27.8,82.45228707202368,16.069900099999995,0.8326807022094727
1778535581.8750057,2026-05-11T22:39:41.875013,5.13043,1.05571,5.416246255299999,27.8,82.50644953457667,16.080457199999994,0.8723618984222412
1778535581.8750606,2026-05-11T22:39:41.875061,5.13043,1.04465,5.3595036995,27.8,82.56004457157168,16.090903699999995,0.8723618984222412
1778535581.875079,2026-05-11T22:39:41.875079,5.13047,1.18461,6.0776060667,27.8,82.62082063223868,16.102749799999994,0.8723618984222412
1778535581.875093,2026-05-11T22:39:41.875093,5.13047,1.05599,5.417725015299999,27.8,82.67499788239168,16.113309699999995,0.8723618984222412
1778535581.915083,2026-05-11T22:39:41.915085,5.13047,1.05599,5.417725015299999,27.8,82.72917513254468,16.123869599999995,0.9124631881713867
1778535581.9151006,2026-05-11T22:39:41.915101,5.13047,1.05599,5.417725015299999,27.8,82.78335238269769,16.134429499999996,0.9124631881713867
1778535581.915105,2026-05-11T22:39:41.915105,5.13047,1.03843,5.327633962099999,27.8,82.83662872231868,16.144813799999994,0.9124631881713867
1778535581.915109,2026-05-11T22:39:41.915109,5.13047,1.05599,5.417725015299999,27.8,82.89080597247168,16.155373699999995,0.9124631881713867
1778535581.9550254,2026-05-11T22:39:41.955028,5.13047,1.05599,5.417725015299999,27.8,82.94498322262469,16.165933599999995,0.9524044990539551
1778535581.9550455,2026-05-11T22:39:41.955045,5.13047,1.05599,5.417725015299999,27.8,82.99916047277769,16.176493499999996,0.9524044990539551
1778535581.9550521,2026-05-11T22:39:41.955052,5.13047,1.05599,5.417725015299999,27.8,83.05333772293069,16.187053399999996,0.9524044990539551
1778535581.9550574,2026-05-11T22:39:41.955057,5.13047,1.05599,5.417725015299999,27.8,83.1075149730837,16.197613299999997,0.9524044990539551
1778535581.995274,2026-05-11T22:39:41.995279,5.13055,1.05711,5.4235557105000005,27.8,83.1617505301887,16.208184399999997,0.9926400184631348
1778535581.995323,2026-05-11T22:39:41.995324,5.13055,1.05711,5.4235557105000005,27.8,83.2159860872937,16.218755499999997,0.9926400184631348
1778535581.9953408,2026-05-11T22:39:41.995341,5.13055,1.05711,5.4235557105000005,27.8,83.2702216443987,16.229326599999997,0.9926400184631348
1778535581.9953566,2026-05-11T22:39:41.995357,5.13055,1.05711,5.4235557105000005,27.8,83.3244572015037,16.239897699999997,0.9926400184631348
1778535582.0350704,2026-05-11T22:39:42.035075,5.13055,1.06806,5.479735233,27.8,83.3792545538337,16.250578299999997,1.0324418544769287
1778535582.035109,2026-05-11T22:39:42.035110,5.13055,1.05711,5.4235557105000005,27.8,83.4334901109387,16.261149399999997,1.0324418544769287
1778535582.0351267,2026-05-11T22:39:42.035128,5.13055,1.05711,5.4235557105000005,27.8,83.48772566804371,16.271720499999997,1.0324418544769287
1778535582.03514,2026-05-11T22:39:42.035140,5.13055,1.05711,5.4235557105000005,27.8,83.54196122514871,16.282291599999997,1.0324418544769287
1778535582.0751715,2026-05-11T22:39:42.075177,5.13055,1.05711,5.4235557105000005,27.8,83.59619678225371,16.292862699999997,0.03216290473937988
1778535582.0752196,2026-05-11T22:39:42.075220,5.13055,1.05711,5.4235557105000005,27.8,83.65043233935872,16.303433799999997,0.03216290473937988
1778535582.075237,2026-05-11T22:39:42.075237,5.13059,1.07479,5.5143068260999994,27.8,83.70557540761972,16.314181699999995,0.03216290473937988
1778535582.0752528,2026-05-11T22:39:42.075253,5.13059,1.07304,5.5053282936,27.8,83.76062869055572,16.324912099999995,0.03216290473937988
1778535582.1150362,2026-05-11T22:39:42.115038,5.13059,1.0703,5.491270477,27.8,83.81554139532572,16.335615099999995,0.07204008102416992
1778535582.1150537,2026-05-11T22:39:42.115054,5.13059,1.07329,5.5066109411,27.8,83.87060750473672,16.346347999999995,0.07204008102416992
1778535582.115058,2026-05-11T22:39:42.115058,5.13059,1.05805,5.428420749499999,27.8,83.92489171223173,16.356928499999995,0.07204008102416992
1778535582.1150615,2026-05-11T22:39:42.115061,5.13059,1.02996,5.2843024764,27.8,83.97773473699573,16.367228099999995,0.07204008102416992
1778535582.1546535,2026-05-11T22:39:42.154655,5.13059,1.04142,5.3430990378,27.8,84.03116572737373,16.377642299999994,0.11165857315063477
1778535582.1546688,2026-05-11T22:39:42.154669,5.13059,1.05805,5.428420749499999,27.8,84.08544993486873,16.388222799999994,0.11165857315063477
1778535582.1546733,2026-05-11T22:39:42.154673,5.13059,1.0444,5.358388196,27.8,84.13903381682873,16.398666799999994,0.11165857315063477
1778535582.154677,2026-05-11T22:39:42.154677,5.13059,1.05805,5.428420749499999,27.8,84.19331802432373,16.409247299999993,0.11165857315063477
1778535582.1951034,2026-05-11T22:39:42.195109,5.13059,1.03743,5.3226279837,27.8,84.24654430416074,16.419621599999992,0.1521012783050537
1778535582.1951401,2026-05-11T22:39:42.195141,5.13059,1.03818,5.3264759262000005,27.8,84.29980906342274,16.430003399999993,0.1521012783050537
1778535582.1951506,2026-05-11T22:39:42.195151,5.13059,1.05879,5.4322173861,27.8,84.35413123728374,16.440591299999994,0.1521012783050537
1778535582.1951556,2026-05-11T22:39:42.195156,5.13059,1.05879,5.4322173861,27.8,84.40845341114473,16.451179199999995,0.1521012783050537
1778535582.2348545,2026-05-11T22:39:42.234856,5.13059,1.05879,5.4322173861,27.8,84.46277558500573,16.461767099999996,0.19185972213745117
1778535582.2348716,2026-05-11T22:39:42.234871,5.13059,1.05879,5.4322173861,27.8,84.51709775886673,16.472354999999997,0.19185972213745117
1778535582.2348769,2026-05-11T22:39:42.234877,5.13059,1.05879,5.4322173861,27.8,84.57141993272772,16.482942899999998,0.19185972213745117
1778535582.2348816,2026-05-11T22:39:42.234881,5.13059,1.05879,5.4322173861,27.8,84.62574210658872,16.4935308,0.19185972213745117
1778535582.274671,2026-05-11T22:39:42.274675,5.13059,1.0718,5.498966362,27.8,84.68073177020872,16.5042488,0.23166918754577637
1778535582.274714,2026-05-11T22:39:42.274715,5.13059,1.05879,5.4322173861,27.8,84.73505394406972,16.5148367,0.23166918754577637
1778535582.2747269,2026-05-11T22:39:42.274727,5.13059,1.10417,5.6650435603,27.8,84.79170437967272,16.5258784,0.23166918754577637
1778535582.274737,2026-05-11T22:39:42.274737,5.13059,1.0585,5.4307295149999995,27.8,84.84601167482272,16.5364634,0.23166918754577637
1778535582.3146284,2026-05-11T22:39:42.314631,5.13059,1.0585,5.4307295149999995,27.8,84.90031896997272,16.547048399999998,0.2716331481933594
1778535582.3146472,2026-05-11T22:39:42.314647,5.13059,1.0585,5.4307295149999995,27.8,84.95462626512271,16.557633399999997,0.2716331481933594
1778535582.3146515,2026-05-11T22:39:42.314651,5.13059,1.03818,5.3264759262000005,27.8,85.00789102438472,16.568015199999998,0.2716331481933594
1778535582.314655,2026-05-11T22:39:42.314655,5.13059,1.0585,5.4307295149999995,27.8,85.06219831953472,16.578600199999997,0.2716331481933594
1778535582.354606,2026-05-11T22:39:42.354608,5.13059,1.0585,5.4307295149999995,27.8,85.11650561468471,16.589185199999996,0.31161022186279297
1778535582.354624,2026-05-11T22:39:42.354624,5.13059,1.0585,5.4307295149999995,27.8,85.17081290983471,16.599770199999995,0.31161022186279297
1778535582.354628,2026-05-11T22:39:42.354628,5.13059,1.0585,5.4307295149999995,27.8,85.2251202049847,16.610355199999994,0.31161022186279297
1778535582.354632,2026-05-11T22:39:42.354632,5.13059,1.0585,5.4307295149999995,27.8,85.2794275001347,16.620940199999993,0.31161022186279297
1778535582.3946042,2026-05-11T22:39:42.394606,5.13059,1.03046,5.286867771399999,27.8,85.3322961778487,16.631244799999994,0.3516075611114502
1778535582.394624,2026-05-11T22:39:42.394624,5.13059,1.05803,5.4283181377,27.8,85.3865793592257,16.641825099999995,0.3516075611114502
1778535582.394628,2026-05-11T22:39:42.394628,5.13059,1.05803,5.4283181377,27.8,85.44086254060271,16.652405399999996,0.3516075611114502
1778535582.3946316,2026-05-11T22:39:42.394631,5.13059,1.05803,5.4283181377,27.8,85.49514572197971,16.662985699999997,0.3516075611114502
1778535582.434607,2026-05-11T22:39:42.434609,5.13059,1.05803,5.4283181377,27.8,85.54942890335671,16.673565999999997,0.39161038398742676
1778535582.4346259,2026-05-11T22:39:42.434625,5.13059,1.04689,5.3711633651,27.8,85.60314053700772,16.684034899999997,0.39161038398742676
1778535582.4346302,2026-05-11T22:39:42.434630,5.13059,1.0322,5.295794998,27.8,85.65609848698772,16.694356899999995,0.39161038398742676
1778535582.434634,2026-05-11T22:39:42.434634,5.13059,1.03768,5.3239106311999995,27.8,85.70933759329972,16.704733699999995,0.39161038398742676
1778535582.4750838,2026-05-11T22:39:42.475086,5.13059,1.05803,5.4283181377,27.8,85.76362077467672,16.715313999999996,0.43208813667297363
1778535582.4751031,2026-05-11T22:39:42.475103,5.13059,1.05803,5.4283181377,27.8,85.81790395605373,16.725894299999997,0.43208813667297363
1778535582.4751086,2026-05-11T22:39:42.475108,5.13059,1.05645,5.420211805499999,27.8,85.87210607410873,16.736458799999998,0.43208813667297363
1778535582.4751132,2026-05-11T22:39:42.475113,5.13059,1.05645,5.420211805499999,27.8,85.92630819216373,16.7470233,0.43208813667297363
1778535582.5151706,2026-05-11T22:39:42.515175,5.13059,1.04167,5.3443816853,27.8,85.97975200901674,16.75744,0.4721658229827881
1778535582.5152097,2026-05-11T22:39:42.515210,5.13059,1.02996,5.2843024764,27.8,86.03259503378074,16.7677396,0.4721658229827881
1778535582.5152247,2026-05-11T22:39:42.515225,5.13059,1.05645,5.420211805499999,27.8,86.08679715183574,16.7783041,0.4721658229827881
1778535582.5152373,2026-05-11T22:39:42.515237,5.13059,1.05645,5.420211805499999,27.8,86.14099926989074,16.7888686,0.4721658229827881
1778535582.555182,2026-05-11T22:39:42.555187,5.13059,1.05645,5.420211805499999,27.8,86.19520138794574,16.7994331,0.5121746063232422
1778535582.5552266,2026-05-11T22:39:42.555227,5.13059,1.05645,5.420211805499999,27.8,86.24940350600075,16.809997600000003,0.5121746063232422
1778535582.5552428,2026-05-11T22:39:42.555243,5.13059,1.05645,5.420211805499999,27.8,86.30360562405575,16.820562100000004,0.5121746063232422
1778535582.555257,2026-05-11T22:39:42.555257,5.13059,1.05645,5.420211805499999,27.8,86.35780774211075,16.831126600000005,0.5121746063232422
1778535582.594713,2026-05-11T22:39:42.594715,5.13063,1.05634,5.419689694200001,27.8,86.41200463905275,16.841690000000003,0.5517165660858154
1778535582.5947301,2026-05-11T22:39:42.594730,5.13063,1.05634,5.419689694200001,27.8,86.46620153599476,16.852253400000002,0.5517165660858154
1778535582.5947347,2026-05-11T22:39:42.594734,5.13063,1.05634,5.419689694200001,27.8,86.52039843293676,16.8628168,0.5517165660858154
1778535582.5947387,2026-05-11T22:39:42.594738,5.13063,1.04366,5.3546333058,27.8,86.57394476599475,16.8732534,0.5517165660858154
1778535582.634673,2026-05-11T22:39:42.634676,5.13063,1.05634,5.419689694200001,27.8,86.62814166293676,16.883816799999998,0.591677188873291
1778535582.6346908,2026-05-11T22:39:42.634691,5.13063,1.03768,5.323952138399999,27.8,86.68138118432076,16.894193599999998,0.591677188873291
1778535582.634696,2026-05-11T22:39:42.634696,5.13063,1.04117,5.3418580371,27.8,86.73479976469176,16.904605299999997,0.591677188873291
1778535582.6346996,2026-05-11T22:39:42.634699,5.13063,1.05634,5.419689694200001,27.8,86.78899666163376,16.915168699999995,0.591677188873291
1778535582.6747203,2026-05-11T22:39:42.674723,5.13063,1.04216,5.3469373608,27.8,86.84246603524176,16.925590299999996,0.6317236423492432
1778535582.674741,2026-05-11T22:39:42.674741,5.13063,1.05634,5.419689694200001,27.8,86.89666293218376,16.936153699999995,0.6317236423492432
1778535582.6747448,2026-05-11T22:39:42.674745,5.13071,1.0967,5.626849656999999,27.8,86.95293142875376,16.947120699999996,0.6317236423492432
1778535582.6747484,2026-05-11T22:39:42.674748,5.13071,1.05564,5.416182704399999,27.8,87.00709325579776,16.957677099999994,0.6317236423492432
1778535582.7150156,2026-05-11T22:39:42.715018,5.13071,1.05564,5.416182704399999,27.8,87.06125508284175,16.968233499999993,0.6720213890075684
1778535582.7150304,2026-05-11T22:39:42.715030,5.13071,1.05564,5.416182704399999,27.8,87.11541690988575,16.97878989999999,0.6720213890075684
1778535582.715035,2026-05-11T22:39:42.715035,5.13071,1.05564,5.416182704399999,27.8,87.16957873692975,16.98934629999999,0.6720213890075684
1778535582.7150388,2026-05-11T22:39:42.715038,5.13071,1.05564,5.416182704399999,27.8,87.22374056397375,16.99990269999999,0.6720213890075684
1778535582.7547019,2026-05-11T22:39:42.754703,5.13071,1.05564,5.416182704399999,27.8,87.27790239101775,17.010459099999988,0.711707353591919
1778535582.7547164,2026-05-11T22:39:42.754716,5.13071,1.02797,5.2742159587,27.8,87.33064455060475,17.02073879999999,0.711707353591919
1778535582.754721,2026-05-11T22:39:42.754721,5.13071,1.04465,5.3597962015,27.8,87.38424251261975,17.03118529999999,0.711707353591919
1778535582.7547252,2026-05-11T22:39:42.754725,5.13071,1.05564,5.416182704399999,27.8,87.43840433966375,17.04174169999999,0.711707353591919
1778535582.7950165,2026-05-11T22:39:42.795019,5.13071,1.05522,5.4140278062,27.8,87.49254461772574,17.052293899999988,0.752018928527832
1778535582.7950382,2026-05-11T22:39:42.795038,5.13071,1.05522,5.4140278062,27.8,87.54668489578773,17.062846099999987,0.752018928527832
1778535582.7950459,2026-05-11T22:39:42.795046,5.13071,1.05522,5.4140278062,27.8,87.60082517384973,17.073398299999987,0.752018928527832
1778535582.7950525,2026-05-11T22:39:42.795052,5.13071,1.03494,5.3099770074,27.8,87.65392494392373,17.083747699999986,0.752018928527832
1778535582.8351955,2026-05-11T22:39:42.835201,5.13071,1.04216,5.347020733599999,27.8,87.70739515125973,17.094169299999987,0.7921888828277588
1778535582.8352425,2026-05-11T22:39:42.835243,5.13071,1.05522,5.4140278062,27.8,87.76153542932173,17.104721499999986,0.7921888828277588
1778535582.8352594,2026-05-11T22:39:42.835259,5.13071,1.05522,5.4140278062,27.8,87.81567570738372,17.115273699999985,0.7921888828277588
1778535582.8352728,2026-05-11T22:39:42.835273,5.13071,1.05522,5.4140278062,27.8,87.86981598544571,17.125825899999985,0.7921888828277588
1778535582.8753014,2026-05-11T22:39:42.875307,5.13071,1.05522,5.4140278062,27.8,87.9239562635077,17.136378099999984,0.8322925567626953
1778535582.8753502,2026-05-11T22:39:42.875351,5.13071,1.03818,5.3266005078,27.8,87.9772222685857,17.146759899999985,0.8322925567626953
1778535582.8753684,2026-05-11T22:39:42.875369,5.13071,1.06731,5.4760580900999996,27.8,88.03198284948671,17.157432999999987,0.8322925567626953
1778535582.875384,2026-05-11T22:39:42.875384,5.13071,1.05487,5.4122320577,27.8,88.0861051700637,17.167981699999988,0.8322925567626953
1778535582.9146247,2026-05-11T22:39:42.914627,5.13071,1.05487,5.4122320577,27.8,88.1402274906407,17.17853039999999,0.8716301918029785
1778535582.9146416,2026-05-11T22:39:42.914641,5.13071,1.0723,5.501660333,27.8,88.1952440939707,17.189253399999988,0.8716301918029785
1778535582.914646,2026-05-11T22:39:42.914646,5.13071,1.05487,5.4122320577,27.8,88.2493664145477,17.19980209999999,0.8716301918029785
1778535582.9146495,2026-05-11T22:39:42.914649,5.13071,1.05487,5.4122320577,27.8,88.30348873512469,17.21035079999999,0.8716301918029785
1778535582.954735,2026-05-11T22:39:42.954737,5.13071,1.05487,5.4122320577,27.8,88.35761105570168,17.22089949999999,0.9117398262023926
1778535582.9547522,2026-05-11T22:39:42.954752,5.13071,1.05487,5.4122320577,27.8,88.41173337627868,17.231448199999992,0.9117398262023926
1778535582.9547563,2026-05-11T22:39:42.954756,5.13071,1.05487,5.4122320577,27.8,88.46585569685567,17.241996899999993,0.9117398262023926
1778535582.9547598,2026-05-11T22:39:42.954760,5.13071,1.05487,5.4122320577,27.8,88.51997801743266,17.252545599999994,0.9117398262023926
1778535582.995016,2026-05-11T22:39:42.995018,5.13075,1.05389,5.4072461175,27.8,88.57405047860766,17.263084499999994,0.9520220756530762
1778535582.9950309,2026-05-11T22:39:42.995031,5.13075,1.05389,5.4072461175,27.8,88.62812293978266,17.273623399999995,0.9520220756530762
1778535582.9950356,2026-05-11T22:39:42.995035,5.13075,1.05389,5.4072461175,27.8,88.68219540095765,17.284162299999995,0.9520220756530762
1778535582.9950392,2026-05-11T22:39:42.995039,5.13075,1.06582,5.4684559649999995,27.8,88.73687996060765,17.294820499999997,0.9520220756530762
1778535583.0350103,2026-05-11T22:39:43.035012,5.13075,1.05389,5.4072461175,27.8,88.79095242178265,17.305359399999997,0.9920158386230469
1778535583.035026,2026-05-11T22:39:43.035026,5.13075,1.05389,5.4072461175,27.8,88.84502488295765,17.315898299999997,0.9920158386230469
1778535583.0350308,2026-05-11T22:39:43.035031,5.13075,1.05389,5.4072461175,27.8,88.89909734413264,17.326437199999997,0.9920158386230469
1778535583.035035,2026-05-11T22:39:43.035035,5.13075,1.05389,5.4072461175,27.8,88.95316980530764,17.336976099999998,0.9920158386230469
1778535583.075059,2026-05-11T22:39:43.075062,5.13075,1.05389,5.4072461175,27.8,89.00724226648263,17.347514999999998,1.0320603847503662
1778535583.0750847,2026-05-11T22:39:43.075085,5.13075,1.03868,5.32920741,27.8,89.06053434058263,17.357901799999997,1.0320603847503662
1778535583.075094,2026-05-11T22:39:43.075094,5.13075,1.05362,5.405860815,27.8,89.11459294873264,17.368437999999998,1.0320603847503662
1778535583.0751014,2026-05-11T22:39:43.075101,5.13075,1.05362,5.405860815,27.8,89.16865155688264,17.3789742,1.0320603847503662
1778535583.1150637,2026-05-11T22:39:43.115072,5.13075,1.05362,5.405860815,27.8,89.22271016503264,17.3895104,0.03185153007507324
1778535583.1151576,2026-05-11T22:39:43.115161,5.13075,1.05362,5.405860815,27.8,89.27676877318264,17.4000466,0.03185153007507324
1778535583.1152096,2026-05-11T22:39:43.115211,5.13075,1.05362,5.405860815,27.8,89.33082738133264,17.4105828,0.03185153007507324
1778535583.1152542,2026-05-11T22:39:43.115256,5.13075,1.03793,5.3253593475,27.8,89.38408097480765,17.4209621,0.03185153007507324
1778535583.154612,2026-05-11T22:39:43.154615,5.13075,1.03071,5.2883153325,27.8,89.43696412813264,17.4312692,0.07143259048461914
1778535583.154634,2026-05-11T22:39:43.154634,5.13075,1.05362,5.405860815,27.8,89.49102273628264,17.4418054,0.07143259048461914
1778535583.1546388,2026-05-11T22:39:43.154639,5.13075,1.05362,5.405860815,27.8,89.54508134443265,17.4523416,0.07143259048461914
1778535583.1546426,2026-05-11T22:39:43.154643,5.13075,1.05362,5.405860815,27.8,89.59913995258265,17.4628778,0.07143259048461914
1778535583.1946077,2026-05-11T22:39:43.194609,5.13082,1.05283,5.4018812206,27.8,89.65315876478864,17.473406100000002,0.11143159866333008
1778535583.1946223,2026-05-11T22:39:43.194622,5.13082,1.04167,5.3446212694,27.8,89.70660497748264,17.483822800000002,0.11143159866333008
1778535583.1946263,2026-05-11T22:39:43.194626,5.13082,1.03619,5.316504375799999,27.8,89.75977002124064,17.4941847,0.11143159866333008
1778535583.19463,2026-05-11T22:39:43.194630,5.13082,1.05283,5.4018812206,27.8,89.81378883344664,17.504713000000002,0.11143159866333008
1778535583.2346122,2026-05-11T22:39:43.234614,5.13082,1.05283,5.4018812206,27.8,89.86780764565263,17.515241300000003,0.15143609046936035
1778535583.234627,2026-05-11T22:39:43.234627,5.13082,1.05283,5.4018812206,27.8,89.92182645785863,17.525769600000004,0.15143609046936035
1778535583.2346315,2026-05-11T22:39:43.234631,5.13082,1.05283,5.4018812206,27.8,89.97584527006462,17.536297900000005,0.15143609046936035
1778535583.2346354,2026-05-11T22:39:43.234635,5.13082,1.05283,5.4018812206,27.8,90.02986408227062,17.546826200000005,0.15143609046936035
1778535583.2746449,2026-05-11T22:39:43.274648,5.13082,1.05283,5.4018812206,27.8,90.08388289447662,17.557354500000006,0.1914660930633545
1778535583.2746687,2026-05-11T22:39:43.274669,5.13082,1.05283,5.4018812206,27.8,90.13790170668261,17.567882800000007,0.1914660930633545
1778535583.2747564,2026-05-11T22:39:43.274757,5.13082,1.09222,5.6039842204,27.8,90.19394154888661,17.578805000000006,0.1914660930633545
1778535583.2747645,2026-05-11T22:39:43.274764,5.13082,1.05262,5.4008037483999995,27.8,90.24794958637061,17.589331200000007,0.1914660930633545
1778535583.3148916,2026-05-11T22:39:43.314896,5.13082,1.05262,5.4008037483999995,27.8,90.3019576238546,17.59985740000001,0.23170256614685059
1778535583.3149343,2026-05-11T22:39:43.314935,5.13082,1.03693,5.3203011826,27.8,90.3551606356806,17.61022670000001,0.23170256614685059
1778535583.3149498,2026-05-11T22:39:43.314950,5.13082,1.05262,5.4008037483999995,27.8,90.4091686731646,17.62075290000001,0.23170256614685059
1778535583.314963,2026-05-11T22:39:43.314963,5.13082,1.05262,5.4008037483999995,27.8,90.4631767106486,17.63127910000001,0.23170256614685059
1778535583.3548253,2026-05-11T22:39:43.354830,5.13082,1.06433,5.4608856506,27.8,90.51778556715459,17.641922400000013,0.2716367244720459
1778535583.3548682,2026-05-11T22:39:43.354869,5.13082,1.05262,5.4008037483999995,27.8,90.57179360463859,17.652448600000014,0.2716367244720459
1778535583.3548825,2026-05-11T22:39:43.354883,5.13082,1.06333,5.4557548306,27.8,90.62635115294458,17.663081900000012,0.2716367244720459
1778535583.3548942,2026-05-11T22:39:43.354894,5.13082,1.05262,5.4008037483999995,27.8,90.68035919042858,17.673608100000013,0.2716367244720459
1778535583.3950381,2026-05-11T22:39:43.395044,5.13086,1.03868,5.3293216648,27.8,90.73365240707658,17.683994900000013,0.31184959411621094
1778535583.395083,2026-05-11T22:39:43.395083,5.13086,1.05245,5.399973607000001,27.8,90.78765214314657,17.69451940000001,0.31184959411621094
1778535583.3950994,2026-05-11T22:39:43.395099,5.13086,1.05245,5.399973607000001,27.8,90.84165187921657,17.70504390000001,0.31184959411621094
1778535583.395113,2026-05-11T22:39:43.395113,5.13086,1.11662,5.7292208932,27.8,90.89894408814857,17.716210100000012,0.31184959411621094
1778535583.434977,2026-05-11T22:39:43.434982,5.13086,1.08226,5.5529245436000005,27.8,90.95447333358457,17.727032700000013,0.3517882823944092
1778535583.4350197,2026-05-11T22:39:43.435020,5.13086,1.08375,5.560569525,27.8,91.01007902883457,17.737870200000014,0.3517882823944092
1778535583.4350355,2026-05-11T22:39:43.435036,5.13086,1.03693,5.3203426598,27.8,91.06328245543257,17.748239500000015,0.3517882823944092
1778535583.4350493,2026-05-11T22:39:43.435049,5.13086,1.04191,5.345894342599999,27.8,91.11674139885857,17.758658600000015,0.3517882823944092
1778535583.4752235,2026-05-11T22:39:43.475228,5.13086,1.05245,5.399973607000001,27.8,91.17074113492856,17.769183100000014,0.39203643798828125
1778535583.475263,2026-05-11T22:39:43.475263,5.13086,1.06308,5.4545146488,27.8,91.22528628141656,17.779813900000015,0.39203643798828125
1778535583.475278,2026-05-11T22:39:43.475278,5.13094,1.09521,5.6194567974,27.8,91.28148084939056,17.790766000000016,0.39203643798828125
1778535583.47529,2026-05-11T22:39:43.475290,5.13094,1.05375,5.406728025,27.8,91.33554812964056,17.801303500000017,0.39203643798828125
1778535583.5151167,2026-05-11T22:39:43.515123,5.13094,1.05375,5.406728025,27.8,91.38961540989055,17.81184100000002,0.43192601203918457
1778535583.5151649,2026-05-11T22:39:43.515166,5.13094,1.05375,5.406728025,27.8,91.44368269014055,17.82237850000002,0.43192601203918457
1778535583.5151832,2026-05-11T22:39:43.515183,5.13094,1.06906,5.4852827163999995,27.8,91.49853551730455,17.83306910000002,0.43192601203918457
1778535583.5151985,2026-05-11T22:39:43.515199,5.13094,1.06906,5.4852827163999995,27.8,91.55338834446854,17.84375970000002,0.43192601203918457
1778535583.5546248,2026-05-11T22:39:43.554627,5.13094,1.05375,5.406728025,27.8,91.60745562471854,17.854297200000023,0.4714484214782715
1778535583.5546398,2026-05-11T22:39:43.554640,5.13094,1.06632,5.4712239408,27.8,91.66216786412654,17.864960400000022,0.4714484214782715
1778535583.5546439,2026-05-11T22:39:43.554644,5.13094,1.05375,5.406728025,27.8,91.71623514437654,17.875497900000024,0.4714484214782715
1778535583.554647,2026-05-11T22:39:43.554647,5.13094,1.05375,5.406728025,27.8,91.77030242462654,17.886035400000026,0.4714484214782715
1778535583.5949402,2026-05-11T22:39:43.594943,5.13102,1.05476,5.4119946552,27.8,91.82442237117854,17.896583000000025,0.5117595195770264
1778535583.594965,2026-05-11T22:39:43.594965,5.13102,1.06806,5.4802372212,27.8,91.87922474339054,17.907263600000025,0.5117595195770264
1778535583.5949733,2026-05-11T22:39:43.594973,5.13102,1.05476,5.4119946552,27.8,91.93334468994254,17.917811200000024,0.5117595195770264
1778535583.5949807,2026-05-11T22:39:43.594981,5.13102,1.05476,5.4119946552,27.8,91.98746463649455,17.928358800000023,0.5117595195770264
1778535583.634706,2026-05-11T22:39:43.634709,5.13102,1.02896,5.279614339200001,27.8,92.04026077988655,17.938648400000023,0.5515251159667969
1778535583.6347318,2026-05-11T22:39:43.634732,5.13102,1.05476,5.4119946552,27.8,92.09438072643856,17.949196000000022,0.5515251159667969
1778535583.6347432,2026-05-11T22:39:43.634743,5.13102,1.05476,5.4119946552,27.8,92.14850067299056,17.95974360000002,0.5515251159667969
1778535583.634754,2026-05-11T22:39:43.634754,5.13102,1.07329,5.5070724558,27.8,92.20357139754857,17.97047650000002,0.5515251159667969
1778535583.6746378,2026-05-11T22:39:43.674641,5.13102,1.05476,5.4119946552,27.8,92.25769134410058,17.98102410000002,0.5914580821990967
1778535583.6746619,2026-05-11T22:39:43.674662,5.13102,1.05476,5.4119946552,27.8,92.31181129065259,17.99157170000002,0.5914580821990967
1778535583.6746764,2026-05-11T22:39:43.674677,5.13106,1.0555,5.41583383,27.8,92.36596962895258,18.00212670000002,0.5914580821990967
1778535583.6746845,2026-05-11T22:39:43.674684,5.13106,1.0555,5.41583383,27.8,92.42012796725258,18.01268170000002,0.5914580821990967
1778535583.714595,2026-05-11T22:39:43.714597,5.13106,1.0555,5.41583383,27.8,92.47428630555258,18.02323670000002,0.6314189434051514
1778535583.7146113,2026-05-11T22:39:43.714611,5.13106,1.0555,5.41583383,27.8,92.52844464385258,18.03379170000002,0.6314189434051514
1778535583.7146158,2026-05-11T22:39:43.714616,5.13106,1.0713,5.496904578,27.8,92.58341368963258,18.04450470000002,0.6314189434051514
1778535583.7146194,2026-05-11T22:39:43.714619,5.13106,1.0555,5.41583383,27.8,92.63757202793258,18.05505970000002,0.6314189434051514
1778535583.7545831,2026-05-11T22:39:43.754587,5.13106,1.0555,5.41583383,27.8,92.69173036623258,18.06561470000002,0.6714046001434326
1778535583.754601,2026-05-11T22:39:43.754601,5.11016,1.42865,7.300630083999999,27.8,92.76473666707258,18.07990120000002,0.6714046001434326
1778535583.7546053,2026-05-11T22:39:43.754605,5.13106,1.1216,5.754996896,27.8,92.82228663603259,18.09111720000002,0.6714046001434326
1778535583.7546089,2026-05-11T22:39:43.754609,5.14146,1.0555,5.4268110300000005,27.8,92.87655474633259,18.10167220000002,0.6714046001434326
1778535583.7948747,2026-05-11T22:39:43.794881,5.13114,1.05871,5.432389229400001,27.8,92.93087863862658,18.11225930000002,0.7116870880126953
1778535583.794917,2026-05-11T22:39:43.794918,5.13114,1.07279,5.5046356806,27.8,92.98592499543258,18.12298720000002,0.7116870880126953
1778535583.7949336,2026-05-11T22:39:43.794934,5.13114,1.0723,5.502121422,27.8,93.04094620965259,18.133710200000017,0.7116870880126953
1778535583.7949476,2026-05-11T22:39:43.794948,5.13114,1.05871,5.432389229400001,27.8,93.09527010194658,18.144297300000016,0.7116870880126953
1778535583.8350308,2026-05-11T22:39:43.835036,5.13114,1.04714,5.3730219396,27.8,93.14900032134258,18.154768700000016,0.7518422603607178
1778535583.8350756,2026-05-11T22:39:43.835076,5.13114,1.05871,5.432389229400001,27.8,93.20332421363658,18.165355800000015,0.7518422603607178
1778535583.8350914,2026-05-11T22:39:43.835092,5.13114,1.05871,5.432389229400001,27.8,93.25764810593057,18.175942900000013,0.7518422603607178
1778535583.8351052,2026-05-11T22:39:43.835105,5.13114,1.05871,5.432389229400001,27.8,93.31197199822456,18.186530000000012,0.7518422603607178
1778535583.8752244,2026-05-11T22:39:43.875229,5.13114,1.08026,5.5429652964,27.8,93.36740165118856,18.197332600000014,0.7920355796813965
1778535583.8752687,2026-05-11T22:39:43.875269,5.13114,1.04216,5.3474688624,27.8,93.42087633981255,18.207754200000014,0.7920355796813965
1778535583.8752847,2026-05-11T22:39:43.875285,5.13125,1.03494,5.310535874999999,27.8,93.47398169856255,18.218103600000013,0.7920355796813965
1778535583.8752987,2026-05-11T22:39:43.875299,5.13125,1.02672,5.268357,27.8,93.52666526856255,18.228370800000015,0.7920355796813965
1778535583.915322,2026-05-11T22:39:43.915328,5.13125,1.04789,5.3769855625,27.8,93.58043512418756,18.238849700000014,0.8321306705474854
1778535583.9153714,2026-05-11T22:39:43.915372,5.13125,1.05915,5.4347634375,27.8,93.63478275856257,18.249441200000014,0.8321306705474854
1778535583.9153895,2026-05-11T22:39:43.915390,5.13125,1.05915,5.4347634375,27.8,93.68913039293757,18.260032700000014,0.8321306705474854
1778535583.9154048,2026-05-11T22:39:43.915405,5.13125,1.05915,5.4347634375,27.8,93.74347802731258,18.270624200000015,0.8321306705474854
1778535583.9551337,2026-05-11T22:39:43.955136,5.13125,1.04316,5.35271475,27.8,93.79700517481258,18.281055800000015,0.871955156326294
1778535583.955154,2026-05-11T22:39:43.955154,5.13125,1.05915,5.4347634375,27.8,93.85135280918759,18.291647300000015,0.871955156326294
1778535583.955159,2026-05-11T22:39:43.955159,5.13125,1.07055,5.493259687499999,27.8,93.9062854060626,18.302352800000016,0.871955156326294
1778535583.9551632,2026-05-11T22:39:43.955163,5.13125,1.05915,5.4347634375,27.8,93.9606330404376,18.312944300000016,0.871955156326294
1778535583.995089,2026-05-11T22:39:43.995092,5.13122,1.07429,5.5124183337999995,27.8,94.0157572237756,18.323687200000016,0.9119060039520264
1778535583.9951212,2026-05-11T22:39:43.995122,5.13122,1.05991,5.438631390199999,27.8,94.0701435376776,18.334286300000016,0.9119060039520264
1778535583.9951327,2026-05-11T22:39:43.995133,5.13122,1.05991,5.438631390199999,27.8,94.1245298515796,18.344885400000017,0.9119060039520264
1778535583.9951422,2026-05-11T22:39:43.995142,5.13122,1.05991,5.438631390199999,27.8,94.1789161654816,18.355484500000017,0.9119060039520264
1778535584.0350654,2026-05-11T22:39:44.035068,5.13122,1.05991,5.438631390199999,27.8,94.2333024793836,18.366083600000017,0.9518864154815674
1778535584.0350845,2026-05-11T22:39:44.035084,5.13122,1.05991,5.438631390199999,27.8,94.2876887932856,18.376682700000018,0.9518864154815674
1778535584.0350897,2026-05-11T22:39:44.035089,5.13122,1.05991,5.438631390199999,27.8,94.3420751071876,18.387281800000018,0.9518864154815674
1778535584.0350943,2026-05-11T22:39:44.035094,5.13122,1.05991,5.438631390199999,27.8,94.3964614210896,18.39788090000002,0.9518864154815674
1778535584.0753107,2026-05-11T22:39:44.075316,5.13122,1.05991,5.438631390199999,27.8,94.4508477349916,18.40848000000002,0.9921188354492188
1778535584.075361,2026-05-11T22:39:44.075361,5.13122,1.02896,5.2798201312,27.8,94.5036459363036,18.41876960000002,0.9921188354492188
1778535584.0753784,2026-05-11T22:39:44.075379,5.13118,1.07479,5.514940952199999,27.8,94.5587953458256,18.429517500000017,0.9921188354492188
1778535584.0753944,2026-05-11T22:39:44.075394,5.13118,1.04689,5.3717810302,27.8,94.6125131561276,18.439986400000016,0.9921188354492188
1778535584.1152833,2026-05-11T22:39:44.115288,5.13118,1.06006,5.4393586708,27.8,94.66690674283561,18.450587000000017,1.0320942401885986
1778535584.115327,2026-05-11T22:39:44.115328,5.13118,1.06006,5.4393586708,27.8,94.72130032954361,18.461187600000017,1.0320942401885986
1778535584.1153433,2026-05-11T22:39:44.115344,5.13118,1.08126,5.5481396868,27.8,94.77678172641161,18.472000200000018,1.0320942401885986
1778535584.1153574,2026-05-11T22:39:44.115358,5.13118,1.04067,5.339865090599999,27.8,94.83018037731762,18.48240690000002,1.0320942401885986
1778535584.154749,2026-05-11T22:39:44.154751,5.13118,1.04615,5.367983956999999,27.8,94.88386021688761,18.49286840000002,0.03153634071350098
1778535584.1547663,2026-05-11T22:39:44.154766,5.13118,1.06006,5.4393586708,27.8,94.93825380359561,18.50346900000002,0.03153634071350098
1778535584.1547718,2026-05-11T22:39:44.154771,5.13118,1.02921,5.2810617678,27.8,94.99106442127362,18.51376110000002,0.03153634071350098
1778535584.1547766,2026-05-11T22:39:44.154776,5.13118,1.0708,5.494467543999999,27.8,95.04600909671362,18.524469100000022,0.03153634071350098
1778535584.1946483,2026-05-11T22:39:44.194651,5.13114,1.07005,5.490576357,27.8,95.10091486028362,18.53516960000002,0.07143330574035645
1778535584.194672,2026-05-11T22:39:44.194673,5.13114,1.04665,5.370507681,27.8,95.15461993709363,18.54563610000002,0.07143330574035645
1778535584.1946816,2026-05-11T22:39:44.194682,5.13114,1.04988,5.3870812632,27.8,95.20849074972563,18.55613490000002,0.07143330574035645
1778535584.1946914,2026-05-11T22:39:44.194691,5.13114,1.07254,5.503352895600001,27.8,95.26352427868163,18.56686030000002,0.07143330574035645
1778535584.2345994,2026-05-11T22:39:44.234601,5.13114,1.0599,5.438495286,27.8,95.31790923154163,18.57745930000002,0.11138701438903809
1778535584.234616,2026-05-11T22:39:44.234616,5.13114,1.0599,5.438495286,27.8,95.37229418440164,18.588058300000018,0.11138701438903809
1778535584.2346196,2026-05-11T22:39:44.234619,5.13114,1.0599,5.438495286,27.8,95.42667913726164,18.598657300000017,0.11138701438903809
1778535584.234623,2026-05-11T22:39:44.234623,5.13114,1.04889,5.382001434600001,27.8,95.48049915160765,18.609146200000016,0.11138701438903809
1778535584.274656,2026-05-11T22:39:44.274659,5.13114,1.04839,5.3794358646,27.8,95.53429351025365,18.619630100000016,0.1514430046081543
1778535584.2746763,2026-05-11T22:39:44.274676,5.13114,1.0599,5.438495286,27.8,95.58867846311365,18.630229100000015,0.1514430046081543
1778535584.2746816,2026-05-11T22:39:44.274681,5.13122,1.06097,5.4440704834,27.8,95.64311916794765,18.640838800000015,0.1514430046081543
1778535584.2746851,2026-05-11T22:39:44.274685,5.13122,1.06097,5.4440704834,27.8,95.69755987278164,18.651448500000015,0.1514430046081543
1778535584.3147314,2026-05-11T22:39:44.314737,5.13122,1.06097,5.4440704834,27.8,95.75200057761563,18.662058200000015,0.1915113925933838
1778535584.3147662,2026-05-11T22:39:44.314767,5.13122,1.06097,5.4440704834,27.8,95.80644128244963,18.672667900000015,0.1915113925933838
1778535584.3147748,2026-05-11T22:39:44.314775,5.13122,1.04117,5.342472327399999,27.8,95.85986600572363,18.683079600000013,0.1915113925933838
1778535584.3147821,2026-05-11T22:39:44.314782,5.13122,1.06097,5.4440704834,27.8,95.91430671055763,18.693689300000013,0.1915113925933838
1778535584.354667,2026-05-11T22:39:44.354669,5.13122,1.06097,5.4440704834,27.8,95.96874741539162,18.704299000000013,0.23145508766174316
1778535584.3546834,2026-05-11T22:39:44.354683,5.13122,1.13106,5.803717693199999,27.8,96.02678459232362,18.715609600000015,0.23145508766174316
1778535584.3546882,2026-05-11T22:39:44.354688,5.13122,1.06097,5.4440704834,27.8,96.08122529715762,18.726219300000015,0.23145508766174316
1778535584.354692,2026-05-11T22:39:44.354692,5.13122,1.03718,5.3219987596,27.8,96.13444528475361,18.736591100000016,0.23145508766174316
1778535584.3950129,2026-05-11T22:39:44.395015,5.13129,1.04515,5.3629677435,27.8,96.18807496218861,18.747042600000015,0.27179956436157227
1778535584.3950331,2026-05-11T22:39:44.395033,5.13129,1.04565,5.365533388499999,27.8,96.24173029607361,18.757499100000015,0.27179956436157227
1778535584.3950396,2026-05-11T22:39:44.395039,5.13129,1.06166,5.4476853414,27.8,96.29620714948761,18.768115700000013,0.27179956436157227
1778535584.3950453,2026-05-11T22:39:44.395045,5.11266,1.19855,6.127778643,27.8,96.35748493591761,18.780101200000015,0.27179956436157227
1778535584.434997,2026-05-11T22:39:44.435001,5.13129,1.07703,5.5265532687,27.8,96.41275046860461,18.790871500000016,0.31177568435668945
1778535584.435036,2026-05-11T22:39:44.435036,5.13129,1.06166,5.4476853414,27.8,96.46722732201862,18.801488100000014,0.31177568435668945
1778535584.4350502,2026-05-11T22:39:44.435050,5.13129,1.06166,5.4476853414,27.8,96.52170417543262,18.812104700000013,0.31177568435668945
1778535584.435063,2026-05-11T22:39:44.435063,5.13129,1.05163,5.3962185027,27.8,96.57566636045962,18.822621000000012,0.31177568435668945
1778535584.4750702,2026-05-11T22:39:44.475072,5.13129,1.06166,5.4476853414,27.8,96.63014321387362,18.83323760000001,0.35185694694519043
1778535584.475088,2026-05-11T22:39:44.475088,5.13129,1.06166,5.4476853414,27.8,96.68462006728763,18.84385420000001,0.35185694694519043
1778535584.4750924,2026-05-11T22:39:44.475092,5.13129,1.06102,5.4444013158,27.8,96.73906408044563,18.85446440000001,0.35185694694519043
1778535584.4750965,2026-05-11T22:39:44.475096,5.13129,1.06102,5.4444013158,27.8,96.79350809360363,18.865074600000007,0.35185694694519043
1778535584.51506,2026-05-11T22:39:44.515063,5.13129,1.06102,5.4444013158,27.8,96.84795210676164,18.875684800000005,0.3918459415435791
1778535584.5150826,2026-05-11T22:39:44.515083,5.13129,1.07454,5.5137763566,27.8,96.90308987032763,18.886430200000007,0.3918459415435791
1778535584.5150902,2026-05-11T22:39:44.515090,5.13129,1.04565,5.365533388499999,27.8,96.95674520421264,18.896886700000007,0.3918459415435791
1778535584.5150967,2026-05-11T22:39:44.515096,5.13129,1.06102,5.4444013158,27.8,97.01118921737064,18.907496900000005,0.3918459415435791
1778535584.5551841,2026-05-11T22:39:44.555189,5.13129,1.06102,5.4444013158,27.8,97.06563323052865,18.918107100000004,0.4319605827331543
1778535584.555227,2026-05-11T22:39:44.555228,5.13129,1.06102,5.4444013158,27.8,97.12007724368665,18.928717300000002,0.4319605827331543
1778535584.555243,2026-05-11T22:39:44.555243,5.13129,1.06102,5.4444013158,27.8,97.17452125684466,18.9393275,0.4319605827331543
1778535584.5552566,2026-05-11T22:39:44.555257,5.13129,1.0464,5.3693818559999995,27.8,97.22821507540466,18.9497915,0.4319605827331543
1778535584.5953293,2026-05-11T22:39:44.595335,5.13125,1.0337,5.304173125,27.8,97.28125680665467,18.9601285,0.4721031188964844
1778535584.5953782,2026-05-11T22:39:44.595379,5.13125,1.06097,5.444102312499999,27.8,97.33569782977966,18.9707382,0.4721031188964844
1778535584.5953953,2026-05-11T22:39:44.595396,5.13125,1.06097,5.444102312499999,27.8,97.39013885290466,18.9813479,0.4721031188964844
1778535584.5954106,2026-05-11T22:39:44.595411,5.13125,1.06097,5.444102312499999,27.8,97.44457987602965,18.9919576,0.4721031188964844
1778535584.6352797,2026-05-11T22:39:44.635285,5.13125,1.06097,5.444102312499999,27.8,97.49902089915464,19.0025673,0.5120534896850586
1778535584.635329,2026-05-11T22:39:44.635330,5.13125,1.06097,5.444102312499999,27.8,97.55346192227964,19.013177,0.5120534896850586
1778535584.6353464,2026-05-11T22:39:44.635347,5.13125,1.04366,5.3552803749999995,27.8,97.60701472602963,19.023613599999997,0.5120534896850586
1778535584.6353614,2026-05-11T22:39:44.635362,5.13125,1.06097,5.444102312499999,27.8,97.66145574915463,19.034223299999997,0.5120534896850586
1778535584.675317,2026-05-11T22:39:44.675323,5.13125,1.06097,5.444102312499999,27.8,97.71589677227962,19.044832999999997,0.5520915985107422
1778535584.6753666,2026-05-11T22:39:44.675367,5.13125,1.06097,5.444102312499999,27.8,97.77033779540461,19.055442699999997,0.5520915985107422
1778535584.6753845,2026-05-11T22:39:44.675385,5.13118,1.06035,5.440846712999999,27.8,97.82474626253462,19.066046199999995,0.5520915985107422
1778535584.6753998,2026-05-11T22:39:44.675400,5.13118,1.04017,5.3372995005999995,27.8,97.87811925754062,19.076447899999994,0.5520915985107422
1778535584.7151256,2026-05-11T22:39:44.715131,5.13118,1.04416,5.3577729087999995,27.8,97.93169698662862,19.086889499999995,0.5918991565704346
1778535584.7151735,2026-05-11T22:39:44.715175,5.13118,1.06035,5.440846712999999,27.8,97.98610545375863,19.097492999999993,0.5918991565704346
1778535584.7151928,2026-05-11T22:39:44.715193,5.13118,1.06035,5.440846712999999,27.8,98.04051392088863,19.10809649999999,0.5918991565704346
1778535584.715209,2026-05-11T22:39:44.715209,5.13118,1.06035,5.440846712999999,27.8,98.09492238801863,19.11869999999999,0.5918991565704346
1778535584.755317,2026-05-11T22:39:44.755323,5.13118,1.04714,5.373063825199999,27.8,98.14865302627064,19.12917139999999,0.6320912837982178
1778535584.7553663,2026-05-11T22:39:44.755367,5.13118,1.04864,5.3807605952,27.8,98.20246063222264,19.13965779999999,0.6320912837982178
1778535584.7553837,2026-05-11T22:39:44.755384,5.13118,1.04914,5.3833261852,27.8,98.25629389407464,19.15014919999999,0.6320912837982178
1778535584.755399,2026-05-11T22:39:44.755399,5.13118,1.06035,5.440846712999999,27.8,98.31070236120465,19.16075269999999,0.6320912837982178
1778535584.795177,2026-05-11T22:39:44.795183,5.13129,1.05809,5.4293666361,27.8,98.36499602756565,19.17133359999999,0.6719505786895752
1778535584.795226,2026-05-11T22:39:44.795227,5.13129,1.05809,5.4293666361,27.8,98.41928969392666,19.18191449999999,0.6719505786895752
1778535584.795244,2026-05-11T22:39:44.795244,5.13129,1.04366,5.3553221214,27.8,98.47284291514066,19.19235109999999,0.6719505786895752
1778535584.7952597,2026-05-11T22:39:44.795260,5.13129,1.05809,5.4293666361,27.8,98.52713658150167,19.20293199999999,0.6719505786895752
1778535584.8353803,2026-05-11T22:39:44.835386,5.13129,1.04316,5.352756476400001,27.8,98.58066414626566,19.21336359999999,0.7121531963348389
1778535584.8354301,2026-05-11T22:39:44.835431,5.13129,1.0444,5.3591192759999995,27.8,98.63425533902566,19.22380759999999,0.7121531963348389
1778535584.8354487,2026-05-11T22:39:44.835449,5.13129,1.05809,5.4293666361,27.8,98.68854900538666,19.23438849999999,0.7121531963348389
1778535584.8354652,2026-05-11T22:39:44.835465,5.13129,1.05809,5.4293666361,27.8,98.74284267174767,19.24496939999999,0.7121531963348389
1778535584.8753343,2026-05-11T22:39:44.875340,5.13129,1.05809,5.4293666361,27.8,98.79713633810867,19.255550299999992,0.7521078586578369
1778535584.8753839,2026-05-11T22:39:44.875385,5.13129,1.0464,5.3693818559999995,27.8,98.85083015666868,19.26601429999999,0.7521078586578369
1778535584.875402,2026-05-11T22:39:44.875402,5.13106,1.11737,5.733292512199999,27.8,98.90816308179068,19.27718799999999,0.7521078586578369
1778535584.8754177,2026-05-11T22:39:44.875418,5.13106,1.03992,5.3358919151999995,27.8,98.96152200094268,19.28758719999999,0.7521078586578369
1778535584.915103,2026-05-11T22:39:44.915105,5.13106,1.0564,5.420451784,27.8,99.01572651878269,19.29815119999999,0.7918906211853027
1778535584.9151227,2026-05-11T22:39:44.915123,5.13106,1.0564,5.420451784,27.8,99.06993103662269,19.308715199999988,0.7918906211853027
1778535584.9151282,2026-05-11T22:39:44.915128,5.13106,1.0564,5.420451784,27.8,99.1241355544627,19.319279199999986,0.7918906211853027
1778535584.9151332,2026-05-11T22:39:44.915133,5.13106,1.0564,5.420451784,27.8,99.1783400723027,19.329843199999985,0.7918906211853027
1778535584.9553275,2026-05-11T22:39:44.955333,5.13106,1.04565,5.365292888999999,27.8,99.2319930011927,19.340299699999985,0.8321011066436768
1778535584.9553764,2026-05-11T22:39:44.955377,5.13106,1.03718,5.321832810799999,27.8,99.28521132930071,19.350671499999986,0.8321011066436768
1778535584.955395,2026-05-11T22:39:44.955395,5.13106,1.0564,5.420451784,27.8,99.33941584714071,19.361235499999985,0.8321011066436768
1778535584.9554107,2026-05-11T22:39:44.955411,5.13106,1.0564,5.420451784,27.8,99.39362036498072,19.371799499999984,0.8321011066436768
1778535584.9951577,2026-05-11T22:39:44.995162,5.13106,1.05613,5.4190663978,27.8,99.44781102895872,19.382360799999983,0.8719394207000732
1778535584.9951897,2026-05-11T22:39:44.995190,5.13106,1.05613,5.4190663978,27.8,99.50200169293673,19.392922099999982,0.8719394207000732
1778535584.9952004,2026-05-11T22:39:44.995201,5.13106,1.04316,5.3525165496,27.8,99.55552685843273,19.403353699999982,0.8719394207000732
1778535584.9952104,2026-05-11T22:39:44.995210,5.13106,1.03619,5.316753061399999,27.8,99.60869438904673,19.413715599999982,0.8719394207000732
1778535585.0352793,2026-05-11T22:39:45.035284,5.13106,1.05613,5.4190663978,27.8,99.66288505302474,19.42427689999998,0.912055253982544
1778535585.0353224,2026-05-11T22:39:45.035323,5.13106,1.05613,5.4190663978,27.8,99.71707571700274,19.43483819999998,0.912055253982544
1778535585.035338,2026-05-11T22:39:45.035338,5.13106,1.05613,5.4190663978,27.8,99.77126638098075,19.44539949999998,0.912055253982544
1778535585.0353518,2026-05-11T22:39:45.035352,5.13106,1.05613,5.4190663978,27.8,99.82545704495875,19.45596079999998,0.912055253982544
1778535585.0752554,2026-05-11T22:39:45.075260,5.13106,1.04017,5.3371746801999995,27.8,99.87882879176075,19.466362499999978,0.9520316123962402
1778535585.0753,2026-05-11T22:39:45.075300,5.13106,1.07304,5.5058326224,27.8,99.93388711798475,19.477092899999978,0.9520316123962402
1778535585.0753157,2026-05-11T22:39:45.075316,5.13106,1.05572,5.4169626632,27.8,99.98805674461676,19.48765009999998,0.9520316123962402
1778535585.0753286,2026-05-11T22:39:45.075328,5.13106,1.05572,5.4169626632,27.8,100.04222637124876,19.49820729999998,0.9520316123962402
1778535585.1152673,2026-05-11T22:39:45.115273,5.13106,1.05572,5.4169626632,27.8,100.09639599788076,19.50876449999998,0.99204421043396
1778535585.1153111,2026-05-11T22:39:45.115312,5.13106,1.05572,5.4169626632,27.8,100.15056562451277,19.51932169999998,0.99204421043396
1778535585.1153271,2026-05-11T22:39:45.115327,5.13106,1.05572,5.4169626632,27.8,100.20473525114477,19.529878899999982,0.99204421043396
1778535585.115341,2026-05-11T22:39:45.115341,5.13106,1.05572,5.4169626632,27.8,100.25890487777677,19.540436099999983,0.99204421043396
1778535585.15501,2026-05-11T22:39:45.155012,5.13106,1.05572,5.4169626632,27.8,100.31307450440877,19.550993299999984,1.0317981243133545
1778535585.1550272,2026-05-11T22:39:45.155027,5.13106,1.05572,5.4169626632,27.8,100.36724413104078,19.561550499999985,1.0317981243133545
1778535585.1550312,2026-05-11T22:39:45.155031,5.13106,1.05572,5.4169626632,27.8,100.42141375767278,19.572107699999986,1.0317981243133545
1778535585.1550348,2026-05-11T22:39:45.155035,5.13106,1.05572,5.4169626632,27.8,100.47558338430478,19.582664899999987,1.0317981243133545
1778535585.1947155,2026-05-11T22:39:45.194717,5.1311,1.0557,5.4169022700000005,27.8,100.52975240700478,19.593221899999985,0.03195643424987793
1778535585.194732,2026-05-11T22:39:45.194732,5.1311,1.0557,5.4169022700000005,27.8,100.58392142970477,19.603778899999984,0.03195643424987793
1778535585.1947372,2026-05-11T22:39:45.194737,5.1311,1.0557,5.4169022700000005,27.8,100.63809045240477,19.614335899999983,0.03195643424987793
1778535585.1947415,2026-05-11T22:39:45.194741,5.1311,1.0557,5.4169022700000005,27.8,100.69225947510476,19.62489289999998,0.03195643424987793
1778535585.2348065,2026-05-11T22:39:45.234809,5.1311,1.0698,5.489250780000001,27.8,100.74715198290477,19.635590899999983,0.07204365730285645
1778535585.234833,2026-05-11T22:39:45.234833,5.1311,1.0557,5.4169022700000005,27.8,100.80132100560476,19.64614789999998,0.07204365730285645
1778535585.2348416,2026-05-11T22:39:45.234841,5.1311,1.06781,5.479039890999999,27.8,100.85611140451476,19.65682599999998,0.07204365730285645
1778535585.2348492,2026-05-11T22:39:45.234849,5.1311,1.0557,5.4169022700000005,27.8,100.91028042721476,19.66738299999998,0.07204365730285645
1778535585.275288,2026-05-11T22:39:45.275294,5.1311,1.07005,5.490533555,27.8,100.96518576276476,19.67808349999998,0.11251497268676758
1778535585.2753372,2026-05-11T22:39:45.275338,5.1311,1.0557,5.4169022700000005,27.8,101.01935478546476,19.688640499999977,0.11251497268676758
1778535585.275355,2026-05-11T22:39:45.275356,5.1311,1.06881,5.484170991,27.8,101.07419649537475,19.699328599999976,0.11251497268676758
1778535585.2753708,2026-05-11T22:39:45.275371,5.1311,1.05518,5.414234098,27.8,101.12833883635474,19.709880399999975,0.11251497268676758
1778535585.3153126,2026-05-11T22:39:45.315318,5.1311,1.05518,5.414234098,27.8,101.18248117733474,19.720432199999976,0.1525402069091797
1778535585.315361,2026-05-11T22:39:45.315362,5.1311,1.05518,5.414234098,27.8,101.23662351831473,19.730983999999978,0.1525402069091797
1778535585.3153775,2026-05-11T22:39:45.315377,5.1311,1.03992,5.3359335119999995,27.8,101.28998285343474,19.741383199999976,0.1525402069091797
1778535585.31539,2026-05-11T22:39:45.315390,5.1311,1.05518,5.414234098,27.8,101.34412519441473,19.751934999999975,0.1525402069091797
1778535585.3553188,2026-05-11T22:39:45.355325,5.1311,1.05518,5.414234098,27.8,101.39826753539472,19.762486799999976,0.19254636764526367
1778535585.3553689,2026-05-11T22:39:45.355370,5.1311,1.05518,5.414234098,27.8,101.45240987637472,19.77303859999998,0.19254636764526367
1778535585.3553874,2026-05-11T22:39:45.355388,5.1311,1.06532,5.466263452000001,27.8,101.50707251089472,19.78369179999998,0.19254636764526367
1778535585.3554025,2026-05-11T22:39:45.355403,5.1311,1.05518,5.414234098,27.8,101.56121485187471,19.79424359999998,0.19254636764526367
1778535585.395109,2026-05-11T22:39:45.395111,5.13106,1.03718,5.321832810799999,27.8,101.61443317998271,19.80461539999998,0.23234963417053223
1778535585.3951273,2026-05-11T22:39:45.395127,5.13106,1.04366,5.3550820796,27.8,101.66798400077872,19.81505199999998,0.23234963417053223
1778535585.3951323,2026-05-11T22:39:45.395132,5.13106,1.05483,5.412396019799999,27.8,101.72210796097671,19.82560029999998,0.23234963417053223
1778535585.3951364,2026-05-11T22:39:45.395136,5.13106,1.05483,5.412396019799999,27.8,101.77623192117471,19.83614859999998,0.23234963417053223
1778535585.4351552,2026-05-11T22:39:45.435159,5.13106,1.05483,5.412396019799999,27.8,101.83035588137271,19.84669689999998,0.27239060401916504
1778535585.435186,2026-05-11T22:39:45.435186,5.13106,1.05483,5.412396019799999,27.8,101.88447984157071,19.85724519999998,0.27239060401916504
1778535585.4351966,2026-05-11T22:39:45.435197,5.13106,1.05483,5.412396019799999,27.8,101.9386038017687,19.86779349999998,0.27239060401916504
1778535585.435206,2026-05-11T22:39:45.435206,5.13106,1.03942,5.3333263851999995,27.8,101.9919370656207,19.87818769999998,0.27239060401916504
1778535585.4752944,2026-05-11T22:39:45.475300,5.13106,1.05483,5.412396019799999,27.8,102.0460610258187,19.88873599999998,0.31252241134643555
1778535585.475343,2026-05-11T22:39:45.475344,5.13106,1.05483,5.412396019799999,27.8,102.1001849860167,19.89928429999998,0.31252241134643555
1778535585.4753613,2026-05-11T22:39:45.475361,5.1311,1.05467,5.411617237,27.8,102.1543011583867,19.90983099999998,0.31252241134643555
1778535585.4753766,2026-05-11T22:39:45.475377,5.1311,1.05467,5.411617237,27.8,102.2084173307567,19.920377699999978,0.31252241134643555
1778535585.5150988,2026-05-11T22:39:45.515101,5.1311,1.05467,5.411617237,27.8,102.2625335031267,19.930924399999977,0.3523392677307129
1778535585.5151193,2026-05-11T22:39:45.515119,5.1311,1.05467,5.411617237,27.8,102.3166496754967,19.941471099999976,0.3523392677307129
1778535585.5151248,2026-05-11T22:39:45.515125,5.1311,1.05467,5.411617237,27.8,102.3707658478667,19.952017799999975,0.3523392677307129
1778535585.5151296,2026-05-11T22:39:45.515129,5.1311,1.05467,5.411617237,27.8,102.42488202023671,19.962564499999974,0.3523392677307129
1778535585.555226,2026-05-11T22:39:45.555231,5.1311,1.05467,5.411617237,27.8,102.47899819260671,19.973111199999973,0.3924570083618164
1778535585.5552664,2026-05-11T22:39:45.555267,5.1311,1.05467,5.411617237,27.8,102.53311436497671,19.983657899999972,0.3924570083618164
1778535585.5552807,2026-05-11T22:39:45.555281,5.1311,1.05467,5.411617237,27.8,102.58723053734671,19.99420459999997,0.3924570083618164
1778535585.555293,2026-05-11T22:39:45.555293,5.1311,1.05467,5.411617237,27.8,102.64134670971671,20.00475129999997,0.3924570083618164
1778535585.595275,2026-05-11T22:39:45.595280,5.13106,1.05468,5.4116263608,27.8,102.69546297332471,20.01529809999997,0.43250441551208496
1778535585.5953188,2026-05-11T22:39:45.595319,5.13106,1.05468,5.4116263608,27.8,102.7495792369327,20.02584489999997,0.43250441551208496
1778535585.595335,2026-05-11T22:39:45.595335,5.13106,1.05468,5.4116263608,27.8,102.8036955005407,20.03639169999997,0.43250441551208496
1778535585.5953481,2026-05-11T22:39:45.595348,5.13106,1.05468,5.4116263608,27.8,102.85781176414869,20.04693849999997,0.43250441551208496
1778535585.635054,2026-05-11T22:39:45.635056,5.13106,1.05468,5.4116263608,27.8,102.91192802775669,20.05748529999997,0.4722929000854492
1778535585.635076,2026-05-11T22:39:45.635076,5.13106,1.04241,5.3486682546,27.8,102.96541471030268,20.067909399999973,0.4722929000854492
1778535585.6350834,2026-05-11T22:39:45.635083,5.13106,1.02896,5.2796554976,27.8,103.01821126527868,20.078198999999973,0.4722929000854492
1778535585.63509,2026-05-11T22:39:45.635090,5.13106,1.0698,5.489207988,27.8,103.07310334515869,20.088896999999974,0.4722929000854492
1778535585.6752713,2026-05-11T22:39:45.675276,5.13106,1.07678,5.5250227868,27.8,103.12835357302669,20.099664799999974,0.5125007629394531
1778535585.6753147,2026-05-11T22:39:45.675315,5.13106,1.07354,5.508398152399999,27.8,103.1834375545507,20.110400199999976,0.5125007629394531
1778535585.6753304,2026-05-11T22:39:45.675331,5.1311,1.0718,5.49951298,27.8,103.2384326843507,20.121118199999977,0.5125007629394531
1778535585.6753445,2026-05-11T22:39:45.675344,5.1311,1.05497,5.413156567,27.8,103.2925642500207,20.131667899999975,0.5125007629394531
1778535585.715336,2026-05-11T22:39:45.715342,5.1311,1.05497,5.413156567,27.8,103.34669581569071,20.142217599999974,0.5525631904602051
1778535585.7153857,2026-05-11T22:39:45.715386,5.1311,1.06731,5.476474341,27.8,103.40146055910071,20.152890699999976,0.5525631904602051
1778535585.7154036,2026-05-11T22:39:45.715404,5.1311,1.07404,5.511006644000001,27.8,103.4565706255407,20.163631099999975,0.5525631904602051
1778535585.7154186,2026-05-11T22:39:45.715419,5.1311,1.0718,5.49951298,27.8,103.51156575534071,20.174349099999976,0.5525631904602051
1778535585.7549503,2026-05-11T22:39:45.754956,5.1311,1.06881,5.484170991,27.8,103.5664074652507,20.185037199999975,0.5921776294708252
1778535585.7550004,2026-05-11T22:39:45.755002,5.1311,1.03818,5.327005398000001,27.8,103.6196775192307,20.195418999999976,0.5921776294708252
1778535585.7550187,2026-05-11T22:39:45.755019,5.1311,1.05497,5.413156567,27.8,103.67380908490071,20.205968699999975,0.5921776294708252
1778535585.7550344,2026-05-11T22:39:45.755035,5.1311,1.06756,5.477757116,27.8,103.72858665606071,20.216644299999974,0.5921776294708252
1778535585.7949877,2026-05-11T22:39:45.794990,5.13114,1.0723,5.502121422,27.8,103.78360787028072,20.227367299999973,0.6322286128997803
1778535585.7950048,2026-05-11T22:39:45.795005,5.13114,1.05611,5.419048265400001,27.8,103.83779835293471,20.237928399999973,0.6322286128997803
1778535585.7950094,2026-05-11T22:39:45.795009,5.13114,1.05611,5.419048265400001,27.8,103.8919888355887,20.248489499999973,0.6322286128997803
1778535585.7950134,2026-05-11T22:39:45.795013,5.13114,1.06831,5.481648173400001,27.8,103.9468053173227,20.259172599999975,0.6322286128997803
1778535585.8351436,2026-05-11T22:39:45.835147,5.13114,1.02448,5.256750307200001,27.8,103.9993728203947,20.269417399999973,0.6723802089691162
1778535585.8351707,2026-05-11T22:39:45.835171,5.13114,1.05611,5.419048265400001,27.8,104.05356330304869,20.279978499999974,0.6723802089691162
1778535585.8351796,2026-05-11T22:39:45.835180,5.13114,1.05611,5.419048265400001,27.8,104.10775378570268,20.290539599999974,0.6723802089691162
1778535585.8351867,2026-05-11T22:39:45.835187,5.13114,1.05611,5.419048265400001,27.8,104.16194426835668,20.301100699999974,0.6723802089691162
1778535585.8752298,2026-05-11T22:39:45.875235,5.13114,1.05611,5.419048265400001,27.8,104.21613475101067,20.311661799999975,0.7124590873718262
1778535585.8752744,2026-05-11T22:39:45.875275,5.13114,1.05611,5.419048265400001,27.8,104.27032523366466,20.322222899999975,0.7124590873718262
1778535585.8752897,2026-05-11T22:39:45.875290,5.13118,1.04092,5.3411478856,27.8,104.32373671252067,20.332632099999977,0.7124590873718262
1778535585.875302,2026-05-11T22:39:45.875302,5.13118,1.04465,5.360287187,27.8,104.37733958439067,20.343078599999977,0.7124590873718262
1778535585.9153352,2026-05-11T22:39:45.915341,5.13118,1.05687,5.4229902066,27.8,104.43156948645667,20.353647299999977,0.7525618076324463
1778535585.9153845,2026-05-11T22:39:45.915385,5.13118,1.05687,5.4229902066,27.8,104.48579938852266,20.364215999999978,0.7525618076324463
1778535585.9154024,2026-05-11T22:39:45.915403,5.13118,1.05687,5.4229902066,27.8,104.54002929058866,20.374784699999978,0.7525618076324463
1778535585.915418,2026-05-11T22:39:45.915418,5.13118,1.05687,5.4229902066,27.8,104.59425919265466,20.38535339999998,0.7525618076324463
1778535585.9552355,2026-05-11T22:39:45.955241,5.13118,1.05687,5.4229902066,27.8,104.64848909472066,20.39592209999998,0.7924644947052002
1778535585.9552803,2026-05-11T22:39:45.955281,5.13118,1.05687,5.4229902066,27.8,104.70271899678666,20.40649079999998,0.7924644947052002
1778535585.9552953,2026-05-11T22:39:45.955295,5.13118,1.05687,5.4229902066,27.8,104.75694889885266,20.41705949999998,0.7924644947052002
1778535585.9553072,2026-05-11T22:39:45.955307,5.13118,1.05687,5.4229902066,27.8,104.81117880091865,20.42762819999998,0.7924644947052002
1778535585.9947052,2026-05-11T22:39:45.994707,5.13125,1.05736,5.4255785,27.8,104.86543458591865,20.43820179999998,0.831946849822998
1778535585.994722,2026-05-11T22:39:45.994722,5.13125,1.05736,5.4255785,27.8,104.91969037091864,20.44877539999998,0.831946849822998
1778535585.9947262,2026-05-11T22:39:45.994726,5.13125,1.05736,5.4255785,27.8,104.97394615591864,20.459348999999982,0.831946849822998
1778535585.9947298,2026-05-11T22:39:45.994729,5.13125,1.05736,5.4255785,27.8,105.02820194091863,20.469922599999983,0.831946849822998
1778535586.0351095,2026-05-11T22:39:46.035115,5.13125,1.05736,5.4255785,27.8,105.08245772591863,20.480496199999983,0.872347354888916
1778535586.0351658,2026-05-11T22:39:46.035166,5.13125,1.05736,5.4255785,27.8,105.13671351091863,20.491069799999984,0.872347354888916
1778535586.0351799,2026-05-11T22:39:46.035181,5.13125,1.05736,5.4255785,27.8,105.19096929591862,20.501643399999985,0.872347354888916
1778535586.0351918,2026-05-11T22:39:46.035192,5.13125,1.05736,5.4255785,27.8,105.24522508091862,20.512216999999985,0.872347354888916
1778535586.0752316,2026-05-11T22:39:46.075236,5.13125,1.05736,5.4255785,27.8,105.29948086591861,20.522790599999986,0.9124631881713867
1778535586.075272,2026-05-11T22:39:46.075273,5.13125,1.05736,5.4255785,27.8,105.3537366509186,20.533364199999987,0.9124631881713867
1778535586.0752864,2026-05-11T22:39:46.075286,5.13125,1.05774,5.427528374999999,27.8,105.40801193466861,20.543941599999986,0.9124631881713867
1778535586.0752983,2026-05-11T22:39:46.075298,5.13125,1.05774,5.427528374999999,27.8,105.46228721841861,20.554518999999985,0.9124631881713867
1778535586.114962,2026-05-11T22:39:46.114968,5.13125,1.05774,5.427528374999999,27.8,105.51656250216861,20.565096399999984,0.9521920680999756
1778535586.1150074,2026-05-11T22:39:46.115008,5.13125,1.05774,5.427528374999999,27.8,105.57083778591861,20.575673799999983,0.9521920680999756
1778535586.1150227,2026-05-11T22:39:46.115023,5.13125,1.05774,5.427528374999999,27.8,105.62511306966861,20.58625119999998,0.9521920680999756
1778535586.1150365,2026-05-11T22:39:46.115037,5.13125,1.05774,5.427528374999999,27.8,105.67938835341862,20.59682859999998,0.9521920680999756
1778535586.1551197,2026-05-11T22:39:46.155122,5.13125,1.05774,5.427528374999999,27.8,105.73366363716862,20.60740599999998,0.9923603534698486
1778535586.1551385,2026-05-11T22:39:46.155138,5.13125,1.05774,5.427528374999999,27.8,105.78793892091862,20.61798339999998,0.9923603534698486
1778535586.1551437,2026-05-11T22:39:46.155143,5.13125,1.05774,5.427528374999999,27.8,105.84221420466862,20.628560799999978,0.9923603534698486
1778535586.155148,2026-05-11T22:39:46.155148,5.13125,1.05774,5.427528374999999,27.8,105.89648948841862,20.639138199999977,0.9923603534698486
1778535586.194881,2026-05-11T22:39:46.194886,5.13129,1.05803,5.4290587587,27.8,105.95078007600563,20.649718499999977,1.0321061611175537
1778535586.194929,2026-05-11T22:39:46.194930,5.13129,1.03843,5.3284854747,27.8,106.00406493075263,20.660102799999976,1.0321061611175537
1778535586.194952,2026-05-11T22:39:46.194953,5.13129,1.0444,5.3591192759999995,27.8,106.05765612351263,20.670546799999975,1.0321061611175537
1778535586.194974,2026-05-11T22:39:46.194974,5.13129,1.04665,5.370664678500001,27.8,106.11136277029763,20.681013299999975,1.0321061611175537
1778535586.234703,2026-05-11T22:39:46.234705,5.13129,1.05803,5.4290587587,27.8,106.16565335788464,20.691593599999976,0.032028913497924805
1778535586.2347212,2026-05-11T22:39:46.234721,5.13129,1.04689,5.3718961881,27.8,106.21937231976564,20.702062499999975,0.032028913497924805
1778535586.2347264,2026-05-11T22:39:46.234726,5.13129,1.03992,5.3361310968,27.8,106.27273363073364,20.712461699999974,0.032028913497924805
1778535586.23473,2026-05-11T22:39:46.234730,5.13129,1.04216,5.3476251864,27.8,106.32620988259764,20.722883299999975,0.032028913497924805
1778535586.2749538,2026-05-11T22:39:46.274956,5.13129,1.05803,5.4290587587,27.8,106.38050047018464,20.733463599999975,0.07227969169616699
1778535586.2749708,2026-05-11T22:39:46.274971,5.13129,1.05803,5.4290587587,27.8,106.43479105777165,20.744043899999976,0.07227969169616699
1778535586.2749755,2026-05-11T22:39:46.274975,5.13125,1.0713,5.497108125,27.8,106.48976213902165,20.754756899999975,0.07227969169616699
1778535586.274979,2026-05-11T22:39:46.274979,5.13125,1.05805,5.429119062499999,27.8,106.54405332964664,20.765337399999975,0.07227969169616699
1778535586.3148105,2026-05-11T22:39:46.314814,5.13125,1.04167,5.3450691875,27.8,106.59750402152164,20.775754099999975,0.11213183403015137
1778535586.3148367,2026-05-11T22:39:46.314837,5.13125,1.05805,5.429119062499999,27.8,106.65179521214664,20.786334599999975,0.11213183403015137
1778535586.3148458,2026-05-11T22:39:46.314846,5.13125,1.05805,5.429119062499999,27.8,106.70608640277163,20.796915099999975,0.11213183403015137
1778535586.3148534,2026-05-11T22:39:46.314853,5.13125,1.05805,5.429119062499999,27.8,106.76037759339663,20.807495599999974,0.11213183403015137
1778535586.3548596,2026-05-11T22:39:46.354866,5.13125,1.06856,5.4830485,27.8,106.81520807839662,20.818181199999973,0.15216350555419922
1778535586.3549325,2026-05-11T22:39:46.354934,5.13125,1.05805,5.429119062499999,27.8,106.86949926902162,20.828761699999973,0.15216350555419922
1778535586.3549538,2026-05-11T22:39:46.354954,5.13125,1.05805,5.429119062499999,27.8,106.92379045964661,20.839342199999972,0.15216350555419922
1778535586.3549662,2026-05-11T22:39:46.354966,5.13125,1.05805,5.429119062499999,27.8,106.9780816502716,20.849922699999972,0.15216350555419922
1778535586.3952692,2026-05-11T22:39:46.395275,5.13125,1.05857,5.4317873125,27.8,107.0323995233966,20.860508399999972,0.1925828456878662
1778535586.395314,2026-05-11T22:39:46.395314,5.13125,1.05857,5.4317873125,27.8,107.0867173965216,20.871094099999972,0.1925828456878662
1778535586.3953295,2026-05-11T22:39:46.395330,5.13125,1.08998,5.592959874999999,27.8,107.1426469952716,20.881993899999973,0.1925828456878662
1778535586.3953433,2026-05-11T22:39:46.395343,5.13125,1.15771,5.9404994375,27.8,107.2020519896466,20.893570999999973,0.1925828456878662
1778535586.4349883,2026-05-11T22:39:46.434994,5.13125,1.05857,5.4317873125,27.8,107.2563698627716,20.904156699999973,0.23230361938476562
1778535586.4350328,2026-05-11T22:39:46.435033,5.13125,1.05857,5.4317873125,27.8,107.31068773589661,20.914742399999973,0.23230361938476562
1778535586.4350479,2026-05-11T22:39:46.435048,5.13125,1.05857,5.4317873125,27.8,107.36500560902161,20.925328099999973,0.23230361938476562
1778535586.4350598,2026-05-11T22:39:46.435060,5.13125,1.05857,5.4317873125,27.8,107.41932348214661,20.935913799999973,0.23230361938476562
1778535586.475276,2026-05-11T22:39:46.475282,5.13125,1.0723,5.502239374999999,27.8,107.4743458758966,20.946636799999972,0.27259063720703125
1778535586.4753203,2026-05-11T22:39:46.475321,5.13125,1.04391,5.356563187499999,27.8,107.5279115077716,20.95707589999997,0.27259063720703125
1778535586.475336,2026-05-11T22:39:46.475336,5.13125,1.05887,5.433326687499999,27.8,107.58224477464661,20.96766459999997,0.27259063720703125
1778535586.4753497,2026-05-11T22:39:46.475350,5.13125,1.05887,5.433326687499999,27.8,107.63657804152162,20.97825329999997,0.27259063720703125
1778535586.5149488,2026-05-11T22:39:46.514951,5.13125,1.04191,5.346300687499999,27.8,107.69004104839662,20.98867239999997,0.31227540969848633
1778535586.5149665,2026-05-11T22:39:46.514966,5.13125,1.04391,5.356563187499999,27.8,107.74360668027163,20.99911149999997,0.31227540969848633
1778535586.5149708,2026-05-11T22:39:46.514971,5.13125,1.05887,5.433326687499999,27.8,107.79793994714663,21.00970019999997,0.31227540969848633
1778535586.5149748,2026-05-11T22:39:46.514974,5.13125,1.04565,5.365491562499999,27.8,107.85159486277163,21.02015669999997,0.31227540969848633
1778535586.5550442,2026-05-11T22:39:46.555047,5.13125,1.0464,5.369339999999999,27.8,107.90528826277163,21.030620699999968,0.3523685932159424
1778535586.5550666,2026-05-11T22:39:46.555067,5.13125,1.05887,5.433326687499999,27.8,107.95962152964664,21.041209399999968,0.3523685932159424
1778535586.5550737,2026-05-11T22:39:46.555074,5.13125,1.04291,5.351431937499999,27.8,108.01313584902164,21.051638499999967,0.3523685932159424
1778535586.5550804,2026-05-11T22:39:46.555080,5.13125,1.05887,5.433326687499999,27.8,108.06746911589664,21.062227199999967,0.3523685932159424
1778535586.595057,2026-05-11T22:39:46.595065,5.13125,1.14476,5.874049749999999,27.8,108.12620961339664,21.073674799999967,0.39235639572143555
1778535586.5951352,2026-05-11T22:39:46.595143,5.13125,1.05915,5.4347634375,27.8,108.18055724777165,21.084266299999967,0.39235639572143555
1778535586.5951786,2026-05-11T22:39:46.595179,5.13125,1.05915,5.4347634375,27.8,108.23490488214665,21.094857799999968,0.39235639572143555
1778535586.5951984,2026-05-11T22:39:46.595199,5.13125,1.05915,5.4347634375,27.8,108.28925251652166,21.105449299999968,0.39235639572143555
1778535586.6350284,2026-05-11T22:39:46.635030,5.13125,1.04266,5.350149124999999,27.8,108.34275400777166,21.115875899999967,0.432356595993042
1778535586.6350436,2026-05-11T22:39:46.635043,5.13125,1.04391,5.356563187499999,27.8,108.39631963964666,21.126314999999966,0.432356595993042
1778535586.6350477,2026-05-11T22:39:46.635047,5.13125,1.05915,5.4347634375,27.8,108.45066727402167,21.136906499999967,0.432356595993042
1778535586.6350515,2026-05-11T22:39:46.635051,5.13125,1.05915,5.4347634375,27.8,108.50501490839667,21.147497999999967,0.432356595993042
1778535586.675022,2026-05-11T22:39:46.675024,5.13125,1.05915,5.4347634375,27.8,108.55936254277168,21.158089499999967,0.4723477363586426
1778535586.675041,2026-05-11T22:39:46.675041,5.13125,1.07329,5.5073193125,27.8,108.61443573589668,21.168822399999968,0.4723477363586426
1778535586.6750467,2026-05-11T22:39:46.675046,5.13125,1.05922,5.435122625,27.8,108.66878696214668,21.17941459999997,0.4723477363586426
1778535586.6750515,2026-05-11T22:39:46.675051,5.13125,1.05922,5.435122625,27.8,108.72313818839669,21.19000679999997,0.4723477363586426
1778535586.7152655,2026-05-11T22:39:46.715271,5.13125,1.05922,5.435122625,27.8,108.7774894146467,21.200598999999972,0.5125808715820312
1778535586.715309,2026-05-11T22:39:46.715309,5.13125,1.05922,5.435122625,27.8,108.8318406408967,21.211191199999973,0.5125808715820312
1778535586.7153242,2026-05-11T22:39:46.715324,5.13125,1.05922,5.435122625,27.8,108.8861918671467,21.221783399999975,0.5125808715820312
1778535586.715338,2026-05-11T22:39:46.715338,5.13125,1.05922,5.435122625,27.8,108.94054309339671,21.232375599999976,0.5125808715820312
1778535586.7546318,2026-05-11T22:39:46.754634,5.13125,1.03868,5.32972675,27.8,108.99384036089671,21.242762399999975,0.5519580841064453
1778535586.7546487,2026-05-11T22:39:46.754648,5.13125,1.03917,5.3322410625,27.8,109.04716277152171,21.253154099999975,0.5519580841064453
1778535586.7546527,2026-05-11T22:39:46.754652,5.13125,1.05922,5.435122625,27.8,109.10151399777172,21.263746299999976,0.5519580841064453
1778535586.7546566,2026-05-11T22:39:46.754656,5.13125,1.05922,5.435122625,27.8,109.15586522402172,21.274338499999978,0.5519580841064453
1778535586.7949007,2026-05-11T22:39:46.794902,5.13125,1.05829,5.430350562499999,27.8,109.21016872964672,21.284921399999977,0.5922284126281738
1778535586.7949162,2026-05-11T22:39:46.794916,5.13125,1.05829,5.430350562499999,27.8,109.26447223527173,21.295504299999976,0.5922284126281738
1778535586.7949207,2026-05-11T22:39:46.794920,5.13125,1.07528,5.5175304999999994,27.8,109.31964754027173,21.306257099999975,0.5922284126281738
1778535586.7949245,2026-05-11T22:39:46.794924,5.13125,1.04241,5.3488663125,27.8,109.37313620339673,21.316681199999977,0.5922284126281738
1778535586.8347673,2026-05-11T22:39:46.834770,5.13125,1.05829,5.430350562499999,27.8,109.42743970902173,21.327264099999976,0.6320891380310059
1778535586.834794,2026-05-11T22:39:46.834794,5.13125,1.05829,5.430350562499999,27.8,109.48174321464673,21.337846999999975,0.6320891380310059
1778535586.8348022,2026-05-11T22:39:46.834802,5.13125,1.05829,5.430350562499999,27.8,109.53604672027173,21.348429899999974,0.6320891380310059
1778535586.834809,2026-05-11T22:39:46.834809,5.13125,1.05829,5.430350562499999,27.8,109.59035022589673,21.359012799999974,0.6320891380310059
1778535586.8752675,2026-05-11T22:39:46.875274,5.13125,1.05829,5.430350562499999,27.8,109.64465373152173,21.369595699999973,0.6725780963897705
1778535586.8753138,2026-05-11T22:39:46.875314,5.13125,1.05829,5.430350562499999,27.8,109.69895723714673,21.380178599999972,0.6725780963897705
1778535586.8753297,2026-05-11T22:39:46.875330,5.11892,1.06931,5.4737123452,27.8,109.75369436059873,21.390871699999973,0.6725780963897705
1778535586.8753438,2026-05-11T22:39:46.875344,5.13122,1.05831,5.430421438200001,27.8,109.80799857498073,21.401454799999975,0.6725780963897705
1778535586.9153228,2026-05-11T22:39:46.915329,5.13122,1.05831,5.430421438200001,27.8,109.86230278936273,21.412037899999977,0.7126357555389404
1778535586.9153688,2026-05-11T22:39:46.915369,5.13122,1.05831,5.430421438200001,27.8,109.91660700374473,21.422620999999978,0.7126357555389404
1778535586.9153833,2026-05-11T22:39:46.915383,5.13122,1.05831,5.430421438200001,27.8,109.97091121812673,21.43320409999998,0.7126357555389404
1778535586.9153965,2026-05-11T22:39:46.915397,5.13122,1.05831,5.430421438200001,27.8,110.02521543250873,21.44378719999998,0.7126357555389404
1778535586.955073,2026-05-11T22:39:46.955078,5.13122,1.05831,5.430421438200001,27.8,110.07951964689073,21.454370299999983,0.752387523651123
1778535586.955116,2026-05-11T22:39:46.955116,5.13122,1.05831,5.430421438200001,27.8,110.13382386127273,21.464953399999985,0.752387523651123
1778535586.9551303,2026-05-11T22:39:46.955130,5.13122,1.05831,5.430421438200001,27.8,110.18812807565473,21.475536499999986,0.752387523651123
1778535586.9551423,2026-05-11T22:39:46.955142,5.13122,1.05831,5.430421438200001,27.8,110.24243229003673,21.486119599999988,0.752387523651123
1778535586.995274,2026-05-11T22:39:46.995282,5.13114,1.05803,5.4289000542000005,27.8,110.29672129057873,21.49669989999999,0.7925770282745361
1778535586.9953258,2026-05-11T22:39:46.995326,5.13114,1.0449,5.361528186,27.8,110.35033657243874,21.50714889999999,0.7925770282745361
1778535586.9953415,2026-05-11T22:39:46.995342,5.13114,1.05803,5.4289000542000005,27.8,110.40462557298073,21.51772919999999,0.7925770282745361
1778535586.9953554,2026-05-11T22:39:46.995355,5.13114,1.07827,5.5327543278,27.8,110.45995311625873,21.52851189999999,0.7925770282745361
1778535587.0350943,2026-05-11T22:39:47.035096,5.13114,1.05803,5.4289000542000005,27.8,110.51424211680073,21.539092199999992,0.8324203491210938
1778535587.035114,2026-05-11T22:39:47.035114,5.13114,1.0459,5.366659326000001,27.8,110.56790871006073,21.549551199999993,0.8324203491210938
1778535587.0351193,2026-05-11T22:39:47.035119,5.13114,1.0464,5.369224896,27.8,110.62160095902074,21.56001519999999,0.8324203491210938
1778535587.0351243,2026-05-11T22:39:47.035124,5.13114,1.04042,5.338540678799999,27.8,110.67498636580873,21.57041939999999,0.8324203491210938
1778535587.0752952,2026-05-11T22:39:47.075308,5.13114,1.03942,5.333409538800001,27.8,110.72832046119673,21.580813599999992,0.8725955486297607
1778535587.0753808,2026-05-11T22:39:47.075383,5.13114,1.06956,5.4880620984,27.8,110.78320108218072,21.59150919999999,0.8725955486297607
1778535587.0754051,2026-05-11T22:39:47.075406,5.13106,1.07404,5.5109636824,27.8,110.83831071900472,21.60224959999999,0.8725955486297607
1778535587.075427,2026-05-11T22:39:47.075428,5.13106,1.05788,5.428045752799999,27.8,110.89259117653272,21.61282839999999,0.8725955486297607
1778535587.115079,2026-05-11T22:39:47.115082,5.13106,1.05788,5.428045752799999,27.8,110.94687163406071,21.623407199999992,0.9124009609222412
1778535587.115106,2026-05-11T22:39:47.115106,5.13106,1.03668,5.3192672808,27.8,111.00006430686871,21.633773999999992,0.9124009609222412
1778535587.1151152,2026-05-11T22:39:47.115115,5.13106,1.03893,5.330812165799999,27.8,111.05337242852671,21.644163299999992,0.9124009609222412
1778535587.1151233,2026-05-11T22:39:47.115123,5.13106,1.05788,5.428045752799999,27.8,111.10765288605471,21.654742099999993,0.9124009609222412
1778535587.1546962,2026-05-11T22:39:47.154698,5.13106,1.05788,5.428045752799999,27.8,111.1619333435827,21.665320899999994,0.9520227909088135
1778535587.154714,2026-05-11T22:39:47.154714,5.13106,1.05788,5.428045752799999,27.8,111.2162138011107,21.675899699999995,0.9520227909088135
1778535587.1547182,2026-05-11T22:39:47.154718,5.13106,1.05788,5.428045752799999,27.8,111.27049425863869,21.686478499999996,0.9520227909088135
1778535587.1547222,2026-05-11T22:39:47.154722,5.13106,1.04416,5.3576476096,27.8,111.32407073473469,21.696920099999996,0.9520227909088135
1778535587.1946917,2026-05-11T22:39:47.194693,5.13106,1.03843,5.328246635799999,27.8,111.37735320109269,21.707304399999995,0.9920182228088379
1778535587.1947062,2026-05-11T22:39:47.194706,5.13106,1.05749,5.4260446394,27.8,111.43161364748669,21.717879299999996,0.9920182228088379
1778535587.1947103,2026-05-11T22:39:47.194710,5.13106,1.05749,5.4260446394,27.8,111.48587409388068,21.728454199999998,0.9920182228088379
1778535587.1947138,2026-05-11T22:39:47.194714,5.13106,1.05749,5.4260446394,27.8,111.54013454027468,21.7390291,0.9920182228088379
1778535587.235185,2026-05-11T22:39:47.235191,5.13106,1.05749,5.4260446394,27.8,111.59439498666868,21.749604,1.0325016975402832
1778535587.2352293,2026-05-11T22:39:47.235230,5.13106,1.04416,5.3576476096,27.8,111.64797146276467,21.7600456,1.0325016975402832
1778535587.235241,2026-05-11T22:39:47.235241,5.13106,1.03843,5.328246635799999,27.8,111.70125392912267,21.7704299,1.0325016975402832
1778535587.2352488,2026-05-11T22:39:47.235249,5.13106,1.05749,5.4260446394,27.8,111.75551437551667,21.7810048,1.0325016975402832
1778535587.2748783,2026-05-11T22:39:47.274880,5.13106,1.05749,5.4260446394,27.8,111.80977482191066,21.791579700000003,0.0319976806640625
1778535587.2748966,2026-05-11T22:39:47.274896,5.13106,1.05749,5.4260446394,27.8,111.86403526830466,21.802154600000005,0.0319976806640625
1778535587.2749026,2026-05-11T22:39:47.274902,5.13102,1.0574,5.425540548,27.8,111.91829067378467,21.812728600000003,0.0319976806640625
1778535587.2749074,2026-05-11T22:39:47.274907,5.13102,1.0574,5.425540548,27.8,111.97254607926467,21.8233026,0.0319976806640625
1778535587.3153408,2026-05-11T22:39:47.315350,5.13102,1.04665,5.370382083000001,27.9,112.02624990009467,21.8337691,0.0724325180053711
1778535587.315427,2026-05-11T22:39:47.315515,5.13102,1.0574,5.425540548,27.8,112.08050530557468,21.8443431,0.0724325180053711
1778535587.3155708,2026-05-11T22:39:47.315572,5.13102,1.0574,5.425540548,27.8,112.13476071105468,21.854917099999998,0.0724325180053711
1778535587.3155894,2026-05-11T22:39:47.315590,5.13102,1.0574,5.425540548,27.8,112.18901611653469,21.865491099999996,0.0724325180053711
1778535587.3549848,2026-05-11T22:39:47.354989,5.13102,1.07155,5.498144481000001,27.8,112.24399756134468,21.876206599999996,0.1120920181274414
1778535587.3550282,2026-05-11T22:39:47.355029,5.13102,1.0454,5.363968308000001,27.8,112.29763724442468,21.886660599999995,0.1120920181274414
1778535587.3550446,2026-05-11T22:39:47.355045,5.13102,1.04042,5.3384158284,27.8,112.35102140270868,21.897064799999995,0.1120920181274414
1778535587.3550587,2026-05-11T22:39:47.355059,5.13102,1.06806,5.4802372212,27.8,112.40582377492068,21.907745399999996,0.1120920181274414
1778535587.3947022,2026-05-11T22:39:47.394704,5.13102,1.05743,5.4256944786000005,27.8,112.46008071970668,21.918319699999994,0.15182161331176758
1778535587.3947182,2026-05-11T22:39:47.394718,5.13102,1.05743,5.4256944786000005,27.8,112.51433766449269,21.928893999999993,0.15182161331176758
1778535587.3947227,2026-05-11T22:39:47.394722,5.13102,1.06781,5.4789544662,27.8,112.56912720915469,21.939572099999992,0.15182161331176758
1778535587.3947268,2026-05-11T22:39:47.394726,5.13102,1.05743,5.4256944786000005,27.8,112.62338415394069,21.95014639999999,0.15182161331176758
1778535587.4350162,2026-05-11T22:39:47.435019,5.13102,1.04689,5.371613527800001,27.8,112.67710028921869,21.96061529999999,0.19213390350341797
1778535587.4350388,2026-05-11T22:39:47.435039,5.13102,1.05743,5.4256944786000005,27.8,112.73135723400469,21.971189599999988,0.19213390350341797
1778535587.435046,2026-05-11T22:39:47.435046,5.13102,1.05743,5.4256944786000005,27.8,112.7856141787907,21.981763899999986,0.19213390350341797
1778535587.4350517,2026-05-11T22:39:47.435052,5.13102,1.0195,5.23107489,27.8,112.8379249276907,21.991958899999986,0.19213390350341797
1778535587.4749284,2026-05-11T22:39:47.474933,5.13102,1.01801,5.223429670200001,27.8,112.89015922439269,22.002138999999985,0.23203611373901367
1778535587.474973,2026-05-11T22:39:47.474974,5.13102,1.01552,5.2106534304,27.8,112.94226575869669,22.012294199999985,0.23203611373901367
1778535587.4749887,2026-05-11T22:39:47.474989,5.13106,1.01602,5.213259581199999,27.8,112.99439835450869,22.022454399999987,0.23203611373901367
1778535587.4750013,2026-05-11T22:39:47.475001,5.13106,1.02025,5.234963965,27.8,113.0467479941587,22.032656899999985,0.23203611373901367
1778535587.514709,2026-05-11T22:39:47.514712,5.13106,1.01577,5.2119768162,27.8,113.0988677623207,22.042814599999986,0.27182674407958984
1778535587.5147352,2026-05-11T22:39:47.514735,5.13106,1.02,5.2336811999999995,27.8,113.15120457432069,22.053014599999987,0.27182674407958984
1778535587.5147429,2026-05-11T22:39:47.514743,5.13106,1.02075,5.2375294949999995,27.8,113.20357986927068,22.063222099999987,0.27182674407958984
1778535587.5147495,2026-05-11T22:39:47.514749,5.13106,1.01626,5.214491035599999,27.8,113.25572477962669,22.073384699999988,0.27182674407958984
1778535587.5549517,2026-05-11T22:39:47.554954,5.13106,1.01303,5.197917711800001,27.8,113.30770395674469,22.083514999999988,0.3120691776275635
1778535587.5549731,2026-05-11T22:39:47.554973,5.13106,1.00655,5.164668443,27.8,113.35935064117469,22.093580499999987,0.3120691776275635
1778535587.5549798,2026-05-11T22:39:47.554980,5.13106,1.01826,5.224753155599999,27.8,113.41159817273069,22.103763099999988,0.3120691776275635
1778535587.5549858,2026-05-11T22:39:47.554985,5.13106,1.01651,5.2157738006,27.8,113.4637559107367,22.113928199999986,0.3120691776275635
1778535587.5953066,2026-05-11T22:39:47.595312,5.13106,1.02946,5.2822210276,27.8,113.5165781210127,22.124222799999988,0.35241150856018066
1778535587.595356,2026-05-11T22:39:47.595357,5.13106,1.05162,5.3959253172,27.8,113.5705373741847,22.13473899999999,0.35241150856018066
1778535587.5953753,2026-05-11T22:39:47.595376,5.13106,1.01004,5.1825758424,27.8,113.6223631326087,22.144839399999988,0.35241150856018066
1778535587.5953918,2026-05-11T22:39:47.595392,5.13106,1.01477,5.2068457562,27.8,113.6744315901707,22.15498709999999,0.35241150856018066
1778535587.6348224,2026-05-11T22:39:47.634825,5.13106,1.02498,5.2592338788,27.8,113.7270239289587,22.16523689999999,0.391937255859375
1778535587.6348488,2026-05-11T22:39:47.634849,5.13106,1.03121,5.2912003826,27.8,113.7799359327847,22.17554899999999,0.391937255859375
1778535587.6348577,2026-05-11T22:39:47.634858,5.13106,1.03444,5.3077737064,27.8,113.8330136698487,22.18589339999999,0.391937255859375
1778535587.6348662,2026-05-11T22:39:47.634866,5.13106,1.03021,5.2860693226,27.8,113.88587436307469,22.19619549999999,0.391937255859375
1778535587.674658,2026-05-11T22:39:47.674660,5.13106,1.01104,5.1877069023999995,27.8,113.9377514320987,22.20630589999999,0.4317789077758789
1778535587.6746728,2026-05-11T22:39:47.674673,5.13106,1.01452,5.2055629912,27.8,113.9898070620107,22.21645109999999,0.4317789077758789
1778535587.6746776,2026-05-11T22:39:47.674677,5.13102,1.03121,5.2911591342,27.8,114.0427186533527,22.22676319999999,0.4317789077758789
1778535587.6746812,2026-05-11T22:39:47.674681,5.13102,1.06109,5.444474011800001,27.8,114.0971633934707,22.23737409999999,0.4317789077758789
1778535587.714669,2026-05-11T22:39:47.714671,5.13102,1.02971,5.2834626041999995,27.8,114.1499980195127,22.24767119999999,0.471787691116333
1778535587.7146862,2026-05-11T22:39:47.714686,5.13102,1.02971,5.2834626041999995,27.8,114.2028326455547,22.257968299999987,0.471787691116333
1778535587.7146904,2026-05-11T22:39:47.714690,5.13102,1.01427,5.2042396554,27.8,114.2548750421087,22.268110999999987,0.471787691116333
1778535587.7146947,2026-05-11T22:39:47.714694,5.13102,1.021,5.23877142,27.8,114.30726275630869,22.278320999999988,0.471787691116333
1778535587.754707,2026-05-11T22:39:47.754709,5.13102,1.02299,5.248982149800001,27.8,114.35975257780669,22.288550899999986,0.511826753616333
1778535587.7547245,2026-05-11T22:39:47.754724,5.13102,1.02896,5.279614339200001,27.8,114.41254872119869,22.298840499999987,0.511826753616333
1778535587.754729,2026-05-11T22:39:47.754729,5.13102,1.02946,5.2821798492,27.8,114.4653705196907,22.30913509999999,0.511826753616333
1778535587.7547326,2026-05-11T22:39:47.754732,5.13102,1.01602,5.2132189404,27.8,114.5175027090947,22.31929529999999,0.511826753616333
1778535587.7946541,2026-05-11T22:39:47.794656,5.13102,1.01328,5.1991599456,27.8,114.5694943085507,22.32942809999999,0.5517745018005371
1778535587.7946692,2026-05-11T22:39:47.794669,5.13102,1.00929,5.1786871758,27.8,114.6212811803087,22.33952099999999,0.5517745018005371
1778535587.7946737,2026-05-11T22:39:47.794673,5.13102,1.0457,5.365507614000001,27.8,114.6749362564487,22.34997799999999,0.5517745018005371
1778535587.7946775,2026-05-11T22:39:47.794677,5.13102,1.01975,5.2323576450000004,27.8,114.7272598328987,22.36017549999999,0.5517745018005371
1778535587.8346088,2026-05-11T22:39:47.834611,5.13102,1.02921,5.2808970942,27.8,114.78006880384069,22.37046759999999,0.5917296409606934
1778535587.8346276,2026-05-11T22:39:47.834628,5.13102,1.01602,5.2132189404,27.8,114.8322009932447,22.380627799999992,0.5917296409606934
1778535587.8346329,2026-05-11T22:39:47.834633,5.13102,1.01751,5.2208641602,27.8,114.88440963484669,22.390802899999994,0.5917296409606934
1778535587.8346372,2026-05-11T22:39:47.834637,5.13102,1.00456,5.1544174512,27.8,114.9359538093587,22.400848499999995,0.5917296409606934
1778535587.8771162,2026-05-11T22:39:47.877118,5.13102,1.00481,5.155700206200001,27.8,114.98751081142069,22.410896599999994,0.6342353820800781
1778535587.8771338,2026-05-11T22:39:47.877134,5.13102,1.02896,5.279614339200001,27.8,115.04030695481269,22.421186199999994,0.6342353820800781
1778535587.877138,2026-05-11T22:39:47.877138,5.13094,1.07603,5.5210453682,27.8,115.09551740849469,22.431946499999995,0.6342353820800781
1778535587.877141,2026-05-11T22:39:47.877141,5.13094,1.02697,5.2693214518,27.8,115.14821062301269,22.442216199999994,0.6342353820800781
1778535587.915004,2026-05-11T22:39:47.915007,5.13094,1.02199,5.2437693706,27.8,115.20064831671868,22.452436099999993,0.6721200942993164
1778535587.9150283,2026-05-11T22:39:47.915028,5.13094,1.01776,5.2220654944,27.8,115.25286897166268,22.46261369999999,0.6721200942993164
1778535587.915039,2026-05-11T22:39:47.915039,5.13094,1.02324,5.250183045599999,27.8,115.30537080211867,22.47284609999999,0.6721200942993164
1778535587.9150476,2026-05-11T22:39:47.915048,5.13094,1.02921,5.2808147574,27.8,115.35817894969267,22.483138199999992,0.6721200942993164
1778535587.9554825,2026-05-11T22:39:47.955486,5.13094,1.04274,5.3502363756,27.8,115.41168131344867,22.493565599999993,0.7118139266967773
1778535587.9555173,2026-05-11T22:39:47.955519,5.13094,1.00431,5.1530543514,27.8,115.46321185696267,22.503608699999994,0.7118139266967773
1778535587.9555316,2026-05-11T22:39:47.955532,5.13094,1.01427,5.2041585137999995,27.8,115.51525344210067,22.513751399999993,0.7118139266967773
1778535587.9555418,2026-05-11T22:39:47.955542,5.13094,1.00207,5.1415610458,27.8,115.56666905255867,22.52377209999999,0.7118139266967773
1778535587.9947443,2026-05-11T22:39:47.994746,5.13094,1.00854,5.1747582276,27.8,115.61841663483466,22.533857499999993,0.7518627643585205
1778535587.9947612,2026-05-11T22:39:47.994761,5.13094,1.01477,5.2067239838,27.8,115.67048387467266,22.544005199999994,0.7518627643585205
1778535587.9947658,2026-05-11T22:39:47.994765,5.13094,1.05959,5.4366927146,27.8,115.72485080181866,22.554601099999992,0.7518627643585205
1778535587.9947693,2026-05-11T22:39:47.994769,5.13094,1.01651,5.2156518194,27.8,115.77700732001266,22.56476619999999,0.7518627643585205
1778535588.034838,2026-05-11T22:39:48.034840,5.13094,1.00854,5.1747582276,27.8,115.82875490228865,22.57485159999999,0.7919585704803467
1778535588.0348532,2026-05-11T22:39:48.034853,5.13094,1.02896,5.279532022400001,27.8,115.88155022251266,22.585141199999992,0.7919585704803467
1778535588.0348573,2026-05-11T22:39:48.034857,5.13094,1.01377,5.2015930438,27.8,115.93356615295066,22.595278899999993,0.7919585704803467
1778535588.034861,2026-05-11T22:39:48.034861,5.13094,1.02174,5.242486635600001,27.8,115.98599101930667,22.60549629999999,0.7919585704803467
1778535588.0750396,2026-05-11T22:39:48.075042,5.13094,1.02847,5.2770178618,27.8,116.03876119792467,22.61578099999999,0.832158088684082
1778535588.07506,2026-05-11T22:39:48.075060,5.13094,1.02598,5.264241821199999,27.8,116.09140361613667,22.62604079999999,0.832158088684082
1778535588.0750663,2026-05-11T22:39:48.075066,5.13098,1.03599,5.3156439702,27.8,116.14456005583867,22.636400699999992,0.832158088684082
1778535588.0750723,2026-05-11T22:39:48.075072,5.13098,1.04938,5.3843477924,27.8,116.19840353376267,22.64689449999999,0.832158088684082
1778535588.1153293,2026-05-11T22:39:48.115335,5.13098,1.04789,5.3767026322,27.8,116.25217056008468,22.65737339999999,0.8724346160888672
1778535588.1153808,2026-05-11T22:39:48.115381,5.13098,1.01104,5.1876260192,27.8,116.30404682027668,22.66748379999999,0.8724346160888672
1778535588.1153986,2026-05-11T22:39:48.115399,5.13098,1.03599,5.3156439702,27.8,116.35720325997868,22.67784369999999,0.8724346160888672
1778535588.1154146,2026-05-11T22:39:48.115415,5.13098,1.00979,5.1812122942,27.8,116.40901538292067,22.68794159999999,0.8724346160888672
1778535588.155331,2026-05-11T22:39:48.155336,5.13098,1.021,5.2387305799999995,27.8,116.46140268872067,22.698151599999992,0.9124364852905273
1778535588.15538,2026-05-11T22:39:48.155381,5.13098,1.00954,5.179929549200001,27.8,116.51320198421267,22.708246999999993,0.9124364852905273
1778535588.1553977,2026-05-11T22:39:48.155398,5.13098,1.00182,5.1403183835999995,27.8,116.56460516804867,22.718265199999994,0.9124364852905273
1778535588.1554127,2026-05-11T22:39:48.155413,5.13098,0.99684,5.1147661032,27.8,116.61575282908068,22.728233599999996,0.9124364852905273
1778535588.1949773,2026-05-11T22:39:48.194983,5.13098,1.01377,5.2016335946000005,27.8,116.66776916502668,22.738371299999997,0.9520809650421143
1778535588.195027,2026-05-11T22:39:48.195028,5.13098,1.00854,5.1747985692,27.8,116.71951715071869,22.7484567,0.9520809650421143
1778535588.195046,2026-05-11T22:39:48.195046,5.13098,1.03256,5.2980447088,27.8,116.77249759780669,22.7587823,0.9520809650421143
1778535588.1950612,2026-05-11T22:39:48.195061,5.13098,1.03256,5.2980447088,27.8,116.8254780448947,22.7691079,0.9520809650421143
1778535588.2345786,2026-05-11T22:39:48.234581,5.13098,1.00232,5.142883873600001,27.8,116.8769068836307,22.7791311,0.99169921875
1778535588.234594,2026-05-11T22:39:48.234594,5.13098,1.01377,5.2016335946000005,27.8,116.9289232195767,22.789268800000002,0.99169921875
1778535588.2345984,2026-05-11T22:39:48.234598,5.13098,1.03256,5.2980447088,27.8,116.9819036666647,22.799594400000004,0.99169921875
1778535588.234602,2026-05-11T22:39:48.234602,5.13098,1.03256,5.2980447088,27.8,117.03488411375271,22.809920000000005,0.99169921875
1778535588.2747054,2026-05-11T22:39:48.274708,5.13098,1.03256,5.2980447088,27.8,117.08786456084071,22.820245600000007,1.031825065612793
1778535588.274722,2026-05-11T22:39:48.274722,5.13098,1.03256,5.2980447088,27.8,117.14084500792872,22.83057120000001,1.031825065612793
1778535588.2747264,2026-05-11T22:39:48.274726,5.13098,1.019,5.228468619999999,27.8,117.19312969412871,22.84076120000001,1.031825065612793
1778535588.2747302,2026-05-11T22:39:48.274730,5.13098,1.00033,5.132673223399999,27.8,117.24445642636272,22.85076450000001,1.031825065612793
1778535588.314661,2026-05-11T22:39:48.314666,5.13098,1.02905,5.280034969,27.8,117.29725677605272,22.86105500000001,0.032076120376586914
1778535588.314694,2026-05-11T22:39:48.314694,5.13098,1.02905,5.280034969,27.8,117.35005712574272,22.87134550000001,0.032076120376586914
1778535588.3147023,2026-05-11T22:39:48.314702,5.13098,1.02905,5.280034969,27.8,117.40285747543273,22.88163600000001,0.032076120376586914
1778535588.3147092,2026-05-11T22:39:48.314709,5.13098,1.02905,5.280034969,27.8,117.45565782512273,22.89192650000001,0.032076120376586914
1778535588.3546076,2026-05-11T22:39:48.354609,5.13098,1.02905,5.280034969,27.8,117.50845817481273,22.90221700000001,0.07203102111816406
1778535588.3546221,2026-05-11T22:39:48.354622,5.13098,1.02905,5.280034969,27.8,117.56125852450273,22.91250750000001,0.07203102111816406
1778535588.354627,2026-05-11T22:39:48.354626,5.13098,1.02905,5.280034969,27.8,117.61405887419274,22.92279800000001,0.07203102111816406
1778535588.3546305,2026-05-11T22:39:48.354630,5.13098,1.02905,5.280034969,27.8,117.66685922388274,22.93308850000001,0.07203102111816406
1778535588.3948886,2026-05-11T22:39:48.394894,5.13098,1.02577,5.2632053546,27.8,117.71949127742874,22.94334620000001,0.11229920387268066
1778535588.3949323,2026-05-11T22:39:48.394933,5.13098,1.02577,5.2632053546,27.8,117.77212333097475,22.95360390000001,0.11229920387268066
1778535588.3949482,2026-05-11T22:39:48.394949,5.13098,1.02577,5.2632053546,27.8,117.82475538452076,22.963861600000012,0.11229920387268066
1778535588.3949625,2026-05-11T22:39:48.394962,5.13098,1.05237,5.3996894226,27.8,117.87875227874676,22.974385300000012,0.11229920387268066
1778535588.434826,2026-05-11T22:39:48.434831,5.13098,1.03668,5.3191843464,27.8,117.93194412221077,22.984752100000012,0.1522369384765625
1778535588.4348772,2026-05-11T22:39:48.434878,5.13098,1.02577,5.2632053546,27.8,117.98457617575677,22.995009800000012,0.1522369384765625
1778535588.4348938,2026-05-11T22:39:48.434894,5.13098,1.02577,5.2632053546,27.8,118.03720822930278,23.005267500000013,0.1522369384765625
1778535588.4349077,2026-05-11T22:39:48.434908,5.13098,1.00556,5.1595082488,27.8,118.08880331179078,23.015323100000014,0.1522369384765625
1778535588.4749088,2026-05-11T22:39:48.474913,5.13098,1.01128,5.1888574544,27.8,118.14069188633478,23.025435900000016,0.19232511520385742
1778535588.4749413,2026-05-11T22:39:48.474941,5.13098,1.00132,5.1377528936,27.8,118.19206941527078,23.035449100000015,0.19232511520385742
1778535588.474952,2026-05-11T22:39:48.474952,5.13098,0.99435,5.101989963,27.8,118.24308931490079,23.045392600000014,0.19232511520385742
1778535588.474961,2026-05-11T22:39:48.474961,5.13098,1.02328,5.2504292143999995,27.8,118.29559360704478,23.055625400000014,0.19232511520385742
1778535588.515086,2026-05-11T22:39:48.515088,5.13098,1.02328,5.2504292143999995,27.8,118.34809789918877,23.065858200000015,0.23250770568847656
1778535588.5151029,2026-05-11T22:39:48.515103,5.13098,1.05536,5.415031052800001,27.8,118.40224820971677,23.076411800000017,0.23250770568847656
1778535588.5151076,2026-05-11T22:39:48.515107,5.13098,1.03544,5.312821931199999,27.8,118.45537642902877,23.086766200000017,0.23250770568847656
1778535588.5151114,2026-05-11T22:39:48.515111,5.13098,1.02328,5.2504292143999995,27.8,118.50788072117277,23.096999000000018,0.23250770568847656
1778535588.5550754,2026-05-11T22:39:48.555077,5.13098,1.02328,5.2504292143999995,27.8,118.56038501331676,23.10723180000002,0.27249789237976074
1778535588.555093,2026-05-11T22:39:48.555093,5.13098,1.03718,5.3217498364,27.8,118.61360251168077,23.11760360000002,0.27249789237976074
1778535588.555098,2026-05-11T22:39:48.555098,5.13098,1.02328,5.2504292143999995,27.8,118.66610680382476,23.12783640000002,0.27249789237976074
1778535588.555102,2026-05-11T22:39:48.555102,5.13098,1.02328,5.2504292143999995,27.8,118.71861109596875,23.13806920000002,0.27249789237976074
1778535588.5950663,2026-05-11T22:39:48.595069,5.13102,1.02455,5.256986541000001,27.8,118.77118096137876,23.14831470000002,0.3124849796295166
1778535588.5950923,2026-05-11T22:39:48.595092,5.13102,1.02455,5.256986541000001,27.8,118.82375082678877,23.15856020000002,0.3124849796295166
1778535588.595101,2026-05-11T22:39:48.595101,5.13102,0.99784,5.1199369968,27.8,118.87495019675677,23.168538600000023,0.3124849796295166
1778535588.5951092,2026-05-11T22:39:48.595109,5.13102,1.02455,5.256986541000001,27.8,118.92752006216678,23.178784100000023,0.3124849796295166
1778535588.6347282,2026-05-11T22:39:48.634730,5.13102,1.03519,5.3115805938000005,27.8,118.98063586810478,23.189136000000023,0.35215139389038086
1778535588.6347442,2026-05-11T22:39:48.634744,5.13102,1.02455,5.256986541000001,27.8,119.03320573351479,23.199381500000023,0.35215139389038086
1778535588.6347487,2026-05-11T22:39:48.634748,5.13102,1.02455,5.256986541000001,27.8,119.0857755989248,23.209627000000022,0.35215139389038086
1778535588.6347525,2026-05-11T22:39:48.634752,5.13102,1.01178,5.1914634155999995,27.8,119.1376902330808,23.219744800000022,0.35215139389038086
1778535588.674715,2026-05-11T22:39:48.674717,5.13102,1.00033,5.1327132366,27.8,119.1890173654468,23.229748100000023,0.3921365737915039
1778535588.6747322,2026-05-11T22:39:48.674732,5.13102,1.02455,5.256986541000001,27.8,119.24158723085681,23.239993600000023,0.3921365737915039
1778535588.6747372,2026-05-11T22:39:48.674737,5.13106,1.02382,5.2532818491999995,27.8,119.2941200493488,23.250231800000023,0.3921365737915039
1778535588.6747408,2026-05-11T22:39:48.674741,5.13106,1.02382,5.2532818491999995,27.8,119.3466528678408,23.260470000000023,0.3921365737915039
1778535588.7146654,2026-05-11T22:39:48.714668,5.13106,1.02382,5.2532818491999995,27.8,119.3991856863328,23.270708200000023,0.4320869445800781
1778535588.7146833,2026-05-11T22:39:48.714683,5.13106,1.01328,5.1992004768,27.8,119.4511776911008,23.280841000000024,0.4320869445800781
1778535588.7146883,2026-05-11T22:39:48.714688,5.13106,1.05461,5.4112671866,27.8,119.50529036296679,23.291387100000023,0.4320869445800781
1778535588.7146919,2026-05-11T22:39:48.714692,5.13106,1.02382,5.2532818491999995,27.8,119.55782318145879,23.301625300000023,0.4320869445800781
1778535588.754765,2026-05-11T22:39:48.754767,5.13106,1.02382,5.2532818491999995,27.8,119.61035599995078,23.311863500000022,0.4721865653991699
1778535588.7547822,2026-05-11T22:39:48.754782,5.13106,1.02382,5.2532818491999995,27.8,119.66288881844278,23.322101700000022,0.4721865653991699
1778535588.7547865,2026-05-11T22:39:48.754786,5.13106,1.02382,5.2532818491999995,27.8,119.71542163693478,23.332339900000022,0.4721865653991699
1778535588.75479,2026-05-11T22:39:48.754790,5.13106,1.02382,5.2532818491999995,27.8,119.76795445542677,23.342578100000022,0.4721865653991699
1778535588.7948813,2026-05-11T22:39:48.794883,5.13106,1.02353,5.2517938418,27.8,119.82047239384478,23.352813400000024,0.5123050212860107
1778535588.7948964,2026-05-11T22:39:48.794896,5.13106,1.02353,5.2517938418,27.8,119.87299033226279,23.363048700000025,0.5123050212860107
1778535588.7949007,2026-05-11T22:39:48.794900,5.13106,1.01178,5.1915038868,27.8,119.92490537113079,23.373166500000025,0.5123050212860107
1778535588.7949045,2026-05-11T22:39:48.794904,5.13106,1.02353,5.2517938418,27.8,119.9774233095488,23.383401800000026,0.5123050212860107
1778535588.8350296,2026-05-11T22:39:48.835032,5.13106,1.06059,5.4419509254,27.8,120.0318428188028,23.394007700000028,0.552448034286499
1778535588.8350546,2026-05-11T22:39:48.835055,5.13106,1.02353,5.2517938418,27.8,120.08436075722081,23.40424300000003,0.552448034286499
1778535588.8350637,2026-05-11T22:39:48.835064,5.13106,1.02353,5.2517938418,27.8,120.13687869563881,23.41447830000003,0.552448034286499
1778535588.8350716,2026-05-11T22:39:48.835071,5.13106,1.01153,5.1902211218,27.8,120.18878090685682,23.42459360000003,0.552448034286499
1778535588.8751097,2026-05-11T22:39:48.875115,5.13106,1.00008,5.1314704848,27.8,120.24009561170482,23.43459440000003,0.5925204753875732
1778535588.8751533,2026-05-11T22:39:48.875155,5.13106,1.02353,5.2517938418,27.8,120.29261355012282,23.44482970000003,0.5925204753875732
1778535588.8751705,2026-05-11T22:39:48.875171,5.1311,1.02294,5.248807434,27.8,120.34510162446283,23.45505910000003,0.5925204753875732
1778535588.875184,2026-05-11T22:39:48.875184,5.1311,1.02294,5.248807434,27.8,120.39758969880283,23.46528850000003,0.5925204753875732
1778535588.9152727,2026-05-11T22:39:48.915278,5.1311,1.02294,5.248807434,27.8,120.45007777314284,23.475517900000032,0.632683515548706
1778535588.915317,2026-05-11T22:39:48.915317,5.1311,0.99933,5.127662163,27.8,120.50135439477283,23.485511200000033,0.632683515548706
1778535588.9153326,2026-05-11T22:39:48.915333,5.1311,1.04216,5.347427176,27.8,120.55482866653283,23.495932800000034,0.632683515548706
1778535588.9153461,2026-05-11T22:39:48.915346,5.1311,1.02294,5.248807434,27.8,120.60731674087283,23.506162200000034,0.632683515548706
1778535588.955194,2026-05-11T22:39:48.955200,5.1311,1.02294,5.248807434,27.8,120.65980481521284,23.516391600000034,0.6726019382476807
1778535588.9552433,2026-05-11T22:39:48.955244,5.1311,1.02294,5.248807434,27.8,120.71229288955284,23.526621000000034,0.6726019382476807
1778535588.9552612,2026-05-11T22:39:48.955261,5.1311,1.02294,5.248807434,27.8,120.76478096389285,23.536850400000034,0.6726019382476807
1778535588.9552772,2026-05-11T22:39:48.955277,5.1311,0.99833,5.122531063,27.8,120.81600627452285,23.546833700000033,0.6726019382476807
1778535588.9953456,2026-05-11T22:39:48.995352,5.13114,0.99983,5.130267706200001,27.8,120.86730895158485,23.556832000000032,0.7127532958984375
1778535588.995396,2026-05-11T22:39:48.995397,5.13114,1.02291,5.2486944174,27.8,120.91979589575885,23.567061100000032,0.7127532958984375
1778535588.995414,2026-05-11T22:39:48.995414,5.13114,1.0449,5.361528186,27.8,120.97341117761886,23.577510100000033,0.7127532958984375
1778535588.9954293,2026-05-11T22:39:48.995430,5.13114,1.02291,5.2486944174,27.8,121.02589812179286,23.587739200000033,0.7127532958984375
1778535589.0346935,2026-05-11T22:39:49.034695,5.13114,1.03743,5.323198570200001,27.8,121.07913010749486,23.598113500000032,0.7521171569824219
1778535589.0347083,2026-05-11T22:39:49.034708,5.13114,1.02291,5.2486944174,27.8,121.13161705166887,23.608342600000032,0.7521171569824219
1778535589.0347123,2026-05-11T22:39:49.034712,5.13114,1.00705,5.167314537,27.8,121.18329019703887,23.618413100000033,0.7521171569824219
1778535589.034716,2026-05-11T22:39:49.034716,5.13114,1.02291,5.2486944174,27.8,121.23577714121288,23.628642200000034,0.7521171569824219
1778535589.0750825,2026-05-11T22:39:49.075085,5.13114,1.02291,5.2486944174,27.8,121.28826408538688,23.638871300000034,0.792504072189331
1778535589.0751019,2026-05-11T22:39:49.075102,5.13114,1.02291,5.2486944174,27.8,121.34075102956089,23.649100400000034,0.792504072189331
1778535589.0751069,2026-05-11T22:39:49.075107,5.13106,1.07254,5.5032670924,27.8,121.3957837004849,23.659825800000032,0.792504072189331
1778535589.0751116,2026-05-11T22:39:49.075111,5.13106,1.02275,5.247791615,27.8,121.4482616166349,23.67005330000003,0.792504072189331
1778535589.1148932,2026-05-11T22:39:49.114897,5.13106,1.01029,5.1838586073999995,27.8,121.5001002027089,23.68015620000003,0.8323092460632324
1778535589.1149244,2026-05-11T22:39:49.114925,5.13106,1.02275,5.247791615,27.8,121.55257811885889,23.69038370000003,0.8323092460632324
1778535589.1149359,2026-05-11T22:39:49.114936,5.13106,1.02275,5.247791615,27.8,121.60505603500889,23.70061120000003,0.8323092460632324
1778535589.114945,2026-05-11T22:39:49.114945,5.13106,1.02275,5.247791615,27.8,121.65753395115888,23.71083870000003,0.8323092460632324
1778535589.1553323,2026-05-11T22:39:49.155338,5.13106,1.02275,5.247791615,27.8,121.71001186730888,23.721066200000028,0.8727407455444336
1778535589.1553814,2026-05-11T22:39:49.155382,5.13106,1.02275,5.247791615,27.8,121.76248978345888,23.731293700000027,0.8727407455444336
1778535589.1553996,2026-05-11T22:39:49.155400,5.13106,1.00854,5.174879252399999,27.8,121.81423857598287,23.741379100000028,0.8727407455444336
1778535589.1554153,2026-05-11T22:39:49.155415,5.13106,1.00854,5.174879252399999,27.8,121.86598736850686,23.75146450000003,0.8727407455444336
1778535589.1950686,2026-05-11T22:39:49.195075,5.13102,1.02264,5.2471862928,27.8,121.91845923143487,23.76169090000003,0.9124770164489746
1778535589.1951232,2026-05-11T22:39:49.195124,5.13102,1.02264,5.2471862928,27.8,121.97093109436287,23.77191730000003,0.9124770164489746
1778535589.195141,2026-05-11T22:39:49.195141,5.13102,1.02264,5.2471862928,27.8,122.02340295729087,23.78214370000003,0.9124770164489746
1778535589.1951604,2026-05-11T22:39:49.195161,5.13102,1.02264,5.2471862928,27.8,122.07587482021887,23.79237010000003,0.9124770164489746
1778535589.2347336,2026-05-11T22:39:49.234735,5.13102,1.0073,5.168476446000001,27.8,122.12755958467888,23.80244310000003,0.9521570205688477
1778535589.2347481,2026-05-11T22:39:49.234748,5.13102,1.02264,5.2471862928,27.8,122.18003144760688,23.81266950000003,0.9521570205688477
1778535589.2347524,2026-05-11T22:39:49.234752,5.13102,1.02264,5.2471862928,27.8,122.23250331053488,23.82289590000003,0.9521570205688477
1778535589.2347567,2026-05-11T22:39:49.234756,5.13102,1.02264,5.2471862928,27.8,122.28497517346288,23.83312230000003,0.9521570205688477
1778535589.274828,2026-05-11T22:39:49.274830,5.13102,1.02264,5.2471862928,27.8,122.33744703639088,23.843348700000032,0.9922516345977783
1778535589.2748437,2026-05-11T22:39:49.274844,5.13102,1.02264,5.2471862928,27.8,122.38991889931889,23.853575100000032,0.9922516345977783
1778535589.2748485,2026-05-11T22:39:49.274848,5.13102,1.00381,5.150569186200001,27.8,122.44142459118089,23.86361320000003,0.9922516345977783
1778535589.2748525,2026-05-11T22:39:49.274852,5.13102,1.02266,5.2472889132,27.8,122.4938974803129,23.87383980000003,0.9922516345977783
1778535589.3148298,2026-05-11T22:39:49.314834,5.13102,1.02266,5.2472889132,27.8,122.5463703694449,23.88406640000003,1.0322332382202148
1778535589.3148751,2026-05-11T22:39:49.314876,5.13102,1.02266,5.2472889132,27.8,122.5988432585769,23.89429300000003,1.0322332382202148
1778535589.3148968,2026-05-11T22:39:49.314897,5.13102,1.02266,5.2472889132,27.8,122.65131614770891,23.90451960000003,1.0322332382202148
1778535589.3149154,2026-05-11T22:39:49.314916,5.13102,1.06134,5.4457567668,27.8,122.7057737153769,23.91513300000003,1.0322332382202148
1778535589.3552296,2026-05-11T22:39:49.355235,5.13102,1.00257,5.1442067214,27.8,122.7572157825909,23.92515870000003,0.03218960762023926
1778535589.3552797,2026-05-11T22:39:49.355280,5.13102,1.01054,5.185100950800001,27.8,122.8090667920989,23.93526410000003,0.03218960762023926
1778535589.3552978,2026-05-11T22:39:49.355298,5.13102,1.02266,5.2472889132,27.8,122.86153968123091,23.94549070000003,0.03218960762023926
1778535589.3553128,2026-05-11T22:39:49.355313,5.13102,1.02266,5.2472889132,27.8,122.91401257036291,23.95571730000003,0.03218960762023926
1778535589.3950882,2026-05-11T22:39:49.395090,5.13102,1.02226,5.2452365052,27.8,122.96646493541492,23.965939900000027,0.07206153869628906
1778535589.3951054,2026-05-11T22:39:49.395106,5.13102,1.02226,5.2452365052,27.8,123.01891730046692,23.976162500000026,0.07206153869628906
1778535589.3951101,2026-05-11T22:39:49.395110,5.13102,1.00431,5.1531346962,27.8,123.07044864742892,23.986205600000027,0.07206153869628906
1778535589.395114,2026-05-11T22:39:49.395114,5.13102,1.00556,5.159548471200001,27.8,123.12204413214091,23.996261200000028,0.07206153869628906
1778535589.434899,2026-05-11T22:39:49.434902,5.13102,1.06507,5.4648954714,27.8,123.17669308685491,24.006911900000027,0.11187124252319336
1778535589.434923,2026-05-11T22:39:49.434923,5.13102,1.04889,5.381875567800001,27.8,123.2305118425329,24.017400800000026,0.11187124252319336
1778535589.4349308,2026-05-11T22:39:49.434930,5.13102,1.06532,5.4661782264,27.8,123.28517362479691,24.028054000000026,0.11187124252319336
1778535589.4349372,2026-05-11T22:39:49.434937,5.13102,1.02226,5.2452365052,27.8,123.33762598984892,24.038276600000025,0.11187124252319336
1778535589.4752665,2026-05-11T22:39:49.475273,5.13102,1.00581,5.160831226200001,27.8,123.38923430211092,24.048334700000023,0.15222597122192383
1778535589.4753165,2026-05-11T22:39:49.475317,5.13102,0.99883,5.1250167066,27.8,123.44048446917692,24.058323000000023,0.15222597122192383
1778535589.475335,2026-05-11T22:39:49.475335,5.13102,1.02243,5.2461087786,27.8,123.49294555696292,24.068547300000024,0.15222597122192383
1778535589.47535,2026-05-11T22:39:49.475350,5.13102,1.02243,5.2461087786,27.8,123.54540664474892,24.078771600000024,0.15222597122192383
1778535589.5153334,2026-05-11T22:39:49.515339,5.13102,1.02243,5.2461087786,27.8,123.59786773253492,24.088995900000025,0.1922931671142578
1778535589.5153825,2026-05-11T22:39:49.515383,5.13102,1.02243,5.2461087786,27.8,123.65032882032092,24.099220200000026,0.1922931671142578
1778535589.5154002,2026-05-11T22:39:49.515400,5.13102,1.02243,5.2461087786,27.8,123.70278990810692,24.109444500000027,0.1922931671142578
1778535589.5154157,2026-05-11T22:39:49.515416,5.13102,1.01128,5.1888979056,27.8,123.75467888716292,24.11955730000003,0.1922931671142578
1778535589.5550869,2026-05-11T22:39:49.555089,5.13102,1.05437,5.409993557400001,27.8,123.80877882273693,24.130101000000028,0.23205995559692383
1778535589.5551043,2026-05-11T22:39:49.555104,5.11767,1.05461,5.3971459587,27.8,123.86275028232393,24.140647100000027,0.23205995559692383
1778535589.5551085,2026-05-11T22:39:49.555108,5.13102,1.0703,5.491730706,27.8,123.91766758938392,24.151350100000027,0.23205995559692383
1778535589.5551124,2026-05-11T22:39:49.555112,5.13102,1.05188,5.3972173176,27.8,123.97163976255993,24.161868900000027,0.23205995559692383
1778535589.5950594,2026-05-11T22:39:49.595062,5.13086,1.06881,5.483914476600001,27.8,124.02647890732594,24.172557000000026,0.2720322608947754
1778535589.5950794,2026-05-11T22:39:49.595079,5.13086,1.06657,5.4724213502,27.8,124.08120312082794,24.183222700000027,0.2720322608947754
1778535589.5950854,2026-05-11T22:39:49.595085,5.13086,1.06258,5.4519492188,27.8,124.13572261301594,24.193848500000026,0.2720322608947754
1778535589.5950904,2026-05-11T22:39:49.595090,5.13086,1.04914,5.3829904604,27.8,124.18955251761994,24.204339900000026,0.2720322608947754
1778535589.6348853,2026-05-11T22:39:49.634890,5.13086,1.08599,5.5720626514000005,27.8,124.24527314413395,24.215199800000025,0.31184887886047363
1778535589.6349273,2026-05-11T22:39:49.634928,5.13086,1.06458,5.4622109388,27.8,124.29989525352195,24.225845600000024,0.31184887886047363
1778535589.6349423,2026-05-11T22:39:49.634942,5.13086,1.05536,5.414904409600001,27.8,124.35404429761795,24.236399200000026,0.31184887886047363
1778535589.634955,2026-05-11T22:39:49.634955,5.13086,1.07902,5.536300557200001,27.8,124.40940730318995,24.247189400000025,0.31184887886047363
1778535589.674635,2026-05-11T22:39:49.674637,5.13086,1.05486,5.412338979599999,27.8,124.46353069298596,24.257738000000025,0.3516051769256592
1778535589.6746604,2026-05-11T22:39:49.674660,5.13086,1.05636,5.4200352696,27.8,124.51773104568196,24.268301600000026,0.3516051769256592
1778535589.6746686,2026-05-11T22:39:49.674669,5.13082,1.07429,5.5119886178,27.8,124.57285093185996,24.279044500000026,0.3516051769256592
1778535589.6746783,2026-05-11T22:39:49.674678,5.13082,1.06931,5.4864371342,27.8,124.62771530320197,24.289737600000027,0.3516051769256592
1778535589.7146618,2026-05-11T22:39:49.714664,5.13082,1.0708,5.494082056,27.8,124.68265612376197,24.300445600000028,0.3916327953338623
1778535589.7146864,2026-05-11T22:39:49.714687,5.13082,1.05088,5.3918761216,27.8,124.73657488497797,24.31095440000003,0.3916327953338623
1778535589.7146978,2026-05-11T22:39:49.714698,5.13082,1.05212,5.3982383384,27.8,124.79055726836197,24.321475600000028,0.3916327953338623
1778535589.7147083,2026-05-11T22:39:49.714708,5.13082,1.07528,5.5170681296,27.8,124.84572794965797,24.332228400000027,0.3916327953338623
1778535589.7545736,2026-05-11T22:39:49.754575,5.13082,1.07902,5.536257396400001,27.8,124.90109052362197,24.343018600000025,0.4315485954284668
1778535589.7545917,2026-05-11T22:39:49.754592,5.13082,1.07304,5.5055750928,27.8,124.95614627454998,24.353749000000025,0.4315485954284668
1778535589.7545981,2026-05-11T22:39:49.754598,5.13082,1.06707,5.4749440974,27.8,125.01089571552399,24.364419700000024,0.4315485954284668
1778535589.754605,2026-05-11T22:39:49.754605,5.13082,1.01701,5.2180952482,27.8,125.06307666800599,24.374589800000024,0.4315485954284668
1778535589.7950804,2026-05-11T22:39:49.795087,5.13078,1.05312,5.4033270336,27.8,125.117109938342,24.385121000000023,0.47203898429870605
1778535589.795132,2026-05-11T22:39:49.795133,5.13078,1.06806,5.4799808868,27.8,125.17190974721,24.395801600000024,0.47203898429870605
1778535589.7951484,2026-05-11T22:39:49.795149,5.13078,1.07503,5.515742423399999,27.8,125.22706717144399,24.406551900000025,0.47203898429870605
1778535589.7951622,2026-05-11T22:39:49.795162,5.13078,1.06632,5.471053329599999,27.8,125.28177770474,24.417215100000025,0.47203898429870605
1778535589.834645,2026-05-11T22:39:49.834647,5.13078,1.06881,5.4838289717999995,27.8,125.336615994458,24.427903200000024,0.5116186141967773
1778535589.834662,2026-05-11T22:39:49.834662,5.13078,1.05636,5.419950760799999,27.8,125.390815502066,24.438466800000025,0.5116186141967773
1778535589.8346665,2026-05-11T22:39:49.834666,5.13078,1.05013,5.3879860014,27.8,125.44469536208001,24.448968100000027,0.5116186141967773
1778535589.8346708,2026-05-11T22:39:49.834671,5.13078,1.07205,5.500452698999999,27.8,125.49969988907002,24.459688600000028,0.5116186141967773
1778535589.8748684,2026-05-11T22:39:49.874874,5.13078,1.06781,5.4786981917999995,27.8,125.55448687098801,24.470366700000028,0.5518310070037842
1778535589.8749115,2026-05-11T22:39:49.874912,5.13078,1.06806,5.4799808868,27.8,125.60928667985601,24.48104730000003,0.5518310070037842
1778535589.8749278,2026-05-11T22:39:49.874928,5.13075,1.03527,5.311711552499999,27.8,125.66240379538101,24.491400000000027,0.5518310070037842
1778535589.8749413,2026-05-11T22:39:49.874942,5.13075,1.07479,5.514478792499999,27.8,125.71754858330601,24.502147900000026,0.5518310070037842
1778535589.9150321,2026-05-11T22:39:49.915037,5.13075,1.03527,5.311711552499999,27.8,125.77066569883101,24.512500600000024,0.5919945240020752
1778535589.915075,2026-05-11T22:39:49.915076,5.13075,1.05511,5.4135056325,27.8,125.824800755156,24.523051700000025,0.5919945240020752
1778535589.915091,2026-05-11T22:39:49.915091,5.13075,1.05337,5.4045781275,27.8,125.878846536431,24.533585400000025,0.5919945240020752
1778535589.9151027,2026-05-11T22:39:49.915103,5.13075,1.05536,5.41478832,27.8,125.932994419631,24.544139000000026,0.5919945240020752
1778535589.9552243,2026-05-11T22:39:49.955230,5.13075,1.06358,5.456963085,27.8,125.987564050481,24.554774800000025,0.6321866512298584
1778535589.9552677,2026-05-11T22:39:49.955268,5.13075,1.20677,6.191635177499999,27.8,126.049480402256,24.566842500000025,0.6321866512298584
1778535589.955283,2026-05-11T22:39:49.955283,5.13075,1.06308,5.45439771,27.8,126.10402437935599,24.577473300000026,0.6321866512298584
1778535589.9552965,2026-05-11T22:39:49.955296,5.13075,1.06931,5.4863622825,27.8,126.15888800218099,24.588166400000027,0.6321866512298584
1778535589.995026,2026-05-11T22:39:49.995032,5.13075,1.0698,5.48887635,27.8,126.21377676568099,24.59886440000003,0.6719863414764404
1778535589.9950752,2026-05-11T22:39:49.995076,5.13075,1.06831,5.481231532500001,27.8,126.26858908100598,24.60954750000003,0.6719863414764404
1778535589.9950936,2026-05-11T22:39:49.995094,5.13075,1.07603,5.5208409225,27.8,126.32379749023099,24.62030780000003,0.6719863414764404
1778535589.9951093,2026-05-11T22:39:49.995110,5.13075,1.07977,5.540029927499999,27.8,126.37919778950598,24.631105500000032,0.6719863414764404
1778535590.0350683,2026-05-11T22:39:50.035071,5.13075,1.06009,5.4390567674999994,27.8,126.43358835718098,24.641706400000032,0.7120416164398193
1778535590.0350876,2026-05-11T22:39:50.035088,5.13075,1.05835,5.4301292624999995,27.8,126.48788964980598,24.65228990000003,0.7120416164398193
1778535590.0350933,2026-05-11T22:39:50.035093,5.13075,1.07653,5.5234062975,27.8,126.54312371278098,24.66305520000003,0.7120416164398193
1778535590.0350971,2026-05-11T22:39:50.035097,5.13075,1.06632,5.471021339999999,27.8,126.59783392618098,24.67371840000003,0.7120416164398193
1778535590.074976,2026-05-11T22:39:50.074978,5.13075,1.06607,5.4697386525,27.8,126.65253131270599,24.68437910000003,0.7519505023956299
1778535590.0749917,2026-05-11T22:39:50.074991,5.13075,1.05312,5.40329544,27.8,126.70656426710599,24.69491030000003,0.7519505023956299
1778535590.0749965,2026-05-11T22:39:50.074996,5.13075,1.04371,5.3550150825,27.8,126.76011441793099,24.70534740000003,0.7519505023956299
1778535590.0750003,2026-05-11T22:39:50.075000,5.13075,1.06109,5.4441875175000005,27.8,126.814556293106,24.71595830000003,0.7519505023956299
1778535590.115097,2026-05-11T22:39:50.115101,5.13075,1.04371,5.3550150825,27.8,126.868106443931,24.72639540000003,0.7920653820037842
1778535590.1151276,2026-05-11T22:39:50.115128,5.13075,1.0327,5.298525525,27.8,126.92109169918099,24.73672240000003,0.7920653820037842
1778535590.1151385,2026-05-11T22:39:50.115139,5.13075,1.06707,5.4748694024999995,27.8,126.97584039320598,24.74739310000003,0.7920653820037842
1778535590.1151485,2026-05-11T22:39:50.115148,5.13075,1.0586,5.43141195,27.8,127.03015451270599,24.75797910000003,0.7920653820037842
1778535590.155168,2026-05-11T22:39:50.155173,5.13075,1.06507,5.4646079025,27.8,127.084800591731,24.768629800000028,0.832129716873169
1778535590.1552124,2026-05-11T22:39:50.155213,5.13075,1.05785,5.4275638875,27.8,127.139076230606,24.77920830000003,0.832129716873169
1778535590.1552286,2026-05-11T22:39:50.155229,5.13075,1.05412,5.408426189999999,27.8,127.193160492506,24.789749500000028,0.832129716873169
1778535590.1552424,2026-05-11T22:39:50.155243,5.13075,1.06731,5.4761007825,27.8,127.24792150033099,24.80042260000003,0.832129716873169
1778535590.1950076,2026-05-11T22:39:50.195013,5.13082,1.07553,5.5183508346000005,27.8,127.303105008677,24.81117790000003,0.8719661235809326
1778535590.19506,2026-05-11T22:39:50.195061,5.13082,1.06707,5.4749440974,27.8,127.357854449651,24.821848600000028,0.8719661235809326
1778535590.1950793,2026-05-11T22:39:50.195080,5.13082,1.06707,5.4749440974,27.8,127.41260389062501,24.832519300000026,0.8719661235809326
1778535590.1950963,2026-05-11T22:39:50.195096,5.13082,1.07802,5.5311265764,27.8,127.46791515638901,24.843299500000025,0.8719661235809326
1778535590.234685,2026-05-11T22:39:50.234688,5.13082,1.04711,5.3725329302,27.8,127.52164048569101,24.853770600000026,0.9116573333740234
1778535590.2347074,2026-05-11T22:39:50.234707,5.13082,1.07279,5.5042923878,27.8,127.57668340956901,24.864498500000025,0.9116573333740234
1778535590.2347121,2026-05-11T22:39:50.234712,5.13082,1.06931,5.4864371342,27.8,127.63154778091102,24.875191600000026,0.9116573333740234
1778535590.234716,2026-05-11T22:39:50.234715,5.13082,1.04711,5.3725329302,27.8,127.68527311021302,24.885662700000026,0.9116573333740234
1778535590.274599,2026-05-11T22:39:50.274601,5.13082,1.04711,5.3725329302,27.8,127.73899843951502,24.896133800000026,0.9515726566314697
1778535590.2746165,2026-05-11T22:39:50.274616,5.13082,1.04711,5.3725329302,27.8,127.79272376881701,24.906604900000026,0.9515726566314697
1778535590.2746208,2026-05-11T22:39:50.274620,5.13086,1.03818,5.3267562348,27.8,127.84599133116501,24.916986700000027,0.9515726566314697
1778535590.2746243,2026-05-11T22:39:50.274624,5.13086,1.05138,5.3944835868,27.8,127.899936167033,24.927500500000026,0.9515726566314697
1778535590.3146186,2026-05-11T22:39:50.314621,5.13086,1.1216,5.754772576,27.8,127.95748389279301,24.938716500000027,0.9915904998779297
1778535590.314645,2026-05-11T22:39:50.314645,5.13086,1.06956,5.487762621600001,27.8,128.012361519009,24.949412100000025,0.9915904998779297
1778535590.3146555,2026-05-11T22:39:50.314655,5.13086,1.07205,5.500538463,27.8,128.067366903639,24.960132600000026,0.9915904998779297
1778535590.3146646,2026-05-11T22:39:50.314665,5.13086,1.05138,5.3944835868,27.8,128.121311739507,24.970646400000025,0.9915904998779297
1778535590.3545809,2026-05-11T22:39:50.354583,5.13086,1.05138,5.3944835868,27.8,128.17525657537502,24.981160200000023,1.0315558910369873
1778535590.3545957,2026-05-11T22:39:50.354595,5.13086,1.07429,5.5120315894,27.9,128.230376891269,24.991903100000023,1.0315558910369873
1778535590.3546002,2026-05-11T22:39:50.354600,5.13086,1.08026,5.542662823600001,27.8,128.285803519505,25.002705700000025,1.0315558910369873
1778535590.3546038,2026-05-11T22:39:50.354603,5.13086,1.07055,5.492842173,27.8,128.34073194123502,25.013411200000025,1.0315558910369873
1778535590.3948996,2026-05-11T22:39:50.394905,5.13082,1.06956,5.4877198392,27.8,128.39560913962703,25.024106800000023,0.03206920623779297
1778535590.3949435,2026-05-11T22:39:50.394944,5.13082,1.05617,5.4190181594,27.8,128.44979932122104,25.034668500000024,0.03206920623779297
1778535590.3949592,2026-05-11T22:39:50.394959,5.13082,1.05617,5.4190181594,27.8,128.50398950281505,25.045230200000024,0.03206920623779297
1778535590.3949733,2026-05-11T22:39:50.394973,5.13082,1.05617,5.4190181594,27.8,128.55817968440905,25.055791900000024,0.03206920623779297
1778535590.434872,2026-05-11T22:39:50.434877,5.13082,1.05617,5.4190181594,27.8,128.61236986600306,25.066353600000024,0.07204246520996094
1778535590.4349134,2026-05-11T22:39:50.434915,5.13082,1.05617,5.4190181594,27.8,128.66656004759707,25.076915300000024,0.07204246520996094
1778535590.4349294,2026-05-11T22:39:50.434929,5.13082,1.05617,5.4190181594,27.8,128.72075022919108,25.087477000000025,0.07204246520996094
1778535590.434943,2026-05-11T22:39:50.434943,5.13082,1.07329,5.5068577978,27.8,128.7758188071691,25.098209900000025,0.07204246520996094
1778535590.4750361,2026-05-11T22:39:50.475041,5.13082,1.05617,5.4190181594,27.8,128.8300089887631,25.108771600000026,0.11220526695251465
1778535590.4750803,2026-05-11T22:39:50.475081,5.13082,1.05617,5.4190181594,27.8,128.8841991703571,25.119333300000026,0.11220526695251465
1778535590.4750957,2026-05-11T22:39:50.475096,5.13086,1.07479,5.5145970194,27.8,128.9393451405511,25.130081200000024,0.11220526695251465
1778535590.47511,2026-05-11T22:39:50.475110,5.13086,1.07454,5.513314304400001,27.8,128.9944782835951,25.140826600000025,0.11220526695251465
1778535590.5155108,2026-05-11T22:39:50.515517,5.13086,1.07304,5.5056180144,27.8,129.0495344637391,25.151557000000025,0.1526782512664795
1778535590.5155592,2026-05-11T22:39:50.515560,5.13086,1.07528,5.5171111408,27.8,129.10470557514708,25.162309800000024,0.1526782512664795
1778535590.5155783,2026-05-11T22:39:50.515579,5.13086,1.05953,5.436300095800001,27.8,129.15906857610508,25.172905100000023,0.1526782512664795
1778535590.515594,2026-05-11T22:39:50.515594,5.13086,1.0327,5.298639122,27.8,129.2120549673251,25.183232100000023,0.1526782512664795
1778535590.5553286,2026-05-11T22:39:50.555335,5.13086,1.05953,5.436300095800001,27.8,129.2664179682831,25.19382740000002,0.19249558448791504
1778535590.5553775,2026-05-11T22:39:50.555378,5.13086,1.04839,5.3791423154,27.8,129.3202093914371,25.204311300000022,0.19249558448791504
1778535590.5553954,2026-05-11T22:39:50.555396,5.13086,1.05953,5.436300095800001,27.8,129.3745723923951,25.21490660000002,0.19249558448791504
1778535590.5554106,2026-05-11T22:39:50.555411,5.13086,1.05953,5.436300095800001,27.8,129.4289353933531,25.22550190000002,0.19249558448791504
1778535590.5950716,2026-05-11T22:39:50.595074,5.1309,1.03594,5.315304546,27.8,129.4820884388131,25.235861300000018,0.2322523593902588
1778535590.5950902,2026-05-11T22:39:50.595090,5.1309,1.04067,5.339573702999999,27.8,129.5354841758431,25.24626800000002,0.2322523593902588
1778535590.5950954,2026-05-11T22:39:50.595095,5.1309,1.06282,5.453223138,27.8,129.5900164072231,25.256896200000018,0.2322523593902588
1778535590.5950997,2026-05-11T22:39:50.595099,5.1309,1.06282,5.453223138,27.8,129.64454863860308,25.267524400000017,0.2322523593902588
1778535590.635194,2026-05-11T22:39:50.635199,5.1309,1.08251,5.554250559,27.8,129.7000911441931,25.27834950000002,0.2723662853240967
1778535590.635234,2026-05-11T22:39:50.635234,5.1309,1.06282,5.453223138,27.8,129.7546233755731,25.288977700000018,0.2723662853240967
1778535590.6352484,2026-05-11T22:39:50.635249,5.1309,1.0449,5.36127741,27.8,129.8082361496731,25.29942670000002,0.2723662853240967
1778535590.6352603,2026-05-11T22:39:50.635261,5.1309,1.06282,5.453223138,27.8,129.8627683810531,25.31005490000002,0.2723662853240967
1778535590.6751022,2026-05-11T22:39:50.675104,5.1309,1.06282,5.453223138,27.8,129.91730061243308,25.320683100000018,0.3122837543487549
1778535590.67512,2026-05-11T22:39:50.675120,5.1309,1.06282,5.453223138,27.8,129.97183284381308,25.331311300000017,0.3122837543487549
1778535590.6751244,2026-05-11T22:39:50.675124,5.1309,1.06263,5.452248266999999,27.8,130.02635532648307,25.341937600000016,0.3122837543487549
1778535590.675128,2026-05-11T22:39:50.675128,5.1309,1.06263,5.452248266999999,27.8,130.08087780915307,25.352563900000014,0.3122837543487549
1778535590.7150683,2026-05-11T22:39:50.715071,5.1309,1.05163,5.395808367,27.8,130.13483589282308,25.363080200000013,0.3522460460662842
1778535590.715096,2026-05-11T22:39:50.715096,5.1309,1.05113,5.393242916999999,27.8,130.18876832199308,25.373591500000014,0.3522460460662842
1778535590.7151055,2026-05-11T22:39:50.715105,5.1309,1.06263,5.452248266999999,27.8,130.24329080466308,25.384217800000012,0.3522460460662842
1778535590.7151136,2026-05-11T22:39:50.715114,5.1309,1.06263,5.452248266999999,27.8,130.29781328733307,25.39484410000001,0.3522460460662842
1778535590.7553148,2026-05-11T22:39:50.755321,5.1309,1.06263,5.452248266999999,27.8,130.35233577000307,25.40547040000001,0.39248228073120117
1778535590.755364,2026-05-11T22:39:50.755364,5.1309,1.06263,5.452248266999999,27.8,130.40685825267306,25.416096700000008,0.39248228073120117
1778535590.7553828,2026-05-11T22:39:50.755383,5.1309,1.05113,5.393242916999999,27.8,130.46079068184306,25.42660800000001,0.39248228073120117
1778535590.755399,2026-05-11T22:39:50.755399,5.1309,1.04341,5.353632369,27.8,130.51432700553306,25.43704210000001,0.39248228073120117
1778535590.7953305,2026-05-11T22:39:50.795337,5.1309,1.04938,5.384263841999999,27.8,130.56816964395307,25.44753590000001,0.4324986934661865
1778535590.7953799,2026-05-11T22:39:50.795381,5.1309,1.0459,5.36640831,27.8,130.62183372705306,25.45799490000001,0.4324986934661865
1778535590.7953975,2026-05-11T22:39:50.795398,5.1309,1.06115,5.444654535,27.8,130.67628027240306,25.46860640000001,0.4324986934661865
1778535590.7954128,2026-05-11T22:39:50.795413,5.1309,1.06115,5.444654535,27.8,130.73072681775307,25.47921790000001,0.4324986934661865
1778535590.8353865,2026-05-11T22:39:50.835392,5.1309,1.06115,5.444654535,27.8,130.78517336310307,25.48982940000001,0.47255373001098633
1778535590.835435,2026-05-11T22:39:50.835436,5.1309,1.06115,5.444654535,27.8,130.83961990845307,25.500440900000008,0.47255373001098633
1778535590.835453,2026-05-11T22:39:50.835453,5.1309,1.04714,5.372770625999999,27.8,130.89334761471306,25.510912300000008,0.47255373001098633
1778535590.835468,2026-05-11T22:39:50.835468,5.1309,1.06115,5.444654535,27.8,130.94779416006307,25.521523800000008,0.47255373001098633
1778535590.874679,2026-05-11T22:39:50.874681,5.1309,1.07155,5.498015895,27.8,131.00277431901307,25.532239300000008,0.5118615627288818
1778535590.8746939,2026-05-11T22:39:50.874694,5.1309,1.06115,5.444654535,27.8,131.05722086436307,25.542850800000007,0.5118615627288818
1778535590.8746982,2026-05-11T22:39:50.874698,5.13086,1.06055,5.441533573000001,27.8,131.11163620009307,25.553456300000008,0.5118615627288818
1778535590.874702,2026-05-11T22:39:50.874702,5.13086,1.06055,5.441533573000001,27.8,131.16605153582307,25.564061800000008,0.5118615627288818
1778535590.915098,2026-05-11T22:39:50.915100,5.13086,1.03843,5.3280389498,27.8,131.2193319253211,25.574446100000007,0.5522794723510742
1778535590.915116,2026-05-11T22:39:50.915116,5.13086,1.04067,5.3395320762,27.8,131.2727272460831,25.584852800000007,0.5522794723510742
1778535590.9151208,2026-05-11T22:39:50.915121,5.13086,1.06055,5.441533573000001,27.8,131.3271425818131,25.595458300000008,0.5522794723510742
1778535590.9151251,2026-05-11T22:39:50.915125,5.13086,1.06055,5.441533573000001,27.8,131.3815579175431,25.60606380000001,0.5522794723510742
1778535590.9551947,2026-05-11T22:39:50.955200,5.13086,1.06055,5.441533573000001,27.8,131.4359732532731,25.61666930000001,0.5923666954040527
1778535590.955235,2026-05-11T22:39:50.955236,5.13086,1.06055,5.441533573000001,27.8,131.4903885890031,25.62727480000001,0.5923666954040527
1778535590.95525,2026-05-11T22:39:50.955250,5.13086,1.02822,5.2756528692,27.8,131.54314511769508,25.637557000000008,0.5923666954040527
1778535590.9552622,2026-05-11T22:39:50.955262,5.13086,1.04191,5.345894342599999,27.8,131.59660406112107,25.647976100000008,0.5923666954040527
1778535590.9952757,2026-05-11T22:39:50.995281,5.13086,1.05959,5.436607947400001,27.8,131.65097014059506,25.658572000000007,0.6324455738067627
1778535590.9953194,2026-05-11T22:39:50.995320,5.13086,1.05959,5.436607947400001,27.8,131.70533622006906,25.669167900000005,0.6324455738067627
1778535590.9953349,2026-05-11T22:39:50.995335,5.13086,1.05959,5.436607947400001,27.8,131.75970229954305,25.679763800000003,0.6324455738067627
1778535590.9953485,2026-05-11T22:39:50.995349,5.13086,1.05959,5.436607947400001,27.8,131.81406837901704,25.690359700000002,0.6324455738067627
1778535591.0352721,2026-05-11T22:39:51.035278,5.13086,1.04316,5.352307917600001,27.8,131.86759145819303,25.700791300000002,0.6724421977996826
1778535591.0353155,2026-05-11T22:39:51.035316,5.13086,1.03644,5.317828538400001,27.8,131.92076974357704,25.711155700000003,0.6724421977996826
1778535591.0353315,2026-05-11T22:39:51.035332,5.13086,1.05959,5.436607947400001,27.8,131.97513582305103,25.7217516,0.6724421977996826
1778535591.0353446,2026-05-11T22:39:51.035345,5.13086,1.05959,5.436607947400001,27.8,132.02950190252503,25.7323475,0.6724421977996826
1778535591.0750268,2026-05-11T22:39:51.075032,5.13086,1.05959,5.436607947400001,27.8,132.08386798199902,25.742943399999998,0.7121493816375732
1778535591.075093,2026-05-11T22:39:51.075094,5.13086,1.05959,5.436607947400001,27.8,132.138234061473,25.753539299999996,0.7121493816375732
1778535591.0751097,2026-05-11T22:39:51.075110,5.13078,1.05907,5.4338551746,27.8,132.19257261321903,25.764129999999998,0.7121493816375732
1778535591.0751233,2026-05-11T22:39:51.075123,5.13078,1.04216,5.3470936848,27.8,132.24604355006701,25.7745516,0.7121493816375732
1778535591.1151059,2026-05-11T22:39:51.115109,5.13078,1.05907,5.4338551746,27.8,132.30038210181303,25.7851423,0.752281904220581
1778535591.1151354,2026-05-11T22:39:51.115135,5.13078,1.05907,5.4338551746,27.8,132.35472065355904,25.795733000000002,0.752281904220581
1778535591.1151457,2026-05-11T22:39:51.115146,5.13078,1.05907,5.4338551746,27.8,132.40905920530506,25.806323700000004,0.752281904220581
1778535591.115154,2026-05-11T22:39:51.115154,5.13078,1.05907,5.4338551746,27.8,132.46339775705107,25.816914400000005,0.752281904220581
1778535591.1554348,2026-05-11T22:39:51.155441,5.13078,1.04416,5.3573552448,27.8,132.51697130949907,25.827356000000005,0.7926018238067627
1778535591.155484,2026-05-11T22:39:51.155485,5.13078,1.04465,5.359869327,27.8,132.57057000276907,25.837802500000006,0.7926018238067627
1778535591.1555011,2026-05-11T22:39:51.155501,5.13078,1.05907,5.4338551746,27.8,132.6249085545151,25.848393200000007,0.7926018238067627
1778535591.1555154,2026-05-11T22:39:51.155515,5.13078,1.05907,5.4338551746,27.8,132.6792471062611,25.85898390000001,0.7926018238067627
1778535591.19527,2026-05-11T22:39:51.195276,5.13078,1.05869,5.431905478199999,27.8,132.73356616104311,25.86957080000001,0.832439661026001
1778535591.195314,2026-05-11T22:39:51.195315,5.13078,1.05869,5.431905478199999,27.8,132.78788521582513,25.88015770000001,0.832439661026001
1778535591.1953304,2026-05-11T22:39:51.195330,5.13078,1.05869,5.431905478199999,27.8,132.84220427060714,25.89074460000001,0.832439661026001
1778535591.195344,2026-05-11T22:39:51.195344,5.13078,1.04416,5.3573552448,27.8,132.89577782305514,25.90118620000001,0.832439661026001
1778535591.235239,2026-05-11T22:39:51.235244,5.13078,1.05869,5.431905478199999,27.8,132.95009687783715,25.91177310000001,0.872406005859375
1778535591.235285,2026-05-11T22:39:51.235285,5.13078,1.20951,6.2057297178,27.8,133.01215417501516,25.92386820000001,0.872406005859375
1778535591.2353003,2026-05-11T22:39:51.235301,5.13078,1.05869,5.431905478199999,27.8,133.06647322979717,25.934455100000008,0.872406005859375
1778535591.2353122,2026-05-11T22:39:51.235312,5.13078,1.05869,5.431905478199999,27.8,133.12079228457918,25.945042000000008,0.872406005859375
1778535591.2753155,2026-05-11T22:39:51.275321,5.13078,1.05869,5.431905478199999,27.8,133.1751113393612,25.955628900000008,0.9124853610992432
1778535591.275359,2026-05-11T22:39:51.275359,5.13078,1.0459,5.366282802,27.8,133.2287741673812,25.96608790000001,0.9124853610992432
1778535591.275375,2026-05-11T22:39:51.275375,5.13071,1.05915,5.4341914964999996,27.8,133.2831160823462,25.97667940000001,0.9124853610992432
1778535591.2753887,2026-05-11T22:39:51.275389,5.13071,1.10143,5.6511179152999995,27.8,133.3396272614992,25.98769370000001,0.9124853610992432
1778535591.3154244,2026-05-11T22:39:51.315434,5.13071,1.07005,5.4901162354999995,27.8,133.3945284238542,25.998394200000007,0.9525737762451172
1778535591.3155084,2026-05-11T22:39:51.315516,5.13071,1.05915,5.4341914964999996,27.8,133.4488703388192,26.008985700000007,0.9525737762451172
1778535591.3155596,2026-05-11T22:39:51.315561,5.13071,1.05915,5.4341914964999996,27.8,133.5032122537842,26.019577200000008,0.9525737762451172
1778535591.3155842,2026-05-11T22:39:51.315585,5.13071,1.04391,5.355999476099999,27.8,133.5567722485452,26.030016300000007,0.9525737762451172
1778535591.3552809,2026-05-11T22:39:51.355286,5.13071,1.04017,5.3368106207,27.8,133.6101403547522,26.040418000000006,0.9924485683441162
1778535591.3553307,2026-05-11T22:39:51.355331,5.13071,1.05915,5.4341914964999996,27.8,133.66448226971718,26.051009500000006,0.9924485683441162
1778535591.3553495,2026-05-11T22:39:51.355350,5.13071,1.07254,5.5028917034,27.8,133.7195111867512,26.061734900000005,0.9924485683441162
1778535591.3553646,2026-05-11T22:39:51.355365,5.13071,1.05915,5.4341914964999996,27.8,133.77385310171618,26.072326400000005,0.9924485683441162
1778535591.3949838,2026-05-11T22:39:51.394986,5.13071,1.0585,5.430856534999999,27.8,133.82816166706618,26.082911400000004,1.0321643352508545
1778535591.3950043,2026-05-11T22:39:51.395004,5.13071,1.0585,5.430856534999999,27.8,133.88247023241618,26.093496400000003,1.0321643352508545
1778535591.3950093,2026-05-11T22:39:51.395009,5.13071,1.0585,5.430856534999999,27.8,133.93677879776618,26.104081400000002,1.0321643352508545
1778535591.3950133,2026-05-11T22:39:51.395013,5.13071,1.0585,5.430856534999999,27.8,133.99108736311618,26.1146664,1.0321643352508545
1778535591.4349327,2026-05-11T22:39:51.434936,5.13071,1.0585,5.430856534999999,27.8,134.04539592846618,26.1252514,0.031862735748291016
1778535591.4349582,2026-05-11T22:39:51.434958,5.13071,1.0585,5.430856534999999,27.8,134.09970449381618,26.1358364,0.031862735748291016
1778535591.4349666,2026-05-11T22:39:51.434967,5.13071,1.0585,5.430856534999999,27.8,134.15401305916618,26.146421399999998,0.031862735748291016
1778535591.434974,2026-05-11T22:39:51.434974,5.13071,1.0585,5.430856534999999,27.8,134.20832162451617,26.157006399999997,0.031862735748291016
1778535591.4753199,2026-05-11T22:39:51.475326,5.13071,1.04739,5.3738543469,27.8,134.26206016798517,26.167480299999998,0.07224011421203613
1778535591.4753673,2026-05-11T22:39:51.475369,5.13071,1.0585,5.430856534999999,27.8,134.31636873333517,26.178065299999997,0.07224011421203613
1778535591.4753842,2026-05-11T22:39:51.475385,5.13067,1.05823,5.429428914100001,27.8,134.37066302247618,26.188647599999996,0.07224011421203613
1778535591.475398,2026-05-11T22:39:51.475398,5.13067,1.05823,5.429428914100001,27.8,134.4249573116172,26.199229899999995,0.07224011421203613
1778535591.5153596,2026-05-11T22:39:51.515366,5.13067,1.05823,5.429428914100001,27.9,134.4792516007582,26.209812199999995,0.11227893829345703
1778535591.5154088,2026-05-11T22:39:51.515409,5.13067,1.05823,5.429428914100001,27.8,134.53354588989922,26.220394499999994,0.11227893829345703
1778535591.5154266,2026-05-11T22:39:51.515427,5.13067,1.05823,5.429428914100001,27.8,134.58784017904023,26.230976799999993,0.11227893829345703
1778535591.515442,2026-05-11T22:39:51.515442,5.13067,1.05823,5.429428914100001,27.8,134.64213446818124,26.241559099999993,0.11227893829345703
1778535591.555403,2026-05-11T22:39:51.555412,5.13067,1.05823,5.429428914100001,27.8,134.69642875732225,26.252141399999992,0.15230607986450195
1778535591.5554886,2026-05-11T22:39:51.555490,5.13067,1.05823,5.429428914100001,27.8,134.75072304646326,26.26272369999999,0.15230607986450195
1778535591.5555391,2026-05-11T22:39:51.555541,5.13067,1.05823,5.429428914100001,27.8,134.80501733560428,26.27330599999999,0.15230607986450195
1778535591.5555682,2026-05-11T22:39:51.555569,5.13067,1.05823,5.429428914100001,27.8,134.8593116247453,26.28388829999999,0.15230607986450195
1778535591.5950983,2026-05-11T22:39:51.595100,5.13071,1.05831,5.4298817001,27.8,134.9136104417463,26.294471399999992,0.1920313835144043
1778535591.5951157,2026-05-11T22:39:51.595115,5.13071,1.0459,5.366209589,27.8,134.9672725376363,26.304930399999993,0.1920313835144043
1778535591.5951202,2026-05-11T22:39:51.595120,5.13071,1.05831,5.4298817001,27.8,135.0215713546373,26.315513499999994,0.1920313835144043
1778535591.5951238,2026-05-11T22:39:51.595123,5.13071,1.05831,5.4298817001,27.8,135.07587017163831,26.326096599999996,0.1920313835144043
1778535591.6350958,2026-05-11T22:39:51.635098,5.13071,1.05831,5.4298817001,27.8,135.13016898863933,26.336679699999998,0.2320268154144287
1778535591.6351173,2026-05-11T22:39:51.635117,5.13071,1.05831,5.4298817001,27.8,135.18446780564034,26.3472628,0.2320268154144287
1778535591.6351235,2026-05-11T22:39:51.635123,5.13071,1.10118,5.6498352378,27.8,135.24096615801832,26.358274599999998,0.2320268154144287
1778535591.635129,2026-05-11T22:39:51.635129,5.13071,1.03917,5.331679910699999,27.8,135.29428295712532,26.368666299999997,0.2320268154144287
1778535591.6750348,2026-05-11T22:39:51.675037,5.13071,1.05831,5.4298817001,27.8,135.34858177412633,26.3792494,0.2719695568084717
1778535591.67505,2026-05-11T22:39:51.675050,5.13071,1.05831,5.4298817001,27.8,135.40288059112734,26.3898325,0.2719695568084717
1778535591.675054,2026-05-11T22:39:51.675054,5.13071,1.05825,5.429573857499999,27.8,135.45717632970235,26.400415000000002,0.2719695568084717
1778535591.675058,2026-05-11T22:39:51.675058,5.13071,1.06831,5.4811888001,27.8,135.51198821770336,26.411098100000004,0.2719695568084717
1778535591.7148044,2026-05-11T22:39:51.714806,5.13071,1.07578,5.519515203799999,27.9,135.56718336974137,26.421855900000004,0.3117387294769287
1778535591.7148201,2026-05-11T22:39:51.714820,5.13071,1.0454,5.363644234000001,27.9,135.62081981208138,26.432309900000003,0.3117387294769287
1778535591.714825,2026-05-11T22:39:51.714825,5.13071,1.05825,5.429573857499999,27.8,135.6751155506564,26.442892400000005,0.3117387294769287
1778535591.714829,2026-05-11T22:39:51.714829,5.13071,1.05825,5.429573857499999,27.9,135.7294112892314,26.453474900000007,0.3117387294769287
1778535591.7551951,2026-05-11T22:39:51.755200,5.13071,1.05825,5.429573857499999,27.8,135.7837070278064,26.46405740000001,0.35211896896362305
1778535591.7552538,2026-05-11T22:39:51.755254,5.13071,1.05825,5.429573857499999,27.8,135.8380027663814,26.47463990000001,0.35211896896362305
1778535591.755269,2026-05-11T22:39:51.755269,5.13071,1.05825,5.429573857499999,27.8,135.89229850495641,26.485222400000012,0.35211896896362305
1778535591.7552812,2026-05-11T22:39:51.755281,5.13071,1.04416,5.3572821536,27.8,135.9458713264924,26.495664000000012,0.35211896896362305
1778535591.7952611,2026-05-11T22:39:51.795266,5.13075,1.0337,5.303656275,27.8,135.99890788924242,26.506001000000012,0.392183780670166
1778535591.795305,2026-05-11T22:39:51.795305,5.13075,1.07105,5.4952897875,27.8,136.05386078711743,26.51671150000001,0.392183780670166
1778535591.7953203,2026-05-11T22:39:51.795320,5.13075,1.07877,5.5348991775,27.8,136.10920977889242,26.527499200000012,0.392183780670166
1778535591.795334,2026-05-11T22:39:51.795334,5.13075,1.07653,5.5234062975,27.8,136.1644438418674,26.53826450000001,0.392183780670166
1778535591.8352695,2026-05-11T22:39:51.835278,5.13075,1.07155,5.4978551625,27.8,136.2194223934924,26.54898000000001,0.4321861267089844
1778535591.8353317,2026-05-11T22:39:51.835333,5.13075,1.05869,5.431873717499999,27.8,136.27374113066742,26.55956690000001,0.4321861267089844
1778535591.8353484,2026-05-11T22:39:51.835349,5.13075,1.05869,5.431873717499999,27.8,136.32805986784243,26.57015380000001,0.4321861267089844
1778535591.8353622,2026-05-11T22:39:51.835362,5.13075,1.0703,5.4914417250000005,27.8,136.38297428509242,26.58085680000001,0.4321861267089844
1778535591.8752553,2026-05-11T22:39:51.875260,5.13075,1.07603,5.5208409225,27.8,136.43818269431742,26.59161710000001,0.47217679023742676
1778535591.8754964,2026-05-11T22:39:51.875497,5.13075,1.0723,5.501703225,27.8,136.4931997265674,26.60234010000001,0.47217679023742676
1778535591.8755138,2026-05-11T22:39:51.875514,5.13078,1.13903,5.8441123434,27.8,136.5516408500014,26.61373040000001,0.47217679023742676
1778535591.8755357,2026-05-11T22:39:51.875537,5.13078,1.0718,5.499170004,27.8,136.6066325500414,26.62444840000001,0.47217679023742676
1778535591.9153488,2026-05-11T22:39:51.915354,5.13078,1.06006,5.4389346468,27.8,136.66102189650942,26.63504900000001,0.51226806640625
1778535591.9153988,2026-05-11T22:39:51.915399,5.13078,1.03843,5.3279558754,27.8,136.71430145526344,26.645433300000008,0.51226806640625
1778535591.9154167,2026-05-11T22:39:51.915417,5.13078,1.06006,5.4389346468,27.8,136.76869080173145,26.656033900000008,0.51226806640625
1778535591.915433,2026-05-11T22:39:51.915433,5.13078,1.06006,5.4389346468,27.8,136.82308014819947,26.666634500000008,0.51226806640625
1778535591.955439,2026-05-11T22:39:51.955448,5.13078,1.06006,5.4389346468,27.8,136.87746949466748,26.677235100000008,0.5523457527160645
1778535591.9555216,2026-05-11T22:39:51.955525,5.13078,1.06006,5.4389346468,27.8,136.9318588411355,26.687835700000008,0.5523457527160645
1778535591.9555688,2026-05-11T22:39:51.955572,5.13078,1.04689,5.3713622742,27.8,136.9855724638775,26.698304600000007,0.5523457527160645
1778535591.955615,2026-05-11T22:39:51.955618,5.13078,1.04391,5.3560725497999995,27.8,137.0391331893755,26.708743700000007,0.5523457527160645
1778535591.9953516,2026-05-11T22:39:51.995357,5.13082,1.05063,5.3905934166,27.8,137.0930391235415,26.719250000000006,0.5922703742980957
1778535591.995401,2026-05-11T22:39:51.995402,5.13082,1.06085,5.443030397,27.8,137.1474694275115,26.729858500000006,0.5922703742980957
1778535591.995419,2026-05-11T22:39:51.995419,5.13082,1.06085,5.443030397,27.8,137.20189973148152,26.740467000000006,0.5922703742980957
1778535591.995435,2026-05-11T22:39:51.995435,5.13082,1.07802,5.5311265764,27.9,137.25721099724552,26.751247200000005,0.5922703742980957
1778535592.0351596,2026-05-11T22:39:52.035163,5.13082,1.04914,5.3829484948,27.9,137.31104048219353,26.761738600000005,0.6320846080780029
1778535592.035194,2026-05-11T22:39:52.035194,5.13082,1.05013,5.3880280066,27.9,137.36492076225954,26.772239900000006,0.6320846080780029
1778535592.0352046,2026-05-11T22:39:52.035204,5.13082,1.0962,5.6244048840000005,27.9,137.42116481109954,26.783201900000005,0.6320846080780029
1778535592.0352135,2026-05-11T22:39:52.035214,5.13082,1.06085,5.443030397,27.8,137.47559511506955,26.793810400000005,0.6320846080780029
1778535592.0750422,2026-05-11T22:39:52.075045,5.13082,1.06085,5.443030397,27.8,137.53002541903956,26.804418900000005,0.671973705291748
1778535592.0750644,2026-05-11T22:39:52.075064,5.13082,1.07304,5.5055750928,27.8,137.58508116996757,26.815149300000005,0.671973705291748
1778535592.0750716,2026-05-11T22:39:52.075071,5.13086,1.06137,5.4457408782,27.8,137.63953857874958,26.825763000000006,0.671973705291748
1778535592.0750778,2026-05-11T22:39:52.075078,5.13086,1.02996,5.2845805656,27.8,137.69238438440559,26.836062600000005,0.671973705291748
1778535592.11516,2026-05-11T22:39:52.115163,5.13086,1.06137,5.4457408782,27.8,137.7468417931876,26.846676300000006,0.7120912075042725
1778535592.1151798,2026-05-11T22:39:52.115180,5.13086,1.06137,5.4457408782,27.8,137.8012992019696,26.857290000000006,0.7120912075042725
1778535592.115184,2026-05-11T22:39:52.115184,5.13086,1.06137,5.4457408782,27.8,137.85575661075163,26.867903700000006,0.7120912075042725
1778535592.1151872,2026-05-11T22:39:52.115187,5.13086,1.06137,5.4457408782,27.8,137.91021401953364,26.878517400000007,0.7120912075042725
1778535592.155102,2026-05-11T22:39:52.155104,5.13086,1.03494,5.3101322484,27.8,137.96331534201764,26.888866800000006,0.752032995223999
1778535592.1551237,2026-05-11T22:39:52.155124,5.13086,1.03893,5.3306043798,27.8,138.01662138581563,26.899256100000006,0.752032995223999
1778535592.1551309,2026-05-11T22:39:52.155131,5.13086,1.06137,5.4457408782,27.8,138.07107879459764,26.909869800000006,0.752032995223999
1778535592.1551366,2026-05-11T22:39:52.155136,5.13086,1.06137,5.4457408782,27.8,138.12553620337965,26.920483500000007,0.752032995223999
1778535592.1949813,2026-05-11T22:39:52.194985,5.1309,1.06199,5.448964491,27.8,138.18002584828966,26.931103400000005,0.7919092178344727
1778535592.1950028,2026-05-11T22:39:52.195003,5.1309,1.06199,5.448964491,27.8,138.23451549319967,26.941723300000003,0.7919092178344727
1778535592.195008,2026-05-11T22:39:52.195008,5.1309,1.06199,5.448964491,27.8,138.28900513810967,26.9523432,0.7919092178344727
1778535592.1950128,2026-05-11T22:39:52.195013,5.1309,1.06199,5.448964491,27.8,138.34349478301968,26.9629631,0.7919092178344727
1778535592.2347195,2026-05-11T22:39:52.234722,5.1309,1.06199,5.448964491,27.8,138.39798442792969,26.973582999999998,0.8316526412963867
1778535592.234737,2026-05-11T22:39:52.234737,5.1309,1.06199,5.448964491,27.8,138.4524740728397,26.984202899999996,0.8316526412963867
1778535592.2347414,2026-05-11T22:39:52.234741,5.1309,1.07528,5.517154152,27.8,138.5076456143597,26.994955699999995,0.8316526412963867
1778535592.2347453,2026-05-11T22:39:52.234745,5.1309,1.06199,5.448964491,27.8,138.5621352592697,27.005575599999993,0.8316526412963867
1778535592.2747166,2026-05-11T22:39:52.274720,5.1309,1.06199,5.448964491,27.8,138.6166249041797,27.01619549999999,0.8716480731964111
1778535592.274738,2026-05-11T22:39:52.274738,5.1309,1.0449,5.36127741,27.8,138.6702376782797,27.026644499999993,0.8716480731964111
1778535592.2747424,2026-05-11T22:39:52.274742,5.13102,1.04665,5.370382083000001,27.8,138.7239414991097,27.037110999999992,0.8716480731964111
1778535592.2747462,2026-05-11T22:39:52.274746,5.13102,1.05163,5.395934562600001,27.8,138.7779008447357,27.04762729999999,0.8716480731964111
1778535592.3146863,2026-05-11T22:39:52.314688,5.13102,1.06166,5.4473986932,27.8,138.83237483166772,27.05824389999999,0.9116189479827881
1778535592.3147037,2026-05-11T22:39:52.314704,5.13102,1.06166,5.4473986932,27.8,138.88684881859973,27.06886049999999,0.9116189479827881
1778535592.3147094,2026-05-11T22:39:52.314709,5.13102,1.06166,5.4473986932,27.8,138.94132280553174,27.079477099999988,0.9116189479827881
1778535592.3147147,2026-05-11T22:39:52.314714,5.13102,1.06166,5.4473986932,27.8,138.99579679246375,27.090093699999986,0.9116189479827881
1778535592.3549197,2026-05-11T22:39:52.354925,5.13102,1.04689,5.371613527800001,27.8,139.04951292774174,27.100562599999986,0.9518406391143799
1778535592.3549647,2026-05-11T22:39:52.354965,5.13102,1.06166,5.4473986932,27.8,139.10398691467375,27.111179199999984,0.9518406391143799
1778535592.3549805,2026-05-11T22:39:52.354980,5.13102,1.07752,5.528776670400001,27.8,139.15927468137775,27.121954399999986,0.9518406391143799
1778535592.354994,2026-05-11T22:39:52.354994,5.13102,1.07603,5.5211314506,27.8,139.21448599588376,27.132714699999987,0.9518406391143799
1778535592.395107,2026-05-11T22:39:52.395112,5.13106,1.06185,5.448416061,27.8,139.26897015649376,27.143333199999987,0.9920289516448975
1778535592.395151,2026-05-11T22:39:52.395151,5.13106,1.07404,5.5109636824,27.8,139.32407979331776,27.154073599999986,0.9920289516448975
1778535592.3951662,2026-05-11T22:39:52.395166,5.13106,1.06185,5.448416061,27.8,139.37856395392777,27.164692099999986,0.9920289516448975
1778535592.39518,2026-05-11T22:39:52.395180,5.13106,1.06185,5.448416061,27.8,139.43304811453777,27.175310599999985,0.9920289516448975
1778535592.4349174,2026-05-11T22:39:52.434924,5.13106,1.07653,5.523740021799999,27.8,139.48828551475577,27.186075899999985,1.031836986541748
1778535592.4349666,2026-05-11T22:39:52.434967,5.13106,1.07503,5.516043431799999,27.8,139.54344594907377,27.196826199999986,1.031836986541748
1778535592.434985,2026-05-11T22:39:52.434985,5.13106,1.06185,5.448416061,27.8,139.59793010968377,27.207444699999986,1.031836986541748
1778535592.4350007,2026-05-11T22:39:52.435001,5.13106,1.07877,5.535233596199999,27.8,139.65328244564577,27.218232399999987,1.031836986541748
1778535592.4752314,2026-05-11T22:39:52.475237,5.13106,1.06185,5.448416061,27.8,139.70776660625577,27.228850899999987,0.03203177452087402
1778535592.4752753,2026-05-11T22:39:52.475276,5.13106,1.06185,5.448416061,27.8,139.76225076686578,27.239469399999987,0.03203177452087402
1778535592.4752915,2026-05-11T22:39:52.475291,5.1311,1.07279,5.504592768999999,27.8,139.81729669455578,27.250197299999986,0.03203177452087402
1778535592.4753053,2026-05-11T22:39:52.475305,5.1311,1.11089,5.700087678999999,27.9,139.87429757134578,27.261306199999986,0.03203177452087402
1778535592.5151534,2026-05-11T22:39:52.515159,5.1311,1.07703,5.526348633,27.9,139.92956105767578,27.272076499999987,0.07195353507995605
1778535592.5151978,2026-05-11T22:39:52.515199,5.1311,1.07927,5.537842297,27.9,139.98493948064578,27.282869199999986,0.07195353507995605
1778535592.5152147,2026-05-11T22:39:52.515215,5.1311,1.0624,5.45128064,27.8,140.03945228704578,27.293493199999986,0.07195353507995605
1778535592.5152287,2026-05-11T22:39:52.515229,5.1311,1.0624,5.45128064,27.8,140.09396509344577,27.304117199999986,0.07195353507995605
1778535592.555267,2026-05-11T22:39:52.555272,5.1311,1.08076,5.545487636,27.8,140.14941996980576,27.314924799999986,0.11206769943237305
1778535592.5553112,2026-05-11T22:39:52.555312,5.1311,1.0624,5.45128064,27.8,140.20393277620576,27.325548799999986,0.11206769943237305
1778535592.5553272,2026-05-11T22:39:52.555327,5.1311,1.0624,5.45128064,27.8,140.25844558260576,27.336172799999986,0.11206769943237305
1778535592.5553415,2026-05-11T22:39:52.555342,5.1311,1.0624,5.45128064,27.8,140.31295838900576,27.346796799999986,0.11206769943237305
1778535592.5949764,2026-05-11T22:39:52.594978,5.13114,1.03868,5.3296124952,27.8,140.36625451395776,27.357183599999985,0.15178871154785156
1778535592.5949945,2026-05-11T22:39:52.594994,5.13114,1.05212,5.3985750168,27.8,140.42024026412577,27.367704799999984,0.15178871154785156
1778535592.5949998,2026-05-11T22:39:52.594999,5.13114,1.06299,5.454350508600001,27.8,140.47478376921177,27.378334699999986,0.15178871154785156
1778535592.5950038,2026-05-11T22:39:52.595004,5.13114,1.06299,5.454350508600001,27.8,140.52932727429777,27.388964599999987,0.15178871154785156
1778535592.6350663,2026-05-11T22:39:52.635069,5.13114,1.06299,5.454350508600001,27.8,140.58387077938377,27.39959449999999,0.19187545776367188
1778535592.6350899,2026-05-11T22:39:52.635090,5.13114,1.04963,5.385798478200001,27.8,140.6377287641658,27.41009079999999,0.19187545776367188
1778535592.6350975,2026-05-11T22:39:52.635097,5.13114,1.04938,5.3845156932,27.8,140.69157392109778,27.420584599999987,0.19187545776367188
1778535592.6351042,2026-05-11T22:39:52.635104,5.13114,1.04739,5.374304724600001,27.8,140.7453169683438,27.43105849999999,0.19187545776367188
1778535592.674649,2026-05-11T22:39:52.674652,5.13114,1.07653,5.5238261442,27.8,140.8005552297858,27.441823799999987,0.2314598560333252
1778535592.6746688,2026-05-11T22:39:52.674668,5.13114,1.06299,5.454350508600001,27.8,140.8550987348718,27.45245369999999,0.2314598560333252
1778535592.6746733,2026-05-11T22:39:52.674673,5.13122,1.06326,5.4558209772,27.8,140.9096569446438,27.46308629999999,0.2314598560333252
1778535592.674678,2026-05-11T22:39:52.674678,5.13122,1.08275,5.555828455,27.8,140.9652152291938,27.47391379999999,0.2314598560333252
1778535592.7151113,2026-05-11T22:39:52.715113,5.13122,1.06326,5.4558209772,27.8,141.0197734389658,27.484546399999992,0.27192020416259766
1778535592.715133,2026-05-11T22:39:52.715133,5.13122,1.06326,5.4558209772,27.8,141.07433164873783,27.495178999999993,0.27192020416259766
1778535592.7151408,2026-05-11T22:39:52.715141,5.13122,1.06326,5.4558209772,27.8,141.12888985850984,27.505811599999994,0.27192020416259766
1778535592.7151482,2026-05-11T22:39:52.715149,5.13122,1.06326,5.4558209772,27.8,141.18344806828185,27.516444199999995,0.27192020416259766
1778535592.754623,2026-05-11T22:39:52.754625,5.13122,1.06326,5.4558209772,27.8,141.23800627805386,27.527076799999996,0.311431884765625
1778535592.7546456,2026-05-11T22:39:52.754646,5.13122,1.07354,5.508569918799999,27.8,141.29309197724186,27.537812199999998,0.311431884765625
1778535592.7546537,2026-05-11T22:39:52.754654,5.13122,1.04839,5.3795197358,27.8,141.34688717459986,27.548296099999998,0.311431884765625
1778535592.7546613,2026-05-11T22:39:52.754661,5.13122,1.06326,5.4558209772,27.8,141.40144538437187,27.5589287,0.311431884765625
1778535592.7945976,2026-05-11T22:39:52.794600,5.13122,1.06398,5.459515455599999,27.8,141.45604053892788,27.5695685,0.3514072895050049
1778535592.794618,2026-05-11T22:39:52.794618,5.13122,1.06398,5.459515455599999,27.8,141.5106356934839,27.5802083,0.3514072895050049
1778535592.7946262,2026-05-11T22:39:52.794626,5.13122,1.06398,5.459515455599999,27.8,141.5652308480399,27.5908481,0.3514072895050049
1778535592.7946339,2026-05-11T22:39:52.794634,5.13122,1.06398,5.459515455599999,27.8,141.61982600259591,27.6014879,0.3514072895050049
1778535592.8346426,2026-05-11T22:39:52.834645,5.13122,1.06398,5.459515455599999,27.8,141.67442115715193,27.6121277,0.3914525508880615
1778535592.834664,2026-05-11T22:39:52.834664,5.13122,1.04764,5.3756713207999995,27.9,141.72817787035993,27.6226041,0.3914525508880615
1778535592.83467,2026-05-11T22:39:52.834670,5.13122,1.06398,5.459515455599999,27.9,141.78277302491594,27.6332439,0.3914525508880615
1778535592.8346744,2026-05-11T22:39:52.834674,5.13122,1.06398,5.459515455599999,27.9,141.83736817947195,27.6438837,0.3914525508880615
1778535592.874588,2026-05-11T22:39:52.874591,5.13122,1.06398,5.459515455599999,27.9,141.89196333402796,27.6545235,0.4313995838165283
1778535592.8746066,2026-05-11T22:39:52.874606,5.13122,1.06398,5.459515455599999,27.9,141.94655848858397,27.6651633,0.4313995838165283
1778535592.8746107,2026-05-11T22:39:52.874610,5.13125,1.06342,5.456673875,27.9,142.00112522733397,27.675797499999998,0.4313995838165283
1778535592.874614,2026-05-11T22:39:52.874614,5.13125,1.06342,5.456673875,27.9,142.05569196608397,27.686431699999996,0.4313995838165283
1778535592.9147964,2026-05-11T22:39:52.914801,5.13125,1.06342,5.456673875,27.9,142.11025870483397,27.697065899999995,0.47159671783447266
1778535592.91484,2026-05-11T22:39:52.914840,5.13125,1.06342,5.456673875,27.9,142.16482544358396,27.707700099999993,0.47159671783447266
1778535592.9148552,2026-05-11T22:39:52.914855,5.13125,1.06342,5.456673875,27.9,142.21939218233396,27.71833429999999,0.47159671783447266
1778535592.9148686,2026-05-11T22:39:52.914869,5.13125,1.06342,5.456673875,27.8,142.27395892108396,27.72896849999999,0.47159671783447266
1778535592.9549508,2026-05-11T22:39:52.954956,5.13125,1.06342,5.456673875,27.8,142.32852565983396,27.73960269999999,0.511751651763916
1778535592.9549932,2026-05-11T22:39:52.954994,5.13125,1.04216,5.3475835,27.8,142.38200149483396,27.75002429999999,0.511751651763916
1778535592.9550092,2026-05-11T22:39:52.955009,5.13125,1.05038,5.389762375,27.8,142.43589911858396,27.760528099999988,0.511751651763916
1778535592.9550226,2026-05-11T22:39:52.955023,5.13125,1.06342,5.456673875,27.8,142.49046585733396,27.771162299999986,0.511751651763916
1778535592.9947479,2026-05-11T22:39:52.994751,5.13129,1.06315,5.4553309635,27.8,142.54501916696896,27.781793799999985,0.5515565872192383
1778535592.9947724,2026-05-11T22:39:52.994773,5.13129,1.06315,5.4553309635,27.8,142.59957247660395,27.792425299999984,0.5515565872192383
1778535592.9947813,2026-05-11T22:39:52.994781,5.13129,1.06315,5.4553309635,27.8,142.65412578623895,27.803056799999982,0.5515565872192383
1778535592.9947882,2026-05-11T22:39:52.994788,5.13129,1.04291,5.3514736539,27.8,142.70764052277795,27.813485899999982,0.5515565872192383
1778535593.0348938,2026-05-11T22:39:53.034896,5.13129,1.05038,5.3898043902,27.8,142.76153856667995,27.82398969999998,0.5917057991027832
1778535593.0349112,2026-05-11T22:39:53.034911,5.13129,1.06315,5.4553309635,27.8,142.81609187631494,27.83462119999998,0.5917057991027832
1778535593.0349157,2026-05-11T22:39:53.034915,5.13129,1.06315,5.4553309635,27.8,142.87064518594994,27.84525269999998,0.5917057991027832
1778535593.0349197,2026-05-11T22:39:53.034919,5.13129,1.06315,5.4553309635,27.8,142.92519849558494,27.855884199999977,0.5917057991027832
1778535593.0750163,2026-05-11T22:39:53.075018,5.13129,1.06315,5.4553309635,27.8,142.97975180521993,27.866515699999976,0.6318292617797852
1778535593.0750322,2026-05-11T22:39:53.075032,5.13129,1.0449,5.361684920999999,27.8,143.03336865442992,27.876964699999977,0.6318292617797852
1778535593.0750368,2026-05-11T22:39:53.075036,5.13133,1.06305,5.4548603565,27.8,143.08791725799492,27.88759519999998,0.6318292617797852
1778535593.0750408,2026-05-11T22:39:53.075041,5.13133,1.08649,5.5751387317,27.9,143.14366864531192,27.89846009999998,0.6318292617797852
1778535593.1148744,2026-05-11T22:39:53.114880,5.13133,1.06305,5.4548603565,27.9,143.19821724887692,27.90909059999998,0.6716749668121338
1778535593.1149201,2026-05-11T22:39:53.114921,5.13133,1.06305,5.4548603565,27.9,143.2527658524419,27.919721099999983,0.6716749668121338
1778535593.1149406,2026-05-11T22:39:53.114941,5.13133,1.06305,5.4548603565,27.9,143.3073144560069,27.930351599999984,0.6716749668121338
1778535593.1149585,2026-05-11T22:39:53.114959,5.13133,1.04266,5.3502325378,27.8,143.3608167813849,27.940778199999983,0.6716749668121338
1778535593.1551042,2026-05-11T22:39:53.155108,5.13133,1.04416,5.3579295328,27.8,143.4143960767129,27.951219799999983,0.7119097709655762
1778535593.155136,2026-05-11T22:39:53.155136,5.13133,1.06305,5.4548603565,27.8,143.4689446802779,27.961850299999984,0.7119097709655762
1778535593.1551476,2026-05-11T22:39:53.155147,5.13133,1.06305,5.4548603565,27.8,143.5234932838429,27.972480799999985,0.7119097709655762
1778535593.1551569,2026-05-11T22:39:53.155157,5.13133,1.06305,5.4548603565,27.8,143.5780418874079,27.983111299999987,0.7119097709655762
1778535593.194711,2026-05-11T22:39:53.194717,5.13133,1.06285,5.453834090500001,27.8,143.6325802283129,27.993739799999986,0.751509428024292
1778535593.19475,2026-05-11T22:39:53.194750,5.13133,1.04191,5.346384040299999,27.9,143.6860440687159,28.004158899999986,0.751509428024292
1778535593.1947649,2026-05-11T22:39:53.194765,5.13133,1.04988,5.3872807404,27.9,143.73991687611988,28.014657699999987,0.751509428024292
1778535593.194774,2026-05-11T22:39:53.194774,5.13133,1.06285,5.453834090500001,27.9,143.79445521702488,28.025286199999986,0.751509428024292
1778535593.2346902,2026-05-11T22:39:53.234694,5.13133,1.06285,5.453834090500001,27.9,143.84899355792987,28.035914699999985,0.7914958000183105
1778535593.2347229,2026-05-11T22:39:53.234723,5.13133,1.06285,5.453834090500001,27.9,143.90353189883487,28.046543199999984,0.7914958000183105
1778535593.2347317,2026-05-11T22:39:53.234732,5.13133,1.06285,5.453834090500001,27.8,143.95807023973987,28.057171699999984,0.7914958000183105
1778535593.2347395,2026-05-11T22:39:53.234739,5.13133,1.05013,5.3885635729,27.8,144.01195587546886,28.067672999999985,0.7914958000183105
1778535593.2746458,2026-05-11T22:39:53.274648,5.13133,1.04764,5.3757865612,27.8,144.06571374108086,28.078149399999987,0.831458568572998
1778535593.2746627,2026-05-11T22:39:53.274662,5.13133,1.06285,5.453834090500001,27.8,144.12025208198585,28.088777899999986,0.831458568572998
1778535593.274667,2026-05-11T22:39:53.274667,5.13129,1.06288,5.4539455152,27.8,144.17479153713785,28.099406699999985,0.831458568572998
1778535593.2746706,2026-05-11T22:39:53.274670,5.13129,1.06288,5.4539455152,27.8,144.22933099228985,28.110035499999984,0.831458568572998
1778535593.3148878,2026-05-11T22:39:53.314893,5.13129,1.08226,5.5533899153999995,27.8,144.28486489144385,28.120858099999985,0.8716878890991211
1778535593.3149338,2026-05-11T22:39:53.314934,5.13129,1.05113,5.393652857699999,27.8,144.33880142002084,28.131369399999986,0.8716878890991211
1778535593.3149526,2026-05-11T22:39:53.314953,5.13129,1.06288,5.4539455152,27.8,144.39334087517284,28.141998199999986,0.8716878890991211
1778535593.3149688,2026-05-11T22:39:53.314969,5.13129,1.06288,5.4539455152,27.8,144.44788033032484,28.152626999999985,0.8716878890991211
1778535593.3550906,2026-05-11T22:39:53.355095,5.13129,1.07752,5.5290676008,27.9,144.50317100633285,28.163402199999986,0.9118905067443848
1778535593.3551347,2026-05-11T22:39:53.355135,5.13129,1.03419,5.3067288051,27.9,144.55623829438386,28.173744099999986,0.9118905067443848
1778535593.3551507,2026-05-11T22:39:53.355151,5.13129,1.02523,5.260752446700001,27.8,144.60884581885085,28.183996399999987,0.9118905067443848
1778535593.355164,2026-05-11T22:39:53.355164,5.13129,1.02822,5.276095003799999,27.8,144.66160676888884,28.194278599999986,0.9118905067443848
1778535593.3949597,2026-05-11T22:39:53.394967,5.13125,1.01602,5.2134526249999995,27.8,144.71374129513885,28.204438799999988,0.9517438411712646
1778535593.3950396,2026-05-11T22:39:53.395041,5.13125,1.02324,5.250500249999999,27.8,144.76624629763884,28.214671199999987,0.9517438411712646
1778535593.3950849,2026-05-11T22:39:53.395086,5.13125,1.03245,5.2977590625,27.8,144.81922388826385,28.224995699999987,0.9517438411712646
1778535593.3951287,2026-05-11T22:39:53.395130,5.13125,1.02149,5.2415205625,27.8,144.87163909388886,28.235210599999988,0.9517438411712646
1778535593.4349785,2026-05-11T22:39:53.434985,5.13125,1.01502,5.208321375,27.8,144.92372230763885,28.24536079999999,0.9917688369750977
1778535593.4350483,2026-05-11T22:39:53.435050,5.13125,1.0615,5.446821875,27.8,144.97819052638886,28.25597579999999,0.9917688369750977
1778535593.4350843,2026-05-11T22:39:53.435085,5.13125,1.01353,5.2006758125,27.8,145.03019728451386,28.266111099999993,0.9917688369750977
1778535593.4351168,2026-05-11T22:39:53.435118,5.13125,1.01801,5.2236638125,27.8,145.08243392263887,28.276291199999992,0.9917688369750977
1778535593.4747438,2026-05-11T22:39:53.474746,5.13125,1.0327,5.2990418749999995,27.8,145.13542434138887,28.286618199999992,1.0315511226654053
1778535593.4747677,2026-05-11T22:39:53.474768,5.13125,1.02423,5.2555801875,27.8,145.18798014326387,28.296860499999994,1.0315511226654053
1778535593.474775,2026-05-11T22:39:53.474775,5.13118,1.01676,5.2171785768,27.8,145.24015192903187,28.307028099999993,1.0315511226654053
1778535593.4747818,2026-05-11T22:39:53.474781,5.13118,1.01452,5.2056847336,27.8,145.29220877636786,28.317173299999993,1.0315511226654053
1778535593.5147042,2026-05-11T22:39:53.514707,5.13118,1.02149,5.2414490582,27.8,145.34462326694987,28.327388199999994,0.031993865966796875
1778535593.5147333,2026-05-11T22:39:53.514733,5.13118,1.01527,5.209533118599999,27.8,145.39671859813586,28.337540899999993,0.031993865966796875
1778535593.5147398,2026-05-11T22:39:53.514739,5.13118,1.02722,5.270850719599999,27.8,145.44942710533186,28.347813099999993,0.031993865966796875
1778535593.5147436,2026-05-11T22:39:53.514743,5.13118,1.05733,5.4253505494,27.8,145.50368061082585,28.358386399999993,0.031993865966796875
1778535593.5546112,2026-05-11T22:39:53.554613,5.13118,1.03469,5.3091806342000005,27.8,145.55677241716785,28.36873329999999,0.07190513610839844
1778535593.5546603,2026-05-11T22:39:53.554661,5.13118,1.02573,5.2632052614,27.8,145.60940446978185,28.37899059999999,0.07190513610839844
1778535593.5546677,2026-05-11T22:39:53.554667,5.13118,1.02498,5.2593568764,27.8,145.66199803854585,28.38924039999999,0.07190513610839844
1778535593.5546713,2026-05-11T22:39:53.554671,5.13118,1.02224,5.2452974432,27.8,145.71445101297783,28.39946279999999,0.07190513610839844
1778535593.5950053,2026-05-11T22:39:53.595010,5.13114,1.03295,5.300211063000001,27.8,145.76745312360782,28.409792299999992,0.11228728294372559
1778535593.5950482,2026-05-11T22:39:53.595048,5.13114,1.02374,5.252953263600001,27.9,145.8199826562438,28.420029699999994,0.11228728294372559
1778535593.595064,2026-05-11T22:39:53.595064,5.13114,1.02299,5.249104908600001,27.9,145.8724737053298,28.430259599999992,0.11228728294372559
1778535593.5950775,2026-05-11T22:39:53.595078,5.13114,1.02374,5.252953263600001,27.9,145.9250032379658,28.440496999999993,0.11228728294372559
1778535593.634911,2026-05-11T22:39:53.634916,5.13114,1.01253,5.1954331842,27.9,145.9769575698078,28.450622299999992,0.1521928310394287
1778535593.6349537,2026-05-11T22:39:53.634954,5.13114,1.0529,5.402577306,27.8,146.0309833428678,28.46115129999999,0.1521928310394287
1778535593.6349692,2026-05-11T22:39:53.634969,5.13114,1.0529,5.402577306,27.8,146.08500911592782,28.47168029999999,0.1521928310394287
1778535593.634983,2026-05-11T22:39:53.634983,5.13114,1.02149,5.2414081986,27.8,146.13742319791382,28.48189519999999,0.1521928310394287
1778535593.6746552,2026-05-11T22:39:53.674657,5.13114,1.01925,5.229914445,27.8,146.1897223423638,28.49208769999999,0.19195008277893066
1778535593.6746733,2026-05-11T22:39:53.674673,5.13114,1.03021,5.286151739400001,27.8,146.24258385975781,28.50238979999999,0.19195008277893066
1778535593.6746776,2026-05-11T22:39:53.674677,5.13114,1.00307,5.1468925998,27.8,146.2940527857558,28.51242049999999,0.19195008277893066
1778535593.674682,2026-05-11T22:39:53.674681,5.13114,1.0083,5.173728462,27.8,146.3457900703758,28.522503499999992,0.19195008277893066
1778535593.7147307,2026-05-11T22:39:53.714737,5.13114,1.02971,5.2835861693999995,27.8,146.39862593206982,28.53280059999999,0.23201227188110352
1778535593.714764,2026-05-11T22:39:53.714764,5.13114,1.02349,5.2516704786,27.8,146.45114263685582,28.54303549999999,0.23201227188110352
1778535593.7147725,2026-05-11T22:39:53.714772,5.13114,1.01801,5.223551831400001,27.8,146.50337815516983,28.55321559999999,0.23201227188110352
1778535593.7147806,2026-05-11T22:39:53.714781,5.13114,1.02747,5.2720924158,27.8,146.55609907932782,28.56349029999999,0.23201227188110352
1778535593.7547274,2026-05-11T22:39:53.754730,5.13114,1.00805,5.172445677,27.8,146.6078235360978,28.57357079999999,0.2720215320587158
1778535593.7547443,2026-05-11T22:39:53.754744,5.09514,1.07952,5.5003055328,27.9,146.6628265914258,28.584365999999992,0.2720215320587158
1778535593.7547488,2026-05-11T22:39:53.754749,5.13114,1.20702,6.1933886028,27.8,146.7247604774538,28.596436199999992,0.2720215320587158
1778535593.7547529,2026-05-11T22:39:53.754752,5.13114,1.02299,5.249104908600001,27.9,146.7772515265398,28.60666609999999,0.2720215320587158
1778535593.7946982,2026-05-11T22:39:53.794700,5.13106,1.02921,5.280938262599999,27.9,146.8300609091658,28.616958199999992,0.3119933605194092
1778535593.794713,2026-05-11T22:39:53.794713,5.13106,1.03245,5.297562897000001,27.8,146.8830365381358,28.62728269999999,0.3119933605194092
1778535593.7947176,2026-05-11T22:39:53.794717,5.13106,1.01527,5.209411286199999,27.8,146.9351306509978,28.63743539999999,0.3119933605194092
1778535593.7947214,2026-05-11T22:39:53.794721,5.13106,1.02125,5.240095025,27.8,146.98753160124778,28.647647899999992,0.3119933605194092
1778535593.8347077,2026-05-11T22:39:53.834710,5.13106,1.04706,5.3725276836,27.9,147.04125687808377,28.658118499999993,0.3520028591156006
1778535593.8347223,2026-05-11T22:39:53.834722,5.13106,1.03519,5.3116220014,27.8,147.09437309809778,28.668470399999993,0.3520028591156006
1778535593.8347263,2026-05-11T22:39:53.834726,5.13106,1.0327,5.298845662,27.8,147.14736155471778,28.678797399999993,0.3520028591156006
1778535593.8347301,2026-05-11T22:39:53.834730,5.13106,1.04706,5.3725276836,27.8,147.20108683155377,28.689267999999995,0.3520028591156006
1778535593.8746774,2026-05-11T22:39:53.874679,5.13106,1.01477,5.2068457562,27.8,147.25315528911577,28.699415699999996,0.39197254180908203
1778535593.8746924,2026-05-11T22:39:53.874692,5.13106,1.02498,5.2592338788,27.8,147.30574762790377,28.709665499999996,0.39197254180908203
1778535593.874697,2026-05-11T22:39:53.874697,5.13102,1.04432,5.3584268064,27.8,147.35933189596776,28.720108699999997,0.39197254180908203
1778535593.8747005,2026-05-11T22:39:53.874700,5.13102,1.02473,5.2579101245999995,27.8,147.41191099721377,28.730355999999997,0.39197254180908203
1778535593.91509,2026-05-11T22:39:53.915093,5.13102,1.02299,5.248982149800001,27.8,147.46440081871177,28.740585899999996,0.43238115310668945
1778535593.9151134,2026-05-11T22:39:53.915114,5.13102,1.03121,5.2911591342,27.8,147.51731241005376,28.750897999999996,0.43238115310668945
1778535593.9151213,2026-05-11T22:39:53.915121,5.13102,1.01328,5.1991599456,27.9,147.56930400950975,28.761030799999997,0.43238115310668945
1778535593.9151278,2026-05-11T22:39:53.915128,5.13102,1.0205,5.23620591,27.9,147.62166606860976,28.771235799999996,0.43238115310668945
1778535593.955173,2026-05-11T22:39:53.955178,5.13102,1.0708,5.494296216,27.9,147.67660903076975,28.781943799999997,0.4724550247192383
1778535593.9552174,2026-05-11T22:39:53.955218,5.13102,1.03295,5.300087109000001,27.9,147.72960990185976,28.792273299999998,0.4724550247192383
1778535593.9552333,2026-05-11T22:39:53.955233,5.13102,1.04432,5.3584268064,27.9,147.78319416992375,28.8027165,0.4724550247192383
1778535593.9552472,2026-05-11T22:39:53.955247,5.13102,1.02349,5.251547659800001,27.9,147.83570964652174,28.8129514,0.4724550247192383
1778535593.9952903,2026-05-11T22:39:53.995295,5.13102,1.01452,5.2055224104,27.9,147.88776487062574,28.8230966,0.5125722885131836
1778535593.9953337,2026-05-11T22:39:53.995334,5.13102,1.00456,5.1544174512,27.9,147.93930904513775,28.8331422,0.5125722885131836
1778535593.9953494,2026-05-11T22:39:53.995350,5.13102,1.01004,5.182535440800001,27.9,147.99113439954576,28.8432426,0.5125722885131836
1778535593.9953625,2026-05-11T22:39:53.995363,5.13102,1.01602,5.2132189404,27.8,148.04326658894976,28.8534028,0.5125722885131836
1778535594.034947,2026-05-11T22:39:54.034953,5.13102,1.02349,5.251547659800001,27.8,148.09578206554775,28.8636377,0.5522220134735107
1778535594.0350058,2026-05-11T22:39:54.035007,5.13102,1.00431,5.1531346962,27.8,148.14731341250976,28.873680800000002,0.5522220134735107
1778535594.035035,2026-05-11T22:39:54.035036,5.13102,1.04116,5.342212783200001,27.9,148.20073554034175,28.884092400000004,0.5522220134735107
1778535594.0350637,2026-05-11T22:39:54.035064,5.13102,1.021,5.23877142,27.8,148.25312325454175,28.894302400000004,0.5522220134735107
1778535594.0750136,2026-05-11T22:39:54.075015,5.13102,1.0195,5.23107489,27.8,148.30543400344175,28.904497400000004,0.5923082828521729
1778535594.07503,2026-05-11T22:39:54.075030,5.13102,1.01153,5.1901806606,27.8,148.35733581004774,28.914612700000003,0.5923082828521729
1778535594.0750358,2026-05-11T22:39:54.075036,5.11642,1.11812,5.7207715303999995,27.9,148.41454352535175,28.925793900000002,0.5923082828521729
1778535594.0750406,2026-05-11T22:39:54.075040,5.13106,1.06482,5.4636553092,27.8,148.46918007844374,28.9364421,0.5923082828521729
1778535594.1150715,2026-05-11T22:39:54.115076,5.13106,1.10342,5.6617142252,27.8,148.52579722069575,28.9474763,0.6323566436767578
1778535594.115111,2026-05-11T22:39:54.115111,5.13106,1.085,5.567200099999999,27.9,148.58146922169576,28.958326300000003,0.6323566436767578
1778535594.1151242,2026-05-11T22:39:54.115124,5.13106,1.07877,5.535233596199999,27.9,148.63682155765775,28.969114000000005,0.6323566436767578
1778535594.115135,2026-05-11T22:39:54.115135,5.13106,1.10093,5.6489378858,27.9,148.69331093651576,28.980123300000006,0.6323566436767578
1778535594.1546922,2026-05-11T22:39:54.154694,5.13106,1.07603,5.5211744918,27.8,148.74852268143377,28.990883600000007,0.6719861030578613
1778535594.154709,2026-05-11T22:39:54.154709,5.13106,1.06258,5.4521617348,27.9,148.80304429878177,29.001509400000007,0.6719861030578613
1778535594.1547139,2026-05-11T22:39:54.154714,5.13106,1.03819,5.327015181399999,27.8,148.85631445059576,29.011891300000006,0.6719861030578613
1778535594.1547174,2026-05-11T22:39:54.154717,5.13106,1.06856,5.482845473599999,27.8,148.91114290533176,29.022576900000004,0.6719861030578613
1778535594.1947815,2026-05-11T22:39:54.194784,5.13102,1.06159,5.447039521800001,27.8,148.96561330054976,29.033192800000005,0.7120733261108398
1778535594.1948025,2026-05-11T22:39:54.194802,5.13102,1.06682,5.473874756400001,27.8,149.02035204811375,29.043861000000007,0.7120733261108398
1778535594.1948092,2026-05-11T22:39:54.194809,5.13102,1.05461,5.411225002200001,27.8,149.07446429813575,29.054407100000006,0.7120733261108398
1778535594.194815,2026-05-11T22:39:54.194815,5.13102,1.03929,5.3326177758,27.8,149.12779047589376,29.064800000000005,0.7120733261108398
1778535594.2348497,2026-05-11T22:39:54.234855,5.13102,1.03929,5.3326177758,27.8,149.18111665365177,29.075192900000005,0.7521321773529053
1778535594.2348928,2026-05-11T22:39:54.234893,5.13102,1.03929,5.3326177758,27.8,149.23444283140978,29.085585800000004,0.7521321773529053
1778535594.2349093,2026-05-11T22:39:54.234909,5.13102,1.07479,5.5147689858,27.8,149.28959052126777,29.096333700000002,0.7521321773529053
1778535594.2349238,2026-05-11T22:39:54.234924,5.13102,1.06906,5.4853682412,27.8,149.34444420367976,29.107024300000003,0.7521321773529053
1778535594.2749524,2026-05-11T22:39:54.274958,5.13102,1.07528,5.5172831856,27.8,149.39961703553575,29.1177771,0.7922341823577881
1778535594.274995,2026-05-11T22:39:54.274996,5.13102,1.06184,5.4483222768,27.8,149.45410025830375,29.1283955,0.7922341823577881
1778535594.2750113,2026-05-11T22:39:54.275012,5.13106,1.05661,5.4215293066,27.8,149.50831555136975,29.1389616,0.7922341823577881
1778535594.2750268,2026-05-11T22:39:54.275027,5.13106,1.06482,5.4636553092,27.8,149.56295210446174,29.149609799999997,0.7922341823577881
1778535594.3152256,2026-05-11T22:39:54.315232,5.13106,1.06657,5.4726346642,27.8,149.61767845110376,29.160275499999997,0.832496166229248
1778535594.3152955,2026-05-11T22:39:54.315297,5.13106,1.06931,5.4866937685999995,27.8,149.67254538878976,29.1709686,0.832496166229248
1778535594.3153272,2026-05-11T22:39:54.315328,5.13106,1.07653,5.523740021799999,27.8,149.72778278900776,29.181733899999998,0.832496166229248
1778535594.3153565,2026-05-11T22:39:54.315357,5.13106,1.06956,5.4879765336,27.8,149.78266255434377,29.192429499999996,0.832496166229248
1778535594.3550026,2026-05-11T22:39:54.355009,5.13106,1.05461,5.4112671866,27.8,149.83677522620977,29.202975599999995,0.8722817897796631
1778535594.3550515,2026-05-11T22:39:54.355052,5.13106,1.03948,5.333634248799999,27.8,149.89011156869776,29.213370399999995,0.8722817897796631
1778535594.3550684,2026-05-11T22:39:54.355069,5.13106,1.05262,5.401056377199999,27.8,149.94412213246977,29.223896599999996,0.8722817897796631
1778535594.3550842,2026-05-11T22:39:54.355084,5.13106,1.05686,5.422812071599999,27.8,149.99835025318578,29.234465199999995,0.8722817897796631
1778535594.3953376,2026-05-11T22:39:54.395343,5.13106,1.05412,5.4087529672,27.8,150.05243778285777,29.245006399999994,0.9126172065734863
1778535594.3953888,2026-05-11T22:39:54.395390,5.13106,1.05088,5.3921283328,27.8,150.10635906618577,29.255515199999994,0.9126172065734863
1778535594.3954082,2026-05-11T22:39:54.395408,5.13106,1.05437,5.4100357322,27.8,150.16045942350777,29.266058899999994,0.9126172065734863
1778535594.3954246,2026-05-11T22:39:54.395425,5.13106,1.03989,5.3357379834,27.8,150.21381680334179,29.276457799999992,0.9126172065734863
1778535594.4349768,2026-05-11T22:39:54.434983,5.13106,1.06657,5.4726346642,27.8,150.2685431499838,29.287123499999993,0.9522559642791748
1778535594.4350293,2026-05-11T22:39:54.435030,5.13106,1.07728,5.5275883168,27.8,150.3238190331518,29.297896299999994,0.9522559642791748
1778535594.4350483,2026-05-11T22:39:54.435049,5.13106,1.03989,5.3357379834,27.8,150.37717641298582,29.308295199999993,0.9522559642791748
1778535594.435065,2026-05-11T22:39:54.435065,5.13106,1.07205,5.500752873,27.8,150.4321839417158,29.319015699999994,0.9522559642791748
1778535594.475327,2026-05-11T22:39:54.475333,5.13106,1.07454,5.5135292124,27.8,150.4873192338398,29.329761099999995,0.9926068782806396
1778535594.4753764,2026-05-11T22:39:54.475377,5.13106,1.07155,5.498187343,27.8,150.5423011072698,29.340476599999995,0.9926068782806396
1778535594.475394,2026-05-11T22:39:54.475394,5.1311,1.07379,5.509723869,27.8,150.5973983459598,29.351214499999994,0.9926068782806396
1778535594.4754095,2026-05-11T22:39:54.475410,5.1311,1.07927,5.537842297,27.8,150.65277676892978,29.362007199999994,0.9926068782806396
1778535594.5153122,2026-05-11T22:39:54.515318,5.1311,1.07852,5.533993971999999,27.8,150.70811670864978,29.372792399999994,1.0325918197631836
1778535594.5153608,2026-05-11T22:39:54.515361,5.1311,1.0713,5.49694743,27.8,150.7630861829498,29.383505399999994,1.0325918197631836
1778535594.515378,2026-05-11T22:39:54.515378,5.1311,1.08275,5.555698525,27.8,150.8186431681998,29.394332899999995,1.0325918197631836
1778535594.515393,2026-05-11T22:39:54.515393,5.1311,1.06582,5.468829002,27.8,150.8733314582198,29.404991099999997,1.0325918197631836
1778535594.5550647,2026-05-11T22:39:54.555067,5.1311,1.06333,5.456052563000001,27.8,150.9278919838498,29.415624399999995,0.03173661231994629
1778535594.555083,2026-05-11T22:39:54.555083,5.1311,1.06458,5.462466438000001,27.8,150.9825166482298,29.426270199999994,0.03173661231994629
1778535594.5550878,2026-05-11T22:39:54.555088,5.1311,1.06906,5.485453765999999,27.8,151.03737118588978,29.436960799999994,0.03173661231994629
1778535594.5550923,2026-05-11T22:39:54.555092,5.1311,1.08001,5.541639311,27.8,151.09278757899978,29.447760899999995,0.03173661231994629
1778535594.5951612,2026-05-11T22:39:54.595164,5.1311,1.08549,5.569757739,27.8,151.14848515638977,29.458615799999997,0.07183146476745605
1778535594.5951846,2026-05-11T22:39:54.595185,5.1311,1.04908,5.382934388,27.8,151.20231450026978,29.469106599999996,0.07183146476745605
1778535594.5951931,2026-05-11T22:39:54.595193,5.1311,1.04908,5.382934388,27.8,151.2561438441498,29.479597399999996,0.07183146476745605
1778535594.5952,2026-05-11T22:39:54.595200,5.1311,1.06532,5.466263452000001,27.8,151.3108064786698,29.490250599999996,0.07183146476745605
1778535594.6352983,2026-05-11T22:39:54.635304,5.1311,1.06034,5.440710574000001,27.8,151.36521358440982,29.500853999999997,0.11195969581604004
1778535594.6353416,2026-05-11T22:39:54.635342,5.1311,1.06159,5.447124449,27.8,151.41968482889982,29.511469899999998,0.11195969581604004
1778535594.6353579,2026-05-11T22:39:54.635358,5.1311,1.06682,5.473960102,27.8,151.47442442991982,29.5221381,0.11195969581604004
1778535594.6353714,2026-05-11T22:39:54.635372,5.1311,1.04908,5.382934388,27.8,151.52825377379983,29.5326289,0.11195969581604004
1778535594.675125,2026-05-11T22:39:54.675127,5.1311,1.04908,5.382934388,27.8,151.58208311767984,29.5431197,0.15179705619812012
1778535594.675142,2026-05-11T22:39:54.675142,5.1311,1.06507,5.464980677,27.8,151.63673292444983,29.553770399999998,0.15179705619812012
1778535594.6751468,2026-05-11T22:39:54.675146,5.13114,1.06931,5.4867793134000005,27.8,151.69160071758384,29.5644635,0.15179705619812012
1778535594.6751506,2026-05-11T22:39:54.675150,5.13114,1.05293,5.4027312402,27.8,151.74562802998585,29.5749928,0.15179705619812012
1778535594.7151005,2026-05-11T22:39:54.715103,5.13114,1.06781,5.4790826034,27.8,151.80041885601986,29.5856709,0.19176888465881348
1778535594.715126,2026-05-11T22:39:54.715126,5.13114,1.05293,5.4027312402,27.8,151.85444616842187,29.596200200000002,0.19176888465881348
1778535594.7151353,2026-05-11T22:39:54.715135,5.13114,1.05293,5.4027312402,27.8,151.9084734808239,29.606729500000004,0.19176888465881348
1778535594.7151432,2026-05-11T22:39:54.715143,5.13114,1.083,5.55702462,27.9,151.9640437270239,29.617559500000002,0.19176888465881348
1778535594.7553039,2026-05-11T22:39:54.755310,5.13114,1.06956,5.4880620984,27.8,152.01892434800789,29.6282551,0.2319629192352295
1778535594.7553537,2026-05-11T22:39:54.755354,5.13114,1.06931,5.4867793134000005,27.8,152.0737921411419,29.6389482,0.2319629192352295
1778535594.7553713,2026-05-11T22:39:54.755371,5.13114,1.05293,5.4027312402,27.8,152.1278194535439,29.649477500000003,0.2319629192352295
1778535594.755386,2026-05-11T22:39:54.755386,5.13114,1.03818,5.327046925200001,27.8,152.1810899227959,29.659859300000004,0.2319629192352295
1778535594.7950633,2026-05-11T22:39:54.795070,5.13129,1.05553,5.4162305337,27.8,152.2352522281329,29.670414600000004,0.27172017097473145
1778535594.795114,2026-05-11T22:39:54.795115,5.13129,1.05553,5.4162305337,27.8,152.2894145334699,29.680969900000004,0.27172017097473145
1778535594.7951317,2026-05-11T22:39:54.795132,5.13129,1.07354,5.5086450666,27.8,152.34450098413592,29.691705300000006,0.27172017097473145
1778535594.7951472,2026-05-11T22:39:54.795147,5.13129,1.03967,5.3348482743000005,27.8,152.3978494668789,29.702102000000007,0.27172017097473145
1778535594.83539,2026-05-11T22:39:54.835396,5.13129,1.05553,5.4162305337,27.8,152.4520117722159,29.712657300000007,0.31204700469970703
1778535594.8354425,2026-05-11T22:39:54.835443,5.13129,1.04042,5.3386967418,27.8,152.5053987396339,29.723061500000007,0.31204700469970703
1778535594.8354604,2026-05-11T22:39:54.835461,5.13129,1.05553,5.4162305337,27.8,152.5595610449709,29.733616800000007,0.31204700469970703
1778535594.8354754,2026-05-11T22:39:54.835476,5.13129,1.05553,5.4162305337,27.8,152.6137233503079,29.744172100000007,0.31204700469970703
1778535594.8753603,2026-05-11T22:39:54.875366,5.13129,1.05553,5.4162305337,27.8,152.6678856556449,29.754727400000007,0.3520190715789795
1778535594.8754096,2026-05-11T22:39:54.875410,5.13129,1.05553,5.4162305337,27.8,152.7220479609819,29.765282700000007,0.3520190715789795
1778535594.8754277,2026-05-11T22:39:54.875428,5.13122,1.05701,5.4237508521999995,27.8,152.7762854695039,29.775852800000006,0.3520190715789795
1778535594.8754427,2026-05-11T22:39:54.875443,5.13122,1.05701,5.4237508521999995,27.8,152.8305229780259,29.786422900000005,0.3520190715789795
1778535594.91532,2026-05-11T22:39:54.915326,5.13122,1.07802,5.5315577843999995,27.8,152.8858385558699,29.797203100000004,0.39197731018066406
1778535594.9153705,2026-05-11T22:39:54.915371,5.13122,1.05701,5.4237508521999995,27.9,152.9400760643919,29.807773200000003,0.39197731018066406
1778535594.9153888,2026-05-11T22:39:54.915389,5.13122,1.05701,5.4237508521999995,27.9,152.99431357291388,29.818343300000002,0.39197731018066406
1778535594.9154043,2026-05-11T22:39:54.915405,5.13122,1.05701,5.4237508521999995,27.9,153.04855108143587,29.8289134,0.39197731018066406
1778535594.955344,2026-05-11T22:39:54.955349,5.13122,1.05701,5.4237508521999995,27.9,153.10278858995787,29.8394835,0.43200254440307617
1778535594.9553943,2026-05-11T22:39:54.955395,5.13122,1.05701,5.4237508521999995,27.9,153.15702609847986,29.8500536,0.43200254440307617
1778535594.9554124,2026-05-11T22:39:54.955413,5.13122,1.05701,5.4237508521999995,27.8,153.21126360700185,29.860623699999998,0.43200254440307617
1778535594.9554274,2026-05-11T22:39:54.955428,5.13122,1.05701,5.4237508521999995,27.8,153.26550111552385,29.871193799999997,0.43200254440307617
1778535594.9953365,2026-05-11T22:39:54.995342,5.13118,1.05946,5.4362799628,27.8,153.31986391515184,29.881788399999998,0.47199511528015137
1778535594.995386,2026-05-11T22:39:54.995386,5.13118,1.05946,5.4362799628,27.8,153.37422671477984,29.892383,0.47199511528015137
1778535594.995402,2026-05-11T22:39:54.995402,5.13118,1.05946,5.4362799628,27.8,153.42858951440783,29.9029776,0.47199511528015137
1778535594.9954152,2026-05-11T22:39:54.995416,5.13118,1.05946,5.4362799628,27.8,153.48295231403583,29.9135722,0.47199511528015137
1778535595.0350564,2026-05-11T22:39:55.035062,5.13118,1.04167,5.3449962706,27.8,153.53640227674182,29.9239889,0.5117151737213135
1778535595.0351048,2026-05-11T22:39:55.035105,5.13118,1.0444,5.359004391999999,27.8,153.58999232066182,29.9344329,0.5117151737213135
1778535595.035121,2026-05-11T22:39:55.035121,5.13118,1.05946,5.4362799628,27.8,153.64435512028982,29.945027500000002,0.5117151737213135
1778535595.0351343,2026-05-11T22:39:55.035134,5.13118,1.05946,5.4362799628,27.8,153.6987179199178,29.955622100000003,0.5117151737213135
1778535595.0750866,2026-05-11T22:39:55.075089,5.13118,1.05946,5.4362799628,27.8,153.7530807195458,29.966216700000004,0.5517580509185791
1778535595.0751047,2026-05-11T22:39:55.075105,5.13118,1.05946,5.4362799628,27.8,153.8074435191738,29.976811300000005,0.5517580509185791
1778535595.0751095,2026-05-11T22:39:55.075109,5.13106,1.04789,5.376786463399999,27.8,153.8612113838078,29.987290200000004,0.5517580509185791
1778535595.0751135,2026-05-11T22:39:55.075113,5.13106,1.04117,5.3423057402,27.8,153.9146344412098,29.997701900000003,0.5517580509185791
1778535595.115085,2026-05-11T22:39:55.115088,5.13106,1.06269,5.452726151399999,27.8,153.96916170272382,30.0083288,0.5917513370513916
1778535595.1151142,2026-05-11T22:39:55.115115,5.13106,1.06269,5.452726151399999,27.8,154.02368896423783,30.0189557,0.5917513370513916
1778535595.1151247,2026-05-11T22:39:55.115125,5.13106,1.07304,5.5058326224,27.8,154.07874729046185,30.0296861,0.5917513370513916
1778535595.1151338,2026-05-11T22:39:55.115133,5.13106,1.06269,5.452726151399999,27.8,154.13327455197586,30.040312999999998,0.5917513370513916
1778535595.1550882,2026-05-11T22:39:55.155094,5.13106,1.03519,5.3116220014,27.8,154.18639077198986,30.050664899999997,0.6317460536956787
1778535595.1551378,2026-05-11T22:39:55.155138,5.13106,1.04565,5.365292888999999,27.8,154.24004370087985,30.061121399999998,0.6317460536956787
1778535595.155156,2026-05-11T22:39:55.155156,5.13106,1.06269,5.452726151399999,27.8,154.29457096239386,30.071748299999996,0.6317460536956787
1778535595.1551712,2026-05-11T22:39:55.155171,5.13106,1.06269,5.452726151399999,27.8,154.34909822390787,30.082375199999994,0.6317460536956787
1778535595.1946673,2026-05-11T22:39:55.194669,5.1311,1.06238,5.451178018,27.8,154.40361000408788,30.092998999999995,0.6713399887084961
1778535595.194683,2026-05-11T22:39:55.194683,5.1311,1.06238,5.451178018,27.8,154.4581217842679,30.103622799999997,0.6713399887084961
1778535595.1946878,2026-05-11T22:39:55.194687,5.1311,1.04341,5.353841051,27.8,154.51166019477787,30.114056899999998,0.6713399887084961
1778535595.1946917,2026-05-11T22:39:55.194691,5.1311,1.03992,5.3359335119999995,27.8,154.56501952989788,30.124456099999996,0.6713399887084961
1778535595.2350163,2026-05-11T22:39:55.235019,5.1311,1.06238,5.451178018,27.8,154.6195313100779,30.135079899999997,0.7116880416870117
1778535595.2350364,2026-05-11T22:39:55.235036,5.1311,1.07329,5.507158319,27.8,154.6746028932679,30.145812799999998,0.7116880416870117
1778535595.2350423,2026-05-11T22:39:55.235042,5.1311,1.06238,5.451178018,27.8,154.7291146734479,30.1564366,0.7116880416870117
1778535595.235047,2026-05-11T22:39:55.235047,5.1311,1.06238,5.451178018,27.8,154.7836264536279,30.1670604,0.7116880416870117
1778535595.274923,2026-05-11T22:39:55.274928,5.1311,1.084,5.5621124,27.8,154.8392475776279,30.177900400000002,0.7515833377838135
1778535595.2749672,2026-05-11T22:39:55.274968,5.1311,1.06238,5.451178018,27.8,154.8937593578079,30.188524200000003,0.7515833377838135
1778535595.2749832,2026-05-11T22:39:55.274983,5.13098,1.06214,5.449819097200001,27.8,154.9482575487799,30.199145600000005,0.7515833377838135
1778535595.274997,2026-05-11T22:39:55.274997,5.13098,1.06214,5.449819097200001,27.8,155.0027557397519,30.209767000000006,0.7515833377838135
1778535595.3146722,2026-05-11T22:39:55.314674,5.13098,1.09471,5.6169351158000005,27.8,155.0589250909099,30.220714100000006,0.7913451194763184
1778535595.314687,2026-05-11T22:39:55.314687,5.13098,1.06214,5.449819097200001,27.8,155.1134232818819,30.231335500000007,0.7913451194763184
1778535595.3146913,2026-05-11T22:39:55.314691,5.13098,1.06214,5.449819097200001,27.8,155.1679214728539,30.24195690000001,0.7913451194763184
1778535595.314695,2026-05-11T22:39:55.314695,5.13098,1.06214,5.449819097200001,27.8,155.2224196638259,30.25257830000001,0.7913451194763184
1778535595.354587,2026-05-11T22:39:55.354588,5.13098,1.06214,5.449819097200001,27.8,155.2769178547979,30.263199700000012,0.8312604427337646
1778535595.3546016,2026-05-11T22:39:55.354601,5.13098,1.06214,5.449819097200001,27.8,155.33141604576988,30.273821100000013,0.8312604427337646
1778535595.3546057,2026-05-11T22:39:55.354605,5.13098,1.06214,5.449819097200001,27.8,155.38591423674188,30.284442500000015,0.8312604427337646
1778535595.354609,2026-05-11T22:39:55.354608,5.13098,1.06214,5.449819097200001,27.8,155.44041242771388,30.295063900000017,0.8312604427337646
1778535595.3945854,2026-05-11T22:39:55.394587,5.13094,1.06206,5.4493661364,27.8,155.4949060890779,30.305684500000016,0.8712592124938965
1778535595.3946,2026-05-11T22:39:55.394600,5.13094,1.06206,5.4493661364,27.8,155.5493997504419,30.316305100000015,0.8712592124938965
1778535595.3946044,2026-05-11T22:39:55.394604,5.13094,1.04615,5.367732880999999,27.8,155.6030770792519,30.326766600000017,0.8712592124938965
1778535595.394608,2026-05-11T22:39:55.394608,5.13094,1.06206,5.4493661364,27.8,155.6575707406159,30.337387200000016,0.8712592124938965
1778535595.4349034,2026-05-11T22:39:55.434908,5.12018,1.11463,5.7071062334,27.8,155.7146418029499,30.348533500000016,0.9115641117095947
1778535595.4349458,2026-05-11T22:39:55.434946,5.13094,1.0835,5.55937349,27.8,155.77023553784989,30.359368500000016,0.9115641117095947
1778535595.434962,2026-05-11T22:39:55.434962,5.13094,1.09421,5.614325857399999,27.8,155.82637879642388,30.370310600000018,0.9115641117095947
1778535595.4349759,2026-05-11T22:39:55.434976,5.13094,1.09072,5.5964188768,27.8,155.88234298519188,30.381217800000016,0.9115641117095947
1778535595.4748151,2026-05-11T22:39:55.474819,5.13094,1.05013,5.3881540222,27.8,155.93622452541388,30.391719100000017,0.951481819152832
1778535595.474846,2026-05-11T22:39:55.474846,5.13094,1.06206,5.4493661364,27.8,155.99071818677788,30.402339700000017,0.951481819152832
1778535595.4748566,2026-05-11T22:39:55.474857,5.13098,1.06294,5.4539238812,27.9,156.04525742558988,30.412969100000016,0.951481819152832
1778535595.4748662,2026-05-11T22:39:55.474866,5.13098,1.06294,5.4539238812,27.9,156.09979666440188,30.423598500000015,0.951481819152832
1778535595.5150306,2026-05-11T22:39:55.515036,5.13098,1.06294,5.4539238812,27.8,156.15433590321388,30.434227900000014,0.9916911125183105
1778535595.515075,2026-05-11T22:39:55.515076,5.13098,1.04864,5.3805508672,27.8,156.2081414118859,30.444714300000015,0.9916911125183105
1778535595.515091,2026-05-11T22:39:55.515091,5.13098,1.04864,5.3805508672,27.8,156.2619469205579,30.455200700000017,0.9916911125183105
1778535595.5151043,2026-05-11T22:39:55.515105,5.13098,1.06294,5.4539238812,27.8,156.3164861593699,30.465830100000016,0.9916911125183105
1778535595.5553117,2026-05-11T22:39:55.555317,5.13098,1.06294,5.4539238812,27.8,156.3710253981819,30.476459500000015,1.0319724082946777
1778535595.5553558,2026-05-11T22:39:55.555356,5.13098,1.06294,5.4539238812,27.8,156.4255646369939,30.487088900000014,1.0319724082946777
1778535595.5553718,2026-05-11T22:39:55.555372,5.13098,1.06294,5.4539238812,27.8,156.4801038758059,30.497718300000013,1.0319724082946777
1778535595.5553858,2026-05-11T22:39:55.555386,5.13098,1.05113,5.3933270074,27.8,156.5340371458799,30.508229600000014,1.0319724082946777
1778535595.5953474,2026-05-11T22:39:55.595353,5.13102,1.04714,5.3728962828,27.8,156.58776610870788,30.518701000000014,0.03201723098754883
1778535595.5953972,2026-05-11T22:39:55.595398,5.13102,1.06142,5.4461672484,27.8,156.64222778119188,30.529315200000013,0.03201723098754883
1778535595.5954154,2026-05-11T22:39:55.595416,5.13102,1.06142,5.4461672484,27.8,156.69668945367587,30.539929400000013,0.03201723098754883
1778535595.595431,2026-05-11T22:39:55.595431,5.13102,1.06142,5.4461672484,27.9,156.75115112615987,30.55054360000001,0.03201723098754883
1778535595.6353362,2026-05-11T22:39:55.635342,5.13102,1.06142,5.4461672484,27.9,156.80561279864386,30.56115780000001,0.0720059871673584
1778535595.6353853,2026-05-11T22:39:55.635387,5.13102,1.04515,5.362685553,27.9,156.85923965417388,30.57160930000001,0.0720059871673584
1778535595.6354043,2026-05-11T22:39:55.635404,5.13102,1.06142,5.4461672484,27.9,156.91370132665787,30.58222350000001,0.0720059871673584
1778535595.6354194,2026-05-11T22:39:55.635420,5.13102,1.06142,5.4461672484,27.9,156.96816299914187,30.592837700000008,0.0720059871673584
1778535595.674689,2026-05-11T22:39:55.674691,5.13102,1.06142,5.4461672484,27.8,157.02262467162586,30.603451900000007,0.11137223243713379
1778535595.6747067,2026-05-11T22:39:55.674706,5.13102,1.06142,5.4461672484,27.8,157.07708634410986,30.614066100000006,0.11137223243713379
1778535595.6747108,2026-05-11T22:39:55.674711,5.13098,1.06045,5.441147741,27.8,157.13149782151987,30.624670600000005,0.11137223243713379
1778535595.6747146,2026-05-11T22:39:55.674714,5.13098,1.06045,5.441147741,27.8,157.1859092989299,30.635275100000005,0.11137223243713379
1778535595.7146885,2026-05-11T22:39:55.714691,5.13098,1.04963,5.385630537400001,27.9,157.2397656043039,30.645771400000005,0.15137028694152832
1778535595.7147138,2026-05-11T22:39:55.714714,5.13098,1.06045,5.441147741,27.9,157.2941770817139,30.656375900000004,0.15137028694152832
1778535595.714724,2026-05-11T22:39:55.714724,5.13098,1.06045,5.441147741,27.9,157.34858855912393,30.666980400000003,0.15137028694152832
1778535595.7147334,2026-05-11T22:39:55.714733,5.13098,1.06045,5.441147741,27.9,157.40300003653394,30.677584900000003,0.15137028694152832
1778535595.754632,2026-05-11T22:39:55.754634,5.13098,1.06045,5.441147741,27.9,157.45741151394395,30.688189400000002,0.19131684303283691
1778535595.7546537,2026-05-11T22:39:55.754654,5.13098,1.07155,5.498101619,27.9,157.51239253013395,30.698904900000002,0.19131684303283691
1778535595.7546582,2026-05-11T22:39:55.754658,5.13098,1.06045,5.441147741,27.8,157.56680400754396,30.7095094,0.19131684303283691
1778535595.7546618,2026-05-11T22:39:55.754662,5.13098,1.06045,5.441147741,27.8,157.62121548495398,30.7201139,0.19131684303283691
1778535595.7946527,2026-05-11T22:39:55.794655,5.13098,1.0606,5.441917388,27.8,157.67563465883399,30.7307199,0.23133254051208496
1778535595.7946775,2026-05-11T22:39:55.794678,5.13098,1.0606,5.441917388,27.8,157.730053832714,30.7413259,0.23133254051208496
1778535595.7946885,2026-05-11T22:39:55.794689,5.13098,1.0606,5.441917388,27.8,157.784473006594,30.7519319,0.23133254051208496
1778535595.7946985,2026-05-11T22:39:55.794698,5.13098,1.04266,5.349867606799999,27.8,157.837971682662,30.762358499999998,0.23133254051208496
1778535595.8346083,2026-05-11T22:39:55.834611,5.13098,1.0606,5.441917388,27.8,157.892390856542,30.772964499999997,0.27129054069519043
1778535595.834635,2026-05-11T22:39:55.834635,5.13098,1.0606,5.441917388,27.8,157.946810030422,30.783570499999996,0.27129054069519043
1778535595.8346453,2026-05-11T22:39:55.834645,5.13098,1.04889,5.3818336122,27.8,158.000628366544,30.794059399999995,0.27129054069519043
1778535595.834654,2026-05-11T22:39:55.834654,5.13098,1.0606,5.441917388,27.8,158.055047540424,30.804665399999994,0.27129054069519043
1778535595.8749068,2026-05-11T22:39:55.874912,5.13098,1.0606,5.441917388,27.8,158.109466714304,30.815271399999993,0.31157875061035156
1778535595.874951,2026-05-11T22:39:55.874951,5.13098,1.0606,5.441917388,27.8,158.163885888184,30.825877399999992,0.31157875061035156
1778535595.8749654,2026-05-11T22:39:55.874965,5.13094,1.06082,5.443003770800001,27.8,158.218315925892,30.836485599999993,0.31157875061035156
1778535595.8749778,2026-05-11T22:39:55.874978,5.13094,1.0449,5.361319205999999,27.9,158.271929117952,30.846934599999994,0.31157875061035156
1778535595.9151099,2026-05-11T22:39:55.915115,5.13094,1.04465,5.360036471,27.9,158.325529482662,30.857381099999994,0.35178279876708984
1778535595.9151533,2026-05-11T22:39:55.915153,5.13094,1.07852,5.5338214088,27.9,158.38086769675002,30.868166299999995,0.35178279876708984
1778535595.9151688,2026-05-11T22:39:55.915169,5.13094,1.06082,5.443003770800001,27.9,158.435297734458,30.878774499999995,0.35178279876708984
1778535595.9151826,2026-05-11T22:39:55.915183,5.13094,1.07254,5.5031383876,27.9,158.49032911833402,30.889499899999993,0.35178279876708984
1778535595.9552166,2026-05-11T22:39:55.955223,5.13094,1.07877,5.5351041438,27.9,158.54568015977202,30.900287599999995,0.39188647270202637
1778535595.9552658,2026-05-11T22:39:55.955266,5.11016,1.06082,5.4209599312,27.9,158.59988975908402,30.910895799999995,0.39188647270202637
1778535595.9552832,2026-05-11T22:39:55.955283,5.13094,1.06082,5.443003770800001,27.8,158.654319796792,30.921503999999995,0.39188647270202637
1778535595.955299,2026-05-11T22:39:55.955299,5.13094,1.08425,5.563221694999999,27.8,158.709952013742,30.932346499999994,0.39188647270202637
1778535595.9953918,2026-05-11T22:39:55.995396,5.13098,1.07952,5.5389955296,27.8,158.765341969038,30.943141699999995,0.43206310272216797
1778535595.995438,2026-05-11T22:39:55.995439,5.13098,1.07404,5.5108777592000004,27.8,158.82045074663,30.953882099999994,0.43206310272216797
1778535595.9954534,2026-05-11T22:39:55.995454,5.13098,1.07354,5.5083122692,27.8,158.875533869322,30.964617499999996,0.43206310272216797
1778535595.9954658,2026-05-11T22:39:55.995466,5.13098,1.06232,5.4507426736,27.8,158.930041296058,30.975240699999997,0.43206310272216797
1778535596.0351946,2026-05-11T22:39:56.035200,5.13098,1.06232,5.4507426736,27.8,158.984548722794,30.9858639,0.471865177154541
1778535596.0352445,2026-05-11T22:39:56.035245,5.13098,1.08375,5.560699575,27.8,159.04015571854399,30.9967014,0.471865177154541
1778535596.0352628,2026-05-11T22:39:56.035263,5.13098,1.06232,5.4507426736,27.8,159.09466314527998,31.0073246,0.471865177154541
1778535596.0352783,2026-05-11T22:39:56.035279,5.13098,1.06232,5.4507426736,27.8,159.14917057201598,31.0179478,0.471865177154541
1778535596.0753343,2026-05-11T22:39:56.075340,5.13098,1.06232,5.4507426736,27.8,159.20367799875197,31.028571000000003,0.5120043754577637
1778535596.075383,2026-05-11T22:39:56.075384,5.13098,1.04191,5.3460193718,27.8,159.25713819246997,31.038990100000003,0.5120043754577637
1778535596.0754018,2026-05-11T22:39:56.075402,5.1311,1.05337,5.404946807,27.8,159.31118766053996,31.049523800000003,0.5120043754577637
1778535596.0754175,2026-05-11T22:39:56.075418,5.1311,1.0635,5.456924849999999,27.8,159.36575690903996,31.060158800000004,0.5120043754577637
1778535596.1149654,2026-05-11T22:39:56.114971,5.1311,1.0635,5.456924849999999,27.8,159.42032615753996,31.070793800000004,0.5516371726989746
1778535596.115012,2026-05-11T22:39:56.115012,5.1311,1.0635,5.456924849999999,27.8,159.47489540603996,31.081428800000005,0.5516371726989746
1778535596.1150272,2026-05-11T22:39:56.115027,5.1311,1.07379,5.509723869,27.9,159.52999264472996,31.092166700000003,0.5516371726989746
1778535596.1150405,2026-05-11T22:39:56.115041,5.1311,1.0635,5.456924849999999,27.8,159.58456189322996,31.102801700000004,0.5516371726989746
1778535596.1551163,2026-05-11T22:39:56.155118,5.1311,1.0635,5.456924849999999,27.8,159.63913114172996,31.113436700000005,0.5918004512786865
1778535596.1551342,2026-05-11T22:39:56.155134,5.1311,1.0635,5.456924849999999,27.8,159.69370039022996,31.124071700000005,0.5918004512786865
1778535596.155139,2026-05-11T22:39:56.155139,5.1311,1.0635,5.456924849999999,27.8,159.74826963872997,31.134706700000006,0.5918004512786865
1778535596.155143,2026-05-11T22:39:56.155143,5.1311,1.0635,5.456924849999999,27.8,159.80283888722997,31.145341700000007,0.5918004512786865
1778535596.194724,2026-05-11T22:39:56.194726,5.13118,1.06331,5.4560350058,27.8,159.85739923728798,31.155974800000006,0.6314067840576172
1778535596.1947422,2026-05-11T22:39:56.194742,5.13118,1.06331,5.4560350058,27.8,159.911959587346,31.166607900000006,0.6314067840576172
1778535596.1947467,2026-05-11T22:39:56.194746,5.13118,1.06331,5.4560350058,27.8,159.966519937404,31.177241000000006,0.6314067840576172
1778535596.1947503,2026-05-11T22:39:56.194750,5.13118,1.06331,5.4560350058,27.8,160.021080287462,31.187874100000005,0.6314067840576172
1778535596.2352788,2026-05-11T22:39:56.235284,5.13118,1.06331,5.4560350058,27.8,160.07564063752002,31.198507200000005,0.6719512939453125
1778535596.2353227,2026-05-11T22:39:56.235323,5.13118,1.06331,5.4560350058,27.8,160.13020098757804,31.209140300000005,0.6719512939453125
1778535596.2353377,2026-05-11T22:39:56.235338,5.13118,1.06331,5.4560350058,27.9,160.18476133763605,31.219773400000005,0.6719512939453125
1778535596.2353513,2026-05-11T22:39:56.235352,5.13118,1.05262,5.401182691599999,27.9,160.23877316455204,31.230299600000006,0.6719512939453125
1778535596.2751412,2026-05-11T22:39:56.275146,5.13118,1.03992,5.3360167056,27.9,160.29213333160806,31.240698800000004,0.7118139266967773
1778535596.2751849,2026-05-11T22:39:56.275185,5.13118,1.06331,5.4560350058,27.8,160.34669368166607,31.251331900000004,0.7118139266967773
1778535596.2752013,2026-05-11T22:39:56.275201,5.13129,1.06367,5.457999234299999,27.8,160.40127367400908,31.261968600000003,0.7118139266967773
1778535596.275215,2026-05-11T22:39:56.275215,5.13129,1.07429,5.5124935341,27.9,160.4563986093501,31.272711500000003,0.7118139266967773
1778535596.3147159,2026-05-11T22:39:56.314718,5.13129,1.07429,5.5124935341,27.9,160.5115235446911,31.283454400000004,0.7514002323150635
1778535596.3147354,2026-05-11T22:39:56.314735,5.13129,1.06367,5.457999234299999,27.9,160.5661035370341,31.294091100000003,0.7514002323150635
1778535596.3147392,2026-05-11T22:39:56.314739,5.13129,1.05312,5.4038641248,27.9,160.62014217828212,31.304622300000002,0.7514002323150635
1778535596.3147426,2026-05-11T22:39:56.314742,5.13129,1.12384,5.7667489536,27.9,160.6778096678181,31.3158607,0.7514002323150635
1778535596.3550267,2026-05-11T22:39:56.355029,5.13129,1.07628,5.5227048012,27.9,160.7330367158301,31.3266235,0.7917108535766602
1778535596.3550446,2026-05-11T22:39:56.355044,5.13129,1.07379,5.5099278891,27.9,160.7881359947211,31.3373614,0.7917108535766602
1778535596.3550503,2026-05-11T22:39:56.355050,5.13129,1.08151,5.549541447899999,27.9,160.8436314092001,31.348176499999997,0.7917108535766602
1778535596.3550556,2026-05-11T22:39:56.355055,5.13129,1.04814,5.3783103006,27.9,160.8974145122061,31.358657899999997,0.7917108535766602
1778535596.3952827,2026-05-11T22:39:56.395288,5.13129,1.04117,5.3425452093,27.9,160.9508399642991,31.369069599999996,0.8319556713104248
1778535596.3953266,2026-05-11T22:39:56.395327,5.13129,1.0454,5.364250566000001,27.9,161.0044824699591,31.379523599999995,0.8319556713104248
1778535596.3953428,2026-05-11T22:39:56.395343,5.13129,1.06406,5.4600004374,27.9,161.0590824743331,31.390164199999994,0.8319556713104248
1778535596.3953567,2026-05-11T22:39:56.395357,5.13129,1.07628,5.5227048012,27.9,161.1143095223451,31.400926999999992,0.8319556713104248
1778535596.4352906,2026-05-11T22:39:56.435296,5.13129,1.06406,5.4600004374,27.9,161.16890952671912,31.41156759999999,0.8719611167907715
1778535596.4353395,2026-05-11T22:39:56.435340,5.13129,1.06406,5.4600004374,27.9,161.22350953109313,31.42220819999999,0.8719611167907715
1778535596.4353561,2026-05-11T22:39:56.435356,5.13129,1.03868,5.3297682972,27.9,161.27680721406512,31.43259499999999,0.8719611167907715
1778535596.4353695,2026-05-11T22:39:56.435370,5.13129,1.05212,5.3987328348,27.9,161.33079454241312,31.443116199999988,0.8719611167907715
1778535596.474875,2026-05-11T22:39:56.474881,5.13129,1.07454,5.5137763566,27.9,161.3859323059791,31.45386159999999,0.9115362167358398
1778535596.4749293,2026-05-11T22:39:56.474929,5.13129,1.07902,5.536764535800001,27.8,161.4412999513371,31.464651799999988,0.9115362167358398
1778535596.474938,2026-05-11T22:39:56.474938,5.13133,1.08574,5.5712902342,27.9,161.4970128536791,31.475509199999987,0.9115362167358398
1778535596.4749455,2026-05-11T22:39:56.474945,5.13133,1.07553,5.5188993549,27.9,161.5522018472281,31.486264499999987,0.9115362167358398
1778535596.514899,2026-05-11T22:39:56.514902,5.13133,1.06366,5.4579904678,27.9,161.6067817519061,31.496901099999988,0.9515812397003174
1778535596.5149207,2026-05-11T22:39:56.514921,5.13133,1.06366,5.4579904678,27.9,161.66136165658412,31.50753769999999,0.9515812397003174
1778535596.5149267,2026-05-11T22:39:56.514926,5.13133,1.06366,5.4579904678,27.9,161.71594156126213,31.51817429999999,0.9515812397003174
1778535596.5149314,2026-05-11T22:39:56.514931,5.13133,1.07653,5.5240306849000005,27.9,161.7711818681111,31.52893959999999,0.9515812397003174
1778535596.5553532,2026-05-11T22:39:56.555359,5.13133,1.06366,5.4579904678,27.9,161.82576177278912,31.539576199999992,0.9920239448547363
1778535596.5554025,2026-05-11T22:39:56.555403,5.13133,1.06366,5.4579904678,27.9,161.88034167746713,31.550212799999994,0.9920239448547363
1778535596.5554202,2026-05-11T22:39:56.555420,5.13133,1.04167,5.345152521100001,27.9,161.93379320267812,31.560629499999994,0.9920239448547363
1778535596.5554352,2026-05-11T22:39:56.555436,5.13133,1.0449,5.361726717,27.8,161.98741046984813,31.571078499999995,0.9920239448547363
1778535596.5951319,2026-05-11T22:39:56.595138,5.13133,1.05163,5.396260567900001,27.8,162.04137307552713,31.581594799999994,1.0318021774291992
1778535596.5951824,2026-05-11T22:39:56.595183,5.13133,1.08674,5.5764215642,27.8,162.09713729116913,31.592462199999993,1.0318021774291992
1778535596.5952008,2026-05-11T22:39:56.595201,5.13133,1.08176,5.5508675408000006,27.8,162.15264596657713,31.603279799999992,1.0318021774291992
1778535596.595216,2026-05-11T22:39:56.595216,5.13133,1.07728,5.5278791824,27.8,162.20792475840113,31.614052599999994,1.0318021774291992
1778535596.6353357,2026-05-11T22:39:56.635341,5.13133,1.06379,5.4586575407,27.8,162.26251133380813,31.624690499999993,0.03199052810668945
1778535596.6353843,2026-05-11T22:39:56.635385,5.13133,1.08574,5.5712902342,27.8,162.31822423615014,31.63554789999999,0.03199052810668945
1778535596.635402,2026-05-11T22:39:56.635402,5.13133,1.06379,5.4586575407,27.8,162.37281081155714,31.64618579999999,0.03199052810668945
1778535596.635418,2026-05-11T22:39:56.635418,5.13133,1.07902,5.5368076966,27.8,162.42817888852315,31.65697599999999,0.03199052810668945
1778535596.6750774,2026-05-11T22:39:56.675083,5.13133,1.08001,5.5418877132999995,27.8,162.48359776565616,31.66777609999999,0.0717313289642334
1778535596.6751258,2026-05-11T22:39:56.675127,5.13133,1.07429,5.5125365057,27.8,162.53872313071315,31.67851899999999,0.0717313289642334
1778535596.6751442,2026-05-11T22:39:56.675144,5.13141,1.07927,5.538176870699999,27.8,162.59410489942016,31.68931169999999,0.0717313289642334
1778535596.6751592,2026-05-11T22:39:56.675160,5.13141,1.06517,5.4658239897,27.8,162.64876313931717,31.69996339999999,0.0717313289642334
1778535596.7148361,2026-05-11T22:39:56.714838,5.13141,1.06517,5.4658239897,27.8,162.70342137921418,31.71061509999999,0.11150550842285156
1778535596.7148514,2026-05-11T22:39:56.714851,5.13141,1.01851,5.2263923991,27.8,162.75568530320518,31.720800199999992,0.11150550842285156
1778535596.7148554,2026-05-11T22:39:56.714855,5.13141,1.05212,5.398859089199999,27.8,162.8096738940972,31.73132139999999,0.11150550842285156
1778535596.7148592,2026-05-11T22:39:56.714859,5.13141,1.07852,5.5343283132,27.8,162.8650171772292,31.742106599999993,0.11150550842285156
1778535596.7547722,2026-05-11T22:39:56.754774,5.13141,1.06517,5.4658239897,27.8,162.9196754171262,31.752758299999993,0.1514415740966797
1778535596.7547877,2026-05-11T22:39:56.754787,5.13141,1.06517,5.4658239897,27.8,162.9743336570232,31.763409999999993,0.1514415740966797
1778535596.7547922,2026-05-11T22:39:56.754792,5.13141,1.06517,5.4658239897,27.8,163.02899189692022,31.774061699999994,0.1514415740966797
1778535596.754796,2026-05-11T22:39:56.754796,5.13141,1.06517,5.4658239897,27.9,163.08365013681723,31.784713399999994,0.1514415740966797
1778535596.7950168,2026-05-11T22:39:56.795020,5.13145,1.06539,5.466995515500001,27.9,163.13832009197222,31.795367299999995,0.1916797161102295
1778535596.7950473,2026-05-11T22:39:56.795047,5.13145,1.07728,5.528008456,27.9,163.19360017653221,31.806140099999997,0.1916797161102295
1778535596.795058,2026-05-11T22:39:56.795058,5.13145,1.06539,5.466995515500001,27.9,163.2482701316872,31.816793999999998,0.1916797161102295
1778535596.7950673,2026-05-11T22:39:56.795067,5.13145,1.06539,5.466995515500001,27.9,163.3029400868422,31.8274479,0.1916797161102295
1778535596.8353386,2026-05-11T22:39:56.835347,5.13145,1.06539,5.466995515500001,27.9,163.3576100419972,31.8381018,0.2319812774658203
1778535596.835408,2026-05-11T22:39:56.835409,5.13145,1.06539,5.466995515500001,27.9,163.41227999715218,31.8487557,0.2319812774658203
1778535596.8354247,2026-05-11T22:39:56.835425,5.13145,1.06539,5.466995515500001,27.9,163.46694995230717,31.859409600000003,0.2319812774658203
1778535596.8354397,2026-05-11T22:39:56.835440,5.13145,1.06539,5.466995515500001,27.9,163.52161990746217,31.870063500000004,0.2319812774658203
1778535596.8753414,2026-05-11T22:39:56.875347,5.13145,1.07703,5.5267255935,27.9,163.57688716339717,31.880833800000005,0.27199578285217285
1778535596.8753915,2026-05-11T22:39:56.875392,5.13145,1.06539,5.466995515500001,27.9,163.63155711855217,31.891487700000006,0.27199578285217285
1778535596.87541,2026-05-11T22:39:56.875410,5.13153,1.0444,5.359369932,27.9,163.68515081787217,31.901931700000006,0.27199578285217285
1778535596.8754256,2026-05-11T22:39:56.875426,5.13153,1.04864,5.3811276192,27.9,163.73896209406416,31.912418100000007,0.27199578285217285
1778535596.915109,2026-05-11T22:39:56.915115,5.13153,1.0332,5.301896795999999,27.9,163.79198106202418,31.922750100000005,0.31176257133483887
1778535596.915157,2026-05-11T22:39:56.915158,5.13153,1.06592,5.4698004576,27.9,163.8466790666002,31.933409300000005,0.31176257133483887
1778535596.915175,2026-05-11T22:39:56.915175,5.13153,1.06592,5.4698004576,27.9,163.9013770711762,31.944068500000004,0.31176257133483887
1778535596.9151905,2026-05-11T22:39:56.915191,5.13153,1.04789,5.3772789717,27.9,163.9551498608932,31.954547400000003,0.31176257133483887
1778535596.9553375,2026-05-11T22:39:56.955344,5.13153,1.04465,5.3606528145,27.9,164.00875638903818,31.964993900000003,0.3519916534423828
1778535596.9553883,2026-05-11T22:39:56.955389,5.13153,1.06592,5.4698004576,27.9,164.0634543936142,31.975653100000002,0.3519916534423828
1778535596.955407,2026-05-11T22:39:56.955407,5.13153,1.06592,5.4698004576,27.9,164.1181523981902,31.9863123,0.3519916534423828
1778535596.9554226,2026-05-11T22:39:56.955423,5.13153,1.06592,5.4698004576,27.8,164.17285040276622,31.9969715,0.3519916534423828
1778535596.9950738,2026-05-11T22:39:56.995080,5.13161,1.08001,5.5421901161,27.8,164.2282723039272,32.0077716,0.39172816276550293
1778535596.9951231,2026-05-11T22:39:56.995124,5.13161,1.03594,5.316040063400001,27.8,164.2814327045612,32.018131,0.39172816276550293
1778535596.995141,2026-05-11T22:39:56.995141,5.13161,1.03992,5.3364638712,27.8,164.3347973432732,32.0285302,0.39172816276550293
1778535596.995157,2026-05-11T22:39:56.995157,5.13161,1.06608,5.470706788799999,27.8,164.3895044111612,32.039190999999995,0.39172816276550293
1778535597.035357,2026-05-11T22:39:57.035363,5.13161,1.06608,5.470706788799999,27.8,164.4442114790492,32.04985179999999,0.43201136589050293
1778535597.0354068,2026-05-11T22:39:57.035408,5.13161,1.05536,5.415695929600001,27.8,164.49836843834518,32.06040539999999,0.43201136589050293
1778535597.0354261,2026-05-11T22:39:57.035426,5.13161,1.08151,5.5498875311,27.8,164.55386731365618,32.071220499999995,0.43201136589050293
1778535597.0354416,2026-05-11T22:39:57.035442,5.13161,1.04391,5.356938995099999,27.8,164.6074367036072,32.081659599999995,0.43201136589050293
1778535597.0749547,2026-05-11T22:39:57.074962,5.13161,1.04366,5.3556560926,27.9,164.6609932645332,32.09209619999999,0.47159481048583984
1778535597.0752535,2026-05-11T22:39:57.075259,5.13161,1.06608,5.470706788799999,27.8,164.7157003324212,32.10275699999999,0.47159481048583984
1778535597.0753133,2026-05-11T22:39:57.075314,5.13157,1.06483,5.464249683099999,27.8,164.7703428292522,32.11340529999999,0.47159481048583984
1778535597.0753322,2026-05-11T22:39:57.075332,5.13157,1.06483,5.464249683099999,27.9,164.8249853260832,32.12405359999999,0.47159481048583984
1778535597.1151035,2026-05-11T22:39:57.115106,5.13157,1.06483,5.464249683099999,27.9,164.87962782291422,32.13470189999999,0.5117714405059814
1778535597.1151235,2026-05-11T22:39:57.115123,5.13157,1.03843,5.328776235099999,27.9,164.93291558526522,32.14508619999999,0.5117714405059814
1778535597.1151285,2026-05-11T22:39:57.115128,5.13157,1.04416,5.3581801312,27.9,164.9864973865772,32.15552779999999,0.5117714405059814
1778535597.1151335,2026-05-11T22:39:57.115133,5.13157,1.06483,5.464249683099999,27.9,165.04113988340822,32.16617609999999,0.5117714405059814
1778535597.154941,2026-05-11T22:39:57.154946,5.13157,1.06483,5.464249683099999,27.9,165.09578238023923,32.17682439999999,0.55159592628479
1778535597.1549883,2026-05-11T22:39:57.154989,5.13157,1.06483,5.464249683099999,27.9,165.15042487707024,32.18747269999999,0.55159592628479
1778535597.1550076,2026-05-11T22:39:57.155008,5.13157,1.04938,5.3849669266,27.9,165.20427454633622,32.197966499999986,0.55159592628479
1778535597.155025,2026-05-11T22:39:57.155025,5.13157,1.04988,5.3875327116,27.9,165.25814987345223,32.208465299999986,0.55159592628479
1778535597.1946616,2026-05-11T22:39:57.194663,5.13157,1.04316,5.3530485612000005,27.9,165.3116803590642,32.21889689999998,0.5913312435150146
1778535597.1946762,2026-05-11T22:39:57.194676,5.13157,1.06441,5.4620944237,27.9,165.3663013033012,32.22954099999998,0.5913312435150146
1778535597.1946802,2026-05-11T22:39:57.194680,5.13157,1.06441,5.4620944237,27.9,165.42092224753821,32.240185099999984,0.5913312435150146
1778535597.1946843,2026-05-11T22:39:57.194684,5.13157,1.06441,5.4620944237,27.9,165.47554319177522,32.250829199999984,0.5913312435150146
1778535597.2347605,2026-05-11T22:39:57.234762,5.13157,1.06441,5.4620944237,27.8,165.53016413601222,32.261473299999984,0.6314270496368408
1778535597.2347784,2026-05-11T22:39:57.234778,5.13157,1.06441,5.4620944237,27.9,165.58478508024922,32.272117399999985,0.6314270496368408
1778535597.234783,2026-05-11T22:39:57.234783,5.13157,1.05262,5.401593213399999,27.8,165.63880101238323,32.282643599999986,0.6314270496368408
1778535597.2347863,2026-05-11T22:39:57.234786,5.13157,1.06441,5.4620944237,27.8,165.69342195662023,32.293287699999986,0.6314270496368408
1778535597.2746668,2026-05-11T22:39:57.274668,5.13157,1.06441,5.4620944237,27.9,165.74804290085723,32.30393179999999,0.6713354587554932
1778535597.2746816,2026-05-11T22:39:57.274682,5.13157,1.06441,5.4620944237,27.9,165.80266384509423,32.31457589999999,0.6713354587554932
1778535597.2746859,2026-05-11T22:39:57.274686,5.13149,1.06385,5.4591356365,27.9,165.85725520145922,32.325214399999986,0.6713354587554932
1778535597.2746897,2026-05-11T22:39:57.274689,5.13149,1.05038,5.390014466200001,27.8,165.91115534612123,32.33571819999999,0.6713354587554932
1778535597.3148365,2026-05-11T22:39:57.314842,5.13149,1.05337,5.4053576213,27.8,165.96520892233423,32.34625189999999,0.7114923000335693
1778535597.3148727,2026-05-11T22:39:57.314873,5.13149,1.06385,5.4591356365,27.9,166.01980027869922,32.35689039999999,0.7114923000335693
1778535597.3148828,2026-05-11T22:39:57.314883,5.13149,1.06385,5.4591356365,27.9,166.07439163506422,32.36752889999999,0.7114923000335693
1778535597.3148952,2026-05-11T22:39:57.314896,5.13149,1.06385,5.4591356365,27.8,166.1289829914292,32.37816739999999,0.7114923000335693
1778535597.3547206,2026-05-11T22:39:57.354722,5.13149,1.06385,5.4591356365,27.9,166.1835743477942,32.38880589999999,0.7513885498046875
1778535597.3547366,2026-05-11T22:39:57.354736,5.13149,1.04814,5.3785199286,27.9,166.23735954708022,32.39928729999999,0.7513885498046875
1778535597.3547418,2026-05-11T22:39:57.354741,5.13149,1.06385,5.4591356365,27.9,166.2919509034452,32.40992579999999,0.7513885498046875
1778535597.3547463,2026-05-11T22:39:57.354746,5.13149,1.04789,5.3772370561,27.8,166.34572327400622,32.42040469999999,0.7513885498046875
1778535597.3948786,2026-05-11T22:39:57.394884,5.13149,1.06318,5.455697538200001,27.8,166.40028024938823,32.43103649999999,0.7915360927581787
1778535597.3949196,2026-05-11T22:39:57.394920,5.13149,1.06318,5.455697538200001,27.9,166.45483722477024,32.44166829999999,0.7915360927581787
1778535597.3949332,2026-05-11T22:39:57.394933,5.13149,1.06318,5.455697538200001,27.9,166.50939420015226,32.45230009999999,0.7915360927581787
1778535597.3949847,2026-05-11T22:39:57.394985,5.13149,1.06318,5.455697538200001,27.9,166.56395117553427,32.46293189999999,0.7915360927581787
1778535597.4353802,2026-05-11T22:39:57.435386,5.12018,1.06318,5.443672972400001,27.9,166.61838790525826,32.473563699999985,0.8320367336273193
1778535597.4354243,2026-05-11T22:39:57.435425,5.13149,1.06318,5.455697538200001,27.9,166.67294488064027,32.484195499999984,0.8320367336273193
1778535597.4354403,2026-05-11T22:39:57.435440,5.13149,1.06318,5.455697538200001,27.9,166.7275018560223,32.49482729999998,0.8320367336273193
1778535597.4354541,2026-05-11T22:39:57.435454,5.13149,1.06318,5.455697538200001,27.9,166.7820588314043,32.50545909999998,0.8320367336273193
1778535597.4749393,2026-05-11T22:39:57.474944,5.13149,1.06318,5.455697538200001,27.9,166.8366158067863,32.51609089999998,0.871596097946167
1778535597.4749813,2026-05-11T22:39:57.474982,5.13149,1.06318,5.455697538200001,27.9,166.89117278216833,32.52672269999998,0.871596097946167
1778535597.4749966,2026-05-11T22:39:57.474997,5.13141,1.0629,5.4541756889999995,27.9,166.94571453905832,32.53735169999998,0.871596097946167
1778535597.4750087,2026-05-11T22:39:57.475009,5.13141,1.0629,5.4541756889999995,27.8,167.0002562959483,32.54798069999998,0.871596097946167
1778535597.5152638,2026-05-11T22:39:57.515269,5.13141,1.07603,5.5215511023,27.9,167.0554718069713,32.55874099999998,0.9119205474853516
1778535597.5153086,2026-05-11T22:39:57.515309,5.13141,1.0629,5.4541756889999995,27.9,167.1100135638613,32.569369999999985,0.9119205474853516
1778535597.515325,2026-05-11T22:39:57.515325,5.13141,1.0629,5.4541756889999995,27.9,167.16455532075128,32.57999899999999,0.9119205474853516
1778535597.5153384,2026-05-11T22:39:57.515339,5.13141,1.0629,5.4541756889999995,27.9,167.21909707764127,32.59062799999999,0.9119205474853516
1778535597.5549793,2026-05-11T22:39:57.554984,5.13141,1.0629,5.4541756889999995,27.9,167.27363883453125,32.60125699999999,0.9516351222991943
1778535597.5550225,2026-05-11T22:39:57.555023,5.13141,1.05287,5.4027076467,27.9,167.32766591099826,32.61178569999999,0.9516351222991943
1778535597.5550382,2026-05-11T22:39:57.555038,5.13141,1.0629,5.4541756889999995,27.9,167.38220766788825,32.62241469999999,0.9516351222991943
1778535597.555052,2026-05-11T22:39:57.555052,5.13141,1.0629,5.4541756889999995,27.9,167.43674942477824,32.633043699999995,0.9516351222991943
1778535597.5952713,2026-05-11T22:39:57.595276,5.13133,1.06276,5.4533722708,27.9,167.49128314748623,32.643671299999994,0.9919273853302002
1778535597.5953152,2026-05-11T22:39:57.595316,5.13133,1.06276,5.4533722708,27.9,167.54581687019422,32.65429889999999,0.9919273853302002
1778535597.5953307,2026-05-11T22:39:57.595331,5.13133,1.06276,5.4533722708,27.9,167.6003505929022,32.66492649999999,0.9919273853302002
1778535597.5953457,2026-05-11T22:39:57.595346,5.13133,1.05113,5.3936949029,27.9,167.6542875419312,32.67543779999999,0.9919273853302002
1778535597.6352313,2026-05-11T22:39:57.635237,5.13133,1.06276,5.4533722708,27.9,167.7088212646392,32.68606539999999,1.0318856239318848
1778535597.6352813,2026-05-11T22:39:57.635282,5.13133,1.06276,5.4533722708,27.9,167.76335498734718,32.69669299999999,1.0318856239318848
1778535597.6352987,2026-05-11T22:39:57.635299,5.13133,1.06276,5.4533722708,27.9,167.81788871005517,32.70732059999999,1.0318856239318848
1778535597.6353142,2026-05-11T22:39:57.635314,5.13133,1.06276,5.4533722708,27.9,167.87242243276316,32.71794819999999,1.0318856239318848
1778535597.6753554,2026-05-11T22:39:57.675361,5.13133,1.04291,5.3515153703000005,27.9,167.92593758646615,32.72837729999999,0.03210759162902832
1778535597.675405,2026-05-11T22:39:57.675406,5.13133,1.04789,5.3770693937,27.9,167.97970828040314,32.738856199999994,0.03210759162902832
1778535597.6754231,2026-05-11T22:39:57.675423,5.13125,1.06177,5.4482073125,27.9,168.03419035352815,32.74947389999999,0.03210759162902832
1778535597.6754384,2026-05-11T22:39:57.675438,5.13125,1.0723,5.502239374999999,27.9,168.08921274727814,32.76019689999999,0.03210759162902832
1778535597.7147396,2026-05-11T22:39:57.714742,5.13125,1.06177,5.4482073125,27.9,168.14369482040314,32.77081459999999,0.0715022087097168
1778535597.7147646,2026-05-11T22:39:57.714765,5.13125,1.06177,5.4482073125,27.9,168.19817689352814,32.781432299999985,0.0715022087097168
1778535597.7147717,2026-05-11T22:39:57.714772,5.13125,1.05063,5.3910451875,27.9,168.25208734540314,32.79193859999999,0.0715022087097168
1778535597.7147787,2026-05-11T22:39:57.714778,5.13125,1.04341,5.353997562499999,27.9,168.30562732102814,32.802372699999985,0.0715022087097168
1778535597.7547967,2026-05-11T22:39:57.754799,5.13125,1.06177,5.4482073125,27.9,168.36010939415314,32.81299039999998,0.11156296730041504
1778535597.7548156,2026-05-11T22:39:57.754815,5.13125,1.06177,5.4482073125,27.8,168.41459146727814,32.82360809999998,0.11156296730041504
1778535597.7548196,2026-05-11T22:39:57.754819,5.13125,1.06177,5.4482073125,27.8,168.46907354040314,32.83422579999998,0.11156296730041504
1778535597.7548234,2026-05-11T22:39:57.754823,5.13125,1.06177,5.4482073125,27.8,168.52355561352815,32.844843499999975,0.11156296730041504
1778535597.794712,2026-05-11T22:39:57.794714,5.13114,1.06118,5.445063145200001,27.8,168.57800624498014,32.855455299999974,0.15147805213928223
1778535597.794729,2026-05-11T22:39:57.794729,5.13114,1.04391,5.3564483574,27.8,168.63157072855415,32.86589439999997,0.15147805213928223
1778535597.794733,2026-05-11T22:39:57.794733,5.13114,1.06118,5.445063145200001,27.8,168.68602136000615,32.87650619999997,0.15147805213928223
1778535597.7947369,2026-05-11T22:39:57.794737,5.13114,1.06118,5.445063145200001,27.8,168.74047199145815,32.88711799999997,0.15147805213928223
1778535597.8348253,2026-05-11T22:39:57.834827,5.13114,1.06118,5.445063145200001,27.8,168.79492262291015,32.89772979999997,0.1915912628173828
1778535597.834843,2026-05-11T22:39:57.834843,5.13114,1.06118,5.445063145200001,27.9,168.84937325436215,32.90834159999997,0.1915912628173828
1778535597.8348472,2026-05-11T22:39:57.834847,5.13114,1.06118,5.445063145200001,27.9,168.90382388581415,32.91895339999997,0.1915912628173828
1778535597.8348508,2026-05-11T22:39:57.834850,5.13114,1.04316,5.352600002400001,27.9,168.95734988583814,32.92938499999997,0.1915912628173828
1778535597.8747253,2026-05-11T22:39:57.874727,5.13114,1.06118,5.445063145200001,27.9,169.01180051729014,32.93999679999997,0.2314927577972412
1778535597.874741,2026-05-11T22:39:57.874741,5.13114,1.06118,5.445063145200001,27.9,169.06625114874214,32.95060859999997,0.2314927577972412
1778535597.8747456,2026-05-11T22:39:57.874745,5.13094,1.06081,5.4429524614,27.9,169.12068067335613,32.961216699999966,0.2314927577972412
1778535597.87475,2026-05-11T22:39:57.874750,5.13094,1.07254,5.5031383876,27.9,169.17571205723215,32.971942099999964,0.2314927577972412
1778535597.914716,2026-05-11T22:39:57.914718,5.13094,1.06081,5.4429524614,27.9,169.23014158184614,32.98255019999996,0.2714817523956299
1778535597.9147344,2026-05-11T22:39:57.914734,5.13094,1.04839,5.3792261865999995,27.9,169.28393384371213,32.99303409999996,0.2714817523956299
1778535597.9147387,2026-05-11T22:39:57.914739,5.13094,1.07155,5.498058757,27.9,169.33891443128212,33.00374959999996,0.2714817523956299
1778535597.9147427,2026-05-11T22:39:57.914742,5.13094,1.08375,5.560656225,27.9,169.39452099353213,33.014587099999964,0.2714817523956299
1778535597.9549952,2026-05-11T22:39:57.955000,5.13094,1.06081,5.4429524614,27.9,169.44895051814612,33.02519519999996,0.3117499351501465
1778535597.9550395,2026-05-11T22:39:57.955040,5.13094,1.06081,5.4429524614,27.9,169.5033800427601,33.03580329999996,0.3117499351501465
1778535597.955055,2026-05-11T22:39:57.955055,5.13094,1.06081,5.4429524614,27.9,169.5578095673741,33.04641139999996,0.3117499351501465
1778535597.9550683,2026-05-11T22:39:57.955069,5.13094,1.05013,5.3881540222,27.9,169.6116911075961,33.05691269999996,0.3117499351501465
1778535597.9948416,2026-05-11T22:39:57.994843,5.13086,1.0703,5.491559458,27.9,169.6666067021761,33.06761569999996,0.3516092300415039
1778535597.9948566,2026-05-11T22:39:57.994857,5.13086,1.06013,5.4393786118000005,27.9,169.7210004882941,33.07821699999996,0.3516092300415039
1778535597.9948611,2026-05-11T22:39:57.994861,5.13086,1.06013,5.4393786118000005,27.9,169.7753942744121,33.08881829999996,0.3516092300415039
1778535597.9948647,2026-05-11T22:39:57.994864,5.13086,1.06013,5.4393786118000005,27.9,169.8297880605301,33.099419599999955,0.3516092300415039
1778535598.0346713,2026-05-11T22:39:58.034679,5.13086,1.06013,5.4393786118000005,27.9,169.8841818466481,33.11002089999995,0.3914334774017334
1778535598.0347142,2026-05-11T22:39:58.034715,5.13086,1.04864,5.3804250304000005,27.9,169.9379860969521,33.12050729999995,0.3914334774017334
1778535598.0347264,2026-05-11T22:39:58.034726,5.13086,1.0723,5.501821178,27.9,169.9930043087321,33.13123029999995,0.3914334774017334
1778535598.0347333,2026-05-11T22:39:58.034733,5.13086,1.06013,5.4393786118000005,27.9,170.0473980948501,33.141831599999946,0.3914334774017334
1778535598.0752442,2026-05-11T22:39:58.075250,5.13086,1.06013,5.4393786118000005,27.9,170.1017918809681,33.152432899999944,0.43199634552001953
1778535598.0752923,2026-05-11T22:39:58.075293,5.13086,1.07379,5.5094661594000005,27.9,170.15688654256212,33.163170799999946,0.43199634552001953
1778535598.0753078,2026-05-11T22:39:58.075308,5.13078,1.07329,5.5068148662,27.9,170.21195469122412,33.17390369999995,0.43199634552001953
1778535598.0753193,2026-05-11T22:39:58.075319,5.13078,1.07155,5.497887308999999,27.9,170.26693356431412,33.18461919999995,0.43199634552001953
1778535598.1149423,2026-05-11T22:39:58.114944,5.13078,1.08973,5.5911648894,27.9,170.32284521320813,33.195516499999954,0.4717099666595459
1778535598.1149573,2026-05-11T22:39:58.114957,5.13078,1.08151,5.5489898777999995,27.9,170.37833511198613,33.206331599999956,0.4717099666595459
1778535598.1149619,2026-05-11T22:39:58.114962,5.13078,1.07379,5.5093802562,27.9,170.43342891454813,33.21706949999996,0.4717099666595459
1778535598.1149654,2026-05-11T22:39:58.114965,5.13078,1.08076,5.545141792799999,27.9,170.48888033247613,33.22787709999996,0.4717099666595459
1778535598.1549718,2026-05-11T22:39:58.154975,5.13078,1.07503,5.515742423399999,27.9,170.54403775671014,33.238627399999956,0.5117363929748535
1778535598.1549945,2026-05-11T22:39:58.154994,5.13078,1.08101,5.5464244877999995,27.9,170.59950200158815,33.24943749999996,0.5117363929748535
1778535598.155,2026-05-11T22:39:58.155000,5.13078,1.07055,5.492756528999999,27.8,170.65442956687815,33.26014299999996,0.5117363929748535
1778535598.155005,2026-05-11T22:39:58.155005,5.13078,1.0604,5.440679112,27.8,170.70883635799814,33.27074699999996,0.5117363929748535
1778535598.194705,2026-05-11T22:39:58.194707,5.13075,1.07703,5.5259716725,27.8,170.76409607472314,33.281517299999955,0.5514717102050781
1778535598.1947227,2026-05-11T22:39:58.194722,5.13075,1.09047,5.5949289525,27.8,170.82004536424813,33.29242199999995,0.5514717102050781
1778535598.1947267,2026-05-11T22:39:58.194726,5.13075,1.0623,5.450395725,27.8,170.87454932149814,33.303044999999955,0.5514717102050781
1778535598.1947305,2026-05-11T22:39:58.194730,5.13075,1.0623,5.450395725,27.8,170.92905327874814,33.31366799999996,0.5514717102050781
1778535598.2346387,2026-05-11T22:39:58.234641,5.13075,1.0623,5.450395725,27.8,170.98355723599815,33.32429099999996,0.591404914855957
1778535598.2346563,2026-05-11T22:39:58.234656,5.13075,1.0623,5.450395725,27.8,171.03806119324815,33.33491399999996,0.591404914855957
1778535598.234661,2026-05-11T22:39:58.234661,5.13075,1.07354,5.508065354999999,27.8,171.09314184679815,33.345649399999964,0.591404914855957
1778535598.2346652,2026-05-11T22:39:58.234665,5.13075,1.0623,5.450395725,27.8,171.14764580404815,33.356272399999966,0.591404914855957
1778535598.274736,2026-05-11T22:39:58.274739,5.13075,1.0623,5.450395725,27.8,171.20214976129816,33.36689539999997,0.6314983367919922
1778535598.274762,2026-05-11T22:39:58.274762,5.13075,1.0623,5.450395725,27.8,171.25665371854816,33.37751839999997,0.6314983367919922
1778535598.2747679,2026-05-11T22:39:58.274768,5.13075,1.03619,5.316431842499999,27.9,171.30981803697316,33.38788029999997,0.6314983367919922
1778535598.2747724,2026-05-11T22:39:58.274772,5.13075,1.03917,5.3317214774999995,27.9,171.36313525174816,33.39827199999997,0.6314983367919922
1778535598.314903,2026-05-11T22:39:58.314906,5.13075,1.06279,5.4529097925,27.9,171.41766434967317,33.40889989999997,0.6716639995574951
1778535598.3149302,2026-05-11T22:39:58.314930,5.13075,1.06279,5.4529097925,27.9,171.4721934475982,33.419527799999976,0.6716639995574951
1778535598.3149397,2026-05-11T22:39:58.314939,5.13075,1.06279,5.4529097925,27.9,171.5267225455232,33.43015569999998,0.6716639995574951
1778535598.3149474,2026-05-11T22:39:58.314947,5.13075,1.03992,5.33556954,27.9,171.5800782409232,33.44055489999998,0.6716639995574951
1778535598.3547263,2026-05-11T22:39:58.354729,5.13075,1.04938,5.384106435,27.9,171.6339193052732,33.45104869999998,0.7114927768707275
1778535598.3547447,2026-05-11T22:39:58.354744,5.13075,1.06279,5.4529097925,27.9,171.6884484031982,33.46167659999998,0.7114927768707275
1778535598.3547492,2026-05-11T22:39:58.354749,5.13075,1.07703,5.5259716725,27.9,171.7437081199232,33.47244689999998,0.7114927768707275
1778535598.3547528,2026-05-11T22:39:58.354752,5.13075,1.06279,5.4529097925,27.9,171.79823721784823,33.48307479999998,0.7114927768707275
1778535598.3946397,2026-05-11T22:39:58.394642,5.13071,1.07653,5.5233632363,27.9,171.85347085021124,33.493840099999986,0.7514057159423828
1778535598.3946564,2026-05-11T22:39:58.394656,5.13071,1.06339,5.4559457069,27.9,171.90803030728023,33.50447399999999,0.7514057159423828
1778535598.3946612,2026-05-11T22:39:58.394661,5.13071,1.06339,5.4559457069,27.9,171.96258976434922,33.51510789999999,0.7514057159423828
1778535598.3946648,2026-05-11T22:39:58.394664,5.13071,1.06339,5.4559457069,27.9,172.0171492214182,33.52574179999999,0.7514057159423828
1778535598.4346833,2026-05-11T22:39:58.434685,5.12018,1.07578,5.5081872404,27.9,172.0722310938222,33.53649959999999,0.7914483547210693
1778535598.4347012,2026-05-11T22:39:58.434701,5.13071,1.08823,5.5833925433,27.9,172.12806501925522,33.54738189999999,0.7914483547210693
1778535598.434706,2026-05-11T22:39:58.434706,5.13071,1.06339,5.4559457069,27.9,172.1826244763242,33.55801579999999,0.7914483547210693
1778535598.4347098,2026-05-11T22:39:58.434709,5.13071,1.06339,5.4559457069,27.9,172.2371839333932,33.568649699999995,0.7914483547210693
1778535598.4746103,2026-05-11T22:39:58.474612,5.13071,1.05287,5.4019706377,27.9,172.2912036397702,33.579178399999996,0.8313782215118408
1778535598.474625,2026-05-11T22:39:58.474625,5.13071,1.0459,5.366209589,27.9,172.3448657356602,33.589637399999994,0.8313782215118408
1778535598.4746294,2026-05-11T22:39:58.474629,5.13071,1.06374,5.457741455399999,27.9,172.39944315021418,33.600274799999994,0.8313782215118408
1778535598.474633,2026-05-11T22:39:58.474633,5.13071,1.06374,5.457741455399999,27.9,172.45402056476817,33.610912199999994,0.8313782215118408
1778535598.5149326,2026-05-11T22:39:58.514936,5.13071,1.05287,5.4019706377,27.9,172.50804027114518,33.621440899999996,0.8716926574707031
1778535598.5149655,2026-05-11T22:39:58.514966,5.13071,1.06374,5.457741455399999,27.9,172.56261768569917,33.632078299999996,0.8716926574707031
1778535598.5149765,2026-05-11T22:39:58.514976,5.13071,1.06374,5.457741455399999,27.9,172.61719510025316,33.6427157,0.8716926574707031
1778535598.514986,2026-05-11T22:39:58.514986,5.13071,1.06374,5.457741455399999,27.9,172.67177251480715,33.6533531,0.8716926574707031
1778535598.5549276,2026-05-11T22:39:58.554931,5.13071,1.07429,5.5118704459,27.9,172.72689121926615,33.664095999999994,0.9116876125335693
1778535598.5549593,2026-05-11T22:39:58.554959,5.13071,1.06374,5.457741455399999,27.9,172.78146863382014,33.674733399999994,0.9116876125335693
1778535598.5549707,2026-05-11T22:39:58.554971,5.13071,1.07379,5.5093050909,27.9,172.83656168472913,33.685471299999996,0.9116876125335693
1778535598.5549805,2026-05-11T22:39:58.554980,5.13071,1.06374,5.457741455399999,27.9,172.89113909928312,33.696108699999996,0.9116876125335693
1778535598.5949252,2026-05-11T22:39:58.594932,5.13071,1.06353,5.4566640063000005,27.9,172.94570573934612,33.70674399999999,0.9516525268554688
1778535598.595011,2026-05-11T22:39:58.595015,5.13071,1.06353,5.4566640063000005,27.9,173.00027237940913,33.71737929999999,0.9516525268554688
1778535598.5950572,2026-05-11T22:39:58.595059,5.13071,1.06353,5.4566640063000005,27.8,173.05483901947213,33.72801459999999,0.9516525268554688
1778535598.595111,2026-05-11T22:39:58.595115,5.13071,1.06353,5.4566640063000005,27.8,173.10940565953513,33.738649899999984,0.9516525268554688
1778535598.6350498,2026-05-11T22:39:58.635055,5.13071,1.06353,5.4566640063000005,27.8,173.16397229959813,33.74928519999998,0.9918015003204346
1778535598.6350985,2026-05-11T22:39:58.635099,5.13071,1.08823,5.5833925433,27.8,173.21980622503114,33.76016749999998,0.9918015003204346
1778535598.6351159,2026-05-11T22:39:58.635116,5.13071,1.05262,5.400687960199999,27.8,173.27381310463315,33.77069369999998,0.9918015003204346
1778535598.6351311,2026-05-11T22:39:58.635131,5.13071,1.03992,5.3355279432,27.8,173.32716838406515,33.78109289999998,0.9918015003204346
1778535598.6750422,2026-05-11T22:39:58.675048,5.13071,1.04167,5.3445066857,27.9,173.38061345092214,33.79150959999998,1.0317940711975098
1778535598.675092,2026-05-11T22:39:58.675093,5.13071,1.06353,5.4566640063000005,27.9,173.43518009098514,33.80214489999998,1.0317940711975098
1778535598.6751099,2026-05-11T22:39:58.675110,5.13067,1.06383,5.4581606661,27.8,173.48976169764614,33.81278319999998,1.0317940711975098
1778535598.6751254,2026-05-11T22:39:58.675125,5.13067,1.06383,5.4581606661,27.9,173.54434330430715,33.823421499999974,1.0317940711975098
1778535598.714691,2026-05-11T22:39:58.714692,5.13067,1.06383,5.4581606661,27.9,173.59892491096815,33.83405979999997,0.031911611557006836
1778535598.714706,2026-05-11T22:39:58.714706,5.13067,1.03395,5.3048562465,27.9,173.65197347343315,33.84439929999997,0.031911611557006836
1778535598.7147105,2026-05-11T22:39:58.714710,5.13067,1.05163,5.3955664921,27.9,173.70592913835415,33.85491559999997,0.031911611557006836
1778535598.714714,2026-05-11T22:39:58.714714,5.13067,1.07827,5.5322475409,27.9,173.76125161376316,33.86569829999997,0.031911611557006836
1778535598.7558243,2026-05-11T22:39:58.755827,5.13067,1.07703,5.5258855101,27.9,173.81651046886415,33.87646859999997,0.07304120063781738
1778535598.7558486,2026-05-11T22:39:58.755849,5.13067,1.083,5.55651561,27.9,173.87207562496414,33.887298599999966,0.07304120063781738
1778535598.7558599,2026-05-11T22:39:58.755860,5.13067,1.07503,5.5156241701,27.9,173.92723186666515,33.898048899999964,0.07304120063781738
1778535598.755871,2026-05-11T22:39:58.755871,5.13067,1.06383,5.4581606661,27.9,173.98181347332616,33.90868719999996,0.07304120063781738
1778535598.794644,2026-05-11T22:39:58.794646,5.13067,1.06484,5.463342642800001,27.9,174.03644689975417,33.91933559999996,0.11186075210571289
1778535598.7946677,2026-05-11T22:39:58.794668,5.13067,1.07827,5.5322475409,27.9,174.09176937516318,33.93011829999996,0.11186075210571289
1778535598.794679,2026-05-11T22:39:58.794679,5.13067,1.07528,5.516906837600001,27.9,174.14693844353917,33.94087109999996,0.11186075210571289
1778535598.7946901,2026-05-11T22:39:58.794690,5.13067,1.06484,5.463342642800001,27.9,174.20157186996718,33.95151949999996,0.11186075210571289
1778535598.8346176,2026-05-11T22:39:58.834620,5.13067,1.07603,5.5207548401,27.9,174.25677941836818,33.96227979999996,0.15183472633361816
1778535598.8346405,2026-05-11T22:39:58.834640,5.13067,1.05113,5.3930011571,27.9,174.31070942993918,33.97279109999996,0.15183472633361816
1778535598.834652,2026-05-11T22:39:58.834652,5.13067,1.06484,5.463342642800001,27.9,174.3653428563672,33.98343949999996,0.15183472633361816
1778535598.834662,2026-05-11T22:39:58.834662,5.13067,1.06484,5.463342642800001,27.9,174.4199762827952,33.99408789999996,0.15183472633361816
1778535598.8746092,2026-05-11T22:39:58.874613,5.13067,1.06484,5.463342642800001,27.9,174.47460970922322,34.00473629999996,0.19182467460632324
1778535598.8746336,2026-05-11T22:39:58.874634,5.13067,1.06484,5.463342642800001,27.9,174.52924313565123,34.01538469999996,0.19182467460632324
1778535598.874642,2026-05-11T22:39:58.874642,5.13071,1.06547,5.466617583699999,27.9,174.58390931148824,34.026039399999966,0.19182467460632324
1778535598.8746495,2026-05-11T22:39:58.874649,5.13071,1.06547,5.466617583699999,27.9,174.63857548732526,34.03669409999997,0.19182467460632324
1778535598.9145908,2026-05-11T22:39:58.914592,5.13071,1.04665,5.3700576215,27.9,174.69227606354025,34.04716059999997,0.2318115234375
1778535598.9146063,2026-05-11T22:39:58.914606,5.13071,1.06547,5.466617583699999,27.9,174.74694223937726,34.05781529999997,0.2318115234375
1778535598.9146113,2026-05-11T22:39:58.914611,5.13071,1.06547,5.466617583699999,27.9,174.80160841521428,34.06846999999998,0.2318115234375
1778535598.9146159,2026-05-11T22:39:58.914616,5.13071,1.06547,5.466617583699999,27.9,174.8562745910513,34.07912469999998,0.2318115234375
1778535598.954649,2026-05-11T22:39:58.954651,5.13071,1.06547,5.466617583699999,27.9,174.9109407668883,34.08977939999998,0.2718679904937744
1778535598.954667,2026-05-11T22:39:58.954667,5.13071,1.04714,5.372571669399999,27.9,174.9646664835823,34.10025079999998,0.2718679904937744
1778535598.954672,2026-05-11T22:39:58.954672,5.13071,1.05013,5.3879124923,27.9,175.0185456085053,34.110752099999985,0.2718679904937744
1778535598.954676,2026-05-11T22:39:58.954676,5.13071,1.05412,5.408384025199999,27.9,175.07262944875728,34.121293299999984,0.2718679904937744
1778535598.9946933,2026-05-11T22:39:58.994696,5.13075,1.06585,5.4686098874999995,27.9,175.1273155476323,34.13195179999998,0.31191301345825195
1778535598.9947114,2026-05-11T22:39:58.994711,5.13075,1.06585,5.4686098874999995,27.9,175.1820016465073,34.14261029999998,0.31191301345825195
1778535598.9947157,2026-05-11T22:39:58.994715,5.13075,1.06585,5.4686098874999995,27.9,175.2366877453823,34.15326879999998,0.31191301345825195
1778535598.9947195,2026-05-11T22:39:58.994719,5.13075,1.03693,5.3202285975,27.9,175.28989003135732,34.16363809999998,0.31191301345825195
1778535599.0348408,2026-05-11T22:39:59.034843,5.13075,1.03096,5.289598020000001,27.9,175.3427860115573,34.17394769999998,0.35206151008605957
1778535599.034856,2026-05-11T22:39:59.034856,5.13075,1.02249,5.2461405674999995,27.9,175.3952474172323,34.184172599999975,0.35206151008605957
1778535599.0348604,2026-05-11T22:39:59.034860,5.13075,1.02448,5.25635076,27.9,175.4478109248323,34.19441739999998,0.35206151008605957
1778535599.0348642,2026-05-11T22:39:59.034864,5.13075,1.02423,5.255068072499999,27.9,175.50036160555732,34.20465969999998,0.35206151008605957
1778535599.0750053,2026-05-11T22:39:59.075007,5.13075,1.06585,5.4686098874999995,27.9,175.55504770443233,34.21531819999998,0.3922245502471924
1778535599.0750234,2026-05-11T22:39:59.075023,5.13075,1.02199,5.2435751925,27.9,175.60748345635733,34.22553809999998,0.3922245502471924
1778535599.0750291,2026-05-11T22:39:59.075029,5.13075,1.01577,5.211661927500001,27.9,175.65960007563234,34.23569579999998,0.3922245502471924
1778535599.0750346,2026-05-11T22:39:59.075034,5.13075,1.01079,5.1861107925,27.9,175.71146118355733,34.24580369999998,0.3922245502471924
1778535599.1150677,2026-05-11T22:39:59.115070,5.13075,1.02772,5.27297439,27.9,175.76419092745732,34.25608089999998,0.4322836399078369
1778535599.1150925,2026-05-11T22:39:59.115092,5.13075,1.02498,5.258916135,27.9,175.81678008880732,34.266330699999976,0.4322836399078369
1778535599.1151006,2026-05-11T22:39:59.115101,5.13075,1.02374,5.252554005,27.9,175.86930562885732,34.27656809999998,0.4322836399078369
1778535599.115108,2026-05-11T22:39:59.115108,5.13075,1.02996,5.2844672699999995,27.9,175.9221503015573,34.28686769999998,0.4322836399078369
1778535599.155104,2026-05-11T22:39:59.155107,5.13075,1.01228,5.19375561,27.9,175.9740878576573,34.29699049999998,0.472318172454834
1778535599.1551337,2026-05-11T22:39:59.155134,5.13075,1.01153,5.1899075475,27.9,176.02598693313232,34.30710579999998,0.472318172454834
1778535599.1551442,2026-05-11T22:39:59.155144,5.13075,1.06344,5.45624478,27.9,176.08054938093233,34.31774019999998,0.472318172454834
1778535599.1551526,2026-05-11T22:39:59.155153,5.13075,1.03419,5.3061703425,27.9,176.1336110843573,34.32808209999998,0.472318172454834
1778535599.1953354,2026-05-11T22:39:59.195341,5.13075,1.03619,5.316431842499999,27.9,176.1867754027823,34.33844399999998,0.5125410556793213
1778535599.195386,2026-05-11T22:39:59.195386,5.13075,1.04092,5.34070029,27.9,176.2401824056823,34.34885319999998,0.5125410556793213
1778535599.1954036,2026-05-11T22:39:59.195404,5.13075,1.019,5.22823425,27.9,176.2924647481823,34.35904319999998,0.5125410556793213
1778535599.1954186,2026-05-11T22:39:59.195419,5.13075,1.00506,5.156711595,27.9,176.34403186413232,34.36909379999998,0.5125410556793213
1778535599.2350922,2026-05-11T22:39:59.235094,5.13075,1.0317,5.293394775,27.9,176.39696581188232,34.37941079999998,0.5523114204406738
1778535599.235109,2026-05-11T22:39:59.235109,5.13075,1.02598,5.264046884999999,27.9,176.44960628073233,34.38967059999998,0.5523114204406738
1778535599.2351131,2026-05-11T22:39:59.235113,5.13075,1.02274,5.247423255,27.9,176.50208051328232,34.39989799999998,0.5523114204406738
1778535599.235117,2026-05-11T22:39:59.235117,5.13075,1.03644,5.31771453,27.9,176.55525765858232,34.41026239999998,0.5523114204406738
1778535599.2746563,2026-05-11T22:39:59.274658,5.13075,1.01402,5.202683114999999,27.9,176.6072844897323,34.42040259999998,0.5918772220611572
1778535599.2746713,2026-05-11T22:39:59.274671,5.13075,1.00481,5.1554289075,27.9,176.6588387788073,34.43045069999998,0.5918772220611572
1778535599.274676,2026-05-11T22:39:59.274676,5.13075,1.03195,5.294677462499999,27.9,176.71178555343232,34.44077019999998,0.5918772220611572
1778535599.2746801,2026-05-11T22:39:59.274680,5.13075,1.02623,5.2653295725,27.9,176.76443884915733,34.45103249999998,0.5918772220611572
1778535599.3152723,2026-05-11T22:39:59.315279,5.13075,1.02224,5.2448578800000005,27.9,176.81688742795734,34.461254899999986,0.632469654083252
1778535599.3153303,2026-05-11T22:39:59.315332,5.13075,1.02697,5.2691263274999995,27.9,176.86957869123233,34.47152459999999,0.632469654083252
1778535599.3153548,2026-05-11T22:39:59.315356,5.13075,1.01826,5.224437494999999,27.9,176.92182306618233,34.48170719999999,0.632469654083252
1778535599.315378,2026-05-11T22:39:59.315379,5.13075,1.01029,5.1835454174999995,27.9,176.97365852035733,34.49181009999999,0.632469654083252
1778535599.3552766,2026-05-11T22:39:59.355282,5.13075,1.0322,5.29596015,27.9,177.02661812185733,34.50213209999999,0.6724841594696045
1778535599.3553212,2026-05-11T22:39:59.355322,5.13075,1.02523,5.2601988225000005,27.9,177.07922011008233,34.51238439999999,0.6724841594696045
1778535599.3553371,2026-05-11T22:39:59.355337,5.13075,1.02374,5.252554005,27.9,177.13174565013233,34.52262179999999,0.6724841594696045
1778535599.355351,2026-05-11T22:39:59.355351,5.13075,1.06532,5.46589059,27.9,177.18640455603233,34.53327499999999,0.6724841594696045
1778535599.3950431,2026-05-11T22:39:59.395049,5.13067,1.03917,5.3316383439,27.9,177.23972093947134,34.54366669999999,0.7122485637664795
1778535599.3950922,2026-05-11T22:39:59.395093,5.13067,1.02473,5.2575514691,27.9,177.29229645416234,34.55391399999999,0.7122485637664795
1778535599.39511,2026-05-11T22:39:59.395110,5.13067,1.04191,5.3456963797,27.8,177.34575341795934,34.56433309999999,0.7122485637664795
1778535599.3951259,2026-05-11T22:39:59.395126,5.13067,1.03469,5.308652942300001,27.8,177.39883994738236,34.574679999999994,0.7122485637664795
1778535599.4353318,2026-05-11T22:39:59.435338,5.13067,1.02274,5.2473414358,27.8,177.45131336174035,34.58490739999999,0.7525370121002197
1778535599.4353824,2026-05-11T22:39:59.435383,5.13067,1.02498,5.2588341366,27.9,177.50390170310635,34.59515719999999,0.7525370121002197
1778535599.4354,2026-05-11T22:39:59.435400,5.13067,1.02075,5.2371314025,27.9,177.55627301713136,34.60536469999999,0.7525370121002197
1778535599.4354157,2026-05-11T22:39:59.435416,5.13067,1.00605,5.161710553500001,27.9,177.60789012266636,34.61542519999999,0.7525370121002197
1778535599.4749303,2026-05-11T22:39:59.474936,5.13067,1.01253,5.1949572951,27.8,177.65983969561736,34.62555049999999,0.79213547706604
1778535599.47498,2026-05-11T22:39:59.474981,5.13067,1.0523,5.399004041,27.8,177.71382973602738,34.63607349999999,0.79213547706604
1778535599.4749982,2026-05-11T22:39:59.474998,5.13078,1.0317,5.293425726,27.8,177.76676399328738,34.64639049999999,0.79213547706604
1778535599.4750135,2026-05-11T22:39:59.475014,5.13078,1.02921,5.2806500837999995,27.8,177.81957049412537,34.65668259999999,0.79213547706604
1778535599.5146873,2026-05-11T22:39:59.514689,5.13078,1.02548,5.261512274399999,27.9,177.87218561686936,34.66693739999999,0.8319063186645508
1778535599.5147054,2026-05-11T22:39:59.514705,5.13078,1.02498,5.258946884399999,27.9,177.92477508571335,34.677187199999985,0.8319063186645508
1778535599.5147095,2026-05-11T22:39:59.514709,5.13078,1.01502,5.2078443156,27.9,177.97685352886936,34.68733739999998,0.8319063186645508
1778535599.5147133,2026-05-11T22:39:59.514713,5.13078,1.01701,5.218054567799999,27.9,178.02903407454735,34.697507499999986,0.8319063186645508
1778535599.5546434,2026-05-11T22:39:59.554645,5.13078,1.02647,5.2665917466,27.9,178.08169999201334,34.70777219999999,0.8718626499176025
1778535599.5546618,2026-05-11T22:39:59.554661,5.13078,1.03146,5.2921943388,27.9,178.13462193540133,34.71808679999999,0.8718626499176025
1778535599.5546668,2026-05-11T22:39:59.554666,5.13078,1.02822,5.275570611599999,27.9,178.18737764151732,34.72836899999999,0.8718626499176025
1778535599.554671,2026-05-11T22:39:59.554671,5.13078,1.06358,5.456994992399999,27.9,178.24194759144132,34.73900479999999,0.8718626499176025
1778535599.594581,2026-05-11T22:39:59.594583,5.13075,1.09197,5.602625077500001,27.9,178.29797384221632,34.74992449999999,0.9118013381958008
1778535599.5945957,2026-05-11T22:39:59.594595,5.13075,1.05885,5.4326946375,27.9,178.35230078859132,34.76051299999999,0.9118013381958008
1778535599.5946,2026-05-11T22:39:59.594600,5.13075,1.07404,5.510630730000001,27.9,178.40740709589133,34.77125339999999,0.9118013381958008
1778535599.5946038,2026-05-11T22:39:59.594603,5.13075,1.08624,5.573225880000001,27.9,178.46313935469132,34.78211579999999,0.9118013381958008
1778535599.6348898,2026-05-11T22:39:59.634892,5.13075,1.06806,5.479948845,27.9,178.5179388431413,34.79279639999999,0.95210862159729
1778535599.6349072,2026-05-11T22:39:59.634907,5.13075,1.06433,5.4608111475,27.9,178.5725469546163,34.80343969999999,0.95210862159729
1778535599.6349118,2026-05-11T22:39:59.634911,5.13075,1.06408,5.45952846,27.9,178.6271422392163,34.81408049999999,0.95210862159729
1778535599.6349154,2026-05-11T22:39:59.634915,5.13075,1.06731,5.4761007825,27.9,178.6819032470413,34.82475359999999,0.95210862159729
1778535599.6750195,2026-05-11T22:39:59.675021,5.13075,1.07678,5.524688985,27.9,178.7371501368913,34.83552139999999,0.9922401905059814
1778535599.6750355,2026-05-11T22:39:59.675035,5.13075,1.06856,5.48251422,27.9,178.7919752790913,34.84620699999999,0.9922401905059814
1778535599.6750402,2026-05-11T22:39:59.675040,5.13075,1.06632,5.471021339999999,27.9,178.8466854924913,34.856870199999996,0.9922401905059814
1778535599.6750443,2026-05-11T22:39:59.675044,5.13075,1.06283,5.4531150225,27.9,178.9012166427163,34.867498499999996,0.9922401905059814
1778535599.714674,2026-05-11T22:39:59.714676,5.13075,1.04581,5.3657896575,27.9,178.9548745392913,34.8779566,1.0318927764892578
1778535599.7146904,2026-05-11T22:39:59.714690,5.13075,1.05611,5.418636382500001,27.9,179.0090609031163,34.888517699999994,1.0318927764892578
1778535599.714695,2026-05-11T22:39:59.714695,5.13075,1.06358,5.456963085,27.9,179.06363053396632,34.8991535,1.0318927764892578
1778535599.7146986,2026-05-11T22:39:59.714698,5.13075,1.0591,5.433977325,27.9,179.11797030721632,34.909744499999995,1.0318927764892578
1778535599.7548993,2026-05-11T22:39:59.754901,5.13075,1.06482,5.463325215,27.9,179.17260355936634,34.920392699999994,0.03226184844970703
1778535599.7549167,2026-05-11T22:39:59.754916,5.13075,1.04581,5.3657896575,27.9,179.22626145594134,34.930850799999995,0.03226184844970703
1778535599.7549212,2026-05-11T22:39:59.754921,5.13075,1.04581,5.3657896575,27.9,179.27991935251634,34.941308899999996,0.03226184844970703
1778535599.7549248,2026-05-11T22:39:59.754925,5.13075,1.06283,5.4531150225,27.9,179.33445050274133,34.951937199999996,0.03226184844970703
1778535599.7946713,2026-05-11T22:39:59.794675,5.13078,1.06233,5.4505815174,27.9,179.38895631791533,34.962560499999995,0.0720212459564209
1778535599.7947109,2026-05-11T22:39:59.794712,5.13078,1.06856,5.482546276799999,27.9,179.44378178068334,34.9732461,0.0720212459564209
1778535599.7947228,2026-05-11T22:39:59.794723,5.13078,1.06408,5.459560382399999,27.9,179.49837738450734,34.983886899999995,0.0720212459564209
1778535599.7947283,2026-05-11T22:39:59.794728,5.13078,1.04498,5.361562484399999,27.9,179.55199300935135,34.9943367,0.0720212459564209
1778535599.8346066,2026-05-11T22:39:59.834609,5.13078,1.04498,5.361562484399999,27.9,179.60560863419536,35.0047865,0.11197018623352051
1778535599.8346348,2026-05-11T22:39:59.834635,5.13078,1.06682,5.4736187196,27.9,179.66034482139136,35.0154547,0.11197018623352051
1778535599.8346446,2026-05-11T22:39:59.834644,5.13078,1.07105,5.495321919,27.9,179.71529804058136,35.0261652,0.11197018623352051
1778535599.8346484,2026-05-11T22:39:59.834648,5.13078,1.06682,5.4736187196,27.9,179.77003422777736,35.0368334,0.11197018623352051
1778535599.8772361,2026-05-11T22:39:59.877238,5.13078,1.06159,5.4467847402,27.9,179.82450207517937,35.0474493,0.15459942817687988
1778535599.877253,2026-05-11T22:39:59.877253,5.13078,1.04498,5.361562484399999,27.9,179.87811770002338,35.0578991,0.15459942817687988
1778535599.8772578,2026-05-11T22:39:59.877257,5.13078,1.04412,5.357150013599999,27.9,179.93168920015938,35.0683403,0.15459942817687988
1778535599.8772614,2026-05-11T22:39:59.877261,5.13078,1.06159,5.4467847402,27.9,179.9861570475614,35.0789562,0.15459942817687988
1778535599.9148421,2026-05-11T22:39:59.914845,5.13078,1.06931,5.4863943617999995,27.9,180.04102099117938,35.0896493,0.1921985149383545
1778535599.9148688,2026-05-11T22:39:59.914869,5.13078,1.06209,5.449350130199999,27.9,180.09551449248139,35.1002702,0.1921985149383545
1778535599.9148748,2026-05-11T22:39:59.914875,5.13078,1.06034,5.4403712652,27.9,180.1499182051334,35.1108736,0.1921985149383545
1778535599.9148805,2026-05-11T22:39:59.914880,5.13078,1.06034,5.4403712652,27.9,180.2043219177854,35.121477,0.1921985149383545
1778535599.9558713,2026-05-11T22:39:59.955873,5.13078,1.05586,5.4173853708,27.9,180.2584957714934,35.1320356,0.23323297500610352
1778535599.95589,2026-05-11T22:39:59.955890,5.13078,1.06333,5.4557122974,27.9,180.31305289446738,35.142668900000004,0.23323297500610352
1778535599.9558942,2026-05-11T22:39:59.955894,5.13078,1.07429,5.511945646199999,27.9,180.36817235092937,35.1534118,0.23323297500610352
1778535599.955898,2026-05-11T22:39:59.955898,5.13078,1.06408,5.459560382399999,27.9,180.42276795475337,35.1640526,0.23323297500610352
1778535599.994905,2026-05-11T22:39:59.994907,5.13075,1.06134,5.4454702049999995,27.9,180.47722265680338,35.174665999999995,0.27226805686950684
1778535599.994923,2026-05-11T22:39:59.994923,5.13075,1.06731,5.4761007825,27.9,180.53198366462837,35.18533909999999,0.27226805686950684
1778535599.9949274,2026-05-11T22:39:59.994927,5.13075,1.05561,5.416071007499999,27.9,180.58614437470337,35.195895199999995,0.27226805686950684
1778535599.9949315,2026-05-11T22:39:59.994931,5.13075,1.04482,5.360710215,27.9,180.63975147685338,35.206343399999994,0.27226805686950684
1778535600.0347443,2026-05-11T22:40:00.034747,5.13075,1.0581,5.428846575000001,27.9,180.69403994260338,35.216924399999996,0.3121068477630615
1778535600.0347652,2026-05-11T22:40:00.034765,5.13075,1.06383,5.4582457725,27.9,180.74862240032837,35.22756269999999,0.3121068477630615
1778535600.0347703,2026-05-11T22:40:00.034770,5.13075,1.06358,5.456963085,27.9,180.80319203117838,35.238198499999996,0.3121068477630615
1778535600.0347743,2026-05-11T22:40:00.034774,5.13075,1.0713,5.496572475,27.9,180.85815775592837,35.2489115,0.3121068477630615
1778535600.0748804,2026-05-11T22:40:00.074882,5.13075,1.06881,5.4837969075,27.9,180.91299572500338,35.2595996,0.35224390029907227
1778535600.074897,2026-05-11T22:40:00.074897,5.13075,1.06557,5.4671732775,27.9,180.9676674577784,35.2702553,0.35224390029907227
1778535600.0749025,2026-05-11T22:40:00.074902,5.13063,1.06532,5.465762751600001,27.9,181.0223250852944,35.2809085,0.35224390029907227
1778535600.0749066,2026-05-11T22:40:00.074906,5.13063,1.07777,5.529639095099999,27.9,181.0776214762454,35.2916862,0.35224390029907227
1778535600.1151345,2026-05-11T22:40:00.115138,5.13063,1.07902,5.5360523826,27.9,181.13298200007142,35.3024764,0.39249134063720703
1778535600.1151662,2026-05-11T22:40:00.115166,5.13063,1.085,5.5667335499999995,27.9,181.18864933557143,35.3133264,0.39249134063720703
1778535600.1151772,2026-05-11T22:40:00.115177,5.13063,1.07703,5.5258424289,27.9,181.24390775986043,35.3240967,0.39249134063720703
1778535600.1151872,2026-05-11T22:40:00.115187,5.13063,1.06607,5.469610724100001,27.9,181.29860386710143,35.3347574,0.39249134063720703
1778535600.1555257,2026-05-11T22:40:00.155535,5.13063,1.06856,5.482385992799999,27.9,181.35342772702944,35.345443,0.4328579902648926
1778535600.1556208,2026-05-11T22:40:00.155623,5.13063,1.08051,5.543697021300001,27.9,181.40886469724245,35.3562481,0.4328579902648926
1778535600.1556532,2026-05-11T22:40:00.155654,5.13063,1.07628,5.5219944564,27.9,181.46408464180644,35.367010900000004,0.4328579902648926
1778535600.1556745,2026-05-11T22:40:00.155675,5.13063,1.07279,5.504088557699999,27.9,181.51912552738344,35.3777388,0.4328579902648926
1778535600.1953413,2026-05-11T22:40:00.195347,5.13067,1.05142,5.394489051400001,27.9,181.57307041789744,35.388253000000006,0.4726901054382324
1778535600.1953905,2026-05-11T22:40:00.195391,5.13067,1.05142,5.394489051400001,27.9,181.62701530841144,35.39876720000001,0.4726901054382324
1778535600.1954083,2026-05-11T22:40:00.195408,5.13067,1.05142,5.394489051400001,27.9,181.68096019892545,35.40928140000001,0.4726901054382324
1778535600.1954243,2026-05-11T22:40:00.195424,5.13067,1.0698,5.488790766000001,27.8,181.73584810658545,35.41997940000001,0.4726901054382324
1778535600.2354412,2026-05-11T22:40:00.235448,5.13067,1.06209,5.4492333003,27.8,181.79034043958845,35.43060030000001,0.5126850605010986
1778535600.2354977,2026-05-11T22:40:00.235499,5.13067,1.06856,5.4824287352,27.8,181.84516472694045,35.44128590000001,0.5126850605010986
1778535600.235517,2026-05-11T22:40:00.235517,5.13067,1.06532,5.4658053644,27.8,181.89982278058446,35.45193910000001,0.5126850605010986
1778535600.2355318,2026-05-11T22:40:00.235532,5.13067,1.04017,5.336769013900001,27.9,181.95319047072346,35.462340800000014,0.5126850605010986
1778535600.2750661,2026-05-11T22:40:00.275069,5.13067,1.06731,5.4760153977,27.9,182.00795062470047,35.47301390000001,0.5524272918701172
1778535600.2750876,2026-05-11T22:40:00.275088,5.13067,1.0718,5.499052106000001,27.9,182.06294114576048,35.48373190000001,0.5524272918701172
1778535600.2750943,2026-05-11T22:40:00.275094,5.13063,1.07603,5.5207117989,27.9,182.11814826374948,35.49449220000001,0.5524272918701172
1778535600.2751,2026-05-11T22:40:00.275100,5.13063,1.07728,5.5271250864,27.9,182.17341951461347,35.50526500000001,0.5524272918701172
1778535600.3151808,2026-05-11T22:40:00.315187,5.13063,1.08151,5.5488276513,27.9,182.22890779112646,35.51608010000001,0.5925295352935791
1778535600.315705,2026-05-11T22:40:00.315712,5.13063,1.05507,5.4131737940999995,27.9,182.28303952906745,35.526630800000014,0.5925295352935791
1778535600.3157399,2026-05-11T22:40:00.315741,5.13063,1.05507,5.4131737940999995,27.9,182.33717126700844,35.53718150000002,0.5925295352935791
1778535600.3157578,2026-05-11T22:40:00.315758,5.13063,1.07927,5.537335040099999,27.9,182.39254461740944,35.54797420000002,0.5925295352935791
1778535600.355335,2026-05-11T22:40:00.355341,5.13063,1.07329,5.5066538727,27.9,182.44761115613645,35.55870710000002,0.6326837539672852
1778535600.3553853,2026-05-11T22:40:00.355386,5.13063,1.08151,5.5488276513,27.9,182.50309943264944,35.56952220000002,0.6326837539672852
1778535600.3554034,2026-05-11T22:40:00.355404,5.13063,1.05507,5.4131737940999995,27.9,182.55723117059043,35.580072900000026,0.6326837539672852
1778535600.3554184,2026-05-11T22:40:00.355419,5.13063,1.04266,5.349502675799999,27.9,182.6107261973484,35.59049950000003,0.6326837539672852
1778535600.3952177,2026-05-11T22:40:00.395221,5.13067,1.03693,5.3201456431,27.9,182.6639276537794,35.60086880000003,0.6725752353668213
1778535600.395248,2026-05-11T22:40:00.395248,5.13067,1.05885,5.432609929500001,27.9,182.7182537530744,35.611457300000026,0.6725752353668213
1778535600.3952615,2026-05-11T22:40:00.395262,5.13067,1.05885,5.432609929500001,27.9,182.7725798523694,35.62204580000002,0.6725752353668213
1778535600.3952727,2026-05-11T22:40:00.395273,5.13067,1.05885,5.432609929500001,27.9,182.8269059516644,35.63263430000002,0.6725752353668213
1778535600.4353452,2026-05-11T22:40:00.435351,5.13067,1.05885,5.432609929500001,27.9,182.8812320509594,35.64322280000002,0.7126939296722412
1778535600.435396,2026-05-11T22:40:00.435396,5.13067,1.0449,5.361037083,27.9,182.9348424217894,35.65367180000002,0.7126939296722412
1778535600.4354138,2026-05-11T22:40:00.435414,5.13067,1.05885,5.432609929500001,27.9,182.9891685210844,35.66426030000002,0.7126939296722412
1778535600.4354293,2026-05-11T22:40:00.435430,5.13067,1.08101,5.5463055767,27.9,183.0446315768514,35.67507040000002,0.7126939296722412
1778535600.4749117,2026-05-11T22:40:00.474918,5.13067,1.08475,5.5654942825000004,27.9,183.1002865196764,35.685917900000014,0.7522532939910889
1778535600.4749782,2026-05-11T22:40:00.474980,5.13067,1.08251,5.554001581700001,27.9,183.1558265354934,35.69674300000001,0.7522532939910889
1778535600.4750192,2026-05-11T22:40:00.475020,5.13059,1.07429,5.511741531099999,27.9,183.2109439508044,35.70748590000001,0.7522532939910889
1778535600.475058,2026-05-11T22:40:00.475059,5.13059,1.0723,5.501531657,27.9,183.2659592673744,35.71820890000001,0.7522532939910889
1778535600.5147743,2026-05-11T22:40:00.514777,5.13059,1.07479,5.5143068260999994,27.9,183.3211023356354,35.728956800000006,0.7921350002288818
1778535600.5147939,2026-05-11T22:40:00.514794,5.13059,1.07678,5.5245167002,27.9,183.3763475026374,35.73972460000001,0.7921350002288818
1778535600.5147998,2026-05-11T22:40:00.514800,5.13059,1.08076,5.5449364484,27.9,183.4317968671214,35.75053220000001,0.7921350002288818
1778535600.5148048,2026-05-11T22:40:00.514804,5.13059,1.07777,5.529595984299999,27.9,183.48709282696439,35.76130990000001,0.7921350002288818
1778535600.5550451,2026-05-11T22:40:00.555050,5.13059,1.07304,5.5053282936,27.9,183.5421461099004,35.77204030000001,0.8323991298675537
1778535600.5550742,2026-05-11T22:40:00.555074,5.13059,1.06206,5.4489944154,27.9,183.5966360540544,35.78266090000001,0.8323991298675537
1778535600.5550811,2026-05-11T22:40:00.555081,5.13059,1.03942,5.3328378577999995,27.9,183.64996443263237,35.79305510000001,0.8323991298675537
1778535600.5550876,2026-05-11T22:40:00.555088,5.13059,1.0449,5.360953490999999,27.9,183.70357396754238,35.80350410000001,0.8323991298675537
1778535600.5952358,2026-05-11T22:40:00.595241,5.13059,1.06608,5.469619387199999,27.9,183.75827016141437,35.81416490000001,0.8725872039794922
1778535600.5952802,2026-05-11T22:40:00.595281,5.13059,1.06608,5.469619387199999,27.9,183.81296635528636,35.824825700000005,0.8725872039794922
1778535600.595296,2026-05-11T22:40:00.595296,5.13059,1.06608,5.469619387199999,27.9,183.86766254915835,35.8354865,0.8725872039794922
1778535600.5953097,2026-05-11T22:40:00.595310,5.13059,1.06608,5.469619387199999,27.9,183.92235874303034,35.8461473,0.8725872039794922
1778535600.6350937,2026-05-11T22:40:00.635101,5.13059,1.03793,5.3251932787,27.8,183.97561067581734,35.856526599999995,0.9124464988708496
1778535600.6351442,2026-05-11T22:40:00.635145,5.13059,1.06608,5.469619387199999,27.8,184.03030686968933,35.86718739999999,0.9124464988708496
1778535600.6351538,2026-05-11T22:40:00.635154,5.13059,1.07628,5.521951405199999,27.8,184.08552638374132,35.877950199999994,0.9124464988708496
1778535600.6351583,2026-05-11T22:40:00.635158,5.13059,1.06608,5.469619387199999,27.8,184.14022257761332,35.88861099999999,0.9124464988708496
1778535600.6751,2026-05-11T22:40:00.675104,5.13059,1.06608,5.469619387199999,27.8,184.1949187714853,35.89927179999999,0.9524576663970947
1778535600.6751316,2026-05-11T22:40:00.675132,5.13059,1.07728,5.5270819952,27.8,184.2501895914373,35.910044599999985,0.9524576663970947
1778535600.675143,2026-05-11T22:40:00.675143,5.13067,1.05511,5.4134212237,27.9,184.3043238036743,35.920595699999986,0.9524576663970947
1778535600.6751525,2026-05-11T22:40:00.675153,5.13067,1.06615,5.4700638205,27.9,184.35902444187928,35.93125719999998,0.9524576663970947
1778535600.715094,2026-05-11T22:40:00.715100,5.13067,1.08275,5.555232942500001,27.9,184.4145767713043,35.94208469999998,0.9924418926239014
1778535600.7151475,2026-05-11T22:40:00.715148,5.13067,1.06615,5.4700638205,27.9,184.4692774095093,35.95274619999998,0.9924418926239014
1778535600.7151675,2026-05-11T22:40:00.715169,5.13067,1.06615,5.4700638205,27.9,184.52397804771428,35.963407699999976,0.9924418926239014
1778535600.7151837,2026-05-11T22:40:00.715184,5.13067,1.07678,5.5246028426,27.9,184.5792240761403,35.97417549999998,0.9924418926239014
1778535600.7547061,2026-05-11T22:40:00.754709,5.13067,1.06615,5.4700638205,27.9,184.63392471434528,35.98483699999998,1.0320696830749512
1778535600.7547235,2026-05-11T22:40:00.754723,5.13067,1.06615,5.4700638205,27.9,184.68862535255028,35.995498499999975,1.0320696830749512
1778535600.754728,2026-05-11T22:40:00.754728,5.13067,1.08251,5.554001581700001,27.9,184.74416536836728,36.00632359999997,1.0320696830749512
1778535600.7547321,2026-05-11T22:40:00.754732,5.13067,1.07653,5.5233201751,27.9,184.79939857011829,36.017088899999976,1.0320696830749512
1778535600.795084,2026-05-11T22:40:00.795088,5.13063,1.07802,5.5309217526,27.9,184.8547077876443,36.027869099999975,0.03185391426086426
1778535600.795109,2026-05-11T22:40:00.795109,5.13063,1.08076,5.5449796788,27.9,184.91015758443228,36.038676699999975,0.03185391426086426
1778535600.7951157,2026-05-11T22:40:00.795116,5.13063,1.06688,5.4737665344,27.9,184.96489524977628,36.04934549999997,0.03185391426086426
1778535600.7951207,2026-05-11T22:40:00.795120,5.13063,1.06688,5.4737665344,27.9,185.01963291512027,36.06001429999997,0.03185391426086426
1778535600.835208,2026-05-11T22:40:00.835211,5.13063,1.07827,5.5322044101,27.9,185.07495495922126,36.07079699999997,0.0719747543334961
1778535600.8352413,2026-05-11T22:40:00.835242,5.13063,1.06688,5.4737665344,27.9,185.12969262456525,36.08146579999997,0.0719747543334961
1778535600.8352535,2026-05-11T22:40:00.835254,5.13063,1.06688,5.4737665344,27.9,185.18443028990924,36.092134599999966,0.0719747543334961
1778535600.8352642,2026-05-11T22:40:00.835264,5.13063,1.06688,5.4737665344,27.9,185.23916795525324,36.102803399999964,0.0719747543334961
1778535600.875229,2026-05-11T22:40:00.875237,5.13063,1.0454,5.363560602000001,27.9,185.29280356127325,36.113257399999966,0.11197423934936523
1778535600.8752937,2026-05-11T22:40:00.875295,5.13063,1.04366,5.3546333058,27.9,185.34634989433124,36.123693999999965,0.11197423934936523
1778535600.8753176,2026-05-11T22:40:00.875318,5.13067,1.05586,5.4172692262,27.9,185.40052258659324,36.13425259999997,0.11197423934936523
1778535600.8753378,2026-05-11T22:40:00.875339,5.13067,1.04789,5.3763777863,27.9,185.45428636445624,36.14473149999997,0.11197423934936523
1778535600.9153357,2026-05-11T22:40:00.915341,5.13067,1.05113,5.3930011571,27.9,185.50821637602724,36.15524279999997,0.15209674835205078
1778535600.915385,2026-05-11T22:40:00.915386,5.13067,1.07927,5.5373782109,27.9,185.56359015813624,36.16603549999997,0.15209674835205078
1778535600.9154034,2026-05-11T22:40:00.915404,5.13067,1.05611,5.418551893700001,27.9,185.61777567707324,36.17659659999997,0.15209674835205078
1778535600.9154193,2026-05-11T22:40:00.915420,5.13067,1.06749,5.4769389183,27.9,185.67254506625625,36.187271499999966,0.15209674835205078
1778535600.9553218,2026-05-11T22:40:00.955328,5.13067,1.06749,5.4769389183,27.9,185.72731445543926,36.197946399999964,0.19208002090454102
1778535600.9553773,2026-05-11T22:40:00.955378,5.13067,1.06749,5.4769389183,27.9,185.78208384462226,36.20862129999996,0.19208002090454102
1778535600.9554012,2026-05-11T22:40:00.955401,5.13067,1.06749,5.4769389183,27.9,185.83685323380527,36.21929619999996,0.19208002090454102
1778535600.9554172,2026-05-11T22:40:00.955417,5.13067,1.06749,5.4769389183,27.9,185.89162262298828,36.22997109999996,0.19208002090454102
1778535600.9953408,2026-05-11T22:40:00.995347,5.13075,1.06716,5.4753311700000005,27.9,185.9463759346883,36.24064269999996,0.2321009635925293
1778535600.9953902,2026-05-11T22:40:00.995391,5.13075,1.06716,5.4753311700000005,27.9,186.0011292463883,36.25131429999996,0.2321009635925293
1778535600.995408,2026-05-11T22:40:00.995408,5.13075,1.07827,5.5323338025,27.9,186.0564525844133,36.26209699999996,0.2321009635925293
1778535600.9954233,2026-05-11T22:40:00.995423,5.13075,1.06716,5.4753311700000005,27.9,186.11120589611332,36.272768599999964,0.2321009635925293
1778535601.035279,2026-05-11T22:40:01.035285,5.13075,1.07927,5.5374645524999995,27.8,186.16658054163833,36.28356129999997,0.27203917503356934
1778535601.03533,2026-05-11T22:40:01.035330,5.13075,1.06716,5.4753311700000005,27.9,186.22133385333834,36.29423289999997,0.27203917503356934
1778535601.0353482,2026-05-11T22:40:01.035348,5.13075,1.06716,5.4753311700000005,27.9,186.27608716503835,36.30490449999997,0.27203917503356934
1778535601.0353642,2026-05-11T22:40:01.035364,5.13075,1.06716,5.4753311700000005,27.9,186.33084047673836,36.31557609999997,0.27203917503356934
1778535601.0753415,2026-05-11T22:40:01.075347,5.13075,1.06716,5.4753311700000005,27.9,186.38559378843837,36.326247699999975,0.3121023178100586
1778535601.0753908,2026-05-11T22:40:01.075391,5.13075,1.05362,5.405860815,27.9,186.43965239658837,36.33678389999997,0.3121023178100586
1778535601.075409,2026-05-11T22:40:01.075409,5.13075,1.06729,5.4759981675,27.9,186.49441237826338,36.347456799999975,0.3121023178100586
1778535601.0754244,2026-05-11T22:40:01.075425,5.13075,1.08475,5.565581062500001,27.8,186.5500681888884,36.35830429999997,0.3121023178100586
1778535601.1151845,2026-05-11T22:40:01.115188,5.13075,1.05636,5.41991907,27.9,186.60426737958838,36.36886789999997,0.35194873809814453
1778535601.1152155,2026-05-11T22:40:01.115216,5.13075,1.06729,5.4759981675,27.9,186.65902736126338,36.37954079999997,0.35194873809814453
1778535601.1152241,2026-05-11T22:40:01.115224,5.13075,1.04764,5.37517893,27.9,186.7127791505634,36.390017199999974,0.35194873809814453
1778535601.115231,2026-05-11T22:40:01.115231,5.13075,1.04665,5.3700994875,27.9,186.76648014543838,36.400483699999974,0.35194873809814453
1778535601.1550684,2026-05-11T22:40:01.155071,5.13075,1.06729,5.4759981675,27.9,186.82124012711338,36.41115659999998,0.39184069633483887
1778535601.15509,2026-05-11T22:40:01.155090,5.13075,1.06729,5.4759981675,27.9,186.8760001087884,36.42182949999998,0.39184069633483887
1778535601.1550972,2026-05-11T22:40:01.155097,5.13075,1.06729,5.4759981675,27.9,186.9307600904634,36.43250239999998,0.39184069633483887
1778535601.155103,2026-05-11T22:40:01.155103,5.13075,1.06729,5.4759981675,27.9,186.9855200721384,36.443175299999986,0.39184069633483887
1778535601.1954231,2026-05-11T22:40:01.195431,5.13086,1.03743,5.3229080898,27.9,187.0387491530364,36.45354959999999,0.43216896057128906
1778535601.1955085,2026-05-11T22:40:01.195511,5.13086,1.03868,5.3293216648,27.9,187.0920423696844,36.46393639999999,0.43216896057128906
1778535601.195558,2026-05-11T22:40:01.195560,5.13086,1.06614,5.470215080400001,27.9,187.1467445204884,36.474597799999984,0.43216896057128906
1778535601.1956072,2026-05-11T22:40:01.195609,5.13086,1.06614,5.470215080400001,27.9,187.2014466712924,36.48525919999998,0.43216896057128906
1778535601.2353263,2026-05-11T22:40:01.235332,5.13086,1.06614,5.470215080400001,27.9,187.25614882209638,36.49592059999998,0.47208666801452637
1778535601.2353756,2026-05-11T22:40:01.235376,5.13086,1.05188,5.3970490168,27.9,187.3101193122644,36.50643939999998,0.47208666801452637
1778535601.2353938,2026-05-11T22:40:01.235394,5.13086,1.04291,5.3510252026,27.9,187.3636295642904,36.51686849999998,0.47208666801452637
1778535601.2354097,2026-05-11T22:40:01.235410,5.13086,1.06614,5.470215080400001,27.9,187.41833171509438,36.527529899999976,0.47208666801452637
1778535601.2747192,2026-05-11T22:40:01.274721,5.13086,1.06614,5.470215080400001,27.9,187.47303386589837,36.53819129999997,0.5114932060241699
1778535601.274737,2026-05-11T22:40:01.274737,5.13086,1.06614,5.470215080400001,27.9,187.52773601670236,36.54885269999997,0.5114932060241699
1778535601.2747414,2026-05-11T22:40:01.274741,5.1309,1.05312,5.403453408,27.9,187.58177055078235,36.55938389999997,0.5114932060241699
1778535601.2747452,2026-05-11T22:40:01.274745,5.1309,1.06568,5.4678975119999995,27.9,187.63644952590235,36.57004069999997,0.5114932060241699
1778535601.3150582,2026-05-11T22:40:01.315061,5.1309,1.06568,5.4678975119999995,27.9,187.69112850102235,36.58069749999997,0.5518312454223633
1778535601.3150787,2026-05-11T22:40:01.315079,5.1309,1.07603,5.521002327,27.9,187.74633852429236,36.59145779999997,0.5518312454223633
1778535601.3150854,2026-05-11T22:40:01.315085,5.1309,1.06568,5.4678975119999995,27.9,187.80101749941235,36.60211459999997,0.5518312454223633
1778535601.3150902,2026-05-11T22:40:01.315090,5.1309,1.06568,5.4678975119999995,27.9,187.85569647453235,36.61277139999997,0.5518312454223633
1778535601.355219,2026-05-11T22:40:01.355224,5.1309,1.06568,5.4678975119999995,27.9,187.91037544965235,36.62342819999997,0.5919809341430664
1778535601.3552756,2026-05-11T22:40:01.355278,5.1309,1.06568,5.4678975119999995,27.9,187.96505442477235,36.63408499999997,0.5919809341430664
1778535601.3553052,2026-05-11T22:40:01.355307,5.1309,1.05237,5.399605233,27.9,188.01905047710235,36.64460869999997,0.5919809341430664
1778535601.3553371,2026-05-11T22:40:01.355341,5.1309,1.06568,5.4678975119999995,27.9,188.07372945222235,36.65526549999997,0.5919809341430664
1778535601.3951113,2026-05-11T22:40:01.395113,5.13102,1.06516,5.465357263200001,27.9,188.12838302485434,36.66591709999997,0.6318860054016113
1778535601.39513,2026-05-11T22:40:01.395130,5.13102,1.06516,5.465357263200001,27.9,188.18303659748634,36.676568699999976,0.6318860054016113
1778535601.3951344,2026-05-11T22:40:01.395134,5.13102,1.06516,5.465357263200001,27.9,188.23769017011833,36.68722029999998,0.6318860054016113
1778535601.3951383,2026-05-11T22:40:01.395138,5.13102,1.06516,5.465357263200001,27.9,188.29234374275032,36.69787189999998,0.6318860054016113
1778535601.4351726,2026-05-11T22:40:01.435176,5.13102,1.05486,5.4125077572,27.9,188.34646882032231,36.70842049999998,0.6719439029693604
1778535601.4351976,2026-05-11T22:40:01.435198,5.13102,1.06516,5.465357263200001,27.9,188.4011223929543,36.719072099999984,0.6719439029693604
1778535601.4352062,2026-05-11T22:40:01.435206,5.13102,1.08973,5.591426424600001,27.9,188.45703665720032,36.72996939999999,0.6719439029693604
1778535601.4352133,2026-05-11T22:40:01.435213,5.13102,1.12459,5.7702937818,27.9,188.5147395950183,36.741215299999986,0.6719439029693604
1778535601.4752707,2026-05-11T22:40:01.475276,5.13102,1.06516,5.465357263200001,27.9,188.5693931676503,36.75186689999999,0.7120308876037598
1778535601.4753196,2026-05-11T22:40:01.475320,5.13102,1.06516,5.465357263200001,27.9,188.6240467402823,36.76251849999999,0.7120308876037598
1778535601.4753373,2026-05-11T22:40:01.475338,5.13102,1.06549,5.467050499800001,27.9,188.6787172452803,36.77317339999999,0.7120308876037598
1778535601.475353,2026-05-11T22:40:01.475353,5.13102,1.04416,5.3576058432,27.8,188.73229330371228,36.78361499999999,0.7120308876037598
1778535601.5153646,2026-05-11T22:40:01.515375,5.13102,1.05237,5.3997315174,27.9,188.78629061888628,36.79413869999999,0.7521078586578369
1778535601.51549,2026-05-11T22:40:01.515494,5.13102,1.06549,5.467050499800001,27.9,188.84096112388428,36.80479359999999,0.7521078586578369
1778535601.515528,2026-05-11T22:40:01.515528,5.13102,1.06549,5.467050499800001,27.9,188.89563162888228,36.81544849999999,0.7521078586578369
1778535601.5155432,2026-05-11T22:40:01.515544,5.13102,1.06549,5.467050499800001,27.9,188.95030213388029,36.82610339999999,0.7521078586578369
1778535601.5553606,2026-05-11T22:40:01.555367,5.13102,1.06549,5.467050499800001,27.9,189.0049726388783,36.836758299999985,0.792121171951294
1778535601.5554118,2026-05-11T22:40:01.555412,5.13102,1.0449,5.361402798,27.9,189.05858666685828,36.84720729999999,0.792121171951294
1778535601.55543,2026-05-11T22:40:01.555430,5.13102,1.05437,5.409993557400001,27.9,189.11268660243226,36.857750999999986,0.792121171951294
1778535601.5554454,2026-05-11T22:40:01.555446,5.13102,1.06549,5.467050499800001,27.9,189.16735710743026,36.868405899999985,0.792121171951294
1778535601.5953043,2026-05-11T22:40:01.595310,5.13106,1.06461,5.4625777866,27.9,189.22198288529626,36.87905199999999,0.8320648670196533
1778535601.5953548,2026-05-11T22:40:01.595356,5.13106,1.07603,5.5211744918,27.9,189.27719463021427,36.88981229999999,0.8320648670196533
1778535601.5953722,2026-05-11T22:40:01.595373,5.13106,1.04963,5.3857145078,27.9,189.33105177529228,36.90030859999999,0.8320648670196533
1778535601.5953863,2026-05-11T22:40:01.595387,5.13106,1.05237,5.3997736122,27.9,189.38504951141428,36.91083229999999,0.8320648670196533
1778535601.6353526,2026-05-11T22:40:01.635359,5.13106,1.05362,5.4061874372,27.9,189.43911138578628,36.921368499999986,0.872112512588501
1778535601.6354027,2026-05-11T22:40:01.635403,5.13106,1.06461,5.4625777866,27.9,189.49373716365227,36.93201459999999,0.872112512588501
1778535601.6354213,2026-05-11T22:40:01.635421,5.13106,1.06461,5.4625777866,27.9,189.54836294151826,36.94266069999999,0.872112512588501
1778535601.6354363,2026-05-11T22:40:01.635437,5.13106,1.06461,5.4625777866,27.9,189.60298871938426,36.95330679999999,0.872112512588501
1778535601.6752799,2026-05-11T22:40:01.675288,5.13106,1.06461,5.4625777866,27.9,189.65761449725025,36.963952899999995,0.9120280742645264
1778535601.6753566,2026-05-11T22:40:01.675359,5.13106,1.05237,5.3997736122,27.9,189.71161223337225,36.974476599999996,0.9120280742645264
1778535601.6753929,2026-05-11T22:40:01.675394,5.13106,1.04764,5.375503698399999,27.9,189.76536727035625,36.984953,0.9120280742645264
1778535601.6754286,2026-05-11T22:40:01.675429,5.13106,1.06451,5.4620646806,27.9,189.81998791716225,36.995598099999995,0.9120280742645264
1778535601.7152872,2026-05-11T22:40:01.715294,5.13106,1.06451,5.4620646806,27.9,189.87460856396825,37.00624319999999,0.9520480632781982
1778535601.7153373,2026-05-11T22:40:01.715338,5.13106,1.06451,5.4620646806,27.9,189.92922921077425,37.01688829999999,0.9520480632781982
1778535601.7153554,2026-05-11T22:40:01.715356,5.13106,1.06451,5.4620646806,27.9,189.98384985758025,37.02753339999999,0.9520480632781982
1778535601.715371,2026-05-11T22:40:01.715371,5.13106,1.06451,5.4620646806,27.9,190.03847050438625,37.03817849999999,0.9520480632781982
1778535601.7546606,2026-05-11T22:40:01.754663,5.13106,1.04291,5.3512337846,27.9,190.09198284223226,37.04860759999999,0.99143385887146
1778535601.7546828,2026-05-11T22:40:01.754683,5.13106,1.06451,5.4620646806,27.9,190.14660348903826,37.05925269999999,0.99143385887146
1778535601.754695,2026-05-11T22:40:01.754695,5.13106,1.06451,5.4620646806,27.9,190.20122413584426,37.069897799999985,0.99143385887146
1778535601.7547023,2026-05-11T22:40:01.754702,5.13106,1.06451,5.4620646806,27.8,190.25584478265026,37.08054289999998,0.99143385887146
1778535601.79474,2026-05-11T22:40:01.794742,5.1311,1.0641,5.46000351,27.8,190.31044481775027,37.09118389999998,1.03151535987854
1778535601.7947571,2026-05-11T22:40:01.794757,5.1311,1.04938,5.384473718,27.8,190.36428955493025,37.10167769999998,1.03151535987854
1778535601.7947626,2026-05-11T22:40:01.794762,5.1311,1.04988,5.387039268,27.8,190.41815994761026,37.11217649999998,1.03151535987854
1778535601.794767,2026-05-11T22:40:01.794767,5.1311,1.0641,5.46000351,27.8,190.47275998271027,37.12281749999998,1.03151535987854
1778535601.835043,2026-05-11T22:40:01.835047,5.1311,1.0641,5.46000351,27.8,190.52736001781028,37.13345849999998,0.03208112716674805
1778535601.8350828,2026-05-11T22:40:01.835083,5.1311,1.0641,5.46000351,27.9,190.5819600529103,37.14409949999998,0.03208112716674805
1778535601.835097,2026-05-11T22:40:01.835097,5.1311,1.0641,5.46000351,27.9,190.6365600880103,37.15474049999998,0.03208112716674805
1778535601.8351095,2026-05-11T22:40:01.835109,5.1311,1.05063,5.3908875929999995,27.9,190.6904689639403,37.165246799999984,0.03208112716674805
1778535601.8752725,2026-05-11T22:40:01.875278,5.1311,1.05138,5.394735918,27.9,190.7444163231203,37.17576059999998,0.07230901718139648
1778535601.8753166,2026-05-11T22:40:01.875318,5.1311,1.0641,5.46000351,27.9,190.7990163582203,37.18640159999998,0.07230901718139648
1778535601.875333,2026-05-11T22:40:01.875333,5.1311,1.06331,5.455949941,27.9,190.85357585763032,37.19703469999998,0.07230901718139648
1778535601.8753474,2026-05-11T22:40:01.875348,5.1311,1.06331,5.455949941,27.9,190.90813535704032,37.20766779999998,0.07230901718139648
1778535601.915031,2026-05-11T22:40:01.915037,5.1311,1.09969,5.642619359,27.9,190.96456155063032,37.218664699999984,0.11206531524658203
1778535601.9150808,2026-05-11T22:40:01.915081,5.1311,1.06331,5.455949941,27.9,191.01912105004033,37.22929779999998,0.11206531524658203
1778535601.9150994,2026-05-11T22:40:01.915100,5.1311,1.04889,5.381959479000001,27.9,191.07294064483034,37.23978669999998,0.11206531524658203
1778535601.9151154,2026-05-11T22:40:01.915115,5.1311,1.06331,5.455949941,27.9,191.12750014424034,37.25041979999998,0.11206531524658203
1778535601.9553397,2026-05-11T22:40:01.955346,5.1311,1.06331,5.455949941,27.9,191.18205964365035,37.26105289999998,0.1523735523223877
1778535601.9553897,2026-05-11T22:40:01.955390,5.1311,1.06331,5.455949941,27.9,191.23661914306035,37.27168599999998,0.1523735523223877
1778535601.9554076,2026-05-11T22:40:01.955408,5.1311,1.06331,5.455949941,27.9,191.29117864247036,37.28231909999998,0.1523735523223877
1778535601.9554238,2026-05-11T22:40:01.955424,5.1311,1.06331,5.455949941,27.9,191.34573814188036,37.29295219999998,0.1523735523223877
1778535601.9950902,2026-05-11T22:40:01.995096,5.13106,1.06333,5.456010029800001,27.9,191.40029824217837,37.30358549999998,0.1921238899230957
1778535601.995139,2026-05-11T22:40:01.995139,5.13106,1.06333,5.456010029800001,27.9,191.45485834247637,37.314218799999985,0.1921238899230957
1778535601.9951575,2026-05-11T22:40:01.995158,5.13106,1.06333,5.456010029800001,27.9,191.50941844277438,37.32485209999999,0.1921238899230957
1778535601.9951732,2026-05-11T22:40:01.995173,5.13106,1.06333,5.456010029800001,27.9,191.56397854307238,37.33548539999999,0.1921238899230957
1778535602.0353627,2026-05-11T22:40:02.035369,5.13106,1.06333,5.456010029800001,27.9,191.61853864337039,37.34611869999999,0.23239660263061523
1778535602.035413,2026-05-11T22:40:02.035414,5.13106,1.06333,5.456010029800001,27.9,191.6730987436684,37.35675199999999,0.23239660263061523
1778535602.0354316,2026-05-11T22:40:02.035432,5.13106,1.08923,5.5889044837999995,27.9,191.7289877885064,37.367644299999995,0.23239660263061523
1778535602.0354478,2026-05-11T22:40:02.035448,5.13106,1.06333,5.456010029800001,27.9,191.7835478888044,37.3782776,0.23239660263061523
1778535602.0749934,2026-05-11T22:40:02.074999,5.13106,1.07977,5.5403646561999995,27.9,191.83895153536642,37.389075299999995,0.27202773094177246
1778535602.0751867,2026-05-11T22:40:02.075192,5.13106,1.06333,5.456010029800001,27.9,191.89351163566442,37.3997086,0.27202773094177246
1778535602.0752347,2026-05-11T22:40:02.075235,5.1311,1.06361,5.457489271,27.9,191.94808652837443,37.410344699999996,0.27202773094177246
1778535602.0752535,2026-05-11T22:40:02.075254,5.1311,1.06361,5.457489271,27.9,192.00266142108444,37.420980799999995,0.27202773094177246
1778535602.1149569,2026-05-11T22:40:02.114959,5.1311,1.06361,5.457489271,27.9,192.05723631379445,37.431616899999995,0.31200432777404785
1778535602.1149747,2026-05-11T22:40:02.114974,5.1311,1.06361,5.457489271,27.9,192.11181120650446,37.442252999999994,0.31200432777404785
1778535602.1149793,2026-05-11T22:40:02.114979,5.1311,1.06361,5.457489271,27.9,192.16638609921446,37.45288909999999,0.31200432777404785
1778535602.1149833,2026-05-11T22:40:02.114983,5.1311,1.06361,5.457489271,27.9,192.22096099192447,37.46352519999999,0.31200432777404785
1778535602.1549118,2026-05-11T22:40:02.154914,5.1311,1.06361,5.457489271,27.9,192.27553588463448,37.47416129999999,0.3519575595855713
1778535602.1549335,2026-05-11T22:40:02.154934,5.1311,1.06361,5.457489271,27.9,192.3301107773445,37.48479739999999,0.3519575595855713
1778535602.1549404,2026-05-11T22:40:02.154940,5.1311,1.06361,5.457489271,27.9,192.3846856700545,37.49543349999999,0.3519575595855713
1778535602.1549466,2026-05-11T22:40:02.154946,5.1311,1.06361,5.457489271,27.9,192.4392605627645,37.50606959999999,0.3519575595855713
1778535602.1948493,2026-05-11T22:40:02.194851,5.13106,1.06348,5.456779688799999,27.9,192.4938283596525,37.51670439999999,0.39189720153808594
1778535602.1948667,2026-05-11T22:40:02.194867,5.13106,1.06348,5.456779688799999,27.9,192.5483961565405,37.527339199999986,0.39189720153808594
1778535602.1948717,2026-05-11T22:40:02.194871,5.13106,1.06348,5.456779688799999,27.9,192.60296395342849,37.537973999999984,0.39189720153808594
1778535602.194876,2026-05-11T22:40:02.194876,5.13106,1.085,5.567200099999999,27.8,192.6586359544285,37.54882399999998,0.39189720153808594
1778535602.2348306,2026-05-11T22:40:02.234838,5.13106,1.06348,5.456779688799999,27.8,192.71320375131648,37.55945879999998,0.43185877799987793
1778535602.2349005,2026-05-11T22:40:02.234902,5.13106,1.06348,5.456779688799999,27.8,192.76777154820448,37.57009359999998,0.43185877799987793
1778535602.2349336,2026-05-11T22:40:02.234935,5.13106,1.08101,5.5467271706,27.9,192.82323881991047,37.58090369999998,0.43185877799987793
1778535602.2349534,2026-05-11T22:40:02.234955,5.13106,1.08574,5.570997084399999,27.8,192.87894879075446,37.59176109999998,0.43185877799987793
1778535602.2747018,2026-05-11T22:40:02.274704,5.13106,1.083,5.55693798,27.8,192.93451817055447,37.60259109999998,0.47174906730651855
1778535602.2747197,2026-05-11T22:40:02.274719,5.13106,1.08973,5.5914700138,27.9,192.99043287069247,37.61348839999998,0.47174906730651855
1778535602.2747238,2026-05-11T22:40:02.274724,5.13102,1.06431,5.460995896200001,27.9,193.04504282965448,37.62413149999998,0.47174906730651855
1778535602.2747273,2026-05-11T22:40:02.274727,5.13102,1.06431,5.460995896200001,27.9,193.09965278861648,37.634774599999986,0.47174906730651855
1778535602.3146808,2026-05-11T22:40:02.314682,5.13102,1.08475,5.565873945000001,27.9,193.15531152806648,37.64562209999998,0.5117299556732178
1778535602.3146958,2026-05-11T22:40:02.314696,5.13102,1.06431,5.460995896200001,27.9,193.20992148702848,37.656265199999986,0.5117299556732178
1778535602.3147001,2026-05-11T22:40:02.314700,5.13102,1.06431,5.460995896200001,27.9,193.26453144599049,37.66690829999999,0.5117299556732178
1778535602.314704,2026-05-11T22:40:02.314704,5.13102,1.08026,5.5428356652,27.9,193.31995980264247,37.67771089999999,0.5117299556732178
1778535602.3547206,2026-05-11T22:40:02.354722,5.13102,1.06431,5.460995896200001,27.9,193.37456976160448,37.68835399999999,0.5517692565917969
1778535602.3547359,2026-05-11T22:40:02.354736,5.13102,1.06431,5.460995896200001,27.9,193.42917972056648,37.69899709999999,0.5517692565917969
1778535602.3547401,2026-05-11T22:40:02.354740,5.13102,1.08325,5.558177415,27.9,193.48476149471648,37.70982959999999,0.5517692565917969
1778535602.354744,2026-05-11T22:40:02.354744,5.13102,1.07479,5.5147689858,27.9,193.53990918457447,37.72057749999999,0.5517692565917969
1778535602.3950002,2026-05-11T22:40:02.395004,5.13094,1.06498,5.4643484812,27.9,193.59455266938647,37.73122729999999,0.5920453071594238
1778535602.3950276,2026-05-11T22:40:02.395028,5.13094,1.06498,5.4643484812,27.9,193.64919615419848,37.741877099999996,0.5920453071594238
1778535602.3950336,2026-05-11T22:40:02.395033,5.13094,1.06498,5.4643484812,27.9,193.70383963901048,37.7525269,0.5920453071594238
1778535602.3950386,2026-05-11T22:40:02.395038,5.13094,1.05063,5.3907194922,27.9,193.7577468339325,37.7630332,0.5920453071594238
1778535602.4349637,2026-05-11T22:40:02.434966,5.13094,1.06498,5.4643484812,27.9,193.8123903187445,37.773683000000005,0.6320111751556396
1778535602.434983,2026-05-11T22:40:02.434983,5.13094,1.06498,5.4643484812,27.9,193.8670338035565,37.78433280000001,0.6320111751556396
1778535602.434988,2026-05-11T22:40:02.434988,5.13094,1.06498,5.4643484812,27.9,193.9216772883685,37.79498260000001,0.6320111751556396
1778535602.4349926,2026-05-11T22:40:02.434992,5.13094,1.06498,5.4643484812,27.9,193.9763207731805,37.805632400000015,0.6320111751556396
1778535602.4748428,2026-05-11T22:40:02.474848,5.13094,1.04739,5.3740952466000005,27.9,194.0300617256465,37.816106300000015,0.6718780994415283
1778535602.4748893,2026-05-11T22:40:02.474890,5.13094,1.06498,5.4643484812,27.9,194.0847052104585,37.82675610000002,0.6718780994415283
1778535602.4749062,2026-05-11T22:40:02.474906,5.13098,1.06479,5.4634161942,27.9,194.1393393724005,37.83740400000002,0.6718780994415283
1778535602.4749207,2026-05-11T22:40:02.474921,5.13098,1.06479,5.4634161942,27.9,194.19397353434252,37.84805190000002,0.6718780994415283
1778535602.515654,2026-05-11T22:40:02.515660,5.13098,1.1094,5.692309212,27.9,194.25089662646252,37.85914590000002,0.7126872539520264
1778535602.515705,2026-05-11T22:40:02.515705,5.13098,1.06479,5.4634161942,27.9,194.30553078840452,37.869793800000025,0.7126872539520264
1778535602.5157237,2026-05-11T22:40:02.515724,5.13098,1.05412,5.4086686376,27.9,194.35961747478052,37.880335000000024,0.7126872539520264
1778535602.5157397,2026-05-11T22:40:02.515740,5.13098,1.06479,5.4634161942,27.9,194.41425163672253,37.890982900000026,0.7126872539520264
1778535602.5546966,2026-05-11T22:40:02.554699,5.13098,1.06479,5.4634161942,27.9,194.46888579866453,37.90163080000003,0.7517428398132324
1778535602.5547183,2026-05-11T22:40:02.554718,5.13098,1.07528,5.5172401744,27.9,194.52405820040852,37.91238360000003,0.7517428398132324
1778535602.5547233,2026-05-11T22:40:02.554723,5.13098,1.08251,5.5543371598,27.9,194.5796015720065,37.923208700000025,0.7517428398132324
1778535602.554727,2026-05-11T22:40:02.554727,5.13098,1.06479,5.4634161942,27.9,194.63423573394851,37.93385660000003,0.7517428398132324
1778535602.59466,2026-05-11T22:40:02.594662,5.13094,1.06536,5.4662982384,27.9,194.68889871633252,37.944510200000025,0.7917091846466064
1778535602.5946753,2026-05-11T22:40:02.594675,5.13094,1.04266,5.349825900399999,27.9,194.7423969753365,37.95493680000003,0.7917091846466064
1778535602.5946798,2026-05-11T22:40:02.594679,5.13094,1.05437,5.4099092078,27.9,194.7964960674145,37.96548050000003,0.7917091846466064
1778535602.5946834,2026-05-11T22:40:02.594683,5.13094,1.06536,5.4662982384,27.9,194.8511590497985,37.976134100000024,0.7917091846466064
1778535602.6347241,2026-05-11T22:40:02.634726,5.13094,1.06536,5.4662982384,27.9,194.9058220321825,37.98678770000002,0.8317713737487793
1778535602.6347456,2026-05-11T22:40:02.634745,5.13094,1.06536,5.4662982384,27.9,194.9604850145665,37.99744130000002,0.8317713737487793
1778535602.6347501,2026-05-11T22:40:02.634750,5.13094,1.0449,5.361319205999999,27.9,195.0140982066265,38.00789030000002,0.8317713737487793
1778535602.6347537,2026-05-11T22:40:02.634754,5.13094,1.06536,5.4662982384,27.9,195.0687611890105,38.01854390000002,0.8317713737487793
1778535602.6746855,2026-05-11T22:40:02.674687,5.13094,1.05362,5.4060610028,27.9,195.1228217990385,38.029080100000016,0.8717327117919922
1778535602.674703,2026-05-11T22:40:02.674703,5.13094,1.06536,5.4662982384,27.9,195.1774847814225,38.03973370000001,0.8717327117919922
1778535602.6747072,2026-05-11T22:40:02.674707,5.1309,1.07628,5.522285051999999,27.9,195.2327076319425,38.050496500000015,0.8717327117919922
1778535602.674711,2026-05-11T22:40:02.674711,5.1309,1.05511,5.4136638989999994,27.9,195.2868442709325,38.061047600000016,0.8717327117919922
1778535602.7146683,2026-05-11T22:40:02.714670,5.1309,1.06581,5.468564528999999,27.9,195.3415299162225,38.07170570000002,0.9117157459259033
1778535602.714685,2026-05-11T22:40:02.714685,5.1309,1.08151,5.549119659,27.9,195.3970211128125,38.08252080000002,0.9117157459259033
1778535602.714689,2026-05-11T22:40:02.714689,5.1309,1.06581,5.468564528999999,27.9,195.4517067581025,38.09317890000002,0.9117157459259033
1778535602.7146928,2026-05-11T22:40:02.714693,5.1309,1.06581,5.468564528999999,27.9,195.50639240339248,38.10383700000002,0.9117157459259033
1778535602.754699,2026-05-11T22:40:02.754701,5.1309,1.06581,5.468564528999999,27.9,195.56107804868248,38.11449510000002,0.9517481327056885
1778535602.7547143,2026-05-11T22:40:02.754714,5.1309,1.06581,5.468564528999999,27.9,195.61576369397247,38.12515320000002,0.9517481327056885
1778535602.7547185,2026-05-11T22:40:02.754718,5.1309,1.06581,5.468564528999999,27.9,195.67044933926246,38.13581130000002,0.9517481327056885
1778535602.7547228,2026-05-11T22:40:02.754722,5.1309,1.06581,5.468564528999999,27.9,195.72513498455245,38.14646940000002,0.9517481327056885
1778535602.7946906,2026-05-11T22:40:02.794693,5.13082,1.06585,5.468684497,27.9,195.77982182952246,38.15712790000002,0.9917380809783936
1778535602.7947094,2026-05-11T22:40:02.794709,5.13082,1.06585,5.468684497,27.9,195.83450867449247,38.16778640000002,0.9917380809783936
1778535602.794715,2026-05-11T22:40:02.794715,5.13082,1.06585,5.468684497,27.9,195.88919551946248,38.17844490000002,0.9917380809783936
1778535602.7947195,2026-05-11T22:40:02.794719,5.13082,1.04914,5.3829484948,27.9,195.9430250044105,38.188936300000016,0.9917380809783936
1778535602.8347752,2026-05-11T22:40:02.834777,5.13082,1.05038,5.3893107116,27.9,195.9969181115265,38.19944010000002,1.0318238735198975
1778535602.8347921,2026-05-11T22:40:02.834792,5.13082,1.04864,5.3803830848,27.9,196.0507219423745,38.209926500000016,1.0318238735198975
1778535602.8347976,2026-05-11T22:40:02.834797,5.13082,1.05362,5.4059345684,27.9,196.10478128805852,38.22046270000001,1.0318238735198975
1778535602.8348022,2026-05-11T22:40:02.834802,5.13082,1.06585,5.468684497,27.9,196.15946813302853,38.23112120000001,1.0318238735198975
1778535602.874882,2026-05-11T22:40:02.874884,5.13082,1.08649,5.5745846218,27.9,196.21521397924653,38.24198610000001,0.03201603889465332
1778535602.8749006,2026-05-11T22:40:02.874900,5.13082,1.06585,5.468684497,27.9,196.26990082421653,38.25264460000001,0.03201603889465332
1778535602.874905,2026-05-11T22:40:02.874905,5.13078,1.0663,5.470950714,27.9,196.32461033135652,38.26330760000001,0.03201603889465332
1778535602.8749096,2026-05-11T22:40:02.874909,5.13078,1.0663,5.470950714,27.9,196.3793198384965,38.27397060000001,0.03201603889465332
1778535602.9150178,2026-05-11T22:40:02.915020,5.13078,1.0663,5.470950714,27.9,196.4340293456365,38.284633600000014,0.07215261459350586
1778535602.9150364,2026-05-11T22:40:02.915036,5.13078,1.08176,5.5502725728,27.9,196.4895320713645,38.29545120000002,0.07215261459350586
1778535602.9150417,2026-05-11T22:40:02.915041,5.13078,1.083,5.55663474,27.9,196.5450984187645,38.306281200000015,0.07215261459350586
1778535602.9150467,2026-05-11T22:40:02.915046,5.13078,1.07827,5.5323661506,27.9,196.6004220802705,38.317063900000015,0.07215261459350586
1778535602.9550645,2026-05-11T22:40:02.955067,5.13078,1.07927,5.5374969306,27.9,196.6557970495765,38.32785660000002,0.1121983528137207
1778535602.9550858,2026-05-11T22:40:02.955086,5.13078,1.0663,5.470950714,27.9,196.7105065567165,38.33851960000002,0.1121983528137207
1778535602.9550917,2026-05-11T22:40:02.955091,5.13078,1.0663,5.470950714,27.9,196.76521606385649,38.34918260000002,0.1121983528137207
1778535602.9550972,2026-05-11T22:40:02.955097,5.13078,1.0663,5.470950714,27.9,196.81992557099647,38.35984560000002,0.1121983528137207
1778535602.9954238,2026-05-11T22:40:02.995428,5.13075,1.08101,5.5463920575,27.9,196.87538949157147,38.37065570000002,0.15255069732666016
1778535602.99546,2026-05-11T22:40:02.995460,5.13075,1.07802,5.5310511149999995,27.9,196.93070000272147,38.38143590000002,0.15255069732666016
1778535602.995473,2026-05-11T22:40:02.995473,5.13075,1.06801,5.4796923075,27.9,196.98549692579647,38.39211600000002,0.15255069732666016
1778535602.9954848,2026-05-11T22:40:02.995485,5.13075,1.06801,5.4796923075,27.9,197.04029384887147,38.402796100000025,0.15255069732666016
1778535603.0352876,2026-05-11T22:40:03.035294,5.13075,1.06801,5.4796923075,27.9,197.09509077194647,38.41347620000003,0.19240832328796387
1778535603.0353374,2026-05-11T22:40:03.035338,5.13075,1.08151,5.5489574325,27.9,197.15058034627148,38.42429130000003,0.19240832328796387
1778535603.0353558,2026-05-11T22:40:03.035356,5.13075,1.06801,5.4796923075,27.9,197.20537726934649,38.43497140000003,0.19240832328796387
1778535603.035371,2026-05-11T22:40:03.035371,5.13075,1.08549,5.5693778175,27.8,197.26107104752148,38.44582630000003,0.19240832328796387
1778535603.0746875,2026-05-11T22:40:03.074689,5.13075,1.06801,5.4796923075,27.8,197.31586797059649,38.45650640000003,0.23182320594787598
1778535603.0747046,2026-05-11T22:40:03.074704,5.13075,1.05611,5.418636382500001,27.9,197.3700543344215,38.46706750000003,0.23182320594787598
1778535603.074709,2026-05-11T22:40:03.074709,5.13075,1.05437,5.4097088775,27.9,197.4241514231965,38.47761120000003,0.23182320594787598
1778535603.0747128,2026-05-11T22:40:03.074713,5.13075,1.06857,5.4825655275,27.9,197.4789770784715,38.48829690000003,0.23182320594787598
1778535603.1148438,2026-05-11T22:40:03.114845,5.13075,1.06857,5.4825655275,27.9,197.5338027337465,38.49898260000003,0.27198004722595215
1778535603.114859,2026-05-11T22:40:03.114859,5.13075,1.05262,5.400730064999999,27.9,197.5878100343965,38.509508800000035,0.27198004722595215
1778535603.1148636,2026-05-11T22:40:03.114863,5.13075,1.08375,5.5604503124999995,27.9,197.64341453752152,38.520346300000035,0.27198004722595215
1778535603.1148674,2026-05-11T22:40:03.114867,5.13075,1.05586,5.417353695,27.9,197.69758807447153,38.53090490000004,0.27198004722595215
1778535603.1550727,2026-05-11T22:40:03.155075,5.13075,1.05735,5.4249985125,27.9,197.75183805959654,38.54147840000004,0.3122069835662842
1778535603.1550934,2026-05-11T22:40:03.155093,5.13075,1.06857,5.4825655275,27.9,197.80666371487155,38.55216410000004,0.3122069835662842
1778535603.1550992,2026-05-11T22:40:03.155099,5.13075,1.06857,5.4825655275,27.9,197.86148937014656,38.562849800000045,0.3122069835662842
1778535603.1551042,2026-05-11T22:40:03.155104,5.13075,1.06857,5.4825655275,27.9,197.91631502542157,38.57353550000005,0.3122069835662842
1778535603.1952333,2026-05-11T22:40:03.195239,5.13067,1.06877,5.483506175900001,27.9,197.97115008718058,38.58422320000005,0.3523566722869873
1778535603.1952772,2026-05-11T22:40:03.195278,5.13067,1.04914,5.3827911238,27.9,198.02497799841856,38.594714600000046,0.3523566722869873
1778535603.1952927,2026-05-11T22:40:03.195293,5.13067,1.04316,5.352109717200001,27.9,198.07849909559056,38.60514620000004,0.3523566722869873
1778535603.195307,2026-05-11T22:40:03.195307,5.13067,1.06877,5.483506175900001,27.9,198.13333415734957,38.61583390000004,0.3523566722869873
1778535603.234991,2026-05-11T22:40:03.234996,5.13067,1.06877,5.483506175900001,27.9,198.18816921910857,38.62652160000004,0.39211392402648926
1778535603.235035,2026-05-11T22:40:03.235035,5.13067,1.06877,5.483506175900001,27.9,198.24300428086758,38.63720930000004,0.39211392402648926
1778535603.2350507,2026-05-11T22:40:03.235051,5.13067,1.06877,5.483506175900001,27.9,198.2978393426266,38.647897000000036,0.39211392402648926
1778535603.235064,2026-05-11T22:40:03.235064,5.13067,1.04416,5.3572403872,27.9,198.3514117464986,38.658338600000036,0.39211392402648926
1778535603.2746282,2026-05-11T22:40:03.274630,5.13067,1.06877,5.483506175900001,27.9,198.4062468082576,38.669026300000034,0.4317607879638672
1778535603.2746546,2026-05-11T22:40:03.274655,5.13067,1.06877,5.483506175900001,27.9,198.4610818700166,38.67971400000003,0.4317607879638672
1778535603.2746682,2026-05-11T22:40:03.274668,5.13071,1.06829,5.4810861859,27.9,198.51589273187562,38.69039690000003,0.4317607879638672
1778535603.2746756,2026-05-11T22:40:03.274676,5.13071,1.06829,5.4810861859,27.9,198.57070359373463,38.70107980000003,0.4317607879638672
1778535603.3147068,2026-05-11T22:40:03.314709,5.13071,1.06829,5.4810861859,27.9,198.62551445559365,38.71176270000003,0.47183871269226074
1778535603.3147256,2026-05-11T22:40:03.314726,5.13071,1.04391,5.355999476099999,27.9,198.67907445035465,38.72220180000003,0.47183871269226074
1778535603.3147297,2026-05-11T22:40:03.314729,5.13071,1.04316,5.3521514436,27.9,198.73259596479065,38.732633400000026,0.47183871269226074
1778535603.314733,2026-05-11T22:40:03.314733,5.13071,1.06829,5.4810861859,27.9,198.78740682664966,38.743316300000025,0.47183871269226074
1778535603.354671,2026-05-11T22:40:03.354673,5.13071,1.06829,5.4810861859,27.9,198.84221768850867,38.753999200000024,0.5118074417114258
1778535603.354686,2026-05-11T22:40:03.354686,5.13071,1.06829,5.4810861859,27.9,198.89702855036768,38.76468210000002,0.5118074417114258
1778535603.3546898,2026-05-11T22:40:03.354690,5.13071,1.06829,5.4810861859,27.9,198.9518394122267,38.77536500000002,0.5118074417114258
1778535603.3546937,2026-05-11T22:40:03.354693,5.13071,1.05013,5.3879124923,27.9,199.00571853714968,38.78586630000002,0.5118074417114258
1778535603.3949447,2026-05-11T22:40:03.394950,5.13071,1.06707,5.474826719699999,27.9,199.06046680434667,38.79653700000002,0.5520679950714111
1778535603.3949876,2026-05-11T22:40:03.394988,5.13071,1.06707,5.474826719699999,27.9,199.11521507154367,38.80720770000002,0.5520679950714111
1778535603.3950028,2026-05-11T22:40:03.395003,5.13071,1.06707,5.474826719699999,27.9,199.16996333874067,38.81787840000002,0.5520679950714111
1778535603.3950167,2026-05-11T22:40:03.395017,5.13071,1.06707,5.474826719699999,27.9,199.22471160593767,38.82854910000002,0.5520679950714111
1778535603.4349005,2026-05-11T22:40:03.434912,5.13071,1.06707,5.474826719699999,27.9,199.27945987313467,38.839219800000016,0.5920240879058838
1778535603.4349766,2026-05-11T22:40:03.434977,5.13071,1.04615,5.367492266499999,27.9,199.33313479579968,38.849681300000015,0.5920240879058838
1778535603.4349928,2026-05-11T22:40:03.434993,5.13071,1.06707,5.474826719699999,27.9,199.38788306299668,38.86035200000001,0.5920240879058838
1778535603.4350069,2026-05-11T22:40:03.435007,5.13071,1.05661,5.4211594931,27.9,199.44209465792767,38.87091810000001,0.5920240879058838
1778535603.4751477,2026-05-11T22:40:03.475154,5.13071,1.05511,5.4134634281,27.9,199.49622929220868,38.88146920000001,0.6322696208953857
1778535603.4751968,2026-05-11T22:40:03.475198,5.13071,1.06707,5.474826719699999,27.9,199.55097755940568,38.89213990000001,0.6322696208953857
1778535603.475214,2026-05-11T22:40:03.475214,5.13075,1.06659,5.472406642499999,27.9,199.60570162583068,38.90280580000001,0.6322696208953857
1778535603.47523,2026-05-11T22:40:03.475230,5.13075,1.06659,5.472406642499999,27.9,199.66042569225567,38.91347170000001,0.6322696208953857
1778535603.5151496,2026-05-11T22:40:03.515155,5.13075,1.05312,5.40329544,27.9,199.71445864665566,38.92400290000001,0.6722710132598877
1778535603.515199,2026-05-11T22:40:03.515199,5.13075,1.06659,5.472406642499999,27.9,199.76918271308065,38.93466880000001,0.6722710132598877
1778535603.515216,2026-05-11T22:40:03.515216,5.13075,1.06659,5.472406642499999,27.9,199.82390677950565,38.94533470000001,0.6722710132598877
1778535603.5152318,2026-05-11T22:40:03.515232,5.13075,1.06659,5.472406642499999,27.9,199.87863084593064,38.95600060000001,0.6722710132598877
1778535603.5548728,2026-05-11T22:40:03.554876,5.13075,1.05188,5.39693331,27.9,199.93260017903066,38.96651940000001,0.7120041847229004
1778535603.5549004,2026-05-11T22:40:03.554900,5.13075,1.06659,5.472406642499999,27.9,199.98732424545565,38.97718530000001,0.7120041847229004
1778535603.5549092,2026-05-11T22:40:03.554909,5.13075,1.06659,5.472406642499999,27.9,200.04204831188065,38.98785120000001,0.7120041847229004
1778535603.5549166,2026-05-11T22:40:03.554916,5.13075,1.06659,5.472406642499999,27.9,200.09677237830564,38.99851710000001,0.7120041847229004
1778535603.5947223,2026-05-11T22:40:03.594724,5.13075,1.06615,5.4701491125,27.9,200.15147386943065,39.009178600000006,0.7518570423126221
1778535603.59474,2026-05-11T22:40:03.594740,5.13075,1.06615,5.4701491125,27.9,200.20617536055565,39.0198401,0.7518570423126221
1778535603.594744,2026-05-11T22:40:03.594744,5.13075,1.06615,5.4701491125,27.9,200.26087685168065,39.0305016,0.7518570423126221
1778535603.594748,2026-05-11T22:40:03.594748,5.13075,1.05412,5.408426189999999,27.9,200.31496111358064,39.0410428,0.7518570423126221
1778535603.6346965,2026-05-11T22:40:03.634698,5.13075,1.03992,5.33556954,27.9,200.36831680898064,39.051442,0.7918329238891602
1778535603.6347108,2026-05-11T22:40:03.634711,5.13075,1.06615,5.4701491125,27.9,200.42301830010564,39.0621035,0.7918329238891602
1778535603.6347148,2026-05-11T22:40:03.634715,5.13075,1.06615,5.4701491125,27.9,200.47771979123064,39.072765,0.7918329238891602
1778535603.634719,2026-05-11T22:40:03.634719,5.13075,1.06615,5.4701491125,27.9,200.53242128235564,39.083426499999995,0.7918329238891602
1778535603.674717,2026-05-11T22:40:03.674719,5.13075,1.06615,5.4701491125,27.9,200.58712277348064,39.09408799999999,0.8318531513214111
1778535603.674732,2026-05-11T22:40:03.674732,5.13075,1.06615,5.4701491125,27.9,200.64182426460565,39.10474949999999,0.8318531513214111
1778535603.674736,2026-05-11T22:40:03.674736,5.13078,1.06574,5.4680774772,27.9,200.69650503937766,39.11540689999999,0.8318531513214111
1778535603.6747403,2026-05-11T22:40:03.674740,5.13078,1.04416,5.3573552448,27.9,200.75007859182566,39.12584849999999,0.8318531513214111
1778535603.7147226,2026-05-11T22:40:03.714725,5.13078,1.06574,5.4680774772,27.9,200.80475936659766,39.13650589999999,0.8718576431274414
1778535603.7147403,2026-05-11T22:40:03.714740,5.13078,1.06574,5.4680774772,27.9,200.85944014136967,39.14716329999999,0.8718576431274414
1778535603.7147443,2026-05-11T22:40:03.714744,5.13078,1.06574,5.4680774772,27.9,200.91412091614168,39.15782069999999,0.8718576431274414
1778535603.7147481,2026-05-11T22:40:03.714748,5.13078,1.06574,5.4680774772,27.9,200.9688016909137,39.16847809999999,0.8718576431274414
1778535603.7548642,2026-05-11T22:40:03.754874,5.13078,1.04864,5.3803411392,27.9,201.0226051023057,39.178964499999985,0.911975622177124
1778535603.754923,2026-05-11T22:40:03.754923,5.11141,1.14476,5.8513377116,27.9,201.0811184794217,39.19041209999998,0.911975622177124
1778535603.7549303,2026-05-11T22:40:03.754930,5.13078,1.29069,6.6222464381999995,27.9,201.1473409438037,39.20331899999998,0.911975622177124
1778535603.7549357,2026-05-11T22:40:03.754935,5.13078,1.4919,7.6546106819999995,27.9,201.2238870506237,39.21823799999998,0.911975622177124
1778535603.7946353,2026-05-11T22:40:03.794638,5.15022,1.15398,5.9432508756,27.9,201.2833195593797,39.22977779999998,0.9517667293548584
1778535603.7946594,2026-05-11T22:40:03.794659,5.14646,1.02374,5.268636960400001,27.9,201.3360059289837,39.24001519999998,0.9517667293548584
1778535603.794669,2026-05-11T22:40:03.794669,5.14271,0.93209,4.7934685639,27.9,201.3839406146227,39.24933609999998,0.9517667293548584
1778535603.794678,2026-05-11T22:40:03.794678,5.13063,0.99709,5.1156998667,27.9,201.4350976132897,39.25930699999998,0.9517667293548584
1778535603.835068,2026-05-11T22:40:03.835070,5.11392,1.17141,5.990497027200001,27.9,201.4950025835617,39.27102109999998,0.9922041893005371
1778535603.8350835,2026-05-11T22:40:03.835083,5.13063,1.15422,5.9218757586,27.9,201.5542213411477,39.28256329999998,0.9922041893005371
1778535603.8350885,2026-05-11T22:40:03.835088,5.13063,1.07443,5.5125027909,27.9,201.6093463690567,39.29330759999998,0.9922041893005371
1778535603.8350925,2026-05-11T22:40:03.835092,5.13063,1.07443,5.5125027909,27.9,201.66447139696572,39.304051899999976,0.9922041893005371
1778535603.8748257,2026-05-11T22:40:03.874828,5.13063,0.98812,5.0696781156,27.9,201.71516817812173,39.31393309999998,1.0319607257843018
1778535603.874844,2026-05-11T22:40:03.874844,5.13063,0.97343,4.9943091609,27.8,201.76511126973074,39.32366739999998,1.0319607257843018
1778535603.8748498,2026-05-11T22:40:03.874850,5.12018,1.0722,5.489856996,27.9,201.82000983969073,39.33438939999998,1.0319607257843018
1778535603.8748555,2026-05-11T22:40:03.874855,5.13102,1.03917,5.3320020534,27.9,201.87332986022471,39.34478109999998,1.0319607257843018
1778535603.9153373,2026-05-11T22:40:03.915343,5.13102,1.01875,5.227226625000001,27.9,201.9256021264747,39.35496859999998,0.03225898742675781
1778535603.9153867,2026-05-11T22:40:03.915387,5.13102,1.0722,5.501479644000001,27.9,201.9806169229147,39.36569059999998,0.03225898742675781
1778535603.9154036,2026-05-11T22:40:03.915404,5.13102,1.03569,5.314146103800001,27.9,202.0337583839527,39.37604749999998,0.03225898742675781
1778535603.9154193,2026-05-11T22:40:03.915419,5.13102,0.96223,4.937221374600001,27.9,202.0831305976987,39.385669799999974,0.03225898742675781
1778535603.9553459,2026-05-11T22:40:03.955352,5.13102,0.99759,5.1186542418,27.9,202.1343171401167,39.395645699999974,0.07226705551147461
1778535603.9553957,2026-05-11T22:40:03.955397,5.13102,0.97219,4.9883263338,27.9,202.1842004034547,39.40536759999998,0.07226705551147461
1778535603.9554143,2026-05-11T22:40:03.955415,5.13102,1.06184,5.4483222768,27.9,202.2386836262227,39.415985999999975,0.07226705551147461
1778535603.9554305,2026-05-11T22:40:03.955431,5.13102,0.96073,4.9295248446,27.9,202.28797887466868,39.425593299999974,0.07226705551147461
1778535603.9953542,2026-05-11T22:40:03.995360,5.13098,1.00854,5.1747985692,27.9,202.33972686036068,39.435678699999976,0.11227560043334961
1778535603.9954042,2026-05-11T22:40:03.995405,5.13098,1.02199,5.2438102502,27.9,202.3921649628627,39.44589859999998,0.11227560043334961
1778535603.9954214,2026-05-11T22:40:03.995422,5.13098,1.26554,6.493460429200001,27.9,202.4570995671547,39.45855399999998,0.11227560043334961
1778535603.995438,2026-05-11T22:40:03.995438,5.13098,1.21972,6.2583589256,27.9,202.5196831564107,39.47075119999998,0.11227560043334961
1778535604.0346527,2026-05-11T22:40:04.034655,5.13098,1.03519,5.3115391862,27.9,202.57279854827271,39.481103099999984,0.15158867835998535
1778535604.0346694,2026-05-11T22:40:04.034669,5.13098,1.15622,5.9325416956,27.9,202.63212396522871,39.492665299999985,0.15158867835998535
1778535604.034674,2026-05-11T22:40:04.034674,5.13098,1.10492,5.6693224215999996,27.9,202.6888171894447,39.50371449999999,0.15158867835998535
1778535604.0346775,2026-05-11T22:40:04.034677,5.15147,0.87557,4.5104725879,27.9,202.73392191532372,39.51247019999999,0.15158867835998535
1778535604.0747347,2026-05-11T22:40:04.074737,5.14271,0.83298,4.283774575800001,27.9,202.7767596610817,39.52079999999999,0.19167160987854004
1778535604.0747502,2026-05-11T22:40:04.074750,5.13098,0.84643,4.3430154014,27.9,202.82018981509572,39.52926429999999,0.19167160987854004
1778535604.0747545,2026-05-11T22:40:04.074754,5.13125,0.83423,4.280642687499999,27.9,202.8629962419707,39.53760659999999,0.19167160987854004
1778535604.0747583,2026-05-11T22:40:04.074758,5.11266,1.06217,5.4305140722,27.9,202.9173013826927,39.54822829999999,0.19167160987854004
1778535604.1149175,2026-05-11T22:40:04.114919,5.13125,1.04739,5.3744199375,27.9,202.9710455820677,39.55870219999999,0.23185491561889648
1778535604.1149328,2026-05-11T22:40:04.114932,5.13125,1.06217,5.4502598125,27.9,203.0255481801927,39.56932389999999,0.23185491561889648
1778535604.1149368,2026-05-11T22:40:04.114937,5.13125,1.06217,5.4502598125,27.9,203.08005077831768,39.579945599999995,0.23185491561889648
1778535604.114941,2026-05-11T22:40:04.114940,5.13125,1.07404,5.51116775,27.9,203.1351624558177,39.590686,0.23185491561889648
1778535604.1546519,2026-05-11T22:40:04.154654,5.13125,1.06217,5.4502598125,27.9,203.1896650539427,39.6013077,0.2715871334075928
1778535604.1546676,2026-05-11T22:40:04.154667,5.15648,0.82128,4.2349138944,27.9,203.23201419288668,39.6095205,0.2715871334075928
1778535604.1546717,2026-05-11T22:40:04.154671,5.14146,0.82327,4.2328097742,27.9,203.27434229062868,39.6177532,0.2715871334075928
1778535604.1546755,2026-05-11T22:40:04.154675,5.13125,0.82352,4.225687,27.9,203.31659916062867,39.625988400000004,0.2715871334075928
1778535604.194761,2026-05-11T22:40:04.194763,5.13125,0.82626,4.2397466249999995,27.9,203.35899662687868,39.634251000000006,0.31169652938842773
1778535604.194781,2026-05-11T22:40:04.194781,5.13125,0.83024,4.260168999999999,27.9,203.40159831687868,39.642553400000004,0.31169652938842773
1778535604.1947854,2026-05-11T22:40:04.194785,5.13125,0.82975,4.2576546875,27.9,203.4441748637537,39.6508509,0.31169652938842773
1778535604.1947892,2026-05-11T22:40:04.194789,5.13125,0.82601,4.2384638125,27.9,203.48655950187867,39.659111,0.31169652938842773
1778535604.234896,2026-05-11T22:40:04.234897,5.13125,0.83099,4.2640174375,27.9,203.52919967625368,39.6674209,0.35183286666870117
1778535604.2349102,2026-05-11T22:40:04.234910,5.13125,0.82003,4.2077789375,27.9,203.5712774656287,39.6756212,0.35183286666870117
1778535604.2349143,2026-05-11T22:40:04.234914,5.13125,0.81854,4.200133375,27.9,203.6132787993787,39.683806600000004,0.35183286666870117
1778535604.234918,2026-05-11T22:40:04.234918,5.13125,0.82775,4.2473921875,27.9,203.6557527212537,39.6920841,0.35183286666870117
1778535604.2749522,2026-05-11T22:40:04.274954,5.13125,0.82551,4.235898187499999,27.9,203.6981117031287,39.7003392,0.3918883800506592
1778535604.274969,2026-05-11T22:40:04.274969,5.13125,0.82452,4.23081825,27.9,203.74041988562868,39.7085844,0.3918883800506592
1778535604.2749736,2026-05-11T22:40:04.274973,5.13114,0.82352,4.225596412800001,27.9,203.78267584975669,39.7168196,0.3918883800506592
1778535604.2749777,2026-05-11T22:40:04.274978,5.13114,0.82178,4.2166682292,27.9,203.82484253204868,39.7250374,0.3918883800506592
1778535604.3150513,2026-05-11T22:40:04.315053,5.13114,0.82452,4.2307275528,27.9,203.86714980757668,39.733282599999995,0.43198704719543457
1778535604.3150697,2026-05-11T22:40:04.315069,5.11392,0.90246,4.615108243200001,27.9,203.91330089000868,39.74230719999999,0.43198704719543457
1778535604.3150735,2026-05-11T22:40:04.315073,5.13114,0.83149,4.2664915986,27.9,203.95596580599468,39.750622099999994,0.43198704719543457
1778535604.315077,2026-05-11T22:40:04.315077,5.13114,0.82501,4.2332418114,27.9,203.99829822410868,39.75887219999999,0.43198704719543457
1778535604.3549323,2026-05-11T22:40:04.354934,5.13114,0.82725,4.244735565,27.9,204.0407455797587,39.76714469999999,0.47186946868896484
1778535604.3549469,2026-05-11T22:40:04.354947,5.13114,0.81555,4.184701227000001,27.9,204.0825925920287,39.77530019999999,0.47186946868896484
1778535604.3549507,2026-05-11T22:40:04.354950,5.13114,0.8275,4.24601835,27.9,204.1250527755287,39.78357519999999,0.47186946868896484
1778535604.354954,2026-05-11T22:40:04.354954,5.13114,0.83572,4.2881963208,27.9,204.1679347387367,39.791932399999986,0.47186946868896484
1778535604.3949225,2026-05-11T22:40:04.394924,5.13082,0.828,4.24831896,27.9,204.2104179283367,39.800212399999985,0.5118575096130371
1778535604.3949409,2026-05-11T22:40:04.394941,5.13082,0.82925,4.254732485,27.9,204.25296525318672,39.80850489999999,0.5118575096130371
1778535604.3949463,2026-05-11T22:40:04.394946,5.13082,0.82327,4.2240501814,27.9,204.29520575500072,39.81673759999999,0.5118575096130371
1778535604.3949513,2026-05-11T22:40:04.394951,5.13082,0.8153,4.183157546,27.9,204.33703733046073,39.82489059999999,0.5118575096130371
1778535604.435299,2026-05-11T22:40:04.435305,5.13082,0.82825,4.249601665,27.9,204.37953334711074,39.83317309999999,0.5522210597991943
1778535604.4353473,2026-05-11T22:40:04.435348,5.13082,0.82999,4.2585292918,27.9,204.42211864002874,39.841472999999986,0.5522210597991943
1778535604.4353647,2026-05-11T22:40:04.435365,5.13082,0.82825,4.249601665,27.9,204.46461465667875,39.849755499999986,0.5522210597991943
1778535604.4353805,2026-05-11T22:40:04.435381,5.13082,0.82676,4.2419567432,27.9,204.50703422411075,39.85802309999999,0.5522210597991943
1778535604.4750926,2026-05-11T22:40:04.475099,5.13082,0.82427,4.2291810014,27.9,204.54932603412476,39.86626579999999,0.5920140743255615
1778535604.4751425,2026-05-11T22:40:04.475144,5.13082,0.81132,4.1627368824,27.9,204.59095340294877,39.87437899999998,0.5920140743255615
1778535604.4751613,2026-05-11T22:40:04.475162,5.13071,0.81829,4.1984086859,27.9,204.63293748980777,39.882561899999985,0.5920140743255615
1778535604.4751775,2026-05-11T22:40:04.475178,5.10015,1.14377,5.8333985655,27.9,204.69127147546277,39.89399959999999,0.5920140743255615
1778535604.5153518,2026-05-11T22:40:04.515357,5.11141,1.04764,5.3549175724,27.9,204.74482065118676,39.90447599999999,0.6322741508483887
1778535604.5154011,2026-05-11T22:40:04.515402,5.13071,1.35593,6.9568836103,27.9,204.81438948728976,39.918035299999985,0.6322741508483887
1778535604.5154185,2026-05-11T22:40:04.515419,5.13071,1.45505,7.4654395854999995,27.9,204.88904388314475,39.932585799999984,0.6322741508483887
1778535604.5154324,2026-05-11T22:40:04.515433,5.15022,1.12335,5.785499637,27.9,204.94689887951475,39.94381929999999,0.6322741508483887
1778535604.554963,2026-05-11T22:40:04.554969,5.13071,1.08574,5.5706170753999995,27.9,205.00260505026876,39.954676699999986,0.6718840599060059
1778535604.5550146,2026-05-11T22:40:04.555015,5.13071,1.09272,5.6064294312,27.9,205.05866934458075,39.965603899999984,0.6718840599060059
1778535604.5550318,2026-05-11T22:40:04.555032,5.13071,1.11911,5.7418288681,27.9,205.11608763326174,39.97679499999998,0.6718840599060059
1778535604.5550475,2026-05-11T22:40:04.555048,5.14146,0.85714,4.4069510244000005,27.9,205.16015714350573,39.98536639999998,0.6718840599060059
1778535604.595323,2026-05-11T22:40:04.595329,5.13051,0.88129,4.5214671579,27.9,205.20537181508473,39.994179299999985,0.712244987487793
1778535604.5953722,2026-05-11T22:40:04.595373,5.13051,0.81555,4.1841874305,27.9,205.24721368938972,40.002334799999986,0.712244987487793
1778535604.5953891,2026-05-11T22:40:04.595390,5.13051,0.82003,4.207172115300001,27.9,205.28928541054273,40.010535099999984,0.712244987487793
1778535604.5954049,2026-05-11T22:40:04.595405,5.13051,0.82252,4.2199470852,27.9,205.33148488139474,40.01876029999998,0.712244987487793
1778535604.6353455,2026-05-11T22:40:04.635351,5.13051,0.93932,4.819190653200001,27.9,205.37967678792674,40.02815349999998,0.7522668838500977
1778535604.635395,2026-05-11T22:40:04.635396,5.13051,0.83099,4.2634025049,27.9,205.42231081297575,40.03646339999998,0.7522668838500977
1778535604.6354127,2026-05-11T22:40:04.635413,5.13051,0.82501,4.2327220551,27.9,205.46463803352674,40.04471349999998,0.7522668838500977
1778535604.6354268,2026-05-11T22:40:04.635427,5.13051,0.81057,4.1586374907,27.9,205.50622440843375,40.05281919999998,0.7522668838500977
1778535604.674808,2026-05-11T22:40:04.674815,5.13051,0.81929,4.2033755378999995,27.9,205.54825816381276,40.06101209999998,0.7917304039001465
1778535604.6748624,2026-05-11T22:40:04.674864,5.13051,0.82452,4.2302081052,27.9,205.59056024486475,40.069257299999975,0.7917304039001465
1778535604.6748922,2026-05-11T22:40:04.674893,5.13043,0.82227,4.218598676099999,27.9,205.63274623162576,40.07747999999997,0.7917304039001465
1778535604.67492,2026-05-11T22:40:04.674920,5.13043,0.82725,4.2441482175,27.9,205.67518771380077,40.08575249999997,0.7917304039001465
1778535604.7145894,2026-05-11T22:40:04.714591,5.13043,0.82725,4.2441482175,27.9,205.71762919597577,40.09402499999997,0.8315260410308838
1778535604.7146046,2026-05-11T22:40:04.714604,5.13043,0.81132,4.1624204676,27.9,205.75925340065177,40.10213819999996,0.8315260410308838
1778535604.7146091,2026-05-11T22:40:04.714609,5.13043,0.81132,4.1624204676,27.9,205.80087760532777,40.11025139999996,0.8315260410308838
1778535604.7146132,2026-05-11T22:40:04.714613,5.13043,0.82352,4.2250117136,27.9,205.84312772246378,40.11848659999996,0.8315260410308838
1778535604.754602,2026-05-11T22:40:04.754604,5.1039,1.22121,6.232933719,27.9,205.90545705965377,40.13069869999996,0.8715391159057617
1778535604.7546182,2026-05-11T22:40:04.754618,5.13043,1.08425,5.562668727499999,27.9,205.96108374692878,40.14154119999996,0.8715391159057617
1778535604.754622,2026-05-11T22:40:04.754622,5.15398,0.82053,4.2289952094,27.9,206.00337369902277,40.149746499999964,0.8715391159057617
1778535604.754625,2026-05-11T22:40:04.754625,5.13043,0.80609,4.135588318699999,27.9,206.04472958220978,40.15780739999996,0.8715391159057617
1778535604.7947004,2026-05-11T22:40:04.794704,5.13047,0.83273,4.272296283099999,27.9,206.08745254504078,40.16613469999996,0.9116251468658447
1778535604.7947364,2026-05-11T22:40:04.794736,5.13047,0.82277,4.2211968019,27.9,206.12966451305977,40.17436239999996,0.9116251468658447
1778535604.7947464,2026-05-11T22:40:04.794746,5.13047,0.82377,4.2263272719,27.9,206.17192778577876,40.18260009999996,0.9116251468658447
1778535604.7947547,2026-05-11T22:40:04.794755,5.13047,0.82352,4.2250446544,27.9,206.21417823232275,40.19083529999996,0.9116251468658447
1778535604.8346076,2026-05-11T22:40:04.834609,5.09889,1.09894,5.6033741766,27.9,206.27021197408874,40.20182469999996,0.951542854309082
1778535604.8346236,2026-05-11T22:40:04.834623,5.1064,1.17016,5.975305024,27.9,206.32996502432874,40.21352629999996,0.951542854309082
1778535604.8346279,2026-05-11T22:40:04.834628,5.13047,1.14899,5.8948587253,27.9,206.38891361158176,40.22501619999996,0.951542854309082
1778535604.8346317,2026-05-11T22:40:04.834631,5.15523,0.82377,4.2467238171,27.9,206.43138084975277,40.233253899999966,0.951542854309082
1778535604.8746758,2026-05-11T22:40:04.874678,5.11266,1.17913,6.0284907858,27.9,206.49166575761078,40.245045199999964,0.9916069507598877
1778535604.8746998,2026-05-11T22:40:04.874700,5.15398,0.82999,4.2777518601999995,27.9,206.53444327621278,40.25334509999996,0.9916069507598877
1778535604.87471,2026-05-11T22:40:04.874710,5.14271,0.8041,4.135253111,27.9,206.57579580732278,40.26138609999996,0.9916069507598877
1778535604.8747213,2026-05-11T22:40:04.874721,5.1302,0.80434,4.1264250680000005,27.9,206.61706005800278,40.26942949999996,0.9916069507598877
1778535604.9146955,2026-05-11T22:40:04.914697,5.1302,0.82651,4.240161602,27.9,206.65946167402277,40.27769459999996,1.031630516052246
1778535604.914716,2026-05-11T22:40:04.914716,5.1302,0.828,4.2478056,27.9,206.70193973002276,40.28597459999996,1.031630516052246
1778535604.914721,2026-05-11T22:40:04.914721,5.1302,0.84419,4.330863538,27.9,206.74524836540274,40.29441649999996,1.031630516052246
1778535604.914725,2026-05-11T22:40:04.914725,5.1302,0.83224,4.269557648,27.9,206.78794394188276,40.30273889999996,1.031630516052246
1778535604.954937,2026-05-11T22:40:04.954942,5.10015,1.06009,5.4066180135,27.9,206.84201012201777,40.31333979999996,0.03214597702026367
1778535604.9549835,2026-05-11T22:40:04.954984,5.14646,0.8031,4.133122026000001,27.9,206.88334134227776,40.32137079999996,0.03214597702026367
1778535604.9550014,2026-05-11T22:40:04.955002,5.1302,0.82526,4.233748852000001,27.9,206.92567883079775,40.32962339999996,0.03214597702026367
1778535604.9550173,2026-05-11T22:40:04.955017,5.1302,0.82203,4.217178306,27.9,206.96785061385776,40.33784369999996,0.03214597702026367
1778535604.9949524,2026-05-11T22:40:04.994958,5.13008,0.82003,4.2068195024,27.9,207.00991880888176,40.34604399999996,0.07216167449951172
1778535604.994999,2026-05-11T22:40:04.995000,5.13008,0.82875,4.2515538,27.9,207.05243434688177,40.35433149999996,0.07216167449951172
1778535604.9950185,2026-05-11T22:40:04.995019,5.13008,0.8026,4.117402208000001,27.9,207.09360836896178,40.36235749999996,0.07216167449951172
1778535604.9950337,2026-05-11T22:40:04.995034,5.13008,0.80584,4.1340236672,27.9,207.13494860563378,40.37041589999996,0.07216167449951172
1778535605.0347233,2026-05-11T22:40:05.034726,5.13008,0.83423,4.2796666384,27.9,207.17774527201777,40.378758199999965,0.11194133758544922
1778535605.0347493,2026-05-11T22:40:05.034749,5.13008,0.81904,4.2017407232,27.9,207.21976267924978,40.38694859999996,0.11194133758544922
1778535605.0347588,2026-05-11T22:40:05.034759,5.13008,0.82003,4.2068195024,27.9,207.26183087427378,40.39514889999996,0.11194133758544922
1778535605.0347667,2026-05-11T22:40:05.034767,5.13008,0.81954,4.204305763200001,27.9,207.30387393190577,40.40334429999996,0.11194133758544922
1778535605.0749192,2026-05-11T22:40:05.074921,5.13008,0.80434,4.126328547200001,27.9,207.34513721737778,40.411387699999956,0.15213942527770996
1778535605.0749393,2026-05-11T22:40:05.074939,5.13008,0.80634,4.1365887072000005,27.9,207.3865031044498,40.419451099999954,0.15213942527770996
1778535605.0749452,2026-05-11T22:40:05.074945,5.12977,0.82576,4.2359588752,27.9,207.42886269320178,40.427708699999954,0.15213942527770996
1778535605.0749505,2026-05-11T22:40:05.074950,5.12977,0.82153,4.2142599481,27.9,207.47100529268278,40.43592399999996,0.15213942527770996
1778535605.1147869,2026-05-11T22:40:05.114788,5.12977,0.81954,4.2040517058,27.9,207.5130458097408,40.444119399999956,0.19201016426086426
1778535605.1148014,2026-05-11T22:40:05.114801,5.12977,0.82576,4.2359588752,27.9,207.55540539849278,40.452376999999956,0.19201016426086426
1778535605.114806,2026-05-11T22:40:05.114806,5.10766,1.03743,5.2988397138000005,27.9,207.60839379563078,40.46275129999996,0.19201016426086426
1778535605.1148095,2026-05-11T22:40:05.114809,5.12977,0.86336,4.4288382272,27.9,207.65268217790276,40.47138489999996,0.19201016426086426
1778535605.1546147,2026-05-11T22:40:05.154617,5.15272,0.82576,4.254910067200001,27.9,207.69523127857477,40.47964249999996,0.23183727264404297
1778535605.1546345,2026-05-11T22:40:05.154634,5.11642,1.1993,6.1361225059999995,27.9,207.75659250363478,40.49163549999996,0.23183727264404297
1778535605.1546388,2026-05-11T22:40:05.154639,5.15648,0.83672,4.3145299456,27.9,207.79973780309078,40.50000269999996,0.23183727264404297
1778535605.1546426,2026-05-11T22:40:05.154642,5.14146,0.82128,4.2225782688,27.9,207.84196358577879,40.50821549999996,0.23183727264404297
1778535605.19507,2026-05-11T22:40:05.195072,5.12961,0.8163,4.1873006429999995,27.9,207.88383659220878,40.516378499999966,0.2722928524017334
1778535605.195085,2026-05-11T22:40:05.195085,5.12961,0.81057,4.1579079777,27.9,207.92541567198577,40.52448419999997,0.2722928524017334
1778535605.1950896,2026-05-11T22:40:05.195089,5.12961,0.81954,4.2039205794,27.9,207.96745487777977,40.532679599999966,0.2722928524017334
1778535605.195093,2026-05-11T22:40:05.195093,5.12961,0.82227,4.2179244147,27.9,208.00963412192678,40.54090229999996,0.2722928524017334
1778535605.2350552,2026-05-11T22:40:05.235057,5.12961,0.83348,4.2754273428,27.9,208.05238839535477,40.549237099999964,0.31227588653564453
1778535605.2350755,2026-05-11T22:40:05.235076,5.12961,0.83199,4.2677842239,27.9,208.09506623759376,40.55755699999996,0.31227588653564453
1778535605.2350821,2026-05-11T22:40:05.235082,5.12961,0.81555,4.1834534355,27.9,208.13690077194875,40.56571249999996,0.31227588653564453
1778535605.235088,2026-05-11T22:40:05.235088,5.12961,0.8021,4.114460181,27.9,208.17804537375875,40.57373349999996,0.31227588653564453
1778535605.2752373,2026-05-11T22:40:05.275243,5.12961,0.86486,4.436394504599999,27.9,208.22240931880475,40.58238209999996,0.3524460792541504
1778535605.2752848,2026-05-11T22:40:05.275285,5.12961,0.82078,4.2102812958,27.9,208.26451213176276,40.59058989999996,0.3524460792541504
1778535605.2753015,2026-05-11T22:40:05.275301,5.12945,0.83398,4.277858711,27.9,208.30729071887276,40.598929699999964,0.3524460792541504
1778535605.2753153,2026-05-11T22:40:05.275315,5.12945,0.82676,4.2408240820000005,27.9,208.34969895969277,40.60719729999997,0.3524460792541504
1778535605.3153484,2026-05-11T22:40:05.315355,5.12945,0.81182,4.164190099,27.9,208.39134086068276,40.615315499999966,0.39255404472351074
1778535605.3153994,2026-05-11T22:40:05.315400,5.12945,0.80584,4.133515988,27.9,208.43267602056275,40.62337389999997,0.39255404472351074
1778535605.315418,2026-05-11T22:40:05.315418,5.12945,0.82676,4.2408240820000005,27.9,208.47508426138276,40.63164149999997,0.39255404472351074
1778535605.3154328,2026-05-11T22:40:05.315433,5.12945,0.82377,4.225487026500001,27.9,208.51733913164776,40.639879199999974,0.39255404472351074
1778535605.3551824,2026-05-11T22:40:05.355186,5.12945,0.82576,4.235694632,27.9,208.55969607796777,40.648136799999975,0.43239855766296387
1778535605.355214,2026-05-11T22:40:05.355214,5.12945,0.82203,4.2165617835,27.9,208.60186169580277,40.65635709999997,0.43239855766296387
1778535605.3552256,2026-05-11T22:40:05.355225,5.12945,0.8041,4.124590745000001,27.9,208.64310760325276,40.66439809999997,0.43239855766296387
1778535605.3552353,2026-05-11T22:40:05.355235,5.12945,0.80808,4.145005956,27.9,208.68455766281275,40.67247889999997,0.43239855766296387
1778535605.3950617,2026-05-11T22:40:05.395064,5.12953,0.82227,4.2178586331,27.9,208.72673624914376,40.68070159999997,0.47228455543518066
1778535605.3950765,2026-05-11T22:40:05.395077,5.12953,0.82277,4.2204233981,27.9,208.76894048312477,40.68892929999997,0.47228455543518066
1778535605.3950813,2026-05-11T22:40:05.395081,5.12953,0.82227,4.2178586331,27.9,208.81111906945577,40.69715199999997,0.47228455543518066
1778535605.3950849,2026-05-11T22:40:05.395084,5.12953,0.82153,4.2140627809,27.9,208.85325969726478,40.70536729999997,0.47228455543518066
1778535605.4351208,2026-05-11T22:40:05.435124,5.12953,0.8036,4.122090308,27.9,208.89448060034476,40.71340329999997,0.5123403072357178
1778535605.435145,2026-05-11T22:40:05.435145,5.12953,0.81356,4.1731804268,27.8,208.93621240461277,40.72153889999997,0.5123403072357178
1778535605.4351525,2026-05-11T22:40:05.435153,5.12953,0.83871,4.3021881063,27.9,208.97923428567577,40.72992599999997,0.5123403072357178
1778535605.4351594,2026-05-11T22:40:05.435159,5.12953,0.82277,4.2204233981,27.9,209.02143851965678,40.73815369999997,0.5123403072357178
1778535605.475334,2026-05-11T22:40:05.475340,5.10766,1.0576,5.401861216,27.9,209.0754571318168,40.74872969999997,0.5525410175323486
1778535605.4753835,2026-05-11T22:40:05.475384,5.14021,0.88049,4.525903502899999,27.9,209.1207161668458,40.75753459999997,0.5525410175323486
1778535605.4754016,2026-05-11T22:40:05.475402,5.12953,0.8026,4.116960778,27.9,209.1618857746258,40.76556059999997,0.5525410175323486
1778535605.4754167,2026-05-11T22:40:05.475417,5.12953,0.8148,4.179541044,27.9,209.2036811850658,40.77370859999997,0.5525410175323486
1778535605.5153358,2026-05-11T22:40:05.515341,5.12953,0.82227,4.2178586331,27.8,209.2458597713968,40.78193129999997,0.5925438404083252
1778535605.5153852,2026-05-11T22:40:05.515386,5.12953,0.82178,4.215345163399999,27.9,209.2880132230308,40.790149099999965,0.5925438404083252
1778535605.5154037,2026-05-11T22:40:05.515404,5.12953,0.83323,4.2740782819000005,27.9,209.3307540058498,40.798481399999964,0.5925438404083252
1778535605.5154197,2026-05-11T22:40:05.515420,5.12953,0.80335,4.1208079255,27.9,209.3719620851048,40.80651489999997,0.5925438404083252
1778535605.5554667,2026-05-11T22:40:05.555472,5.12953,0.80235,4.1156783955,27.9,209.4131188690598,40.81453839999997,0.6326732635498047
1778535605.5555167,2026-05-11T22:40:05.555517,5.12953,0.82427,4.2281176931,27.9,209.45540004599079,40.822781099999965,0.6326732635498047
1778535605.5555334,2026-05-11T22:40:05.555534,5.12953,0.82626,4.2383254578,27.9,209.49778330056878,40.83104369999997,0.6326732635498047
1778535605.5555477,2026-05-11T22:40:05.555548,5.12953,0.82053,4.2089332508999995,27.9,209.53987263307778,40.83924899999997,0.6326732635498047
1778535605.5953445,2026-05-11T22:40:05.595350,5.12989,0.82725,4.2437015025,27.9,209.58230964810278,40.847521499999964,0.6725525856018066
1778535605.5953941,2026-05-11T22:40:05.595395,5.12989,0.80285,4.1185321864999995,27.9,209.62349496996777,40.855549999999965,0.6725525856018066
1778535605.595412,2026-05-11T22:40:05.595412,5.12989,0.8026,4.117249714,27.9,209.66466746710776,40.863575999999966,0.6725525856018066
1778535605.595427,2026-05-11T22:40:05.595427,5.12989,0.82551,4.234775493899999,27.9,209.70701522204675,40.871831099999966,0.6725525856018066
1778535605.6353312,2026-05-11T22:40:05.635337,5.10766,1.11064,5.672771502400001,27.9,209.76374293707076,40.88293749999997,0.7125391960144043
1778535605.635381,2026-05-11T22:40:05.635381,5.12989,1.03469,5.3078458841,27.9,209.81682139591175,40.89328439999997,0.7125391960144043
1778535605.6353989,2026-05-11T22:40:05.635399,5.09639,1.64157,8.366080932300001,27.9,209.90048220523474,40.909700099999974,0.7125391960144043
1778535605.6354144,2026-05-11T22:40:05.635415,5.12989,1.17365,6.0206953985,27.9,209.96068915921973,40.92143659999997,0.7125391960144043
1778535605.6751332,2026-05-11T22:40:05.675136,5.15272,1.00307,5.1685388504,27.9,210.01237454772374,40.93146729999997,0.7523534297943115
1778535605.6751535,2026-05-11T22:40:05.675153,5.14146,1.02722,5.2814105412000005,27.9,210.06518865313575,40.941739499999976,0.7523534297943115
1778535605.6751597,2026-05-11T22:40:05.675159,5.15773,0.93209,4.8074685557,27.9,210.11326333869275,40.951060399999974,0.7523534297943115
1778535605.6751647,2026-05-11T22:40:05.675164,5.14521,0.82252,4.2320381292,27.9,210.15558371998475,40.95928559999997,0.7523534297943115
1778535605.7152438,2026-05-11T22:40:05.715249,5.12938,0.82178,4.2152218964,27.9,210.19773593894874,40.96750339999997,0.7924544811248779
1778535605.7152886,2026-05-11T22:40:05.715289,5.12938,0.80509,4.1296125442000005,27.9,210.23903206439073,40.97555429999997,0.7924544811248779
1778535605.7153046,2026-05-11T22:40:05.715305,5.12938,0.81007,4.1551568566,27.9,210.28058363295673,40.98365499999997,0.7924544811248779
1778535605.715318,2026-05-11T22:40:05.715318,5.12938,0.83622,4.2892901436,27.9,210.32347653439274,40.99201719999997,0.7924544811248779
1778535605.7553093,2026-05-11T22:40:05.755315,5.12938,0.83149,4.2650281762,27.9,210.36612681615475,41.00033209999997,0.8325169086456299
1778535605.755358,2026-05-11T22:40:05.755358,5.12938,0.82651,4.2394838638,27.9,210.40852165479274,41.008597199999976,0.8325169086456299
1778535605.7553759,2026-05-11T22:40:05.755376,5.12938,0.8275,4.2445619500000005,27.9,210.45096727429274,41.01687219999997,0.8325169086456299
1778535605.7553906,2026-05-11T22:40:05.755391,5.12938,0.80808,4.144949390400001,27.8,210.49241676819673,41.024952999999975,0.8325169086456299
1778535605.7954712,2026-05-11T22:40:05.795477,5.13,0.8534,4.377942,27.8,210.53619618819673,41.03348699999997,0.8726785182952881
1778535605.7955241,2026-05-11T22:40:05.795525,5.13,0.82277,4.2208101,27.8,210.57840428919673,41.04171469999997,0.8726785182952881
1778535605.795543,2026-05-11T22:40:05.795543,5.13,0.82327,4.223375099999999,27.8,210.62063804019672,41.04994739999997,0.8726785182952881
1778535605.7955582,2026-05-11T22:40:05.795558,5.13,0.82402,4.2272226,27.8,210.66291026619672,41.058187599999975,0.8726785182952881
1778535605.8353395,2026-05-11T22:40:05.835349,5.13,0.82676,4.2412788,27.9,210.70532305419673,41.06645519999998,0.9125416278839111
1778535605.835403,2026-05-11T22:40:05.835404,5.13,0.80783,4.1441679,27.9,210.74676473319673,41.07453349999998,0.9125416278839111
1778535605.835422,2026-05-11T22:40:05.835422,5.13,0.83572,4.2872436,27.9,210.78963716919674,41.08289069999998,0.9125416278839111
1778535605.835438,2026-05-11T22:40:05.835438,5.13,0.82526,4.2335838,27.9,210.83197300719675,41.09114329999998,0.9125416278839111
1778535605.8751442,2026-05-11T22:40:05.875147,5.13,0.82825,4.2489225,27.8,210.87446223219675,41.09942579999998,0.9523615837097168
1778535605.8751705,2026-05-11T22:40:05.875171,5.13,0.82551,4.234866299999999,27.8,210.91681089519676,41.10768089999998,0.9523615837097168
1778535605.8751802,2026-05-11T22:40:05.875180,5.12985,0.82476,4.230895086,27.8,210.95911984605675,41.115928499999974,0.9523615837097168
1778535605.875188,2026-05-11T22:40:05.875188,5.12985,0.80559,4.1325558615,27.9,211.00044540467175,41.123984399999976,0.9523615837097168
1778535605.9153466,2026-05-11T22:40:05.915352,5.12985,0.80733,4.1414818005,27.9,211.04186022267675,41.132057699999976,0.9925544261932373
1778535605.915395,2026-05-11T22:40:05.915396,5.12985,0.83273,4.2717799905,27.9,211.08457802258175,41.140384999999974,0.9925544261932373
1778535605.9154136,2026-05-11T22:40:05.915414,5.1039,0.94006,4.797972234,27.9,211.13255774492174,41.14978559999997,0.9925544261932373
1778535605.915429,2026-05-11T22:40:05.915429,5.14271,1.04839,5.3915657369,27.9,211.18647340229074,41.16026949999997,0.9925544261932373
1778535605.9553013,2026-05-11T22:40:05.955306,5.14772,0.82003,4.2212848316,27.9,211.22868625060676,41.16846979999997,1.0325117111206055
1778535605.9553454,2026-05-11T22:40:05.955346,5.12985,0.83323,4.2743449155,27.9,211.27142969976177,41.17680209999997,1.0325117111206055
1778535605.9553618,2026-05-11T22:40:05.955362,5.12985,0.80733,4.1414818005,27.9,211.31284451776676,41.18487539999997,1.0325117111206055
1778535605.9553745,2026-05-11T22:40:05.955375,5.12985,0.82999,4.2577242015,27.9,211.35542175978176,41.193175299999965,1.0325117111206055
1778535605.9953282,2026-05-11T22:40:05.995334,5.09889,1.06433,5.4269015937,27.9,211.40969077571876,41.20381859999996,0.03209114074707031
1778535605.9953787,2026-05-11T22:40:05.995379,5.15147,0.82402,4.2449143093999995,27.9,211.45213991881275,41.212058799999966,0.03209114074707031
1778535605.995397,2026-05-11T22:40:05.995397,5.14021,0.81929,4.2113226509,27.9,211.49425314532175,41.22025169999996,0.03209114074707031
1778535605.9954116,2026-05-11T22:40:05.995412,5.12942,0.8153,4.182016126,27.9,211.53607330658176,41.22840469999996,0.03209114074707031
1778535606.0353558,2026-05-11T22:40:06.035362,5.12942,0.80883,4.1488287785999995,27.9,211.57756159436775,41.23649299999996,0.07211804389953613
1778535606.0354054,2026-05-11T22:40:06.035407,5.12942,0.82526,4.2331051492,27.9,211.61989264585975,41.24474559999996,0.07211804389953613
1778535606.0354245,2026-05-11T22:40:06.035425,5.12942,0.83871,4.3020958482,27.9,211.66291360434175,41.25313269999996,0.07211804389953613
1778535606.0354404,2026-05-11T22:40:06.035441,5.12942,0.82601,4.2369522142,27.9,211.70528312648375,41.26139279999996,0.07211804389953613
1778535606.0747795,2026-05-11T22:40:06.074782,5.12942,0.82377,4.2254623134,27.9,211.74753774961775,41.26963049999996,0.11155462265014648
1778535606.0748012,2026-05-11T22:40:06.074801,5.12942,0.80634,4.1360565228,27.9,211.78889831484574,41.27769389999996,0.11155462265014648
1778535606.0748062,2026-05-11T22:40:06.074806,5.12953,0.81879,4.2000078687,27.9,211.83089839353275,41.28588179999996,0.11155462265014648
1778535606.07481,2026-05-11T22:40:06.074810,5.12953,0.82053,4.2089332508999995,27.9,211.87298772604174,41.29408709999996,0.11155462265014648
1778535606.1150656,2026-05-11T22:40:06.115067,5.12953,0.83074,4.2613057522,27.9,211.91560078356375,41.30239449999996,0.15184330940246582
1778535606.1150804,2026-05-11T22:40:06.115080,5.12953,0.82302,4.2217057806,27.9,211.95781784136975,41.31062469999996,0.15184330940246582
1778535606.115085,2026-05-11T22:40:06.115084,5.12953,0.82551,4.2344783103,27.9,212.00016262447275,41.31887979999996,0.15184330940246582
1778535606.1150885,2026-05-11T22:40:06.115088,5.12953,0.80833,4.1463529849,27.9,212.04162615432176,41.326963099999965,0.15184330940246582
1778535606.155138,2026-05-11T22:40:06.155141,5.12953,0.82178,4.215345163399999,27.9,212.08377960595575,41.33518089999996,0.1919107437133789
1778535606.1551645,2026-05-11T22:40:06.155165,5.12953,0.82501,4.2319135453,27.9,212.12609874140875,41.34343099999996,0.1919107437133789
1778535606.1551735,2026-05-11T22:40:06.155174,5.12953,0.82526,4.2331959278,27.9,212.16843070068674,41.35168359999996,0.1919107437133789
1778535606.1551816,2026-05-11T22:40:06.155181,5.12953,0.82601,4.2370430753,27.9,212.21080113143975,41.35994369999996,0.1919107437133789
1778535606.1953282,2026-05-11T22:40:06.195334,5.12992,0.81829,4.1977622368,27.9,212.25277875380775,41.36812659999996,0.23209023475646973
1778535606.1953773,2026-05-11T22:40:06.195378,5.12992,0.80335,4.121121232,27.9,212.29398996612775,41.376160099999964,0.23209023475646973
1778535606.195396,2026-05-11T22:40:06.195396,5.12992,0.81431,4.1773451552,27.8,212.33576341767974,41.38430319999996,0.23209023475646973
1778535606.1954107,2026-05-11T22:40:06.195411,5.12992,0.81929,4.2028921568,27.8,212.37779233924775,41.39249609999996,0.23209023475646973
1778535606.235146,2026-05-11T22:40:06.235148,5.10891,0.82103,4.1945683773,27.8,212.41973802302076,41.40070639999996,0.27192258834838867
1778535606.2351637,2026-05-11T22:40:06.235163,5.11767,0.96646,4.946023348200001,27.8,212.46919825650275,41.41037099999996,0.27192258834838867
1778535606.2351682,2026-05-11T22:40:06.235168,5.14396,0.80634,4.1477807064,27.8,212.51067606356676,41.41843439999996,0.27192258834838867
1778535606.235172,2026-05-11T22:40:06.235172,5.12992,0.82427,4.2284391584,27.8,212.55296045515075,41.42667709999996,0.27192258834838867
1778535606.2751226,2026-05-11T22:40:06.275126,5.12992,0.82377,4.225874198400001,27.8,212.59521919713475,41.43491479999996,0.31189703941345215
1778535606.2751462,2026-05-11T22:40:06.275146,5.12992,0.82078,4.2105357376,27.9,212.63732455451074,41.44312259999996,0.31189703941345215
1778535606.2751534,2026-05-11T22:40:06.275153,5.12961,0.81879,4.200073371899999,27.9,212.67932528822973,41.45131049999996,0.31189703941345215
1778535606.2751594,2026-05-11T22:40:06.275159,5.12961,0.82551,4.234544351099999,27.9,212.72167073174074,41.45956559999996,0.31189703941345215
1778535606.3152702,2026-05-11T22:40:06.315275,5.12961,0.80733,4.141288041299999,27.8,212.76308361215374,41.46763889999996,0.3520350456237793
1778535606.3153124,2026-05-11T22:40:06.315313,5.12961,0.80733,4.141288041299999,27.8,212.80449649256673,41.47571219999996,0.3520350456237793
1778535606.3153272,2026-05-11T22:40:06.315327,5.11892,0.85742,4.3890643864,27.8,212.84838713643072,41.48428639999996,0.3520350456237793
1778535606.3153393,2026-05-11T22:40:06.315339,5.12961,0.82875,4.2511642875,27.8,212.89089877930573,41.49257389999996,0.3520350456237793
1778535606.355335,2026-05-11T22:40:06.355341,5.12961,0.82701,4.2422387661,27.8,212.93332116696672,41.50084399999996,0.39209794998168945
1778535606.3553839,2026-05-11T22:40:06.355385,5.12961,0.81929,4.2026381769,27.8,212.97534754873573,41.509036899999955,0.39209794998168945
1778535606.3554022,2026-05-11T22:40:06.355402,5.12961,0.80385,4.123436998499999,27.8,213.01658191872073,41.51707539999995,0.39209794998168945
1778535606.355418,2026-05-11T22:40:06.355418,5.12961,0.81132,4.1617551852,27.9,213.05819947057273,41.52518859999995,0.39209794998168945
1778535606.3950198,2026-05-11T22:40:06.395022,5.12961,0.82551,4.234544351099999,27.9,213.10054491408374,41.53344369999995,0.4317958354949951
1778535606.395037,2026-05-11T22:40:06.395037,5.12961,0.82153,4.2141285032999996,27.9,213.14268619911675,41.54165899999995,0.4317958354949951
1778535606.3950415,2026-05-11T22:40:06.395041,5.12961,0.82252,4.2192068172,27.9,213.18487826728875,41.54988419999995,0.4317958354949951
1778535606.395045,2026-05-11T22:40:06.395045,5.12961,0.82003,4.2064340883,27.9,213.22694260817175,41.55808449999995,0.4317958354949951
1778535606.4351249,2026-05-11T22:40:06.435127,5.12961,0.80957,4.1527783677,27.9,213.26847039184875,41.56618019999995,0.47190070152282715
1778535606.4351437,2026-05-11T22:40:06.435144,5.12961,0.81132,4.1617551852,27.9,213.31008794370075,41.574293399999945,0.47190070152282715
1778535606.4351487,2026-05-11T22:40:06.435149,5.12961,0.828,4.247317079999999,27.9,213.35256111450076,41.582573399999944,0.47190070152282715
1778535606.4351532,2026-05-11T22:40:06.435153,5.12961,0.81904,4.2013557744,27.9,213.39457467224477,41.59076379999994,0.47190070152282715
1778535606.475109,2026-05-11T22:40:06.475112,5.12961,0.8275,4.244752275,27.9,213.43702219499477,41.59903879999994,0.5118827819824219
1778535606.4751325,2026-05-11T22:40:06.475132,5.12961,0.81804,4.1962261644,27.9,213.47898445663876,41.60721919999994,0.5118827819824219
1778535606.47514,2026-05-11T22:40:06.475140,5.12961,0.80534,4.131080117399999,27.9,213.52029525781276,41.61527259999994,0.5118827819824219
1778535606.4751465,2026-05-11T22:40:06.475146,5.12961,0.81854,4.1987909694,27.9,213.56228316750676,41.62345799999994,0.5118827819824219
1778535606.516308,2026-05-11T22:40:06.516310,5.12961,0.81829,4.1975085669,27.9,213.60425825317577,41.631640899999944,0.5530838966369629
1778535606.5163264,2026-05-11T22:40:06.516326,5.12961,0.82028,4.207716490799999,27.9,213.64633541808377,41.63984369999994,0.5530838966369629
1778535606.517228,2026-05-11T22:40:06.517229,5.12961,0.82452,4.2294660372,27.9,213.68863007845576,41.64808889999994,0.5530838966369629
1778535606.5172377,2026-05-11T22:40:06.517237,5.12961,0.82402,4.2269012321999995,27.9,213.73089909077777,41.656329099999944,0.5530838966369629
1778535606.5576408,2026-05-11T22:40:06.557644,5.12961,0.80683,4.1387232363,27.9,213.77228632314078,41.66439739999994,0.5944101810455322
1778535606.5576658,2026-05-11T22:40:06.557666,5.12961,0.83522,4.2843528642,27.9,213.81512985178279,41.67274959999994,0.5944101810455322
1778535606.5576744,2026-05-11T22:40:06.557675,5.12961,0.82078,4.2102812958,27.9,213.8572326647408,41.68095739999994,0.5944101810455322
1778535606.5576828,2026-05-11T22:40:06.557683,5.12961,0.81879,4.200073371899999,27.9,213.89923339845978,41.68914529999994,0.5944101810455322
1778535606.5947025,2026-05-11T22:40:06.594705,5.12953,0.83024,4.2587409871999995,27.9,213.94182080833178,41.69744769999994,0.6314754486083984
1778535606.5947275,2026-05-11T22:40:06.594728,5.12953,0.81729,4.1923135737,27.8,213.98374394406878,41.70562059999994,0.6314754486083984
1778535606.5947387,2026-05-11T22:40:06.594739,5.12953,0.8163,4.187235339,27.8,214.02561629745878,41.71378359999994,0.6314754486083984
1778535606.5947492,2026-05-11T22:40:06.594749,5.12953,0.81555,4.1833881915,27.8,214.0674501793738,41.72193909999994,0.6314754486083984
1778535606.6346922,2026-05-11T22:40:06.634695,5.12953,0.82203,4.2166275459,27.8,214.1096164548328,41.73015939999994,0.6714677810668945
1778535606.6347136,2026-05-11T22:40:06.634713,5.12953,0.82178,4.215345163399999,27.8,214.1517699064668,41.73837719999994,0.6714677810668945
1778535606.6347177,2026-05-11T22:40:06.634718,5.12953,0.85371,4.379131056299999,27.8,214.1955612170298,41.746914299999936,0.6714677810668945
1778535606.6347215,2026-05-11T22:40:06.634721,5.12953,0.83323,4.2740782819000005,27.8,214.2383019998488,41.755246599999936,0.6714677810668945
1778535606.6750555,2026-05-11T22:40:06.675058,5.12953,0.80883,4.1489177499,27.8,214.2797911773478,41.76333489999993,0.7118322849273682
1778535606.675072,2026-05-11T22:40:06.675072,5.12953,0.82053,4.2089332508999995,27.8,214.32188050985678,41.77154019999993,0.7118322849273682
1778535606.675076,2026-05-11T22:40:06.675076,5.13004,0.94679,4.8570705716,27.8,214.37045121557279,41.78100809999993,0.7118322849273682
1778535606.6750798,2026-05-11T22:40:06.675080,5.13004,0.82377,4.2259730508,27.8,214.41271094608078,41.78924579999993,0.7118322849273682
1778535606.7147708,2026-05-11T22:40:06.714773,5.13004,0.82526,4.2336168104,27.8,214.45504711418477,41.79749839999993,0.7515487670898438
1778535606.7147853,2026-05-11T22:40:06.714785,5.13004,0.82203,4.2170467812000005,27.8,214.49721758199678,41.80571869999993,0.7515487670898438
1778535606.7147894,2026-05-11T22:40:06.714789,5.13004,0.80783,4.1442002132,27.9,214.53865958412877,41.81379699999993,0.7515487670898438
1778535606.714793,2026-05-11T22:40:06.714793,5.13004,0.81729,4.1927303916,27.9,214.58058688804476,41.82196989999993,0.7515487670898438
1778535606.7547448,2026-05-11T22:40:06.754749,5.13004,0.82028,4.2080692112,27.9,214.62266758015676,41.83017269999993,0.7915158271789551
1778535606.754773,2026-05-11T22:40:06.754773,5.13004,0.81978,4.2055041912,27.9,214.66472262206875,41.838370499999925,0.7915158271789551
1778535606.7547805,2026-05-11T22:40:06.754780,5.13004,0.81729,4.1927303916,27.9,214.70664992598475,41.84654339999992,0.7915158271789551
1778535606.754788,2026-05-11T22:40:06.754788,5.13004,0.81779,4.1952954116,27.8,214.74860288010075,41.85472129999992,0.7915158271789551
1778535606.7947671,2026-05-11T22:40:06.794769,5.12934,0.80733,4.1410700622,27.8,214.79001358072276,41.86279459999992,0.83154296875
1778535606.7947862,2026-05-11T22:40:06.794786,5.12934,0.82153,4.2139066902,27.9,214.83215264762475,41.871009899999926,0.83154296875
1778535606.7947905,2026-05-11T22:40:06.794790,5.12934,0.82103,4.2113420202,27.9,214.87426606782677,41.87922019999993,0.83154296875
1778535606.7947943,2026-05-11T22:40:06.794794,5.12934,0.81854,4.198569963600001,27.8,214.91625176746277,41.88740559999993,0.83154296875
1778535606.8349438,2026-05-11T22:40:06.834954,5.12934,0.82153,4.2139066902,27.9,214.95839083436476,41.89562089999993,0.8717107772827148
1778535606.8349874,2026-05-11T22:40:06.834988,5.12934,0.81455,4.178103897,27.9,215.00017187333475,41.90376639999993,0.8717107772827148
1778535606.8349984,2026-05-11T22:40:06.834998,5.12934,0.83181,4.2666363054000005,27.9,215.04283823638875,41.91208449999993,0.8717107772827148
1778535606.8350086,2026-05-11T22:40:06.835008,5.12934,0.81804,4.1960052936,27.9,215.08479828932474,41.92026489999993,0.8717107772827148
1778535606.874711,2026-05-11T22:40:06.874713,5.10891,0.96721,4.9413888411,27.9,215.13421217773575,41.92993699999993,0.9114887714385986
1778535606.8747258,2026-05-11T22:40:06.874726,5.12934,0.8422,4.319930148,27.9,215.17741147921575,41.938358999999934,0.9114887714385986
1778535606.8747303,2026-05-11T22:40:06.874730,5.12934,0.83116,4.2633022344,27.9,215.22004450155976,41.94667059999993,0.9114887714385986
1778535606.8747342,2026-05-11T22:40:06.874734,5.12934,0.84419,4.3301375346,27.9,215.26334587690576,41.955112499999935,0.9114887714385986
1778535606.914696,2026-05-11T22:40:06.914697,5.12934,0.81754,4.1934406236,27.9,215.30528028314177,41.96328789999993,0.9514739513397217
1778535606.9147112,2026-05-11T22:40:06.914711,5.12934,0.81804,4.1960052936,27.9,215.34724033607776,41.971468299999934,0.9514739513397217
1778535606.9147153,2026-05-11T22:40:06.914715,5.12934,0.83116,4.2633022344,27.9,215.38987335842177,41.97977989999993,0.9514739513397217
1778535606.9147196,2026-05-11T22:40:06.914719,5.12934,0.83116,4.2633022344,27.9,215.43250638076577,41.98809149999993,0.9514739513397217
1778535606.9555228,2026-05-11T22:40:06.955535,5.12934,0.83116,4.2633022344,27.9,215.47513940310978,41.99640309999993,0.9922702312469482
1778535606.9556127,2026-05-11T22:40:06.955613,5.12934,0.81779,4.1947229586,27.9,215.51708663269577,42.00458099999993,0.9922702312469482
1778535606.9556255,2026-05-11T22:40:06.955626,5.12934,0.81505,4.180668567000001,27.9,215.55889331836576,42.01273149999993,0.9922702312469482
1778535606.9556353,2026-05-11T22:40:06.955636,5.12934,0.83116,4.2633022344,27.9,215.60152634070977,42.02104309999993,0.9922702312469482
1778535606.9946463,2026-05-11T22:40:06.994649,5.12945,0.8292,4.25333994,27.9,215.64405974010978,42.029335099999926,1.0314207077026367
1778535606.9946702,2026-05-11T22:40:06.994671,5.12945,0.8292,4.25333994,27.8,215.6865931395098,42.03762709999992,1.0314207077026367
1778535606.9946785,2026-05-11T22:40:06.994678,5.12945,0.81779,4.1948129155,27.9,215.7285412686648,42.04580499999992,1.0314207077026367
1778535606.9946861,2026-05-11T22:40:06.994686,5.12945,0.80783,4.143723593500001,27.8,215.7699785045998,42.053883299999924,1.0314207077026367
1778535607.0346885,2026-05-11T22:40:07.034692,5.12945,0.81455,4.178193497500001,27.8,215.8117604395748,42.06202879999992,0.032039642333984375
1778535607.0347188,2026-05-11T22:40:07.034719,5.12945,0.8292,4.25333994,27.8,215.85429383897483,42.07032079999992,0.032039642333984375
1778535607.0347269,2026-05-11T22:40:07.034727,5.12945,0.8292,4.25333994,27.8,215.89682723837484,42.07861279999992,0.032039642333984375
1778535607.0347352,2026-05-11T22:40:07.034735,5.12945,0.8292,4.25333994,27.8,215.93936063777485,42.086904799999914,0.032039642333984375
1778535607.0749557,2026-05-11T22:40:07.074961,5.12945,0.81804,4.1960952780000005,27.8,215.98132159055484,42.095085199999914,0.07230234146118164
1778535607.0749986,2026-05-11T22:40:07.075000,5.12945,0.8153,4.182040585,27.8,216.02314199640483,42.103238199999915,0.07230234146118164
1778535607.0750163,2026-05-11T22:40:07.075017,5.12945,0.82577,4.2357459265,27.8,216.06549945566982,42.111495899999916,0.07230234146118164
1778535607.0750308,2026-05-11T22:40:07.075031,5.12945,0.82577,4.2357459265,27.9,216.1078569149348,42.11975359999992,0.07230234146118164
1778535607.1148527,2026-05-11T22:40:07.114858,5.12945,0.82577,4.2357459265,27.8,216.1502143741998,42.12801129999992,0.11219978332519531
1778535607.1148965,2026-05-11T22:40:07.114897,5.12945,0.82577,4.2357459265,27.8,216.1925718334648,42.13626899999992,0.11219978332519531
1778535607.1149127,2026-05-11T22:40:07.114913,5.12945,0.81157,4.1629077365,27.8,216.2342009108298,42.14438469999992,0.11219978332519531
1778535607.1149268,2026-05-11T22:40:07.114927,5.12945,0.82577,4.2357459265,27.9,216.2765583700948,42.15264239999992,0.11219978332519531
1778535607.1550093,2026-05-11T22:40:07.155015,5.12945,0.82577,4.2357459265,27.8,216.31891582935978,42.16090009999992,0.15235543251037598
1778535607.155054,2026-05-11T22:40:07.155055,5.12945,0.82577,4.2357459265,27.8,216.36127328862477,42.16915779999992,0.15235543251037598
1778535607.1550703,2026-05-11T22:40:07.155070,5.12945,0.82577,4.2357459265,27.9,216.40363074788976,42.177415499999924,0.15235543251037598
1778535607.1550841,2026-05-11T22:40:07.155084,5.12945,0.81505,4.180758222500001,27.9,216.44543833011477,42.18556599999992,0.15235543251037598
1778535607.1947114,2026-05-11T22:40:07.194714,5.12945,0.81206,4.165421167,27.9,216.48709254178476,42.19368659999992,0.19207072257995605
1778535607.1947272,2026-05-11T22:40:07.194727,5.12945,0.81505,4.180758222500001,27.9,216.52890012400977,42.20183709999992,0.19207072257995605
1778535607.1947317,2026-05-11T22:40:07.194732,5.12945,0.82556,4.234668742,27.9,216.57124681142977,42.21009269999992,0.19207072257995605
1778535607.1947355,2026-05-11T22:40:07.194735,5.12945,0.82556,4.234668742,27.9,216.61359349884978,42.21834829999992,0.19207072257995605
1778535607.234711,2026-05-11T22:40:07.234714,5.12945,0.82556,4.234668742,27.9,216.6559401862698,42.226603899999915,0.23206806182861328
1778535607.234729,2026-05-11T22:40:07.234729,5.12945,0.82556,4.234668742,27.9,216.6982868736898,42.234859499999914,0.23206806182861328
1778535607.2347348,2026-05-11T22:40:07.234735,5.12945,0.80634,4.136080713,27.9,216.7396476808198,42.24292289999991,0.23206806182861328
1778535607.2347395,2026-05-11T22:40:07.234739,5.12945,0.81431,4.1769624295000005,27.9,216.7814173051148,42.25106599999991,0.23206806182861328
1778535607.2747796,2026-05-11T22:40:07.274785,5.12945,0.82556,4.234668742,27.9,216.8237639925348,42.25932159999991,0.2721211910247803
1778535607.2748373,2026-05-11T22:40:07.274838,5.12945,0.82556,4.234668742,27.8,216.8661106799548,42.267577199999906,0.2721211910247803
1778535607.2748628,2026-05-11T22:40:07.274864,5.12953,0.82294,4.2212954181999995,27.8,216.9083236341368,42.2758065999999,0.2721211910247803
1778535607.2748923,2026-05-11T22:40:07.274893,5.12953,0.82294,4.2212954181999995,27.8,216.95053658831878,42.2840359999999,0.2721211910247803
1778535607.314907,2026-05-11T22:40:07.314912,5.12953,0.82294,4.2212954181999995,27.8,216.99274954250077,42.2922653999999,0.3122577667236328
1778535607.3149438,2026-05-11T22:40:07.314945,5.12953,0.82294,4.2212954181999995,27.8,217.03496249668277,42.300494799999896,0.3122577667236328
1778535607.3149612,2026-05-11T22:40:07.314962,5.12953,0.82294,4.2212954181999995,27.8,217.07717545086476,42.308724199999894,0.3122577667236328
1778535607.3149729,2026-05-11T22:40:07.314974,5.12953,0.82294,4.2212954181999995,27.8,217.11938840504675,42.31695359999989,0.3122577667236328
1778535607.3546824,2026-05-11T22:40:07.354684,5.12953,0.82294,4.2212954181999995,27.9,217.16160135922874,42.32518299999989,0.35204076766967773
1778535607.3546977,2026-05-11T22:40:07.354697,5.12953,0.82294,4.2212954181999995,27.9,217.20381431341073,42.33341239999989,0.35204076766967773
1778535607.354702,2026-05-11T22:40:07.354702,5.12953,0.80634,4.1361452201999995,27.9,217.24517576561274,42.341475799999884,0.35204076766967773
1778535607.3547058,2026-05-11T22:40:07.354706,5.12953,0.82294,4.2212954181999995,27.9,217.28738871979473,42.34970519999988,0.35204076766967773
1778535607.3946748,2026-05-11T22:40:07.394677,5.12949,0.82254,4.2192107046,27.9,217.32958082684073,42.35793059999988,0.3920328617095947
1778535607.3946896,2026-05-11T22:40:07.394689,5.12949,0.82254,4.2192107046,27.9,217.37177293388672,42.36615599999988,0.3920328617095947
1778535607.3946934,2026-05-11T22:40:07.394693,5.12949,0.82254,4.2192107046,27.8,217.4139650409327,42.37438139999988,0.3920328617095947
1778535607.3946967,2026-05-11T22:40:07.394697,5.12949,0.80758,4.1424735342,27.8,217.4553897762747,42.382457199999884,0.3920328617095947
1778535607.4349127,2026-05-11T22:40:07.434915,5.12949,0.80758,4.1424735342,27.8,217.4968145116167,42.390532999999884,0.43227124214172363
1778535607.4349282,2026-05-11T22:40:07.434928,5.12949,0.82254,4.2192107046,27.8,217.53900661866268,42.398758399999885,0.43227124214172363
1778535607.4349327,2026-05-11T22:40:07.434932,5.12949,0.82254,4.2192107046,27.8,217.58119872570867,42.406983799999885,0.43227124214172363
1778535607.4349365,2026-05-11T22:40:07.434936,5.12949,0.82254,4.2192107046,27.8,217.62339083275467,42.415209199999886,0.43227124214172363
1778535607.4747403,2026-05-11T22:40:07.474742,5.12949,0.82254,4.2192107046,27.9,217.66558293980066,42.42343459999989,0.47209835052490234
1778535607.4747574,2026-05-11T22:40:07.474757,5.12949,0.80957,4.1526812193,27.9,217.70710975199367,42.431530299999885,0.47209835052490234
1778535607.4747627,2026-05-11T22:40:07.474763,5.12949,0.8031,4.119493419,27.9,217.74830468618367,42.43956129999989,0.47209835052490234
1778535607.4747674,2026-05-11T22:40:07.474767,5.12949,0.82221,4.2175179729,27.9,217.7904798659127,42.447783399999885,0.47209835052490234
1778535607.5150082,2026-05-11T22:40:07.515011,5.12949,0.82221,4.2175179729,27.9,217.8326550456417,42.45600549999988,0.5123617649078369
1778535607.5150354,2026-05-11T22:40:07.515036,5.12949,0.82221,4.2175179729,27.9,217.87483022537072,42.46422759999988,0.5123617649078369
1778535607.5150447,2026-05-11T22:40:07.515044,5.12949,0.82221,4.2175179729,27.9,217.91700540509973,42.47244969999988,0.5123617649078369
1778535607.5150523,2026-05-11T22:40:07.515052,5.12949,0.82221,4.2175179729,27.9,217.95918058482874,42.480671799999875,0.5123617649078369
1778535607.5549245,2026-05-11T22:40:07.554928,5.12949,0.8026,4.1169286739999995,27.9,218.00034987156874,42.488697799999876,0.5522768497467041
1778535607.5549536,2026-05-11T22:40:07.554953,5.12949,0.82221,4.2175179729,27.9,218.04252505129776,42.496919899999874,0.5522768497467041
1778535607.5549634,2026-05-11T22:40:07.554964,5.12949,0.82221,4.2175179729,27.9,218.08470023102677,42.50514199999987,0.5522768497467041
1778535607.554979,2026-05-11T22:40:07.554980,5.12949,0.82221,4.2175179729,27.9,218.1268754107558,42.51336409999987,0.5522768497467041
1778535607.595034,2026-05-11T22:40:07.595037,5.12949,0.82152,4.2139786248,27.9,218.16901519700377,42.52157929999987,0.5923874378204346
1778535607.5950599,2026-05-11T22:40:07.595060,5.12949,0.82152,4.2139786248,27.9,218.21115498325176,42.52979449999987,0.5923874378204346
1778535607.5950696,2026-05-11T22:40:07.595069,5.12949,0.8026,4.1169286739999995,27.9,218.25232426999176,42.537820499999874,0.5923874378204346
1778535607.5950773,2026-05-11T22:40:07.595077,5.12949,0.82152,4.2139786248,27.9,218.29446405623975,42.54603569999988,0.5923874378204346
1778535607.6348996,2026-05-11T22:40:07.634903,5.12949,0.82152,4.2139786248,27.9,218.33660384248773,42.55425089999988,0.6322534084320068
1778535607.6349266,2026-05-11T22:40:07.634927,5.12949,0.82152,4.2139786248,27.9,218.37874362873572,42.56246609999988,0.6322534084320068
1778535607.634936,2026-05-11T22:40:07.634936,5.12949,0.82152,4.2139786248,27.9,218.4208834149837,42.57068129999988,0.6322534084320068
1778535607.6349444,2026-05-11T22:40:07.634944,5.12949,0.80609,4.134830594099999,27.9,218.4622317209247,42.57874219999988,0.6322534084320068
1778535607.6750472,2026-05-11T22:40:07.675050,5.12949,0.80385,4.1233405365,27.9,218.5034651262897,42.58678069999988,0.6724011898040771
1778535607.675073,2026-05-11T22:40:07.675073,5.12949,0.82152,4.2139786248,27.9,218.5456049125377,42.59499589999988,0.6724011898040771
1778535607.675082,2026-05-11T22:40:07.675082,5.12949,0.82105,4.2115677645,27.9,218.5877205901827,42.60320639999988,0.6724011898040771
1778535607.67509,2026-05-11T22:40:07.675090,5.12949,0.82105,4.2115677645,27.9,218.6298362678277,42.611416899999874,0.6724011898040771
1778535607.7148688,2026-05-11T22:40:07.714872,5.12949,0.81057,4.1578107093,27.9,218.6714143749207,42.619522599999875,0.7122201919555664
1778535607.7148995,2026-05-11T22:40:07.714900,5.12949,0.80559,4.1322658490999995,27.9,218.71273703341168,42.62757849999988,0.7122201919555664
1778535607.714911,2026-05-11T22:40:07.714911,5.12949,0.82105,4.2115677645,27.9,218.75485271105669,42.635788999999875,0.7122201919555664
1778535607.7149208,2026-05-11T22:40:07.714921,5.12949,0.82105,4.2115677645,27.9,218.79696838870169,42.64399949999987,0.7122201919555664
1778535607.7546844,2026-05-11T22:40:07.754686,5.12949,0.82105,4.2115677645,27.9,218.8390840663467,42.65220999999987,0.7520432472229004
1778535607.7546992,2026-05-11T22:40:07.754699,5.12949,0.84369,4.3276994181,27.9,218.8823610605277,42.66064689999987,0.7520432472229004
1778535607.7547035,2026-05-11T22:40:07.754703,5.12949,0.82105,4.2115677645,27.8,218.9244767381727,42.668857399999865,0.7520432472229004
1778535607.7547076,2026-05-11T22:40:07.754707,5.12949,0.80858,4.1476030241999995,27.8,218.9659527684147,42.67694319999987,0.7520432472229004
1778535607.7946408,2026-05-11T22:40:07.794643,5.12949,0.8205,4.2087465449999995,27.8,219.0080402338647,42.685148199999865,0.7919955253601074
1778535607.7946625,2026-05-11T22:40:07.794662,5.12949,0.83298,4.2727625802,27.8,219.0507678596667,42.693477999999864,0.7919955253601074
1778535607.7946694,2026-05-11T22:40:07.794669,5.12949,0.8205,4.2087465449999995,27.8,219.09285532511672,42.70168299999986,0.7919955253601074
1778535607.7946765,2026-05-11T22:40:07.794676,5.12949,0.8205,4.2087465449999995,27.8,219.13494279056673,42.70988799999986,0.7919955253601074
1778535607.8346426,2026-05-11T22:40:07.834645,5.12949,0.80982,4.153963591799999,27.8,219.17648242648474,42.71798619999986,0.8319976329803467
1778535607.834667,2026-05-11T22:40:07.834667,5.12949,0.80683,4.1386264167,27.8,219.21786869065173,42.726054499999854,0.8319976329803467
1778535607.8346741,2026-05-11T22:40:07.834674,5.12949,0.8205,4.2087465449999995,27.8,219.25995615610174,42.73425949999985,0.8319976329803467
1778535607.83468,2026-05-11T22:40:07.834680,5.12949,0.8205,4.2087465449999995,27.8,219.30204362155175,42.74246449999985,0.8319976329803467
1778535607.8746333,2026-05-11T22:40:07.874636,5.12949,0.8205,4.2087465449999995,27.9,219.34413108700176,42.750669499999844,0.8719878196716309
1778535607.874656,2026-05-11T22:40:07.874656,5.12949,0.8205,4.2087465449999995,27.9,219.38621855245177,42.75887449999984,0.8719878196716309
1778535607.874663,2026-05-11T22:40:07.874663,5.12949,0.82054,4.2089517246,27.9,219.42830806969778,42.76707989999984,0.8719878196716309
1778535607.8746712,2026-05-11T22:40:07.874671,5.12949,0.8021,4.114363929,27.9,219.46945170898778,42.77510089999984,0.8719878196716309
1778535607.9146192,2026-05-11T22:40:07.914621,5.12949,0.82054,4.2089517246,27.9,219.5115412262338,42.78330629999984,0.9119770526885986
1778535607.9146364,2026-05-11T22:40:07.914636,5.12949,0.82054,4.2089517246,27.8,219.5536307434798,42.791511699999845,0.9119770526885986
1778535607.9146414,2026-05-11T22:40:07.914641,5.12949,0.82054,4.2089517246,27.8,219.5957202607258,42.799717099999846,0.9119770526885986
1778535607.914646,2026-05-11T22:40:07.914646,5.12949,0.82054,4.2089517246,27.8,219.63780977797182,42.80792249999985,0.9119770526885986
1778535607.9546442,2026-05-11T22:40:07.954647,5.12949,0.82054,4.2089517246,27.8,219.67989929521784,42.81612789999985,0.952000617980957
1778535607.9546638,2026-05-11T22:40:07.954664,5.12949,0.94803,4.8629104047,27.8,219.72852839926483,42.82560819999985,0.952000617980957
1778535607.9546683,2026-05-11T22:40:07.954668,5.12949,0.82054,4.2089517246,27.8,219.77061791651084,42.83381359999985,0.952000617980957
1778535607.9546738,2026-05-11T22:40:07.954673,5.12949,0.82054,4.2089517246,27.8,219.81270743375686,42.84201899999985,0.952000617980957
1778535607.994604,2026-05-11T22:40:07.994606,5.12945,0.81844,4.198147058,27.8,219.85468890433685,42.85020339999985,0.9919619560241699
1778535607.9946198,2026-05-11T22:40:07.994620,5.12945,0.81844,4.198147058,27.8,219.89667037491685,42.858387799999846,0.9919619560241699
1778535607.994624,2026-05-11T22:40:07.994624,5.12945,0.81844,4.198147058,27.8,219.93865184549685,42.866572199999844,0.9919619560241699
1778535607.9946291,2026-05-11T22:40:07.994629,5.12945,0.81844,4.198147058,27.8,219.98063331607685,42.87475659999984,0.9919619560241699
1778535608.0346093,2026-05-11T22:40:08.034611,5.12945,0.81844,4.198147058,27.9,220.02261478665685,42.88294099999984,1.031966209411621
1778535608.0347183,2026-05-11T22:40:08.034720,5.12945,0.81844,4.198147058,27.8,220.06459625723684,42.89112539999984,1.031966209411621
1778535608.0347354,2026-05-11T22:40:08.034735,5.12945,0.81844,4.198147058,27.8,220.10657772781684,42.899309799999834,1.031966209411621
1778535608.0347419,2026-05-11T22:40:08.034742,5.12945,0.81844,4.198147058,27.8,220.14855919839684,42.90749419999983,1.031966209411621
1778535608.0746818,2026-05-11T22:40:08.074684,5.12945,0.80634,4.136080713,27.8,220.18992000552683,42.91555759999983,0.03206968307495117
1778535608.0746975,2026-05-11T22:40:08.074697,5.12945,0.80559,4.1322336255000005,27.9,220.23124234178184,42.92361349999983,0.03206968307495117
1778535608.0747018,2026-05-11T22:40:08.074701,5.12945,0.81809,4.1963517505,27.8,220.27320585928683,42.93179439999983,0.03206968307495117
1778535608.0747054,2026-05-11T22:40:08.074705,5.12945,0.83224,4.268933468,27.8,220.31589519396684,42.94011679999983,0.03206968307495117
1778535608.1147501,2026-05-11T22:40:08.114752,5.12945,0.81809,4.1963517505,27.9,220.35785871147183,42.94829769999983,0.07213687896728516
1778535608.1147702,2026-05-11T22:40:08.114770,5.12945,0.84469,4.3327951205,27.9,220.40118666267682,42.95674459999983,0.07213687896728516
1778535608.1147766,2026-05-11T22:40:08.114776,5.12945,0.80584,4.133515988,27.8,220.4425218225568,42.96480299999983,0.07213687896728516
1778535608.1147819,2026-05-11T22:40:08.114782,5.12945,0.8031,4.119461295000001,27.8,220.4837164355068,42.972833999999835,0.07213687896728516
1778535608.1549604,2026-05-11T22:40:08.154966,5.12945,0.81809,4.1963517505,27.8,220.5256799530118,42.981014899999835,0.11233806610107422
1778535608.1550038,2026-05-11T22:40:08.155004,5.12945,0.829,4.25231405,27.8,220.5682030935118,42.98930489999984,0.11233806610107422
1778535608.1550195,2026-05-11T22:40:08.155020,5.12945,0.82925,4.2535964125,27.8,220.6107390576368,42.99759739999984,0.11233806610107422
1778535608.1550338,2026-05-11T22:40:08.155034,5.12945,0.81809,4.1963517505,27.8,220.6527025751418,43.00577829999984,0.11233806610107422
1778535608.194943,2026-05-11T22:40:08.194949,5.12942,0.81844,4.1981225048,27.8,220.6946838001898,43.01396269999984,0.15231752395629883
1778535608.1949923,2026-05-11T22:40:08.194993,5.12942,0.80061,4.1066649461999996,27.8,220.73575044965182,43.02196879999984,0.15231752395629883
1778535608.195008,2026-05-11T22:40:08.195008,5.12942,0.81844,4.1981225048,27.8,220.77773167469982,43.03015319999984,0.15231752395629883
1778535608.1950226,2026-05-11T22:40:08.195023,5.12942,0.81844,4.1981225048,27.8,220.81971289974783,43.038337599999835,0.15231752395629883
1778535608.2351048,2026-05-11T22:40:08.235110,5.12942,0.81844,4.1981225048,27.8,220.86169412479583,43.04652199999983,0.19248151779174805
1778535608.2351484,2026-05-11T22:40:08.235149,5.12942,0.81844,4.1981225048,27.8,220.90367534984384,43.05470639999983,0.19248151779174805
1778535608.2351635,2026-05-11T22:40:08.235164,5.12942,0.81844,4.1981225048,27.8,220.94565657489184,43.06289079999983,0.19248151779174805
1778535608.2351778,2026-05-11T22:40:08.235178,5.12942,0.80708,4.1398522936,27.8,220.98705509782783,43.070961599999826,0.19248151779174805
1778535608.2751472,2026-05-11T22:40:08.275151,5.12942,0.81844,4.1981225048,27.8,221.02903632287584,43.079145999999824,0.232529878616333
1778535608.2751799,2026-05-11T22:40:08.275180,5.12942,0.81844,4.1981225048,27.8,221.07101754792384,43.08733039999982,0.232529878616333
1778535608.2751918,2026-05-11T22:40:08.275192,5.12934,0.81834,4.1975440956,27.9,221.11299298887985,43.09551379999982,0.232529878616333
1778535608.2752008,2026-05-11T22:40:08.275201,5.12934,0.81834,4.1975440956,27.8,221.15496842983586,43.10369719999982,0.232529878616333
1778535608.31502,2026-05-11T22:40:08.315025,5.12934,0.81834,4.1975440956,27.8,221.19694387079187,43.11188059999982,0.2723963260650635
1778535608.3150632,2026-05-11T22:40:08.315064,5.12934,0.83746,4.2956170764,27.8,221.23990004155587,43.120255199999825,0.2723963260650635
1778535608.3150783,2026-05-11T22:40:08.315078,5.12934,0.81834,4.1975440956,27.8,221.28187548251188,43.128438599999825,0.2723963260650635
1778535608.3150928,2026-05-11T22:40:08.315093,5.12934,0.81834,4.1975440956,27.8,221.3238509234679,43.136621999999825,0.2723963260650635
1778535608.3546224,2026-05-11T22:40:08.354624,5.12934,0.81834,4.1975440956,27.8,221.3658263644239,43.144805399999825,0.3120107650756836
1778535608.354638,2026-05-11T22:40:08.354638,5.12934,0.81834,4.1975440956,27.8,221.4078018053799,43.152988799999825,0.3120107650756836
1778535608.3546422,2026-05-11T22:40:08.354642,5.12934,0.8021,4.114243614,27.9,221.4489442415199,43.161009799999825,0.3120107650756836
1778535608.3546464,2026-05-11T22:40:08.354646,5.12934,0.8036,4.121937624,27.8,221.49016361775992,43.16904579999982,0.3120107650756836
1778535608.395073,2026-05-11T22:40:08.395075,5.12934,0.81882,4.2000061788,27.8,221.53216367954792,43.17723399999982,0.352461576461792
1778535608.3950903,2026-05-11T22:40:08.395090,5.12934,0.81882,4.2000061788,27.9,221.57416374133592,43.18542219999982,0.352461576461792
1778535608.395095,2026-05-11T22:40:08.395095,5.12934,0.81882,4.2000061788,27.9,221.61616380312392,43.19361039999982,0.352461576461792
1778535608.3950994,2026-05-11T22:40:08.395099,5.12934,0.80808,4.1449170672,27.9,221.65761297379592,43.20169119999982,0.352461576461792
1778535608.4350648,2026-05-11T22:40:08.435066,5.12934,0.80136,4.1104479024,27.8,221.69871745281992,43.20970479999982,0.3924539089202881
1778535608.4350805,2026-05-11T22:40:08.435080,5.12934,0.81882,4.2000061788,27.9,221.74071751460792,43.21789299999982,0.3924539089202881
1778535608.4350848,2026-05-11T22:40:08.435085,5.12934,0.81882,4.2000061788,27.9,221.78271757639592,43.22608119999982,0.3924539089202881
1778535608.4350886,2026-05-11T22:40:08.435088,5.12934,0.81882,4.2000061788,27.8,221.82471763818393,43.23426939999982,0.3924539089202881
1778535608.4750955,2026-05-11T22:40:08.475098,5.12934,0.81882,4.2000061788,27.8,221.86671769997193,43.24245759999982,0.4324803352355957
1778535608.4751217,2026-05-11T22:40:08.475122,5.12934,0.8036,4.121937624,27.8,221.90793707621194,43.250493599999814,0.4324803352355957
1778535608.4751308,2026-05-11T22:40:08.475131,5.12938,0.8036,4.1219697680000005,27.8,221.94915677389193,43.25852959999981,0.4324803352355957
1778535608.4751394,2026-05-11T22:40:08.475139,5.12938,0.81883,4.2000902254,27.8,221.99115767614592,43.26671789999981,0.4324803352355957
1778535608.5149767,2026-05-11T22:40:08.514980,5.12938,0.81883,4.2000902254,27.8,222.0331585783999,43.27490619999981,0.4723622798919678
1778535608.5149987,2026-05-11T22:40:08.514998,5.12938,0.81883,4.2000902254,27.8,222.0751594806539,43.28309449999981,0.4723622798919678
1778535608.5150034,2026-05-11T22:40:08.515003,5.12938,0.81883,4.2000902254,27.8,222.11716038290788,43.29128279999981,0.4723622798919678
1778535608.5150077,2026-05-11T22:40:08.515007,5.12938,0.80808,4.144949390400001,27.8,222.15860987681188,43.299363599999815,0.4723622798919678
1778535608.5550845,2026-05-11T22:40:08.555088,5.12938,0.79986,4.1027858868000004,27.8,222.1996377356799,43.307362199999815,0.5124702453613281
1778535608.5551093,2026-05-11T22:40:08.555109,5.12938,0.81883,4.2000902254,27.8,222.24163863793387,43.315550499999816,0.5124702453613281
1778535608.555118,2026-05-11T22:40:08.555118,5.12938,0.81883,4.2000902254,27.8,222.28363954018786,43.323738799999816,0.5124702453613281
1778535608.5551255,2026-05-11T22:40:08.555125,5.12938,0.81883,4.2000902254,27.8,222.32564044244185,43.33192709999982,0.5124702453613281
1778535608.5950093,2026-05-11T22:40:08.595015,5.12938,0.81873,4.1995772874,27.8,222.36763621531585,43.34011439999982,0.5523834228515625
1778535608.595058,2026-05-11T22:40:08.595059,5.12938,0.81873,4.1995772874,27.8,222.40963198818986,43.34830169999982,0.5523834228515625
1778535608.5950766,2026-05-11T22:40:08.595077,5.12938,0.80235,4.115558043,27.8,222.45078756861986,43.35632519999982,0.5523834228515625
1778535608.5950925,2026-05-11T22:40:08.595093,5.12938,0.81873,4.1995772874,27.8,222.49278334149386,43.364512499999826,0.5523834228515625
1778535608.6346877,2026-05-11T22:40:08.634692,5.12938,0.81873,4.1995772874,27.8,222.53477911436786,43.37269979999983,0.592066764831543
1778535608.6347241,2026-05-11T22:40:08.634725,5.12938,0.81873,4.1995772874,27.8,222.57677488724187,43.38088709999983,0.592066764831543
1778535608.634738,2026-05-11T22:40:08.634738,5.12938,0.81873,4.1995772874,27.8,222.61877066011587,43.389074399999835,0.592066764831543
1778535608.6347475,2026-05-11T22:40:08.634747,5.12938,0.81873,4.1995772874,27.8,222.66076643298987,43.39726169999984,0.592066764831543
1778535608.6746333,2026-05-11T22:40:08.674635,5.12938,0.8021,4.114275698,27.8,222.70190918996988,43.40528269999984,0.6320221424102783
1778535608.6746476,2026-05-11T22:40:08.674647,5.12938,0.81873,4.1995772874,27.8,222.74390496284389,43.41346999999984,0.6320221424102783
1778535608.6746516,2026-05-11T22:40:08.674651,5.12938,0.81872,4.1995259936,27.8,222.78590022277987,43.42165719999984,0.6320221424102783
1778535608.6746554,2026-05-11T22:40:08.674655,5.12938,0.81872,4.1995259936,27.8,222.82789548271586,43.429844399999844,0.6320221424102783
1778535608.7146893,2026-05-11T22:40:08.714691,5.12938,0.81872,4.1995259936,27.8,222.86989074265185,43.438031599999846,0.6720774173736572
1778535608.714705,2026-05-11T22:40:08.714705,5.12938,0.80833,4.1462317354,27.8,222.91135306000584,43.44611489999985,0.6720774173736572
1778535608.7147093,2026-05-11T22:40:08.714709,5.12938,0.81872,4.1995259936,27.8,222.95334831994182,43.45430209999985,0.6720774173736572
1778535608.714713,2026-05-11T22:40:08.714713,5.12938,0.81872,4.1995259936,27.8,222.9953435798778,43.46248929999985,0.6720774173736572
1778535608.754909,2026-05-11T22:40:08.754916,5.12938,0.81872,4.1995259936,27.8,223.0373388398138,43.470676499999854,0.7122719287872314
1778535608.754989,2026-05-11T22:40:08.754991,5.12938,0.81872,4.1995259936,27.8,223.0793340997498,43.478863699999856,0.7122719287872314
1778535608.7550383,2026-05-11T22:40:08.755040,5.12938,0.81872,4.1995259936,27.8,223.12132935968577,43.48705089999986,0.7122719287872314
1778535608.7550802,2026-05-11T22:40:08.755081,5.12938,0.80185,4.112993353,27.8,223.16245929321576,43.495069399999856,0.7122719287872314
1778535608.7946591,2026-05-11T22:40:08.794661,5.12938,0.79936,4.1002211968,27.8,223.20346150518375,43.503062999999855,0.7520465850830078
1778535608.7946763,2026-05-11T22:40:08.794676,5.12938,0.8189,4.200449282,27.8,223.24546599800377,43.51125199999986,0.7520465850830078
1778535608.7946808,2026-05-11T22:40:08.794681,5.12938,0.83149,4.2650281762,27.8,223.28811627976577,43.51956689999986,0.7520465850830078
1778535608.794685,2026-05-11T22:40:08.794684,5.12938,0.8189,4.200449282,27.8,223.3301207725858,43.52775589999986,0.7520465850830078
1778535608.8346758,2026-05-11T22:40:08.834677,5.12938,0.8189,4.200449282,27.8,223.3721252654058,43.53594489999986,0.7920641899108887
1778535608.8346922,2026-05-11T22:40:08.834692,5.12938,0.8041,4.124534458,27.8,223.4133706099858,43.54398589999986,0.7920641899108887
1778535608.8346965,2026-05-11T22:40:08.834696,5.12938,0.79912,4.0989901456,27.8,223.4543605114418,43.55197709999986,0.7920641899108887
1778535608.8347003,2026-05-11T22:40:08.834700,5.12938,0.8189,4.200449282,27.8,223.4963650042618,43.56016609999986,0.7920641899108887
1778535608.874729,2026-05-11T22:40:08.874731,5.12938,0.8189,4.200449282,27.8,223.53836949708182,43.56835509999986,0.8321163654327393
1778535608.874746,2026-05-11T22:40:08.874746,5.12938,0.8189,4.200449282,27.8,223.58037398990183,43.576544099999865,0.8321163654327393
1778535608.8747504,2026-05-11T22:40:08.874750,5.12942,0.81888,4.2003794496,27.9,223.62237778439783,43.584732899999864,0.8321163654327393
1778535608.8747542,2026-05-11T22:40:08.874754,5.12942,0.81888,4.2003794496,27.8,223.66438157889382,43.59292169999986,0.8321163654327393
1778535608.9147327,2026-05-11T22:40:08.914735,5.12942,0.81888,4.2003794496,27.8,223.70638537338982,43.60111049999986,0.8721201419830322
1778535608.91475,2026-05-11T22:40:08.914750,5.12942,0.85041,4.362110062199999,27.8,223.75000647401183,43.609614599999865,0.8721201419830322
1778535608.9147553,2026-05-11T22:40:08.914755,5.12942,0.81888,4.2003794496,27.8,223.79201026850782,43.617803399999865,0.8721201419830322
1778535608.9147599,2026-05-11T22:40:08.914760,5.12942,0.81888,4.2003794496,27.8,223.83401406300382,43.625992199999864,0.8721201419830322
1778535608.9547095,2026-05-11T22:40:08.954711,5.12942,0.81888,4.2003794496,27.8,223.87601785749982,43.63418099999986,0.9120984077453613
1778535608.954724,2026-05-11T22:40:08.954724,5.12942,0.83622,4.2893235924,27.8,223.91891109342382,43.642543199999864,0.9120984077453613
1778535608.9547281,2026-05-11T22:40:08.954728,5.12942,0.80011,4.1041002362,27.8,223.9599520957858,43.650544299999865,0.9120984077453613
1778535608.9547322,2026-05-11T22:40:08.954732,5.12942,0.81888,4.2003794496,27.8,224.0019558902818,43.658733099999864,0.9120984077453613
1778535608.9946692,2026-05-11T22:40:08.994672,5.12942,0.81858,4.1988406236,27.8,224.0439442965178,43.666918899999864,0.9520561695098877
1778535608.994689,2026-05-11T22:40:08.994689,5.12942,0.81858,4.1988406236,27.8,224.08593270275378,43.675104699999864,0.9520561695098877
1778535608.9946933,2026-05-11T22:40:08.994693,5.12942,0.84344,4.326358004799999,27.8,224.1291962828018,43.68353909999986,0.9520561695098877
1778535608.9946966,2026-05-11T22:40:08.994696,5.12942,0.80659,4.1373388777999995,27.8,224.17056967157978,43.69160499999986,0.9520561695098877
1778535609.0347216,2026-05-11T22:40:09.034724,5.12942,0.80509,4.1296447478,27.8,224.2118661190578,43.69965589999986,0.9921054840087891
1778535609.034748,2026-05-11T22:40:09.034748,5.12942,0.81858,4.1988406236,27.8,224.25385452529378,43.70784169999986,0.9921054840087891
1778535609.034757,2026-05-11T22:40:09.034757,5.12942,0.81858,4.1988406236,27.8,224.29584293152976,43.71602749999986,0.9921054840087891
1778535609.0347643,2026-05-11T22:40:09.034764,5.12942,0.81858,4.1988406236,27.8,224.33783133776575,43.72421329999986,0.9921054840087891
1778535609.074685,2026-05-11T22:40:09.074687,5.12942,0.8295,4.25485389,27.8,224.38037987666576,43.73250829999986,1.0320732593536377
1778535609.074702,2026-05-11T22:40:09.074702,5.12942,0.80584,4.1334918128,27.8,224.42171479479376,43.74056669999986,1.0320732593536377
1778535609.0747068,2026-05-11T22:40:09.074707,5.12942,0.8036,4.122001912,27.8,224.46293481391376,43.74860269999986,1.0320732593536377
1778535609.0747106,2026-05-11T22:40:09.074710,5.12942,0.81922,4.2021234523999995,27.8,224.50495604843775,43.75679489999986,1.0320732593536377
1778535609.1146655,2026-05-11T22:40:09.114667,5.12942,0.81922,4.2021234523999995,27.8,224.54697728296173,43.764987099999864,0.03202342987060547
1778535609.1146805,2026-05-11T22:40:09.114680,5.12942,0.84668,4.3429773256,27.8,224.59040705621774,43.773453899999865,0.03202342987060547
1778535609.1146848,2026-05-11T22:40:09.114685,5.12942,0.8021,4.114307782,27.8,224.63155013403775,43.781474899999864,0.03202342987060547
1778535609.1146884,2026-05-11T22:40:09.114688,5.12942,0.94504,4.8475070767999995,27.8,224.68002520480576,43.79092529999986,0.03202342987060547
1778535609.1547267,2026-05-11T22:40:09.154729,5.12942,0.81922,4.2021234523999995,27.8,224.72204643932974,43.799117499999866,0.0720829963684082
1778535609.1547446,2026-05-11T22:40:09.154745,5.12942,0.85739,4.3979134138,27.9,224.76602557346774,43.80769139999987,0.0720829963684082
1778535609.1547492,2026-05-11T22:40:09.154749,5.12942,0.82975,4.2561362449999995,27.9,224.80858693591773,43.815988899999866,0.0720829963684082
1778535609.154753,2026-05-11T22:40:09.154753,5.12942,0.81922,4.2021234523999995,27.9,224.85060817044172,43.82418109999987,0.0720829963684082
1778535609.19493,2026-05-11T22:40:09.194932,5.12938,0.81928,4.2023984464,27.9,224.89263215490573,43.83237389999987,0.11228728294372559
1778535609.194947,2026-05-11T22:40:09.194947,5.12938,0.80185,4.112993353,27.8,224.9337620884357,43.84039239999987,0.11228728294372559
1778535609.1949518,2026-05-11T22:40:09.194952,5.12938,0.81928,4.2023984464,27.8,224.97578607289972,43.848585199999874,0.11228728294372559
1778535609.1949556,2026-05-11T22:40:09.194955,5.12938,0.83771,4.2969329198,27.8,225.01875540209772,43.85696229999987,0.11228728294372559
1778535609.2347138,2026-05-11T22:40:09.234717,5.12938,0.81928,4.2023984464,27.8,225.06077938656173,43.865155099999875,0.1520683765411377
1778535609.234733,2026-05-11T22:40:09.234733,5.12938,0.81928,4.2023984464,27.9,225.10280337102574,43.87334789999988,0.1520683765411377
1778535609.2347374,2026-05-11T22:40:09.234737,5.12938,0.80609,4.1347419242,27.9,225.14415079026773,43.881408799999875,0.1520683765411377
1778535609.234741,2026-05-11T22:40:09.234741,5.12938,0.79812,4.093860765600001,27.8,225.18508939792372,43.88938999999988,0.1520683765411377
1778535609.2746835,2026-05-11T22:40:09.274686,5.12938,0.81928,4.2023984464,27.8,225.22711338238773,43.89758279999988,0.19204020500183105
1778535609.2747076,2026-05-11T22:40:09.274708,5.12938,0.83199,4.2675928662,27.8,225.26978931104972,43.90590269999988,0.19204020500183105
1778535609.2747183,2026-05-11T22:40:09.274718,5.12942,0.81963,4.204226514599999,27.8,225.31183157619571,43.91409899999988,0.19204020500183105
1778535609.2747264,2026-05-11T22:40:09.274726,5.12942,0.83821,4.2995311382,27.8,225.3548268875777,43.92248109999988,0.19204020500183105
1778535609.3147805,2026-05-11T22:40:09.314783,5.12942,0.81963,4.204226514599999,27.8,225.3968691527237,43.93067739999988,0.2321314811706543
1778535609.3148081,2026-05-11T22:40:09.314808,5.12942,0.86735,4.449002437,27.8,225.4413591770937,43.93935089999988,0.2321314811706543
1778535609.3148165,2026-05-11T22:40:09.314816,5.12942,0.81963,4.204226514599999,27.8,225.48340144223968,43.94754719999988,0.2321314811706543
1778535609.3148267,2026-05-11T22:40:09.314827,5.12942,0.81963,4.204226514599999,27.8,225.52544370738568,43.95574349999988,0.2321314811706543
1778535609.3547282,2026-05-11T22:40:09.354730,5.12942,0.81963,4.204226514599999,27.9,225.56748597253167,43.963939799999885,0.27208399772644043
1778535609.3547456,2026-05-11T22:40:09.354745,5.12942,0.81963,4.204226514599999,27.9,225.60952823767767,43.97213609999989,0.27208399772644043
1778535609.35475,2026-05-11T22:40:09.354750,5.12942,0.80584,4.1334918128,27.9,225.65086315580567,43.98019449999989,0.27208399772644043
1778535609.354754,2026-05-11T22:40:09.354754,5.12942,0.80708,4.1398522936,27.9,225.69226167874166,43.98826529999989,0.27208399772644043
1778535609.3947155,2026-05-11T22:40:09.394717,5.12934,0.81964,4.2042122376,27.9,225.73430380111765,43.99646169999989,0.3120729923248291
1778535609.394731,2026-05-11T22:40:09.394731,5.12934,0.81964,4.2042122376,27.9,225.77634592349364,44.004658099999894,0.3120729923248291
1778535609.394735,2026-05-11T22:40:09.394735,5.12934,0.81964,4.2042122376,27.8,225.81838804586963,44.0128544999999,0.3120729923248291
1778535609.3947387,2026-05-11T22:40:09.394739,5.12934,0.81964,4.2042122376,27.8,225.8604301682456,44.0210508999999,0.3120729923248291
1778535609.434735,2026-05-11T22:40:09.434737,5.12934,0.79961,4.1014715574,27.8,225.9014448838196,44.0290469999999,0.35209107398986816
1778535609.4347522,2026-05-11T22:40:09.434752,5.12934,0.86984,4.4617051056,27.8,225.94606193487562,44.0377453999999,0.35209107398986816
1778535609.4347563,2026-05-11T22:40:09.434756,5.12934,0.8412,4.314800807999999,27.8,225.98920994295563,44.0461573999999,0.35209107398986816
1778535609.43476,2026-05-11T22:40:09.434760,5.12934,0.85041,4.3620420294,27.8,226.03283036324962,44.0546614999999,0.35209107398986816
1778535609.4746914,2026-05-11T22:40:09.474693,5.12934,0.81964,4.2042122376,27.8,226.0748724856256,44.062857899999905,0.3920478820800781
1778535609.4747088,2026-05-11T22:40:09.474708,5.12934,0.81964,4.2042122376,27.8,226.1169146080016,44.07105429999991,0.3920478820800781
1778535609.4747128,2026-05-11T22:40:09.474713,5.12934,0.80036,4.1053185624,27.8,226.1579677936256,44.07905789999991,0.3920478820800781
1778535609.4747167,2026-05-11T22:40:09.474716,5.12934,0.79762,4.0912641708,27.8,226.1988804353336,44.08703409999991,0.3920478820800781
1778535609.5146966,2026-05-11T22:40:09.514699,5.12934,0.82048,4.2085208832,27.8,226.24096564416558,44.09523889999991,0.4320528507232666
1778535609.5147152,2026-05-11T22:40:09.514715,5.12934,0.82048,4.2085208832,27.8,226.28305085299758,44.103443699999914,0.4320528507232666
1778535609.5147192,2026-05-11T22:40:09.514719,5.12934,0.82048,4.2085208832,27.8,226.32513606182957,44.111648499999916,0.4320528507232666
1778535609.514723,2026-05-11T22:40:09.514723,5.11767,0.82048,4.1989458816,27.8,226.36712552064557,44.11985329999992,0.4320528507232666
1778535609.5547006,2026-05-11T22:40:09.554703,5.12934,0.82048,4.2085208832,27.8,226.40921072947756,44.12805809999992,0.47205615043640137
1778535609.5547183,2026-05-11T22:40:09.554718,5.12934,0.80285,4.118090619,27.8,226.45039163566756,44.13608659999992,0.47205615043640137
1778535609.5547228,2026-05-11T22:40:09.554723,5.12934,0.82048,4.2085208832,27.8,226.49247684449955,44.14429139999992,0.47205615043640137
1778535609.5547268,2026-05-11T22:40:09.554726,5.12934,0.87083,4.4667831522,27.8,226.53714467602154,44.152999699999924,0.47205615043640137
1778535609.5947373,2026-05-11T22:40:09.594740,5.12934,0.82121,4.2122653013999996,27.8,226.57926732903553,44.161211799999926,0.5120923519134521
1778535609.5947573,2026-05-11T22:40:09.594757,5.12934,0.82121,4.2122653013999996,27.8,226.62138998204952,44.16942389999993,0.5120923519134521
1778535609.5947616,2026-05-11T22:40:09.594761,5.12934,0.82121,4.2122653013999996,27.8,226.6635126350635,44.17763599999993,0.5120923519134521
1778535609.5947654,2026-05-11T22:40:09.594765,5.12934,0.79936,4.1001892224,27.8,226.7045145272875,44.18562959999993,0.5120923519134521
1778535609.6347518,2026-05-11T22:40:09.634754,5.12934,0.82121,4.2122653013999996,27.8,226.7466371803015,44.19384169999993,0.5521066188812256
1778535609.63477,2026-05-11T22:40:09.634770,5.12934,0.82121,4.2122653013999996,27.8,226.78875983331548,44.20205379999993,0.5521066188812256
1778535609.6347742,2026-05-11T22:40:09.634774,5.12934,0.82121,4.2122653013999996,27.8,226.83088248632947,44.21026589999993,0.5521066188812256
1778535609.634778,2026-05-11T22:40:09.634778,5.12934,0.82121,4.2122653013999996,27.8,226.87300513934346,44.218477999999934,0.5521066188812256
1778535609.6747289,2026-05-11T22:40:09.674731,5.12934,0.85988,4.4106168792,27.8,226.91711130813547,44.227076799999935,0.5920853614807129
1778535609.6747463,2026-05-11T22:40:09.674746,5.12934,0.82121,4.2122653013999996,27.8,226.95923396114947,44.23528889999994,0.5920853614807129
1778535609.6747513,2026-05-11T22:40:09.674751,5.12922,0.84145,4.315982169000001,27.8,227.00239378283948,44.24370339999994,0.5920853614807129
1778535609.6747549,2026-05-11T22:40:09.674755,5.12922,0.87432,4.4845796304,27.8,227.04723957914348,44.252446599999935,0.5920853614807129
1778535609.7147245,2026-05-11T22:40:09.714726,5.12922,0.82212,4.2168343464,27.8,227.08940792260748,44.260667799999936,0.6320805549621582
1778535609.714741,2026-05-11T22:40:09.714741,5.12922,0.82212,4.2168343464,27.8,227.13157626607148,44.26888899999994,0.6320805549621582
1778535609.7147453,2026-05-11T22:40:09.714745,5.12922,0.8031,4.119276582,27.9,227.17276903189148,44.27691999999994,0.6320805549621582
1778535609.714749,2026-05-11T22:40:09.714749,5.12922,0.8026,4.116711972,27.8,227.21393615161148,44.28494599999994,0.6320805549621582
1778535609.754736,2026-05-11T22:40:09.754738,5.11642,1.03121,5.2761034682,27.8,227.26669718629347,44.29525809999994,0.6720917224884033
1778535609.7547536,2026-05-11T22:40:09.754753,5.14521,1.10791,5.7004296111,27.8,227.32370148240446,44.306337199999945,0.6720917224884033
1778535609.7547576,2026-05-11T22:40:09.754757,5.14396,0.82212,4.228952395199999,27.8,227.36599100635647,44.314558399999946,0.6720917224884033
1778535609.7547615,2026-05-11T22:40:09.754761,5.12922,0.82212,4.2168343464,27.8,227.40815934982047,44.32277959999995,0.6720917224884033
1778535609.794724,2026-05-11T22:40:09.794726,5.12926,0.79538,4.0797108188,27.8,227.44895645800847,44.33073339999995,0.7120802402496338
1778535609.7947428,2026-05-11T22:40:09.794743,5.12926,0.81555,4.1831679930000005,27.8,227.49078813793847,44.33888889999995,0.7120802402496338
1778535609.794747,2026-05-11T22:40:09.794747,5.12926,0.82706,4.2422057756000005,27.8,227.53321019569447,44.347159499999954,0.7120802402496338
1778535609.794751,2026-05-11T22:40:09.794751,5.12926,0.8153,4.181885678,27.8,227.57502905247446,44.355312499999954,0.7120802402496338
1778535609.8346343,2026-05-11T22:40:09.834636,5.12926,0.81704,4.1908105904,27.8,227.61693715837848,44.36348289999995,0.7519900798797607
1778535609.8346522,2026-05-11T22:40:09.834652,5.12926,0.79737,4.0899180462,27.8,227.65783633884047,44.37145659999995,0.7519900798797607
1778535609.8346605,2026-05-11T22:40:09.834661,5.12926,0.80484,4.1282336184,27.8,227.69911867502447,44.37950499999995,0.7519900798797607
1778535609.834669,2026-05-11T22:40:09.834669,5.12926,0.81381,4.1742430806,27.8,227.74086110583048,44.38764309999995,0.7519900798797607
1778535609.8747373,2026-05-11T22:40:09.874740,5.12926,0.82706,4.2422057756000005,27.8,227.78328316358647,44.39591369999995,0.7920932769775391
1778535609.8747554,2026-05-11T22:40:09.874755,5.12926,0.82706,4.2422057756000005,27.8,227.82570522134247,44.404184299999955,0.7920932769775391
1778535609.8747597,2026-05-11T22:40:09.874759,5.12926,0.81331,4.1716784506,27.8,227.86742200584848,44.41231739999996,0.7920932769775391
1778535609.8747635,2026-05-11T22:40:09.874763,5.12926,0.80086,4.1078191636,27.8,227.90850019748447,44.42032599999995,0.7920932769775391
1778535609.914727,2026-05-11T22:40:09.914729,5.12926,0.79787,4.0924826762,27.8,227.94942502424647,44.428304699999956,0.8320825099945068
1778535609.914746,2026-05-11T22:40:09.914746,5.12926,0.85216,4.3709502016,27.8,227.99313452626245,44.43682629999996,0.8320825099945068
1778535609.91475,2026-05-11T22:40:09.914750,5.12926,0.82646,4.2391282196,27.8,228.03552580845846,44.445090899999954,0.8320825099945068
1778535609.9147542,2026-05-11T22:40:09.914754,5.12926,0.82646,4.2391282196,27.8,228.07791709065447,44.45335549999995,0.8320825099945068
1778535609.9547384,2026-05-11T22:40:09.954741,5.12926,0.82646,4.2391282196,27.8,228.12030837285047,44.46162009999995,0.8720941543579102
1778535609.9547572,2026-05-11T22:40:09.954757,5.12926,0.80708,4.1397231608,27.8,228.16170560445846,44.46969089999995,0.8720941543579102
1778535609.9547622,2026-05-11T22:40:09.954762,5.12926,0.79912,4.098894251200001,27.8,228.20269454697046,44.477682099999946,0.8720941543579102
1778535609.9547668,2026-05-11T22:40:09.954767,5.12926,0.8148,4.179321048,27.8,228.24448775745046,44.485830099999944,0.8720941543579102
1778535609.9946802,2026-05-11T22:40:09.994683,5.12922,0.81455,4.178006151,27.8,228.28626781896045,44.49397559999994,0.9120354652404785
1778535609.9947004,2026-05-11T22:40:09.994700,5.12922,0.81455,4.178006151,27.8,228.32804788047045,44.50212109999994,0.9120354652404785
1778535609.994705,2026-05-11T22:40:09.994705,5.12922,0.81605,4.185699981,27.8,228.36990488028044,44.51028159999994,0.9120354652404785
1778535609.994709,2026-05-11T22:40:09.994709,5.12922,0.80683,4.1384085726,27.8,228.41128896600645,44.51834989999994,0.9120354652404785
1778535610.0349336,2026-05-11T22:40:10.034936,5.12922,0.79862,4.0962976764,27.8,228.45225194277046,44.52633609999994,0.9522898197174072
1778535610.034951,2026-05-11T22:40:10.034951,5.12922,0.81406,4.1754928332,27.8,228.49400687110247,44.534476699999935,0.9522898197174072
1778535610.0349555,2026-05-11T22:40:10.034955,5.12922,0.82645,4.2390438690000005,27.8,228.53639730979248,44.54274119999994,0.9522898197174072
1778535610.0349593,2026-05-11T22:40:10.034959,5.12922,0.81406,4.1754928332,27.8,228.5781522381245,44.550881799999935,0.9522898197174072
1778535610.0752795,2026-05-11T22:40:10.075284,5.12922,0.81206,4.1652343932,27.8,228.61980458205647,44.55900239999993,0.9926233291625977
1778535610.0753233,2026-05-11T22:40:10.075324,5.12922,0.79862,4.0962976764,27.8,228.66076755882048,44.56698859999993,0.9926233291625977
1778535610.0753398,2026-05-11T22:40:10.075340,5.12918,0.80733,4.1409408893999995,27.8,228.70217696771448,44.57506189999993,0.9926233291625977
1778535610.0753543,2026-05-11T22:40:10.075354,5.14396,0.64347,3.3099839412,27.8,228.73527680712647,44.58149659999993,0.9926233291625977
1778535610.1152534,2026-05-11T22:40:10.115259,5.12918,0.65294,3.3490467891999995,27.8,228.76876727501846,44.58802599999993,1.0325984954833984
1778535610.115297,2026-05-11T22:40:10.115298,5.12918,0.64273,3.2966778614,27.8,228.80173405363246,44.59445329999993,1.0325984954833984
1778535610.115313,2026-05-11T22:40:10.115313,5.12918,0.64397,3.3030380446,27.8,228.83476443407847,44.60089299999993,1.0325984954833984
1778535610.1153276,2026-05-11T22:40:10.115328,5.12918,0.63775,3.2711345450000002,27.8,228.86747577952846,44.60727049999993,1.0325984954833984
1778535610.1553426,2026-05-11T22:40:10.155348,5.12918,0.64049,3.2851884982,27.8,228.90032766451046,44.61367539999993,0.0320591926574707
1778535610.1553924,2026-05-11T22:40:10.155393,5.12918,0.65144,3.3413530192,27.8,228.93374119470246,44.62018979999993,0.0320591926574707
1778535610.1554108,2026-05-11T22:40:10.155411,5.12918,0.6492,3.329863656,27.8,228.96703983126247,44.62668179999993,0.0320591926574707
1778535610.1554258,2026-05-11T22:40:10.155426,5.12918,0.64123,3.2889840913999997,27.8,228.99992967217648,44.63309409999993,0.0320591926574707
1778535610.1950586,2026-05-11T22:40:10.195065,5.12934,0.63874,3.2763146316,27.8,229.03269281849248,44.63948149999993,0.07177519798278809
1778535610.195109,2026-05-11T22:40:10.195110,5.12934,0.63924,3.2788793016,27.8,229.0654816115085,44.645873899999934,0.07177519798278809
1778535610.1951277,2026-05-11T22:40:10.195128,5.12934,0.64123,3.2890866882,27.8,229.0983724783905,44.652286199999935,0.07177519798278809
1778535610.1951435,2026-05-11T22:40:10.195144,5.12934,0.64298,3.2980630332,27.8,229.1313531087225,44.658715999999934,0.07177519798278809
1778535610.2353258,2026-05-11T22:40:10.235332,5.12934,0.64895,3.328685193,27.8,229.1646399606525,44.665205499999935,0.11204218864440918
1778535610.2353747,2026-05-11T22:40:10.235375,5.12934,0.64298,3.2980630332,27.8,229.19762059098449,44.671635299999934,0.11204218864440918
1778535610.2353938,2026-05-11T22:40:10.235394,5.12934,0.63924,3.2788793016,27.8,229.2304093840005,44.67802769999994,0.11204218864440918
1778535610.2354085,2026-05-11T22:40:10.235409,5.12934,0.64945,3.331249863,27.8,229.2637218826305,44.68452219999994,0.11204218864440918
1778535610.274823,2026-05-11T22:40:10.274825,5.12934,0.64248,3.2954983632,27.8,229.29667686626252,44.69094699999994,0.15155315399169922
1778535610.27484,2026-05-11T22:40:10.274840,5.12934,0.6619,3.3951101460000004,27.8,229.3306279677225,44.69756599999994,0.15155315399169922
1778535610.2748444,2026-05-11T22:40:10.274844,5.12918,0.64821,3.3247857677999995,27.8,229.3638758254005,44.70404809999994,0.15155315399169922
1778535610.274848,2026-05-11T22:40:10.274848,5.12918,0.63899,3.2774947281999998,27.8,229.3966507726825,44.71043799999994,0.15155315399169922
1778535610.3150134,2026-05-11T22:40:10.315015,5.12918,0.63675,3.2660053650000003,27.8,229.4293108263325,44.71680549999994,0.19174456596374512
1778535610.3150303,2026-05-11T22:40:10.315030,5.12918,0.64821,3.3247857677999995,27.8,229.4625586840105,44.72328759999994,0.19174456596374512
1778535610.3150353,2026-05-11T22:40:10.315035,5.12918,0.65045,3.336275131,27.8,229.4959214353205,44.72979209999994,0.19174456596374512
1778535610.3150396,2026-05-11T22:40:10.315040,5.12918,0.65119,3.3400707242000003,27.8,229.5293221425625,44.73630399999994,0.19174456596374512
1778535610.355299,2026-05-11T22:40:10.355305,5.12918,0.64397,3.3030380446,27.8,229.5623525230085,44.74274369999994,0.23201656341552734
1778535610.3553479,2026-05-11T22:40:10.355348,5.12918,0.62878,3.2251258004,27.8,229.59460378101252,44.749031499999944,0.23201656341552734
1778535610.3553665,2026-05-11T22:40:10.355367,5.12918,0.6365,3.2647230699999996,27.8,229.62725101171253,44.75539649999995,0.23201656341552734
1778535610.355382,2026-05-11T22:40:10.355382,5.12918,0.64621,3.3145274077999995,27.8,229.66039628579054,44.76185859999995,0.23201656341552734
1778535610.395109,2026-05-11T22:40:10.395111,5.12902,0.64298,3.2978572795999996,27.8,229.69337485858654,44.768288399999946,0.2718393802642822
1778535610.395127,2026-05-11T22:40:10.395127,5.12902,0.64646,3.3157062692,27.8,229.72653192127854,44.77475299999995,0.2718393802642822
1778535610.395132,2026-05-11T22:40:10.395132,5.12902,0.64447,3.3054995193999996,27.8,229.75958691647253,44.78119769999995,0.2718393802642822
1778535610.3951368,2026-05-11T22:40:10.395136,5.12902,0.62704,3.2161007008,27.8,229.79174792348053,44.78746809999995,0.2718393802642822
1778535610.4348295,2026-05-11T22:40:10.434833,5.12902,0.63401,3.2518499701999994,27.8,229.82426642318254,44.79380819999995,0.3115572929382324
1778535610.434855,2026-05-11T22:40:10.434855,5.12902,0.64472,3.3067817743999997,27.8,229.85733424092655,44.80025539999995,0.3115572929382324
1778535610.4348636,2026-05-11T22:40:10.434864,5.12902,0.65194,3.3438132988,27.8,229.89077237391456,44.80677479999995,0.3115572929382324
1778535610.434871,2026-05-11T22:40:10.434871,5.12902,0.64995,3.3336065489999998,27.8,229.92410843940456,44.81327429999995,0.3115572929382324
1778535610.4749174,2026-05-11T22:40:10.474922,5.12902,0.64945,3.3310420389999997,27.8,229.95741885979456,44.81976879999995,0.3516387939453125
1778535610.4749575,2026-05-11T22:40:10.474958,5.12902,0.62828,3.2224606855999998,27.8,229.98964346665056,44.82605159999995,0.3516387939453125
1778535610.4749722,2026-05-11T22:40:10.474972,5.12891,0.63625,3.2632689875,27.8,230.02227615652555,44.83241409999995,0.3516387939453125
1778535610.4749844,2026-05-11T22:40:10.474985,5.12891,0.64646,3.3156351586000006,27.8,230.05543250811155,44.83887869999995,0.3516387939453125
1778535610.5146484,2026-05-11T22:40:10.514651,5.12891,0.64347,3.3002997177,27.8,230.08843550528854,44.84531339999995,0.3913731575012207
1778535610.5146744,2026-05-11T22:40:10.514675,5.12891,0.65543,3.3616414813,27.8,230.12205192010154,44.85186769999995,0.3913731575012207
1778535610.5146844,2026-05-11T22:40:10.514684,5.12891,0.64223,3.2939398693,27.8,230.15499131879454,44.85828999999995,0.3913731575012207
1778535610.5146961,2026-05-11T22:40:10.514696,5.12891,0.63028,3.2326493948,27.8,230.18731781274255,44.86459279999995,0.3913731575012207
1778535610.554605,2026-05-11T22:40:10.554607,5.12891,0.65319,3.3501527229000003,27.8,230.22081933997154,44.871124699999946,0.4313361644744873
1778535610.554623,2026-05-11T22:40:10.554623,5.12891,0.64447,3.3054286277,27.8,230.25387362624855,44.87756939999995,0.4313361644744873
1778535610.5546277,2026-05-11T22:40:10.554627,5.12891,0.64522,3.3092753102000003,27.8,230.28696637935056,44.88402159999995,0.4313361644744873
1778535610.5546317,2026-05-11T22:40:10.554631,5.12891,0.64298,3.2977865518000002,27.8,230.31994424486857,44.89045139999995,0.4313361644744873
1778535610.5946846,2026-05-11T22:40:10.594687,5.12867,0.63426,3.2529102342,27.8,230.35247334721058,44.89679399999995,0.47141098976135254
1778535610.5947104,2026-05-11T22:40:10.594710,5.12867,0.64098,3.2873748966,27.8,230.3853470961766,44.90320379999995,0.47141098976135254
1778535610.5947185,2026-05-11T22:40:10.594718,5.12867,0.65244,3.3461494548,27.8,230.41880859072458,44.909728199999954,0.47141098976135254
1778535610.5947263,2026-05-11T22:40:10.594726,5.12867,0.64522,3.3091204573999997,27.8,230.45189979529857,44.91618039999995,0.47141098976135254
1778535610.6349223,2026-05-11T22:40:10.634927,5.12867,0.64646,3.3154800081999998,27.8,230.48505459538057,44.92264499999995,0.5116434097290039
1778535610.6349638,2026-05-11T22:40:10.634964,5.12867,0.64173,3.2912213991,27.8,230.5179668093716,44.929062299999956,0.5116434097290039
1778535610.634979,2026-05-11T22:40:10.634979,5.12867,0.64447,3.3052739548999996,27.8,230.55101954892058,44.93550699999996,0.5116434097290039
1778535610.6349921,2026-05-11T22:40:10.634992,5.12867,0.64895,3.3282503965,27.8,230.5843020528856,44.94199649999996,0.5116434097290039
1778535610.6751063,2026-05-11T22:40:10.675111,5.12867,0.65593,3.3640485130999997,27.8,230.6179425380166,44.94855579999996,0.551825761795044
1778535610.6751497,2026-05-11T22:40:10.675150,5.12867,0.65194,3.3435851197999997,27.8,230.65137838921459,44.95507519999996,0.551825761795044
1778535610.675165,2026-05-11T22:40:10.675165,5.12856,0.63227,3.2426346312,27.8,230.6838047355266,44.96139789999996,0.551825761795044
1778535610.6751788,2026-05-11T22:40:10.675179,5.12856,0.63227,3.2426346312,27.8,230.7162310818386,44.96772059999996,0.551825761795044
1778535610.7151465,2026-05-11T22:40:10.715152,5.12856,0.64223,3.2937150888,27.8,230.7491682327266,44.974142899999954,0.5918631553649902
1778535610.7151957,2026-05-11T22:40:10.715197,5.12856,0.64497,3.3077673432000005,27.8,230.78224590615858,44.98059259999995,0.5918631553649902
1778535610.7152143,2026-05-11T22:40:10.715215,5.12856,0.64298,3.2975615088000003,27.8,230.81522152124657,44.98702239999995,0.5918631553649902
1778535610.7152297,2026-05-11T22:40:10.715230,5.12856,0.6492,3.329461152,27.8,230.84851613276658,44.99351439999995,0.5918631553649902
1778535610.7553346,2026-05-11T22:40:10.755340,5.12856,0.62804,3.2209408224000002,27.8,230.88072554099057,44.999794799999954,0.6320514678955078
1778535610.7553837,2026-05-11T22:40:10.755385,5.11266,0.66663,3.4082525357999995,27.8,230.91480806634857,45.00646109999995,0.6320514678955078
1778535610.7554023,2026-05-11T22:40:10.755402,5.12856,0.64572,3.3116137632,27.8,230.94792420398056,45.01291829999995,0.6320514678955078
1778535610.7554176,2026-05-11T22:40:10.755418,5.12856,0.64721,3.3192553175999997,27.8,230.98111675715657,45.019390399999956,0.6320514678955078
1778535610.7947705,2026-05-11T22:40:10.794773,5.12859,0.64572,3.3116331347999997,27.8,231.01423308850457,45.025847599999956,0.6714997291564941
1778535610.7947931,2026-05-11T22:40:10.794793,5.12859,0.64671,3.3167104389,27.8,231.04740019289358,45.03231469999996,0.6714997291564941
1778535610.7947984,2026-05-11T22:40:10.794798,5.12859,0.62729,3.2171132211,27.8,231.07957132510458,45.03858759999996,0.6714997291564941
1778535610.794803,2026-05-11T22:40:10.794803,5.12859,0.63675,3.2656296825,27.8,231.11222762192958,45.04495509999996,0.6714997291564941
1778535610.8346486,2026-05-11T22:40:10.834651,5.12859,0.64422,3.3039402498,27.8,231.14526702442757,45.05139729999996,0.7113766670227051
1778535610.8346715,2026-05-11T22:40:10.834672,5.12859,0.64422,3.3039402498,27.8,231.17830642692556,45.057839499999965,0.7113766670227051
1778535610.834683,2026-05-11T22:40:10.834683,5.12859,0.64771,3.3218390289,27.8,231.21152481721455,45.06431659999996,0.7113766670227051
1778535610.8346932,2026-05-11T22:40:10.834693,5.12859,0.64895,3.3281984805000002,27.8,231.24480680201955,45.07080609999996,0.7113766670227051
1778535610.8746924,2026-05-11T22:40:10.874695,5.12859,0.63625,3.2630653874999997,27.8,231.27743745589456,45.077168599999965,0.7514200210571289
1778535610.8747156,2026-05-11T22:40:10.874716,5.12859,0.636,3.26178324,27.8,231.31005528829456,45.083528599999966,0.7514200210571289
1778535610.874726,2026-05-11T22:40:10.874726,5.12824,0.64572,3.3114071328,27.8,231.34316935962255,45.089985799999965,0.7514200210571289
1778535610.874734,2026-05-11T22:40:10.874734,5.12824,0.64397,3.3024327128,27.8,231.37619368675055,45.09642549999997,0.7514200210571289
1778535610.9147387,2026-05-11T22:40:10.914742,5.12824,0.65244,3.3458689056,27.8,231.40965237580656,45.10294989999997,0.79146409034729
1778535610.9147644,2026-05-11T22:40:10.914764,5.12824,0.64049,3.2845864376,27.8,231.44249824018254,45.10935479999997,0.79146409034729
1778535610.9147725,2026-05-11T22:40:10.914772,5.12824,0.63625,3.2628426999999998,27.8,231.47512666718254,45.11571729999997,0.79146409034729
1778535610.9147785,2026-05-11T22:40:10.914778,5.12824,0.64223,3.2935095752,27.8,231.50806176293455,45.12213959999997,0.79146409034729
1778535610.9546773,2026-05-11T22:40:10.954679,5.12824,0.64372,3.3011506527999996,27.8,231.54107326946254,45.12857679999997,0.8314073085784912
1778535610.954695,2026-05-11T22:40:10.954695,5.12824,0.64746,3.3203302704,27.8,231.57427657216655,45.135051399999966,0.8314073085784912
1778535610.954699,2026-05-11T22:40:10.954699,5.12824,0.64273,3.2960736952,27.8,231.60723730911855,45.141478699999965,0.8314073085784912
1778535610.9547029,2026-05-11T22:40:10.954702,5.12824,0.63675,3.26540682,27.8,231.63989137731855,45.14784619999997,0.8314073085784912
1778535610.9949894,2026-05-11T22:40:10.994994,5.12812,0.64596,3.3125603952,27.8,231.67301698127054,45.15430579999997,0.8717083930969238
1778535610.9950323,2026-05-11T22:40:10.995033,5.12812,0.64447,3.3049194964,27.8,231.70606617623454,45.16075049999997,0.8717083930969238
1778535610.9950476,2026-05-11T22:40:10.995048,5.12812,0.64447,3.3049194964,27.8,231.73911537119855,45.16719519999997,0.8717083930969238
1778535610.9950607,2026-05-11T22:40:10.995061,5.12812,0.65468,3.3572776016000003,27.8,231.77268814721455,45.173741999999976,0.8717083930969238
1778535611.0349724,2026-05-11T22:40:11.034978,5.12812,0.63003,3.2308694436,27.8,231.80499684165056,45.180042299999975,0.9116916656494141
1778535611.0350156,2026-05-11T22:40:11.035016,5.12812,0.63053,3.2334335036,27.8,231.83733117668658,45.186347599999976,0.9116916656494141
1778535611.035032,2026-05-11T22:40:11.035032,5.12812,0.64646,3.3151244552000003,27.8,231.87048242123856,45.19281219999998,0.9116916656494141
1778535611.0350456,2026-05-11T22:40:11.035046,5.12812,0.64621,3.3138424252,27.8,231.90362084549056,45.19927429999998,0.9116916656494141
1778535611.0750923,2026-05-11T22:40:11.075098,5.12812,0.64447,3.3049194964,27.8,231.93667004045457,45.20571899999998,0.9518091678619385
1778535611.0751417,2026-05-11T22:40:11.075142,5.12812,0.65045,3.335585654,27.8,231.97002589699457,45.21222349999998,0.9518091678619385
1778535611.075158,2026-05-11T22:40:11.075158,5.12797,0.62978,3.2294929466,27.8,232.00232082646056,45.21852129999998,0.9518091678619385
1778535611.0751715,2026-05-11T22:40:11.075172,5.12797,0.6253,3.206519641,27.8,232.03438602287056,45.22477429999998,0.9518091678619385
1778535611.1150157,2026-05-11T22:40:11.115026,5.12797,0.64838,3.3248731886,27.8,232.06763475475657,45.23125809999998,0.9917147159576416
1778535611.1151009,2026-05-11T22:40:11.115104,5.12797,0.64838,3.3248731886,27.8,232.10088348664257,45.237741899999975,0.9917147159576416
1778535611.1151414,2026-05-11T22:40:11.115143,5.12797,0.64838,3.3248731886,27.8,232.13413221852858,45.24422569999997,0.9917147159576416
1778535611.1151795,2026-05-11T22:40:11.115180,5.12797,0.64838,3.3248731886,27.8,232.16738095041458,45.25070949999997,0.9917147159576416
1778535611.1549175,2026-05-11T22:40:11.154923,5.12797,0.62729,3.2167243013,27.8,232.19954819342757,45.25698239999997,1.0316340923309326
1778535611.1549673,2026-05-11T22:40:11.154969,5.12797,0.63277,3.2448255769000007,27.8,232.23199644919657,45.26331009999997,1.0316340923309326
1778535611.154985,2026-05-11T22:40:11.154985,5.12797,0.64838,3.3248731886,27.8,232.26524518108258,45.26979389999997,1.0316340923309326
1778535611.1549988,2026-05-11T22:40:11.154999,5.12797,0.64838,3.3248731886,27.8,232.29849391296858,45.276277699999966,1.0316340923309326
1778535611.1953418,2026-05-11T22:40:11.195347,5.12766,0.64382,3.3012900611999996,27.8,232.33150681358057,45.282715899999964,0.03200244903564453
1778535611.1953905,2026-05-11T22:40:11.195391,5.12766,0.64382,3.3012900611999996,27.8,232.36451971419257,45.28915409999996,0.03200244903564453
1778535611.1954079,2026-05-11T22:40:11.195408,5.12766,0.64382,3.3012900611999996,27.8,232.39753261480456,45.29559229999996,0.03200244903564453
1778535611.1954226,2026-05-11T22:40:11.195423,5.12766,0.64382,3.3012900611999996,27.8,232.43054551541655,45.30203049999996,0.03200244903564453
1778535611.2350543,2026-05-11T22:40:11.235060,5.12766,0.64382,3.3012900611999996,27.8,232.46355841602855,45.308468699999956,0.07171440124511719
1778535611.2351022,2026-05-11T22:40:11.235104,5.12766,0.64382,3.3012900611999996,27.8,232.49657131664054,45.314906899999954,0.07171440124511719
1778535611.235121,2026-05-11T22:40:11.235121,5.12766,0.64382,3.3012900611999996,27.8,232.52958421725253,45.32134509999995,0.07171440124511719
1778535611.235136,2026-05-11T22:40:11.235136,5.12766,0.64382,3.3012900611999996,27.8,232.56259711786453,45.32778329999995,0.07171440124511719
1778535611.2747614,2026-05-11T22:40:11.274763,5.12766,0.64382,3.3012900611999996,27.8,232.59561001847652,45.33422149999995,0.1114356517791748
1778535611.274779,2026-05-11T22:40:11.274779,5.12766,0.64382,3.3012900611999996,27.8,232.6286229190885,45.34065969999995,0.1114356517791748
1778535611.2747858,2026-05-11T22:40:11.274786,5.12769,0.66091,3.3889415979,27.8,232.6625123350675,45.347268799999945,0.1114356517791748
1778535611.2747893,2026-05-11T22:40:11.274789,5.12769,0.64415,3.3030015135000004,27.8,232.69554235020252,45.353710299999946,0.1114356517791748
1778535611.3147643,2026-05-11T22:40:11.314768,5.12769,0.64415,3.3030015135000004,27.8,232.72857236533753,45.36015179999995,0.15143489837646484
1778535611.3147914,2026-05-11T22:40:11.314791,5.12769,0.66614,3.4157594166,27.8,232.76272995950353,45.366813199999946,0.15143489837646484
1778535611.3147995,2026-05-11T22:40:11.314800,5.12769,0.64415,3.3030015135000004,27.8,232.79575997463854,45.37325469999995,0.15143489837646484
1778535611.3148062,2026-05-11T22:40:11.314806,5.12769,0.64415,3.3030015135000004,27.8,232.82878998977355,45.37969619999995,0.15143489837646484
1778535611.3553429,2026-05-11T22:40:11.355349,5.12769,0.64415,3.3030015135000004,27.8,232.86182000490857,45.38613769999995,0.192002534866333
1778535611.355393,2026-05-11T22:40:11.355394,5.12769,0.64415,3.3030015135000004,27.8,232.89485002004358,45.39257919999995,0.192002534866333
1778535611.355411,2026-05-11T22:40:11.355411,5.12769,0.63302,3.2459303238,27.8,232.92730932328158,45.39890939999995,0.192002534866333
1778535611.3554268,2026-05-11T22:40:11.355427,5.12769,0.64415,3.3030015135000004,27.8,232.9603393384166,45.40535089999995,0.192002534866333
1778535611.394805,2026-05-11T22:40:11.394809,5.12777,0.64452,3.3049503203999997,27.8,232.9933888416206,45.411796099999954,0.2314739227294922
1778535611.3948336,2026-05-11T22:40:11.394834,5.12777,0.64452,3.3049503203999997,27.8,233.0264383448246,45.418241299999956,0.2314739227294922
1778535611.3948395,2026-05-11T22:40:11.394839,5.12777,0.64452,3.3049503203999997,27.8,233.05948784802862,45.42468649999996,0.2314739227294922
1778535611.3948445,2026-05-11T22:40:11.394844,5.12777,0.62978,3.2293669906,27.8,233.09178151793463,45.430984299999956,0.2314739227294922
1778535611.4350905,2026-05-11T22:40:11.435092,5.12777,0.62654,3.2127530157999997,27.8,233.12390904809263,45.43724969999995,0.27176427841186523
1778535611.4351094,2026-05-11T22:40:11.435109,5.12777,0.64452,3.3049503203999997,27.8,233.15695855129664,45.443694899999954,0.27176427841186523
1778535611.4351149,2026-05-11T22:40:11.435115,5.12777,0.64452,3.3049503203999997,27.8,233.19000805450065,45.450140099999956,0.27176427841186523
1778535611.4351199,2026-05-11T22:40:11.435120,5.12777,0.64452,3.3049503203999997,27.8,233.22305755770466,45.45658529999996,0.27176427841186523
1778535611.4750006,2026-05-11T22:40:11.475005,5.12777,0.64452,3.3049503203999997,27.8,233.25610706090868,45.46303049999996,0.3116648197174072
1778535611.4750361,2026-05-11T22:40:11.475036,5.12777,0.62505,3.2051126384999997,27.8,233.28815818729367,45.46928099999996,0.3116648197174072
1778535611.4750493,2026-05-11T22:40:11.475049,5.12785,0.62828,3.2217255979999995,27.8,233.32037544327366,45.47556379999996,0.3116648197174072
1778535611.4750605,2026-05-11T22:40:11.475061,5.12785,0.64439,3.3043352615,27.8,233.35341879588867,45.48200769999996,0.3116648197174072
1778535611.515283,2026-05-11T22:40:11.515288,5.12785,0.64439,3.3043352615,27.8,233.38646214850368,45.48845159999996,0.3519456386566162
1778535611.5153275,2026-05-11T22:40:11.515328,5.12785,0.64439,3.3043352615,27.8,233.4195055011187,45.49489549999996,0.3519456386566162
1778535611.5153437,2026-05-11T22:40:11.515344,5.12785,0.64439,3.3043352615,27.8,233.4525488537337,45.501339399999964,0.3519456386566162
1778535611.5153575,2026-05-11T22:40:11.515358,5.12785,0.62853,3.2230075604999997,27.8,233.48477892933872,45.507624699999965,0.3519456386566162
1778535611.55481,2026-05-11T22:40:11.554812,5.12785,0.63401,3.2511081784999996,27.8,233.51729001112372,45.51396479999997,0.39148497581481934
1778535611.5548284,2026-05-11T22:40:11.554828,5.12785,0.64439,3.3043352615,27.8,233.55033336373873,45.52040869999997,0.39148497581481934
1778535611.5548334,2026-05-11T22:40:11.554833,5.12785,0.64439,3.3043352615,27.8,233.58337671635374,45.52685259999997,0.39148497581481934
1778535611.554838,2026-05-11T22:40:11.554838,5.12785,0.64439,3.3043352615,27.8,233.61642006896875,45.53329649999997,0.39148497581481934
1778535611.5946622,2026-05-11T22:40:11.594664,5.12789,0.64415,3.3031303435,27.8,233.64945137240375,45.53973799999997,0.4313368797302246
1778535611.5946865,2026-05-11T22:40:11.594686,5.12789,0.64415,3.3031303435,27.8,233.68248267583874,45.54617949999997,0.4313368797302246
1778535611.5946918,2026-05-11T22:40:11.594691,5.12789,0.64415,3.3031303435,27.8,233.71551397927374,45.552620999999974,0.4313368797302246
1778535611.594695,2026-05-11T22:40:11.594695,5.12789,0.64415,3.3031303435,27.8,233.74854528270873,45.559062499999975,0.4313368797302246
1778535611.6346958,2026-05-11T22:40:11.634698,5.12789,0.64415,3.3031303435,27.8,233.78157658614373,45.565503999999976,0.47136902809143066
1778535611.6347167,2026-05-11T22:40:11.634716,5.12789,0.64415,3.3031303435,27.8,233.81460788957872,45.57194549999998,0.47136902809143066
1778535611.6347213,2026-05-11T22:40:11.634721,5.12789,0.62928,3.2268786192,27.8,233.84687667577072,45.578238299999974,0.47136902809143066
1778535611.634725,2026-05-11T22:40:11.634725,5.12789,0.64415,3.3031303435,27.8,233.8799079792057,45.584679799999975,0.47136902809143066
1778535611.6747327,2026-05-11T22:40:11.674735,5.12789,0.65443,3.3558450527,27.8,233.91346642973272,45.59122409999998,0.5114057064056396
1778535611.67475,2026-05-11T22:40:11.674750,5.12789,0.64415,3.3031303435,27.8,233.94649773316772,45.59766559999998,0.5114057064056396
1778535611.6747544,2026-05-11T22:40:11.674754,5.12789,0.64407,3.3027201123,27.8,233.9795249342907,45.60410629999998,0.5114057064056396
1778535611.674758,2026-05-11T22:40:11.674758,5.12789,0.64407,3.3027201123,27.8,234.0125521354137,45.610546999999976,0.5114057064056396
1778535611.7146304,2026-05-11T22:40:11.714632,5.12789,0.62754,3.2179560906,27.8,234.0447316963197,45.616822399999975,0.5513060092926025
1778535611.7146459,2026-05-11T22:40:11.714645,5.12789,0.64407,3.3027201123,27.8,234.0777588974427,45.623263099999974,0.5513060092926025
1778535611.7146497,2026-05-11T22:40:11.714649,5.12789,0.64407,3.3027201123,27.8,234.11078609856568,45.62970379999997,0.5513060092926025
1778535611.7146528,2026-05-11T22:40:11.714652,5.12789,0.64407,3.3027201123,27.8,234.14381329968867,45.63614449999997,0.5513060092926025
1778535611.754789,2026-05-11T22:40:11.754791,5.12789,0.64407,3.3027201123,27.8,234.17684050081166,45.64258519999997,0.5914642810821533
1778535611.754804,2026-05-11T22:40:11.754804,5.12789,0.62828,3.2217507291999996,27.8,234.20905800810365,45.64886799999997,0.5914642810821533
1778535611.7548087,2026-05-11T22:40:11.754808,5.12789,0.62505,3.2051876445,27.8,234.24110988454865,45.65511849999997,0.5914642810821533
1778535611.7548122,2026-05-11T22:40:11.754812,5.12789,0.64407,3.3027201123,27.8,234.27413708567164,45.66155919999997,0.5914642810821533
1778535611.7947166,2026-05-11T22:40:11.794718,5.12801,0.64309,3.2977719509,27.8,234.30711480518065,45.66799009999997,0.6313920021057129
1778535611.7947319,2026-05-11T22:40:11.794732,5.12801,0.64309,3.2977719509,27.8,234.34009252468965,45.67442099999997,0.6313920021057129
1778535611.794736,2026-05-11T22:40:11.794736,5.12801,0.64309,3.2977719509,27.8,234.37307024419866,45.680851899999965,0.6313920021057129
1778535611.7947395,2026-05-11T22:40:11.794739,5.12801,0.64309,3.2977719509,27.8,234.40604796370766,45.68728279999996,0.6313920021057129
1778535611.8351362,2026-05-11T22:40:11.835138,5.12801,0.62828,3.2218261227999996,27.8,234.43826622493566,45.693565599999964,0.6718099117279053
1778535611.8351533,2026-05-11T22:40:11.835153,5.12801,0.64309,3.2977719509,27.8,234.47124394444467,45.69999649999996,0.6718099117279053
1778535611.835158,2026-05-11T22:40:11.835158,5.12801,0.64309,3.2977719509,27.8,234.50422166395367,45.70642739999996,0.6718099117279053
1778535611.8351617,2026-05-11T22:40:11.835161,5.12801,0.64309,3.2977719509,27.8,234.53719938346268,45.71285829999996,0.6718099117279053
1778535611.8750901,2026-05-11T22:40:11.875092,5.12801,0.64309,3.2977719509,27.8,234.57017710297168,45.719289199999956,0.7117650508880615
1778535611.875107,2026-05-11T22:40:11.875107,5.12801,0.64309,3.2977719509,27.8,234.6031548224807,45.725720099999954,0.7117650508880615
1778535611.8751118,2026-05-11T22:40:11.875112,5.12793,0.64298,3.2971564314,27.8,234.6361263867947,45.73214989999995,0.7117650508880615
1778535611.875116,2026-05-11T22:40:11.875116,5.12793,0.64298,3.2971564314,27.8,234.6690979511087,45.73857969999995,0.7117650508880615
1778535611.9151459,2026-05-11T22:40:11.915149,5.12793,0.64298,3.2971564314,27.8,234.70206951542272,45.74500949999995,0.7518155574798584
1778535611.9151766,2026-05-11T22:40:11.915177,5.12793,0.64298,3.2971564314,27.8,234.73504107973673,45.75143929999995,0.7518155574798584
1778535611.9151876,2026-05-11T22:40:11.915188,5.12793,0.64298,3.2971564314,27.8,234.76801264405074,45.75786909999995,0.7518155574798584
1778535611.915197,2026-05-11T22:40:11.915197,5.12793,0.64298,3.2971564314,27.8,234.80098420836475,45.76429889999995,0.7518155574798584
1778535611.9550426,2026-05-11T22:40:11.955048,5.12793,0.64298,3.2971564314,27.8,234.83395577267876,45.77072869999995,0.7917027473449707
1778535611.955091,2026-05-11T22:40:11.955091,5.12793,0.66614,3.4159192901999997,27.8,234.86811496558076,45.77739009999995,0.7917027473449707
1778535611.9551072,2026-05-11T22:40:11.955108,5.12793,0.65418,3.3545892474,27.8,234.90166085805475,45.78393189999995,0.7917027473449707
1778535611.955121,2026-05-11T22:40:11.955121,5.12793,0.64298,3.2971564314,27.8,234.93463242236876,45.79036169999995,0.7917027473449707
1778535611.995126,2026-05-11T22:40:11.995128,5.12797,0.64314,3.2980026258000006,27.8,234.96761244862677,45.796793099999945,0.8317990303039551
1778535611.995146,2026-05-11T22:40:11.995146,5.12797,0.64314,3.2980026258000006,27.8,235.00059247488477,45.80322449999994,0.8317990303039551
1778535611.9951518,2026-05-11T22:40:11.995152,5.12797,0.64314,3.2980026258000006,27.8,235.03357250114277,45.80965589999994,0.8317990303039551
1778535611.995157,2026-05-11T22:40:11.995157,5.12797,0.64314,3.2980026258000006,27.8,235.06655252740077,45.816087299999936,0.8317990303039551
1778535612.0351865,2026-05-11T22:40:12.035190,5.12797,0.64314,3.2980026258000006,27.8,235.09953255365878,45.82251869999993,0.8718550205230713
1778535612.0352187,2026-05-11T22:40:12.035219,5.12797,0.62554,3.2077503538000003,27.8,235.13161005719678,45.82877409999993,0.8718550205230713
1778535612.03523,2026-05-11T22:40:12.035230,5.12797,0.64314,3.2980026258000006,27.8,235.16459008345478,45.83520549999993,0.8718550205230713
1778535612.0352395,2026-05-11T22:40:12.035239,5.12797,0.64314,3.2980026258000006,27.8,235.19757010971279,45.841636899999926,0.8718550205230713
1778535612.0753362,2026-05-11T22:40:12.075342,5.12797,0.64314,3.2980026258000006,27.8,235.2305501359708,45.84806829999992,0.9119961261749268
1778535612.0753846,2026-05-11T22:40:12.075385,5.12797,0.64314,3.2980026258000006,27.8,235.2635301622288,45.85449969999992,0.9119961261749268
1778535612.0754025,2026-05-11T22:40:12.075403,5.12797,0.6248,3.203955656,27.8,235.29556971878878,45.86074769999992,0.9119961261749268
1778535612.0754187,2026-05-11T22:40:12.075419,5.12797,0.64307,3.2976436679000005,27.8,235.3285461554678,45.86717839999992,0.9119961261749268
1778535612.1153646,2026-05-11T22:40:12.115370,5.12797,0.64307,3.2976436679000005,27.8,235.3615225921468,45.873609099999925,0.9520251750946045
1778535612.1154127,2026-05-11T22:40:12.115413,5.12797,0.65344,3.3508207168000004,27.8,235.3950307993148,45.880143499999924,0.9520251750946045
1778535612.1154294,2026-05-11T22:40:12.115430,5.12797,0.64307,3.2976436679000005,27.8,235.42800723599382,45.88657419999993,0.9520251750946045
1778535612.115443,2026-05-11T22:40:12.115443,5.12797,0.64307,3.2976436679000005,27.8,235.46098367267282,45.89300489999993,0.9520251750946045
1778535612.1553042,2026-05-11T22:40:12.155310,5.12797,0.62978,3.2294929466,27.8,235.49327860213882,45.89930269999993,0.9919643402099609
1778535612.1553526,2026-05-11T22:40:12.155353,5.12797,0.64307,3.2976436679000005,27.8,235.52625503881782,45.90573339999993,0.9919643402099609
1778535612.1553705,2026-05-11T22:40:12.155371,5.12797,0.64307,3.2976436679000005,27.8,235.55923147549683,45.912164099999934,0.9919643402099609
1778535612.1553855,2026-05-11T22:40:12.155386,5.12797,0.64307,3.2976436679000005,27.8,235.59220791217584,45.91859479999994,0.9919643402099609
1778535612.1946728,2026-05-11T22:40:12.194674,5.12801,0.64297,3.2971565897,27.8,235.62517947807282,45.925024499999935,1.0313479900360107
1778535612.1946876,2026-05-11T22:40:12.194687,5.12801,0.64297,3.2971565897,27.8,235.6581510439698,45.93145419999993,1.0313479900360107
1778535612.1946917,2026-05-11T22:40:12.194691,5.12801,0.64297,3.2971565897,27.8,235.6911226098668,45.93788389999993,1.0313479900360107
1778535612.1946952,2026-05-11T22:40:12.194695,5.12801,0.64297,3.2971565897,27.8,235.72409417576378,45.94431359999993,1.0313479900360107
1778535612.2351456,2026-05-11T22:40:12.235149,5.12801,0.64297,3.2971565897,27.8,235.75706574166077,45.95074329999993,0.03200483322143555
1778535612.2351732,2026-05-11T22:40:12.235173,5.12801,0.64297,3.2971565897,27.8,235.79003730755775,45.957172999999926,0.03200483322143555
1778535612.2351823,2026-05-11T22:40:12.235182,5.12801,0.64297,3.2971565897,27.8,235.82300887345474,45.963602699999925,0.03200483322143555
1778535612.2351902,2026-05-11T22:40:12.235190,5.12801,0.63127,3.2371588727,27.8,235.85538046218173,45.96991539999993,0.03200483322143555
1778535612.274965,2026-05-11T22:40:12.274970,5.12801,0.64297,3.2971565897,27.8,235.8883520280787,45.976345099999925,0.07181739807128906
1778535612.275009,2026-05-11T22:40:12.275010,5.12801,0.64297,3.2971565897,27.8,235.9213235939757,45.98277479999992,0.07181739807128906
1778535612.2750251,2026-05-11T22:40:12.275025,5.12805,0.64237,3.2941054785,27.8,235.9542646487607,45.98919849999992,0.07181739807128906
1778535612.2750394,2026-05-11T22:40:12.275039,5.12805,0.64237,3.2941054785,27.8,235.9872057035457,45.99562219999992,0.07181739807128906
1778535612.3151274,2026-05-11T22:40:12.315130,5.12805,0.63028,3.2321073539999996,27.8,236.0195267770857,46.00192499999992,0.11198854446411133
1778535612.3151498,2026-05-11T22:40:12.315150,5.12805,0.62878,3.224415279,27.8,236.05177092987572,46.008212799999924,0.11198854446411133
1778535612.3151562,2026-05-11T22:40:12.315156,5.12805,0.64237,3.2941054785,27.8,236.08471198466071,46.014636499999924,0.11198854446411133
1778535612.315162,2026-05-11T22:40:12.315162,5.12805,0.64237,3.2941054785,27.8,236.1176530394457,46.02106019999992,0.11198854446411133
1778535612.355115,2026-05-11T22:40:12.355117,5.12805,0.64237,3.2941054785,27.8,236.1505940942307,46.02748389999992,0.1519782543182373
1778535612.3551323,2026-05-11T22:40:12.355132,5.12805,0.64237,3.2941054785,27.8,236.1835351490157,46.03390759999992,0.1519782543182373
1778535612.3551369,2026-05-11T22:40:12.355136,5.12805,0.6253,3.206569665,27.8,236.2156008456657,46.04016059999992,0.1519782543182373
1778535612.3551404,2026-05-11T22:40:12.355140,5.12805,0.64237,3.2941054785,27.8,236.2485419004507,46.04658429999992,0.1519782543182373
1778535612.394689,2026-05-11T22:40:12.394691,5.12801,0.6416,3.2901312159999994,27.8,236.2814432126107,46.05300029999992,0.19155383110046387
1778535612.3947036,2026-05-11T22:40:12.394703,5.12801,0.6416,3.2901312159999994,27.8,236.3143445247707,46.059416299999924,0.19155383110046387
1778535612.3947077,2026-05-11T22:40:12.394707,5.12801,0.6416,3.2901312159999994,27.8,236.34724583693068,46.065832299999926,0.19155383110046387
1778535612.3947115,2026-05-11T22:40:12.394711,5.12801,0.6416,3.2901312159999994,27.8,236.38014714909067,46.07224829999993,0.19155383110046387
1778535612.4348772,2026-05-11T22:40:12.434879,5.12801,0.62654,3.2129033853999998,27.8,236.41227618294468,46.078513699999924,0.23173999786376953
1778535612.4348936,2026-05-11T22:40:12.434893,5.12801,0.6416,3.2901312159999994,27.8,236.44517749510467,46.084929699999925,0.23173999786376953
1778535612.4348981,2026-05-11T22:40:12.434898,5.12801,0.6416,3.2901312159999994,27.8,236.47807880726467,46.09134569999993,0.23173999786376953
1778535612.434902,2026-05-11T22:40:12.434902,5.12801,0.6416,3.2901312159999994,27.8,236.51098011942466,46.09776169999993,0.23173999786376953
1778535612.4749167,2026-05-11T22:40:12.474918,5.12801,0.6416,3.2901312159999994,27.8,236.54388143158465,46.10417769999993,0.27178144454956055
1778535612.4749312,2026-05-11T22:40:12.474931,5.12801,0.6416,3.2901312159999994,27.8,236.57678274374464,46.11059369999993,0.27178144454956055
1778535612.4749358,2026-05-11T22:40:12.474936,5.12797,0.64147,3.2894389159000004,27.8,236.60967713290364,46.11700839999993,0.27178144454956055
1778535612.4749393,2026-05-11T22:40:12.474939,5.12797,0.64147,3.2894389159000004,27.8,236.64257152206264,46.12342309999993,0.27178144454956055
1778535612.5150664,2026-05-11T22:40:12.515069,5.12797,0.64147,3.2894389159000004,27.8,236.67546591122164,46.12983779999993,0.31192803382873535
1778535612.5150888,2026-05-11T22:40:12.515089,5.12797,0.64147,3.2894389159000004,27.8,236.70836030038063,46.136252499999934,0.31192803382873535
1778535612.5150964,2026-05-11T22:40:12.515096,5.12797,0.64147,3.2894389159000004,27.8,236.74125468953963,46.142667199999934,0.31192803382873535
1778535612.5151026,2026-05-11T22:40:12.515102,5.12797,0.64147,3.2894389159000004,27.8,236.77414907869863,46.149081899999935,0.31192803382873535
1778535612.5553908,2026-05-11T22:40:12.555396,5.12797,0.64147,3.2894389159000004,27.8,236.80704346785762,46.155496599999935,0.35224342346191406
1778535612.5554352,2026-05-11T22:40:12.555436,5.12797,0.64147,3.2894389159000004,27.8,236.83993785701662,46.161911299999936,0.35224342346191406
1778535612.5554512,2026-05-11T22:40:12.555451,5.12797,0.64147,3.2894389159000004,27.8,236.87283224617562,46.16832599999994,0.35224342346191406
1778535612.5554652,2026-05-11T22:40:12.555465,5.12797,0.64147,3.2894389159000004,27.8,236.90572663533462,46.17474069999994,0.35224342346191406
1778535612.595349,2026-05-11T22:40:12.595355,5.12793,0.63127,3.2371083711,27.8,236.93809771904563,46.18105339999994,0.3921990394592285
1778535612.5954008,2026-05-11T22:40:12.595401,5.12793,0.62405,3.2000847165,27.8,236.97009856621062,46.187293899999936,0.3921990394592285
1778535612.5954206,2026-05-11T22:40:12.595421,5.12793,0.64151,3.2896183743000003,27.8,237.00299474995361,46.193708999999934,0.3921990394592285
1778535612.5954366,2026-05-11T22:40:12.595437,5.12793,0.64151,3.2896183743000003,27.8,237.0358909336966,46.20012409999993,0.3921990394592285
1778535612.6353357,2026-05-11T22:40:12.635342,5.12793,0.64151,3.2896183743000003,27.8,237.0687871174396,46.20653919999993,0.43218469619750977
1778535612.6353846,2026-05-11T22:40:12.635385,5.12793,0.64151,3.2896183743000003,27.8,237.1016833011826,46.21295429999993,0.43218469619750977
1778535612.635403,2026-05-11T22:40:12.635403,5.12793,0.6243,3.201366699,27.8,237.1336969681726,46.21919729999993,0.43218469619750977
1778535612.6354182,2026-05-11T22:40:12.635418,5.12793,0.6233,3.196238769,27.8,237.16565935586257,46.22543029999993,0.43218469619750977
1778535612.6749487,2026-05-11T22:40:12.674955,5.12793,0.64151,3.2896183743000003,27.8,237.19855553960556,46.231845399999926,0.471799373626709
1778535612.6749976,2026-05-11T22:40:12.674998,5.12793,0.64151,3.2896183743000003,27.8,237.23145172334856,46.238260499999924,0.471799373626709
1778535612.6750152,2026-05-11T22:40:12.675015,5.12793,0.64129,3.2884902297000003,27.8,237.26433662564557,46.244673399999925,0.471799373626709
1778535612.6750307,2026-05-11T22:40:12.675031,5.12793,0.64129,3.2884902297000003,27.8,237.29722152794258,46.251086299999926,0.471799373626709
1778535612.714709,2026-05-11T22:40:12.714711,5.12793,0.64129,3.2884902297000003,27.8,237.3301064302396,46.25749919999993,0.5115737915039062
1778535612.7147243,2026-05-11T22:40:12.714724,5.12793,0.64129,3.2884902297000003,27.8,237.3629913325366,46.26391209999993,0.5115737915039062
1778535612.7147284,2026-05-11T22:40:12.714728,5.12793,0.64129,3.2884902297000003,27.8,237.39587623483362,46.27032499999993,0.5115737915039062
1778535612.714732,2026-05-11T22:40:12.714732,5.12793,0.64129,3.2884902297000003,27.8,237.42876113713064,46.27673789999993,0.5115737915039062
1778535612.7546697,2026-05-11T22:40:12.754672,5.12793,0.64129,3.2884902297000003,27.8,237.46164603942765,46.28315079999993,0.5515341758728027
1778535612.7546859,2026-05-11T22:40:12.754686,5.12793,0.6233,3.196238769,27.8,237.49360842711764,46.28938379999993,0.5515341758728027
1778535612.7546904,2026-05-11T22:40:12.754690,5.12793,0.64129,3.2884902297000003,27.8,237.52649332941465,46.29579669999993,0.5515341758728027
1778535612.7546937,2026-05-11T22:40:12.754693,5.12793,0.64129,3.2884902297000003,27.8,237.55937823171166,46.302209599999934,0.5515341758728027
1778535612.794685,2026-05-11T22:40:12.794687,5.12789,0.64102,3.2870800478,27.8,237.59224903218967,46.30861979999993,0.5915474891662598
1778535612.7947018,2026-05-11T22:40:12.794702,5.12789,0.64102,3.2870800478,27.8,237.62511983266768,46.31502999999993,0.5915474891662598
1778535612.794706,2026-05-11T22:40:12.794706,5.12789,0.64102,3.2870800478,27.8,237.6579906331457,46.32144019999993,0.5915474891662598
1778535612.7947097,2026-05-11T22:40:12.794709,5.12789,0.64102,3.2870800478,27.8,237.6908614336237,46.327850399999924,0.5915474891662598
1778535612.834685,2026-05-11T22:40:12.834687,5.12789,0.64102,3.2870800478,27.8,237.7237322341017,46.33426059999992,0.6315491199493408
1778535612.8347023,2026-05-11T22:40:12.834702,5.12789,0.64102,3.2870800478,27.8,237.7566030345797,46.34067079999992,0.6315491199493408
1778535612.8347065,2026-05-11T22:40:12.834706,5.12789,0.64102,3.2870800478,27.8,237.78947383505772,46.34708099999992,0.6315491199493408
1778535612.8347106,2026-05-11T22:40:12.834710,5.12789,0.64102,3.2870800478,27.8,237.82234463553573,46.353491199999915,0.6315491199493408
1778535612.874731,2026-05-11T22:40:12.874733,5.12789,0.64102,3.2870800478,27.8,237.85521543601374,46.35990139999991,0.6715943813323975
1778535612.874748,2026-05-11T22:40:12.874748,5.12789,0.64102,3.2870800478,27.8,237.88808623649174,46.36631159999991,0.6715943813323975
1778535612.8747523,2026-05-11T22:40:12.874752,5.12789,0.64156,3.2898491084,27.8,237.92098472757576,46.37272719999991,0.6715943813323975
1778535612.8747559,2026-05-11T22:40:12.874756,5.12789,0.64156,3.2898491084,27.8,237.95388321865977,46.379142799999904,0.6715943813323975
1778535612.914735,2026-05-11T22:40:12.914737,5.12789,0.64156,3.2898491084,27.8,237.98678170974378,46.3855583999999,0.7115981578826904
1778535612.9147518,2026-05-11T22:40:12.914752,5.12789,0.64156,3.2898491084,27.8,238.0196802008278,46.3919739999999,0.7115981578826904
1778535612.9147558,2026-05-11T22:40:12.914756,5.12789,0.64156,3.2898491084,27.8,238.0525786919118,46.398389599999895,0.7115981578826904
1778535612.9147596,2026-05-11T22:40:12.914759,5.12789,0.65344,3.3507684416,27.8,238.0860863763278,46.404923999999895,0.7115981578826904
1778535612.954749,2026-05-11T22:40:12.954751,5.12789,0.64156,3.2898491084,27.8,238.11898486741183,46.41133959999989,0.751612663269043
1778535612.9547675,2026-05-11T22:40:12.954767,5.12789,0.64156,3.2898491084,27.8,238.15188335849584,46.41775519999989,0.751612663269043
1778535612.9547715,2026-05-11T22:40:12.954771,5.12789,0.64156,3.2898491084,27.8,238.18478184957985,46.424170799999885,0.751612663269043
1778535612.954775,2026-05-11T22:40:12.954775,5.12789,0.64156,3.2898491084,27.8,238.21768034066386,46.43058639999988,0.751612663269043
1778535612.994745,2026-05-11T22:40:12.994747,5.12793,0.62679,3.2141352447,27.8,238.24982169311087,46.43685429999988,0.7916097640991211
1778535612.9947598,2026-05-11T22:40:12.994759,5.12793,0.64126,3.2883363918,27.8,238.28270505702886,46.44326689999988,0.7916097640991211
1778535612.9947639,2026-05-11T22:40:12.994764,5.12793,0.64126,3.2883363918,27.8,238.31558842094685,46.449679499999874,0.7916097640991211
1778535612.9947674,2026-05-11T22:40:12.994767,5.12793,0.64126,3.2883363918,27.8,238.34847178486484,46.45609209999987,0.7916097640991211
1778535613.034819,2026-05-11T22:40:13.034821,5.12793,0.64126,3.2883363918,27.8,238.38135514878283,46.46250469999987,0.8316819667816162
1778535613.0348365,2026-05-11T22:40:13.034836,5.12793,0.62405,3.2000847165,27.8,238.41335599594782,46.468745199999866,0.8316819667816162
1778535613.034841,2026-05-11T22:40:13.034841,5.12793,0.6233,3.196238769,27.8,238.4453183836378,46.47497819999987,0.8316819667816162
1778535613.0348446,2026-05-11T22:40:13.034844,5.12793,0.64126,3.2883363918,27.8,238.4782017475558,46.481390799999865,0.8316819667816162
1778535613.0751276,2026-05-11T22:40:13.075130,5.12793,0.64126,3.2883363918,27.8,238.5110851114738,46.48780339999986,0.8719885349273682
1778535613.0751505,2026-05-11T22:40:13.075151,5.12793,0.64126,3.2883363918,27.8,238.54396847539178,46.49421599999986,0.8719885349273682
1778535613.0751584,2026-05-11T22:40:13.075158,5.12801,0.64115,3.2878236115,27.8,238.5768467115068,46.50062749999986,0.8719885349273682
1778535613.0751646,2026-05-11T22:40:13.075165,5.12801,0.64115,3.2878236115,27.8,238.6097249476218,46.50703899999986,0.8719885349273682
1778535613.1147804,2026-05-11T22:40:13.114783,5.12801,0.62579,3.2090573779,27.8,238.6418155214008,46.51329689999986,0.9116411209106445
1778535613.1148021,2026-05-11T22:40:13.114802,5.12801,0.64115,3.2878236115,27.8,238.6746937575158,46.51970839999986,0.9116411209106445
1778535613.1148086,2026-05-11T22:40:13.114808,5.12801,0.64115,3.2878236115,27.8,238.7075719936308,46.526119899999856,0.9116411209106445
1778535613.1148148,2026-05-11T22:40:13.114814,5.12801,0.64115,3.2878236115,27.8,238.74045022974582,46.532531399999854,0.9116411209106445
1778535613.1548533,2026-05-11T22:40:13.154855,5.12801,0.64115,3.2878236115,27.8,238.77332846586083,46.53894289999985,0.9517180919647217
1778535613.1548681,2026-05-11T22:40:13.154868,5.12801,0.64115,3.2878236115,27.8,238.80620670197584,46.54535439999985,0.9517180919647217
1778535613.1548724,2026-05-11T22:40:13.154872,5.12801,0.64115,3.2878236115,27.8,238.83908493809085,46.55176589999985,0.9517180919647217
1778535613.154876,2026-05-11T22:40:13.154876,5.12801,0.65194,3.3431548393999995,27.8,238.87251648648484,46.55828529999985,0.9517180919647217
1778535613.1950355,2026-05-11T22:40:13.195038,5.12797,0.64107,3.2873877279000006,27.8,238.90539036376384,46.564695999999856,0.9918971061706543
1778535613.1950564,2026-05-11T22:40:13.195056,5.12797,0.64107,3.2873877279000006,27.8,238.93826424104284,46.57110669999986,0.9918971061706543
1778535613.1950629,2026-05-11T22:40:13.195063,5.12797,0.64107,3.2873877279000006,27.8,238.97113811832185,46.57751739999986,0.9918971061706543
1778535613.1950684,2026-05-11T22:40:13.195068,5.12797,0.64107,3.2873877279000006,27.8,239.00401199560085,46.583928099999866,0.9918971061706543
1778535613.2353075,2026-05-11T22:40:13.235313,5.12797,0.64107,3.2873877279000006,27.8,239.03688587287985,46.59033879999987,1.0321571826934814
1778535613.2353559,2026-05-11T22:40:13.235356,5.12797,0.64107,3.2873877279000006,27.8,239.06975975015885,46.59674949999987,1.0321571826934814
1778535613.235374,2026-05-11T22:40:13.235374,5.12797,0.64107,3.2873877279000006,27.8,239.10263362743785,46.60316019999988,1.0321571826934814
1778535613.2353897,2026-05-11T22:40:13.235390,5.12797,0.64107,3.2873877279000006,27.8,239.13550750471686,46.60957089999988,1.0321571826934814
1778535613.2746825,2026-05-11T22:40:13.274684,5.12797,0.64107,3.2873877279000006,27.8,239.16838138199586,46.615981599999884,0.031713008880615234
1778535613.2746978,2026-05-11T22:40:13.274698,5.12797,0.64107,3.2873877279000006,27.8,239.20125525927486,46.62239229999989,0.031713008880615234
1778535613.274702,2026-05-11T22:40:13.274702,5.12797,0.64104,3.2872338888000003,27.8,239.23412759816287,46.62880269999989,0.031713008880615234
1778535613.274706,2026-05-11T22:40:13.274706,5.12797,0.64104,3.2872338888000003,27.8,239.26699993705088,46.63521309999989,0.031713008880615234
1778535613.3151345,2026-05-11T22:40:13.315137,5.12797,0.64104,3.2872338888000003,27.8,239.2998722759389,46.64162349999989,0.07216358184814453
1778535613.3151538,2026-05-11T22:40:13.315154,5.12797,0.62903,3.2256469691,27.8,239.3321287456299,46.64791379999989,0.07216358184814453
1778535613.3151593,2026-05-11T22:40:13.315159,5.12797,0.64104,3.2872338888000003,27.8,239.3650010845179,46.65432419999989,0.07216358184814453
1778535613.3151636,2026-05-11T22:40:13.315163,5.12797,0.64104,3.2872338888000003,27.8,239.3978734234059,46.66073459999989,0.07216358184814453
1778535613.354997,2026-05-11T22:40:13.355001,5.12797,0.64104,3.2872338888000003,27.8,239.43074576229392,46.66714499999989,0.11201643943786621
1778535613.355036,2026-05-11T22:40:13.355036,5.12797,0.64104,3.2872338888000003,27.8,239.46361810118194,46.67355539999989,0.11201643943786621
1778535613.35505,2026-05-11T22:40:13.355050,5.12797,0.64104,3.2872338888000003,27.8,239.49649044006995,46.67996579999989,0.11201643943786621
1778535613.3550625,2026-05-11T22:40:13.355063,5.12797,0.62654,3.2128783238,27.8,239.52861922330794,46.68623119999989,0.11201643943786621
1778535613.3950822,2026-05-11T22:40:13.395084,5.12789,0.62878,3.2243146742,27.8,239.56086237004993,46.69251899999989,0.1521131992340088
1778535613.3950973,2026-05-11T22:40:13.395097,5.12789,0.64088,3.2863621432,27.8,239.59372599148193,46.69892779999989,0.1521131992340088
1778535613.395102,2026-05-11T22:40:13.395102,5.12789,0.64088,3.2863621432,27.8,239.62658961291393,46.705336599999896,0.1521131992340088
1778535613.395106,2026-05-11T22:40:13.395106,5.12789,0.64088,3.2863621432,27.8,239.65945323434593,46.7117453999999,0.1521131992340088
1778535613.4347038,2026-05-11T22:40:13.434706,5.12789,0.64088,3.2863621432,27.8,239.69231685577793,46.7181541999999,0.19173240661621094
1778535613.4347246,2026-05-11T22:40:13.434725,5.12789,0.6253,3.2064696169999998,27.8,239.72438155194794,46.7244071999999,0.19173240661621094
1778535613.434731,2026-05-11T22:40:13.434731,5.12789,0.64088,3.2863621432,27.8,239.75724517337994,46.730815999999905,0.19173240661621094
1778535613.4347367,2026-05-11T22:40:13.434736,5.12789,0.64088,3.2863621432,27.8,239.79010879481194,46.73722479999991,0.19173240661621094
1778535613.4746711,2026-05-11T22:40:13.474673,5.12789,0.64088,3.2863621432,27.8,239.82297241624394,46.74363359999991,0.23170113563537598
1778535613.4746869,2026-05-11T22:40:13.474687,5.12789,0.64088,3.2863621432,27.8,239.85583603767594,46.75004239999991,0.23170113563537598
1778535613.4746912,2026-05-11T22:40:13.474691,5.12793,0.62405,3.2000847165,27.8,239.88783688484094,46.75628289999991,0.23170113563537598
1778535613.474695,2026-05-11T22:40:13.474695,5.12793,0.6408,3.285977544,27.8,239.92069666028092,46.76269089999991,0.23170113563537598
1778535613.5145977,2026-05-11T22:40:13.514599,5.12793,0.6408,3.285977544,27.8,239.9535564357209,46.76909889999991,0.27162766456604004
1778535613.5146134,2026-05-11T22:40:13.514613,5.12793,0.65393,3.3533072649,27.8,239.9870895083699,46.77563819999991,0.27162766456604004
1778535613.5146184,2026-05-11T22:40:13.514618,5.12793,0.6408,3.285977544,27.8,240.0199492838099,46.78204619999991,0.27162766456604004
1778535613.5146224,2026-05-11T22:40:13.514622,5.12793,0.6408,3.285977544,27.8,240.05280905924988,46.78845419999991,0.27162766456604004
1778535613.5546527,2026-05-11T22:40:13.554655,5.12793,0.6408,3.285977544,27.8,240.08566883468987,46.79486219999991,0.31168150901794434
1778535613.5546696,2026-05-11T22:40:13.554669,5.12793,0.6408,3.285977544,27.8,240.11852861012986,46.80127019999991,0.31168150901794434
1778535613.5546763,2026-05-11T22:40:13.554676,5.12793,0.65194,3.3431026842,27.8,240.15195963697187,46.807789599999914,0.31168150901794434
1778535613.5546832,2026-05-11T22:40:13.554683,5.12793,0.6408,3.285977544,27.8,240.18481941241185,46.814197599999915,0.31168150901794434
1778535613.5949628,2026-05-11T22:40:13.594968,5.12797,0.64073,3.2856442181000003,27.8,240.21767585459284,46.820604899999914,0.35198116302490234
1778535613.595006,2026-05-11T22:40:13.595007,5.12797,0.63028,3.2320569316,27.8,240.24999642390884,46.826907699999914,0.35198116302490234
1778535613.595022,2026-05-11T22:40:13.595022,5.12797,0.64073,3.2856442181000003,27.8,240.28285286608983,46.833314999999914,0.35198116302490234
1778535613.5950358,2026-05-11T22:40:13.595036,5.12797,0.64073,3.2856442181000003,27.8,240.3157093082708,46.83972229999991,0.35198116302490234
1778535613.6350706,2026-05-11T22:40:13.635075,5.12797,0.64073,3.2856442181000003,27.8,240.3485657504518,46.84612959999991,0.3920886516571045
1778535613.6351144,2026-05-11T22:40:13.635115,5.12797,0.64073,3.2856442181000003,27.8,240.38142219263278,46.85253689999991,0.3920886516571045
1778535613.6351306,2026-05-11T22:40:13.635131,5.12797,0.62629,3.2115963313000004,27.8,240.4135381559458,46.858799799999915,0.3920886516571045
1778535613.6351442,2026-05-11T22:40:13.635144,5.12797,0.62629,3.2115963313000004,27.8,240.4456541192588,46.86506269999992,0.3920886516571045
1778535613.6750064,2026-05-11T22:40:13.675012,5.12797,0.64073,3.2856442181000003,27.8,240.47851056143978,46.87146999999992,0.4320244789123535
1778535613.675051,2026-05-11T22:40:13.675051,5.12797,0.64073,3.2856442181000003,27.8,240.51136700362076,46.877877299999916,0.4320244789123535
1778535613.675067,2026-05-11T22:40:13.675067,5.12801,0.64066,3.2853108866,27.8,240.54422011248676,46.884283899999915,0.4320244789123535
1778535613.6750805,2026-05-11T22:40:13.675081,5.12801,0.64066,3.2853108866,27.8,240.57707322135275,46.89069049999991,0.4320244789123535
1778535613.714737,2026-05-11T22:40:13.714739,5.12801,0.6253,3.2065446529999995,27.8,240.60913866788275,46.896943499999914,0.47176599502563477
1778535613.7147546,2026-05-11T22:40:13.714754,5.12801,0.6248,3.203980648,27.8,240.64117847436273,46.90319149999991,0.47176599502563477
1778535613.7147586,2026-05-11T22:40:13.714758,5.12801,0.64066,3.2853108866,27.8,240.67403158322873,46.90959809999991,0.47176599502563477
1778535613.7147624,2026-05-11T22:40:13.714762,5.12801,0.64066,3.2853108866,27.8,240.70688469209472,46.91600469999991,0.47176599502563477
1778535613.7546887,2026-05-11T22:40:13.754691,5.12801,0.64066,3.2853108866,27.8,240.7397378009607,46.92241129999991,0.5117180347442627
1778535613.7547061,2026-05-11T22:40:13.754706,5.11266,0.64066,3.2754767556,27.8,240.77249256851672,46.928817899999906,0.5117180347442627
1778535613.7547107,2026-05-11T22:40:13.754710,5.12801,0.71843,3.6841162243,27.8,240.80933373075973,46.936002199999905,0.5117180347442627
1778535613.7547147,2026-05-11T22:40:13.754714,5.12801,0.64066,3.2853108866,27.8,240.84218683962573,46.9424087999999,0.5117180347442627
