Scenario,AccX_Mean,AccX_RMS,AccX_Skew,AccX_Kurt,AccX_PeakFreq_Hz
Anomalia,0.0106,0.1099,-0.1399,-0.5454,2880.0
Anomalia,0.0231,0.0979,-0.0825,-0.4804,3360.0
Anomalia,0.0207,0.0952,-0.2196,-0.3488,3120.0
Anomalia,0.0228,0.0987,-0.252,-0.4462,3120.0
Anomalia,0.0264,0.1071,-0.1623,-0.5283,3120.0
Anomalia,0.0199,0.1133,0.0704,-0.7801,2640.0
Anomalia,0.0212,0.1088,0.1294,-0.8102,3360.0
Anomalia,0.0222,0.1222,0.1131,-0.5163,3360.0
Anomalia,0.0154,0.1387,0.0005,-0.4467,3360.0
Anomalia,0.0165,0.1403,-0.0795,-0.4636,3360.0
Anomalia,0.0203,0.1648,-0.1016,-0.6712,3360.0
Anomalia,0.0192,0.1634,-0.1344,-0.7578,3360.0
Anomalia,0.0268,0.142,-0.202,-0.1588,3360.0
Anomalia,0.0209,0.1464,-0.1218,-0.4636,3360.0
Anomalia,0.0097,0.1136,-0.0298,-0.7879,3360.0
Anomalia,0.0193,0.1215,0.2818,-0.3852,2880.0
Anomalia,0.0119,0.1183,0.4151,-0.1611,3360.0
Anomalia,0.0271,0.1014,0.4354,0.9121,2640.0
Anomalia,0.0314,0.1002,0.4096,1.1221,2880.0
Anomalia,0.0169,0.0657,-0.3611,-0.0406,2880.0
Anomalia,0.0203,0.063,-0.3506,0.3162,2640.0
Anomalia,0.0129,0.0855,0.2717,0.5854,2640.0
Anomalia,0.0147,0.1082,0.2801,0.36,2640.0
Anomalia,0.0174,0.1254,0.127,-0.5652,2880.0
Anomalia,0.0139,0.1332,0.1886,-0.9228,2880.0
Anomalia,0.0174,0.1303,0.1132,-0.8193,2880.0
Anomalia,0.0193,0.1376,0.0326,-0.7616,3360.0
Anomalia,0.0241,0.1368,-0.0324,-0.7162,3360.0
Anomalia,0.0283,0.1598,-0.1105,-0.9464,3360.0
Anomalia,0.0216,0.1595,-0.0327,-0.9831,3360.0
Anomalia,0.0092,0.1542,-0.0391,-0.9369,3360.0
Anomalia,0.0175,0.1531,-0.1051,-0.8823,2880.0
Anomalia,0.0176,0.1257,-0.2645,-0.5002,2880.0
Anomalia,0.0223,0.1197,-0.3624,-0.306,2880.0
Anomalia,0.034,0.0968,0.0398,-0.9199,2880.0
Anomalia,0.0172,0.0883,-0.1636,-1.0034,2880.0
Anomalia,0.0181,0.0881,-0.1076,-1.0036,2880.0
Anomalia,0.0071,0.1267,-0.7702,1.3645,2880.0
Anomalia,0.0134,0.1416,-0.3339,0.9844,2880.0
Anomalia,0.0199,0.1667,-0.3162,0.0273,2880.0
Anomalia,0.0189,0.1794,-0.209,-0.5235,2880.0
Anomalia,0.0315,0.1577,-0.0072,-0.5126,2880.0
Anomalia,0.0225,0.1475,-0.082,-0.6154,2640.0
Anomalia,0.0218,0.1211,-0.0283,-0.7876,2640.0
Anomalia,0.0199,0.1047,-0.1323,-0.9037,2880.0
Anomalia,0.0176,0.1065,-0.0241,-0.9181,2880.0
Anomalia,0.0221,0.1022,-0.0821,-0.7322,2880.0
Anomalia,0.0215,0.1005,0.0115,-0.9395,2880.0
Anomalia,0.0183,0.1107,0.0429,-0.777,3120.0
Anomalia,0.0233,0.1335,0.3428,-0.1985,2880.0
Anomalia,0.0142,0.1433,0.3645,-0.5924,2880.0
Anomalia,0.0206,0.1521,0.3435,-0.7769,2880.0
Anomalia,0.029,0.1517,0.2625,-0.8569,3120.0
Anomalia,0.0174,0.1317,0.1279,-1.0017,2640.0
Anomalia,0.0185,0.122,0.1801,-0.7869,3120.0
Anomalia,0.0183,0.1122,-0.0559,-1.0063,2640.0
Anomalia,0.0112,0.1049,-0.1934,-1.0709,3120.0
Anomalia,0.0281,0.103,-0.3003,-0.879,2640.0
Anomalia,0.0342,0.1334,-0.3258,-0.3452,2640.0
Anomalia,0.0214,0.1293,-0.1805,-0.2793,2640.0
Anomalia,0.0291,0.1242,-0.2542,0.1771,2640.0
Anomalia,0.0068,0.1269,0.0306,-0.1724,3360.0
Anomalia,0.0088,0.1011,-0.0044,-0.4956,3360.0
Anomalia,0.0244,0.1334,0.2903,-0.5621,3360.0
Anomalia,0.0201,0.1393,0.4268,-0.6579,3360.0
Anomalia,0.0307,0.1462,0.2954,-0.6604,3360.0
Anomalia,0.0271,0.1454,0.3113,-0.6374,3360.0
Anomalia,0.0195,0.1191,0.2086,-0.1825,3360.0
Anomalia,0.0205,0.1085,0.0111,0.2288,3360.0
Anomalia,0.0194,0.1109,0.282,-0.0819,2400.0
Anomalia,0.0244,0.1281,0.2572,0.0133,2640.0
Anomalia,0.0249,0.1698,0.2505,-0.2287,2640.0
Anomalia,0.0173,0.1751,0.2591,-0.4032,2880.0
Anomalia,0.0191,0.1659,0.2166,-0.0843,2880.0
Anomalia,0.0197,0.1509,0.2125,0.5318,3360.0
Anomalia,0.0125,0.1089,-0.1669,-0.283,3360.0
Anomalia,0.0231,0.1041,-0.0573,-0.7252,3360.0
Anomalia,0.016,0.1248,0.0322,0.2424,3360.0
Anomalia,0.0213,0.1496,0.3254,0.1601,2880.0
Anomalia,0.0187,0.1603,0.2255,-0.1577,2880.0
Anomalia,0.0128,0.1674,0.3157,-0.4468,2880.0
Anomalia,0.0237,0.1717,0.2096,-0.7598,2880.0
Anomalia,0.0172,0.1665,0.0749,-1.0018,2880.0
Anomalia,0.0248,0.1841,0.0497,-0.9988,2880.0
Anomalia,0.0311,0.1791,-0.0472,-0.8184,2880.0
Anomalia,0.0216,0.1553,0.02,-0.1075,3120.0
Anomalia,0.0192,0.1542,0.1238,-0.1356,3360.0
Anomalia,0.0238,0.139,0.1649,-0.3915,2880.0
Anomalia,0.0172,0.1527,0.1286,-0.8083,2880.0
Anomalia,0.0228,0.1772,0.0641,-1.1813,2880.0
Anomalia,0.0214,0.1987,-0.0493,-0.9436,2640.0
Anomalia,0.0141,0.2028,-0.0491,-0.8758,2880.0
Anomalia,0.0262,0.1984,-0.1585,-0.7061,2880.0
Anomalia,0.0216,0.1871,-0.1773,-0.4781,2640.0
Anomalia,0.0211,0.1454,-0.2028,-0.0467,2640.0
Anomalia,0.0236,0.1073,0.0072,-0.3082,2640.0
Anomalia,0.0083,0.0984,-0.078,-0.0927,3120.0
Anomalia,0.0177,0.1253,0.1471,0.4096,2880.0
Anomalia,0.0213,0.1352,0.0862,-0.1175,3120.0
Anomalia,0.0272,0.143,0.031,-0.4365,2880.0
Anomalia,0.027,0.1449,0.0027,-0.5003,3360.0
Anomalia,0.018,0.1335,-0.0545,-0.4802,3360.0
Anomalia,0.0091,0.1243,-0.0112,-0.1646,3360.0
Anomalia,0.0172,0.1253,-0.0593,-0.0033,3360.0
Anomalia,0.0185,0.126,0.0296,0.0318,2640.0
Anomalia,0.0278,0.1058,0.1007,-0.0382,3120.0
Anomalia,0.0301,0.1422,-0.2048,0.2645,2640.0
Anomalia,0.013,0.1551,-0.082,-0.4066,2640.0
Anomalia,0.0244,0.1598,-0.223,-0.4639,2640.0
Anomalia,0.0064,0.1703,-0.1036,-0.7809,3360.0
Anomalia,0.0197,0.1518,-0.1351,-0.6063,3360.0
Anomalia,0.0208,0.1335,-0.0968,-0.1964,3360.0
Anomalia,0.0174,0.1264,-0.0258,-0.0021,3360.0
Anomalia,0.036,0.1383,0.4091,-0.4122,3360.0
Anomalia,0.0232,0.1484,0.1579,-0.6821,2880.0
Anomalia,0.0155,0.1494,0.2343,-0.7199,3120.0
Anomalia,0.0184,0.155,0.209,-0.9017,2880.0
Anomalia,0.0151,0.1235,-0.0093,-0.3989,2880.0
Anomalia,0.0199,0.1162,0.4898,0.3674,3120.0
Anomalia,0.0335,0.1419,0.552,0.52,3120.0
Anomalia,0.0177,0.1289,0.8587,1.7378,3120.0
Anomalia,0.0152,0.1749,0.538,0.1617,3360.0
Anomalia,0.0169,0.1787,0.3551,-0.0247,2880.0
Anomalia,0.0136,0.1567,0.2655,0.6262,3120.0
Anomalia,0.0305,0.1716,0.0709,-0.1184,2880.0
Anomalia,0.0197,0.1439,-0.204,-0.2133,2880.0
Anomalia,0.016,0.1565,-0.1846,-0.2546,2880.0
Anomalia,0.0178,0.1735,-0.1896,-0.8517,2880.0
Anomalia,0.0148,0.176,-0.177,-0.9817,2880.0
Anomalia,0.024,0.1643,-0.1383,-0.7247,2880.0
Anomalia,0.0316,0.1339,-0.0651,-0.7222,3360.0
Anomalia,0.029,0.1118,0.1832,-0.4131,3360.0
Anomalia,0.0277,0.0835,0.2878,-0.6713,3360.0
Anomalia,0.0216,0.0849,0.0925,-0.5938,3360.0
Anomalia,0.0176,0.0871,0.1823,-0.6828,2880.0
Anomalia,0.0191,0.0877,0.115,-0.6244,2880.0
Anomalia,0.01,0.1136,-0.3418,0.3444,2880.0
Anomalia,0.0255,0.13,-0.2693,0.1886,2880.0
Anomalia,0.026,0.1297,-0.3254,0.1905,3120.0
Anomalia,0.0242,0.1511,-0.298,-0.4475,2640.0
Anomalia,0.0326,0.1802,-0.093,-0.5329,2640.0
Anomalia,0.0131,0.1876,-0.0135,-0.7763,2880.0
Anomalia,0.0139,0.1948,-0.0039,-0.9896,2880.0
Anomalia,0.0212,0.183,-0.0698,-0.7045,2880.0
Anomalia,0.0198,0.1532,-0.228,-0.9572,2880.0
Anomalia,0.0267,0.1438,-0.1627,-0.976,2880.0
Anomalia,0.0199,0.1544,0.057,-0.8078,2880.0
Anomalia,0.0157,0.1593,0.1557,-0.9497,2880.0
Anomalia,0.0212,0.1555,0.1501,-0.8056,2880.0
Anomalia,0.0248,0.1514,0.161,-0.8156,2880.0
Anomalia,0.0221,0.1282,0.1145,-0.7987,2880.0
Anomalia,0.0268,0.1323,0.0955,-0.8186,2880.0
Anomalia,0.0139,0.1772,-0.1155,0.8146,2880.0
Anomalia,0.0182,0.2133,0.0184,0.43,2880.0
Anomalia,0.0226,0.2202,-0.0183,0.121,2880.0
Anomalia,0.0254,0.2189,-0.0652,0.1944,2880.0
Anomalia,0.0282,0.1942,0.1072,0.2334,3120.0
Anomalia,0.0228,0.1756,-0.0046,-0.9032,2880.0
Anomalia,0.0193,0.1691,-0.0523,-0.7067,2880.0
Anomalia,0.0208,0.1748,0.0032,-0.7979,3120.0
Anomalia,0.0174,0.1644,-0.0372,-0.7544,3120.0
Anomalia,0.0217,0.1356,-0.0084,-0.5952,3120.0
Anomalia,0.0246,0.1279,0.1349,-0.3778,3120.0
Anomalia,0.0172,0.1055,-0.1335,-0.1226,3120.0
Anomalia,0.0298,0.0909,-0.1896,-0.4024,3360.0
Anomalia,0.0198,0.0868,-0.3143,-0.6146,3120.0
Anomalia,0.0259,0.093,-0.4182,-0.798,2640.0
Anomalia,0.0183,0.1088,-0.2175,-0.4137,2880.0
Anomalia,0.0166,0.1066,-0.14,-0.2995,2880.0
Anomalia,0.0246,0.112,-0.0512,0.0353,3120.0
Anomalia,0.0255,0.1308,0.1204,-0.4766,2640.0
Anomalia,0.0271,0.1402,-0.1523,-0.3734,2640.0
Anomalia,0.0259,0.1399,-0.117,-0.342,2880.0
Anomalia,0.0188,0.1366,-0.1112,-0.4067,2880.0
Anomalia,0.0102,0.13,-0.27,-0.5007,3360.0
Anomalia,0.0174,0.1103,-0.3443,-0.5449,3360.0
Anomalia,0.015,0.1255,-0.2849,-0.8028,3360.0
Anomalia,0.0198,0.1208,-0.3973,-0.5793,3360.0
Anomalia,0.0311,0.1138,-0.4124,-0.1188,3360.0
Anomalia,0.0258,0.1273,0.014,-0.1237,2880.0
Anomalia,0.0273,0.1299,0.4092,0.7497,3360.0
Anomalia,0.0247,0.1303,0.4711,0.6607,3120.0
Anomalia,0.0134,0.123,0.6759,1.4143,3120.0
Anomalia,0.0143,0.1264,0.3499,0.946,3360.0
Anomalia,0.0208,0.1336,0.3752,0.1397,3120.0
Anomalia,0.0297,0.1514,0.1186,-0.5083,2880.0
Anomalia,0.0277,0.1577,0.0315,-0.7108,2880.0
Anomalia,0.0262,0.1654,0.2195,-0.6359,2640.0
Anomalia,0.0197,0.1646,0.0934,-0.7233,2640.0
Anomalia,0.0141,0.1533,0.1611,-0.3135,2880.0
Anomalia,0.0201,0.1661,0.0163,-0.6691,2880.0
Anomalia,0.0322,0.1793,-0.0452,-0.749,2880.0
Anomalia,0.0174,0.1647,0.1242,-0.408,3360.0
Anomalia,0.0206,0.185,0.1142,-0.8271,2880.0
Anomalia,0.0207,0.1694,0.2538,-0.3513,2880.0
Anomalia,0.0156,0.1287,0.1225,0.3806,2880.0
Anomalia,0.0313,0.1407,-0.0334,-0.0683,2880.0
Anomalia,0.0291,0.1071,-0.036,-0.0273,2880.0
Anomalia,0.0256,0.1253,-0.2423,-0.4236,2880.0
Anomalia,0.0235,0.131,-0.3173,-0.4147,2880.0
Anomalia,0.0166,0.1766,-0.6155,1.1181,2880.0
Anomalia,0.016,0.1892,-0.4936,0.3726,2880.0
Anomalia,0.0239,0.1822,-0.5953,0.9415,2880.0
Anomalia,0.0251,0.1805,-0.5693,1.0205,3360.0
Anomalia,0.033,0.1228,-0.0788,-0.2465,3360.0
Anomalia,0.028,0.1229,-0.1512,-0.55,2880.0
Anomalia,0.019,0.1215,-0.2106,-0.5684,2880.0
Anomalia,0.0163,0.1122,-0.3064,-0.0427,2880.0
Anomalia,0.0117,0.1074,-0.3015,0.309,2880.0
Anomalia,0.0306,0.0909,-0.3608,0.2331,2880.0
Anomalia,0.0285,0.0958,-0.0002,-0.3513,2880.0
Anomalia,0.0246,0.1122,-0.1363,-0.4733,2880.0
Anomalia,0.0304,0.1472,-0.2158,-0.3907,2880.0
Anomalia,0.0092,0.156,0.013,-0.6842,2880.0
Anomalia,0.0163,0.1493,-0.1205,-0.3537,2880.0
Anomalia,0.019,0.1521,-0.2417,-0.3407,2640.0
Anomalia,0.015,0.129,-0.3261,-0.3857,2640.0
Anomalia,0.0214,0.114,-0.4083,-0.1246,2880.0
Anomalia,0.0213,0.1265,-0.3245,-0.7029,3120.0
Anomalia,0.0163,0.1095,-0.0229,-0.846,3120.0
Anomalia,0.0323,0.125,0.2431,-0.6399,3120.0
Anomalia,0.0211,0.1559,-0.3244,0.0528,2640.0
Anomalia,0.0189,0.1452,-0.3435,0.7755,2880.0
Anomalia,0.0262,0.1601,-0.3289,0.0296,2880.0
Anomalia,0.0052,0.156,-0.4169,-0.0466,3360.0
Anomalia,0.0251,0.1243,-0.3112,0.05,2880.0
Anomalia,0.0258,0.1395,-0.2756,-0.5208,2880.0
Anomalia,0.0244,0.1338,-0.2179,-0.4419,3360.0
Anomalia,0.024,0.1377,-0.1069,-0.5879,3360.0
Anomalia,0.0203,0.14,-0.0022,-0.7091,3360.0
Anomalia,0.0167,0.1315,0.0507,-0.5609,3360.0
Anomalia,0.0233,0.1249,-0.2291,-0.3409,3360.0
Anomalia,0.0226,0.1146,0.0624,-0.4602,3600.0
Anomalia,0.0232,0.1442,0.0541,0.105,2640.0
Anomalia,0.0304,0.1726,-0.1109,-0.2237,2640.0
Anomalia,0.0175,0.173,0.0764,-0.3414,3360.0
Anomalia,0.0318,0.1796,-0.0386,-0.501,3360.0
Anomalia,0.0182,0.1573,0.0674,-0.259,2880.0
Anomalia,0.0171,0.129,0.2402,-0.6816,2880.0
Anomalia,0.0208,0.137,0.1175,-0.8666,2880.0
Anomalia,0.0089,0.143,-0.0076,-0.6465,2880.0
Anomalia,0.0237,0.1622,-0.014,-0.8947,2880.0
Anomalia,0.0187,0.1778,-0.07,-1.076,2880.0
Anomalia,0.0234,0.1737,-0.1132,-0.9488,2880.0
Anomalia,0.0308,0.153,-0.1946,-0.5776,3360.0
Anomalia,0.0229,0.1253,-0.3358,0.0486,3360.0
Anomalia,0.0204,0.0915,0.0599,-0.7206,3360.0
Anomalia,0.0211,0.0893,-0.1918,-0.7392,3360.0
Anomalia,0.0105,0.0946,0.2846,-0.4214,3360.0
Anomalia,0.0202,0.1014,0.2623,-0.5392,3360.0
Anomalia,0.0349,0.1056,0.1627,-0.509,3360.0
Anomalia,0.0258,0.1289,-0.0946,-0.2479,2880.0
Anomalia,0.0329,0.1449,-0.2027,-0.5154,2880.0
Anomalia,0.016,0.179,-0.2346,-0.8055,2880.0
Anomalia,0.0089,0.1869,-0.1497,-1.0555,2880.0
Anomalia,0.0146,0.1719,-0.2283,-0.6974,2880.0
Anomalia,0.0171,0.1555,-0.4147,-0.1238,3120.0
Anomalia,0.0293,0.1087,-0.3267,-0.0356,3120.0
Anomalia,0.0244,0.085,-0.0708,-0.4257,3120.0
Anomalia,0.019,0.1053,0.0813,0.5821,2880.0
Anomalia,0.0186,0.1579,0.2064,0.3219,2880.0
Anomalia,0.0165,0.1669,0.3005,-0.0029,3120.0
Anomalia,0.0204,0.1914,0.1765,-0.6791,3360.0
Anomalia,0.0294,0.1869,0.0983,-0.5631,3360.0
Anomalia,0.021,0.1586,0.1025,-0.5317,3360.0
Anomalia,0.0171,0.1649,-0.0198,-0.7908,3360.0
Anomalia,0.0169,0.1373,-0.0911,-0.6286,3120.0
Anomalia,0.0114,0.1374,-0.1706,-0.5453,3120.0
Anomalia,0.0226,0.1375,-0.0031,-0.2023,2880.0
Anomalia,0.0232,0.1442,0.1028,0.1547,2640.0
Anomalia,0.0209,0.1598,0.0488,-0.5402,2640.0
Anomalia,0.0241,0.1619,-0.0915,-0.4142,3360.0
Anomalia,0.0135,0.198,-0.1957,-0.3314,3360.0
Anomalia,0.0149,0.1881,-0.2871,-0.168,3360.0
Anomalia,0.0209,0.1838,-0.3342,0.1271,3360.0
Anomalia,0.0244,0.1767,-0.304,0.3731,3360.0
Anomalia,0.0282,0.1148,0.024,-0.3525,3360.0
Anomalia,0.0343,0.1046,0.2227,-0.1596,3360.0
Anomalia,0.0145,0.0949,0.2359,-0.6081,3360.0
Anomalia,0.0188,0.0902,0.1631,-0.3772,3360.0
Anomalia,0.0155,0.0945,0.0236,-0.6769,2880.0
Anomalia,0.021,0.0997,-0.049,-0.6929,3120.0
Anomalia,0.0289,0.1001,-0.279,-0.4193,3120.0
Anomalia,0.0175,0.1146,-0.1991,-0.6986,3120.0
Anomalia,0.0248,0.1159,-0.2528,-0.6522,3120.0
Anomalia,0.0145,0.1154,-0.0617,-0.7666,2640.0
Anomalia,0.0211,0.1099,-0.1068,-0.5901,2640.0
Anomalia,0.0275,0.1192,0.1937,-0.5099,2640.0
Anomalia,0.0131,0.1556,-0.0559,-0.235,2640.0
Anomalia,0.0148,0.169,-0.0739,-0.5332,2880.0
Anomalia,0.022,0.1959,-0.0397,-1.0641,2880.0
Anomalia,0.0171,0.1842,-0.0207,-0.7584,2880.0
Anomalia,0.0307,0.1538,0.0579,-0.3543,2880.0
Anomalia,0.0292,0.1336,0.2576,0.2367,3360.0
Anomalia,0.018,0.0939,0.347,-0.1574,3360.0
Anomalia,0.0219,0.1062,-0.087,0.5303,3360.0
Anomalia,0.0168,0.1333,-0.0586,-0.0659,3360.0
Anomalia,0.0212,0.1424,-0.1009,-0.4688,3360.0
Anomalia,0.0279,0.1515,-0.1834,-0.6022,3360.0
Anomalia,0.0172,0.1397,0.0516,-0.5314,3360.0
Anomalia,0.0269,0.1177,-0.0973,-0.3726,3360.0
Anomalia,0.0239,0.1385,-0.0733,-0.1195,3360.0
Anomalia,0.0209,0.1555,-0.1129,-0.2527,2640.0
Anomalia,0.0251,0.1709,-0.1444,-0.6597,2640.0
Anomalia,0.0134,0.178,0.016,-0.9592,2880.0
Anomalia,0.0198,0.1707,-0.023,-1.0142,2880.0
Anomalia,0.017,0.142,0.1368,-0.7496,2880.0
Anomalia,0.0204,0.1282,0.1073,-0.6514,3120.0
Anomalia,0.0311,0.1493,0.1827,-0.452,2880.0
Anomalia,0.0152,0.1373,0.3179,-0.016,2880.0
Anomalia,0.0173,0.148,0.2204,-0.5633,2880.0
Anomalia,0.0261,0.1564,0.1188,-0.8328,2640.0
Anomalia,0.0153,0.1434,0.0221,-1.0803,2640.0
Anomalia,0.0159,0.1744,-0.1246,-0.5504,2880.0
Anomalia,0.0262,0.2027,-0.0517,-0.8664,2880.0
Anomalia,0.0212,0.2224,-0.0717,-0.9849,2880.0
Anomalia,0.0306,0.2238,-0.1254,-0.9694,2880.0
Anomalia,0.0307,0.2017,-0.055,-0.7922,2880.0
Anomalia,0.0178,0.1733,-0.1162,-0.413,2880.0
Anomalia,0.0171,0.137,-0.0153,-0.811,3120.0
Anomalia,0.0084,0.1218,-0.0863,-0.7638,3360.0
Anomalia,0.0162,0.1172,-0.1862,-0.6396,2880.0
Anomalia,0.0275,0.1126,-0.136,-0.6773,2880.0
Anomalia,0.0207,0.12,-0.0958,-0.8667,2880.0
Anomalia,0.024,0.1129,-0.1699,-0.7754,2880.0
Anomalia,0.0185,0.1046,0.0669,-0.7919,2880.0
Anomalia,0.0115,0.0977,0.066,-0.5568,2880.0
Anomalia,0.0223,0.0948,0.2982,-0.5335,3360.0
Anomalia,0.0136,0.1448,0.0234,1.2619,2880.0
Anomalia,0.0266,0.1669,0.0309,0.2069,2880.0
Anomalia,0.0215,0.1647,0.1121,0.3255,2880.0
Anomalia,0.0174,0.1626,0.1732,0.4576,2880.0
Anomalia,0.0261,0.15,0.1577,-0.3298,3360.0
Anomalia,0.0137,0.1437,-0.0058,-0.4603,2640.0
Anomalia,0.0206,0.1499,-0.0998,-0.7179,2640.0
Anomalia,0.0233,0.1504,-0.1736,-0.7154,2880.0
Anomalia,0.0228,0.1378,-0.2067,-0.7158,2880.0
Anomalia,0.0273,0.1442,-0.144,-0.8051,2880.0
Anomalia,0.0192,0.1441,-0.0477,-0.9,2880.0
Anomalia,0.0122,0.1462,0.0639,-0.9412,3360.0
Anomalia,0.0199,0.1419,0.2872,-0.3739,3360.0
Anomalia,0.0157,0.1456,0.2578,-0.2217,2880.0
Anomalia,0.0327,0.1755,0.276,-0.6166,2880.0
Anomalia,0.0275,0.1879,0.1687,-0.8348,2880.0
Anomalia,0.0163,0.1804,0.2132,-0.7986,2880.0
Anomalia,0.0173,0.1684,0.3008,-0.6507,3120.0
Anomalia,0.0086,0.1514,0.0057,-0.8569,3120.0
Anomalia,0.0164,0.146,0.0317,-0.9955,2640.0
Anomalia,0.0278,0.1452,-0.085,-0.8676,2880.0
Anomalia,0.0224,0.1406,-0.112,-0.7588,2880.0
Anomalia,0.021,0.1365,-0.0079,-1.0004,2640.0
Anomalia,0.0206,0.133,0.0551,-0.951,2640.0
Anomalia,0.0114,0.1499,0.0707,-1.0878,2640.0
Anomalia,0.0276,0.1568,-0.0752,-1.0842,2880.0
Anomalia,0.0259,0.1672,-0.1697,-1.0443,2880.0
Anomalia,0.0175,0.1538,-0.1071,-0.7627,3120.0
Anomalia,0.0292,0.1537,-0.1167,-0.819,2880.0
Anomalia,0.0121,0.1457,0.106,-0.8132,3360.0
Anomalia,0.0151,0.1241,0.2915,-0.7051,3360.0
Anomalia,0.0269,0.1374,0.1882,-1.0008,3120.0
Anomalia,0.0093,0.1104,0.4656,-0.2632,2880.0
Anomalia,0.0219,0.1023,0.3809,0.0977,2880.0
Anomalia,0.0201,0.1208,0.2305,-0.0058,2880.0
Anomalia,0.0172,0.1273,0.0922,0.0313,2880.0
Anomalia,0.026,0.1535,-0.0491,-0.7384,2880.0
Anomalia,0.0209,0.1627,-0.0059,-1.08,2880.0
Anomalia,0.024,0.1597,-0.0582,-1.0984,2640.0
Anomalia,0.0206,0.1453,-0.0237,-0.9734,2640.0
Anomalia,0.0198,0.1303,-0.1065,-1.0377,2880.0
Anomalia,0.0214,0.1178,-0.1148,-0.7126,2880.0
Anomalia,0.0174,0.1014,-0.123,-0.9269,3120.0
Anomalia,0.0224,0.1174,0.0493,-0.7434,3120.0
Anomalia,0.0213,0.1101,0.1858,-0.4889,2880.0
Anomalia,0.0226,0.1213,0.1496,-0.8841,2880.0
Anomalia,0.0186,0.1324,-0.0063,-0.8497,2880.0
Anomalia,0.0222,0.1313,-0.1193,-0.8004,2880.0
Anomalia,0.0167,0.1364,-0.1458,-0.9289,2880.0
Anomalia,0.0201,0.1396,-0.167,-0.9582,2880.0
Anomalia,0.0175,0.1713,-0.3985,-0.0818,2640.0
Anomalia,0.0079,0.1728,-0.2205,-0.1572,2640.0
Anomalia,0.0263,0.181,-0.2727,-0.2583,2880.0
Anomalia,0.0115,0.2031,-0.2374,-0.6919,3120.0
Anomalia,0.0239,0.1696,-0.2106,-0.4026,3120.0
Anomalia,0.032,0.1618,-0.4219,-0.0491,3120.0
Anomalia,0.0107,0.1462,-0.4148,0.2788,3120.0
Anomalia,0.0173,0.1028,0.0334,-0.495,2880.0
Anomalia,0.0086,0.1488,-0.0328,-0.0523,2880.0
Anomalia,0.0114,0.15,-0.0446,-0.0923,2880.0
Anomalia,0.0244,0.1498,-0.2312,0.0404,2880.0
Anomalia,0.0253,0.1473,-0.2559,0.1904,2880.0
Anomalia,0.0215,0.0982,0.023,-0.7286,2880.0
Anomalia,0.0198,0.1253,0.1319,0.0338,3360.0
Anomalia,0.0112,0.1289,0.1877,-0.1674,3120.0
Anomalia,0.018,0.1326,0.0453,-0.3848,3120.0
Anomalia,0.0251,0.1289,-0.0421,-0.0356,2880.0
Anomalia,0.0102,0.0994,-0.2432,-0.529,2880.0
Anomalia,0.0269,0.1079,-0.1111,-0.3648,2640.0
Anomalia,0.0109,0.116,0.2086,-0.5413,2640.0
Anomalia,0.0158,0.1475,0.2409,-0.7707,3360.0
Anomalia,0.0244,0.1611,0.0766,-1.0037,2880.0
Anomalia,0.0097,0.1514,0.2636,-0.7028,2880.0
Anomalia,0.0283,0.1446,-0.0258,-0.4101,2880.0
Anomalia,0.015,0.1299,-0.183,-0.5336,3360.0
Anomalia,0.0156,0.1058,-0.2675,-0.3015,2640.0
Anomalia,0.0199,0.1241,-0.2506,-0.5822,2880.0
Anomalia,0.0052,0.1266,-0.1982,-0.5226,2880.0
Anomalia,0.0135,0.1196,-0.2906,-0.3664,3360.0
Anomalia,0.0267,0.1331,-0.2484,-0.4957,3360.0
Anomalia,0.0194,0.1337,-0.2863,-0.4825,2880.0
Anomalia,0.0229,0.1317,-0.1878,-0.6495,3360.0
Anomalia,0.0263,0.1241,-0.0838,-0.2885,2880.0
Anomalia,0.0018,0.1185,-0.1275,-0.5474,2880.0
Anomalia,0.0163,0.1396,0.2793,-0.2434,2640.0
Anomalia,0.0222,0.1431,0.2102,-0.4344,2880.0
Anomalia,0.0174,0.1632,0.2432,-0.8211,2880.0
Anomalia,0.0239,0.1665,0.25,-0.8939,2880.0
Anomalia,0.0146,0.1377,0.2602,-0.5485,2880.0
Anomalia,0.0111,0.1431,0.274,-0.6907,2640.0
Anomalia,0.0177,0.1217,0.1661,-0.7008,3120.0
Anomalia,0.0235,0.1142,-0.0091,-0.9014,3120.0
Anomalia,0.0199,0.1116,0.1535,-0.8722,3120.0
Anomalia,0.0213,0.0965,0.2618,-0.9296,3360.0
Anomalia,0.0124,0.1138,0.0706,-0.6332,2880.0
Anomalia,0.0151,0.1289,0.2226,-0.4512,2880.0
Anomalia,0.0146,0.1403,0.0221,-0.7126,3360.0
Anomalia,0.0163,0.1447,0.0313,-0.8833,3360.0
Anomalia,0.0239,0.1405,-0.0711,-0.799,3360.0
Anomalia,0.0124,0.1466,-0.2633,-0.7383,3360.0
Anomalia,0.0218,0.138,-0.359,-0.3867,3360.0
Anomalia,0.0167,0.1404,-0.3771,-0.5176,3360.0
Anomalia,0.0125,0.1395,-0.3097,-0.6436,2880.0
Anomalia,0.0152,0.1212,-0.1668,-1.0785,2640.0
Anomalia,0.0112,0.1203,-0.0684,-1.1454,2640.0
Anomalia,0.0173,0.1129,-0.056,-1.0486,2640.0
Anomalia,0.0168,0.1242,-0.0862,-0.2871,2880.0
Anomalia,0.0216,0.1265,-0.1026,-0.237,3360.0
Anomalia,0.015,0.1313,0.0262,-0.3644,2640.0
Anomalia,0.0166,0.1257,-0.0134,0.038,3120.0
Anomalia,0.0163,0.1047,0.0323,-0.1528,3360.0
Anomalia,0.0178,0.0864,-0.1551,0.6647,2880.0
Anomalia,0.0162,0.0987,-0.786,1.2358,3360.0
Anomalia,0.0138,0.1291,-0.3883,-0.028,3120.0
Anomalia,0.0208,0.1347,-0.3609,-0.2358,2880.0
Anomalia,0.0129,0.1403,-0.2084,-0.6488,2880.0
Anomalia,0.0252,0.1222,-0.2442,-0.089,2880.0
Anomalia,0.0192,0.1023,0.0873,-0.277,2880.0
Anomalia,0.0081,0.1009,-0.2727,0.3726,2880.0
Anomalia,0.0194,0.0968,-0.5212,0.9573,3120.0
Anomalia,0.0135,0.1009,-0.3401,0.256,3120.0
Anomalia,0.0221,0.1177,-0.1166,0.267,3120.0
Anomalia,0.0258,0.138,0.272,0.9348,2640.0
Anomalia,0.0098,0.146,0.3443,0.3511,2640.0
Anomalia,0.0201,0.1588,0.2133,-0.3396,2880.0
Anomalia,0.01,0.1421,0.3257,0.2845,2880.0
Anomalia,0.0216,0.1278,0.039,-0.9974,2880.0
Anomalia,0.0311,0.1246,0.091,-1.0422,3360.0
Anomalia,0.0193,0.1074,0.2159,-0.8212,3120.0
Anomalia,0.0254,0.1127,0.0874,-0.9653,2880.0
Anomalia,0.0114,0.1081,0.0351,-0.9623,3360.0
Anomalia,0.0141,0.1031,0.0032,-0.9073,3360.0
Anomalia,0.0179,0.1058,-0.0018,-0.9309,3360.0
Anomalia,0.0226,0.1236,0.0532,-0.6441,3360.0
Anomalia,0.0169,0.1167,0.1747,-0.4997,3360.0
Anomalia,0.0227,0.1193,0.0698,-0.5718,3360.0
Anomalia,0.0183,0.1358,-0.0169,-0.746,2880.0
Anomalia,0.0139,0.1243,-0.0764,-0.8229,2880.0
Anomalia,0.0246,0.1458,-0.0674,-0.9385,2880.0
Anomalia,0.0127,0.1454,0.0713,-0.8768,2640.0
Anomalia,0.0182,0.1275,0.0582,-0.4985,2640.0
Anomalia,0.0137,0.1238,0.1357,-0.3304,2880.0
Anomalia,0.0125,0.1074,-0.1573,-0.683,2880.0
Anomalia,0.0146,0.105,-0.0193,-0.9315,3120.0
Anomalia,0.0144,0.1107,-0.0426,-1.0641,3120.0
Anomalia,0.0225,0.1121,-0.087,-1.1178,3120.0
Anomalia,0.0217,0.1345,-0.0954,-0.4376,2640.0
Anomalia,0.0193,0.147,-0.149,-0.8008,2880.0
Anomalia,0.0162,0.1632,-0.1356,-1.0259,2880.0
Anomalia,0.0097,0.1943,-0.102,-1.0589,2880.0
Anomalia,0.0162,0.2214,-0.0035,-0.9343,2640.0
Anomalia,0.0268,0.2383,-0.0373,-1.1453,2880.0
Anomalia,0.0197,0.2324,0.0222,-1.0147,2880.0
Anomalia,0.0252,0.2087,0.057,-0.6625,2880.0
Anomalia,0.0171,0.1577,0.0541,-0.2922,2880.0
Anomalia,0.0045,0.1174,-0.297,-0.415,3360.0
Anomalia,0.0233,0.1062,-0.1678,-0.8752,3360.0
Anomalia,0.0097,0.0971,-0.1476,-0.9225,3360.0
Anomalia,0.0181,0.0887,-0.3531,-0.6202,2880.0
Anomalia,0.0183,0.0768,-0.1224,-0.3086,480.0
Anomalia,0.0052,0.0781,-0.1831,-0.4774,2880.0
Anomalia,0.0229,0.0858,-0.0517,-0.1928,2880.0
Anomalia,0.0135,0.0982,-0.0952,-0.1029,2880.0
Anomalia,0.0202,0.1453,-0.2466,0.0959,2880.0
Anomalia,0.0222,0.1659,-0.2015,-0.5776,2880.0
Anomalia,0.0128,0.1835,0.019,-0.8933,2880.0
Anomalia,0.0184,0.1878,-0.0182,-0.9815,2880.0
Anomalia,0.0207,0.1668,0.1195,-0.9135,2640.0
Anomalia,0.0116,0.1522,0.1985,-0.605,2640.0
Anomalia,0.0199,0.1265,0.0109,-0.5035,2640.0
Anomalia,0.0188,0.1289,-0.0351,-0.8291,2880.0
Anomalia,0.0188,0.1413,-0.0635,-0.6071,3360.0
Anomalia,0.0319,0.1435,-0.0303,-0.5167,2640.0
Anomalia,0.0143,0.1505,0.031,-0.6888,3360.0
Anomalia,0.0154,0.1439,0.1841,-0.2704,3360.0
Anomalia,0.0183,0.1551,0.1972,-0.5827,2880.0
Anomalia,0.0085,0.1549,0.2089,-0.6526,2880.0
Anomalia,0.0269,0.1504,0.1422,-0.6534,2880.0
Anomalia,0.0212,0.1423,0.1588,-0.4584,2880.0
Anomalia,0.0105,0.1154,0.0078,-0.7729,2880.0
Anomalia,0.0204,0.1077,0.1319,-0.7422,3360.0
Anomalia,0.0102,0.1011,0.1755,-0.5079,3360.0
Anomalia,0.0153,0.1105,0.0267,-0.9703,3360.0
Anomalia,0.0197,0.1032,-0.004,-1.0113,2880.0
Anomalia,0.0118,0.1007,-0.0184,-1.0152,2880.0
Anomalia,0.0192,0.1107,-0.0655,-0.7312,2640.0
Anomalia,0.0167,0.1629,-0.1252,0.5909,2640.0
Anomalia,0.0236,0.1715,-0.0063,0.3902,2640.0
Anomalia,0.0242,0.1724,-0.0176,0.33,3360.0
Anomalia,0.0157,0.1669,0.108,0.5733,3360.0
Anomalia,0.0176,0.1254,0.7399,0.3641,2400.0
Anomalia,0.0125,0.1256,0.4941,-0.1293,3120.0
Anomalia,0.0174,0.1296,0.3099,-0.2743,3120.0
Anomalia,0.0218,0.1358,0.2554,-0.4562,2640.0
Anomalia,0.0252,0.1199,0.0227,-0.1196,3360.0
Anomalia,0.0131,0.0996,0.0482,-0.0672,3360.0
Anomalia,0.0138,0.1091,0.3971,0.277,3360.0
Anomalia,0.0082,0.1224,-0.1364,0.2917,3360.0
Anomalia,0.0132,0.131,-0.0864,-0.1723,2880.0
Anomalia,0.0267,0.1801,-0.1513,-0.4313,2880.0
Anomalia,0.0186,0.1767,-0.1324,-0.4115,2880.0
Anomalia,0.0306,0.1663,-0.1088,-0.0545,2880.0
Anomalia,0.0158,0.1605,0.0729,0.1438,2880.0
Anomalia,0.0131,0.1047,0.0642,-0.4201,2880.0
Anomalia,0.0214,0.0962,0.2309,-0.5288,3120.0
Anomalia,0.011,0.086,0.1979,-0.4802,3120.0
Anomalia,0.0209,0.092,0.1964,-0.6249,3120.0
Anomalia,0.0191,0.0921,0.1309,-0.7242,3120.0
Anomalia,0.0081,0.0777,0.4053,-0.6099,2880.0
Anomalia,0.0194,0.0867,0.2938,-0.6614,2640.0
Anomalia,0.0131,0.0799,0.3978,-0.1995,3120.0
Anomalia,0.0177,0.116,0.1157,0.4445,2880.0
Anomalia,0.0307,0.1362,-0.0949,-0.3897,2880.0
Anomalia,0.0184,0.1567,-0.22,-0.371,2880.0
Anomalia,0.0134,0.1604,-0.1819,-0.5966,2640.0
Anomalia,0.0187,0.1484,-0.3231,-0.2755,2640.0
Anomalia,0.0114,0.1625,-0.3695,-0.3662,3360.0
Anomalia,0.0238,0.1387,-0.5168,0.2494,3360.0
Anomalia,0.0328,0.1425,-0.563,0.2219,3360.0
Anomalia,0.0158,0.1357,-0.426,0.1101,3360.0
Anomalia,0.0177,0.128,-0.1056,-0.4715,2640.0
Anomalia,0.0088,0.1318,0.0865,-0.7098,2640.0
Anomalia,0.0048,0.1245,0.1449,-0.4226,2640.0
Anomalia,0.0212,0.128,0.105,-0.5738,2640.0
Anomalia,0.0203,0.0969,0.3083,-0.617,2880.0
Anomalia,0.0165,0.1045,0.1944,-0.6013,2880.0
Anomalia,0.0263,0.1346,0.1942,-0.545,3360.0
Anomalia,0.0158,0.1361,0.2329,-0.4406,3120.0
Anomalia,0.0227,0.1394,0.1116,-0.6173,3120.0
Anomalia,0.0224,0.1269,0.2272,0.0207,2880.0
Anomalia,0.0141,0.1092,-0.1798,-0.1188,3120.0
Anomalia,0.0207,0.1127,0.0941,-0.2501,3360.0
Anomalia,0.0126,0.1063,0.2175,0.2732,3360.0
Anomalia,0.0198,0.1464,0.0018,-0.027,3360.0
Anomalia,0.0191,0.1439,0.1122,0.3614,2880.0
Anomalia,0.0168,0.1384,-0.0154,0.6271,2880.0
Anomalia,0.0201,0.1459,-0.0419,0.0523,2880.0
Anomalia,0.0162,0.1103,0.0646,0.0261,2640.0
Anomalia,0.0185,0.099,0.0709,-0.761,2640.0
Anomalia,0.0152,0.1056,0.0903,-0.6617,2640.0
Anomalia,0.0153,0.1229,0.2043,0.0967,2640.0
Anomalia,0.0145,0.1686,0.1056,-0.3169,3360.0
Anomalia,0.0233,0.181,0.0415,-0.7656,2880.0
Anomalia,0.0202,0.2004,0.0282,-1.0422,2880.0
Anomalia,0.0232,0.188,-0.0644,-0.7904,2880.0
Anomalia,0.0218,0.1497,-0.0609,-0.428,2880.0
Anomalia,0.0089,0.1479,0.0117,-0.3773,3120.0
Anomalia,0.0213,0.1328,0.1898,-0.334,2880.0
Anomalia,0.0162,0.1575,0.1605,-0.7749,2880.0
Anomalia,0.0186,0.1706,-0.0084,-0.845,2880.0
Anomalia,0.0146,0.1822,-0.1191,-0.9106,2640.0
Anomalia,0.0138,0.1797,-0.2416,-0.761,2640.0
Anomalia,0.0224,0.1575,-0.4876,0.0711,2880.0
Anomalia,0.0218,0.1517,-0.409,-0.0848,2640.0
Anomalia,0.0241,0.1305,-0.2724,0.0297,3360.0
Anomalia,0.018,0.1031,-0.3021,-0.3806,3360.0
Anomalia,0.0055,0.1019,-0.1339,-0.5382,3360.0
Anomalia,0.0129,0.0908,-0.043,-0.3747,3360.0
Anomalia,0.0216,0.0762,-0.0116,0.0137,3120.0
Anomalia,0.0244,0.101,-0.0783,0.0452,3360.0
Anomalia,0.0192,0.1235,-0.5298,0.5141,3360.0
Anomalia,0.0163,0.1436,0.0075,0.4741,3360.0
Anomalia,0.0054,0.1548,0.1551,-0.2213,3360.0
Anomalia,0.0139,0.1513,0.1164,-0.0725,2880.0
Anomalia,0.0239,0.1461,0.3289,-0.2246,2880.0
Anomalia,0.0205,0.1242,0.1009,-0.5842,2880.0
Anomalia,0.0265,0.1301,0.1418,-0.4966,2640.0
Anomalia,0.0102,0.1335,0.1744,-0.6491,2640.0
Anomalia,0.0172,0.1266,0.0149,-0.7311,2880.0
Anomalia,0.0125,0.1337,0.0149,-0.9305,2880.0
Anomalia,0.0136,0.1181,-0.1099,-0.926,2880.0
Anomalia,0.0244,0.1105,-0.0698,-0.7371,2880.0
Anomalia,0.0168,0.1062,0.0326,-0.6501,2640.0
Anomalia,0.0258,0.0922,0.2335,-0.4636,3360.0
Anomalia,0.0224,0.1091,-0.0501,-0.3916,2880.0
Anomalia,0.0101,0.1077,-0.1203,-0.3995,3120.0
Anomalia,0.0149,0.1033,-0.2403,-0.1319,3120.0
Anomalia,0.019,0.1198,-0.1183,-0.7618,3120.0
Anomalia,0.0247,0.1327,0.4543,0.6926,3120.0
Anomalia,0.0258,0.1507,0.2209,0.0483,3120.0
Anomalia,0.0184,0.1564,0.3236,-0.287,3120.0
Anomalia,0.0116,0.1738,0.3553,-0.5121,2880.0
Anomalia,0.0072,0.165,0.1664,-0.777,2880.0
Anomalia,0.0154,0.1458,0.1568,-0.3669,2880.0
Anomalia,0.0293,0.1567,0.0347,-0.5977,2640.0
Anomalia,0.0171,0.1438,-0.1065,-0.3795,2640.0
Anomalia,0.0169,0.1384,-0.1439,-0.297,2640.0
Anomalia,0.0157,0.1467,-0.068,-0.6315,2640.0
Anomalia,0.0043,0.1671,-0.0069,-0.7331,3360.0
Anomalia,0.0245,0.1541,-0.0942,-0.3849,3360.0
Anomalia,0.0222,0.1481,-0.0213,-0.2234,3120.0
Anomalia,0.023,0.1367,-0.086,0.4641,3120.0
Anomalia,0.0258,0.0825,0.2083,0.3294,3120.0
Anomalia,0.0153,0.0737,0.0257,-0.4396,3120.0
Anomalia,0.0168,0.0709,-0.2284,0.0299,3120.0
Anomalia,0.0166,0.0734,-0.12,0.0986,2880.0
Anomalia,0.0111,0.0835,-0.1876,0.0757,2880.0
Anomalia,0.0177,0.1029,-0.2443,0.8582,2880.0
Anomalia,0.0206,0.1021,-0.1033,1.0621,2880.0
Anomalia,0.016,0.0977,-0.0412,1.4906,2880.0
Anomalia,0.0216,0.1119,-0.014,0.5184,3600.0
Anomalia,0.0076,0.1164,-0.0842,-0.0595,2880.0
Anomalia,0.0145,0.1209,-0.0981,-0.1248,2640.0
Anomalia,0.0127,0.1337,-0.1761,-0.6707,2640.0
Anomalia,0.0143,0.1542,0.0385,-0.4605,2880.0
Anomalia,0.0223,0.1453,0.0959,-0.2699,2880.0
Anomalia,0.01,0.1453,0.2272,-0.301,2880.0
Anomalia,0.014,0.1597,0.3035,-0.6453,2880.0
Anomalia,0.0208,0.1598,0.3821,-0.5169,2880.0
Anomalia,0.0196,0.1759,0.1846,-0.7075,2880.0
Anomalia,0.0189,0.1694,0.2161,-0.4431,2880.0
Anomalia,0.0211,0.1783,0.1509,-0.2957,2880.0
Anomalia,0.0107,0.188,0.127,0.0337,2880.0
Anomalia,0.0187,0.2428,0.2064,0.0456,2880.0
Anomalia,0.0186,0.2508,0.1903,-0.2781,2880.0
Anomalia,0.0195,0.2365,0.2015,0.1423,2880.0
Anomalia,0.0226,0.2099,0.1985,1.0555,3120.0
Anomalia,0.0096,0.1403,-0.0491,-0.7088,3360.0
Anomalia,0.0161,0.1356,-0.2089,-0.4831,2880.0
Anomalia,0.0233,0.1314,-0.3275,-0.149,2640.0
Anomalia,0.0094,0.1226,-0.0016,0.2654,3120.0
Anomalia,0.0197,0.0931,0.4119,0.4473,3120.0
Anomalia,0.0139,0.0746,1.0084,0.6301,2880.0
Anomalia,0.0055,0.0617,0.7164,-0.1548,3120.0
Anomalia,0.0286,0.0959,0.8348,0.7523,3120.0
Anomalia,0.0158,0.094,0.9612,1.1216,3120.0
Anomalia,0.0217,0.0988,0.6763,0.459,3120.0
Anomalia,0.0141,0.1089,0.4977,0.0393,3120.0
Anomalia,0.0049,0.1066,0.0692,-0.3526,2640.0
Anomalia,0.0203,0.1207,-0.0134,-0.4936,2640.0
Anomalia,0.0191,0.124,0.0131,-0.7027,2640.0
Anomalia,0.0267,0.1268,0.0126,-0.7442,3360.0
Anomalia,0.0226,0.1216,0.1411,-0.7334,3360.0
Anomalia,0.0137,0.1188,0.0754,-0.9728,3360.0
Anomalia,0.0132,0.1217,0.025,-1.024,3360.0
Anomalia,0.0147,0.1156,-0.0955,-0.9731,3360.0
Anomalia,0.0096,0.1092,-0.0951,-1.0448,3360.0
Anomalia,0.0193,0.111,0.0858,-0.7657,2880.0
Anomalia,0.0251,0.1161,0.1009,-0.7598,2880.0
Anomalia,0.0162,0.1195,-0.0833,-0.2769,3360.0
Anomalia,0.0238,0.1202,-0.2106,-0.2241,3360.0
Anomalia,0.0126,0.1236,-0.2964,-0.572,2880.0
Anomalia,0.0063,0.1163,-0.3337,-0.5473,2880.0
Anomalia,0.0184,0.1079,-0.2774,-0.7727,2880.0
Anomalia,0.0158,0.104,-0.1617,-0.7219,2880.0
Anomalia,0.0258,0.1187,0.0733,-0.2319,2640.0
Anomalia,0.0215,0.1246,-0.0038,-0.3728,2880.0
Anomalia,0.0105,0.1236,0.1763,-0.3585,2880.0
Anomalia,0.0116,0.1487,0.0166,0.108,2880.0
Anomalia,0.0172,0.1455,0.0777,0.5002,2880.0
Anomalia,0.0182,0.1647,0.0331,0.0976,3360.0
Anomalia,0.0292,0.1783,-0.0596,-0.4228,2880.0
Anomalia,0.0189,0.1668,0.1007,-0.6292,3360.0
Anomalia,0.0092,0.1745,0.0874,-0.8862,2880.0
Anomalia,0.0194,0.1601,0.0809,-0.9524,2880.0
Anomalia,0.0114,0.1434,0.1041,-0.5108,2880.0
Anomalia,0.0303,0.1366,-0.0329,-0.3813,2880.0
Anomalia,0.0286,0.0983,0.2785,-0.0973,2880.0
Anomalia,0.0215,0.0822,0.0344,-0.8184,2880.0
Anomalia,0.0206,0.1047,-0.3611,0.6461,3360.0
Anomalia,0.0079,0.1533,-0.2899,0.7753,3360.0
Anomalia,0.0114,0.1687,-0.2217,-0.073,3360.0
Anomalia,0.0178,0.18,-0.1838,-0.442,3360.0
Anomalia,0.0237,0.2024,-0.122,-0.7886,3360.0
Anomalia,0.0325,0.187,-0.1025,-0.8527,2880.0
Anomalia,0.0223,0.1748,0.0358,-0.526,2640.0
Anomalia,0.0137,0.1611,0.0752,-0.0104,2640.0
Anomalia,0.0189,0.1215,-0.1025,0.5908,2640.0
Anomalia,0.005,0.0823,0.326,-0.4404,2400.0
Anomalia,0.0244,0.1088,0.4522,-0.4158,3120.0
Anomalia,0.0302,0.1113,0.2888,-0.5411,3120.0
Anomalia,0.0075,0.115,0.2463,-0.3305,2880.0
Anomalia,0.0246,0.1383,0.1453,-0.4087,2640.0
Anomalia,0.0148,0.1197,0.186,0.4534,3120.0
Anomalia,0.0096,0.1227,0.3,0.2063,2880.0
Anomalia,0.0253,0.14,0.1393,-0.1718,2880.0
Anomalia,0.0176,0.1349,0.1438,-0.3381,2640.0
Anomalia,0.0146,0.1364,0.1323,-0.4754,2880.0
Anomalia,0.0238,0.1448,0.0483,-0.7306,2880.0
Anomalia,0.0202,0.1204,0.2236,-0.5214,3120.0
Anomalia,0.0324,0.106,0.1482,-0.6121,3360.0
Anomalia,0.0272,0.1333,-0.2919,-0.2769,3360.0
Anomalia,0.017,0.126,-0.2083,-0.1376,2640.0
Anomalia,0.0224,0.1304,-0.2425,-0.2772,3360.0
Anomalia,0.0055,0.1363,-0.132,-0.6731,3360.0
Anomalia,0.0201,0.1094,-0.1365,-0.6345,3360.0
Anomalia,0.0227,0.1147,-0.2731,-0.7531,3360.0
Anomalia,0.022,0.1184,-0.1891,-0.6761,3360.0
Anomalia,0.0191,0.1236,-0.2401,-0.5561,3360.0
Anomalia,0.0165,0.151,0.1248,-0.5944,3360.0
Anomalia,0.0128,0.1537,0.1078,-0.5589,3360.0
Anomalia,0.0218,0.161,0.0969,-0.676,3360.0
Anomalia,0.0266,0.1591,0.2201,-0.5067,3360.0
Anomalia,0.02,0.1557,-0.03,-0.3829,3120.0
Anomalia,0.0296,0.1526,-0.0613,-0.2934,2640.0
Anomalia,0.0107,0.1423,0.0044,-0.2239,3360.0
Anomalia,0.0221,0.1341,-0.2538,-0.1864,3360.0
Anomalia,0.0194,0.0994,0.2012,-0.5977,3360.0
Anomalia,0.0147,0.0883,0.0482,-0.4269,3360.0
Anomalia,0.0208,0.079,0.0012,-0.0535,3360.0
Anomalia,0.008,0.097,-0.3364,0.4241,2640.0
Anomalia,0.0149,0.1173,-0.2581,-0.5347,2880.0
Anomalia,0.0162,0.1271,-0.1193,-0.6801,2880.0
Anomalia,0.0187,0.1446,-0.0605,-1.0405,2880.0
Anomalia,0.0248,0.1737,-0.0535,-0.5787,2880.0
Anomalia,0.0193,0.1951,-0.0186,-0.8983,2880.0
Anomalia,0.0138,0.2027,0.0037,-1.0659,2880.0
Anomalia,0.0169,0.1946,-0.0632,-0.8482,2880.0
Anomalia,0.0165,0.1614,-0.0461,-0.5506,3120.0
Anomalia,0.0205,0.1649,0.0372,-0.463,3360.0
Anomalia,0.0336,0.1904,0.0841,-0.7033,2880.0
Anomalia,0.0235,0.1996,0.1421,-0.9942,2880.0
Anomalia,0.0203,0.2257,0.0874,-1.2956,2880.0
Anomalia,0.0064,0.2315,0.0291,-1.2601,2880.0
Anomalia,0.0051,0.1981,-0.1636,-0.7731,2880.0
Anomalia,0.0196,0.1923,-0.3196,-0.468,2640.0
Anomalia,0.0155,0.1696,-0.4302,-0.2067,2640.0
Anomalia,0.0317,0.1258,-0.2031,-0.5653,2880.0
Anomalia,0.0162,0.1234,0.0279,-0.672,2880.0
Anomalia,0.007,0.1211,0.0881,-0.6541,3360.0
Anomalia,0.016,0.1274,0.2766,-0.3153,3360.0
Anomalia,0.0133,0.1397,0.2657,-0.3559,3360.0
Anomalia,0.0216,0.1442,0.1158,-0.5635,3360.0
Anomalia,0.0249,0.16,0.1326,-0.7551,3360.0
Anomalia,0.0164,0.1478,0.1459,-0.4736,3360.0
Anomalia,0.0134,0.129,0.2385,0.0288,3360.0
Anomalia,0.0153,0.1395,0.1825,-0.4199,3360.0
Anomalia,0.0113,0.127,0.1078,-0.4085,2640.0
Anomalia,0.0211,0.1227,0.0033,-0.6106,2880.0
Anomalia,0.0174,0.192,-0.2322,0.2701,3120.0
Anomalia,0.0183,0.2025,-0.1739,-0.1338,2640.0
Anomalia,0.0249,0.1973,-0.2954,0.1585,2640.0
Anomalia,0.0088,0.2104,-0.1317,-0.4703,2640.0
Anomalia,0.0155,0.1551,-0.1,-0.8847,3120.0
Anomalia,0.0186,0.1266,-0.4406,-0.2894,3360.0
Anomalia,0.0177,0.1207,-0.5168,-0.0118,3360.0
Anomalia,0.0271,0.0994,-0.4463,-0.0679,3360.0
Anomalia,0.0247,0.0931,-0.547,-0.048,3120.0
Anomalia,0.0101,0.094,-0.2679,-0.4725,3120.0
Anomalia,0.0137,0.1008,-0.0288,-0.4266,3360.0
Anomalia,0.0119,0.0839,0.3145,-0.0656,3360.0
Anomalia,0.0249,0.1039,0.5009,-0.1545,3120.0
Anomalia,0.0248,0.105,0.4427,-0.2394,3120.0
Anomalia,0.0146,0.1065,0.3174,-0.3434,3120.0
Anomalia,0.0249,0.1372,0.2743,-0.4517,2640.0
Anomalia,0.0083,0.1356,0.2734,-0.297,3360.0
Anomalia,0.0205,0.1415,0.1096,-0.5684,2640.0
Anomalia,0.0249,0.1523,0.1168,-0.8476,2640.0
Anomalia,0.0112,0.1454,-0.0488,-1.0069,2880.0
Anomalia,0.0161,0.1561,-0.0108,-1.0116,2880.0
Anomalia,0.0147,0.1978,0.0948,-0.9405,2880.0
Anomalia,0.0155,0.1943,0.0777,-0.7906,2880.0
Anomalia,0.0262,0.1812,0.0403,-0.3221,2880.0
Anomalia,0.0197,0.1585,0.1929,0.7447,2880.0
Anomalia,0.0165,0.104,0.1176,0.5187,2880.0
Anomalia,0.0205,0.0907,-0.0481,0.0695,2880.0
Anomalia,0.0147,0.1047,-0.163,-0.3638,2880.0
Anomalia,0.0272,0.142,-0.1054,-0.2994,3360.0
Anomalia,0.0219,0.139,-0.0012,-0.222,3360.0
Anomalia,0.0116,0.1705,0.1055,-0.4308,2880.0
Anomalia,0.0227,0.1744,-0.0172,-0.5039,2880.0
Anomalia,0.0111,0.1464,0.0634,0.3574,2880.0
Anomalia,0.0222,0.1629,0.1569,0.2788,3120.0
Anomalia,0.0228,0.1697,0.1069,0.236,2640.0
Anomalia,0.0098,0.1686,0.2253,0.2442,2880.0
Anomalia,0.0178,0.1713,0.1092,0.0819,2880.0
Anomalia,0.0069,0.1787,-0.0478,-0.4112,2880.0
Anomalia,0.0105,0.1601,-0.1181,-0.7803,2880.0
Anomalia,0.0217,0.1948,0.0225,-0.742,2880.0
Anomalia,0.0106,0.1989,0.1572,-0.8925,2880.0
Anomalia,0.0162,0.1927,0.185,-0.9168,2880.0
Anomalia,0.0226,0.1937,0.2031,-0.8636,2880.0
Anomalia,0.0119,0.1442,0.3765,-0.4788,2880.0
Anomalia,0.0199,0.1532,0.5178,-0.2474,2880.0
Anomalia,0.0186,0.1526,0.4494,0.2426,2880.0
Anomalia,0.0145,0.1736,0.5047,0.234,2880.0
Anomalia,0.0305,0.18,0.2477,-0.1614,2880.0
Anomalia,0.0182,0.1672,0.2726,0.1703,2880.0
Anomalia,0.0172,0.1502,0.466,0.6343,3360.0
Anomalia,0.022,0.1096,0.1065,-0.7337,3120.0
Anomalia,0.0035,0.106,0.297,-0.6331,3120.0
Anomalia,0.0204,0.1068,0.0504,-0.8203,2880.0
Anomalia,0.0301,0.1089,0.0974,-0.9518,2640.0
Anomalia,0.0129,0.089,0.1503,-0.8517,3120.0
Anomalia,0.0235,0.0871,0.1816,-0.9481,3120.0
Anomalia,0.0165,0.0898,0.4661,-0.6324,2880.0
Anomalia,0.0088,0.1166,0.1656,0.4032,3120.0
Anomalia,0.0285,0.1257,-0.1527,-0.0889,3120.0
Anomalia,0.0168,0.1328,-0.0457,-0.5106,3120.0
Anomalia,0.0227,0.1317,-0.1706,-0.4001,2880.0
Anomalia,0.019,0.1017,-0.0619,-0.7663,3360.0
Anomalia,0.0068,0.0935,-0.0561,-0.4424,3360.0
Anomalia,0.0176,0.104,-0.0563,-0.4372,3120.0
Anomalia,0.0115,0.1122,-0.1579,-0.6451,2640.0
Anomalia,0.0159,0.1143,-0.2597,-0.5862,2880.0
Anomalia,0.0243,0.1411,-0.1373,-0.8554,3360.0
Anomalia,0.0189,0.1351,-0.2591,-0.2444,2880.0
Anomalia,0.0224,0.1281,-0.3132,0.154,3360.0
Anomalia,0.0161,0.1299,-0.2713,-0.0149,3120.0
Anomalia,0.0049,0.1075,-0.6049,0.5724,2640.0
Anomalia,0.0182,0.1462,0.2552,0.5814,2880.0
Anomalia,0.0126,0.1462,0.4061,0.6055,2880.0
Anomalia,0.024,0.1704,0.264,-0.3128,3360.0
Anomalia,0.0284,0.1712,0.2583,-0.396,3360.0
Anomalia,0.0115,0.131,0.4117,0.07,3120.0
Anomalia,0.0183,0.1386,0.2667,-0.2847,3360.0
Anomalia,0.0164,0.1316,0.3111,-0.429,3360.0
Anomalia,0.0128,0.1334,0.3024,-0.5624,3360.0
Anomalia,0.0268,0.145,0.2092,-0.8111,3360.0
Anomalia,0.0208,0.1395,0.3403,-0.6296,2880.0
Anomalia,0.0107,0.1381,0.1091,-0.4361,2640.0
Anomalia,0.0248,0.1442,0.0254,-0.5394,2640.0
Anomalia,0.0141,0.1311,0.0384,-0.1998,2640.0
Anomalia,0.0199,0.1547,-0.093,-0.6894,2880.0
Anomalia,0.0275,0.1427,-0.0194,-0.5728,2880.0
Anomalia,0.0076,0.1533,0.0368,-0.5234,2880.0
Anomalia,0.0198,0.184,-0.0092,-0.9365,2880.0
Anomalia,0.0144,0.1742,0.0269,-0.8113,2880.0
Anomalia,0.0131,0.1714,0.0502,-0.7575,2880.0
Anomalia,0.0276,0.1565,-0.0176,-0.5151,2880.0
Anomalia,0.0108,0.1255,-0.118,-0.668,2880.0
Anomalia,0.0202,0.1111,-0.0743,-0.1902,2880.0
Anomalia,0.0234,0.1138,-0.1714,-0.2614,2880.0
Anomalia,0.0183,0.1283,-0.4657,0.0612,2880.0
Anomalia,0.0254,0.1362,-0.232,-0.1011,2880.0
Anomalia,0.0146,0.1362,-0.1547,-0.2534,2880.0
Anomalia,0.0176,0.1434,-0.0776,-0.4893,3360.0
Anomalia,0.0238,0.1375,0.194,-0.8324,2640.0
Anomalia,0.0163,0.1274,0.1876,-0.8232,2640.0
Anomalia,0.0281,0.1272,0.0941,-0.8004,2880.0
Anomalia,0.0203,0.1184,0.0976,-0.7726,2880.0
Anomalia,0.0113,0.1037,-0.0316,-0.8758,2880.0
Anomalia,0.0239,0.0968,-0.1741,-0.4948,3120.0
Anomalia,0.02,0.0939,-0.2768,-0.5304,2880.0
Anomalia,0.014,0.1208,-0.6237,1.2428,3360.0
Anomalia,0.0206,0.1235,-0.6686,1.2209,2640.0
Anomalia,0.0193,0.1454,-0.3619,-0.1741,2880.0
Anomalia,0.0154,0.1434,-0.2856,-0.1167,2880.0
Anomalia,0.0223,0.1589,-0.197,-0.0248,2640.0
Anomalia,0.0087,0.1684,-0.012,-0.4178,3120.0
Anomalia,0.0193,0.1624,-0.1499,-0.1364,3120.0
Anomalia,0.0161,0.169,-0.0967,-0.4919,3120.0
Anomalia,0.0219,0.1226,-0.0655,-0.3274,3120.0
Anomalia,0.0367,0.1273,-0.3112,0.5255,3120.0
Anomalia,0.0154,0.1287,-0.4673,0.7411,2640.0
Anomalia,0.0212,0.1229,-0.6729,1.4694,2640.0
Anomalia,0.0111,0.1483,-0.4006,-0.1105,2640.0
Anomalia,0.0149,0.1394,-0.4018,-0.2309,3360.0
Anomalia,0.0245,0.1333,-0.3275,-0.436,3120.0
Anomalia,0.0238,0.1529,-0.3417,-0.648,3360.0
Anomalia,0.0261,0.1675,-0.2466,-0.5445,2880.0
Anomalia,0.0175,0.1794,0.0668,-0.5553,3360.0
Anomalia,0.0117,0.1796,0.1723,-0.5074,3360.0
Anomalia,0.0184,0.1722,0.2434,-0.3825,3360.0
Anomalia,0.0214,0.1348,0.6049,0.6363,3360.0
Anomalia,0.0202,0.1517,0.0376,0.6901,2640.0
Anomalia,0.03,0.1663,-0.1258,0.2628,2640.0
Anomalia,0.013,0.1694,-0.0602,0.1063,2880.0
Anomalia,0.0153,0.1795,-0.0499,-0.3521,2880.0
Anomalia,0.0224,0.1476,-0.2117,-0.2327,2880.0
Anomalia,0.0132,0.136,-0.0759,-0.6149,2880.0
Anomalia,0.0264,0.1318,0.0647,-0.9428,2880.0
Anomalia,0.0219,0.1375,-0.011,-1.0791,2880.0
Anomalia,0.0145,0.1448,0.1304,-1.1437,2880.0
Anomalia,0.0124,0.1475,0.0177,-1.1922,2880.0
Anomalia,0.0106,0.1413,-0.0682,-1.1178,2880.0
Anomalia,0.0116,0.1353,0.0384,-0.9619,2880.0
Anomalia,0.0237,0.1496,0.1147,-0.8563,2880.0
Anomalia,0.028,0.1462,0.1237,-0.6873,2880.0
Anomalia,0.0248,0.1402,0.2406,-0.432,2880.0
Anomalia,0.024,0.1273,0.2692,0.1529,2880.0
Anomalia,0.0102,0.1043,-0.0283,-0.146,3360.0
Anomalia,0.0196,0.1062,0.161,-0.4301,3360.0
Anomalia,0.0222,0.126,-0.1543,-0.2462,3360.0
Anomalia,0.0254,0.1497,-0.1682,-0.8651,3120.0
Anomalia,0.0252,0.1595,-0.1793,-0.9949,2640.0
Anomalia,0.0124,0.1522,-0.0596,-0.9425,2880.0
Anomalia,0.0172,0.1402,-0.0228,-0.8934,2880.0
Anomalia,0.0191,0.1299,0.0203,-0.7139,3120.0
Anomalia,0.0227,0.1047,0.1032,-0.1872,2640.0
Anomalia,0.0241,0.1007,0.1984,0.1287,2880.0
Anomalia,0.0183,0.1035,0.0968,-0.0685,3120.0
Anomalia,0.0163,0.1243,0.0741,0.5912,3120.0
Anomalia,0.0172,0.1537,0.0773,-0.5046,3120.0
Anomalia,0.0177,0.1565,0.0542,-0.6044,3360.0
Anomalia,0.0228,0.1622,0.0847,-0.7534,3360.0
Anomalia,0.0241,0.1437,0.146,-0.7156,3360.0
Anomalia,0.0187,0.1443,0.0452,-0.6604,3360.0
Anomalia,0.0247,0.1494,-0.1776,-0.7053,3360.0
Anomalia,0.0142,0.1424,-0.204,-0.6257,3360.0
Anomalia,0.0135,0.1377,-0.3018,-0.5679,2880.0
Anomalia,0.0145,0.1386,-0.4018,0.3647,3600.0
Anomalia,0.0113,0.1452,-0.077,0.4075,2640.0
Anomalia,0.0222,0.1502,-0.1589,0.216,2640.0
Anomalia,0.0187,0.1769,-0.3833,0.0979,3360.0
Anomalia,0.024,0.1874,-0.2913,0.021,2880.0
Anomalia,0.0187,0.1713,-0.3174,0.7109,2880.0
Anomalia,0.0181,0.1621,-0.3989,1.4551,2880.0
Anomalia,0.0234,0.1327,-0.0202,2.4901,3360.0
Anomalia,0.0226,0.0821,0.1819,-0.6047,3120.0
Anomalia,0.0179,0.1106,-0.3528,-0.4016,2880.0
Anomalia,0.0187,0.1287,-0.126,-0.8835,3120.0
Anomalia,0.0172,0.1295,-0.1176,-0.9313,2880.0
Anomalia,0.0176,0.1325,-0.1294,-1.0273,3120.0
Anomalia,0.0304,0.1137,-0.0262,-0.8052,3120.0
Anomalia,0.0161,0.0952,0.1983,-0.9587,3360.0
Anomalia,0.0136,0.0972,0.0418,-0.4781,3120.0
Anomalia,0.0244,0.0929,-0.0521,-0.0898,2640.0
Anomalia,0.0151,0.1154,-0.3172,-0.1427,2880.0
Anomalia,0.0268,0.1453,-0.1138,-0.2029,2640.0
Anomalia,0.0303,0.1617,-0.0054,-0.3049,2640.0
Anomalia,0.0058,0.1663,0.2373,-0.5079,2640.0
Anomalia,0.0197,0.1593,0.2224,-0.3978,2880.0
Anomalia,0.017,0.1553,0.081,-0.555,2880.0
Anomalia,0.0202,0.1329,-0.1519,-0.5953,2880.0
Anomalia,0.0342,0.1227,-0.1909,-0.127,2640.0
Anomalia,0.0188,0.1122,-0.0749,0.3223,2640.0
Anomalia,0.0232,0.0798,-0.0276,-0.6248,3360.0
Anomalia,0.0141,0.0902,-0.0686,-0.6187,3360.0
Anomalia,0.0173,0.1062,0.1002,-0.3827,3360.0
Anomalia,0.0227,0.1212,0.0218,-0.3933,3360.0
Anomalia,0.0205,0.1264,0.065,-0.6483,3360.0
Anomalia,0.0212,0.1268,0.0048,-0.3904,3360.0
Anomalia,0.0221,0.1157,-0.113,-0.1034,3360.0
Anomalia,0.0217,0.1331,-0.2268,-0.2636,2640.0
Anomalia,0.0189,0.1565,-0.1453,-0.6916,2640.0
Anomalia,0.0217,0.159,-0.1688,-0.7828,2640.0
Anomalia,0.0144,0.1685,-0.0644,-1.0463,2880.0
Anomalia,0.0202,0.1466,-0.1148,-0.6879,2880.0
Anomalia,0.0158,0.1215,-0.2122,-0.6232,2880.0
Anomalia,0.0116,0.1422,-0.1716,-0.2625,2880.0
Anomalia,0.0157,0.1592,0.136,-0.0349,2880.0
Anomalia,0.0141,0.1619,0.1496,-0.1855,2880.0
Anomalia,0.0249,0.1652,0.0889,-0.2641,2880.0
Anomalia,0.0281,0.148,0.2405,-0.1177,2640.0
Anomalia,0.0167,0.1352,-0.1004,-0.946,2880.0
Anomalia,0.0227,0.1507,-0.1657,-0.9594,2880.0
Anomalia,0.009,0.172,-0.2023,-0.9716,2880.0
Anomalia,0.016,0.1743,-0.242,-0.8664,2640.0
Anomalia,0.0317,0.1739,-0.2632,-0.6758,2640.0
Anomalia,0.0166,0.1553,-0.0706,-0.2127,2880.0
Anomalia,0.0234,0.1318,0.239,-0.4094,3120.0
Anomalia,0.0216,0.1153,0.3019,-0.1239,3120.0
Anomalia,0.0095,0.0942,-0.0453,-0.4508,3360.0
Anomalia,0.0265,0.1031,0.0365,-0.4472,2880.0
Anomalia,0.0199,0.0902,0.3525,-0.3991,2640.0
Anomalia,0.015,0.0927,0.2535,-0.4313,2880.0
Anomalia,0.0228,0.0922,0.2469,-0.4168,2880.0
Anomalia,0.0103,0.0893,-0.0204,-0.6301,3360.0
Anomalia,0.0228,0.0911,-0.1401,-0.4877,3360.0
Anomalia,0.0248,0.0899,-0.2265,-0.1158,3360.0
Anomalia,0.0222,0.1017,-0.2131,-0.0389,480.0
Anomalia,0.0234,0.0967,-0.2603,0.1551,3120.0
Anomalia,0.0202,0.0972,-0.1593,0.0463,3120.0
Anomalia,0.014,0.1012,0.052,-0.3915,3360.0
Anomalia,0.0188,0.1134,0.5782,0.4544,2640.0
Anomalia,0.0117,0.1509,-0.0595,-0.2053,3360.0
Anomalia,0.0184,0.1522,-0.1657,-0.2131,2880.0
Anomalia,0.0258,0.151,-0.2638,-0.047,2880.0
Anomalia,0.0194,0.134,-0.555,0.3691,2880.0
Anomalia,0.0312,0.0844,0.2297,-0.1823,2880.0
Anomalia,0.0129,0.0761,0.2523,-0.3344,3120.0
Anomalia,0.0103,0.1053,0.0246,0.6951,3360.0
Anomalia,0.0224,0.1067,-0.1808,0.7598,3360.0
Anomalia,0.0148,0.1113,-0.1132,0.1759,2640.0
Anomalia,0.0269,0.1219,-0.2458,-0.2362,3360.0
Anomalia,0.0283,0.1149,-0.0573,-0.7393,3360.0
Anomalia,0.0122,0.1132,0.164,-0.7728,3360.0
Anomalia,0.0185,0.161,0.2465,0.0377,3360.0
Anomalia,0.0167,0.1748,0.2276,-0.3652,2880.0
Anomalia,0.0119,0.1827,0.199,-0.5742,2880.0
Anomalia,0.0249,0.1889,0.0446,-0.7964,2880.0
Anomalia,0.0178,0.1648,-0.0592,-1.0935,2640.0
Anomalia,0.0198,0.1552,-0.1267,-1.0736,2640.0
Anomalia,0.029,0.1354,-0.1641,-0.7456,2640.0
Anomalia,0.021,0.1293,-0.0893,-0.6046,2640.0
Anomalia,0.0251,0.1269,-0.0843,-0.7857,2880.0
Anomalia,0.0182,0.1138,0.0819,-0.61,2880.0
Anomalia,0.0089,0.1512,0.2017,0.2807,2880.0
Anomalia,0.0141,0.1688,0.3076,0.2154,2880.0
Anomalia,0.0208,0.1761,0.2749,-0.0402,3360.0
Anomalia,0.0191,0.1759,0.2672,-0.0423,2880.0
Anomalia,0.0275,0.1519,0.3692,0.0505,2880.0
Anomalia,0.0152,0.1434,0.1663,-0.7756,2880.0
Anomalia,0.018,0.1248,0.1076,-0.7181,2880.0
Anomalia,0.0178,0.1305,0.0272,-0.7041,2880.0
Anomalia,0.0181,0.1259,-0.1176,-0.7127,2880.0
Anomalia,0.0276,0.1185,-0.0709,-0.6534,2880.0
Anomalia,0.0208,0.1168,0.0132,-0.5663,2640.0
Anomalia,0.0282,0.1243,0.0787,-0.9522,2640.0
Anomalia,0.0188,0.1335,-0.0046,-1.0045,2880.0
Anomalia,0.0174,0.1444,0.1069,-1.1265,2880.0
Anomalia,0.0185,0.1433,0.1035,-1.1134,2880.0
Anomalia,0.0154,0.1416,0.081,-1.0781,3120.0
Anomalia,0.0212,0.1384,0.1201,-1.0585,3120.0
Anomalia,0.0176,0.1147,0.091,-0.5574,2880.0
Anomalia,0.0123,0.1197,-0.1284,-0.5799,2880.0
Anomalia,0.0154,0.1097,-0.2018,-0.2471,2880.0
Anomalia,0.0143,0.1022,-0.4124,-0.146,3360.0
Anomalia,0.0198,0.1123,-0.3982,-0.5533,3360.0
Anomalia,0.0282,0.1206,-0.2616,-0.4337,2640.0
Anomalia,0.0203,0.1548,-0.391,-0.1614,2640.0
Anomalia,0.0108,0.1537,-0.3016,-0.2173,2880.0
Anomalia,0.0147,0.1618,-0.2856,-0.352,2640.0
Anomalia,0.0131,0.1913,-0.1574,-0.5156,3360.0
Anomalia,0.0255,0.1664,-0.209,0.1346,3120.0
Anomalia,0.0329,0.1755,-0.301,-0.1664,3120.0
Anomalia,0.0214,0.1647,-0.1718,0.0913,2880.0
Anomalia,0.0135,0.127,-0.1891,-0.6118,2640.0
Anomalia,0.0109,0.1407,0.1159,-0.7323,2640.0
Anomalia,0.0141,0.1289,0.3016,-0.4436,2640.0
Anomalia,0.0192,0.1272,0.2787,-0.3435,2640.0
Anomalia,0.0282,0.1256,0.3369,-0.2842,3120.0
Anomalia,0.019,0.1184,0.189,-0.1226,2880.0
Anomalia,0.0204,0.1395,0.0088,-0.4557,3120.0
Anomalia,0.0207,0.1459,0.0271,-0.7559,3120.0
Anomalia,0.0204,0.1411,-0.029,-0.7413,3120.0
Anomalia,0.0172,0.1354,-0.0555,-0.7406,3120.0
Anomalia,0.0166,0.1315,0.0625,-0.7377,3120.0
Anomalia,0.0175,0.1386,0.0156,-0.8067,2640.0
Anomalia,0.0125,0.1447,0.1861,-0.6547,2640.0
Anomalia,0.0257,0.1665,0.0575,-0.9392,3360.0
Anomalia,0.0201,0.1503,0.1434,-0.5803,2880.0
Anomalia,0.018,0.1533,0.0856,-0.6799,2880.0
Anomalia,0.019,0.1448,0.0023,-0.6568,2880.0
Anomalia,0.0168,0.1298,-0.0231,-0.8688,2640.0
Anomalia,0.0155,0.1364,-0.1243,-1.0552,2640.0
Anomalia,0.0151,0.1351,0.0112,-1.0252,2640.0
Anomalia,0.0163,0.1357,0.0495,-0.9835,3360.0
Anomalia,0.0138,0.13,-0.0038,-0.9192,3360.0
Anomalia,0.0264,0.1241,-0.1008,-0.6999,3360.0
Anomalia,0.0225,0.12,-0.2913,-0.4123,3360.0
Anomalia,0.0214,0.1156,-0.4552,-0.1762,3360.0
Anomalia,0.0175,0.1059,-0.4993,0.0786,3360.0
Anomalia,0.008,0.0987,-0.4236,0.2633,3360.0
Anomalia,0.0187,0.0808,-0.4938,-0.0967,2640.0
Anomalia,0.0182,0.1058,-0.2699,-0.0261,2640.0
Anomalia,0.024,0.1269,-0.0842,-0.0017,2640.0
Anomalia,0.0181,0.1403,-0.1162,-0.6585,2880.0
Anomalia,0.0203,0.1464,-0.057,-0.8005,2880.0
Anomalia,0.023,0.1319,-0.0799,-0.3668,3360.0
Anomalia,0.0181,0.1086,-0.1366,-0.4027,3360.0
Anomalia,0.022,0.0982,0.1292,-0.1309,3360.0
Anomalia,0.0132,0.1051,-0.0184,-0.7043,2400.0
Anomalia,0.0042,0.1038,0.1779,-0.6644,3120.0
Anomalia,0.0187,0.1213,0.2747,-0.7513,3120.0
Anomalia,0.0197,0.1176,0.2732,-0.6832,3120.0
Anomalia,0.0231,0.1103,0.3233,-0.4919,3360.0
Anomalia,0.0263,0.1457,0.06,-0.2362,3360.0
Anomalia,0.017,0.1411,0.0598,-0.1324,3360.0
Anomalia,0.012,0.1742,-0.0841,-0.559,3360.0
Anomalia,0.0187,0.177,-0.1244,-0.5869,2880.0
Anomalia,0.022,0.1556,-0.2022,-0.1518,2880.0
Anomalia,0.0179,0.1664,-0.1478,-0.3299,2880.0
Anomalia,0.0282,0.1286,0.0033,0.3671,2640.0
Anomalia,0.0108,0.124,0.0789,0.3613,2640.0
Anomalia,0.0129,0.1263,-0.0611,0.0481,3360.0
Anomalia,0.0153,0.1246,-0.1066,-0.6641,2880.0
Anomalia,0.0124,0.1279,0.0044,-0.7926,2880.0
Anomalia,0.0217,0.1273,-0.0535,-0.749,2880.0
Anomalia,0.0215,0.1171,0.0231,-0.4234,2880.0
Anomalia,0.0241,0.1087,0.2793,-0.5746,3360.0
Anomalia,0.0213,0.112,0.2093,-0.7757,2880.0
Anomalia,0.01,0.1471,-0.0939,-0.5,2880.0
Anomalia,0.0205,0.1512,-0.1977,-0.5705,2880.0
Anomalia,0.0194,0.1413,-0.2934,-0.1893,2880.0
Anomalia,0.0265,0.1405,-0.3956,-0.0183,3360.0
Anomalia,0.028,0.0972,0.2147,-0.7532,3360.0
Anomalia,0.0123,0.1221,-0.1355,0.0394,2880.0
Anomalia,0.0121,0.1204,-0.2041,0.1062,3120.0
Anomalia,0.0134,0.1157,-0.3105,0.535,2880.0
Anomalia,0.0191,0.1137,-0.4094,0.8886,2880.0
Anomalia,0.0337,0.1083,0.1236,0.9875,2640.0
Anomalia,0.0247,0.1103,0.2458,0.7004,2640.0
Anomalia,0.0101,0.1092,0.4968,0.8114,2640.0
Anomalia,0.0223,0.1266,0.4068,-0.2367,2880.0
Anomalia,0.007,0.1141,0.3398,-0.5225,2880.0
Anomalia,0.0204,0.1192,0.1965,-0.7953,2880.0
Anomalia,0.0331,0.1394,-0.0226,-1.2171,2880.0
Anomalia,0.0194,0.127,0.0345,-1.0519,2880.0
Anomalia,0.0291,0.1346,-0.0069,-0.9994,2880.0
Anomalia,0.0197,0.1268,0.14,-0.7546,2880.0
Anomalia,0.0112,0.1061,0.196,-0.0642,2880.0
Anomalia,0.0213,0.1266,0.1466,-0.3669,2880.0
Anomalia,0.0091,0.1114,0.3445,0.0639,2880.0
Anomalia,0.0216,0.1156,0.0742,-0.2253,3360.0
Anomalia,0.0288,0.1249,-0.0985,-0.6262,3360.0
Anomalia,0.0242,0.1252,0.0016,-0.7757,2640.0
Anomalia,0.0279,0.1423,-0.0501,-0.927,2640.0
Anomalia,0.0105,0.1784,-0.0444,-0.8825,2640.0
Anomalia,0.0184,0.1779,-0.1032,-0.7958,2640.0
Anomalia,0.0129,0.1653,-0.1396,-0.4481,2880.0
Anomalia,0.014,0.1542,-0.2543,-0.0618,2880.0
Anomalia,0.0296,0.1143,0.0198,-0.6709,2880.0
Anomalia,0.0145,0.1083,0.0851,-0.6796,2880.0
Anomalia,0.0172,0.1081,0.0093,-0.5871,3120.0
Anomalia,0.0299,0.1289,0.3898,0.0189,2640.0
Anomalia,0.0203,0.15,0.0308,-0.0151,2640.0
Anomalia,0.0119,0.1567,0.0235,-0.3106,2880.0
Anomalia,0.0257,0.1775,-0.1404,-0.7234,2880.0
Anomalia,0.011,0.191,-0.1937,-0.9114,2880.0
Anomalia,0.0217,0.2009,-0.0655,-0.9727,2640.0
Anomalia,0.0393,0.2089,-0.2372,-1.0177,2880.0
Anomalia,0.0173,0.1962,0.037,-0.9162,2880.0
Anomalia,0.0257,0.1724,-0.018,-0.5611,3120.0
Anomalia,0.0166,0.1346,-0.2915,-0.137,2640.0
Anomalia,0.0093,0.1093,-0.4016,0.44,3360.0
Anomalia,0.0296,0.098,-0.9476,1.7721,3360.0
Anomalia,0.0169,0.075,-0.1605,-0.7468,3360.0
Anomalia,0.0173,0.0644,-0.1722,-0.6441,480.0
Anomalia,0.0196,0.0756,-0.2617,-0.5463,2640.0
Anomalia,0.011,0.0847,0.0566,-0.7015,2880.0
Anomalia,0.0293,0.0918,-0.1672,-0.7619,2880.0
Anomalia,0.0203,0.1016,-0.2169,-1.0517,2880.0
Anomalia,0.0232,0.1066,-0.1458,-1.1131,2880.0
Anomalia,0.0187,0.1123,-0.139,-0.9124,2880.0
Anomalia,0.0124,0.1297,-0.0277,-0.8305,2880.0
Anomalia,0.0253,0.1434,0.1346,-0.7767,2880.0
Anomalia,0.0207,0.1468,0.1064,-0.7559,2640.0
Anomalia,0.0241,0.1416,0.0989,-0.6304,2640.0
Anomalia,0.0218,0.1256,0.202,-0.3484,2880.0
Anomalia,0.0124,0.1523,-0.4433,0.0443,2880.0
Anomalia,0.0207,0.1513,-0.508,0.1628,2880.0
Anomalia,0.0221,0.1737,-0.2554,-0.3163,2880.0
Anomalia,0.0127,0.1753,-0.1303,-0.4275,2880.0
Anomalia,0.0262,0.1473,0.1037,-0.3186,2880.0
Anomalia,0.0236,0.1523,0.1107,-0.339,2880.0
Anomalia,0.0176,0.1446,-0.0851,-0.521,2880.0
Anomalia,0.0216,0.1548,-0.1555,-0.8685,2880.0
Anomalia,0.0148,0.1571,-0.0684,-0.9527,2880.0
Anomalia,0.009,0.149,-0.0134,-0.8317,2880.0
Anomalia,0.0235,0.1284,-0.1254,-0.5833,2880.0
Anomalia,0.0215,0.127,-0.0981,-0.5967,3120.0
Anomalia,0.0255,0.1296,-0.2348,-0.7113,2640.0
Anomalia,0.0206,0.1378,-0.2768,-0.8652,2880.0
Anomalia,0.0095,0.1475,-0.1498,-1.1479,2640.0
Anomalia,0.0132,0.139,-0.1226,-0.9561,2640.0
Anomalia,0.0187,0.1443,0.0538,-0.7128,3360.0
Anomalia,0.0261,0.1328,0.1776,-0.4117,3360.0
Anomalia,0.025,0.1659,0.0264,0.0094,2880.0
Anomalia,0.0222,0.1606,0.0706,0.3419,3360.0
Anomalia,0.0127,0.1523,0.0639,0.5962,3120.0
Anomalia,0.0155,0.1496,-0.0129,0.7827,3120.0
Anomalia,0.0202,0.0974,0.1918,0.08,2640.0
Anomalia,0.0245,0.0992,0.1038,-0.1022,3360.0
Anomalia,0.0247,0.0906,-0.0104,-0.0422,3360.0
Anomalia,0.0198,0.0845,0.0941,0.4711,2880.0
Anomalia,0.0181,0.0858,0.1528,0.5742,3120.0
Anomalia,0.0127,0.0939,-0.0328,0.1014,3120.0
Anomalia,0.0126,0.1155,-0.129,0.824,3360.0
Anomalia,0.0237,0.1373,-0.0028,-0.1678,2880.0
Anomalia,0.0233,0.1598,0.0238,-0.7602,2880.0
Anomalia,0.0316,0.1835,-0.0953,-0.9731,2880.0
Anomalia,0.021,0.172,0.0594,-0.9521,2880.0
Anomalia,0.0083,0.1592,0.1288,-0.6431,2880.0
Anomalia,0.0161,0.1375,-0.0714,-0.0471,3120.0
Anomalia,0.013,0.1003,-0.0602,-0.688,3120.0
Anomalia,0.0253,0.0912,0.197,-0.6605,3120.0
Anomalia,0.0291,0.0952,0.0841,-0.7875,3120.0
Anomalia,0.0095,0.1053,0.1498,-0.5097,2640.0
Anomalia,0.0179,0.1212,0.2082,-0.5258,3360.0
Anomalia,0.0121,0.1281,0.2834,-0.7636,2880.0
Anomalia,0.0163,0.1366,0.2623,-1.0187,2880.0
Anomalia,0.0256,0.1519,-0.0505,-0.8055,2880.0
Anomalia,0.0175,0.1521,0.0016,-0.8601,2880.0
Anomalia,0.0194,0.1498,-0.0363,-0.7822,2880.0
Anomalia,0.0169,0.1546,-0.0794,-0.8085,2880.0
Anomalia,0.0252,0.1375,-0.0584,-0.9122,3120.0
Anomalia,0.0289,0.1199,-0.2094,-0.5438,3120.0
Anomalia,0.0259,0.1295,-0.1974,-0.6541,3360.0
Anomalia,0.0184,0.1094,-0.0472,-0.4009,2880.0
Anomalia,0.0159,0.0998,-0.0175,0.0073,2640.0
Anomalia,0.01,0.1025,0.031,-0.2886,2640.0
Anomalia,0.0204,0.085,-0.0388,-0.6016,2640.0
Anomalia,0.0225,0.0921,-0.0378,-0.992,2880.0
Anomalia,0.0219,0.1039,0.1938,-0.4616,3360.0
Anomalia,0.019,0.1108,0.1543,-0.5828,3360.0
Anomalia,0.0144,0.1234,0.1789,-0.9512,3360.0
Anomalia,0.0189,0.1172,0.1425,-0.6724,3120.0
Anomalia,0.0203,0.1103,-0.0909,-0.8132,2880.0
Anomalia,0.0147,0.1191,-0.0489,-0.7069,2880.0
Anomalia,0.0238,0.1221,-0.0451,-0.4939,2640.0
Anomalia,0.0199,0.133,-0.081,-0.7902,2640.0
Anomalia,0.0176,0.1335,0.0598,-0.7168,3360.0
Anomalia,0.0326,0.1509,-0.005,-0.491,3360.0
Anomalia,0.0192,0.153,0.0992,-0.4635,3360.0
Anomalia,0.0185,0.1649,-0.0195,-0.6088,2880.0
Anomalia,0.019,0.1626,-0.0552,-0.5512,2880.0
Anomalia,0.0061,0.1608,-0.0655,-0.3731,3360.0
Anomalia,0.0185,0.1577,-0.2005,-0.2754,2640.0
Anomalia,0.0178,0.1498,-0.1043,-0.1417,3360.0
Anomalia,0.0196,0.1777,-0.0272,-0.7371,3360.0
Anomalia,0.0349,0.1833,-0.1938,-0.7974,3360.0
Anomalia,0.0181,0.176,-0.0384,-0.6909,2880.0
Anomalia,0.0163,0.1618,0.0557,-0.1872,2880.0
Anomalia,0.0186,0.1434,-0.1081,0.3535,2880.0
Anomalia,0.0108,0.1304,-0.2706,0.303,2880.0
Anomalia,0.0217,0.1448,-0.2723,-0.2434,2880.0
Anomalia,0.0327,0.164,-0.367,-0.7399,2880.0
Anomalia,0.0142,0.1572,-0.1955,-0.9064,2880.0
Anomalia,0.0195,0.1448,-0.0696,-1.02,2880.0
Anomalia,0.0063,0.1339,0.0426,-0.898,2880.0
Anomalia,0.0064,0.1159,-0.0611,-0.8269,2880.0
Anomalia,0.0273,0.1102,-0.1755,-0.786,2880.0
Anomalia,0.0191,0.0939,-0.2534,-0.5281,3360.0
Anomalia,0.0295,0.089,-0.0456,-0.8926,3360.0
Anomalia,0.0176,0.0843,0.0958,-1.0381,3360.0
Anomalia,0.0078,0.0836,0.166,-1.0777,2880.0
Anomalia,0.0218,0.0989,0.2946,-0.7945,3360.0
Anomalia,0.0166,0.0913,0.4056,-0.4084,3120.0
Anomalia,0.026,0.1137,0.399,-0.1589,3360.0
Anomalia,0.03,0.148,0.2505,-0.3483,3360.0
Anomalia,0.0134,0.1483,0.3006,-0.2924,3360.0
Anomalia,0.0166,0.167,0.1223,-0.8665,3360.0
Anomalia,0.0194,0.1581,-0.0047,-0.7312,2880.0
Anomalia,0.0139,0.1503,-0.1218,-0.9583,2880.0
Anomalia,0.0218,0.1539,-0.0903,-0.9206,2880.0
Anomalia,0.0207,0.1629,-0.0655,-0.9622,3120.0
Anomalia,0.0116,0.1611,0.0173,-0.918,3120.0
Anomalia,0.021,0.1554,0.0202,-0.7936,2880.0
Anomalia,0.0146,0.1412,0.0808,-0.4126,2880.0
Anomalia,0.0177,0.1039,0.332,0.4361,2880.0
Anomalia,0.0251,0.1013,0.3109,0.7001,2880.0
Anomalia,0.0249,0.0832,-0.3671,0.1162,2880.0
Anomalia,0.0284,0.0932,-0.3537,-0.2445,3120.0
Anomalia,0.0214,0.1038,-0.3282,-0.4943,3120.0
Anomalia,0.0104,0.1164,-0.2956,-0.6163,3120.0
Anomalia,0.0164,0.1182,-0.1821,-0.4827,2640.0
Anomalia,0.0106,0.1182,-0.1976,-0.4927,2880.0
Anomalia,0.0343,0.1617,0.1649,0.005,2640.0
Anomalia,0.0305,0.167,0.0275,0.1128,3120.0
Anomalia,0.0107,0.1631,0.2461,0.2427,3120.0
Anomalia,0.0312,0.1713,0.0107,-0.0887,3120.0
Anomalia,0.0046,0.127,-0.3332,0.0711,2640.0
Anomalia,0.0186,0.1123,0.0019,-0.6914,2640.0
Anomalia,0.031,0.1389,0.1002,-0.6512,2640.0
Anomalia,0.0085,0.1446,0.053,-0.6368,2640.0
Anomalia,0.0248,0.1491,-0.2396,-0.6188,2640.0
Anomalia,0.0239,0.1574,-0.1737,-0.8709,2880.0
Anomalia,0.0171,0.1383,-0.3737,-0.7517,3360.0
Anomalia,0.0312,0.1244,-0.2648,-0.7896,3360.0
Anomalia,0.022,0.1282,-0.0413,-1.1755,3120.0
Anomalia,0.0124,0.1162,-0.0021,-1.1286,2880.0
Anomalia,0.0224,0.1088,-0.1705,-0.9718,2880.0
Anomalia,0.0176,0.0963,-0.1754,-0.5556,2880.0
Anomalia,0.0205,0.0808,-0.1592,-0.4148,2880.0
Anomalia,0.0317,0.0973,0.3,-0.1438,2880.0
Anomalia,0.0129,0.1162,-0.2509,0.5291,2880.0
Anomalia,0.0228,0.1341,-0.3887,-0.0525,2880.0
Anomalia,0.0164,0.139,-0.2645,-0.4643,2880.0
Anomalia,0.0153,0.132,-0.4597,-0.3013,3360.0
Anomalia,0.025,0.1563,-0.1084,-0.2301,3120.0
Anomalia,0.0124,0.154,0.0856,-0.2277,3120.0
Anomalia,0.0263,0.1579,-0.0459,-0.2753,3120.0
Anomalia,0.0147,0.1553,0.1067,-0.1808,3120.0
Anomalia,0.0182,0.1323,0.1016,-0.8153,3120.0
Anomalia,0.0253,0.1285,0.1245,-1.0103,2640.0
Anomalia,0.0158,0.121,0.2202,-0.8684,2880.0
Anomalia,0.0233,0.1306,0.0443,-1.0372,2880.0
Anomalia,0.0258,0.1681,0.2363,-0.093,2880.0
Anomalia,0.016,0.1679,0.2901,0.011,2880.0
Anomalia,0.0197,0.1735,0.2953,-0.169,2880.0
Anomalia,0.0209,0.1886,0.2136,-0.4088,2880.0
Anomalia,0.0208,0.1853,0.2249,-0.2318,2880.0
Anomalia,0.0343,0.2036,0.0157,-0.6187,2880.0
Anomalia,0.0218,0.205,0.0687,-0.711,2880.0
Anomalia,0.0163,0.1822,0.1962,-0.1208,2880.0
Anomalia,0.0166,0.1346,-0.2168,0.7704,2880.0
Anomalia,0.0087,0.107,-0.2507,0.2408,3360.0
Anomalia,0.0229,0.0926,-0.1568,0.3386,2880.0
Anomalia,0.0345,0.0925,-0.0769,0.5482,3120.0
Anomalia,0.0235,0.0916,0.1238,0.2741,3120.0
Anomalia,0.0187,0.08,0.257,-0.2622,3360.0
Anomalia,0.0176,0.0914,0.5005,0.0797,3120.0
Anomalia,0.0113,0.0925,0.348,0.0078,3120.0
Anomalia,0.0233,0.1027,0.3932,-0.1914,3120.0
Anomalia,0.0225,0.1047,0.4123,-0.1418,2880.0
Anomalia,0.0254,0.1047,0.303,-0.1157,3120.0
Anomalia,0.0203,0.1062,0.4347,-0.1755,2880.0
Anomalia,0.0133,0.1154,0.502,-0.2794,2880.0
Anomalia,0.0238,0.1491,0.2484,-0.305,3120.0
Anomalia,0.013,0.1453,0.3564,-0.1681,2640.0
Anomalia,0.0275,0.1495,0.186,-0.3787,3360.0
Anomalia,0.0232,0.1524,0.1393,-0.3786,3360.0
Anomalia,0.0194,0.118,0.1393,-0.3008,3360.0
Anomalia,0.029,0.1224,0.004,-0.4793,3360.0
Anomalia,0.0141,0.137,-0.1172,-0.5374,2640.0
Anomalia,0.0148,0.1184,-0.2648,-0.1529,2880.0
Anomalia,0.0254,0.137,-0.0363,-0.4366,2880.0
Anomalia,0.0165,0.1423,-0.0247,-0.5238,2880.0
Anomalia,0.0242,0.1356,-0.0415,-0.5303,2640.0
Anomalia,0.0265,0.1664,-0.1109,-0.8619,2880.0
Anomalia,0.0138,0.1652,-0.1545,-0.9432,2880.0
Anomalia,0.0153,0.1523,-0.1545,-0.5117,3120.0
Anomalia,0.0172,0.1508,-0.0986,-0.4962,3120.0
Anomalia,0.0215,0.1384,-0.0949,-0.752,3120.0
Anomalia,0.023,0.1277,-0.0008,-0.6931,2640.0
Anomalia,0.0203,0.1267,0.0712,-0.6673,2880.0
Anomalia,0.0167,0.1151,0.1606,-0.4147,2640.0
Anomalia,0.0163,0.1137,0.3025,0.3551,3360.0
Anomalia,0.0216,0.114,0.3778,0.3833,3360.0
Anomalia,0.0223,0.1362,0.073,-0.6144,3360.0
Anomalia,0.025,0.1581,0.0368,-0.9081,3360.0
Anomalia,0.0197,0.1468,0.0263,-0.9531,3360.0
Anomalia,0.0176,0.1427,0.0438,-0.8577,3120.0
Anomalia,0.0163,0.1199,0.2728,0.0908,3120.0
Anomalia,0.0161,0.0883,0.2968,-0.4199,3120.0
Anomalia,0.0196,0.1036,0.1443,-0.0219,2640.0
Anomalia,0.0113,0.1062,0.2612,0.0333,2880.0
Anomalia,0.026,0.1226,-0.0509,-0.7295,2880.0
Anomalia,0.0198,0.146,-0.1007,-0.6142,3360.0
Anomalia,0.0246,0.1569,-0.1821,-0.2965,3360.0
Anomalia,0.0207,0.1835,-0.1433,-0.6794,3360.0
Anomalia,0.0137,0.1887,-0.035,-0.875,2880.0
Anomalia,0.022,0.1802,-0.0767,-0.8342,2640.0
Anomalia,0.0193,0.1696,0.0316,-0.9241,2880.0
Anomalia,0.0182,0.1379,0.0995,-1.1648,2640.0
Anomalia,0.0207,0.1246,0.0855,-0.9599,2880.0
Anomalia,0.019,0.1264,0.1049,-0.8815,2880.0
Anomalia,0.0119,0.1204,0.0373,-0.8229,2880.0
Anomalia,0.0238,0.1229,-0.0093,-0.9617,3120.0
Anomalia,0.0181,0.1313,0.0323,-1.0728,2880.0
Anomalia,0.0109,0.1363,0.0466,-0.7375,3360.0
Anomalia,0.0161,0.134,0.1506,-0.5011,3360.0
Anomalia,0.0139,0.1367,0.2011,-0.5772,2880.0
Anomalia,0.0204,0.1339,0.1287,-0.4554,2880.0
Anomalia,0.0216,0.1317,0.0449,-0.5308,2640.0
Anomalia,0.0127,0.1242,-0.0071,-0.5012,2640.0
Anomalia,0.0219,0.1245,-0.0448,-0.3432,2880.0
Anomalia,0.0103,0.1173,0.0906,-0.2366,3120.0
Anomalia,0.019,0.0926,0.2442,-0.2466,3120.0
Anomalia,0.0292,0.0925,0.0117,-0.0102,3360.0
Anomalia,0.0081,0.0851,-0.4377,-0.8327,3360.0
Anomalia,0.0186,0.0935,-0.4124,-0.4402,3360.0
Anomalia,0.0153,0.1235,-0.1536,-0.1614,3360.0
Anomalia,0.0129,0.1275,-0.0036,-0.3357,3360.0
Anomalia,0.0344,0.1319,-0.1163,-0.1604,3360.0
Anomalia,0.0179,0.1301,0.0768,-0.2436,3360.0
Anomalia,0.0212,0.1156,0.1958,-0.7513,3360.0
Anomalia,0.0186,0.1257,0.1999,-0.81,3360.0
Anomalia,0.0039,0.1282,0.0616,-0.8325,3360.0
Anomalia,0.0244,0.1268,-0.1711,-0.6692,3360.0
Anomalia,0.019,0.1152,-0.1932,-0.1394,2640.0
Anomalia,0.024,0.1634,-0.1797,1.8347,2640.0
Anomalia,0.0276,0.1865,-0.1217,0.6914,2880.0
Anomalia,0.0115,0.1934,0.0583,0.2434,2880.0
Anomalia,0.0141,0.1979,0.0232,-0.0051,2640.0
Anomalia,0.0171,0.1541,-0.0337,-0.1119,2640.0
Anomalia,0.0139,0.1089,-0.0675,0.0313,3360.0
Anomalia,0.025,0.0911,0.069,-0.4989,3360.0
Anomalia,0.0209,0.1104,-0.2083,0.5506,3360.0
Anomalia,0.0156,0.1238,-0.0764,-0.1262,2640.0
Anomalia,0.0124,0.1416,-0.1249,-0.8439,2880.0
Anomalia,0.0172,0.15,-0.1227,-0.9934,2880.0
Anomalia,0.0166,0.1419,-0.042,-1.1446,2880.0
Anomalia,0.0286,0.1712,0.2416,-0.637,2880.0
Anomalia,0.0246,0.1771,0.1306,-0.639,2880.0
Anomalia,0.0176,0.1745,0.1751,-0.581,2880.0
Anomalia,0.0167,0.1659,0.2298,-0.1892,2880.0
Anomalia,0.0052,0.1288,-0.3583,-0.536,3360.0
Anomalia,0.027,0.1226,0.0697,-0.7268,3120.0
Anomalia,0.0176,0.1379,0.0815,-0.648,2880.0
Anomalia,0.0217,0.155,0.0298,-1.0372,2880.0
Anomalia,0.0209,0.159,0.0657,-1.129,2880.0
Anomalia,0.0034,0.1572,0.1156,-1.1201,2880.0
Anomalia,0.0229,0.1419,-0.0593,-0.9889,2880.0
Anomalia,0.0246,0.1273,-0.1818,-0.7483,3120.0
Anomalia,0.0228,0.1048,-0.2994,0.1621,3120.0
Anomalia,0.0261,0.0822,0.0863,0.2565,2880.0
Anomalia,0.0119,0.0739,-0.0848,0.0192,2400.0
Anomalia,0.0054,0.1022,0.0955,1.1771,2880.0
Anomalia,0.0173,0.1292,0.301,0.0973,3120.0
Anomalia,0.0156,0.1336,0.3016,-0.2134,3360.0
Anomalia,0.0182,0.1361,0.251,-0.3349,3360.0
Anomalia,0.0302,0.1418,0.3315,-0.3743,3360.0
Anomalia,0.0153,0.1408,0.2522,-0.5431,3360.0
Anomalia,0.0261,0.1547,0.0192,-0.8581,3360.0
Anomalia,0.0194,0.1659,0.0379,-1.1519,3120.0
Anomalia,0.0085,0.144,0.0119,-1.0859,2880.0
Anomalia,0.0082,0.1737,-0.0725,0.3005,2640.0
Anomalia,0.0075,0.1934,0.1578,0.2341,2640.0
Anomalia,0.0205,0.1899,0.0115,0.4564,2880.0
Anomalia,0.0254,0.2029,-0.0435,-0.1204,3360.0
Anomalia,0.0251,0.1826,0.0741,-0.4573,3360.0
Anomalia,0.0194,0.1457,-0.0676,-0.6653,3360.0
Anomalia,0.0138,0.137,0.0559,-0.3073,3360.0
Anomalia,0.0144,0.1168,-0.1127,0.3253,3360.0
Anomalia,0.0203,0.0851,-0.1528,-0.1103,3360.0
Anomalia,0.0155,0.0838,-0.1234,-0.0849,3360.0
Anomalia,0.0145,0.0947,0.019,-0.5083,3360.0
Anomalia,0.0206,0.0943,0.1367,-0.7109,2880.0
Anomalia,0.0195,0.1263,0.0388,-0.3164,3120.0
Anomalia,0.027,0.1434,-0.1509,-0.7894,3120.0
Anomalia,0.0204,0.136,-0.1283,-0.5508,3120.0
Anomalia,0.01,0.1319,-0.0123,-0.3865,3120.0
Anomalia,0.0192,0.1224,0.1581,-0.4942,2640.0
Anomalia,0.0144,0.0982,0.5714,0.5735,3360.0
Anomalia,0.0243,0.1281,0.5232,0.8367,3360.0
Anomalia,0.0253,0.1468,0.3022,-0.2135,2880.0
Anomalia,0.0091,0.1571,0.194,-0.3763,2880.0
Anomalia,0.0198,0.1853,0.1273,-1.094,2880.0
Anomalia,0.0191,0.1806,0.0433,-1.2249,2880.0
Anomalia,0.0165,0.1628,0.1259,-0.7245,2880.0
Anomalia,0.0297,0.1386,0.1939,-0.0555,2880.0
Anomalia,0.0165,0.1044,0.1461,0.7543,3120.0
Anomalia,0.0116,0.0846,0.2012,-0.1443,3360.0
Anomalia,0.0187,0.1127,0.1596,-0.1973,3360.0
Anomalia,0.0138,0.1207,0.1494,-0.517,3360.0
Anomalia,0.021,0.13,0.0163,-0.757,3360.0
Anomalia,0.0243,0.1233,-0.0558,-0.4635,3360.0
Anomalia,0.0189,0.1197,-0.1233,-0.5494,3360.0
Anomalia,0.0149,0.1091,-0.074,-0.2002,2640.0
Anomalia,0.0156,0.0946,-0.1832,0.5278,2640.0
Anomalia,0.0124,0.1048,0.0514,-0.0141,2400.0
Anomalia,0.0139,0.1095,0.1533,-0.5184,2880.0
Anomalia,0.0222,0.1126,-0.0075,-0.6332,2640.0
Anomalia,0.0205,0.1239,0.0277,-1.0281,2640.0
Anomalia,0.0171,0.1335,-0.1478,-1.0076,3120.0
Anomalia,0.009,0.1378,-0.2843,-0.9049,3120.0
Anomalia,0.0084,0.1491,-0.0251,-0.9767,3120.0
Anomalia,0.0145,0.1492,-0.0719,-0.9424,2880.0
Anomalia,0.0271,0.1647,0.054,-0.6715,2880.0
Anomalia,0.0337,0.1646,0.0607,-0.6467,2880.0
Anomalia,0.0191,0.1543,0.1567,-0.38,2880.0
Anomalia,0.0209,0.1696,0.2758,-0.5579,2880.0
Anomalia,0.013,0.1771,0.2355,-0.4401,2880.0
Anomalia,0.0143,0.1842,0.1559,-0.4272,2880.0
Anomalia,0.0278,0.1886,-0.0017,-0.5806,2880.0
Anomalia,0.0145,0.1732,0.0143,-0.2896,2880.0
Anomalia,0.0125,0.1584,-0.1954,-0.4412,2640.0
Anomalia,0.0183,0.1301,-0.2893,-0.102,3120.0
Anomalia,0.0093,0.1206,-0.2428,0.3553,3120.0
Anomalia,0.0266,0.1186,-0.4636,1.0076,3120.0
Anomalia,0.0213,0.0805,0.4772,-0.0688,2640.0
Anomalia,0.0161,0.0757,0.4999,0.3638,2880.0
Anomalia,0.0208,0.0721,0.5127,0.702,2880.0
Anomalia,0.0128,0.054,-0.2428,-0.3183,2880.0
Anomalia,0.0223,0.0608,-0.2522,-0.5744,960.0
Anomalia,0.0194,0.0702,-0.4376,0.1707,3120.0
Anomalia,0.0284,0.0973,-0.3524,0.2597,480.0
Anomalia,0.0155,0.1011,-0.1324,-0.3184,3120.0
Anomalia,0.0198,0.1029,-0.1424,-0.3009,3120.0
Anomalia,0.0139,0.1121,-0.11,-0.0004,3600.0
Anomalia,0.0127,0.1078,0.2925,0.6537,2640.0
Anomalia,0.0131,0.1219,-0.0133,-0.0983,2640.0
Anomalia,0.0163,0.1285,-0.0124,-0.4044,2880.0
Anomalia,0.0236,0.1298,-0.0292,-0.7846,2880.0
Anomalia,0.0179,0.115,-0.2513,-0.5764,2880.0
Anomalia,0.0298,0.1005,-0.0353,-0.2894,3360.0
Anomalia,0.0135,0.1048,-0.4623,0.1617,2880.0
Anomalia,0.0157,0.095,-0.6766,0.5582,3360.0
Anomalia,0.0214,0.1028,-0.5571,0.0956,3360.0
Anomalia,0.0129,0.1116,-0.487,-0.4477,3360.0
Anomalia,0.0246,0.1124,-0.1717,-0.903,3360.0
Anomalia,0.0237,0.1226,-0.1439,-1.0313,3360.0
Anomalia,0.0144,0.1256,-0.0187,-1.1485,3360.0
Anomalia,0.0241,0.1322,-0.0192,-1.2519,3360.0
Anomalia,0.0185,0.1258,0.0501,-1.1618,3360.0
Anomalia,0.0139,0.1406,-0.1288,-0.806,3120.0
Anomalia,0.021,0.1356,-0.2596,-0.5153,3120.0
Anomalia,0.0107,0.1234,-0.2192,-0.1525,2880.0
Anomalia,0.0156,0.1376,-0.1999,-0.4392,2640.0
Anomalia,0.0298,0.1238,0.0676,-0.4552,2640.0
Anomalia,0.0216,0.1376,0.0066,-0.8046,2640.0
Anomalia,0.0254,0.157,-0.0959,-1.0439,2880.0
Anomalia,0.0186,0.1449,-0.052,-0.8917,2880.0
Anomalia,0.0056,0.1785,0.3004,-0.2069,2880.0
Anomalia,0.016,0.1838,0.2307,-0.2693,2880.0
Anomalia,0.0177,0.171,0.2984,0.2576,2880.0
Anomalia,0.0234,0.1694,0.2784,0.371,2880.0
Anomalia,0.0261,0.1201,0.2041,0.4293,2400.0
Anomalia,0.0108,0.0952,0.3842,-0.5283,2880.0
Anomalia,0.0206,0.0941,0.4081,-0.3932,2880.0
Anomalia,0.014,0.1285,0.0693,0.6074,2880.0
Anomalia,0.0201,0.136,0.0455,0.2547,2880.0
Anomalia,0.0289,0.1468,-0.0864,-0.2073,2880.0
Anomalia,0.0151,0.1478,0.0338,-0.4031,2880.0
Anomalia,0.0239,0.1185,0.0473,-0.658,2880.0
Anomalia,0.015,0.1202,-0.0239,-0.9363,2640.0
Anomalia,0.0127,0.1032,-0.0595,-0.6091,2640.0
Anomalia,0.0225,0.1006,-0.1724,-0.5464,2640.0
Anomalia,0.0158,0.1054,-0.1384,-0.7844,3120.0
Anomalia,0.0206,0.0923,-0.2926,-0.6141,3120.0
Anomalia,0.0241,0.0986,-0.2627,-0.8403,3120.0
Anomalia,0.0069,0.1027,-0.2583,-0.2806,2880.0
Anomalia,0.0167,0.1193,0.0395,-0.3221,2880.0
Anomalia,0.0187,0.1504,0.0714,-0.8237,2880.0
Anomalia,0.0179,0.1623,0.0926,-1.1178,2880.0
Anomalia,0.0381,0.1678,-0.0209,-1.2225,2880.0
Anomalia,0.0244,0.1936,-0.1522,-0.8909,3120.0
Anomalia,0.0127,0.1735,-0.1109,-0.3546,3120.0
Anomalia,0.0152,0.1714,-0.1657,-0.2227,2880.0
Anomalia,0.0058,0.1775,-0.1129,-0.53,3360.0
Anomalia,0.0252,0.1361,-0.1862,-0.5539,3120.0
Anomalia,0.0252,0.1565,-0.2411,-0.9107,3120.0
Anomalia,0.0172,0.1485,-0.183,-0.8386,2880.0
Anomalia,0.0211,0.1288,-0.2735,-0.3306,2640.0
Anomalia,0.0075,0.1403,-0.0401,-0.6149,2640.0
Anomalia,0.0181,0.1117,0.0108,-0.0446,3120.0
Anomalia,0.0254,0.1072,-0.0366,0.3455,2880.0
Anomalia,0.0176,0.1025,0.0711,0.5132,2880.0
Anomalia,0.02,0.102,0.1357,0.7003,3360.0
Anomalia,0.0223,0.1381,0.1197,-0.0005,3360.0
Anomalia,0.0104,0.1439,0.2118,-0.3076,2880.0
Anomalia,0.0261,0.1491,-0.0742,-0.5284,2880.0
Anomalia,0.0187,0.135,-0.0674,-0.2496,2880.0
Anomalia,0.0129,0.1399,0.0588,0.2318,3120.0
Anomalia,0.0253,0.1342,-0.0483,0.7559,2640.0
Anomalia,0.0097,0.1284,0.2731,1.1992,3360.0
Anomalia,0.0155,0.1463,0.1725,0.1527,3360.0
Anomalia,0.0209,0.1178,0.172,0.0901,3360.0
Anomalia,0.0125,0.12,0.3353,-0.0054,3360.0
Anomalia,0.0187,0.1341,0.1254,-0.693,2880.0
Anomalia,0.0229,0.1317,0.2816,-0.7248,2880.0
Anomalia,0.0119,0.1277,0.3257,-0.7598,2880.0
Anomalia,0.0123,0.1352,0.2663,-0.8966,2880.0
Anomalia,0.019,0.131,0.2927,-0.7803,2880.0
Anomalia,0.0144,0.1283,0.7906,0.5322,2880.0
Anomalia,0.0255,0.1555,0.7314,0.0586,2880.0
Anomalia,0.0237,0.1483,0.8509,0.4416,2880.0
Anomalia,0.0182,0.1441,0.9595,0.847,2880.0
Anomalia,0.0119,0.1385,0.5897,0.4194,2880.0
Anomalia,0.0061,0.1036,-0.0492,-0.6038,3120.0
Anomalia,0.0227,0.1028,-0.2788,-0.2798,3360.0
Anomalia,0.0119,0.1346,-0.4943,0.1568,2640.0
Anomalia,0.0219,0.1311,-0.5096,0.5664,2640.0
Anomalia,0.0174,0.1331,-0.4212,0.3062,2880.0
Anomalia,0.0124,0.1388,-0.2426,-0.1048,2880.0
Anomalia,0.026,0.1208,0.181,-0.7908,3360.0
Anomalia,0.0186,0.1184,0.1829,-0.8469,3360.0
Anomalia,0.0193,0.1181,0.259,-0.8117,3360.0
Anomalia,0.0171,0.1061,0.2437,-0.3687,3360.0
Anomalia,0.0019,0.0906,0.1834,-0.23,3120.0
Anomalia,0.0124,0.1481,0.4063,0.8308,3120.0
Anomalia,0.0242,0.1509,0.2319,0.6136,2880.0
Anomalia,0.0175,0.1812,0.1034,-0.391,2880.0
Anomalia,0.0263,0.2059,-0.1121,-0.6268,2880.0
Anomalia,0.0217,0.1897,-0.2219,-0.4727,3360.0
Anomalia,0.011,0.1974,-0.1389,-0.7414,3360.0
Anomalia,0.0243,0.1776,-0.285,-0.2882,3360.0
Anomalia,0.0216,0.1515,-0.1296,-0.5712,3360.0
Anomalia,0.0149,0.1321,-0.1817,-0.6184,2880.0
Anomalia,0.0229,0.1382,0.0092,-0.5688,2640.0
Anomalia,0.0095,0.1341,0.1669,-0.4552,2640.0
Anomalia,0.0165,0.1318,-0.0214,-0.328,2640.0
Anomalia,0.0201,0.162,0.0821,-0.2786,3360.0
Anomalia,0.0167,0.1514,0.0895,0.0594,2880.0
Anomalia,0.0239,0.148,-0.0075,0.3561,2880.0
Anomalia,0.0154,0.1422,0.1587,0.7397,2880.0
Anomalia,0.0179,0.0967,0.0999,0.5478,3360.0
Anomalia,0.0195,0.0767,0.2239,-0.6631,3120.0
Anomalia,0.0084,0.1128,-0.098,0.314,3120.0
Anomalia,0.0243,0.1415,-0.0153,-0.2929,2880.0
Anomalia,0.0204,0.1455,0.052,-0.4939,2880.0
Anomalia,0.0201,0.1493,0.0225,-0.6786,3120.0
Anomalia,0.0219,0.1347,0.1935,-0.5515,3120.0
Anomalia,0.0077,0.1075,0.1559,-0.736,2880.0
Anomalia,0.0091,0.1057,0.0107,-0.5618,2880.0
Anomalia,0.0152,0.1118,0.0979,-0.6911,2640.0
Anomalia,0.0193,0.0992,0.0872,-0.5349,2640.0
Anomalia,0.0287,0.1649,0.0096,0.3907,2640.0
Anomalia,0.0255,0.1669,0.0439,0.2378,2640.0
Anomalia,0.0062,0.1832,0.1262,-0.3224,2880.0
Anomalia,0.0226,0.2035,0.0426,-0.8425,2880.0
Anomalia,0.0139,0.186,-0.0445,-0.8904,2880.0
Anomalia,0.0169,0.1777,-0.0782,-0.5762,2880.0
Anomalia,0.0317,0.1572,-0.1256,0.0876,2880.0
Anomalia,0.0181,0.1418,-0.2392,0.1863,2880.0
Anomalia,0.0187,0.1006,0.1766,-0.6187,2880.0
Anomalia,0.0163,0.1052,0.1277,-0.8565,3360.0
Anomalia,0.0139,0.1209,0.2044,-0.5597,3360.0
Anomalia,0.0128,0.1179,0.1963,-0.2399,3360.0
Anomalia,0.0168,0.1242,0.2063,-0.4565,3360.0
Anomalia,0.0228,0.1582,0.1143,-0.6583,2640.0
Anomalia,0.022,0.1451,0.1371,-0.2844,3360.0
Anomalia,0.0217,0.1384,0.1756,-0.0651,3120.0
Anomalia,0.0146,0.1461,0.1315,-0.3911,2640.0
Anomalia,0.0081,0.146,-0.0952,-0.4288,2880.0
Anomalia,0.0193,0.1502,-0.2185,-0.5118,2880.0
Anomalia,0.0194,0.1499,-0.2363,-0.4739,2880.0
Anomalia,0.0161,0.1508,-0.2602,-0.5222,2880.0
Anomalia,0.0268,0.1383,0.0075,-0.7648,2880.0
Anomalia,0.0111,0.162,0.0038,-0.9078,2880.0
Anomalia,0.0187,0.1674,0.0173,-0.8997,2880.0
Anomalia,0.0331,0.1605,-0.0728,-0.6821,2880.0
Anomalia,0.0245,0.1472,-0.1661,-0.4082,2640.0
Anomalia,0.0181,0.1193,0.1358,-0.4679,3120.0
Anomalia,0.0219,0.1288,-0.2492,-1.002,2880.0
Anomalia,0.0163,0.1472,-0.1877,-0.7855,2640.0
Anomalia,0.0237,0.172,-0.1313,-0.8502,2640.0
Anomalia,0.0364,0.1914,-0.2986,-1.0227,2880.0
Anomalia,0.0122,0.1889,0.0104,-1.0382,2880.0
Anomalia,0.0234,0.1875,-0.0709,-1.0226,2880.0
Anomalia,0.0116,0.1566,0.0205,-0.5117,2880.0
Anomalia,0.0074,0.129,0.1487,0.0828,2880.0
Anomalia,0.0293,0.1377,0.2637,-0.1605,3120.0
Anomalia,0.0106,0.1111,0.7223,0.7011,2880.0
Anomalia,0.0212,0.1286,0.3558,-0.3549,2880.0
Anomalia,0.0236,0.1399,0.3286,-0.5729,3120.0
Anomalia,0.0156,0.1279,0.1048,-0.6278,2640.0
Anomalia,0.0321,0.1263,-0.1648,-0.324,2640.0
Anomalia,0.0186,0.1317,-0.3807,-0.0291,2880.0
Anomalia,0.0238,0.1258,-0.5836,0.085,2880.0
Anomalia,0.0223,0.1204,-0.5322,0.2294,2880.0
Anomalia,0.0136,0.1527,-0.1956,-0.5614,2880.0
Anomalia,0.02,0.1384,0.0204,-0.3255,2880.0
Anomalia,0.0175,0.1337,0.0038,-0.0891,2640.0
Anomalia,0.0124,0.1387,0.0017,-0.381,2640.0
Anomalia,0.0221,0.1089,-0.0445,-0.7286,3360.0
Anomalia,0.015,0.139,-0.4356,-0.1724,2880.0
Anomalia,0.015,0.1362,-0.4576,0.0192,3360.0
Anomalia,0.0214,0.1731,-0.1723,0.1078,3360.0
Anomalia,0.0094,0.1779,-0.0226,-0.1328,2880.0
Anomalia,0.0274,0.1613,0.0002,0.395,2880.0
Anomalia,0.0224,0.1668,0.0576,0.0198,2880.0
Anomalia,0.0235,0.1383,0.0464,-0.6486,2880.0
Anomalia,0.0245,0.1413,-0.0184,-0.8982,2880.0
Anomalia,0.0121,0.133,0.0897,-0.6713,2880.0
Anomalia,0.0191,0.1329,0.0219,-0.6965,2880.0
Anomalia,0.0293,0.1339,0.1177,-0.6189,3360.0
Anomalia,0.0227,0.1374,-0.0312,-0.3148,3120.0
Anomalia,0.0264,0.1371,-0.0806,-0.2991,2880.0
Anomalia,0.0166,0.1336,-0.0182,-0.15,2880.0
Anomalia,0.0043,0.1305,-0.2513,-0.3951,2640.0
Anomalia,0.0201,0.1345,0.1113,-0.2766,2640.0
Anomalia,0.0233,0.1798,0.1466,-0.4059,2640.0
Anomalia,0.0266,0.1821,0.0885,-0.5052,2880.0
Anomalia,0.0261,0.1837,0.1003,-0.5797,2880.0
Anomalia,0.0127,0.1688,0.2286,-0.1366,2880.0
Anomalia,0.0125,0.1333,-0.0113,-0.8024,2880.0
Anomalia,0.0167,0.1284,-0.0412,-0.5883,2880.0
Anomalia,0.0198,0.1077,-0.1936,-0.3994,2880.0
Anomalia,0.0284,0.1157,-0.2195,-0.5962,2880.0
Anomalia,0.0204,0.1004,-0.1231,-0.8718,2880.0
Anomalia,0.015,0.1036,0.0304,-1.0474,2880.0
Anomalia,0.0201,0.1112,0.1328,-0.9711,3360.0
Anomalia,0.008,0.1411,-0.0153,-0.0047,3360.0
Anomalia,0.0219,0.1493,-0.107,-0.2787,3360.0
Anomalia,0.0258,0.1502,-0.1767,-0.2548,3360.0
Anomalia,0.0173,0.1418,-0.1131,0.0709,3360.0
Anomalia,0.0295,0.128,0.1131,-0.4917,3120.0
Anomalia,0.0119,0.1214,0.2319,-0.3172,2640.0
Anomalia,0.0098,0.1159,0.2532,-0.0117,2880.0
Anomalia,0.0157,0.1231,0.2769,-0.297,2880.0
Anomalia,0.0134,0.1003,0.2488,-0.5529,2880.0
Anomalia,0.0225,0.1248,0.0353,-0.3892,2880.0
Anomalia,0.0268,0.127,0.0314,-0.41,2880.0
Anomalia,0.0088,0.1307,0.0152,-0.5515,2880.0
Anomalia,0.0151,0.1309,-0.0723,-0.4454,2880.0
Anomalia,0.0141,0.1084,-0.0989,-0.355,2880.0
Anomalia,0.0143,0.1076,-0.0855,-0.3804,3360.0
Anomalia,0.0284,0.1626,0.1261,1.1075,2880.0
Anomalia,0.0121,0.1815,0.1563,0.3012,2880.0
Anomalia,0.0164,0.1774,0.1067,0.5928,2880.0
Anomalia,0.0117,0.1908,0.0694,-0.0513,2880.0
Anomalia,0.0185,0.1502,-0.2382,0.0712,3120.0
Anomalia,0.0307,0.1446,-0.0412,-0.3414,3120.0
Anomalia,0.0172,0.1555,0.0161,-0.7352,2640.0
Anomalia,0.0132,0.1353,0.2987,-0.2771,2880.0
Anomalia,0.0094,0.1247,0.275,-0.0318,2640.0
Anomalia,0.0063,0.1018,-0.1438,-0.2815,2640.0
Anomalia,0.0214,0.0832,0.1897,-1.0068,2880.0
Anomalia,0.0216,0.1062,-0.0932,-0.3412,2880.0
Anomalia,0.0173,0.1059,-0.114,-0.2328,2880.0
Anomalia,0.015,0.1295,0.0407,-0.1349,3360.0
Anomalia,0.012,0.1574,0.1434,-0.6319,2880.0
Anomalia,0.0136,0.1475,0.1625,-0.3255,2880.0
Anomalia,0.023,0.1576,0.123,-0.7368,2880.0
Anomalia,0.0193,0.1457,-0.0291,-0.4184,2880.0
Anomalia,0.0175,0.1264,-0.122,-0.501,2640.0
Anomalia,0.023,0.1224,-0.2393,-0.1722,2640.0
Anomalia,0.0114,0.1093,-0.452,0.2954,3360.0
Anomalia,0.0171,0.1112,-0.1057,-0.5706,3360.0
Anomalia,0.0194,0.0987,-0.2643,-0.4943,2880.0
Anomalia,0.0062,0.1329,-0.1616,-0.0998,2880.0
Anomalia,0.015,0.1661,0.1143,-0.524,2880.0
Anomalia,0.0147,0.1719,0.1068,-0.6822,2880.0
Anomalia,0.0113,0.1805,0.1365,-0.9871,2880.0
Anomalia,0.024,0.1721,0.1542,-1.0046,2880.0
Anomalia,0.0196,0.1676,0.0483,-1.0325,2880.0
Anomalia,0.0273,0.1573,-0.0431,-0.752,2880.0
Anomalia,0.0231,0.1518,-0.0034,-0.56,2880.0
Anomalia,0.0131,0.1424,-0.0416,-0.465,3360.0
Anomalia,0.0142,0.1176,-0.2202,-0.5946,3360.0
Anomalia,0.0109,0.1296,-0.0114,-0.5079,3120.0
Anomalia,0.0196,0.1355,-0.1763,-0.5339,3120.0
Anomalia,0.0305,0.1457,-0.3398,-0.2158,2880.0
Anomalia,0.0178,0.1542,-0.3021,-0.3541,2880.0
Anomalia,0.0169,0.1448,-0.3371,-0.1075,2880.0
Anomalia,0.0062,0.1323,-0.1268,0.4668,2880.0
Anomalia,0.0104,0.1193,-0.131,0.4864,2880.0
Anomalia,0.0287,0.1034,0.0775,-0.6661,3360.0
Anomalia,0.0185,0.091,0.1149,-0.4202,3120.0
Anomalia,0.0249,0.0913,0.0124,-0.3383,3120.0
Anomalia,0.0175,0.0862,0.2426,-0.3012,2640.0
Anomalia,0.0032,0.0708,0.2055,-0.0002,2640.0
Anomalia,0.0174,0.0931,0.4594,-0.1573,2640.0
Anomalia,0.0191,0.0946,0.3715,-0.3054,3120.0
Anomalia,0.0191,0.1251,0.1304,0.7631,2880.0
Anomalia,0.0245,0.1497,0.0138,-0.2552,3360.0
Anomalia,0.0171,0.1487,-0.0172,-0.2326,3360.0
Anomalia,0.0108,0.1615,-0.0025,-0.7894,3360.0
Anomalia,0.0189,0.1365,-0.2202,-0.6258,3360.0
Anomalia,0.0188,0.1241,-0.2981,-0.8998,2880.0
Anomalia,0.0188,0.1248,-0.3138,-0.9031,2880.0
Anomalia,0.0232,0.1354,-0.1435,-0.7358,3120.0
Anomalia,0.0137,0.1363,0.0356,-0.8641,2640.0
Anomalia,0.0129,0.1321,0.0271,-0.7825,3360.0
Anomalia,0.0142,0.1208,0.1197,-0.4284,2880.0
Anomalia,0.0171,0.0909,-0.01,-0.9543,2880.0
Anomalia,0.0201,0.0887,-0.0842,-0.9009,3360.0
Anomalia,0.0282,0.0768,-0.4665,-0.5403,3360.0
Anomalia,0.0226,0.0897,0.119,-0.1054,3360.0
Anomalia,0.0174,0.099,0.0485,-0.2511,3360.0
Anomalia,0.0131,0.1247,-0.0448,-0.6331,3120.0
Anomalia,0.0146,0.1468,0.1756,-0.9873,3120.0
Anomalia,0.0119,0.1546,-0.0126,-1.1285,2880.0
Anomalia,0.0257,0.1831,-0.0111,-1.1078,3120.0
Anomalia,0.0287,0.1791,-0.068,-0.9604,3120.0
Anomalia,0.0146,0.1629,0.0541,-0.5862,3120.0
Anomalia,0.0322,0.1752,0.1381,-0.6479,2640.0
Anomalia,0.0097,0.151,0.2766,-0.4832,2640.0
Anomalia,0.0159,0.1469,0.3366,-0.4855,2640.0
Anomalia,0.0272,0.1863,0.2092,-0.8963,2640.0
Anomalia,0.0065,0.1711,0.2549,-0.7024,2640.0
Anomalia,0.0213,0.163,0.1442,-0.4505,2640.0
Anomalia,0.0251,0.1665,0.1378,-0.4116,2880.0
Anomalia,0.015,0.1403,-0.3371,-0.2446,2880.0
Anomalia,0.0211,0.1314,-0.3455,0.2805,2880.0
Anomalia,0.0196,0.1314,-0.2697,0.2537,3120.0
Anomalia,0.0093,0.1146,-0.4404,0.5497,2880.0
Anomalia,0.0208,0.0978,0.2188,-0.6877,3360.0
Anomalia,0.0246,0.1262,-0.1948,-0.0553,3360.0
Anomalia,0.0222,0.1442,0.0351,-0.2488,3360.0
Anomalia,0.0221,0.1495,-0.0013,-0.4643,3360.0
Anomalia,0.0127,0.1615,-0.0087,-0.773,3360.0
Anomalia,0.0224,0.1401,-0.0831,-0.2913,3360.0
Anomalia,0.0158,0.1492,-0.3345,-0.0951,2880.0
Anomalia,0.0202,0.1652,-0.1809,-0.3048,2880.0
Anomalia,0.0216,0.1565,-0.0705,-0.0238,2880.0
Anomalia,0.0059,0.1531,0.1923,0.1332,2880.0
Anomalia,0.0252,0.1281,0.2455,0.1911,2880.0
Anomalia,0.0151,0.1118,0.1454,-0.7977,3120.0
Anomalia,0.0178,0.1169,0.0405,-0.8314,3120.0
Anomalia,0.0256,0.1493,0.0171,-0.9882,3120.0
Anomalia,0.016,0.1511,0.0712,-0.9934,2880.0
Anomalia,0.0233,0.1584,0.0075,-0.9321,3120.0
Anomalia,0.0281,0.1985,0.083,-0.5488,3120.0
Anomalia,0.0163,0.2059,-0.0868,-0.3974,2880.0
Anomalia,0.0219,0.2203,0.0254,-0.6829,2880.0
Anomalia,0.0153,0.2442,0.063,-0.9419,2880.0
Anomalia,0.0192,0.2644,0.15,-0.811,2880.0
Anomalia,0.03,0.27,0.1289,-0.9543,2880.0
Anomalia,0.013,0.2566,0.2583,-0.6588,2880.0
Anomalia,0.0144,0.2222,0.3848,0.2362,2880.0
Anomalia,0.0081,0.1555,0.1467,0.3058,3120.0
Anomalia,0.0056,0.109,0.33,-0.7634,2880.0
Anomalia,0.0236,0.1235,0.0542,-0.8712,2880.0
Anomalia,0.0298,0.1334,-0.1351,-1.0371,2880.0
Anomalia,0.0238,0.1184,-0.1769,-0.5665,2880.0
Anomalia,0.0215,0.112,-0.1706,-0.3011,3120.0
Anomalia,0.0141,0.1113,-0.0252,-0.1428,2640.0
Anomalia,0.0148,0.1109,-0.1309,-0.1689,3360.0
Anomalia,0.0232,0.1204,-0.168,-0.5529,3360.0
Anomalia,0.0194,0.1354,-0.1625,-0.8063,2880.0
Anomalia,0.0237,0.135,-0.0795,-0.4781,3120.0
Anomalia,0.0205,0.1328,0.0113,-0.4212,2880.0
Anomalia,0.0089,0.1259,0.2178,-0.0962,2880.0
Anomalia,0.0253,0.1421,0.2861,0.0529,2640.0
Anomalia,0.0119,0.1389,0.2611,-0.0526,2640.0
Anomalia,0.0194,0.1436,0.1095,-0.2159,2880.0
Anomalia,0.026,0.1527,-0.0358,-0.5328,3360.0
Anomalia,0.0169,0.1285,-0.2453,-0.5944,2880.0
Anomalia,0.0221,0.1233,-0.253,-0.402,2880.0
Anomalia,0.0146,0.1398,0.0877,-0.3016,2640.0
Anomalia,0.0138,0.1423,0.1707,-0.3466,2880.0
Anomalia,0.0234,0.1567,0.2326,-0.6603,2880.0
Anomalia,0.0229,0.167,0.1061,-0.9216,2880.0
Anomalia,0.0194,0.1563,-0.002,-0.8738,2880.0
Anomalia,0.0207,0.165,-0.0504,-0.9972,2880.0
Anomalia,0.0103,0.1542,-0.1519,-0.8577,2880.0
Anomalia,0.0162,0.1436,-0.2318,-0.6422,3120.0
Anomalia,0.0278,0.1452,-0.1778,-0.7214,3360.0
Anomalia,0.029,0.1433,-0.0878,-0.74,2640.0
Anomalia,0.0293,0.1466,-0.2019,-0.7638,2880.0
Anomalia,0.0134,0.142,0.0546,-0.734,2880.0
Anomalia,0.0095,0.1466,0.1734,-0.6643,2640.0
Anomalia,0.0149,0.1379,0.1184,-0.4445,2640.0
Anomalia,0.0156,0.1274,0.4118,-0.3571,3360.0
Anomalia,0.0277,0.127,0.3211,-0.3855,3360.0
Anomalia,0.0227,0.131,0.1171,-0.5218,3360.0
Anomalia,0.0162,0.1241,0.0268,-0.6047,3360.0
Anomalia,0.0224,0.1351,-0.0099,-0.8246,3120.0
Anomalia,0.0166,0.13,0.0775,-0.6062,3120.0
Anomalia,0.0208,0.1076,0.086,-0.5577,2880.0
Anomalia,0.0252,0.1136,0.139,-0.3998,2880.0
Anomalia,0.0143,0.1013,0.0718,-0.1346,2880.0
Anomalia,0.0241,0.1058,-0.0778,-0.3417,3360.0
Anomalia,0.0235,0.111,-0.151,-0.0289,3360.0
Anomalia,0.0223,0.1183,-0.3968,0.1149,3360.0
Anomalia,0.0216,0.1424,-0.4412,-0.1935,3360.0
Anomalia,0.0215,0.1569,-0.3228,-0.762,2880.0
Anomalia,0.0166,0.1827,-0.1511,-1.1405,2880.0
Anomalia,0.0173,0.1793,-0.0664,-1.1107,2880.0
Anomalia,0.0197,0.158,0.056,-0.784,2880.0
Anomalia,0.0124,0.1432,0.1676,-0.2387,2880.0
Anomalia,0.0214,0.1001,0.4232,-0.4363,2880.0
Anomalia,0.0156,0.1031,0.294,-0.4324,2880.0
Anomalia,0.0168,0.111,0.0783,-0.6048,2880.0
Anomalia,0.0239,0.1272,0.0368,-0.8126,2880.0
Anomalia,0.0133,0.1289,0.1986,-0.9025,2640.0
Anomalia,0.0162,0.1135,0.0497,-0.6677,2640.0
Anomalia,0.0178,0.1111,0.0375,-0.6113,3120.0
Anomalia,0.0208,0.1316,0.1086,-0.2403,2880.0
Anomalia,0.0265,0.157,-0.0052,-0.5409,2880.0
Anomalia,0.0137,0.1682,0.0921,-0.9557,2880.0
Anomalia,0.0226,0.1722,-0.0119,-1.0697,2880.0
Anomalia,0.0133,0.1506,-0.0211,-0.8839,3120.0
Anomalia,0.0155,0.1196,-0.2335,-0.9258,3120.0
Anomalia,0.0262,0.109,-0.273,-0.8048,3360.0
Anomalia,0.013,0.1045,-0.1902,-0.8294,3360.0
Anomalia,0.0127,0.1014,-0.1197,-0.8661,3360.0
Anomalia,0.0207,0.1142,0.0046,-0.9779,3360.0
Anomalia,0.015,0.1049,0.1773,-0.6503,3360.0
Anomalia,0.0303,0.1027,0.2019,-0.4875,3360.0
Anomalia,0.0232,0.1201,-0.4337,0.4415,3360.0
Anomalia,0.0119,0.1053,-0.6453,1.3463,2880.0
Anomalia,0.0186,0.1589,0.3,0.9137,2880.0
Anomalia,0.0078,0.1697,0.3976,0.4722,2880.0
Anomalia,0.0183,0.1589,0.5484,0.92,2880.0
Anomalia,0.0224,0.1615,0.4633,0.6867,2880.0
Anomalia,0.0242,0.1596,-0.0902,0.3709,3600.0
Anomalia,0.0184,0.16,-0.0796,0.2335,3120.0
Anomalia,0.0208,0.1774,-0.1083,-0.196,3360.0
Anomalia,0.0133,0.1817,0.0281,-0.4367,3360.0
Anomalia,0.0172,0.1587,0.0886,-0.5803,3360.0
Anomalia,0.0193,0.1423,0.1426,-0.2225,3360.0
Anomalia,0.0211,0.1253,0.27,-0.8935,3360.0
Anomalia,0.0229,0.1196,0.1788,-0.6832,3360.0
Anomalia,0.0187,0.1171,0.1266,-0.5082,3120.0
Anomalia,0.0166,0.1278,0.0419,-0.8913,2640.0
Anomalia,0.0179,0.1333,0.1424,-0.6923,2640.0
Anomalia,0.0202,0.1616,-0.0055,-0.9421,3360.0
Anomalia,0.028,0.172,0.0452,-0.98,2880.0
Anomalia,0.0277,0.1726,0.0135,-0.922,2880.0
Anomalia,0.0156,0.1624,0.0763,-0.6941,2880.0
Anomalia,0.0129,0.141,0.2646,-0.476,2880.0
Anomalia,0.0077,0.1421,0.0535,-0.4202,2880.0
Anomalia,0.0222,0.1387,-0.0729,-0.2586,2880.0
Anomalia,0.026,0.1446,-0.1651,-0.4125,2880.0
Anomalia,0.0206,0.1548,-0.1378,-0.5277,2880.0
Anomalia,0.0176,0.158,0.0115,-0.655,2880.0
Anomalia,0.0066,0.1604,0.1292,-0.758,2880.0
Anomalia,0.0215,0.1614,0.0426,-0.8365,2880.0
Anomalia,0.0284,0.1443,0.0173,-0.4614,2880.0
Anomalia,0.0245,0.1265,-0.0547,-0.8492,2880.0
Anomalia,0.0258,0.1274,-0.1125,-0.8031,2880.0
Anomalia,0.0105,0.1114,-0.0136,-0.2445,2880.0
Anomalia,0.0091,0.1217,0.1006,-0.587,3120.0
Anomalia,0.0189,0.1284,0.051,-0.5967,3120.0
Anomalia,0.0191,0.121,0.3005,-0.547,3360.0
Anomalia,0.0251,0.1362,0.1062,-1.0191,3360.0
Anomalia,0.0298,0.1411,0.1714,-0.8562,3360.0
Anomalia,0.0194,0.1246,0.2494,-0.6015,3360.0
Anomalia,0.0256,0.1273,0.1162,-0.5782,3360.0
Anomalia,0.0185,0.1195,0.1915,-0.3614,3120.0
Anomalia,0.0128,0.1143,0.0325,-0.8665,2880.0
Anomalia,0.0177,0.1309,0.1451,-0.3385,2880.0
Anomalia,0.016,0.1423,0.0874,-0.2809,2640.0
Anomalia,0.0226,0.1487,0.0775,-0.5303,3360.0
Anomalia,0.0238,0.161,-0.1013,-0.7249,3360.0
Anomalia,0.0213,0.1494,-0.1861,-0.6749,3360.0
Anomalia,0.0191,0.1351,-0.0726,-0.7429,3360.0
Anomalia,0.0164,0.1251,-0.1628,-0.4272,3360.0
Anomalia,0.0202,0.0967,0.1116,-0.5297,3360.0
Anomalia,0.0196,0.0976,-0.0036,-0.2635,3360.0
Anomalia,0.0154,0.1015,-0.202,-0.4601,3360.0
Anomalia,0.0175,0.1121,-0.1728,-0.6355,2640.0
Anomalia,0.0203,0.111,-0.2444,-0.4845,2640.0
Anomalia,0.0213,0.1238,-0.041,-0.5065,2880.0
Anomalia,0.0263,0.127,-0.0357,-0.5706,3120.0
Anomalia,0.0183,0.1291,-0.2143,-0.1324,2880.0
Anomalia,0.0174,0.135,-0.1345,-0.5079,2880.0
Anomalia,0.024,0.1362,-0.0232,-0.5318,2640.0
Anomalia,0.0148,0.1393,-0.0332,-0.5758,2640.0
Anomalia,0.0307,0.1392,0.0681,-0.8383,2640.0
Anomalia,0.0222,0.1445,0.0665,-0.8434,3360.0
Anomalia,0.0107,0.1322,-0.0006,-0.8302,2640.0
Anomalia,0.0224,0.1192,-0.0289,-0.5037,2640.0
Anomalia,0.0189,0.1077,-0.1177,-0.4441,2880.0
Anomalia,0.0182,0.0956,0.0842,-0.8744,3120.0
Anomalia,0.0232,0.0987,0.0765,-0.8739,3120.0
Anomalia,0.0183,0.0991,0.137,-0.8917,3120.0
Anomalia,0.0133,0.0931,0.1588,-0.5886,2880.0
Anomalia,0.0218,0.1149,-0.0595,-0.0952,2880.0
Anomalia,0.0181,0.1218,-0.0541,0.0301,3360.0
Anomalia,0.0252,0.1373,-0.1665,-0.4671,3360.0
Anomalia,0.0207,0.1384,-0.0744,-0.5997,3360.0
Anomalia,0.0208,0.1267,0.0918,-0.5151,3360.0
Anomalia,0.0184,0.1102,0.1523,-0.3123,3360.0
Anomalia,0.0114,0.0894,0.4787,-0.0497,3360.0
Anomalia,0.0186,0.1097,0.349,-0.2492,2640.0
Anomalia,0.0127,0.1256,0.2793,-0.3042,2880.0
Anomalia,0.0237,0.1231,0.1452,-0.143,2640.0
Anomalia,0.0266,0.1194,0.1092,0.1977,2640.0
Anomalia,0.017,0.1091,0.0632,0.429,3120.0
Anomalia,0.0138,0.1469,-0.2242,1.2942,2880.0
Anomalia,0.0162,0.1589,-0.0957,0.5585,2880.0
Anomalia,0.0161,0.1793,-0.0147,-0.4744,2880.0
Anomalia,0.0329,0.2075,-0.0481,-0.9405,2880.0
Anomalia,0.0321,0.2092,-0.1267,-0.9146,2880.0
Anomalia,0.0114,0.2044,0.0667,-0.8946,2880.0
Anomalia,0.0213,0.2195,0.1268,-0.9403,2880.0
Anomalia,0.0077,0.2157,0.2698,-0.5705,2880.0
Anomalia,0.014,0.222,0.2574,-0.3715,2880.0
Anomalia,0.0284,0.2246,0.112,-0.4722,2880.0
Anomalia,0.011,0.1982,0.1397,0.2572,2880.0
Anomalia,0.0086,0.188,-0.064,0.1123,2640.0
Anomalia,0.0148,0.1334,-0.1058,-0.3346,3120.0
Anomalia,0.0093,0.1281,-0.1043,-0.1758,3360.0
Anomalia,0.0256,0.1367,-0.1386,-0.4082,3360.0
Anomalia,0.0246,0.1122,0.3146,-0.6325,3360.0
Anomalia,0.0185,0.1059,0.2909,-0.64,3120.0
Anomalia,0.0203,0.0969,0.4107,-0.1606,2880.0
Anomalia,0.0073,0.072,0.245,0.3527,3120.0
Anomalia,0.0228,0.0833,0.6814,0.6561,3120.0
Anomalia,0.019,0.0897,0.4382,0.2436,2880.0
Anomalia,0.0221,0.1031,0.4968,-0.1916,3120.0
Anomalia,0.0206,0.0997,0.5658,0.116,3120.0
Anomalia,0.018,0.1001,0.5122,-0.0045,3120.0
Anomalia,0.0115,0.1044,0.4716,-0.0172,3120.0
Anomalia,0.0191,0.144,0.5318,0.3451,2880.0
Anomalia,0.012,0.1603,0.3299,-0.4423,2880.0
Anomalia,0.0124,0.1644,0.3453,-0.5776,2880.0
Anomalia,0.0287,0.1727,0.1471,-0.8923,2880.0
Anomalia,0.0169,0.1351,0.0338,-0.9098,2880.0
Anomalia,0.0288,0.1425,0.1186,-0.9699,2640.0
Anomalia,0.0195,0.1316,0.1667,-0.6912,3120.0
Anomalia,0.0108,0.1435,0.0562,-0.4096,3360.0
Anomalia,0.0189,0.1535,-0.0495,-0.6939,3360.0
Anomalia,0.014,0.1568,-0.2725,-0.4969,2640.0
Anomalia,0.0128,0.1879,-0.2593,-0.9862,3360.0
Anomalia,0.0238,0.1941,-0.2081,-0.9593,2880.0
Anomalia,0.0126,0.1912,-0.0747,-0.953,2880.0
Anomalia,0.0252,0.1877,-0.0228,-0.9874,3360.0
Anomalia,0.0257,0.1685,0.2094,-0.9524,3360.0
Anomalia,0.0168,0.1577,0.0876,-0.9775,3120.0
Anomalia,0.0221,0.1566,0.0357,-0.9865,2880.0
Anomalia,0.0106,0.1391,0.0488,-0.6795,2640.0
Anomalia,0.0169,0.1229,-0.1392,-0.2461,2640.0
Anomalia,0.0274,0.1005,0.0719,-1.0748,2640.0
Anomalia,0.0231,0.1005,-0.0574,-1.0518,2640.0
Anomalia,0.0229,0.1221,0.0069,-0.7522,2880.0
Anomalia,0.0138,0.1211,0.1485,-0.7246,2880.0
Anomalia,0.0063,0.1548,0.3436,-0.2749,2880.0
Anomalia,0.0185,0.1604,0.1166,-0.4282,3360.0
Anomalia,0.0152,0.147,0.1737,0.0785,3360.0
Anomalia,0.0245,0.1463,0.0454,0.2008,2880.0
Anomalia,0.028,0.1113,-0.1667,-0.276,2880.0
Anomalia,0.008,0.1142,-0.2039,-0.2959,2880.0
Anomalia,0.0233,0.1136,-0.4976,0.0072,2880.0
Anomalia,0.0211,0.1389,-0.0086,-0.368,2880.0
Anomalia,0.0125,0.1353,0.0396,-0.2395,2880.0
Anomalia,0.0293,0.1761,0.374,0.2948,2880.0
Anomalia,0.0164,0.1928,0.2626,-0.1703,2880.0
Anomalia,0.0093,0.1822,0.2923,0.2101,2880.0
Anomalia,0.0187,0.1834,0.1901,0.1339,2640.0
Anomalia,0.0109,0.1497,-0.2179,-0.4058,3120.0
Anomalia,0.0174,0.1232,-0.0107,-0.4439,2880.0
Anomalia,0.0252,0.109,-0.1605,0.3721,2880.0
Anomalia,0.0146,0.0982,-0.08,1.247,2880.0
Anomalia,0.0186,0.0613,-0.1003,-0.6565,2880.0
Anomalia,0.0075,0.0666,-0.5696,0.2032,2880.0
Anomalia,0.0129,0.0729,-0.5184,-0.124,2880.0
Anomalia,0.0201,0.0903,-0.2369,-0.3584,2880.0
Anomalia,0.0231,0.1029,-0.1417,-0.675,2880.0
Anomalia,0.0324,0.1085,-0.2147,-0.8191,2880.0
Anomalia,0.0221,0.1381,-0.1648,-0.913,2640.0
Anomalia,0.009,0.138,-0.1696,-0.8045,2880.0
Anomalia,0.0115,0.1432,-0.187,-0.8099,2880.0
Anomalia,0.0075,0.1541,-0.0897,-1.0346,3120.0
Anomalia,0.0168,0.1481,-0.2272,-0.866,3120.0
Anomalia,0.027,0.1598,-0.2598,-1.0455,2880.0
Anomalia,0.0142,0.1476,-0.1185,-0.8561,2880.0
Anomalia,0.0225,0.1298,-0.2593,-0.1727,3120.0
Anomalia,0.018,0.1203,-0.0586,-0.3255,2640.0
Anomalia,0.0155,0.0918,0.1599,-0.1695,2640.0
Anomalia,0.0251,0.0902,0.0965,-0.0096,2640.0
Anomalia,0.0185,0.1007,0.2947,-0.0906,3360.0
Anomalia,0.0153,0.1193,-0.0267,0.4998,3360.0
Anomalia,0.0235,0.1448,0.0041,-0.379,3360.0
Anomalia,0.0138,0.1479,0.1388,-0.5551,3360.0
Anomalia,0.021,0.1501,-0.0197,-0.6835,3360.0
Anomalia,0.0162,0.1305,0.093,-0.4735,2880.0
Anomalia,0.0148,0.1497,0.1013,-0.1855,2640.0
Anomalia,0.021,0.1549,0.0082,-0.4438,2640.0
Anomalia,0.0143,0.1525,0.0671,-0.2933,2880.0
Anomalia,0.0203,0.158,0.069,-0.5236,3360.0
Anomalia,0.0161,0.1293,-0.0298,-0.7666,2880.0
Anomalia,0.0191,0.1174,-0.1159,-0.1424,2880.0
Anomalia,0.0226,0.1126,0.0316,0.0896,3120.0
Anomalia,0.0218,0.1197,-0.0515,0.0677,3120.0
Anomalia,0.0231,0.1582,0.186,0.3419,2880.0
Anomalia,0.011,0.1661,0.2063,-0.0105,2880.0
Anomalia,0.0139,0.1632,0.1315,0.1285,2880.0
Anomalia,0.0223,0.1623,0.2878,0.4329,3120.0
Anomalia,0.0196,0.1192,0.3643,1.0054,3120.0
Anomalia,0.0259,0.1251,0.5491,-0.0002,2880.0
Anomalia,0.0202,0.1289,0.5667,-0.2481,2880.0
Anomalia,0.0074,0.1087,0.2983,-0.6562,2880.0
Anomalia,0.0107,0.1174,0.2562,-0.7307,2880.0
Anomalia,0.0237,0.1092,0.1791,-0.62,2880.0
Anomalia,0.0147,0.1351,-0.1791,-0.1845,2880.0
Anomalia,0.0208,0.1648,-0.1548,-0.7633,2880.0
Anomalia,0.0171,0.1787,-0.1931,-0.7691,2880.0
Anomalia,0.0132,0.1887,-0.0403,-1.0255,2880.0
Anomalia,0.0285,0.1755,-0.1111,-0.8542,2880.0
Anomalia,0.0241,0.1539,-0.1089,-0.5341,3120.0
Anomalia,0.0226,0.1265,0.2312,-0.6262,3360.0
Anomalia,0.0162,0.1183,0.0485,-0.867,2880.0
Anomalia,0.0075,0.121,0.0625,-0.7126,2880.0
Anomalia,0.0142,0.1458,0.0666,-0.5669,3120.0
Anomalia,0.0229,0.1595,0.0072,-0.9269,3120.0
Anomalia,0.021,0.154,0.0544,-0.757,3360.0
Anomalia,0.0281,0.1596,-0.0307,-0.9182,3360.0
Anomalia,0.02,0.1501,-0.0776,-0.8639,3360.0
Anomalia,0.0138,0.1741,-0.1798,-0.5958,3360.0
Anomalia,0.0233,0.1742,-0.3268,-0.4913,3360.0
Anomalia,0.0116,0.1729,-0.237,-0.5185,3360.0
Anomalia,0.0176,0.176,-0.1663,-0.6532,2880.0
Anomalia,0.0152,0.1711,-0.0777,-0.8132,2640.0
Anomalia,0.0126,0.1701,-0.0348,-0.7815,2640.0
Anomalia,0.0222,0.1601,-0.1009,-0.435,2880.0
Anomalia,0.0221,0.1537,-0.17,-0.3238,3360.0
Anomalia,0.0202,0.1095,-0.0905,-0.5298,3120.0
Anomalia,0.0218,0.1051,-0.1842,-0.2945,3120.0
Anomalia,0.014,0.1001,-0.0357,-0.2174,3120.0
Anomalia,0.0132,0.0879,-0.0136,-0.385,3120.0
Anomalia,0.0226,0.097,0.0305,-0.8086,2880.0
Anomalia,0.0139,0.1127,0.1011,-0.7438,3120.0
Anomalia,0.032,0.1208,0.016,-0.6825,3120.0
Anomalia,0.023,0.1236,-0.046,-0.6748,3360.0
Anomalia,0.0222,0.1255,-0.1433,-0.6875,3360.0
Anomalia,0.0181,0.1213,-0.0861,-0.7831,3360.0
Anomalia,0.0058,0.1159,-0.1338,-1.0195,3360.0
Anomalia,0.0185,0.1304,0.053,-0.8581,3120.0
Anomalia,0.0181,0.1271,0.2193,-0.7051,3120.0
Anomalia,0.0264,0.125,0.181,-0.6296,3120.0
Anomalia,0.0321,0.1386,0.1356,-0.8649,2640.0
Anomalia,0.02,0.119,0.1867,-0.644,3360.0
Anomalia,0.0108,0.1532,0.0817,-0.4636,3360.0
Anomalia,0.0215,0.1715,0.0529,-0.8357,2880.0
Anomalia,0.0123,0.1671,0.0995,-0.7735,2880.0
Anomalia,0.0194,0.1604,0.0434,-0.452,2880.0
Anomalia,0.0255,0.1202,0.2061,0.3243,2880.0
Anomalia,0.0118,0.079,-0.3323,0.439,2400.0
Anomalia,0.0189,0.0588,0.0471,-0.4496,2640.0
Anomalia,0.0168,0.0927,0.074,2.1213,3360.0
Anomalia,0.0096,0.102,0.1744,0.7403,3360.0
Anomalia,0.0255,0.1144,0.0463,-0.0624,3360.0
Anomalia,0.0142,0.125,0.0698,-0.5969,3360.0
Anomalia,0.0257,0.116,-0.0037,-0.9523,3360.0
Anomalia,0.0238,0.1217,-0.1092,-0.9736,3360.0
Anomalia,0.0097,0.1302,0.0678,-1.1161,3360.0
Anomalia,0.0197,0.1319,-0.004,-1.1174,2880.0
Anomalia,0.0115,0.1639,0.0222,-0.9286,2880.0
Anomalia,0.0202,0.18,-0.024,-1.1192,2880.0
Anomalia,0.0281,0.1696,-0.1567,-0.7437,2880.0
Anomalia,0.015,0.1703,-0.0401,-0.8125,2880.0
Anomalia,0.0216,0.1547,-0.0598,-0.8333,2880.0
Anomalia,0.0185,0.1396,-0.1135,-0.796,2880.0
Anomalia,0.0163,0.1435,-0.0421,-0.943,2880.0
Anomalia,0.0322,0.1516,-0.1488,-0.9241,2880.0
Anomalia,0.0224,0.1449,-0.1146,-1.0057,2640.0
Anomalia,0.0124,0.1379,0.0056,-0.9232,2880.0
Anomalia,0.0207,0.1542,0.0093,-0.8055,2880.0
Anomalia,0.0142,0.1623,-0.0982,-0.6887,2880.0
Anomalia,0.0181,0.1663,-0.0211,-0.6779,2640.0
Anomalia,0.0343,0.1853,-0.1331,-0.9217,2880.0
Anomalia,0.0081,0.181,0.0837,-0.917,2640.0
Anomalia,0.0208,0.168,0.1342,-0.8217,2880.0
Anomalia,0.0191,0.1503,0.1023,-0.3524,3360.0
Anomalia,0.014,0.118,0.0375,0.6523,2880.0
Anomalia,0.033,0.1002,0.4249,0.0307,3360.0
Anomalia,0.0161,0.0772,0.5677,-0.2588,3360.0
Anomalia,0.0198,0.0757,0.5101,-0.1741,2400.0
Anomalia,0.0222,0.0861,0.4538,-0.5755,2640.0
Anomalia,0.0153,0.0823,0.249,-0.7415,2640.0
Anomalia,0.0324,0.086,-0.1311,-0.6963,2880.0
Anomalia,0.0222,0.0998,-0.2551,-0.4055,2880.0
Anomalia,0.0199,0.1002,-0.5623,-0.1458,2880.0
Anomalia,0.0235,0.11,-0.1946,-0.1496,2880.0
Anomalia,0.0133,0.128,0.0458,-0.7956,2880.0
Anomalia,0.0143,0.1355,0.0301,-0.7142,3360.0
Anomalia,0.022,0.1513,0.0904,-1.0628,3120.0
Anomalia,0.0101,0.1607,0.0427,-1.2015,2640.0
Anomalia,0.0229,0.1627,-0.0291,-1.113,2880.0
Anomalia,0.023,0.1568,-0.0505,-1.0842,2880.0
Anomalia,0.0168,0.1535,-0.1392,-0.9701,3360.0
Anomalia,0.026,0.1481,-0.086,-0.8363,3360.0
Anomalia,0.0127,0.1299,-0.0602,-0.4611,3360.0
Anomalia,0.0236,0.1232,-0.0836,-0.2236,3360.0
Anomalia,0.021,0.1035,0.1374,0.095,2880.0
Anomalia,0.0214,0.0846,-0.2368,-0.0478,3120.0
Anomalia,0.0177,0.0904,-0.5723,-0.0898,2880.0
Anomalia,0.0141,0.0834,-0.7401,0.3658,2880.0
Anomalia,0.017,0.0917,-0.3853,-0.0835,3120.0
Anomalia,0.0296,0.1168,0.2255,-0.2074,3120.0
Anomalia,0.0225,0.1329,0.0191,-0.5465,3120.0
Anomalia,0.0197,0.1562,0.0293,-0.963,2880.0
Anomalia,0.0169,0.1532,0.0511,-0.8651,2880.0
Anomalia,0.0025,0.1461,-0.0513,-0.7804,2640.0
Anomalia,0.025,0.1432,-0.1456,-0.6257,3360.0
Anomalia,0.028,0.1347,-0.2561,-0.7167,3360.0
Anomalia,0.0293,0.1393,-0.297,-0.8294,3360.0
Anomalia,0.027,0.1512,-0.1034,-1.0297,3360.0
Anomalia,0.0089,0.1422,0.0296,-0.8866,2880.0
Anomalia,0.0139,0.1668,0.1321,-0.5858,2880.0
Anomalia,0.018,0.1634,0.0795,-0.4301,2880.0
Anomalia,0.0224,0.1468,-0.0159,0.1544,2880.0
Anomalia,0.0318,0.1556,0.0413,-0.1376,2880.0
Anomalia,0.0222,0.1265,0.0446,-0.4118,2880.0
Anomalia,0.0133,0.1248,0.1689,-0.3052,2880.0
Anomalia,0.0197,0.1247,0.1748,-0.2302,2880.0
Anomalia,0.0123,0.1482,-0.0578,-0.2537,2880.0
Anomalia,0.0196,0.1387,-0.0935,0.1956,2880.0
Anomalia,0.0324,0.1526,-0.1848,-0.3508,2880.0
Anomalia,0.0208,0.1491,-0.0616,-0.3425,3360.0
Anomalia,0.0246,0.1273,0.1895,-0.6346,2640.0
Anomalia,0.0193,0.1369,0.0651,-0.9284,2640.0
Anomalia,0.01,0.1313,0.1003,-0.8874,3120.0
Anomalia,0.0162,0.1432,0.089,-1.1505,3120.0
Anomalia,0.0205,0.1321,-0.0524,-1.1908,3120.0
Anomalia,0.0218,0.1306,-0.0106,-1.1389,3120.0
Anomalia,0.0245,0.1279,-0.1656,-0.8969,2880.0
Anomalia,0.0203,0.123,-0.4507,-0.5719,2880.0
Anomalia,0.0157,0.1211,-0.4466,-0.5774,3360.0
Anomalia,0.0219,0.1085,-0.7146,0.0195,3360.0
Anomalia,0.0235,0.1001,-0.5456,-0.0363,2880.0
Anomalia,0.0272,0.0971,0.1303,-0.2084,3360.0
Anomalia,0.0209,0.1256,-0.1043,0.3808,2640.0
Anomalia,0.0223,0.1312,0.0499,0.1835,2880.0
Anomalia,0.0165,0.1501,-0.0259,-0.3303,2880.0
Anomalia,0.0199,0.1539,-0.1327,-0.5289,3120.0
Anomalia,0.03,0.1351,-0.1874,-0.331,3120.0
Anomalia,0.0139,0.1354,-0.1614,-0.6551,3120.0
Anomalia,0.0204,0.1158,-0.1297,-0.8706,2880.0
Anomalia,0.0199,0.1027,-0.2524,-0.7623,2880.0
Anomalia,0.0135,0.0955,-0.288,-0.8775,2880.0
Anomalia,0.0263,0.0864,-0.2326,-0.941,3120.0
Anomalia,0.022,0.0921,-0.1639,-0.8147,2880.0
Anomalia,0.0168,0.0946,0.0239,-0.9257,3360.0
Anomalia,0.0193,0.1252,-0.0054,-0.0977,3360.0
Anomalia,0.0178,0.1492,0.0671,-0.644,3360.0
Anomalia,0.0219,0.1518,0.123,-0.5244,3360.0
Anomalia,0.0238,0.1681,0.0514,-0.8132,2880.0
Anomalia,0.0154,0.1505,0.1591,-0.5177,2880.0
Anomalia,0.0172,0.1325,0.1755,-0.1869,2640.0
Anomalia,0.0121,0.1334,0.0178,-0.435,2640.0
Anomalia,0.0144,0.108,-0.1317,-0.2898,2640.0
Anomalia,0.0195,0.1155,-0.0459,-0.3298,2880.0
Anomalia,0.0187,0.1108,-0.0088,0.0603,2880.0
Anomalia,0.018,0.0966,0.2175,0.3533,2880.0
Anomalia,0.0186,0.1113,0.2508,-0.4269,2880.0
Anomalia,0.0207,0.1139,0.1598,-0.4951,2640.0
Anomalia,0.0176,0.1227,0.1079,-0.9476,2880.0
Anomalia,0.0211,0.1383,0.0566,-0.9269,2880.0
Anomalia,0.0133,0.1707,0.0302,-0.6948,3360.0
Anomalia,0.0285,0.1702,-0.0884,-0.5849,3360.0
Anomalia,0.0189,0.1631,0.0492,-0.3231,3360.0
Anomalia,0.0179,0.1608,0.0092,-0.3502,3360.0
Anomalia,0.0194,0.1278,0.1038,-0.5272,3360.0
Anomalia,0.0075,0.1239,0.0763,-0.3347,3360.0
Anomalia,0.0252,0.1347,-0.1545,-0.4861,3360.0
Anomalia,0.0225,0.1351,-0.3581,0.0219,2880.0
Anomalia,0.0163,0.1439,-0.2788,-0.2511,2880.0
Anomalia,0.0177,0.148,-0.2459,-0.5729,2880.0
Anomalia,0.0069,0.1592,-0.1247,-0.9368,2880.0
Anomalia,0.0185,0.1579,-0.1395,-1.1039,2880.0
Anomalia,0.0342,0.1449,-0.2387,-0.9118,2880.0
Anomalia,0.0255,0.1323,-0.1872,-0.5985,2640.0
Anomalia,0.0222,0.1228,-0.1607,-0.6396,3360.0
Anomalia,0.0195,0.1116,-0.1469,-0.3664,3360.0
Anomalia,0.0065,0.1045,-0.1773,-0.5086,2640.0
Anomalia,0.0176,0.1266,-0.0335,-0.5011,2640.0
Anomalia,0.0243,0.1151,0.1114,-0.1556,3360.0
Anomalia,0.0182,0.1291,0.2438,-0.4924,3360.0
Anomalia,0.028,0.1405,0.0417,-0.8698,3360.0
Anomalia,0.0145,0.1238,0.1956,-0.7901,3360.0
Anomalia,0.0177,0.1449,0.1286,-0.965,3360.0
Anomalia,0.0257,0.1492,0.0815,-1.0175,2880.0
Anomalia,0.0148,0.1628,0.1279,-0.9862,2880.0
Anomalia,0.0294,0.1698,-0.0797,-1.0537,2880.0
Anomalia,0.0184,0.1519,0.0291,-0.7786,2640.0
Anomalia,0.0138,0.1316,-0.0937,-0.1094,2640.0
Anomalia,0.0224,0.1015,-0.1778,0.019,3360.0
Anomalia,0.0096,0.075,-0.0463,-0.3896,3360.0
Anomalia,0.0219,0.0766,0.3908,-0.4833,3360.0
Anomalia,0.0247,0.0841,0.3844,-0.7613,3360.0
Anomalia,0.024,0.0795,0.4195,-0.6215,3360.0
Anomalia,0.028,0.0849,0.1604,-0.8127,3360.0
Anomalia,0.0206,0.0874,-0.1102,-0.2198,3360.0
Anomalia,0.0139,0.1273,-0.0833,-0.0692,2880.0
Anomalia,0.0224,0.1728,0.3088,-0.4215,2880.0
Anomalia,0.0171,0.184,0.1749,-0.704,2880.0
Anomalia,0.0207,0.187,0.1322,-0.8175,3120.0
Anomalia,0.0272,0.1646,0.1706,-0.1567,3120.0
Anomalia,0.0118,0.1496,-0.277,-0.4503,3120.0
Anomalia,0.0258,0.1459,-0.2187,-0.4551,3120.0
Anomalia,0.0213,0.1435,-0.1781,-0.4228,3360.0
Anomalia,0.0181,0.1404,-0.1773,-0.2675,3360.0
Anomalia,0.0271,0.1311,0.0516,-0.621,3360.0
Anomalia,0.0131,0.1273,0.1478,-0.6128,2880.0
Anomalia,0.0183,0.1226,0.0448,-0.3937,2880.0
Anomalia,0.0259,0.1344,0.0337,-0.4979,2880.0
Anomalia,0.0155,0.13,-0.1297,-0.3703,2880.0
Anomalia,0.026,0.1292,-0.2044,-0.2177,2880.0
Anomalia,0.0162,0.1307,-0.0357,-0.4268,2880.0
Anomalia,0.0105,0.1203,-0.0799,-0.4789,2880.0
Anomalia,0.0243,0.1178,0.1304,-0.7353,2880.0
Anomalia,0.0193,0.1165,0.1613,-0.682,3360.0
Anomalia,0.0207,0.1224,0.1082,-0.7739,3360.0
Anomalia,0.0224,0.1308,0.0518,-0.9252,3360.0
Anomalia,0.0118,0.1221,-0.0024,-0.9332,3360.0
Anomalia,0.0215,0.1187,-0.127,-0.7112,3360.0
Anomalia,0.0202,0.1369,-0.3063,-0.4885,2880.0
Anomalia,0.0158,0.1413,-0.136,-0.6363,2880.0
Anomalia,0.0239,0.1732,0.0023,-0.5438,2880.0
Anomalia,0.0111,0.1911,0.0496,-0.9446,2880.0
Anomalia,0.019,0.1762,0.0384,-0.5974,2880.0
Anomalia,0.0292,0.1702,-0.097,-0.3084,2880.0
Anomalia,0.0206,0.1284,-0.3266,0.1301,3120.0
Anomalia,0.0244,0.1042,0.0734,-0.7004,3120.0
Anomalia,0.029,0.0956,0.1657,-0.6577,3120.0
Anomalia,0.0131,0.0819,0.2342,-0.4995,3360.0
Anomalia,0.0214,0.107,0.2783,0.003,3360.0
Anomalia,0.0141,0.1018,0.3387,0.4234,2640.0
Anomalia,0.0137,0.1083,0.5423,0.3178,2880.0
Anomalia,0.0175,0.1468,0.3282,0.4652,2880.0
Anomalia,0.0175,0.1751,0.2364,0.2993,2880.0
Anomalia,0.0331,0.22,0.0396,-0.6738,2880.0
Anomalia,0.0152,0.233,0.1195,-0.9661,2880.0
Anomalia,0.0136,0.211,0.1234,-0.5537,2880.0
Anomalia,0.0134,0.1764,0.0898,0.2028,3120.0
Anomalia,0.0081,0.1284,-0.351,0.3226,3120.0
Anomalia,0.0288,0.1145,-0.3144,-0.1497,2880.0
Anomalia,0.0283,0.1261,-0.3903,-0.5878,2640.0
Anomalia,0.0258,0.133,-0.3258,-0.9293,2640.0
Anomalia,0.0214,0.1201,-0.2425,-0.7301,3120.0
Anomalia,0.0175,0.1188,0.0283,-0.8117,2880.0
Anomalia,0.0139,0.1155,0.0909,-0.7402,2880.0
Anomalia,0.0249,0.1143,0.0546,-0.4916,2880.0
Anomalia,0.025,0.1564,-0.1203,-0.282,2880.0
Anomalia,0.0163,0.1553,-0.0267,-0.21,2880.0
Anomalia,0.0304,0.1649,-0.13,-0.4615,2880.0
Anomalia,0.0097,0.1614,0.1183,-0.4509,2880.0
Anomalia,0.0179,0.1591,0.4236,-0.2152,2640.0
Anomalia,0.0186,0.1547,0.4176,-0.163,2640.0
Anomalia,0.0144,0.1476,0.4971,0.2351,2880.0
Anomalia,0.0241,0.1631,0.2794,-0.2995,2880.0
Anomalia,0.0188,0.1407,0.142,-0.4878,2880.0
Anomalia,0.0185,0.1492,0.1036,-0.5282,2880.0
Anomalia,0.0144,0.1491,0.1767,-0.5331,2880.0
Anomalia,0.0173,0.1412,0.2559,-0.5692,2880.0
Anomalia,0.0246,0.1381,0.1177,-0.8064,2880.0
Anomalia,0.0251,0.1631,-0.0675,-0.5545,2880.0
Anomalia,0.0212,0.1789,-0.1747,-0.8791,2880.0
Anomalia,0.0172,0.1849,-0.1012,-1.0024,2880.0
Anomalia,0.0134,0.1836,-0.0694,-0.9484,2880.0
Anomalia,0.0202,0.1511,-0.0657,-0.6234,2880.0
Anomalia,0.0321,0.1391,0.095,-0.6656,3120.0
Anomalia,0.0334,0.1482,0.0435,-0.5193,2640.0
Anomalia,0.0264,0.1542,-0.1494,-0.3506,2880.0
Anomalia,0.012,0.1522,-0.0643,-0.3605,2880.0
Anomalia,0.0087,0.1523,0.0599,-0.2972,2640.0
Anomalia,0.0174,0.1384,-0.0151,0.0174,2640.0
Anomalia,0.0167,0.1371,0.3545,-0.4097,2880.0
Anomalia,0.0295,0.1388,0.1955,-0.6281,3360.0
Anomalia,0.0222,0.1624,0.0432,-0.4838,3360.0
Anomalia,0.0129,0.1529,0.0203,-0.3153,3360.0
Anomalia,0.0215,0.1376,-0.1378,0.6044,3120.0
Anomalia,0.0198,0.1321,-0.0645,1.0555,3120.0
Anomalia,0.0203,0.0844,-0.0696,-0.5701,2880.0
Anomalia,0.0246,0.0904,0.1556,0.2537,2880.0
Anomalia,0.0203,0.0972,0.1335,-0.2662,2880.0
Anomalia,0.0214,0.1009,0.0493,-0.52,3360.0
Anomalia,0.0249,0.0992,0.1176,-0.3696,3360.0
Anomalia,0.0195,0.1143,0.1711,0.3929,3360.0
Anomalia,0.0183,0.1366,0.2173,-0.1705,3360.0
Anomalia,0.0185,0.1702,0.1509,-0.7277,3120.0
Anomalia,0.0185,0.187,0.1227,-1.1127,2880.0
Anomalia,0.0195,0.1805,0.1022,-1.1032,2880.0
Anomalia,0.0196,0.166,0.109,-0.8495,2880.0
Anomalia,0.0163,0.1315,0.1731,-0.6036,3120.0
Anomalia,0.0154,0.1098,0.043,-0.521,3120.0
Anomalia,0.0204,0.1209,0.0118,-0.5306,3120.0
Anomalia,0.0204,0.1282,-0.1355,-0.51,3120.0
Anomalia,0.0221,0.1293,-0.0964,-0.5668,3120.0
Anomalia,0.0209,0.1438,0.1159,-0.7169,3360.0
Anomalia,0.0176,0.1329,0.1523,-0.5611,2640.0
Anomalia,0.0202,0.1294,0.1838,-0.5528,2880.0
Anomalia,0.025,0.1426,0.1554,-0.8204,2880.0
Anomalia,0.024,0.1528,0.0897,-0.6275,2880.0
Anomalia,0.0146,0.1732,0.0094,-0.7369,2880.0
Anomalia,0.0174,0.1743,0.0218,-0.7634,2880.0
Anomalia,0.0115,0.1703,0.0117,-0.7036,2880.0
Anomalia,0.0208,0.1486,-0.1924,-0.4051,3120.0
Anomalia,0.0212,0.118,0.0255,-0.7905,3360.0
Anomalia,0.0171,0.1166,-0.0872,-0.6074,3360.0
Anomalia,0.018,0.1111,0.0038,-0.457,3360.0
Anomalia,0.0202,0.1062,-0.1348,-0.2149,3360.0
Anomalia,0.0219,0.1021,-0.069,-0.0658,3360.0
Anomalia,0.0344,0.0983,-0.0009,-0.4444,3360.0
Anomalia,0.022,0.0975,-0.1229,-0.3369,3360.0
Anomalia,0.0151,0.0989,-0.1352,-0.3514,3360.0
Anomalia,0.0199,0.1497,0.1922,0.3066,3360.0
Anomalia,0.0045,0.1598,0.3659,0.0391,3360.0
Anomalia,0.0225,0.168,0.2032,-0.402,3360.0
Anomalia,0.0213,0.1701,0.2094,-0.503,2880.0
Anomalia,0.02,0.1654,0.2283,-0.1503,3600.0
Anomalia,0.0203,0.1819,0.2272,-0.177,3120.0
Anomalia,0.0175,0.1879,0.1945,-0.3538,2880.0
Anomalia,0.0155,0.187,0.211,-0.3024,2880.0
Anomalia,0.0222,0.1597,0.0702,0.0022,2880.0
Anomalia,0.0206,0.1206,0.0363,-0.1569,3360.0
Anomalia,0.0215,0.109,0.18,-0.2916,3360.0
Anomalia,0.0282,0.1102,0.257,-0.4189,3360.0
Anomalia,0.0139,0.1087,0.1613,-0.3179,2640.0
Anomalia,0.0188,0.1165,-0.15,-0.4563,2640.0
Anomalia,0.0208,0.1337,-0.0123,-0.2527,2640.0
Anomalia,0.0129,0.1606,-0.0044,-0.6682,2880.0
Anomalia,0.0303,0.1971,0.06,-0.8787,2880.0
Anomalia,0.0243,0.2028,0.0595,-0.9701,2880.0
Anomalia,0.0133,0.1827,0.1777,-0.4457,2880.0
Anomalia,0.0143,0.175,0.3331,-0.1507,2880.0
Anomalia,0.0105,0.1626,0.2645,-0.1554,3360.0
Anomalia,0.0278,0.162,0.2775,-0.4066,2880.0
Anomalia,0.028,0.1691,0.2011,-0.6761,2880.0
Anomalia,0.0212,0.1489,0.3079,-0.289,2880.0
Anomalia,0.0219,0.1208,0.1821,-0.9986,2880.0
Anomalia,0.0067,0.1069,0.1653,-0.583,2880.0
Anomalia,0.0198,0.0979,0.028,-0.6553,2880.0
Anomalia,0.0336,0.1101,-0.1021,-0.7317,3360.0
Anomalia,0.0198,0.0958,-0.0794,-0.4886,2880.0
Anomalia,0.0244,0.1061,-0.1427,-0.6498,2880.0
Anomalia,0.0169,0.1048,-0.0635,-0.6402,2880.0
Anomalia,0.009,0.1226,0.1505,-0.088,3120.0
Anomalia,0.0243,0.145,0.0326,-0.5071,3120.0
Anomalia,0.0199,0.1429,0.1327,-0.4926,3360.0
Anomalia,0.0228,0.1546,0.0591,-0.8583,3360.0
Anomalia,0.0287,0.1452,-0.0202,-0.7632,3360.0
Anomalia,0.0157,0.1395,0.0056,-0.9621,3360.0
Anomalia,0.0244,0.1615,0.0018,-1.0448,3360.0
Anomalia,0.0188,0.1629,0.0476,-1.0304,3360.0
Anomalia,0.0116,0.157,0.0693,-0.9745,2880.0
Anomalia,0.0241,0.164,0.1176,-0.7795,2880.0
Anomalia,0.0155,0.1523,0.0603,-0.5828,2640.0
Anomalia,0.0207,0.1622,0.1217,-0.7694,2880.0
Anomalia,0.0212,0.1661,0.1105,-0.8615,2880.0
Anomalia,0.009,0.148,0.0243,-0.7629,2880.0
Anomalia,0.0192,0.1425,0.0687,-0.7664,3360.0
Anomalia,0.0167,0.1112,-0.0738,-0.2988,2880.0
Anomalia,0.0174,0.0984,0.1069,-0.2815,2880.0
Anomalia,0.0305,0.1025,0.2646,-0.7369,3360.0
Anomalia,0.0158,0.0901,0.1703,-0.5998,3360.0
Anomalia,0.0195,0.1213,0.0747,-0.4916,3360.0
Anomalia,0.0257,0.1156,-0.0646,0.008,2880.0
Anomalia,0.0117,0.1169,0.0863,-0.1608,2640.0
Anomalia,0.0173,0.1271,0.0048,-0.6284,3120.0
Anomalia,0.0152,0.1073,-0.0513,-0.7879,2880.0
Anomalia,0.0108,0.1244,0.1098,-0.9289,2640.0
Anomalia,0.0293,0.144,0.2765,-0.6058,2640.0
Anomalia,0.0209,0.138,0.4938,-0.3355,2640.0
Anomalia,0.0257,0.1441,0.4351,-0.5353,3360.0
Anomalia,0.0232,0.1686,0.2767,-0.367,2640.0
Anomalia,0.0075,0.1496,0.2926,0.1321,2640.0
Anomalia,0.0208,0.1634,0.0504,-0.4193,2880.0
Anomalia,0.0186,0.1545,0.0346,-0.0415,2880.0
Anomalia,0.0202,0.1218,0.0472,-0.5919,2640.0
Anomalia,0.0186,0.1337,-0.0383,-0.8698,3120.0
Anomalia,0.0138,0.1372,0.0231,-0.8228,3120.0
Anomalia,0.0076,0.1382,0.1171,-0.8238,2880.0
Anomalia,0.0206,0.1659,0.1384,-0.9344,2880.0
Anomalia,0.0208,0.1642,0.1357,-0.8931,3360.0
Anomalia,0.0247,0.1751,0.0984,-0.7714,3360.0
Anomalia,0.027,0.1811,0.1242,-0.9125,3360.0
Anomalia,0.0144,0.1723,0.1376,-0.5347,3360.0
Anomalia,0.0177,0.1697,0.1283,-0.3547,2880.0
Anomalia,0.0128,0.1369,0.2339,0.5436,2880.0
Anomalia,0.0172,0.1527,0.0829,0.0597,3120.0
Anomalia,0.0219,0.1492,0.0648,-0.3695,2880.0
Anomalia,0.0237,0.1387,0.0574,0.0833,2640.0
Anomalia,0.0254,0.1365,0.049,0.2744,2640.0
Anomalia,0.0203,0.1073,0.1204,0.8629,3120.0
Anomalia,0.0126,0.118,-0.0671,1.1566,3120.0
Anomalia,0.0162,0.1227,-0.0664,0.8134,3120.0
Anomalia,0.022,0.1255,-0.1534,0.6424,2880.0
Anomalia,0.0258,0.1564,-0.042,-0.3546,2880.0
Anomalia,0.025,0.1432,-0.0327,-0.4023,2640.0
Anomalia,0.0125,0.1385,0.1526,-0.2504,2880.0
Anomalia,0.0136,0.1562,0.2088,-0.7974,2880.0
Anomalia,0.0074,0.1652,0.1623,0.188,2880.0
Anomalia,0.0155,0.2077,0.1809,-0.0728,2640.0
Anomalia,0.0268,0.2147,0.0363,-0.3638,2880.0
Anomalia,0.0154,0.2073,0.1222,-0.1083,2880.0
Anomalia,0.017,0.1862,0.096,0.1544,2880.0
Anomalia,0.0164,0.118,-0.2725,-0.6662,3120.0
Anomalia,0.0147,0.1277,-0.2409,-0.6885,3360.0
Anomalia,0.0272,0.1302,-0.2597,-0.6114,3360.0
Anomalia,0.0212,0.1127,0.0502,-0.2419,3120.0
Anomalia,0.0229,0.1196,0.0736,-0.5892,3120.0
Anomalia,0.0222,0.0982,0.2225,-0.5276,3120.0
Anomalia,0.0112,0.0782,0.3675,-0.4033,2880.0
Anomalia,0.0224,0.0867,0.2514,-0.7456,3120.0
Anomalia,0.0205,0.0872,0.1419,-0.857,3120.0
Anomalia,0.0225,0.0986,0.352,-0.6214,3120.0
Anomalia,0.02,0.0995,0.4029,-0.6562,3120.0
Anomalia,0.0237,0.1046,0.118,-0.7789,3120.0
Anomalia,0.013,0.1023,0.1256,-0.6192,3120.0
Anomalia,0.0186,0.101,0.0736,-0.592,2640.0
Anomalia,0.0205,0.1032,-0.027,-0.667,2640.0
Anomalia,0.0149,0.0994,0.1789,-0.6326,2640.0
Anomalia,0.0271,0.104,0.0623,-0.6134,2880.0
Anomalia,0.0163,0.1243,-0.0487,-0.3914,2880.0
Anomalia,0.0196,0.1528,0.0121,-0.587,2880.0
Anomalia,0.0164,0.1533,0.0711,-0.6145,2880.0
Anomalia,0.0132,0.1622,0.0951,-0.8293,2880.0
Anomalia,0.0203,0.1539,-0.0529,-0.6259,3360.0
Anomalia,0.0275,0.1441,-0.3173,-0.5891,2880.0
Anomalia,0.0175,0.1534,-0.2706,-0.8648,3360.0
Anomalia,0.0202,0.1521,-0.2105,-0.82,2880.0
Anomalia,0.0161,0.1458,-0.0998,-0.836,3360.0
Anomalia,0.0187,0.1409,-0.0657,-1.0067,3360.0
Anomalia,0.0255,0.1347,-0.1134,-0.921,3360.0
Anomalia,0.0211,0.1497,-0.1127,-0.7849,3120.0
Anomalia,0.0217,0.1461,-0.1937,-0.5898,2880.0
Anomalia,0.0117,0.1312,-0.1278,0.0681,2640.0
Anomalia,0.0164,0.1362,-0.0115,-0.2265,2640.0
Anomalia,0.0284,0.1068,-0.1126,-0.3003,2640.0
Anomalia,0.02,0.1239,-0.0883,-0.644,2640.0
Anomalia,0.0228,0.1379,-0.1187,-0.9664,2640.0
Anomalia,0.0157,0.1258,-0.1184,-0.6914,2640.0
Anomalia,0.0064,0.1355,0.0227,-0.8245,3360.0
Anomalia,0.0236,0.132,0.0071,-0.6846,3360.0
Anomalia,0.0155,0.1241,0.1349,-0.5453,3360.0
Anomalia,0.0255,0.1261,0.0022,-0.578,3120.0
Anomalia,0.0229,0.1079,0.1169,-0.2195,3120.0
Anomalia,0.0149,0.0947,0.3779,0.0236,3600.0
Anomalia,0.0215,0.0964,0.2216,-0.3465,2640.0
Anomalia,0.0217,0.0972,0.2934,-0.3398,2880.0
Anomalia,0.0224,0.1359,0.0101,-0.3841,2880.0
Anomalia,0.022,0.1986,0.0323,-0.1573,2880.0
Anomalia,0.0186,0.2148,0.0306,-0.6937,2880.0
Anomalia,0.0096,0.2184,0.0962,-0.7846,2880.0
Anomalia,0.0138,0.1997,0.0543,-0.2088,2880.0
Anomalia,0.011,0.1392,-0.1947,-0.6322,3120.0
Anomalia,0.0217,0.1094,-0.4449,-0.2457,3120.0
Anomalia,0.0203,0.0966,-0.1815,-0.9184,2880.0
Anomalia,0.0188,0.1092,0.0077,-0.7285,2880.0
Anomalia,0.0209,0.1071,0.0597,-0.627,2880.0
Anomalia,0.0029,0.1154,0.064,-0.6344,2640.0
Anomalia,0.0204,0.1302,-0.0481,-0.8733,2640.0
Anomalia,0.0201,0.1371,-0.0093,-0.9245,2880.0
Anomalia,0.0228,0.1451,-0.0315,-1.1041,2880.0
Anomalia,0.0322,0.145,-0.0129,-1.184,2880.0
Anomalia,0.0154,0.1531,0.0155,-1.1042,2640.0
Anomalia,0.0093,0.1371,-0.0467,-0.7201,2640.0
Anomalia,0.0142,0.1304,-0.0596,-0.2953,2880.0
Anomalia,0.0137,0.1424,-0.0206,-0.3133,3360.0
Anomalia,0.0212,0.1211,0.1444,0.3247,2640.0
Anomalia,0.0266,0.1284,0.1366,-0.2389,2880.0
Anomalia,0.0122,0.1344,0.0656,-0.6091,2880.0
Anomalia,0.0191,0.1141,-0.1479,-0.6866,2640.0
Anomalia,0.0244,0.1151,-0.3093,-0.7412,2640.0
Anomalia,0.0191,0.1032,-0.4228,-0.3747,3120.0
Anomalia,0.0284,0.0814,-0.4306,0.0739,2640.0
Anomalia,0.0214,0.0846,-0.0709,-0.2185,3360.0
Anomalia,0.015,0.1107,-0.3145,0.3878,3360.0
Anomalia,0.0205,0.1262,-0.1786,-0.2186,3360.0
Anomalia,0.0138,0.1282,-0.1354,-0.2901,3360.0
Anomalia,0.0218,0.1239,-0.3207,0.0873,3360.0
Anomalia,0.0139,0.105,-0.2292,0.2409,3360.0
Anomalia,0.015,0.1405,0.0483,0.6041,2880.0
Anomalia,0.0259,0.1464,-0.0176,0.1745,2880.0
Anomalia,0.0136,0.1511,0.1383,-0.2003,2880.0
Anomalia,0.0217,0.1514,0.0919,-0.1945,2880.0
Anomalia,0.023,0.11,-0.0247,-0.7018,3360.0
Anomalia,0.0106,0.113,0.0218,-0.5645,3360.0
Anomalia,0.0288,0.1198,-0.1494,-0.3734,2880.0
Anomalia,0.0224,0.1105,0.016,-0.1562,2880.0
Anomalia,0.0155,0.1201,0.1006,-0.3707,2640.0
Anomalia,0.0225,0.1167,0.0145,-0.3841,3120.0
Anomalia,0.0088,0.1146,0.2357,-0.5378,3360.0
Anomalia,0.0265,0.1428,0.483,-0.2608,3360.0
Anomalia,0.0257,0.1513,0.3118,-0.198,3360.0
Anomalia,0.0191,0.1489,0.4066,-0.0564,2880.0
Anomalia,0.0223,0.1482,0.3463,-0.0417,2880.0
Anomalia,0.0095,0.1218,-0.0174,0.0908,2880.0
Anomalia,0.0119,0.0924,0.0116,-0.4304,2880.0
Anomalia,0.0248,0.094,0.2848,-0.0687,2880.0
Anomalia,0.0136,0.0997,-0.2075,0.478,2640.0
Anomalia,0.0174,0.1128,-0.1602,-0.1422,2640.0
Anomalia,0.021,0.117,-0.2112,-0.3538,2640.0
Anomalia,0.0101,0.1219,-0.1293,-0.7968,2880.0
Anomalia,0.03,0.1242,-0.071,-0.9595,3360.0
Anomalia,0.0238,0.111,0.0557,-0.6389,3360.0
Anomalia,0.0169,0.111,0.1392,-0.6949,3360.0
Anomalia,0.0177,0.102,0.1456,-0.5297,2880.0
Anomalia,0.0125,0.0926,0.0356,-0.2008,2640.0
Anomalia,0.0151,0.1353,0.0739,-0.2366,3120.0
Anomalia,0.0286,0.1362,-0.0808,-0.1448,3120.0
Anomalia,0.0206,0.1407,-0.0167,-0.4358,2880.0
Anomalia,0.0295,0.1518,0.0811,-0.6059,3360.0
Anomalia,0.0213,0.1303,0.0552,-0.4463,3360.0
Anomalia,0.0075,0.1257,0.1773,-0.1455,3360.0
Anomalia,0.0277,0.1283,0.0673,-0.1021,3360.0
Anomalia,0.0048,0.1145,-0.2255,-0.3964,3600.0
Anomalia,0.0189,0.128,0.1196,-0.4666,2880.0
Anomalia,0.0244,0.1394,0.061,-0.7811,2640.0
Anomalia,0.0153,0.1441,0.0825,-0.9049,2880.0
Anomalia,0.0249,0.1377,0.054,-0.6744,2640.0
Anomalia,0.021,0.1084,-0.0655,0.2485,2640.0
Anomalia,0.0159,0.0881,0.0259,1.0391,2640.0
Anomalia,0.0201,0.0627,0.1404,0.1315,2880.0
Anomalia,0.019,0.0525,0.2014,0.237,3600.0
Anomalia,0.0134,0.0678,0.0532,-0.0054,2640.0
Anomalia,0.0219,0.0941,0.2393,-0.1968,3360.0
Anomalia,0.0161,0.0957,0.3028,-0.3865,3360.0
Anomalia,0.0281,0.1244,0.6025,-0.3378,3120.0
Anomalia,0.0243,0.126,0.5851,-0.3261,3120.0
Anomalia,0.0151,0.1122,0.685,0.7885,3120.0
Anomalia,0.0138,0.1238,0.532,0.0678,3120.0
Anomalia,-0.0004,0.1017,0.0616,-0.3736,3120.0
Anomalia,0.0146,0.0964,-0.165,-0.1157,2880.0
Anomalia,0.025,0.1129,0.1352,-0.606,2880.0
Anomalia,0.0275,0.1069,0.2038,-0.5045,2880.0
Anomalia,0.0327,0.1149,0.0779,-0.6098,2640.0
Anomalia,0.0197,0.1169,0.1642,-0.619,2640.0
Anomalia,0.0128,0.1369,-0.0637,-0.3916,3360.0
Anomalia,0.0169,0.1462,-0.0036,-0.6131,2880.0
Anomalia,0.0191,0.1717,0.0105,-0.7959,2880.0
Anomalia,0.0233,0.1734,-0.0295,-0.8713,2880.0
Anomalia,0.0253,0.1546,0.112,-0.6013,2880.0
Anomalia,0.0161,0.1391,0.1949,0.0413,2880.0
Anomalia,0.0132,0.1033,0.3287,-0.5128,3360.0
Anomalia,0.0156,0.1223,0.1268,-0.3654,2880.0
Anomalia,0.0109,0.1278,0.0582,-0.5476,2880.0
Anomalia,0.0261,0.1386,-0.0652,-0.8781,2880.0
Anomalia,0.0209,0.1392,-0.1349,-0.8271,2880.0
Anomalia,0.0243,0.1335,-0.0725,-0.8863,2880.0
Anomalia,0.0233,0.1231,-0.0479,-0.7812,3360.0
Anomalia,0.0089,0.1269,0.0032,-0.8405,3120.0
Anomalia,0.0178,0.1374,0.12,-1.035,3120.0
Anomalia,0.0175,0.1351,0.0963,-1.1242,2880.0
Anomalia,0.0222,0.1373,0.0434,-1.1361,2640.0
Anomalia,0.0298,0.1244,-0.0171,-0.8898,2880.0
Anomalia,0.0164,0.1218,-0.1073,-0.9521,2880.0
Anomalia,0.0181,0.1201,-0.1436,-0.7225,2880.0
Anomalia,0.0209,0.1433,-0.0169,-0.6627,2880.0
Anomalia,0.0213,0.1501,0.0452,-0.8376,2880.0
Anomalia,0.025,0.1482,-0.0012,-0.557,2880.0
Anomalia,0.0218,0.1603,0.0165,-0.8815,3360.0
Anomalia,0.0123,0.136,0.029,-0.5345,2640.0
Anomalia,0.0128,0.1587,0.134,-0.2393,3360.0
Anomalia,0.0164,0.18,-0.0078,-0.375,2880.0
Anomalia,0.0167,0.2038,0.0074,-0.564,2640.0
Anomalia,0.0264,0.2095,-0.0715,-0.7178,2880.0
Anomalia,0.0175,0.2009,-0.0208,-0.7286,2640.0
Anomalia,0.0213,0.1908,0.0313,-0.7436,2880.0
Anomalia,0.0228,0.1403,0.0664,-0.0244,2880.0
Anomalia,0.0176,0.1247,0.0726,1.0837,2880.0
Anomalia,0.026,0.0986,-0.0143,3.6168,3360.0
Anomalia,0.0171,0.0603,-0.4381,0.9227,3360.0
Anomalia,0.0136,0.0642,-0.3151,0.1609,3360.0
Anomalia,0.0186,0.0738,-0.1294,-0.2554,3120.0
Anomalia,0.0132,0.0799,-0.0707,-0.5767,2640.0
Anomalia,0.0268,0.0796,-0.0802,-0.6112,2880.0
Anomalia,0.02,0.0895,-0.1172,-0.7052,2880.0
Anomalia,0.0198,0.1093,0.0147,-0.4192,2880.0
Anomalia,0.0186,0.1173,0.0245,-0.6277,2880.0
Anomalia,0.0116,0.1375,0.2224,-0.8549,2880.0
Anomalia,0.016,0.1459,0.1282,-0.9562,3360.0
Anomalia,0.0193,0.1472,0.157,-0.8224,2640.0
Anomalia,0.0141,0.1698,0.0882,-0.9901,3360.0
Anomalia,0.0234,0.1661,0.0823,-0.7447,3360.0
Anomalia,0.0214,0.177,0.0519,-0.942,3360.0
Anomalia,0.0178,0.1641,0.0293,-0.6385,3360.0
Anomalia,0.0225,0.1524,0.0883,-0.6143,3360.0
Anomalia,0.0129,0.138,-0.0139,-0.4687,2880.0
Anomalia,0.022,0.1079,-0.1172,0.1714,2880.0
Anomalia,0.017,0.1119,-0.2144,0.0031,2880.0
Anomalia,0.0233,0.0974,-0.4603,0.0206,2880.0
Anomalia,0.0177,0.1106,-0.6734,-0.1297,2880.0
Anomalia,0.0128,0.1106,-0.5306,-0.2973,2880.0
Anomalia,0.0173,0.1112,-0.4036,-0.4985,3120.0
Anomalia,0.0242,0.1252,-0.1283,-0.3927,3120.0
Anomalia,0.0194,0.1364,-0.1662,-0.4613,3120.0
Anomalia,0.0179,0.1631,-0.1375,-0.9219,2880.0
Anomalia,0.0168,0.1597,-0.1563,-0.7695,2880.0
Anomalia,0.0049,0.1559,-0.127,-0.6401,2640.0
Anomalia,0.0297,0.15,-0.2617,-0.4312,2640.0
Anomalia,0.0281,0.146,-0.3327,-0.4781,3360.0
Anomalia,0.0228,0.1595,-0.2411,-0.8665,3360.0
Anomalia,0.0254,0.1789,-0.1474,-0.8983,2880.0
Anomalia,0.0003,0.1666,0.1751,-0.537,2880.0
Anomalia,0.0143,0.1591,0.1988,-0.3566,2880.0
Anomalia,0.0199,0.1421,0.2714,0.4483,2880.0
Anomalia,0.0213,0.0943,0.6527,0.7391,2880.0
Anomalia,0.0337,0.1074,0.3772,0.039,2880.0
Anomalia,0.0145,0.0887,0.0516,0.4558,2880.0
Anomalia,0.0111,0.0984,0.0817,-0.1376,2880.0
Anomalia,0.0133,0.1092,0.0298,-0.6174,3360.0
Anomalia,0.0138,0.1547,0.0568,0.6465,3360.0
Anomalia,0.0219,0.157,-0.0352,0.5762,3360.0
Anomalia,0.0297,0.1578,-0.1423,0.5888,3360.0
Anomalia,0.0191,0.1509,0.0208,0.9913,3360.0
Anomalia,0.0143,0.1249,0.0315,-0.2197,2640.0
Anomalia,0.0113,0.13,0.0826,-0.5362,3120.0
Anomalia,0.0093,0.1354,0.1024,-0.6752,3120.0
Anomalia,0.0192,0.1498,0.0572,-1.0005,3120.0
Anomalia,0.0169,0.1266,0.2005,-0.8907,3120.0
Anomalia,0.0267,0.1293,0.109,-0.8786,3120.0
Anomalia,0.0192,0.1256,0.0619,-0.5189,2880.0
Anomalia,0.0164,0.124,-0.1216,-0.5174,2880.0
Anomalia,0.0224,0.1218,-0.3282,-0.2817,3360.0
Anomalia,0.0144,0.1054,-0.4216,0.2716,3360.0
Anomalia,0.0253,0.1072,-0.2438,-0.2905,3600.0
Anomalia,0.0251,0.1453,0.118,0.645,3120.0
Anomalia,0.0102,0.1766,-0.0622,-0.1061,2880.0
Anomalia,0.0238,0.1944,-0.135,-0.7165,2880.0
Anomalia,0.0167,0.2065,-0.0147,-1.0195,2880.0
Anomalia,0.0125,0.1825,-0.1201,-0.8953,3120.0
Anomalia,0.0247,0.159,-0.0236,-1.0796,3120.0
Anomalia,0.0101,0.1639,0.0104,-1.0255,2880.0
Anomalia,0.0112,0.1413,-0.1083,-0.5999,2880.0
Anomalia,0.0236,0.1325,-0.2277,-0.1966,2640.0
Anomalia,0.0235,0.1348,-0.1218,-0.3901,2640.0
Anomalia,0.0216,0.0995,0.0957,-0.4508,2880.0
Anomalia,0.0245,0.1122,-0.0741,-0.7825,2880.0
Anomalia,0.0118,0.1204,0.1093,-0.8682,3360.0
Anomalia,0.0193,0.1356,0.2691,-0.3097,3360.0
Anomalia,0.0229,0.1725,0.0932,-0.5813,3360.0
Anomalia,0.0196,0.1675,0.1778,-0.3719,3360.0
Anomalia,0.027,0.1642,0.1081,-0.2135,3120.0
Anomalia,0.0068,0.1658,0.0114,-0.4724,2640.0
Anomalia,0.0143,0.1493,-0.147,-0.6143,2640.0
Anomalia,0.0141,0.1536,-0.1204,-0.7525,2880.0
Anomalia,0.0112,0.1571,-0.2718,-0.6243,2880.0
Anomalia,0.0297,0.1442,-0.4031,-0.0824,2880.0
Anomalia,0.0165,0.1282,-0.4923,-0.0307,2880.0
Anomalia,0.0171,0.1304,-0.5503,-0.046,2880.0
Anomalia,0.0241,0.1187,-0.5527,-0.0958,2880.0
Anomalia,0.0167,0.1174,-0.4121,-0.3337,2640.0
Anomalia,0.0181,0.1253,-0.2889,-0.6588,3120.0
Anomalia,0.0289,0.1275,-0.181,-0.5044,3360.0
Anomalia,0.0119,0.1475,-0.0178,-0.6675,3360.0
Anomalia,0.0244,0.1424,-0.0917,-0.43,3360.0
Anomalia,0.0243,0.1307,-0.0002,0.0211,3360.0
Anomalia,0.006,0.1336,-0.1122,-0.2629,3360.0
Anomalia,0.0254,0.1192,-0.2402,-0.4088,3360.0
Anomalia,0.0151,0.1514,0.076,-0.1225,3360.0
Anomalia,0.0207,0.1521,-0.0128,-0.1474,2880.0
Anomalia,0.0227,0.1435,-0.0088,0.3566,2640.0
Anomalia,0.0086,0.1555,0.1089,-0.2572,2640.0
Anomalia,0.0118,0.1405,-0.1268,-0.7488,2640.0
Anomalia,0.0121,0.1591,0.0243,-0.9562,2640.0
Anomalia,0.0216,0.1573,-0.018,-0.9736,2880.0
Anomalia,0.0283,0.1396,-0.0203,-0.4512,2880.0
Anomalia,0.0253,0.1289,0.0462,-0.3108,3360.0
Anomalia,0.0174,0.1068,-0.0908,-0.5583,3360.0
Anomalia,0.0141,0.1036,-0.1095,-0.4082,3360.0
Anomalia,0.0162,0.1052,-0.1781,-0.4891,2640.0
Anomalia,0.0175,0.1265,0.091,-0.1539,3360.0
Anomalia,0.0249,0.1309,0.0879,-0.3391,3360.0
Anomalia,0.0204,0.1423,0.115,-0.7408,3360.0
Anomalia,0.0256,0.1474,0.0943,-0.8082,3360.0
Anomalia,0.0108,0.1255,0.1391,-0.7968,3360.0
Anomalia,0.0163,0.15,0.0418,-0.8725,3360.0
Anomalia,0.0256,0.1445,-0.0024,-0.6658,3360.0
Anomalia,0.0108,0.1576,0.0501,-0.8568,3360.0
Anomalia,0.0331,0.1626,-0.1823,-0.8919,2880.0
Anomalia,0.0222,0.1469,-0.0412,-0.8076,2640.0
Anomalia,0.017,0.1611,0.0309,-0.7797,2640.0
Anomalia,0.0201,0.1591,0.0623,-0.7459,3360.0
Anomalia,0.0106,0.1456,0.1738,-0.1637,3360.0
Anomalia,0.0138,0.1301,0.1218,0.7128,3360.0
Anomalia,0.0231,0.1111,-0.0758,0.6573,3360.0
Anomalia,0.0207,0.089,0.0674,-0.5806,2880.0
Anomalia,0.0208,0.0917,0.1604,-0.7292,2880.0
Anomalia,0.0222,0.1019,0.0242,-1.105,2880.0
Anomalia,0.0086,0.1101,0.1592,-0.7028,2880.0
Anomalia,0.0229,0.1341,0.4901,-0.0071,2880.0
Anomalia,0.0214,0.1339,0.4752,0.0264,2880.0
Anomalia,0.0152,0.1368,0.4781,-0.0436,3120.0
Anomalia,0.0221,0.1206,0.5535,0.9538,3120.0
Anomalia,0.011,0.0821,-0.345,0.0955,3120.0
Anomalia,0.0191,0.0952,0.1898,0.4233,2640.0
Anomalia,0.0214,0.0987,0.4552,0.4199,2640.0
Anomalia,0.0183,0.0992,0.5113,0.3492,2640.0
Anomalia,0.0234,0.1167,0.3668,-0.4232,2880.0
Anomalia,0.0101,0.1114,0.2555,-0.416,2880.0
Anomalia,0.0178,0.095,0.0528,0.1648,2880.0
Anomalia,0.0256,0.1103,0.0828,-0.3352,2880.0
Anomalia,0.016,0.1163,0.0555,-0.0459,2880.0
Anomalia,0.0254,0.1095,0.0016,0.5272,3120.0
Anomalia,0.019,0.1089,0.1796,0.4476,3120.0
Anomalia,0.0118,0.0961,0.1338,1.1867,3360.0
Anomalia,0.0237,0.0814,0.1245,0.0494,3360.0
Anomalia,0.0174,0.0974,0.1207,-0.3494,2880.0
Anomalia,0.0161,0.0947,0.153,-0.1022,2880.0
Anomalia,0.02,0.0941,0.0382,-0.023,2640.0
Anomalia,0.0152,0.0852,0.05,0.0364,2640.0
Anomalia,0.0192,0.0687,-0.033,-0.4409,3360.0
Anomalia,0.0227,0.0937,-0.1916,-0.3208,3360.0
Anomalia,0.0158,0.1084,-0.2278,-0.5309,3120.0
Anomalia,0.0154,0.1415,0.0789,-0.3203,2880.0
Anomalia,0.0161,0.1604,0.0388,-0.9286,2880.0
Anomalia,0.0188,0.1568,0.0258,-0.8325,2880.0
Anomalia,0.0254,0.1519,-0.0007,-0.6896,2880.0
Anomalia,0.0223,0.1218,-0.1885,-0.6681,2880.0
Anomalia,0.0204,0.1226,-0.2088,0.062,2880.0
Anomalia,0.0244,0.1253,-0.2128,0.2321,2880.0
Anomalia,0.02,0.1228,-0.1381,0.2802,2880.0
Anomalia,0.0175,0.1298,0.0364,-0.1655,3360.0
Anomalia,0.014,0.1281,0.048,-0.397,2640.0
Anomalia,0.0147,0.1293,0.0816,-0.4534,2880.0
Anomalia,0.0156,0.1588,0.0969,-0.641,2880.0
Anomalia,0.0183,0.1839,-0.0538,-0.6984,2880.0
Anomalia,0.03,0.201,-0.0768,-0.8771,2880.0
Anomalia,0.0143,0.2032,0.0609,-1.0024,2880.0
Anomalia,0.0126,0.1808,0.0538,-0.5406,2880.0
Anomalia,0.0239,0.1471,-0.0253,0.0924,2880.0
Anomalia,0.0171,0.1042,-0.4204,-0.3793,2640.0
Anomalia,0.0316,0.0934,-0.5629,0.0283,3120.0
Anomalia,0.0251,0.0969,-0.4418,-0.3228,3120.0
Anomalia,0.0161,0.1032,0.015,-0.7139,3360.0
Anomalia,0.0133,0.0948,0.0875,-0.4132,2640.0
Anomalia,0.0114,0.0939,0.3576,-0.4868,2880.0
Anomalia,0.0166,0.0885,0.5569,-0.4148,2880.0
Anomalia,0.0232,0.0849,0.2661,-0.6061,3360.0
Anomalia,0.0283,0.134,0.1162,0.5427,2640.0
Anomalia,0.0194,0.1469,0.0958,0.0848,3120.0
Anomalia,0.0268,0.1584,0.0244,-0.4362,2880.0
Anomalia,0.0118,0.1623,0.1863,-0.6334,2880.0
Anomalia,0.0143,0.1458,0.2086,-0.6861,3120.0
Anomalia,0.019,0.1323,0.2292,-0.6685,3120.0
Anomalia,0.0125,0.1204,0.2034,-0.2859,2640.0
Anomalia,0.0264,0.1274,0.2103,-0.3549,2880.0
Anomalia,0.0134,0.1208,-0.0629,-0.3773,2880.0
Anomalia,0.0163,0.1163,-0.0958,-0.063,2880.0
Anomalia,0.0136,0.12,-0.1132,-0.1753,2880.0
Anomalia,0.0144,0.1123,-0.2034,0.0453,2880.0
Anomalia,0.0301,0.0979,-0.0553,0.2463,2640.0
Anomalia,0.0254,0.112,-0.1518,-0.3427,2880.0
Anomalia,0.0222,0.1303,-0.3408,-0.2046,2880.0
Anomalia,0.0147,0.1487,-0.1823,-0.4892,2880.0
Anomalia,0.0087,0.1463,-0.1218,-0.4411,2880.0
Anomalia,0.0208,0.1386,-0.298,0.0799,2880.0
Anomalia,0.0319,0.1491,-0.1787,0.1309,3120.0
Anomalia,0.0263,0.1409,-0.3995,0.4935,2880.0
Anomalia,0.0246,0.1474,-0.296,0.0858,2880.0
Anomalia,0.0083,0.1427,-0.051,0.1943,2880.0
Anomalia,0.0083,0.1219,-0.0924,0.0917,2640.0
Anomalia,0.0265,0.1287,0.5419,-0.1766,2640.0
Anomalia,0.0167,0.1439,0.3128,-0.4134,2640.0
Anomalia,0.0284,0.1598,0.1506,-0.8574,2880.0
Anomalia,0.022,0.1945,0.1074,-0.7787,2880.0
Anomalia,0.0073,0.1805,0.1543,-0.4308,2880.0
Anomalia,0.0223,0.1642,0.0293,0.2505,2880.0
Anomalia,0.0218,0.1562,-0.0299,0.5924,2880.0
Anomalia,0.0201,0.0991,-0.3325,-0.5879,2880.0
Anomalia,0.0261,0.1043,-0.0579,-0.6589,2880.0
Anomalia,0.0169,0.1167,0.1353,-0.7767,2880.0
Anomalia,0.0148,0.114,-0.0113,-0.547,3360.0
Anomalia,0.0222,0.1118,0.0286,-0.4808,3360.0
Anomalia,0.0057,0.1252,-0.2036,-0.3057,3120.0
Anomalia,0.0189,0.1305,-0.3116,-0.2631,3120.0
Anomalia,0.0154,0.1428,-0.3438,-0.2255,3360.0
Anomalia,0.014,0.1858,-0.1517,-0.5944,2880.0
Anomalia,0.0291,0.1806,-0.2509,-0.3748,2880.0
Anomalia,0.0166,0.1686,-0.1495,0.0277,2880.0
Anomalia,0.0186,0.1572,-0.071,0.3629,3120.0
Anomalia,0.0157,0.0996,0.0574,-0.2453,3120.0
Anomalia,0.0136,0.0933,0.1619,-0.2988,3120.0
Anomalia,0.0215,0.0955,0.0008,-0.3575,3120.0
Anomalia,0.0181,0.0903,0.26,-0.1285,2880.0
Anomalia,0.0194,0.102,0.2976,-0.2621,3120.0
Anomalia,0.0256,0.1011,0.1101,-0.5046,2880.0
Anomalia,0.0169,0.0996,0.1829,-0.1806,2880.0
Anomalia,0.0207,0.1106,0.1993,-0.4487,2880.0
Anomalia,0.0221,0.1509,-0.0051,0.5475,2640.0
Anomalia,0.008,0.1666,0.0579,-0.1787,2880.0
Anomalia,0.0227,0.1688,-0.1211,-0.238,2880.0
Anomalia,0.0215,0.168,-0.1727,-0.237,2880.0
Anomalia,0.0201,0.1381,-0.1672,-0.5782,3120.0
Anomalia,0.0229,0.1167,-0.0527,-0.2954,3360.0
Anomalia,0.0109,0.1344,-0.001,-0.7059,3360.0
Anomalia,0.0078,0.1302,-0.0109,-0.4914,3360.0
Anomalia,0.0239,0.1229,-0.4097,-0.3565,3360.0
Anomalia,0.0211,0.1298,-0.2841,-0.8101,3360.0
Anomalia,0.0252,0.1081,-0.3194,-0.5363,3360.0
Anomalia,0.0244,0.1137,-0.1444,-0.9264,2880.0
Anomalia,0.0028,0.1213,0.1494,-1.0178,2880.0
Anomalia,0.0212,0.1671,0.5442,1.0975,3360.0
Anomalia,0.0113,0.1925,0.3758,0.1354,2880.0
Anomalia,0.0246,0.2243,0.2337,-0.6336,2880.0
Anomalia,0.0326,0.2281,0.1302,-0.7369,2880.0
Anomalia,0.0139,0.2047,0.1419,-0.8982,2880.0
Anomalia,0.0177,0.1873,0.1811,-0.7742,2640.0
Anomalia,0.0081,0.1636,0.1006,-1.0547,3360.0
Anomalia,0.01,0.1516,0.0676,-0.8072,2880.0
Anomalia,0.0185,0.15,0.1007,-0.7129,2880.0
Anomalia,0.0189,0.1464,0.1908,-0.6839,2880.0
Anomalia,0.0218,0.1223,0.2762,-0.3654,2880.0
Anomalia,0.023,0.1156,0.3194,0.1343,2880.0
Anomalia,0.0123,0.0896,0.0222,-0.4071,2880.0
Anomalia,0.0157,0.0828,-0.1553,-0.4669,2880.0
Anomalia,0.0173,0.1242,0.318,0.7798,2640.0
Anomalia,0.0114,0.1365,0.3339,-0.0717,2640.0
Anomalia,0.0236,0.1521,0.2248,-0.653,2880.0
Anomalia,0.0215,0.155,0.2294,-0.7802,2880.0
Anomalia,0.0111,0.1381,-0.0065,-0.8458,3120.0
Anomalia,0.0185,0.1348,-0.0853,-0.5675,3120.0
Anomalia,0.0173,0.1264,-0.2428,-0.4023,2880.0
Anomalia,0.0267,0.1265,-0.3437,-0.282,2880.0
Anomalia,0.0226,0.1218,-0.0884,-0.4352,2640.0
Anomalia,0.0076,0.1424,-0.0798,-0.578,2640.0
Anomalia,0.0082,0.1587,-0.0162,-0.8181,2640.0
Anomalia,0.0082,0.1567,-0.0305,-0.7274,2880.0
Anomalia,0.0175,0.1472,-0.1323,-0.3902,2880.0
Anomalia,0.0279,0.1277,-0.1053,-0.2373,2880.0
Anomalia,0.0266,0.0983,-0.2328,-0.6264,2880.0
Anomalia,0.0133,0.0924,0.0109,-0.4596,2880.0
Anomalia,0.0147,0.1102,-0.0572,-0.6996,2880.0
Anomalia,0.0161,0.1122,-0.0185,-0.6501,3360.0
Anomalia,0.0198,0.1242,0.0364,-0.8703,3360.0
Anomalia,0.0233,0.1337,-0.1191,-1.0178,3360.0
Anomalia,0.0202,0.1307,-0.0117,-0.8871,3360.0
Anomalia,0.0229,0.1464,0.0256,-0.3369,3360.0
Anomalia,0.0091,0.1579,-0.1196,-0.225,3360.0
Anomalia,0.0156,0.1608,-0.1378,-0.2677,3360.0
Anomalia,0.0191,0.1588,-0.2185,-0.148,3120.0
Anomalia,0.0079,0.15,-0.2449,-0.5632,2880.0
Anomalia,0.031,0.1508,0.0987,-0.7176,2880.0
Anomalia,0.0191,0.1625,-0.1147,-0.6832,2640.0
Anomalia,0.0183,0.1705,-0.0917,-0.9416,3360.0
Anomalia,0.0225,0.1625,-0.1455,-0.656,3360.0
Anomalia,0.0021,0.1378,-0.2977,-0.4407,3360.0
Anomalia,0.0173,0.1108,-0.1415,-0.3039,3360.0
Anomalia,0.0165,0.0838,-0.1671,-0.161,3360.0
Anomalia,0.012,0.0797,-0.3639,-0.125,3360.0
Anomalia,0.0257,0.0904,-0.2343,0.0382,3360.0
Anomalia,0.0161,0.0981,-0.1499,-0.5445,3360.0
Anomalia,0.0174,0.1306,-0.1114,-0.5124,3360.0
Anomalia,0.026,0.1349,-0.1171,-0.6859,2880.0
Anomalia,0.0168,0.1548,0.0628,-0.8052,2880.0
Anomalia,0.0099,0.1623,0.0786,-0.98,2880.0
Anomalia,0.0145,0.1424,-0.0228,-0.6466,2880.0
Anomalia,0.0101,0.1442,-0.0473,-0.5825,2880.0
Anomalia,0.021,0.1395,-0.0441,-0.3665,3360.0
Anomalia,0.0197,0.1296,0.1245,-0.027,2640.0
Anomalia,0.0223,0.1321,0.1516,-0.2032,2640.0
Anomalia,0.0162,0.1427,0.053,-0.4298,2640.0
Anomalia,0.0026,0.1162,-0.1927,-0.2376,3360.0
Anomalia,0.0238,0.1158,-0.4843,0.1232,3360.0
Anomalia,0.0121,0.1091,-0.4503,0.298,3120.0
Anomalia,0.02,0.0935,-0.3641,0.1529,3120.0
Anomalia,0.0186,0.1327,-0.3047,-0.1094,3120.0
Anomalia,0.0071,0.1445,0.0331,-0.546,3120.0
Anomalia,0.0089,0.1454,0.0035,-0.5674,2880.0
Anomalia,0.0198,0.1485,-0.0055,-0.6367,2880.0
Anomalia,0.0186,0.1266,0.1645,-0.6469,3360.0
Anomalia,0.0215,0.1215,-0.0144,-0.7221,3360.0
Anomalia,0.0199,0.1226,0.0307,-0.8226,3360.0
Anomalia,0.0046,0.1255,-0.0453,-0.8191,3360.0
Anomalia,0.016,0.1278,-0.037,-0.7241,2880.0
Anomalia,0.0111,0.1189,-0.0142,-0.4829,2880.0
Anomalia,0.0169,0.1224,-0.0732,-0.6489,2880.0
Anomalia,0.0205,0.1131,0.0054,-0.9492,2640.0
Anomalia,0.0194,0.1029,-0.2374,-1.1453,2880.0
Anomalia,0.018,0.0999,-0.2117,-1.0787,2640.0
Anomalia,0.011,0.09,-0.1405,-0.8339,3120.0
Anomalia,0.0153,0.1155,0.2762,0.4575,3360.0
Anomalia,0.0128,0.116,0.3183,0.4968,3360.0
Anomalia,0.0206,0.1255,0.0838,0.0963,3120.0
Anomalia,0.0256,0.183,-0.0777,-0.2097,3120.0
Anomalia,0.0166,0.2068,-0.1342,-0.4625,2880.0
Anomalia,0.0109,0.2125,-0.0684,-0.7011,2880.0
Anomalia,0.0133,0.2273,0.0018,-0.9908,2880.0
Anomalia,0.0099,0.2027,0.0282,-0.8264,2880.0
Anomalia,0.0142,0.1946,0.1419,-0.9701,2880.0
Anomalia,0.0254,0.1964,0.0541,-1.0115,2880.0
Anomalia,0.0091,0.1915,0.0045,-1.0023,2880.0
Anomalia,0.0168,0.1804,-0.0836,-0.9007,2880.0
Anomalia,0.0191,0.1379,-0.3392,-0.4343,3120.0
Anomalia,0.0103,0.1359,-0.3345,-0.4609,3360.0
Anomalia,0.0281,0.1119,-0.0207,-0.6472,3360.0
Anomalia,0.0127,0.1006,-0.0176,-0.4818,3120.0
Anomalia,0.0103,0.107,0.1035,-0.8142,2880.0
Anomalia,0.0195,0.0913,0.0931,-0.8044,2880.0
Anomalia,0.008,0.0865,0.0698,-0.7296,2880.0
Anomalia,0.022,0.0874,-0.0165,-0.7569,3120.0
Anomalia,0.0238,0.0818,-0.1626,-0.518,3360.0
Anomalia,0.018,0.118,0.0783,0.3008,2880.0
Anomalia,0.017,0.1228,0.0294,-0.0183,2880.0
Anomalia,0.0154,0.1215,0.0103,0.0905,2880.0
Anomalia,0.0103,0.1308,-0.0032,-0.3994,2880.0
Anomalia,0.011,0.1333,0.0249,-0.4055,3360.0
Anomalia,0.0154,0.1432,-0.0388,-0.7124,2640.0
Anomalia,0.0144,0.1573,-0.0224,-1.0499,2640.0
Anomalia,0.0222,0.1548,-0.079,-0.9633,2880.0
Anomalia,0.0151,0.1477,-0.2072,-1.0528,2880.0
Anomalia,0.0132,0.1514,-0.1812,-1.0375,3360.0
Anomalia,0.0092,0.1416,-0.2185,-0.7628,3360.0
Anomalia,0.0057,0.1562,-0.0709,-1.023,3360.0
Anomalia,0.015,0.1545,-0.2078,-0.7816,2880.0
Anomalia,0.0226,0.167,-0.1453,-0.6477,2880.0
Anomalia,0.0192,0.1739,-0.0875,-0.907,2880.0
Anomalia,0.0223,0.1609,-0.134,-0.5341,2880.0
Anomalia,0.0142,0.1495,0.0651,-0.4777,3360.0
Anomalia,0.0239,0.1244,-0.1344,-0.6592,3360.0
Anomalia,0.0168,0.1111,0.1656,-0.8096,3360.0
Anomalia,0.0105,0.1378,0.0414,-0.6536,3360.0
Anomalia,0.018,0.1553,0.0763,-0.79,2880.0
Anomalia,0.0049,0.159,0.1692,-0.8589,2640.0
Anomalia,0.0193,0.18,0.0233,-1.1353,2640.0
Anomalia,0.0278,0.1633,0.0056,-0.8859,2640.0
Anomalia,0.0164,0.1414,0.071,-0.4663,2640.0
Anomalia,0.0136,0.1288,0.1916,-0.0074,2880.0
Anomalia,0.0141,0.1053,0.1204,-0.308,2880.0
Anomalia,0.0064,0.118,0.0612,-0.3346,3360.0
Anomalia,0.0208,0.1189,-0.0847,-0.3012,3360.0
Anomalia,0.0194,0.1152,-0.051,-0.0171,3360.0
Anomalia,0.018,0.105,-0.1147,0.2883,3120.0
Anomalia,0.0183,0.0704,0.1994,0.2067,3120.0
Anomalia,0.0149,0.1001,0.6287,0.9394,2880.0
Anomalia,0.0166,0.1114,0.2284,0.2422,2880.0
Anomalia,0.0219,0.132,0.0323,-0.1882,2880.0
Anomalia,0.0129,0.1552,-0.1861,-0.565,2880.0
Anomalia,0.0156,0.1748,-0.0344,-0.5354,2880.0
Anomalia,0.01,0.1967,-0.0303,-0.9864,2880.0
Anomalia,0.0062,0.1894,0.0119,-0.8334,2880.0
Anomalia,0.0209,0.1764,-0.0087,-0.6101,2880.0
Anomalia,0.0081,0.1465,-0.2063,-0.5175,3120.0
Anomalia,0.0224,0.1109,-0.2003,-0.6231,3120.0
Anomalia,0.0166,0.1017,-0.1468,-0.9253,3360.0
Anomalia,0.0078,0.095,-0.0527,-0.9272,3360.0
Anomalia,0.0251,0.0869,-0.0902,-1.1188,3120.0
Anomalia,0.0078,0.1075,-0.2516,-0.3139,3120.0
Anomalia,0.0213,0.1274,-0.1194,-0.3907,2640.0
Anomalia,0.0299,0.1553,-0.1475,-0.6571,2880.0
Anomalia,0.0172,0.1672,0.0168,-1.0469,2880.0
Anomalia,0.0206,0.1607,-0.011,-0.9359,2880.0
Anomalia,0.0116,0.1629,0.0067,-0.9586,2880.0
Anomalia,0.0004,0.1384,-0.0453,-0.703,2880.0
Anomalia,0.015,0.131,-0.1679,-0.4612,3360.0
Anomalia,0.0226,0.1369,-0.1247,-0.5736,3360.0
Anomalia,0.0174,0.1092,0.051,0.0582,3360.0
Anomalia,0.0288,0.1057,0.0855,0.0243,3360.0
Anomalia,0.0077,0.0873,0.1797,1.0893,3120.0
Anomalia,0.0069,0.0567,0.2781,0.0784,3360.0
Anomalia,0.0195,0.0782,0.445,-0.154,2880.0
Anomalia,0.0129,0.0759,0.6461,0.1145,2640.0
Anomalia,0.0207,0.0793,0.2966,-0.0038,2640.0
Anomalia,0.0207,0.0823,0.3588,-0.111,2640.0
Anomalia,0.0106,0.0722,0.1331,-0.0214,3360.0
Anomalia,0.0172,0.0916,0.1964,-0.1444,3360.0
Anomalia,0.0133,0.1003,0.1449,-0.6105,2880.0
Anomalia,0.0176,0.1039,0.0242,-0.8639,2880.0
Anomalia,0.0176,0.1101,0.0139,-1.0028,2880.0
Anomalia,0.009,0.1278,-0.1095,-0.7471,3120.0
Anomalia,0.0181,0.1317,-0.1464,-0.6969,3120.0
Anomalia,0.0109,0.1347,-0.0972,-0.7951,2880.0
Anomalia,0.0118,0.1414,-0.1092,-0.9362,3360.0
Anomalia,0.0192,0.127,-0.0462,-0.9727,3360.0
Anomalia,0.017,0.1146,-0.0695,-0.646,3360.0
Anomalia,0.0209,0.1082,-0.0367,-0.49,3360.0
Anomalia,0.0171,0.0889,0.1429,-0.1229,3120.0
Anomalia,0.0088,0.1087,-0.2342,1.3719,3120.0
Anomalia,0.0076,0.127,0.2151,0.4069,2640.0
Anomalia,0.0037,0.1308,0.3251,0.213,2640.0
Anomalia,0.0191,0.1752,0.3291,-0.3863,3360.0
Anomalia,0.0215,0.1733,0.4375,-0.1577,2880.0
Anomalia,0.0185,0.1726,0.3352,-0.2107,2880.0
Anomalia,0.0165,0.1701,0.3394,-0.0636,2880.0
Anomalia,0.01,0.148,0.2014,-0.1103,3120.0
Anomalia,0.0122,0.1271,0.1175,-0.2414,3120.0
Anomalia,0.0182,0.1202,0.087,0.1539,3120.0
Anomalia,0.013,0.1406,-0.0015,-0.4648,2880.0
Anomalia,0.0154,0.1163,-0.3409,-0.0843,2880.0
Anomalia,0.0174,0.1157,-0.3647,-0.0106,2640.0
Anomalia,0.0116,0.1291,-0.2327,-0.2473,2880.0
Anomalia,0.0265,0.1203,-0.141,0.0634,2880.0
Anomalia,0.0153,0.1211,0.0752,-0.1697,3120.0
Anomalia,0.0117,0.1227,0.0936,-0.2581,3360.0
Anomalia,0.0103,0.1071,0.2105,-0.4105,2880.0
Anomalia,0.0106,0.1012,-0.0757,-0.852,2880.0
Anomalia,0.017,0.1225,-0.0501,-0.8093,3120.0
Anomalia,0.0261,0.1262,-0.1522,-0.9032,3120.0
Anomalia,0.0205,0.1263,-0.1213,-0.8786,3360.0
Anomalia,0.0205,0.1444,0.1078,-0.7743,3360.0
Anomalia,0.0145,0.1481,0.019,-0.6013,3360.0
Anomalia,0.0036,0.169,0.1421,-0.756,3360.0
Anomalia,0.0195,0.1729,0.011,-0.8284,3360.0
Anomalia,0.0065,0.1565,0.0184,-0.5749,3360.0
Anomalia,0.0187,0.137,-0.034,0.017,2880.0
Anomalia,0.0238,0.1213,0.0198,-0.342,2640.0
Anomalia,0.0104,0.1163,-0.0303,-0.4879,3120.0
Anomalia,0.0179,0.1173,0.0139,-0.5434,3120.0
Anomalia,0.0122,0.1371,0.0502,-0.9817,3120.0
Anomalia,0.0108,0.1209,0.0312,-0.7912,3120.0
Anomalia,0.0204,0.1179,0.0054,-0.6239,3120.0
Anomalia,0.019,0.1243,0.1449,-0.5421,3120.0
Anomalia,0.0095,0.1085,0.178,-0.1302,3120.0
Anomalia,0.0138,0.1201,0.1308,-0.5941,3120.0
Anomalia,0.0149,0.1178,0.0836,-0.4803,3120.0
Anomalia,0.0216,0.1177,0.1591,-0.3107,3120.0
Anomalia,0.0215,0.1187,0.2457,-0.485,3360.0
Anomalia,0.0114,0.1164,0.0922,-0.0698,3120.0
Anomalia,0.0076,0.1496,0.217,-0.559,3120.0
Anomalia,0.0012,0.1374,0.1935,-0.1981,3120.0
Anomalia,0.0186,0.1413,0.0984,-0.2473,3120.0
Anomalia,0.0271,0.1507,0.1245,-0.6805,2640.0
Anomalia,0.0263,0.1234,0.2888,-0.6329,2640.0
Anomalia,0.026,0.1357,0.1701,-0.9406,2640.0
Anomalia,0.005,0.1291,0.3587,-0.8634,3360.0
Anomalia,0.0061,0.142,0.3289,-0.626,3360.0
Anomalia,0.0127,0.1401,0.2012,-0.5544,3360.0
Anomalia,0.014,0.1433,0.0821,-0.679,3360.0
Anomalia,0.0252,0.1375,-0.0681,-0.3028,2880.0
Anomalia,0.0206,0.1203,-0.2204,-0.365,3120.0
Anomalia,0.0116,0.1158,-0.1309,-0.3081,3120.0
Anomalia,0.0117,0.0921,-0.1559,0.8266,2640.0
Anomalia,0.0143,0.1126,-0.199,0.0631,2640.0
Anomalia,0.0102,0.0963,-0.1327,0.1905,2640.0
Anomalia,0.0217,0.1289,0.1218,-0.069,2640.0
Anomalia,0.0148,0.1339,0.2094,-0.4358,2640.0
Anomalia,0.0182,0.1398,0.3001,-0.5451,2880.0
Anomalia,0.0204,0.1423,0.2291,-0.6478,3360.0
Anomalia,0.0062,0.1199,0.275,-0.6249,3120.0
Anomalia,0.0183,0.1333,0.1497,-0.8948,3120.0
Anomalia,0.0152,0.1385,0.0607,-0.8722,2880.0
Anomalia,0.0188,0.1573,0.0017,-1.0966,2640.0
Anomalia,0.0216,0.1522,-0.0398,-0.8789,2640.0
Anomalia,0.0111,0.1563,-0.0385,-0.9595,2880.0
Anomalia,0.0111,0.1446,-0.0729,-0.8876,2880.0
Anomalia,0.0181,0.1485,0.077,-0.7288,2880.0
Anomalia,0.0209,0.1754,0.0625,-1.0585,2880.0
Anomalia,0.0241,0.1974,0.0101,-1.037,2880.0
Anomalia,0.0147,0.1955,0.1332,-0.9921,2880.0
Anomalia,0.009,0.1761,0.1399,-0.5259,2880.0
Anomalia,0.0089,0.1713,0.243,-0.1687,2880.0
Anomalia,0.0072,0.1673,0.2359,-0.0686,2880.0
Anomalia,0.0183,0.1738,0.075,-0.3065,2640.0
Anomalia,0.0161,0.188,0.0715,-0.7555,2880.0
Anomalia,0.0197,0.1907,-0.0397,-0.895,2640.0
Anomalia,0.0232,0.1786,-0.0807,-0.6845,2640.0
Anomalia,0.0217,0.1645,-0.0518,-0.164,2640.0
Anomalia,0.0188,0.1431,-0.0006,0.9822,2880.0
Anomalia,0.0188,0.1099,-0.2602,3.3497,2880.0
Anomalia,0.0115,0.0648,0.175,-0.4814,480.0
Anomalia,0.0028,0.0584,0.1244,-0.8396,480.0
Anomalia,0.0182,0.0727,0.3685,-0.3143,720.0
Anomalia,0.0163,0.0802,0.3432,-0.5666,3360.0
Anomalia,0.0226,0.0955,0.1265,-0.0958,3360.0
Anomalia,0.0279,0.1043,-0.2057,-0.2713,3360.0
Anomalia,0.0097,0.1139,0.0534,-0.507,3120.0
Anomalia,0.0145,0.1184,0.1057,-0.5169,2640.0
Anomalia,0.0115,0.1135,0.0018,-0.4225,2880.0
Anomalia,0.0146,0.1202,0.1022,-0.6071,2880.0
Anomalia,0.0246,0.1282,0.3322,-0.0469,3120.0
Anomalia,0.0171,0.1324,0.3221,-0.3208,2640.0
Anomalia,0.0213,0.1331,0.3417,-0.4831,3360.0
Anomalia,0.0176,0.1368,0.3157,-0.6482,3360.0
Anomalia,0.0144,0.1298,0.196,-1.1544,3360.0
Anomalia,0.0143,0.1173,0.2258,-0.7946,3360.0
Anomalia,0.0115,0.1181,0.2425,-0.7322,3360.0
Anomalia,0.021,0.108,0.245,-0.5626,2880.0
Anomalia,0.0164,0.0903,0.018,-0.3902,2640.0
Anomalia,0.0207,0.1014,0.052,-0.4894,2640.0
Anomalia,0.0202,0.1143,-0.3612,0.0606,2640.0
Anomalia,0.012,0.1121,-0.3303,0.0124,2880.0
Anomalia,0.0147,0.1174,-0.3319,-0.3462,3120.0
Anomalia,0.0229,0.1455,-0.0772,0.0148,3120.0
Anomalia,0.0154,0.1539,-0.0221,-0.2999,3120.0
Anomalia,0.014,0.1876,-0.0541,-0.884,2880.0
Anomalia,0.0222,0.1856,-0.1638,-0.747,2880.0
Anomalia,0.0101,0.175,-0.0522,-0.7398,2880.0
Anomalia,0.0301,0.1761,-0.1945,-0.5418,3120.0
Anomalia,0.0311,0.1573,-0.0659,-0.3876,3360.0
Anomalia,0.0108,0.176,0.0458,-0.8006,3360.0
Anomalia,0.0193,0.1913,-0.0017,-0.9365,3360.0
Anomalia,0.0023,0.1767,0.1909,-0.6943,2880.0
Anomalia,0.0054,0.1608,0.1376,-0.2588,2880.0
Anomalia,0.0239,0.1408,0.1168,0.2461,2880.0
Anomalia,0.0183,0.104,-0.2288,-0.5283,2880.0
Anomalia,0.0256,0.1189,-0.0662,-0.3467,2880.0
Anomalia,0.0168,0.1281,0.0146,-0.3868,2880.0
Anomalia,0.0096,0.1318,0.0847,-0.5857,2880.0
Anomalia,0.0146,0.1289,0.0129,-0.4236,2880.0
Anomalia,0.0174,0.1607,-0.0199,0.3125,2880.0
Anomalia,0.0208,0.1664,-0.0901,0.0189,2880.0
Anomalia,0.0275,0.1792,-0.0981,-0.3065,2880.0
Anomalia,0.0133,0.1789,0.0509,-0.3645,3360.0
Anomalia,0.0115,0.1462,0.0925,-0.5885,2640.0
Anomalia,0.0107,0.1422,0.1507,-0.5632,2640.0
Anomalia,0.0064,0.1181,0.0505,-0.385,2880.0
Anomalia,0.0247,0.1222,0.0362,-0.4672,3120.0
Anomalia,0.0155,0.1155,0.0354,-0.5188,3120.0
Anomalia,0.0227,0.104,0.0249,-0.5572,3120.0
Anomalia,0.0213,0.1207,-0.0315,-0.5471,2880.0
Anomalia,0.0141,0.1252,-0.1704,-0.4326,2880.0
Anomalia,0.0198,0.1331,-0.1656,-0.5771,2880.0
Anomalia,0.0227,0.1336,-0.2602,-0.5239,2880.0
Anomalia,0.0189,0.1384,-0.1814,-0.4918,2880.0
Anomalia,0.0199,0.1469,0.2134,-0.3313,3360.0
Anomalia,0.0125,0.1598,0.0462,-0.1582,3120.0
Anomalia,0.0134,0.1782,0.0766,-0.7395,2640.0
Anomalia,0.0209,0.1793,-0.0035,-0.806,2880.0
Anomalia,0.0142,0.1818,-0.0428,-0.9861,3120.0
Anomalia,0.0225,0.1661,0.0388,-1.0019,3120.0
Anomalia,0.014,0.1772,-0.0027,-0.859,2880.0
Anomalia,0.0122,0.1691,-0.0005,-0.6916,2880.0
Anomalia,0.0178,0.1481,-0.1802,-0.0799,2880.0
Anomalia,0.023,0.1568,-0.268,-0.3123,2640.0
Anomalia,0.0231,0.1191,-0.1274,-0.2715,3120.0
Anomalia,0.0171,0.1178,-0.1163,-0.502,3360.0
Anomalia,0.0178,0.1194,-0.1738,-0.6219,3360.0
Anomalia,0.0181,0.1359,0.1854,0.3304,3360.0
Anomalia,0.0229,0.1675,0.097,-0.4119,3360.0
Anomalia,0.0247,0.1798,0.0755,-0.6843,2880.0
Anomalia,0.0179,0.1912,0.0846,-0.994,2880.0
Anomalia,0.0063,0.1756,0.0938,-0.967,2640.0
Anomalia,0.0075,0.1814,0.2065,-0.6913,2640.0
Anomalia,0.0168,0.175,0.1386,-0.5815,2640.0
Anomalia,0.0192,0.1629,0.2813,-0.131,2640.0
Anomalia,0.0324,0.1588,0.2613,-0.0024,3360.0
Anomalia,0.022,0.1123,0.505,-0.3494,2880.0
Anomalia,0.0176,0.108,0.4634,-0.4114,3360.0
Anomalia,0.0199,0.1208,0.0658,-0.4654,2880.0
Anomalia,0.013,0.1316,-0.017,-0.4913,2880.0
Anomalia,0.0132,0.1339,-0.1156,-0.4744,2880.0
Anomalia,0.0222,0.1298,-0.2876,-0.2891,2880.0
Anomalia,0.0125,0.1272,-0.2241,-0.4653,3360.0
Anomalia,0.0198,0.1146,-0.3567,-0.4091,3360.0
Anomalia,0.0216,0.1146,-0.2076,-0.6461,3360.0
Anomalia,0.0074,0.1166,-0.1952,-0.86,3360.0
Anomalia,0.0163,0.1074,-0.1516,-0.9041,3360.0
Anomalia,0.016,0.1113,-0.0159,-0.793,3360.0
Anomalia,0.0211,0.1073,-0.1596,-0.5885,3360.0
Anomalia,0.0186,0.1,-0.0361,-0.5031,3360.0
Anomalia,0.0178,0.1314,0.0791,-0.0801,2640.0
Anomalia,0.0181,0.1487,0.0623,-0.2874,2640.0
Anomalia,0.0148,0.1749,0.0442,-1.011,2880.0
Anomalia,0.0249,0.1823,-0.0434,-1.1617,2880.0
Anomalia,0.026,0.1631,-0.0686,-0.9543,2880.0
Anomalia,0.0148,0.1412,0.0436,-0.8331,2880.0
Anomalia,0.0157,0.1061,0.2292,-0.587,2880.0
Anomalia,0.0113,0.1021,0.1841,-0.7777,2880.0
Anomalia,0.013,0.1009,0.0718,-0.5253,2880.0
Anomalia,0.0198,0.1278,0.166,-0.3147,2880.0
Anomalia,0.0218,0.1324,0.1606,-0.556,2880.0
Anomalia,0.0172,0.1297,0.1575,-0.4398,2880.0
Anomalia,0.0206,0.1278,0.1212,-0.4076,3360.0
Anomalia,0.0097,0.0987,0.0504,-0.8189,3360.0
Anomalia,0.0142,0.1137,0.0595,-0.9063,3360.0
Anomalia,0.0209,0.1305,0.0253,-0.7241,2880.0
Anomalia,0.0122,0.1633,0.0725,-0.9238,2880.0
Anomalia,0.0319,0.1838,-0.0372,-1.0387,2880.0
Anomalia,0.0219,0.184,0.0347,-1.0452,2640.0
Anomalia,0.0181,0.1734,0.1276,-0.8081,2640.0
Anomalia,0.0188,0.1515,0.265,-0.5311,3360.0
Anomalia,0.0118,0.1267,0.105,-0.6534,3360.0
Anomalia,0.0186,0.1208,0.0727,-0.609,2880.0
Anomalia,0.0245,0.1118,-0.1356,-0.4631,2880.0
Anomalia,0.0229,0.0952,-0.2548,-0.3205,3120.0
Anomalia,0.0192,0.1038,-0.0917,-0.3595,3360.0
Anomalia,0.0138,0.0975,0.0425,-0.4349,3360.0
Anomalia,0.0133,0.123,0.2164,-0.2214,3120.0
Anomalia,0.0233,0.1595,0.2435,-0.7339,3120.0
Anomalia,0.0232,0.1607,0.1529,-0.7551,2880.0
Anomalia,0.0239,0.1557,0.1798,-0.5375,2880.0
Anomalia,0.0192,0.1371,0.2974,-0.0101,3120.0
Anomalia,0.0101,0.1053,0.0552,-0.4388,3120.0
Anomalia,0.0188,0.1029,0.5086,-0.1337,3360.0
Anomalia,0.0205,0.1151,0.4553,-0.651,3360.0
Anomalia,0.0216,0.1157,0.4235,-0.6955,2880.0
Anomalia,0.0254,0.1266,0.2942,-0.8644,2880.0
Anomalia,0.0118,0.1291,0.1428,-0.974,2880.0
Anomalia,0.0133,0.1228,-0.0508,-0.7737,2880.0
Anomalia,0.0249,0.1457,-0.0952,-0.7735,2880.0
Anomalia,0.0153,0.1467,-0.1608,-0.6198,2880.0
Anomalia,0.0255,0.1349,-0.2392,0.044,3120.0
Anomalia,0.0232,0.1313,-0.1363,0.226,3120.0
Anomalia,0.0111,0.1087,-0.2211,0.5279,3120.0
Anomalia,0.0233,0.0919,0.0973,-0.3603,3600.0
Anomalia,0.0133,0.1096,0.028,-0.5529,3360.0
Anomalia,0.016,0.1131,-0.0662,-0.7752,3360.0
Anomalia,0.0196,0.1172,-0.2446,-0.7295,3360.0
Anomalia,0.0154,0.1186,-0.1778,-0.7857,3360.0
Anomalia,0.024,0.1045,-0.3819,-0.4432,3360.0
Anomalia,0.0237,0.1292,-0.1368,-0.6119,3360.0
Anomalia,0.0173,0.1204,0.0554,-0.4186,2880.0
Anomalia,0.0214,0.1603,0.1589,-0.271,2880.0
Anomalia,0.0136,0.1828,0.1491,-0.7976,2880.0
Anomalia,0.0161,0.1636,0.101,-0.0767,2880.0
Anomalia,0.0228,0.1646,-0.0007,-0.1047,2880.0
Anomalia,0.0187,0.1241,-0.2812,0.7335,2880.0
Anomalia,0.0207,0.1108,-0.1623,-0.0167,2880.0
Anomalia,0.0223,0.1189,-0.1227,-0.4698,2880.0
Anomalia,0.0164,0.1161,0.0167,-0.378,2880.0
Anomalia,0.0141,0.1301,0.0177,-0.5732,3120.0
Anomalia,0.0092,0.1318,0.017,-0.0716,2640.0
Anomalia,0.0119,0.134,0.0063,-0.0325,2880.0
Anomalia,0.018,0.1614,0.071,-0.6397,2880.0
Anomalia,0.0163,0.1992,-0.0493,-0.5531,2880.0
Anomalia,0.0279,0.215,-0.1348,-0.778,2880.0
Anomalia,0.0154,0.2173,-0.0024,-0.9265,2880.0
Anomalia,0.0118,0.2059,0.0008,-0.689,2880.0
Anomalia,0.0235,0.1613,-0.0007,-0.4653,3120.0
Anomalia,0.0192,0.1205,0.0366,-0.7296,2880.0
Anomalia,0.0258,0.1158,0.0872,-0.5191,2880.0
Anomalia,0.0223,0.1033,0.0148,-0.5711,3360.0
Anomalia,0.011,0.0958,0.0328,-0.5819,3120.0
Anomalia,0.0099,0.0923,0.055,-0.5804,3120.0
Anomalia,0.0128,0.1084,-0.1288,-0.1266,2880.0
Anomalia,0.0149,0.11,-0.1836,-0.0037,2880.0
Anomalia,0.021,0.109,-0.2955,0.1872,2880.0
Anomalia,0.0233,0.1512,-0.2329,-0.3235,2880.0
Anomalia,0.0123,0.1423,-0.0776,0.0232,2880.0
Anomalia,0.0227,0.1477,-0.1654,-0.2421,2880.0
Anomalia,0.0124,0.153,-0.0938,-0.4499,2880.0
Anomalia,0.0163,0.143,0.1576,-0.1661,3120.0
Anomalia,0.0247,0.1387,0.0482,-0.1637,2640.0
Anomalia,0.0129,0.1322,0.1942,0.1728,3360.0
Anomalia,0.0286,0.136,0.254,-0.109,3360.0
Anomalia,0.0141,0.1146,0.0283,-0.5929,2880.0
Anomalia,0.012,0.1224,0.1758,-0.7539,2880.0
Anomalia,0.0169,0.1192,0.0944,-0.5548,2880.0
Anomalia,0.0118,0.1067,-0.0255,-0.4154,2880.0
Anomalia,0.0271,0.1013,0.1194,-0.4156,3360.0
Anomalia,0.0268,0.1135,-0.1515,0.0385,3360.0
Anomalia,0.0148,0.1245,-0.1131,-0.4174,2880.0
Anomalia,0.0137,0.1393,0.0241,-0.8356,2880.0
Anomalia,0.0092,0.1331,0.0467,-0.587,2880.0
Anomalia,0.0144,0.1153,0.0109,-0.3651,3360.0
Anomalia,0.0286,0.1203,0.0856,-0.7088,3360.0
Anomalia,0.0196,0.1106,-0.1601,-0.5562,2880.0
Anomalia,0.0157,0.119,-0.1828,-0.7222,2880.0
Anomalia,0.0118,0.1232,-0.0565,-0.8396,2880.0
Anomalia,0.0078,0.1093,-0.182,-0.6038,2880.0
Anomalia,0.0282,0.1121,-0.0127,-0.3547,2880.0
Anomalia,0.0177,0.1253,-0.2541,-0.0781,2880.0
Anomalia,0.0187,0.1192,-0.3595,0.2808,3360.0
Anomalia,0.0214,0.1531,-0.0417,-0.3637,2880.0
Anomalia,0.0051,0.148,0.0664,-0.2361,3360.0
Anomalia,0.0173,0.1321,0.2048,0.1503,3360.0
Anomalia,0.0204,0.127,0.1641,0.5915,3360.0
Anomalia,0.0174,0.0901,-0.3776,-0.2301,3360.0
Anomalia,0.0213,0.1103,0.2843,0.4929,2880.0
Anomalia,0.0176,0.1132,0.074,0.6134,2880.0
Anomalia,0.0113,0.1157,0.216,0.3313,2880.0
Anomalia,0.0175,0.1139,0.2187,0.4548,2880.0
Anomalia,0.0091,0.0884,-0.2513,-0.1135,2880.0
Anomalia,0.019,0.0852,0.3905,-0.2944,3360.0
Anomalia,0.0203,0.0852,0.187,0.055,3360.0
Anomalia,0.014,0.1022,0.1173,0.0345,3360.0
Anomalia,0.024,0.1153,0.0073,-0.2813,2640.0
Anomalia,0.0115,0.1141,0.1149,-0.4544,2880.0
Anomalia,0.0165,0.1139,0.1207,-0.4877,2880.0
Anomalia,0.0154,0.1004,0.108,-0.3412,2880.0
Anomalia,0.0133,0.1012,0.188,-0.6811,2880.0
Anomalia,0.0253,0.0983,-0.0205,-0.4644,2880.0
Anomalia,0.0156,0.0933,0.1514,-0.2456,2880.0
Anomalia,0.0184,0.0975,0.3207,-0.3444,2880.0
Anomalia,0.025,0.0997,0.7257,0.7408,2640.0
Anomalia,0.0147,0.1008,0.8508,0.6858,3360.0
Anomalia,0.0148,0.1238,0.0995,0.2028,3360.0
Anomalia,0.015,0.1638,0.0997,0.0073,2880.0
Anomalia,0.0084,0.1709,0.1,-0.2588,2880.0
Anomalia,0.0208,0.172,-0.0761,-0.2434,2880.0
Anomalia,0.0232,0.1616,0.0346,0.0535,2880.0
Anomalia,0.0218,0.1111,0.0562,0.756,2880.0
Anomalia,0.0173,0.0878,0.0192,-0.3642,3600.0
Anomalia,0.0095,0.1083,0.0824,-0.0625,3360.0
Anomalia,0.0096,0.1044,0.1702,0.2305,3360.0
Anomalia,0.0202,0.1155,0.2141,-0.237,3360.0
Anomalia,0.0255,0.1072,0.1722,0.3983,3360.0
Anomalia,0.022,0.0942,0.3266,-0.1587,3360.0
Anomalia,0.0195,0.1102,-0.0778,-0.5113,2880.0
Anomalia,0.0065,0.1118,-0.3688,-0.3353,2880.0
Anomalia,0.0174,0.1793,0.2908,-0.0574,2880.0
Anomalia,0.0151,0.1899,0.2546,-0.4673,2880.0
Anomalia,0.0268,0.1964,0.1657,-0.6595,2880.0
Anomalia,0.0255,0.1964,0.2056,-0.716,2880.0
Anomalia,0.0099,0.1503,0.109,-0.923,2640.0
Anomalia,0.013,0.1462,-0.1572,-0.4021,2640.0
Anomalia,0.0097,0.1485,-0.1165,-0.4956,2640.0
Anomalia,0.0148,0.1371,-0.1837,0.1729,2640.0
Anomalia,0.0229,0.1759,0.1281,0.0461,2880.0
Anomalia,0.0202,0.1648,0.4195,0.3411,2880.0
Anomalia,0.0195,0.1529,0.4708,1.0135,2880.0
Anomalia,0.0212,0.1575,0.4207,0.6201,2880.0
Anomalia,0.0042,0.1026,0.0932,-0.3679,2640.0
Anomalia,0.0154,0.1098,0.0038,-0.4567,2640.0
Anomalia,0.0171,0.1344,0.2109,-0.264,3360.0
Anomalia,0.015,0.1444,0.2293,-0.6287,2880.0
Anomalia,0.0237,0.1487,0.1852,-0.891,2880.0
Anomalia,0.0163,0.1447,0.2719,-0.7752,2880.0
Anomalia,0.0104,0.1085,0.2662,-0.5415,3120.0
Anomalia,0.0129,0.0993,0.2666,-0.5175,3120.0
Anomalia,0.0208,0.0938,0.1783,-0.435,2640.0
Anomalia,0.0274,0.0908,0.2446,-0.33,2880.0
Anomalia,0.0153,0.1053,-0.2037,-0.1042,2640.0
Anomalia,0.0104,0.1268,-0.1328,-0.473,2640.0
Anomalia,0.0098,0.1373,0.0076,-0.7538,2880.0
Anomalia,0.0115,0.1371,-0.0219,-0.7321,2880.0
Anomalia,0.0251,0.1414,0.0475,-0.8812,2880.0
Anomalia,0.0253,0.1213,0.1904,-0.71,2880.0
Anomalia,0.0173,0.1287,-0.0591,-0.4906,2880.0
Anomalia,0.0137,0.1394,0.0165,-0.9706,2880.0
Anomalia,0.0109,0.1353,-0.1105,-1.0203,2880.0
Anomalia,0.016,0.1431,-0.0798,-1.0968,3120.0
Anomalia,0.0229,0.1413,-0.0566,-1.0991,3120.0
Anomalia,0.0154,0.1342,0.0355,-0.8926,3360.0
Anomalia,0.0143,0.1461,0.181,-0.8055,3360.0
Anomalia,0.0184,0.1612,0.0196,-0.6491,3360.0
Anomalia,0.0059,0.1568,0.1063,-0.6025,3360.0
Anomalia,0.0169,0.1612,-0.0151,-0.7379,3360.0
Anomalia,0.0167,0.1531,-0.1454,-0.7,3360.0
Anomalia,0.0079,0.1364,-0.1217,-1.1322,2880.0
Anomalia,0.029,0.1384,-0.1232,-1.0381,2880.0
Anomalia,0.0172,0.1393,-0.0979,-1.0971,2640.0
Anomalia,0.0199,0.1444,-0.1113,-1.1484,2880.0
Anomalia,0.0187,0.1435,0.0419,-1.1472,3360.0
Anomalia,0.0057,0.1301,0.0504,-1.0201,3120.0
Anomalia,0.0143,0.1156,0.0204,-0.4866,3360.0
Anomalia,0.0184,0.0909,0.129,0.2122,3360.0
Anomalia,0.012,0.0798,-0.0656,-0.6211,3360.0
Anomalia,0.0223,0.0855,0.2955,0.062,3360.0
Anomalia,0.0168,0.1109,0.1655,-0.3122,2880.0
Anomalia,0.0189,0.1612,0.0627,-0.3934,2880.0
Anomalia,0.0204,0.1687,-0.103,-0.494,2880.0
Anomalia,0.011,0.1687,0.0088,-0.5499,2880.0
Anomalia,0.0119,0.1697,-0.0499,-0.5698,2880.0
Anomalia,0.0091,0.1285,-0.1546,-0.3147,3120.0
Anomalia,0.0129,0.1179,0.1068,-0.3611,3120.0
Anomalia,0.0266,0.1263,0.1066,-0.3476,2640.0
Anomalia,0.021,0.1212,0.1716,-0.2094,3120.0
Anomalia,0.02,0.1351,0.1358,-0.6811,2640.0
Anomalia,0.0251,0.167,0.0067,-0.7255,2880.0
Anomalia,-0.001,0.1552,0.2801,-0.3466,2880.0
Anomalia,0.0219,0.1647,0.1973,-0.6648,2880.0
Anomalia,0.0196,0.1597,0.2042,-0.5295,2880.0
Anomalia,0.015,0.1325,0.3156,-0.7431,2880.0
Anomalia,0.027,0.146,0.0313,-1.0934,2880.0
Anomalia,0.008,0.1377,0.1187,-1.1207,3120.0
Anomalia,0.0106,0.1308,0.1064,-0.9153,2880.0
Anomalia,0.023,0.126,0.0672,-0.7581,2880.0
Anomalia,0.0175,0.1108,0.3716,-0.4397,2880.0
Anomalia,0.0245,0.1298,0.2096,0.0172,2880.0
Anomalia,0.0198,0.141,0.2084,-0.3774,2880.0
Anomalia,0.0022,0.1521,0.1865,-0.3719,2880.0
Anomalia,0.0167,0.1672,0.1021,-0.7376,2640.0
Anomalia,0.0155,0.1391,0.0422,-0.0729,2640.0
Anomalia,0.0209,0.1347,-0.0352,0.0317,2880.0
Anomalia,0.0308,0.123,0.2136,-0.398,2640.0
Anomalia,0.0172,0.1035,-0.0307,-0.6254,2880.0
Anomalia,0.0177,0.1058,-0.0576,-0.7634,2640.0
Anomalia,0.0076,0.0985,-0.2346,-0.7965,3120.0
Anomalia,0.0129,0.096,-0.2212,-0.5532,3120.0
Anomalia,0.0242,0.1072,0.1271,-0.5168,2880.0
Anomalia,0.0188,0.1141,-0.2633,0.1274,2880.0
Anomalia,0.0223,0.1512,-0.1978,0.0334,2880.0
Anomalia,0.0151,0.1903,-0.0574,-0.5641,2880.0
Anomalia,0.0081,0.1902,-0.0039,-0.6055,2880.0
Anomalia,0.0143,0.1989,0.0261,-0.9047,2880.0
Anomalia,0.022,0.2171,0.0361,-0.8954,2880.0
Anomalia,0.017,0.2139,0.0316,-0.9324,2880.0
Anomalia,0.029,0.2211,-0.0853,-1.0443,2880.0
Anomalia,0.0163,0.2183,0.0,-1.0181,2880.0
Anomalia,0.0174,0.1788,-0.124,-0.8283,2640.0
Anomalia,0.0286,0.1432,-0.053,-0.7106,3120.0
Anomalia,0.0203,0.1369,-0.0163,-0.8195,3360.0
Anomalia,0.0258,0.1196,0.2572,-0.488,3360.0
Anomalia,0.0205,0.1018,0.3627,0.2479,2640.0
Anomalia,0.013,0.0999,0.0913,-0.0527,3120.0
Anomalia,0.0134,0.0792,-0.1986,-0.299,3120.0
Anomalia,0.0185,0.0936,-0.0737,-0.3987,2880.0
Anomalia,0.0219,0.0954,-0.1318,-0.5076,2880.0
Anomalia,0.0253,0.0996,-0.191,0.0681,2880.0
Anomalia,0.0201,0.1166,-0.031,-0.1504,2880.0
Anomalia,0.0179,0.1075,-0.0303,0.325,2640.0
Anomalia,0.0176,0.1168,0.0412,-0.2787,2880.0
Anomalia,0.0152,0.1139,0.0837,-0.4519,2880.0
Anomalia,0.0209,0.1098,0.0919,-0.763,2640.0
Anomalia,0.0183,0.1068,0.1818,-0.6111,2640.0
Anomalia,0.0228,0.1091,0.0968,-0.6626,2880.0
Anomalia,0.0278,0.0987,0.1814,-0.0695,2880.0
Anomalia,0.0197,0.108,-0.217,0.3237,2880.0
Anomalia,0.0197,0.1242,-0.2678,-0.3215,2880.0
Anomalia,0.0146,0.1449,-0.0744,-0.4731,2880.0
Anomalia,0.0135,0.1547,-0.0108,-0.8397,2880.0
Anomalia,0.02,0.1464,-0.0374,-0.7324,2880.0
Anomalia,0.0321,0.1498,-0.0705,-0.8405,2880.0
Anomalia,0.0215,0.1615,-0.327,-0.4479,2880.0
Anomalia,0.0223,0.1546,-0.3927,-0.1423,2880.0
Anomalia,0.0152,0.1589,-0.3288,-0.3751,2880.0
Anomalia,0.0169,0.1535,-0.4224,-0.1077,3360.0
Anomalia,0.0203,0.1103,-0.0969,-0.3565,3120.0
Anomalia,0.0099,0.136,-0.0711,-0.7061,3120.0
Anomalia,0.0218,0.1347,-0.0328,-0.6537,2640.0
Anomalia,0.0165,0.132,-0.0192,-0.6504,2640.0
Anomalia,0.0249,0.1558,-0.0765,-0.9304,2640.0
Anomalia,0.0333,0.1375,-0.0622,-0.6411,2640.0
Anomalia,0.0205,0.1291,0.0143,-0.5002,2640.0
Anomalia,0.0147,0.1207,0.0925,-0.0323,2640.0
Anomalia,0.0141,0.0927,-0.1144,-0.8953,2640.0
Anomalia,0.0167,0.0911,-0.0023,-0.9079,3360.0
Anomalia,0.0217,0.0783,0.1505,-0.7226,3360.0
Anomalia,0.0258,0.0834,-0.0177,-0.8246,3360.0
Anomalia,0.0218,0.0796,-0.1603,-0.4834,3360.0
Anomalia,0.0147,0.0793,-0.2778,0.0537,3360.0
Anomalia,0.0206,0.0982,-0.1283,-0.2828,3360.0
Anomalia,0.015,0.0966,-0.0762,-0.1777,3360.0
Anomalia,0.0237,0.119,-0.1568,-0.0643,3360.0
Anomalia,0.0157,0.1383,-0.275,-0.2062,3360.0
Anomalia,0.0192,0.1533,-0.0732,-0.4944,2880.0
Anomalia,0.0139,0.1562,-0.0309,-0.6365,2880.0
Anomalia,0.0128,0.1568,0.1055,-0.7573,2880.0
Anomalia,0.0294,0.1413,0.208,-0.7129,2880.0
Anomalia,0.018,0.1123,0.2596,-0.1797,2880.0
Anomalia,0.0299,0.1129,0.2986,-0.404,2640.0
Anomalia,0.0208,0.0836,0.4594,-0.1801,3120.0
Anomalia,0.0123,0.0805,0.0556,-0.4264,3120.0
Anomalia,0.0216,0.0983,0.1105,-0.408,3120.0
Anomalia,0.0138,0.1179,0.0507,-0.2731,3360.0
Anomalia,0.0251,0.1369,-0.0596,-0.6633,3360.0
Anomalia,0.0325,0.1523,-0.0921,-0.8873,2880.0
Anomalia,0.0263,0.1844,-0.0136,-0.7277,2880.0
Anomalia,0.0167,0.1827,-0.037,-0.5491,2880.0
Anomalia,0.0086,0.1852,0.0102,-0.6469,2880.0
Anomalia,0.0048,0.1711,-0.0025,-0.1466,2640.0
Anomalia,0.018,0.1389,-0.3762,-0.2026,3360.0
Anomalia,0.0317,0.1304,-0.2167,-0.6014,3360.0
Anomalia,0.0269,0.1127,0.034,-0.9447,3120.0
Anomalia,0.0295,0.1104,-0.0104,-0.7775,3120.0
Anomalia,0.0113,0.0976,-0.0968,-0.8751,2880.0
Anomalia,0.0121,0.0813,-0.1794,-0.4829,2880.0
Anomalia,0.0232,0.0846,-0.0294,-0.3174,2640.0
Anomalia,0.0214,0.0894,-0.0586,-0.6581,3120.0
Anomalia,0.0227,0.0801,0.0497,-0.4777,3120.0
Anomalia,0.0197,0.095,0.0935,-0.2701,3120.0
Anomalia,0.0151,0.0885,-0.0009,-0.053,2880.0
Anomalia,0.0206,0.1084,0.1421,-0.3544,2880.0
Anomalia,0.015,0.1156,0.1111,-0.606,2880.0
Anomalia,0.0284,0.1116,-0.0889,-0.5655,2880.0
Anomalia,0.0207,0.1106,0.0902,-0.6352,2880.0
Anomalia,0.0109,0.1173,0.0352,0.4182,2400.0
Anomalia,0.0254,0.1173,-0.1467,0.5617,2640.0
Anomalia,0.0073,0.1196,-0.0066,0.2068,3360.0
Anomalia,0.0202,0.1284,-0.1313,-0.1346,3360.0
Anomalia,0.0246,0.1324,0.0429,-0.5913,3360.0
Anomalia,0.0197,0.1369,0.1356,-0.8148,2880.0
Anomalia,0.0329,0.1433,0.1286,-0.898,2880.0
Anomalia,0.0174,0.1348,0.3582,-0.5704,2880.0
Anomalia,0.0109,0.1134,0.3711,-0.591,2640.0
Anomalia,0.0211,0.1155,0.4225,-0.5742,2640.0
Anomalia,0.0086,0.1042,0.4921,-0.5244,3360.0
Anomalia,0.0269,0.1528,0.3479,0.2797,3360.0
Anomalia,0.0326,0.1654,0.3571,0.0644,3360.0
Anomalia,0.0196,0.1554,0.5469,0.7457,2880.0
Anomalia,0.0249,0.1561,0.4235,0.6789,2880.0
Anomalia,0.0198,0.1088,0.532,1.8957,3360.0
Anomalia,0.0163,0.0758,-0.1425,-0.3192,3120.0
Anomalia,0.0248,0.088,-0.0621,-0.6135,3120.0
Anomalia,0.0148,0.086,0.0756,-0.6851,3360.0
Anomalia,0.0177,0.0913,0.1592,-0.7269,3360.0
Anomalia,0.0255,0.094,-0.0773,-0.7837,3360.0
Anomalia,0.0197,0.1049,-0.1101,-0.4604,3120.0
Anomalia,0.0329,0.1207,-0.1869,-0.4828,3120.0
Anomalia,0.0194,0.122,0.0092,-0.7354,3120.0
Anomalia,0.0114,0.1323,0.1281,-1.0454,3360.0
Anomalia,0.0179,0.1276,0.1428,-1.0776,2880.0
Anomalia,0.0178,0.1272,-0.0244,-1.0082,3120.0
Anomalia,0.0295,0.1577,-0.0223,-0.9201,3120.0
Anomalia,0.0353,0.159,-0.0627,-0.9289,3120.0
Anomalia,0.0192,0.1607,0.0236,-0.9526,3120.0
Anomalia,0.0208,0.1608,0.0962,-0.9508,3360.0
Anomalia,0.0133,0.1447,0.0482,-0.972,3360.0
Anomalia,0.0077,0.1398,0.0825,-0.8798,3360.0
Anomalia,0.0246,0.1434,0.0999,-0.9825,3120.0
Anomalia,0.0184,0.1323,0.1304,-0.7971,3120.0
Anomalia,0.022,0.1122,0.1306,-0.6453,2880.0
Anomalia,0.0341,0.1212,0.2713,-0.3178,2640.0
Anomalia,0.0175,0.1333,-0.1686,-0.0135,3120.0
Anomalia,0.0198,0.1348,-0.205,-0.0824,3120.0
Anomalia,0.021,0.1539,-0.1409,-0.7477,3120.0
Anomalia,0.0098,0.154,-0.154,-1.0361,3120.0
Anomalia,0.0227,0.1302,-0.1303,-0.8517,2880.0
Anomalia,0.0252,0.1236,-0.1411,-0.5882,3120.0
Anomalia,0.0183,0.1147,0.0382,-0.5301,2640.0
Anomalia,0.0218,0.1206,0.337,-0.3412,3120.0
Anomalia,0.024,0.13,0.2723,-0.7503,3360.0
Anomalia,0.0283,0.1366,0.2305,-0.9571,3120.0
Anomalia,0.0219,0.1252,0.2949,-0.7281,3120.0
Anomalia,0.0114,0.1175,-0.1099,-0.5059,3120.0
Anomalia,0.0168,0.1438,0.3023,-0.2727,3120.0
Anomalia,0.005,0.1472,0.4161,-0.2734,2880.0
Anomalia,0.0235,0.1535,0.2018,-0.6181,3120.0
Anomalia,0.0382,0.1548,0.2201,-0.8476,2880.0
Anomalia,0.0252,0.1295,0.0417,-0.9126,2640.0
Anomalia,0.0302,0.1247,-0.0841,-0.8808,2640.0
Anomalia,0.0154,0.1177,-0.0001,-0.8524,3360.0
Anomalia,0.008,0.1191,-0.191,-0.7807,3360.0
Anomalia,0.0222,0.1231,-0.0976,-0.6233,3360.0
Anomalia,0.0236,0.1177,-0.049,-0.5477,2880.0
Anomalia,0.0264,0.1118,-0.0272,-0.1154,2880.0
Anomalia,0.0297,0.0952,0.5767,-0.0386,3120.0
Anomalia,0.0163,0.0762,0.4586,-0.2328,2400.0
Anomalia,0.0177,0.079,0.5376,-0.3122,3120.0
Anomalia,0.0246,0.0906,0.6244,-0.0896,3120.0
Anomalia,0.0139,0.1117,0.0577,0.1202,2400.0
Anomalia,0.03,0.149,0.2038,-0.071,2640.0
Anomalia,0.0192,0.1489,0.328,-0.0799,2880.0
Anomalia,0.018,0.1633,0.3028,-0.4826,2880.0
Anomalia,0.0289,0.1543,0.318,-0.3141,3360.0
Anomalia,0.0133,0.1237,0.3021,-0.2933,3120.0
Anomalia,0.0285,0.1376,0.1916,-0.7108,3120.0
Anomalia,0.0255,0.1377,0.0709,-1.0864,2880.0
Anomalia,0.0255,0.1399,0.0355,-1.091,2880.0
Anomalia,0.0172,0.133,0.2108,-0.8313,2880.0
Anomalia,0.012,0.1389,0.1238,-0.8796,2880.0
Anomalia,0.0133,0.1413,0.1458,-0.5482,2880.0
Anomalia,0.0202,0.1569,0.2368,-0.6551,2880.0
Anomalia,0.0275,0.1894,0.046,-1.1525,2880.0
Anomalia,0.0221,0.199,0.0542,-1.1666,2880.0
Anomalia,0.02,0.2152,-0.0261,-1.2325,2880.0
Anomalia,0.0078,0.2175,-0.0075,-1.2474,2880.0
Anomalia,0.0147,0.2269,0.175,-0.8209,2880.0
Anomalia,0.0166,0.2179,0.2113,-0.5637,2880.0
Anomalia,0.0194,0.1982,0.3546,-0.1815,3360.0
Anomalia,0.0255,0.1816,0.5083,0.3644,2880.0
Anomalia,0.0199,0.1495,0.1577,-0.6189,2640.0
Anomalia,0.0222,0.1299,0.173,-0.7457,3120.0
Anomalia,0.0258,0.124,0.1043,-0.797,3120.0
Anomalia,0.0213,0.1136,0.1256,-0.3917,3120.0
Anomalia,0.0184,0.0976,0.0687,-0.4433,2880.0
Anomalia,0.0187,0.1075,0.0929,-0.6907,2880.0
Anomalia,0.008,0.1051,-0.015,-0.0306,2880.0
Anomalia,0.0197,0.118,-0.0164,-0.5733,2880.0
Anomalia,0.026,0.1197,-0.0987,-0.56,2880.0
Anomalia,0.0252,0.123,-0.1018,-0.5475,3360.0
Anomalia,0.0275,0.1201,-0.1244,-0.8247,2880.0
Anomalia,0.0116,0.1213,-0.0817,-0.7914,2640.0
Anomalia,0.0135,0.1212,-0.1605,-0.7867,3120.0
Anomalia,0.0115,0.1225,-0.2318,-0.8574,3360.0
Anomalia,0.023,0.1213,-0.1993,-0.7009,2880.0
Anomalia,0.0254,0.1193,-0.226,-0.7229,3120.0
Anomalia,0.0241,0.1246,-0.0818,-0.9234,2640.0
Anomalia,0.0227,0.1192,0.0873,-0.9906,3360.0
Anomalia,0.0143,0.1253,0.188,-0.8944,3360.0
Anomalia,0.0195,0.1186,0.2697,-0.742,3360.0
Anomalia,0.0119,0.1071,0.3958,-0.1918,3360.0
Anomalia,0.0165,0.1044,0.2948,-0.2399,3360.0
Anomalia,0.021,0.0998,0.1361,-0.8047,2880.0
Anomalia,0.0203,0.1058,-0.0745,-0.8755,2880.0
Anomalia,0.021,0.1264,-0.1232,-1.038,3120.0
Anomalia,0.0186,0.1504,-0.0706,-0.8681,2640.0
Anomalia,0.0204,0.1452,-0.1112,-0.6614,2640.0
Anomalia,0.013,0.1364,0.0705,-0.2866,2640.0
Anomalia,0.0198,0.1452,-0.051,-0.0319,3120.0
Anomalia,0.0169,0.1454,-0.1343,-0.2198,3120.0
Anomalia,0.0099,0.1916,-0.0927,-0.5332,2880.0
Anomalia,0.019,0.2057,-0.1471,-0.9552,2880.0
Anomalia,0.023,0.202,-0.0546,-0.8443,2640.0
Anomalia,0.0308,0.1914,-0.1048,-0.4754,2640.0
Anomalia,0.0285,0.1847,-0.0175,-0.4913,2640.0
Anomalia,0.0135,0.1809,0.04,-0.3602,2640.0
Anomalia,0.0109,0.2037,0.0039,-0.827,2880.0
Anomalia,0.0069,0.1965,0.0469,-0.6491,2880.0
Anomalia,0.0143,0.1597,0.0334,-0.2081,2880.0
Anomalia,0.0247,0.1491,0.0568,0.313,2880.0
Anomalia,0.0188,0.0992,0.0196,-0.6445,3120.0
Anomalia,0.0218,0.1247,0.0267,-0.571,3120.0
Anomalia,0.0104,0.1323,0.0368,-0.6871,2880.0
Anomalia,0.0168,0.1478,-0.0126,-1.0716,2880.0
Anomalia,0.0205,0.151,0.0193,-1.0272,3360.0
Anomalia,0.0212,0.1592,-0.0574,-0.5596,3360.0
Anomalia,0.022,0.1668,-0.2314,-0.5337,3360.0
Anomalia,0.0238,0.1865,-0.0104,-0.5492,3360.0
Anomalia,0.013,0.1866,0.0436,-0.6005,3360.0
Anomalia,0.015,0.1636,0.0793,-0.1644,2640.0
Anomalia,0.0193,0.1458,0.3743,0.4372,2880.0
Anomalia,0.0123,0.0973,-0.0494,-0.1653,2640.0
Anomalia,0.0299,0.0863,0.2349,-0.888,3120.0
Anomalia,0.0185,0.1042,-0.2174,0.2916,3120.0
Anomalia,0.0222,0.119,-0.18,-0.1986,3120.0
Anomalia,0.02,0.125,-0.2128,-0.499,2880.0
Anomalia,0.0123,0.1306,-0.0889,-0.6856,2880.0
Anomalia,0.0219,0.1246,-0.1932,-0.7502,2880.0
Anomalia,0.0235,0.1197,-0.3052,-0.6455,2880.0
Anomalia,0.0203,0.122,-0.1884,-0.799,2880.0
Anomalia,0.0157,0.1522,0.1632,0.0338,3120.0
Anomalia,0.005,0.1797,-0.0041,-0.1774,2640.0
Anomalia,0.0071,0.1888,0.0178,-0.4986,2880.0
Anomalia,0.0163,0.1884,-0.0868,-0.4603,2880.0
Anomalia,0.0205,0.1711,-0.257,-0.3972,3120.0
Anomalia,0.0267,0.1351,0.1158,-0.889,3120.0
Anomalia,0.0242,0.1686,-0.0227,-0.1204,2880.0
Anomalia,0.0175,0.169,0.026,-0.1585,2880.0
Anomalia,0.0235,0.1636,-0.1132,0.1072,2640.0
Anomalia,0.0174,0.1801,-0.2059,-0.3154,3360.0
Anomalia,0.0209,0.1417,-0.4113,-0.2086,2880.0
Anomalia,0.0172,0.1352,-0.3549,0.0861,3360.0
Anomalia,0.0134,0.1425,-0.1613,-0.2031,3360.0
Anomalia,0.0234,0.1379,0.2841,-0.4395,3360.0
Anomalia,0.0182,0.1729,0.2353,-0.3015,3360.0
Anomalia,0.0219,0.1972,0.1466,-0.8796,3360.0
Anomalia,0.0176,0.1932,0.1636,-0.7532,2880.0
Anomalia,0.0116,0.188,0.1535,-0.696,2880.0
Anomalia,0.0094,0.1822,0.2167,-0.5893,3120.0
Anomalia,0.0243,0.1612,0.0006,-0.1492,3360.0
Anomalia,0.017,0.1501,0.156,0.3968,3360.0
Anomalia,0.0279,0.147,0.1546,0.7232,3360.0
Anomalia,0.0206,0.117,-0.2219,-0.0112,3360.0
Anomalia,0.0102,0.1136,-0.1176,0.1009,3360.0
Anomalia,0.0219,0.1181,-0.2971,-0.0441,3120.0
Anomalia,0.0066,0.1327,-0.4241,-0.3583,3360.0
Anomalia,0.0161,0.1177,-0.4531,0.2013,2640.0
Anomalia,0.0257,0.1221,-0.5611,0.1661,2880.0
Anomalia,0.0137,0.1255,-0.4972,-0.0792,2880.0
Anomalia,0.0195,0.1082,-0.5661,-0.3944,3120.0
Anomalia,0.0189,0.1211,-0.5202,-0.5799,2640.0
Anomalia,0.0054,0.1484,-0.1999,-0.6458,3360.0
Anomalia,0.0153,0.1517,-0.2753,-0.7036,2880.0
Anomalia,0.0185,0.1445,-0.2481,-0.3657,2880.0
Anomalia,0.0235,0.1308,-0.339,0.4644,3360.0
Anomalia,0.0228,0.0951,-0.2145,0.2727,1440.0
Anomalia,0.0181,0.1216,-0.2628,0.6192,2880.0
Anomalia,0.0218,0.1552,-0.1634,-0.2893,2880.0
Anomalia,0.0166,0.1638,-0.0554,-0.7299,2640.0
Anomalia,0.0196,0.1616,-0.0899,-0.6165,2640.0
Anomalia,0.0249,0.1321,-0.0027,0.238,2640.0
Anomalia,0.0101,0.0895,0.1229,-0.0576,3360.0
Anomalia,0.0095,0.0714,0.1002,0.3921,2400.0
Anomalia,0.014,0.0712,-0.2589,0.1338,2400.0
Anomalia,0.0131,0.0773,-0.1161,-0.0412,2400.0
Anomalia,0.0218,0.0974,0.0448,0.4998,3360.0
Anomalia,0.0294,0.1084,-0.0322,-0.2547,3360.0
Anomalia,0.0168,0.1197,-0.0645,-0.5566,3360.0
Anomalia,0.0198,0.125,-0.0361,-0.6263,3360.0
Anomalia,0.0103,0.1217,-0.1411,-0.5982,3360.0
Anomalia,0.0058,0.1314,0.0091,-0.8287,3360.0
Anomalia,0.0193,0.1434,0.0509,-0.9231,2640.0
Anomalia,0.0139,0.1483,0.0439,-1.1089,2640.0
Anomalia,0.025,0.1742,-0.0381,-0.8289,2880.0
Anomalia,0.0221,0.1767,-0.0664,-0.8061,2880.0
Anomalia,0.0085,0.1685,0.0304,-0.6047,2640.0
Anomalia,0.0135,0.1686,-0.0098,-0.6185,3360.0
Anomalia,0.0089,0.1387,-0.1258,-0.7985,3360.0
Anomalia,0.0165,0.1271,-0.2509,-0.7569,3360.0
Anomalia,0.0253,0.1176,-0.3462,-0.709,3360.0
Anomalia,0.0198,0.1094,-0.4942,-0.3132,3360.0
Anomalia,0.0166,0.1251,-0.4238,-0.3539,3360.0
Anomalia,0.0108,0.1141,-0.4331,0.2835,3360.0
Anomalia,0.0096,0.1245,-0.3694,-0.1445,3120.0
Anomalia,0.016,0.1598,0.0271,-0.3801,2640.0
Anomalia,0.0237,0.1635,0.0079,-0.3287,2880.0
Anomalia,0.0156,0.1654,0.1225,-0.4724,2880.0
Anomalia,0.0198,0.1564,0.1541,-0.0497,3120.0
Anomalia,0.0094,0.1189,0.0298,0.5951,3600.0
Anomalia,0.0135,0.1335,0.4391,0.4044,3360.0
Anomalia,0.0204,0.1612,0.3476,-0.2769,3120.0
Anomalia,0.0179,0.16,0.3754,-0.2289,3120.0
Anomalia,0.0227,0.1993,0.1865,-0.7301,2640.0
Anomalia,0.0124,0.1806,0.2736,-0.2686,2880.0
Anomalia,0.0116,0.1552,0.2218,0.6576,2880.0
Anomalia,0.0211,0.1604,0.0508,0.3452,2880.0
Anomalia,0.0174,0.1195,-0.1314,-0.2699,2880.0
Anomalia,0.0212,0.1054,-0.315,-0.216,3120.0
Anomalia,0.0276,0.1184,-0.2034,-0.6432,3120.0
Anomalia,0.0104,0.1109,0.0167,-0.5248,3120.0
Anomalia,0.0234,0.1023,0.1912,-0.6095,2880.0
Anomalia,0.0128,0.1322,-0.1615,-0.3135,3360.0
Anomalia,0.0096,0.1233,-0.2904,0.0974,3360.0
Anomalia,0.0202,0.1219,-0.4084,0.4175,3360.0
Anomalia,0.0132,0.1171,-0.5356,0.7469,3360.0
Anomalia,0.0235,0.1012,-0.6936,1.7235,3360.0
Anomalia,0.0222,0.1076,-0.8346,1.2528,3360.0
Anomalia,0.0194,0.1193,-0.6338,0.242,2880.0
Anomalia,0.0185,0.1635,-0.1553,-0.3534,2880.0
Anomalia,0.0187,0.1833,-0.0709,-0.7815,2880.0
Anomalia,0.0163,0.1896,-0.0293,-0.9588,2880.0
Anomalia,0.0135,0.184,-0.0132,-0.7692,2880.0
Anomalia,0.0173,0.1513,-0.1515,-0.2839,2880.0
Anomalia,0.0149,0.1341,-0.3551,-0.3078,2880.0
Anomalia,0.0195,0.1248,-0.3949,-0.0881,2880.0
Anomalia,0.0126,0.1268,-0.3649,-0.1316,3120.0
Anomalia,0.0116,0.1593,0.1444,-0.0038,3120.0
Anomalia,0.0119,0.1589,0.177,0.1627,3120.0
Anomalia,0.0105,0.1582,0.1863,0.2285,2880.0
Anomalia,0.0269,0.1637,0.0661,-0.0712,2880.0
Anomalia,0.0233,0.1559,-0.232,-0.3898,3120.0
Anomalia,0.0229,0.1842,-0.2771,-0.4196,2640.0
Anomalia,0.0143,0.2053,-0.1515,-1.0147,2880.0
Anomalia,0.0086,0.2074,-0.0827,-1.1032,2880.0
Anomalia,0.0149,0.1844,-0.2243,-0.5648,3120.0
Anomalia,0.0216,0.1493,-0.2018,-0.6364,3360.0
Anomalia,0.0263,0.1197,-0.1149,-0.6017,3360.0
Anomalia,0.0238,0.1122,-0.2053,-0.6202,3120.0
Anomalia,0.0107,0.1151,0.0286,-0.8231,3360.0
Anomalia,0.0065,0.0949,-0.0274,-0.6451,2880.0
Anomalia,0.0099,0.0943,-0.0046,-0.6378,2640.0
Anomalia,0.0183,0.0837,-0.0616,-0.5641,3120.0
Anomalia,0.0207,0.0765,0.0285,-0.4096,3120.0
Anomalia,0.0247,0.0937,0.1066,-0.4096,3120.0
Anomalia,0.0138,0.0829,0.3308,0.2358,3120.0
Anomalia,0.0105,0.0861,0.5405,0.1881,2880.0
Anomalia,0.0141,0.0839,0.494,0.2345,2880.0
Anomalia,0.0147,0.0878,0.2235,0.0755,3120.0
Anomalia,0.0212,0.0986,0.0065,-0.5161,3120.0
Anomalia,0.0199,0.1004,0.0144,-0.6218,2880.0
Anomalia,0.0213,0.1235,0.2224,-0.5706,2880.0
Anomalia,0.0089,0.1522,-0.1309,-0.3036,2880.0
Anomalia,0.01,0.1495,-0.1559,-0.1434,2880.0
Anomalia,0.0142,0.1533,-0.1531,-0.2699,2880.0
Anomalia,0.008,0.1416,-0.2629,-0.0438,3360.0
Anomalia,0.0252,0.1183,0.1893,-0.8758,3360.0
Anomalia,0.0231,0.1304,0.017,-1.0523,3360.0
Anomalia,0.0072,0.145,0.0991,-0.4396,3360.0
Anomalia,0.0179,0.1776,0.0653,-0.6659,3360.0
Anomalia,0.0112,0.167,0.1433,-0.2738,3360.0
Anomalia,0.0147,0.1608,0.1248,0.0371,3360.0
Anomalia,0.0215,0.1515,0.0836,-0.1033,3360.0
Anomalia,0.0152,0.1049,-0.0452,-0.5208,3360.0
Anomalia,0.0124,0.1059,-0.1195,-0.5199,3360.0
Anomalia,0.0139,0.1021,-0.0789,-0.4728,3360.0
Anomalia,0.0162,0.0951,0.2287,-0.2152,2640.0
Anomalia,0.0281,0.1277,0.3298,-0.5485,2640.0
Anomalia,0.0184,0.1598,-0.1342,-0.1393,2880.0
Anomalia,0.0159,0.1613,-0.0424,-0.1782,2880.0
Anomalia,0.0187,0.1968,-0.0761,-0.7136,2880.0
Anomalia,0.0062,0.1821,-0.0573,-0.274,2880.0
Anomalia,0.0205,0.1538,0.0003,0.3906,3360.0
Anomalia,0.017,0.1499,-0.0062,0.5946,3360.0
Anomalia,0.0168,0.1027,0.0316,-0.1747,3360.0
Anomalia,0.0185,0.116,0.1013,-0.5603,2880.0
Anomalia,0.0111,0.1175,0.2911,-0.5337,2880.0
Anomalia,0.0166,0.1158,0.2266,-0.4746,2880.0
Anomalia,0.017,0.1009,0.1393,0.0879,3120.0
Anomalia,0.0119,0.082,-0.1587,0.1074,3360.0
Anomalia,0.0203,0.0705,-0.5199,0.078,3360.0
Anomalia,0.0182,0.0863,-0.7537,1.0749,2400.0
Anomalia,0.0116,0.143,-0.2312,0.2301,2880.0
Anomalia,0.0262,0.1526,-0.3059,-0.0806,2640.0
Anomalia,0.0104,0.1559,-0.0726,-0.4437,2640.0
Anomalia,0.0167,0.1523,-0.0899,-0.3419,2880.0
Anomalia,0.0224,0.1286,0.1381,-0.8849,2880.0
Anomalia,0.0092,0.1415,0.1336,-0.8964,2880.0
Anomalia,0.0246,0.1517,-0.0311,-1.1557,2880.0
Anomalia,0.015,0.1484,0.1101,-1.0604,2880.0
Anomalia,0.0107,0.1272,0.0938,-0.59,2880.0
Anomalia,0.0241,0.1264,0.4236,-0.2562,3120.0
Anomalia,0.0151,0.1081,0.7468,1.1785,2880.0
Anomalia,0.0107,0.1202,0.523,0.45,2880.0
Anomalia,0.0144,0.1438,0.243,-0.3141,2880.0
Anomalia,0.0083,0.1393,0.0605,-0.4075,2640.0
Anomalia,0.0234,0.1415,-0.205,-0.4227,2640.0
Anomalia,0.0256,0.1347,-0.2151,-0.2165,2640.0
Anomalia,0.018,0.1144,-0.1153,-0.1989,3120.0
Anomalia,0.0167,0.0927,-0.1013,-0.5117,3120.0
Anomalia,0.0022,0.1154,0.2086,-0.5053,3360.0
Anomalia,0.0153,0.1111,0.0221,-0.2217,2880.0
Anomalia,0.0259,0.1046,-0.1244,0.3929,2880.0
Anomalia,0.0206,0.0958,-0.1274,0.8845,2640.0
Anomalia,0.0251,0.0585,0.2184,-0.6006,2400.0
Anomalia,0.0131,0.0601,-0.1815,-0.3437,2880.0
Anomalia,0.0016,0.0686,-0.6421,0.4424,3360.0
Anomalia,0.0201,0.1032,0.4521,0.6263,3360.0
Anomalia,0.016,0.1235,0.319,-0.2923,3120.0
Anomalia,0.0263,0.143,0.2072,-0.8277,2880.0
Anomalia,0.0317,0.1609,0.0248,-0.9969,2880.0
Anomalia,0.0141,0.1516,0.0872,-0.8105,2880.0
Anomalia,0.0156,0.1559,-0.1807,-0.6326,2640.0
Anomalia,0.0133,0.159,-0.1695,-0.6521,2640.0
Anomalia,0.0117,0.1447,-0.0959,-0.3461,2880.0
Anomalia,0.0223,0.1563,-0.0142,-0.5949,2880.0
Anomalia,0.0211,0.1393,0.3533,-0.4511,2880.0
Anomalia,0.0184,0.1215,0.4387,-0.2271,2880.0
Anomalia,0.0186,0.1143,0.3951,-0.0857,2880.0
Anomalia,0.0051,0.0844,-0.1954,-0.6899,2880.0
Anomalia,0.0138,0.1025,0.0801,-0.5307,2880.0
Anomalia,0.0213,0.1165,0.4397,0.1576,3360.0
Anomalia,0.0188,0.1619,0.0894,-0.3737,2880.0
Anomalia,0.0214,0.178,0.0464,-0.7893,2880.0
Anomalia,0.0139,0.1673,0.1283,-0.3678,2880.0
Anomalia,0.0084,0.1569,0.0437,-0.1398,2880.0
Anomalia,0.0199,0.1209,0.1059,0.063,3360.0
Anomalia,0.0218,0.1019,0.1086,-0.607,2880.0
Anomalia,0.0272,0.1333,-0.0083,-0.6033,2880.0
Anomalia,0.0147,0.1521,-0.2993,-0.3708,2880.0
Anomalia,0.0097,0.1754,-0.1183,-0.4607,2880.0
Anomalia,0.0136,0.1802,-0.1324,-0.6334,2880.0
Anomalia,0.0159,0.1682,-0.2675,-0.2769,2880.0
Anomalia,0.0267,0.1684,-0.0488,-0.5533,2880.0
Anomalia,0.0268,0.1348,-0.0523,-0.5789,2880.0
Anomalia,0.0164,0.1333,-0.0181,-0.5239,2880.0
Anomalia,0.0106,0.1234,0.1344,-0.2147,2880.0
Anomalia,0.0148,0.1121,0.0333,-0.7764,2880.0
Anomalia,0.0124,0.1434,-0.0135,-0.6434,3120.0
Anomalia,0.0221,0.1466,-0.0819,-0.6991,3120.0
Anomalia,0.0219,0.1539,-0.0171,-0.9561,3120.0
Anomalia,0.0152,0.1622,0.0088,-0.8859,3360.0
Anomalia,0.0218,0.15,-0.0131,-0.8832,3360.0
Anomalia,0.0142,0.1412,0.0964,-0.6496,3360.0
Anomalia,0.0176,0.1504,-0.0203,-0.816,3360.0
Anomalia,0.02,0.1443,-0.2316,-0.6613,2880.0
Anomalia,0.0164,0.1652,-0.1201,-0.5979,2880.0
Anomalia,0.0222,0.164,-0.2191,-0.4872,2880.0
Anomalia,0.0184,0.179,-0.128,-0.6061,2640.0
Anomalia,0.0223,0.1714,-0.0833,-0.464,2640.0
Anomalia,0.0184,0.1448,-0.0283,-0.22,3120.0
Anomalia,0.0132,0.143,0.0552,-0.1236,3120.0
Anomalia,0.0207,0.1017,-0.1223,-0.5091,3120.0
Anomalia,0.0209,0.0951,-0.0914,-0.6202,3120.0
Anomalia,0.0156,0.0816,-0.1974,-0.7915,2880.0
Anomalia,0.0259,0.0947,0.073,-0.6843,2880.0
Anomalia,0.0167,0.0921,0.2456,-0.5855,2880.0
Anomalia,0.015,0.1038,0.2453,-0.7601,3120.0
Anomalia,0.0202,0.1449,0.0356,-0.1562,3120.0
Anomalia,0.0189,0.1461,0.0228,-0.2229,2880.0
Anomalia,0.0204,0.1723,-0.0839,-0.881,3120.0
Anomalia,0.0205,0.1761,-0.0382,-0.8758,3120.0
Anomalia,0.019,0.1496,-0.0099,-0.7969,3120.0
Anomalia,0.024,0.1488,-0.0645,-0.7466,2880.0
Anomalia,0.0211,0.1256,0.1672,-0.7691,2880.0
Anomalia,0.013,0.1141,0.2238,-0.9604,2640.0
Anomalia,0.0233,0.1271,0.2468,-0.8443,2640.0
Anomalia,0.0081,0.1232,0.3875,-0.6091,2640.0
Anomalia,0.0213,0.1219,0.3052,-0.5365,3360.0
Anomalia,0.0253,0.114,0.2893,-0.1891,3360.0
Anomalia,0.0192,0.0932,0.1744,-0.1569,3360.0
Anomalia,0.0205,0.1135,-0.0721,0.0271,3120.0
Anomalia,0.0148,0.115,0.0338,-0.1538,2880.0
Anomalia,0.0176,0.1207,-0.0562,-0.4774,2880.0
Anomalia,0.0235,0.1181,-0.2152,-0.2201,2880.0
Anomalia,0.0247,0.0984,-0.1444,-0.2654,2640.0
Anomalia,0.0202,0.1337,-0.1315,0.2538,2640.0
Anomalia,0.0191,0.1335,-0.1334,0.2736,2640.0
Anomalia,0.0065,0.1523,0.0388,-0.5885,2880.0
Anomalia,0.0149,0.1536,-0.0217,-0.6278,3360.0
Anomalia,0.0198,0.1275,-0.1306,-0.6996,3120.0
Anomalia,0.0224,0.1476,-0.0536,-0.9171,3120.0
Anomalia,0.027,0.1341,0.0095,-0.6895,2640.0
Anomalia,0.0153,0.1261,0.147,-0.3968,2880.0
Anomalia,0.0138,0.1132,0.1788,0.2227,2640.0
Anomalia,0.0021,0.0996,-0.1496,-0.0639,3600.0
Anomalia,0.0123,0.107,-0.1078,-0.2158,2880.0
Anomalia,0.0232,0.1337,-0.0119,-0.3909,2880.0
Anomalia,0.0182,0.1501,-0.131,-0.7234,2880.0
Anomalia,0.0238,0.1899,-0.1556,-0.3301,2880.0
Anomalia,0.0176,0.2022,-0.0618,-0.7094,2880.0
Anomalia,0.0131,0.1979,-0.0692,-0.6532,2880.0
Anomalia,0.0141,0.1973,-0.007,-0.5808,2880.0
Anomalia,0.0281,0.2017,0.1925,-0.6276,2880.0
Anomalia,0.0219,0.215,0.1337,-0.7686,2880.0
Anomalia,0.025,0.215,0.1329,-0.7668,2880.0
Anomalia,0.0112,0.2117,0.2572,-0.7237,2880.0
Anomalia,0.0108,0.174,0.0546,-0.6756,2640.0
Anomalia,0.0213,0.1317,0.1489,-0.3623,3120.0
Anomalia,0.0178,0.1134,0.1205,0.284,3120.0
Anomalia,0.0293,0.0979,0.7153,0.9143,3120.0
Anomalia,0.0177,0.0741,-0.0622,-0.8075,2640.0
Anomalia,0.01,0.0858,0.1385,-0.6355,2880.0
Anomalia,0.0139,0.0915,0.1454,-0.7326,2880.0
Anomalia,0.0167,0.0977,0.0275,-1.0222,2880.0
Anomalia,0.0214,0.0958,0.0539,-0.8958,3360.0
Anomalia,0.0248,0.0813,0.0941,-0.6093,2640.0
Anomalia,0.0189,0.0784,-0.0334,-0.6469,2640.0
Anomalia,0.0212,0.0792,0.2185,-0.4168,3600.0
Anomalia,0.0178,0.0898,0.1691,-0.6142,3360.0
Anomalia,0.0161,0.102,0.033,-0.9233,3360.0
Anomalia,0.021,0.136,0.2292,-0.2486,3120.0
Anomalia,0.0133,0.1524,0.1426,-0.6894,3360.0
Anomalia,0.0222,0.1583,0.075,-0.7931,3360.0
Anomalia,0.0242,0.1545,0.0594,-0.6196,2880.0
Anomalia,0.0147,0.1412,-0.0621,-0.8345,3360.0
Anomalia,0.0204,0.1216,-0.0448,-0.5046,3360.0
Anomalia,0.0113,0.111,-0.1484,-0.5428,3360.0
Anomalia,0.0134,0.1058,-0.2188,-0.2565,3360.0
Anomalia,0.0217,0.0891,-0.044,-0.7465,2880.0
Anomalia,0.0202,0.1099,-0.1012,-0.5514,2880.0
Anomalia,0.0145,0.1054,-0.0894,-0.2933,2640.0
Anomalia,0.021,0.1097,-0.1388,-0.4243,2880.0
Anomalia,0.0141,0.1102,-0.187,-0.5387,2880.0
Anomalia,0.0217,0.1014,-0.0769,-0.6747,2880.0
Anomalia,0.0155,0.1127,-0.1896,-0.8374,3120.0
Anomalia,0.001,0.1473,-0.054,-0.5648,2640.0
Anomalia,0.0185,0.1682,0.0321,-0.6162,2880.0
Anomalia,0.0086,0.1633,0.1313,-0.3985,2880.0
Anomalia,0.0267,0.1725,0.0149,-0.5988,2640.0
Anomalia,0.0302,0.1471,0.2335,-0.2681,3120.0
Anomalia,0.0128,0.1224,0.0938,-0.295,3360.0
Anomalia,0.0137,0.1334,-0.015,-0.7392,3360.0
Anomalia,0.0111,0.1127,-0.2828,-0.7645,3360.0
Anomalia,0.0173,0.1084,-0.3807,-0.5214,2880.0
Anomalia,0.0222,0.1018,-0.3868,-0.4355,3120.0
Anomalia,0.0222,0.0786,-0.1259,-0.5727,3120.0
Anomalia,0.0171,0.0693,-0.0029,-0.3837,3120.0
Anomalia,0.0155,0.0922,0.223,0.2214,3120.0
Anomalia,0.0133,0.104,0.1923,-0.217,3360.0
Anomalia,0.0214,0.1123,-0.0061,-0.5863,3360.0
Anomalia,0.0169,0.1695,-0.4957,0.8523,3360.0
Anomalia,0.0084,0.1824,-0.2237,0.3444,2880.0
Anomalia,0.0193,0.2042,-0.114,-0.3291,2880.0
Anomalia,0.0083,0.217,-0.0227,-0.7433,2880.0
Anomalia,0.0237,0.1876,0.1189,-1.033,2880.0
Anomalia,0.0312,0.1778,0.0157,-1.0867,2640.0
Anomalia,0.0164,0.158,-0.0984,-1.1203,2880.0
Anomalia,0.0263,0.1334,-0.0644,-0.8507,2880.0
Anomalia,0.0154,0.1222,-0.0366,-0.5249,3120.0
Anomalia,0.0066,0.1107,-0.2031,-0.6025,3120.0
Anomalia,0.0193,0.0997,-0.3268,-0.6119,2880.0
Anomalia,0.0151,0.1217,-0.3437,-0.4948,2880.0
Anomalia,0.0155,0.1416,-0.2965,-0.6354,2880.0
Anomalia,0.0271,0.1443,-0.3093,-0.4537,2880.0
Anomalia,0.0185,0.166,-0.1883,-0.8663,2880.0
Anomalia,0.0139,0.1573,-0.1091,-0.7613,2880.0
Anomalia,0.0113,0.1526,-0.1095,-0.7463,3120.0
Anomalia,0.0075,0.1507,-0.1059,-0.7825,3120.0
Anomalia,0.0244,0.1276,-0.3222,-0.4898,3120.0
Anomalia,0.0255,0.1481,-0.3713,-0.5239,3120.0
Anomalia,0.0249,0.1334,-0.3174,-0.1529,3120.0
Anomalia,0.026,0.1349,-0.3758,-0.127,3360.0
Anomalia,0.0059,0.1359,-0.1484,-0.3445,2880.0
Anomalia,0.0141,0.1105,-0.2052,-0.3978,2640.0
Anomalia,0.0186,0.1192,-0.3724,-0.4762,2640.0
Anomalia,0.0167,0.1081,-0.476,-0.3069,2640.0
Anomalia,0.0164,0.0946,-0.5906,-0.0781,3360.0
Anomalia,0.0156,0.0987,-0.2868,-0.3092,3360.0
Anomalia,0.0115,0.0956,0.0022,-0.7433,3360.0
Anomalia,0.0182,0.1377,0.31,0.1736,3360.0
Anomalia,0.0192,0.1437,0.2789,-0.1226,3360.0
Anomalia,0.0235,0.1454,0.187,-0.1735,3360.0
Anomalia,0.0257,0.1405,0.2396,0.1177,2880.0
Anomalia,0.0138,0.1402,-0.1949,0.2702,3600.0
Anomalia,0.021,0.1486,-0.3925,0.0673,3360.0
Anomalia,0.0088,0.1501,-0.2159,-0.1613,3360.0
Anomalia,0.0097,0.1493,-0.257,-0.0819,3360.0
Anomalia,0.0229,0.1248,-0.1926,-0.3536,3360.0
Anomalia,0.0156,0.1218,0.0332,-0.6473,3360.0
Anomalia,0.0214,0.1101,0.061,-0.1701,3120.0
Anomalia,0.0147,0.1339,-0.2995,-0.0712,3360.0
Anomalia,-0.0003,0.1337,-0.2251,-0.0321,3360.0
Anomalia,0.0124,0.1331,-0.2593,0.0473,2880.0
Anomalia,0.0124,0.1393,-0.1755,-0.255,2880.0
Anomalia,0.0213,0.1475,0.0805,-0.6436,3360.0
Anomalia,0.0278,0.148,0.0753,-0.6972,2880.0
Anomalia,0.0171,0.1429,0.1547,-0.5541,2880.0
Anomalia,0.017,0.1431,0.1459,-0.5902,2880.0
Anomalia,0.0205,0.1153,0.1962,-0.4907,2880.0
Anomalia,0.0122,0.1,0.2985,-0.6758,2880.0
Anomalia,0.0198,0.0966,0.3634,-0.5756,3120.0
Anomalia,0.0134,0.0933,0.1895,-0.7051,2880.0
Anomalia,0.0085,0.0936,0.1899,-0.8797,2640.0
Anomalia,0.0212,0.0948,0.0765,-0.8907,2640.0
Anomalia,0.0176,0.103,0.0676,-0.9532,2880.0
Anomalia,0.0217,0.106,-0.0976,-0.825,3120.0
Anomalia,0.021,0.1025,-0.1396,-0.7105,3120.0
Anomalia,0.0034,0.0973,0.1081,-0.5823,3120.0
Anomalia,0.0137,0.0931,-0.0113,-0.6631,2640.0
Anomalia,0.0183,0.0991,0.1851,-0.8878,3120.0
Anomalia,0.0172,0.1552,-0.2328,0.6079,2880.0
Anomalia,0.027,0.1678,-0.4662,0.1152,2880.0
Anomalia,0.0145,0.1871,-0.1966,-0.6442,2880.0
Anomalia,0.0089,0.1813,-0.1751,-0.4168,3360.0
Anomalia,0.0107,0.1522,-0.1706,-0.6666,3360.0
Anomalia,0.016,0.1496,-0.1346,-0.6045,3360.0
Anomalia,0.0223,0.1272,-0.2616,-0.2916,3360.0
Anomalia,0.0197,0.1337,-0.1826,-0.6947,3360.0
Anomalia,0.0222,0.1336,-0.0921,-0.6055,2880.0
Anomalia,0.0153,0.1424,-0.0856,-0.6323,2880.0
Anomalia,0.0134,0.1539,-0.0705,-0.8626,2640.0
Anomalia,0.0171,0.1537,-0.1062,-0.8234,2880.0
Anomalia,0.0131,0.1378,-0.1295,-0.5084,2880.0
Anomalia,0.0212,0.1185,-0.1732,-0.1584,3360.0
Anomalia,0.0142,0.1009,-0.0678,-0.5298,2880.0
Anomalia,0.0144,0.1087,0.092,-0.3866,2880.0
Anomalia,0.0154,0.1369,0.0443,-0.6558,2880.0
Anomalia,0.0094,0.1368,0.1755,-0.689,2880.0
Anomalia,0.0153,0.1296,0.0553,-0.3518,2880.0
Anomalia,0.0195,0.1353,0.0313,-0.2903,3120.0
Anomalia,0.0187,0.104,0.2691,0.6707,2640.0
Anomalia,0.0072,0.1049,0.3586,0.6767,2640.0
Anomalia,0.019,0.1237,0.4974,0.094,3120.0
Anomalia,0.0065,0.1139,0.5107,0.129,3120.0
Anomalia,0.0196,0.1303,0.2839,-0.5997,3360.0
Anomalia,0.0359,0.1503,0.057,-0.9208,3360.0
Anomalia,0.0129,0.1327,0.2352,-0.5864,3360.0
Anomalia,0.019,0.1403,0.0982,-0.5173,3360.0
Anomalia,0.0093,0.1345,0.155,-0.4487,2880.0
Anomalia,0.0024,0.12,0.0029,-0.509,2880.0
Anomalia,0.0203,0.1353,-0.1227,-0.8989,2880.0
Anomalia,0.0206,0.1458,-0.0726,-0.9797,2880.0
Anomalia,0.0209,0.14,-0.0662,-0.7515,2880.0
Anomalia,0.021,0.1439,-0.0509,-0.8357,2880.0
Anomalia,0.0151,0.1484,0.0345,-0.9545,3120.0
Anomalia,0.0205,0.1301,0.1921,-0.8179,2880.0
Anomalia,0.0162,0.1501,0.0844,-1.0199,2880.0
Anomalia,0.0176,0.1399,0.0689,-0.6803,3360.0
Anomalia,0.0192,0.1349,0.0401,-0.4899,3360.0
Anomalia,0.011,0.1322,-0.0801,-0.5692,3360.0
Anomalia,0.0112,0.1123,-0.0643,-0.4678,3360.0
Anomalia,0.0161,0.1179,-0.0617,-0.5997,3360.0
Anomalia,0.0108,0.1222,-0.0699,-0.7363,3360.0
Anomalia,0.0229,0.1252,0.0295,-0.7602,3360.0
Anomalia,0.0174,0.1523,-0.1465,-0.8777,2880.0
Anomalia,0.015,0.1625,-0.0256,-1.0715,2880.0
Anomalia,0.0109,0.1573,-0.0101,-0.9802,2880.0
Anomalia,0.0007,0.1581,0.0172,-1.1048,2880.0
Anomalia,0.0086,0.1821,0.029,-0.5743,2880.0
Anomalia,0.0191,0.1824,0.0287,-0.4218,2880.0
Anomalia,0.0224,0.1862,-0.0124,-0.57,2880.0
Anomalia,0.0289,0.1839,-0.0526,-0.4389,2880.0
Anomalia,0.0208,0.1689,-0.039,-0.6265,2640.0
Anomalia,0.0081,0.1528,-0.1612,-0.3614,2640.0
Anomalia,0.0136,0.195,0.2717,0.0597,2880.0
Anomalia,0.0116,0.2005,0.2734,-0.1646,2880.0
Anomalia,0.0209,0.1919,0.3239,-0.0412,2640.0
Anomalia,0.0224,0.2025,0.2391,-0.5002,2640.0
Anomalia,0.0117,0.1541,-0.0242,-0.8576,2880.0
Anomalia,0.0179,0.154,-0.0901,-0.7845,2880.0
Anomalia,0.0161,0.1384,-0.0929,-0.7804,2640.0
Anomalia,0.0172,0.1218,-0.1228,-0.1767,3360.0
Anomalia,0.0138,0.113,0.1274,0.06,3120.0
Anomalia,0.0069,0.0888,0.0069,0.7095,3120.0
Anomalia,0.0082,0.0657,0.08,0.5278,3600.0
Anomalia,0.0156,0.0782,0.4059,-0.0437,3360.0
Anomalia,0.0211,0.0971,-0.29,0.3161,3360.0
Anomalia,0.0241,0.1099,-0.212,-0.4297,3360.0
Anomalia,0.019,0.1351,-0.1601,-0.8038,2880.0
Anomalia,0.0016,0.1355,-0.0312,-0.8498,2880.0
Anomalia,0.0145,0.134,-0.0814,-0.8932,2880.0
Anomalia,0.0066,0.1276,-0.0541,-0.6535,2880.0
Anomalia,0.0206,0.114,-0.0493,-0.3824,3120.0
Anomalia,0.0229,0.1251,-0.2393,0.3071,3120.0
Anomalia,0.0093,0.1196,-0.1282,0.4248,2640.0
Anomalia,0.0154,0.1256,-0.0283,0.1316,2640.0
Anomalia,0.0036,0.1306,-0.1136,-0.356,2640.0
Anomalia,0.0119,0.1165,0.0205,-0.8477,2880.0
Anomalia,0.0151,0.1104,0.0068,-0.4905,2880.0
Anomalia,0.0155,0.0962,-0.2476,0.1683,2880.0
Anomalia,0.0125,0.0774,-0.0976,-0.297,2880.0
Anomalia,0.0183,0.0837,0.0976,-0.0317,3360.0
Anomalia,0.0088,0.104,-0.2201,-0.0182,3120.0
Anomalia,0.012,0.1304,0.0381,-0.64,3360.0
Anomalia,0.0216,0.1403,0.0469,-0.8482,3360.0
Anomalia,0.0095,0.1342,0.1521,-0.6353,3360.0
Anomalia,0.0206,0.138,0.1342,-0.8718,3360.0
Anomalia,0.0075,0.134,0.0585,-0.9372,3360.0
Anomalia,0.0058,0.1626,0.1363,-0.6265,2880.0
Anomalia,0.0158,0.1696,0.0338,-0.8071,2880.0
Anomalia,0.0136,0.1646,0.0552,-0.6909,2640.0
Anomalia,0.026,0.1574,0.0154,-0.4188,2640.0
Anomalia,0.015,0.1825,-0.5243,0.7506,2640.0
Anomalia,0.0048,0.1882,-0.3924,0.3003,2880.0
Anomalia,0.007,0.2073,-0.266,-0.3492,2880.0
Anomalia,0.0091,0.2153,-0.2206,-0.573,2880.0
Anomalia,0.0164,0.1625,0.0837,-0.7622,3360.0
Anomalia,0.028,0.1448,0.0094,-0.0842,3360.0
Anomalia,0.0207,0.1002,0.4298,1.1281,2640.0
Anomalia,0.0158,0.0649,-0.0125,-0.5998,3120.0
Anomalia,0.0139,0.0657,-0.4732,0.0261,3360.0
Anomalia,0.0062,0.0718,-0.1317,-0.5622,3360.0
Anomalia,0.0166,0.0889,0.1542,-0.1148,3360.0
Anomalia,0.0085,0.1643,-0.3529,0.9598,2880.0
Anomalia,0.0131,0.1816,-0.2692,0.2086,2880.0
Anomalia,0.022,0.1921,-0.2688,-0.196,2880.0
Anomalia,0.0137,0.1982,-0.217,-0.4668,2880.0
Anomalia,0.0182,0.1597,-0.0175,-0.8186,2640.0
Anomalia,0.0159,0.1429,0.0589,-0.8434,2880.0
Anomalia,0.0054,0.1307,-0.0315,-0.6701,2880.0
Anomalia,0.0179,0.1284,0.0251,-0.9719,3120.0
Anomalia,0.0175,0.1526,-0.0803,-0.4579,3120.0
Anomalia,0.0108,0.1495,-0.0995,-0.2929,2880.0
Anomalia,0.0155,0.153,-0.1013,-0.4227,2880.0
Anomalia,0.0051,0.1391,-0.0411,0.293,2880.0
Anomalia,0.0122,0.0905,0.0019,0.2343,3600.0
Anomalia,0.0212,0.1034,-0.0244,-0.5194,3120.0
Anomalia,0.0118,0.105,-0.1099,-0.7164,2880.0
Anomalia,0.0171,0.1188,-0.2074,-0.8105,2880.0
Anomalia,0.0028,0.1469,-0.2371,-0.9186,2640.0
Anomalia,0.0044,0.1504,-0.067,-0.8401,2880.0
Anomalia,0.0169,0.1611,-0.1448,-0.9039,2880.0
Anomalia,0.0168,0.1643,-0.0306,-0.9816,3120.0
Anomalia,0.023,0.144,0.2557,-0.8614,3120.0
Anomalia,0.0244,0.1639,0.1361,-0.7155,3360.0
Anomalia,0.006,0.1489,0.403,-0.2005,2880.0
Anomalia,0.0127,0.1446,0.2925,-0.0416,3120.0
Anomalia,0.0097,0.1624,0.1104,-0.5739,2640.0
Anomalia,0.0068,0.1285,-0.0541,-0.3208,2880.0
Anomalia,0.0153,0.125,-0.1467,-0.078,2880.0
Anomalia,0.0129,0.1199,-0.1833,-0.0338,2880.0
Anomalia,0.0162,0.1452,0.152,1.061,3360.0
Anomalia,0.015,0.1863,0.2705,-0.058,3360.0
Anomalia,0.0166,0.19,0.2086,-0.2352,3360.0
Anomalia,0.0082,0.198,0.2829,-0.5272,2880.0
Anomalia,0.0181,0.1621,0.2351,0.1091,2880.0
Anomalia,0.0099,0.1224,-0.1197,-0.7385,3120.0
Anomalia,0.0243,0.1301,-0.0906,-0.6174,2640.0
Anomalia,0.0177,0.1295,-0.2636,-0.2625,2880.0
Anomalia,0.0137,0.1462,-0.1193,-0.7801,2880.0
Anomalia,0.018,0.1439,-0.1042,-0.6114,2880.0
Anomalia,0.0027,0.1353,-0.0058,-0.5855,2880.0
Anomalia,0.0134,0.1236,0.002,-0.6584,3360.0
Anomalia,0.0033,0.1401,-0.1794,-0.1224,3360.0
Anomalia,0.0067,0.1423,-0.1816,-0.2239,2880.0
Anomalia,0.02,0.1523,-0.2043,-0.4525,2880.0
Anomalia,0.0179,0.1549,-0.1379,-0.5832,2880.0
Anomalia,0.0208,0.1208,0.2336,-0.7341,3120.0
Anomalia,0.0201,0.1219,0.0998,-0.7747,3120.0
Anomalia,0.0088,0.1168,-0.1255,-0.6754,3120.0
Anomalia,0.0102,0.1131,-0.1141,-0.4705,2880.0
Anomalia,0.0169,0.1237,-0.1418,-0.6422,2880.0
Anomalia,0.0192,0.1129,-0.0987,-0.433,2880.0
Anomalia,0.0199,0.1,0.0846,-0.4268,2880.0
Anomalia,0.0147,0.1193,-0.0291,-0.5354,2640.0
Anomalia,0.013,0.1424,0.072,-0.561,2640.0
Anomalia,0.0138,0.1507,0.0577,-0.8005,2880.0
Anomalia,0.0141,0.1578,0.0454,-1.0328,2880.0
Anomalia,0.0216,0.1408,-0.0274,-0.5608,2880.0
Anomalia,0.0124,0.1115,-0.1706,-0.4934,3360.0
Anomalia,0.0071,0.1021,-0.2597,-0.6092,2880.0
Anomalia,0.0114,0.107,-0.1597,-0.631,2880.0
Anomalia,0.0066,0.1133,-0.0619,-0.8837,3120.0
Anomalia,0.0185,0.1188,-0.0836,-1.1108,3120.0
Anomalia,0.0218,0.1184,0.0006,-1.0574,3360.0
Anomalia,0.0147,0.1236,-0.0491,-0.9319,3360.0
Anomalia,0.0132,0.1377,-0.013,-1.0079,3360.0
Anomalia,0.0091,0.1539,-0.1305,-0.6746,3360.0
Anomalia,0.0097,0.1651,-0.04,-0.9038,3360.0
Anomalia,0.0155,0.159,-0.1011,-0.7607,3360.0
Anomalia,0.0205,0.1611,-0.1094,-0.7893,3360.0
Anomalia,0.0173,0.1504,0.0861,-0.9612,2880.0
Anomalia,0.0116,0.134,0.0612,-0.6733,2880.0
Anomalia,0.0067,0.125,0.1744,-0.2492,2640.0
Anomalia,0.0052,0.0994,0.0041,0.5507,3360.0
Anomalia,0.009,0.0807,-0.0063,-0.7118,3360.0
Anomalia,0.0201,0.0826,-0.3253,-0.4898,3120.0
Anomalia,0.0196,0.082,-0.4026,-0.43,3360.0
Anomalia,0.016,0.0913,-0.6379,0.0072,3360.0
Anomalia,0.0139,0.0938,-0.6882,0.2619,3360.0
Anomalia,0.0024,0.0879,-0.4317,0.4511,3360.0
Anomalia,0.0062,0.1372,-0.0048,0.5778,3120.0
Anomalia,0.019,0.1723,0.1519,-0.1728,2640.0
Anomalia,0.0172,0.1778,0.1142,-0.3765,2880.0
Anomalia,0.0132,0.1815,0.1444,-0.5625,2880.0
Anomalia,0.0161,0.1506,0.1787,0.1416,2880.0
Anomalia,0.0068,0.0966,-0.492,0.2759,3120.0
Anomalia,0.0186,0.0924,0.0553,-0.4759,3120.0
Anomalia,0.0188,0.097,0.0372,-0.6259,3120.0
Anomalia,0.0128,0.1167,0.1044,-0.5774,3120.0
Anomalia,0.0106,0.1583,0.0822,-0.7041,2640.0
Anomalia,0.0036,0.1682,0.1857,-0.7262,2880.0
Anomalia,0.0102,0.1649,0.0996,-0.605,2880.0
Anomalia,0.0198,0.1605,-0.0138,-0.3981,2880.0
Anomalia,0.0167,0.1493,0.0777,-0.5194,2880.0
Anomalia,0.0136,0.1355,0.09,-0.5375,2880.0
Anomalia,0.0186,0.1337,0.0159,-0.3926,2880.0
Anomalia,0.006,0.1198,0.1635,0.126,2880.0
Anomalia,0.0192,0.0908,0.1457,-0.2234,2880.0
Anomalia,0.0083,0.0827,0.1839,-0.0698,2880.0
Anomalia,0.0111,0.0847,0.1829,-0.2029,2880.0
Anomalia,0.0165,0.0898,0.109,-0.5452,2880.0
Anomalia,0.0118,0.103,0.1505,-0.5463,2880.0
Anomalia,0.0261,0.1225,-0.2717,-0.5591,3120.0
Anomalia,0.0146,0.1265,-0.1346,-0.8685,2880.0
Anomalia,0.0121,0.1302,-0.0812,-1.0118,2880.0
Anomalia,0.0081,0.1486,0.0574,-0.8109,2880.0
Anomalia,0.0048,0.1505,0.2856,-0.6666,2880.0
Anomalia,0.0116,0.1482,0.2312,-0.5785,2880.0
Anomalia,0.0116,0.1433,0.2523,-0.3168,2880.0
Anomalia,0.0092,0.1411,0.1891,-0.2579,3360.0
Anomalia,0.0168,0.1254,0.0017,0.1377,2880.0
Anomalia,0.0176,0.1287,0.0007,-0.0878,3120.0
Anomalia,0.0114,0.1648,-0.1545,-0.4648,3120.0
Anomalia,0.0209,0.1909,0.0453,-0.258,3120.0
Anomalia,0.0098,0.2071,0.0677,-0.7243,2880.0
Anomalia,0.0023,0.2184,0.1031,-0.9931,2880.0
Anomalia,0.0263,0.2016,-0.0314,-0.7418,2880.0
Anomalia,0.0178,0.1849,-0.182,-1.0318,3120.0
Anomalia,0.0168,0.1781,-0.1591,-1.0391,2640.0
Anomalia,0.0166,0.1803,-0.1558,-1.0397,2880.0
Anomalia,0.0001,0.1792,-0.1194,-0.9915,2880.0
Anomalia,0.0084,0.1516,-0.3884,-0.6635,2880.0
Anomalia,0.0154,0.1321,-0.5007,0.2235,3360.0
Anomalia,0.0172,0.1041,-0.614,0.8763,3360.0
Anomalia,0.0158,0.0873,0.0832,-0.4566,2880.0
Anomalia,0.0013,0.0777,-0.1381,-0.9362,2880.0
Anomalia,0.006,0.0839,0.0546,-0.9994,3120.0
Anomalia,0.0088,0.0794,0.1732,-0.7366,3120.0
Anomalia,0.0128,0.0874,0.1351,-0.9173,3360.0
Anomalia,0.0265,0.0928,0.4501,-0.3275,2880.0
Anomalia,0.016,0.1071,0.1408,-0.2683,2880.0
Anomalia,0.0093,0.1262,0.0334,-0.5864,2880.0
Anomalia,0.012,0.1171,-0.0516,0.0054,2880.0
Anomalia,0.0067,0.1146,-0.1636,-0.1645,2880.0
Anomalia,0.0163,0.1216,0.1033,0.6436,3360.0
Anomalia,0.0179,0.1182,0.2246,0.8751,2640.0
Anomalia,0.0118,0.14,0.1418,-0.2754,3360.0
Anomalia,0.0116,0.1467,0.0547,-0.5058,2880.0
Anomalia,0.0056,0.1749,-0.1033,-0.6404,2880.0
Anomalia,0.008,0.1796,-0.1344,-0.8098,3360.0
Anomalia,0.0221,0.1704,-0.294,-0.4095,2880.0
Anomalia,0.0169,0.1711,-0.2192,-0.5291,3360.0
Anomalia,0.0157,0.1224,-0.1075,-0.5387,2880.0
Anomalia,0.0238,0.1186,-0.0855,-0.6171,2880.0
Anomalia,-0.004,0.1249,0.0667,-0.6655,2880.0
Anomalia,0.0108,0.1255,0.049,-0.5316,2880.0
Anomalia,0.0131,0.1257,-0.0028,-0.5296,2880.0
Anomalia,0.0173,0.1136,-0.188,-0.1375,2880.0
Anomalia,0.0224,0.1074,-0.3857,0.0453,3360.0
Anomalia,0.0121,0.0993,-0.4215,-0.3284,3120.0
Anomalia,0.0129,0.1072,-0.391,-0.643,2880.0
Anomalia,0.0069,0.11,-0.2669,-0.7941,2880.0
Anomalia,0.0145,0.1213,-0.0768,-0.8985,3360.0
Anomalia,0.0207,0.1382,0.0765,-0.8472,3360.0
Anomalia,0.0138,0.1534,0.0141,-1.0245,2880.0
Anomalia,0.0073,0.1458,0.1226,-0.7375,2880.0
Anomalia,0.0159,0.1528,0.1075,-0.663,2880.0
Anomalia,0.0056,0.1381,0.0013,-0.4006,2880.0
Anomalia,0.0194,0.1204,0.0479,0.1197,2880.0
Anomalia,0.0204,0.1183,0.057,0.3342,2880.0
Anomalia,0.0092,0.089,-0.4731,0.3933,2640.0
Anomalia,0.014,0.0942,-0.2389,0.1469,2640.0
Anomalia,0.0095,0.0917,-0.0832,0.434,2640.0
Anomalia,0.0077,0.1007,-0.056,-0.3191,2880.0
Anomalia,0.0224,0.1046,0.0005,-0.8299,2880.0
Anomalia,0.0163,0.0967,0.2449,-0.5329,3360.0
Anomalia,0.0151,0.0986,0.0474,-0.7072,3360.0
Anomalia,0.028,0.1245,-0.0318,0.1722,2880.0
Anomalia,0.0085,0.1596,-0.2159,-0.137,2880.0
Anomalia,0.0165,0.1615,-0.3338,-0.1943,2880.0
Anomalia,0.0095,0.1584,-0.2356,-0.1182,2880.0
Anomalia,0.0015,0.1369,-0.3846,0.5202,2640.0
Anomalia,0.0175,0.1027,0.0605,-1.0086,2880.0
Anomalia,0.0148,0.102,0.0197,-0.7921,2880.0
Anomalia,0.0211,0.1255,0.0339,-0.6516,3120.0
Anomalia,0.0154,0.1366,0.0101,-0.9308,3120.0
Anomalia,0.0067,0.1416,-0.0645,-0.6625,3120.0
Anomalia,0.012,0.1612,0.03,-0.7633,3360.0
Anomalia,0.01,0.1428,-0.0298,-0.1987,2880.0
Anomalia,0.0071,0.1506,-0.1006,-0.4563,2880.0
Anomalia,0.0177,0.1568,0.0391,-0.5899,2880.0
Anomalia,0.0156,0.1425,-0.0991,-0.5416,2880.0
Anomalia,0.0198,0.1406,-0.1566,-0.384,2640.0
Anomalia,0.0278,0.1202,0.0795,0.4537,2640.0
Anomalia,0.0102,0.0851,0.0398,0.9419,2400.0
Anomalia,0.0129,0.0648,0.268,-0.3848,2400.0
Anomalia,0.0064,0.0794,-0.0953,-0.2785,2880.0
Anomalia,0.0082,0.0818,-0.0811,-0.2678,2880.0
Anomalia,0.0269,0.0927,-0.1871,-0.2363,2640.0
Anomalia,0.0119,0.0941,-0.0346,-0.6121,2640.0
Anomalia,0.0124,0.0872,0.0702,-0.4259,3120.0
Anomalia,0.008,0.0967,0.091,-0.6211,3360.0
Anomalia,-0.0014,0.1009,0.0923,-0.5519,2880.0
Anomalia,0.0165,0.1192,0.2175,-0.4874,2880.0
Anomalia,0.0137,0.1586,-0.0997,-0.4285,2880.0
Anomalia,0.0213,0.1782,-0.121,-0.7729,2880.0
Anomalia,0.0163,0.1804,-0.0672,-0.9111,2880.0
Anomalia,0.0108,0.1781,-0.1398,-0.8609,2880.0
Anomalia,0.0104,0.1616,-0.0739,-0.8727,3120.0
Anomalia,0.0111,0.1539,-0.0257,-0.8183,2640.0
Anomalia,0.0143,0.1432,-0.0307,-0.3046,3360.0
Anomalia,0.0187,0.1619,0.1509,-0.5812,2880.0
Anomalia,0.0198,0.1457,0.3356,-0.2022,2880.0
Anomalia,0.0187,0.1516,0.4006,-0.1309,2880.0
Anomalia,0.0114,0.1682,0.2681,-0.7155,2880.0
Anomalia,0.0028,0.1397,0.3169,-0.1302,2880.0
Anomalia,0.0178,0.1553,0.2881,-0.3738,2880.0
Anomalia,0.0101,0.1518,0.4114,0.0334,3360.0
Anomalia,0.0266,0.1849,0.2717,-0.2398,3360.0
Anomalia,0.018,0.2016,0.1783,-0.7136,2880.0
Anomalia,0.0044,0.1857,0.3003,-0.2088,2880.0
Anomalia,0.007,0.1681,0.1458,0.2112,3120.0
Anomalia,0.0098,0.1153,-0.4262,0.6079,3360.0
Anomalia,0.0177,0.0847,0.1693,-0.5717,3120.0
Anomalia,0.0237,0.092,-0.2673,-0.4985,3120.0
Anomalia,0.0224,0.1114,-0.5208,0.7993,2640.0
Anomalia,0.0106,0.1256,-0.3378,0.0883,2640.0
Anomalia,0.0145,0.124,-0.4143,0.2884,2880.0
Anomalia,0.0121,0.1369,-0.2485,-0.4349,2640.0
Anomalia,0.023,0.1426,-0.0927,-0.5453,3120.0
Anomalia,0.0237,0.1419,-0.0698,-0.6079,3360.0
Anomalia,0.0175,0.1685,-0.0521,-1.0707,3360.0
Anomalia,0.0161,0.1832,-0.0596,-1.1365,2880.0
Anomalia,0.0051,0.1683,0.0137,-0.9607,2880.0
Anomalia,0.0061,0.1598,-0.0216,-0.7192,3120.0
Anomalia,0.0154,0.1452,-0.1021,-0.483,3120.0
Anomalia,0.0109,0.1368,0.0516,-0.5645,3120.0
Anomalia,0.0171,0.1537,-0.0057,-0.877,2640.0
Anomalia,0.0156,0.1628,-0.0776,-1.0315,3360.0
Anomalia,0.0164,0.1558,-0.0531,-0.8525,3360.0
Anomalia,0.0192,0.1352,-0.1023,-0.4866,3120.0
Anomalia,0.0166,0.1272,-0.1394,-0.4221,3120.0
Anomalia,0.0204,0.1508,-0.1373,0.0141,2880.0
Anomalia,0.0086,0.1545,-0.0857,-0.1828,2880.0
Anomalia,0.007,0.1984,-0.1711,-0.6592,2640.0
Anomalia,0.0102,0.2052,-0.1405,-0.7976,3120.0
Anomalia,0.0114,0.1772,-0.1762,-0.172,2880.0
Anomalia,0.014,0.1712,-0.1938,0.0822,3120.0
Anomalia,0.0215,0.1239,0.22,-0.3558,3120.0
Anomalia,0.0195,0.0966,0.0938,-0.9536,3120.0
Anomalia,0.0063,0.1194,-0.2945,-0.4809,3120.0
Anomalia,0.0163,0.1452,0.0955,-0.4052,2880.0
Anomalia,0.0118,0.1452,0.1145,-0.378,2880.0
Anomalia,0.0129,0.1502,0.0487,-0.5701,2880.0
Anomalia,0.0189,0.1781,-0.0278,-0.359,2880.0
Anomalia,0.0147,0.1675,-0.0973,-0.1216,2880.0
Anomalia,0.0205,0.1674,-0.1154,-0.044,2880.0
Anomalia,0.0184,0.1807,-0.0392,-0.5288,3120.0
Anomalia,0.0228,0.1611,-0.03,-0.6504,3120.0
Anomalia,0.0244,0.159,-0.0964,-0.6649,3120.0
Anomalia,0.0126,0.1572,-0.0387,-0.6919,2880.0
Anomalia,0.0054,0.1554,-0.0223,-0.7068,2640.0
Anomalia,0.01,0.1642,0.1583,-0.8352,2640.0
Anomalia,0.0074,0.1545,0.1283,-0.4946,2640.0
Anomalia,0.0206,0.1533,0.0004,-0.4332,2880.0
Anomalia,0.0239,0.139,-0.0882,0.2111,2880.0
Anomalia,0.0142,0.1182,-0.4357,-0.4101,2880.0
Anomalia,0.0133,0.1377,-0.242,-0.8899,2880.0
Anomalia,0.0101,0.1518,-0.1783,-1.0937,2880.0
Anomalia,0.0121,0.1551,-0.1416,-1.1512,2880.0
Anomalia,0.0295,0.1504,-0.2346,-0.929,2880.0
Anomalia,0.0212,0.1437,-0.3021,-0.5896,2880.0
Anomalia,0.0189,0.1519,-0.1964,-0.6807,2640.0
Anomalia,0.0148,0.1449,-0.0819,-0.5974,2880.0
Anomalia,0.0052,0.1379,-0.0161,-0.2808,2880.0
Anomalia,0.0174,0.1384,0.0929,-0.4383,3360.0
Anomalia,0.0157,0.1199,0.0711,-0.4919,3120.0
Anomalia,0.0204,0.1188,0.05,-0.382,3120.0
Anomalia,0.0193,0.1352,0.147,-0.7399,3360.0
Anomalia,0.01,0.1274,0.1222,-0.6145,2880.0
Anomalia,0.0171,0.1173,0.1384,-0.1259,2640.0
Anomalia,0.0083,0.1334,0.0386,-0.6298,3360.0
Anomalia,0.0108,0.1218,-0.4707,-0.6164,2880.0
Anomalia,0.0276,0.1354,-0.2832,-0.4619,2880.0
Anomalia,0.0176,0.1464,-0.2054,-0.8489,2880.0
Anomalia,0.0192,0.1526,-0.2142,-0.8184,2880.0
Anomalia,0.0245,0.1581,-0.1324,-0.9694,2880.0
Anomalia,0.0048,0.1705,-0.1364,-0.9783,2880.0
Anomalia,0.0155,0.1671,-0.1629,-0.7932,2880.0
Anomalia,0.0295,0.1931,0.0425,-0.4778,2880.0
Anomalia,0.0144,0.2166,0.0415,-0.8463,2880.0
Anomalia,0.0231,0.2038,0.0726,-0.644,2880.0
Anomalia,0.0098,0.2058,0.1725,-0.7545,2880.0
Anomalia,0.0049,0.1713,-0.0523,-0.783,2880.0
Anomalia,0.0222,0.1327,0.0194,-1.2148,3120.0
Anomalia,0.0181,0.1147,-0.0007,-0.819,3120.0
Anomalia,0.0248,0.1084,-0.1196,-0.3908,3360.0
Anomalia,0.0217,0.0994,0.021,-0.0616,2880.0
Anomalia,0.0052,0.1008,-0.1209,-0.3667,2880.0
Anomalia,0.0145,0.1067,-0.3029,-0.6149,2880.0
Anomalia,0.0141,0.1047,-0.2735,-0.7146,2880.0
Anomalia,0.01,0.109,-0.3586,-0.8532,3360.0
Anomalia,0.0244,0.1114,-0.1317,-0.5482,3120.0
Anomalia,0.0145,0.1233,-0.1181,-0.8441,2640.0
Anomalia,0.0188,0.1177,-0.103,-0.6753,2640.0
Anomalia,0.0232,0.1202,-0.2202,-0.6587,3360.0
Anomalia,0.0082,0.1165,-0.4084,-0.6306,2880.0
Anomalia,0.0174,0.1309,0.1846,-0.0094,2640.0
Anomalia,0.0136,0.1315,0.2564,-0.0744,2640.0
Anomalia,0.0162,0.1527,0.1154,-0.274,3360.0
Anomalia,0.0267,0.1449,0.0449,0.1336,2880.0
Anomalia,0.0179,0.132,-0.2227,0.0942,2880.0
Anomalia,0.015,0.1366,-0.1955,-0.2179,2880.0
Anomalia,0.0146,0.1129,-0.1229,-0.8681,2880.0
Anomalia,0.0133,0.1411,0.0608,-0.9567,2880.0
Anomalia,0.0142,0.1425,0.0476,-0.9961,2880.0
Anomalia,0.0178,0.1624,-0.0145,-1.0874,2880.0
Anomalia,0.0069,0.1632,0.0516,-1.091,2880.0
Anomalia,0.0178,0.1466,-0.1665,-0.881,2880.0
Anomalia,0.0157,0.1335,-0.1433,-0.4069,2880.0
Anomalia,0.0217,0.1264,-0.107,-0.6213,3360.0
Anomalia,0.0228,0.1197,0.0351,-0.5798,3360.0
Anomalia,0.0062,0.1393,0.1007,-0.4575,3120.0
Anomalia,0.0189,0.1581,-0.0335,-0.805,2640.0
Anomalia,0.0052,0.1503,-0.082,-0.5872,2880.0
Anomalia,0.022,0.1721,-0.1112,-0.9262,3120.0
Anomalia,0.0221,0.1583,-0.1135,-0.748,3120.0
Anomalia,0.0095,0.1541,0.0338,-0.8495,3120.0
Anomalia,0.0183,0.1574,0.065,-1.0578,3360.0
Anomalia,0.011,0.135,0.0361,-0.932,2880.0
Anomalia,0.0187,0.1252,-0.0079,-0.7375,2880.0
Anomalia,0.0212,0.1054,0.0395,-0.428,2880.0
Anomalia,0.0206,0.0989,0.293,-0.3049,2880.0
Anomalia,0.0129,0.086,0.4004,0.4994,2880.0
Anomalia,0.0136,0.1016,0.5075,-0.1203,2880.0
Anomalia,0.0151,0.1037,0.4237,-0.328,2880.0
Anomalia,0.016,0.0901,0.3626,-0.2959,3360.0
Anomalia,0.0275,0.111,0.1218,-0.6902,3360.0
Anomalia,0.013,0.1263,-0.1461,-0.4008,2880.0
Anomalia,0.0222,0.157,0.0473,-0.8803,2880.0
Anomalia,0.0132,0.1669,0.0445,-1.0736,2880.0
Anomalia,0.0117,0.1591,0.0102,-0.8227,2880.0
Anomalia,0.0231,0.1818,0.0128,-0.5917,3120.0
Anomalia,0.0122,0.1598,-0.0303,0.1413,3120.0
Anomalia,0.0224,0.1505,-0.0313,0.6784,3120.0
Anomalia,0.0128,0.1488,0.1279,0.6736,3120.0
Anomalia,0.0109,0.0883,-0.1043,-0.4019,3120.0
Anomalia,0.0092,0.1013,0.1674,-0.1913,3120.0
Anomalia,0.0158,0.104,0.0998,-0.3221,3360.0
Anomalia,0.0177,0.1233,-0.1355,-0.5396,3120.0
Anomalia,0.0193,0.1403,-0.1583,-0.9204,2880.0
Anomalia,0.0227,0.1456,-0.1739,-0.9999,2880.0
Anomalia,0.0139,0.1427,-0.0498,-0.9421,2880.0
Anomalia,0.0146,0.14,-0.1018,-0.8201,3120.0
Anomalia,0.0136,0.1373,0.0188,-0.7495,2640.0
Anomalia,0.0258,0.1217,-0.2493,-0.2314,2640.0
Anomalia,0.0213,0.1484,-0.389,-0.6204,2640.0
Anomalia,0.021,0.1411,-0.2979,-0.4808,3120.0
Anomalia,0.0193,0.1348,-0.3845,-0.362,3360.0
Anomalia,0.008,0.1388,-0.1199,-0.6543,2880.0
Anomalia,0.02,0.1077,0.0198,-0.4521,2880.0
Anomalia,0.021,0.1034,0.087,-0.6128,3120.0
Anomalia,0.0187,0.1156,0.0538,-0.4259,3120.0
Anomalia,0.0153,0.1067,0.0643,-0.1191,3120.0
Anomalia,0.0125,0.1155,0.2014,-0.4161,3360.0
Anomalia,0.0152,0.1377,0.0078,-0.7135,3360.0
Anomalia,0.0189,0.1529,0.0257,-0.4391,3360.0
Anomalia,0.0237,0.1668,-0.1144,-0.773,3360.0
Anomalia,0.0218,0.1676,-0.047,-0.7848,3360.0
Anomalia,0.0222,0.1468,0.0152,-0.0757,2880.0
Anomalia,0.0217,0.1564,-0.203,0.2479,2400.0
Anomalia,0.016,0.1638,-0.3218,0.4816,3120.0
Anomalia,0.0108,0.1586,-0.3417,0.6984,2880.0
Anomalia,0.0165,0.1621,-0.3754,0.525,2880.0
Anomalia,0.0189,0.1388,-0.3519,0.5712,2880.0
Anomalia,0.0227,0.1117,0.1439,-0.4762,3360.0
Anomalia,0.0297,0.1123,0.051,-0.4029,3360.0
Anomalia,0.0131,0.131,-0.2662,-0.1814,3360.0
Anomalia,0.0119,0.1151,-0.5429,0.6471,3360.0
Anomalia,0.0214,0.1297,-0.3264,0.071,3360.0
Anomalia,0.0123,0.1396,-0.2326,-0.5123,2880.0
Anomalia,0.0326,0.1501,0.0623,-0.5811,2880.0
Anomalia,0.0274,0.1693,-0.1099,-0.713,2880.0
Anomalia,0.0125,0.1768,-0.0101,-0.9481,2880.0
Anomalia,0.0214,0.176,-0.0799,-0.8254,2880.0
Anomalia,0.0118,0.1645,-0.1067,-0.7987,2880.0
Anomalia,0.0142,0.1416,0.0342,-0.6733,3120.0
Anomalia,0.0187,0.1193,0.0537,-0.194,2880.0
Anomalia,0.0122,0.1084,0.1308,-0.1964,2880.0
Anomalia,0.0112,0.0786,-0.0698,-0.9047,3120.0
Anomalia,0.0197,0.1001,0.0943,-0.3177,3120.0
Anomalia,0.0237,0.0995,0.0476,-0.1894,3120.0
Anomalia,0.0234,0.1056,-0.1304,-0.1767,3120.0
Anomalia,0.028,0.1109,-0.182,-0.4562,3120.0
Anomalia,0.0111,0.1196,-0.3837,-0.2254,2880.0
Anomalia,0.0117,0.1199,-0.3159,-0.144,2880.0
Anomalia,0.022,0.1146,-0.4631,0.2699,2880.0
Anomalia,0.0126,0.1322,-0.1718,-0.3781,3360.0
Anomalia,0.0269,0.1283,-0.1122,-0.4079,3360.0
Anomalia,0.0194,0.1492,-0.108,-0.7116,3360.0
Anomalia,0.0143,0.1557,0.0138,-0.9598,3360.0
Anomalia,0.0164,0.1563,-0.194,-0.8119,3360.0
Anomalia,0.0186,0.1652,-0.1261,-0.9099,3360.0
Anomalia,0.0249,0.1441,-0.2337,-0.4079,3360.0
Anomalia,0.0176,0.1374,-0.192,-0.1884,3360.0
Anomalia,0.0256,0.1505,0.1039,-0.4937,2880.0
Anomalia,0.0129,0.1269,0.1928,0.1596,2880.0
Anomalia,0.0112,0.1449,0.2419,-0.5199,2880.0
Anomalia,0.0212,0.1419,0.1113,-0.3239,3360.0
Anomalia,0.0157,0.1122,-0.088,-0.2726,3360.0
Anomalia,0.0191,0.1058,0.0387,0.008,2880.0
Anomalia,0.0212,0.0805,-0.089,-0.6581,2880.0
Anomalia,0.0079,0.0879,-0.0537,-0.8609,2880.0
Anomalia,0.0142,0.1357,0.3203,0.6902,2880.0
Anomalia,0.0191,0.1395,0.2734,0.458,2880.0
Anomalia,0.0167,0.1435,0.2774,0.1714,2880.0
Anomalia,0.0289,0.1501,0.1097,-0.2046,2880.0
Anomalia,0.0212,0.1057,0.211,-0.8319,2640.0
Anomalia,0.0094,0.0995,0.2775,-0.8561,2640.0
Anomalia,0.0214,0.1068,0.364,-0.8133,2640.0
Anomalia,0.011,0.1054,0.1863,-0.2777,3360.0
Anomalia,0.0257,0.117,0.1336,-0.3682,3360.0
Anomalia,0.0365,0.1553,-0.0214,-0.4093,3360.0
Anomalia,0.0122,0.1478,0.22,-0.131,2640.0
Anomalia,0.0198,0.1412,0.237,0.1961,2640.0
Anomalia,0.0105,0.1303,0.2982,0.8134,2640.0
Anomalia,0.0063,0.0742,-0.2876,0.7888,2640.0
Anomalia,0.0274,0.082,0.5545,0.3408,2400.0
Anomalia,0.0218,0.103,0.0079,0.5599,2880.0
Anomalia,0.0149,0.1072,0.0606,0.2014,2880.0
Anomalia,0.018,0.1227,-0.1154,-0.5558,3120.0
Anomalia,0.0096,0.1322,0.2712,-0.0762,3120.0
Anomalia,0.0206,0.1211,0.326,0.2903,3120.0
Anomalia,0.03,0.1461,0.1948,-0.2442,3360.0
Anomalia,0.0204,0.1587,-0.0231,-0.1987,3360.0
Anomalia,0.0228,0.1616,-0.1114,-0.5253,3360.0
Anomalia,0.0096,0.1637,0.0019,-0.6154,3360.0
Anomalia,0.007,0.1415,-0.1956,-0.1501,2640.0
Anomalia,0.0191,0.1227,0.1022,-0.2979,3360.0
Anomalia,0.0131,0.1123,-0.1779,-0.3536,3360.0
Anomalia,0.0224,0.1043,-0.2417,-0.3059,3360.0
Anomalia,0.0188,0.1354,-0.1126,-0.5027,2880.0
Anomalia,0.0154,0.1418,0.0534,-0.6485,2880.0
Anomalia,0.0156,0.1292,0.0709,-0.1092,2880.0
Anomalia,0.0154,0.1321,0.1891,-0.2056,3120.0
Anomalia,0.0089,0.1322,0.0152,0.1899,3120.0
Anomalia,0.0238,0.1452,0.0042,-0.1098,2880.0
Anomalia,0.0235,0.1575,-0.041,-0.7329,2880.0
Anomalia,0.022,0.1684,-0.0334,-0.9542,2880.0
Anomalia,0.0254,0.17,0.0154,-0.8064,2880.0
Anomalia,0.0049,0.1486,0.1113,-0.2099,2640.0
Anomalia,0.0207,0.1748,0.2435,-0.4754,2880.0
Anomalia,0.0114,0.1705,0.3444,-0.3981,2880.0
Anomalia,0.0187,0.1731,0.3151,-0.6382,2880.0
Anomalia,0.0206,0.1797,0.2489,-0.912,2880.0
Anomalia,0.0072,0.1509,0.1567,-0.757,2640.0
Anomalia,0.0219,0.15,-0.0381,-0.6034,2640.0
Anomalia,0.0161,0.1244,-0.0539,-0.8956,2640.0
Anomalia,0.0223,0.1167,-0.103,-0.5337,2880.0
Anomalia,0.0183,0.1122,-0.0966,-0.4238,2880.0
Anomalia,0.0108,0.0996,-0.0821,-0.5813,2880.0
Anomalia,0.0115,0.0948,-0.1276,-1.0166,2880.0
Anomalia,0.0217,0.1123,0.094,-0.8066,2880.0
Anomalia,0.0218,0.1257,-0.0358,-0.897,2880.0
Anomalia,0.0176,0.1446,-0.0822,-1.0038,2880.0
Anomalia,0.0216,0.1506,0.0404,-0.8098,2640.0
Anomalia,0.0047,0.1512,0.0709,-0.7389,2880.0
Anomalia,0.0177,0.1458,-0.0174,-0.5422,2880.0
Anomalia,0.0197,0.1437,-0.1099,-0.4774,2880.0
Anomalia,0.0148,0.1427,-0.247,-0.5638,3120.0
Anomalia,0.0221,0.1713,-0.0664,-0.5052,3120.0
Anomalia,0.0085,0.1711,0.0846,-0.556,2640.0
Anomalia,0.0168,0.1625,0.1092,-0.3027,2640.0
Anomalia,0.0162,0.1671,0.1476,-0.5573,2640.0
Anomalia,0.014,0.1397,0.1262,-1.0023,3120.0
Anomalia,0.0176,0.1318,0.1025,-0.7491,3120.0
Anomalia,0.0188,0.1276,0.0423,-0.6241,3120.0
Anomalia,0.0165,0.1226,-0.1131,-0.682,3360.0
Anomalia,0.0186,0.105,-0.2328,-0.429,2880.0
Anomalia,0.0152,0.1063,-0.1982,-0.5627,2880.0
Anomalia,0.0073,0.1185,-0.0494,-0.8465,3360.0
Anomalia,0.0232,0.1215,0.1933,-0.6911,3360.0
Anomalia,0.0186,0.1252,0.2734,-0.6776,3360.0
Anomalia,0.0225,0.1371,0.1036,-0.9482,3120.0
Anomalia,0.0181,0.141,0.1114,-0.9084,3120.0
Anomalia,0.0066,0.1546,0.0464,-0.921,3120.0
Anomalia,0.015,0.1645,-0.0576,-1.1012,2880.0
Anomalia,0.0131,0.1596,0.042,-0.9284,2880.0
Anomalia,0.0258,0.1532,0.0105,-0.7213,2640.0
Anomalia,0.0183,0.1491,-0.1139,-0.5557,2640.0
Anomalia,0.0098,0.1352,-0.0616,-0.2019,2640.0
Anomalia,0.0112,0.1853,0.071,-0.1085,2880.0
Anomalia,0.0143,0.1881,0.0764,-0.1066,2880.0
Anomalia,0.0163,0.171,0.2568,0.5971,2880.0
Anomalia,0.0237,0.1688,0.1471,0.789,3360.0
Anomalia,0.022,0.1173,0.3545,0.0903,3360.0
Anomalia,0.0124,0.1123,0.1234,-0.8881,2880.0
Anomalia,0.0169,0.1048,0.1124,-0.4987,2880.0
Anomalia,0.0118,0.1041,0.2128,-0.4818,2880.0
Anomalia,0.0201,0.0873,-0.0474,-0.2145,2880.0
Anomalia,0.0093,0.1252,-1.5808,5.9199,3360.0
Anomalia,0.0178,0.1669,-0.4571,2.024,2880.0
Anomalia,0.0168,0.177,-0.3086,1.1497,2880.0
Anomalia,0.013,0.1834,-0.2178,0.618,2640.0
Anomalia,0.0215,0.1612,0.2522,0.0339,3360.0
Anomalia,0.0111,0.1208,0.0947,-0.728,3120.0
Anomalia,0.0184,0.1095,-0.1995,-0.6502,2880.0
Anomalia,0.0128,0.1214,-0.1044,-0.5586,3360.0
Anomalia,0.0158,0.1577,-0.0633,0.0314,3120.0
Anomalia,0.0163,0.1597,-0.0752,-0.0438,3120.0
Anomalia,0.0084,0.1595,0.0301,-0.1101,3120.0
Anomalia,0.0147,0.1549,-0.0091,0.0891,2880.0
Anomalia,0.0189,0.1109,0.1042,-0.7351,2880.0
Anomalia,0.0193,0.1306,-0.1002,-0.9124,2880.0
Anomalia,0.0172,0.1293,-0.0808,-0.8508,2880.0
Anomalia,0.0196,0.1318,0.001,-0.8086,3120.0
Anomalia,0.0073,0.1812,-0.0474,-0.4162,2640.0
Anomalia,0.0157,0.1774,-0.0696,-0.1422,2880.0
Anomalia,0.0189,0.1824,-0.0831,-0.3504,2880.0
Anomalia,0.0181,0.1932,-0.1039,-0.5906,3120.0
Anomalia,0.0229,0.1491,0.0992,-0.5478,3120.0
Anomalia,0.0178,0.1572,0.0857,-0.8444,2880.0
Anomalia,0.0091,0.148,0.2053,-0.4724,2880.0
Anomalia,0.0196,0.1228,0.0964,-0.3187,2640.0
Anomalia,0.0129,0.1146,0.1723,0.019,2640.0
Anomalia,0.0144,0.0826,0.4687,-0.4041,2880.0
Anomalia,0.0211,0.0863,0.2813,-0.7032,3120.0
Anomalia,0.0092,0.0864,0.3131,-0.6207,3360.0
Anomalia,0.0265,0.1246,0.29,-0.1307,3360.0
Anomalia,0.0174,0.1439,0.229,-0.5856,3360.0
Anomalia,0.0229,0.1532,0.1126,-0.9151,3360.0
Anomalia,0.0149,0.1626,0.2311,-1.0003,2880.0
Anomalia,0.0151,0.1383,0.1247,-0.6168,2880.0
Anomalia,0.016,0.1492,-0.1829,-0.5237,3120.0
Anomalia,0.0153,0.1478,-0.2216,-0.4279,2640.0
Anomalia,0.0219,0.1387,-0.5277,-0.0834,2640.0
Anomalia,0.0128,0.1582,-0.2108,-0.7278,3360.0
Anomalia,0.0191,0.1329,-0.0758,-0.498,3360.0
Anomalia,0.0103,0.1339,0.04,-0.5786,3360.0
Anomalia,0.0161,0.1517,0.0401,-0.8048,2880.0
Anomalia,0.0131,0.1623,-0.008,-0.5087,2880.0
Anomalia,0.0152,0.1811,-0.0058,-0.8819,2880.0
Anomalia,0.0269,0.1771,-0.0989,-0.6762,2880.0
Anomalia,0.0194,0.163,0.0099,-0.3893,2880.0
Anomalia,0.0259,0.1351,0.0559,-0.3411,2880.0
Anomalia,0.0187,0.1147,0.0241,-0.7565,2880.0
Anomalia,0.0116,0.1272,0.0582,-0.9799,2880.0
Anomalia,0.0234,0.1299,-0.0367,-1.0114,2880.0
Anomalia,0.0143,0.1266,0.012,-0.908,2880.0
Anomalia,0.0248,0.1147,-0.0455,-0.456,2640.0
Anomalia,0.022,0.0995,0.0218,-0.5895,3120.0
Anomalia,0.0052,0.1607,-0.084,1.3539,2880.0
Anomalia,0.0147,0.1948,-0.0455,-0.0599,2880.0
Anomalia,0.0204,0.206,-0.0308,-0.4593,2880.0
Anomalia,0.0182,0.2079,-0.0384,-0.5239,2880.0
Anomalia,0.0282,0.1636,0.0332,-0.3508,2880.0
Anomalia,0.0187,0.1209,0.2383,-0.347,2880.0
Anomalia,0.0053,0.1112,-0.0114,-0.8552,2880.0
Anomalia,0.0199,0.1125,0.0333,-1.0523,2880.0
Anomalia,0.0156,0.0972,0.0085,-0.5084,3120.0
Anomalia,0.0232,0.1035,-0.1607,-0.667,2880.0
Anomalia,0.03,0.0974,0.0264,-0.4643,3360.0
Anomalia,0.0153,0.0969,0.3614,-0.1537,3360.0
Anomalia,0.0185,0.1119,0.2001,-0.6633,3360.0
Anomalia,0.0148,0.1148,0.1935,-0.6861,3360.0
Anomalia,0.0137,0.1318,0.1457,-0.9669,3360.0
Anomalia,0.0253,0.1465,-0.0507,-1.128,2880.0
Anomalia,0.0188,0.1647,-0.0243,-1.2674,2880.0
Anomalia,0.0246,0.1815,-0.0344,-1.2884,2880.0
Anomalia,0.0145,0.1654,0.1198,-0.9047,2880.0
Anomalia,0.0035,0.1453,0.2392,-0.2022,2880.0
Anomalia,0.0185,0.12,0.2113,0.7231,3120.0
Anomalia,0.0109,0.0765,0.3668,-0.06,3120.0
Anomalia,0.0247,0.0785,0.103,0.0173,480.0
Anomalia,0.0308,0.083,0.1521,-0.4778,3120.0
Anomalia,0.0079,0.0848,-0.4501,0.232,2880.0
Anomalia,0.0155,0.0872,-0.5327,0.1473,3360.0
Anomalia,0.0141,0.0854,-0.6245,0.1876,3360.0
Anomalia,0.0103,0.1014,-0.4441,-0.101,3360.0
Anomalia,0.0303,0.143,0.1065,0.3103,2880.0
Anomalia,0.0204,0.1536,0.0302,-0.1171,2880.0
Anomalia,0.007,0.1599,0.2028,-0.4978,2880.0
Anomalia,0.017,0.1536,0.0959,-0.2461,3120.0
Anomalia,0.009,0.1135,-0.4311,-0.5721,3120.0
Anomalia,0.027,0.1141,0.0036,-0.3503,3120.0
Anomalia,0.0288,0.1361,-0.1559,0.5222,3120.0
Anomalia,0.0185,0.1334,-0.0746,0.6342,3120.0
Anomalia,0.0177,0.1955,0.0811,0.2088,2640.0
Anomalia,0.0076,0.2127,0.2391,-0.18,2880.0
Anomalia,0.0155,0.1944,0.2231,0.5176,2880.0
Anomalia,0.0247,0.193,0.1368,0.6258,2880.0
Anomalia,0.0203,0.1491,0.2269,0.654,2880.0
Anomalia,0.0166,0.1203,-0.1092,-0.1087,2880.0
Anomalia,0.0172,0.1285,-0.0405,-0.5716,3120.0
Anomalia,0.0079,0.1354,0.0494,-0.8798,3120.0
Anomalia,0.0221,0.1088,-0.2744,-0.382,3360.0
Anomalia,0.0156,0.1086,-0.5416,-0.0158,2640.0
Anomalia,0.0173,0.109,-0.5937,0.1891,2880.0
Anomalia,0.0228,0.1014,-0.6323,0.9214,3120.0
Anomalia,0.0131,0.1203,-0.2172,-0.3562,3360.0
Anomalia,0.0245,0.1216,-0.1398,-0.5029,3360.0
Anomalia,0.0179,0.1145,-0.1138,-0.3871,3360.0
Anomalia,0.0107,0.1199,-0.1199,-0.7337,2880.0
Anomalia,0.012,0.1511,0.0755,-0.1565,2880.0
Anomalia,0.0134,0.1628,0.1789,-0.5018,2880.0
Anomalia,0.0122,0.1678,0.1665,-0.7082,2880.0
Anomalia,0.0235,0.1679,0.0884,-0.6721,2880.0
Anomalia,0.0207,0.1375,0.1855,-0.8387,2880.0
Anomalia,0.0195,0.119,0.1313,-1.01,3120.0
Anomalia,0.0251,0.1247,0.0378,-1.1079,3120.0
Anomalia,0.0152,0.1266,0.0192,-1.1955,3120.0
Anomalia,0.0193,0.1706,0.1024,-0.2403,3120.0
Anomalia,0.0176,0.1918,0.0726,-0.7756,2640.0
Anomalia,0.0113,0.1926,0.1393,-0.7979,2880.0
Anomalia,0.0306,0.2049,-0.0583,-0.9594,2880.0
Anomalia,0.0208,0.2024,-0.1634,-1.0193,2880.0
Anomalia,0.0164,0.2017,-0.201,-0.8954,2880.0
Anomalia,0.0163,0.2249,-0.2086,-1.1109,2880.0
Anomalia,0.0018,0.2187,-0.1026,-1.1052,2880.0
Anomalia,0.0152,0.1863,-0.2491,-0.6214,2640.0
Anomalia,0.0213,0.1594,-0.2942,0.0526,3360.0
Anomalia,0.0239,0.105,-0.0623,0.4124,3360.0
Anomalia,0.0219,0.0768,0.4555,1.597,2640.0
Anomalia,0.0109,0.0612,0.0736,-0.0759,2880.0
Anomalia,0.0119,0.072,0.1675,0.0896,2880.0
Anomalia,0.0229,0.1096,0.5032,0.1204,2880.0
Anomalia,0.0203,0.1294,0.2335,-0.4534,2880.0
Anomalia,0.0301,0.1384,0.2087,-0.6978,2880.0
Anomalia,0.0212,0.1387,0.2745,-0.7011,2880.0
Anomalia,0.0037,0.1164,0.3431,-0.2175,2880.0
Anomalia,0.0154,0.0998,0.3122,-0.3454,2880.0
Anomalia,0.0122,0.098,-0.1139,-0.921,2880.0
Anomalia,0.0154,0.1122,0.1743,0.7115,3360.0
Anomalia,0.0252,0.1432,0.2513,0.4839,2640.0
Anomalia,0.0142,0.1732,0.159,-0.4481,2640.0
Anomalia,0.0137,0.1789,0.1252,-0.5289,2640.0
Anomalia,0.0163,0.2004,0.0447,-0.8755,3360.0
Anomalia,0.0097,0.1835,0.0102,-0.7169,2880.0
Anomalia,0.0241,0.1615,-0.0772,-0.2241,2880.0
Anomalia,0.024,0.15,-0.0386,0.1412,3360.0
Anomalia,0.0189,0.1046,-0.0157,-0.7223,2880.0
Anomalia,0.0252,0.0958,-0.1822,-0.3071,2880.0
Anomalia,0.0078,0.1031,-0.3006,0.3581,3360.0
Anomalia,0.014,0.1072,-0.2863,0.0505,2880.0
Anomalia,0.0175,0.101,-0.2632,0.4749,2880.0
Anomalia,0.0262,0.1075,-0.2405,0.1844,2880.0
Anomalia,0.0238,0.0902,0.0612,-0.954,3360.0
Anomalia,0.013,0.0886,0.1972,-0.758,3120.0
Anomalia,0.0161,0.0985,0.0091,-0.8875,3120.0
Anomalia,0.0124,0.1065,-0.0762,-1.0237,3120.0
Anomalia,0.0138,0.1348,-0.144,-0.1797,3360.0
Anomalia,0.027,0.1697,0.1741,-0.0171,3360.0
Anomalia,0.0192,0.1688,0.2649,0.0248,3360.0
Anomalia,0.0077,0.1669,0.427,0.1802,2880.0
Anomalia,0.0277,0.174,0.4511,-0.2022,2880.0
Anomalia,0.015,0.1373,0.4596,0.0451,2880.0
Anomalia,0.0247,0.1308,0.4731,0.4661,2640.0
Anomalia,0.0265,0.1206,0.7175,1.383,3360.0
Anomalia,0.0135,0.0686,0.0092,-0.593,3360.0
Anomalia,0.0148,0.0776,-0.0282,-0.0789,2640.0
Anomalia,0.0166,0.0949,0.3666,0.0132,3120.0
Anomalia,0.0182,0.1046,0.1371,-0.4657,3360.0
Anomalia,0.0231,0.1226,-0.004,-0.8628,3360.0
Anomalia,0.023,0.1209,-0.0017,-0.8214,3360.0
Anomalia,0.0194,0.1121,-0.1042,-0.8277,3360.0
Anomalia,0.0225,0.108,-0.118,-0.6902,2640.0
Anomalia,0.0172,0.1406,0.0153,0.1098,2880.0
Anomalia,0.0175,0.1518,0.0499,-0.3684,2880.0
Anomalia,0.0129,0.1573,0.0976,-0.6011,2640.0
Anomalia,0.0148,0.1551,0.0939,-0.4836,2640.0
Anomalia,0.017,0.128,-0.0198,-0.6908,3120.0
Anomalia,0.017,0.1388,-0.1369,-0.598,3120.0
Anomalia,0.0265,0.1576,-0.1302,-0.702,3120.0
Anomalia,0.0152,0.1615,0.0153,-0.9153,2880.0
Anomalia,0.0129,0.1571,0.0235,-0.742,2880.0
Anomalia,0.0243,0.1504,0.15,-0.5507,3360.0
Anomalia,0.0083,0.1548,0.0289,-0.37,2880.0
Anomalia,0.0159,0.1935,-0.0928,-0.7121,2880.0
Anomalia,0.025,0.2123,-0.1048,-1.0588,2880.0
Anomalia,0.0167,0.2103,-0.1675,-0.9478,2880.0
Anomalia,0.0263,0.1932,-0.2287,-0.5997,2640.0
Anomalia,0.0243,0.1529,-0.2119,-0.0962,3360.0
Anomalia,0.0087,0.1185,-0.333,0.4439,3360.0
Anomalia,0.0157,0.1067,0.0983,-0.957,2640.0
Anomalia,0.0107,0.0902,0.2679,-0.5445,2640.0
Anomalia,0.0137,0.0885,0.3014,-0.5527,2640.0
Anomalia,0.0343,0.1006,0.6854,0.242,2640.0
Anomalia,0.0154,0.1068,0.1935,0.6957,2640.0
Anomalia,0.0218,0.1243,0.1381,-0.2466,3120.0
Anomalia,0.0181,0.1373,0.0621,-0.7551,2880.0
Anomalia,0.0064,0.1345,-0.0091,-1.0597,2880.0
Anomalia,0.0266,0.1328,-0.0439,-0.8659,2880.0
Anomalia,0.0173,0.1588,-0.267,-0.3831,2880.0
Anomalia,0.0245,0.1588,-0.3062,-0.1637,2880.0
Anomalia,0.022,0.1588,-0.2962,-0.1688,2880.0
Anomalia,0.0079,0.1631,-0.2559,-0.3814,2880.0
Anomalia,0.0178,0.1614,-0.1497,-0.2598,2640.0
Anomalia,0.0148,0.1723,-0.1894,-0.49,2640.0
Anomalia,0.0145,0.1756,-0.1839,-0.5258,2880.0
Anomalia,0.0284,0.1758,-0.1886,-0.5918,2880.0
Anomalia,0.0184,0.1485,-0.1366,-0.5752,2880.0
Anomalia,0.0171,0.1257,0.115,-0.6173,3360.0
Anomalia,0.0209,0.1163,0.3379,-0.8608,2880.0
Anomalia,0.0071,0.1067,0.2274,-0.8237,3360.0
Anomalia,0.0256,0.1092,0.1706,-0.8404,3360.0
Anomalia,0.0179,0.1161,0.0052,-0.592,3360.0
Anomalia,0.0226,0.1415,0.0184,-0.69,3360.0
Anomalia,0.0247,0.1454,0.0141,-0.796,3360.0
Anomalia,0.0087,0.1381,0.2355,-0.5417,3120.0
Anomalia,0.0097,0.1567,-0.0154,-0.2096,3360.0
Anomalia,0.0184,0.1612,0.2874,0.4413,3360.0
Anomalia,0.0184,0.1525,0.3426,1.0815,2880.0
Anomalia,0.0265,0.1654,0.0771,0.3319,3120.0
Anomalia,0.0291,0.1786,0.0719,-0.0206,2640.0
Anomalia,0.0058,0.19,-0.1424,-0.448,2640.0
Anomalia,0.0195,0.1992,-0.2664,-0.6793,2640.0
Anomalia,0.0162,0.1918,-0.2207,-0.4966,2640.0
Anomalia,0.0197,0.1745,-0.2423,-0.4821,2880.0
Anomalia,0.0305,0.1307,-0.1631,-0.3887,3360.0
Anomalia,0.0123,0.1324,-0.0998,-0.564,3360.0
Anomalia,0.0161,0.1417,-0.0832,-0.6991,2880.0
Anomalia,0.0158,0.1174,-0.1574,-0.2885,2640.0
Anomalia,0.0098,0.1396,-0.1702,-0.5906,3120.0
Anomalia,0.0256,0.1403,-0.1248,-0.4724,3120.0
Anomalia,0.0145,0.1297,0.0491,-0.2626,3120.0
Anomalia,0.0202,0.145,0.0137,-0.7473,3360.0
Anomalia,0.0254,0.1324,0.249,-0.8384,3360.0
Anomalia,0.0203,0.1155,0.132,-0.5056,3360.0
Anomalia,0.0231,0.1276,-0.1035,-0.6836,3360.0
Anomalia,0.021,0.1283,-0.136,-0.6265,2880.0
Anomalia,0.016,0.1411,-0.1665,-0.5803,2880.0
Anomalia,0.0126,0.1457,-0.036,-0.7176,2880.0
Anomalia,0.0122,0.1772,-0.2858,-0.3731,2640.0
Anomalia,0.0114,0.1746,-0.2597,-0.2526,3120.0
Anomalia,0.0183,0.1592,-0.421,0.4229,3120.0
Anomalia,0.0186,0.1508,-0.5377,1.0677,3120.0
Anomalia,0.0238,0.0943,0.0954,0.6819,2400.0
Anomalia,0.0255,0.0741,0.0111,-0.7703,2640.0
Anomalia,0.0112,0.0713,-0.191,-0.4228,2640.0
Anomalia,0.0158,0.0914,0.2053,-0.4161,2880.0
Anomalia,0.0149,0.1036,-0.0923,-0.2335,2880.0
Anomalia,0.013,0.1478,0.0234,-0.2703,2880.0
Anomalia,0.027,0.1726,-0.0377,-0.6308,2880.0
Anomalia,0.0172,0.1638,0.0761,-0.2774,2880.0
Anomalia,0.025,0.1642,0.1027,-0.2969,2640.0
Anomalia,0.024,0.1515,0.1251,-0.2629,3120.0
Anomalia,0.0189,0.1388,-0.0561,-0.4918,3120.0
Anomalia,0.0264,0.1502,-0.1459,-0.8978,2880.0
Anomalia,0.0135,0.144,-0.0867,-0.8434,2880.0
Anomalia,0.0083,0.1294,-0.1334,-0.762,2640.0
Anomalia,0.0114,0.1841,0.1759,0.2306,2640.0
Anomalia,0.02,0.1824,0.105,0.3847,2880.0
Anomalia,0.0252,0.1863,0.0344,0.1735,2880.0
Anomalia,0.0303,0.1775,0.0441,0.7182,2880.0
Anomalia,0.0232,0.1056,-0.0529,-0.3327,2880.0
Anomalia,0.0101,0.1074,-0.261,-0.7892,3360.0
Anomalia,0.0156,0.1047,-0.321,-0.5737,2640.0
Anomalia,0.0152,0.1149,-0.4008,-0.6137,3360.0
Anomalia,0.0261,0.1174,-0.3046,-0.487,2880.0
Anomalia,0.0214,0.1144,-0.1009,-0.6134,3360.0
Anomalia,0.0164,0.1342,0.0385,-0.6362,2880.0
Anomalia,0.0194,0.1291,0.156,-0.6155,2640.0
Anomalia,0.0105,0.1323,0.1616,-0.5933,2640.0
Anomalia,0.0226,0.1327,0.0071,-0.5621,3120.0
Anomalia,0.0207,0.1211,-0.204,-0.4959,3120.0
Anomalia,0.0159,0.1308,-0.1002,-0.7664,3120.0
Anomalia,0.023,0.1379,-0.0595,-0.9441,3360.0
Anomalia,0.0156,0.1313,0.0308,-0.7193,2880.0
Anomalia,0.0152,0.1275,0.0316,-0.6407,2880.0
Anomalia,0.0189,0.1217,-0.0783,-0.4509,3360.0
Anomalia,0.0129,0.1054,-0.3494,-0.0944,3120.0
Anomalia,0.0267,0.1234,-0.2049,-0.3274,3120.0
Anomalia,0.0284,0.1178,0.1711,-0.2965,2640.0
Anomalia,0.0183,0.1682,-0.3331,0.4243,2880.0
Anomalia,0.0226,0.1927,-0.2692,-0.4479,2880.0
Anomalia,0.0106,0.2129,-0.0566,-0.8255,2880.0
Anomalia,0.0132,0.213,-0.1024,-0.8319,2880.0
Anomalia,0.0269,0.2071,-0.0904,-0.6414,2880.0
Anomalia,0.0177,0.2092,-0.0821,-0.5177,2880.0
Anomalia,0.0149,0.1969,-0.1566,-0.3601,2640.0
Anomalia,0.0102,0.1955,-0.1179,-0.3379,2880.0
Anomalia,0.0054,0.1683,-0.0921,-0.4384,2880.0
Anomalia,0.0211,0.1436,0.0109,-0.5868,3120.0
Anomalia,0.0233,0.1116,0.2493,-0.0157,3360.0
Anomalia,0.0255,0.1061,0.3179,0.4076,2880.0
Anomalia,0.0214,0.086,0.7472,1.1499,3120.0
Anomalia,0.0121,0.0947,-0.0368,0.4985,3360.0
Anomalia,0.0154,0.1028,-0.078,-0.1073,3360.0
Anomalia,0.0172,0.1191,-0.3022,-0.1922,3360.0
Anomalia,0.0185,0.1327,-0.2802,-0.6591,3360.0
Anomalia,0.0256,0.1252,-0.3406,-0.5184,2880.0
Anomalia,0.0188,0.142,-0.2211,-0.7811,2880.0
Anomalia,0.0183,0.1343,-0.0699,-0.8587,2880.0
Anomalia,0.0229,0.1324,-0.0866,-0.8142,2880.0
Anomalia,0.0057,0.1402,-0.0747,-0.8163,2880.0
Anomalia,0.0126,0.1519,-0.0429,-0.623,2880.0
Anomalia,0.0128,0.1579,-0.0735,-0.798,2640.0
Anomalia,0.0125,0.1809,-0.0431,-1.0206,3360.0
Anomalia,0.0235,0.1705,-0.1073,-0.723,2880.0
Anomalia,0.023,0.1506,-0.1467,-0.5275,2880.0
Anomalia,0.0147,0.1419,0.032,-0.2619,2880.0
Anomalia,0.018,0.1071,0.2478,-0.4676,2880.0
Anomalia,0.0204,0.1052,0.2464,-0.6516,2880.0
Anomalia,0.0165,0.0948,0.3938,-0.6309,2880.0
Anomalia,0.0187,0.1041,-0.0101,-0.7307,2880.0
Anomalia,0.0119,0.117,-0.1877,-0.7899,2880.0
Anomalia,0.0173,0.1407,0.1718,-0.662,2880.0
Anomalia,0.0155,0.1415,0.1991,-0.6933,2880.0
Anomalia,0.0283,0.1598,0.1337,-0.9658,2880.0
Anomalia,0.0249,0.1613,0.1389,-0.9679,3120.0
Anomalia,0.0126,0.1546,0.0294,-1.0795,3120.0
Anomalia,0.0246,0.1604,-0.1337,-1.1768,3120.0
Anomalia,0.0065,0.1385,-0.1397,-1.0271,2880.0
Anomalia,0.0192,0.1465,-0.0171,-0.9006,2640.0
Anomalia,0.027,0.1381,0.0496,-0.6726,3120.0
Anomalia,0.0061,0.1382,0.2457,-0.6516,3360.0
Anomalia,0.0241,0.1404,0.1237,-0.8149,3360.0
Anomalia,0.0186,0.1138,0.0521,-0.8104,3360.0
Anomalia,0.016,0.1084,-0.0895,-0.8135,3360.0
Anomalia,0.0266,0.1047,-0.0179,-0.9578,3360.0
Anomalia,0.0171,0.0995,-0.0012,-0.947,3360.0
Anomalia,0.013,0.0965,-0.0196,-0.8703,3120.0
Anomalia,0.0157,0.1141,0.1883,-0.6546,3120.0
Anomalia,0.0194,0.1197,0.238,-0.2069,2640.0
Anomalia,0.02,0.1269,0.192,-0.4434,3360.0
Anomalia,0.0281,0.1399,-0.0487,-0.7479,2880.0
Anomalia,0.0176,0.1345,-0.0563,-0.5378,2880.0
Anomalia,0.02,0.1482,0.059,-0.7649,3360.0
Anomalia,0.0188,0.1693,-0.0908,-0.8136,2880.0
Anomalia,0.0146,0.166,0.0339,-0.776,2880.0
Anomalia,0.0212,0.1659,-0.0305,-0.8175,2640.0
Anomalia,0.0151,0.1452,-0.132,-0.4123,2640.0
Anomalia,0.0231,0.1122,0.0188,-0.7707,2880.0
Anomalia,0.01,0.1147,-0.252,-0.6112,3120.0
Anomalia,0.0167,0.117,-0.2006,-0.7416,3120.0
Anomalia,0.016,0.117,-0.2076,-0.7087,3120.0
Anomalia,0.0128,0.1354,-0.0239,-1.0274,2880.0
Anomalia,0.0279,0.1403,-0.0383,-1.1303,2880.0
Anomalia,0.0217,0.153,-0.0812,-0.9945,2640.0
Anomalia,0.0153,0.1764,-0.0873,-1.253,2880.0
Anomalia,0.0202,0.167,-0.2022,-1.0287,2880.0
Anomalia,0.0183,0.1612,-0.2041,-0.9089,3120.0
Anomalia,0.0178,0.1557,-0.1779,-0.9498,2640.0
Anomalia,0.0363,0.1386,-0.1334,-0.9252,2880.0
Anomalia,0.0178,0.1424,-0.0572,-1.0002,2880.0
Anomalia,0.0111,0.1372,0.0748,-0.8867,3120.0
Anomalia,0.0191,0.1239,0.0319,-0.7415,3360.0
Anomalia,0.0078,0.1122,-0.0874,-0.686,3360.0
Anomalia,0.0226,0.0994,0.108,-0.7204,3360.0
Anomalia,0.0332,0.1061,-0.3037,-0.4603,3360.0
Anomalia,0.0187,0.1149,-0.3409,-0.5117,3360.0
Anomalia,0.0152,0.1264,-0.0939,-0.6743,3120.0
Anomalia,0.0157,0.1488,-0.0228,-0.9559,3360.0
Anomalia,0.0113,0.1713,0.0144,-1.0183,3360.0
Anomalia,0.022,0.1885,-0.0453,-1.0193,3360.0
Anomalia,0.0249,0.1911,-0.1329,-1.0833,3360.0
Anomalia,0.0238,0.1928,-0.1108,-1.0883,3120.0
Anomalia,0.0247,0.1759,-0.016,-0.9418,2880.0
Anomalia,0.012,0.1616,-0.0889,-0.9291,2880.0
Anomalia,0.0197,0.1558,-0.1829,-0.7126,2640.0
Anomalia,0.009,0.1455,-0.2174,-0.7112,3360.0
Anomalia,0.0155,0.135,-0.494,-0.2602,3360.0
Anomalia,0.0292,0.1274,-0.3273,-0.5577,2880.0
Anomalia,0.0165,0.1174,-0.1518,-0.4176,3360.0
Anomalia,0.0314,0.1072,-0.0534,-0.6751,3360.0
Anomalia,0.0144,0.1264,-0.1665,-0.6343,3360.0
Anomalia,0.0111,0.1269,-0.0374,-0.4177,3360.0
Anomalia,0.0272,0.1466,-0.1133,-0.8083,3360.0
Anomalia,0.0171,0.1605,-0.0723,-0.9909,2880.0
Anomalia,0.0237,0.1592,-0.0452,-1.0265,2880.0
Anomalia,0.027,0.156,-0.116,-1.0045,2880.0
Anomalia,0.0116,0.1571,-0.1072,-1.1125,2880.0
Anomalia,0.014,0.1379,-0.0848,-0.8675,2880.0
Anomalia,0.0189,0.1272,-0.089,-0.6794,2880.0
Anomalia,0.0134,0.1162,-0.0885,-0.3576,2880.0
Anomalia,0.02,0.0922,0.2445,-0.5062,3120.0
Anomalia,0.0156,0.1135,-0.0822,-0.3101,2880.0
Anomalia,0.0106,0.1063,-0.1755,-0.1139,2880.0
Anomalia,0.0178,0.143,0.0583,-0.1971,2640.0
Anomalia,0.0214,0.1591,0.0604,-0.7451,3120.0
Anomalia,0.0217,0.1495,0.1524,-0.5326,2880.0
Anomalia,0.0243,0.1482,0.1277,-0.4465,3120.0
Anomalia,0.0181,0.1306,0.1714,-0.7154,2880.0
Anomalia,0.0117,0.1088,0.1628,-0.2316,2880.0
Anomalia,0.0252,0.107,0.1816,-0.2492,2640.0
Anomalia,0.0129,0.1202,0.0113,-0.4517,3120.0
Anomalia,0.0241,0.1227,0.1132,-0.3666,3120.0
Anomalia,0.0184,0.1256,0.1578,-0.5222,3360.0
Anomalia,0.0154,0.134,0.2044,-0.7213,3360.0
Anomalia,0.0245,0.1414,0.0522,-0.8097,3360.0
Anomalia,0.0152,0.1286,-0.1635,-0.669,3360.0
Anomalia,0.0289,0.1272,-0.3824,-0.3937,3360.0
Anomalia,0.0188,0.1515,-0.5067,0.0375,2880.0
Anomalia,0.0195,0.1619,-0.3495,-0.3188,2880.0
Anomalia,0.0136,0.1653,-0.2484,-0.5044,2640.0
Anomalia,0.0146,0.1779,-0.1156,-0.7762,2640.0
Anomalia,0.0154,0.1463,0.0869,-0.5272,2640.0
Anomalia,0.0221,0.1193,0.0608,0.0135,3360.0
Anomalia,0.0239,0.1088,0.3132,0.3839,3360.0
Anomalia,0.0152,0.0794,0.0192,-0.9044,2880.0
Anomalia,0.0146,0.0877,-0.241,-0.1386,3360.0
Anomalia,0.0107,0.1309,0.0664,0.801,3360.0
Anomalia,0.0183,0.1318,-0.09,0.7853,3360.0
Anomalia,0.0242,0.1393,-0.1271,0.2798,2880.0
Anomalia,0.0262,0.1557,-0.1566,-0.322,2880.0
Anomalia,0.024,0.118,-0.1853,-0.0412,2880.0
Anomalia,0.0107,0.1142,0.0789,0.0894,2880.0
Anomalia,0.0155,0.1153,0.0279,0.0371,2880.0
Anomalia,0.0127,0.0925,0.2102,0.0836,2880.0
Anomalia,0.0236,0.1129,0.4101,0.2185,2880.0
Anomalia,0.029,0.1274,0.1462,-0.5152,2880.0
Anomalia,0.0155,0.1232,0.2739,-0.3929,2880.0
Anomalia,0.0179,0.1183,0.3728,-0.3557,2880.0
Anomalia,0.0149,0.0978,0.0203,-0.624,2640.0
Anomalia,0.016,0.076,-0.0277,-0.2909,2640.0
Anomalia,0.026,0.0686,-0.0456,0.5239,2640.0
Anomalia,0.0268,0.0877,-0.8734,3.0334,2880.0
Anomalia,0.0136,0.1067,-0.1519,1.0192,3360.0
Anomalia,0.021,0.1191,-0.1611,0.0703,3120.0
Anomalia,0.0148,0.127,-0.051,-0.5342,3120.0
Anomalia,0.0188,0.1215,0.3567,-0.4049,3120.0
Anomalia,0.0275,0.1343,-0.1593,0.2788,3360.0
Anomalia,0.0151,0.153,-0.156,0.117,3360.0
Anomalia,0.0153,0.1686,-0.0556,-0.4154,2640.0
Anomalia,0.0137,0.1634,-0.1626,-0.3053,2640.0
Anomalia,0.0118,0.166,-0.1095,-0.57,3360.0
Anomalia,0.0183,0.1482,-0.0298,-0.488,3360.0
Anomalia,0.0203,0.1409,-0.1962,-0.3944,3360.0
Anomalia,0.0203,0.1402,-0.1959,-0.3596,3360.0
Anomalia,0.0179,0.131,-0.1017,-0.618,3360.0
Anomalia,0.0182,0.1334,-0.1414,-0.6139,2880.0
Anomalia,0.0159,0.137,-0.0564,-0.6207,2640.0
Anomalia,0.0195,0.1411,-0.0614,-0.7854,2640.0
Anomalia,0.0168,0.1564,-0.1106,-0.5747,2880.0
Anomalia,0.0224,0.1617,-0.0623,-0.6929,2880.0
Anomalia,0.027,0.1442,-0.1157,-0.0098,2880.0
Anomalia,0.0179,0.1584,0.0754,-0.3385,3120.0
Anomalia,0.0176,0.195,-0.1345,0.2217,2640.0
Anomalia,0.0114,0.1948,-0.1581,0.169,2880.0
Anomalia,0.0184,0.2129,-0.1034,-0.517,2880.0
Anomalia,0.016,0.2103,-0.103,-0.4959,2880.0
Anomalia,0.0204,0.1943,0.003,-0.8153,2880.0
Anomalia,0.016,0.1875,0.0886,-0.6351,2640.0
Anomalia,0.0086,0.1688,0.0526,0.0232,2640.0
Anomalia,0.0193,0.1613,-0.0978,0.3811,2640.0
Anomalia,0.0206,0.1076,0.0344,-0.9115,3360.0
Anomalia,0.0221,0.0972,0.0836,-0.6664,3360.0
Anomalia,0.0176,0.0892,0.1293,-0.2314,3360.0
Anomalia,0.0122,0.0774,0.1237,0.1343,3120.0
Anomalia,0.0152,0.0611,0.402,0.1997,3360.0
Anomalia,0.0227,0.0774,0.2005,0.0495,3360.0
Anomalia,0.0212,0.083,0.0953,-0.3005,3360.0
Anomalia,0.019,0.0959,-0.4313,-0.1106,3360.0
Anomalia,0.0208,0.1121,-0.128,-0.5225,3360.0
Anomalia,0.0113,0.1116,0.1041,-0.5752,2640.0
Anomalia,0.0254,0.1213,0.0116,-0.8606,2640.0
Anomalia,0.0271,0.1186,0.1892,-1.0349,2880.0
Anomalia,0.0122,0.1136,0.0557,-0.7978,2880.0
Anomalia,0.0205,0.1558,0.1228,-0.4159,2640.0
Anomalia,0.007,0.1493,0.2937,-0.0852,2640.0
Anomalia,0.017,0.1564,0.1843,-0.3998,2880.0
Anomalia,0.023,0.1564,0.1646,-0.4897,2880.0
Anomalia,0.0183,0.1186,0.1139,-1.0171,3120.0
Anomalia,0.0209,0.1363,0.0324,-1.2619,3120.0
Anomalia,0.0133,0.1361,-0.0458,-1.1583,3360.0
Anomalia,0.018,0.145,-0.1021,-1.2578,3360.0
Anomalia,0.0173,0.1435,-0.1504,-1.1171,2880.0
Anomalia,0.0184,0.1524,-0.2168,-0.7277,2880.0
Anomalia,0.019,0.1458,-0.1637,-0.6109,3360.0
Anomalia,0.024,0.1391,-0.0378,-0.1721,3360.0
Anomalia,0.0252,0.1325,0.027,0.0854,3360.0
Anomalia,0.024,0.1103,0.2314,-0.3855,3120.0
Anomalia,0.0198,0.1271,0.0909,-0.3223,3120.0
Anomalia,0.0122,0.1735,0.0003,-0.1663,2880.0
Anomalia,0.0151,0.1861,-0.0687,-0.626,2880.0
Anomalia,0.0143,0.1952,0.0084,-0.8444,2640.0
Anomalia,0.0287,0.1798,-0.1776,-0.2265,2640.0
Anomalia,0.0212,0.1321,-0.1405,-0.2833,3120.0
Anomalia,0.0152,0.1288,-0.0263,-0.4309,2640.0
Anomalia,0.0199,0.1594,0.1147,0.0152,2880.0
Anomalia,0.0119,0.1627,0.2759,-0.1503,2880.0
Anomalia,0.0186,0.1597,0.2545,-0.0108,2880.0
Anomalia,0.0262,0.1522,0.2252,0.4214,3360.0
Anomalia,0.019,0.094,0.3582,-0.3629,3360.0
Anomalia,0.0178,0.095,0.1056,-0.8089,2880.0
Anomalia,0.0213,0.1157,0.0269,-0.6302,3360.0
Anomalia,0.0108,0.1097,0.1949,-0.4379,3120.0
Anomalia,0.0204,0.129,0.2089,-0.6472,3360.0
Anomalia,0.0192,0.1366,0.0402,-0.6405,2880.0
Anomalia,0.0195,0.143,0.0522,-0.3826,2640.0
Anomalia,0.0221,0.1491,-0.0285,-0.5645,2640.0
Anomalia,0.0156,0.1307,-0.1254,0.0768,2880.0
Anomalia,0.0147,0.1305,0.0951,-0.1386,3120.0
Anomalia,0.0112,0.1228,0.2974,-0.3074,2640.0
Anomalia,0.0207,0.1147,0.241,-0.0562,2880.0
Anomalia,0.0176,0.1198,0.2435,-0.4071,2880.0
Anomalia,0.0173,0.1243,0.2663,-0.4212,3120.0
Anomalia,0.0166,0.1119,0.1488,-0.4609,2880.0
Anomalia,0.0106,0.1098,0.3487,-0.2877,2880.0
Anomalia,0.0112,0.143,0.1285,-0.2965,2880.0
Anomalia,0.0254,0.1394,-0.0052,-0.1083,2880.0
Anomalia,0.0229,0.1502,-0.1021,-0.5026,2880.0
Anomalia,0.015,0.1567,-0.0701,-0.8062,2880.0
Anomalia,0.0253,0.1421,-0.1099,-0.8933,2880.0
Anomalia,0.0095,0.1648,-0.088,-0.8754,2640.0
Anomalia,0.0195,0.1612,-0.0413,-0.6384,2640.0
Anomalia,0.0267,0.1619,-0.062,-0.6549,2880.0
Anomalia,0.0139,0.1529,0.0364,-0.5142,2880.0
Anomalia,0.0153,0.1199,0.3989,-0.5735,2880.0
Anomalia,0.0141,0.1266,0.2285,-0.8989,2880.0
Anomalia,0.0065,0.1251,0.2336,-0.8801,2880.0
Anomalia,0.0218,0.1186,0.0565,-0.6472,2880.0
Anomalia,0.0217,0.1125,-0.0013,-0.3865,2640.0
Anomalia,0.0116,0.0934,-0.3703,-0.9351,3120.0
Anomalia,0.0251,0.0821,-0.4896,-0.3122,3120.0
Anomalia,0.0103,0.0902,-0.3315,-0.3485,2880.0
Anomalia,0.0237,0.1265,0.2881,0.4023,3360.0
Anomalia,0.0221,0.156,0.2114,0.1016,3120.0
Anomalia,0.0192,0.1609,0.2363,-0.1821,3360.0
Anomalia,0.0184,0.1653,0.1903,-0.3666,2880.0
Anomalia,0.0108,0.1405,0.0285,0.2893,3360.0
Anomalia,0.0176,0.1465,-0.143,0.2477,3120.0
Anomalia,0.0168,0.1554,-0.1195,-0.1844,2640.0
Anomalia,0.0211,0.1524,-0.138,-0.0371,2640.0
Anomalia,0.0137,0.1675,0.0183,-0.6775,3360.0
Anomalia,0.0169,0.1402,0.1433,-0.8707,3360.0
Anomalia,0.0144,0.1322,0.1943,-0.8285,3360.0
Anomalia,0.0215,0.1448,0.3094,-0.6802,3120.0
Anomalia,0.0189,0.1531,0.1019,-0.4865,2880.0
Anomalia,0.018,0.171,0.0117,-0.7934,2880.0
Anomalia,0.0268,0.17,-0.0911,-0.6834,2880.0
Anomalia,0.0161,0.1514,-0.1127,-0.2764,2880.0
Anomalia,0.0206,0.1556,0.0031,-0.2198,3360.0
Anomalia,0.0215,0.1622,-0.0316,-0.3363,3120.0
Anomalia,0.009,0.1656,0.1082,-0.5452,2880.0
Anomalia,0.0204,0.1754,-0.0394,-0.8947,2880.0
Anomalia,0.0199,0.1511,-0.0419,-0.6762,2880.0
Anomalia,0.0176,0.1066,-0.0759,-0.7214,2880.0
Anomalia,0.0146,0.1078,-0.3001,-0.3078,2880.0
Anomalia,0.008,0.1341,0.1575,0.5629,2880.0
Anomalia,0.0092,0.1323,0.1464,0.7407,2880.0
Anomalia,0.0248,0.1609,0.1898,-0.3186,2880.0
Anomalia,0.0237,0.155,0.3773,-0.1594,3360.0
Anomalia,0.024,0.1194,0.6809,0.6129,3360.0
Anomalia,0.0209,0.1176,0.794,0.7758,3360.0
Anomalia,0.0048,0.0904,0.3225,-0.2376,2880.0
Anomalia,0.0189,0.0976,0.1424,-0.6247,3120.0
Anomalia,0.0206,0.0978,0.0813,-0.6391,3120.0
Anomalia,0.0229,0.1166,0.0753,-0.4041,3120.0
Anomalia,0.0268,0.1156,0.1987,-0.2152,2880.0
Anomalia,0.0161,0.1244,0.1232,-0.2718,3360.0
Anomalia,0.0137,0.1344,0.0629,-0.678,3360.0
Anomalia,0.0163,0.1306,-0.021,-0.8589,3360.0
Anomalia,0.0133,0.1421,-0.0748,-1.0775,3360.0
Anomalia,0.0255,0.133,-0.1114,-0.9106,2640.0
Anomalia,0.0211,0.1421,-0.0426,-0.8555,2880.0
Anomalia,0.0191,0.1627,-0.0558,-0.8885,2880.0
Anomalia,0.0217,0.1545,-0.0491,-0.6583,2880.0
Anomalia,0.0069,0.1484,0.1273,-0.441,2880.0
Anomalia,0.0201,0.1398,0.0888,-0.2379,2880.0
Anomalia,0.0211,0.1188,0.2527,-0.4939,2880.0
Anomalia,0.0169,0.1139,0.3066,-0.5048,3120.0
Anomalia,0.0291,0.1224,0.1354,-0.7696,3120.0
Anomalia,0.008,0.1398,-0.1167,-0.6362,3120.0
Anomalia,0.0111,0.1492,0.0307,-0.4852,2880.0
Anomalia,0.0214,0.1585,-0.0436,-0.748,2880.0
Anomalia,0.022,0.1582,-0.0622,-0.7115,3120.0
Anomalia,0.0342,0.1639,0.0153,-0.5999,3120.0
Anomalia,0.0256,0.1506,-0.0247,-0.43,2640.0
Anomalia,0.0095,0.1394,0.1013,-0.0379,2880.0
Anomalia,0.0109,0.1686,0.1487,-0.5201,3120.0
Anomalia,0.021,0.1633,0.2605,-0.501,3120.0
Anomalia,0.0275,0.1864,0.2004,-0.7585,3120.0
Anomalia,0.0324,0.201,0.0344,-1.0575,2880.0
Anomalia,0.0207,0.1769,0.2026,-0.7086,3120.0
Anomalia,0.0176,0.2024,0.3481,-0.2008,2640.0
Anomalia,0.0106,0.1958,0.3359,0.2322,2880.0
Anomalia,0.0212,0.1808,0.3531,1.0613,2880.0
Anomalia,0.029,0.1937,0.2005,0.3043,2880.0
Anomalia,0.0186,0.1763,-0.1051,-0.4059,2880.0
Anomalia,0.0188,0.1671,-0.0746,-0.879,2880.0
Anomalia,0.0158,0.1654,-0.062,-0.8623,2880.0
Anomalia,0.008,0.1457,-0.0176,-0.2443,3120.0
Anomalia,0.021,0.1056,-0.3095,-0.1842,3360.0
Anomalia,0.0222,0.1227,-0.5413,2.1903,3120.0
Anomalia,0.0177,0.1317,-0.4396,1.26,3120.0
Anomalia,0.0246,0.1408,-0.4728,0.6657,2880.0
Anomalia,0.0115,0.1643,-0.1309,-0.3371,2880.0
Anomalia,0.017,0.143,-0.0296,-0.4785,3360.0
Anomalia,0.0145,0.1403,-0.0369,-0.4803,3360.0
Anomalia,0.0121,0.1483,-0.0051,-0.6355,2880.0
Anomalia,0.0172,0.1259,-0.0962,-0.7502,2880.0
Anomalia,0.0162,0.1322,-0.1646,-0.9068,2880.0
Anomalia,0.0204,0.1336,-0.104,-0.9152,2880.0
Anomalia,0.0235,0.1254,-0.0342,-0.8188,2880.0
Anomalia,0.0225,0.1575,0.0443,-0.7972,2880.0
Anomalia,0.0261,0.1578,0.0904,-0.7425,2880.0
Anomalia,0.0171,0.1618,0.1608,-0.8654,2880.0
Anomalia,0.0189,0.1597,0.1098,-0.7896,2880.0
Anomalia,0.0194,0.1699,0.0577,-0.6542,3120.0
Anomalia,0.0152,0.1793,0.0292,-0.8626,2640.0
Anomalia,0.0251,0.1788,-0.0635,-0.8063,2880.0
Anomalia,0.029,0.1949,-0.0353,-1.0327,2880.0
Anomalia,0.0158,0.1883,-0.0975,-0.931,2880.0
Anomalia,0.0167,0.1782,-0.1025,-0.7041,2880.0
Anomalia,0.0084,0.1779,-0.055,-0.7379,2880.0
Anomalia,0.007,0.1671,-0.1557,-0.7128,2880.0
Anomalia,0.0297,0.1464,-0.0546,-0.9967,2640.0
Anomalia,0.0229,0.1402,0.0861,-0.9798,2640.0
Anomalia,0.0242,0.1276,0.2977,-0.6966,2880.0
Anomalia,0.0207,0.1044,0.4422,-0.1433,2880.0
Anomalia,0.0066,0.0848,0.3914,0.2787,3120.0
Anomalia,0.0198,0.0929,0.3975,-0.0809,3120.0
Anomalia,0.0308,0.1153,0.2718,-0.3421,3120.0
Anomalia,0.0218,0.1343,-0.0017,-0.6337,2880.0
Anomalia,0.0303,0.1382,-0.1133,-0.7587,2880.0
Anomalia,0.0157,0.1349,-0.0867,-0.7018,2880.0
Anomalia,0.0045,0.1259,-0.1974,-0.6249,2880.0
Anomalia,0.0178,0.1113,-0.2624,-0.5327,2880.0
Anomalia,0.0167,0.1057,-0.3875,-0.3512,2880.0
Anomalia,0.0165,0.1125,-0.1845,-0.2207,2400.0
Anomalia,0.0248,0.1305,0.204,0.0862,2640.0
Anomalia,0.0138,0.1299,0.4001,0.1176,2640.0
Anomalia,0.0157,0.133,0.4297,0.1021,2640.0
Anomalia,0.0173,0.1485,0.2612,-0.1625,3360.0
Anomalia,0.0125,0.1263,0.0738,0.242,3360.0
Anomalia,0.0228,0.129,-0.1767,0.222,3120.0
Anomalia,0.0201,0.1348,-0.1561,-0.2291,3360.0
Anomalia,0.02,0.1012,-0.1103,-0.3294,2880.0
Anomalia,0.0192,0.115,-0.2645,-0.352,2880.0
Anomalia,0.0096,0.1243,-0.0592,-0.3984,3360.0
Anomalia,0.0191,0.1231,-0.3972,-0.2321,2640.0
Anomalia,0.0169,0.1222,-0.3519,-0.2062,2640.0
Anomalia,0.0278,0.1126,-0.4709,0.1805,3120.0
Anomalia,0.0254,0.1016,-0.3838,-0.401,3120.0
Anomalia,0.0131,0.0881,-0.1023,-0.9198,3120.0
Anomalia,0.0214,0.1085,-0.3382,-0.3868,2640.0
Anomalia,0.0145,0.1285,-0.1043,-0.2733,2640.0
Anomalia,0.0179,0.1567,0.0296,-0.0426,2640.0
Anomalia,0.0226,0.177,0.121,-0.4117,2640.0
Anomalia,0.018,0.185,0.0542,-0.5008,3360.0
Anomalia,0.0114,0.1865,0.1003,-0.5941,2880.0
Anomalia,0.0243,0.1975,0.135,-0.7541,2880.0
Anomalia,0.0199,0.1805,0.1031,-0.4742,2880.0
Anomalia,0.0246,0.1708,0.2435,-0.4247,2880.0
Anomalia,0.0255,0.1513,0.4698,0.3573,2880.0
Anomalia,0.0105,0.0965,0.0629,-0.5709,2880.0
Anomalia,0.0161,0.1007,0.0242,-0.5858,2880.0
Anomalia,0.0195,0.0928,0.4252,0.2043,3600.0
Anomalia,0.0146,0.0934,0.3888,0.2599,3360.0
Anomalia,0.0272,0.1127,0.2817,-0.4424,3360.0
Anomalia,0.0161,0.1298,0.1737,-0.2946,3360.0
Anomalia,0.0185,0.1287,-0.0194,-0.4168,3360.0
Anomalia,0.0232,0.1379,-0.075,-0.6943,2640.0
Anomalia,0.0147,0.1473,-0.01,-0.7386,2640.0
Anomalia,0.0198,0.1437,-0.0121,-0.8063,2880.0
Anomalia,0.0114,0.1433,0.1512,-0.8172,2880.0
Anomalia,0.0173,0.1304,0.0917,-0.2819,2880.0
Anomalia,0.0215,0.1024,0.0411,0.3711,2880.0
Anomalia,0.0156,0.0851,-0.09,-0.1965,3120.0
Anomalia,0.0228,0.108,0.1261,0.7721,3120.0
Anomalia,0.0204,0.1245,0.2438,0.1084,2880.0
Anomalia,0.0118,0.1345,0.3819,-0.2955,2880.0
Anomalia,0.0271,0.1368,0.2796,-0.3859,3360.0
Anomalia,0.0184,0.1231,0.2835,-0.397,3360.0
Anomalia,0.0132,0.1328,-0.0468,-0.609,3360.0
Anomalia,0.0272,0.162,-0.1687,-0.099,2880.0
Anomalia,0.0185,0.1755,-0.1571,-0.3514,2880.0
Anomalia,0.0218,0.1771,-0.2075,-0.38,2880.0
Anomalia,0.0244,0.1611,-0.1345,0.2956,2880.0
Anomalia,0.0045,0.1229,-0.0531,0.6848,2880.0
Anomalia,0.0113,0.0918,-0.0667,-0.1838,3120.0
Anomalia,0.0139,0.0899,0.0401,-0.3607,2880.0
Anomalia,0.0112,0.1132,-0.1482,-0.0108,2640.0
Anomalia,0.0364,0.1347,0.012,-0.0107,2640.0
Anomalia,0.0182,0.1371,0.2718,-0.3183,2640.0
Anomalia,0.0186,0.1373,0.3865,-0.0995,2880.0
Anomalia,0.0238,0.1234,0.6097,0.0719,3360.0
Anomalia,0.0062,0.1204,0.3009,-0.4606,3360.0
Anomalia,0.0287,0.1326,0.2399,-0.5238,3360.0
Anomalia,0.0223,0.1612,-0.0311,-0.5215,2880.0
Anomalia,0.0228,0.1917,-0.0936,-0.6581,2880.0
Anomalia,0.0212,0.1963,-0.1519,-0.5628,2880.0
Anomalia,0.0068,0.1975,-0.112,-0.663,2880.0
Anomalia,0.0156,0.2172,-0.1585,-0.4892,3120.0
Anomalia,0.0148,0.2062,-0.1521,-0.4776,2640.0
Anomalia,0.021,0.2006,-0.1779,-0.4534,2880.0
Anomalia,0.024,0.1943,-0.1462,-0.2862,3360.0
Anomalia,0.0177,0.1426,-0.0403,-0.9731,3360.0
Anomalia,0.0118,0.1232,-0.2332,-0.6098,3360.0
Anomalia,0.0158,0.1401,0.0646,0.119,2880.0
Anomalia,0.0127,0.141,0.0517,0.0489,3360.0
Anomalia,0.027,0.1522,0.0171,-0.291,3360.0
Anomalia,0.0239,0.1533,0.2205,-0.558,3360.0
Anomalia,0.0208,0.1605,0.2033,-0.6287,3360.0
Anomalia,0.0224,0.1702,0.1265,-0.8125,3360.0
Anomalia,0.0088,0.1558,0.2351,-0.3044,3360.0
Anomalia,0.0133,0.1666,0.022,-0.5969,3360.0
Anomalia,0.0242,0.1498,-0.0425,-0.3233,3360.0
Anomalia,0.0246,0.1339,0.0398,0.2253,3120.0
Anomalia,0.0215,0.1383,0.031,-0.0524,2880.0
Anomalia,0.0236,0.1382,0.0965,0.0747,2640.0
Anomalia,0.0044,0.1377,-0.2236,-0.2617,2640.0
Anomalia,0.0161,0.1397,-0.4098,-0.2215,2880.0
Anomalia,0.0185,0.1519,-0.4218,-0.5057,3120.0
Anomalia,0.0223,0.1456,-0.4625,-0.4719,3120.0
Anomalia,0.0271,0.1318,-0.3413,-0.4403,3360.0
Anomalia,0.0113,0.1398,-0.0635,-0.8227,3360.0
Anomalia,0.0186,0.1304,-0.0576,-0.715,2640.0
Anomalia,0.0175,0.1103,-0.0275,-0.2322,2640.0
Anomalia,0.0163,0.108,-0.2352,0.0138,3120.0
Anomalia,0.0219,0.1429,-0.0361,0.6803,3120.0
Anomalia,0.0173,0.138,0.1009,1.0111,3120.0
Anomalia,0.0192,0.1498,0.0648,0.1409,3360.0
Anomalia,0.0219,0.1541,0.0933,-0.1654,3360.0
Anomalia,0.0266,0.1153,0.0337,-0.7756,3360.0
Anomalia,0.0198,0.1247,-0.2141,-0.8351,3360.0
Anomalia,0.0223,0.1548,-0.1625,0.4318,3360.0
Anomalia,0.013,0.1754,-0.0958,-0.1455,2880.0
Anomalia,0.0189,0.1868,-0.0629,-0.534,2880.0
Anomalia,0.0179,0.1878,-0.0479,-0.583,2880.0
Anomalia,0.0098,0.1621,0.0315,-0.795,3120.0
Anomalia,0.0231,0.1321,0.0036,-0.7873,3120.0
Anomalia,0.0131,0.1069,-0.2842,-0.4748,3120.0
Anomalia,0.0234,0.0935,-0.1616,-0.7627,3120.0
Anomalia,0.0251,0.0828,-0.2496,-0.3975,3120.0
Anomalia,0.0165,0.0971,-0.0338,0.1377,3360.0
Anomalia,0.0141,0.1086,0.1576,-0.2348,3360.0
Anomalia,0.0183,0.1173,0.2884,-0.4433,3360.0
Anomalia,0.0237,0.1646,0.1174,-0.2524,2880.0
Anomalia,0.0263,0.2087,-0.0801,-0.486,2880.0
Anomalia,0.0181,0.2199,-0.0458,-0.8542,2880.0
Anomalia,0.0174,0.2233,-0.0269,-0.9512,2880.0
Anomalia,0.0147,0.2165,-0.0681,-0.9204,3120.0
Anomalia,0.0188,0.1818,-0.0819,-1.0833,3120.0
Anomalia,0.0285,0.1707,-0.1171,-0.8521,3120.0
Anomalia,0.0129,0.1619,-0.015,-0.6504,3120.0
Anomalia,0.0175,0.1488,0.0839,-1.0186,2880.0
Anomalia,0.0176,0.1673,0.0414,-0.8576,2880.0
Anomalia,0.0214,0.1635,-0.0243,-0.704,2640.0
Anomalia,0.0355,0.173,-0.1163,-0.8785,2880.0
Anomalia,0.0215,0.1651,0.0139,-0.6905,2880.0
Anomalia,0.0202,0.1323,0.129,-0.5763,2880.0
Anomalia,0.0126,0.1707,-0.0154,-0.2356,3360.0
Anomalia,0.0094,0.1632,-0.0232,0.0882,3360.0
Anomalia,0.0225,0.1517,-0.2312,0.8456,3360.0
Anomalia,0.0265,0.1472,-0.3559,1.2706,2880.0
Anomalia,0.0199,0.1001,-0.0795,-0.2285,3600.0
Anomalia,0.022,0.1032,-0.3699,-0.486,3360.0
Anomalia,0.018,0.0979,-0.3003,-0.2542,3360.0
Anomalia,0.0128,0.1082,-0.0734,-0.4568,3360.0
Anomalia,0.0279,0.1227,-0.018,-0.2955,3360.0
Anomalia,0.0179,0.1287,-0.0819,-0.3094,3360.0
Anomalia,0.0194,0.1348,-0.0797,-0.6482,3360.0
Anomalia,0.02,0.1488,-0.0568,-0.8452,2880.0
Anomalia,0.0146,0.1327,-0.0935,-0.5695,2880.0
Anomalia,0.0163,0.1424,-0.1193,-0.7068,2880.0
Anomalia,0.0253,0.1472,-0.188,-0.7595,2880.0
Anomalia,0.02,0.1281,-0.2704,-0.4259,3120.0
Anomalia,0.0299,0.144,-0.1446,-0.7796,3120.0
Anomalia,0.0287,0.1158,0.3433,-0.5439,3120.0
Anomalia,0.014,0.1213,0.2525,-0.4885,2880.0
Anomalia,0.0161,0.1603,-0.155,0.396,2640.0
Anomalia,0.0057,0.1666,-0.1019,0.2194,2640.0
Anomalia,0.0241,0.1887,-0.1963,-0.4231,2640.0
Anomalia,0.0256,0.2084,-0.2924,-0.6339,2640.0
Anomalia,0.0241,0.2086,-0.2229,-0.9407,2880.0
Anomalia,0.0267,0.2069,-0.2629,-0.9606,2880.0
Anomalia,0.0085,0.199,-0.1667,-1.0079,2880.0
Anomalia,0.0115,0.1905,-0.0696,-1.1209,3120.0
Anomalia,0.0269,0.175,-0.015,-0.9738,3120.0
Anomalia,0.0181,0.156,0.1561,-0.4204,3120.0
Anomalia,0.0247,0.1445,0.2361,0.0371,3120.0
Anomalia,0.0244,0.1177,0.5467,0.7904,3120.0
Anomalia,0.009,0.1058,0.0276,-0.5877,2880.0
Anomalia,0.0193,0.1105,-0.1305,-0.7168,3360.0
Anomalia,0.0189,0.1203,-0.2447,-0.6654,2880.0
Anomalia,0.0132,0.1145,-0.1606,-0.4616,3360.0
Anomalia,0.0298,0.1022,-0.24,-0.0584,3360.0
Anomalia,0.0206,0.1256,-0.4468,0.1518,3360.0
Anomalia,0.0193,0.1139,-0.4695,0.6527,3120.0
Anomalia,0.0261,0.1187,-0.7112,0.5901,2880.0
Anomalia,0.008,0.1249,-0.3749,-0.164,2880.0
Anomalia,0.0149,0.1144,-0.1103,-0.5918,3360.0
Anomalia,0.0152,0.1162,-0.1423,-0.662,2640.0
Anomalia,0.0146,0.1384,-0.037,-0.7913,3360.0
Anomalia,0.0213,0.1412,-0.1179,-0.7688,2880.0
Anomalia,0.0175,0.1303,-0.1136,-0.514,2880.0
Anomalia,0.0136,0.1304,0.006,-0.5602,2880.0
Anomalia,0.0155,0.1337,0.0925,-0.5863,2880.0
Anomalia,0.0172,0.1373,0.1886,-0.7239,2880.0
Anomalia,0.0235,0.1358,0.0788,-0.6002,2880.0
Anomalia,0.0181,0.1533,-0.2014,-0.6572,2880.0
Anomalia,0.0129,0.1543,-0.2616,-0.7253,2880.0
Anomalia,0.0217,0.1695,-0.0191,-0.5089,2880.0
Anomalia,0.0122,0.1681,0.1442,-0.4749,2880.0
Anomalia,0.0249,0.1749,0.1632,-0.7753,3120.0
Anomalia,0.0297,0.1644,0.2501,-0.633,3360.0
Anomalia,0.0105,0.1576,-0.0433,-0.923,3120.0
Anomalia,0.0287,0.1692,-0.2059,-1.0965,2880.0
Anomalia,0.0158,0.1428,-0.0289,-0.7559,2880.0
Anomalia,0.0138,0.1574,0.0373,-0.6452,3120.0
Anomalia,0.028,0.1397,0.0541,-0.1944,2640.0
Anomalia,0.0038,0.1468,0.0628,-0.5267,2880.0
Anomalia,0.0158,0.1543,-0.062,-0.7359,3360.0
Anomalia,0.0249,0.1567,0.0763,-0.6963,3360.0
Anomalia,0.017,0.1491,0.246,-0.3955,3360.0
Anomalia,0.0264,0.1313,0.4823,0.2785,2880.0
Anomalia,0.0225,0.122,0.5778,0.9341,2880.0
Anomalia,0.0075,0.0952,-0.2872,0.1386,2880.0
Anomalia,0.0173,0.1082,-0.0697,-0.0873,2880.0
Anomalia,0.0215,0.1059,-0.1609,0.1735,2640.0
Anomalia,0.0173,0.1177,-0.127,-0.436,2880.0
Anomalia,0.0292,0.1224,0.0969,-0.4135,2880.0
Anomalia,0.0129,0.1224,0.0809,-0.5328,3360.0
Anomalia,0.0161,0.1308,0.0963,-0.8926,3360.0
Anomalia,0.0184,0.1225,0.1652,-0.6698,3360.0
Anomalia,0.0124,0.1102,0.1175,-0.9205,3360.0
Anomalia,0.0238,0.1149,0.1978,-1.0062,2880.0
Anomalia,0.015,0.102,0.4084,-0.4199,2640.0
Anomalia,0.0206,0.0975,0.3574,-0.108,2640.0
Anomalia,0.015,0.1035,0.2204,-0.006,3120.0
Anomalia,0.0119,0.0971,0.2327,0.2191,3120.0
Anomalia,0.0174,0.0969,0.0728,0.2709,3120.0
Anomalia,0.0179,0.104,-0.0565,-0.1716,3120.0
Anomalia,0.0238,0.1052,-0.1457,-0.3269,3120.0
Anomalia,0.0233,0.1102,-0.2808,-0.4979,2880.0
Anomalia,0.0135,0.1374,-0.2296,-0.9954,2880.0
Anomalia,0.0141,0.1497,-0.0981,-1.2394,2880.0
Anomalia,0.0155,0.1529,-0.0577,-1.2999,2880.0
Anomalia,0.0177,0.1659,-0.0737,-1.2436,2640.0
Anomalia,0.0311,0.1569,-0.0723,-1.1582,2880.0
Anomalia,0.0163,0.16,-0.0233,-1.1851,3120.0
Anomalia,0.0101,0.1481,0.0242,-0.8811,3120.0
Anomalia,0.0112,0.1364,-0.0142,-1.009,3360.0
Anomalia,0.0081,0.1563,0.1473,-0.6938,3360.0
Anomalia,0.023,0.1452,0.1185,-0.4305,2880.0
Anomalia,0.0268,0.1512,0.0285,-0.6725,2880.0
Anomalia,0.0231,0.1509,0.1393,-0.6865,3360.0
Anomalia,0.0138,0.1267,-0.0131,-0.9446,3120.0
Anomalia,0.0166,0.1463,0.0095,-0.8354,3360.0
Anomalia,0.0135,0.1582,0.0356,-0.9707,3360.0
Anomalia,0.0184,0.1868,-0.0252,-0.5225,3360.0
Anomalia,0.0288,0.2011,-0.1187,-0.7766,3360.0
Anomalia,0.015,0.1988,-0.0076,-0.8047,3360.0
Anomalia,0.0244,0.1851,-0.1323,-0.3052,2880.0
Anomalia,0.0058,0.1687,-0.3339,-0.2511,2640.0
Anomalia,0.0145,0.1707,-0.1476,0.0337,2640.0
Anomalia,0.0121,0.1558,-0.1382,0.7795,2640.0
Anomalia,0.0137,0.1609,-0.0909,0.4415,2880.0
Anomalia,0.0294,0.1646,0.1536,-0.3336,3360.0
Anomalia,0.0142,0.1367,0.01,-0.0792,3360.0
Anomalia,0.021,0.1602,-0.182,-0.1958,3360.0
Anomalia,0.012,0.1675,-0.0219,-0.4297,3360.0
Anomalia,0.0146,0.1411,-0.1087,0.2497,3360.0
Anomalia,0.0209,0.1487,-0.134,-0.1253,3360.0
Anomalia,0.0236,0.1248,0.1953,-0.5331,2640.0
Anomalia,0.0192,0.1277,-0.0817,-0.7135,2880.0
Anomalia,0.0145,0.1287,-0.0353,-0.7804,2880.0
Anomalia,0.0156,0.1568,0.048,-0.6874,2880.0
Anomalia,0.0111,0.153,0.0845,-0.5838,3360.0
Anomalia,0.0171,0.1496,0.1043,-0.4866,3120.0
Anomalia,0.0181,0.1481,0.1219,-0.4167,3120.0
Anomalia,0.022,0.1277,0.4248,-0.0397,3120.0
Anomalia,0.0162,0.1314,0.3506,-0.1155,2640.0
Anomalia,0.018,0.1186,0.499,0.2892,2640.0
Anomalia,0.0211,0.146,0.4118,-0.032,2640.0
Anomalia,0.0152,0.1385,0.2618,-0.1474,2640.0
Anomalia,0.024,0.1293,0.334,0.4134,2880.0
Anomalia,0.014,0.1276,0.4276,0.5863,2640.0
Anomalia,0.016,0.124,0.2061,-0.1138,2640.0
Anomalia,0.01,0.1115,0.2877,0.5866,2640.0
Anomalia,0.0174,0.118,0.1939,0.1638,2640.0
Anomalia,0.0154,0.123,0.1544,-0.0751,3360.0
Anomalia,0.0198,0.1049,0.1435,-0.4447,3360.0
Anomalia,0.0127,0.116,0.0163,-0.6887,3120.0
Anomalia,0.0164,0.1267,0.0296,-0.9795,3360.0
Anomalia,0.0201,0.1374,-0.081,-1.0192,3360.0
Anomalia,0.0129,0.1357,0.0253,-0.9127,3360.0
Anomalia,0.0283,0.1413,0.0774,-0.8991,3360.0
Anomalia,0.0103,0.1615,-0.0264,-0.8594,3120.0
Anomalia,0.0152,0.1726,0.0208,-0.91,2880.0
Anomalia,0.0124,0.1825,-0.0427,-1.0149,2640.0
Anomalia,0.009,0.202,0.0494,-1.1118,2640.0
Anomalia,0.0188,0.1762,0.0673,-0.5252,2640.0
Anomalia,0.0177,0.1511,0.086,0.358,2880.0
Anomalia,0.0211,0.136,0.2641,0.8575,3360.0
Anomalia,0.0163,0.089,0.095,-0.7471,3120.0
Anomalia,0.0095,0.1005,-0.1328,-0.7859,3360.0
Anomalia,0.016,0.1331,0.1139,-0.2775,3360.0
Anomalia,0.0152,0.1322,0.09,-0.1765,2880.0
Anomalia,0.0214,0.1478,0.0763,-0.43,2880.0
Anomalia,0.0288,0.1448,0.0914,-0.3285,2880.0
Anomalia,0.0211,0.1329,-0.0068,-0.5338,2640.0
Anomalia,0.0103,0.1462,0.0185,-0.8515,2640.0
Anomalia,0.0163,0.1293,-0.2808,-0.7401,2880.0
Anomalia,0.0122,0.1292,-0.2487,-0.7732,2880.0
Anomalia,0.023,0.111,-0.4848,-0.021,2880.0
Anomalia,0.025,0.0996,-0.5671,0.0868,2880.0
Anomalia,0.0099,0.1119,-0.4013,-0.4073,2640.0
Anomalia,0.0136,0.1367,-0.2629,-0.1352,2640.0
Anomalia,0.0107,0.1377,-0.224,-0.2507,3360.0
Anomalia,0.0154,0.1358,-0.2273,-0.2111,3120.0
Anomalia,0.0276,0.1443,-0.1411,-0.3912,3120.0
Anomalia,0.0233,0.1244,0.0663,-0.6757,2880.0
Anomalia,0.013,0.1536,-0.113,-0.6716,2880.0
Anomalia,0.0179,0.1838,0.0065,-0.9121,2880.0
Anomalia,0.009,0.188,0.0492,-0.9352,2880.0
Anomalia,0.0206,0.1852,-0.1197,-0.8119,2880.0
Anomalia,0.0212,0.1639,-0.024,-0.3697,2880.0
Anomalia,0.0161,0.1285,-0.2039,-0.0635,2640.0
Anomalia,0.0181,0.1242,-0.1669,-0.4703,2640.0
Anomalia,0.012,0.1357,-0.0665,-0.8691,2640.0
Anomalia,0.0167,0.1518,-0.0335,-1.0374,2640.0
Anomalia,0.0201,0.1533,-0.061,-1.0624,3360.0
Anomalia,0.0213,0.14,-0.0916,-0.8647,3360.0
Anomalia,0.0175,0.1299,-0.0322,-0.6311,3360.0
Anomalia,0.0225,0.1219,-0.0143,-1.0555,2880.0
Anomalia,0.0157,0.1226,-0.0561,-0.8333,2640.0
Anomalia,0.0119,0.1297,-0.0758,-0.9049,2640.0
Anomalia,0.0231,0.1418,-0.0889,-1.0493,2640.0
Anomalia,0.0148,0.1584,-0.0959,-0.9894,3120.0
Anomalia,0.0256,0.1526,-0.1866,-0.7768,3120.0
Anomalia,0.0265,0.1394,-0.1428,-0.3007,3120.0
Anomalia,0.0145,0.1471,0.0029,-0.3419,3120.0
Anomalia,0.0176,0.1838,-0.0038,0.3168,2640.0
Anomalia,0.0072,0.1878,0.0974,0.0369,2880.0
Anomalia,0.027,0.2056,-0.0118,-0.5631,2880.0
Anomalia,0.0182,0.2107,-0.0487,-0.6432,2880.0
Anomalia,0.0187,0.1668,-0.008,-0.87,2880.0
Anomalia,0.0226,0.1602,-0.0256,-0.5846,2640.0
Anomalia,0.0077,0.1435,-0.145,-0.397,2640.0
Anomalia,0.02,0.1256,0.1337,-1.0293,3360.0
Anomalia,0.0268,0.1204,0.0858,-1.0579,3360.0
Anomalia,0.0141,0.123,0.1438,-0.9868,3360.0
Anomalia,0.0167,0.1237,0.0632,-0.9977,3360.0
Anomalia,0.0156,0.1119,0.0446,-0.8655,2880.0
Anomalia,0.0092,0.1142,0.0929,-0.6545,2880.0
Anomalia,0.0262,0.1367,-0.0992,-0.4666,2880.0
Anomalia,0.0189,0.1402,-0.0141,-0.6594,2880.0
Anomalia,0.0129,0.1375,0.0327,-0.5284,2880.0
Anomalia,0.024,0.1372,0.0648,-0.3448,2880.0
Anomalia,0.0073,0.1185,0.1895,-0.2809,2880.0
Anomalia,0.0227,0.108,-0.0997,0.3758,3120.0
Anomalia,0.0264,0.1102,-0.1113,0.1442,2400.0
Anomalia,0.0076,0.0929,-0.5592,-0.1866,2400.0
Anomalia,0.0251,0.097,-0.0105,-0.4007,3120.0
Anomalia,0.0082,0.09,0.3628,0.0166,3120.0
Anomalia,0.0127,0.0982,0.3273,-0.1436,2880.0
Anomalia,0.0229,0.0987,0.2704,-0.222,2880.0
Anomalia,0.0125,0.0933,0.1063,-0.5173,3360.0
Anomalia,0.0196,0.1041,-0.0616,-0.9095,3360.0
Anomalia,0.0183,0.0961,-0.0091,-0.8202,3360.0
Anomalia,0.0127,0.1008,0.1022,-1.0136,3360.0
Anomalia,0.0186,0.1131,-0.0713,0.0458,3360.0
Anomalia,0.0185,0.1411,0.0734,0.0218,3120.0
Anomalia,0.0144,0.1897,-0.0084,-0.3304,2880.0
Anomalia,0.026,0.1978,-0.0271,-0.4458,2880.0
Anomalia,0.0218,0.1904,0.0641,-0.2578,2880.0
Anomalia,0.0206,0.1866,0.0424,-0.268,3120.0
Anomalia,0.0202,0.1684,0.1137,-0.6375,3120.0
Anomalia,0.009,0.1985,-0.041,-0.9618,2880.0
Anomalia,0.0237,0.2056,-0.1409,-1.0352,2880.0
Anomalia,0.0155,0.1885,-0.0557,-0.6108,2880.0
Anomalia,0.0227,0.1648,-0.0998,0.0431,2640.0
Anomalia,0.0235,0.1283,0.2059,-0.4619,2640.0
Anomalia,0.0048,0.1169,0.1113,-0.6399,2640.0
Anomalia,0.0147,0.1363,0.112,-0.9892,3360.0
Anomalia,0.0175,0.1384,0.165,-0.8803,3360.0
Anomalia,0.0158,0.124,0.3508,-0.5861,3360.0
Anomalia,0.026,0.1202,0.3513,-0.4764,3360.0
Anomalia,0.0218,0.0933,0.6325,0.4996,3360.0
Anomalia,0.014,0.0767,0.6851,0.1779,3120.0
Anomalia,0.0207,0.0777,0.5294,0.0713,3120.0
Anomalia,0.0157,0.0839,-0.0401,0.0659,3360.0
Anomalia,0.0202,0.1137,0.2592,-0.3207,2880.0
Anomalia,0.0203,0.1509,0.0084,-0.3875,2880.0
Anomalia,0.0218,0.1642,0.1403,-0.6617,2880.0
Anomalia,0.0205,0.1781,0.045,-0.935,2880.0
Anomalia,0.0163,0.174,0.0188,-0.8799,2880.0
Anomalia,0.0144,0.1602,0.0393,-1.0126,2880.0
Anomalia,0.0107,0.1586,0.0097,-1.0371,2640.0
Anomalia,0.0201,0.1436,0.042,-0.941,2640.0
Anomalia,0.0146,0.1497,0.0883,-0.8404,3120.0
Anomalia,0.012,0.1687,0.0684,-0.5245,3120.0
Anomalia,0.0148,0.1559,-0.0649,-0.1252,3120.0
Anomalia,0.0101,0.1523,-0.0213,0.0468,2880.0
Anomalia,0.0185,0.1512,-0.0946,0.0556,2880.0
Anomalia,0.0278,0.1275,-0.1458,-0.6964,2880.0
Anomalia,0.023,0.138,-0.0815,-0.9456,2880.0
Anomalia,0.0136,0.1433,-0.0359,-1.0934,2880.0
Anomalia,0.018,0.153,0.0791,-0.9674,2880.0
Anomalia,0.0201,0.2148,0.2355,0.3829,2640.0
Anomalia,0.0217,0.2314,0.1328,-0.1794,2880.0
Anomalia,0.0322,0.2325,0.0423,-0.1999,2880.0
Anomalia,0.0166,0.2172,0.1916,0.3906,3120.0
Anomalia,0.01,0.1399,-0.0492,0.2145,3120.0
Anomalia,0.0112,0.122,0.1929,-0.6065,3360.0
Anomalia,0.0139,0.1111,0.1099,-0.1206,2880.0
Anomalia,0.0234,0.1182,0.0409,-0.4513,2880.0
Anomalia,0.0209,0.1167,0.1069,-0.3762,3120.0
Anomalia,0.0184,0.0872,0.0539,-0.5176,3120.0
Anomalia,0.0141,0.0919,0.2305,-0.4631,3120.0
Anomalia,0.0119,0.1044,0.3427,0.2308,3360.0
Anomalia,0.0243,0.1322,0.2216,-0.7007,3360.0
Anomalia,0.0149,0.1956,-0.1883,-0.1638,3360.0
Anomalia,0.0236,0.2,-0.2501,-0.2291,3360.0
Anomalia,0.0201,0.1932,-0.2065,0.0358,3360.0
Anomalia,0.0149,0.185,-0.2057,0.3834,2880.0
Anomalia,0.0217,0.1562,0.3142,-0.3224,2640.0
Anomalia,0.0178,0.1536,0.2891,-0.3827,2640.0
Anomalia,0.0121,0.154,0.1843,-0.3995,3360.0
Anomalia,0.0119,0.1673,0.1031,-0.656,3360.0
Anomalia,0.0188,0.1532,0.0297,-0.3648,2880.0
Anomalia,0.0134,0.1468,0.1325,0.0271,2880.0
Anomalia,0.0242,0.1482,0.1039,-0.0461,2880.0
Anomalia,0.0197,0.1217,0.4454,1.2137,2880.0
Anomalia,0.0185,0.1298,0.1719,-0.1071,2880.0
Anomalia,0.021,0.1527,-0.0156,-0.5298,2880.0
Anomalia,0.0189,0.1433,-0.0141,-0.103,2880.0
Anomalia,0.0163,0.1542,-0.0232,-0.5953,2880.0
Anomalia,0.016,0.1441,-0.0561,-0.516,2880.0
Anomalia,0.0134,0.1282,-0.0137,-0.7431,2880.0
Anomalia,0.0204,0.1277,-0.0493,-0.6346,2880.0
Anomalia,0.0214,0.1214,0.0105,-0.5328,2640.0
Anomalia,0.0146,0.1092,-0.1694,-0.0915,3360.0
Anomalia,0.0119,0.1065,-0.1167,0.0736,3360.0
Anomalia,0.0115,0.1211,0.04,-0.4267,3360.0
Anomalia,0.0128,0.1237,0.1076,-0.3501,3360.0
Anomalia,0.0288,0.1518,0.543,0.2977,3360.0
Anomalia,0.0262,0.1448,0.7274,0.828,2880.0
Anomalia,0.023,0.1305,0.9765,2.2525,2880.0
Anomalia,0.0172,0.1249,1.0312,2.9367,2640.0
Anomalia,0.0091,0.0749,-0.208,-0.282,2640.0
Anomalia,0.0219,0.0798,-0.4221,-0.1165,2400.0
Anomalia,0.0192,0.0871,-0.3089,-0.6419,2880.0
Anomalia,0.0303,0.0944,-0.0488,-0.5586,3360.0
Anomalia,0.0222,0.1065,-0.1219,-0.3937,3360.0
Anomalia,0.0088,0.1219,-0.0448,-0.7397,3360.0
Anomalia,0.0152,0.1217,-0.1309,-0.6477,3360.0
Anomalia,0.0105,0.1166,-0.161,-0.6153,3360.0
Anomalia,0.0167,0.1266,-0.2533,-0.6774,3360.0
Anomalia,0.0316,0.1335,-0.1357,-0.7209,2880.0
Anomalia,0.0241,0.1446,-0.0796,-1.0665,2880.0
Anomalia,0.0164,0.151,-0.0146,-1.1489,2880.0
Anomalia,0.017,0.1486,0.1128,-1.1833,2640.0
Anomalia,0.0071,0.1281,0.143,-0.7937,2640.0
Anomalia,0.014,0.111,0.0594,-0.1709,2640.0
Anomalia,0.0241,0.0947,0.1051,0.3972,2640.0
Anomalia,0.0136,0.0677,-0.2455,-0.3178,3360.0
Anomalia,0.0246,0.1039,0.2825,0.8113,3120.0
Anomalia,0.0079,0.1297,0.0177,-0.0238,2880.0
Anomalia,0.0132,0.1432,0.1415,-0.3558,2880.0
Anomalia,0.0229,0.1493,-0.0155,-0.5863,2880.0
Anomalia,0.0171,0.1326,-0.1023,-0.1779,2880.0
Anomalia,0.0297,0.1227,0.1299,-0.315,2640.0
Anomalia,0.0125,0.136,-0.1459,-0.3969,2640.0
Anomalia,0.013,0.1466,-0.1481,-0.6115,2880.0
Anomalia,0.0169,0.1442,-0.2452,-0.4782,2880.0
Anomalia,0.019,0.134,-0.4026,0.0134,2880.0
Anomalia,0.0289,0.1139,-0.3149,0.2022,3360.0
Anomalia,0.0268,0.113,-0.272,0.0809,3120.0
Anomalia,0.0083,0.1126,0.0275,-0.211,2880.0
Anomalia,0.013,0.1129,-0.0031,-0.249,2880.0
Anomalia,0.0108,0.1066,-0.121,-0.2405,3360.0
Anomalia,0.0137,0.0813,-0.2213,-0.9272,2400.0
Anomalia,0.0287,0.0747,-0.2625,-0.3596,3360.0
Anomalia,0.0157,0.0815,-0.5391,-0.1166,3360.0
Anomalia,0.0139,0.1005,-0.7466,0.8295,3360.0
Anomalia,0.0213,0.1411,0.1351,0.3645,3360.0
Anomalia,0.0097,0.1439,0.3145,0.1205,2880.0
Anomalia,0.0252,0.1439,0.2059,0.1416,2880.0
Anomalia,0.0283,0.1525,0.2606,-0.13,2640.0
Anomalia,0.0131,0.1346,0.0114,-0.2716,2640.0
Anomalia,0.0235,0.1553,-0.0722,-0.5037,2640.0
Anomalia,0.017,0.1558,-0.0051,-0.5758,2640.0
Anomalia,0.0153,0.1382,0.0215,-0.3588,2640.0
Anomalia,0.0212,0.1356,-0.0471,-0.3343,3360.0
Anomalia,0.0109,0.1309,-0.1969,-0.9331,3360.0
Anomalia,0.0166,0.1393,-0.1207,-1.0288,2880.0
Anomalia,0.0168,0.1545,-0.0382,-1.1601,2880.0
Anomalia,0.018,0.1437,0.0013,-0.9107,2880.0
Anomalia,0.0305,0.1302,0.1173,-0.5949,2640.0
Anomalia,0.0174,0.1293,0.0289,-0.4633,3360.0
Anomalia,0.0263,0.1332,0.0901,-0.3962,2880.0
Anomalia,0.0179,0.1401,0.1543,-0.6755,2880.0
Anomalia,0.0113,0.1447,0.1151,-0.8287,2880.0
Anomalia,0.0232,0.178,0.3069,-0.594,3120.0
Anomalia,0.0181,0.1817,0.2375,-0.6624,2880.0
Anomalia,0.0209,0.2014,0.0995,-1.0207,2880.0
Anomalia,0.032,0.2068,0.0219,-1.1149,2880.0
Anomalia,0.0115,0.204,-0.1562,-0.6323,2880.0
Anomalia,0.0083,0.2185,-0.0338,-0.7151,2640.0
Anomalia,0.0148,0.2136,-0.0668,-0.6203,2880.0
Anomalia,0.0084,0.2082,-0.0225,-0.4931,2880.0
Anomalia,0.0307,0.1785,-0.0092,-0.5042,2640.0
Anomalia,0.0275,0.1378,0.0692,-0.6398,3360.0
Anomalia,0.0184,0.102,0.3658,-0.0708,3360.0
Anomalia,0.0179,0.086,0.3652,1.0602,2880.0
Anomalia,0.0077,0.0769,-0.0903,-0.0574,3360.0
Anomalia,0.0171,0.0718,0.1939,-0.1369,3360.0
Anomalia,0.0299,0.0975,0.1224,-0.3548,2880.0
Anomalia,0.0186,0.1092,-0.0602,-0.5213,2880.0
Anomalia,0.0227,0.1155,-0.048,-0.6877,2880.0
Anomalia,0.0123,0.1131,0.0556,-0.6617,2880.0
Anomalia,0.0048,0.0911,-0.0907,0.0959,3360.0
Anomalia,0.0239,0.0826,0.1134,-0.2847,3360.0
Anomalia,0.0218,0.0837,0.0018,-0.5367,2640.0
Anomalia,0.0224,0.1119,-0.2028,0.1194,2640.0
Anomalia,0.0242,0.17,0.0028,-0.2559,2640.0
Anomalia,0.0104,0.1777,0.1516,-0.5883,2640.0
Anomalia,0.016,0.1781,0.0908,-0.5736,2640.0
Anomalia,0.0194,0.1662,0.1097,-0.1932,2640.0
Anomalia,0.0197,0.1245,0.0027,-0.8098,3360.0
Anomalia,0.023,0.1177,0.1585,-0.7196,3360.0
Anomalia,0.025,0.1087,0.0432,-0.4131,3360.0
Anomalia,0.0161,0.1017,0.1815,-0.0151,3360.0
Anomalia,0.0122,0.1074,-0.3217,0.1034,3360.0
Anomalia,0.0077,0.1118,-0.4271,-0.2123,2640.0
Anomalia,0.017,0.1287,-0.1892,-0.697,2640.0
Anomalia,0.0219,0.1267,-0.2573,-0.5283,2640.0
Anomalia,0.0264,0.1252,-0.2183,-0.4241,2640.0
Anomalia,0.0283,0.1395,-0.2516,-0.5756,3120.0
Anomalia,0.0103,0.1346,-0.0073,-0.5352,2880.0
Anomalia,0.0172,0.1763,-0.0679,-0.7835,2880.0
Anomalia,0.0182,0.1716,-0.0231,-0.715,2880.0
Anomalia,0.0174,0.1707,0.0637,-0.5979,2640.0
Anomalia,0.0204,0.1716,-0.0272,-0.5812,3360.0
Anomalia,0.0188,0.1411,-0.0345,-0.7093,3360.0
Anomalia,0.0144,0.151,0.1483,-0.6128,2880.0
Anomalia,0.0207,0.1797,0.2024,-0.4602,2880.0
Anomalia,0.0197,0.1715,0.2487,-0.1186,2880.0
Anomalia,0.0196,0.1614,0.3444,0.4805,2880.0
Anomalia,0.0206,0.1439,0.3342,1.5571,3120.0
Anomalia,0.0167,0.0697,-0.2089,-0.2744,3120.0
Anomalia,0.0184,0.0982,0.9881,3.3643,3360.0
Anomalia,0.0229,0.1161,0.6554,1.5872,3360.0
Anomalia,0.0147,0.1314,0.3876,0.4417,2880.0
Anomalia,0.0218,0.1391,0.2544,-0.1106,3360.0
Anomalia,0.0169,0.1582,-0.0405,-0.4977,2880.0
Anomalia,0.0191,0.1588,-0.0889,-0.6854,2880.0
Anomalia,0.0236,0.1466,-0.0543,-0.2018,2880.0
Anomalia,0.0174,0.1689,0.0274,-0.5969,2880.0
Anomalia,0.0167,0.1705,-0.0484,-0.4556,2880.0
Anomalia,0.0089,0.1607,0.0483,0.0035,2640.0
Anomalia,0.0166,0.162,-0.0535,-0.0245,2640.0
Anomalia,0.0179,0.1458,-0.1179,0.2622,3120.0
Anomalia,0.0142,0.1121,0.0685,-0.701,3120.0
Anomalia,0.0202,0.1365,0.115,-0.6665,2880.0
Anomalia,0.016,0.1559,0.1784,-0.7194,2880.0
Anomalia,0.0158,0.1694,0.1817,-0.7847,2880.0
Anomalia,0.0232,0.1828,0.1046,-0.9933,2880.0
Anomalia,0.0171,0.1665,0.1518,-0.6353,2880.0
Anomalia,0.0178,0.1559,0.1465,-0.6535,2880.0
Anomalia,0.025,0.1544,0.136,-0.1724,3360.0
Anomalia,0.0244,0.1869,0.1274,0.4327,2640.0
Anomalia,0.0241,0.1924,0.0959,0.0943,2880.0
Anomalia,0.0213,0.1887,0.0822,0.2861,2880.0
Anomalia,0.0073,0.172,0.1734,0.834,2640.0
Anomalia,0.01,0.1039,-0.4908,-0.8121,3120.0
Anomalia,0.018,0.0927,-0.737,-0.1663,2880.0
Anomalia,0.0194,0.0868,-0.422,-0.1686,3360.0
Anomalia,0.0273,0.0771,0.2784,-0.6134,2640.0
Anomalia,0.0154,0.0807,0.6823,-0.3931,3120.0
Anomalia,0.0121,0.0858,0.743,-0.1157,3360.0
Anomalia,0.0132,0.0814,0.7341,0.1441,3360.0
Anomalia,0.0095,0.1095,0.2456,0.0525,3360.0
Anomalia,0.0263,0.122,-0.0154,-0.325,3360.0
Anomalia,0.0159,0.1389,-0.0583,-0.4164,3120.0
Anomalia,0.0198,0.1483,-0.1291,-0.7956,3360.0
Anomalia,0.0185,0.1379,-0.0783,-0.6534,3360.0
Anomalia,0.0089,0.1367,-0.0329,-0.633,3600.0
Anomalia,0.0218,0.1453,-0.2368,-0.3846,3120.0
Anomalia,0.0156,0.1522,-0.2161,-0.6109,2640.0
Anomalia,0.0181,0.1485,-0.2834,-0.4033,2880.0
Anomalia,0.0223,0.1437,-0.3754,-0.2436,2880.0
Anomalia,0.0139,0.1094,-0.3007,-0.2824,2880.0
Anomalia,0.0137,0.0871,-0.0255,-0.3566,3360.0
Anomalia,0.0205,0.0907,-0.0333,-0.3979,3120.0
Anomalia,0.0141,0.1171,0.2742,0.578,2880.0
Anomalia,0.0282,0.1432,0.2626,-0.0087,2880.0
Anomalia,0.0241,0.1499,0.2203,-0.3781,2880.0
Anomalia,0.0161,0.1446,0.3868,-0.1286,3360.0
Anomalia,0.0187,0.1361,0.358,-0.1877,3360.0
Anomalia,0.0064,0.1199,0.2052,-0.7227,2880.0
Anomalia,0.0156,0.1551,0.087,-0.1029,2880.0
Anomalia,0.0247,0.1618,0.0645,-0.243,2880.0
Anomalia,0.0226,0.1538,0.0578,0.0782,2880.0
Anomalia,0.0201,0.1538,0.0691,0.0785,3120.0
Anomalia,0.0167,0.1295,0.0536,-0.3921,3120.0
Anomalia,0.0065,0.1233,-0.201,-0.5198,3120.0
Anomalia,0.0173,0.1214,-0.3208,-0.3007,2880.0
Anomalia,0.0191,0.1162,-0.4372,0.0199,3360.0
Anomalia,0.0215,0.0954,-0.4418,0.0694,3360.0
Anomalia,0.0239,0.0907,-0.18,-0.37,3360.0
Anomalia,0.0056,0.0872,-0.2993,-0.5639,2640.0
Anomalia,0.0201,0.0942,-0.067,-0.5237,2640.0
Anomalia,0.0176,0.0965,-0.0647,-0.5702,2640.0
Anomalia,0.0115,0.1155,-0.1832,-0.5475,3120.0
Anomalia,0.0279,0.1402,-0.159,-0.5012,3120.0
Anomalia,0.0115,0.1417,0.0304,-0.6502,3360.0
Anomalia,0.0132,0.1462,0.0374,-0.8043,3360.0
Anomalia,0.0213,0.1368,0.0458,-0.6873,3360.0
Anomalia,0.0162,0.1201,0.0029,-0.7744,3360.0
Anomalia,0.0128,0.1194,-0.1437,-0.2601,3360.0
Anomalia,0.025,0.1183,-0.2793,0.0512,3360.0
Anomalia,0.0116,0.1254,-0.1931,-0.2591,3360.0
Anomalia,0.0181,0.1529,0.0695,-0.2448,2880.0
Anomalia,0.0225,0.1466,0.1684,-0.1777,2880.0
Anomalia,0.0035,0.1432,0.3747,0.0185,2640.0
Anomalia,0.022,0.1314,0.2608,0.6809,3120.0
Anomalia,0.014,0.0834,-0.1966,-0.7344,3120.0
Anomalia,0.0191,0.0986,-0.1915,-0.4931,3120.0
Anomalia,0.0193,0.118,-0.5823,0.2616,2880.0
Anomalia,0.0158,0.1465,-0.2171,-0.5449,2880.0
Anomalia,0.0155,0.1533,-0.1402,-0.7718,2880.0
Anomalia,0.0148,0.1524,-0.0153,-0.5866,2880.0
Anomalia,0.0233,0.1435,0.1587,-0.647,2880.0
Anomalia,0.0234,0.1283,0.2042,-0.7266,2640.0
Anomalia,0.0124,0.1364,0.0794,-0.9104,2880.0
Anomalia,0.0171,0.1241,-0.2153,-0.7798,2880.0
Anomalia,0.0164,0.1361,-0.2563,-0.6486,3120.0
Anomalia,0.0176,0.1277,-0.3336,-0.3902,3120.0
Anomalia,0.0312,0.1313,-0.247,-0.3347,3120.0
Anomalia,0.0151,0.1372,-0.0441,-0.7979,3120.0
Anomalia,0.0145,0.1166,0.0313,-0.7973,3120.0
Anomalia,0.0211,0.1247,0.0927,-0.9558,2880.0
Anomalia,0.0146,0.102,0.1022,-0.7545,3360.0
Anomalia,0.0294,0.1042,0.0814,-0.9947,2880.0
Anomalia,0.0227,0.1054,0.19,-0.9875,2880.0
Anomalia,0.01,0.105,0.0736,-0.8258,2880.0
Anomalia,0.0143,0.1302,0.1744,-0.6727,3360.0
Anomalia,0.011,0.1266,0.2906,-0.4056,3360.0
Anomalia,0.0154,0.1329,0.2224,-0.5852,3360.0
Anomalia,0.0273,0.128,0.0947,-0.4275,3360.0
Anomalia,0.0214,0.1311,-0.3314,-0.1629,2640.0
Anomalia,0.0173,0.1523,-0.4332,-0.3057,2880.0
Anomalia,0.0192,0.1474,-0.5137,-0.027,2640.0
Anomalia,0.0116,0.1565,-0.2866,-0.5338,3360.0
Anomalia,0.0217,0.1384,-0.2894,-0.0933,3360.0
Anomalia,0.0174,0.1253,-0.2817,-0.4029,3360.0
Anomalia,0.0191,0.135,-0.2308,-0.7968,3360.0
Anomalia,0.0185,0.1359,-0.1171,-0.6629,3360.0
Anomalia,0.0099,0.14,-0.086,-0.8222,2880.0
Anomalia,0.0151,0.1536,-0.0218,-0.9329,2880.0
Anomalia,0.0247,0.1474,-0.1989,-0.6381,2880.0
Anomalia,0.0178,0.1327,-0.2591,-0.2956,2880.0
Anomalia,0.0306,0.1361,-0.1998,-0.3616,2880.0
Anomalia,0.0291,0.1046,0.3502,-0.8231,2880.0
Anomalia,0.0098,0.1282,-0.0279,-0.2725,3120.0
Anomalia,0.0185,0.1506,-0.0522,-0.6591,2640.0
Anomalia,0.0151,0.1654,0.0937,-0.7605,2880.0
Anomalia,0.0258,0.1797,0.0325,-1.0017,2880.0
Anomalia,0.0301,0.1806,0.0488,-1.0356,2880.0
Anomalia,0.0182,0.2012,-0.0585,-1.005,2880.0
Anomalia,0.016,0.2162,-0.0457,-1.0547,2880.0
Anomalia,0.0092,0.2221,-0.0238,-1.1992,2880.0
Anomalia,0.015,0.2125,-0.0736,-1.0039,2880.0
Anomalia,0.0296,0.1867,-0.0172,-0.712,3120.0
Anomalia,0.0261,0.1453,0.0293,-0.4379,3120.0
Anomalia,0.0194,0.1237,0.1578,-0.4148,2880.0
Anomalia,0.0172,0.1248,0.0636,-0.5189,2880.0
Anomalia,0.0117,0.1334,-0.1548,-0.7318,2640.0
Anomalia,0.0155,0.139,-0.2091,-0.8582,2640.0
Anomalia,0.0269,0.143,-0.3312,-0.8134,3360.0
Anomalia,0.0209,0.1298,-0.1851,-0.5444,3360.0
Anomalia,0.027,0.1252,0.0278,-0.7144,3360.0
Anomalia,0.0213,0.1297,-0.0034,-0.7087,2880.0
Anomalia,0.0157,0.1363,0.0836,-0.8468,3120.0
Anomalia,0.0215,0.1518,-0.0824,-1.2178,2880.0
Anomalia,0.0136,0.172,0.0159,-0.8892,2880.0
Anomalia,0.0192,0.1987,0.1928,-0.6416,2880.0
Anomalia,0.0165,0.1997,0.3189,-0.5009,2640.0
Anomalia,0.0213,0.1943,0.2885,-0.2896,2640.0
Anomalia,0.0207,0.1776,0.3837,0.0895,3360.0
Anomalia,0.0167,0.1438,0.2709,-0.2308,3360.0
Anomalia,0.0185,0.1213,0.022,0.0606,3360.0
Anomalia,0.0185,0.1102,0.1221,0.8925,2880.0
Anomalia,0.0215,0.0806,0.1292,0.9655,2400.0
Anomalia,0.024,0.0604,0.3171,0.3983,720.0
Anomalia,0.016,0.0885,-0.5836,1.2793,2880.0
Anomalia,0.0127,0.102,-0.2339,0.1124,2880.0
Anomalia,0.0201,0.1148,-0.0484,-0.2564,2880.0
Anomalia,0.0191,0.118,-0.0847,-0.4305,2880.0
Anomalia,0.0248,0.1059,0.1795,-0.5297,3360.0
Anomalia,0.0247,0.1025,0.2675,-0.5495,3360.0
Anomalia,0.0141,0.1241,-0.0504,0.27,3120.0
Anomalia,0.0219,0.1349,0.0312,-0.1178,2880.0
Anomalia,0.0207,0.1363,0.0384,-0.1784,2880.0
Anomalia,0.0196,0.1705,0.0276,-0.4766,2640.0
Anomalia,0.0228,0.1528,0.0655,-0.1148,3360.0
Anomalia,0.0107,0.1676,0.0866,-0.5876,3360.0
Anomalia,0.0184,0.176,0.0006,-0.8795,2880.0
Anomalia,0.0254,0.1679,0.1026,-0.8994,2880.0
Anomalia,0.0221,0.162,0.1659,-0.6691,2880.0
Anomalia,0.0267,0.1345,0.362,0.2443,2880.0
Anomalia,0.0208,0.1191,0.5533,1.6338,2880.0
Anomalia,0.0097,0.0898,-0.2642,-0.0004,3120.0
Anomalia,0.0153,0.1264,0.15,0.3431,2880.0
Anomalia,0.0211,0.1358,0.2088,-0.0576,2880.0
Anomalia,0.0195,0.1492,0.1426,-0.6865,2880.0
Anomalia,0.0276,0.1503,0.1652,-0.6121,2880.0
Anomalia,0.0201,0.1459,-0.0821,-0.6085,2880.0
Anomalia,0.0188,0.1413,-0.1805,-0.5205,2880.0
Anomalia,0.0245,0.1418,-0.2097,-0.4892,2640.0
Anomalia,0.0178,0.1467,-0.2785,-0.6924,2640.0
Anomalia,0.0228,0.1293,-0.1563,-0.6959,2640.0
Anomalia,0.0181,0.1273,-0.1318,-0.7413,2880.0
Anomalia,0.017,0.1114,-0.1726,-0.2014,2880.0
Anomalia,0.0167,0.0864,0.0315,-0.4981,2880.0
Anomalia,0.0153,0.1236,-0.1281,1.1592,2880.0
Anomalia,0.0191,0.1302,-0.0754,0.7755,2880.0
Anomalia,0.0209,0.1329,-0.1249,0.5622,2880.0
Anomalia,0.0268,0.154,-0.1234,-0.4281,3120.0
Anomalia,0.0241,0.1231,0.0791,-0.6712,2640.0
Anomalia,0.0126,0.1286,0.0446,-0.8545,2880.0
Anomalia,0.0199,0.1403,0.1538,-0.9182,2880.0
Anomalia,0.0166,0.1569,0.0799,-0.6536,2880.0
Anomalia,0.0252,0.1591,-0.0244,-0.7087,2880.0
Anomalia,0.0349,0.1512,-0.0682,-0.3859,2880.0
Anomalia,0.0149,0.1519,-0.1457,-0.463,2640.0
Anomalia,0.0183,0.1207,-0.2905,-0.4906,3120.0
Anomalia,0.0159,0.1201,-0.2051,-0.3329,3360.0
Anomalia,0.0142,0.1132,-0.2612,0.1454,3360.0
Anomalia,0.0341,0.1172,0.2772,-0.4291,3360.0
Anomalia,0.0255,0.1084,0.3931,-0.0485,2880.0
Anomalia,0.0196,0.1009,0.4743,0.2542,2640.0
Anomalia,0.0187,0.1061,0.5167,-0.0989,2640.0
Anomalia,0.0119,0.0979,0.4712,0.3975,3360.0
Anomalia,0.0187,0.1543,0.1625,0.6167,3360.0
Anomalia,0.027,0.1884,0.0215,-0.4551,3360.0
Anomalia,0.0269,0.1905,-0.0303,-0.5266,3360.0
Anomalia,0.022,0.1859,0.0006,-0.4212,3360.0
Anomalia,0.0243,0.1443,-0.036,0.188,2880.0
Anomalia,0.0085,0.1312,-0.4265,0.1646,2640.0
Anomalia,0.0212,0.15,-0.0556,-0.0817,3120.0
Anomalia,0.018,0.1515,-0.0409,-0.1565,2880.0
Anomalia,0.0219,0.155,-0.097,-0.3157,2880.0
Anomalia,0.0359,0.1285,0.2462,-0.2141,3120.0
Anomalia,0.0168,0.1004,-0.0986,-0.6561,3360.0
Anomalia,0.0224,0.1234,-0.0502,0.2945,3360.0
Anomalia,0.0147,0.1253,0.1188,0.211,3360.0
Anomalia,0.0122,0.1403,0.1013,-0.1289,3360.0
Anomalia,0.0249,0.1381,-0.0972,0.1313,3360.0
Anomalia,0.0264,0.122,-0.0696,0.1817,2640.0
Anomalia,0.0227,0.1299,-0.2554,-0.0829,3360.0
Anomalia,0.0189,0.1181,-0.0842,-0.2356,3120.0
Anomalia,0.0186,0.1289,-0.004,-0.8261,3360.0
Anomalia,0.0192,0.1406,-0.0238,-0.95,3360.0
Anomalia,0.0225,0.1365,0.1502,-0.8685,3360.0
Anomalia,0.02,0.1312,0.138,-0.7037,3120.0
Anomalia,0.0245,0.1271,0.1277,-0.4169,3120.0
Anomalia,0.0183,0.1206,0.0596,-0.552,2640.0
Anomalia,0.0191,0.1066,-0.116,-0.3101,2880.0
Anomalia,0.0343,0.1181,-0.1444,-0.4341,2640.0
Anomalia,0.0173,0.1124,0.031,-0.4445,3120.0
Anomalia,0.0267,0.0922,0.3864,-0.1983,3120.0
Anomalia,0.0173,0.0989,0.2506,-0.4487,3120.0
Anomalia,0.0119,0.1019,0.2663,-0.5704,2640.0
Anomalia,0.0238,0.1023,0.1258,-0.5079,2640.0
Anomalia,0.0223,0.0998,0.1578,-0.3409,2640.0
Anomalia,0.0212,0.1301,-0.315,0.7031,3120.0
Anomalia,0.0295,0.1481,0.0656,1.6032,2880.0
Anomalia,0.0168,0.1512,0.2175,1.1342,3360.0
Anomalia,0.0216,0.1655,0.1291,0.1549,3360.0
Anomalia,0.0318,0.1593,0.3505,0.0872,3360.0
Anomalia,0.0159,0.1604,-0.0061,-0.726,3360.0
Anomalia,0.0258,0.1791,-0.1023,-1.0128,3120.0
Anomalia,0.0192,0.2336,-0.0581,-0.6809,3120.0
Anomalia,0.0172,0.2415,-0.0792,-0.859,2880.0
Anomalia,0.0259,0.229,-0.11,-0.5287,2880.0
Anomalia,0.0174,0.2228,-0.0342,-0.411,2640.0
Anomalia,0.019,0.1628,0.0116,-0.96,3120.0
Anomalia,0.0212,0.1428,0.0168,-1.1624,3120.0
Anomalia,0.0179,0.1538,-0.044,-1.2974,3120.0
Anomalia,0.02,0.1393,-0.0546,-1.0096,3120.0
Anomalia,0.0205,0.1288,-0.0773,-0.6889,3120.0
Anomalia,0.0208,0.1216,-0.008,-0.586,3120.0
Anomalia,0.0272,0.0922,-0.0707,-0.4596,3360.0
Anomalia,0.0307,0.0959,-0.0609,-0.426,3360.0
Anomalia,0.0225,0.1288,-0.3534,0.332,2880.0
Anomalia,0.0218,0.1208,-0.4248,0.9637,2880.0
Anomalia,0.0065,0.1199,-0.1224,0.7351,2880.0
Anomalia,0.0178,0.133,-0.0317,0.1458,2880.0
Anomalia,0.0222,0.1085,0.6062,-0.0372,3120.0
Anomalia,0.0302,0.109,0.4819,-0.0923,3120.0
Anomalia,0.0322,0.1072,0.5238,0.0413,3120.0
Anomalia,0.0189,0.0967,0.0979,0.7458,3360.0
Anomalia,0.0181,0.104,-0.3268,0.039,2880.0
Anomalia,0.0231,0.1364,0.2635,-0.271,2880.0
Anomalia,0.0236,0.145,0.1619,-0.7043,2880.0
Anomalia,0.0268,0.1607,0.0801,-0.9462,2880.0
Anomalia,0.033,0.1588,0.1438,-0.818,2880.0
Anomalia,0.0088,0.1476,0.0908,-0.8315,2880.0
Anomalia,0.0212,0.1543,-0.0283,-0.9705,3360.0
Anomalia,0.0164,0.1378,0.0519,-0.9791,3120.0
Anomalia,0.0153,0.1506,0.0321,-0.9761,2880.0
Anomalia,0.0275,0.1453,0.024,-0.8182,2880.0
Anomalia,0.0157,0.14,0.1443,-0.6403,2640.0
Anomalia,0.0236,0.1542,0.0172,-0.8312,3360.0
Anomalia,0.0164,0.1386,-0.002,-0.6804,2880.0
Anomalia,0.0226,0.1594,-0.0029,-0.8782,2880.0
Anomalia,0.0251,0.1652,-0.0278,-0.9973,3360.0
Anomalia,0.022,0.179,0.0942,-0.9039,3360.0
Anomalia,0.027,0.2034,0.0234,-1.2372,3360.0
Anomalia,0.0208,0.1917,0.1696,-0.971,2880.0
Anomalia,0.0217,0.1792,0.199,-0.5592,2880.0
Anomalia,0.0153,0.146,0.335,0.2789,2880.0
Anomalia,0.0252,0.1012,0.6421,1.7977,2640.0
Anomalia,0.0216,0.0961,-0.0722,-0.2366,2640.0
Anomalia,0.0262,0.1211,0.1681,-0.3757,3120.0
Anomalia,0.0308,0.1395,-0.0083,-0.7043,2880.0
Anomalia,0.0128,0.1399,0.2276,-0.764,2880.0
Anomalia,0.022,0.1392,0.138,-0.7234,2640.0
Anomalia,0.0149,0.1274,0.0706,-0.7193,2880.0
Anomalia,0.0299,0.1139,0.017,-0.4898,3360.0
Anomalia,0.0281,0.1819,-0.341,1.0552,3120.0
Anomalia,0.0206,0.235,-0.1599,-0.0748,2640.0
Anomalia,0.0256,0.2507,-0.175,-0.5458,2880.0
Anomalia,0.0135,0.2575,-0.0491,-0.7959,2880.0
Anomalia,0.0201,0.2246,-0.068,-0.5379,2880.0
Anomalia,0.0284,0.1679,-0.1108,-0.9288,2880.0
Anomalia,0.0178,0.1518,-0.1373,-0.9976,3360.0
Anomalia,0.0175,0.136,-0.1696,-0.7899,2880.0
Anomalia,0.0218,0.1376,0.0421,-0.7266,2880.0
Anomalia,0.0183,0.1485,0.081,-0.7507,2880.0
Anomalia,0.0276,0.1365,0.1264,-0.3671,3360.0
Anomalia,0.0275,0.1366,0.1117,-0.3792,3120.0
Anomalia,0.0228,0.1161,0.169,-0.0531,3360.0
Anomalia,0.026,0.1193,0.2074,-0.1416,3360.0
Anomalia,0.0219,0.1424,-0.0393,-0.3817,2880.0
Anomalia,0.0226,0.1468,-0.0246,-0.5947,3120.0
Anomalia,0.026,0.1776,-0.1545,-0.8172,2880.0
Anomalia,0.0132,0.1715,-0.1863,-0.6572,2880.0
Anomalia,0.0175,0.161,-0.1535,-0.4487,2640.0
Anomalia,0.0154,0.1599,-0.1362,-0.4157,2640.0
Anomalia,0.0165,0.1373,-0.0838,-0.7834,2880.0
Anomalia,0.0263,0.1219,0.0534,-1.131,2880.0
Anomalia,0.0154,0.1254,-0.0554,-1.1068,2880.0
Anomalia,0.0236,0.1472,0.0715,-0.8808,2880.0
Anomalia,0.0181,0.1469,0.0643,-0.8215,2880.0
Anomalia,0.0137,0.1496,0.2115,-0.8127,2880.0
Anomalia,0.0274,0.1612,0.0968,-0.4413,2880.0
Anomalia,0.0239,0.1768,-0.0063,-0.1487,2880.0
Anomalia,0.0272,0.2075,-0.0258,-0.5663,2880.0
Anomalia,0.0305,0.2085,-0.0342,-0.5349,2880.0
Anomalia,0.0234,0.1944,0.0701,-0.3124,2880.0
Anomalia,0.0193,0.161,0.2082,0.3638,3360.0
Anomalia,0.0168,0.1212,0.3694,-0.3607,3360.0
Anomalia,0.0158,0.1226,0.1696,-0.9751,3120.0
Anomalia,0.0308,0.1248,0.1584,-0.7476,2880.0
Anomalia,0.0288,0.1225,0.1981,-0.6717,2880.0
Anomalia,0.0299,0.1152,0.2754,-0.4087,2640.0
Anomalia,0.0234,0.1269,-0.0308,-0.3578,2640.0
Anomalia,0.0116,0.1307,-0.1047,-0.6289,3360.0
Anomalia,0.0182,0.1517,0.0581,-0.6264,3360.0
Anomalia,0.0211,0.1772,0.1722,-0.4914,3360.0
Anomalia,0.0279,0.1601,0.2216,0.2786,3360.0
Anomalia,0.0308,0.147,0.3242,1.231,3360.0
Anomalia,0.0201,0.1246,0.4201,2.8781,2880.0
Anomalia,0.0179,0.0853,-0.1035,-0.1458,2640.0
Anomalia,0.0178,0.1007,0.0804,-0.3318,2880.0
Anomalia,0.0136,0.1058,0.2033,-0.6318,2880.0
Anomalia,0.0273,0.105,-0.0247,-0.5267,3120.0
Anomalia,0.0247,0.1052,-0.1837,-0.2239,3360.0
Anomalia,0.0254,0.1099,-0.1996,-0.2743,3360.0
Anomalia,0.0314,0.1165,-0.2494,-0.3105,3360.0
Anomalia,0.0149,0.1377,-0.0457,-0.8638,3360.0
Anomalia,0.0214,0.1516,0.0238,-1.0279,2640.0
Anomalia,0.0218,0.1519,0.0606,-1.0035,2880.0
Anomalia,0.018,0.1606,0.0945,-1.1904,2880.0
Anomalia,0.0281,0.1465,0.0896,-0.9994,2880.0
Anomalia,0.0191,0.1267,0.2203,-0.807,3120.0
Anomalia,0.0183,0.1259,0.1426,-0.9707,2640.0
Anomalia,0.0231,0.1176,0.0419,-1.0016,2640.0
Anomalia,0.0225,0.1208,-0.0498,-1.0722,2640.0
Anomalia,0.031,0.1309,-0.2648,-0.8048,2640.0
Anomalia,0.0243,0.1264,-0.2424,-0.5687,3360.0
Anomalia,0.0125,0.1183,-0.1761,-0.3951,2880.0
Anomalia,0.0236,0.1446,0.2154,-0.1707,3120.0
Anomalia,0.022,0.1936,0.0888,-0.2293,2640.0
Anomalia,0.0293,0.2105,0.0211,-0.6907,2880.0
Anomalia,0.0365,0.2308,-0.1114,-0.969,2880.0
Anomalia,0.0117,0.2181,0.0301,-0.8019,2880.0
Anomalia,0.0173,0.1674,-0.0956,-0.2285,3120.0
Anomalia,0.0138,0.143,-0.2694,0.5007,3360.0
Anomalia,0.0133,0.1063,-0.5016,-0.3458,2880.0
Anomalia,0.0364,0.0972,-0.3932,-0.4188,2640.0
Anomalia,0.0193,0.1025,-0.3848,-0.3119,2640.0
Anomalia,0.0198,0.1214,-0.0537,-0.3332,2880.0
Anomalia,0.0289,0.137,0.2145,-0.2231,3360.0
Anomalia,0.0135,0.1723,0.2266,-0.4702,3360.0
Anomalia,0.036,0.1867,0.1357,-0.6331,3360.0
Anomalia,0.0284,0.2214,-0.044,-0.7334,2880.0
Anomalia,0.0196,0.2296,-0.0422,-0.914,2880.0
Anomalia,0.026,0.2092,-0.0828,-0.5315,2880.0
Anomalia,0.013,0.193,-0.0891,-0.1996,2880.0
Anomalia,0.0172,0.1673,-0.0335,-0.3681,2640.0
Anomalia,0.0235,0.149,0.0508,-0.1334,3120.0
Anomalia,0.0177,0.1413,-0.0136,0.1714,2880.0
Anomalia,0.0189,0.1565,-0.0349,-0.2663,3360.0
Anomalia,0.0289,0.1312,0.1807,-0.0474,3360.0
Anomalia,0.0211,0.1313,0.0206,-0.2243,3360.0
Anomalia,0.0221,0.1463,-0.0794,-0.5384,2640.0
Anomalia,0.0248,0.1267,-0.1349,-0.1108,2640.0
Anomalia,0.0177,0.1256,-0.2375,-0.4554,2640.0
Anomalia,0.0203,0.142,-0.1544,-0.4354,2880.0
Anomalia,0.027,0.1322,-0.1114,-0.335,2640.0
Anomalia,0.021,0.1455,-0.0783,-0.9101,2880.0
Anomalia,0.0263,0.1423,-0.1508,-0.7723,2880.0
Anomalia,0.0217,0.1139,0.0057,-0.8035,2880.0
Anomalia,0.0272,0.1215,0.3305,0.1567,2880.0
Anomalia,0.0238,0.1206,0.4607,0.4111,2880.0
Anomalia,0.0171,0.1165,0.5575,0.6974,2640.0
Anomalia,0.0233,0.119,0.444,0.4531,2640.0
Anomalia,0.0169,0.1226,-0.0681,-0.3289,2640.0
Anomalia,0.0259,0.1429,0.1674,-0.2088,2640.0
Anomalia,0.0394,0.1641,0.2693,-0.2621,2880.0
Anomalia,0.0223,0.1695,0.369,-0.505,2880.0
Anomalia,0.0242,0.1611,0.4905,-0.2351,2880.0
Anomalia,0.022,0.1361,0.5633,0.5045,2880.0
Anomalia,0.0105,0.11,0.0269,-0.5988,2880.0
Anomalia,0.0304,0.111,0.0621,-0.6801,2880.0
Anomalia,0.0296,0.0982,0.0721,-0.5866,2880.0
Anomalia,0.0283,0.1072,-0.0233,-0.7339,3360.0
Anomalia,0.0299,0.103,0.007,-0.551,2880.0
Anomalia,0.014,0.1012,-0.0971,-0.5204,3360.0
Anomalia,0.0176,0.1084,-0.0139,-0.6045,3360.0
Anomalia,0.0281,0.1318,0.3335,0.4003,3360.0
Anomalia,0.0224,0.1537,0.1469,-0.1709,3360.0
Anomalia,0.0401,0.1895,0.0839,-0.5272,3120.0
Anomalia,0.0295,0.2056,0.0913,-0.9571,2880.0
Anomalia,0.0151,0.2049,0.0473,-0.9547,2880.0
Anomalia,0.0169,0.1961,0.0332,-0.8396,2640.0
Anomalia,0.0104,0.1586,-0.2642,-0.5815,2640.0
Anomalia,0.0182,0.1339,-0.516,0.1992,2880.0
Anomalia,0.028,0.0993,-0.5317,-0.0463,2880.0
Anomalia,0.0217,0.0792,-0.1646,-0.2834,2880.0
Anomalia,0.0256,0.086,0.0372,-0.2328,2880.0
Anomalia,0.0187,0.1318,0.0745,0.7533,2880.0
Anomalia,0.0159,0.1435,0.1788,0.0331,2880.0
Anomalia,0.0313,0.1611,0.0303,-0.6792,2880.0
Anomalia,0.0291,0.1876,0.0251,-0.7595,2880.0
Anomalia,0.0327,0.1873,0.0334,-0.5538,2880.0
Anomalia,0.0225,0.2203,-0.1214,-0.7321,2880.0
Anomalia,0.0172,0.2136,-0.1063,-0.5342,2880.0
Anomalia,0.0219,0.1894,-0.2432,0.0935,2880.0
Anomalia,0.0238,0.1633,-0.5084,1.0377,3120.0
Anomalia,0.0266,0.1033,-0.0648,-0.4507,1200.0
Anomalia,0.0289,0.1088,-0.0617,-0.6142,2880.0
Anomalia,0.0123,0.1112,-0.1012,-0.6981,2880.0
Anomalia,0.0159,0.1102,-0.0677,-0.609,2880.0
Anomalia,0.0277,0.1077,-0.1882,-0.4096,2640.0
Anomalia,0.0218,0.087,-0.3428,0.3032,2640.0
Anomalia,0.0332,0.0752,0.2779,-0.4173,3360.0
Anomalia,0.0267,0.0742,-0.1214,-0.5302,3360.0
Anomalia,0.0179,0.112,-0.2401,1.0929,3360.0
Anomalia,0.0272,0.1371,-0.0078,-0.1103,3120.0
Anomalia,0.0218,0.1383,0.1169,-0.2425,3120.0
Anomalia,0.0251,0.1368,0.099,-0.1188,3360.0
Anomalia,0.0267,0.1348,0.2183,-0.3936,2640.0
Anomalia,0.0157,0.1314,-0.0898,-0.2189,2640.0
Anomalia,0.0206,0.1518,-0.0665,-0.4095,2880.0
Anomalia,0.0234,0.1555,-0.1175,-0.5769,2880.0
Anomalia,0.0226,0.149,-0.1821,-0.5243,2880.0
Anomalia,0.0263,0.1438,-0.1345,-0.5822,3360.0
Anomalia,0.0185,0.1253,-0.2824,-0.8822,3120.0
Anomalia,0.0208,0.1316,-0.1002,-0.7288,3360.0
Anomalia,0.0222,0.1177,0.0076,-0.3606,2880.0
Anomalia,0.022,0.121,-0.0241,-0.2745,2640.0
Anomalia,0.031,0.1337,0.1662,-0.5208,2640.0
Anomalia,0.0211,0.1435,0.0999,-0.7248,3120.0
Anomalia,0.0294,0.1619,0.094,-1.0129,2880.0
Anomalia,0.0224,0.1638,0.1792,-0.97,2880.0
Anomalia,0.0206,0.1584,0.1064,-0.8741,2880.0
Anomalia,0.0238,0.1919,0.0597,-0.7027,2880.0
Anomalia,0.018,0.1898,0.0703,-0.7254,2880.0
Anomalia,0.0282,0.1926,-0.0399,-0.843,2880.0
Anomalia,0.0282,0.2216,-0.0752,-0.9793,2880.0
Anomalia,0.0159,0.2218,-0.1167,-0.8537,2880.0
Anomalia,0.0141,0.2468,0.0096,-0.8842,2880.0
Anomalia,0.019,0.2516,-0.0124,-0.954,2880.0
Anomalia,0.0202,0.2221,-0.0134,-0.4405,2880.0
Anomalia,0.0349,0.179,0.0983,0.6823,2880.0
Anomalia,0.0325,0.1161,0.2443,0.8489,2880.0
Anomalia,0.0213,0.0729,0.4996,0.2016,3360.0
Anomalia,0.0197,0.0725,0.4707,0.1146,3360.0
Anomalia,0.0131,0.0834,0.3033,0.0482,3360.0
Anomalia,0.0252,0.0927,0.1767,-0.1642,3360.0
Anomalia,0.0297,0.1107,-0.0176,-0.6272,3360.0
Anomalia,0.0234,0.1119,-0.0343,-0.6552,3360.0
Anomalia,0.0264,0.1177,-0.0595,-0.6451,3360.0
Anomalia,0.0148,0.1208,-0.079,-0.8846,3360.0
Anomalia,0.0187,0.1135,-0.1029,-0.7525,2640.0
Anomalia,0.0298,0.1239,-0.1686,-0.9255,2640.0
Anomalia,0.0268,0.1274,-0.096,-0.7203,2880.0
Anomalia,0.0259,0.1474,0.0773,-0.4722,2640.0
Anomalia,0.0241,0.1632,0.1384,-0.443,2640.0
Anomalia,0.008,0.156,0.3377,-0.0462,2640.0
Anomalia,0.0197,0.1759,0.1915,-0.4906,2880.0
Anomalia,0.0193,0.1607,0.2001,-0.2976,3360.0
Anomalia,0.0171,0.1677,0.1413,-0.7222,3360.0
Anomalia,0.0329,0.1693,-0.0035,-0.7077,3360.0
Anomalia,0.0223,0.1378,0.0718,-0.344,3360.0
Anomalia,0.0245,0.1331,0.0125,-0.0443,2880.0
Anomalia,0.018,0.1238,-0.213,-0.3625,2880.0
Anomalia,0.0127,0.1315,-0.241,-0.6713,2880.0
Anomalia,0.0281,0.1487,-0.1908,-0.7823,2880.0
Anomalia,0.0241,0.1475,-0.1052,-0.7926,2880.0
Anomalia,0.0261,0.1237,0.0898,-0.2628,2880.0
Anomalia,0.0302,0.1153,0.279,-0.1692,3120.0
Anomalia,0.0146,0.1102,0.251,0.3952,2880.0
Anomalia,0.0199,0.1644,0.0189,0.4845,2880.0
Anomalia,0.0268,0.1702,-0.0704,0.1711,3360.0
Anomalia,0.0176,0.17,0.007,0.0892,3360.0
Anomalia,0.019,0.1649,-0.0424,0.1806,3360.0
Anomalia,0.017,0.1133,-0.1048,-1.0362,3360.0
Anomalia,0.017,0.1488,0.4248,0.0648,2640.0
Anomalia,0.0216,0.16,0.3139,-0.3327,3120.0
Anomalia,0.0212,0.1496,0.4102,0.2689,2880.0
Anomalia,0.0241,0.1502,0.3942,0.211,2880.0
Anomalia,0.0193,0.1038,0.0324,0.395,3360.0
Anomalia,0.0167,0.0788,0.2469,-0.7034,2640.0
Anomalia,0.0266,0.1004,0.3617,-0.2685,3120.0
Anomalia,0.0207,0.0972,0.5154,0.0183,3360.0
Anomalia,0.0208,0.1232,0.3378,-0.5081,3360.0
Anomalia,0.0282,0.1276,0.1534,-0.688,3360.0
Anomalia,0.013,0.1326,0.0444,-0.6966,2880.0
Anomalia,0.0217,0.1365,-0.1155,-0.8227,2880.0
Anomalia,0.0242,0.1132,-0.36,-0.1472,2880.0
Anomalia,0.0128,0.123,-0.2962,-0.4108,3360.0
Anomalia,0.0199,0.1208,-0.2432,-0.049,2880.0
Anomalia,0.0184,0.1229,-0.1871,-0.1043,2640.0
Anomalia,0.0151,0.1372,-0.0857,-0.861,2640.0
Anomalia,0.0266,0.1405,-0.0011,-0.9371,3120.0
Anomalia,0.0201,0.143,0.0099,-1.0008,3120.0
Anomalia,0.017,0.1401,0.1182,-0.914,3120.0
Anomalia,0.0252,0.1493,0.1474,-0.8506,2880.0
Anomalia,0.017,0.1426,0.2258,-0.6596,2880.0
Anomalia,0.0242,0.1614,0.1739,-0.5789,2880.0
Anomalia,0.0187,0.1576,0.2473,-0.4221,2880.0
Anomalia,0.0164,0.1473,0.3035,-0.1138,2880.0
Anomalia,0.0274,0.1636,0.29,-0.1692,2880.0
Anomalia,0.0231,0.1697,0.2607,0.4174,2640.0
Anomalia,0.0291,0.1802,0.1199,-0.1532,2880.0
Anomalia,0.0191,0.1712,0.2273,0.3046,2880.0
Anomalia,0.007,0.1459,0.2186,1.4284,2880.0
Anomalia,0.0115,0.0965,0.2226,-0.3466,3120.0
Anomalia,0.0172,0.0988,0.4075,-0.0807,2880.0
Anomalia,0.0243,0.1062,0.1293,-0.5152,2880.0
Anomalia,0.0302,0.1019,0.0602,-0.0672,2880.0
Anomalia,0.0212,0.0985,0.1634,0.0776,2880.0
Anomalia,0.0115,0.0803,-0.264,-0.3936,3360.0
Anomalia,0.018,0.0828,0.0585,0.1822,3360.0
Anomalia,0.0144,0.0909,0.1147,-0.4706,3360.0
Anomalia,0.0275,0.113,0.1954,-0.5772,3360.0
Anomalia,0.0276,0.1386,0.0387,-0.4743,3120.0
Anomalia,0.0164,0.1408,0.0815,-0.6055,2880.0
Anomalia,0.0249,0.1466,-0.0382,-0.7639,2880.0
Anomalia,0.0146,0.1384,-0.0889,-0.5083,2880.0
Anomalia,0.0198,0.1496,-0.224,-0.016,2640.0
Anomalia,0.0253,0.1512,-0.2107,-0.0778,2640.0
Anomalia,0.0162,0.1443,-0.0759,0.2123,3360.0
Anomalia,0.019,0.1475,-0.1261,-0.0156,2880.0
Anomalia,0.0218,0.108,-0.0999,-0.6128,3360.0
Anomalia,0.0147,0.0991,-0.2085,-0.4527,2640.0
Anomalia,0.0204,0.0952,-0.4603,-0.0334,3120.0
Anomalia,0.0283,0.1255,0.3764,1.2472,2880.0
Anomalia,0.0215,0.1414,0.2655,0.2087,2880.0
Anomalia,0.0272,0.1508,0.1324,-0.1996,2880.0
Anomalia,0.0175,0.1517,0.2974,-0.2989,3360.0
Anomalia,0.0125,0.118,0.0954,-0.2612,3360.0
Anomalia,0.0168,0.1005,0.1584,-0.0769,2880.0
Anomalia,0.016,0.1042,-0.1324,-0.0675,2880.0
Anomalia,0.0324,0.1084,-0.4668,0.1022,2880.0
Anomalia,0.0255,0.1277,-0.3845,-0.3051,3360.0
Anomalia,0.0193,0.1288,-0.2896,-0.4675,3360.0
Anomalia,0.0178,0.1102,-0.1474,0.1573,3360.0
Anomalia,0.0077,0.1136,0.0411,-0.2289,3360.0
Anomalia,0.0233,0.0959,-0.0296,-0.8653,2880.0
Anomalia,0.0252,0.0961,-0.2142,-0.7859,3120.0
Anomalia,0.0212,0.1012,-0.1264,-1.0286,2640.0
Anomalia,0.0252,0.0965,-0.1816,-0.7191,2640.0
Anomalia,0.0106,0.0806,-0.1879,-0.3592,2640.0
Anomalia,0.0175,0.0751,0.0309,-0.2342,2640.0
Anomalia,0.0246,0.098,0.1698,0.5747,2640.0
Anomalia,0.0214,0.1094,0.3531,0.199,2640.0
Anomalia,0.0293,0.1344,-0.1033,-0.3,2640.0
Anomalia,0.0212,0.141,-0.0062,-0.7072,2640.0
Anomalia,0.0189,0.1266,-0.0292,-0.381,3360.0
Anomalia,0.0208,0.1403,-0.0642,-0.6077,3360.0
Anomalia,0.0188,0.1273,-0.0048,-0.6314,3360.0
Anomalia,0.016,0.137,-0.1041,-0.7761,3360.0
Anomalia,0.0264,0.1435,-0.2963,-0.7753,3360.0
Anomalia,0.0186,0.1347,-0.5232,-0.7081,3360.0
Anomalia,0.0177,0.1517,-0.2967,-0.9768,2880.0
Anomalia,0.0231,0.1421,-0.2639,-0.739,2880.0
Anomalia,0.0121,0.1332,-0.1198,-0.5956,2880.0
Anomalia,0.0224,0.1219,-0.0435,-0.4292,2880.0
Anomalia,0.0224,0.0953,0.0578,-0.7267,3360.0
Anomalia,0.0266,0.0999,-0.0329,-0.6525,3360.0
Anomalia,0.017,0.1053,0.0123,-0.6881,3360.0
Anomalia,0.0188,0.115,0.2192,-0.5509,3360.0
Anomalia,0.0213,0.1193,0.3632,-0.4829,2880.0
Anomalia,0.0173,0.121,0.4109,-0.5034,2880.0
Anomalia,0.0278,0.1231,0.3477,-0.6296,2880.0
Anomalia,0.0249,0.1255,0.3231,-0.7635,2640.0
Anomalia,0.0179,0.136,0.0307,-0.9134,2880.0
Anomalia,0.0172,0.1214,0.0186,-0.3099,2880.0
Anomalia,0.0243,0.1247,-0.1299,-0.3512,3120.0
Anomalia,0.0191,0.1103,-0.4233,0.2484,2880.0
Anomalia,0.0224,0.0904,-0.2407,0.3859,2640.0
Anomalia,0.0235,0.0964,-0.3104,-0.1227,2640.0
Anomalia,0.0114,0.0886,-0.1896,-0.6609,3120.0
Anomalia,0.0241,0.1158,0.4839,0.1537,2880.0
Anomalia,0.0231,0.114,0.5237,0.3279,3120.0
Anomalia,0.0269,0.1263,0.4642,-0.1184,3120.0
Anomalia,0.0186,0.1282,0.458,-0.0806,3120.0
Anomalia,0.0147,0.1271,0.3116,-0.4683,3360.0
Anomalia,0.012,0.159,0.1218,-0.7176,3360.0
Anomalia,0.0109,0.151,0.0657,-0.5221,3360.0
Anomalia,0.0278,0.1465,-0.1306,-0.2224,3360.0
Anomalia,0.022,0.1309,-0.2406,0.4737,3360.0
Anomalia,0.0275,0.1428,-0.4741,0.9814,3120.0
Anomalia,0.0154,0.1651,-0.3322,0.1332,2640.0
Anomalia,0.0183,0.1756,-0.2491,-0.2274,2880.0
Anomalia,0.0147,0.1808,-0.1883,-0.5127,3360.0
Anomalia,0.0218,0.1518,-0.1652,-0.2281,3360.0
Anomalia,0.0216,0.1429,-0.1866,-0.6234,3360.0
Anomalia,0.0198,0.1358,-0.3746,-0.7508,3360.0
Anomalia,0.023,0.142,-0.28,-0.7989,3360.0
Anomalia,0.0093,0.135,-0.1396,-0.7702,2880.0
Anomalia,0.0227,0.1225,-0.0308,-0.9012,2880.0
Anomalia,0.0242,0.1332,0.1244,-0.9435,2880.0
Anomalia,0.021,0.1217,0.212,-0.8091,2880.0
Anomalia,0.0278,0.1573,0.1027,-0.5844,2880.0
Anomalia,0.0211,0.1519,0.2107,-0.301,2880.0
Anomalia,0.012,0.1575,0.1406,-0.3032,3120.0
Anomalia,0.0158,0.1686,0.1498,-0.5886,3120.0
Anomalia,0.0235,0.1749,0.1732,-0.597,2880.0
Anomalia,0.0327,0.1921,0.0232,-1.0316,2880.0
Anomalia,0.0261,0.1916,0.0643,-1.0732,2880.0
Anomalia,0.0143,0.2119,-0.0133,-1.1494,2880.0
Anomalia,0.0113,0.2119,-0.024,-1.1104,2880.0
Anomalia,0.0067,0.1978,0.0061,-0.7787,2880.0
Anomalia,0.0195,0.1802,-0.0949,-0.1051,2880.0
Anomalia,0.0314,0.1357,0.132,1.6314,2640.0
Anomalia,0.026,0.0722,0.0983,-0.0963,3360.0
Anomalia,0.0191,0.0674,-0.0022,-0.9733,3360.0
Anomalia,0.009,0.0931,-0.7088,1.0566,3360.0
Anomalia,0.0151,0.1489,0.0324,0.3471,3360.0
Anomalia,0.0195,0.1604,0.0116,-0.2486,2880.0
Anomalia,0.0267,0.1758,-0.1636,-0.6807,2880.0
Anomalia,0.0295,0.168,-0.0455,-0.5312,2880.0
Anomalia,0.0273,0.1221,-0.2139,-0.1208,2880.0
Anomalia,0.0163,0.1247,-0.2421,-0.443,2640.0
Anomalia,0.015,0.1082,-0.1496,-0.5773,2640.0
Anomalia,0.0241,0.1198,-0.1895,-0.7213,2880.0
Anomalia,0.0077,0.1311,-0.0578,-0.9199,2880.0
Anomalia,0.0251,0.1515,0.1819,-0.4117,2640.0
Anomalia,0.0183,0.1564,0.2358,-0.58,2640.0
Anomalia,0.0159,0.158,0.1768,-0.4845,3360.0
Anomalia,0.0269,0.1603,0.1477,-0.6149,3360.0
Anomalia,0.0104,0.1246,0.0634,-0.2976,3360.0
Anomalia,0.0198,0.1107,-0.0364,0.46,3360.0
Anomalia,0.0198,0.0972,0.1315,0.1716,3360.0
Anomalia,0.0179,0.0972,-0.0288,-0.1298,2880.0
Anomalia,0.0241,0.1071,0.0447,-0.3474,2880.0
Anomalia,0.0168,0.1123,0.1514,-0.6899,2880.0
Anomalia,0.0165,0.1135,0.1234,-0.7231,2640.0
Anomalia,0.0245,0.1012,0.1071,-0.6565,2640.0
Anomalia,0.0194,0.0931,-0.1536,-0.6216,2640.0
Anomalia,0.0189,0.112,-0.3736,-0.0541,3360.0
Anomalia,0.0197,0.1077,-0.218,0.4896,3360.0
Anomalia,0.0157,0.1261,0.2105,0.3711,3120.0
Anomalia,0.0233,0.1357,-0.0001,-0.1327,3120.0
Anomalia,0.0236,0.1186,0.3518,0.4166,3120.0
Anomalia,0.0204,0.1389,0.1788,-0.3294,2640.0
Anomalia,0.0193,0.1263,0.0253,-0.4453,3360.0
Anomalia,0.0112,0.1234,0.229,-0.3951,3360.0
Anomalia,0.0214,0.1606,0.2285,-0.3938,2880.0
Anomalia,0.0286,0.1549,0.3048,-0.126,2880.0
Anomalia,0.0204,0.1569,0.3496,-0.2342,2880.0
Anomalia,0.0256,0.1664,0.2419,-0.6212,2880.0
Anomalia,0.0152,0.1372,0.2591,-0.8713,2880.0
Anomalia,0.0067,0.1184,0.159,-0.7762,2880.0
Anomalia,0.0226,0.1399,0.3105,-0.5964,2880.0
Anomalia,0.0171,0.1261,0.4768,-0.0592,3360.0
Anomalia,0.0219,0.12,0.4471,0.3345,3360.0
Anomalia,0.0258,0.1244,0.3527,-0.0125,3360.0
Anomalia,0.0113,0.1115,-0.3319,-0.3021,3360.0
Anomalia,0.0141,0.1081,-0.372,-0.0782,3360.0
Anomalia,0.0177,0.1088,-0.4292,0.0119,2640.0
Anomalia,0.016,0.1384,-0.2307,-0.5459,3120.0
Anomalia,0.0186,0.1202,-0.1073,-0.0241,2880.0
Anomalia,0.0241,0.1233,-0.135,-0.1367,2640.0
Anomalia,0.0129,0.1193,0.0834,-0.017,2640.0
Anomalia,0.0129,0.0775,0.1528,-0.3691,2640.0
Anomalia,0.013,0.1167,-0.0538,0.778,2640.0
Anomalia,0.0129,0.1144,-0.037,1.0184,3120.0
Anomalia,0.0223,0.1346,-0.0519,-0.1344,2880.0
Anomalia,0.0207,0.1516,-0.0268,-0.8249,2880.0
Anomalia,0.023,0.1224,0.0777,-0.6384,2880.0
Anomalia,0.0128,0.1301,0.0522,-0.8494,2880.0
Anomalia,0.0145,0.1219,-0.0564,-0.6155,2880.0
Anomalia,0.0254,0.147,0.1666,-0.1194,2640.0
Anomalia,0.0213,0.1502,0.1795,-0.3085,2640.0
Anomalia,0.0275,0.1436,0.1966,0.0276,2640.0
Anomalia,0.012,0.1608,-0.0418,-0.1433,2640.0
Anomalia,0.0086,0.1277,-0.5868,0.4366,2640.0
Anomalia,0.0152,0.1228,-0.7487,1.1102,2880.0
Anomalia,0.0186,0.1211,-0.8266,1.4113,2880.0
Anomalia,0.0316,0.0841,-0.0917,-0.1445,3360.0
Anomalia,0.0227,0.0844,-0.1499,-0.2115,3360.0
Anomalia,0.0171,0.0993,-0.2079,-0.4975,3360.0
Anomalia,0.0119,0.0987,-0.0195,-0.3329,3360.0
Anomalia,0.0164,0.1053,0.0364,-0.3511,3360.0
Anomalia,0.0197,0.1161,-0.0406,-0.5416,3360.0
Anomalia,0.0249,0.1323,0.0294,-0.5679,3360.0
Anomalia,0.0304,0.1424,-0.213,-0.7606,3360.0
Anomalia,0.0132,0.1466,-0.039,-0.957,3360.0
Anomalia,0.0239,0.1393,-0.1461,-0.6874,2880.0
Anomalia,0.0076,0.1406,-0.1933,-0.2263,3600.0
Anomalia,0.0113,0.1459,0.1195,-0.0595,2640.0
Anomalia,0.0219,0.1456,-0.0036,-0.0792,2640.0
Anomalia,0.0132,0.1384,0.075,0.3365,2640.0
Anomalia,0.0269,0.1478,0.1566,-0.2598,2880.0
Anomalia,0.0163,0.1494,-0.0319,-0.6133,2880.0
Anomalia,0.0138,0.159,-0.0963,-0.6721,2880.0
Anomalia,0.0139,0.1608,-0.0794,-0.7553,3360.0
Anomalia,0.0161,0.1517,-0.0822,-0.8316,3360.0
Anomalia,0.0221,0.1359,-0.106,-0.2929,3360.0
Anomalia,0.0273,0.1204,0.2044,-0.4733,3360.0
Anomalia,0.0187,0.1212,0.3125,-0.546,3360.0
Anomalia,0.0182,0.1178,0.089,-0.4008,3360.0
Anomalia,0.0221,0.1386,0.0867,-0.6069,3360.0
Anomalia,0.0188,0.1597,-0.1479,-0.6031,2880.0
Anomalia,0.025,0.1567,-0.2552,-0.3684,2880.0
Anomalia,0.0175,0.1372,-0.2195,0.3605,2880.0
Anomalia,0.0168,0.1144,-0.5745,1.6603,2880.0
Anomalia,0.0132,0.0833,-0.2009,-0.4574,2640.0
Anomalia,0.015,0.0904,-0.1554,-0.7197,2640.0
Anomalia,0.0317,0.0984,-0.302,-0.5311,2640.0
Anomalia,0.0177,0.1085,-0.2567,-0.8891,3120.0
Anomalia,0.022,0.0974,-0.3687,-0.4249,2640.0
Anomalia,0.0167,0.0897,-0.4565,-0.0097,2880.0
Anomalia,0.009,0.099,-0.1241,-0.3911,2640.0
Anomalia,0.0239,0.0966,0.0296,-0.2001,3120.0
Anomalia,0.0227,0.0986,0.0953,-0.4461,3120.0
Anomalia,0.0219,0.1212,0.0319,-0.1959,3120.0
Anomalia,0.0264,0.1265,0.0157,-0.1893,3120.0
Anomalia,0.0157,0.1249,0.0826,-0.1285,3360.0
Anomalia,0.0194,0.1417,0.0161,-0.7708,3360.0
Anomalia,0.0287,0.1484,0.0128,-1.015,3360.0
Anomalia,0.0144,0.1478,-0.0015,-0.97,3360.0
Anomalia,0.0188,0.1472,-0.0838,-0.9207,3360.0
Anomalia,0.0144,0.1468,-0.1005,-0.9002,3360.0
Anomalia,0.0129,0.1313,-0.2485,-0.6918,2880.0
Anomalia,0.023,0.1279,-0.1353,-0.5789,2880.0
Anomalia,0.0187,0.1343,-0.0495,-0.8637,3360.0
Anomalia,0.0254,0.1262,0.0213,-0.7595,3120.0
Anomalia,0.0158,0.1302,-0.0179,-1.0357,3120.0
Anomalia,0.0165,0.1204,-0.0907,-1.065,3120.0
Anomalia,0.0208,0.1237,-0.1581,-1.0745,2880.0
Anomalia,0.0099,0.1224,-0.1819,-1.0654,2880.0
Anomalia,0.0214,0.1219,-0.2006,-0.8554,2880.0
Anomalia,0.026,0.1308,-0.2279,-0.9095,2880.0
Anomalia,0.0248,0.1153,-0.0992,-0.4949,2880.0
Anomalia,0.0237,0.1322,-0.3213,-0.3773,3120.0
Anomalia,0.0165,0.1265,-0.2959,-0.2804,2640.0
Anomalia,0.0048,0.1113,-0.3033,0.3294,2880.0
Anomalia,0.0144,0.1264,-0.158,-0.2712,2640.0
Anomalia,0.0208,0.1144,0.4073,-0.0001,3360.0
Anomalia,0.0253,0.1082,0.4293,0.292,3360.0
Anomalia,0.0304,0.1149,0.2445,-0.1897,3360.0
Anomalia,0.0128,0.1068,0.2802,0.1643,3360.0
Anomalia,0.0161,0.1007,0.1226,-0.3802,2640.0
Anomalia,0.0209,0.1184,0.3709,-0.345,2640.0
Anomalia,0.0205,0.1153,0.4996,-0.1226,2640.0
Anomalia,0.0258,0.1299,0.0071,-0.1462,2880.0
Anomalia,0.0244,0.1368,0.0385,-0.2532,3360.0
Anomalia,0.0092,0.1605,-0.1014,-0.4436,3360.0
Anomalia,0.0142,0.1753,-0.0418,-0.8404,3360.0
Anomalia,0.0151,0.1665,0.0335,-0.6897,3120.0
Anomalia,0.0218,0.1574,-0.1358,-0.4167,3120.0
Anomalia,0.0281,0.1346,0.1642,-0.2849,2640.0
Anomalia,0.0196,0.1366,0.0225,-0.0963,3120.0
Anomalia,0.0218,0.1339,-0.006,0.0917,2880.0
Anomalia,0.0084,0.141,0.1013,-0.3123,2640.0
Anomalia,0.0172,0.1501,0.0828,-0.548,3360.0
Anomalia,0.0196,0.1406,0.008,-0.5908,3360.0
Anomalia,0.015,0.1662,-0.0322,-0.8952,3360.0
Anomalia,0.0272,0.1837,-0.0425,-1.0428,3360.0
Anomalia,0.0128,0.1827,0.0186,-1.0873,2880.0
Anomalia,0.0072,0.1922,0.0589,-1.1672,2880.0
Anomalia,0.0167,0.1777,0.0134,-1.0235,2880.0
Anomalia,0.0133,0.1574,-0.0097,-0.7694,2880.0
Anomalia,0.0238,0.1519,0.0356,-0.6194,2880.0
Anomalia,0.0313,0.1609,0.1395,-0.8617,2880.0
Anomalia,0.026,0.1562,0.2141,-0.7372,2880.0
Anomalia,0.0141,0.1604,0.2166,-0.8556,2880.0
Anomalia,0.0176,0.187,0.1373,-0.9263,2640.0
Anomalia,0.0122,0.167,0.1682,-0.5367,2640.0
Anomalia,0.0255,0.1685,0.0639,-0.5023,3360.0
Anomalia,0.0211,0.1687,0.0353,-0.4225,3360.0
Anomalia,0.0134,0.1398,-0.0837,-0.8136,2640.0
Anomalia,0.0192,0.1345,-0.1594,-0.5836,2880.0
Anomalia,0.0144,0.1326,-0.1662,-0.6305,2640.0
Anomalia,0.0232,0.1394,-0.1984,-0.6536,2640.0
Anomalia,0.0237,0.1176,-0.234,0.2283,3120.0
Anomalia,0.0156,0.1102,-0.1485,0.7048,3360.0
Anomalia,0.0061,0.1028,-0.2188,0.7162,3360.0
Anomalia,0.0115,0.1083,0.0726,0.4683,2880.0
Anomalia,0.0139,0.1156,0.0546,-0.0112,2880.0
Anomalia,0.0285,0.1332,0.1762,-0.0488,2880.0
Anomalia,0.0204,0.1511,-0.0513,-0.2718,2880.0
Anomalia,0.024,0.1288,-0.034,0.8023,3360.0
Anomalia,0.021,0.1302,0.0411,0.6958,2880.0
Anomalia,0.008,0.1178,-0.3332,0.5454,2880.0
Anomalia,0.024,0.0973,0.073,0.0133,3120.0
Anomalia,0.0143,0.106,-0.1231,-0.1455,2880.0
Anomalia,0.0081,0.1005,-0.1697,-0.1203,2880.0
Anomalia,0.018,0.1249,0.1487,-0.2833,2640.0
Anomalia,0.0101,0.1359,0.177,-0.591,2640.0
Anomalia,0.0209,0.1373,0.1819,-0.7288,2640.0
Anomalia,0.0279,0.1512,-0.0414,-0.7225,2640.0
Anomalia,0.0123,0.1281,0.0802,-0.176,2640.0
Anomalia,0.0196,0.11,-0.0453,0.786,2880.0
Anomalia,0.0181,0.1138,0.0648,0.5689,3120.0
Anomalia,0.004,0.1057,0.0446,0.0632,2640.0
Anomalia,0.0248,0.1135,-0.2731,-0.2061,2640.0
Anomalia,0.0207,0.1362,-0.1707,-0.6073,2640.0
Anomalia,0.018,0.1728,0.0424,-0.1121,2640.0
Anomalia,0.0276,0.1704,0.0743,0.0435,2880.0
Anomalia,0.0102,0.1696,0.2944,0.0856,2880.0
Anomalia,0.0136,0.1728,0.3579,-0.0415,3120.0
Anomalia,0.0113,0.1508,0.1379,-0.3495,3120.0
Anomalia,0.0206,0.1827,0.17,-0.5645,2880.0
Anomalia,0.0283,0.1909,0.1005,-0.7806,2880.0
Anomalia,0.0239,0.1817,0.1525,-0.4038,2880.0
Anomalia,0.0163,0.1848,0.1489,-0.4391,2640.0
Anomalia,0.0114,0.1528,-0.0986,-0.1263,2640.0
Anomalia,0.002,0.1635,-0.0821,-0.6081,2880.0
Anomalia,0.0171,0.1749,0.1113,-0.2919,2880.0
Anomalia,0.0216,0.1639,0.3291,-0.1029,2880.0
Anomalia,0.0211,0.1606,0.3738,0.079,2880.0
Anomalia,0.032,0.1412,0.5919,1.0708,2880.0
Anomalia,0.0079,0.1144,0.0938,0.1824,2880.0
Anomalia,0.0112,0.0887,-0.0318,-0.3582,2880.0
Anomalia,0.0188,0.0904,0.0706,-0.4167,2880.0
Anomalia,0.0095,0.098,-0.4321,0.582,2880.0
Anomalia,0.023,0.1038,-0.4512,0.5725,2640.0
Anomalia,0.0249,0.1164,-0.2599,-0.1307,2640.0
Anomalia,0.011,0.1277,-0.2358,-0.6132,3360.0
Anomalia,0.0193,0.142,-0.0693,-0.9631,3360.0
Anomalia,0.014,0.1481,0.0113,-1.1714,3120.0
Anomalia,0.0122,0.1478,0.0156,-1.2175,2880.0
Anomalia,0.0225,0.1369,-0.0216,-1.0215,2880.0
Anomalia,0.0167,0.11,0.1083,-1.005,2880.0
Anomalia,0.017,0.0971,0.1776,-0.7731,2880.0
Anomalia,0.0091,0.1187,-0.1793,-0.026,3120.0
Anomalia,0.0085,0.1249,-0.0738,-0.274,3120.0
Anomalia,0.0201,0.1306,-0.2304,-0.4644,3120.0
Anomalia,0.0227,0.1297,-0.3211,-0.3923,2880.0
Anomalia,0.0304,0.1028,-0.0471,-0.8309,2880.0
Anomalia,0.0245,0.1002,-0.1017,-1.1011,3360.0
Anomalia,0.0086,0.1222,-0.2724,-0.2963,2880.0
Anomalia,0.0131,0.131,-0.0958,-0.4042,2880.0
Anomalia,0.0199,0.1659,-0.005,-0.616,3120.0
Anomalia,0.0185,0.1696,0.0289,-0.6993,2640.0
Anomalia,0.03,0.173,0.0195,-0.7006,2880.0
Anomalia,0.0115,0.1877,0.0134,-1.0266,3360.0
Anomalia,0.0102,0.167,-0.0237,-0.9344,3360.0
Anomalia,0.021,0.1599,-0.2038,-0.6712,3360.0
Anomalia,0.0103,0.131,-0.1509,-0.0942,3360.0
Anomalia,0.0264,0.0964,0.5405,0.2807,3360.0
Anomalia,0.0177,0.0797,0.022,-0.0415,2880.0
Anomalia,0.0077,0.0967,-0.094,-0.1692,2640.0
Anomalia,0.0219,0.1079,-0.1177,-0.2251,3360.0
Anomalia,0.0164,0.1416,0.0939,-0.373,3360.0
Anomalia,0.0261,0.1675,-0.0781,-0.7454,3360.0
Anomalia,0.0309,0.2189,-0.1743,-0.2699,3360.0
Anomalia,0.0174,0.2259,-0.0821,-0.573,2880.0
Anomalia,0.0186,0.228,-0.0609,-0.62,2880.0
Anomalia,0.007,0.223,0.0838,-0.5131,2880.0
Anomalia,0.0055,0.2059,0.1461,-0.8254,3120.0
Anomalia,0.0148,0.2013,0.1574,-0.71,3120.0
Anomalia,0.0123,0.1948,0.0373,-0.5802,3360.0
Anomalia,0.0219,0.185,-0.0825,-0.2924,3360.0
Anomalia,0.0209,0.1465,-0.1053,-0.6663,3360.0
Anomalia,0.0176,0.1478,-0.1986,-0.8282,3360.0
Anomalia,0.0181,0.1405,-0.206,-0.9319,3360.0
Anomalia,0.0143,0.1294,-0.2401,-0.5771,3360.0
Anomalia,0.0195,0.1125,-0.4279,0.5091,3360.0
Anomalia,0.015,0.0966,-0.5138,1.2389,2880.0
Anomalia,0.0197,0.0933,0.063,0.4625,2880.0
Anomalia,0.0175,0.1169,-0.1668,-0.212,2880.0
Anomalia,0.0185,0.1198,-0.1419,-0.4115,3360.0
Anomalia,0.0204,0.1198,-0.2001,-0.3637,3360.0
Anomalia,0.023,0.1164,-0.174,-0.3518,3360.0
Anomalia,0.018,0.0956,0.2381,-0.3182,2880.0
Anomalia,0.0116,0.0972,0.4603,-0.2517,2880.0
Anomalia,0.0182,0.1082,0.2956,-0.7218,3120.0
Anomalia,0.0109,0.1157,0.0366,-0.1451,2640.0
Anomalia,0.0279,0.1313,0.0757,-0.3217,3360.0
Anomalia,0.0284,0.1474,-0.017,-0.7508,3360.0
Anomalia,0.0147,0.1504,0.1119,-0.8074,3120.0
Anomalia,0.0151,0.1415,0.1645,-0.7857,2880.0
Anomalia,0.0023,0.1321,0.0674,-0.7668,2880.0
Anomalia,0.0113,0.1201,-0.254,-0.7358,2640.0
Anomalia,0.0199,0.1082,-0.3389,-0.5363,2640.0
Anomalia,0.025,0.0967,-0.3925,-0.1632,3360.0
Anomalia,0.0246,0.1261,-0.3067,-0.0116,3360.0
Anomalia,0.0179,0.1239,-0.1543,-0.0604,3360.0
Anomalia,0.0107,0.1273,-0.0991,-0.2221,3360.0
Anomalia,0.0118,0.1294,-0.1524,-0.3666,3360.0
Anomalia,0.0192,0.1197,-0.0001,-0.4321,3360.0
Anomalia,0.0154,0.1424,-0.0611,-0.3054,3360.0
Anomalia,0.0297,0.1859,-0.003,-0.5443,3120.0
Anomalia,0.0179,0.2066,0.0382,-1.0584,3120.0
Anomalia,0.0152,0.2037,0.0075,-0.9881,2880.0
Anomalia,0.0148,0.1945,0.0363,-0.8992,2880.0
Anomalia,0.0065,0.1514,-0.1583,-0.8136,3120.0
Anomalia,0.0178,0.125,-0.1754,-0.6969,3120.0
Anomalia,0.0143,0.1282,-0.124,-0.7945,3120.0
Anomalia,0.0163,0.1244,-0.2124,-0.6583,3120.0
Anomalia,0.0189,0.1228,-0.2124,-0.4881,3120.0
Anomalia,0.013,0.1261,-0.2134,-0.6477,3360.0
Anomalia,0.0153,0.1019,-0.2265,-0.375,3360.0
Anomalia,0.0223,0.0873,-0.2328,-0.0554,3360.0
Anomalia,0.0223,0.1346,-0.2707,1.3012,3120.0
Anomalia,0.0253,0.1724,-0.118,0.2409,2640.0
Anomalia,0.0116,0.1869,-0.0883,-0.3762,2880.0
Anomalia,0.0091,0.1921,-0.03,-0.6194,2880.0
Anomalia,0.0158,0.1801,-0.0067,-0.5574,3120.0
Anomalia,0.0126,0.1406,-0.128,-0.2262,3120.0
Anomalia,0.0208,0.1262,0.2018,-0.3265,3120.0
Anomalia,0.0214,0.1296,0.2458,-0.3562,2880.0
Anomalia,0.0061,0.1063,0.1831,-0.7809,2640.0
Anomalia,0.0131,0.1063,0.272,-0.6998,2640.0
Anomalia,0.0203,0.1133,0.2985,-0.5371,3360.0
Anomalia,0.0149,0.0993,0.3392,-0.0982,2880.0
Anomalia,0.0224,0.1117,0.2749,-0.4871,2880.0
Anomalia,0.0147,0.1159,0.2919,-0.6877,3360.0
Anomalia,0.014,0.1368,0.3038,-0.2104,3360.0
Anomalia,0.0192,0.1764,0.2254,-0.6631,3360.0
Anomalia,0.0186,0.1875,0.1767,-0.8027,2880.0
Anomalia,0.0242,0.1991,0.0946,-1.0304,2880.0
Anomalia,0.0139,0.18,0.1902,-0.6774,2880.0
Anomalia,0.0073,0.1694,-0.0966,-0.336,2880.0
Anomalia,0.014,0.1766,-0.0062,-0.2405,2880.0
Anomalia,0.0076,0.1695,-0.0484,-0.0172,2880.0
Anomalia,0.0221,0.1919,-0.1446,-0.6725,2880.0
Anomalia,0.0216,0.1794,-0.041,-0.7487,3360.0
Anomalia,0.0125,0.1869,-0.2067,-0.7945,2880.0
Anomalia,0.024,0.2055,-0.1189,-0.9652,2880.0
Anomalia,0.0125,0.1965,-0.0483,-0.8556,2880.0
Anomalia,0.0092,0.1936,0.0435,-0.8629,2880.0
Anomalia,0.0272,0.1651,0.0225,-0.7061,2880.0
Anomalia,0.0069,0.1247,0.0256,-0.7323,3120.0
Anomalia,0.0194,0.1133,0.1896,-0.6896,2880.0
Anomalia,0.025,0.1271,0.0787,-0.5206,2880.0
Anomalia,0.0085,0.1184,0.2624,-0.2069,2640.0
Anomalia,0.0232,0.1533,0.25,-0.2622,2640.0
Anomalia,0.0133,0.1507,0.317,-0.0718,2640.0
Anomalia,0.017,0.1299,0.4789,1.0563,2880.0
Anomalia,0.0177,0.1712,-0.2124,0.8595,2880.0
Anomalia,0.0045,0.1972,-0.3836,0.2996,2880.0
Anomalia,0.0098,0.2364,-0.1073,-0.1382,2880.0
Anomalia,0.0187,0.2419,-0.1839,-0.3217,2880.0
Anomalia,0.0205,0.2188,-0.0868,0.1118,2880.0
Anomalia,0.0302,0.169,0.1841,2.2975,2880.0
Anomalia,0.0248,0.1115,-0.0495,-0.6715,2880.0
Anomalia,0.0077,0.0955,0.0539,-0.1518,2880.0
Anomalia,0.0109,0.0875,0.1809,-0.1024,2880.0
Anomalia,0.0072,0.0972,0.1471,-0.4387,2880.0
Anomalia,0.0193,0.0963,0.2285,-0.5045,2880.0
Anomalia,0.0271,0.1022,0.0187,-0.6639,2880.0
Anomalia,0.0158,0.1304,-0.1713,-0.2802,2880.0
Anomalia,0.0221,0.133,-0.2646,-0.3336,3360.0
Anomalia,0.0095,0.1284,-0.2177,-0.2964,3360.0
Anomalia,0.0092,0.1254,-0.2495,-0.1392,3360.0
Anomalia,0.024,0.0959,-0.2464,-0.4854,3360.0
Anomalia,0.0195,0.1045,-0.2087,-0.5208,2880.0
Anomalia,0.0181,0.1116,-0.0469,-0.4465,2880.0
Anomalia,0.0205,0.133,0.0317,-0.7965,2640.0
Anomalia,0.0032,0.1355,0.2491,-0.889,2640.0
Anomalia,0.0111,0.1313,0.2711,-0.7489,2880.0
Anomalia,0.0182,0.1228,0.2002,-0.6582,3360.0
Anomalia,0.0063,0.1048,0.2731,-0.7059,3360.0
Anomalia,0.0283,0.1068,0.1311,-0.7472,3360.0
Anomalia,0.0168,0.1115,-0.1339,-0.6343,3360.0
Anomalia,0.0106,0.1171,-0.1265,-0.7807,2880.0
Anomalia,0.0165,0.1774,-0.1089,0.2627,2880.0
Anomalia,0.0089,0.1965,0.0822,-0.3778,2880.0
Anomalia,0.0219,0.227,0.047,-0.7603,2880.0
Anomalia,0.0261,0.2248,0.0257,-0.6702,2880.0
Anomalia,0.0173,0.1783,0.3228,0.0595,2880.0
Anomalia,0.0239,0.1629,0.3019,0.5794,3120.0
Anomalia,0.0119,0.1158,0.0836,0.003,3120.0
Anomalia,0.016,0.1331,0.0278,-0.5414,3360.0
Anomalia,0.0251,0.1493,-0.0916,-0.9591,3360.0
Anomalia,0.0123,0.1524,-0.0669,-1.1639,2640.0
Anomalia,0.0203,0.1569,-0.0421,-1.3448,3360.0
Anomalia,0.0099,0.1526,-0.0499,-1.3131,2880.0
Anomalia,0.0116,0.1511,-0.0491,-1.2676,2640.0
Anomalia,0.0221,0.1609,0.0814,-1.0248,3360.0
Anomalia,0.0151,0.1597,0.3041,-0.7827,3360.0
Anomalia,0.0206,0.1445,0.4798,-0.2252,3360.0
Anomalia,0.0205,0.1553,0.3385,-0.4031,3360.0
Anomalia,0.011,0.1392,0.3423,-0.2605,2880.0
Anomalia,0.0228,0.1407,0.0976,-0.617,2880.0
Anomalia,0.0203,0.1468,0.0969,-0.9244,3360.0
Anomalia,0.0135,0.1513,-0.0936,-0.753,3360.0
Anomalia,0.0183,0.1491,-0.2592,-0.5843,3360.0
Anomalia,0.0147,0.1584,-0.2175,-0.6537,3360.0
Anomalia,0.0149,0.167,-0.2224,-0.9173,2880.0
Anomalia,0.0283,0.1647,-0.1018,-0.9969,2880.0
Anomalia,0.0114,0.1649,0.1275,-1.0686,2880.0
Anomalia,0.0106,0.15,0.1924,-0.9921,2880.0
Anomalia,0.0161,0.1394,0.2269,-0.6782,2640.0
Anomalia,0.0098,0.113,0.1032,-0.7086,2880.0
Anomalia,0.0231,0.1077,0.0464,-0.7284,3120.0
Anomalia,0.0233,0.095,-0.0173,-0.8558,3360.0
Anomalia,0.0134,0.0965,-0.0755,-1.0269,3360.0
Anomalia,0.0197,0.1026,-0.0963,-0.8365,3360.0
Anomalia,0.0232,0.1099,0.0662,-0.6884,2880.0
Anomalia,0.0185,0.1345,-0.1884,-0.6132,2880.0
Anomalia,0.0178,0.1362,-0.207,-0.6525,2880.0
Anomalia,0.0157,0.1477,-0.0419,-0.9126,2880.0
Anomalia,0.0192,0.1663,0.2275,-0.6332,2880.0
Anomalia,0.0173,0.1897,0.1222,-0.5368,2880.0
Anomalia,0.0249,0.194,0.025,-0.6728,2880.0
Anomalia,0.0121,0.1773,0.1962,0.008,2880.0
Anomalia,0.0039,0.1506,-0.0587,0.8428,2880.0
Anomalia,0.0132,0.0902,-0.0471,0.1057,3360.0
Anomalia,0.0186,0.0717,0.2346,-0.5061,2640.0
Anomalia,0.024,0.0687,0.3482,-0.4477,2640.0
Anomalia,0.0247,0.0683,0.3347,-0.4547,2400.0
Anomalia,0.0174,0.0736,0.4093,0.0754,2880.0
Anomalia,0.0037,0.0978,-0.0994,0.6256,3120.0
Anomalia,0.0163,0.1119,-0.0757,-0.1726,2880.0
Anomalia,0.0154,0.124,-0.0573,-0.7364,2880.0
Anomalia,0.0254,0.1327,-0.0346,-0.3031,2880.0
Anomalia,0.0294,0.168,-0.117,0.1807,2880.0
Anomalia,0.018,0.1664,0.0448,0.1725,3360.0
Anomalia,0.0192,0.1732,-0.0662,-0.0234,2880.0
Anomalia,0.0066,0.1697,0.0049,-0.1182,2880.0
Anomalia,0.0179,0.138,-0.0809,-0.622,2640.0
Anomalia,0.0129,0.1486,-0.2343,-0.7941,2640.0
Anomalia,0.0178,0.1377,-0.1876,-0.6897,2880.0
Anomalia,0.0217,0.134,-0.2452,-0.5383,2880.0
Anomalia,0.0114,0.1196,-0.4091,-0.5207,2880.0
Anomalia,0.022,0.1241,-0.1028,-0.6448,2640.0
Anomalia,0.0123,0.1199,0.0276,-0.5477,3120.0
Anomalia,0.0206,0.1527,0.1683,-0.6106,2880.0
Anomalia,0.0226,0.1667,0.1181,-0.9202,2880.0
Anomalia,0.0178,0.1744,0.0843,-0.6871,2880.0
Anomalia,0.0136,0.1849,0.0229,-0.9698,2880.0
Anomalia,0.0104,0.1689,-0.0695,-0.8492,2880.0
Anomalia,0.0126,0.1557,-0.1402,-0.5311,2880.0
Anomalia,0.0219,0.1373,-0.1779,-0.7974,2880.0
Anomalia,0.0345,0.1248,0.0058,-0.7173,3360.0
Anomalia,0.0246,0.1216,-0.0879,-0.6303,2640.0
Anomalia,0.0185,0.1159,0.0544,-0.5453,2640.0
Anomalia,0.0116,0.11,0.0264,-0.5569,2640.0
Anomalia,0.0065,0.1131,-0.0228,-0.7929,2880.0
Anomalia,0.0233,0.1182,0.2137,-0.8237,2880.0
Anomalia,0.0279,0.1294,0.0088,-0.9653,2880.0
Anomalia,0.0172,0.1344,0.0158,-1.0074,3360.0
Anomalia,0.023,0.1281,0.0062,-0.6773,3360.0
Anomalia,0.0096,0.1042,-0.1583,0.059,3360.0
Anomalia,0.0145,0.0942,-0.2328,0.3946,2880.0
Anomalia,0.0239,0.0779,0.255,0.5286,2880.0
Anomalia,0.0237,0.1015,0.538,1.5447,2640.0
Anomalia,0.0253,0.1379,-0.0552,0.2028,3120.0
Anomalia,0.0202,0.1516,-0.0185,-0.2384,3360.0
Anomalia,0.0182,0.1597,-0.126,-0.5358,3360.0
Anomalia,0.0153,0.159,-0.2146,-0.7896,3360.0
Anomalia,0.0144,0.1428,-0.0695,-0.7427,3360.0
Anomalia,0.0188,0.1565,-0.0971,-0.7817,3360.0
Anomalia,0.0245,0.1622,-0.0495,-0.815,2880.0
Anomalia,0.0164,0.1853,-0.1564,-0.7065,2880.0
Anomalia,0.0194,0.2075,-0.1768,-1.0157,2880.0
Anomalia,0.0161,0.1862,-0.1593,-0.5486,2640.0
Anomalia,0.0076,0.1731,-0.0857,-0.1479,2640.0
Anomalia,0.0242,0.1396,-0.0257,0.4226,2880.0
Anomalia,0.019,0.0929,0.3336,-0.7512,2880.0
Anomalia,0.0246,0.0924,0.2226,-0.8445,3120.0
Anomalia,0.0217,0.1033,-0.1093,-0.7697,3120.0
Anomalia,0.0134,0.1096,-0.0547,-0.9849,2640.0
Anomalia,0.0229,0.1391,0.1526,-0.4324,2880.0
Anomalia,0.0172,0.1427,0.2215,-0.5804,2880.0
Anomalia,0.0221,0.143,0.193,-0.5502,2880.0
Anomalia,0.0242,0.146,0.2062,-0.6107,3360.0
Anomalia,0.015,0.1217,0.065,-0.9379,2640.0
Anomalia,0.0176,0.112,-0.0117,-0.6004,2880.0
Anomalia,0.0256,0.1153,-0.0589,-0.8702,2640.0
Anomalia,0.0173,0.0953,-0.0866,-0.6689,2640.0
Anomalia,0.0177,0.0969,-0.026,-0.4932,3360.0
Anomalia,0.0204,0.0979,-0.0457,-0.3942,2880.0
Anomalia,0.0083,0.0815,0.0748,0.1499,3120.0
Anomalia,0.026,0.0886,-0.1631,-0.0308,3360.0
Anomalia,0.0229,0.0793,0.0033,-0.2614,3360.0
Anomalia,0.0227,0.0917,-0.0439,-0.6846,3360.0
Anomalia,0.0185,0.097,-0.1633,-0.8104,3360.0
Anomalia,0.0073,0.1218,0.1572,-0.4295,3360.0
Anomalia,0.0158,0.1442,0.3057,-0.6156,3360.0
Anomalia,0.0172,0.1496,0.4361,-0.5505,3360.0
Anomalia,0.0298,0.1549,0.2087,-0.7846,3360.0
Anomalia,0.0259,0.1296,0.5188,0.0603,2880.0
Anomalia,0.0269,0.1242,0.118,0.1531,2640.0
Anomalia,0.012,0.1281,-0.142,-0.2428,2640.0
Anomalia,0.0205,0.1208,-0.282,0.279,2880.0
Anomalia,0.0133,0.1257,-0.1581,-0.2289,2880.0
Anomalia,0.0217,0.1111,-0.2941,-0.0553,3360.0
Anomalia,0.0251,0.0997,-0.3257,-0.4759,3360.0
Anomalia,0.0137,0.0988,-0.065,-0.6238,3360.0
Anomalia,0.029,0.1114,-0.054,-0.7622,3360.0
Anomalia,0.012,0.1173,0.1783,-0.8166,3360.0
Anomalia,0.0204,0.1293,0.0135,-0.46,2880.0
Anomalia,0.0287,0.1361,-0.0742,-0.6598,2880.0
Anomalia,0.0221,0.1312,-0.1192,-0.4308,3360.0
Anomalia,0.0227,0.132,-0.2316,-0.5247,3360.0
Anomalia,0.0213,0.1116,-0.0587,-0.6128,3360.0
Anomalia,0.0115,0.1524,0.2564,0.9478,3360.0
Anomalia,0.0165,0.1763,0.1946,-0.0726,2880.0
Anomalia,0.0279,0.2025,0.0832,-0.639,2880.0
Anomalia,0.0272,0.2082,0.0443,-0.8252,2880.0
Anomalia,0.0222,0.2172,-0.11,-0.8499,2880.0
Anomalia,0.0061,0.2385,-0.1019,-1.0034,2880.0
Anomalia,0.0068,0.2314,-0.1244,-0.8492,2640.0
Anomalia,0.0129,0.2323,-0.1603,-0.8609,2880.0
Anomalia,0.0242,0.195,-0.2809,-0.2969,2880.0
Anomalia,0.0415,0.138,0.0044,0.4497,3120.0
Anomalia,0.0276,0.1005,-0.0482,-0.8552,2640.0
Anomalia,0.017,0.0888,-0.0969,-1.0156,2640.0
Anomalia,0.0122,0.0897,-0.1289,-0.9454,2640.0
Anomalia,0.012,0.1148,0.1461,-0.6094,3360.0
Anomalia,0.0175,0.1356,-0.1816,-0.546,3360.0
Anomalia,0.0269,0.151,-0.1929,-0.8068,3360.0
Anomalia,0.0236,0.1496,-0.1674,-0.7441,3360.0
Anomalia,0.0212,0.1388,-0.1152,-0.4813,2880.0
Anomalia,0.0163,0.1263,0.179,-0.6887,2880.0
Anomalia,0.013,0.1292,0.1593,-0.8062,3120.0
Anomalia,0.0236,0.1306,0.0673,-0.9138,2880.0
Anomalia,0.0139,0.1389,-0.1474,-0.8637,2880.0
Anomalia,0.0241,0.1723,0.0979,-0.2966,3360.0
Anomalia,0.0221,0.1613,0.1248,0.1864,2640.0
Anomalia,0.0104,0.1793,0.1435,-0.3316,2880.0
Anomalia,0.0241,0.2022,0.0891,-0.5626,3360.0
Anomalia,0.0167,0.1698,0.0272,-0.0728,3120.0
Anomalia,0.017,0.1634,0.0126,0.3066,2880.0
Anomalia,0.0253,0.1423,0.0623,1.294,2880.0
Anomalia,0.0142,0.1228,-0.0752,-0.0964,3120.0
Anomalia,0.0175,0.1444,-0.0569,-0.4926,2880.0
Anomalia,0.0206,0.1596,-0.0229,-0.962,2880.0
Anomalia,0.0199,0.1656,0.0155,-1.1459,2880.0
Anomalia,0.0265,0.1569,0.0319,-1.1126,2880.0
Anomalia,0.0254,0.1329,0.1077,-0.7876,2880.0
Anomalia,0.0159,0.1211,0.1163,-0.6105,2880.0
Anomalia,0.0197,0.1174,0.0913,-0.4253,3120.0
Anomalia,0.0202,0.1469,-0.003,0.6363,3120.0
Anomalia,0.0231,0.1587,-0.0909,0.0133,2880.0
Anomalia,0.0269,0.1589,-0.0602,0.0667,2880.0
Anomalia,0.0204,0.1559,-0.0183,0.1799,2880.0
Anomalia,0.0195,0.1127,-0.1053,-0.2921,3360.0
Anomalia,0.0166,0.112,0.0455,-0.6595,3360.0
Anomalia,0.0218,0.1162,-0.0607,-0.7516,2640.0
Anomalia,0.0257,0.1206,0.0301,-0.8387,3360.0
Anomalia,0.0234,0.1173,0.202,-0.8507,2880.0
Anomalia,0.0146,0.1116,0.2617,-0.5021,2880.0
Anomalia,0.0162,0.1112,0.1974,-0.5572,3360.0
Anomalia,0.0099,0.1173,-0.0356,-0.5497,3360.0
Anomalia,0.0275,0.1405,0.028,-0.5869,3360.0
Anomalia,0.0298,0.146,0.1518,-0.6666,2640.0
Anomalia,0.026,0.1486,0.1078,-0.7518,3360.0
Anomalia,0.0272,0.1484,0.201,-0.8633,2880.0
Anomalia,0.0101,0.1592,0.1873,-0.772,2880.0
Anomalia,0.0166,0.1467,0.0238,-0.4324,2880.0
Anomalia,0.0154,0.147,0.0761,-0.4656,2880.0
Anomalia,0.0202,0.1606,-0.0086,-0.6676,3120.0
Anomalia,0.0209,0.1264,0.0033,-0.2563,2880.0
Anomalia,0.0239,0.1265,-0.08,-0.2626,2880.0
Anomalia,0.0185,0.1124,0.0136,0.4878,2640.0
Anomalia,0.0135,0.0871,-0.7876,1.694,3120.0
Anomalia,0.0195,0.1527,0.1315,1.1696,2880.0
Anomalia,0.017,0.1579,0.1668,0.7008,2880.0
Anomalia,0.0279,0.1649,0.028,0.2832,2880.0
Anomalia,0.03,0.182,0.0676,-0.3756,2880.0
Anomalia,0.0206,0.1419,0.013,-0.541,2880.0
Anomalia,0.0172,0.1493,0.0269,-0.7943,2880.0
Anomalia,0.0163,0.152,0.0725,-0.8186,2880.0
Anomalia,0.0201,0.1478,0.1193,-1.065,3120.0
Anomalia,0.0221,0.1522,0.1318,-1.0499,2640.0
Anomalia,0.0301,0.142,0.1,-0.7292,2640.0
Anomalia,0.0142,0.1455,-0.0067,-0.6671,2640.0
Anomalia,0.0161,0.1294,-0.3414,-0.3469,3120.0
Anomalia,0.023,0.1129,-0.73,0.4359,3360.0
Anomalia,0.0199,0.1084,-0.7816,0.7295,3360.0
Anomalia,0.0305,0.0871,-0.6061,1.445,3360.0
Anomalia,0.0216,0.0927,-0.3552,0.3559,3360.0
Anomalia,0.0168,0.0936,-0.2734,0.1104,3360.0
Anomalia,0.0127,0.0978,-0.1153,-0.2661,3360.0
Anomalia,0.0212,0.1115,0.0475,-0.7493,3360.0
Anomalia,0.0228,0.1314,0.0995,-0.1982,3360.0
Anomalia,0.0267,0.1613,0.0325,-0.7733,3360.0
Anomalia,0.0318,0.1622,-0.0829,-0.7559,3360.0
Anomalia,0.0128,0.1527,0.1731,-0.4414,3360.0
Anomalia,0.0215,0.1246,0.0848,0.2929,2880.0
Anomalia,0.0113,0.1082,0.5841,1.4405,2640.0
Anomalia,0.0135,0.1251,0.4827,0.3956,3120.0
Anomalia,0.0239,0.1393,0.1852,-0.425,2880.0
Anomalia,0.0231,0.15,0.1848,-0.8543,3360.0
Anomalia,0.0281,0.1476,-0.0234,-1.2853,3360.0
Anomalia,0.0239,0.143,0.0277,-1.3102,3360.0
Anomalia,0.0215,0.159,-0.049,-1.1039,3360.0
Anomalia,0.0155,0.1678,0.1302,-0.8956,3360.0
Anomalia,0.0199,0.1869,0.097,-0.9144,2880.0
Anomalia,0.022,0.1871,0.0917,-0.9359,2880.0
Anomalia,0.0218,0.1657,0.2509,-0.4421,2880.0
Anomalia,0.0173,0.147,0.2457,-0.1425,2880.0
Anomalia,0.0177,0.1178,0.2073,-0.878,2880.0
Anomalia,0.0158,0.1269,0.0251,-0.3803,3360.0
Anomalia,0.0262,0.1413,-0.2189,-0.4845,2880.0
Anomalia,0.0264,0.1374,-0.2137,-0.2509,2880.0
Anomalia,0.015,0.1205,-0.1177,0.6203,3120.0
Anomalia,0.0221,0.0947,-0.2868,1.8131,3120.0
Anomalia,0.0136,0.0617,-0.3103,-0.4088,3360.0
Anomalia,0.0147,0.0947,-0.3023,1.1438,3360.0
Anomalia,0.036,0.1069,-0.5646,0.6004,3360.0
Anomalia,0.0194,0.1062,-0.2185,0.0512,2640.0
Anomalia,0.0159,0.1163,-0.178,-0.5651,2640.0
Anomalia,0.0262,0.0946,-0.3032,-0.7611,2640.0
Anomalia,0.0097,0.0868,-0.3084,-0.6703,2640.0
Anomalia,0.0227,0.0828,-0.673,0.1063,3120.0
Anomalia,0.0301,0.0749,-0.4617,0.3407,3360.0
Anomalia,0.0182,0.1234,-0.0661,1.6551,2880.0
Anomalia,0.0238,0.1361,-0.0036,0.8346,3360.0
Anomalia,0.0198,0.1454,0.0406,0.0647,3360.0
Anomalia,0.016,0.1556,0.0825,-0.4345,3360.0
Anomalia,0.0311,0.1393,0.0867,-0.8073,3360.0
Anomalia,0.0107,0.1535,-0.095,-0.9025,3360.0
Anomalia,0.0198,0.1514,-0.2141,-0.7767,3360.0
Anomalia,0.0151,0.165,-0.349,-0.7998,3120.0
Anomalia,0.0073,0.178,-0.1815,-1.0306,2880.0
Anomalia,0.0332,0.1769,-0.2622,-0.8456,2880.0
Anomalia,0.0188,0.1771,-0.0738,-0.9771,2880.0
Anomalia,0.0287,0.1555,0.0433,-0.6853,3120.0
Anomalia,0.0194,0.1291,0.0925,-0.4454,3120.0
Anomalia,0.0097,0.1087,0.0929,-0.9748,3120.0
Anomalia,0.0223,0.1044,-0.0089,-0.736,2880.0
Anomalia,0.0153,0.1234,-0.2626,-0.4515,2880.0
Anomalia,0.0189,0.132,-0.3495,-0.4247,3360.0
Anomalia,0.0309,0.1338,-0.4293,-0.2371,3360.0
Anomalia,0.0239,0.1339,-0.3572,-0.4031,2880.0
Anomalia,0.0185,0.1497,-0.2819,-0.4471,3120.0
Anomalia,0.0195,0.1579,0.0334,-0.2687,2640.0
Anomalia,0.0072,0.1514,0.1476,0.0208,2880.0
Anomalia,0.0137,0.1574,0.1129,-0.3107,2880.0
Anomalia,0.0277,0.1377,0.4212,0.0599,3360.0
Anomalia,0.0198,0.1167,0.2432,-0.2176,3120.0
Anomalia,0.0249,0.1287,0.1868,-0.5895,2880.0
Anomalia,0.0164,0.1257,0.2518,-0.3112,2880.0
Anomalia,0.0132,0.1262,0.3625,-0.3762,2880.0
Anomalia,0.0275,0.1412,0.2827,-0.7804,2880.0
Anomalia,0.0226,0.1359,0.3652,-0.5736,2880.0
Anomalia,0.0234,0.1726,0.0376,-0.7565,2880.0
Anomalia,0.0181,0.1716,-0.0736,-0.715,2880.0
Anomalia,0.0128,0.1796,-0.1358,-0.8416,3360.0
Anomalia,0.0213,0.1829,-0.2819,-0.8205,3360.0
Anomalia,0.0174,0.1446,-0.3147,-0.2998,3120.0
Anomalia,0.0263,0.1367,-0.3198,-0.1373,3120.0
Anomalia,0.023,0.1093,-0.0767,-0.1002,2400.0
Anomalia,0.0131,0.0946,0.1556,-0.7306,2640.0
Anomalia,0.0164,0.1383,0.3976,0.8206,2640.0
Anomalia,0.0128,0.1462,0.3809,0.3748,3360.0
Anomalia,0.0122,0.1804,0.1657,-0.4982,3360.0
Anomalia,0.0283,0.1963,-0.0017,-0.8635,3360.0
Anomalia,0.0268,0.1951,-0.1987,-0.955,3360.0
Anomalia,0.0264,0.2167,-0.1137,-1.1777,3360.0
Anomalia,0.026,0.2007,-0.1141,-1.0631,2880.0
Anomalia,0.0033,0.2111,0.0397,-1.2236,2880.0
Anomalia,0.0111,0.1888,-0.0082,-0.8971,2880.0
Anomalia,0.0128,0.1533,-0.2325,-0.38,2880.0
Anomalia,0.0238,0.1564,-0.0623,-0.0904,2880.0
Anomalia,0.0296,0.1529,0.0033,0.0272,2880.0
Anomalia,0.0237,0.1516,0.1045,-0.0024,2880.0
Anomalia,0.0083,0.1537,0.2767,-0.1335,2880.0
Anomalia,0.0142,0.2025,0.3293,0.106,3360.0
Anomalia,0.0128,0.1836,0.4677,0.9432,3120.0
Anomalia,0.0183,0.1946,0.4425,0.4367,3360.0
Anomalia,0.0214,0.2261,0.1534,-0.4775,2880.0
Anomalia,0.0105,0.1937,0.0816,-0.634,2640.0
Anomalia,0.0148,0.1919,0.0245,-0.5995,2880.0
Anomalia,0.0205,0.1895,-0.1193,-0.6865,2880.0
Anomalia,0.0294,0.1558,-0.0246,-0.6968,3360.0
Anomalia,0.0244,0.1248,-0.0138,-1.0519,3120.0
Anomalia,0.0214,0.1216,0.0855,-1.0833,3360.0
Anomalia,0.0058,0.1063,0.055,-1.1298,2640.0
Anomalia,0.0138,0.1402,0.3622,-0.0139,2640.0
Anomalia,0.0175,0.1501,0.2888,-0.335,2640.0
Anomalia,0.0248,0.1482,0.2506,-0.1574,2880.0
Anomalia,0.0266,0.156,0.1027,-0.4718,2880.0
Anomalia,0.0194,0.1198,-0.1025,-0.4343,3360.0
Anomalia,0.0186,0.1348,-0.1879,-0.0879,3360.0
Anomalia,0.0137,0.1472,-0.1088,-0.6862,2880.0
Anomalia,0.0201,0.1446,-0.1005,-0.5974,2880.0
Anomalia,0.0182,0.1595,-0.089,-0.9697,2880.0
Anomalia,0.0167,0.1421,-0.0179,-1.1774,2880.0
Anomalia,0.0206,0.1425,-0.0666,-1.207,2640.0
Anomalia,0.0193,0.1426,-0.0999,-1.1586,2640.0
Anomalia,0.0209,0.1288,-0.0842,-1.0738,2640.0
Anomalia,0.0251,0.1192,-0.1457,-0.8159,2640.0
Anomalia,0.0221,0.12,-0.066,-0.692,3120.0
Anomalia,0.0149,0.1173,0.0249,-0.6591,3120.0
Anomalia,0.0211,0.1103,-0.011,-0.3284,3120.0
Anomalia,0.0095,0.1227,-0.0278,-0.5675,3360.0
Anomalia,0.0196,0.107,-0.355,-0.129,2880.0
Anomalia,0.0279,0.1179,-0.4047,0.0852,3120.0
Anomalia,0.0256,0.1467,-0.0917,-0.4727,3360.0
Anomalia,0.0263,0.1397,-0.0001,-0.3181,2880.0
Anomalia,0.0112,0.1631,-0.0383,-0.6778,2880.0
Anomalia,0.0097,0.1595,-0.0125,-0.6334,3120.0
Anomalia,0.0075,0.1429,-0.2201,-0.5581,3120.0
Anomalia,0.0241,0.1524,-0.2775,-0.5819,3120.0
Anomalia,0.0323,0.1315,-0.0096,-0.7174,2640.0
Anomalia,0.0325,0.1286,0.1503,-0.64,2880.0
Anomalia,0.0203,0.1339,-0.001,-0.331,2880.0
Anomalia,0.0173,0.1253,-0.1546,-0.247,2880.0
Anomalia,0.0059,0.1264,-0.1619,-0.5609,2880.0
Anomalia,0.0163,0.132,-0.1342,-0.4279,3360.0
Anomalia,0.028,0.1201,0.0608,-0.5184,2880.0
Anomalia,0.0219,0.1131,0.1396,-0.2489,2880.0
Anomalia,0.0244,0.1063,0.3256,-0.0232,2880.0
Anomalia,0.0088,0.0869,-0.1096,-0.5803,2880.0
Anomalia,0.0109,0.0857,0.0823,-0.5988,2640.0
Anomalia,0.0184,0.0914,0.4394,0.3103,2640.0
Anomalia,0.0178,0.0946,0.1916,0.3906,3360.0
Anomalia,0.0274,0.1071,0.2837,0.0723,3360.0
Anomalia,0.0244,0.1056,0.3536,0.3146,3360.0
Anomalia,0.0142,0.1404,0.0563,0.1068,3360.0
Anomalia,0.0164,0.1486,0.0614,-0.3111,3360.0
Anomalia,0.0136,0.1544,0.0245,-0.635,3120.0
Anomalia,0.0167,0.1559,-0.0268,-0.7205,3120.0
Anomalia,0.0224,0.1288,-0.0468,-1.1364,2880.0
Anomalia,0.0238,0.1234,-0.077,-1.1313,2880.0
Anomalia,0.021,0.1036,-0.0351,-0.8596,2880.0
Anomalia,0.0059,0.1199,-0.0888,-0.4493,2880.0
Anomalia,0.0121,0.1224,0.1222,0.0819,3360.0
Anomalia,0.0225,0.119,0.1257,0.4189,3120.0
Anomalia,0.0228,0.1187,0.1185,0.4563,3120.0
Anomalia,0.0359,0.1227,0.2651,0.6206,2640.0
Anomalia,0.0212,0.1168,0.1602,0.675,2640.0
Anomalia,0.012,0.1142,0.1885,0.7641,3120.0
Anomalia,0.0131,0.1308,0.2757,-0.1375,2880.0
Anomalia,0.0109,0.1544,0.1635,0.0952,2640.0
Anomalia,0.0171,0.1693,0.0224,-0.4809,2640.0
Anomalia,0.0247,0.1817,0.0168,-0.8184,2880.0
Anomalia,0.0122,0.1915,0.032,-1.0072,3120.0
Anomalia,0.018,0.16,-0.0272,-0.8944,3120.0
Anomalia,0.0261,0.1404,-0.0951,-0.3784,3360.0
Anomalia,0.0159,0.1276,-0.2425,-0.2205,2880.0
Anomalia,0.0261,0.0942,0.0116,-0.469,2880.0
Anomalia,0.0156,0.0817,-0.0772,-0.2284,2880.0
Anomalia,0.0087,0.0948,0.0053,-0.1355,3120.0
Anomalia,0.0189,0.1005,0.2538,0.3677,3360.0
Anomalia,0.0191,0.1306,0.0513,-0.3633,3360.0
Anomalia,0.0289,0.1576,0.0293,-0.9416,3360.0
Anomalia,0.032,0.1841,-0.1099,-0.8708,3360.0
Anomalia,0.0159,0.1896,-0.045,-1.0063,3360.0
Anomalia,0.0169,0.1822,-0.0714,-0.8482,2880.0
Anomalia,0.0101,0.1626,-0.1543,-0.3395,2880.0
Anomalia,0.0069,0.1397,-0.0286,-0.2527,2640.0
Anomalia,0.0221,0.13,0.13,-0.1587,3120.0
Anomalia,0.0172,0.1211,0.2809,0.1911,3360.0
Anomalia,0.0249,0.1362,0.3188,-0.2974,3360.0
Anomalia,0.022,0.1573,0.1353,-0.5161,3360.0
Anomalia,0.0176,0.1571,0.1308,-0.572,3360.0
Anomalia,0.0175,0.1693,0.0228,-0.7616,2880.0
Anomalia,0.0139,0.1549,-0.0609,-0.285,2880.0
Anomalia,0.0215,0.1117,-0.4497,0.9255,2880.0
Anomalia,0.0194,0.0983,-0.5652,2.5711,3120.0
Anomalia,0.0205,0.0658,-0.2479,0.4579,2880.0
Anomalia,0.017,0.0727,-0.3078,-0.149,3120.0
Anomalia,0.0226,0.0769,-0.3917,-0.2354,3120.0
Anomalia,0.016,0.0961,-0.4862,-0.3813,3360.0
Anomalia,0.0285,0.1216,-0.0133,-0.26,3120.0
Anomalia,0.0187,0.1318,-0.0055,-0.7088,2880.0
Anomalia,0.0057,0.1319,0.2213,-0.7097,2880.0
Anomalia,0.0243,0.1262,0.113,-0.5457,2880.0
Anomalia,0.0079,0.1317,-0.0968,-0.3422,2640.0
Anomalia,0.0301,0.1292,-0.3052,0.1329,3120.0
Anomalia,0.0327,0.1449,-0.2434,-0.4408,3360.0
Anomalia,0.0151,0.1409,0.0016,-0.4452,3360.0
Anomalia,0.02,0.1074,0.2038,0.1711,2640.0
Anomalia,0.0069,0.1016,0.1989,0.4369,2880.0
Anomalia,0.014,0.083,-0.1825,-0.0018,2640.0
Anomalia,0.0246,0.0818,-0.2462,0.2205,2880.0
Anomalia,0.0282,0.0839,-0.4022,0.2019,2880.0
Anomalia,0.0259,0.1102,-0.2555,0.9768,3360.0
Anomalia,0.0208,0.1167,-0.1217,0.7306,2880.0
Anomalia,0.0079,0.1246,0.05,0.009,3360.0
Anomalia,0.0175,0.1471,0.2249,-0.4927,3360.0
Anomalia,0.0224,0.1409,0.363,-0.3214,3360.0
Anomalia,0.0169,0.1482,0.2035,-0.4015,3360.0
Anomalia,0.0307,0.1509,0.0565,-0.4458,3360.0
Anomalia,0.0112,0.1581,-0.0685,-0.8091,2880.0
Anomalia,0.014,0.1624,-0.1469,-1.0319,2880.0
Anomalia,0.0215,0.1456,-0.1888,-0.666,2880.0
Anomalia,0.0122,0.1351,-0.1051,-0.2968,2880.0
Anomalia,0.0265,0.1203,0.1765,-0.1752,3120.0
Anomalia,0.0205,0.1082,0.4654,0.097,3120.0
Anomalia,0.0172,0.1089,0.4844,0.0361,3120.0
Anomalia,0.0217,0.1147,0.3636,-0.3279,2880.0
Anomalia,0.0173,0.1098,0.4972,0.0898,3360.0
Anomalia,0.0207,0.1046,0.3433,-0.1147,3360.0
Anomalia,0.0272,0.1175,0.3521,-0.632,3360.0
Anomalia,0.0262,0.1268,0.1787,-0.5049,3360.0
Anomalia,0.0253,0.1714,-0.0508,-0.033,2880.0
Anomalia,0.0151,0.17,0.0473,-0.0083,2880.0
Anomalia,0.0096,0.176,0.1063,-0.2697,2880.0
Anomalia,0.0168,0.1813,0.0636,-0.4872,3360.0
Anomalia,0.0188,0.1301,0.0869,-0.6228,3120.0
Anomalia,0.0199,0.1261,0.1653,-0.5111,3120.0
Anomalia,0.0243,0.1087,0.0239,-0.1414,3120.0
Anomalia,0.0155,0.0824,-0.1133,-1.0226,3360.0
Anomalia,0.0155,0.1026,0.8699,1.3085,3360.0
Anomalia,0.0286,0.1295,0.6781,0.3538,3360.0
Anomalia,0.0208,0.1308,0.8525,0.4203,2880.0
Anomalia,0.0215,0.1479,0.5356,-0.4102,2880.0
Anomalia,0.0219,0.1414,0.3422,-0.6257,3360.0
Anomalia,0.0197,0.1364,0.1468,-0.9169,3360.0
Anomalia,0.024,0.1342,0.0139,-0.8809,3360.0
Anomalia,0.0244,0.1268,0.1013,-0.8367,3360.0
Anomalia,0.0228,0.1264,0.0155,-0.6955,3360.0
Anomalia,0.0133,0.1085,0.083,-0.6245,3360.0
Anomalia,0.007,0.1167,-0.1825,-0.3565,2640.0
Anomalia,0.0189,0.1393,-0.0233,-0.056,2640.0
Anomalia,0.0143,0.1454,-0.0203,-0.4284,2640.0
Anomalia,0.0264,0.1747,-0.1594,-0.7612,3360.0
Anomalia,0.0281,0.1851,-0.1254,-0.864,3360.0
Anomalia,0.0175,0.188,-0.0967,-0.9918,3360.0
Anomalia,0.0253,0.1996,-0.0911,-1.1203,2880.0
Anomalia,0.018,0.1892,-0.0041,-1.1298,2880.0
Anomalia,0.0105,0.1824,0.0701,-1.2268,2880.0
Anomalia,0.0242,0.1692,0.0701,-1.139,2880.0
Anomalia,0.0174,0.1468,0.0683,-0.8945,2880.0
Anomalia,0.0202,0.1552,-0.0069,-0.6317,2880.0
Anomalia,0.0293,0.1704,-0.0483,-0.8282,2880.0
Anomalia,0.0161,0.1557,-0.052,-0.4806,2880.0
Anomalia,0.0157,0.1704,0.0583,-0.6622,2880.0
Anomalia,0.0189,0.1678,0.3676,-0.3654,2640.0
Anomalia,0.0255,0.1419,0.5295,0.6697,2880.0
Anomalia,0.0156,0.1702,0.1299,-0.0634,2880.0
Anomalia,0.0154,0.2193,0.106,0.0827,2880.0
Anomalia,0.0165,0.2417,-0.0623,-0.2109,2880.0
Anomalia,0.0159,0.2443,-0.0422,-0.3156,2880.0
Anomalia,0.032,0.2383,-0.1023,-0.1353,2880.0
Anomalia,0.0323,0.1827,-0.1672,0.6432,3120.0
Anomalia,0.0229,0.1314,0.1244,-0.732,3120.0
Anomalia,0.0136,0.1268,0.2022,-0.6148,3120.0
Anomalia,0.0104,0.1073,0.0217,-1.1191,2880.0
Anomalia,0.0156,0.1026,-0.0706,-1.0185,2880.0
Anomalia,0.0249,0.0949,0.082,-0.7667,2880.0
Anomalia,0.0297,0.0891,0.103,-0.3726,2880.0
Anomalia,0.0228,0.0956,-0.1307,-0.1327,2880.0
Anomalia,0.0223,0.0968,0.076,0.1874,2880.0
Anomalia,0.018,0.1105,-0.0087,-0.4277,2880.0
Anomalia,0.0182,0.1209,-0.0608,-0.8682,2880.0
Anomalia,0.0255,0.109,-0.0357,-0.4505,2880.0
Anomalia,0.0232,0.1302,-0.0559,-0.8563,2880.0
Anomalia,0.0177,0.1209,0.0478,-0.5677,2880.0
Anomalia,0.0197,0.1214,0.1522,-0.5964,2640.0
Anomalia,0.009,0.1331,0.2719,-0.8773,2640.0
Anomalia,0.0124,0.1236,0.1618,-0.7874,2880.0
Anomalia,0.0254,0.1205,-0.0471,-0.6992,2880.0
Anomalia,0.0156,0.1196,-0.0622,-0.7042,2880.0
Anomalia,0.028,0.1074,-0.3288,-0.2758,3360.0
Anomalia,0.0205,0.0991,-0.3541,-0.6911,3360.0
Anomalia,0.0139,0.1025,-0.2401,-0.8919,3360.0
Anomalia,0.0153,0.1308,-0.1795,0.2058,3360.0
Anomalia,0.02,0.164,0.121,-0.233,2880.0
Anomalia,0.0269,0.1921,-0.0443,-0.6537,2880.0
Anomalia,0.0237,0.1881,0.0154,-0.5029,2880.0
Anomalia,0.0176,0.1657,0.2147,0.1172,2880.0
Anomalia,0.0161,0.1432,0.016,0.3583,3120.0
Anomalia,0.0071,0.1224,-0.0998,0.2117,3120.0
Anomalia,0.0179,0.1771,0.1472,-0.1475,3360.0
Anomalia,0.0299,0.1822,-0.0366,-0.3223,3360.0
Anomalia,0.0172,0.1849,0.1164,-0.3767,2880.0
Anomalia,0.0258,0.1888,0.1009,-0.5717,3360.0
Anomalia,0.0119,0.1451,0.0904,-0.6229,2880.0
Anomalia,0.0067,0.1394,0.1818,-0.3797,2880.0
Anomalia,0.028,0.1501,0.2464,-0.5256,2880.0
Anomalia,0.0154,0.1266,0.5717,-0.0034,2880.0
Anomalia,0.0242,0.1209,0.5668,0.3607,2880.0
Anomalia,0.0257,0.1172,0.6603,0.701,2880.0
Anomalia,0.0084,0.0803,-0.2851,-0.2128,2880.0
Anomalia,0.0227,0.0803,-0.2635,-0.3907,2880.0
Anomalia,0.0145,0.0897,0.0202,-0.6317,2880.0
Anomalia,0.0147,0.0871,-0.0311,-0.4163,2880.0
Anomalia,0.0146,0.1259,0.0406,0.1327,2880.0
Anomalia,0.0189,0.1272,0.1507,0.1529,2880.0
Anomalia,0.0179,0.1205,0.1428,0.655,2880.0
Anomalia,0.0277,0.1325,0.0198,-0.1652,3360.0
Anomalia,0.0178,0.097,0.3599,-0.5422,3120.0
Anomalia,0.0129,0.1164,0.3313,-0.1981,2880.0
Anomalia,0.019,0.1333,0.205,-0.7259,2880.0
Anomalia,0.0185,0.1468,0.154,-0.8541,2880.0
Anomalia,0.0237,0.1573,0.0403,-1.1736,3120.0
Anomalia,0.0221,0.1427,-0.0052,-1.0525,3120.0
Anomalia,0.0206,0.1333,0.017,-0.856,3120.0
Anomalia,0.019,0.1252,0.1777,-0.8007,3120.0
Anomalia,0.0208,0.1184,0.3185,-0.6367,2880.0
Anomalia,0.0259,0.1432,0.2622,-0.797,3360.0
Anomalia,0.0168,0.138,0.3804,-0.604,2880.0
Anomalia,0.0169,0.1379,0.2513,-0.4052,2880.0
Anomalia,0.0224,0.1707,0.1688,-0.594,2880.0
Anomalia,0.0114,0.1967,0.1091,-0.3784,2880.0
Anomalia,0.0233,0.2143,-0.0141,-0.8858,2880.0
Anomalia,0.0144,0.2046,0.1031,-0.6422,2880.0
Anomalia,0.0054,0.1918,0.0656,-0.4511,3120.0
Anomalia,0.0207,0.1501,-0.0197,-0.5936,3120.0
Anomalia,0.0226,0.1287,-0.2361,-0.0929,2880.0
Anomalia,0.0256,0.1327,-0.3326,-0.2434,2880.0
Anomalia,0.0275,0.1015,-0.0358,-0.2217,2880.0
Anomalia,0.0182,0.0851,-0.3736,-0.0179,2640.0
Anomalia,0.012,0.0852,-0.3169,-0.4923,3360.0
Anomalia,0.024,0.1274,0.3604,0.9922,2880.0
Anomalia,0.023,0.1592,-0.0134,0.0094,2880.0
Anomalia,0.0289,0.1735,0.0481,-0.3329,2880.0
Anomalia,0.0296,0.2194,-0.0532,-0.6505,2880.0
Anomalia,0.0098,0.2058,0.0796,-0.4322,2880.0
Anomalia,0.0225,0.2014,0.0105,-0.4096,2880.0
Anomalia,0.0048,0.1958,0.0835,-0.3756,2880.0
Anomalia,0.014,0.171,0.199,-0.4879,3120.0
Anomalia,0.0206,0.1695,0.1112,-0.4435,2640.0
Anomalia,0.0109,0.1494,0.2935,0.3466,3360.0
Anomalia,0.0233,0.1773,0.3074,-0.1499,3360.0
Anomalia,0.0085,0.1689,0.2358,-0.4433,2880.0
Anomalia,0.0147,0.177,0.2074,-0.6518,2880.0
Anomalia,0.019,0.1779,0.1415,-0.7019,2880.0
Anomalia,0.0204,0.1495,-0.081,-0.8346,2880.0
Anomalia,0.0238,0.1408,-0.1273,-0.6625,2880.0
Anomalia,0.0269,0.139,-0.1527,-0.3055,2880.0
Anomalia,0.0097,0.1491,-0.068,-0.7223,2880.0
Anomalia,0.0109,0.1515,-0.0397,-0.7749,2880.0
Anomalia,0.0235,0.1371,-0.0856,-0.3765,2880.0
Anomalia,0.0222,0.1233,-0.0306,-0.4527,3120.0
Anomalia,0.0351,0.1236,0.2723,-0.6885,3120.0
Anomalia,0.0231,0.1131,0.4823,-0.3298,2880.0
Anomalia,0.0101,0.1117,0.6248,-0.257,3360.0
Anomalia,0.0084,0.1113,0.2334,-0.4291,2640.0
Anomalia,0.01,0.1213,-0.1132,0.2839,3360.0
Anomalia,0.0243,0.1337,-0.1578,-0.1389,3360.0
Anomalia,0.0279,0.155,-0.1921,-0.6665,2880.0
Anomalia,0.0209,0.157,-0.0387,-0.8452,2880.0
Anomalia,0.0208,0.1376,0.094,-0.7918,2880.0
Anomalia,0.0149,0.1483,0.0957,-0.8473,2880.0
Anomalia,0.0205,0.1295,0.0619,-0.5453,2880.0
Anomalia,0.0265,0.116,-0.0065,0.1603,2880.0
Anomalia,0.0245,0.1134,0.0042,0.4007,2880.0
Anomalia,0.0227,0.1225,0.1728,0.708,3120.0
Anomalia,0.0211,0.1281,0.1801,0.239,3360.0
Anomalia,0.0128,0.132,0.2614,-0.0091,3360.0
Anomalia,0.0227,0.1553,0.2249,-0.7104,3360.0
Anomalia,0.0185,0.1268,0.3251,-0.397,3360.0
Anomalia,0.0158,0.1773,0.212,0.2671,3360.0
Anomalia,0.0235,0.1935,0.1765,-0.3114,2880.0
Anomalia,0.015,0.1974,0.1645,-0.4233,2880.0
Anomalia,0.0194,0.1968,0.0885,-0.3826,2880.0
Anomalia,0.0172,0.1508,0.1031,-0.4157,2880.0
Anomalia,0.011,0.1283,-0.1243,-0.2274,3120.0
Anomalia,0.0202,0.1132,-0.0187,-0.5821,3120.0
Anomalia,0.0221,0.1347,0.0575,-0.8321,3120.0
Anomalia,0.0205,0.1386,0.0395,-0.8101,3120.0
Anomalia,0.0239,0.1429,-0.0076,-0.902,2880.0
Anomalia,0.0159,0.1248,-0.0064,-0.3495,2880.0
Anomalia,0.0199,0.115,0.2792,-0.0107,2640.0
Anomalia,0.0248,0.1052,0.4943,0.2937,2640.0
Anomalia,0.0195,0.15,-0.1184,0.3625,2880.0
Anomalia,0.024,0.1898,-0.0022,-0.6592,2880.0
Anomalia,0.0164,0.1995,-0.0413,-0.9161,2880.0
Anomalia,0.0154,0.1988,-0.033,-0.911,2880.0
Anomalia,0.0249,0.1605,0.0054,-0.0395,2880.0
Anomalia,0.0154,0.118,-0.2534,0.2886,3120.0
Anomalia,0.0144,0.0822,-0.2342,-0.5064,3600.0
Anomalia,0.0164,0.0855,-0.2299,-0.3145,3360.0
Anomalia,0.0087,0.1029,-0.1827,-0.7163,3360.0
Anomalia,0.0269,0.112,-0.1289,-0.5093,3360.0
Anomalia,0.0247,0.1175,-0.0728,-0.6085,3360.0
Anomalia,0.021,0.1119,0.0399,-0.3547,3360.0
Anomalia,0.0198,0.1227,0.0825,-0.5681,2880.0
Anomalia,0.0074,0.1291,0.0753,-0.5247,3360.0
Anomalia,0.0127,0.1821,0.2075,-0.1677,3360.0
Anomalia,0.0232,0.1982,0.1761,-0.6259,3360.0
Anomalia,0.026,0.2156,0.0142,-0.7505,3360.0
Anomalia,0.0203,0.211,0.0775,-0.6515,2880.0
Anomalia,0.0202,0.1794,0.0244,-0.49,3120.0
Anomalia,-0.0005,0.1799,0.0214,-0.7124,2640.0
Anomalia,0.0176,0.1529,-0.0839,-0.8555,3360.0
Anomalia,0.0122,0.1461,0.0323,-0.6678,2640.0
Anomalia,0.0226,0.1279,-0.3278,-0.3701,3360.0
Anomalia,0.0265,0.1392,-0.3448,0.2373,3360.0
Anomalia,0.0096,0.1631,-0.0956,-0.2231,2880.0
Anomalia,0.0266,0.1856,-0.1692,-0.7089,2880.0
Anomalia,0.009,0.1834,0.0735,-0.7038,2880.0
Anomalia,0.0183,0.1612,0.091,-0.3591,2880.0
Anomalia,0.0262,0.1415,0.2298,-0.4517,3360.0
Anomalia,0.0213,0.1096,0.3458,-0.3444,3360.0
Anomalia,0.0223,0.1167,0.2127,-0.6826,3360.0
Anomalia,0.02,0.1074,0.2575,-0.39,2880.0
Anomalia,0.0117,0.1154,0.3662,0.6859,2880.0
Anomalia,0.0141,0.1526,0.273,-0.1036,2880.0
Anomalia,0.0269,0.1652,0.0589,-0.5116,2880.0
Anomalia,0.0206,0.1705,0.0977,-0.7657,2880.0
Anomalia,0.0147,0.1976,0.0077,-0.5394,2880.0
Anomalia,0.0058,0.223,-0.0423,-0.4351,2880.0
Anomalia,0.006,0.2313,0.0332,-0.5523,2880.0
Anomalia,0.0188,0.2292,-0.1074,-0.4385,2880.0
Anomalia,0.0287,0.1931,-0.2252,0.5082,2880.0
Anomalia,0.0359,0.1284,0.1637,1.1578,3120.0
Anomalia,0.0198,0.0977,-0.1818,-0.7994,3120.0
Anomalia,0.0158,0.1054,-0.0924,-1.064,3120.0
Anomalia,0.0118,0.1171,-0.114,-1.0696,3120.0
Anomalia,0.0117,0.1318,0.0423,-1.1038,3120.0
Anomalia,0.0264,0.1294,-0.0665,-0.9338,3120.0
Anomalia,0.0192,0.1247,-0.0241,-0.7206,3360.0
Anomalia,0.0209,0.1134,-0.0824,-0.344,3360.0
Anomalia,0.0204,0.0919,-0.4402,0.0517,3360.0
Anomalia,0.011,0.0969,-0.4272,-0.45,3360.0
Anomalia,0.0164,0.0944,-0.2964,-0.3094,2880.0
Anomalia,0.0229,0.1042,0.2317,-0.1733,2880.0
Anomalia,0.0138,0.1199,-0.1039,-0.3803,2880.0
Anomalia,0.0207,0.142,0.0157,-0.3323,2640.0
Anomalia,0.0166,0.1487,-0.0192,-0.6187,2640.0
Anomalia,0.0033,0.1954,0.0144,-0.5875,2880.0
Anomalia,0.0205,0.2037,0.0063,-0.6345,2880.0
Anomalia,0.0136,0.1799,0.0664,0.257,2880.0
Anomalia,0.0192,0.1736,0.0287,0.6839,2880.0
Anomalia,0.0282,0.1237,0.4503,0.9341,2880.0
Anomalia,0.0133,0.114,-0.1537,0.0139,2880.0
Anomalia,0.0164,0.1378,-0.1078,-0.2237,2880.0
Anomalia,0.0184,0.1758,-0.0007,-0.7739,2880.0
Anomalia,0.0184,0.2096,0.0486,-0.8902,2880.0
Anomalia,0.0201,0.2264,0.0536,-1.1212,2880.0
Anomalia,0.0217,0.2169,0.039,-0.9606,2880.0
Anomalia,0.0116,0.2062,0.0498,-0.8082,2880.0
Anomalia,0.014,0.1698,-0.0821,-0.6028,3120.0
Anomalia,0.0143,0.1569,-0.1443,-0.7031,3120.0
Anomalia,0.025,0.1617,-0.2942,-0.7673,3120.0
Anomalia,0.0188,0.1526,-0.2135,-0.9058,3120.0
Anomalia,0.0139,0.1578,-0.2244,-0.9029,2640.0
Anomalia,0.022,0.1439,-0.5053,-0.6712,2640.0
Anomalia,0.0066,0.1302,-0.3541,-0.2591,2880.0
Anomalia,0.0284,0.1318,-0.1893,0.0211,3120.0
Anomalia,0.0263,0.1415,-0.0368,-0.3414,3120.0
Anomalia,0.0167,0.1444,0.0493,-0.532,3120.0
Anomalia,0.0156,0.1479,0.0303,-0.7139,3120.0
Anomalia,0.009,0.1506,0.0834,-0.7937,3360.0
Anomalia,0.0098,0.1279,0.0532,-0.5447,2880.0
Anomalia,0.0299,0.1225,0.1063,-0.3449,3120.0
Anomalia,0.0251,0.1304,0.1029,-0.751,3120.0
Anomalia,0.0189,0.1175,0.0572,-0.8381,3360.0
Anomalia,0.0208,0.134,-0.017,-0.8772,3360.0
Anomalia,0.0032,0.154,0.0915,-0.8807,2880.0
Anomalia,0.016,0.1583,-0.045,-0.9843,2880.0
Anomalia,0.0198,0.1541,-0.062,-0.8259,2880.0
Anomalia,0.0168,0.1531,0.0652,-0.7731,2880.0
Anomalia,0.0218,0.1363,0.1572,-0.9568,2880.0
Anomalia,0.0169,0.1245,0.2108,-0.5293,2640.0
Anomalia,0.0161,0.1236,0.0973,-0.4514,2640.0
Anomalia,0.015,0.1131,-0.0994,-0.662,3120.0
Anomalia,0.0159,0.1265,0.0379,-0.1365,3120.0
Anomalia,0.0224,0.1313,0.0387,-0.3611,2880.0
Anomalia,0.0192,0.1308,0.2384,-0.3948,2880.0
Anomalia,0.0202,0.138,0.1484,-0.4294,2880.0
Anomalia,0.0193,0.1161,0.0482,-0.4376,2880.0
Anomalia,0.0116,0.1306,0.1567,-0.4721,2880.0
Anomalia,0.0126,0.1354,0.0715,-0.6161,2880.0
Anomalia,0.0251,0.1533,0.3902,-0.4714,3120.0
Anomalia,0.0116,0.1516,0.5729,-0.2876,3120.0
Anomalia,0.0227,0.1333,0.5404,0.4128,2880.0
Anomalia,0.0169,0.1413,0.3607,0.0796,2640.0
Anomalia,0.0035,0.1098,-0.3952,-0.2392,3120.0
Anomalia,0.024,0.1117,-0.6997,0.1297,3120.0
Anomalia,0.0191,0.1242,-0.3854,-0.6638,3360.0
Anomalia,0.0238,0.1039,-0.3454,-0.3069,3360.0
Anomalia,0.0253,0.1049,-0.1751,-0.8933,3360.0
Anomalia,0.0111,0.1006,0.0971,-0.797,3360.0
Anomalia,0.0088,0.1014,0.4079,-0.1289,3360.0
Anomalia,0.023,0.1158,0.2745,-0.7138,3360.0
Anomalia,0.0156,0.1491,0.0645,-0.0629,3360.0
Anomalia,0.0291,0.1738,-0.0198,-0.7315,3360.0
Anomalia,0.0273,0.1803,-0.0343,-0.889,3360.0
Anomalia,0.0095,0.1851,0.1,-1.0304,3360.0
Anomalia,0.0222,0.1629,0.0869,-1.0126,2880.0
Anomalia,0.005,0.1487,0.2205,-0.7731,2880.0
Anomalia,0.0113,0.1471,0.0969,-0.8703,2640.0
Anomalia,0.0182,0.1296,0.1844,-0.3342,2640.0
Anomalia,0.0185,0.1215,0.0908,-0.0951,2880.0
Anomalia,0.0261,0.1293,0.087,-0.2136,3360.0
Anomalia,0.0186,0.1169,0.2231,0.0203,3360.0
Anomalia,0.0148,0.1204,0.2205,-0.2229,3360.0
Anomalia,0.0153,0.1247,0.2634,-0.4084,3360.0
Anomalia,0.0127,0.1071,0.1378,-1.0472,3360.0
Anomalia,0.0173,0.1321,0.1606,-0.6835,2880.0
Anomalia,0.0281,0.1371,0.1406,-0.6717,2880.0
Anomalia,0.0116,0.1351,0.2343,-0.6147,2880.0
Anomalia,0.0229,0.1533,0.1507,-0.7401,2880.0
Anomalia,0.0213,0.1438,0.1216,-0.5673,3360.0
Anomalia,0.0193,0.1448,0.0357,-0.6896,3360.0
Anomalia,0.03,0.1414,-0.0969,-0.4297,2880.0
Anomalia,0.0167,0.1331,-0.1803,-0.7807,3360.0
Anomalia,0.0155,0.1175,-0.1801,-0.6524,2880.0
Anomalia,0.0155,0.1131,-0.0578,-0.5399,2640.0
Anomalia,0.0143,0.1541,0.1086,-0.2853,2640.0
Anomalia,0.0271,0.1451,0.1277,0.3494,2640.0
Anomalia,0.0253,0.1426,0.1349,0.5306,2640.0
Anomalia,0.0149,0.1458,0.1179,0.2585,2880.0
Anomalia,0.0236,0.1026,-0.0035,0.1272,2400.0
Anomalia,0.0162,0.0926,-0.2408,-0.1659,3120.0
Anomalia,0.0202,0.0906,-0.3609,0.0809,3120.0
Anomalia,0.0262,0.0783,0.1822,-0.4955,3120.0
Anomalia,0.0175,0.0749,-0.0295,-0.46,3120.0
Anomalia,0.0163,0.0894,0.063,-0.6555,3360.0
Anomalia,0.022,0.1022,0.1987,-0.8184,3360.0
Anomalia,0.0166,0.1099,0.2024,-1.0052,3360.0
Anomalia,0.0329,0.131,0.2076,-1.0204,3360.0
Anomalia,0.0168,0.1369,0.0887,-0.6528,3360.0
Anomalia,0.0156,0.1335,0.0271,-0.5779,3360.0
Anomalia,0.017,0.1412,-0.0884,-0.7767,3120.0
Anomalia,0.0048,0.1456,-0.0798,-0.9249,2400.0
Anomalia,0.0272,0.161,-0.063,-0.8595,2880.0
Anomalia,0.0218,0.1654,0.0727,-0.9163,2640.0
Anomalia,0.0252,0.1657,0.1057,-0.925,3120.0
Anomalia,0.0244,0.1467,0.1788,-0.4598,3120.0
Anomalia,0.0114,0.1213,0.23,-0.6467,3120.0
Anomalia,0.0167,0.1192,-0.0136,-0.9766,3120.0
Anomalia,0.0223,0.1206,-0.1636,-0.7955,2880.0
Anomalia,0.0197,0.1432,-0.1839,-0.6067,3360.0
Anomalia,0.0282,0.1553,-0.1861,-0.7122,3360.0
Anomalia,0.0284,0.1595,-0.1057,-0.8618,2880.0
Anomalia,0.0109,0.1553,0.153,-0.7156,2880.0
Anomalia,0.0148,0.1746,0.3457,-0.4925,2640.0
Anomalia,0.0191,0.1646,0.3361,-0.1843,2640.0
Anomalia,0.0182,0.1814,0.3214,-0.5474,3120.0
Anomalia,0.031,0.1879,0.1287,-0.7834,3120.0
Anomalia,0.0205,0.1487,0.2231,-0.5086,3120.0
Anomalia,0.0185,0.1513,0.2467,-0.588,3360.0
Anomalia,0.0128,0.1194,0.1603,-0.3244,2880.0
Anomalia,0.0133,0.0975,0.1391,-0.226,2880.0
Anomalia,0.0289,0.0983,-0.0691,-0.1706,2640.0
Anomalia,0.0224,0.0895,-0.3356,-0.7249,3360.0
Anomalia,0.0228,0.1016,-0.17,-0.5817,3360.0
Anomalia,0.0167,0.116,-0.0882,-0.736,3360.0
Anomalia,0.0118,0.1398,0.0296,-0.9375,3360.0
Anomalia,0.0202,0.1521,0.0262,-1.1511,3360.0
Anomalia,0.0176,0.1442,0.0313,-0.9591,3360.0
Anomalia,0.0277,0.1311,-0.095,-0.49,3120.0
Anomalia,0.0215,0.1072,0.0757,-0.469,3120.0
Anomalia,0.0167,0.0993,-0.3155,-0.5779,2640.0
Anomalia,0.0167,0.1494,-0.0062,0.8719,2640.0
Anomalia,0.0147,0.1534,0.0168,0.5473,2640.0
Anomalia,0.016,0.1784,0.0959,-0.3061,3360.0
Anomalia,0.0258,0.1737,0.0108,-0.0102,3360.0
Anomalia,0.025,0.1347,0.0949,0.0968,3360.0
Anomalia,0.0257,0.1328,0.1841,0.207,3360.0
Anomalia,0.0235,0.0988,0.0795,-0.5493,2880.0
Anomalia,0.0074,0.1174,0.0133,-0.6489,2880.0
Anomalia,0.017,0.1197,-0.1453,-0.6877,2880.0
Anomalia,0.014,0.125,-0.1794,-0.8809,2880.0
Anomalia,0.0315,0.1491,0.1218,-0.5104,3360.0
Anomalia,0.0296,0.1512,-0.0406,-0.2747,3360.0
Anomalia,0.0196,0.1498,0.1329,-0.2462,2880.0
Anomalia,0.016,0.1686,0.0463,-0.5826,3120.0
Anomalia,0.0136,0.1701,-0.0006,-0.7851,3360.0
Anomalia,0.0196,0.1622,0.0856,-0.7253,3360.0
Anomalia,0.0231,0.1654,0.0295,-0.8603,2880.0
Anomalia,0.0189,0.1604,0.1451,-0.9257,2880.0
Anomalia,0.009,0.1672,0.0575,-0.92,2640.0
Anomalia,0.0171,0.1801,0.0772,-1.0662,2880.0
Anomalia,0.0206,0.1913,0.0212,-1.2294,2880.0
Anomalia,0.0315,0.1782,-0.0478,-0.9809,2880.0
Anomalia,0.0296,0.1475,0.0638,-0.6592,2880.0
Anomalia,0.0169,0.1184,0.0153,-0.2049,3120.0
Anomalia,0.0141,0.1051,-0.0011,-0.6541,3120.0
Anomalia,0.0184,0.1054,-0.018,-0.6631,2640.0
Anomalia,0.0168,0.1318,-0.234,-0.4378,3360.0
Anomalia,0.0302,0.1388,-0.349,-0.5783,2880.0
Anomalia,0.0243,0.1299,-0.2769,-0.366,2880.0
Anomalia,0.0195,0.1312,-0.2717,-0.4367,2880.0
Anomalia,0.0204,0.1219,-0.1406,-0.7036,3360.0
Anomalia,0.0147,0.1225,-0.0755,-0.6898,3360.0
Anomalia,0.0269,0.1247,-0.1893,-0.699,3120.0
Anomalia,0.0148,0.1217,-0.0761,-0.7095,2880.0
Anomalia,0.0202,0.1106,-0.0291,-0.5167,2880.0
Anomalia,0.0218,0.1532,0.0801,0.1634,2640.0
Anomalia,0.0131,0.1535,0.1612,0.1299,2640.0
Anomalia,0.0241,0.1596,0.0446,-0.1724,2880.0
Anomalia,0.0205,0.1554,0.109,-0.0366,2880.0
Anomalia,0.02,0.1033,-0.0488,-0.5563,3120.0
Anomalia,0.0173,0.104,0.0438,-0.6079,2880.0
Anomalia,0.02,0.1332,0.1542,-0.0396,2880.0
Anomalia,0.0156,0.1595,0.048,-0.672,2880.0
Anomalia,0.0194,0.1778,0.1061,-1.0829,2880.0
Anomalia,0.0262,0.1993,-0.0088,-1.2509,2880.0
Anomalia,0.0271,0.1745,-0.0747,-0.8121,2880.0
Anomalia,0.0269,0.1506,0.0491,-0.2305,2880.0
Anomalia,0.0129,0.1322,-0.0058,0.3591,2880.0
Anomalia,0.0164,0.0978,-0.0585,-0.5404,2880.0
Anomalia,0.0106,0.1108,0.0547,-0.6548,3120.0
Anomalia,0.0214,0.122,0.2111,-0.389,3120.0
Anomalia,0.0353,0.1357,0.0904,-0.5967,2880.0
Anomalia,0.025,0.1249,0.2745,-0.1167,3360.0
Anomalia,0.018,0.1139,0.4756,0.4632,2640.0
Anomalia,0.02,0.1087,0.1964,-0.0307,2640.0
Anomalia,0.0103,0.1118,-0.0286,-0.3755,3360.0
Anomalia,0.0239,0.1336,0.0767,-0.7388,2880.0
Anomalia,0.0312,0.1351,-0.0439,-0.5917,2880.0
Anomalia,0.0166,0.1287,0.1669,-0.4007,2880.0
Anomalia,0.0222,0.1221,0.3277,-0.3135,2880.0
Anomalia,0.0097,0.1054,0.1951,-0.2703,2880.0
Anomalia,0.0122,0.109,0.5913,0.6676,2880.0
Anomalia,0.0293,0.1346,0.49,0.2624,2880.0
Anomalia,0.0201,0.1237,0.7668,1.0018,2880.0
Anomalia,0.0315,0.1306,0.5309,0.4122,2880.0
Anomalia,0.0234,0.1288,0.3277,0.1226,3360.0
Anomalia,0.0106,0.115,-0.1881,-0.0869,3360.0
Anomalia,0.0186,0.1105,-0.3679,0.4852,3360.0
Anomalia,0.0125,0.115,-0.2961,0.2063,2880.0
Anomalia,0.0194,0.1192,-0.2557,-0.0128,2880.0
Anomalia,0.026,0.1072,-0.1345,-0.2285,2640.0
Anomalia,0.0227,0.1051,-0.0885,-0.1821,2640.0
Anomalia,0.0199,0.0908,-0.038,-0.0614,2640.0
Anomalia,0.0175,0.1338,0.0263,1.1475,3120.0
Anomalia,0.0112,0.1448,0.0983,0.2728,2880.0
Anomalia,0.0276,0.1613,-0.0323,-0.4547,2880.0
Anomalia,0.0268,0.1762,-0.0772,-0.8407,2880.0
Anomalia,0.0223,0.1438,-0.0017,-0.8992,2880.0
Anomalia,0.0256,0.1432,-0.005,-0.8654,3120.0
Anomalia,0.0105,0.1391,0.0699,-0.888,3120.0
Anomalia,0.0147,0.143,0.2362,-0.6978,2880.0
Anomalia,0.017,0.1715,0.0654,-0.8877,2640.0
Anomalia,0.0153,0.168,0.0702,-0.7982,2640.0
Anomalia,0.0231,0.1699,0.024,-0.7838,2880.0
Anomalia,0.0182,0.1666,-0.0124,-0.8354,3360.0
Anomalia,0.0178,0.1366,0.1321,-0.78,3120.0
Anomalia,0.0294,0.1407,0.0644,-0.8633,3120.0
Anomalia,0.0223,0.1265,0.0735,-0.5628,3120.0
Anomalia,0.0178,0.1035,0.2073,-0.6606,3120.0
Anomalia,0.0222,0.104,0.134,-0.8269,3120.0
Anomalia,0.0091,0.104,-0.1525,-0.5978,3120.0
Anomalia,0.0172,0.1299,0.1951,-0.5546,3360.0
Anomalia,0.0288,0.1504,0.0817,-0.7781,3360.0
Anomalia,0.0201,0.1691,0.0491,-0.9848,3360.0
Anomalia,0.0299,0.1942,0.0629,-1.097,3360.0
Anomalia,0.0144,0.1907,0.1475,-1.0325,3360.0
Anomalia,0.0119,0.1895,0.1831,-1.0512,3360.0
Anomalia,0.0203,0.1769,0.2357,-0.8295,2880.0
Anomalia,0.0141,0.1631,0.2676,-0.8144,2640.0
Anomalia,0.0226,0.1526,0.2595,-0.6494,3120.0
Anomalia,0.0203,0.1331,0.3121,-0.0265,3360.0
Anomalia,0.0228,0.1365,0.2327,-0.1552,3360.0
Anomalia,0.0191,0.1155,0.279,-0.4946,3360.0
Anomalia,0.0228,0.1171,0.2304,-0.4637,3360.0
Anomalia,0.0169,0.1173,0.3207,-0.4385,3360.0
Anomalia,0.0157,0.1016,0.1589,-0.6759,3360.0
Anomalia,0.0179,0.1198,0.1662,-0.0491,3120.0
Anomalia,0.014,0.119,0.2743,-0.0256,2880.0
Anomalia,0.0207,0.127,0.0951,-0.4718,2640.0
Anomalia,0.0119,0.1325,0.1316,-0.6821,2640.0
Anomalia,0.0236,0.1221,-0.0135,-1.0149,2880.0
Anomalia,0.017,0.1449,-0.2259,-0.8934,2880.0
Anomalia,0.0246,0.1503,-0.2008,-0.9351,2880.0
Anomalia,0.0261,0.1461,-0.1831,-0.8167,2880.0
Anomalia,0.0098,0.1362,-0.0378,-0.6377,3120.0
Anomalia,0.0246,0.1078,0.2163,-0.7045,3120.0
Anomalia,0.0137,0.1236,0.2226,0.2123,3360.0
Anomalia,0.0284,0.1339,0.1053,-0.139,3360.0
Anomalia,0.0305,0.1462,0.0672,-0.53,3360.0
Anomalia,0.0176,0.1457,0.2422,-0.6021,3360.0
Anomalia,0.0179,0.1365,0.2285,-0.7825,2880.0
Anomalia,0.0104,0.1293,0.3432,-0.5322,2880.0
Anomalia,0.0199,0.1107,0.1735,-0.0099,2880.0
Anomalia,0.0208,0.1053,0.2123,0.4795,2880.0
Anomalia,0.0301,0.08,0.3681,0.3848,3360.0
Anomalia,0.0212,0.0909,-0.475,0.4691,3360.0
Anomalia,0.0125,0.1004,-0.2229,-0.3977,3360.0
Anomalia,0.0182,0.1077,-0.2431,-0.6099,3360.0
Anomalia,0.0174,0.1364,-0.0442,-0.4541,3360.0
Anomalia,0.0273,0.1442,0.0042,-0.4628,3360.0
Anomalia,0.0203,0.1477,0.0779,-0.6274,3360.0
Anomalia,0.0235,0.1558,0.0713,-0.8241,3360.0
Anomalia,0.0072,0.1605,0.0308,-0.8384,3120.0
Anomalia,0.0077,0.2153,0.1326,-0.2175,2880.0
Anomalia,0.0236,0.2152,-0.033,-0.1546,2880.0
Anomalia,0.0137,0.2055,0.0694,0.269,2880.0
Anomalia,0.034,0.1968,-0.0103,0.6834,3120.0
Anomalia,0.0217,0.138,0.0249,-0.5057,3120.0
Anomalia,0.0151,0.1364,0.0271,-0.513,2880.0
Anomalia,0.0154,0.1572,-0.096,-0.8853,2880.0
Anomalia,0.0181,0.1528,-0.1745,-0.7045,2880.0
Anomalia,0.0232,0.1429,-0.248,-0.4457,3360.0
Anomalia,0.0265,0.1514,-0.2968,-0.6524,2880.0
Anomalia,0.0306,0.1431,-0.2401,-0.8181,3120.0
Anomalia,0.0185,0.1648,-0.0217,-0.7609,3120.0
Anomalia,0.0164,0.1619,-0.0062,-0.7434,3120.0
Anomalia,0.0172,0.1694,0.1337,-0.8302,2880.0
Anomalia,0.019,0.185,0.1558,-0.8927,3120.0
Anomalia,0.0201,0.1554,0.1724,-0.4288,3120.0
Anomalia,0.0221,0.1506,0.2721,-0.2857,3120.0
Anomalia,0.0187,0.1502,0.1413,-0.3506,2640.0
Anomalia,0.0143,0.1241,0.05,-0.5284,2880.0
Anomalia,0.0175,0.1264,0.0293,-0.5524,2880.0
Anomalia,0.0263,0.1356,-0.042,-0.7051,2880.0
Anomalia,0.0231,0.1098,0.1383,-0.5795,2880.0
Anomalia,0.0228,0.1118,0.0805,-0.5942,2880.0
Anomalia,0.0176,0.1121,0.1183,-0.7944,3360.0
Anomalia,0.022,0.1197,0.2521,-0.5898,3360.0
Anomalia,0.0222,0.1526,0.0358,-0.4325,3360.0
Anomalia,0.0182,0.1455,0.1625,-0.0575,3360.0
Anomalia,0.0256,0.1596,0.0939,-0.4403,3120.0
Anomalia,0.0087,0.1492,0.1961,-0.1296,2640.0
Anomalia,0.0141,0.1273,0.2288,-0.2251,2640.0
Anomalia,0.027,0.1519,-0.031,-0.681,2640.0
Anomalia,0.0179,0.1439,0.0058,-0.6234,2640.0
Anomalia,0.0263,0.1494,-0.1336,-0.7127,3360.0
Anomalia,0.0271,0.1525,-0.0946,-0.7531,3360.0
Anomalia,0.0186,0.1779,-0.1429,-0.4707,2880.0
Anomalia,0.024,0.1838,-0.1824,-0.6205,2880.0
Anomalia,0.0201,0.2045,-0.0979,-0.9378,2880.0
Anomalia,0.0095,0.1987,-0.0532,-0.8016,2880.0
Anomalia,0.0202,0.1627,-0.1171,-0.4924,2880.0
Anomalia,0.02,0.1516,-0.0868,-0.0538,2880.0
Anomalia,0.0237,0.1324,-0.0309,-0.1786,2880.0
Anomalia,0.0248,0.1452,-0.0082,-0.4762,2880.0
Anomalia,0.015,0.1412,0.1374,-0.3262,2880.0
Anomalia,0.0098,0.1605,0.2102,-0.4559,3120.0
Anomalia,0.0117,0.1651,0.509,0.0947,2640.0
Anomalia,0.025,0.1485,0.5884,0.7816,2640.0
Anomalia,0.0182,0.1618,0.5987,0.3832,3120.0
Anomalia,0.0169,0.2008,0.1926,0.6338,3120.0
Anomalia,0.0179,0.2388,0.0757,-0.0885,2880.0
Anomalia,0.0193,0.2447,0.0757,-0.3262,2880.0
Anomalia,0.0252,0.236,-0.0137,-0.0336,2880.0
Anomalia,0.0307,0.1945,0.0621,0.5486,3120.0
Anomalia,0.0229,0.1214,0.0826,-1.0712,3120.0
Anomalia,0.0053,0.1091,0.1392,-0.947,3120.0
Anomalia,0.012,0.1195,0.1978,-1.0097,3120.0
Anomalia,0.0115,0.1072,0.1928,-0.925,3120.0
Anomalia,0.0196,0.1055,0.1771,-0.8809,2880.0
Anomalia,0.0274,0.1276,-0.1291,-0.7351,2880.0
Anomalia,0.0177,0.1455,-0.5027,-0.0405,2880.0
Anomalia,0.0174,0.1446,-0.4592,0.074,2880.0
Anomalia,0.0182,0.1472,-0.4238,-0.0332,2880.0
Anomalia,0.0189,0.1293,-0.5033,0.9481,2880.0
Anomalia,0.0259,0.1068,0.236,-0.6412,2880.0
Anomalia,0.0226,0.1056,0.1317,-0.7726,2880.0
Anomalia,0.016,0.0998,0.0728,-0.6031,2880.0
Anomalia,0.0195,0.1059,0.0633,-0.7335,2640.0
Anomalia,0.0111,0.1006,0.0152,-0.6178,2640.0
Anomalia,0.0156,0.0957,-0.0717,-0.2909,2640.0
Anomalia,0.0204,0.1232,-0.0113,-0.43,3360.0
Anomalia,0.0165,0.1224,-0.1645,-0.1685,3120.0
Anomalia,0.0276,0.1212,-0.3305,0.0873,2880.0
Anomalia,0.0183,0.1262,-0.2315,-0.3644,3360.0
Anomalia,0.0142,0.1108,-0.4484,-0.2702,3360.0
Anomalia,0.018,0.1091,-0.1893,-0.3903,2880.0
Anomalia,0.0138,0.1117,-0.0199,-0.5868,2880.0
Anomalia,0.0294,0.1243,0.0064,-0.8645,2880.0
Anomalia,0.0283,0.1164,0.1761,-0.9506,2880.0
Anomalia,0.0132,0.1176,0.1668,-1.0235,2880.0
Anomalia,0.0184,0.1128,0.0334,-0.9417,2880.0
Anomalia,0.005,0.1032,-0.0665,-1.0061,3120.0
Anomalia,0.0117,0.1518,0.0657,0.409,3360.0
Anomalia,0.0313,0.1546,-0.1485,0.4494,3360.0
Anomalia,0.0192,0.1676,0.0116,-0.3,2640.0
Anomalia,0.02,0.1744,-0.0549,-0.554,2640.0
Anomalia,0.0219,0.1515,0.006,-0.9883,2880.0
Anomalia,0.0046,0.1494,0.1404,-0.9037,2880.0
Anomalia,0.0248,0.1519,0.0461,-0.8689,2880.0
Anomalia,0.0206,0.1381,0.2692,-0.4272,2880.0
Anomalia,0.0128,0.1113,0.2877,0.3945,3360.0
Anomalia,0.0252,0.1003,0.5393,0.9624,3120.0
Anomalia,0.0094,0.0616,-0.2943,-0.0722,3120.0
Anomalia,0.0199,0.0775,-0.0869,0.9374,2640.0
Anomalia,0.0172,0.0948,0.3111,0.577,2880.0
Anomalia,0.0166,0.0995,0.431,0.34,2880.0
Anomalia,0.018,0.1151,0.2801,-0.2741,2880.0
Anomalia,0.02,0.1211,0.2803,-0.5366,2880.0
Anomalia,0.0181,0.111,0.1709,-0.4088,3360.0
Anomalia,0.0213,0.121,0.1621,-0.8103,3360.0
Anomalia,0.0135,0.1163,0.1919,-0.9162,3360.0
Anomalia,0.0118,0.1145,0.1735,-0.9594,2640.0
Anomalia,0.0195,0.1222,0.0941,-1.136,2640.0
Anomalia,0.0151,0.1149,0.0066,-1.0697,2640.0
Anomalia,0.0229,0.1202,-0.078,-0.9443,3120.0
Anomalia,0.0234,0.1093,-0.021,-0.7026,3120.0
Anomalia,0.0165,0.1091,-0.048,-0.7941,3120.0
Anomalia,0.0238,0.1193,-0.0931,-0.6644,3120.0
Anomalia,0.0163,0.1293,-0.275,-0.4056,3120.0
Anomalia,0.0178,0.1489,-0.2042,-0.8621,3120.0
Anomalia,0.0229,0.1574,-0.2428,-0.976,3120.0
Anomalia,0.0141,0.1704,-0.1302,-1.2039,3120.0
Anomalia,0.0262,0.1684,-0.16,-1.2156,2880.0
Anomalia,0.022,0.1786,-0.1448,-0.8544,2640.0
Anomalia,0.017,0.1823,-0.1323,-0.937,2640.0
Anomalia,0.0192,0.1684,-0.1419,-0.6292,2880.0
Anomalia,0.0117,0.1568,-0.0364,-0.2869,2880.0
Anomalia,0.0207,0.1234,-0.2089,-0.5028,2880.0
Anomalia,0.0282,0.1034,-0.0085,-0.66,3360.0
Anomalia,0.0249,0.0886,-0.0098,-0.555,3120.0
Anomalia,0.0213,0.0856,-0.166,-0.4952,3120.0
Anomalia,0.0142,0.1013,0.1803,-0.5436,3120.0
Anomalia,0.009,0.0946,0.2311,-0.35,2880.0
Anomalia,0.019,0.1152,0.3073,-0.7525,2880.0
Anomalia,0.0283,0.1169,0.2033,-0.8249,3360.0
Anomalia,0.0256,0.1125,0.514,-0.0988,3360.0
Anomalia,0.0328,0.1635,0.0248,-0.2194,3360.0
Anomalia,0.0133,0.1554,0.186,0.1552,3360.0
Anomalia,0.0182,0.164,0.0955,-0.253,2880.0
Anomalia,0.0184,0.1639,-0.0256,-0.3762,2880.0
Anomalia,0.0141,0.1524,0.103,-0.3262,2640.0
Anomalia,0.0297,0.1642,0.031,-0.5665,2640.0
Anomalia,0.0204,0.1554,0.1742,-0.2355,3360.0
Anomalia,0.0227,0.166,0.2194,-0.541,3360.0
Anomalia,0.0199,0.1427,0.2253,-0.6438,2880.0
Anomalia,0.0141,0.1223,0.2125,-0.3462,2880.0
Anomalia,0.0235,0.1286,0.2509,-0.4935,2880.0
Anomalia,0.0204,0.1064,0.1646,-0.3982,2880.0
Anomalia,0.0224,0.1009,0.3246,-0.2206,3360.0
Anomalia,0.0271,0.1233,0.11,-0.236,3360.0
Anomalia,0.0148,0.1146,0.1194,-0.1206,3360.0
Anomalia,0.014,0.1174,0.1271,-0.2193,3360.0
Anomalia,0.0205,0.1096,0.0489,0.2301,3360.0
Anomalia,0.0285,0.1008,0.2181,-0.2347,3120.0
Anomalia,0.0282,0.1049,0.0828,-0.2858,3120.0
Anomalia,0.0257,0.102,0.1271,-0.3128,3120.0
Anomalia,0.0152,0.1091,0.2005,-0.6831,3120.0
Anomalia,0.0102,0.1086,0.0016,-0.3288,3120.0
Anomalia,0.0172,0.1189,-0.08,-0.3034,3360.0
Anomalia,0.0318,0.1418,-0.0144,-0.5813,3360.0
Anomalia,0.0314,0.1538,-0.098,-0.6374,3120.0
Anomalia,0.0226,0.1692,-0.033,-0.9889,2880.0
Anomalia,0.0196,0.1647,0.0094,-0.9421,2880.0
Anomalia,0.0121,0.1447,-0.0798,-0.5397,2640.0
Anomalia,0.0201,0.1228,-0.2273,0.2383,2640.0
Anomalia,0.0236,0.0794,-0.2889,0.2257,3120.0
Anomalia,0.0252,0.0627,0.2046,-0.841,3120.0
Anomalia,0.0215,0.0953,0.1816,1.4501,3120.0
Anomalia,0.02,0.1009,0.1584,0.7692,2880.0
Anomalia,0.0153,0.109,0.1181,0.0219,3360.0
Anomalia,0.0216,0.1206,0.0968,-0.5149,3360.0
Anomalia,0.0193,0.1093,0.129,-0.653,3360.0
Anomalia,0.0225,0.1556,0.0181,0.0123,2880.0
Anomalia,0.0247,0.1765,-0.045,-0.6173,2880.0
Anomalia,0.0141,0.2157,-0.0573,-0.9735,2880.0
Anomalia,0.0267,0.2247,-0.1626,-1.0834,2880.0
Anomalia,0.0146,0.1932,-0.0502,-0.6021,2880.0
Anomalia,0.0214,0.1705,-0.1703,0.3525,2640.0
Anomalia,0.0323,0.1113,0.2573,0.8992,2880.0
Anomalia,0.0216,0.082,0.0187,-0.6924,2880.0
Anomalia,0.0266,0.1047,-0.2381,-0.2238,2880.0
Anomalia,0.0215,0.1118,-0.1272,-0.5952,2880.0
Anomalia,0.0178,0.11,-0.0835,-0.5289,2880.0
Anomalia,0.0238,0.108,-0.1538,-0.3382,2640.0
Anomalia,0.0263,0.0889,0.2109,0.0862,2640.0
Anomalia,0.0228,0.1551,-0.0964,1.437,2880.0
Anomalia,0.0268,0.1933,0.0113,0.0517,2880.0
Anomalia,0.0228,0.2105,-0.0015,-0.5768,2880.0
Anomalia,0.0227,0.2119,-0.0115,-0.6477,2880.0
Anomalia,0.0279,0.1699,0.032,-0.0418,2640.0
Anomalia,0.0156,0.121,-0.0339,0.2807,3120.0
Anomalia,0.017,0.092,0.4602,-0.4189,3600.0
Anomalia,0.0186,0.1026,0.1409,-0.4878,3360.0
Anomalia,0.0147,0.0967,0.0138,-0.3309,3360.0
Anomalia,0.0319,0.1085,-0.1385,-0.63,3120.0
Anomalia,0.0271,0.1031,-0.1621,-0.5268,3360.0
Anomalia,0.0242,0.0937,0.1346,-0.2896,3360.0
Anomalia,0.0223,0.1326,-0.1704,0.1331,2880.0
Anomalia,0.0085,0.14,0.0273,-0.1898,3360.0
Anomalia,0.0272,0.2242,0.2655,0.2312,3360.0
Anomalia,0.0251,0.2324,0.2371,-0.1255,3360.0
Anomalia,0.0316,0.24,0.2222,-0.328,2880.0
Anomalia,0.0282,0.2498,0.1885,-0.5801,2880.0
Anomalia,0.0135,0.1837,0.0914,-0.8179,2880.0
Anomalia,0.0108,0.2052,0.0772,-0.9907,2880.0
Anomalia,0.0191,0.1856,-0.0453,-0.6698,3360.0
Anomalia,0.0154,0.1684,0.0352,-0.3885,2880.0
Anomalia,0.0257,0.1705,-0.0857,-0.4328,3360.0
Anomalia,0.0311,0.1527,0.0109,-0.5354,3360.0
Anomalia,0.0144,0.1492,-0.1412,-0.5274,3360.0
Anomalia,0.0271,0.1623,-0.136,-0.7004,3360.0
Anomalia,0.0126,0.156,-0.0257,-0.488,2880.0
Anomalia,0.0146,0.1329,-0.1808,0.0144,2880.0
Anomalia,0.0262,0.128,0.0999,-0.3478,3360.0
Anomalia,0.0205,0.1043,0.131,-0.3846,3360.0
Anomalia,0.0258,0.1135,0.3258,-0.7517,3360.0
Anomalia,0.0185,0.109,0.5114,-0.4895,3360.0
Anomalia,0.0126,0.0963,0.5091,-0.0422,3360.0
Anomalia,0.0246,0.1024,0.167,-0.4027,2640.0
Anomalia,0.0234,0.0942,0.0714,-0.8656,2640.0
Anomalia,0.0238,0.1024,-0.3118,-0.4685,2640.0
Anomalia,0.0188,0.183,-0.3853,0.8736,2880.0
Anomalia,0.0069,0.252,-0.0792,-0.1764,2880.0
Anomalia,0.0145,0.2709,-0.1,-0.5869,2880.0
Anomalia,0.0298,0.2718,-0.2401,-0.5468,2880.0
Anomalia,0.0334,0.2252,-0.2129,0.643,2880.0
Anomalia,0.0367,0.1425,-0.02,1.6128,2880.0
Anomalia,0.0228,0.1087,-0.2001,-0.3651,2640.0
Anomalia,0.012,0.1096,-0.1842,-0.4429,2880.0
Anomalia,0.0213,0.1242,-0.1822,-0.8845,2880.0
Anomalia,0.0148,0.1241,-0.1105,-0.9143,2880.0
Anomalia,0.0317,0.1195,-0.3087,-0.8504,3360.0
Anomalia,0.0237,0.1347,-0.6079,0.3252,3360.0
Anomalia,0.0159,0.1303,-0.5267,0.5338,2880.0
Anomalia,0.0275,0.1218,-0.9041,1.7172,2880.0
Anomalia,0.0161,0.1129,-0.7743,2.3346,2880.0
Anomalia,0.0251,0.0877,-0.0137,0.1355,2880.0
Anomalia,0.0285,0.0754,-0.2917,-0.6141,2400.0
Anomalia,0.0203,0.1282,-0.0551,1.4244,2880.0
Anomalia,0.0256,0.1666,0.1213,0.3602,3360.0
Anomalia,0.0263,0.1807,0.04,-0.1407,2640.0
Anomalia,0.0167,0.2184,0.0618,-0.8822,3360.0
Anomalia,0.0213,0.2108,0.0446,-0.7947,2880.0
Anomalia,0.019,0.1834,-0.052,-0.3475,3120.0
Anomalia,0.0217,0.1788,-0.0103,-0.3379,3120.0
Anomalia,0.0315,0.1344,0.1333,-0.1604,2880.0
Anomalia,0.0176,0.1373,-0.1098,-0.3412,2880.0
Anomalia,0.0219,0.1537,0.0193,-0.7179,2880.0
Anomalia,0.0263,0.1895,0.0739,-0.6748,2880.0
Anomalia,0.0178,0.2178,0.0463,-1.126,2880.0
Anomalia,0.0323,0.2374,0.0115,-1.1257,2880.0
Anomalia,0.027,0.2498,0.0327,-1.3048,2880.0
Anomalia,0.0121,0.2305,0.0951,-1.1709,2880.0
Anomalia,0.0243,0.2044,0.0552,-0.7253,2880.0
Anomalia,0.0128,0.1766,0.0112,-0.8331,3120.0
Anomalia,0.0233,0.1561,-0.0792,-0.6293,3120.0
Anomalia,0.0285,0.1402,0.0164,-0.381,3120.0
Anomalia,0.015,0.1419,0.0951,-0.4098,2640.0
Anomalia,0.0307,0.1465,0.1289,-0.3918,3360.0
Anomalia,0.0175,0.1316,0.1209,0.0398,2880.0
Anomalia,0.0262,0.1233,0.0017,0.7332,2880.0
Anomalia,0.0347,0.1461,0.0269,-0.0084,3120.0
Anomalia,0.0217,0.1212,0.1065,0.4047,3120.0
Anomalia,0.0167,0.1335,0.0332,-0.224,3120.0
Anomalia,0.0197,0.1404,0.114,-0.416,2880.0
Anomalia,0.0156,0.125,0.1376,-0.2224,2880.0
Anomalia,0.0297,0.1368,0.0968,-0.5986,3360.0
Anomalia,0.03,0.1446,0.115,-0.5143,3360.0
Anomalia,0.0232,0.1416,0.0917,-0.5155,3360.0
Anomalia,0.0227,0.1299,-0.0184,-0.3625,2880.0
Anomalia,0.0142,0.1408,-0.0479,-0.2854,2880.0
Anomalia,0.0261,0.1238,-0.1865,0.1802,3360.0
Anomalia,0.0247,0.1254,-0.1036,-0.0354,2880.0
Anomalia,0.0241,0.1502,-0.0998,-0.5228,2880.0
Anomalia,0.0305,0.1426,-0.0681,-0.6177,2880.0
Anomalia,0.0164,0.1427,0.0906,-0.7491,2880.0
Anomalia,0.0239,0.139,-0.0581,-0.539,2880.0
Anomalia,0.0225,0.1124,0.133,-0.6671,2880.0
Anomalia,0.021,0.0994,0.3266,-0.0915,3360.0
Anomalia,0.0334,0.1158,0.2785,-0.1357,3360.0
Anomalia,0.0254,0.1183,0.3837,-0.3199,2880.0
Anomalia,0.0228,0.1573,-0.163,-0.2217,2880.0
Anomalia,0.0222,0.1643,-0.1857,-0.6071,2880.0
Anomalia,0.0249,0.1706,-0.0745,-0.6435,2880.0
Anomalia,0.0152,0.18,0.0017,-0.8774,2880.0
Anomalia,0.0353,0.1662,-0.0566,-0.7787,2880.0
Anomalia,0.0222,0.1704,-0.0705,-0.7334,3120.0
Anomalia,0.0159,0.1518,-0.2683,-0.3744,2640.0
Anomalia,0.0268,0.1725,-0.2756,-0.5445,2880.0
Anomalia,0.0137,0.1557,-0.1839,-0.2939,3360.0
Anomalia,0.0294,0.1363,-0.3053,0.6453,3120.0
Anomalia,0.0316,0.1489,-0.2213,-0.1255,3360.0
Anomalia,0.0288,0.1088,-0.2112,-0.4068,3360.0
Anomalia,0.0229,0.1001,0.1617,-0.4586,2640.0
Anomalia,0.0191,0.1044,0.3159,-0.6314,3360.0
Anomalia,0.0165,0.1175,-0.0319,0.0843,2880.0
Anomalia,0.023,0.1259,-0.0279,-0.1262,3360.0
Anomalia,0.0252,0.1541,-0.1306,-0.7073,3360.0
Anomalia,0.0289,0.1755,-0.0319,-0.82,3360.0
Anomalia,0.0252,0.1779,0.101,-0.5741,3360.0
Anomalia,0.015,0.1698,0.2371,-0.2542,3360.0
Anomalia,0.0242,0.1493,0.2614,0.5958,2880.0
Anomalia,0.0149,0.1236,0.1824,1.3308,2640.0
Anomalia,0.0253,0.1101,0.0295,-0.4721,2640.0
Anomalia,0.0271,0.1232,-0.0429,-0.8572,2640.0
Anomalia,0.0236,0.1256,-0.0018,-0.9442,2880.0
Anomalia,0.0309,0.1512,0.0167,-0.7873,2880.0
Anomalia,0.0181,0.1677,0.0027,-0.7845,3360.0
Anomalia,0.0177,0.164,0.0109,-0.6123,3360.0
Anomalia,0.0184,0.1816,0.0819,-0.9247,3360.0
Anomalia,0.0183,0.175,0.0325,-0.8901,3360.0
Anomalia,0.0211,0.1623,0.0549,-0.8519,2880.0
Anomalia,0.0326,0.166,-0.0353,-0.917,2880.0
Anomalia,0.0197,0.1885,-0.1518,-0.8007,2880.0
Anomalia,0.024,0.1882,-0.2607,-0.7415,2880.0
Anomalia,0.0234,0.1885,-0.1884,-0.7747,2880.0
Anomalia,0.0218,0.1849,-0.214,-0.6898,3360.0
Anomalia,0.0254,0.1431,-0.143,-0.7595,3120.0
Anomalia,0.016,0.1448,0.0941,-0.9353,2640.0
Anomalia,0.0206,0.1377,0.0253,-0.927,2880.0
Anomalia,0.0143,0.1541,0.1984,-0.9678,2880.0
Anomalia,0.0281,0.1654,0.1737,-1.0743,2640.0
Anomalia,0.0304,0.1549,0.2058,-1.0039,2880.0
Anomalia,0.0253,0.1445,0.3497,-0.6802,2880.0
Anomalia,0.0214,0.1414,0.2422,-0.8774,2880.0
Anomalia,0.0221,0.1342,0.1002,-1.0162,3120.0
Anomalia,0.0204,0.1208,0.1602,-0.4475,3120.0
Anomalia,0.0255,0.1142,0.0644,0.0225,2880.0
Anomalia,0.0252,0.0846,0.6521,1.0876,3360.0
Anomalia,0.0207,0.065,0.2457,-0.2642,3360.0
Anomalia,0.0232,0.0963,-0.3077,0.5101,3360.0
Anomalia,0.0208,0.1112,-0.157,-0.4055,3360.0
Anomalia,0.027,0.1207,-0.1531,-0.6267,3360.0
Anomalia,0.0296,0.1439,-0.0916,-0.2684,3360.0
Anomalia,0.015,0.1315,0.1954,0.1655,3360.0
Anomalia,0.0242,0.1302,0.0487,0.2695,2640.0
Anomalia,0.0169,0.1426,-0.0502,-0.3158,3120.0
Anomalia,0.0189,0.146,0.159,-0.4338,2880.0
Anomalia,0.0337,0.1715,0.0276,-0.6942,2880.0
Anomalia,0.0237,0.1647,0.1965,-0.4324,2640.0
Anomalia,0.0299,0.1553,0.2705,-0.105,2880.0
Anomalia,0.0238,0.1321,0.2023,0.3217,3120.0
Anomalia,0.0155,0.1016,-0.0456,-0.8023,2880.0
Anomalia,0.0232,0.1093,-0.1452,-1.0226,3120.0
Anomalia,0.0234,0.1119,-0.2492,-0.8512,3360.0
Anomalia,0.0234,0.1524,-0.1398,0.0052,3360.0
Anomalia,0.0328,0.1579,-0.1862,-0.0943,2880.0
Anomalia,0.0233,0.1701,-0.107,-0.59,2880.0
Anomalia,0.0143,0.1657,0.0436,-0.4719,2880.0
Anomalia,0.0151,0.156,0.189,-0.7264,2640.0
Anomalia,0.0141,0.1492,0.1938,-0.573,2640.0
Anomalia,0.0305,0.1508,0.2002,-0.6998,2880.0
Anomalia,0.0358,0.1482,0.1411,-0.5961,3120.0
Anomalia,0.021,0.1247,0.1744,-0.7782,3120.0
Anomalia,0.0273,0.1235,0.1002,-0.7297,3120.0
Anomalia,0.012,0.0969,-0.064,-0.7514,2880.0
Anomalia,0.0134,0.09,-0.0841,-0.2386,2880.0
Anomalia,0.0369,0.0814,0.2961,-0.5569,2880.0
Anomalia,0.0215,0.089,-0.0264,0.9806,2880.0
Anomalia,0.0242,0.1053,-0.1429,0.1103,3360.0
Anomalia,0.023,0.1189,-0.1099,-0.4646,3360.0
Anomalia,0.0109,0.1279,0.0219,-0.8859,3360.0
Anomalia,0.0286,0.1271,-0.1216,-0.9926,3360.0
Anomalia,0.0257,0.1392,-0.1215,-0.8746,3120.0
Anomalia,0.0293,0.1398,-0.1173,-0.8936,3120.0
Anomalia,0.0319,0.1434,-0.0492,-0.8311,2880.0
Anomalia,0.0198,0.1509,-0.0407,-0.921,2880.0
Anomalia,0.0205,0.148,0.1306,-0.895,2880.0
Anomalia,0.021,0.1467,0.0735,-0.8841,2880.0
Anomalia,0.0172,0.1525,0.0292,-0.8665,2880.0
Anomalia,0.0286,0.1453,0.0286,-0.7748,3360.0
Anomalia,0.025,0.1309,-0.096,-0.5561,3360.0
Anomalia,0.0254,0.1214,-0.1213,-0.0849,3360.0
Anomalia,0.0213,0.094,0.1114,-0.4434,3360.0
Anomalia,0.0089,0.0862,-0.1122,-0.599,3360.0
Anomalia,0.0247,0.0867,0.1422,-0.3726,3600.0
Anomalia,0.0172,0.0911,0.292,-0.4718,3360.0
Anomalia,0.0307,0.1202,0.1714,-0.3439,2880.0
Anomalia,0.0358,0.1499,0.0196,-0.5777,2880.0
Anomalia,0.0173,0.1545,0.0735,-0.6674,2880.0
Anomalia,0.0158,0.1591,0.0271,-0.8163,3120.0
Anomalia,0.0222,0.1757,0.2138,-0.6411,3120.0
Anomalia,0.0119,0.1596,0.2942,-0.304,2880.0
Anomalia,0.0212,0.1745,0.2439,-0.8294,2880.0
Anomalia,0.0271,0.1953,0.1224,-1.0833,2880.0
Anomalia,0.0111,0.1759,0.0524,-1.1456,2880.0
Anomalia,0.0287,0.1742,-0.0959,-1.0535,2880.0
Anomalia,0.0304,0.1642,-0.1169,-0.8695,2880.0
Anomalia,0.0315,0.1366,-0.1162,-1.0207,2880.0
Anomalia,0.0296,0.1199,0.078,-0.793,2640.0
Anomalia,0.0143,0.108,0.1995,-0.442,2640.0
Anomalia,0.015,0.0853,0.0651,-0.902,2880.0
Anomalia,0.0241,0.0921,0.2268,-0.573,2640.0
Anomalia,0.0196,0.1167,-0.2388,-0.2671,3120.0
Anomalia,0.0325,0.119,-0.3818,-0.002,3360.0
Anomalia,0.0243,0.1187,-0.2192,-0.201,3360.0
Anomalia,0.0137,0.1153,-0.3151,-0.2538,3360.0
Anomalia,0.0251,0.0995,-0.1914,-0.2213,3360.0
Anomalia,0.0138,0.1188,-0.0777,-0.7387,3120.0
Anomalia,0.0265,0.1234,-0.244,-0.7712,3120.0
Anomalia,0.0207,0.1237,-0.1739,-0.6575,2880.0
Anomalia,0.0216,0.1277,-0.1406,-0.7163,2880.0
Anomalia,0.0293,0.1428,-0.0089,-0.1744,2640.0
Anomalia,0.0204,0.1542,0.0977,-0.4345,2640.0
Anomalia,0.0259,0.1918,0.0005,-0.713,2880.0
Anomalia,0.0204,0.1908,0.0609,-0.717,2880.0
Anomalia,0.0214,0.1741,-0.0198,-0.3994,2880.0
Anomalia,0.0174,0.1747,0.021,-0.5676,2880.0
Anomalia,0.0224,0.139,0.0519,-1.1236,2880.0
Anomalia,0.02,0.1342,0.0995,-1.034,2880.0
Anomalia,0.0224,0.1329,0.2099,-0.8549,2880.0
Anomalia,0.0319,0.1703,0.2242,0.177,2880.0
Anomalia,0.027,0.1814,0.1977,-0.223,2880.0
Anomalia,0.0269,0.1854,0.1531,-0.386,2880.0
Anomalia,0.0118,0.1759,0.3358,0.0464,2880.0
Anomalia,0.0134,0.1289,0.1226,-0.2638,3120.0
Anomalia,0.0144,0.1287,-0.0673,-0.336,3120.0
Anomalia,0.0247,0.1299,-0.0328,-0.227,3120.0
Anomalia,0.0403,0.1381,-0.265,-0.3784,3360.0
Anomalia,0.0266,0.1284,-0.0548,-0.084,2880.0
Anomalia,0.0245,0.1003,0.346,-0.0506,3120.0
Anomalia,0.0204,0.0865,0.3036,-0.1877,3120.0
Anomalia,0.0118,0.0731,0.218,-0.0479,3120.0
Anomalia,0.0291,0.082,-0.1346,-0.3925,3120.0
Anomalia,0.0303,0.0864,-0.1722,-0.3153,3360.0
Anomalia,0.0229,0.0903,-0.2803,-0.3176,3120.0
Anomalia,0.0189,0.1238,-0.2218,-0.4141,3120.0
Anomalia,0.0166,0.1289,0.0072,-0.4323,2880.0
Anomalia,0.019,0.1226,0.0045,0.0029,2880.0
Anomalia,0.0284,0.1506,0.0374,-0.4479,2640.0
Anomalia,0.0275,0.1366,0.0981,-0.0506,2640.0
Anomalia,0.0256,0.1497,0.0467,-0.5977,2880.0
Anomalia,0.0178,0.1544,-0.0078,-0.6413,2880.0
Anomalia,0.0185,0.1347,-0.1998,-0.5885,2880.0
Anomalia,0.0223,0.1279,-0.148,-0.4128,3360.0
Anomalia,0.022,0.1187,-0.154,-0.3517,3120.0
Anomalia,0.0309,0.1125,0.1048,-0.8773,3120.0
Anomalia,0.0259,0.0991,0.2073,-0.5088,2880.0
Anomalia,0.0225,0.0952,0.2582,-0.3169,2880.0
Anomalia,0.0157,0.0961,-0.1046,-0.3525,2640.0
Anomalia,0.0191,0.1236,0.0156,-0.6374,3120.0
Anomalia,0.0166,0.1252,0.0592,-0.6946,3120.0
Anomalia,0.0351,0.1424,0.0249,-0.8579,3120.0
Anomalia,0.0356,0.1467,0.0764,-0.9316,2880.0
Anomalia,0.0206,0.1249,0.3863,-0.3703,2880.0
Anomalia,0.0223,0.1256,0.3451,-0.4637,2640.0
Anomalia,0.0078,0.1125,0.2893,-0.5503,2880.0
Anomalia,0.0138,0.1284,0.5073,0.481,2880.0
Anomalia,0.0225,0.1616,0.1509,-0.4357,2880.0
Anomalia,0.0262,0.1633,0.0998,-0.5137,2880.0
Anomalia,0.0269,0.1693,0.0552,-0.6848,2880.0
Anomalia,0.0275,0.1713,0.0187,-0.7567,3360.0
Anomalia,0.0249,0.1473,0.0411,-0.3886,3120.0
Anomalia,0.0251,0.1517,0.0014,-0.5247,3120.0
Anomalia,0.03,0.1417,-0.0812,-0.078,3120.0
Anomalia,0.0147,0.1069,-0.4232,-0.554,3120.0
Anomalia,0.021,0.0982,-0.2815,-0.6853,3120.0
Anomalia,0.0206,0.1105,0.0411,-0.1758,3360.0
Anomalia,0.016,0.1297,0.2371,-0.6263,3360.0
Anomalia,0.0294,0.1632,0.0577,-0.7077,3360.0
Anomalia,0.0239,0.1765,0.0608,-1.0651,3360.0
Anomalia,0.0187,0.1838,0.0689,-1.0977,3360.0
Anomalia,0.0137,0.1797,0.1494,-0.97,3360.0
Anomalia,0.0175,0.1687,0.0989,-1.0171,3360.0
Anomalia,0.0195,0.1608,0.1142,-0.8409,2880.0
Anomalia,0.0276,0.1595,0.1421,-0.7377,2640.0
Anomalia,0.0315,0.1608,-0.0079,-0.7258,2640.0
Anomalia,0.0192,0.1468,0.0548,-0.5597,3360.0
Anomalia,0.028,0.1453,-0.0379,-0.4858,3360.0
Anomalia,0.0203,0.1391,0.0054,-0.7121,3360.0
Anomalia,0.0186,0.1246,0.058,-0.4159,3360.0
Anomalia,0.0219,0.1141,0.1913,0.1732,3360.0
Anomalia,0.0175,0.1086,0.2566,0.4454,3360.0
Anomalia,0.0173,0.084,-0.0143,-0.9892,2640.0
Anomalia,0.0264,0.0917,0.0631,-0.7926,2640.0
Anomalia,0.025,0.102,-0.0196,-0.799,2640.0
Anomalia,0.0173,0.1129,0.0352,-0.9035,3120.0
Anomalia,0.0281,0.1228,-0.1416,-0.7694,2880.0
Anomalia,0.0178,0.124,-0.0302,-0.9295,2880.0
Anomalia,0.0242,0.1344,-0.1207,-0.9986,2880.0
Anomalia,0.0252,0.137,-0.1714,-1.0257,3120.0
Anomalia,0.0179,0.142,-0.2392,-0.9114,3120.0
Anomalia,0.0254,0.1438,-0.2582,-0.8004,2880.0
Anomalia,0.0227,0.1457,-0.2235,-0.6148,3360.0
Anomalia,0.03,0.1453,-0.2921,-0.2821,3360.0
Anomalia,0.0263,0.1269,0.0372,0.1119,3360.0
Anomalia,0.013,0.1186,0.0758,0.4164,3360.0
Anomalia,0.0165,0.1061,0.1967,0.1635,2880.0
Anomalia,0.0177,0.0977,0.3157,-0.4853,2880.0
Anomalia,0.023,0.1159,0.2324,-0.8718,2880.0
Anomalia,0.0346,0.1208,0.144,-1.0566,2880.0
Anomalia,0.0258,0.1101,0.2667,-0.81,2880.0
Anomalia,0.0255,0.1244,0.1774,-0.5725,3120.0
Anomalia,0.0185,0.1223,0.1286,-0.3841,3120.0
Anomalia,0.0206,0.1339,0.1285,-0.6048,3360.0
Anomalia,0.0267,0.1609,-0.0337,-0.9383,3360.0
Anomalia,0.0269,0.1544,-0.0096,-0.8762,3360.0
Anomalia,0.0204,0.1534,0.0118,-0.8452,3360.0
Anomalia,0.02,0.1531,0.0124,-0.8508,3360.0
Anomalia,0.0145,0.1423,0.0575,-1.0023,3120.0
Anomalia,0.011,0.165,0.1751,-0.8726,2880.0
Anomalia,0.0301,0.162,0.0098,-0.8087,2880.0
Anomalia,0.0237,0.1496,0.069,-0.4292,2880.0
Anomalia,0.0328,0.1407,0.0792,-0.0652,3120.0
Anomalia,0.0268,0.1206,-0.0511,-0.8472,3120.0
Anomalia,0.0171,0.1285,-0.0492,-0.7537,3120.0
Anomalia,0.0176,0.159,-0.0714,-0.7376,3360.0
Anomalia,0.0216,0.1621,-0.1472,-0.7892,3360.0
Anomalia,0.0285,0.1566,-0.2339,-0.5435,3360.0
Anomalia,0.0338,0.1526,-0.2659,-0.4928,2880.0
Anomalia,0.0255,0.1195,-0.1177,-0.7841,2880.0
Anomalia,0.0162,0.1618,0.3991,0.9572,3120.0
Anomalia,0.0123,0.1777,0.4257,0.2945,3120.0
Anomalia,0.0155,0.1929,0.392,-0.2634,2880.0
Anomalia,0.0344,0.197,0.164,-0.4598,2880.0
Anomalia,0.0276,0.1581,0.167,-0.6383,3120.0
Anomalia,0.0265,0.131,0.2548,-0.2603,3120.0
Anomalia,0.0256,0.1168,0.1822,-0.659,2880.0
Anomalia,0.01,0.1107,0.2574,-0.4112,2880.0
Anomalia,0.0242,0.1098,-0.0085,-0.3644,2640.0
Anomalia,0.0282,0.1081,-0.0534,-0.3025,2640.0
Anomalia,0.018,0.0986,-0.1492,-0.7294,3360.0
Anomalia,0.0244,0.1078,-0.1557,-0.7799,3360.0
Anomalia,0.0193,0.1066,-0.0137,-0.7989,3360.0
Anomalia,0.02,0.12,-0.0588,-1.041,3360.0
Anomalia,0.0315,0.133,0.0517,-0.7255,3360.0
Anomalia,0.0211,0.1259,0.1558,-0.3206,3120.0
Anomalia,0.0205,0.1278,0.0919,-0.3912,3120.0
Anomalia,0.023,0.1376,0.1634,-0.4114,2880.0
Anomalia,0.0166,0.1351,0.2213,-0.2375,2880.0
Anomalia,0.0348,0.1577,-0.0491,-0.6854,3360.0
Anomalia,0.03,0.1723,-0.0419,-1.0523,3360.0
Anomalia,0.0246,0.1654,0.0113,-0.964,3360.0
Anomalia,0.0286,0.167,-0.1255,-1.0803,3360.0
Anomalia,0.0168,0.1592,-0.0022,-1.165,3360.0
Anomalia,0.0227,0.1502,0.1232,-0.8994,3360.0
Anomalia,0.0207,0.1617,0.03,-0.9907,2880.0
Anomalia,0.0158,0.1492,-0.0141,-0.6534,2880.0
Anomalia,0.0271,0.1378,-0.0797,-0.2298,2880.0
Anomalia,0.0243,0.1327,-0.1295,-0.2954,2880.0
Anomalia,0.0234,0.1334,-0.185,-0.2372,2880.0
Anomalia,0.0262,0.1475,-0.0266,-0.5708,2880.0
Anomalia,0.0115,0.1537,0.0626,-0.7296,2880.0
Anomalia,0.0123,0.1767,0.1194,-0.8364,3120.0
Anomalia,0.0253,0.1833,0.4515,-0.0891,2640.0
Anomalia,0.0231,0.1691,0.5669,0.5902,2640.0
Anomalia,0.0281,0.1928,0.4987,0.3457,2880.0
Anomalia,0.0267,0.2113,0.3302,0.012,2880.0
Anomalia,0.014,0.2506,0.1195,-0.4984,2880.0
Anomalia,0.0263,0.2652,0.0413,-0.8624,2880.0
Anomalia,0.0276,0.2432,-0.0136,-0.5042,2880.0
Anomalia,0.0246,0.2059,0.0394,0.5838,2880.0
Anomalia,0.0279,0.1201,0.5726,0.7235,3120.0
Anomalia,0.0105,0.0755,0.0694,-0.3493,3120.0
Anomalia,0.0164,0.0746,-0.043,-0.7661,2880.0
Anomalia,0.0244,0.1023,0.2546,0.4508,2880.0
Anomalia,0.0252,0.1102,0.2393,0.0646,2880.0
Anomalia,0.0332,0.1246,0.0343,-0.5453,2880.0
Anomalia,0.0229,0.1342,-0.0263,-0.7593,2880.0
Anomalia,0.0172,0.1301,-0.0648,-0.7565,3360.0
Anomalia,0.0163,0.1421,-0.0219,-1.0134,3360.0
Anomalia,0.0206,0.1367,-0.1222,-0.8908,3360.0
Anomalia,0.0238,0.1323,-0.0045,-0.8621,2880.0
Anomalia,0.027,0.1287,-0.03,-1.0026,2880.0
Anomalia,0.0279,0.1097,-0.0471,-0.8925,2880.0
Anomalia,0.0204,0.1124,0.0933,-0.94,2640.0
Anomalia,0.0206,0.101,0.1063,-0.6327,2640.0
Anomalia,0.023,0.0818,0.003,-0.1298,2880.0
Anomalia,0.0223,0.0928,-0.0335,-0.2857,2640.0
Anomalia,0.0236,0.0813,-0.1549,-0.0139,2880.0
Anomalia,0.0275,0.1076,-0.0562,-0.4942,2880.0
Anomalia,0.0206,0.1161,0.0398,-0.9569,2880.0
Anomalia,0.0156,0.1112,0.0792,-0.6968,2640.0
Anomalia,0.0273,0.1446,0.4814,0.0272,3360.0
Anomalia,0.0225,0.1484,0.3697,0.1001,2880.0
Anomalia,0.0285,0.1678,0.1884,-0.4398,2880.0
Anomalia,0.0284,0.1648,0.2385,-0.3193,2880.0
Anomalia,0.0097,0.1409,0.1328,-0.3839,2880.0
Anomalia,0.0135,0.1359,0.061,-0.1958,3360.0
Anomalia,0.0113,0.1206,0.2066,-0.2363,3360.0
Anomalia,0.0208,0.1914,0.1784,0.1691,3360.0
Anomalia,0.0323,0.2024,0.0678,-0.2389,3360.0
Anomalia,0.0287,0.1932,0.1952,0.1066,2880.0
Anomalia,0.0214,0.1868,0.2575,0.416,2880.0
Anomalia,0.0238,0.1275,0.361,-0.6134,2880.0
Anomalia,0.0155,0.0996,0.3407,-0.3995,2880.0
Anomalia,0.0285,0.1001,0.0975,-0.3082,2880.0
Anomalia,0.0321,0.0976,0.2342,-0.3376,3360.0
Anomalia,0.0203,0.0803,-0.0217,-0.6259,3120.0
Anomalia,0.0232,0.0963,-0.1353,-0.7764,3120.0
Anomalia,0.0165,0.1019,-0.1223,-0.9357,3120.0
Anomalia,0.0194,0.1061,-0.225,-0.9141,2640.0
Anomalia,0.0218,0.1219,-0.395,-0.6738,2640.0
Anomalia,0.0221,0.1192,-0.3651,-0.578,3360.0
Anomalia,0.0245,0.1186,-0.2604,-0.4476,3360.0
Anomalia,0.0266,0.1271,0.0164,-0.1614,3360.0
Anomalia,0.0237,0.1155,0.1979,0.1582,3360.0
Anomalia,0.0247,0.1186,0.2194,-0.0658,3360.0
Anomalia,0.0158,0.1109,0.3242,0.3384,3120.0
Anomalia,0.0189,0.1076,-0.0028,-0.5037,3360.0
Anomalia,0.0256,0.1159,0.1636,-0.7964,2880.0
Anomalia,0.0179,0.1138,0.1434,-0.7497,2880.0
Anomalia,0.0273,0.1229,-0.0479,-1.0245,2880.0
Anomalia,0.0221,0.1131,-0.0457,-0.8924,3120.0
Anomalia,0.0207,0.1158,0.0001,-0.936,3120.0
Anomalia,0.0305,0.1156,0.0265,-0.7259,3600.0
Anomalia,0.0191,0.1207,0.0286,-0.5116,2880.0
Anomalia,0.018,0.139,0.0762,-0.8473,3360.0
Anomalia,0.0185,0.1305,-0.013,-0.6436,2640.0
Anomalia,0.014,0.1346,-0.0326,-0.8051,2880.0
Anomalia,0.0261,0.1552,0.022,-0.5144,2880.0
Anomalia,0.0268,0.1817,-0.1943,0.0186,2640.0
Anomalia,0.0212,0.1898,-0.1397,-0.379,2880.0
Anomalia,0.0259,0.1841,-0.2046,-0.0821,2880.0
Anomalia,0.0184,0.1664,-0.2142,0.2706,2880.0
Anomalia,0.0248,0.1172,-0.1731,-0.5884,3120.0
Anomalia,0.0324,0.1022,-0.0292,-0.7944,3360.0
Anomalia,0.0243,0.0944,0.1582,-0.3893,3360.0
Anomalia,0.0243,0.0784,0.1236,-0.4581,3360.0
Anomalia,0.012,0.0779,0.159,-0.5306,3360.0
Anomalia,0.0171,0.0749,0.2326,-0.2559,3360.0
Anomalia,0.0242,0.0915,0.1596,-0.627,3360.0
Anomalia,0.0264,0.0998,0.0132,-0.7137,3360.0
Anomalia,0.0284,0.1246,0.0045,-0.383,3360.0
Anomalia,0.0248,0.1646,0.0787,-0.5135,3360.0
Anomalia,0.0079,0.1767,0.2026,-0.7255,3360.0
Anomalia,0.0159,0.1894,0.1877,-0.9896,2880.0
Anomalia,0.0276,0.1878,0.0378,-0.9728,2880.0
Anomalia,0.0202,0.1689,0.0214,-0.9612,2640.0
Anomalia,0.0381,0.1554,-0.1038,-0.7784,2640.0
Anomalia,0.0218,0.1349,-0.0626,-0.5347,3360.0
Anomalia,0.0198,0.1283,0.0147,-0.5663,3360.0
Anomalia,0.0226,0.1099,0.1601,-0.8846,2880.0
Anomalia,0.009,0.1033,0.2588,-0.5539,2880.0
Anomalia,0.0341,0.1387,0.5263,-0.2684,2880.0
Anomalia,0.0235,0.134,0.5184,0.0742,2880.0
Anomalia,0.0209,0.1297,0.6707,0.3926,2880.0
Anomalia,0.0315,0.1395,0.5534,-0.1343,2880.0
Anomalia,0.0087,0.1055,0.2969,-0.1659,2880.0
Anomalia,0.015,0.1068,0.5973,-0.0912,2880.0
Anomalia,0.0205,0.1084,0.443,-0.0708,2880.0
Anomalia,0.0214,0.1219,0.304,-0.108,3120.0
Anomalia,0.0261,0.1238,0.2571,-0.1877,3120.0
Anomalia,0.0218,0.1324,0.0576,-0.4584,3120.0
Anomalia,0.0164,0.1355,0.1169,-0.6815,3120.0
Anomalia,0.0243,0.1168,-0.2398,-0.6209,3120.0
Anomalia,0.0188,0.1211,-0.3776,-0.6197,3120.0
Anomalia,0.0318,0.106,-0.5428,-0.0742,2880.0
Anomalia,0.0288,0.1011,-0.4277,-0.0335,2880.0
Anomalia,0.0122,0.1054,-0.269,-0.4724,2880.0
Anomalia,0.0212,0.0948,-0.1922,-0.3549,2880.0
Anomalia,0.012,0.1146,-0.1494,-0.438,2640.0
Anomalia,0.0188,0.1206,-0.2534,-0.5319,3120.0
Anomalia,0.0278,0.1172,-0.2881,-0.3622,2880.0
Anomalia,0.0237,0.1195,-0.1199,-0.5481,2880.0
Anomalia,0.0214,0.1491,0.0243,0.4399,3120.0
Anomalia,0.0236,0.1504,-0.0085,0.3871,2640.0
Anomalia,0.011,0.1515,0.1232,0.2903,2880.0
Anomalia,0.0236,0.1645,0.0707,-0.218,3360.0
Anomalia,0.0224,0.1286,0.1378,-0.6534,3360.0
Anomalia,0.0143,0.1569,0.1089,-0.6302,3360.0
Anomalia,0.0295,0.18,-0.0195,-1.004,3120.0
Anomalia,0.0074,0.213,-0.0382,-1.0289,2880.0
Anomalia,0.0206,0.2125,-0.1703,-0.9493,2880.0
Anomalia,0.0222,0.1862,-0.2143,-0.2414,2880.0
Anomalia,0.0198,0.1591,-0.3841,1.0748,2640.0
Anomalia,0.0309,0.1148,0.1601,-0.2822,2880.0
Anomalia,0.0205,0.1241,0.1662,-0.5053,3120.0
Anomalia,0.0206,0.1317,0.075,-0.6283,2880.0
Anomalia,0.0214,0.1442,0.0858,-0.949,2880.0
Anomalia,0.0166,0.1241,0.1559,-0.4589,2880.0
Anomalia,0.0219,0.1123,0.0739,-0.2951,2640.0
Anomalia,0.0272,0.1081,0.1053,-0.5799,3360.0
Anomalia,0.0151,0.1198,-0.0988,0.0892,3360.0
Anomalia,0.0243,0.1426,-0.0781,-0.425,2880.0
Anomalia,0.021,0.1392,-0.0841,-0.2707,2640.0
Anomalia,0.0207,0.1345,-0.0853,0.0534,2640.0
Anomalia,0.0325,0.1165,0.0632,0.2183,2640.0
Anomalia,0.0142,0.1039,-0.4697,0.5218,3120.0
Anomalia,0.0165,0.1089,-0.4701,0.4731,3120.0
Anomalia,0.0187,0.1159,-0.3685,-0.0248,3360.0
Anomalia,0.0116,0.1101,-0.4035,0.0338,3360.0
Anomalia,0.0346,0.1035,-0.0012,-0.322,3360.0
Anomalia,0.0276,0.0888,0.4793,-0.2028,3360.0
Anomalia,0.0177,0.0868,0.2872,0.2294,3360.0
Anomalia,0.0245,0.1095,0.0415,0.685,2880.0
Anomalia,0.009,0.1417,0.0065,0.3315,3360.0
Anomalia,0.0277,0.1974,0.1669,-0.5937,3360.0
Anomalia,0.0293,0.1991,0.1336,-0.6481,3360.0
Anomalia,0.0265,0.197,0.1618,-0.6575,3360.0
Anomalia,0.0249,0.1773,0.3158,-0.2684,2880.0
Anomalia,0.0128,0.127,0.0681,-0.8279,3120.0
Anomalia,0.017,0.1609,-0.0467,0.0684,2640.0
Anomalia,0.0211,0.1659,0.1065,0.2022,2640.0
Anomalia,0.025,0.1581,0.1064,0.7417,2880.0
Anomalia,0.0229,0.1603,0.036,0.5259,2880.0
Anomalia,0.0255,0.1418,0.2057,-0.3723,3120.0
Anomalia,0.0199,0.1449,-0.2293,-0.662,3120.0
Anomalia,0.0219,0.1903,-0.1888,-0.7827,3360.0
Anomalia,0.0193,0.1859,-0.1821,-0.6071,2880.0
Anomalia,0.0226,0.184,-0.1665,-0.5364,2880.0
Anomalia,0.0235,0.1712,-0.0154,-0.1145,2880.0
Anomalia,0.0241,0.1303,0.2887,-0.585,2880.0
Anomalia,0.0236,0.1322,0.4742,-0.7185,2880.0
Anomalia,0.0142,0.1127,0.5839,-0.0815,2880.0
Anomalia,0.0118,0.1085,0.4309,-0.5536,2880.0
Anomalia,0.0237,0.1086,0.1515,-0.6543,2640.0
Anomalia,0.0258,0.0998,-0.0433,-0.8011,2640.0
Anomalia,0.023,0.1134,-0.0557,-0.8495,2640.0
Anomalia,0.0244,0.1616,-0.375,0.52,3360.0
Anomalia,0.0105,0.212,-0.0601,-0.2839,2640.0
Anomalia,0.0131,0.2433,-0.0228,-0.9404,2880.0
Anomalia,0.0317,0.2414,-0.2221,-0.8,2880.0
Anomalia,0.0288,0.2122,-0.1242,-0.3251,2880.0
Anomalia,0.0306,0.1577,-0.1068,0.3778,2880.0
Anomalia,0.024,0.1096,-0.3107,-0.6216,2880.0
Anomalia,0.0104,0.124,-0.2642,-0.5021,2880.0
Anomalia,0.022,0.1313,-0.2022,-0.4483,2880.0
Anomalia,0.0202,0.1445,-0.0823,-0.6282,2880.0
Anomalia,0.0258,0.1421,-0.1489,-0.441,2880.0
Anomalia,0.0237,0.1514,-0.1206,-0.4574,2880.0
Anomalia,0.0199,0.1468,-0.1225,-0.3526,2880.0
Anomalia,0.0183,0.1258,-0.1793,0.4936,2880.0
Anomalia,0.0226,0.1215,-0.2192,0.8857,2880.0
Anomalia,0.0215,0.0926,0.0302,0.0613,2640.0
Anomalia,0.0228,0.1084,0.2054,-0.0068,2880.0
Anomalia,0.0264,0.1395,0.146,-0.4242,2880.0
Anomalia,0.0261,0.1662,0.2428,-0.813,3360.0
Anomalia,0.0255,0.1866,0.1008,-1.0428,2640.0
Anomalia,0.0197,0.199,0.1197,-1.1821,3360.0
Anomalia,0.024,0.1902,0.0215,-1.0599,2880.0
Anomalia,0.0122,0.1688,0.0442,-0.7747,3120.0
Anomalia,0.0268,0.1408,-0.0661,-0.17,3120.0
Anomalia,0.0305,0.102,-0.0729,0.3433,3120.0
Anomalia,0.0154,0.0901,-0.2943,0.3851,3360.0
Anomalia,0.0243,0.0875,-0.3862,0.9545,2640.0
Anomalia,0.0209,0.0991,-0.3438,0.2435,2640.0
Anomalia,0.0189,0.1152,-0.2005,-0.3649,2640.0
Anomalia,0.0289,0.1692,-0.2292,0.2851,2880.0
Anomalia,0.0291,0.1851,-0.1839,-0.4598,2880.0
Anomalia,0.0194,0.1937,-0.0786,-0.7675,2880.0
Anomalia,0.0239,0.1863,-0.1764,-0.4765,3120.0
Anomalia,0.016,0.1601,-0.0087,-0.9038,3120.0
Anomalia,0.021,0.1553,-0.0081,-0.7581,3120.0
Anomalia,0.0268,0.1541,0.1156,-0.6568,3120.0
Anomalia,0.0172,0.1938,0.1483,-0.7324,2640.0
Anomalia,0.0294,0.1945,-0.0202,-0.6746,2880.0
Anomalia,0.0216,0.1926,0.0415,-0.6782,2880.0
Anomalia,0.0209,0.1899,0.0043,-0.6774,2880.0
Anomalia,0.0295,0.1652,0.0265,-0.9966,2880.0
Anomalia,0.0216,0.1387,0.2936,-0.8754,2880.0
Anomalia,0.015,0.1289,0.4016,-0.494,2880.0
Anomalia,0.022,0.1148,0.3983,-0.0813,2880.0
Anomalia,0.0195,0.091,0.113,-0.8091,2640.0
Anomalia,0.03,0.1117,0.2839,-0.0146,3360.0
Anomalia,0.0241,0.1206,0.0568,-0.1606,3360.0
Anomalia,0.0195,0.1278,0.0987,-0.4324,3360.0
Anomalia,0.0221,0.1323,0.0847,-0.6152,3360.0
Anomalia,0.0077,0.1218,-0.0315,-0.9853,3360.0
Anomalia,0.0289,0.1195,-0.0947,-0.9809,2880.0
Anomalia,0.0262,0.1099,-0.0648,-0.9916,3360.0
Anomalia,0.0181,0.1162,-0.1152,-0.9409,2880.0
Anomalia,0.0384,0.1349,0.0658,-0.6138,2880.0
Anomalia,0.0139,0.1306,0.3064,-0.4122,2880.0
Anomalia,0.0178,0.135,0.2765,-0.6052,2880.0
Anomalia,0.0249,0.1293,0.3432,-0.4808,2880.0
Anomalia,0.0137,0.1201,0.2448,-0.6812,3120.0
Anomalia,0.035,0.1183,0.0884,-0.7254,3120.0
Anomalia,0.0245,0.1118,0.1785,-0.501,3120.0
Anomalia,0.0173,0.125,0.0111,-0.6071,3120.0
Anomalia,0.0195,0.1169,-0.1321,-0.5413,3120.0
Anomalia,0.0177,0.1251,0.0934,-0.6851,2880.0
Anomalia,0.018,0.1332,-0.0113,-0.7114,2880.0
Anomalia,0.0311,0.1619,-0.1354,0.4172,3120.0
Anomalia,0.0236,0.181,-0.1469,-0.3222,2640.0
Anomalia,0.0164,0.1849,-0.0898,-0.5365,2880.0
Anomalia,0.0223,0.1905,-0.1292,-0.7448,2880.0
Anomalia,0.0156,0.1585,-0.0816,-1.0577,3360.0
Anomalia,0.0309,0.1317,-0.1848,-0.9345,3360.0
Anomalia,0.0299,0.1207,-0.1939,-0.9176,3360.0
Anomalia,0.0305,0.101,-0.1665,-0.9132,3360.0
Anomalia,0.0248,0.091,-0.1946,-0.9509,3360.0
Anomalia,0.0101,0.098,-0.026,-1.0359,3360.0
Anomalia,0.0222,0.1116,0.1532,-0.7461,3360.0
Anomalia,0.0202,0.1227,0.025,-0.9194,3360.0
Anomalia,0.0188,0.1482,-0.0326,-0.8624,3360.0
Anomalia,0.03,0.1826,-0.1143,-0.2778,3360.0
Anomalia,0.0176,0.2218,-0.0034,-0.3177,3360.0
Anomalia,0.0156,0.2187,0.0343,-0.2011,2880.0
Anomalia,0.027,0.2109,-0.0547,0.1048,2880.0
Anomalia,0.0195,0.1857,0.0332,0.6018,2880.0
Anomalia,0.0248,0.1548,-0.0199,-0.4258,2640.0
Anomalia,0.0306,0.1766,-0.0582,-0.7554,2640.0
Anomalia,0.0211,0.1769,-0.0014,-0.8023,2880.0
Anomalia,0.0279,0.1942,0.018,-0.9887,2880.0
Anomalia,0.0227,0.194,0.0442,-1.0609,2880.0
Anomalia,0.0144,0.1764,0.1642,-0.8018,2880.0
Anomalia,0.0234,0.1883,0.1947,-0.9341,2880.0
Anomalia,0.0239,0.1644,0.0858,-0.5331,2880.0
Anomalia,0.0203,0.1467,0.2948,-0.5576,2880.0
Anomalia,0.0302,0.1493,0.05,-0.5444,2880.0
Anomalia,0.0169,0.1613,-0.2397,-0.441,3360.0
Anomalia,0.021,0.1697,-0.283,-0.6346,3360.0
Anomalia,0.0233,0.1595,-0.3545,-0.2262,3360.0
Anomalia,0.0215,0.15,-0.3421,0.1927,3360.0
Anomalia,0.0279,0.1041,-0.2651,0.3782,3360.0
Anomalia,0.0116,0.1022,-0.0395,-0.5545,2640.0
Anomalia,0.0265,0.128,0.2564,-0.3201,2640.0
Anomalia,0.0244,0.132,0.239,-0.573,2640.0
Anomalia,0.0269,0.1577,0.1406,-0.9719,2880.0
Anomalia,0.0366,0.1587,0.0823,-0.9825,2880.0
Anomalia,0.0196,0.1379,0.1571,-0.7341,2880.0
Anomalia,0.0168,0.1368,0.1958,-0.6859,2880.0
Anomalia,0.0222,0.1281,0.266,-0.7619,2880.0
Anomalia,0.0202,0.1128,0.3786,-0.182,2880.0
Anomalia,0.0247,0.1112,0.3524,-0.0864,3120.0
Anomalia,0.0286,0.1142,0.2953,-0.2439,2880.0
Anomalia,0.0204,0.0896,0.2777,-0.5552,2640.0
Anomalia,0.0224,0.1081,0.1634,-0.54,2640.0
Anomalia,0.0272,0.1182,0.0639,-0.8609,3360.0
Anomalia,0.0201,0.1121,0.1822,-0.6197,3360.0
Anomalia,0.0255,0.1495,0.0182,-0.1296,3360.0
Anomalia,0.0146,0.1528,0.11,-0.1471,3360.0
Anomalia,0.0208,0.1598,0.0418,-0.2546,3360.0
Anomalia,0.0214,0.1738,-0.0418,-0.7242,2880.0
Anomalia,0.0242,0.1506,-0.13,-0.7355,2880.0
Anomalia,0.0338,0.1649,-0.1322,-0.8388,2880.0
Anomalia,0.023,0.1518,-0.0148,-0.6268,2640.0
Anomalia,0.028,0.1332,0.0714,0.0907,2640.0
Anomalia,0.0183,0.1196,0.2467,1.0051,2880.0
Anomalia,0.0152,0.0879,0.2924,0.6709,2880.0
Anomalia,0.0195,0.0999,0.2474,-0.148,3120.0
Anomalia,0.0246,0.1151,0.2291,-0.6691,3360.0
Anomalia,0.0261,0.1453,-0.0322,-0.7447,3360.0
Anomalia,0.0322,0.1479,-0.1437,-0.7884,3360.0
Anomalia,0.0272,0.1545,-0.1366,-0.9045,2880.0
Anomalia,0.01,0.1519,-0.0322,-0.9138,2880.0
Anomalia,0.0156,0.1583,0.1004,-0.9401,3120.0
Anomalia,0.0134,0.1502,0.093,-0.725,2640.0
Anomalia,0.0267,0.1426,-0.03,-0.5105,2880.0
Anomalia,0.0366,0.1452,-0.1807,-0.4485,3120.0
Anomalia,0.0215,0.1323,-0.6135,-0.4046,3120.0
Anomalia,0.023,0.1312,-0.6214,-0.3213,2880.0
Anomalia,0.0167,0.14,-0.3027,-0.6657,2880.0
Anomalia,0.0119,0.1281,-0.1637,-0.287,2880.0
Anomalia,0.0352,0.1172,0.2756,-0.6937,2640.0
Anomalia,0.0245,0.1237,0.1747,-0.7712,3120.0
Anomalia,0.0159,0.1057,0.0623,-0.2923,3360.0
Anomalia,0.0278,0.1318,-0.0451,-0.3116,3360.0
Anomalia,0.0101,0.1283,0.1253,-0.142,3360.0
Anomalia,0.025,0.1779,0.3336,-0.0787,2880.0
Anomalia,0.029,0.1833,0.2573,-0.3416,2880.0
Anomalia,0.0267,0.1738,0.3309,-0.0995,2880.0
Anomalia,0.03,0.1683,0.319,0.1618,2880.0
Anomalia,0.0167,0.1507,0.042,0.4429,3120.0
Anomalia,0.0194,0.1735,0.1709,-0.2037,2880.0
Anomalia,0.015,0.1732,0.2471,-0.1681,2880.0
Anomalia,0.0222,0.1927,0.204,-0.6845,2880.0
Anomalia,0.0272,0.1676,0.3097,-0.6551,3360.0
Anomalia,0.0265,0.148,0.2638,-0.5778,3360.0
Anomalia,0.027,0.1476,0.203,-0.6119,2880.0
Anomalia,0.013,0.1231,0.1282,-0.8704,2880.0
Anomalia,0.0131,0.1101,0.0359,-0.8048,2880.0
Anomalia,0.0225,0.1004,0.0738,-0.5736,2880.0
Anomalia,0.017,0.0963,0.1654,-0.4953,3120.0
Anomalia,0.0265,0.1425,0.0124,0.2317,2880.0
Anomalia,0.0285,0.1664,0.0124,-0.6214,2880.0
Anomalia,0.0135,0.1673,0.1621,-0.6865,2880.0
Anomalia,0.0174,0.1857,0.0098,-0.9198,3120.0
Anomalia,0.0253,0.2198,0.18,-0.2134,3360.0
Anomalia,0.0208,0.2214,0.1989,-0.2488,2880.0
Anomalia,0.0232,0.2337,0.1178,-0.6506,2880.0
Anomalia,0.0242,0.259,0.092,-0.8104,2880.0
Anomalia,0.0147,0.2215,0.004,-0.8222,2880.0
Anomalia,0.029,0.217,-0.1253,-0.6558,2880.0
Anomalia,0.0277,0.2088,-0.0701,-0.4504,2880.0
Anomalia,0.029,0.1709,-0.0324,-1.132,2880.0
Anomalia,0.0274,0.1452,0.1257,-0.6823,3120.0
Anomalia,0.0112,0.1214,0.2349,-0.2063,3360.0
Anomalia,0.0204,0.1086,0.1365,0.2897,2880.0
Anomalia,0.0287,0.0878,0.1213,-0.4994,2640.0
Anomalia,0.0253,0.1103,-0.4484,0.1129,3120.0
Anomalia,0.0301,0.1105,-0.5297,0.2429,3360.0
Anomalia,0.0227,0.1145,-0.4009,-0.2525,2880.0
Anomalia,0.0162,0.1168,-0.4873,-0.2703,2880.0
Anomalia,0.0203,0.1078,-0.0938,-0.3996,2880.0
Anomalia,0.0202,0.1068,-0.0796,-0.3284,3360.0
Anomalia,0.0236,0.099,-0.1835,0.2672,3120.0
Anomalia,0.0202,0.1075,0.0472,-0.4871,3120.0
Anomalia,0.0249,0.1185,-0.1773,-0.6836,2880.0
Anomalia,0.0294,0.1573,0.084,-0.6282,2640.0
Anomalia,0.0244,0.176,0.0807,-1.0833,2640.0
Anomalia,0.0278,0.1813,0.0717,-1.1338,2880.0
Anomalia,0.0229,0.1678,0.1923,-0.7249,2880.0
Anomalia,0.0159,0.1326,0.1002,-0.3579,2880.0
Anomalia,0.0229,0.1214,0.2161,-0.3408,2880.0
Anomalia,0.0187,0.1075,0.2317,-0.309,2880.0
Anomalia,0.0233,0.1372,0.2579,-0.6246,2880.0
Anomalia,0.0275,0.1662,0.0061,-0.8584,2880.0
Anomalia,0.0242,0.1991,-0.0235,-0.8707,2880.0
Anomalia,0.0277,0.2039,-0.0766,-0.9916,2880.0
Anomalia,0.0236,0.1981,-0.1252,-0.8808,2880.0
Anomalia,0.0099,0.1756,0.0798,-0.4257,2880.0
Anomalia,0.0167,0.1324,-0.0107,-0.7974,2880.0
Anomalia,0.0146,0.1387,0.0521,-0.6738,3120.0
Anomalia,0.0214,0.1335,0.0795,-0.751,3120.0
Anomalia,0.0343,0.1428,-0.1204,-0.9621,2880.0
Anomalia,0.0227,0.1341,-0.0105,-0.7444,2880.0
Anomalia,0.0237,0.1213,0.0247,-0.9916,2640.0
Anomalia,0.0181,0.1225,0.1555,-0.8811,3120.0
Anomalia,0.0161,0.1162,0.2899,-0.7197,3360.0
Anomalia,0.0254,0.1245,0.1177,-1.0347,3120.0
Anomalia,0.0253,0.1169,0.2886,-0.75,3120.0
Anomalia,0.0236,0.099,0.3701,-0.4771,2880.0
Anomalia,0.0233,0.0951,0.2397,-0.4135,3120.0
Anomalia,0.0184,0.0801,0.4855,0.3238,3120.0
Anomalia,0.0263,0.072,-0.151,-0.2321,3120.0
Anomalia,0.0257,0.0965,-0.5013,1.4317,3360.0
Anomalia,0.0211,0.116,-0.4203,0.5964,2880.0
Anomalia,0.0256,0.1407,-0.2732,-0.2175,2880.0
Anomalia,0.0114,0.1499,-0.2438,-0.4676,2880.0
Anomalia,0.0166,0.1597,-0.1016,-0.7446,2880.0
Anomalia,0.0283,0.1452,-0.2606,-0.1645,3360.0
Anomalia,0.0216,0.1323,-0.306,-0.0261,3120.0
Anomalia,0.0344,0.1525,-0.0604,-0.7051,3120.0
Anomalia,0.0314,0.1422,-0.0522,-0.518,2880.0
Anomalia,0.0184,0.1397,0.1675,-0.4803,2640.0
Anomalia,0.0165,0.133,0.303,-0.1486,2640.0
Anomalia,0.0227,0.1194,0.393,-0.1279,3120.0
Anomalia,0.0179,0.1266,0.5343,0.4404,2880.0
Anomalia,0.035,0.1465,0.3875,-0.2446,2880.0
Anomalia,0.0358,0.1553,0.2681,-0.652,2880.0
Anomalia,0.0162,0.1381,0.5525,0.0492,2880.0
Anomalia,0.0221,0.1218,0.46,-0.1224,2880.0
Anomalia,0.0073,0.1119,0.2249,-0.9171,2880.0
Anomalia,0.0203,0.1218,0.5133,-0.2378,2880.0
Anomalia,0.0239,0.158,-0.0402,-0.4125,2880.0
Anomalia,0.0271,0.1695,-0.0377,-0.7667,2880.0
Anomalia,0.027,0.1718,-0.0694,-0.7612,2880.0
Anomalia,0.0203,0.1598,-0.1842,-0.63,2880.0
Anomalia,0.0256,0.1246,-0.0371,-0.6169,3120.0
Anomalia,0.0265,0.1061,-0.2724,-0.3067,3120.0
Anomalia,0.0323,0.0907,-0.1141,-1.0122,2640.0
Anomalia,0.0208,0.0921,-0.1033,-0.8232,2640.0
Anomalia,0.0219,0.1222,0.0884,-0.5086,2880.0
Anomalia,0.0185,0.1404,0.1994,-0.8392,3360.0
Anomalia,0.0212,0.1723,0.2796,-0.8635,3360.0
Anomalia,0.0271,0.1825,0.126,-1.0626,3360.0
Anomalia,0.023,0.1819,0.1388,-1.0274,3360.0
Anomalia,0.022,0.1867,0.0497,-0.9307,3360.0
Anomalia,0.0114,0.1694,0.1172,-0.8471,3360.0
Anomalia,0.0203,0.1676,0.0895,-0.8086,3360.0
Anomalia,0.0261,0.1543,0.0621,-0.5076,2880.0
Anomalia,0.027,0.1472,0.2536,-0.6538,2640.0
Anomalia,0.0285,0.1376,0.0005,-0.5575,3120.0
Anomalia,0.0251,0.1248,0.0481,-0.2517,3360.0
Anomalia,0.0168,0.1239,0.0785,-0.2663,3360.0
Anomalia,0.0213,0.1059,-0.0491,-0.3902,3360.0
Anomalia,0.023,0.0971,0.2157,-0.4136,3360.0
Anomalia,0.0121,0.0897,0.2134,-0.4401,3360.0
Anomalia,0.0276,0.0914,0.3721,-0.1821,2880.0
Anomalia,0.0158,0.1024,0.0821,-0.4692,2880.0
Anomalia,0.0286,0.1367,0.3286,-0.234,2880.0
Anomalia,0.0303,0.148,0.1015,-0.6495,2880.0
Anomalia,0.0167,0.1414,0.2843,-0.4157,2880.0
Anomalia,0.0336,0.1338,0.1799,-0.001,2880.0
Anomalia,0.0171,0.1056,-0.2279,-0.7052,2880.0
Anomalia,0.0189,0.1051,-0.0643,-0.4475,3360.0
Anomalia,0.0183,0.1411,-0.2409,-0.279,3120.0
Anomalia,0.0122,0.174,-0.023,-0.364,3120.0
Anomalia,0.0263,0.1746,-0.1649,-0.2453,2880.0
Anomalia,0.031,0.1907,-0.1962,-0.5034,2640.0
Anomalia,0.0327,0.1711,-0.1447,0.0975,2640.0
Anomalia,0.0279,0.1324,-0.0591,0.8012,2640.0
Anomalia,0.0104,0.1239,0.1371,1.2824,3120.0
Anomalia,0.0084,0.0917,0.0532,0.7746,2640.0
Anomalia,0.025,0.097,0.3837,0.0688,2640.0
Anomalia,0.0209,0.1122,0.2499,-0.4098,2640.0
Anomalia,0.0327,0.114,-0.007,-0.3996,2640.0
Anomalia,0.0298,0.1196,-0.1035,-0.6023,2640.0
Anomalia,0.014,0.148,-0.1051,-0.4546,3120.0
Anomalia,0.0221,0.1537,-0.1386,-0.5665,3360.0
Anomalia,0.0207,0.1714,-0.1417,-0.9567,3360.0
Anomalia,0.0236,0.1701,-0.1399,-0.9005,3360.0
Anomalia,0.025,0.1564,0.0076,-0.8012,3360.0
Anomalia,0.02,0.1454,0.0033,-0.495,3360.0
Anomalia,0.0175,0.1345,0.2922,-0.4661,2640.0
Anomalia,0.0213,0.1348,0.2463,-0.4194,3120.0
Anomalia,0.0208,0.1568,0.0268,-0.3519,2880.0
Anomalia,0.0243,0.1554,-0.0372,-0.2062,2880.0
Anomalia,0.0269,0.1465,-0.1868,0.3432,2640.0
Anomalia,0.0237,0.1316,-0.1912,1.5201,2640.0
Anomalia,0.0213,0.09,-0.1755,0.5621,2880.0
Anomalia,0.0174,0.0923,-0.0973,-0.1267,3360.0
Anomalia,0.0186,0.1242,0.0926,-0.1192,3360.0
Anomalia,0.0245,0.1364,-0.0117,-0.7301,3360.0
Anomalia,0.0305,0.1343,-0.0453,-0.6213,3360.0
Anomalia,0.0334,0.1545,-0.0278,-0.8618,2880.0
Anomalia,0.0165,0.1445,-0.0929,-0.6336,2880.0
Anomalia,0.0081,0.1886,0.0968,-0.4824,2640.0
Anomalia,0.009,0.1958,0.1459,-0.6405,3120.0
Anomalia,0.0128,0.2023,0.1194,-0.7476,2880.0
Anomalia,0.0403,0.1968,-0.1071,-0.5359,2880.0
Anomalia,0.0339,0.1528,0.1279,-0.5606,3120.0
Anomalia,0.0283,0.1489,0.0503,-0.4883,3120.0
Anomalia,0.027,0.1575,0.0831,0.0286,2880.0
Anomalia,0.0097,0.159,0.2747,-0.1273,2880.0
Anomalia,0.0248,0.1556,0.065,0.1041,2880.0
Anomalia,0.0271,0.1451,0.0247,0.6864,2880.0
Anomalia,0.0202,0.112,-0.2485,-0.7943,3360.0
Anomalia,0.0218,0.1073,-0.1906,-0.6067,3360.0
Anomalia,0.0224,0.1302,0.0257,-0.8173,3360.0
Anomalia,0.0191,0.1488,0.0458,-0.7225,3360.0
Anomalia,0.0237,0.1806,0.2045,-0.2974,3360.0
Anomalia,0.0285,0.179,0.1251,-0.1844,3360.0
Anomalia,0.0181,0.1627,0.2735,0.6501,3120.0
Anomalia,0.0293,0.1768,0.2897,0.7132,3600.0
Anomalia,0.0242,0.1645,0.0478,0.9195,2880.0
Anomalia,0.0267,0.1924,0.0292,-0.0732,2880.0
Anomalia,0.0259,0.1909,0.0552,0.0095,2880.0
Anomalia,0.0157,0.1718,0.0842,-0.0394,2880.0
Anomalia,0.0234,0.1525,0.1625,0.004,3360.0
Anomalia,0.014,0.1426,0.0924,-0.6795,3360.0
Anomalia,0.0267,0.1624,-0.0285,-1.1049,3360.0
Anomalia,0.0185,0.1736,-0.1486,-1.1665,2880.0
Anomalia,0.0189,0.1646,-0.2214,-0.9295,2880.0
Anomalia,0.0301,0.1443,-0.3026,-0.4003,2880.0
Anomalia,0.0214,0.1212,-0.487,0.4316,2880.0
Anomalia,0.0252,0.087,0.175,-0.3741,2880.0
Anomalia,0.0236,0.1135,0.3451,0.4478,3120.0
Anomalia,0.0107,0.1311,0.1621,0.1157,2880.0
Anomalia,0.0171,0.1669,0.3011,-0.397,2640.0
Anomalia,0.0244,0.1998,0.2379,-0.6401,2640.0
Anomalia,0.0212,0.1999,0.2443,-0.6534,2880.0
Anomalia,0.0255,0.2094,0.0851,-0.7526,2880.0
Anomalia,0.0236,0.1972,-0.0073,-0.6617,2880.0
Anomalia,0.0196,0.2019,-0.089,-0.9476,2640.0
Anomalia,0.0309,0.2084,-0.1404,-0.9921,2880.0
Anomalia,0.0283,0.1958,-0.0052,-0.9553,2880.0
Anomalia,0.0222,0.1808,0.0915,-0.4759,2880.0
Anomalia,0.0238,0.1326,0.2411,0.2291,3120.0
Anomalia,0.0087,0.097,-0.2131,0.4979,3120.0
Anomalia,0.0209,0.0743,-0.2498,-0.4576,3120.0
Anomalia,0.0309,0.1263,0.2439,1.2586,2880.0
Anomalia,0.0276,0.159,-0.0652,0.1681,2880.0
Anomalia,0.0318,0.1622,-0.1317,0.0654,2880.0
Anomalia,0.0201,0.1647,-0.0087,-0.1728,2880.0
Anomalia,0.0178,0.1385,-0.2221,0.2924,2880.0
Anomalia,0.0141,0.1037,-0.1318,-0.3254,3360.0
Anomalia,0.0171,0.0981,-0.1867,-0.3341,3360.0
Anomalia,0.0265,0.0904,-0.1019,-0.0588,3360.0
Anomalia,0.017,0.0992,-0.6372,-0.08,2880.0
Anomalia,0.0286,0.1256,-0.2701,-0.3361,2880.0
Anomalia,0.0227,0.1346,-0.1869,-0.5595,2640.0
Anomalia,0.0162,0.1388,0.0042,-0.7923,2880.0
Anomalia,0.0282,0.1351,0.1077,-0.6786,2880.0
Anomalia,0.0209,0.1327,0.0894,-0.6324,2880.0
Anomalia,0.0236,0.1253,0.1404,-0.6471,2880.0
Anomalia,0.0305,0.1465,0.1269,-0.8208,2880.0
Anomalia,0.021,0.166,0.1294,-0.7452,2880.0
Anomalia,0.0147,0.186,0.0818,-0.5487,2880.0
Anomalia,0.0312,0.1963,-0.0337,-0.7506,2880.0
Anomalia,0.0188,0.1911,-0.0768,-0.5901,2880.0
Anomalia,0.0239,0.1873,-0.1441,-0.6543,3360.0
Anomalia,0.026,0.154,-0.1326,-0.5669,2640.0
Anomalia,0.0067,0.1591,-0.0938,-0.8861,2880.0
Anomalia,0.0189,0.1673,0.0827,-1.0171,3120.0
Anomalia,0.019,0.1535,0.1366,-0.7985,3120.0
Anomalia,0.0291,0.1749,0.0896,-1.0936,3360.0
Anomalia,0.0359,0.1668,0.1313,-1.0389,3360.0
Anomalia,0.0216,0.1588,0.1453,-1.0655,3120.0
Anomalia,0.0147,0.1528,0.1645,-0.9159,3120.0
Anomalia,0.0195,0.1438,0.049,-0.9996,2880.0
Anomalia,0.0136,0.137,-0.0166,-0.8718,2880.0
Anomalia,0.0288,0.1211,-0.1369,-0.4148,2880.0
Anomalia,0.0315,0.1156,-0.1297,-0.0365,2880.0
Anomalia,0.0223,0.0878,-0.4241,-0.1515,2880.0
Anomalia,0.0277,0.0766,-0.0792,-0.6581,3120.0
Anomalia,0.0164,0.0665,0.0509,-0.5089,3120.0
Anomalia,0.0232,0.0891,0.3891,-0.1956,2880.0
Anomalia,0.0238,0.1151,0.1695,0.3564,3360.0
Anomalia,0.0181,0.1364,0.2572,-0.2688,3360.0
Anomalia,0.0303,0.1533,0.1004,-0.8767,3360.0
Anomalia,0.0243,0.1551,0.0737,-0.8249,2880.0
Anomalia,0.0275,0.1418,0.0512,-0.7468,2880.0
Anomalia,0.0304,0.1443,0.0155,-0.8907,3120.0
Anomalia,0.0196,0.1447,0.0045,-0.9803,3120.0
Anomalia,0.0245,0.1432,0.0144,-0.9525,2880.0
Anomalia,0.0267,0.1424,0.0254,-0.8806,2880.0
Anomalia,0.0154,0.1208,0.0852,-0.6443,2640.0
Anomalia,0.0269,0.1175,0.1277,-0.612,3360.0
Anomalia,0.0262,0.1103,0.1666,-0.6936,3360.0
Anomalia,0.0235,0.127,0.0742,-0.7943,3360.0
Anomalia,0.0369,0.1319,-0.1198,-0.8341,3360.0
Anomalia,0.0196,0.1315,-0.0345,-0.6661,3360.0
Anomalia,0.0173,0.1382,0.0012,-0.9119,3360.0
Anomalia,0.0211,0.1187,-0.0916,-0.4338,3120.0
Anomalia,0.0146,0.1154,0.0226,-0.3492,3360.0
Anomalia,0.0372,0.128,0.1608,-0.4674,2880.0
Anomalia,0.0304,0.1632,-0.2695,0.2867,2640.0
Anomalia,0.0204,0.1852,-0.1598,-0.5051,2880.0
Anomalia,0.0231,0.1862,-0.2059,-0.52,2880.0
Anomalia,0.0157,0.1677,-0.3204,0.1458,2880.0
Anomalia,0.0216,0.1191,-0.3812,1.3588,2880.0
Anomalia,0.0334,0.0835,-0.4552,-0.1034,3360.0
Anomalia,0.0245,0.0796,-0.4371,-0.5335,3360.0
Anomalia,0.0244,0.0829,-0.3538,-0.7352,3360.0
Anomalia,0.0167,0.0989,-0.4322,-0.3131,3360.0
Anomalia,0.0168,0.0964,-0.4032,-0.0434,3360.0
Anomalia,0.0327,0.0923,-0.6403,1.1603,2640.0
Anomalia,0.0262,0.0974,-0.4409,0.3958,3360.0
Anomalia,0.0266,0.1282,-0.1459,0.7888,3360.0
Anomalia,0.0245,0.1659,0.1609,-0.0881,3360.0
Anomalia,0.007,0.1666,0.4041,-0.1245,3360.0
Anomalia,0.0171,0.1689,0.3204,-0.2371,3360.0
Anomalia,0.0339,0.1429,0.3584,0.5935,2880.0
Anomalia,0.0224,0.1246,-0.0584,-0.0989,3120.0
Anomalia,0.0384,0.1292,-0.294,-0.0849,2640.0
Anomalia,0.0198,0.1282,-0.35,-0.2438,2880.0
Anomalia,0.009,0.1324,-0.2137,-0.6043,3360.0
Anomalia,0.0254,0.1183,-0.245,-0.5254,3360.0
Anomalia,0.0077,0.1168,-0.0787,-0.5616,3360.0
Anomalia,0.0279,0.1189,0.0098,-0.7279,3120.0
Anomalia,0.0295,0.1219,0.1324,-0.6206,3360.0
Anomalia,0.0149,0.1301,0.1046,-0.3866,2880.0
Anomalia,0.0291,0.1384,0.0155,-0.5198,2880.0
Anomalia,0.0195,0.1296,0.0923,-0.153,3360.0
Anomalia,0.0193,0.1332,0.0058,-0.2819,3360.0
Anomalia,0.0297,0.1184,-0.0082,-0.1841,3120.0
Anomalia,0.0262,0.1151,-0.1845,-0.3775,3120.0
Anomalia,0.0232,0.1164,-0.1853,-0.4006,3120.0
Anomalia,0.0202,0.1038,-0.2872,-0.5565,3360.0
Anomalia,0.0135,0.1021,-0.085,-0.5345,3360.0
Anomalia,0.0295,0.1053,0.1099,-0.1474,3120.0
Anomalia,0.0257,0.1294,-0.3149,-0.2007,2640.0
Anomalia,0.0335,0.1345,-0.316,-0.3072,2640.0
Anomalia,0.028,0.1332,-0.3263,-0.2443,2640.0
Anomalia,0.0081,0.1481,-0.2686,-0.5701,3360.0
Anomalia,0.0218,0.1482,-0.2705,-0.4904,2880.0
Anomalia,0.0184,0.1443,-0.3283,-0.384,3120.0
Anomalia,0.0262,0.1463,-0.3936,-0.4209,3120.0
Anomalia,0.0299,0.1166,-0.2596,0.0977,3120.0
Anomalia,0.0202,0.0906,-0.3017,-0.3183,2640.0
Anomalia,0.015,0.1173,-0.3699,0.0748,3120.0
Anomalia,0.0218,0.1189,-0.4884,0.1784,3360.0
Anomalia,0.0191,0.1229,-0.4289,-0.1759,3360.0
Anomalia,0.0247,0.1256,-0.3901,-0.2858,3360.0
Anomalia,0.0325,0.108,-0.21,-0.62,3360.0
Anomalia,0.0181,0.1347,-0.0021,-0.3674,3360.0
Anomalia,0.0265,0.1564,-0.2696,-0.3323,2880.0
Anomalia,0.0201,0.239,-0.1375,-0.0029,2880.0
Anomalia,0.0176,0.2497,-0.0896,-0.2781,2880.0
Anomalia,0.0204,0.2316,-0.1422,0.4874,2880.0
Anomalia,0.0235,0.2188,-0.1406,1.1321,2640.0
Anomalia,0.0288,0.1381,-0.0179,0.9023,3120.0
Anomalia,0.0212,0.1237,0.0746,-0.2732,3120.0
Anomalia,0.0273,0.1318,-0.0395,-0.6942,2880.0
Anomalia,0.0205,0.1379,0.0621,-0.8858,2880.0
Anomalia,0.0146,0.1218,0.1381,-0.558,2880.0
Anomalia,0.0248,0.1087,0.1804,-0.39,2880.0
Anomalia,0.021,0.1143,0.2205,-0.2905,2880.0
Anomalia,0.0147,0.1256,0.0106,-0.2867,3120.0
Anomalia,0.0201,0.1459,-0.0733,-0.6789,2640.0
Anomalia,0.0204,0.155,-0.0847,-0.9184,2640.0
Anomalia,0.0209,0.1471,-0.1343,-0.6945,2880.0
Anomalia,0.036,0.1364,-0.2505,-0.4036,2880.0
Anomalia,0.0147,0.1172,-0.073,-0.5594,3120.0
Anomalia,0.0177,0.1293,0.1064,-0.2805,2880.0
Anomalia,0.0222,0.1463,0.1417,-0.8091,2880.0
Anomalia,0.0111,0.1401,0.347,-0.5521,2880.0
Anomalia,0.0399,0.1454,0.1214,-0.713,3120.0
Anomalia,0.0239,0.117,0.4499,-0.5209,3360.0
Anomalia,0.018,0.0971,0.4445,-0.225,3360.0
Anomalia,0.0237,0.1171,0.2865,-0.2513,3360.0
Anomalia,0.0126,0.1461,0.2555,-0.1883,3360.0
Anomalia,0.0317,0.1877,0.0743,-0.7365,3360.0
Anomalia,0.0302,0.188,0.1088,-0.7673,3360.0
Anomalia,0.0248,0.1815,0.1966,-0.6089,3360.0
Anomalia,0.0235,0.1526,0.2987,0.2129,3360.0
Anomalia,0.0158,0.1464,0.5205,0.3147,2640.0
Anomalia,0.024,0.1679,0.3055,-0.4568,2640.0
Anomalia,0.0307,0.1857,0.2289,-0.7888,2640.0
Anomalia,0.0293,0.1958,0.165,-1.0511,2880.0
Anomalia,0.028,0.1662,0.0881,-0.8138,2880.0
Anomalia,0.0228,0.1817,-0.1522,-0.5063,2880.0
Anomalia,0.0149,0.1791,-0.2932,-0.4731,2880.0
Anomalia,0.0229,0.1984,-0.2208,-0.6944,2880.0
Anomalia,0.0156,0.1995,-0.1425,-0.7915,2880.0
Anomalia,0.0266,0.1789,-0.0481,-0.7919,2880.0
Anomalia,0.0291,0.161,0.0749,-0.5909,2880.0
Anomalia,0.0208,0.1218,0.2282,-0.8801,3360.0
Anomalia,0.0264,0.1322,0.3055,-0.7622,3360.0
Anomalia,0.0135,0.1236,0.22,-0.7305,3360.0
Anomalia,0.0065,0.1299,-0.1358,-0.0515,3120.0
Anomalia,0.033,0.1628,0.2367,-0.1238,3120.0
Anomalia,0.0287,0.1587,0.1971,-0.0602,2640.0
Anomalia,0.0253,0.1544,0.2967,0.1859,2640.0
Anomalia,0.0363,0.2056,0.1047,-0.0771,2880.0
Anomalia,0.0146,0.2494,0.062,-0.2618,2880.0
Anomalia,0.0185,0.2631,-0.0295,-0.5799,2880.0
Anomalia,0.0329,0.2656,-0.177,-0.5887,2880.0
Anomalia,0.0271,0.2254,-0.2074,0.1948,2880.0
Anomalia,0.0241,0.1432,-0.5332,0.5418,2880.0
Anomalia,0.0219,0.1129,-0.2495,-0.5563,2880.0
Anomalia,0.0124,0.1116,-0.1095,-0.8014,2880.0
Anomalia,0.0206,0.112,0.0648,-1.0958,3120.0
Anomalia,0.0208,0.1211,-0.1748,-0.8762,2880.0
Anomalia,0.0285,0.1203,-0.1834,-0.6277,2880.0
Anomalia,0.0238,0.1228,-0.2189,-0.5819,2880.0
Anomalia,0.0243,0.1144,-0.2933,-0.1178,2880.0
Anomalia,0.0276,0.1153,-0.0856,-0.5455,3360.0
Anomalia,0.0238,0.1055,-0.2496,-0.318,3360.0
Anomalia,0.0248,0.1279,-0.1633,0.0233,3360.0
Anomalia,0.0271,0.1382,-0.0806,-0.4303,2880.0
Anomalia,0.02,0.1737,-0.1206,-0.3924,2880.0
Anomalia,0.0263,0.1986,-0.0691,-0.8771,3360.0
Anomalia,0.0271,0.1877,-0.1007,-0.6411,2640.0
Anomalia,0.0152,0.2136,-0.0376,-0.9754,3360.0
Anomalia,0.0267,0.1983,-0.0563,-0.836,3360.0
Anomalia,0.0177,0.1733,-0.0544,-0.3472,3120.0
Anomalia,0.0218,0.1619,-0.0875,0.2413,3120.0
Anomalia,0.034,0.12,0.189,0.7778,3120.0
Anomalia,0.0183,0.1067,-0.4383,0.2751,3120.0
Anomalia,0.0186,0.1041,-0.4565,0.5624,2880.0
Anomalia,0.025,0.1162,-0.479,0.0236,2880.0
Anomalia,0.0135,0.1428,-0.2975,-0.3396,3120.0
Anomalia,0.0307,0.1758,-0.0772,-0.2602,2880.0
Anomalia,0.03,0.1815,-0.0648,-0.5459,2880.0
Anomalia,0.0228,0.1816,0.033,-0.5581,2880.0
Anomalia,0.029,0.1602,0.0304,0.1047,3120.0
Anomalia,0.0189,0.1473,-0.0543,-0.2072,3120.0
Anomalia,0.0236,0.1616,0.0549,-0.3971,2640.0
Anomalia,0.0259,0.1672,0.1403,-0.5332,2640.0
Anomalia,0.0143,0.1771,0.2635,-0.8294,2640.0
Anomalia,0.0266,0.1556,0.2606,-0.7737,3360.0
Anomalia,0.0254,0.1374,0.1671,-0.7016,2880.0
Anomalia,0.0204,0.1187,0.0826,-0.4145,2880.0
Anomalia,0.0354,0.1032,0.1361,-0.5047,2880.0
Anomalia,0.0225,0.0944,-0.0608,-0.8942,2640.0
Anomalia,0.0192,0.1046,-0.1757,-0.8937,3120.0
Anomalia,0.0309,0.1064,-0.3885,-0.7308,3120.0
Anomalia,0.0197,0.1217,-0.2666,-0.6213,2880.0
Anomalia,0.0288,0.1429,0.2716,0.1379,3360.0
Anomalia,0.025,0.1339,0.4715,0.7898,3360.0
Anomalia,0.0116,0.1345,0.6859,0.7955,3360.0
Anomalia,0.0273,0.1218,0.8505,1.499,3360.0
Anomalia,0.0187,0.0953,-0.1073,-0.2989,3360.0
Anomalia,0.0264,0.1,-0.1739,-0.4896,3360.0
Anomalia,0.0352,0.099,-0.2714,-0.1378,3360.0
Anomalia,0.0173,0.1052,-0.2673,-0.8104,2880.0
Anomalia,0.0269,0.1122,0.0082,-0.8612,2880.0
Anomalia,0.0201,0.1124,0.0495,-0.8783,2880.0
Anomalia,0.0135,0.11,0.0531,-0.7281,2880.0
Anomalia,0.0259,0.1128,0.1298,-0.6509,3120.0
Anomalia,0.018,0.1064,0.1361,-0.381,3120.0
Anomalia,0.0308,0.1137,0.0892,-0.4927,3360.0
Anomalia,0.0286,0.1117,0.2261,-0.5458,3360.0
Anomalia,0.0167,0.1022,0.2725,-0.3375,3360.0
Anomalia,0.0222,0.0938,-0.0017,-0.4394,2880.0
Anomalia,0.0205,0.0934,0.1004,-0.489,3360.0
Anomalia,0.021,0.1065,-0.0183,-0.839,2880.0
Anomalia,0.0382,0.1471,-0.0605,0.0741,2880.0
Anomalia,0.0271,0.1738,-0.1746,-0.5246,2880.0
Anomalia,0.0167,0.1747,-0.0711,-0.5459,2880.0
Anomalia,0.0227,0.1953,-0.1006,-0.9021,2880.0
Anomalia,0.0118,0.1666,-0.1008,-0.5062,3360.0
Anomalia,0.0322,0.1434,-0.1817,-0.0923,3360.0
Anomalia,0.0343,0.1352,-0.1781,0.1097,3360.0
Anomalia,0.0282,0.0895,0.006,-0.9737,3360.0
Anomalia,0.025,0.086,0.0841,-0.9993,3360.0
Anomalia,0.0068,0.1204,0.1792,0.6171,3360.0
Anomalia,0.0173,0.1452,0.1651,-0.3508,3360.0
Anomalia,0.0235,0.1666,0.124,-0.9455,3360.0
Anomalia,0.0221,0.1761,0.0277,-1.1708,3360.0
Anomalia,0.0323,0.1662,0.0213,-1.12,3360.0
Anomalia,0.0252,0.1597,0.0736,-1.0303,3360.0
Anomalia,0.0168,0.1458,0.0812,-0.9093,3360.0
Anomalia,0.0269,0.1353,0.1119,-0.6354,2880.0
Anomalia,0.0242,0.121,0.0054,-0.5356,2880.0
Anomalia,0.0211,0.1252,0.1505,-0.0876,3120.0
Anomalia,0.0299,0.156,0.0156,-0.0959,3360.0
Anomalia,0.0195,0.158,0.1419,-0.2761,3360.0
Anomalia,0.025,0.1923,0.2185,-0.2817,3360.0
Anomalia,0.019,0.1983,0.1366,-0.4212,3360.0
Anomalia,0.0184,0.1794,0.1418,0.0355,3360.0
Anomalia,0.025,0.1855,0.0733,-0.2137,3360.0
Anomalia,0.0245,0.1426,-0.2991,-0.1096,3360.0
Anomalia,0.0296,0.1304,0.0683,-0.2465,3360.0
Anomalia,0.0205,0.134,0.2032,-0.2042,2880.0
Anomalia,0.0191,0.1621,0.1014,-0.2706,2880.0
Anomalia,0.0169,0.1675,0.1142,-0.5509,2880.0
Anomalia,0.0193,0.151,-0.0142,0.0275,2880.0
Anomalia,0.0242,0.1397,-0.1682,0.5479,3360.0
Anomalia,0.0259,0.1039,-0.2451,-0.4565,3120.0
Anomalia,0.0128,0.124,-0.2019,-0.2026,2880.0
Anomalia,0.0222,0.1263,-0.3913,-0.1938,2880.0
Anomalia,0.0269,0.1294,-0.3944,-0.247,2640.0
Anomalia,0.0261,0.1513,-0.2676,-0.4921,3120.0
Anomalia,0.0339,0.154,-0.2188,-0.7143,2880.0
Anomalia,0.0174,0.1643,-0.0264,-1.1452,2880.0
Anomalia,0.0174,0.1734,0.0382,-1.2964,2880.0
Anomalia,0.0196,0.1526,-0.0327,-1.1308,2880.0
Anomalia,0.0163,0.1236,0.0023,-0.3689,2880.0
Anomalia,0.0232,0.1043,0.1564,0.796,3120.0
Anomalia,0.0252,0.085,0.0969,1.097,3120.0
Anomalia,0.0147,0.0771,0.1144,0.1977,3360.0
Anomalia,0.0223,0.1244,0.0964,0.9531,3360.0
Anomalia,0.0207,0.1369,0.1095,-0.0605,3360.0
Anomalia,0.0164,0.13,0.166,0.4438,3360.0
Anomalia,0.0219,0.1672,-0.0546,0.115,3360.0
Anomalia,0.0184,0.1573,-0.0056,0.4243,3360.0
Anomalia,0.0229,0.1629,-0.0969,0.3158,3360.0
Anomalia,0.0214,0.1775,-0.1042,-0.4249,2880.0
Anomalia,0.026,0.1507,-0.1405,-0.5399,2880.0
Anomalia,0.0249,0.1499,-0.1875,-0.9711,2880.0
Anomalia,0.02,0.1345,-0.1426,-0.8377,2640.0
Anomalia,0.0262,0.1358,0.0217,-0.8698,2880.0
Anomalia,0.0144,0.1284,0.1849,-0.6535,2880.0
Anomalia,0.0176,0.1134,0.2103,-0.2946,2880.0
Anomalia,0.0179,0.1172,0.1839,-0.5052,3360.0
Anomalia,0.0164,0.1049,-0.0117,-0.3861,3600.0
Anomalia,0.0261,0.1405,-0.1153,0.0672,3120.0
Anomalia,0.027,0.1342,-0.1782,0.5706,2880.0
Anomalia,0.0196,0.1465,-0.1737,-0.1329,2880.0
Anomalia,0.015,0.1483,-0.1331,-0.2147,2880.0
Anomalia,0.016,0.125,-0.1187,-0.4816,2880.0
Anomalia,0.0163,0.1341,-0.1373,-0.8473,2640.0
Anomalia,0.0329,0.1245,-0.1564,-0.6624,2640.0
Anomalia,0.0274,0.1165,-0.0082,-0.7503,2640.0
Anomalia,0.0186,0.098,0.0262,-0.5944,2640.0
Anomalia,0.02,0.0845,0.1251,-0.3676,2640.0
Anomalia,0.013,0.0685,-0.222,0.0796,2880.0
Anomalia,0.0191,0.0675,-0.2443,0.3048,2400.0
Anomalia,0.0345,0.1059,0.4871,0.8533,3120.0
Anomalia,0.0229,0.1171,0.3011,0.0278,3120.0
Anomalia,0.0102,0.1351,0.088,-0.3052,3360.0
Anomalia,0.0225,0.1564,0.212,-0.5713,3360.0
Anomalia,0.0077,0.1324,0.2734,0.4328,2880.0
Anomalia,0.0223,0.1484,0.3069,-0.0659,2880.0
Anomalia,0.0317,0.1323,0.6645,0.4445,2880.0
Anomalia,0.0252,0.1069,0.54,1.1191,2880.0
Anomalia,0.034,0.1103,0.4327,0.8573,2880.0
Anomalia,0.0129,0.1271,-0.2836,1.5682,2640.0
Anomalia,0.0223,0.1674,0.1414,0.0251,2640.0
Anomalia,0.0148,0.1743,0.3168,-0.2285,2880.0
Anomalia,0.0191,0.185,0.2738,-0.6615,2880.0
Anomalia,0.0317,0.1694,0.3498,-0.7046,2880.0
Anomalia,0.0186,0.1431,0.1489,-0.6916,2880.0
Anomalia,0.0242,0.1382,-0.0898,-0.7681,2880.0
Anomalia,0.0116,0.1326,-0.1297,-0.9238,2880.0
Anomalia,0.0072,0.1094,-0.1647,-0.6915,2880.0
Anomalia,0.026,0.0964,-0.2825,-0.6325,2640.0
Anomalia,0.0246,0.0954,-0.2314,-0.5812,2880.0
Anomalia,0.019,0.0793,0.0725,-0.3536,3360.0
Anomalia,0.0297,0.1214,0.2026,0.8452,3360.0
Anomalia,0.0114,0.1321,0.309,0.1481,3360.0
Anomalia,0.0079,0.1525,0.1634,-0.3564,3360.0
Anomalia,0.03,0.1923,0.0803,-0.8023,3360.0
Anomalia,0.021,0.1733,0.1265,-0.381,2640.0
Anomalia,0.0239,0.1676,0.1608,-0.1668,2880.0
Anomalia,0.0296,0.2032,0.1746,0.0519,2880.0
Anomalia,0.0169,0.1945,0.1181,0.1076,2880.0
Anomalia,0.0276,0.2088,0.0458,-0.42,2880.0
Anomalia,0.0312,0.2091,0.005,-0.4154,2880.0
Anomalia,0.0211,0.1494,0.0912,-0.2606,2880.0
Anomalia,0.0207,0.1101,0.503,0.6668,2880.0
Anomalia,0.0111,0.071,0.3267,-0.2055,3360.0
Anomalia,0.0139,0.0649,0.2116,-0.0539,3360.0
Anomalia,0.0282,0.1084,0.2634,1.3778,3360.0
Anomalia,0.0222,0.1279,-0.0535,0.5564,3360.0
Anomalia,0.0288,0.1368,-0.0703,0.0154,3360.0
Anomalia,0.0174,0.1465,0.0228,-0.5044,3360.0
Anomalia,0.0139,0.1411,0.0452,-0.6081,3360.0
Anomalia,0.0224,0.1347,0.1404,-0.7692,3360.0
Anomalia,0.0167,0.1498,0.1292,-0.7589,3360.0
Anomalia,0.0225,0.1404,0.1759,-0.4221,3360.0
Anomalia,0.0221,0.1495,0.0613,-0.6087,2880.0
Anomalia,0.0252,0.1911,0.0303,-0.6276,2880.0
Anomalia,0.0279,0.2511,0.0706,-0.3853,2640.0
Anomalia,0.0301,0.2809,0.0237,-1.0089,2640.0
Anomalia,0.02,0.2858,0.074,-1.0821,2880.0
Anomalia,0.0227,0.2637,0.061,-0.728,2880.0
Anomalia,0.012,0.1957,0.0442,-0.7072,2880.0
Anomalia,0.0132,0.1748,-0.0491,-0.8735,2880.0
Anomalia,0.0172,0.1541,0.0463,-0.8506,2880.0
Anomalia,0.0138,0.1677,0.0333,-0.8327,2880.0
Anomalia,0.0251,0.1807,0.0126,-0.9147,2880.0
Anomalia,0.0243,0.2038,0.0884,-0.7311,2880.0
Anomalia,0.0211,0.2103,0.0874,-0.9132,2880.0
Anomalia,0.0219,0.2033,0.1254,-0.8176,2880.0
Anomalia,0.0103,0.1919,0.2122,-0.6324,2880.0
Anomalia,0.0203,0.1662,0.144,-1.0786,2880.0
Anomalia,0.0251,0.1659,0.1698,-1.0214,3360.0
Anomalia,0.0304,0.161,0.0611,-0.9086,3360.0
Anomalia,0.0342,0.1773,-0.0618,-1.0378,3360.0
Anomalia,0.0163,0.1626,-0.0425,-0.9277,3360.0
Anomalia,0.0201,0.1582,-0.0937,-0.8306,3120.0
Anomalia,0.0136,0.1625,-0.0226,-0.7992,3120.0
Anomalia,0.0193,0.144,-0.0342,-0.5302,3120.0
Anomalia,0.0304,0.132,-0.0779,0.0073,3360.0
Anomalia,0.0251,0.1218,-0.067,0.0643,3360.0
Anomalia,0.0211,0.1089,-0.1198,-0.8482,3360.0
Anomalia,0.0255,0.1131,-0.1701,-0.6366,3120.0
Anomalia,0.0205,0.1434,-0.0138,-0.8828,3120.0
Anomalia,0.0232,0.1472,0.1097,-0.7792,3120.0
Anomalia,0.0264,0.1481,0.1443,-0.7674,2640.0
Anomalia,0.0217,0.1433,0.205,-0.6492,2640.0
Anomalia,0.0182,0.1219,0.2621,-0.4801,2640.0
Anomalia,0.0197,0.1267,0.0389,-0.8693,2880.0
Anomalia,0.0139,0.1268,0.0145,-0.9139,2880.0
Anomalia,0.0253,0.127,-0.1589,-0.8692,3120.0
Anomalia,0.0289,0.124,-0.1332,-0.863,3120.0
Anomalia,0.0278,0.1338,-0.1379,-0.5552,3360.0
Anomalia,0.0267,0.125,-0.1512,-0.2534,2880.0
Anomalia,0.0177,0.1262,0.0389,-0.3369,2880.0
Anomalia,0.0069,0.148,-0.1378,-0.4514,3360.0
Anomalia,0.0171,0.1272,-0.4591,0.2581,3120.0
Anomalia,0.0244,0.1453,-0.1831,-0.0559,3120.0
Anomalia,0.0245,0.1596,-0.0556,-0.4691,3120.0
Anomalia,0.0363,0.1627,0.0823,-0.7237,2880.0
Anomalia,0.0154,0.1585,0.3643,-0.5726,2880.0
Anomalia,0.0157,0.1382,0.3033,-0.0541,2880.0
Anomalia,0.0114,0.1195,0.2235,0.4111,2880.0
Anomalia,0.0221,0.0921,0.3176,-0.3183,2400.0
Anomalia,0.0289,0.1238,-0.3147,0.415,2640.0
Anomalia,0.0294,0.1434,-0.1903,-0.5237,2640.0
Anomalia,0.0284,0.1429,-0.2115,-0.5018,2880.0
Anomalia,0.0147,0.1394,-0.0863,-0.5047,2880.0
Anomalia,0.0224,0.1219,0.1553,-0.7679,2880.0
Anomalia,0.0209,0.0989,0.0939,-0.474,2880.0
Anomalia,0.0212,0.1064,0.0927,-0.8198,2880.0
Anomalia,0.0212,0.1145,0.0348,-1.0027,2880.0
Anomalia,0.0184,0.1302,-0.0004,-0.8744,2880.0
Anomalia,0.0164,0.1346,0.0263,-1.0282,2880.0
Anomalia,0.0246,0.1292,-0.0748,-0.7575,2880.0
Anomalia,0.0246,0.1181,-0.14,-0.2315,3360.0
Anomalia,0.0228,0.1252,-0.3585,0.0051,3360.0
Anomalia,0.021,0.1649,-0.0716,-0.2642,3360.0
Anomalia,0.0187,0.1783,0.0895,-0.4795,3360.0
Anomalia,0.0241,0.1895,0.0299,-0.8651,3360.0
Anomalia,0.0246,0.1705,0.1378,-0.3564,2880.0
Anomalia,0.0257,0.1445,0.1955,-0.296,2640.0
Anomalia,0.0188,0.1355,0.001,-0.8495,3120.0
Anomalia,0.0172,0.1324,0.1291,-0.7191,2640.0
Anomalia,0.02,0.131,0.1194,-0.6175,2640.0
Anomalia,0.018,0.1149,0.1233,-0.5886,3360.0
Anomalia,0.0247,0.0985,0.3047,0.1274,2880.0
Anomalia,0.0188,0.0828,-0.0694,-0.5966,3120.0
Anomalia,0.0213,0.0904,-0.161,-0.4703,3120.0
Anomalia,0.0193,0.1087,-0.2247,-0.3559,2880.0
Anomalia,0.0278,0.1421,0.1055,-0.7741,2880.0
Anomalia,0.0242,0.1499,0.0026,-0.8945,2880.0
Anomalia,0.0183,0.1476,0.0804,-0.869,2880.0
Anomalia,0.0302,0.1431,0.1016,-0.6553,2880.0
Anomalia,0.0167,0.1266,-0.0386,-0.7662,2880.0
Anomalia,0.0178,0.1343,-0.0047,-0.8814,3120.0
Anomalia,0.0112,0.1708,-0.2473,-0.1663,3120.0
Anomalia,0.0108,0.1942,0.04,-0.3207,2880.0
Anomalia,0.0255,0.1881,-0.1659,0.0586,2880.0
Anomalia,0.0305,0.1973,-0.1924,-0.1671,2640.0
Anomalia,0.0371,0.1663,0.0632,0.1843,2640.0
Anomalia,0.0263,0.1299,-0.2338,0.0437,2880.0
Anomalia,0.0096,0.1233,0.039,0.3136,2880.0
Anomalia,0.0104,0.0822,-0.019,-0.9553,2640.0
Anomalia,0.0241,0.097,0.0493,-0.42,2640.0
Anomalia,0.0239,0.1289,-0.2599,-0.1322,2640.0
Anomalia,0.0295,0.1408,-0.2699,-0.5702,3120.0
Anomalia,0.0302,0.1384,-0.2714,-0.403,2880.0
Anomalia,0.007,0.1469,-0.0976,-0.4759,3120.0
Anomalia,0.0206,0.1468,-0.0241,-0.23,3120.0
Anomalia,0.0184,0.1419,-0.0566,-0.0595,3120.0
Anomalia,0.0211,0.1558,-0.0856,-0.4712,3360.0
Anomalia,0.0253,0.1581,-0.1607,-0.375,3120.0
Anomalia,0.0219,0.141,-0.2375,0.0901,3360.0
Anomalia,0.023,0.1477,-0.1917,-0.2698,2640.0
Anomalia,0.0229,0.178,-0.0885,-0.5724,2880.0
Anomalia,0.0284,0.1924,-0.0581,-0.8105,2880.0
Anomalia,0.0195,0.1916,0.0235,-0.8896,2880.0
Anomalia,0.0166,0.1826,0.0572,-0.5482,2880.0
Anomalia,0.0156,0.1398,0.0169,0.4141,2640.0
Anomalia,0.0124,0.0954,-0.1424,-0.5625,2880.0
Anomalia,0.0146,0.0758,-0.1894,-0.0071,3120.0
Anomalia,0.0221,0.0871,-0.0219,-0.2885,3120.0
Anomalia,0.0222,0.1091,-0.0693,-0.2073,2880.0
Anomalia,0.03,0.1065,-0.1198,0.0485,2880.0
Anomalia,0.0315,0.1458,-0.178,-0.5441,2880.0
Anomalia,0.0085,0.1478,-0.0269,-0.5942,2880.0
Anomalia,0.0109,0.1541,0.0382,-0.7091,3120.0
Anomalia,0.0092,0.1918,0.1806,-0.8822,2640.0
Anomalia,0.0148,0.1743,0.1493,-0.4984,2880.0
Anomalia,0.0432,0.1722,-0.1138,-0.336,2880.0
Anomalia,0.0308,0.1689,-0.036,-0.3047,3120.0
Anomalia,0.0255,0.1299,-0.2027,-0.6371,2880.0
Anomalia,0.0248,0.1527,0.0255,-0.6666,2880.0
Anomalia,0.0057,0.1504,0.2481,-0.5107,2880.0
Anomalia,0.02,0.1317,0.1356,0.2232,2880.0
Anomalia,0.0244,0.1241,0.251,0.7117,2880.0
Anomalia,0.0129,0.0757,-0.22,1.0142,2880.0
Anomalia,0.0241,0.1069,0.1548,0.8069,2880.0
Anomalia,0.0191,0.1105,0.1843,0.3949,2880.0
Anomalia,0.0187,0.1375,0.0439,-0.3119,2880.0
Anomalia,0.0231,0.1601,-0.0489,-0.9433,2880.0
Anomalia,0.0201,0.1488,-0.0737,-0.8469,2880.0
Anomalia,0.0185,0.1519,-0.066,-0.9447,2880.0
Anomalia,0.0194,0.1487,-0.1999,-0.3812,3120.0
Anomalia,0.0136,0.1789,-0.3995,0.3375,3120.0
Anomalia,0.0192,0.2117,-0.1606,-0.2361,2880.0
Anomalia,0.0185,0.223,-0.1173,-0.5474,2880.0
Anomalia,0.0127,0.2221,-0.0059,-0.6456,2880.0
Anomalia,0.0262,0.1891,0.0814,-0.3944,2880.0
Anomalia,0.0132,0.1521,0.0008,-0.677,2880.0
Anomalia,0.018,0.1615,-0.033,-0.996,2880.0
Anomalia,0.0192,0.1521,-0.1041,-0.8456,2880.0
Anomalia,0.0134,0.1584,-0.0331,-0.94,2880.0
Anomalia,0.027,0.1654,-0.0367,-0.7976,2880.0
Anomalia,0.0256,0.1616,0.0132,-0.7648,2880.0
Anomalia,0.0214,0.1512,0.1306,-0.3949,3360.0
Anomalia,0.0241,0.1454,0.1551,-0.2823,3360.0
Anomalia,0.0151,0.1348,0.0203,-0.2982,2880.0
Anomalia,0.022,0.1454,0.2595,0.0233,2640.0
Anomalia,0.0258,0.1608,0.0935,-0.6389,2640.0
Anomalia,0.017,0.164,0.1951,-0.7661,2880.0
Anomalia,0.0229,0.1628,0.1616,-0.7541,2880.0
Anomalia,0.0178,0.2096,0.1814,0.0395,3120.0
Anomalia,0.0191,0.2451,0.0914,-0.5758,2880.0
Anomalia,0.0357,0.261,-0.0002,-0.863,2880.0
Anomalia,0.0211,0.2633,0.1309,-0.9445,2880.0
Anomalia,0.014,0.2042,0.1803,-0.3523,2880.0
Anomalia,0.0162,0.1525,0.4164,-0.1162,3120.0
Anomalia,0.0059,0.1271,0.0634,-0.9748,2880.0
Anomalia,0.0216,0.1405,0.114,-0.9594,2880.0
Anomalia,0.031,0.1442,-0.0742,-1.0084,2880.0
Anomalia,0.028,0.156,-0.104,-0.9516,2880.0
Anomalia,0.0252,0.168,-0.1296,-0.8911,2880.0
Anomalia,0.016,0.1625,-0.1504,-0.8921,2880.0
Anomalia,0.0091,0.1609,-0.0691,-0.8419,3360.0
Anomalia,0.0208,0.153,-0.142,-0.7075,3360.0
Anomalia,0.0156,0.1284,-0.1543,-0.6832,3360.0
Anomalia,0.0263,0.131,0.0678,-0.7613,2880.0
Anomalia,0.0298,0.1401,0.0084,-0.811,2880.0
Anomalia,0.0133,0.1499,0.1261,-0.4681,2880.0
Anomalia,0.0236,0.161,-0.0421,-0.6397,3360.0
Anomalia,0.011,0.1561,-0.0987,-0.4745,2640.0
Anomalia,0.0194,0.1697,-0.0501,-0.7071,3360.0
Anomalia,0.0254,0.1555,-0.1462,-0.6676,3360.0
Anomalia,0.0178,0.1376,0.0653,-0.3027,3120.0
Anomalia,0.0273,0.1192,0.2359,0.5615,3120.0
Anomalia,0.0143,0.092,0.1596,-0.2025,3120.0
Anomalia,0.0118,0.0974,0.1976,-0.0909,2880.0
Anomalia,0.0305,0.1197,0.2977,-0.408,2880.0
Anomalia,0.0251,0.1263,0.209,-0.683,2880.0
Anomalia,0.0167,0.138,-0.0728,-0.6361,3120.0
Anomalia,0.0188,0.1583,-0.239,-0.5602,3120.0
Anomalia,0.0034,0.1662,-0.1543,-0.8581,2880.0
Anomalia,0.0206,0.1761,-0.2252,-0.9848,2880.0
Anomalia,0.0349,0.2002,-0.1979,-0.7405,3120.0
Anomalia,0.0383,0.2125,-0.1013,-0.928,3120.0
Anomalia,0.0346,0.2021,-0.0305,-0.698,3120.0
Anomalia,0.0086,0.2079,0.0888,-0.8036,2640.0
Anomalia,0.0074,0.1781,0.011,-0.7019,2640.0
Anomalia,0.0095,0.1388,-0.4214,-0.4598,2880.0
Anomalia,0.0206,0.1312,-0.6659,0.0637,2880.0
Anomalia,0.0286,0.1512,-0.2272,0.004,3360.0
Anomalia,0.0226,0.1479,-0.0447,0.2138,3120.0
Anomalia,0.0181,0.155,0.0393,-0.139,3360.0
Anomalia,0.0189,0.1556,0.0248,-0.1712,2880.0
Anomalia,0.0125,0.1183,-0.022,-0.2406,2640.0
Anomalia,0.023,0.1179,-0.1526,-0.4256,2640.0
Anomalia,0.0237,0.1236,-0.1802,-0.5189,3360.0
Anomalia,0.0175,0.1296,-0.2048,-0.4745,2880.0
Anomalia,0.0258,0.1309,-0.056,-0.5707,3360.0
Anomalia,0.023,0.1397,-0.0092,-0.7077,3360.0
Anomalia,0.0183,0.13,0.0948,-0.5813,3360.0
Anomalia,0.0213,0.1245,0.2827,-0.6667,3360.0
Anomalia,0.019,0.1149,0.2693,-0.3962,3360.0
Anomalia,0.0158,0.0997,0.1723,-0.6557,3360.0
Anomalia,0.0251,0.1025,0.2909,-0.5939,2880.0
Anomalia,0.0147,0.1044,0.27,-0.5235,2880.0
Anomalia,0.0192,0.1173,0.0376,-0.718,2880.0
Anomalia,0.0216,0.1133,0.0356,-0.4865,3360.0
Anomalia,0.0192,0.1072,-0.0994,-0.4655,3360.0
Anomalia,0.023,0.0959,-0.1747,-0.0379,3360.0
Anomalia,0.0181,0.0815,0.1918,-0.5547,2880.0
Anomalia,0.0113,0.0936,0.0709,-0.4979,2880.0
Anomalia,0.0143,0.0855,-0.0953,0.0496,2880.0
Anomalia,0.0186,0.0937,-0.2414,-0.3701,2880.0
Anomalia,0.0336,0.1165,0.104,-0.1986,3120.0
Anomalia,0.0272,0.1763,-0.311,0.7152,2640.0
Anomalia,0.0193,0.1973,-0.1745,-0.2731,2880.0
Anomalia,0.0175,0.2209,-0.1033,-0.8961,2880.0
Anomalia,0.0076,0.2138,-0.0565,-0.7474,2880.0
Anomalia,0.0179,0.1599,-0.0664,-0.2848,3120.0
Anomalia,0.0245,0.1393,-0.0834,0.1514,3120.0
Anomalia,0.0161,0.0984,0.0714,-0.524,3120.0
Anomalia,0.0169,0.0862,-0.0957,-0.429,3120.0
Anomalia,0.0156,0.1314,-0.1601,0.1433,2880.0
Anomalia,0.013,0.1682,0.1946,-0.3248,3360.0
Anomalia,0.0336,0.182,-0.011,-0.7498,3360.0
Anomalia,0.0207,0.1952,0.0769,-1.1204,3360.0
Anomalia,0.0247,0.1722,0.1368,-0.7505,3360.0
Anomalia,0.0163,0.1562,-0.0131,-0.96,3360.0
Anomalia,0.0068,0.1417,-0.1689,-0.5658,3360.0
Anomalia,0.0177,0.13,-0.1768,-0.235,3360.0
Anomalia,0.0208,0.1284,-0.235,-0.1078,2880.0
Anomalia,0.0208,0.1433,-0.2505,1.2463,2640.0
Anomalia,0.021,0.162,-0.0067,0.1989,2640.0
Anomalia,0.0177,0.1733,-0.0853,-0.2877,3360.0
Anomalia,0.0061,0.1796,0.0819,-0.5489,2880.0
Anomalia,0.0202,0.1816,0.2185,-0.7945,2880.0
Anomalia,0.0122,0.1649,0.2863,-0.4014,3360.0
Anomalia,0.0228,0.1533,0.3477,-0.047,3360.0
Anomalia,0.029,0.146,0.3484,0.2961,2880.0
Anomalia,0.0153,0.0958,0.0633,-0.8306,2880.0
Anomalia,0.0219,0.0989,0.2704,-0.6651,2880.0
Anomalia,0.009,0.1212,0.1586,-0.0418,3120.0
Anomalia,0.0176,0.1282,0.0235,-0.3848,3120.0
Anomalia,0.0204,0.1337,0.0206,-0.583,3360.0
Anomalia,0.0205,0.1331,0.0679,-0.5357,2880.0
Anomalia,0.0231,0.1082,0.2449,-0.7499,2880.0
Anomalia,0.0111,0.1039,0.4701,-0.5093,2880.0
Anomalia,0.0139,0.1168,0.1887,-0.7727,2880.0
Anomalia,0.0253,0.1169,-0.1209,-0.9121,3360.0
Anomalia,0.0227,0.1404,-0.2565,-0.7138,3360.0
Anomalia,0.0246,0.1473,-0.165,-0.7327,2880.0
Anomalia,0.0237,0.1463,-0.1345,-0.7245,2880.0
Anomalia,0.0005,0.1512,0.0941,-0.9416,2880.0
Anomalia,0.0233,0.1338,-0.0902,-0.895,2880.0
Anomalia,0.0221,0.1422,-0.2761,-0.9369,2640.0
Anomalia,0.0226,0.1354,-0.3442,-0.7486,3120.0
Anomalia,0.0336,0.1235,-0.4239,-0.106,2880.0
Anomalia,0.0118,0.1155,-0.135,-0.0614,2880.0
Anomalia,0.0105,0.1052,-0.2148,-0.3125,3360.0
Anomalia,0.0205,0.1138,-0.0189,-0.3107,3360.0
Anomalia,0.0114,0.1179,-0.0287,-0.3803,3360.0
Anomalia,0.0237,0.1459,-0.0007,-0.5691,3360.0
Anomalia,0.0244,0.1435,-0.0259,-0.3813,3360.0
Anomalia,0.0151,0.1374,0.0372,-0.2088,3360.0
Anomalia,0.0266,0.1497,-0.0113,-0.665,2880.0
Anomalia,0.0124,0.1405,-0.0717,-0.9558,2880.0
Anomalia,0.0163,0.1416,0.0314,-1.1611,2880.0
Anomalia,0.0153,0.1332,0.0109,-0.9185,2880.0
Anomalia,0.0095,0.1107,0.0025,-0.2789,2880.0
Anomalia,0.0247,0.0849,0.0846,0.5439,3120.0
Anomalia,0.0156,0.0912,-0.773,1.7226,3120.0
Anomalia,0.0133,0.1003,-0.6315,0.6644,3360.0
Anomalia,0.0241,0.1181,-0.2951,0.0766,3360.0
Anomalia,0.0083,0.1368,-0.1331,-0.629,3360.0
Anomalia,0.0196,0.1297,-0.1239,-0.5275,2640.0
Anomalia,0.0189,0.1542,-0.0796,-0.6978,2880.0
Anomalia,0.0102,0.1469,-0.1089,-0.587,2880.0
Anomalia,0.0225,0.1422,-0.094,-0.5138,3120.0
Anomalia,0.023,0.1529,-0.0276,-0.7497,3120.0
Anomalia,0.0179,0.1379,0.0894,-0.8118,2640.0
Anomalia,0.0266,0.1531,0.0782,-1.0673,2640.0
Anomalia,0.0073,0.1475,0.2671,-0.9119,3120.0
Anomalia,0.0098,0.1489,0.2682,-0.97,3360.0
Anomalia,0.0263,0.14,0.1678,-0.8486,2880.0
Anomalia,0.0114,0.1196,0.3214,-0.3882,2880.0
Anomalia,0.0351,0.1168,0.1391,-0.2976,3360.0
Anomalia,0.0169,0.1372,-0.6279,1.0875,3360.0
Anomalia,0.0121,0.1427,-0.5028,0.5793,3360.0
Anomalia,0.0199,0.1568,-0.4668,-0.1226,3360.0
Anomalia,0.0145,0.1587,-0.3474,-0.3146,3360.0
Anomalia,0.0251,0.1779,0.0804,0.2116,3360.0
Anomalia,0.0213,0.2126,0.1298,-0.4595,2880.0
Anomalia,0.013,0.2292,0.1441,-0.7433,2880.0
Anomalia,0.0156,0.2294,0.1126,-0.7502,2880.0
Anomalia,0.0197,0.2019,-0.0448,-0.628,2880.0
Anomalia,0.0156,0.1697,-0.1719,-0.4752,2640.0
Anomalia,0.0323,0.1659,-0.0838,-0.1967,3360.0
Anomalia,0.017,0.1687,0.0757,-0.4211,3360.0
Anomalia,0.0203,0.1776,0.2138,-0.57,3360.0
Anomalia,0.0173,0.1655,0.295,-0.1959,3360.0
Anomalia,0.0068,0.1513,0.2143,-0.6198,3360.0
Anomalia,0.0183,0.1536,0.1454,-0.7026,2880.0
Anomalia,0.0142,0.138,0.0897,-0.9501,2880.0
Anomalia,0.0266,0.1414,-0.0266,-1.0467,2880.0
Anomalia,0.026,0.1256,0.0258,-0.8507,2880.0
Anomalia,0.0225,0.1207,0.1173,-0.6995,2880.0
Anomalia,0.0106,0.1155,0.1194,-0.4818,3360.0
Anomalia,0.0144,0.128,0.312,-0.5479,3120.0
Anomalia,0.0091,0.125,0.4211,-0.4521,3360.0
Anomalia,0.0324,0.1569,0.389,-0.3904,3360.0
Anomalia,0.0353,0.187,-0.053,-0.5597,2640.0
Anomalia,0.0195,0.189,-0.0152,-0.7019,2880.0
Anomalia,0.0318,0.2533,0.0211,-0.7615,2880.0
Anomalia,0.0001,0.2505,0.1683,-0.7274,2880.0
Anomalia,0.0142,0.2406,0.1142,-0.5473,2880.0
Anomalia,0.025,0.2439,0.0111,-0.6125,2880.0
Anomalia,0.0188,0.1919,-0.1956,-1.0916,2880.0
Anomalia,0.0249,0.1747,-0.1218,-1.0292,2880.0
Anomalia,0.0152,0.156,-0.0753,-1.0475,2880.0
Anomalia,0.0114,0.1369,0.0297,-0.9142,2880.0
Anomalia,0.0167,0.1076,-0.2023,-0.6651,2880.0
Anomalia,0.0201,0.0886,-0.2483,-0.043,2880.0
Anomalia,0.0214,0.0708,-0.1302,0.3087,2880.0
Anomalia,0.0261,0.0673,-0.1443,0.543,3360.0
Anomalia,0.0147,0.08,-0.1756,-0.0957,3360.0
Anomalia,0.0161,0.0932,-0.212,-0.4534,3360.0
Anomalia,0.024,0.1007,-0.1459,-0.6751,3360.0
Anomalia,0.0131,0.1036,-0.2304,-0.5633,3120.0
Anomalia,0.0285,0.1117,-0.1551,-0.4517,2400.0
Anomalia,0.0193,0.1173,-0.1732,-0.6047,2880.0
Anomalia,0.0113,0.1412,-0.1472,-0.652,2640.0
Anomalia,0.0217,0.1836,-0.039,-0.7999,2640.0
Anomalia,0.0074,0.2003,-0.0393,-0.9316,2880.0
Anomalia,0.0202,0.1983,-0.1515,-0.8214,2880.0
Anomalia,0.0275,0.1839,-0.2073,-0.3961,2880.0
Anomalia,0.0162,0.1549,-0.3744,-0.1703,2880.0
Anomalia,0.0238,0.1436,0.0323,-0.4493,2880.0
Anomalia,0.0149,0.1567,0.1812,-0.4473,2880.0
Anomalia,0.0083,0.1741,0.2025,-0.7031,2880.0
Anomalia,0.0179,0.1908,0.1118,-0.8559,2880.0
Anomalia,0.0177,0.1945,0.0301,-1.0279,2880.0
Anomalia,0.0255,0.1995,-0.0558,-1.133,2880.0
Anomalia,0.0208,0.1784,0.0325,-0.7487,2880.0
Anomalia,0.0197,0.1502,0.0919,-0.5051,2880.0
Anomalia,0.0211,0.1484,0.0498,-0.3502,3360.0
Anomalia,0.0213,0.1316,-0.1057,-0.126,3120.0
Anomalia,0.0233,0.1518,-0.1965,-0.7876,3360.0
Anomalia,0.0223,0.1435,-0.162,-0.4725,2880.0
Anomalia,0.0108,0.1235,-0.0712,-0.3009,2640.0
Anomalia,0.0145,0.136,0.0653,-0.6511,3120.0
Anomalia,0.0236,0.1163,0.0949,-0.0925,3120.0
Anomalia,0.0195,0.124,0.0409,-0.557,3120.0
Anomalia,0.028,0.1226,0.0194,-0.5502,3120.0
Anomalia,0.0128,0.1109,0.1002,-0.0651,2880.0
Anomalia,0.0121,0.1385,0.0348,0.1888,2880.0
Anomalia,0.0216,0.1405,0.0205,0.2367,3120.0
Anomalia,0.0163,0.1369,0.0647,0.4606,3120.0
Anomalia,0.0302,0.1455,-0.3005,0.7911,2400.0
Anomalia,0.0219,0.1548,-0.0885,0.0519,2880.0
Anomalia,0.0125,0.1824,-0.0041,-0.4974,2880.0
Anomalia,0.0208,0.1888,-0.0985,-0.7156,2880.0
Anomalia,0.0121,0.1797,0.0616,-0.7682,2880.0
Anomalia,0.0159,0.1527,0.0145,-0.2347,2880.0
Anomalia,0.0226,0.1238,0.0452,-1.0087,3120.0
Anomalia,0.0146,0.1287,0.1543,-1.0108,3120.0
Anomalia,0.0153,0.138,0.2306,-0.8478,2880.0
Anomalia,0.0186,0.1373,0.1401,-0.8588,2880.0
Anomalia,0.0132,0.1331,0.156,-0.7356,2640.0
Anomalia,0.0243,0.12,-0.0036,-0.2434,2640.0
Anomalia,0.0176,0.1111,-0.2795,-0.52,3120.0
Anomalia,0.026,0.1181,-0.1585,-0.4621,2640.0
Anomalia,0.0193,0.1394,-0.1652,-0.3676,2880.0
Anomalia,0.0109,0.1393,-0.0442,-0.4446,2880.0
Anomalia,0.0161,0.1379,-0.0016,-0.4124,2880.0
Anomalia,0.0127,0.1333,-0.0347,-0.2699,2880.0
Anomalia,0.0279,0.1182,0.0578,-0.6496,2880.0
Anomalia,0.0338,0.1442,-0.0544,-0.6997,2880.0
Anomalia,0.023,0.1537,-0.2429,-0.6108,2640.0
Anomalia,0.0156,0.1509,-0.1932,-0.592,2640.0
Anomalia,0.0108,0.1354,-0.3104,0.0692,2880.0
Anomalia,0.0061,0.115,-0.6186,0.2015,3120.0
Anomalia,0.0316,0.1001,-0.0617,-0.53,3120.0
Anomalia,0.0237,0.1011,0.0797,-0.7429,3360.0
Anomalia,0.0224,0.1018,0.1142,-0.7833,3360.0
Anomalia,0.0191,0.1051,0.0774,-0.6277,3360.0
Anomalia,0.0055,0.0982,-0.0051,-0.4379,3360.0
Anomalia,0.0176,0.106,0.0353,-0.5572,3360.0
Anomalia,0.0248,0.1134,0.0041,-0.7815,3360.0
Anomalia,0.0178,0.1528,-0.2529,0.8844,3360.0
Anomalia,0.0343,0.1915,-0.0141,-0.0768,3360.0
Anomalia,0.0222,0.2376,-0.1004,-0.5984,3360.0
Anomalia,0.0145,0.2371,-0.0254,-0.6103,3360.0
Anomalia,0.0286,0.2128,-0.1079,-0.0907,3360.0
Anomalia,0.0071,0.1811,-0.2089,0.757,2880.0
Anomalia,0.0195,0.1502,0.1145,-0.3404,2640.0
Anomalia,0.0229,0.1566,0.0554,-0.6137,2640.0
Anomalia,0.0117,0.1565,0.1914,-0.5907,3360.0
Anomalia,0.0245,0.1531,0.0604,-0.4605,3360.0
Anomalia,0.0139,0.1144,-0.1108,-0.795,3360.0
Anomalia,0.013,0.1155,-0.0714,-0.8083,3360.0
Anomalia,0.0261,0.1246,0.011,-0.5807,2880.0
Anomalia,0.0192,0.149,0.2166,-0.5785,2880.0
Anomalia,0.02,0.1563,0.2997,-0.7935,2880.0
Anomalia,0.0134,0.1923,0.1918,-0.5397,2880.0
Anomalia,0.0053,0.1914,0.1872,-0.4826,3360.0
Anomalia,0.0201,0.184,0.0078,-0.3446,2880.0
Anomalia,0.0219,0.1771,-0.071,-0.0523,2880.0
Anomalia,0.0238,0.1392,-0.0608,-0.6426,3360.0
Anomalia,0.0325,0.1309,0.0406,-0.7545,3120.0
Anomalia,0.0086,0.1451,-0.1806,-0.58,3120.0
Anomalia,0.0155,0.1435,-0.3484,-0.386,2880.0
Anomalia,0.0219,0.1386,-0.4683,-0.0716,2640.0
Anomalia,0.0146,0.1385,-0.3726,-0.2704,3120.0
Anomalia,0.0245,0.1119,-0.2993,-0.811,2880.0
Anomalia,0.0149,0.1159,-0.1041,-1.1018,2880.0
Anomalia,0.0111,0.1022,-0.0917,-0.9733,2880.0
Anomalia,0.0257,0.105,0.005,-0.6296,2880.0
Anomalia,0.0164,0.1111,-0.1398,-0.558,2880.0
Anomalia,0.0208,0.1134,-0.2152,-0.461,2640.0
Anomalia,0.0275,0.1152,-0.327,-0.4403,2640.0
Anomalia,0.0045,0.1089,-0.4237,-0.4793,2880.0
Anomalia,0.0241,0.1215,0.2169,0.7825,3120.0
Anomalia,0.021,0.1194,0.2398,0.9302,2640.0
Anomalia,0.0148,0.1175,0.3721,1.1064,3360.0
Anomalia,0.0308,0.144,0.1124,0.5099,3360.0
Anomalia,0.011,0.1417,-0.1541,0.5471,2880.0
Anomalia,0.0226,0.1689,-0.0568,-0.2604,3360.0
Anomalia,0.0204,0.1771,-0.0371,-0.6623,3360.0
Anomalia,0.0132,0.179,0.0386,-0.8852,2880.0
Anomalia,0.0241,0.1693,0.0173,-0.903,2880.0
Anomalia,0.0126,0.1434,0.0582,-0.7322,2640.0
Anomalia,0.0153,0.1359,0.0357,-0.3843,2640.0
Anomalia,0.015,0.1284,-0.0435,-0.5616,2880.0
Anomalia,0.015,0.1191,-0.071,-0.0776,2880.0
Anomalia,0.0182,0.1257,-0.2563,-0.2482,3360.0
Anomalia,0.0225,0.1385,-0.2755,-0.6003,3360.0
Anomalia,0.021,0.1174,-0.255,-0.606,3360.0
Anomalia,0.0245,0.1451,-0.0709,-0.908,3360.0
Anomalia,0.0177,0.1347,0.1068,-0.6496,2880.0
Anomalia,0.0114,0.1377,0.1921,-0.7516,3120.0
Anomalia,0.028,0.1908,0.4068,-0.4477,3120.0
Anomalia,0.0176,0.1991,0.3596,-0.1168,2880.0
Anomalia,0.0246,0.1982,0.2867,-0.0853,2880.0
Anomalia,0.0214,0.1926,0.3379,0.1929,3120.0
Anomalia,0.0065,0.1349,-0.103,2.0826,3120.0
Anomalia,0.0144,0.1045,-0.0649,-0.5004,2880.0
Anomalia,0.019,0.1093,-0.0443,-0.616,2880.0
Anomalia,0.0244,0.0954,0.1316,-0.2376,2880.0
Anomalia,0.0282,0.1042,-0.0329,-0.542,2880.0
Anomalia,0.0224,0.0934,-0.1806,-0.5656,2880.0
Anomalia,0.008,0.0934,-0.284,-0.7838,2880.0
Anomalia,0.0157,0.1017,-0.2226,-0.9229,2880.0
Anomalia,0.0121,0.0955,-0.1673,-0.8829,2880.0
Anomalia,0.0211,0.0911,-0.1509,-0.7597,3360.0
Anomalia,0.031,0.0911,-0.0735,-1.0084,3360.0
Anomalia,0.0161,0.0873,-0.1842,-0.8762,3360.0
Anomalia,0.0213,0.0985,-0.0033,-0.6452,2880.0
Anomalia,0.0028,0.1418,-0.3336,0.1169,2880.0
Anomalia,0.0105,0.1591,-0.1983,-0.0832,2880.0
Anomalia,0.0185,0.2004,-0.0402,-0.438,2880.0
Anomalia,0.0192,0.197,-0.0751,-0.2983,3360.0
Anomalia,0.0356,0.1689,0.0039,0.7735,3360.0
Anomalia,0.0208,0.1511,0.1823,1.5993,2880.0
Anomalia,0.0166,0.0907,-0.1555,-0.9454,3120.0
Anomalia,0.0108,0.0976,0.029,-0.8301,2880.0
Anomalia,0.0101,0.0933,0.0388,-0.6354,2880.0
Anomalia,0.0216,0.1235,0.209,-0.2401,2880.0
Anomalia,0.0278,0.1391,0.2226,-0.4552,2880.0
Anomalia,0.0211,0.1349,0.3368,-0.2379,2880.0
Anomalia,0.0155,0.1549,0.1876,-0.7813,2880.0
Anomalia,0.0181,0.1464,0.1665,-0.6863,2880.0
Anomalia,0.0143,0.1575,0.1511,-0.7461,2880.0
Anomalia,0.0255,0.1751,0.0362,-1.0451,2640.0
Anomalia,0.0273,0.1658,0.1057,-0.9406,2640.0
Anomalia,0.0125,0.1591,0.1725,-0.8081,2880.0
Anomalia,0.0102,0.1421,-0.0209,-0.6839,2880.0
Anomalia,0.0084,0.1757,0.0331,-0.0703,3120.0
Anomalia,0.0165,0.2018,0.0583,-0.6634,2880.0
Anomalia,0.0242,0.2091,0.0109,-0.8485,2880.0
Anomalia,0.0231,0.2098,0.058,-0.9166,2880.0
Anomalia,0.0174,0.1627,0.1992,-0.5763,3120.0
Anomalia,0.009,0.1183,0.1307,-0.1999,3120.0
Anomalia,0.0111,0.1243,0.0074,-0.1932,3120.0
Anomalia,0.0191,0.1161,-0.0351,0.1975,2880.0
Anomalia,0.0179,0.1487,-0.2127,-0.3794,2880.0
Anomalia,0.0231,0.1547,-0.2443,-0.6119,2880.0
Anomalia,0.0168,0.1399,-0.3005,-0.3312,3360.0
Anomalia,0.0133,0.1408,-0.1593,-0.3476,3360.0
Anomalia,0.0225,0.1041,0.0664,-0.0321,3120.0
Anomalia,0.0179,0.1071,-0.0413,-0.1646,2880.0
Anomalia,0.0178,0.1056,-0.1917,0.1688,2880.0
Anomalia,0.0202,0.1071,-0.5407,0.0223,2880.0
Anomalia,0.0155,0.153,-0.1536,0.1563,2880.0
Anomalia,0.0149,0.147,-0.1561,0.5591,3360.0
Anomalia,0.0209,0.1453,-0.1344,0.5979,3360.0
Anomalia,0.012,0.1601,-0.0565,-0.1497,3360.0
Anomalia,0.0152,0.1285,-0.149,-0.6569,3360.0
Anomalia,0.0174,0.129,-0.1621,-0.6816,3120.0
Anomalia,0.0112,0.1273,-0.113,-0.6613,3120.0
Anomalia,0.0125,0.108,-0.1685,-0.7086,2880.0
Anomalia,0.0172,0.0969,-0.4689,-0.3629,2640.0
Anomalia,0.0174,0.1104,-0.2481,-0.484,2880.0
Anomalia,0.0236,0.1328,-0.1337,-0.6229,2880.0
Anomalia,0.0244,0.1257,-0.0011,-0.4026,2880.0
Anomalia,0.0172,0.1357,0.0863,-0.8402,3120.0
Anomalia,0.009,0.147,-0.0262,-0.8996,3120.0
Anomalia,0.0135,0.1232,-0.2752,-0.3051,2880.0
Anomalia,0.0203,0.1473,-0.4312,-0.4696,3120.0
Anomalia,0.0233,0.1588,-0.3783,-0.6412,3120.0
Anomalia,0.0283,0.1495,-0.3794,-0.3007,3120.0
Anomalia,0.0193,0.1554,-0.2511,-0.6621,2880.0
Anomalia,0.0109,0.1501,0.0168,-0.9113,2880.0
Anomalia,0.0183,0.1299,-0.2035,-0.5281,2880.0
Anomalia,0.0144,0.1158,-0.125,-0.4165,2880.0
Anomalia,0.026,0.1288,-0.2129,-0.3363,2880.0
Anomalia,0.024,0.1249,-0.3077,-0.1074,2880.0
Anomalia,0.0104,0.1227,-0.0949,-0.1572,2880.0
Anomalia,0.0193,0.1242,-0.1919,-0.1099,2880.0
Anomalia,0.0106,0.103,-0.0946,0.0473,2880.0
Anomalia,0.0225,0.0787,0.0809,-0.2398,2640.0
Anomalia,0.0235,0.0914,-0.1326,-0.0236,2640.0
Anomalia,0.0191,0.0949,-0.3851,0.102,2640.0
Anomalia,0.0137,0.0985,-0.4663,-0.1599,2880.0
Anomalia,0.0105,0.1085,-0.1052,-0.5607,2880.0
Anomalia,0.0114,0.0981,-0.1059,-0.3925,3360.0
Anomalia,0.0216,0.0942,-0.0668,-0.4756,3360.0
Anomalia,0.0266,0.0866,0.0947,-0.363,3360.0
Anomalia,0.0203,0.088,-0.1683,-0.4385,2880.0
Anomalia,0.0197,0.1069,-0.2074,-0.4021,2640.0
Anomalia,0.0108,0.1114,-0.0596,-0.7855,2880.0
Anomalia,0.0084,0.1189,0.1541,-0.9433,2880.0
Anomalia,0.0179,0.1164,0.0953,-0.9228,2880.0
Anomalia,0.0212,0.0949,0.2736,-0.7164,3120.0
Anomalia,0.0269,0.0905,0.3465,-0.5325,3120.0
Anomalia,0.0256,0.083,0.0226,-0.2773,3120.0
Anomalia,0.0159,0.1027,-0.3309,0.3553,3120.0
Anomalia,0.0168,0.1119,-0.3834,-0.1074,3120.0
Anomalia,0.0074,0.1254,-0.2664,-0.557,2880.0
Anomalia,0.0256,0.1485,-0.1099,-0.7504,2880.0
Anomalia,0.021,0.1556,-0.224,-0.6745,2880.0
Anomalia,0.0155,0.1602,-0.0811,-0.8995,2640.0
Anomalia,0.0231,0.1817,-0.0437,-1.0158,2880.0
Anomalia,0.0111,0.1716,-0.0118,-0.8977,2880.0
Anomalia,0.0233,0.1557,0.0681,-0.6521,3120.0
Anomalia,0.0285,0.1461,0.0135,-0.1911,3120.0
Anomalia,0.0168,0.1007,0.2462,-0.1879,3360.0
Anomalia,0.0158,0.0841,0.1848,-0.2425,2640.0
Anomalia,0.009,0.1107,-0.0591,1.7094,2640.0
Anomalia,0.0126,0.1489,0.0431,0.047,3360.0
Anomalia,0.0205,0.1688,-0.0834,-0.4399,3360.0
Anomalia,0.024,0.1903,-0.1341,-0.9707,3360.0
Anomalia,0.0197,0.1777,-0.0963,-0.9033,3360.0
Anomalia,0.0233,0.1646,-0.092,-0.7812,3360.0
Anomalia,0.0132,0.1548,-0.0888,-0.8047,3360.0
Anomalia,0.0135,0.1344,-0.0824,-0.6593,3360.0
Anomalia,0.0214,0.1302,-0.1824,-0.4466,2880.0
Anomalia,0.003,0.1208,-0.3845,-0.3199,2400.0
Anomalia,0.0243,0.1276,-0.1763,-0.0898,2640.0
Anomalia,0.0148,0.146,0.0351,-0.299,2640.0
Anomalia,0.0192,0.1441,0.0208,-0.2043,3360.0
Anomalia,0.0274,0.1794,-0.0254,-0.3413,2880.0
Anomalia,0.011,0.1669,0.1394,0.0605,2880.0
Anomalia,0.0156,0.1528,0.0221,0.5517,2880.0
Anomalia,0.0195,0.1532,-0.0503,0.5382,3360.0
Anomalia,0.0107,0.0992,-0.1244,-0.8239,3360.0
Anomalia,0.0248,0.1226,0.1735,-0.48,2640.0
Anomalia,0.0234,0.1291,0.2316,-0.5681,2640.0
Anomalia,0.0118,0.1353,0.3855,-0.7122,3360.0
Anomalia,0.0268,0.1406,0.2746,-0.8229,3360.0
Anomalia,0.0148,0.1242,0.2626,-0.7492,3360.0
Anomalia,0.0128,0.1071,0.2628,-0.4402,3120.0
Anomalia,0.0174,0.0955,0.2175,-0.1003,2880.0
Anomalia,0.0071,0.1334,-0.0271,0.5299,3360.0
Anomalia,0.0249,0.1459,-0.0681,0.0568,3120.0
Anomalia,0.0221,0.1549,-0.0969,-0.4012,3360.0
Anomalia,0.0203,0.1707,-0.0237,-0.8916,3360.0
Anomalia,0.0226,0.1336,0.0492,-0.6189,2880.0
Anomalia,0.0056,0.1282,-0.0404,-0.5426,2880.0
Anomalia,0.0104,0.133,-0.1184,-0.4537,2880.0
Anomalia,0.0215,0.1338,-0.4249,-0.3779,3120.0
Anomalia,0.0209,0.1589,-0.3195,-0.9215,3120.0
Anomalia,0.0229,0.1462,-0.3385,-0.4739,3120.0
Anomalia,0.0271,0.1308,-0.3684,0.1383,2880.0
Anomalia,0.0098,0.1269,-0.0876,0.1703,3360.0
Anomalia,0.0202,0.1251,-0.1054,0.507,3120.0
Anomalia,0.0118,0.1399,-0.0115,-0.4093,3360.0
Anomalia,0.0122,0.1604,0.0636,-0.8701,3360.0
Anomalia,0.0185,0.159,0.09,-0.8352,3360.0
Anomalia,0.0103,0.1443,0.2259,-0.7561,3360.0
Anomalia,0.0175,0.1388,0.1698,-0.6505,3360.0
Anomalia,0.0169,0.1371,0.1345,-1.0108,2880.0
Anomalia,0.0167,0.1291,-0.0138,-1.1722,2880.0
Anomalia,0.0183,0.1308,-0.0129,-1.1554,2880.0
Anomalia,0.0198,0.1221,-0.0237,-0.8418,2640.0
Anomalia,0.011,0.0963,0.0138,-0.4446,2640.0
Anomalia,0.0085,0.1051,-0.0943,-0.2516,2880.0
Anomalia,0.0111,0.123,0.0093,-0.1932,2880.0
Anomalia,0.0107,0.1355,0.0226,-0.6046,2880.0
Anomalia,0.0231,0.159,0.1279,-0.7596,2880.0
Anomalia,0.0287,0.1464,0.1836,-0.2744,3360.0
Anomalia,0.0233,0.1197,0.5131,1.0528,3360.0
Anomalia,0.0148,0.124,0.2538,1.102,3360.0
Anomalia,0.0087,0.1217,-0.0201,1.2763,2640.0
Anomalia,0.0132,0.1388,0.1798,0.3591,2880.0
Anomalia,0.0173,0.1392,0.1161,0.3492,2880.0
Anomalia,0.0266,0.1233,0.4025,1.1825,2880.0
Anomalia,0.0226,0.0945,0.7937,1.3191,3600.0
Anomalia,0.0128,0.0779,0.0431,-0.4769,2640.0
Anomalia,0.0155,0.1,0.2268,-0.3509,2640.0
Anomalia,0.0137,0.108,0.1447,-0.7394,2880.0
Anomalia,0.0158,0.1148,0.1358,-0.7373,2880.0
Anomalia,0.0236,0.1414,0.1865,-0.5429,2880.0
Anomalia,0.0124,0.1312,0.2939,-0.1195,3360.0
Anomalia,0.0144,0.1687,0.2187,-0.4217,3360.0
Anomalia,0.0171,0.1792,0.167,-0.7538,2880.0
Anomalia,0.0167,0.1764,0.1617,-0.5083,2880.0
Anomalia,0.0184,0.1926,0.0576,-0.8912,2880.0
Anomalia,0.0202,0.1587,0.0057,-0.3951,2880.0
Anomalia,0.0112,0.1469,0.081,-0.0714,2880.0
Anomalia,0.0104,0.1508,-0.1853,0.305,3600.0
Anomalia,0.0128,0.1559,-0.3395,0.7754,3360.0
Anomalia,0.0109,0.2031,0.006,-0.1957,3360.0
Anomalia,0.0193,0.2043,-0.1125,-0.1955,3360.0
Anomalia,0.0142,0.2029,-0.0198,-0.4007,3360.0
Anomalia,0.0233,0.1875,0.0356,-0.1168,3360.0
Anomalia,0.0139,0.1494,-0.0391,-0.4687,3360.0
Anomalia,0.0103,0.1972,0.0185,-0.6548,2880.0
Anomalia,0.0156,0.1924,0.0258,-0.6277,2880.0
Anomalia,0.0069,0.1862,0.1026,-0.4286,2880.0
Anomalia,0.0193,0.1814,-0.024,-0.2941,2880.0
Anomalia,0.0247,0.1263,0.1179,-0.8847,2880.0
Anomalia,0.0172,0.1,0.0678,-0.8676,2880.0
Anomalia,0.0199,0.1395,0.0645,-0.2155,3120.0
Anomalia,0.0214,0.1459,0.0261,-0.2489,3360.0
Anomalia,0.0186,0.1835,-0.1603,-0.3687,2880.0
Anomalia,0.0154,0.1862,-0.088,-0.5249,2640.0
Anomalia,0.0144,0.1631,-0.2098,0.1271,2640.0
Anomalia,0.0011,0.1727,-0.294,0.1518,2880.0
Anomalia,0.0029,0.2219,0.1734,0.7101,2880.0
Anomalia,0.0135,0.2501,0.0845,-0.3381,2880.0
Anomalia,0.0239,0.267,0.0362,-0.7908,2880.0
Anomalia,0.0231,0.2608,0.1136,-0.7508,2880.0
Anomalia,0.0199,0.1873,0.192,-0.8746,2880.0
Anomalia,0.0109,0.1437,0.3423,-0.2585,2880.0
Anomalia,0.0049,0.1096,-0.0629,-0.4696,2880.0
Anomalia,0.0218,0.0885,0.1246,-0.6868,2880.0
Anomalia,0.0185,0.0913,0.1979,-0.6352,2880.0
Anomalia,0.0295,0.1149,0.0725,-0.6632,2880.0
Anomalia,0.0201,0.1151,0.025,-0.6208,3360.0
Anomalia,0.0084,0.1312,0.1704,-0.8407,3360.0
Anomalia,0.0082,0.1401,0.0751,-1.0003,3360.0
Anomalia,0.0169,0.1523,0.1656,-0.731,3360.0
Anomalia,0.0138,0.1643,0.1367,-0.9555,3360.0
Anomalia,0.0251,0.1576,0.0253,-0.7987,3360.0
Anomalia,0.0247,0.1573,0.0009,-0.7782,2880.0
Anomalia,0.0072,0.1295,-0.1149,-0.675,2880.0
Anomalia,0.0223,0.1307,-0.012,-0.5431,2640.0
Anomalia,0.0041,0.1662,-0.1309,-0.5106,2640.0
Anomalia,0.0181,0.1644,-0.2072,-0.3602,2880.0
Anomalia,0.02,0.1686,-0.1921,-0.5488,2880.0
Anomalia,0.012,0.1498,-0.268,0.1061,2880.0
Anomalia,0.0221,0.1106,0.2204,-0.9946,2880.0
Anomalia,0.0105,0.1001,0.1833,-0.8758,2880.0
Anomalia,0.0129,0.1176,0.2302,-0.3617,2880.0
Anomalia,0.0241,0.1355,0.0162,-0.5257,2880.0
Anomalia,0.0258,0.15,-0.1037,-0.5496,2880.0
Anomalia,0.0209,0.1782,-0.2072,-0.971,2880.0
Anomalia,0.0101,0.1801,-0.0369,-0.8743,2880.0
Anomalia,0.0037,0.1733,0.0946,-0.7124,2880.0
Anomalia,0.0123,0.1749,0.1791,-0.6735,3120.0
Anomalia,0.0212,0.1853,0.0547,-0.5047,3120.0
Anomalia,0.026,0.172,-0.0611,-0.2205,3120.0
Anomalia,0.031,0.1707,-0.2205,-0.1541,3360.0
Anomalia,0.007,0.18,-0.3703,-0.354,2640.0
Anomalia,0.0069,0.1859,-0.1654,-0.3034,3120.0
Anomalia,0.0171,0.183,-0.3176,-0.0694,2880.0
Anomalia,0.0081,0.1809,-0.1759,-0.0418,2880.0
Anomalia,0.0294,0.1621,-0.0449,0.4608,3120.0
Anomalia,0.0189,0.1083,0.2106,-0.4084,2880.0
Anomalia,0.0118,0.1144,0.3872,-0.5339,3120.0
Anomalia,0.016,0.1244,0.1133,-0.643,3120.0
Anomalia,0.0054,0.1211,-0.0199,-0.593,3120.0
Anomalia,0.0201,0.1237,-0.1756,-0.5749,2880.0
Anomalia,0.018,0.1219,-0.2574,-0.4755,2880.0
Anomalia,0.0173,0.1291,-0.0562,-0.7102,2880.0
Anomalia,0.0183,0.1149,-0.0114,-0.505,3360.0
Anomalia,0.0141,0.127,-0.0204,-0.5728,3360.0
Anomalia,0.0161,0.1266,-0.0585,-0.5911,3360.0
Anomalia,0.0151,0.1125,-0.1065,-0.4146,3360.0
Anomalia,0.013,0.1125,-0.0787,-0.4152,3120.0
Anomalia,0.0178,0.1154,-0.0222,-0.4212,3120.0
Anomalia,0.0166,0.1271,-0.0144,-0.5982,2880.0
Anomalia,0.013,0.1473,-0.0126,-0.7861,2880.0
Anomalia,0.0223,0.1596,-0.1777,-0.9529,2880.0
Anomalia,0.0163,0.1493,-0.2577,-0.7237,3120.0
Anomalia,0.0213,0.1477,-0.2529,-0.5615,3120.0
Anomalia,0.0254,0.1364,-0.2891,-0.4525,2880.0
Anomalia,0.0152,0.1293,-0.1062,-0.6697,3360.0
Anomalia,0.0154,0.1345,0.1646,-0.9115,3360.0
Anomalia,0.0158,0.1298,0.0916,-1.1073,2880.0
Anomalia,0.0128,0.1246,0.1363,-1.0996,2880.0
Anomalia,0.0205,0.1483,0.1291,-0.5074,2880.0
Anomalia,0.0084,0.1738,-0.0248,-0.6027,2640.0
Anomalia,0.0052,0.171,-0.0162,-0.4894,2640.0
Anomalia,0.0147,0.1722,-0.0957,-0.4801,2880.0
Anomalia,0.019,0.1558,-0.2367,-0.3718,2880.0
Anomalia,0.0233,0.1206,0.0154,-0.8422,3120.0
Anomalia,0.0323,0.1156,-0.0675,-0.5989,3120.0
Anomalia,0.0107,0.1053,-0.0575,-0.4764,3360.0
Anomalia,0.0057,0.0875,-0.5482,-0.0231,2880.0
Anomalia,0.018,0.0794,-0.5434,-0.3812,2880.0
Anomalia,0.0084,0.0853,-0.2111,-0.4241,2880.0
Anomalia,0.0292,0.0824,-0.2255,-0.1931,2880.0
Anomalia,0.0235,0.0923,-0.2409,-0.3071,2880.0
Anomalia,0.0144,0.113,-0.4275,0.4979,2880.0
Anomalia,0.0143,0.1685,-0.3774,0.8004,3360.0
Anomalia,0.0055,0.1786,-0.2451,0.1382,2880.0
Anomalia,0.0143,0.1795,-0.3293,0.1779,2880.0
Anomalia,0.0204,0.1684,-0.371,0.7601,2880.0
Anomalia,0.0156,0.1439,-0.1382,-0.1402,2640.0
Anomalia,0.0218,0.1387,-0.0661,0.0582,3360.0
Anomalia,0.007,0.1454,-0.0207,-0.3041,3360.0
Anomalia,0.0115,0.1591,-0.0076,-0.7442,2880.0
Anomalia,0.0196,0.1384,0.0144,-0.9025,2880.0
Anomalia,0.0076,0.1306,0.1489,-0.7854,2880.0
Anomalia,0.0223,0.1261,0.1377,-0.8419,2880.0
Anomalia,0.0191,0.1293,0.1456,-0.6742,2880.0
Anomalia,0.0085,0.1191,0.2303,-0.3194,2880.0
Anomalia,0.0183,0.1644,0.0308,-0.4199,2880.0
Anomalia,0.0143,0.1783,0.1016,-0.7279,2880.0
Anomalia,0.0167,0.1869,0.1437,-0.8585,2880.0
Anomalia,0.0232,0.1941,0.0399,-1.0382,2880.0
Anomalia,0.0174,0.1724,0.1382,-1.0474,2880.0
Anomalia,0.0167,0.1477,0.1983,-0.4864,3120.0
Anomalia,0.0142,0.1276,-0.1138,-0.4793,3120.0
Anomalia,0.013,0.1137,-0.1213,-0.0794,3360.0
Anomalia,0.0228,0.102,-0.6822,0.6644,2640.0
Anomalia,0.0207,0.1891,-0.0723,1.0211,3120.0
Anomalia,0.0127,0.2007,0.0206,0.3829,2880.0
Anomalia,0.0183,0.2173,0.0018,-0.3093,2880.0
Anomalia,0.0032,0.2119,0.2354,-0.101,2880.0
Anomalia,0.0165,0.1433,0.0353,-0.3065,2880.0
Anomalia,0.02,0.1169,0.0224,0.4165,2880.0
Anomalia,0.0162,0.0851,-0.6714,-0.0089,2880.0
Anomalia,0.0226,0.0978,-0.6192,-0.1591,2880.0
Anomalia,0.0139,0.1247,0.0076,-0.3044,2880.0
Anomalia,0.0152,0.1428,0.0459,-0.6659,3120.0
Anomalia,0.0232,0.1491,-0.0474,-0.8502,3360.0
Anomalia,0.0143,0.1569,-0.0716,-0.8726,3360.0
Anomalia,0.0202,0.1417,-0.2892,-0.6255,3360.0
Anomalia,0.0214,0.1515,-0.1485,-0.5978,2880.0
Anomalia,0.0085,0.147,-0.0001,-0.4931,2880.0
Anomalia,0.0234,0.1352,0.0009,-0.2424,2880.0
Anomalia,0.0097,0.1411,0.1436,-0.5197,2880.0
Anomalia,0.0067,0.1378,0.0508,-0.7622,2640.0
Anomalia,0.021,0.1351,-0.1865,-0.5643,2640.0
Anomalia,0.0094,0.1289,-0.0078,-0.3465,2640.0
Anomalia,0.0219,0.1405,0.0156,-0.4482,3360.0
Anomalia,0.0212,0.1139,0.1639,-0.0308,3360.0
Anomalia,0.0074,0.1292,0.0082,-0.3293,3360.0
Anomalia,0.0249,0.1385,-0.2163,-0.6033,2880.0
Anomalia,0.0184,0.1423,-0.2936,-0.6632,2880.0
Anomalia,0.0204,0.1729,-0.2531,-0.8008,2880.0
Anomalia,0.0237,0.1796,-0.0958,-0.9337,2880.0
Anomalia,0.0167,0.1834,0.0013,-1.0582,2880.0
Anomalia,0.0113,0.1801,0.0673,-0.9469,2880.0
Anomalia,0.0196,0.1874,0.1993,-0.9245,2640.0
Anomalia,0.0205,0.181,0.1516,-0.8501,2880.0
Anomalia,0.017,0.1854,0.148,-0.9316,3120.0
Anomalia,0.0155,0.1784,0.165,-0.8388,3120.0
Anomalia,0.0111,0.1644,0.1485,-0.9278,3360.0
Anomalia,0.0194,0.1581,0.0987,-0.76,2880.0
Anomalia,0.0183,0.1379,0.2511,0.0138,2880.0
Anomalia,0.0263,0.1229,0.3646,0.9399,3120.0
Anomalia,0.0159,0.0845,0.1701,0.1282,3120.0
Anomalia,0.0105,0.1049,0.1831,0.2555,2880.0
Anomalia,0.0142,0.1191,0.0494,-0.5605,3360.0
Anomalia,0.0122,0.1711,0.1591,-0.3045,3360.0
Anomalia,0.0263,0.2011,-0.0227,-0.8709,3360.0
Anomalia,0.0222,0.2247,0.0317,-0.93,3360.0
Anomalia,0.0142,0.2346,0.077,-1.1294,3360.0
Anomalia,0.0163,0.204,0.0227,-0.7394,2880.0
Anomalia,0.0104,0.1784,0.0596,-0.2052,2880.0
Anomalia,0.0153,0.1458,-0.1874,-0.8456,2640.0
Anomalia,0.0239,0.1299,-0.0609,-0.8342,2640.0
Anomalia,0.0162,0.1235,0.0834,-0.5706,2640.0
Anomalia,0.0193,0.1467,0.3738,-0.2084,2880.0
Anomalia,0.0152,0.1366,0.5043,0.202,3360.0
Anomalia,0.0107,0.1539,0.3769,-0.3109,3360.0
Anomalia,0.0235,0.1675,0.2338,-0.7014,3360.0
Anomalia,0.0168,0.162,0.0506,-0.8406,3360.0
Anomalia,0.0239,0.1553,-0.0406,-0.5173,3360.0
Anomalia,0.0225,0.1322,-0.0368,0.0968,3120.0
Anomalia,0.015,0.1186,-0.2209,0.09,3120.0
Anomalia,0.013,0.1112,-0.3089,-0.511,3120.0
