Scenario,AccX_Mean,AccX_RMS,AccX_Skew,AccX_Kurt,AccX_PeakFreq_Hz
Anomalia,0.0272,0.0807,0.1043,-0.5674,3360.0
Anomalia,0.008,0.0858,-0.0797,-0.0129,3360.0
Anomalia,0.0128,0.0962,-0.0418,-0.5809,3120.0
Anomalia,0.0046,0.1035,0.0506,-0.9783,3360.0
Anomalia,0.0107,0.1089,-0.0452,-1.1141,3360.0
Anomalia,0.0203,0.11,-0.0675,-1.2358,2880.0
Anomalia,0.0191,0.1149,0.0193,-1.2107,3120.0
Anomalia,0.02,0.1135,-0.0242,-1.0727,2880.0
Anomalia,0.007,0.1243,-0.1465,-0.7464,3360.0
Anomalia,0.0102,0.1143,-0.2966,-0.2337,3360.0
Anomalia,0.0072,0.1009,-0.5675,0.5492,3360.0
Anomalia,0.0184,0.1035,-0.5181,0.6336,3360.0
Anomalia,0.0181,0.0766,0.3972,-0.2806,3360.0
Anomalia,0.0228,0.0954,0.2583,-0.4415,2880.0
Anomalia,0.0178,0.1108,-0.0954,-0.5387,2880.0
Anomalia,0.0042,0.1131,-0.1168,-0.5383,2880.0
Anomalia,0.0195,0.1388,-0.1544,-0.5751,2880.0
Anomalia,0.0038,0.1529,-0.0857,-0.3901,2880.0
Anomalia,0.0211,0.146,-0.2865,0.0554,2880.0
Anomalia,0.0224,0.1376,-0.2207,0.5762,2880.0
Anomalia,0.0071,0.119,-0.1899,0.9938,3600.0
Anomalia,0.0147,0.1101,0.1589,-0.0257,3120.0
Anomalia,0.0064,0.1132,0.3686,-0.0012,3120.0
Anomalia,0.019,0.1936,0.2685,0.2615,2640.0
Anomalia,0.0278,0.2184,0.0831,-0.5274,2640.0
Anomalia,0.0145,0.2158,0.1417,-0.4057,2640.0
Anomalia,0.0135,0.2265,0.1315,-0.7276,2640.0
Anomalia,0.0016,0.1658,0.0583,-0.5106,2640.0
Anomalia,0.0084,0.1364,-0.1499,-0.4062,2640.0
Anomalia,0.0221,0.1202,0.0839,-0.2417,2640.0
Anomalia,0.0217,0.1064,0.3541,-0.329,2880.0
Anomalia,0.021,0.1313,-0.0193,-0.4171,2880.0
Anomalia,0.0105,0.1252,0.068,-0.0982,2880.0
Anomalia,0.0072,0.1596,-0.0231,-0.4483,2880.0
Anomalia,0.0061,0.1583,-0.0932,-0.3369,2880.0
Anomalia,0.0147,0.1373,-0.2505,0.6789,2880.0
Anomalia,0.0168,0.1319,-0.2905,1.2555,2880.0
Anomalia,0.0142,0.0832,-0.0115,3.167,3360.0
Anomalia,0.0224,0.1082,0.7216,2.1867,2640.0
Anomalia,0.0111,0.136,0.204,0.5934,2880.0
Anomalia,0.0134,0.151,0.1132,-0.3299,2880.0
Anomalia,0.019,0.171,-0.0197,-0.9907,2880.0
Anomalia,0.014,0.1648,-0.049,-1.1161,2880.0
Anomalia,0.0137,0.163,-0.0021,-1.1189,2880.0
Anomalia,0.0101,0.2108,0.0263,-0.6622,2880.0
Anomalia,0.0161,0.1998,-0.0459,-0.2284,2880.0
Anomalia,0.0092,0.2053,-0.0579,-0.3904,2880.0
Anomalia,0.0164,0.1985,-0.16,-0.1365,2880.0
Anomalia,0.0193,0.1543,-0.34,-0.5292,2880.0
Anomalia,0.0123,0.1657,-0.172,-0.8593,3360.0
Anomalia,0.0146,0.1659,-0.1345,-0.9431,2880.0
Anomalia,0.009,0.1637,-0.0101,-0.9692,2880.0
Anomalia,0.0095,0.149,0.0087,-0.7663,2640.0
Anomalia,0.0162,0.1316,-0.1622,-0.375,2640.0
Anomalia,0.0156,0.0969,-0.2421,-0.3968,2640.0
Anomalia,0.0184,0.0838,0.1021,-0.5469,2640.0
Anomalia,0.0169,0.1286,0.0103,0.8099,2640.0
Anomalia,0.0025,0.1349,0.192,0.2667,2640.0
Anomalia,0.0086,0.1383,0.1036,0.0305,2880.0
Anomalia,0.0196,0.1653,0.0583,-0.738,2640.0
Anomalia,0.0172,0.155,0.0226,-0.8391,2640.0
Anomalia,0.0155,0.1526,0.0535,-0.7467,2640.0
Anomalia,0.0113,0.1505,0.0996,-0.6742,2640.0
Anomalia,0.0078,0.119,-0.1392,0.0302,2640.0
Anomalia,0.01,0.1026,-0.096,-0.2036,3360.0
Anomalia,0.024,0.1088,-0.0825,-0.3333,2880.0
Anomalia,0.0188,0.1032,0.0491,0.0326,2880.0
Anomalia,0.0077,0.1089,-0.0142,-0.2538,3120.0
Anomalia,0.0069,0.1054,0.0067,-0.5216,3120.0
Anomalia,0.0058,0.0969,-0.0658,-0.2794,2880.0
Anomalia,0.0169,0.1055,-0.145,-0.6346,2640.0
Anomalia,0.0196,0.099,0.042,-0.6631,2640.0
Anomalia,0.0208,0.0889,0.2514,-0.7017,3120.0
Anomalia,0.0186,0.0885,0.2602,-0.6653,3120.0
Anomalia,0.0096,0.0835,0.3215,-0.3526,3360.0
Anomalia,0.0035,0.0877,0.2843,-0.4353,3120.0
Anomalia,0.0088,0.0866,0.169,-0.5854,3120.0
Anomalia,0.0145,0.0986,0.1893,-0.8012,3120.0
Anomalia,0.0129,0.1213,-0.074,-0.8573,2880.0
Anomalia,0.0267,0.135,-0.1277,-0.8826,2640.0
Anomalia,0.0153,0.1404,0.1014,-0.9519,2640.0
Anomalia,0.0044,0.148,0.0953,-1.0615,2640.0
Anomalia,0.0092,0.1416,0.1669,-0.9792,3120.0
Anomalia,0.0121,0.1705,0.1631,-0.8456,2880.0
Anomalia,0.0203,0.1887,0.0472,-1.1541,2880.0
Anomalia,0.0227,0.1773,0.1126,-0.8446,2880.0
Anomalia,0.0126,0.1709,0.2496,-0.6308,2880.0
Anomalia,0.0079,0.1492,0.2439,-0.7315,2880.0
Anomalia,0.001,0.132,0.1645,-0.7725,2880.0
Anomalia,0.0094,0.1596,0.2165,-0.6245,2880.0
Anomalia,0.0269,0.1596,-0.0221,-0.577,2880.0
Anomalia,0.0139,0.1444,0.1839,-0.0928,2880.0
Anomalia,0.0134,0.1485,0.1561,-0.1988,3360.0
Anomalia,0.0083,0.1177,-0.0641,-0.4847,3360.0
Anomalia,0.002,0.1154,0.0077,-0.3954,2880.0
Anomalia,0.0177,0.1211,-0.0364,-0.5182,2880.0
Anomalia,0.0188,0.1026,0.2329,-0.8349,2880.0
Anomalia,0.0209,0.1062,0.1173,-0.9843,2640.0
Anomalia,0.0103,0.1103,0.1399,-0.9888,2640.0
Anomalia,0.0028,0.1073,0.0054,-0.8383,2640.0
Anomalia,0.0081,0.1321,0.0252,-0.5556,2640.0
Anomalia,0.0104,0.1526,0.0746,-0.819,3360.0
Anomalia,0.0127,0.1691,-0.0189,-1.0971,2880.0
Anomalia,0.0194,0.1721,-0.0611,-1.1595,3120.0
Anomalia,0.0164,0.1558,0.0469,-0.9218,2880.0
Anomalia,0.0123,0.1817,0.0392,-0.4319,2640.0
Anomalia,0.0138,0.1773,0.0974,-0.3009,2880.0
Anomalia,0.0083,0.1709,0.1585,-0.0076,2880.0
Anomalia,0.0129,0.1732,0.0738,-0.1426,2880.0
Anomalia,0.0114,0.1312,0.2234,-0.7127,2880.0
Anomalia,0.012,0.1486,0.0196,-0.494,2880.0
Anomalia,0.0122,0.1541,0.0067,-0.7077,2880.0
Anomalia,0.015,0.1628,-0.0408,-0.8743,2880.0
Anomalia,0.0032,0.1625,-0.0458,-0.7663,3120.0
Anomalia,0.0175,0.1319,-0.255,-0.302,3120.0
Anomalia,0.0109,0.1326,-0.2382,-0.3774,2640.0
Anomalia,0.0041,0.1311,-0.2924,-0.338,3360.0
Anomalia,0.0173,0.1351,-0.1928,-0.7372,3360.0
Anomalia,0.0127,0.1411,0.0407,-0.8289,3360.0
Anomalia,0.0149,0.1326,0.1146,-0.5777,2640.0
Anomalia,0.0128,0.1247,0.2713,-0.8143,2640.0
Anomalia,0.0147,0.1165,0.3247,-0.6283,2640.0
Anomalia,0.0119,0.1246,0.1784,-0.9209,2640.0
Anomalia,0.0061,0.1426,-0.0228,-1.156,2640.0
Anomalia,0.01,0.1406,-0.0479,-1.039,2640.0
Anomalia,0.0173,0.1632,0.1751,-0.9069,2640.0
Anomalia,0.0127,0.1471,0.2735,-0.2949,2640.0
Anomalia,0.0214,0.1544,0.2476,-0.4035,2640.0
Anomalia,0.0125,0.1456,0.4141,0.0465,3120.0
Anomalia,0.0001,0.1142,0.1238,0.396,2640.0
Anomalia,0.0081,0.1215,0.0288,-0.1508,3120.0
Anomalia,0.0107,0.0858,0.1964,-0.9004,3120.0
Anomalia,0.0183,0.0931,0.2342,-0.963,2880.0
Anomalia,0.0194,0.0874,0.3429,-0.8452,2880.0
Anomalia,0.0098,0.0868,0.2401,-0.4094,2640.0
Anomalia,0.012,0.117,0.0886,-0.0947,3120.0
Anomalia,0.0109,0.1081,0.0367,0.6168,2880.0
Anomalia,0.0118,0.1351,0.0039,0.3523,2640.0
Anomalia,0.0157,0.1492,-0.0106,0.1978,3360.0
Anomalia,0.0143,0.1385,0.1172,0.6649,3360.0
Anomalia,0.0079,0.1879,-0.2424,0.2259,3360.0
Anomalia,0.0125,0.2139,-0.0653,0.2139,3360.0
Anomalia,0.0126,0.2028,-0.0922,0.6908,2880.0
Anomalia,0.0071,0.1949,-0.0673,1.1888,2880.0
Anomalia,0.0254,0.1541,0.2187,3.2092,2640.0
Anomalia,0.0115,0.0844,0.2807,-0.3236,2880.0
Anomalia,0.0168,0.1024,0.395,-0.4116,2880.0
Anomalia,0.0053,0.1149,0.1494,-0.6554,2880.0
Anomalia,0.0002,0.1311,0.383,-0.7787,2880.0
Anomalia,0.0197,0.1342,0.0694,-0.9567,2880.0
Anomalia,0.0108,0.134,0.0349,-0.9464,2880.0
Anomalia,0.0223,0.1333,0.0524,-0.95,2880.0
Anomalia,0.0164,0.1313,-0.2668,-0.5802,2640.0
Anomalia,-0.0001,0.1422,-0.0254,-0.6509,2640.0
Anomalia,0.0054,0.1315,-0.0976,-0.2194,2640.0
Anomalia,0.012,0.1463,-0.2408,-0.192,3360.0
Anomalia,0.0108,0.1473,-0.0375,-0.3238,3360.0
Anomalia,0.02,0.1454,0.0008,-0.4274,3360.0
Anomalia,0.0064,0.1868,-0.188,0.0029,2880.0
Anomalia,0.0086,0.2141,0.0275,-0.299,2880.0
Anomalia,0.0125,0.21,-0.0216,-0.1374,2880.0
Anomalia,0.0015,0.2211,-0.0097,-0.5158,2640.0
Anomalia,0.0259,0.2028,0.0403,-0.6669,2640.0
Anomalia,0.0144,0.1529,0.0929,-0.4667,2640.0
Anomalia,0.0045,0.1439,0.2495,-0.1573,2880.0
Anomalia,0.0152,0.1116,0.9013,0.7062,3120.0
Anomalia,0.0072,0.0698,-0.0238,-0.8192,3120.0
Anomalia,0.0108,0.0923,-0.4998,0.4106,3120.0
Anomalia,0.0167,0.0946,-0.5324,0.5421,3120.0
Anomalia,0.0183,0.1227,-0.2809,-0.1799,2880.0
Anomalia,0.0095,0.1331,-0.0778,-0.7711,3360.0
Anomalia,0.0131,0.1204,0.0435,-0.5318,3120.0
Anomalia,0.0054,0.1326,-0.0703,-0.7762,3120.0
Anomalia,0.0106,0.118,-0.1083,-0.5971,3120.0
Anomalia,0.0104,0.1054,-0.1251,0.0361,2880.0
Anomalia,0.0129,0.1044,-0.1038,0.228,3360.0
Anomalia,0.0222,0.0866,0.6775,0.2944,3360.0
Anomalia,0.0022,0.0889,-0.3273,1.399,3120.0
Anomalia,0.0128,0.1192,-0.0861,0.2204,2640.0
Anomalia,0.0022,0.1216,-0.0354,-0.0064,2640.0
Anomalia,0.0079,0.1428,0.0365,-0.5851,2880.0
Anomalia,0.0192,0.1567,0.0044,-0.8971,2880.0
Anomalia,0.0113,0.1359,0.1043,-0.3381,2880.0
Anomalia,0.0159,0.148,-0.0121,-0.7112,2880.0
Anomalia,0.0093,0.1228,-0.0828,0.1436,3120.0
Anomalia,0.0096,0.1005,-0.1871,0.2382,3120.0
Anomalia,0.0166,0.1105,-0.2662,-0.364,2640.0
Anomalia,0.0154,0.0941,-0.1101,-0.686,2640.0
Anomalia,0.0057,0.1114,-0.108,-1.0438,2640.0
Anomalia,0.0127,0.1063,-0.2065,-0.9557,2880.0
Anomalia,-0.0017,0.117,-0.2023,-0.7484,2880.0
Anomalia,0.0119,0.142,0.0883,-0.7472,2880.0
Anomalia,0.0238,0.1374,0.0189,-0.5146,2880.0
Anomalia,0.0116,0.1539,0.08,-0.8722,2640.0
Anomalia,0.0181,0.145,0.1581,-0.7634,2640.0
Anomalia,0.0051,0.1151,0.0486,-0.1419,2640.0
Anomalia,0.0058,0.1166,0.075,-0.3943,2640.0
Anomalia,0.0102,0.1022,0.189,-0.8945,3360.0
Anomalia,0.0225,0.1058,0.2057,-0.8365,3360.0
Anomalia,0.0158,0.1104,0.1648,-0.9433,3360.0
Anomalia,0.011,0.1134,0.0529,-0.8089,2880.0
Anomalia,0.0085,0.103,0.0534,-0.5156,2880.0
Anomalia,0.0029,0.1109,0.0699,-0.6484,2640.0
Anomalia,0.0156,0.1336,0.0392,-0.5288,2640.0
Anomalia,0.0143,0.1367,0.0795,-0.445,3360.0
Anomalia,0.0186,0.1516,0.0803,-0.7102,2880.0
Anomalia,0.0098,0.1529,0.2359,-0.5797,3360.0
Anomalia,0.0082,0.1478,0.2446,-0.7028,3360.0
Anomalia,0.0129,0.136,0.243,-0.4224,3360.0
Anomalia,0.0049,0.1282,0.2097,-0.5858,3360.0
Anomalia,0.0209,0.1237,-0.1307,-0.8658,3360.0
Anomalia,0.0132,0.1113,-0.1011,-0.8308,3360.0
Anomalia,0.0121,0.1506,-0.1607,-0.422,3120.0
Anomalia,0.0122,0.1428,-0.1516,-0.0183,3120.0
Anomalia,0.0077,0.1458,0.0238,-0.1628,2880.0
Anomalia,0.0108,0.1558,-0.0738,-0.4747,2880.0
Anomalia,0.0159,0.1189,0.0015,-0.481,2880.0
Anomalia,0.02,0.1194,-0.0586,-0.4871,2880.0
Anomalia,0.0097,0.1087,-0.203,-0.2362,2880.0
Anomalia,0.0066,0.0914,-0.2031,-0.7709,3360.0
Anomalia,0.0061,0.1047,-0.1195,-0.7906,2880.0
Anomalia,0.0145,0.127,0.0304,-0.8202,2880.0
Anomalia,0.0145,0.1231,0.0912,-0.7236,2880.0
Anomalia,0.0188,0.1265,0.0426,-0.8468,2640.0
Anomalia,0.0113,0.1309,0.1908,-0.8011,3120.0
Anomalia,0.0061,0.1112,0.0974,-0.6278,3120.0
Anomalia,0.0054,0.1117,0.0499,-0.6743,3120.0
Anomalia,0.0146,0.1077,0.0671,-0.421,3120.0
Anomalia,0.0203,0.1004,0.0183,-0.9086,2880.0
Anomalia,0.0094,0.1006,0.2042,-0.8786,2880.0
Anomalia,0.0153,0.0954,0.1732,-0.6068,2880.0
Anomalia,0.0069,0.0835,0.1277,-0.0805,2880.0
Anomalia,0.0007,0.0779,-0.2964,0.0258,3360.0
Anomalia,0.0117,0.0735,-0.3509,0.3842,2880.0
Anomalia,0.0156,0.0863,-0.0281,-0.1708,2640.0
Anomalia,0.0154,0.1027,-0.0803,-0.7715,3120.0
Anomalia,0.0144,0.1207,-0.262,-0.3977,2640.0
Anomalia,0.0125,0.1354,-0.2785,-0.7803,2640.0
Anomalia,0.0089,0.1383,-0.244,-0.9054,2640.0
Anomalia,0.0078,0.1431,-0.2375,-0.9818,2880.0
Anomalia,0.0205,0.1604,-0.0281,-0.7431,2880.0
Anomalia,0.0124,0.1606,0.0203,-0.6663,2880.0
Anomalia,0.018,0.1555,-0.0878,-0.4064,2640.0
Anomalia,0.0141,0.1544,-0.0806,-0.3857,2640.0
Anomalia,0.0044,0.1343,-0.3349,-0.8377,2640.0
Anomalia,0.0117,0.1232,-0.2455,-0.8467,2640.0
Anomalia,0.0075,0.1514,0.1965,-0.5767,2640.0
Anomalia,0.0148,0.148,0.2184,-0.4747,2640.0
Anomalia,0.0197,0.1409,0.3094,-0.117,2640.0
Anomalia,0.0084,0.1842,-0.1337,-0.3382,2640.0
Anomalia,0.0065,0.1995,-0.0718,-0.3639,2880.0
Anomalia,0.0096,0.1971,-0.1299,-0.2575,2880.0
Anomalia,0.0153,0.1976,-0.1854,-0.2633,2640.0
Anomalia,0.0202,0.1544,0.2156,0.8194,2640.0
Anomalia,0.0086,0.1365,-0.1524,0.6871,3120.0
Anomalia,0.0088,0.1765,-0.0613,0.004,3120.0
Anomalia,0.0013,0.1736,-0.0107,0.1195,3120.0
Anomalia,0.012,0.1909,-0.137,-0.5468,2880.0
Anomalia,0.026,0.1716,-0.1993,-0.2598,2880.0
Anomalia,0.0168,0.1324,-0.0762,-0.8356,2640.0
Anomalia,0.0102,0.1213,0.0243,-0.3756,3120.0
Anomalia,0.0075,0.093,0.0455,-0.5219,2880.0
Anomalia,0.0012,0.0839,-0.0289,-0.4887,2880.0
Anomalia,0.0127,0.1226,0.3491,1.8637,3360.0
Anomalia,0.014,0.1403,0.252,0.3818,2640.0
Anomalia,0.0195,0.148,0.2283,-0.0192,2640.0
Anomalia,0.0137,0.1602,0.1442,-0.4743,2640.0
Anomalia,0.0043,0.1679,0.0128,-0.6393,2640.0
Anomalia,0.0069,0.1636,-0.0886,-0.4929,2640.0
Anomalia,0.0117,0.162,-0.1831,-0.4151,2640.0
Anomalia,0.0181,0.158,-0.1845,-0.2638,2640.0
Anomalia,0.0164,0.1248,0.0692,-0.5386,2640.0
Anomalia,0.0238,0.1253,0.153,-0.5585,2880.0
Anomalia,-0.0038,0.1364,0.1288,-0.6696,2880.0
Anomalia,0.0073,0.1339,0.0304,-0.6392,3120.0
Anomalia,0.0102,0.1334,-0.1186,-0.7972,2880.0
Anomalia,0.0056,0.1258,-0.2039,-0.761,2880.0
Anomalia,0.027,0.1043,-0.1077,-0.5603,2880.0
Anomalia,0.0052,0.1066,-0.296,-0.4702,2880.0
Anomalia,0.0106,0.1086,-0.1522,-0.475,2880.0
Anomalia,0.0063,0.113,-0.0921,-0.6641,2880.0
Anomalia,0.0059,0.1243,0.0317,-1.0006,2880.0
Anomalia,0.0209,0.1204,0.1539,-0.9865,2880.0
Anomalia,0.0168,0.1042,0.32,-0.4788,2880.0
Anomalia,0.0157,0.1093,-0.0065,-0.1607,2880.0
Anomalia,0.008,0.0972,-0.0637,0.3105,2880.0
Anomalia,0.0023,0.0872,-0.3371,0.3414,2640.0
Anomalia,0.0088,0.1061,-0.038,-0.3306,2880.0
Anomalia,0.021,0.1053,0.2331,-0.6969,3360.0
Anomalia,0.0132,0.1033,0.4232,-0.5576,3360.0
Anomalia,0.0219,0.1177,0.3006,-0.7634,3120.0
Anomalia,0.0044,0.1099,0.4926,-0.3767,3120.0
Anomalia,-0.0041,0.1449,0.3279,0.0493,2640.0
Anomalia,0.0167,0.193,0.2253,-0.2256,2640.0
Anomalia,0.0101,0.1895,0.2869,-0.0468,2880.0
Anomalia,0.0187,0.1903,0.1642,-0.0859,2880.0
Anomalia,0.0175,0.1568,0.4047,1.6011,2880.0
Anomalia,0.0047,0.1101,-0.263,0.3677,3120.0
Anomalia,0.0057,0.134,-0.0885,-0.1079,3120.0
Anomalia,0.0072,0.1425,-0.0864,-0.4086,2880.0
Anomalia,0.017,0.1578,-0.1031,-0.7611,2880.0
Anomalia,0.0213,0.1651,0.0039,-1.0556,2640.0
Anomalia,0.0183,0.1712,-0.0589,-0.9576,2640.0
Anomalia,0.0104,0.1624,0.0436,-0.7358,2640.0
Anomalia,0.0078,0.1782,0.1335,-0.9033,3360.0
Anomalia,-0.0028,0.1769,0.0809,-0.79,3360.0
Anomalia,0.0097,0.1485,-0.0802,-0.2256,2640.0
Anomalia,0.0182,0.1492,-0.2297,-0.1838,2880.0
Anomalia,0.0158,0.1113,-0.9118,0.6655,2880.0
Anomalia,0.0208,0.0847,-0.5848,-0.3369,2880.0
Anomalia,0.0081,0.0829,-0.3481,-0.4276,2640.0
Anomalia,0.0083,0.0751,-0.1476,-0.5732,2640.0
Anomalia,0.0078,0.0782,0.0914,-0.5336,2640.0
Anomalia,0.0168,0.0798,0.1068,-0.537,3120.0
Anomalia,0.0159,0.0795,0.1208,-0.8154,3120.0
Anomalia,0.009,0.0947,-0.5038,0.2799,2880.0
Anomalia,0.0081,0.1158,-0.1918,-0.3258,2880.0
Anomalia,0.0104,0.1165,-0.1619,-0.1998,2880.0
Anomalia,0.0137,0.1397,-0.2422,-0.5477,2880.0
Anomalia,0.0226,0.1421,-0.2227,-0.5013,3360.0
Anomalia,0.0168,0.1294,-0.2977,-0.0743,3360.0
Anomalia,0.0025,0.1296,-0.1524,-0.2984,2880.0
Anomalia,0.0055,0.1152,-0.096,-0.3423,2880.0
Anomalia,0.0049,0.1012,-0.1431,-0.6315,3360.0
Anomalia,0.0186,0.0988,-0.0969,-0.5358,2640.0
Anomalia,0.0177,0.1049,-0.0776,-0.7306,2640.0
Anomalia,0.0163,0.093,-0.1612,-0.6968,2640.0
Anomalia,0.0071,0.1055,-0.3216,-0.4818,2640.0
Anomalia,0.0006,0.1012,-0.3085,-0.3899,2640.0
Anomalia,0.0133,0.1142,-0.1786,-0.2825,2880.0
Anomalia,0.0095,0.1308,-0.152,-0.7454,3120.0
Anomalia,0.0182,0.1339,-0.1495,-0.8537,2880.0
Anomalia,0.0191,0.1483,-0.1621,-1.1517,3360.0
Anomalia,0.0074,0.136,-0.1019,-0.9082,2640.0
Anomalia,0.0151,0.1197,-0.2274,-0.3978,3120.0
Anomalia,0.0085,0.1378,-0.2505,-0.1567,3360.0
Anomalia,0.0091,0.1384,-0.1944,-0.1672,2640.0
Anomalia,0.0118,0.1357,-0.2449,-0.1147,2880.0
Anomalia,0.0105,0.1523,-0.0438,-0.7338,2880.0
Anomalia,0.0149,0.1305,0.0461,-0.7469,2400.0
Anomalia,0.0026,0.1243,0.0626,-0.7249,2640.0
Anomalia,0.015,0.1547,0.1934,-0.8513,2640.0
Anomalia,0.0118,0.1483,0.1871,-0.7259,2640.0
Anomalia,0.0076,0.1544,0.2209,-0.8888,2880.0
Anomalia,0.0168,0.2029,0.0648,-0.5066,2880.0
Anomalia,0.0054,0.2101,0.0156,-0.6317,2880.0
Anomalia,0.0066,0.2019,-0.0176,-0.2935,2640.0
Anomalia,0.0075,0.2111,-0.04,-0.4871,2880.0
Anomalia,0.0124,0.207,0.0414,-0.6601,2880.0
Anomalia,0.0193,0.2045,0.1649,-0.4995,2880.0
Anomalia,0.0152,0.2229,0.1904,-1.0178,2880.0
Anomalia,0.0115,0.204,0.3569,-0.5658,2640.0
Anomalia,0.0059,0.164,0.3553,-0.2446,2880.0
Anomalia,0.0064,0.133,0.0908,-0.4246,2880.0
Anomalia,0.0066,0.1196,-0.2026,-0.6357,2880.0
Anomalia,0.0234,0.1294,-0.344,-0.7718,2880.0
Anomalia,0.0153,0.1422,-0.3481,-0.6868,2880.0
Anomalia,0.0081,0.1412,-0.2407,-0.7492,2880.0
Anomalia,0.0118,0.1317,-0.2262,-0.5252,2880.0
Anomalia,0.0021,0.1592,-0.1676,-0.6709,2880.0
Anomalia,0.014,0.1413,-0.1575,-0.153,3120.0
Anomalia,0.0191,0.1656,-0.1517,-0.634,3360.0
Anomalia,0.0126,0.1864,-0.0739,-1.092,2880.0
Anomalia,0.0147,0.1665,0.0197,-0.9559,2880.0
Anomalia,0.0078,0.1738,0.0574,-1.1831,2640.0
Anomalia,0.0031,0.1699,0.095,-1.201,3120.0
Anomalia,0.0093,0.1739,-0.0332,-0.9114,2880.0
Anomalia,0.0126,0.1889,-0.0115,-0.8883,2880.0
Anomalia,0.0174,0.1875,-0.041,-0.821,2880.0
Anomalia,0.015,0.1688,0.0116,-0.2769,2640.0
Anomalia,0.0098,0.1754,0.1362,-0.4613,3360.0
Anomalia,0.0052,0.1601,0.1172,-0.5109,2880.0
Anomalia,-0.003,0.1776,0.1348,-0.6942,2880.0
Anomalia,0.0149,0.2101,0.2237,-0.8946,2880.0
Anomalia,0.0166,0.2101,0.1313,-0.8296,2880.0
Anomalia,0.0119,0.2116,0.1775,-0.8384,2880.0
Anomalia,0.0177,0.1926,0.1876,-0.4256,2880.0
Anomalia,0.0016,0.1592,-0.0754,-0.3271,3120.0
Anomalia,0.0101,0.1155,-0.1158,-0.5802,2640.0
Anomalia,0.0125,0.0988,-0.1407,-0.9482,2880.0
Anomalia,0.0169,0.09,-0.0496,-0.7501,3120.0
Anomalia,0.0178,0.0914,-0.3027,0.5493,3120.0
Anomalia,0.0074,0.1055,-0.5819,0.7248,3120.0
Anomalia,0.0067,0.1182,-0.4495,0.0534,2640.0
Anomalia,0.0089,0.1217,-0.4321,-0.16,2640.0
Anomalia,0.007,0.128,-0.3246,-0.6127,2640.0
Anomalia,0.0165,0.1322,-0.009,-0.814,2640.0
Anomalia,0.0135,0.1262,0.0155,-0.6577,2640.0
Anomalia,0.0069,0.1276,0.1169,-0.7222,2640.0
Anomalia,0.0168,0.1118,0.0924,-0.1708,2640.0
Anomalia,0.0117,0.0911,-0.2735,-0.4075,3360.0
Anomalia,0.0203,0.0761,-0.0281,-0.5794,2880.0
Anomalia,0.0117,0.0764,-0.6703,0.5571,2880.0
Anomalia,0.0085,0.0835,-0.319,-0.1085,2880.0
Anomalia,0.0097,0.0873,-0.2163,-0.0421,2640.0
Anomalia,0.0067,0.092,-0.1444,-0.4248,3360.0
Anomalia,0.019,0.0798,0.0842,-0.4546,3360.0
Anomalia,0.0149,0.0973,-0.1048,-0.1708,3120.0
Anomalia,0.0141,0.0989,-0.1008,-0.2711,2640.0
Anomalia,0.0106,0.1138,-0.0295,-0.5979,2640.0
Anomalia,0.0096,0.1351,0.0919,-0.8855,2640.0
Anomalia,0.006,0.1257,0.0941,-0.5402,2640.0
Anomalia,0.0124,0.1283,-0.0226,-0.6673,2640.0
Anomalia,0.013,0.1137,-0.0501,-0.0959,3120.0
Anomalia,0.0053,0.087,-0.2044,-0.0325,2640.0
Anomalia,0.0212,0.0765,-0.2207,0.0496,2640.0
Anomalia,0.0047,0.0845,-0.6714,0.5253,2640.0
Anomalia,0.0154,0.1132,-0.0568,0.0014,3120.0
Anomalia,0.0149,0.1163,-0.0721,-0.2511,2880.0
Anomalia,0.0099,0.1181,0.0686,-0.3986,2880.0
Anomalia,0.0128,0.111,0.213,-0.28,2640.0
Anomalia,0.007,0.1049,0.2093,-0.3138,2880.0
Anomalia,0.0092,0.1105,0.2785,-0.4331,2880.0
Anomalia,0.0085,0.1311,0.4141,-0.4778,3120.0
Anomalia,0.0223,0.14,0.3088,-0.7709,2640.0
Anomalia,0.0263,0.1716,0.2085,-0.4284,2880.0
Anomalia,0.025,0.209,-0.0028,-0.768,2880.0
Anomalia,0.0059,0.2412,-0.0541,-0.863,2880.0
Anomalia,0.002,0.288,0.0824,-1.0796,2880.0
Anomalia,-0.0035,0.2651,0.0973,-0.6276,2640.0
Anomalia,0.0119,0.2408,-0.0316,-0.0597,2640.0
Anomalia,0.0223,0.1957,0.1697,1.4288,2880.0
Anomalia,0.0148,0.1001,0.5497,0.1748,2640.0
Anomalia,0.0153,0.0891,0.5453,0.3746,3360.0
Anomalia,0.0004,0.0875,-0.1818,0.4034,3360.0
Anomalia,0.0014,0.1019,-0.1463,0.0933,3360.0
Anomalia,0.0151,0.1144,0.0896,0.1867,3360.0
Anomalia,0.0134,0.1202,0.1286,-0.2066,3360.0
Anomalia,0.0151,0.1329,0.1102,-0.6031,2640.0
Anomalia,0.0151,0.1594,-0.0542,-0.4852,2640.0
Anomalia,0.0078,0.1672,0.0396,-0.6496,2640.0
Anomalia,0.0091,0.1871,-0.0296,-1.0225,2640.0
Anomalia,0.0132,0.1754,-0.0537,-0.6901,2880.0
Anomalia,0.012,0.1571,0.0374,-0.7331,2880.0
Anomalia,0.0169,0.1634,0.0666,-0.8216,2880.0
Anomalia,0.0144,0.1432,0.2711,-0.6535,2880.0
Anomalia,0.0021,0.1376,0.4528,-0.3281,2880.0
Anomalia,0.0122,0.14,0.4753,-0.1986,2880.0
Anomalia,0.0046,0.1169,0.3894,-0.1733,2880.0
Anomalia,0.0132,0.1087,0.278,0.2772,3120.0
Anomalia,0.0214,0.1142,-0.0183,0.0554,2880.0
Anomalia,0.0183,0.0872,-0.4143,-0.2417,2400.0
Anomalia,0.0065,0.0873,-0.6108,-0.3792,2640.0
Anomalia,0.0099,0.1024,-0.0481,-0.3285,2640.0
Anomalia,0.009,0.1076,0.0874,-0.5961,2880.0
Anomalia,0.0149,0.1254,0.218,-0.9137,2880.0
Anomalia,0.0202,0.1319,0.1038,-0.8478,3360.0
Anomalia,0.0114,0.1384,0.0451,-0.911,2640.0
Anomalia,0.0122,0.1431,0.0365,-0.9082,2640.0
Anomalia,-0.0007,0.1464,-0.0089,-1.0174,2640.0
Anomalia,0.0179,0.1391,-0.2562,-0.8477,2640.0
Anomalia,0.0142,0.1276,-0.2123,-0.8262,2880.0
Anomalia,0.0136,0.1094,-0.2815,-0.381,2880.0
Anomalia,0.0126,0.1084,-0.2198,-0.2034,2880.0
Anomalia,0.0025,0.1059,-0.0996,-0.1908,2880.0
Anomalia,0.0135,0.1177,0.1885,0.3518,2880.0
Anomalia,0.0104,0.1429,0.0774,-0.2423,3120.0
Anomalia,0.0177,0.1351,0.1621,0.0295,3600.0
Anomalia,0.0108,0.1553,0.1378,-0.663,3120.0
Anomalia,0.0094,0.1536,0.0648,-0.8335,3600.0
Anomalia,0.0079,0.1564,-0.0148,-1.0258,2880.0
Anomalia,0.0118,0.1662,-0.0011,-1.1422,2880.0
Anomalia,0.0206,0.1474,-0.0839,-0.7078,2880.0
Anomalia,0.0108,0.154,-0.1083,-0.8006,2880.0
Anomalia,0.0148,0.144,-0.1446,-0.588,2880.0
Anomalia,0.008,0.1513,-0.0894,-0.7617,2880.0
Anomalia,0.004,0.1908,0.0041,-0.9209,2880.0
Anomalia,0.0163,0.1796,-0.0937,-0.5682,2880.0
Anomalia,0.0143,0.1676,0.0192,-0.1526,2880.0
Anomalia,0.0224,0.1485,-0.1425,0.8288,2880.0
Anomalia,0.0204,0.1055,0.1251,-0.251,2880.0
Anomalia,0.0094,0.1016,0.0276,-0.1404,2640.0
Anomalia,0.0154,0.1175,-0.137,-0.5733,2640.0
Anomalia,0.0078,0.1118,-0.0695,-0.49,3120.0
Anomalia,0.0125,0.0964,-0.2238,-0.099,3120.0
Anomalia,0.016,0.0947,-0.0756,-0.2172,2880.0
Anomalia,0.0212,0.0772,0.2642,-0.8052,3120.0
Anomalia,0.0149,0.0758,0.1858,-0.4621,2640.0
Anomalia,0.0091,0.0714,0.18,-0.4731,2640.0
Anomalia,0.017,0.1105,0.2244,2.3558,3360.0
Anomalia,0.0153,0.1296,0.3434,0.9909,2880.0
Anomalia,0.0167,0.147,0.0601,-0.0296,2880.0
Anomalia,0.0257,0.16,-0.051,-0.5048,2880.0
Anomalia,0.0071,0.1581,-0.0956,-0.7327,2880.0
Anomalia,0.0022,0.1469,-0.2383,-0.663,2880.0
Anomalia,0.0154,0.1374,-0.3047,-0.3078,2880.0
Anomalia,0.0145,0.1274,-0.4266,-0.0308,3360.0
Anomalia,0.0245,0.1031,0.0815,-0.7348,3360.0
Anomalia,0.0231,0.1048,0.1863,-0.8873,2640.0
Anomalia,0.0117,0.1041,0.1676,-0.7522,2640.0
Anomalia,0.0011,0.0979,0.2955,-0.5482,2640.0
Anomalia,0.0077,0.1049,0.2111,-0.7946,2880.0
Anomalia,0.0122,0.1069,0.2226,-0.8056,3360.0
Anomalia,0.0187,0.0958,0.3066,-0.4981,3360.0
Anomalia,0.024,0.0982,0.1565,-0.5962,3360.0
Anomalia,0.0132,0.0883,0.1126,-0.4869,3360.0
Anomalia,0.0109,0.1088,-0.3102,0.9652,2640.0
Anomalia,0.009,0.1455,0.1315,0.166,2640.0
Anomalia,0.0075,0.1541,0.1543,-0.3176,2640.0
Anomalia,0.0148,0.1528,0.0473,-0.249,2640.0
Anomalia,0.0174,0.13,0.2652,0.5974,2640.0
Anomalia,0.0154,0.0894,0.1262,-0.1761,2880.0
Anomalia,0.0072,0.0978,-0.1671,0.4269,2880.0
Anomalia,0.0072,0.1127,-0.0091,-0.198,2880.0
Anomalia,0.0117,0.1275,0.1548,-0.5639,2880.0
Anomalia,0.0107,0.1441,0.0823,-0.8995,2880.0
Anomalia,0.0247,0.1342,0.0352,-0.7538,2880.0
Anomalia,0.0178,0.1376,-0.0459,-0.7719,2880.0
Anomalia,0.0029,0.1279,-0.0948,-0.6954,2880.0
Anomalia,0.0008,0.1376,-0.3041,-0.3911,2640.0
Anomalia,0.0077,0.1694,-0.0295,-0.4554,2640.0
Anomalia,0.0177,0.17,-0.0283,-0.3578,2640.0
Anomalia,0.0248,0.1778,-0.1204,-0.5774,2640.0
Anomalia,0.0226,0.1573,0.1487,-0.1574,2640.0
Anomalia,0.0131,0.1374,0.1963,-0.6249,2640.0
Anomalia,0.0016,0.1281,0.18,-0.6932,2640.0
Anomalia,0.0094,0.1374,0.2486,-0.9135,2880.0
Anomalia,0.0165,0.1353,0.1501,-0.8354,2880.0
Anomalia,0.0181,0.1228,0.0565,-0.7065,2880.0
Anomalia,0.0155,0.1164,0.2222,-0.4625,2880.0
Anomalia,0.0068,0.0858,0.0087,-0.6293,2640.0
Anomalia,0.007,0.1025,0.0572,-0.6999,2640.0
Anomalia,0.011,0.1456,0.3579,2.0683,2640.0
Anomalia,0.0145,0.1803,-0.0031,0.547,3360.0
Anomalia,0.022,0.2134,-0.0367,-0.4054,2880.0
Anomalia,0.016,0.2211,-0.0165,-0.5862,2880.0
Anomalia,0.0082,0.1922,-0.0561,-0.3037,2880.0
Anomalia,0.0134,0.1805,0.0276,-0.363,2880.0
Anomalia,0.009,0.1573,-0.0071,-0.5215,2880.0
Anomalia,0.0132,0.1601,0.0906,-0.7018,2880.0
Anomalia,0.0142,0.1896,0.0154,-0.8878,3360.0
Anomalia,0.0147,0.1925,0.0098,-0.9478,2640.0
Anomalia,0.0082,0.1837,0.0621,-0.7325,3360.0
Anomalia,0.0158,0.1873,0.0446,-0.7653,3360.0
Anomalia,0.0107,0.1612,0.2023,-0.6385,2880.0
Anomalia,0.0107,0.152,0.2127,-0.6799,3360.0
Anomalia,0.0193,0.1561,0.0838,-0.8586,2880.0
Anomalia,0.0141,0.1506,-0.0485,-0.8062,3360.0
Anomalia,0.0168,0.1504,-0.0985,-0.792,2640.0
Anomalia,0.0094,0.148,-0.1154,-0.7838,2640.0
Anomalia,0.0138,0.144,-0.1324,-0.6394,2640.0
Anomalia,0.02,0.1266,-0.1725,-0.7633,2640.0
Anomalia,0.0163,0.1261,-0.0682,-0.888,2880.0
Anomalia,0.0186,0.1139,0.1116,-1.0344,2640.0
Anomalia,0.0055,0.1123,0.0418,-0.8532,2640.0
Anomalia,0.0024,0.123,0.195,-0.8803,2640.0
Anomalia,0.0128,0.121,0.057,-0.8179,2640.0
Anomalia,0.0179,0.1186,-0.0754,-0.6701,2640.0
Anomalia,0.0216,0.1243,-0.0329,-1.0202,2640.0
Anomalia,0.0174,0.1092,-0.1547,-1.1029,2640.0
Anomalia,0.0066,0.1048,-0.0371,-1.0508,2880.0
Anomalia,0.0112,0.1122,0.1549,-0.8591,3120.0
Anomalia,0.0132,0.1083,0.1744,-0.6731,2640.0
Anomalia,0.0152,0.1297,0.2762,-0.4848,2880.0
Anomalia,0.0253,0.128,0.1259,-0.3568,2880.0
Anomalia,0.01,0.1185,0.2517,-0.0637,2880.0
Anomalia,0.0113,0.1227,0.1895,-0.3124,2880.0
Anomalia,0.0091,0.0981,-0.0266,-0.824,2640.0
Anomalia,0.0133,0.1053,0.0919,-0.862,2640.0
Anomalia,0.0206,0.0982,0.1538,-0.5457,2640.0
Anomalia,0.0222,0.0798,0.5072,-0.2322,2640.0
Anomalia,0.0167,0.0973,-0.1564,0.3339,3120.0
Anomalia,0.0113,0.0916,-0.3518,0.4039,3360.0
Anomalia,0.0085,0.1006,-0.2817,-0.2881,3360.0
Anomalia,-0.0009,0.1589,-0.2288,0.5636,2400.0
Anomalia,0.0207,0.1758,-0.0718,0.4307,2640.0
Anomalia,0.0161,0.1767,-0.0152,0.3433,2640.0
Anomalia,0.0172,0.1739,-0.0378,0.5536,2880.0
Anomalia,0.0238,0.126,0.6322,1.5878,2880.0
Anomalia,0.0021,0.0914,-0.2271,-0.6896,2640.0
Anomalia,0.0098,0.1125,0.0487,-0.6051,3120.0
Anomalia,0.0141,0.1104,0.0292,-0.5438,2880.0
Anomalia,0.0207,0.1105,-0.0445,-0.5348,3120.0
Anomalia,0.0226,0.1163,-0.0406,-0.509,2880.0
Anomalia,0.0118,0.1027,-0.1008,-0.3952,3360.0
Anomalia,0.0107,0.1235,-0.0799,-0.9149,3360.0
Anomalia,0.0087,0.1426,0.1532,-1.0795,2880.0
Anomalia,0.0168,0.1387,0.1324,-0.9775,2880.0
Anomalia,0.0263,0.1467,0.0415,-1.1045,2880.0
Anomalia,0.0198,0.1423,0.1092,-1.0278,2640.0
Anomalia,0.0093,0.1221,0.203,-0.6954,2880.0
Anomalia,0.0117,0.1409,0.208,-0.8399,2880.0
Anomalia,0.0041,0.1329,0.2643,-0.6026,3360.0
Anomalia,0.0196,0.1285,0.2896,-0.4047,3360.0
Anomalia,0.0214,0.1322,0.1458,-0.5539,3360.0
Anomalia,0.0125,0.1154,0.1178,-0.5334,2640.0
Anomalia,0.0135,0.1065,0.1489,-0.2597,2640.0
Anomalia,0.0075,0.117,0.0179,-0.4061,2880.0
Anomalia,0.0085,0.1221,0.135,-0.4431,2880.0
Anomalia,0.0158,0.1336,0.1704,-0.6113,3360.0
Anomalia,0.0204,0.1598,0.033,-0.9872,3360.0
Anomalia,0.0128,0.1767,-0.0581,-0.9994,2880.0
Anomalia,0.0147,0.1809,-0.1241,-1.0857,2880.0
Anomalia,0.0049,0.1745,-0.1064,-0.9186,2640.0
Anomalia,0.0092,0.1742,-0.1451,-0.677,2640.0
Anomalia,0.0124,0.1687,-0.0121,-0.7845,2640.0
Anomalia,0.01,0.1576,0.062,-0.4288,3360.0
Anomalia,0.0212,0.1494,-0.0316,-0.1912,2880.0
Anomalia,0.0177,0.1307,0.1214,-0.3579,3120.0
Anomalia,0.016,0.1767,-0.2689,1.0073,2640.0
Anomalia,0.021,0.1834,-0.2858,0.6583,2640.0
Anomalia,0.0062,0.1847,-0.1031,0.4517,2880.0
Anomalia,0.0112,0.1859,-0.1733,0.3799,2880.0
Anomalia,0.0163,0.1111,0.2608,-0.1306,2880.0
Anomalia,0.0122,0.1115,0.1126,-0.6119,2880.0
Anomalia,0.0175,0.1423,-0.1589,-0.3457,2880.0
Anomalia,0.0185,0.1592,0.0183,-0.7008,2880.0
Anomalia,0.0123,0.1632,0.0442,-0.8414,2880.0
Anomalia,0.0154,0.1709,-0.0404,-0.8606,2880.0
Anomalia,0.0159,0.1508,0.0738,-0.6238,2880.0
Anomalia,0.0078,0.1293,-0.1279,-0.3262,2880.0
Anomalia,0.0073,0.1372,-0.1101,-0.6533,2640.0
Anomalia,0.0117,0.1213,-0.2002,-0.7861,2640.0
Anomalia,0.0237,0.1271,-0.1379,-0.9786,2640.0
Anomalia,0.0185,0.1347,-0.1022,-1.0686,2640.0
Anomalia,0.0192,0.1293,-0.0124,-1.0581,2880.0
Anomalia,0.0119,0.1236,0.143,-0.8379,2880.0
Anomalia,0.0047,0.1055,0.046,-0.5443,2880.0
Anomalia,0.0166,0.1324,0.1867,1.3033,2880.0
Anomalia,0.0213,0.1427,-0.0972,1.0627,2880.0
Anomalia,0.0155,0.1577,-0.1477,0.1383,2880.0
Anomalia,0.017,0.1664,-0.1441,-0.3112,2880.0
Anomalia,0.0059,0.1397,-0.2897,-0.5693,2880.0
Anomalia,0.0098,0.1273,-0.114,-0.5773,2880.0
Anomalia,0.0154,0.1505,-0.0839,-0.3821,2880.0
Anomalia,0.0168,0.1407,-0.143,0.1655,2880.0
Anomalia,0.0164,0.1482,-0.0543,-0.1477,2880.0
Anomalia,0.0189,0.1588,-0.021,-0.4973,3360.0
Anomalia,0.0086,0.1523,-0.1194,-0.3116,2880.0
Anomalia,0.0056,0.1782,0.0236,-0.8106,3360.0
Anomalia,0.0187,0.1717,-0.1667,-0.5616,2640.0
Anomalia,0.0097,0.1574,-0.2006,-0.1026,3360.0
Anomalia,0.0277,0.1389,0.0233,0.0544,3360.0
Anomalia,0.0175,0.1156,0.1325,-0.5174,2640.0
Anomalia,0.009,0.1148,0.1721,-0.6423,2880.0
Anomalia,0.0066,0.1158,0.2499,-0.7034,2880.0
Anomalia,0.0004,0.1056,0.0541,-0.7507,3120.0
Anomalia,0.0216,0.0988,-0.0393,-0.5053,3360.0
Anomalia,0.0171,0.0993,0.0352,-0.5044,3360.0
Anomalia,0.026,0.1147,0.047,-0.6504,2880.0
Anomalia,0.0167,0.1207,0.0254,-0.8758,2880.0
Anomalia,0.0048,0.1279,0.2404,-0.9061,3360.0
Anomalia,0.0074,0.1375,0.1262,-0.972,3120.0
Anomalia,0.0123,0.147,0.2201,-0.7697,3360.0
Anomalia,0.0209,0.1537,0.1569,-0.8813,3360.0
Anomalia,0.0164,0.1617,0.0905,-0.9431,3360.0
Anomalia,0.0144,0.1947,-0.1034,-0.7067,2880.0
Anomalia,0.0069,0.1971,-0.1402,-0.8191,2640.0
Anomalia,0.0136,0.1868,-0.2858,-0.4325,2640.0
Anomalia,0.0173,0.1712,-0.3757,0.2505,2640.0
Anomalia,0.0227,0.1347,-0.1473,-0.2206,2880.0
Anomalia,0.0172,0.106,0.0645,-0.0109,3120.0
Anomalia,0.0062,0.1097,0.1512,-0.2411,3120.0
Anomalia,0.0065,0.1121,0.1327,-0.4103,3120.0
Anomalia,0.0127,0.0888,-0.2937,-0.5585,3120.0
Anomalia,0.016,0.1046,-0.3416,-0.5409,3360.0
Anomalia,0.0154,0.1115,-0.4639,-0.1633,3360.0
Anomalia,0.0249,0.1184,-0.4282,-0.2881,3120.0
Anomalia,0.0119,0.122,-0.1631,-0.7019,3120.0
Anomalia,0.013,0.1128,-0.1195,-0.6408,3120.0
Anomalia,0.0151,0.0979,0.2168,-0.869,3120.0
Anomalia,0.0094,0.0923,0.0656,-0.742,3360.0
Anomalia,0.0159,0.0833,-0.1036,-0.4449,2880.0
Anomalia,0.0149,0.0712,0.089,0.2106,2880.0
Anomalia,0.0229,0.0744,-0.0582,0.1022,3120.0
Anomalia,0.0074,0.0753,-0.8198,0.7999,3360.0
Anomalia,0.0145,0.0927,-0.1731,0.2011,3120.0
Anomalia,0.0015,0.2401,-0.4586,2.2203,3120.0
Anomalia,0.0053,0.2899,-0.1334,0.1741,3120.0
Anomalia,0.0189,0.3585,-0.1219,-0.7386,2880.0
Anomalia,0.0066,0.3749,-0.0165,-1.0445,2880.0
Anomalia,0.0257,0.3118,0.052,-0.705,2880.0
Anomalia,0.0195,0.2772,0.025,-0.0738,2880.0
Anomalia,0.014,0.2375,0.0344,-0.5796,2880.0
Anomalia,0.0251,0.2223,-0.0856,-0.2476,2640.0
Anomalia,0.0195,0.2196,-0.0654,-0.1643,3360.0
Anomalia,0.0154,0.2574,-0.0887,-0.5782,3360.0
Anomalia,0.0167,0.2223,-0.166,-0.4218,2880.0
Anomalia,0.0083,0.2109,-0.1098,-0.1311,2880.0
Anomalia,0.0181,0.212,-0.1989,-0.1645,2880.0
Anomalia,0.0143,0.1744,-0.4508,0.6929,2880.0
Anomalia,0.0074,0.3017,-0.2623,1.1597,2880.0
Anomalia,0.0128,0.3493,-0.1771,-0.153,2880.0
Anomalia,-0.0009,0.3465,-0.0738,-0.0923,2880.0
Anomalia,0.0161,0.3326,-0.1812,0.2903,2880.0
Anomalia,0.0262,0.2208,-0.0717,0.6888,2880.0
Anomalia,0.0224,0.1419,-0.1316,-0.3507,2880.0
Anomalia,0.023,0.1321,-0.1357,-0.0472,2880.0
Anomalia,0.0049,0.1317,0.1572,-0.1067,2880.0
Anomalia,0.0063,0.0984,0.1035,0.1886,2400.0
Anomalia,0.0141,0.11,0.9897,3.0105,2880.0
Anomalia,0.009,0.1685,0.0272,0.5089,2880.0
Anomalia,0.0201,0.2059,0.0006,-0.4563,2880.0
Anomalia,0.0234,0.2061,-0.0456,-0.4503,2880.0
Anomalia,0.0072,0.1893,-0.024,-0.0997,2880.0
Anomalia,0.0106,0.1449,0.2955,1.1738,3360.0
Anomalia,0.0189,0.1261,0.3271,0.001,3360.0
Anomalia,0.0051,0.1343,0.3629,-0.2514,3360.0
Anomalia,0.0237,0.1674,0.2865,-0.5788,3360.0
Anomalia,0.0221,0.1632,0.3328,-0.3808,3360.0
Anomalia,0.009,0.1366,0.5194,0.7249,2640.0
Anomalia,0.0079,0.1329,0.6413,0.9585,3360.0
Anomalia,0.005,0.0854,-0.0524,-0.3901,3360.0
Anomalia,0.0131,0.0962,-0.0796,-0.6198,2640.0
Anomalia,0.0203,0.1012,0.1036,-0.1971,2880.0
Anomalia,0.021,0.1005,0.1883,-0.2956,2880.0
Anomalia,0.0168,0.1037,0.3687,-0.3114,2880.0
Anomalia,0.0108,0.1005,0.3545,-0.106,3120.0
Anomalia,0.0113,0.1188,0.2796,0.2661,2640.0
Anomalia,0.0202,0.1554,0.1581,-0.2453,2640.0
Anomalia,0.0149,0.1932,0.1813,-0.3214,2640.0
Anomalia,0.0267,0.205,0.119,-0.6604,2640.0
Anomalia,0.009,0.2199,0.1072,-0.8418,2880.0
Anomalia,0.0073,0.1925,0.0985,-0.0511,2880.0
Anomalia,0.0131,0.1593,-0.0192,0.1345,2640.0
Anomalia,0.0119,0.2746,-0.0917,1.7863,2880.0
Anomalia,0.0286,0.2934,-0.1326,1.1101,2880.0
Anomalia,0.027,0.4268,-0.1371,-0.1796,2880.0
Anomalia,0.0146,0.4708,-0.1187,-0.8249,2880.0
Anomalia,0.0015,0.421,-0.0727,-0.3936,2880.0
Anomalia,0.0048,0.4095,-0.1056,-0.1659,2880.0
Anomalia,-0.0004,0.2764,-0.242,-0.0588,2880.0
Anomalia,0.0116,0.1889,-0.0111,-0.3727,2880.0
Anomalia,0.0195,0.1638,0.1638,0.1442,2880.0
Anomalia,0.0043,0.1668,-0.0525,-0.4836,3120.0
Anomalia,0.0148,0.1645,-0.1223,-0.4508,3120.0
Anomalia,0.0094,0.1691,-0.0274,-0.6134,2880.0
Anomalia,0.0063,0.1731,0.0249,-0.7523,2880.0
Anomalia,0.0151,0.1349,0.0291,-0.9358,2640.0
Anomalia,0.0111,0.1277,0.0672,-0.7103,2640.0
Anomalia,0.0149,0.1193,-0.0301,-0.6157,2640.0
Anomalia,0.0104,0.1092,-0.306,-0.4296,2880.0
Anomalia,0.0036,0.1012,-0.0912,-0.4307,2880.0
Anomalia,0.0123,0.1146,0.2678,-0.2685,2880.0
Anomalia,0.0153,0.1177,0.317,-0.2864,2880.0
Anomalia,0.0177,0.1195,0.354,-0.427,2880.0
Anomalia,0.0256,0.1368,0.1312,-0.5519,2880.0
Anomalia,0.0072,0.1304,0.1243,-0.5244,2880.0
Anomalia,0.0078,0.1403,0.1262,-0.8696,2640.0
Anomalia,0.0134,0.1394,0.1302,-0.8722,2880.0
Anomalia,0.014,0.1201,0.0687,-0.7602,2880.0
Anomalia,0.021,0.1219,-0.0174,-0.9009,2880.0
Anomalia,0.0114,0.1403,-0.2185,-0.4664,2880.0
Anomalia,0.0134,0.1412,-0.141,-0.2653,2640.0
Anomalia,0.0117,0.1845,-0.0007,-0.7671,2880.0
Anomalia,0.018,0.1825,-0.054,-0.6879,2880.0
Anomalia,0.018,0.1638,0.1079,-0.3264,2880.0
Anomalia,0.0154,0.1698,0.0266,-0.6629,2880.0
Anomalia,0.007,0.1332,-0.0332,-1.1597,2880.0
Anomalia,0.0056,0.1301,-0.0482,-1.1089,2880.0
Anomalia,0.0106,0.1301,-0.0782,-0.9154,2880.0
Anomalia,0.0143,0.1546,0.036,-0.2062,2880.0
Anomalia,0.0204,0.1449,0.0955,0.2559,2880.0
Anomalia,0.0168,0.1519,0.0995,-0.095,2880.0
Anomalia,0.0065,0.165,0.0476,-0.3861,2880.0
Anomalia,0.0058,0.1474,0.1436,-0.0402,2640.0
Anomalia,0.0097,0.1507,0.0816,-0.2473,2880.0
Anomalia,0.017,0.1533,0.0328,-0.3377,2880.0
Anomalia,0.0286,0.1375,0.1696,-0.2071,2880.0
Anomalia,0.0153,0.1514,-0.2156,-0.5718,2880.0
Anomalia,0.0142,0.177,-0.1049,-0.8336,2880.0
Anomalia,0.0022,0.1817,-0.0483,-0.7747,2880.0
Anomalia,0.0066,0.1806,-0.1105,-0.7147,2880.0
Anomalia,0.0158,0.1522,-0.0803,0.0137,2880.0
Anomalia,0.0121,0.1334,-0.0819,0.0734,2880.0
Anomalia,0.0232,0.1211,0.1073,-0.4235,2880.0
Anomalia,0.0089,0.1183,0.2689,-0.3597,2880.0
Anomalia,0.0079,0.1349,0.1705,-0.9308,2880.0
Anomalia,0.0049,0.147,0.0434,-0.7313,2880.0
Anomalia,0.0104,0.1518,0.1673,-0.5457,2880.0
Anomalia,0.0249,0.1584,-0.0868,-0.7122,2880.0
Anomalia,0.0208,0.1498,-0.0394,-0.3924,2880.0
Anomalia,0.015,0.1625,-0.1829,-0.4014,2640.0
Anomalia,0.0087,0.156,-0.239,-0.3971,2640.0
Anomalia,0.0017,0.1462,-0.1298,0.0818,2640.0
Anomalia,0.0153,0.1443,-0.3136,0.3229,2880.0
Anomalia,0.025,0.0964,0.3258,0.2131,2880.0
Anomalia,0.0165,0.1033,-0.4496,0.6706,2880.0
Anomalia,0.0175,0.1041,-0.5519,0.5669,2880.0
Anomalia,0.0048,0.1273,-0.2974,0.0679,2640.0
Anomalia,0.0053,0.1395,-0.1977,-0.4822,2640.0
Anomalia,0.0149,0.136,-0.1608,-0.5181,2640.0
Anomalia,0.0162,0.1506,-0.1132,-0.8841,3360.0
Anomalia,0.0164,0.135,-0.0663,-1.007,2880.0
Anomalia,0.0101,0.1209,0.1091,-0.7204,2880.0
Anomalia,0.0123,0.1081,0.0381,-0.3134,2880.0
Anomalia,0.0093,0.101,0.1739,-0.2342,3360.0
Anomalia,0.0168,0.1488,0.2171,0.7515,3120.0
Anomalia,0.0266,0.1878,0.1009,-0.3154,2880.0
Anomalia,0.0184,0.2114,0.0693,-0.8594,2880.0
Anomalia,0.0175,0.2089,0.0623,-0.8118,2880.0
Anomalia,0.0021,0.1859,0.0968,-0.5704,2880.0
Anomalia,0.0087,0.1612,-0.1787,-0.5962,3360.0
Anomalia,-0.0014,0.1386,-0.1012,-0.8503,3360.0
Anomalia,0.011,0.1501,-0.1055,-0.8977,2640.0
Anomalia,0.0211,0.1444,-0.0816,-1.0361,2880.0
Anomalia,0.0093,0.1283,-0.0347,-0.7123,2880.0
Anomalia,0.019,0.1149,0.0732,-0.3555,2880.0
Anomalia,0.0057,0.0897,-0.1484,-0.4677,3360.0
Anomalia,0.0087,0.067,0.0382,-0.5887,3600.0
Anomalia,0.0074,0.0919,-0.2984,0.6295,3360.0
Anomalia,0.0187,0.1033,-0.1957,0.1517,3360.0
Anomalia,0.0165,0.104,-0.1336,0.0522,3360.0
Anomalia,0.0085,0.1199,-0.1712,-0.6763,3360.0
Anomalia,0.0123,0.1176,0.0764,-0.1929,3360.0
Anomalia,0.0094,0.146,0.2743,-0.4189,3120.0
Anomalia,0.0157,0.1596,0.1871,-0.8102,3120.0
Anomalia,0.0194,0.1814,0.0616,-0.9417,2880.0
Anomalia,0.0081,0.1794,0.1164,-0.9819,2880.0
Anomalia,0.0012,0.1652,0.0368,-0.861,2880.0
Anomalia,0.0071,0.1623,-0.0381,-0.8098,2880.0
Anomalia,0.0112,0.1368,-0.0102,-0.9381,2880.0
Anomalia,0.0205,0.133,0.0007,-0.9344,2880.0
Anomalia,0.0148,0.1285,0.0773,-0.9509,2880.0
Anomalia,0.0074,0.1159,0.0064,-0.9062,2880.0
Anomalia,0.0063,0.1464,0.0951,-0.2476,2880.0
Anomalia,0.0041,0.163,0.2367,-0.2961,2880.0
Anomalia,0.0181,0.1608,0.1186,-0.1957,2880.0
Anomalia,0.0152,0.1676,0.1865,-0.485,2880.0
Anomalia,0.0158,0.1363,0.296,0.0155,3360.0
Anomalia,0.0129,0.1131,0.1435,-0.3964,2400.0
Anomalia,0.0036,0.1207,0.1618,-0.6506,2880.0
Anomalia,0.0102,0.1337,0.0095,-0.7368,2880.0
Anomalia,0.0155,0.1438,0.0505,-0.8884,2880.0
Anomalia,0.0204,0.1432,0.0482,-0.9384,2640.0
Anomalia,0.0163,0.1332,0.139,-0.6677,2640.0
Anomalia,0.0182,0.1407,0.1313,-0.7253,2880.0
Anomalia,0.0033,0.129,0.2168,-0.4895,2640.0
Anomalia,0.0032,0.1225,0.2173,-0.0693,2640.0
Anomalia,0.0202,0.1304,0.082,-0.3366,2880.0
Anomalia,0.0091,0.0972,0.1814,-0.0214,2880.0
Anomalia,0.0158,0.1109,-0.0322,-0.1469,2880.0
Anomalia,0.0206,0.1255,-0.0123,-0.6545,3360.0
Anomalia,-0.0006,0.1146,0.1504,-0.3881,3360.0
Anomalia,0.0064,0.1369,0.1724,-0.6914,3360.0
Anomalia,0.01,0.1351,0.2029,-0.7158,2640.0
Anomalia,0.014,0.1564,0.2485,-0.6343,2640.0
Anomalia,0.0239,0.1678,0.0641,-0.9939,2640.0
Anomalia,0.0131,0.1584,0.0586,-0.7254,2640.0
Anomalia,0.0098,0.1607,-0.0244,-0.6088,2640.0
Anomalia,-0.003,0.1709,-0.2693,-0.6855,2640.0
Anomalia,0.0048,0.1854,-0.2096,-0.5957,2880.0
Anomalia,0.0188,0.1902,-0.2725,-0.6956,2880.0
Anomalia,0.021,0.1814,-0.2387,-0.4674,2880.0
Anomalia,0.0227,0.1428,0.0777,0.3305,2880.0
Anomalia,0.0064,0.1078,0.1899,-0.2032,2640.0
Anomalia,0.0081,0.1006,0.122,-0.476,2640.0
Anomalia,0.014,0.1204,0.4228,0.2535,2880.0
Anomalia,0.011,0.139,0.4048,-0.1399,2880.0
Anomalia,0.0188,0.1379,0.3485,-0.0912,3120.0
Anomalia,0.013,0.14,0.3594,-0.1097,2640.0
Anomalia,0.005,0.1224,0.2676,0.0521,2640.0
Anomalia,0.0085,0.1362,-0.0362,-0.2968,2640.0
Anomalia,0.0131,0.153,-0.1151,-0.4822,2640.0
Anomalia,0.0132,0.1527,-0.1613,-0.4594,2640.0
Anomalia,0.0185,0.1821,-0.153,-0.7987,2640.0
Anomalia,0.0212,0.1659,-0.1266,-0.4687,3360.0
Anomalia,0.0047,0.1484,0.1409,-0.0917,3360.0
Anomalia,0.0061,0.1504,0.2786,-0.0805,3360.0
Anomalia,0.006,0.1412,0.4579,-0.074,3360.0
Anomalia,0.0038,0.1604,0.4165,-0.1794,3360.0
Anomalia,0.0279,0.1764,0.1858,-0.657,3360.0
Anomalia,0.0215,0.1674,0.2845,-0.3656,2880.0
Anomalia,0.0094,0.1472,0.4835,0.1148,3360.0
Anomalia,0.0121,0.1333,0.4466,-0.291,3360.0
Anomalia,-0.0008,0.1061,0.3066,-0.1195,3360.0
Anomalia,0.0084,0.1127,0.3265,-0.0214,3360.0
Anomalia,0.016,0.1332,0.1378,-0.3037,2880.0
Anomalia,0.0199,0.12,0.2243,0.2156,2640.0
Anomalia,0.0187,0.133,0.1181,-0.6161,2640.0
Anomalia,0.0119,0.1293,0.0585,-0.7474,2640.0
Anomalia,0.0111,0.1041,0.0776,-1.081,2640.0
Anomalia,0.0138,0.1371,0.369,-0.2355,2640.0
Anomalia,0.0111,0.1271,0.5566,0.476,2640.0
Anomalia,0.0151,0.1177,0.6307,1.3928,2640.0
Anomalia,0.0142,0.1115,0.7537,2.3326,2640.0
Anomalia,0.0066,0.063,-0.018,-0.2435,3360.0
Anomalia,0.0178,0.0667,-0.0664,-0.2291,3120.0
Anomalia,0.0167,0.0692,0.0746,-0.3894,2880.0
Anomalia,0.0204,0.092,-0.1909,-0.5053,2880.0
Anomalia,0.0168,0.1116,-0.2644,-0.6045,2880.0
Anomalia,0.0023,0.1239,-0.1251,-1.0089,2880.0
Anomalia,0.0078,0.1308,-0.1378,-1.2025,2880.0
Anomalia,0.0093,0.1232,-0.1343,-1.0209,2640.0
Anomalia,0.0125,0.1158,-0.0689,-0.9271,2880.0
Anomalia,0.0249,0.1095,0.0773,-0.8693,2880.0
Anomalia,0.0148,0.1316,-0.0786,-0.3568,3120.0
Anomalia,0.0112,0.1275,-0.0546,-0.1381,3120.0
Anomalia,0.0197,0.1397,-0.1176,-0.1996,3360.0
Anomalia,0.0082,0.1504,-0.1063,-0.629,2880.0
Anomalia,0.0128,0.1321,-0.0551,-0.4225,2640.0
Anomalia,0.025,0.171,-0.0326,-0.5601,2880.0
Anomalia,0.0074,0.1956,-0.1615,-0.5429,2880.0
Anomalia,0.0157,0.1874,-0.2231,-0.1712,2880.0
Anomalia,0.0113,0.1857,-0.1827,-0.1352,2880.0
Anomalia,0.0022,0.1657,-0.249,0.1032,2880.0
Anomalia,0.0114,0.1518,0.2281,-0.2771,2880.0
Anomalia,0.0173,0.1526,0.1186,-0.3473,2880.0
Anomalia,0.0096,0.1587,0.0491,-0.4775,2880.0
Anomalia,0.0109,0.1582,-0.0732,-0.5037,2880.0
Anomalia,0.0092,0.132,-0.3983,-0.6079,2880.0
Anomalia,0.0046,0.1453,-0.1509,-0.7454,3120.0
Anomalia,0.0181,0.1545,-0.0961,-0.9935,2640.0
Anomalia,0.0179,0.1736,-0.0345,-1.0042,2640.0
Anomalia,0.0194,0.1643,0.0272,-0.7852,2880.0
Anomalia,0.0051,0.1764,-0.116,-0.6502,2640.0
Anomalia,0.0071,0.1682,-0.1725,-0.3333,2640.0
Anomalia,0.0091,0.1377,-0.3891,0.6355,2640.0
Anomalia,0.0117,0.1427,-0.379,0.3191,3360.0
Anomalia,0.0266,0.1143,0.1718,-0.6358,3360.0
Anomalia,0.0138,0.1119,0.0485,-0.82,3120.0
Anomalia,0.0066,0.1177,-0.0312,-1.087,2880.0
Anomalia,0.0055,0.1114,-0.0321,-0.9469,2880.0
Anomalia,0.0057,0.1065,-0.1546,-0.9787,2640.0
Anomalia,0.015,0.102,-0.1073,-0.7751,2880.0
Anomalia,0.0211,0.1207,-0.0695,-0.1634,2880.0
Anomalia,0.0178,0.1297,0.0511,-0.378,2880.0
Anomalia,0.0123,0.1404,0.085,-0.6861,2640.0
Anomalia,0.0115,0.164,0.0804,-0.731,2640.0
Anomalia,0.0066,0.1736,0.068,-0.5964,2640.0
Anomalia,0.0122,0.1851,0.0991,-0.714,2640.0
Anomalia,0.0158,0.1766,0.0704,-0.407,2640.0
Anomalia,0.0167,0.1563,0.0518,0.0265,2640.0
Anomalia,0.0138,0.1203,0.4072,0.873,2640.0
Anomalia,0.0015,0.1011,-0.1916,-0.7922,3360.0
Anomalia,0.0069,0.0985,-0.2574,-0.6694,3360.0
Anomalia,0.0033,0.0985,-0.0722,-0.7066,3120.0
Anomalia,0.0178,0.1045,-0.2157,-0.7716,3120.0
Anomalia,0.0256,0.1019,-0.2084,-0.7499,2880.0
Anomalia,0.013,0.1041,-0.1116,-0.9314,2880.0
Anomalia,0.0032,0.1149,-0.18,-0.7329,2880.0
Anomalia,0.005,0.1237,-0.0531,-0.7199,3120.0
Anomalia,0.0042,0.1349,0.0308,-0.5884,2880.0
Anomalia,0.0127,0.1789,0.1468,-0.6241,2880.0
Anomalia,0.0259,0.2072,-0.0205,-0.8903,2880.0
Anomalia,0.0137,0.2169,0.0569,-1.0908,2880.0
Anomalia,0.0124,0.206,0.0859,-0.8315,2640.0
Anomalia,0.0045,0.1761,0.0155,-0.4846,2640.0
Anomalia,0.0134,0.1314,-0.2513,-0.1624,2640.0
Anomalia,0.0073,0.1385,-0.1837,0.492,2880.0
Anomalia,0.0139,0.174,-0.0266,0.1591,2880.0
Anomalia,0.0186,0.1742,-0.0727,0.1578,2880.0
Anomalia,0.0081,0.1788,0.0654,-0.0974,2880.0
Anomalia,0.019,0.149,0.0637,1.0345,2640.0
Anomalia,0.0079,0.1662,-0.2769,0.5431,2880.0
Anomalia,0.0169,0.1645,-0.2731,0.9447,3120.0
Anomalia,0.0116,0.1808,-0.1882,0.1802,2880.0
Anomalia,0.0047,0.1914,-0.0472,-0.3711,2880.0
Anomalia,0.019,0.1482,0.0223,-0.3116,2880.0
Anomalia,0.0124,0.14,-0.0327,-0.3129,2880.0
Anomalia,0.0167,0.1233,0.03,-0.6748,3120.0
Anomalia,0.0156,0.1135,0.0051,-0.5637,3120.0
Anomalia,0.0121,0.1367,-0.0581,-0.2691,3360.0
Anomalia,0.0063,0.1448,-0.0912,-0.509,2880.0
Anomalia,0.013,0.14,-0.2608,-0.3271,2880.0
Anomalia,0.0169,0.1524,-0.2529,-0.5972,3360.0
Anomalia,0.0095,0.1317,-0.2181,-0.5853,3360.0
Anomalia,0.0205,0.1213,-0.273,-0.2333,3360.0
Anomalia,0.0063,0.1323,-0.2684,-0.4884,3360.0
Anomalia,0.0103,0.2838,0.0488,2.181,2880.0
Anomalia,0.0101,0.3791,-0.042,-0.0218,2880.0
Anomalia,0.0061,0.4845,0.0277,-0.868,2880.0
Anomalia,0.0145,0.5276,-0.0176,-1.2628,2880.0
Anomalia,0.0092,0.4774,0.0151,-0.9698,2880.0
Anomalia,0.0186,0.4268,0.0154,-0.5802,2880.0
Anomalia,0.0029,0.4827,-0.0288,0.406,2880.0
Anomalia,0.0116,0.4758,-0.0392,0.5617,2880.0
Anomalia,0.0163,0.4822,-0.0636,0.448,2880.0
Anomalia,0.023,0.468,-0.1171,0.8528,2880.0
Anomalia,0.033,0.298,0.0575,0.0294,2880.0
Anomalia,0.0206,0.2204,0.0652,0.9742,2880.0
Anomalia,0.0067,0.1628,-0.0657,-0.5382,2880.0
Anomalia,-0.0017,0.1463,-0.0704,0.0581,2880.0
Anomalia,0.0069,0.133,0.121,-0.2467,2880.0
Anomalia,0.0147,0.1361,0.2194,-0.4224,2880.0
Anomalia,0.0234,0.1279,0.2661,-0.0054,2880.0
Anomalia,0.0161,0.1253,0.4541,0.1792,2880.0
Anomalia,0.0073,0.0849,0.7773,0.9148,2880.0
Anomalia,0.0043,0.0645,0.3001,-0.4786,3360.0
Anomalia,0.0059,0.075,0.2096,-0.592,3360.0
Anomalia,0.0149,0.0733,-0.0354,-0.4768,3360.0
Anomalia,0.0207,0.0804,0.1,-0.4368,3360.0
Anomalia,0.0202,0.0963,0.0083,-0.4496,3360.0
Anomalia,0.017,0.1157,-0.1583,-0.2262,3360.0
Anomalia,0.0084,0.1385,-0.0201,-0.8376,3360.0
Anomalia,0.003,0.1412,0.0187,-0.9429,3360.0
Anomalia,0.0101,0.1439,-0.1215,-0.9254,2640.0
Anomalia,0.015,0.1224,-0.1855,-0.3118,2640.0
Anomalia,0.0111,0.0977,-0.1177,0.096,3120.0
Anomalia,0.0177,0.1039,-0.1603,0.2611,3120.0
Anomalia,0.0052,0.12,-0.2008,0.2224,2880.0
Anomalia,0.0023,0.1258,-0.1576,-0.176,2880.0
Anomalia,0.0119,0.1526,-0.3791,-0.4986,2880.0
Anomalia,0.014,0.1572,-0.3526,-0.6604,2880.0
Anomalia,0.0148,0.1398,-0.3277,-0.3057,2880.0
Anomalia,0.0115,0.1511,-0.1877,-0.7627,2880.0
Anomalia,0.0071,0.1424,-0.0005,-0.991,2880.0
Anomalia,0.0045,0.1305,-0.0153,-0.7869,2880.0
Anomalia,0.011,0.13,-0.0834,-0.8179,2640.0
Anomalia,0.0172,0.1165,-0.1581,-0.4221,2640.0
Anomalia,0.0213,0.1094,-0.1178,-0.7297,2640.0
Anomalia,0.0072,0.1214,-0.1949,-0.7746,2640.0
Anomalia,0.0079,0.1266,-0.159,-0.8281,2880.0
Anomalia,0.0008,0.1485,-0.2473,-0.8711,2640.0
Anomalia,0.0054,0.1427,-0.3217,-0.6684,2640.0
Anomalia,0.0226,0.1392,-0.3721,-0.3623,3360.0
Anomalia,0.012,0.127,-0.3035,0.0647,2880.0
Anomalia,0.016,0.1059,0.1614,-0.4874,2880.0
Anomalia,0.0102,0.1019,0.215,-0.168,2880.0
Anomalia,0.0035,0.0842,0.0771,0.3459,2640.0
Anomalia,0.0162,0.0978,0.0545,0.3542,2880.0
Anomalia,0.0148,0.1101,-0.027,0.0049,3360.0
Anomalia,0.0114,0.12,-0.0353,-0.3699,3360.0
Anomalia,0.0113,0.1491,0.0154,-0.9364,3360.0
Anomalia,0.0068,0.1574,0.0952,-1.1936,2880.0
Anomalia,0.0105,0.1519,0.0592,-1.152,2640.0
Anomalia,0.0127,0.1942,-0.0527,-0.7104,2640.0
Anomalia,0.0163,0.1877,-0.1861,-0.3649,2640.0
Anomalia,0.0133,0.1911,-0.134,-0.3761,2880.0
Anomalia,0.0176,0.1903,-0.179,-0.3186,2880.0
Anomalia,0.0065,0.1497,-0.1458,-0.5009,2880.0
Anomalia,0.0118,0.1354,-0.1135,-0.4654,2880.0
Anomalia,0.0118,0.1223,-0.2867,-0.5556,2640.0
Anomalia,0.003,0.1262,-0.2078,-0.5149,3360.0
Anomalia,0.0209,0.1281,0.0057,-0.5692,3360.0
Anomalia,0.0048,0.1401,0.1714,-0.8407,3360.0
Anomalia,0.011,0.1467,0.1381,-1.014,2880.0
Anomalia,0.0153,0.1349,0.1259,-0.767,2880.0
Anomalia,0.0052,0.1135,0.1703,0.1197,2880.0
Anomalia,0.0215,0.0952,0.0653,0.9497,3120.0
Anomalia,0.0154,0.0638,-0.1947,-0.3097,3120.0
Anomalia,0.0081,0.0694,-0.2231,-0.4086,2640.0
Anomalia,0.0058,0.1366,-0.3836,0.9227,2640.0
Anomalia,0.0058,0.1631,0.0409,-0.1089,2640.0
Anomalia,0.0132,0.1747,-0.0011,-0.5969,2640.0
Anomalia,0.0197,0.1737,-0.0721,-0.5117,2880.0
Anomalia,0.0158,0.1447,0.2767,-0.5664,2880.0
Anomalia,0.0103,0.1418,0.0878,-0.9414,2880.0
Anomalia,0.003,0.1393,0.0232,-0.8897,2880.0
Anomalia,0.0083,0.138,-0.0996,-0.8278,2880.0
Anomalia,0.0231,0.1248,-0.222,-0.2199,2880.0
Anomalia,0.0178,0.1185,-0.3412,-0.1561,3120.0
Anomalia,0.0177,0.1052,-0.2598,0.3564,2640.0
Anomalia,0.0057,0.1126,-0.1697,-0.2273,2640.0
Anomalia,-0.004,0.1138,-0.0559,-0.3778,2880.0
Anomalia,0.0056,0.0856,-0.4367,-0.5944,3360.0
Anomalia,0.014,0.0891,-0.336,-0.4165,2640.0
Anomalia,0.0166,0.0768,0.0493,-0.5114,2880.0
Anomalia,0.023,0.0828,0.1701,-0.2756,2880.0
Anomalia,0.0103,0.0841,0.0239,0.2846,2880.0
Anomalia,0.0026,0.0992,0.092,0.1373,2880.0
Anomalia,0.0055,0.1328,0.1678,0.2204,2880.0
Anomalia,0.0052,0.142,0.2615,0.1195,2880.0
Anomalia,0.0185,0.1479,0.1218,-0.2982,2640.0
Anomalia,0.0234,0.1482,0.0423,-0.2442,2640.0
Anomalia,0.0152,0.1395,-0.2122,-0.3269,2880.0
Anomalia,0.0104,0.129,-0.3908,-0.4047,2880.0
Anomalia,0.001,0.1229,-0.3567,-0.2598,2880.0
Anomalia,0.0075,0.12,-0.2084,0.151,2880.0
Anomalia,0.0158,0.1063,0.433,-0.1322,2640.0
Anomalia,0.0238,0.1121,0.2445,-0.2989,2880.0
Anomalia,0.0185,0.1249,-0.0916,-0.0682,2880.0
Anomalia,0.0024,0.114,-0.2093,-0.0413,2880.0
Anomalia,0.0037,0.1157,-0.3242,-0.297,3360.0
Anomalia,0.0092,0.1042,-0.539,0.4374,3360.0
Anomalia,0.0185,0.0933,-0.1893,-0.6742,3120.0
Anomalia,0.0255,0.0939,-0.2463,-0.629,2640.0
Anomalia,0.0227,0.0837,-0.2199,-0.6847,2880.0
Anomalia,0.0024,0.1073,-0.2646,-0.4796,2880.0
Anomalia,0.0047,0.1153,-0.2339,-0.5637,2880.0
Anomalia,0.0049,0.1289,-0.1991,-0.7539,2880.0
Anomalia,0.0126,0.1269,-0.329,-0.5334,2640.0
Anomalia,0.0213,0.1277,-0.3025,-0.5863,2880.0
Anomalia,0.0099,0.1189,-0.2032,-0.4795,3360.0
Anomalia,0.0076,0.1155,-0.1611,-0.7148,3120.0
Anomalia,0.0015,0.1174,-0.0535,-0.8557,3120.0
Anomalia,0.0083,0.0977,-0.1627,-0.788,2880.0
Anomalia,0.0117,0.1129,-0.1883,-0.7851,2880.0
Anomalia,0.0213,0.1161,0.2987,0.207,3360.0
Anomalia,0.0134,0.1412,-0.0244,0.0446,2640.0
Anomalia,0.0051,0.1424,0.1056,-0.0475,2640.0
Anomalia,0.0099,0.1548,0.1883,-0.0412,2880.0
Anomalia,0.0064,0.1683,0.2692,-0.0378,2880.0
Anomalia,0.0136,0.1831,0.1848,-0.1626,2880.0
Anomalia,0.0133,0.1979,0.125,-0.7043,2880.0
Anomalia,0.0172,0.217,0.1576,-0.8407,2880.0
Anomalia,0.0078,0.2138,0.1286,-0.9596,2880.0
Anomalia,0.0067,0.193,0.2394,-0.8165,2880.0
Anomalia,0.011,0.1784,0.2914,-0.3093,2640.0
Anomalia,0.0046,0.1245,0.1176,0.1843,3120.0
Anomalia,0.0116,0.1013,0.4055,0.3456,3120.0
Anomalia,0.0135,0.0917,0.4274,-0.0675,3600.0
Anomalia,0.0138,0.0937,0.0747,-0.1153,3360.0
Anomalia,0.0093,0.0995,0.129,-0.5432,3600.0
Anomalia,0.009,0.1059,0.0833,-0.4226,2640.0
Anomalia,0.015,0.1334,0.0247,-0.1788,2640.0
Anomalia,0.0144,0.1315,0.0257,-0.1948,3360.0
Anomalia,0.0105,0.1387,-0.0741,-0.4106,2640.0
Anomalia,0.0085,0.132,-0.044,-0.132,2640.0
Anomalia,0.0067,0.095,-0.4116,0.0384,2640.0
Anomalia,0.0094,0.0887,-0.4391,0.713,2640.0
Anomalia,0.0196,0.0711,0.2111,0.4541,2640.0
Anomalia,0.013,0.0678,0.0646,-0.0899,3360.0
Anomalia,0.011,0.0941,0.3271,0.5271,3360.0
Anomalia,0.003,0.1001,0.4273,0.0575,3360.0
Anomalia,0.0039,0.1181,0.2749,-0.3776,3360.0
Anomalia,0.0102,0.1158,0.1804,-0.2755,2880.0
Anomalia,0.0134,0.1086,0.0444,-0.4076,2640.0
Anomalia,0.013,0.107,-0.0194,-0.3063,3120.0
Anomalia,0.0063,0.098,0.1786,-0.6682,3360.0
Anomalia,0.0051,0.1004,0.3013,-0.6552,2880.0
Anomalia,-0.0004,0.1081,0.2147,-0.4416,2880.0
Anomalia,0.0019,0.1668,-0.0347,0.3886,2640.0
Anomalia,0.0126,0.2225,0.1127,-0.2068,2880.0
Anomalia,0.0158,0.251,0.0418,-0.8843,2880.0
Anomalia,0.0153,0.2486,0.0579,-0.818,2880.0
Anomalia,0.0092,0.221,0.2354,-0.3805,2640.0
Anomalia,0.0087,0.1678,0.042,-0.3695,2640.0
Anomalia,0.0083,0.1325,0.052,-0.855,2640.0
Anomalia,0.0107,0.1351,0.0645,-0.9266,2640.0
Anomalia,0.0224,0.125,0.0139,-0.9607,2640.0
Anomalia,0.0094,0.1179,0.2126,-0.8386,3360.0
Anomalia,0.0053,0.1135,0.24,-0.8961,2880.0
Anomalia,0.001,0.1052,0.1499,-1.0249,2640.0
Anomalia,0.0005,0.1092,0.1114,-1.0866,2640.0
Anomalia,0.0182,0.112,-0.064,-1.0529,2640.0
Anomalia,0.0179,0.1142,-0.2689,-0.8234,3360.0
Anomalia,0.0196,0.1201,-0.3743,-0.8554,3360.0
Anomalia,0.0116,0.1147,-0.313,-0.797,3360.0
Anomalia,-0.0043,0.111,-0.231,-0.867,3360.0
Anomalia,0.0046,0.1259,0.1355,-0.6566,2640.0
Anomalia,0.0096,0.1426,0.3192,-0.4867,2880.0
Anomalia,0.0155,0.1597,0.1782,-0.9809,2880.0
Anomalia,0.0184,0.1626,0.1124,-1.0571,2880.0
Anomalia,0.0061,0.1474,0.2002,-0.7412,2640.0
Anomalia,0.0054,0.1247,-0.0193,-0.8494,2640.0
Anomalia,0.0105,0.0997,-0.2983,-0.7386,2880.0
Anomalia,0.012,0.0988,-0.2091,-0.8996,2880.0
Anomalia,0.0153,0.1011,-0.0961,-0.7323,3360.0
Anomalia,0.0108,0.0984,-0.1278,-0.5721,2640.0
Anomalia,0.0004,0.1035,-0.0172,-0.6992,3360.0
Anomalia,0.0069,0.1001,-0.0394,-0.5437,3360.0
Anomalia,0.0071,0.0924,-0.1912,-0.6937,3360.0
Anomalia,0.0124,0.0884,-0.1412,-0.5238,3360.0
Anomalia,0.0135,0.0877,-0.195,-0.591,3360.0
Anomalia,0.0145,0.0858,-0.3279,-0.6517,3360.0
Anomalia,0.0124,0.1086,-0.0463,-0.0318,3360.0
Anomalia,0.0062,0.1335,-0.0856,-0.103,2880.0
Anomalia,0.0103,0.1289,-0.0915,0.2352,2880.0
Anomalia,0.0046,0.1307,0.0758,0.2113,2880.0
Anomalia,0.0124,0.1267,-0.1,0.1579,3360.0
Anomalia,0.0068,0.1071,-0.0132,-0.2063,2640.0
Anomalia,0.0183,0.1115,-0.2194,-0.443,2880.0
Anomalia,0.0007,0.1089,-0.0816,-0.6804,2880.0
Anomalia,0.005,0.0974,-0.1578,-0.3886,480.0
Anomalia,0.0117,0.086,0.1207,-0.3968,480.0
Anomalia,0.0016,0.0979,0.2518,-0.3182,2880.0
Anomalia,0.0217,0.106,0.1008,-0.6136,3360.0
Anomalia,0.0048,0.1285,-0.0931,0.0499,2880.0
Anomalia,0.0107,0.1385,-0.1179,-0.4469,2880.0
Anomalia,0.0071,0.133,-0.0569,-0.2199,2640.0
Anomalia,0.0032,0.1362,-0.0259,-0.3623,2880.0
Anomalia,0.0155,0.1181,0.1642,-0.9547,2880.0
Anomalia,0.0115,0.1212,0.3629,-0.8279,2880.0
Anomalia,0.0086,0.1273,0.3245,-0.9531,2880.0
Anomalia,0.0099,0.1134,0.3739,-0.5523,2640.0
Anomalia,0.0087,0.1174,0.3226,-0.5079,2880.0
Anomalia,0.0075,0.1119,0.1332,-0.5874,3360.0
Anomalia,0.0157,0.1267,0.1383,-0.4469,2640.0
Anomalia,0.0055,0.1328,0.2472,-0.7497,2640.0
Anomalia,0.0027,0.1291,0.1506,-0.5253,2640.0
Anomalia,0.005,0.1213,0.1196,-0.1245,2640.0
Anomalia,0.0082,0.1069,-0.1458,-0.1648,2640.0
Anomalia,0.0179,0.1199,-0.307,0.0789,2640.0
Anomalia,0.0168,0.1164,-0.1469,-0.0906,2880.0
Anomalia,0.0092,0.1267,-0.0631,-0.7529,3360.0
Anomalia,0.0006,0.1321,-0.038,-0.5069,2880.0
Anomalia,0.0073,0.1327,0.0995,-0.3527,2880.0
Anomalia,0.0053,0.1371,0.0065,-0.4776,2640.0
Anomalia,0.0144,0.1514,-0.0373,-0.6609,2640.0
Anomalia,0.0136,0.143,0.0298,-0.6447,2640.0
Anomalia,0.0084,0.1492,0.0631,-0.9851,3360.0
Anomalia,0.0084,0.1416,0.1723,-0.8094,2880.0
Anomalia,0.0004,0.1243,0.1902,-0.6261,2880.0
Anomalia,0.0162,0.175,0.3978,0.5724,2880.0
Anomalia,0.0046,0.1902,0.1287,0.8383,2880.0
Anomalia,0.0121,0.1944,0.0478,0.5946,2880.0
Anomalia,0.0119,0.2026,0.0451,0.1964,2880.0
Anomalia,-0.0038,0.1618,-0.2284,0.6045,2880.0
Anomalia,0.007,0.1185,0.0771,-0.1156,2880.0
Anomalia,0.0097,0.116,-0.0697,-0.1602,2880.0
Anomalia,0.0164,0.1039,0.0271,-0.3658,2880.0
Anomalia,0.0185,0.0919,0.0722,0.2752,2880.0
Anomalia,0.0144,0.1076,-0.0935,-0.4316,2880.0
Anomalia,0.0032,0.1115,-0.0275,-0.6366,2880.0
Anomalia,0.0048,0.1087,0.0752,-0.4786,2640.0
Anomalia,-0.0012,0.1145,0.1447,-0.6024,3120.0
Anomalia,0.0184,0.1158,0.2699,-0.3423,2640.0
Anomalia,0.0161,0.1122,0.3079,-0.1472,3360.0
Anomalia,0.0114,0.1033,0.1636,0.1075,3360.0
Anomalia,0.0123,0.096,0.328,0.3084,3120.0
Anomalia,-0.0068,0.0731,-0.3768,-0.1462,3120.0
Anomalia,0.0055,0.0749,0.6069,1.4461,3360.0
Anomalia,0.0088,0.1188,0.121,0.6156,2880.0
Anomalia,0.0151,0.1309,0.0589,-0.0126,2880.0
Anomalia,0.0116,0.1411,0.0185,-0.5257,2880.0
Anomalia,0.013,0.1391,-0.0869,-0.5307,2880.0
Anomalia,0.0052,0.1057,0.1047,-0.2984,2880.0
Anomalia,0.0058,0.0935,-0.092,-0.4679,2880.0
Anomalia,0.0158,0.1008,0.2022,-0.7018,2880.0
Anomalia,0.0087,0.1088,0.1137,-0.5405,2880.0
Anomalia,0.0167,0.1221,-0.0626,-0.7974,2880.0
Anomalia,0.0066,0.1338,-0.1409,-0.728,2880.0
Anomalia,0.0068,0.1266,-0.3343,-0.4266,2880.0
Anomalia,0.0059,0.1167,-0.305,-0.1318,3360.0
Anomalia,0.0012,0.1035,-0.4139,0.4103,2880.0
Anomalia,0.0141,0.1018,-0.0543,-0.3923,2880.0
Anomalia,0.0135,0.0999,-0.0037,-0.6689,3360.0
Anomalia,0.0152,0.1146,-0.0154,-0.9496,2640.0
Anomalia,0.0086,0.1112,0.1742,-0.8326,2640.0
Anomalia,0.0102,0.1196,0.3017,-0.5026,2880.0
Anomalia,0.0072,0.1309,0.3173,-0.7555,2880.0
Anomalia,0.0113,0.1266,0.3634,-0.6242,2880.0
Anomalia,0.0115,0.1565,-0.1361,-0.5895,2880.0
Anomalia,0.0085,0.1676,-0.0311,-0.5329,2880.0
Anomalia,-0.0009,0.1699,0.0293,-0.6055,2880.0
Anomalia,0.0078,0.1726,-0.0578,-0.637,2880.0
Anomalia,0.0139,0.1849,0.0299,-0.8978,2640.0
Anomalia,0.0123,0.1652,-0.0066,-0.687,2640.0
Anomalia,0.0235,0.1612,0.0265,-0.4498,2640.0
Anomalia,0.0013,0.1567,0.2532,-0.331,2640.0
Anomalia,0.0091,0.1231,0.6105,-0.2257,2400.0
Anomalia,0.0073,0.1425,0.3872,0.1099,3360.0
Anomalia,0.0099,0.1516,-0.0035,0.2818,2640.0
Anomalia,0.0172,0.1477,-0.1243,0.628,2640.0
Anomalia,0.0082,0.1417,-0.1663,0.7582,3360.0
Anomalia,0.0069,0.1162,-0.3783,1.3384,3360.0
Anomalia,-0.0004,0.0895,-0.0664,-1.0654,3120.0
Anomalia,0.0135,0.1008,0.2708,-0.7568,2880.0
Anomalia,0.0153,0.1402,-0.1598,0.3308,2880.0
Anomalia,0.0126,0.1456,-0.1045,0.1223,2880.0
Anomalia,0.0126,0.1432,-0.1006,0.3183,2880.0
Anomalia,0.0015,0.1355,-0.1213,0.6913,2880.0
Anomalia,0.0004,0.1147,-0.0037,0.2968,3360.0
Anomalia,0.0173,0.1353,0.262,0.2421,2640.0
Anomalia,0.0158,0.1791,-0.1707,-0.0858,3360.0
Anomalia,0.0187,0.1779,-0.2034,0.0107,2880.0
Anomalia,0.0136,0.1781,-0.2096,-0.072,2880.0
Anomalia,0.0037,0.1614,-0.3799,0.3351,2880.0
Anomalia,0.0005,0.1197,-0.3504,-0.5477,2880.0
Anomalia,0.0087,0.1455,0.1787,-0.4607,3120.0
Anomalia,0.0125,0.1345,0.4089,-0.2742,3120.0
Anomalia,0.011,0.1341,0.4359,-0.2562,2880.0
Anomalia,0.0187,0.1361,0.5531,-0.3914,2880.0
Anomalia,0.0033,0.1056,0.4471,-0.3645,2880.0
Anomalia,0.006,0.0942,0.4772,-0.0768,2880.0
Anomalia,0.0106,0.1052,0.6882,0.2767,3360.0
Anomalia,0.0104,0.1431,0.1077,0.4061,2880.0
Anomalia,0.0247,0.1863,0.1594,-0.4889,2880.0
Anomalia,0.0145,0.1972,0.1871,-0.8296,2880.0
Anomalia,0.0052,0.2017,0.1977,-0.9495,2880.0
Anomalia,0.0047,0.1691,0.3304,-0.246,2880.0
Anomalia,-0.0004,0.1225,-0.2422,-0.4158,2880.0
Anomalia,0.0165,0.1197,-0.0759,-0.3896,2880.0
Anomalia,0.0218,0.1143,0.0341,-0.4668,2880.0
Anomalia,0.0196,0.2029,-0.0439,0.5754,2880.0
Anomalia,0.0058,0.212,0.0357,0.1944,2880.0
Anomalia,0.0008,0.2069,0.065,0.4563,2880.0
Anomalia,0.0016,0.202,0.0748,0.747,2880.0
Anomalia,0.0061,0.1215,-0.2466,0.4657,2880.0
Anomalia,0.02,0.1577,0.0964,0.0175,2880.0
Anomalia,0.0189,0.1581,0.0979,-0.0122,2880.0
Anomalia,0.0079,0.1734,0.0143,-0.4871,2880.0
Anomalia,0.0064,0.171,-0.002,-0.3807,2880.0
Anomalia,0.0016,0.1261,-0.3537,-0.3856,2880.0
Anomalia,0.004,0.128,-0.3426,-0.4663,2640.0
Anomalia,0.0156,0.1123,-0.0698,-0.8507,3120.0
Anomalia,0.012,0.1332,-0.0195,-0.8136,2640.0
Anomalia,0.0161,0.1395,-0.0122,-0.9673,3120.0
Anomalia,0.0047,0.1401,0.1553,-0.8206,2880.0
Anomalia,0.011,0.1373,0.096,-0.7616,3360.0
Anomalia,0.0001,0.1311,-0.0631,-0.4949,3360.0
Anomalia,0.0105,0.1338,-0.009,-0.1945,3360.0
Anomalia,0.021,0.1405,-0.208,-0.4671,3360.0
Anomalia,0.0036,0.1322,-0.0409,-0.2511,3360.0
Anomalia,0.0213,0.1133,0.2135,0.0585,3600.0
Anomalia,0.0011,0.1032,0.0655,-0.4126,3600.0
Anomalia,0.0071,0.0823,0.0119,-0.5078,2640.0
Anomalia,0.0129,0.0849,0.0168,-0.7793,3600.0
Anomalia,0.0141,0.0951,0.1185,-0.9684,3360.0
Anomalia,0.017,0.1133,-0.0731,-0.4045,3360.0
Anomalia,0.0037,0.1208,0.0186,-0.7602,2640.0
Anomalia,0.0052,0.1323,-0.0582,-0.9433,3120.0
Anomalia,0.0088,0.1292,-0.1778,-0.824,2880.0
Anomalia,0.0137,0.1298,-0.1913,-0.8947,3120.0
Anomalia,0.0162,0.1447,-0.1075,-0.7204,3120.0
Anomalia,0.013,0.1388,0.052,-0.5121,2880.0
Anomalia,0.0007,0.1346,0.2521,-0.2479,2880.0
Anomalia,0.0072,0.121,0.1772,0.1765,2640.0
Anomalia,0.0106,0.1023,0.1064,-0.4774,2880.0
Anomalia,0.0151,0.0897,-0.0623,-0.5391,2880.0
Anomalia,0.0164,0.1034,-0.0786,-0.7273,2880.0
Anomalia,0.0035,0.1022,-0.0804,-0.6266,2880.0
Anomalia,0.0098,0.0922,-0.1162,-0.0876,3120.0
Anomalia,0.0018,0.1109,-0.1118,-0.7696,3120.0
Anomalia,0.0136,0.1047,-0.3113,-0.5549,3120.0
Anomalia,0.0108,0.1172,-0.2302,-0.7926,2880.0
Anomalia,0.0083,0.1247,-0.1428,-1.1191,3360.0
Anomalia,0.0097,0.1091,-0.0477,-0.7123,3360.0
Anomalia,0.0047,0.1092,0.0364,-0.7386,3360.0
Anomalia,0.0189,0.1034,0.1356,-0.9258,2640.0
Anomalia,0.0063,0.1039,0.0064,-0.6361,2640.0
Anomalia,0.0231,0.1091,-0.1738,-0.6264,2640.0
Anomalia,0.0022,0.1076,0.0831,-0.684,480.0
Anomalia,0.0013,0.127,0.4142,-0.1775,3120.0
Anomalia,0.0124,0.1206,0.5306,0.1028,2640.0
Anomalia,-0.0028,0.1237,0.6787,0.0625,2880.0
Anomalia,0.0197,0.1251,0.3767,-0.2952,2880.0
Anomalia,0.0123,0.093,0.2104,-0.568,2880.0
Anomalia,0.0121,0.0949,0.0414,-0.7437,2640.0
Anomalia,0.0155,0.115,-0.3429,0.3088,2640.0
Anomalia,0.0035,0.1249,-0.3657,0.0335,2640.0
Anomalia,0.0009,0.1252,-0.2631,0.021,2640.0
Anomalia,0.0088,0.1303,-0.266,-0.204,2640.0
Anomalia,0.0136,0.1151,-0.1407,-0.4283,2640.0
Anomalia,0.0172,0.1051,0.1485,-1.1725,2880.0
Anomalia,0.0089,0.1024,0.2331,-1.0046,2880.0
Anomalia,0.0013,0.1091,0.2939,-0.8355,2880.0
Anomalia,0.0021,0.1099,0.2947,-0.6058,2880.0
Anomalia,0.0058,0.1277,0.2953,-0.6961,2880.0
Anomalia,0.0244,0.1377,-0.0671,-1.0118,2880.0
Anomalia,0.0144,0.1394,-0.11,-1.0243,2880.0
Anomalia,0.008,0.1411,-0.0779,-1.14,2640.0
Anomalia,0.0026,0.1352,-0.1556,-1.2166,2880.0
Anomalia,-0.0015,0.1318,-0.0509,-1.1092,2880.0
Anomalia,0.0063,0.1147,-0.0501,-0.7102,2880.0
Anomalia,0.0115,0.1173,-0.0675,-0.7761,3120.0
Anomalia,0.0176,0.1079,-0.0139,-0.6815,3120.0
Anomalia,0.0075,0.1195,0.1076,-0.295,3120.0
Anomalia,0.0073,0.142,-0.0303,-0.7856,2880.0
Anomalia,0.0005,0.1367,0.0132,-0.5995,2880.0
Anomalia,-0.0018,0.1541,0.1006,-0.832,2640.0
Anomalia,0.0135,0.1555,-0.0461,-1.0541,3120.0
Anomalia,0.0084,0.1428,0.1142,-0.9798,2880.0
Anomalia,0.0195,0.1882,0.0952,-0.7115,2880.0
Anomalia,0.0075,0.1739,0.2937,-0.2198,2880.0
Anomalia,0.0023,0.1801,0.4633,-0.1276,2880.0
Anomalia,0.0071,0.189,0.3506,-0.4239,3360.0
Anomalia,0.0074,0.1479,0.4195,-0.1704,3120.0
Anomalia,0.0177,0.1528,0.2206,-0.4897,3360.0
Anomalia,0.0087,0.1541,-0.0866,-0.6747,2640.0
Anomalia,0.0076,0.1386,-0.1113,-0.3841,2640.0
Anomalia,0.004,0.137,-0.0596,-0.3899,2640.0
Anomalia,0.0013,0.1251,-0.0218,0.233,2640.0
Anomalia,0.0162,0.1036,0.4583,0.2885,3360.0
Anomalia,0.0166,0.1262,-0.05,-0.0248,3360.0
Anomalia,0.016,0.1655,-0.021,0.1748,2880.0
Anomalia,0.0117,0.1942,-0.1245,-0.7304,2880.0
Anomalia,-0.0004,0.1929,-0.0634,-0.7428,2880.0
Anomalia,0.003,0.1773,-0.0703,-0.1979,2880.0
Anomalia,0.0066,0.1373,-0.4748,0.0034,2880.0
Anomalia,0.0079,0.095,-0.3231,-0.1777,2880.0
Anomalia,0.0078,0.0957,-0.1652,-0.8645,2880.0
Anomalia,0.0075,0.1013,-0.0593,-1.0172,2880.0
Anomalia,-0.0014,0.105,0.2222,-0.7516,2880.0
Anomalia,0.0103,0.141,0.151,-0.5942,3120.0
Anomalia,0.0164,0.1332,0.1402,-0.2104,2640.0
Anomalia,0.0069,0.1396,0.1093,-0.3689,2880.0
Anomalia,0.0068,0.1343,0.0532,-0.1734,2880.0
Anomalia,0.0042,0.104,-0.3596,-0.4009,3360.0
Anomalia,0.0029,0.1041,-0.3472,-0.4092,3360.0
Anomalia,0.0147,0.1068,0.1314,-0.1894,3120.0
Anomalia,0.0201,0.124,0.1293,-0.4938,2880.0
Anomalia,0.0105,0.132,0.0491,-0.2132,2880.0
Anomalia,0.0088,0.1343,0.069,-0.3435,2880.0
Anomalia,0.0053,0.1269,0.0317,-0.1582,2880.0
Anomalia,0.0017,0.1161,-0.1034,0.0574,3120.0
Anomalia,0.0084,0.0923,0.1886,0.0275,2640.0
Anomalia,0.0071,0.0881,0.3371,0.3129,2640.0
Anomalia,0.005,0.12,-0.2692,0.4942,3120.0
Anomalia,0.0066,0.1172,-0.4193,0.7439,2880.0
Anomalia,0.0096,0.1235,-0.3833,0.2013,3120.0
Anomalia,0.0064,0.1336,-0.3093,-0.4174,2640.0
Anomalia,0.0094,0.1077,-0.2707,-0.6906,2640.0
Anomalia,0.0127,0.1194,-0.0239,-0.6895,2640.0
Anomalia,0.0058,0.1262,0.0126,-0.8291,3360.0
Anomalia,0.0096,0.1284,0.0126,-0.8702,2640.0
Anomalia,-0.0,0.1291,0.1315,-0.979,3120.0
Anomalia,0.0005,0.1261,0.1233,-1.097,2880.0
Anomalia,0.011,0.1237,0.0575,-1.0504,2880.0
Anomalia,0.0133,0.1264,0.3279,-0.3258,2640.0
Anomalia,0.0235,0.1342,0.2588,-0.5601,2640.0
Anomalia,0.0118,0.1322,0.2728,-0.3451,2640.0
Anomalia,-0.0016,0.1317,0.364,-0.2276,2880.0
Anomalia,-0.0019,0.1251,0.1207,-0.843,2880.0
Anomalia,0.003,0.111,-0.1037,-0.733,3120.0
Anomalia,0.0121,0.1165,0.0261,-0.8011,2880.0
Anomalia,0.0165,0.1165,0.0079,-0.912,3360.0
Anomalia,0.0098,0.1257,-0.0243,-0.9863,3360.0
Anomalia,0.0043,0.1228,0.0388,-0.8832,2880.0
Anomalia,0.0001,0.1052,-0.1183,-0.6634,2640.0
Anomalia,0.0107,0.1001,-0.1823,-0.4182,2400.0
Anomalia,0.0156,0.08,0.2093,-0.6127,2400.0
Anomalia,0.0093,0.1041,-0.2174,0.496,3120.0
Anomalia,0.0118,0.1188,-0.168,-0.2435,2640.0
Anomalia,0.0036,0.1175,-0.066,-0.2254,3360.0
Anomalia,0.0007,0.1203,-0.1295,-0.4112,3360.0
Anomalia,0.0072,0.1363,0.0947,-0.4656,2640.0
Anomalia,0.0107,0.147,0.1585,-0.5406,2640.0
Anomalia,0.0129,0.1495,0.1287,-0.6729,2640.0
Anomalia,0.015,0.1501,0.1554,-0.7207,2880.0
Anomalia,0.0087,0.1296,0.2485,-0.6773,2880.0
Anomalia,-0.0048,0.1176,-0.0101,-0.8067,2880.0
Anomalia,0.0104,0.1217,-0.1419,-0.7776,2880.0
Anomalia,0.0064,0.1136,-0.1608,-0.4677,2640.0
Anomalia,0.0161,0.1019,-0.3336,0.0729,3360.0
Anomalia,0.0248,0.0857,0.2418,-0.6094,2880.0
Anomalia,0.0038,0.0825,-0.1018,-0.7813,2880.0
Anomalia,0.0043,0.092,-0.2343,-0.8832,2880.0
Anomalia,0.0076,0.1156,0.2043,-0.5531,2640.0
Anomalia,0.0099,0.1152,0.1558,-0.5267,2880.0
Anomalia,0.0145,0.1099,0.148,-0.2439,2880.0
Anomalia,0.0169,0.1326,-0.0745,-0.3444,2880.0
Anomalia,0.0063,0.1218,-0.3114,0.0644,2880.0
Anomalia,0.0025,0.1215,-0.2093,0.0321,2640.0
Anomalia,0.0019,0.1263,-0.1358,-0.2714,2640.0
Anomalia,0.0129,0.1107,-0.1058,-0.382,2880.0
Anomalia,0.0147,0.0999,0.0334,-0.5637,2880.0
Anomalia,0.0132,0.1156,0.0208,-0.7549,3360.0
Anomalia,0.0116,0.1105,0.0392,-0.5017,3120.0
Anomalia,-0.0003,0.1006,0.0599,-0.3022,3120.0
Anomalia,0.0064,0.1167,0.1115,-0.508,3120.0
Anomalia,0.0124,0.1168,0.2443,0.4001,3120.0
Anomalia,0.01,0.1598,0.1427,0.137,3120.0
Anomalia,0.014,0.1594,0.0762,0.1673,3120.0
Anomalia,0.0038,0.1549,0.1809,0.3333,2880.0
Anomalia,0.0064,0.1638,0.125,-0.2567,2880.0
Anomalia,0.0125,0.1379,0.0571,-0.9295,2880.0
Anomalia,0.0116,0.1803,0.1137,-0.8198,2640.0
Anomalia,0.0072,0.1812,0.1299,-0.7627,2640.0
Anomalia,0.0082,0.1663,0.0697,-0.2927,2880.0
Anomalia,-0.0011,0.1574,0.1926,0.1342,3120.0
Anomalia,0.0037,0.101,-0.3116,0.012,3120.0
Anomalia,0.0123,0.1138,-0.0587,0.1829,3360.0
Anomalia,-0.0002,0.1223,-0.0733,0.0422,3360.0
Anomalia,0.0158,0.1294,-0.0667,0.1119,3360.0
Anomalia,0.0053,0.1348,0.0757,-0.3039,2880.0
Anomalia,0.0082,0.1122,-0.0071,0.1611,2640.0
Anomalia,0.0097,0.0957,0.4221,0.3951,2640.0
Anomalia,0.0045,0.0756,-0.161,-0.7652,2640.0
Anomalia,0.0115,0.0713,-0.0703,-0.8383,2640.0
Anomalia,0.0105,0.0805,-0.0412,-0.9614,2640.0
Anomalia,0.007,0.1026,-0.376,-0.2641,3360.0
Anomalia,0.0097,0.1164,-0.1701,-0.7753,3360.0
Anomalia,0.0057,0.1314,-0.1191,-1.0083,3120.0
Anomalia,0.0128,0.1345,-0.1689,-1.0148,3120.0
Anomalia,0.0245,0.161,-0.0666,-0.6654,2880.0
Anomalia,0.0051,0.1593,0.1007,-0.5785,2640.0
Anomalia,0.0133,0.152,0.0771,-0.3054,3360.0
Anomalia,-0.0058,0.1493,0.3223,-0.0833,3360.0
Anomalia,-0.0117,0.1128,-0.0418,-0.3883,3120.0
Anomalia,0.0173,0.1312,0.2944,0.1503,3120.0
Anomalia,0.0124,0.1391,0.2396,-0.1647,3120.0
Anomalia,0.021,0.1344,0.1807,0.1301,3360.0
Anomalia,0.0168,0.129,0.4237,0.2085,3360.0
Anomalia,0.0009,0.1261,0.1984,-0.5779,2880.0
Anomalia,-0.0031,0.1085,0.2544,-0.0182,2880.0
Anomalia,0.0062,0.1178,0.1727,-0.4976,2880.0
Anomalia,0.0134,0.1275,0.0516,-0.6325,2880.0
Anomalia,0.0145,0.1092,0.0908,-0.2412,3360.0
Anomalia,0.0162,0.1176,0.1418,-0.5201,2880.0
Anomalia,0.002,0.1225,0.1187,-0.6526,2880.0
Anomalia,0.001,0.1182,0.1137,-0.8119,2880.0
Anomalia,0.0039,0.1171,0.0528,-0.9436,2880.0
Anomalia,0.0114,0.1198,0.001,-1.0896,3120.0
Anomalia,0.0195,0.1083,0.1097,-0.9989,3120.0
Anomalia,0.0113,0.0949,0.4379,-0.5551,2640.0
Anomalia,0.0091,0.0903,0.5001,-0.4755,2880.0
Anomalia,-0.0031,0.0805,0.0088,-0.3494,2400.0
Anomalia,-0.0024,0.0913,0.0452,-0.2713,2880.0
Anomalia,0.0126,0.1009,-0.01,-0.4306,3120.0
Anomalia,0.0149,0.1231,0.102,-0.4953,2640.0
Anomalia,0.0227,0.1259,0.1201,-0.6406,2640.0
Anomalia,0.0124,0.14,-0.0367,-0.7206,2880.0
Anomalia,0.0036,0.1378,-0.0266,-0.6645,2880.0
Anomalia,-0.0005,0.1201,-0.3081,-0.4063,3360.0
Anomalia,0.0039,0.1115,-0.625,0.0895,3360.0
Anomalia,0.0128,0.0818,-0.8768,0.5516,3600.0
Anomalia,0.016,0.1029,-0.5196,0.7768,2400.0
Anomalia,0.0048,0.1201,-0.4289,0.0388,2640.0
Anomalia,0.004,0.1273,-0.2422,-0.3178,2640.0
Anomalia,0.0004,0.1498,-0.1196,-0.7661,2640.0
Anomalia,0.0057,0.1656,0.0308,-0.7849,2880.0
Anomalia,0.0192,0.1589,-0.0788,-0.5315,2880.0
Anomalia,0.0116,0.1534,0.0027,-0.3353,2640.0
Anomalia,0.0122,0.1262,0.1898,0.9875,2640.0
Anomalia,0.0068,0.0793,-0.2485,2.1358,2640.0
Anomalia,0.0053,0.0859,0.359,0.7803,3120.0
Anomalia,0.0057,0.1397,0.0402,0.3362,2880.0
Anomalia,0.0184,0.1772,0.04,-0.78,2880.0
Anomalia,0.0081,0.2029,0.0153,-1.248,2880.0
Anomalia,0.0072,0.2105,-0.017,-1.2847,2880.0
Anomalia,0.0112,0.1904,-0.0305,-1.0708,2880.0
Anomalia,0.0026,0.1713,-0.1371,-0.9146,2640.0
Anomalia,0.0074,0.1654,-0.1319,-0.4829,2640.0
Anomalia,0.0124,0.1788,-0.0402,-0.5805,2640.0
Anomalia,0.0096,0.1765,0.0055,-0.5549,2640.0
Anomalia,0.0061,0.173,0.0813,-0.4313,2880.0
Anomalia,0.0093,0.1596,0.1464,-0.5537,2880.0
Anomalia,0.0049,0.1221,0.1023,-0.7902,2880.0
Anomalia,0.0092,0.1344,0.0954,-0.5454,2880.0
Anomalia,0.005,0.1297,0.008,-0.2349,2880.0
Anomalia,0.0143,0.1323,-0.1028,-0.2342,2880.0
Anomalia,0.0091,0.1443,-0.2073,-0.478,2880.0
Anomalia,0.002,0.1395,-0.2932,-0.7859,2880.0
Anomalia,0.0109,0.1344,-0.342,-0.6158,2880.0
Anomalia,0.007,0.1309,-0.2319,-0.5737,2880.0
Anomalia,0.0127,0.1286,-0.0183,-0.9632,2880.0
Anomalia,0.0106,0.1576,-0.1567,-0.331,2880.0
Anomalia,0.0086,0.1759,-0.0468,-0.9458,2880.0
Anomalia,0.0025,0.18,-0.0397,-1.0458,2640.0
Anomalia,0.0017,0.1794,-0.0597,-1.0099,2640.0
Anomalia,0.0167,0.1505,0.0676,-0.8886,2640.0
Anomalia,0.0103,0.1393,0.163,-0.5864,2640.0
Anomalia,0.0092,0.1363,0.1194,-0.3379,2640.0
Anomalia,0.0049,0.1221,0.3086,0.4749,2640.0
Anomalia,0.0018,0.1344,0.2291,-0.1642,2640.0
Anomalia,0.0093,0.1259,0.0818,0.0981,2640.0
Anomalia,0.0152,0.1086,0.4092,0.6419,2880.0
Anomalia,0.0151,0.1099,0.3821,0.4941,2880.0
Anomalia,0.0066,0.0713,-0.1225,-0.7358,3360.0
Anomalia,0.0021,0.0693,0.0073,-0.6092,3360.0
Anomalia,-0.0032,0.0769,0.075,-0.5333,3360.0
Anomalia,0.0054,0.0764,-0.0157,-0.4249,3600.0
Anomalia,0.0138,0.0775,-0.0165,-0.3669,3360.0
Anomalia,0.0155,0.0902,-0.1676,-0.3718,3600.0
Anomalia,0.0132,0.0912,-0.228,-0.3699,2880.0
Anomalia,0.0077,0.0984,-0.2227,-0.537,2880.0
Anomalia,-0.0041,0.1114,-0.2353,-0.6905,3120.0
Anomalia,0.0009,0.1149,-0.228,-0.6074,2640.0
Anomalia,0.0096,0.1294,-0.1757,-0.5555,2640.0
Anomalia,0.0146,0.127,-0.2357,-0.4379,2640.0
Anomalia,0.0173,0.1253,-0.13,-0.669,2640.0
Anomalia,0.0099,0.1324,-0.1363,-0.7961,3120.0
Anomalia,0.0059,0.1163,-0.2248,-0.8139,2880.0
Anomalia,-0.0054,0.1129,-0.0281,-0.7258,2880.0
Anomalia,0.0115,0.1117,-0.0518,-0.3402,2640.0
Anomalia,0.0123,0.0949,0.4916,-0.0375,3600.0
Anomalia,0.0118,0.1118,0.5797,0.0541,3360.0
Anomalia,0.0211,0.1129,0.4372,-0.1112,3360.0
Anomalia,-0.0075,0.1149,0.3938,0.159,3120.0
Anomalia,0.0051,0.1181,0.134,-0.212,3120.0
Anomalia,0.0083,0.1227,0.1823,-0.4096,3360.0
Anomalia,0.0109,0.1219,0.1479,-0.3493,3360.0
Anomalia,0.0234,0.1082,0.3954,0.1627,3600.0
Anomalia,0.0087,0.0967,0.5461,1.1609,3600.0
Anomalia,-0.0042,0.0861,-0.6962,0.7722,2640.0
Anomalia,0.0034,0.1234,0.5997,1.075,2880.0
Anomalia,0.0087,0.1298,0.5303,0.5033,2880.0
Anomalia,0.0133,0.1332,0.4904,0.1324,2880.0
Anomalia,0.022,0.1284,0.6172,0.0627,2880.0
Anomalia,0.0041,0.1038,0.135,-0.8672,2880.0
Anomalia,-0.0004,0.131,0.1505,-0.1974,2880.0
Anomalia,0.0019,0.1457,0.1328,-0.3744,2880.0
Anomalia,0.0139,0.1401,-0.0361,-0.0127,2880.0
Anomalia,0.0132,0.1333,0.0157,0.4646,2880.0
Anomalia,0.0157,0.107,-0.1104,0.8588,2880.0
Anomalia,0.011,0.1091,-0.2307,0.0515,3360.0
Anomalia,0.0001,0.1173,0.0571,-0.4156,2880.0
Anomalia,0.0069,0.1269,-0.0656,-0.8199,2880.0
Anomalia,0.0044,0.1258,0.0252,-0.8341,2880.0
Anomalia,0.0126,0.1447,0.1318,-0.3774,2880.0
Anomalia,0.0095,0.1597,0.0957,-0.6872,2880.0
Anomalia,0.0192,0.163,0.025,-0.7631,2880.0
Anomalia,0.0081,0.1631,0.1642,-0.7647,2880.0
Anomalia,0.0029,0.1283,0.1357,-0.5188,2880.0
Anomalia,0.0128,0.111,0.2883,-0.719,3360.0
Anomalia,-0.0059,0.0953,0.4388,-0.305,3360.0
Anomalia,0.0169,0.094,0.1861,-0.5756,3360.0
Anomalia,0.0092,0.0878,0.4696,-0.2007,2880.0
Anomalia,0.0037,0.072,-0.0021,-0.8637,2880.0
Anomalia,0.0126,0.0948,-0.0652,-0.0128,2880.0
Anomalia,0.0014,0.1443,-0.0457,0.4527,2880.0
Anomalia,0.0117,0.1638,-0.1198,-0.4229,2880.0
Anomalia,0.0145,0.1725,-0.1043,-0.7712,2880.0
Anomalia,0.0047,0.1785,-0.0485,-0.8133,2880.0
Anomalia,0.0094,0.1845,0.01,-0.7488,2880.0
Anomalia,0.0107,0.1691,-0.0384,-0.1817,2880.0
Anomalia,0.0087,0.168,-0.0534,-0.1208,2880.0
Anomalia,0.0229,0.1662,-0.0567,-0.1743,2880.0
Anomalia,0.0107,0.1222,0.2018,-0.5991,2880.0
Anomalia,0.0071,0.1398,0.3041,-0.7812,2880.0
Anomalia,0.0039,0.137,0.3875,-0.6182,2880.0
Anomalia,0.0066,0.1281,0.2572,-0.4466,2880.0
Anomalia,0.0167,0.1286,0.1111,-0.426,2880.0
Anomalia,0.0137,0.1137,-0.0778,-0.4055,3600.0
Anomalia,0.0139,0.133,-0.0729,-0.7123,3120.0
Anomalia,0.0042,0.121,0.0175,-0.3607,3120.0
Anomalia,0.0032,0.1261,0.0778,-0.6007,3120.0
Anomalia,0.0057,0.1482,0.0338,-0.8513,2640.0
Anomalia,0.0148,0.1524,-0.0173,-0.0576,2880.0
Anomalia,0.0172,0.1642,-0.0601,-0.5001,2640.0
Anomalia,0.0166,0.1668,-0.1328,-0.5574,2640.0
Anomalia,0.009,0.1471,-0.0108,0.0167,2640.0
Anomalia,-0.0039,0.1355,-0.0547,-0.926,2640.0
Anomalia,0.0059,0.1251,-0.2065,-0.7735,2640.0
Anomalia,0.011,0.1168,-0.0903,-0.8159,3360.0
Anomalia,0.0111,0.1218,-0.1148,-0.9512,3360.0
Anomalia,0.0287,0.1079,-0.0481,-0.7415,3360.0
Anomalia,0.0074,0.1009,0.2128,-0.6604,3360.0
Anomalia,-0.0052,0.1141,-0.0279,-0.4499,3120.0
Anomalia,0.0081,0.1318,0.191,-0.2259,2880.0
Anomalia,0.005,0.1266,0.1611,0.0292,2880.0
Anomalia,0.0148,0.1302,-0.0711,-0.1753,2880.0
Anomalia,0.0296,0.1353,0.1269,-0.2731,2880.0
Anomalia,0.0096,0.1165,0.1272,-0.0994,3360.0
Anomalia,0.0031,0.1546,0.2161,-0.5579,3360.0
Anomalia,0.0,0.1809,0.1247,-1.0107,2880.0
Anomalia,0.0079,0.1797,-0.0195,-0.9841,2880.0
Anomalia,0.018,0.193,-0.1854,-1.1437,2880.0
Anomalia,0.0207,0.1847,-0.2049,-1.1152,3120.0
Anomalia,0.0187,0.1901,-0.1979,-1.1099,2880.0
Anomalia,-0.0015,0.177,0.0023,-0.9124,2880.0
Anomalia,0.0086,0.1657,-0.0421,-0.7532,2880.0
Anomalia,0.0065,0.1501,-0.1106,-0.4049,3120.0
Anomalia,0.0136,0.1359,-0.0445,-0.5131,2880.0
Anomalia,0.0208,0.1547,-0.1515,-0.8772,2640.0
Anomalia,0.0096,0.1464,-0.033,-0.6521,2640.0
Anomalia,0.0023,0.1385,0.0217,-0.3341,2880.0
Anomalia,0.0082,0.11,-0.0437,-0.0065,2400.0
Anomalia,0.0132,0.1003,-0.2296,0.4292,3120.0
Anomalia,0.0104,0.1129,-0.2997,-0.1998,3360.0
Anomalia,0.0172,0.1239,-0.3267,-0.5657,2640.0
Anomalia,0.0158,0.1429,-0.037,-0.7157,3360.0
Anomalia,0.0023,0.1274,0.2329,-0.3526,2640.0
Anomalia,0.0114,0.1231,0.2598,-0.2691,2640.0
Anomalia,0.0095,0.1324,0.249,-0.4929,3120.0
Anomalia,0.0044,0.1193,0.0706,-0.8648,2880.0
Anomalia,0.0205,0.124,-0.1197,-0.9944,2640.0
Anomalia,0.0107,0.1156,0.0663,-0.7536,2640.0
Anomalia,0.0116,0.1245,0.0579,-0.2053,3120.0
Anomalia,0.0068,0.1344,0.0198,-0.4857,2880.0
Anomalia,-0.0021,0.1446,0.1319,-0.7791,2880.0
Anomalia,0.0103,0.1559,-0.0242,-1.1581,2880.0
Anomalia,0.0091,0.1314,-0.0541,-1.0535,2880.0
Anomalia,0.0208,0.1108,-0.1195,-0.5545,2880.0
Anomalia,0.0109,0.1311,-0.3824,0.2337,2880.0
Anomalia,0.0088,0.1292,-0.5436,0.4718,2880.0
Anomalia,0.0119,0.1423,-0.4479,-0.2068,2880.0
Anomalia,0.007,0.1432,-0.338,-0.3381,2880.0
Anomalia,0.0192,0.1128,-0.382,-0.4028,2880.0
Anomalia,0.0105,0.117,-0.325,-0.5557,2880.0
Anomalia,0.0076,0.0985,-0.5182,0.0356,2880.0
Anomalia,0.011,0.102,-0.4524,-0.0956,2880.0
Anomalia,0.0141,0.0946,-0.5634,0.5343,3120.0
Anomalia,0.0167,0.0736,0.018,-0.632,2880.0
Anomalia,0.0196,0.1005,-0.2323,0.202,3360.0
Anomalia,0.0085,0.1039,-0.3402,0.1669,2640.0
Anomalia,-0.0019,0.112,-0.1735,-0.4102,2640.0
Anomalia,0.0107,0.1199,-0.2602,-0.6311,2640.0
Anomalia,0.0135,0.105,-0.3441,-0.604,2640.0
Anomalia,0.0198,0.0996,-0.2017,-0.793,2640.0
Anomalia,0.0244,0.0969,0.068,-0.9813,2880.0
Anomalia,0.0109,0.1025,-0.1263,-0.582,3120.0
Anomalia,-0.0021,0.1273,-0.0794,-0.2004,2880.0
Anomalia,0.007,0.1259,-0.2831,-0.0434,2880.0
Anomalia,0.0095,0.1357,-0.3349,-0.3742,2880.0
Anomalia,0.0216,0.1508,-0.2296,-0.1633,3360.0
Anomalia,0.0227,0.1612,-0.2444,-0.4046,3360.0
Anomalia,0.0122,0.1778,-0.046,-0.9733,2880.0
Anomalia,0.007,0.1991,0.038,-1.1789,2880.0
Anomalia,0.0007,0.1873,0.0537,-1.0552,2880.0
Anomalia,0.0122,0.1604,-0.0318,-0.5227,3120.0
Anomalia,0.005,0.1453,0.0322,-0.0356,3360.0
Anomalia,0.0186,0.1148,0.0638,-0.2564,2880.0
Anomalia,0.0112,0.1126,-0.0154,-0.6022,2880.0
Anomalia,0.0016,0.1087,0.1512,-0.3776,2880.0
Anomalia,0.0173,0.112,0.0616,-0.4518,3120.0
Anomalia,0.0074,0.1037,-0.061,-0.2834,3600.0
Anomalia,0.0225,0.1318,0.2523,0.4045,3360.0
Anomalia,0.0182,0.1644,-0.1004,-0.3076,3360.0
Anomalia,0.0093,0.1759,0.0064,-0.6949,2880.0
Anomalia,0.0061,0.1733,0.0244,-0.6133,2880.0
Anomalia,0.0025,0.1431,-0.2136,0.1006,2880.0
Anomalia,0.0112,0.1065,-0.0715,0.4453,2880.0
Anomalia,0.0281,0.0932,-0.0684,-0.0363,2400.0
Anomalia,0.0215,0.1098,-0.5239,0.3633,2640.0
Anomalia,0.0119,0.1082,-0.3131,0.2237,3120.0
Anomalia,0.0164,0.1112,-0.3043,0.1902,2880.0
Anomalia,-0.0035,0.1159,-0.2509,-0.1861,2880.0
Anomalia,0.0122,0.0942,-0.2119,0.5228,2640.0
Anomalia,0.0154,0.1058,-0.242,-0.2704,2640.0
Anomalia,0.013,0.1096,-0.2021,-0.5258,2640.0
Anomalia,0.0137,0.0857,0.1211,-0.2143,2880.0
Anomalia,0.0064,0.0899,0.165,-0.4887,3120.0
Anomalia,0.0112,0.0895,0.0897,-0.3471,3120.0
Anomalia,0.0053,0.1053,-0.115,-0.4226,2880.0
Anomalia,0.0139,0.1158,-0.1517,-0.8207,2880.0
Anomalia,0.0193,0.1318,-0.0309,-0.8881,2880.0
Anomalia,0.0145,0.1425,0.0039,-0.978,2880.0
Anomalia,0.013,0.1259,0.1406,-0.501,2880.0
Anomalia,0.0114,0.1293,0.1267,-0.5848,2640.0
Anomalia,0.0123,0.1111,-0.0896,-0.1988,2640.0
Anomalia,0.007,0.1017,-0.1247,-0.731,3360.0
Anomalia,0.0283,0.1298,0.1494,-0.6746,2880.0
Anomalia,0.0148,0.1533,-0.1986,-0.3734,2880.0
Anomalia,0.0136,0.1801,0.1047,-0.7735,2880.0
Anomalia,0.0126,0.19,0.0255,-0.8551,2880.0
Anomalia,-0.0031,0.1719,0.0743,-0.3159,2880.0
Anomalia,0.0086,0.1479,0.2137,0.2602,3120.0
Anomalia,0.0136,0.1348,-0.1865,-0.2684,3120.0
Anomalia,0.0213,0.1292,-0.0534,-0.9257,3120.0
Anomalia,0.0182,0.1545,-0.0736,-1.0256,3120.0
Anomalia,0.0114,0.1633,-0.1039,-1.0835,3120.0
Anomalia,0.0085,0.1763,0.023,-0.9225,2880.0
Anomalia,0.0092,0.1804,0.0331,-0.8893,3360.0
Anomalia,0.01,0.1826,-0.0268,-0.927,2640.0
Anomalia,0.0171,0.1887,-0.0053,-1.1006,2880.0
Anomalia,0.006,0.1658,0.0113,-0.9423,2880.0
Anomalia,0.0119,0.1557,-0.1027,-0.8823,2640.0
Anomalia,0.0128,0.1258,-0.018,-0.5028,2640.0
Anomalia,0.0134,0.121,0.046,-0.6027,2880.0
Anomalia,0.0212,0.1171,0.0422,-0.4562,2880.0
Anomalia,0.0044,0.1213,-0.0345,-0.3302,3360.0
Anomalia,0.0082,0.1237,-0.1068,-0.4633,3360.0
Anomalia,0.0096,0.0964,-0.5961,0.5031,3120.0
Anomalia,0.0139,0.0919,-0.9493,1.1223,3120.0
Anomalia,0.0229,0.0783,-0.5251,0.228,2400.0
Anomalia,0.0187,0.1016,-0.4117,0.4789,2640.0
Anomalia,0.0113,0.1171,-0.2442,-0.2872,2880.0
Anomalia,0.0075,0.132,0.0617,-0.7034,2880.0
Anomalia,0.0116,0.1571,-0.0337,-0.852,2880.0
Anomalia,0.0156,0.2099,0.0979,-0.2102,2880.0
Anomalia,0.0218,0.2153,0.0069,-0.3418,2880.0
Anomalia,0.0156,0.224,0.0311,-0.5983,2880.0
Anomalia,0.0077,0.2087,0.1763,-0.1118,3360.0
Anomalia,0.011,0.1509,-0.0334,-0.4962,3360.0
Anomalia,-0.0001,0.1489,0.0219,-0.5056,3360.0
Anomalia,0.0074,0.1379,0.077,-0.4713,3120.0
Anomalia,0.0175,0.1585,0.2116,-0.4705,3120.0
Anomalia,0.0113,0.1457,0.377,0.1264,3120.0
Anomalia,0.0183,0.1309,0.6682,0.5535,3120.0
Anomalia,0.0157,0.1148,0.7675,1.8192,2880.0
Anomalia,0.0049,0.0699,0.0534,-0.8272,2640.0
Anomalia,0.0187,0.0937,0.3375,-0.4786,2640.0
Anomalia,0.0145,0.0961,0.326,-0.2983,2640.0
Anomalia,0.016,0.122,0.3383,-0.3434,2640.0
Anomalia,0.0195,0.1283,0.2536,-0.6706,2640.0
Anomalia,0.0029,0.1202,0.3761,-0.4106,2880.0
Anomalia,0.0107,0.1358,0.381,-0.5674,2880.0
Anomalia,0.0103,0.1388,0.376,-0.5287,3120.0
Anomalia,0.021,0.1364,0.2179,-0.4243,2880.0
Anomalia,0.022,0.1311,0.2744,-0.0781,2880.0
Anomalia,0.0137,0.1285,0.0712,-0.3489,3120.0
Anomalia,0.0051,0.1283,-0.2869,-0.4903,2880.0
Anomalia,-0.0015,0.1273,-0.1941,-0.4988,2880.0
Anomalia,0.0059,0.128,-0.3114,-0.4641,2880.0
Anomalia,0.0119,0.1203,-0.3638,-0.1623,3120.0
Anomalia,0.0184,0.1301,-0.0577,0.2301,2880.0
Anomalia,0.0151,0.145,-0.0422,-0.0995,2880.0
Anomalia,0.0084,0.1588,0.0457,-0.6625,2880.0
Anomalia,0.0074,0.1689,0.0338,-0.9002,2880.0
Anomalia,0.009,0.1706,0.0409,-0.8611,2880.0
Anomalia,0.0128,0.1654,-0.0023,-0.9461,2880.0
Anomalia,0.0171,0.167,-0.0209,-1.0195,2880.0
Anomalia,0.0196,0.1594,-0.0338,-0.8996,2880.0
Anomalia,0.0244,0.1499,-0.1085,-1.1718,2880.0
Anomalia,0.0179,0.3415,-0.1345,2.1439,2880.0
Anomalia,0.0247,0.4254,-0.063,0.0715,2640.0
Anomalia,0.0117,0.457,-0.0451,-0.5107,2880.0
Anomalia,0.0112,0.4555,-0.0355,-0.4762,2880.0
Anomalia,0.0163,0.3437,-0.0325,-0.0983,2880.0
Anomalia,-0.001,0.2273,-0.2981,0.6019,2880.0
Anomalia,0.0114,0.17,0.2222,-0.941,2880.0
Anomalia,0.0064,0.1644,0.1415,-0.9691,2880.0
Anomalia,0.0062,0.1549,0.1442,-0.906,2880.0
Anomalia,0.0144,0.1586,0.0748,-1.0004,2880.0
Anomalia,0.0168,0.1468,0.2318,-0.9776,2880.0
Anomalia,0.0156,0.1504,0.3464,-0.9187,3360.0
Anomalia,0.0083,0.163,0.0626,-0.602,3360.0
Anomalia,0.0126,0.1571,-0.0291,-0.4161,2880.0
Anomalia,0.0134,0.1477,-0.1701,-0.0896,3360.0
Anomalia,0.0118,0.1387,-0.3615,0.0589,3360.0
Anomalia,0.0179,0.1091,-0.1065,-0.9102,3120.0
Anomalia,0.0123,0.1206,-0.0978,-0.9317,2880.0
Anomalia,0.0059,0.1288,-0.0139,-1.0038,3360.0
Anomalia,0.0157,0.1308,-0.0376,-0.8711,3360.0
Anomalia,0.0166,0.1484,0.0838,-0.8381,3360.0
Anomalia,0.0192,0.1403,0.1569,-0.5427,3360.0
Anomalia,0.0146,0.1487,0.0363,-0.4821,3120.0
Anomalia,0.0044,0.159,0.069,-0.765,2640.0
Anomalia,0.0096,0.1409,-0.1685,-0.5143,2640.0
Anomalia,0.0139,0.1556,-0.0873,-0.6425,2640.0
Anomalia,0.022,0.1586,-0.0681,-0.5659,2640.0
Anomalia,0.0222,0.1537,0.0272,-0.2625,2880.0
Anomalia,0.0162,0.1806,-0.0343,-0.741,2880.0
Anomalia,0.0094,0.1604,-0.0478,-0.1756,2880.0
Anomalia,0.006,0.1604,-0.0103,-0.3454,2640.0
Anomalia,0.0198,0.1548,-0.2256,-0.266,3120.0
Anomalia,0.0089,0.1241,0.0392,-0.2128,3360.0
Anomalia,0.0224,0.1494,0.0954,-0.7866,3360.0
Anomalia,0.0167,0.1236,0.3695,-0.3175,2880.0
Anomalia,0.004,0.12,0.6098,0.1165,2880.0
Anomalia,0.0137,0.1174,0.6933,0.119,2880.0
Anomalia,0.0012,0.1071,0.7133,0.2288,3120.0
Anomalia,0.0172,0.1303,0.4547,-0.7299,2880.0
Anomalia,0.0125,0.1251,0.4929,-0.549,2880.0
Anomalia,0.0208,0.1426,0.2845,-0.986,2880.0
Anomalia,0.0112,0.1374,0.1835,-0.8461,2880.0
Anomalia,0.0105,0.1349,0.1435,-0.6381,2880.0
Anomalia,0.0112,0.1524,0.0796,-1.0485,2880.0
Anomalia,0.0118,0.1487,0.0346,-1.0186,2880.0
Anomalia,0.0297,0.1602,-0.0307,-1.1557,2880.0
Anomalia,0.018,0.1676,0.0039,-1.0375,2640.0
Anomalia,0.0133,0.1549,0.0975,-0.7603,2640.0
Anomalia,0.005,0.1511,0.1624,-0.6207,2640.0
Anomalia,0.0068,0.1375,0.0394,-0.3805,2640.0
Anomalia,0.0142,0.12,-0.0452,-0.8802,2640.0
Anomalia,0.0241,0.1214,-0.118,-0.7876,2640.0
Anomalia,0.0189,0.1222,-0.1673,-0.7951,2640.0
Anomalia,0.006,0.1143,-0.1398,-0.5901,3360.0
Anomalia,0.0073,0.1097,-0.086,-0.6041,3120.0
Anomalia,0.0039,0.1118,-0.1353,-0.5753,2640.0
Anomalia,0.0178,0.1093,-0.0142,-0.6165,2640.0
Anomalia,0.0163,0.1343,-0.168,-0.6528,2640.0
Anomalia,0.0206,0.1866,0.2533,-0.2235,2880.0
Anomalia,0.0142,0.1863,0.3305,-0.2253,2880.0
Anomalia,0.0035,0.1842,0.4482,-0.0641,2880.0
Anomalia,0.013,0.1715,0.5011,0.4355,2640.0
Anomalia,0.0125,0.1178,0.1655,-0.7867,2640.0
Anomalia,0.0228,0.1617,0.0704,-0.172,2640.0
Anomalia,0.0202,0.1752,-0.0651,-0.4264,2880.0
Anomalia,0.0196,0.1904,-0.0569,-0.6024,2880.0
Anomalia,0.0029,0.2065,0.0033,-0.7681,2880.0
Anomalia,0.0026,0.1737,-0.1352,-0.1862,2880.0
Anomalia,0.0127,0.1579,-0.1758,0.4171,2880.0
Anomalia,0.0103,0.1804,0.0151,-0.0525,2880.0
Anomalia,0.0256,0.1613,0.0647,0.13,2880.0
Anomalia,0.0102,0.1803,-0.0623,-0.3924,2880.0
Anomalia,0.0058,0.1952,0.011,-0.7968,2880.0
Anomalia,0.0053,0.1615,-0.1767,-0.8215,2880.0
Anomalia,0.0011,0.1712,-0.1148,-0.9146,2880.0
Anomalia,0.0205,0.1943,-0.0364,-0.7093,2880.0
Anomalia,0.0257,0.1885,-0.1073,-0.5658,2880.0
Anomalia,0.0157,0.1943,-0.1059,-0.6859,2640.0
Anomalia,0.0102,0.1886,-0.0463,-0.6379,2640.0
Anomalia,0.0082,0.1429,-0.2382,-0.8526,2640.0
Anomalia,0.0088,0.1362,-0.1317,-0.5647,2640.0
Anomalia,0.0211,0.1408,0.2065,-0.5921,2640.0
Anomalia,0.0181,0.1384,0.3145,-0.4737,2640.0
Anomalia,0.0157,0.1511,0.2727,-0.7997,2880.0
Anomalia,0.0044,0.1553,0.2661,-1.0084,2880.0
Anomalia,0.0044,0.157,0.3293,-0.9951,2640.0
Anomalia,0.0169,0.1479,0.186,-0.752,2640.0
Anomalia,0.0125,0.1393,0.2619,-0.5781,2640.0
Anomalia,0.0189,0.1295,0.3245,-0.3028,2880.0
Anomalia,0.0078,0.1038,0.0883,-0.9913,3360.0
Anomalia,0.0089,0.1295,0.2739,-0.104,2880.0
Anomalia,0.0116,0.1296,0.0667,0.3166,2880.0
Anomalia,0.0145,0.1224,-0.0103,0.9923,2880.0
Anomalia,0.0186,0.1219,-0.0721,1.2371,2640.0
Anomalia,0.0134,0.1178,-0.3713,0.5143,2640.0
Anomalia,0.0151,0.1157,-0.3261,0.156,2640.0
Anomalia,0.0069,0.1244,-0.1525,-0.5326,2640.0
Anomalia,0.0197,0.1276,-0.244,-0.551,2640.0
Anomalia,0.0105,0.1028,-0.0905,-0.6036,3360.0
Anomalia,0.0129,0.0903,0.0602,-0.454,3360.0
Anomalia,0.016,0.0946,-0.1135,-0.352,3120.0
Anomalia,0.0041,0.107,-0.1638,-0.5758,2880.0
Anomalia,0.0189,0.1307,-0.0736,-0.6944,2880.0
Anomalia,0.0069,0.1329,0.1053,-0.7979,2880.0
Anomalia,0.0107,0.1519,0.0761,-0.8553,2640.0
Anomalia,0.0186,0.1455,0.0662,-0.6009,2640.0
Anomalia,0.0108,0.1282,0.0679,-0.2015,2640.0
Anomalia,0.0169,0.1253,0.0096,-0.035,2640.0
Anomalia,0.0079,0.1333,-0.2047,0.2713,2880.0
Anomalia,0.0058,0.129,-0.2959,0.4332,2880.0
Anomalia,0.0162,0.1352,-0.3484,0.1772,2880.0
Anomalia,0.0234,0.141,-0.3771,-0.0612,2880.0
Anomalia,0.0198,0.1094,-0.0465,-0.9116,2880.0
Anomalia,0.0166,0.1145,0.0171,-1.0768,2640.0
Anomalia,-0.0032,0.1104,-0.0564,-0.6604,2880.0
Anomalia,0.0026,0.1047,-0.4044,-0.486,2880.0
Anomalia,0.0184,0.1156,-0.25,-0.1193,3360.0
Anomalia,0.0161,0.1127,-0.2966,-0.0137,2880.0
Anomalia,0.02,0.1204,-0.3,-0.1814,2880.0
Anomalia,0.0119,0.1466,-0.0621,-0.855,2880.0
Anomalia,0.0027,0.1553,-0.0647,-0.9081,2880.0
Anomalia,0.0061,0.1503,-0.1081,-0.7051,2880.0
Anomalia,0.0124,0.138,-0.1481,-0.2944,2880.0
Anomalia,0.0182,0.1152,-0.2659,0.517,2880.0
Anomalia,0.0163,0.1162,-0.2382,0.3828,2880.0
Anomalia,0.0131,0.1326,-0.0994,-0.3151,2880.0
Anomalia,0.0107,0.1689,-0.0726,-0.6799,2880.0
Anomalia,0.0046,0.1819,0.089,-0.9799,2640.0
Anomalia,0.0084,0.1603,0.1264,-0.3951,2640.0
Anomalia,0.0192,0.1592,-0.0352,-0.2844,2640.0
Anomalia,0.0172,0.1497,0.0446,-0.6643,2640.0
Anomalia,0.0152,0.1427,0.0396,-0.5278,2880.0
Anomalia,0.0128,0.1568,0.0902,-0.9167,2880.0
Anomalia,-0.0015,0.1484,0.3554,-0.6804,2880.0
Anomalia,0.0115,0.1304,0.3781,-0.5856,2880.0
Anomalia,0.0136,0.1301,0.2197,-0.8348,3360.0
Anomalia,0.0164,0.1134,0.2118,-0.6818,3120.0
Anomalia,0.0247,0.1232,0.0357,-0.9126,3120.0
Anomalia,0.0087,0.1455,-0.073,-0.7894,2880.0
Anomalia,0.0049,0.1389,-0.0655,-0.6317,2880.0
Anomalia,0.0114,0.1439,-0.1293,-0.7907,2880.0
Anomalia,0.0125,0.1382,-0.2106,-0.5858,2880.0
Anomalia,0.0201,0.1056,-0.0375,-0.8946,2880.0
Anomalia,0.0204,0.1245,-0.1593,-0.5722,2880.0
Anomalia,0.011,0.1297,-0.0765,-0.7995,2880.0
Anomalia,0.0057,0.1316,0.0155,-0.9021,2880.0
Anomalia,0.0077,0.1318,-0.0337,-0.8951,2880.0
Anomalia,0.0149,0.1134,0.008,-0.9432,2880.0
Anomalia,0.0181,0.0997,0.0547,-0.6722,2880.0
Anomalia,0.0167,0.1083,-0.0802,-0.509,2880.0
Anomalia,0.0109,0.1274,-0.1193,-0.6053,2880.0
Anomalia,0.009,0.1182,-0.2192,-0.1419,2880.0
Anomalia,0.0107,0.1266,-0.2319,-0.5591,2640.0
Anomalia,0.0125,0.1133,-0.3229,-0.1585,2640.0
Anomalia,0.013,0.0916,-0.2513,-0.6038,2640.0
Anomalia,0.0107,0.0939,-0.1402,-0.7882,2640.0
Anomalia,0.0113,0.0816,-0.0158,-0.6455,2640.0
Anomalia,0.0189,0.0939,0.2611,-0.1926,3120.0
Anomalia,0.0176,0.1155,0.1011,-0.3047,2640.0
Anomalia,0.0145,0.1255,0.1054,-0.6889,2640.0
Anomalia,0.0154,0.1386,0.0346,-1.0805,2640.0
Anomalia,0.0111,0.1317,0.0684,-0.9468,2640.0
Anomalia,0.0132,0.1107,0.1025,-0.6611,2640.0
Anomalia,0.0129,0.1223,0.0026,-0.702,3360.0
Anomalia,0.0192,0.1111,-0.1035,-0.3474,2880.0
Anomalia,0.0069,0.1099,-0.1571,-0.4328,3360.0
Anomalia,0.0164,0.117,-0.2701,-0.6472,3360.0
Anomalia,0.0137,0.1027,-0.2849,-0.9319,3360.0
Anomalia,0.0057,0.103,-0.1055,-1.0472,3120.0
Anomalia,0.0151,0.1023,-0.0567,-0.9354,3120.0
Anomalia,0.0089,0.0912,-0.0282,-0.5572,2880.0
Anomalia,0.0166,0.0799,-0.0208,-0.2132,2880.0
Anomalia,0.0192,0.0749,-0.0101,0.3054,3600.0
Anomalia,0.0139,0.0793,-0.2707,-0.0094,3360.0
Anomalia,0.0109,0.0934,-0.4,0.1427,2880.0
Anomalia,0.0157,0.1507,0.1396,0.5788,2880.0
Anomalia,0.0192,0.2006,0.2226,-0.3285,2880.0
Anomalia,0.0207,0.2229,0.0679,-0.5796,2640.0
Anomalia,0.0195,0.2533,0.0115,-1.0129,2640.0
Anomalia,0.0098,0.2457,0.0533,-0.954,2880.0
Anomalia,0.0037,0.2366,-0.056,-0.9559,2880.0
Anomalia,0.0107,0.2201,-0.08,-0.8806,2880.0
Anomalia,0.0232,0.2022,-0.0499,-0.896,2880.0
Anomalia,0.0223,0.1901,-0.0047,-0.7908,2880.0
Anomalia,0.0211,0.155,0.2732,-0.6734,2880.0
Anomalia,0.0104,0.139,0.5091,0.114,2880.0
Anomalia,0.004,0.1145,0.2067,-0.3154,2880.0
Anomalia,0.0058,0.0937,0.173,-0.214,2880.0
Anomalia,0.0159,0.0975,0.1439,-0.1819,2640.0
Anomalia,0.026,0.1111,-0.1113,-0.5297,3360.0
Anomalia,0.0168,0.109,-0.0215,-0.6347,3360.0
Anomalia,0.0209,0.1122,0.0077,-0.8377,3360.0
Anomalia,0.0092,0.1214,-0.1298,-0.5339,3360.0
Anomalia,0.0104,0.1303,-0.0897,-0.3671,3360.0
Anomalia,0.0147,0.1318,-0.1371,-0.3795,2880.0
Anomalia,0.0149,0.1234,-0.2439,0.1565,2880.0
Anomalia,0.0233,0.1115,-0.1975,0.3266,3360.0
Anomalia,0.0113,0.1233,-0.452,-0.158,3120.0
Anomalia,0.0147,0.1276,-0.4262,-0.267,2880.0
Anomalia,0.0076,0.1541,-0.2424,-0.9329,2880.0
Anomalia,0.014,0.1581,-0.2116,-0.9357,2880.0
Anomalia,0.0209,0.1456,-0.1137,-0.91,3120.0
Anomalia,0.022,0.1401,-0.1613,-0.6358,2880.0
Anomalia,0.0214,0.1133,0.1211,-0.4996,3120.0
Anomalia,0.0013,0.1047,0.1205,-0.4088,2640.0
Anomalia,0.0063,0.1041,0.2587,-0.0704,3120.0
Anomalia,0.013,0.1023,0.3471,-0.1661,3360.0
Anomalia,0.0161,0.1315,-0.0438,-0.0433,3360.0
Anomalia,0.0258,0.1331,-0.1297,-0.0904,2640.0
Anomalia,0.0272,0.1414,-0.0287,-0.2298,2640.0
Anomalia,0.0045,0.1493,0.085,-0.4853,2640.0
Anomalia,0.0119,0.1313,0.1351,-0.4374,2640.0
Anomalia,0.0087,0.1342,0.1102,-0.5493,2880.0
Anomalia,0.0116,0.1183,-0.2424,-0.5101,2880.0
Anomalia,0.0237,0.1003,-0.0611,-0.6902,2640.0
Anomalia,0.0125,0.1004,-0.1619,-0.5446,3360.0
Anomalia,0.0142,0.0994,-0.1089,-0.5626,3360.0
Anomalia,0.0062,0.0941,-0.1777,-0.4902,3360.0
Anomalia,0.014,0.097,-0.3211,-0.4742,2880.0
Anomalia,0.0168,0.0984,-0.1877,-0.7959,2400.0
Anomalia,0.0179,0.0944,-0.2146,-0.704,3120.0
Anomalia,0.0162,0.133,-0.3077,0.0629,3120.0
Anomalia,0.0092,0.1401,-0.2173,-0.2712,3120.0
Anomalia,0.0188,0.1424,-0.2576,-0.1983,3360.0
Anomalia,0.0178,0.1566,-0.1527,-0.6896,3360.0
Anomalia,0.0141,0.1416,0.0101,-0.8958,2640.0
Anomalia,0.0148,0.1513,0.1122,-1.0368,2640.0
Anomalia,0.0182,0.1491,0.0456,-0.9581,2640.0
Anomalia,0.0107,0.1352,0.103,-0.7246,2640.0
Anomalia,0.0156,0.1302,0.1087,-0.71,3360.0
Anomalia,0.0217,0.1264,0.358,-0.4461,2880.0
Anomalia,0.0045,0.1453,0.3398,-0.4016,2880.0
Anomalia,0.0148,0.1539,0.2931,-0.6931,3120.0
Anomalia,0.0186,0.1454,0.3001,-0.3874,3120.0
Anomalia,0.0047,0.1397,0.1031,-0.1539,3360.0
Anomalia,0.0089,0.1328,0.0523,-0.4593,2880.0
Anomalia,0.0176,0.1336,-0.0267,-0.3246,2640.0
Anomalia,0.0167,0.1433,0.0448,-0.6915,2640.0
Anomalia,0.0257,0.1325,0.1118,-0.6777,2640.0
Anomalia,0.0156,0.1196,0.2798,-0.4864,2640.0
Anomalia,0.007,0.1362,0.1916,-0.6942,2640.0
Anomalia,0.0154,0.1393,0.1677,-0.6906,2640.0
Anomalia,0.0093,0.156,0.1341,-1.1427,2640.0
Anomalia,0.0289,0.1682,0.0288,-1.1597,2640.0
Anomalia,0.0168,0.1457,0.2203,-0.8293,2880.0
Anomalia,0.0064,0.1338,0.275,-0.5009,2640.0
Anomalia,0.0098,0.1158,0.4906,0.2295,2640.0
Anomalia,0.005,0.0833,0.0926,-0.6121,3120.0
Anomalia,0.0204,0.0752,0.0511,-0.3079,3120.0
Anomalia,0.0198,0.0729,-0.3846,-0.057,3120.0
Anomalia,0.0233,0.0775,-0.4263,0.1957,3120.0
Anomalia,0.0139,0.0905,-0.6033,0.0262,3360.0
Anomalia,0.0053,0.0888,-0.3976,-0.0937,3360.0
Anomalia,0.0093,0.0867,-0.2856,0.0758,2640.0
Anomalia,0.0165,0.085,-0.3679,0.2277,3120.0
Anomalia,0.0237,0.0769,0.2247,-0.7251,3600.0
Anomalia,0.0281,0.0973,-0.0584,-0.704,3120.0
Anomalia,0.0176,0.1154,-0.1876,-0.8582,2880.0
Anomalia,0.0045,0.1113,0.033,-0.78,2880.0
Anomalia,0.0034,0.1204,0.1231,-0.8483,2640.0
Anomalia,0.011,0.1269,0.1506,-0.9306,3120.0
Anomalia,0.0137,0.1123,0.3217,-0.7165,2880.0
Anomalia,0.0249,0.1145,0.1016,-0.7772,2880.0
Anomalia,0.024,0.1121,-0.0828,-0.4338,2880.0
Anomalia,-0.0008,0.1437,-0.5725,0.3394,2880.0
Anomalia,0.0179,0.1819,-0.0785,-0.1323,2880.0
Anomalia,0.0045,0.1861,0.0682,-0.3493,2640.0
Anomalia,0.0112,0.1782,-0.008,0.0322,2640.0
Anomalia,0.0332,0.1464,0.3678,0.9262,2640.0
Anomalia,0.0115,0.1009,-0.3991,-0.3621,2880.0
Anomalia,0.0147,0.1101,-0.3634,-0.2576,2880.0
Anomalia,0.0046,0.1596,-0.0738,-0.4443,2880.0
Anomalia,0.0061,0.1607,-0.0511,-0.4621,2880.0
Anomalia,0.0219,0.1639,-0.1765,-0.4292,2640.0
Anomalia,0.0302,0.2245,0.0702,-0.2041,2640.0
Anomalia,0.0256,0.214,0.0359,0.1689,2880.0
Anomalia,0.0132,0.2112,0.1673,0.2805,2880.0
Anomalia,0.004,0.2063,0.2644,0.5594,2880.0
Anomalia,0.0044,0.1269,-0.6396,0.5342,2880.0
Anomalia,0.0204,0.0993,0.0338,-0.8528,3120.0
Anomalia,0.0226,0.1408,-0.2124,0.1441,3120.0
Anomalia,0.0209,0.1491,-0.208,-0.2921,2880.0
Anomalia,0.015,0.1722,-0.111,-0.9081,2880.0
Anomalia,0.0034,0.1698,0.0157,-0.8428,2880.0
Anomalia,0.0079,0.1342,-0.0501,-0.553,3120.0
Anomalia,0.0123,0.1258,-0.0633,-0.2186,3120.0
Anomalia,0.019,0.0834,-0.3072,-0.1909,3120.0
Anomalia,0.0227,0.0727,0.0163,-0.1676,2400.0
Anomalia,0.0144,0.0756,-0.0042,0.0021,2880.0
Anomalia,0.0121,0.1054,-0.1404,1.2823,2640.0
Anomalia,0.0096,0.115,0.002,0.3259,2880.0
Anomalia,0.0117,0.1223,-0.0506,-0.2284,2880.0
Anomalia,0.0214,0.1613,0.0508,-0.1875,3120.0
Anomalia,0.0171,0.16,0.0764,-0.0488,3120.0
Anomalia,0.0151,0.1564,0.1147,0.1507,3360.0
Anomalia,0.0174,0.1664,0.1094,-0.2913,3360.0
Anomalia,0.0014,0.1261,0.1766,0.0896,3360.0
Anomalia,0.019,0.1123,0.3045,-0.5287,3360.0
Anomalia,0.0143,0.1252,0.2732,-0.8819,3360.0
Anomalia,0.0159,0.1121,0.2414,-0.8199,2640.0
Anomalia,0.0222,0.1183,-0.0434,-0.849,3360.0
Anomalia,0.0117,0.1221,-0.1144,-0.9338,2880.0
Anomalia,0.0153,0.1114,-0.3054,-0.6323,2880.0
Anomalia,0.0137,0.1081,-0.3396,-0.5661,2880.0
Anomalia,0.0179,0.1139,-0.2495,-0.8435,2880.0
Anomalia,0.0164,0.1044,-0.1741,-1.013,2880.0
Anomalia,0.0078,0.1042,-0.0153,-1.0182,2880.0
Anomalia,0.0048,0.1021,0.0176,-0.9446,3120.0
Anomalia,0.0143,0.0899,-0.0992,-0.6652,2400.0
Anomalia,0.0099,0.0866,-0.0692,-0.484,3360.0
Anomalia,0.0261,0.0877,-0.1176,-0.3693,2880.0
Anomalia,0.0124,0.0912,0.0142,-0.6565,2880.0
Anomalia,0.0036,0.1013,0.3007,-0.4637,2640.0
Anomalia,0.01,0.0993,0.2067,-0.5466,2640.0
Anomalia,0.0058,0.0926,0.2177,-0.2861,2640.0
Anomalia,0.0236,0.0881,0.0577,0.0234,2640.0
Anomalia,0.0212,0.1095,-0.4545,0.7243,3360.0
Anomalia,0.0206,0.1494,-0.1206,-0.2098,2880.0
Anomalia,0.0127,0.1834,-0.0527,-0.865,2880.0
Anomalia,0.0113,0.1928,-0.0357,-1.1317,2880.0
Anomalia,0.0103,0.1723,0.0291,-0.5722,2880.0
Anomalia,0.0089,0.147,-0.0564,0.0046,2880.0
Anomalia,0.019,0.1292,0.1511,-0.16,2880.0
Anomalia,0.009,0.1494,0.031,-0.3825,2640.0
Anomalia,0.0107,0.1689,-0.0283,-1.0423,2640.0
Anomalia,0.0039,0.1657,0.0274,-0.9705,2880.0
Anomalia,0.0102,0.1552,-0.1715,-0.9162,2640.0
Anomalia,0.0169,0.1347,-0.1521,-0.9239,2640.0
Anomalia,0.0174,0.1341,-0.2498,-0.6949,3360.0
Anomalia,0.0269,0.1431,-0.3237,-0.6516,2880.0
Anomalia,0.0035,0.1394,-0.166,-0.5967,3360.0
Anomalia,0.0061,0.1326,-0.1439,-0.3277,2640.0
Anomalia,0.0071,0.1244,0.071,-0.2341,2640.0
Anomalia,0.012,0.111,-0.036,-0.1687,2880.0
Anomalia,0.0235,0.1132,0.0432,-0.6787,2880.0
Anomalia,0.022,0.1378,-0.219,-0.1422,2880.0
Anomalia,0.0203,0.1477,-0.2956,-0.2165,2880.0
Anomalia,0.0049,0.1578,-0.0832,-0.7538,2880.0
Anomalia,0.0065,0.1564,-0.12,-0.668,2880.0
Anomalia,0.0144,0.1471,-0.0566,-0.8396,2880.0
Anomalia,0.0224,0.131,-0.0582,-0.8483,2880.0
Anomalia,0.0192,0.1219,0.1381,-0.7472,2880.0
Anomalia,0.0169,0.1154,0.2625,-0.6227,3360.0
Anomalia,0.0047,0.1119,0.1377,-0.5891,3360.0
Anomalia,0.0084,0.1221,0.1149,-0.5621,2640.0
Anomalia,0.0183,0.1161,-0.0671,-0.1414,2640.0
Anomalia,0.0201,0.1192,-0.1066,-0.3236,2880.0
Anomalia,0.0217,0.117,-0.1313,-0.5758,2880.0
Anomalia,0.0085,0.1034,-0.1244,-0.9545,2640.0
Anomalia,0.0093,0.1155,-0.0218,-1.1578,2880.0
Anomalia,0.0088,0.1178,0.0176,-1.1673,2880.0
Anomalia,0.0135,0.1069,-0.0274,-1.0442,2880.0
Anomalia,0.0182,0.1306,-0.0393,-0.6651,3360.0
Anomalia,0.0163,0.1404,-0.0723,-0.673,2880.0
Anomalia,0.0181,0.1462,-0.0766,-0.8477,2640.0
Anomalia,0.0128,0.1555,0.0223,-1.1114,2640.0
Anomalia,0.0087,0.1316,0.0758,-0.7872,3360.0
Anomalia,0.0088,0.1367,0.1396,-0.7982,3360.0
Anomalia,0.0143,0.1289,-0.059,-0.532,2880.0
Anomalia,0.0167,0.1168,-0.1582,-0.0022,3120.0
Anomalia,0.0142,0.1199,-0.1503,-0.2151,2640.0
Anomalia,0.02,0.1025,-0.4527,-0.0097,2880.0
Anomalia,0.0053,0.1328,-0.2252,-0.3307,2880.0
Anomalia,0.0114,0.1752,0.0574,-0.5178,2880.0
Anomalia,0.0187,0.1789,-0.0364,-0.6674,2880.0
Anomalia,0.0145,0.1826,0.0361,-0.8613,2880.0
Anomalia,0.0181,0.1634,0.1656,-0.4032,2880.0
Anomalia,0.0165,0.1275,0.3747,-0.6087,2880.0
Anomalia,0.0108,0.1557,0.1401,-0.578,2880.0
Anomalia,0.0127,0.1647,0.2501,-0.5132,2880.0
Anomalia,0.0092,0.1641,0.2735,-0.4591,2640.0
Anomalia,0.0122,0.1584,0.098,-0.4643,2640.0
Anomalia,0.0122,0.1267,0.3927,0.0778,2640.0
Anomalia,0.0086,0.1114,0.1368,-0.5777,3360.0
Anomalia,0.0162,0.1012,0.0618,-0.0627,3360.0
Anomalia,0.0132,0.1004,-0.061,-0.1516,3120.0
Anomalia,0.0173,0.1116,-0.201,-0.4116,3120.0
Anomalia,0.0162,0.102,-0.2949,-0.3166,2880.0
Anomalia,0.0093,0.1079,-0.1957,-0.7268,2880.0
Anomalia,0.0061,0.1095,-0.0192,-0.7078,2880.0
Anomalia,0.0109,0.0963,0.0329,-0.4717,3360.0
Anomalia,0.0184,0.1077,0.1571,-0.5962,2880.0
Anomalia,0.0224,0.1111,0.1164,-0.7262,2880.0
Anomalia,0.0166,0.1305,-0.088,-0.5568,2880.0
Anomalia,0.0157,0.1455,-0.0468,-1.0328,2880.0
Anomalia,0.0088,0.1463,0.0687,-0.821,2880.0
Anomalia,0.0109,0.1597,0.0585,-1.0547,3360.0
Anomalia,0.0164,0.137,0.0857,-0.5772,3360.0
Anomalia,0.0106,0.1285,0.0099,0.0514,3120.0
Anomalia,0.015,0.1656,-0.0795,0.0081,3120.0
Anomalia,0.0112,0.1691,-0.1244,0.113,3120.0
Anomalia,0.0174,0.1892,-0.1381,-0.4643,2880.0
Anomalia,0.0098,0.2109,-0.1796,-0.7192,2880.0
Anomalia,0.0217,0.1775,-0.4655,0.0879,2880.0
Anomalia,0.0114,0.1603,-0.3445,0.5426,3360.0
Anomalia,0.007,0.1669,-0.2084,0.0652,3360.0
Anomalia,0.0186,0.1334,0.1854,0.0515,2880.0
Anomalia,-0.0023,0.1533,0.2517,-0.0855,2880.0
Anomalia,0.0167,0.159,-0.1167,-0.246,2880.0
Anomalia,0.0187,0.1321,-0.3076,0.6039,2880.0
Anomalia,0.0201,0.1399,-0.3987,0.1159,3360.0
Anomalia,0.0241,0.119,-0.5379,-0.0735,3360.0
Anomalia,0.0079,0.109,-0.0888,-0.4221,3360.0
Anomalia,0.0042,0.121,-0.0323,-0.7782,3360.0
Anomalia,0.007,0.109,-0.0071,-0.4799,3360.0
Anomalia,0.005,0.1187,0.306,-0.0194,3120.0
Anomalia,0.0256,0.1512,0.172,-0.6378,3120.0
Anomalia,0.0209,0.1405,0.3144,-0.2049,2640.0
Anomalia,0.0091,0.1464,0.4102,-0.4421,2880.0
Anomalia,0.0184,0.1294,0.2575,-0.0773,2880.0
Anomalia,0.0066,0.0923,-0.1191,-0.7387,3120.0
Anomalia,0.0142,0.1112,0.1277,-0.5692,2640.0
Anomalia,0.0217,0.1036,0.1806,-0.2706,2640.0
Anomalia,0.0149,0.1115,0.1508,-0.6055,2880.0
Anomalia,0.0156,0.1191,0.1436,-0.7658,2880.0
Anomalia,0.0099,0.1058,-0.0631,-0.7244,2880.0
Anomalia,0.012,0.1066,-0.1125,-0.8267,2880.0
Anomalia,0.0141,0.0961,-0.0149,-0.4336,2880.0
Anomalia,0.0163,0.0792,-0.2599,0.0888,2880.0
Anomalia,0.0173,0.0706,0.0878,-0.9179,2880.0
Anomalia,0.017,0.0614,-0.0365,-0.6206,3120.0
Anomalia,0.0119,0.0677,-0.1873,-0.6144,2880.0
Anomalia,0.0102,0.0856,0.0483,-0.5314,2880.0
Anomalia,0.0127,0.0875,0.0306,-0.4177,2880.0
Anomalia,0.0084,0.087,0.1668,-0.3998,2880.0
Anomalia,0.0247,0.0959,0.0437,-0.6388,2880.0
Anomalia,0.0115,0.1163,-0.4881,0.0309,2880.0
Anomalia,0.0111,0.1145,-0.5546,0.155,2880.0
Anomalia,0.0153,0.1334,-0.4055,-0.6189,2880.0
Anomalia,0.0006,0.1311,-0.2355,-0.7117,2880.0
Anomalia,0.0183,0.1106,0.0147,-0.4695,2880.0
Anomalia,0.0196,0.1185,0.1586,-0.6538,2640.0
Anomalia,0.0144,0.1283,0.11,-0.0968,3120.0
Anomalia,0.0122,0.1569,0.0744,-0.3933,2880.0
Anomalia,0.0121,0.1581,0.0558,-0.4846,2880.0
Anomalia,0.0122,0.1763,0.0576,-0.8725,2880.0
Anomalia,0.0196,0.172,0.0138,-0.8318,2880.0
Anomalia,0.0139,0.1661,-0.1074,-0.8934,2640.0
Anomalia,0.016,0.1761,-0.0566,-1.0436,3120.0
Anomalia,0.0077,0.1661,-0.1072,-1.0067,2880.0
Anomalia,0.0068,0.1526,-0.2073,-0.7861,2880.0
Anomalia,0.0228,0.1368,-0.1072,-0.6131,2640.0
Anomalia,0.0151,0.1198,-0.3197,-0.5156,3120.0
Anomalia,0.0191,0.0967,-0.1304,-0.127,3120.0
Anomalia,0.0126,0.1081,-0.1415,-0.6433,2880.0
Anomalia,0.006,0.1144,-0.219,-0.6146,3360.0
Anomalia,0.0101,0.1169,-0.197,-0.7311,3360.0
Anomalia,0.0147,0.1258,-0.188,-1.0336,3120.0
Anomalia,0.0198,0.1243,-0.1338,-0.9359,2880.0
Anomalia,0.017,0.112,-0.0864,-1.0135,2880.0
Anomalia,0.0108,0.1583,-0.0253,-0.2011,2880.0
Anomalia,0.0049,0.1715,0.0314,-0.6714,2880.0
Anomalia,0.0092,0.1701,-0.029,-0.6228,2880.0
Anomalia,0.0148,0.1842,-0.101,-0.8917,2880.0
Anomalia,0.0206,0.1656,-0.1227,-0.9543,2880.0
Anomalia,0.0172,0.1761,-0.2035,-0.7878,2880.0
Anomalia,0.0062,0.2069,-0.107,-1.0125,2880.0
Anomalia,0.0159,0.1914,-0.2633,-0.5642,2880.0
Anomalia,0.0076,0.18,-0.2804,-0.3675,2880.0
Anomalia,0.015,0.156,-0.3551,0.3706,2880.0
Anomalia,0.0209,0.1044,-0.4309,-0.1249,3360.0
Anomalia,0.0112,0.1132,-0.0659,-0.5914,3360.0
Anomalia,0.0125,0.1306,-0.0482,-0.6027,2880.0
Anomalia,0.013,0.1328,-0.0328,-0.7799,2880.0
Anomalia,0.0085,0.1393,0.0245,-1.0372,2880.0
Anomalia,0.015,0.1378,-0.0465,-0.953,2880.0
Anomalia,0.0184,0.1028,0.1837,-0.7879,2880.0
Anomalia,0.0168,0.1052,0.0074,-0.568,2880.0
Anomalia,0.0113,0.1003,0.0963,-0.3538,2880.0
Anomalia,0.0003,0.1145,-0.1993,-0.2224,2880.0
Anomalia,0.0076,0.1317,-0.1223,-0.8465,2880.0
Anomalia,0.014,0.1384,-0.012,-0.9006,2880.0
Anomalia,0.0277,0.1333,-0.2475,-0.5168,2880.0
Anomalia,0.0222,0.1099,0.2698,-0.2683,2880.0
Anomalia,0.01,0.1069,0.2457,-0.0922,2880.0
Anomalia,0.0061,0.0851,-0.043,0.1588,2880.0
Anomalia,-0.0005,0.097,0.0976,-0.2946,2880.0
Anomalia,0.0129,0.1058,-0.1067,-0.5951,2880.0
Anomalia,0.0199,0.1111,-0.121,-0.2949,2880.0
Anomalia,0.0221,0.1147,-0.2245,-0.3638,2880.0
Anomalia,0.0167,0.1133,-0.2135,-0.4154,3120.0
Anomalia,0.0084,0.1102,-0.1629,-0.4681,3120.0
Anomalia,0.0094,0.0965,-0.1431,-0.6946,3120.0
Anomalia,0.0073,0.091,0.0351,-0.4874,2640.0
Anomalia,0.0147,0.0973,0.1288,-0.4198,2640.0
Anomalia,0.0221,0.1203,0.1719,-0.3439,2640.0
Anomalia,0.0139,0.1175,0.2072,-0.2265,2880.0
Anomalia,0.012,0.1185,0.1431,-0.3144,3360.0
Anomalia,0.0016,0.109,0.265,0.2524,3360.0
Anomalia,0.0106,0.0931,-0.1616,-0.3842,3360.0
Anomalia,0.0116,0.0935,-0.1879,-0.3473,3360.0
Anomalia,0.0158,0.1105,-0.0192,-0.3179,3360.0
Anomalia,0.0189,0.1358,-0.3812,-0.412,2640.0
Anomalia,0.0095,0.1319,-0.3193,-0.3903,2880.0
Anomalia,0.0078,0.1405,-0.4092,-0.3916,2880.0
Anomalia,0.0046,0.14,-0.3551,-0.4088,2880.0
Anomalia,0.0173,0.1308,-0.1322,-0.3558,2880.0
Anomalia,0.0202,0.1281,-0.1785,-0.1676,2880.0
Anomalia,0.0186,0.1154,0.2312,-0.3545,3120.0
Anomalia,0.0207,0.1235,0.2908,-0.0069,3120.0
Anomalia,0.001,0.1401,-0.0192,0.3028,2640.0
Anomalia,0.0031,0.1582,0.0586,-0.0199,2880.0
Anomalia,0.0166,0.1662,-0.1312,-0.374,2880.0
Anomalia,0.0135,0.1626,-0.2992,-0.2658,2880.0
Anomalia,0.0163,0.1634,-0.3235,-0.4532,2880.0
Anomalia,0.0111,0.1684,-0.3137,-0.7938,2880.0
Anomalia,0.0058,0.1949,-0.1451,-0.9494,2880.0
Anomalia,0.0115,0.1932,-0.1479,-0.9731,2880.0
Anomalia,0.0246,0.1709,-0.2309,-0.3471,2880.0
Anomalia,0.0154,0.1535,-0.0662,-0.0369,3120.0
Anomalia,0.0125,0.1062,-0.0318,-0.504,2640.0
Anomalia,0.0132,0.0892,-0.2791,-0.4537,2640.0
Anomalia,0.0056,0.104,-0.1713,-0.3739,2640.0
Anomalia,0.0146,0.1056,-0.0451,-0.2198,3360.0
Anomalia,0.0222,0.1239,0.0682,-0.6329,2880.0
Anomalia,0.0129,0.1336,0.1083,-0.911,3360.0
Anomalia,0.0137,0.1394,-0.112,-0.5367,2880.0
Anomalia,0.0103,0.1493,-0.12,-0.5695,3360.0
Anomalia,0.0086,0.1631,-0.0643,-0.7446,3360.0
Anomalia,0.0146,0.1631,-0.1008,-0.7307,2880.0
Anomalia,0.0143,0.1561,-0.0089,-0.8012,2880.0
Anomalia,0.0221,0.1474,-0.1359,-0.7509,2880.0
Anomalia,0.0105,0.1436,-0.3654,-0.924,2880.0
Anomalia,0.012,0.1414,-0.525,-0.6821,2880.0
Anomalia,0.0145,0.138,-0.506,-0.5479,2640.0
Anomalia,0.0061,0.1322,-0.4323,-0.5011,2640.0
Anomalia,0.0276,0.1135,-0.25,-0.1573,3360.0
Anomalia,0.0161,0.1098,0.0272,-0.59,2880.0
Anomalia,0.0147,0.0996,0.0696,-0.3737,2640.0
Anomalia,0.0148,0.093,0.2263,0.0358,2880.0
Anomalia,0.0032,0.0805,-0.1473,-0.1133,2640.0
Anomalia,0.0128,0.0914,0.3662,0.4895,3120.0
Anomalia,0.0162,0.1231,-0.1766,0.4193,2880.0
Anomalia,0.0202,0.1338,-0.269,-0.1305,2640.0
Anomalia,0.0179,0.1432,-0.3601,-0.4016,2640.0
Anomalia,0.0068,0.1447,-0.3933,-0.51,2640.0
Anomalia,0.0049,0.1648,-0.1781,-0.3478,2640.0
Anomalia,0.012,0.1635,-0.1948,-0.1993,2640.0
Anomalia,0.0168,0.1566,-0.1588,0.1027,2640.0
Anomalia,0.0237,0.1458,-0.1505,0.683,2880.0
Anomalia,0.0237,0.0898,0.527,-0.2715,2880.0
Anomalia,0.0041,0.0912,-0.2184,-0.0344,3120.0
Anomalia,0.0039,0.0961,-0.1911,-0.3566,2640.0
Anomalia,0.0123,0.1213,0.1981,-0.2067,2640.0
Anomalia,0.016,0.1218,0.1445,-0.2068,2880.0
Anomalia,0.0242,0.1153,0.2909,-0.2433,2880.0
Anomalia,0.0246,0.1194,0.1487,-0.0588,2640.0
Anomalia,0.0138,0.1316,-0.3445,0.6627,3120.0
Anomalia,0.0086,0.1329,-0.2769,0.4474,2880.0
Anomalia,0.0078,0.1354,-0.2436,0.26,3360.0
Anomalia,0.0123,0.1297,-0.2895,0.583,2640.0
Anomalia,0.0216,0.1026,0.1109,-0.1142,2640.0
Anomalia,0.0159,0.1576,-0.3962,0.3328,2640.0
Anomalia,0.0231,0.157,-0.5065,0.5236,2640.0
Anomalia,0.0066,0.1718,-0.3105,-0.2047,2880.0
Anomalia,0.0013,0.1865,-0.1785,-0.6328,3360.0
Anomalia,0.0188,0.1493,-0.224,-0.2789,3360.0
Anomalia,0.0085,0.1497,-0.0669,-0.391,3360.0
Anomalia,0.0261,0.1359,-0.0247,-0.2797,3360.0
Anomalia,0.0164,0.1021,0.3386,-0.6983,3360.0
Anomalia,0.0053,0.1093,0.1964,-0.6557,3360.0
Anomalia,0.0143,0.1278,0.1375,-0.547,2880.0
Anomalia,0.0093,0.1298,-0.0303,-0.6145,2880.0
Anomalia,0.018,0.1408,-0.1868,-0.844,3360.0
Anomalia,0.0225,0.1385,-0.1399,-0.7189,3360.0
Anomalia,0.012,0.1177,-0.093,-0.5627,3360.0
Anomalia,0.0052,0.1101,0.1868,-0.3534,3360.0
Anomalia,0.0084,0.161,0.1097,0.453,2640.0
Anomalia,0.0113,0.1813,0.1062,-0.2451,2880.0
Anomalia,0.021,0.182,-0.0333,-0.2456,2880.0
Anomalia,0.022,0.2152,-0.0647,-0.9315,2880.0
Anomalia,0.0157,0.188,-0.061,-0.7339,2880.0
Anomalia,0.0073,0.1635,-0.0995,-0.0973,2640.0
Anomalia,0.0093,0.1755,-0.0585,-0.6099,2640.0
Anomalia,0.0151,0.1351,-0.3433,-0.2443,2640.0
Anomalia,0.0176,0.1191,-0.2276,-0.7087,2640.0
Anomalia,0.0161,0.1134,-0.0709,-0.647,2640.0
Anomalia,0.0078,0.093,-0.2248,-0.5517,3360.0
Anomalia,0.0103,0.087,-0.0541,-0.74,3360.0
Anomalia,0.0113,0.0695,0.197,-0.5096,3360.0
Anomalia,0.0184,0.0844,0.0374,0.0018,3120.0
Anomalia,0.0183,0.1031,-0.0797,-0.1535,2880.0
Anomalia,0.0122,0.1049,-0.0427,-0.3827,2880.0
Anomalia,0.0186,0.1115,-0.1939,-0.6789,2640.0
Anomalia,0.0094,0.1039,-0.1445,-0.6588,2640.0
Anomalia,0.0211,0.0956,-0.0257,-0.745,2880.0
Anomalia,0.012,0.0889,0.2097,-0.4036,2880.0
Anomalia,0.0103,0.0821,0.373,0.074,2880.0
Anomalia,0.0266,0.1024,0.3315,0.0634,2880.0
Anomalia,0.0132,0.1849,-0.1405,1.278,2640.0
Anomalia,0.0192,0.2333,-0.1996,-0.0827,2640.0
Anomalia,0.013,0.2354,-0.1277,-0.2088,2640.0
Anomalia,0.013,0.2385,-0.0993,-0.3018,2880.0
Anomalia,0.0116,0.1842,-0.0429,0.6323,2880.0
Anomalia,0.012,0.1359,0.1021,-0.5456,2640.0
Anomalia,0.0187,0.1403,0.0835,-0.7035,2640.0
Anomalia,0.0075,0.13,0.0485,-0.794,2640.0
Anomalia,0.0142,0.1351,0.0189,-0.9334,2640.0
Anomalia,0.021,0.1347,0.0938,-0.9369,2640.0
Anomalia,0.0184,0.1365,-0.011,-0.952,2640.0
Anomalia,0.0097,0.1418,-0.098,-1.0005,2880.0
Anomalia,0.0124,0.1548,-0.0006,-0.9777,2880.0
Anomalia,0.0025,0.1527,-0.0316,-0.9682,2880.0
Anomalia,0.0133,0.1572,-0.0269,-1.0186,2880.0
Anomalia,0.0275,0.147,-0.0753,-0.7496,2640.0
Anomalia,0.0182,0.1291,-0.0851,-0.8906,2640.0
Anomalia,0.0234,0.1604,-0.0849,-0.3586,2640.0
Anomalia,0.0092,0.1582,0.0057,-0.4064,2640.0
Anomalia,0.0059,0.1577,0.0571,-0.3972,3360.0
Anomalia,0.0116,0.1476,-0.0132,0.1716,3360.0
Anomalia,0.0215,0.1002,-0.1907,-0.6455,2880.0
Anomalia,0.0176,0.0913,-0.2104,-0.4725,2880.0
Anomalia,0.0177,0.1048,-0.1586,-0.5523,2880.0
Anomalia,0.0204,0.1393,-0.2355,-0.14,2400.0
Anomalia,0.0047,0.1614,-0.1111,-0.7286,2640.0
Anomalia,0.0119,0.165,-0.1808,-0.8181,2640.0
Anomalia,0.0148,0.1543,-0.262,-0.3662,2880.0
Anomalia,0.0162,0.1414,-0.2032,-0.6072,2640.0
Anomalia,0.0181,0.1249,-0.0188,-0.6479,3360.0
Anomalia,0.0138,0.143,-0.2399,-0.308,3360.0
Anomalia,0.0103,0.1413,-0.1837,-0.2451,3360.0
Anomalia,0.0045,0.1375,-0.233,-0.2247,3360.0
Anomalia,0.0154,0.1307,-0.3882,0.0661,2640.0
Anomalia,0.0135,0.1116,-0.2628,-0.4602,2640.0
Anomalia,0.0181,0.1594,0.0151,-0.504,2640.0
Anomalia,0.0147,0.1647,0.0036,-0.6261,2880.0
Anomalia,0.008,0.1743,0.0778,-0.9292,2880.0
Anomalia,0.0112,0.1824,0.0964,-1.1774,2880.0
Anomalia,0.0123,0.1556,0.0351,-1.2464,2880.0
Anomalia,0.0224,0.1546,0.0337,-1.2734,2880.0
Anomalia,0.0243,0.1628,0.0725,-1.2153,2880.0
Anomalia,0.0177,0.1455,0.2608,-0.8,2880.0
Anomalia,0.0105,0.1495,0.1023,-0.8522,2880.0
Anomalia,0.0137,0.1511,0.1355,-0.8282,2880.0
Anomalia,0.0119,0.1314,0.1141,-0.6042,2880.0
Anomalia,0.0266,0.1554,-0.0081,-0.9665,3120.0
Anomalia,0.0219,0.1401,0.2617,-0.7302,2640.0
Anomalia,0.0137,0.1154,0.373,0.2923,2640.0
Anomalia,0.0141,0.1115,0.3632,0.4523,2640.0
Anomalia,0.0086,0.0848,0.1586,-0.2397,3120.0
Anomalia,0.0171,0.0782,0.1892,0.2575,2880.0
Anomalia,0.0157,0.0877,0.2641,-0.5139,2880.0
Anomalia,0.0186,0.0884,0.2578,-0.4284,2880.0
Anomalia,0.0135,0.0992,0.138,0.1465,2880.0
Anomalia,0.0131,0.1081,0.2685,-0.1657,2880.0
Anomalia,0.0195,0.1152,-0.0527,-0.1727,2880.0
Anomalia,0.0137,0.1228,0.0009,-0.5329,2880.0
Anomalia,0.0194,0.1286,-0.1048,-0.4803,2880.0
Anomalia,0.0177,0.1671,-0.1379,-0.6346,2640.0
Anomalia,0.0171,0.1785,-0.0361,-0.743,2640.0
Anomalia,0.0157,0.1769,0.0072,-0.6853,2640.0
Anomalia,0.0165,0.1672,0.0563,-0.3708,2640.0
Anomalia,0.0184,0.1439,0.3334,-0.1866,2880.0
Anomalia,0.0099,0.1316,0.3911,-0.3574,2880.0
Anomalia,0.0225,0.1226,0.1791,0.155,2880.0
Anomalia,0.0117,0.1165,0.2189,0.3073,2880.0
Anomalia,0.0121,0.0933,-0.3022,0.1055,2880.0
Anomalia,0.0191,0.0876,-0.0779,-0.4063,2640.0
Anomalia,0.0107,0.0911,0.0483,-0.6165,3120.0
Anomalia,0.0174,0.1054,-0.0242,-0.7408,3120.0
Anomalia,0.0184,0.1237,-0.0398,-0.9226,2640.0
Anomalia,0.013,0.1412,-0.0833,-0.9665,2880.0
Anomalia,0.0131,0.1447,-0.0578,-1.1005,2880.0
Anomalia,0.0181,0.1405,-0.0632,-0.857,2880.0
Anomalia,0.0227,0.1393,-0.0208,-0.4678,2640.0
Anomalia,0.0261,0.1219,0.219,-0.2093,2640.0
Anomalia,0.0136,0.1572,-0.1687,-0.0356,2640.0
Anomalia,0.0092,0.1532,-0.1819,0.1009,2640.0
Anomalia,0.0047,0.1462,-0.3404,0.1974,3360.0
Anomalia,0.0102,0.1453,-0.4744,0.3122,3360.0
Anomalia,0.0288,0.1185,-0.4386,-0.1687,2640.0
Anomalia,0.0268,0.1537,-0.3704,-0.3521,2640.0
Anomalia,0.0168,0.1527,-0.1786,-0.5504,2640.0
Anomalia,0.0131,0.1463,-0.1507,-0.2424,2640.0
Anomalia,0.0002,0.1435,-0.0258,-0.2788,2880.0
Anomalia,0.0094,0.143,0.1698,0.2173,2880.0
Anomalia,0.0191,0.1412,0.0413,0.3899,2640.0
Anomalia,0.0259,0.1516,-0.0126,-0.2145,2640.0
Anomalia,0.0226,0.1561,-0.1597,0.244,2640.0
Anomalia,0.0174,0.1667,-0.0768,0.511,2640.0
Anomalia,0.009,0.1628,0.0559,0.7525,3360.0
Anomalia,0.0104,0.1761,0.1092,0.127,2640.0
Anomalia,0.0185,0.1638,0.2232,0.4342,2640.0
Anomalia,0.0166,0.1155,0.3626,0.2111,3360.0
Anomalia,0.0276,0.1165,0.2343,0.1812,2880.0
Anomalia,0.0048,0.0997,-0.3847,0.2432,3120.0
Anomalia,0.0136,0.1046,-0.3716,-0.0505,3120.0
Anomalia,0.0047,0.1247,-0.3944,-0.4488,2880.0
Anomalia,0.0078,0.1302,-0.3228,-0.5862,2880.0
Anomalia,0.0235,0.1236,-0.3171,-0.4288,2880.0
Anomalia,0.0152,0.1189,-0.2655,-0.3326,2880.0
Anomalia,0.0228,0.0956,0.1947,-0.4816,2880.0
Anomalia,0.0107,0.1008,-0.0062,-0.4663,2880.0
Anomalia,0.0016,0.1272,-0.2255,-0.1836,2880.0
Anomalia,0.0212,0.1442,-0.1356,-0.4453,2880.0
Anomalia,0.0223,0.1542,-0.2317,-0.7666,2640.0
Anomalia,0.0223,0.1461,-0.2055,-0.4886,2640.0
Anomalia,0.0283,0.1216,0.0793,-0.429,2400.0
Anomalia,0.0025,0.0961,-0.0922,-0.2984,3360.0
Anomalia,0.0055,0.0858,0.0947,-0.7334,3360.0
Anomalia,0.0112,0.0959,-0.0863,-0.4036,2880.0
Anomalia,0.0154,0.1176,0.0733,-0.113,2880.0
Anomalia,0.0252,0.1352,0.0704,-0.559,2640.0
Anomalia,0.01,0.15,-0.0519,-0.3725,2880.0
Anomalia,0.0132,0.1912,0.1302,-0.2625,2880.0
Anomalia,0.0114,0.1818,0.1333,0.0878,2880.0
Anomalia,0.0145,0.1751,0.0542,0.4159,2880.0
Anomalia,0.0268,0.1612,0.1241,1.0247,2880.0
Anomalia,0.0189,0.1035,0.0731,-0.7505,3120.0
Anomalia,0.0169,0.1029,-0.0678,0.0105,3600.0
Anomalia,0.0111,0.1366,0.0675,-0.0942,2880.0
Anomalia,0.0143,0.1572,0.1345,-0.4702,2880.0
Anomalia,0.0159,0.1654,0.0357,-0.6921,2880.0
Anomalia,0.0122,0.1641,0.0867,-0.7309,2880.0
Anomalia,0.018,0.135,-0.0582,-0.1998,2880.0
Anomalia,0.0119,0.1242,-0.2199,-0.8637,2880.0
Anomalia,0.0202,0.1211,-0.0848,-1.041,2880.0
Anomalia,0.0104,0.1478,-0.197,-0.7323,2880.0
Anomalia,0.0168,0.1498,-0.2879,-0.7344,3360.0
Anomalia,0.0183,0.1441,-0.3343,-0.4878,2880.0
Anomalia,0.0093,0.132,-0.3615,0.0102,3360.0
Anomalia,0.024,0.1066,0.1261,-0.4935,3360.0
Anomalia,0.0108,0.1301,0.0847,-0.1951,3360.0
Anomalia,0.0109,0.139,0.0888,-0.4061,3360.0
Anomalia,0.0175,0.1408,-0.0377,-0.4792,3360.0
Anomalia,0.0242,0.135,-0.2782,-0.2086,2640.0
Anomalia,0.0201,0.1187,-0.3018,-0.3859,2640.0
Anomalia,0.0167,0.1193,-0.4613,-0.1036,2640.0
Anomalia,0.0101,0.138,-0.1548,-0.7197,2640.0
Anomalia,0.012,0.1532,0.0897,-0.9424,2640.0
Anomalia,0.0121,0.1447,0.1799,-0.7382,2880.0
Anomalia,0.0237,0.1445,0.2923,-0.8849,2640.0
Anomalia,0.0181,0.1326,0.5183,-0.6145,2640.0
Anomalia,0.0094,0.1172,0.4607,-0.4059,2640.0
Anomalia,0.0179,0.1229,0.2794,-0.6675,3120.0
Anomalia,0.0091,0.1118,0.1778,-0.7534,2880.0
Anomalia,0.0249,0.1159,0.0013,-0.9099,2880.0
Anomalia,0.0215,0.1136,-0.0316,-0.932,2880.0
Anomalia,0.0157,0.1115,0.0545,-1.0152,2880.0
Anomalia,0.008,0.1091,0.1009,-1.0972,2880.0
Anomalia,0.0047,0.0979,-0.1056,-1.1719,2880.0
Anomalia,0.0065,0.0929,0.0041,-1.032,2880.0
Anomalia,0.018,0.104,0.1639,-0.576,2880.0
Anomalia,0.0295,0.1011,0.2425,-0.478,2880.0
Anomalia,0.0203,0.1056,0.3039,-0.6517,2880.0
Anomalia,0.0143,0.0988,0.4596,-0.1775,2880.0
Anomalia,0.0089,0.0767,0.2502,-0.0571,2880.0
Anomalia,0.006,0.0801,0.0946,-0.3855,2880.0
Anomalia,0.0094,0.0798,0.0997,-0.2952,2880.0
Anomalia,0.0169,0.1144,-0.0382,-0.0198,2880.0
Anomalia,0.0214,0.124,-0.0376,-0.5354,2880.0
Anomalia,0.0186,0.1187,0.017,-0.2281,2880.0
Anomalia,0.01,0.1159,0.1655,-0.114,2640.0
Anomalia,0.0143,0.1216,0.2282,-0.2449,2640.0
Anomalia,0.0129,0.1505,-0.0232,0.0846,2640.0
Anomalia,0.0096,0.152,0.0358,-0.0232,2640.0
Anomalia,0.028,0.1581,-0.2458,-0.1903,2880.0
Anomalia,0.0193,0.1715,-0.275,-0.3604,2880.0
Anomalia,0.0059,0.1584,-0.0856,-0.6008,2880.0
Anomalia,0.0091,0.1632,-0.1356,-0.8033,2640.0
Anomalia,0.0094,0.2001,0.1729,-0.8122,2640.0
Anomalia,0.0204,0.1963,0.2292,-0.7387,2640.0
Anomalia,0.0188,0.2065,0.1171,-0.7219,2640.0
Anomalia,0.0275,0.2385,-0.0747,-1.02,2640.0
Anomalia,0.0093,0.2138,-0.0729,-0.8401,2880.0
Anomalia,-0.0004,0.1985,-0.0977,-0.5912,2880.0
Anomalia,0.0157,0.1765,-0.2212,-0.1109,2880.0
Anomalia,0.0154,0.1219,-0.3554,-0.4755,2640.0
Anomalia,0.0218,0.1173,-0.1526,-0.3406,3360.0
Anomalia,0.02,0.107,-0.1569,-0.387,3360.0
Anomalia,0.0083,0.1116,0.056,-0.4812,3360.0
Anomalia,0.0062,0.1212,0.1686,-0.7409,3360.0
Anomalia,0.0126,0.1332,0.0997,-0.3917,2640.0
Anomalia,0.0141,0.1337,0.0847,-0.2444,2880.0
Anomalia,0.0208,0.1658,0.0311,-0.3353,2880.0
Anomalia,0.0249,0.1845,0.091,-0.6049,2880.0
Anomalia,0.0119,0.1941,0.0691,-0.6068,2880.0
Anomalia,0.0107,0.1977,-0.0101,-0.6015,2880.0
Anomalia,0.0123,0.2292,0.113,-0.3138,2880.0
Anomalia,0.0067,0.2363,0.1031,-0.5095,2880.0
Anomalia,0.0184,0.2218,0.0816,-0.148,2880.0
Anomalia,0.0235,0.2313,0.0886,-0.5224,2880.0
Anomalia,0.0154,0.181,-0.0193,-0.7033,2880.0
Anomalia,0.0137,0.1492,-0.0463,-0.3787,2880.0
Anomalia,0.007,0.1362,-0.0105,0.0083,2880.0
Anomalia,0.0107,0.117,-0.2173,-0.0975,2880.0
Anomalia,0.01,0.1042,0.0272,-0.7892,3360.0
Anomalia,0.0191,0.1079,0.0763,-0.6297,2880.0
Anomalia,0.0199,0.1143,0.0157,-0.9169,2880.0
Anomalia,0.0098,0.1036,0.1695,-0.738,2880.0
Anomalia,0.0243,0.0998,0.0621,-0.445,2880.0
Anomalia,0.0106,0.0838,0.158,-0.5674,2880.0
Anomalia,0.0167,0.0766,0.2769,-0.3975,2640.0
Anomalia,0.0175,0.096,-0.1756,0.3851,3120.0
Anomalia,0.0069,0.0908,-0.1857,0.464,2640.0
Anomalia,0.014,0.1127,-0.1592,-0.3751,3360.0
Anomalia,0.0185,0.1164,-0.1772,-0.4634,2880.0
Anomalia,0.0185,0.1203,-0.2196,-0.543,2880.0
Anomalia,0.0215,0.1304,-0.1839,-0.8362,2880.0
Anomalia,0.0156,0.1175,-0.1858,-0.5212,2880.0
Anomalia,0.0086,0.1172,-0.1041,-0.6363,2880.0
Anomalia,0.0156,0.1209,0.1028,-0.6933,2880.0
Anomalia,0.0133,0.1287,0.0761,-0.8534,2880.0
Anomalia,0.0198,0.1263,0.0213,-0.775,2880.0
Anomalia,0.0129,0.1257,0.0405,-0.6584,3120.0
Anomalia,0.0076,0.1171,-0.0317,-0.7856,3120.0
Anomalia,0.0071,0.1283,-0.0902,-0.4768,2880.0
Anomalia,0.0094,0.1375,-0.0523,-0.7579,2880.0
Anomalia,0.0209,0.1424,-0.1614,-0.8702,2880.0
Anomalia,0.022,0.1354,-0.1075,-0.5864,3360.0
Anomalia,0.0214,0.1255,-0.0086,-0.805,3360.0
Anomalia,0.0112,0.1172,0.0914,-0.6581,3360.0
Anomalia,0.0086,0.1338,0.1207,-0.7236,3360.0
Anomalia,0.0042,0.1425,0.0046,-0.7959,3360.0
Anomalia,0.016,0.1316,-0.2073,-0.5027,2880.0
Anomalia,0.0252,0.1385,-0.2433,-0.6315,3360.0
Anomalia,0.0178,0.1317,-0.2588,-0.6376,3360.0
Anomalia,0.0296,0.1194,-0.2939,-0.4294,2880.0
Anomalia,0.0073,0.1299,-0.1837,-0.5808,2880.0
Anomalia,0.0057,0.1483,-0.0821,-0.6774,2880.0
Anomalia,0.0109,0.1425,-0.1527,-0.5552,3120.0
Anomalia,0.0103,0.1511,0.0139,-0.7604,3120.0
Anomalia,0.0234,0.1349,0.0274,-0.2347,3120.0
Anomalia,0.0204,0.1067,0.1562,-0.1499,2880.0
Anomalia,0.0189,0.1085,0.2718,0.3261,3360.0
Anomalia,0.0132,0.1094,0.0555,0.4429,3120.0
Anomalia,0.0103,0.1257,0.218,-0.2924,2880.0
Anomalia,0.0197,0.1279,0.1181,-0.3255,2880.0
Anomalia,0.0232,0.1358,0.1075,-0.7029,2880.0
Anomalia,0.0075,0.145,-0.1041,-0.4513,3360.0
Anomalia,0.015,0.1454,-0.2636,-0.2991,2640.0
Anomalia,0.0022,0.15,-0.0824,-0.5292,3360.0
Anomalia,0.0068,0.1606,0.1287,-0.3033,2880.0
Anomalia,0.0279,0.148,0.218,-0.361,2880.0
Anomalia,0.0142,0.1436,0.4119,-0.3157,2640.0
Anomalia,0.0178,0.1407,0.3552,-0.3149,2880.0
Anomalia,0.0118,0.1149,-0.0842,-0.9362,2880.0
Anomalia,0.0053,0.1284,-0.0005,-0.8951,2880.0
Anomalia,0.015,0.147,-0.0445,-0.8372,2880.0
Anomalia,0.0169,0.1397,-0.0382,-0.5061,2880.0
Anomalia,0.0174,0.1373,-0.0721,-0.3732,2640.0
Anomalia,0.0183,0.1324,-0.0692,-0.1647,3360.0
Anomalia,0.0152,0.1168,-0.2459,-0.2744,3360.0
Anomalia,0.0118,0.1247,-0.1186,-0.7169,3360.0
Anomalia,0.0132,0.1259,-0.0122,-0.8769,3360.0
Anomalia,0.0129,0.1179,-0.1028,-0.9541,2880.0
Anomalia,0.0186,0.1291,-0.0479,-0.6216,2880.0
Anomalia,0.0199,0.1274,-0.1205,-0.5398,2880.0
Anomalia,0.009,0.12,0.0395,-0.2101,2880.0
Anomalia,0.0171,0.1199,0.0934,-0.1385,2640.0
Anomalia,0.0034,0.098,0.1059,-0.604,3120.0
Anomalia,0.0048,0.0981,0.0338,-0.5322,3120.0
Anomalia,0.0204,0.1144,0.1397,-0.5805,2640.0
Anomalia,0.0158,0.1098,0.1837,-0.481,2880.0
Anomalia,0.0134,0.1209,0.0753,-0.6187,2880.0
Anomalia,0.0201,0.1216,0.0439,-0.6828,2880.0
Anomalia,0.0084,0.1355,-0.0603,-0.8133,2880.0
Anomalia,0.013,0.1393,-0.0342,-0.7198,2880.0
Anomalia,0.0187,0.1283,0.0402,-0.4127,2880.0
Anomalia,0.0172,0.14,0.1097,-0.7055,2640.0
Anomalia,0.0193,0.1694,-0.1429,0.0451,2640.0
Anomalia,0.0062,0.1755,-0.0703,-0.374,2640.0
Anomalia,0.0185,0.1805,-0.1954,-0.5122,2640.0
Anomalia,0.0113,0.1742,-0.129,-0.3399,2880.0
Anomalia,0.0138,0.1221,0.0077,-0.9071,2880.0
Anomalia,0.0157,0.1078,0.2999,-0.9355,2640.0
Anomalia,0.0056,0.1047,0.2328,-0.9503,2640.0
Anomalia,0.0115,0.115,0.2747,-0.5034,3360.0
Anomalia,0.0141,0.1128,0.2581,-0.3506,3360.0
Anomalia,0.0172,0.115,0.2552,-0.3764,2880.0
Anomalia,0.0216,0.1036,0.3396,0.3713,2880.0
Anomalia,0.0156,0.0939,0.0724,-0.2533,2640.0
Anomalia,0.0069,0.1113,-0.0191,-0.4391,3120.0
Anomalia,0.0077,0.1223,-0.069,-0.2878,3120.0
Anomalia,0.0136,0.1245,-0.1542,-0.3621,2880.0
Anomalia,0.0101,0.1224,-0.1695,-0.2946,3120.0
Anomalia,0.0194,0.1097,-0.2558,0.1888,3120.0
Anomalia,0.0151,0.1204,-0.374,-0.188,3120.0
Anomalia,0.0073,0.1387,-0.1962,-0.6131,3120.0
Anomalia,0.0131,0.1388,-0.2027,-0.5775,3120.0
Anomalia,0.0064,0.155,-0.0624,-0.9837,3360.0
Anomalia,0.0215,0.142,-0.0926,-0.7719,3360.0
Anomalia,0.0144,0.1278,0.0759,-0.8044,2880.0
Anomalia,0.0091,0.1257,0.1427,-0.6974,3120.0
Anomalia,0.0144,0.1177,0.4008,-0.4345,3120.0
Anomalia,-0.0016,0.1105,0.3777,-0.0436,3360.0
Anomalia,0.0126,0.1215,0.425,-0.1565,3360.0
Anomalia,0.0189,0.1158,0.3921,0.1122,2880.0
Anomalia,0.0208,0.1018,0.2459,0.3166,2880.0
Anomalia,0.0212,0.0993,0.3988,0.1687,2880.0
Anomalia,0.0122,0.0744,0.0863,-0.4971,3360.0
Anomalia,0.0047,0.1065,-0.1508,0.4952,3120.0
Anomalia,0.0061,0.1218,0.0287,-0.1951,2880.0
Anomalia,0.0131,0.1253,-0.0823,-0.3482,2880.0
Anomalia,0.0193,0.1372,-0.0632,-0.7831,2880.0
Anomalia,0.0169,0.1205,0.0549,-0.7099,2640.0
Anomalia,0.0089,0.105,0.0576,-0.4648,2640.0
Anomalia,0.0094,0.1037,0.0088,-0.2986,2640.0
Anomalia,0.0081,0.0914,-0.3744,-0.1604,3360.0
Anomalia,0.0184,0.0871,-0.1416,-0.7353,3360.0
Anomalia,0.0203,0.0926,-0.2995,-0.7373,2640.0
Anomalia,0.0151,0.0923,-0.0613,-0.8399,2640.0
Anomalia,0.0125,0.0982,-0.0143,-0.9934,2640.0
Anomalia,0.0089,0.0968,-0.058,-0.9357,3120.0
Anomalia,0.0114,0.0875,-0.0203,-0.6122,3360.0
Anomalia,0.0155,0.0798,-0.2502,-0.5415,3360.0
Anomalia,0.0195,0.0838,-0.2279,-0.1558,2880.0
Anomalia,0.018,0.0774,-0.0602,0.1756,3120.0
Anomalia,0.0156,0.0885,0.0421,-0.2891,2880.0
Anomalia,0.0092,0.1098,-0.0198,-0.7402,2880.0
Anomalia,0.0024,0.1052,0.0289,-0.7359,2640.0
Anomalia,0.0114,0.1204,0.0467,-1.0558,2880.0
Anomalia,0.0087,0.1286,-0.0497,-0.956,2880.0
Anomalia,0.0188,0.135,-0.0596,-0.7724,2880.0
Anomalia,0.0135,0.1545,-0.132,-0.9701,2880.0
Anomalia,0.0045,0.1527,-0.0803,-0.9991,2640.0
Anomalia,0.0079,0.1617,-0.0424,-1.1667,2880.0
Anomalia,0.0077,0.1572,-0.0963,-1.0851,2880.0
Anomalia,0.0205,0.1468,-0.0623,-1.0,3120.0
Anomalia,0.0205,0.15,-0.0487,-1.0508,2640.0
Anomalia,0.0219,0.1287,-0.1127,-0.5555,2880.0
Anomalia,0.0076,0.1392,-0.1729,-0.6333,2640.0
Anomalia,0.0053,0.1432,-0.1304,-0.7921,2640.0
Anomalia,0.0127,0.1393,-0.1857,-0.607,2880.0
Anomalia,0.0105,0.1492,-0.1215,-0.9023,2880.0
Anomalia,0.017,0.1373,-0.0157,-0.9113,3360.0
Anomalia,0.0225,0.1701,0.12,-0.4065,3360.0
Anomalia,0.0045,0.1727,0.231,-0.4738,2640.0
Anomalia,0.0114,0.1652,0.1985,-0.2076,2640.0
Anomalia,0.0197,0.1564,0.1597,0.2123,2640.0
Anomalia,0.0085,0.1095,-0.2912,-0.7556,2640.0
Anomalia,0.0192,0.0998,-0.0261,-0.7616,3120.0
Anomalia,0.0082,0.104,0.0464,-0.9989,2880.0
Anomalia,0.0046,0.1048,0.1034,-1.0494,2880.0
Anomalia,0.0132,0.12,0.3668,-0.4955,3360.0
Anomalia,0.0175,0.1144,0.3805,-0.2098,3360.0
Anomalia,0.0225,0.1183,0.2663,-0.3244,2880.0
Anomalia,0.0088,0.1255,0.0867,-0.1754,3360.0
Anomalia,0.0038,0.1305,-0.1101,-0.0385,2640.0
Anomalia,0.0046,0.1585,0.0453,-0.5777,2640.0
Anomalia,0.006,0.1798,0.0688,-0.7876,2640.0
Anomalia,0.015,0.1856,0.0128,-1.0222,2880.0
Anomalia,0.014,0.1995,0.041,-1.1016,2640.0
Anomalia,0.0186,0.1977,0.1046,-0.9037,2880.0
Anomalia,0.006,0.1803,0.2392,-0.6179,2880.0
Anomalia,0.0145,0.1723,0.2124,-0.3164,2880.0
Anomalia,0.0107,0.1407,0.3637,0.2174,2880.0
Anomalia,0.0118,0.1127,-0.2602,-0.5865,2880.0
Anomalia,0.0227,0.1116,-0.2975,-0.5674,2880.0
Anomalia,0.0143,0.127,-0.2799,-0.8026,2640.0
Anomalia,0.0164,0.1266,-0.264,-0.6815,2880.0
Anomalia,0.0071,0.1475,-0.0883,-1.092,2880.0
Anomalia,0.0083,0.1664,-0.0546,-1.1457,2880.0
Anomalia,0.0169,0.156,-0.0959,-0.8472,2880.0
Anomalia,0.0164,0.1494,-0.0933,-0.6142,2880.0
Anomalia,0.0199,0.133,-0.0783,-0.1539,2880.0
Anomalia,0.0111,0.111,-0.0628,-0.4844,2880.0
Anomalia,0.0008,0.1153,-0.2335,-0.6605,2880.0
Anomalia,0.0137,0.1549,0.1037,-0.5561,2880.0
Anomalia,0.0118,0.1526,0.1401,-0.4435,2880.0
Anomalia,0.0171,0.155,0.1652,-0.4602,3120.0
Anomalia,0.0215,0.1537,0.1705,-0.4912,2640.0
Anomalia,0.0061,0.12,0.0808,-0.743,3120.0
Anomalia,0.0047,0.1243,0.0935,-0.8833,3120.0
Anomalia,0.0117,0.1166,0.0437,-0.9622,3120.0
Anomalia,0.008,0.1465,0.1011,-0.0645,2880.0
Anomalia,0.0187,0.1412,-0.0531,0.384,2880.0
Anomalia,0.0217,0.1395,-0.0986,0.5462,2880.0
Anomalia,0.0079,0.1388,-0.0075,0.4086,2880.0
Anomalia,0.011,0.1192,-0.1261,-0.5502,2640.0
Anomalia,0.0111,0.1331,-0.0115,-0.7811,3120.0
Anomalia,0.0075,0.1412,0.0207,-1.0318,3360.0
Anomalia,0.0181,0.1385,-0.0922,-0.8979,3360.0
Anomalia,0.0127,0.1216,-0.063,-0.6953,3360.0
Anomalia,0.012,0.1196,-0.0871,-1.0085,3360.0
Anomalia,0.0098,0.1101,0.0517,-0.8482,2880.0
Anomalia,0.0037,0.1018,0.1959,-0.6672,2880.0
Anomalia,0.0194,0.1143,0.3926,-0.6355,3120.0
Anomalia,0.0101,0.1065,0.5062,-0.1925,2640.0
Anomalia,0.018,0.1081,0.2295,-0.1097,2880.0
Anomalia,0.0199,0.1148,0.2206,-0.4907,2880.0
Anomalia,0.0031,0.1103,-0.1292,-0.7278,2880.0
Anomalia,0.0105,0.1152,-0.0359,-0.716,2880.0
Anomalia,0.0074,0.1095,0.1532,-0.574,2640.0
Anomalia,0.0108,0.1084,0.0153,-0.5211,2640.0
Anomalia,0.0271,0.1015,0.1113,-0.6657,2640.0
Anomalia,0.0142,0.1272,-0.4501,0.0475,2640.0
Anomalia,0.01,0.138,-0.3458,-0.595,2640.0
Anomalia,0.012,0.137,-0.4182,-0.5274,2880.0
Anomalia,0.0026,0.1372,-0.2611,-0.6462,2880.0
Anomalia,0.0155,0.1005,-0.1826,-0.7326,3360.0
Anomalia,0.0167,0.0943,-0.1242,-0.5711,3360.0
Anomalia,0.0107,0.0998,0.028,-0.7187,3360.0
Anomalia,0.0046,0.0928,-0.0797,-0.2838,3360.0
Anomalia,0.0085,0.1098,0.0793,-0.5269,3360.0
Anomalia,0.0169,0.1362,0.1454,-0.4364,3360.0
Anomalia,0.017,0.1406,0.0814,-0.6017,2640.0
Anomalia,0.0167,0.141,0.1333,-0.6874,2640.0
Anomalia,0.0078,0.1332,0.2342,-0.4878,2640.0
Anomalia,0.0049,0.0992,-0.097,-0.9611,3120.0
Anomalia,0.0083,0.1033,0.0354,-0.6724,2640.0
Anomalia,0.0142,0.1086,-0.048,-0.4896,2640.0
Anomalia,0.0228,0.1143,-0.1568,-0.4508,2880.0
Anomalia,0.0114,0.1441,-0.1416,-0.2855,2880.0
Anomalia,0.0108,0.1304,-0.2324,0.4809,2880.0
Anomalia,0.0075,0.1386,-0.1827,-0.094,3360.0
Anomalia,0.0048,0.1341,-0.1891,0.108,3360.0
Anomalia,0.0172,0.1054,-0.2094,-0.5593,3360.0
Anomalia,0.0057,0.1091,-0.0296,-0.8292,2880.0
Anomalia,0.0221,0.1041,0.1571,-0.598,2880.0
Anomalia,0.0106,0.1257,-0.1141,-0.3544,3360.0
Anomalia,0.009,0.1675,0.1242,-0.4788,2640.0
Anomalia,0.0189,0.1699,0.0022,-0.5546,2640.0
Anomalia,0.0079,0.1714,0.1481,-0.5841,2880.0
Anomalia,0.0174,0.1751,0.165,-0.7484,2880.0
Anomalia,0.0139,0.1397,-0.0193,-0.4145,2880.0
Anomalia,0.0124,0.1388,-0.1362,-0.2512,2880.0
Anomalia,0.0047,0.1433,-0.2346,-0.4971,2880.0
Anomalia,0.0029,0.1371,-0.2693,-0.4316,2880.0
Anomalia,0.0126,0.1451,-0.1288,-0.8118,2880.0
Anomalia,0.0162,0.1403,-0.0655,-0.7224,2880.0
Anomalia,0.0195,0.1414,-0.0456,-0.8456,2880.0
Anomalia,0.0113,0.1265,-0.021,-0.6342,3360.0
Anomalia,0.0028,0.1226,0.0183,-0.6707,2640.0
Anomalia,0.0083,0.1401,0.1379,-0.9819,2640.0
Anomalia,0.014,0.127,0.1988,-0.8285,2640.0
Anomalia,0.0202,0.1184,0.2365,-0.532,2640.0
Anomalia,0.0188,0.0973,0.6015,0.4886,2640.0
Anomalia,0.0064,0.0752,0.1858,0.2416,2640.0
Anomalia,0.0059,0.1009,0.2432,1.5015,2640.0
Anomalia,0.0059,0.124,0.13,0.2932,2880.0
Anomalia,0.0135,0.1275,-0.016,0.0207,2880.0
Anomalia,0.0199,0.1242,-0.113,0.3199,3120.0
Anomalia,0.0131,0.1147,-0.1732,-0.0691,3120.0
Anomalia,0.0138,0.0959,-0.1731,-0.5092,2640.0
Anomalia,0.0026,0.1454,-0.3135,0.9873,2880.0
Anomalia,0.0032,0.1743,-0.0592,-0.0699,2880.0
Anomalia,0.0147,0.1795,-0.1613,-0.2123,2880.0
Anomalia,0.0167,0.1937,-0.1504,-0.7321,2880.0
Anomalia,0.0286,0.2029,0.0641,-1.046,2880.0
Anomalia,0.0092,0.1942,0.1318,-0.9908,2880.0
Anomalia,0.0084,0.2161,0.2076,-1.0968,2640.0
Anomalia,0.0007,0.2037,0.3269,-0.7125,2640.0
Anomalia,-0.0008,0.1909,0.1928,-0.7563,2880.0
Anomalia,0.0223,0.1785,0.0973,-0.4661,2880.0
Anomalia,0.0135,0.1399,0.0696,-0.1547,2880.0
Anomalia,0.0188,0.1397,-0.0349,-0.093,2880.0
Anomalia,0.0095,0.1043,-0.0501,-0.7904,2880.0
Anomalia,0.0039,0.1113,0.1098,-0.6922,3360.0
Anomalia,0.0053,0.101,0.0327,-0.3408,3360.0
Anomalia,0.0155,0.0999,-0.0799,-0.3285,3360.0
Anomalia,0.0169,0.0927,0.0693,-0.151,2640.0
Anomalia,0.0136,0.091,-0.2464,-0.5238,2880.0
Anomalia,0.011,0.1371,-0.1359,-0.0547,2880.0
Anomalia,0.0001,0.1367,0.0608,-0.063,2880.0
Anomalia,0.0073,0.1536,0.0351,-0.4396,2640.0
Anomalia,0.0184,0.1703,-0.0357,-0.6078,2640.0
Anomalia,0.0197,0.1706,-0.0811,-0.574,2880.0
Anomalia,0.0115,0.1835,-0.0916,-0.8564,2880.0
Anomalia,0.007,0.1863,-0.0523,-1.0167,2640.0
Anomalia,0.0017,0.1662,-0.0781,-0.728,2640.0
Anomalia,0.0059,0.1469,-0.1251,-0.7755,3360.0
Anomalia,0.0172,0.1423,-0.0241,-1.0336,2880.0
Anomalia,0.0139,0.1171,0.0287,-0.8121,2880.0
Anomalia,0.0084,0.1134,0.1053,-0.6001,2880.0
Anomalia,0.0054,0.0947,0.2295,-0.102,2880.0
Anomalia,0.011,0.0732,-0.1235,-0.4891,2640.0
Anomalia,0.0137,0.0823,-0.1912,-0.511,2640.0
Anomalia,0.016,0.0876,-0.1968,-0.8083,2640.0
Anomalia,0.0181,0.0831,-0.3524,-0.6612,3120.0
Anomalia,0.0085,0.0842,-0.1818,-0.9287,3120.0
Anomalia,0.0107,0.079,-0.1148,-1.0819,2640.0
Anomalia,0.006,0.0778,0.0217,-1.1726,2880.0
Anomalia,0.0116,0.0926,-0.076,-0.5625,2640.0
Anomalia,0.0076,0.1098,-0.1002,-0.4343,2640.0
Anomalia,0.0078,0.1087,-0.1324,-0.3318,2640.0
Anomalia,0.0197,0.1146,-0.1744,-0.3775,2640.0
Anomalia,0.003,0.1039,0.1643,-0.2117,2640.0
Anomalia,0.0155,0.1203,0.4185,-0.0098,2640.0
Anomalia,0.0054,0.1456,0.1496,-0.615,2640.0
Anomalia,0.0074,0.1691,0.2638,-0.8669,2880.0
Anomalia,0.0191,0.184,0.0653,-1.2665,2880.0
Anomalia,0.0055,0.1658,0.1679,-0.9784,2880.0
Anomalia,0.0155,0.1428,0.2844,-0.4219,2880.0
Anomalia,0.0065,0.1274,0.05,-0.0793,2640.0
Anomalia,0.0094,0.1288,0.1652,0.2605,2640.0
Anomalia,0.021,0.1248,0.0544,0.6617,2640.0
Anomalia,0.0131,0.1285,0.1936,0.2587,2640.0
Anomalia,0.0102,0.1121,0.3615,0.2409,3120.0
Anomalia,0.0028,0.1278,0.0317,0.1761,2880.0
Anomalia,-0.0027,0.1509,0.0014,-0.3427,2880.0
Anomalia,0.0138,0.1505,-0.2556,-0.2136,3120.0
Anomalia,0.0213,0.1702,-0.2157,-0.689,2640.0
Anomalia,0.0158,0.156,-0.1721,-0.5896,2640.0
Anomalia,0.0202,0.139,-0.0708,-0.5709,2640.0
Anomalia,-0.0018,0.1413,0.1963,-0.6847,2640.0
Anomalia,0.0034,0.1306,0.0533,-0.9399,2640.0
Anomalia,0.0095,0.123,0.1437,-0.8873,3360.0
Anomalia,0.0148,0.1273,0.0865,-0.9851,3360.0
Anomalia,0.016,0.123,0.1919,-0.9312,3360.0
Anomalia,0.007,0.1127,0.1838,-0.8547,2640.0
Anomalia,0.0074,0.1055,0.1845,-0.8877,2640.0
Anomalia,-0.0003,0.1261,0.1953,-0.5945,3120.0
Anomalia,0.008,0.1752,0.0407,-0.6383,2640.0
Anomalia,0.0089,0.1943,0.1104,-0.8547,2880.0
Anomalia,0.0207,0.2043,0.0129,-1.0895,2880.0
Anomalia,0.0128,0.1946,0.1264,-0.8771,2880.0
Anomalia,0.0061,0.1759,0.2426,-0.7949,2880.0
Anomalia,0.0104,0.1546,0.2756,-0.5577,3360.0
Anomalia,-0.0042,0.1415,0.2951,-0.006,3120.0
Anomalia,0.0157,0.1608,0.2988,-0.4593,2880.0
Anomalia,0.0173,0.1427,0.5642,-0.1766,2880.0
Anomalia,0.0192,0.152,0.3423,-0.6398,2640.0
Anomalia,0.0122,0.1528,0.4448,-0.6682,3120.0
Anomalia,-0.0034,0.1274,0.2714,-0.4248,3120.0
Anomalia,0.0107,0.1262,-0.0068,-0.6739,2640.0
Anomalia,0.0044,0.1041,-0.1361,-0.4341,2880.0
Anomalia,0.0167,0.0969,-0.0909,-0.1956,2880.0
Anomalia,0.0228,0.0935,-0.0149,-0.1825,2880.0
Anomalia,0.0092,0.1028,-0.3456,0.1173,2880.0
Anomalia,0.0003,0.1025,-0.2077,-0.0514,3120.0
Anomalia,0.0109,0.1482,0.2209,-0.0245,2880.0
Anomalia,0.0039,0.1716,0.1932,-0.4684,2880.0
Anomalia,0.0124,0.16,0.195,-0.0014,2880.0
Anomalia,0.019,0.1672,0.0424,-0.3526,2880.0
Anomalia,0.0036,0.1283,-0.1074,0.4821,2880.0
Anomalia,0.008,0.0857,-0.237,-0.2902,2880.0
Anomalia,0.0108,0.0877,-0.2148,-0.2536,3360.0
Anomalia,0.0112,0.0883,-0.079,-0.4443,3600.0
Anomalia,0.0113,0.0918,-0.1278,-0.4845,3600.0
Anomalia,0.0139,0.0904,-0.1417,-0.3784,3600.0
Anomalia,0.0047,0.0892,0.0967,-0.3147,3600.0
Anomalia,0.006,0.0985,0.1429,0.0414,3120.0
Anomalia,0.0139,0.0974,0.1139,0.0384,3600.0
Anomalia,0.0079,0.1201,0.1302,-0.7167,3360.0
Anomalia,0.0128,0.1296,0.0212,-0.8374,3360.0
Anomalia,0.0099,0.1407,-0.0278,-0.5421,3360.0
Anomalia,0.0126,0.1752,0.1515,-0.8764,2640.0
Anomalia,0.0078,0.1789,0.17,-0.8871,2880.0
Anomalia,0.0051,0.1813,0.1734,-0.9751,2880.0
Anomalia,0.0093,0.1721,0.1788,-0.9841,2880.0
Anomalia,0.003,0.1427,0.0307,-1.1035,2640.0
Anomalia,0.0159,0.1216,-0.1195,-0.9086,2640.0
Anomalia,0.008,0.1149,-0.1205,-0.9159,2640.0
Anomalia,0.0039,0.1248,-0.1895,-0.5687,2880.0
Anomalia,0.0105,0.124,-0.3306,-0.4796,2640.0
Anomalia,0.0083,0.1309,-0.1888,-0.772,2640.0
Anomalia,0.0104,0.1266,-0.1221,-0.6798,2640.0
Anomalia,0.019,0.1078,0.0383,-0.9637,2640.0
Anomalia,0.0065,0.0969,0.4055,-0.6859,2880.0
Anomalia,0.0072,0.1115,0.4021,-0.2925,3120.0
Anomalia,0.0148,0.1086,0.3766,-0.1271,3600.0
Anomalia,0.0067,0.1501,0.1117,0.087,3360.0
Anomalia,0.0145,0.1571,-0.0424,-0.3004,2880.0
Anomalia,0.0067,0.1465,-0.012,0.031,2880.0
Anomalia,0.004,0.1548,0.0696,-0.3117,2880.0
Anomalia,0.0068,0.1156,0.1594,-0.7972,3360.0
Anomalia,0.0148,0.1372,0.4186,-0.5818,3360.0
Anomalia,0.0164,0.1384,0.3843,-0.6447,3360.0
Anomalia,0.0186,0.1378,0.2461,-0.7457,2640.0
Anomalia,0.012,0.1354,0.3168,-0.6224,3360.0
Anomalia,-0.0063,0.1161,-0.1931,-0.759,2880.0
Anomalia,0.0033,0.1401,0.0687,-0.604,2880.0
Anomalia,0.0084,0.1457,0.0728,-0.76,2880.0
Anomalia,0.0135,0.1504,-0.0185,-0.9283,2640.0
Anomalia,0.0249,0.1492,0.0116,-1.0752,2640.0
Anomalia,0.0136,0.137,0.0321,-0.9638,2640.0
Anomalia,0.0089,0.1398,0.0447,-0.8319,2640.0
Anomalia,0.0053,0.1377,0.1564,-0.6865,2640.0
Anomalia,0.0067,0.1403,0.155,-0.6457,2880.0
Anomalia,0.0118,0.1345,0.106,-0.7866,2880.0
Anomalia,0.0081,0.1383,0.0974,-0.7085,2880.0
Anomalia,0.0213,0.1466,0.0418,-0.7786,2880.0
Anomalia,0.0022,0.1408,0.2268,-0.637,2880.0
Anomalia,0.0088,0.1341,0.1373,-0.4334,3360.0
Anomalia,0.0136,0.1138,0.269,-0.4008,2880.0
Anomalia,0.0031,0.0988,-0.0364,-0.9234,2880.0
Anomalia,0.0233,0.0937,-0.2196,-0.9344,2880.0
Anomalia,0.0145,0.084,-0.1484,-0.8405,2880.0
Anomalia,0.0035,0.079,-0.1951,-0.8444,3600.0
Anomalia,0.007,0.0757,-0.0787,-0.657,2640.0
Anomalia,0.0026,0.1033,0.1352,-0.2084,2640.0
Anomalia,0.0091,0.1345,0.3308,-0.5182,2880.0
Anomalia,0.0197,0.1468,0.137,-0.9444,2640.0
Anomalia,0.0155,0.1724,0.0119,-1.021,2640.0
Anomalia,0.0081,0.1763,0.0706,-0.9685,2640.0
Anomalia,-0.0006,0.1609,-0.0067,-0.7255,2880.0
Anomalia,0.0051,0.1558,-0.1071,-0.5599,2880.0
Anomalia,0.0105,0.1405,-0.1513,-0.7925,2880.0
Anomalia,0.0157,0.1194,-0.1242,-0.8137,2880.0
Anomalia,0.0207,0.1173,-0.0957,-0.8412,2880.0
Anomalia,0.0095,0.1187,-0.0477,-0.8357,2880.0
Anomalia,0.0113,0.1102,-0.0168,-0.9765,3360.0
Anomalia,0.0111,0.1282,-0.1041,-1.0925,3120.0
Anomalia,0.0075,0.1227,-0.0623,-0.8944,3120.0
Anomalia,0.0139,0.1296,-0.0108,-0.9347,3120.0
Anomalia,0.0094,0.1199,0.1005,-0.5455,2640.0
Anomalia,0.0084,0.1098,0.1163,-0.4782,2880.0
Anomalia,0.0137,0.1173,0.0868,-0.7597,2880.0
Anomalia,0.0163,0.115,-0.0941,-0.6335,3120.0
Anomalia,0.0097,0.138,-0.0161,-0.8557,2640.0
Anomalia,0.0098,0.1291,0.0159,-0.5288,2640.0
Anomalia,0.013,0.1242,-0.0952,-0.2696,2640.0
Anomalia,0.0028,0.1149,0.0623,-0.1054,3360.0
Anomalia,0.0164,0.108,0.2774,-0.029,3360.0
Anomalia,0.0094,0.112,0.222,-0.2014,3360.0
Anomalia,0.0097,0.1113,0.226,-0.1404,3360.0
Anomalia,0.0143,0.1031,0.2501,0.4162,3360.0
Anomalia,0.0088,0.077,-0.3696,0.0341,3360.0
Anomalia,0.0142,0.0778,-0.4468,0.8511,2640.0
Anomalia,0.0049,0.0775,-0.4299,0.4994,2640.0
Anomalia,0.0115,0.0823,-0.3652,0.3119,3360.0
Anomalia,0.0039,0.0894,-0.0967,-0.3569,3360.0
Anomalia,0.0136,0.1058,0.4895,-0.1368,3360.0
Anomalia,0.0166,0.1056,0.4445,-0.1944,2640.0
Anomalia,0.0048,0.1125,0.383,-0.3145,2880.0
Anomalia,0.0118,0.122,0.0343,-0.5485,2880.0
Anomalia,0.0143,0.122,-0.0461,-0.5398,2640.0
Anomalia,0.0101,0.136,-0.127,-0.7291,3360.0
Anomalia,0.0235,0.1282,-0.3009,-0.2222,3360.0
Anomalia,0.0134,0.1216,-0.0905,-0.1839,3360.0
Anomalia,-0.0003,0.0993,-0.3594,0.2215,3360.0
Anomalia,0.0151,0.0957,0.2482,-0.0564,2880.0
Anomalia,0.0077,0.1038,0.4465,-0.2391,2880.0
Anomalia,0.0164,0.1091,0.4094,-0.4721,2640.0
Anomalia,0.0215,0.1096,0.328,-0.5362,2640.0
Anomalia,0.0039,0.0935,0.382,-0.1538,2640.0
Anomalia,0.0005,0.0894,0.1326,-0.4254,3360.0
Anomalia,0.0008,0.0788,-0.0824,-0.861,2880.0
Anomalia,0.0055,0.0914,0.0807,-0.9313,2880.0
Anomalia,0.017,0.0925,-0.1187,-0.9424,2880.0
Anomalia,0.0212,0.0852,0.0325,-0.7571,2880.0
Anomalia,0.0202,0.0807,0.1947,-0.6859,2880.0
Anomalia,0.0071,0.073,-0.4621,0.2034,2880.0
Anomalia,0.0033,0.0919,-0.1098,-0.1619,2880.0
Anomalia,0.0049,0.1212,-0.0013,-0.7463,2640.0
Anomalia,0.0141,0.1199,-0.2113,-0.5872,2640.0
Anomalia,0.0185,0.1424,-0.26,-0.7618,2880.0
Anomalia,0.0201,0.1852,-0.0899,-0.3658,2880.0
Anomalia,0.0095,0.1739,0.0566,0.0794,2640.0
Anomalia,0.0056,0.1842,0.1646,-0.3969,2880.0
Anomalia,0.0063,0.1935,0.1531,-0.5689,2880.0
Anomalia,0.0004,0.1492,0.1685,-0.5844,2640.0
Anomalia,0.0143,0.1528,-0.037,-0.6652,2640.0
Anomalia,0.0135,0.159,-0.2071,-0.8523,2640.0
Anomalia,0.0059,0.1473,-0.1956,-0.9379,2640.0
Anomalia,0.0056,0.1772,-0.1666,-1.0444,2640.0
Anomalia,0.0033,0.1834,-0.0624,-1.0952,2640.0
Anomalia,0.0112,0.1845,-0.0168,-1.0636,2880.0
Anomalia,0.0266,0.1847,-0.0565,-1.0719,2640.0
Anomalia,0.0158,0.1668,0.0607,-1.025,2640.0
Anomalia,0.0115,0.1538,0.0486,-0.8382,2640.0
Anomalia,-0.0055,0.1444,0.0906,-0.7128,3360.0
Anomalia,-0.0055,0.1211,-0.4088,-0.6449,2880.0
Anomalia,0.0133,0.1404,0.0808,-0.0624,2880.0
Anomalia,0.0178,0.1473,0.1653,-0.2807,2880.0
Anomalia,0.0226,0.1416,0.1923,0.0022,2880.0
Anomalia,0.009,0.1526,0.2818,-0.4508,2880.0
Anomalia,0.0095,0.1223,0.2063,-0.596,2880.0
Anomalia,0.0024,0.1243,-0.1459,-0.6979,2640.0
Anomalia,0.0069,0.1452,-0.0933,-0.7889,3360.0
Anomalia,0.018,0.1426,-0.2282,-0.6351,3360.0
Anomalia,0.013,0.1379,-0.189,-0.4734,2640.0
Anomalia,0.0125,0.1279,-0.0804,-0.2114,2640.0
Anomalia,0.0072,0.1708,-0.1008,0.4808,2640.0
Anomalia,0.0083,0.1687,-0.0501,0.6701,2640.0
Anomalia,0.0095,0.1955,-0.0149,-0.2225,2640.0
Anomalia,0.0127,0.2163,-0.0856,-0.7367,2640.0
Anomalia,0.0192,0.17,-0.1253,-0.2163,2880.0
Anomalia,0.0049,0.17,-0.0143,-0.3679,2880.0
Anomalia,0.0016,0.1438,-0.0778,-0.2768,3120.0
Anomalia,0.0036,0.1198,0.0849,-1.124,3120.0
Anomalia,-0.0051,0.1261,0.1667,-1.097,2880.0
Anomalia,0.0156,0.1176,-0.0842,-0.8164,2880.0
Anomalia,0.0136,0.1143,-0.128,-0.7347,2880.0
Anomalia,0.0079,0.1073,-0.2539,-0.7728,2880.0
Anomalia,0.0184,0.1164,-0.0109,-0.5535,2880.0
Anomalia,-0.0025,0.1253,0.1257,-0.8312,2880.0
Anomalia,0.0097,0.1495,0.3207,-0.8293,2880.0
Anomalia,0.0161,0.1489,0.2737,-0.8215,2880.0
Anomalia,0.009,0.1408,0.3598,-0.4487,2640.0
Anomalia,0.0146,0.1358,0.3595,-0.2413,2640.0
Anomalia,0.0042,0.1212,0.1683,-0.3115,2640.0
Anomalia,0.0019,0.1302,0.3335,-0.3562,2640.0
Anomalia,0.0134,0.1276,0.3394,-0.248,3360.0
Anomalia,0.0169,0.1185,0.5299,0.2916,3360.0
Anomalia,0.0132,0.0997,0.8408,1.3375,2880.0
Anomalia,0.0152,0.0977,0.6261,0.5437,2880.0
Anomalia,0.0008,0.081,0.311,0.2447,2880.0
Anomalia,0.0056,0.1113,0.1833,-0.5744,2880.0
Anomalia,0.0156,0.1198,0.0873,-0.8366,3120.0
Anomalia,0.0112,0.1319,-0.0654,-0.7089,2880.0
Anomalia,0.016,0.1328,-0.1689,-0.716,2880.0
Anomalia,0.0041,0.115,-0.0804,-0.2226,2880.0
Anomalia,0.0058,0.1054,-0.3133,0.3323,2880.0
Anomalia,0.0128,0.1107,0.1456,0.6674,3120.0
Anomalia,0.0129,0.137,-0.1836,-0.0203,2880.0
Anomalia,0.0227,0.1543,-0.2434,-0.3183,2880.0
Anomalia,0.0114,0.1593,-0.0587,-0.6212,2880.0
Anomalia,0.0068,0.1357,-0.1535,0.0874,2640.0
Anomalia,0.004,0.124,0.1568,-0.1185,3360.0
Anomalia,0.0055,0.0999,0.0724,-0.5448,3360.0
Anomalia,0.0114,0.0903,0.0423,-0.5314,3360.0
Anomalia,0.0181,0.1015,-0.0387,-0.6827,3360.0
Anomalia,0.0088,0.0834,0.2737,-0.3614,2640.0
Anomalia,0.013,0.0839,0.0945,-0.4151,3360.0
Anomalia,0.0003,0.0855,0.197,-0.4013,3360.0
Anomalia,-0.0072,0.0814,0.1209,-0.2919,2880.0
Anomalia,0.0132,0.0915,0.1432,-0.1813,2880.0
Anomalia,0.0089,0.1037,0.2533,-0.4765,2880.0
Anomalia,0.0199,0.1002,0.1338,-0.2669,2880.0
Anomalia,0.0127,0.0911,0.4299,-0.0066,2880.0
Anomalia,0.0017,0.1145,-0.0312,0.8843,2880.0
Anomalia,0.0062,0.1345,0.1963,0.9673,2880.0
Anomalia,0.0077,0.1544,0.2298,-0.0938,2880.0
Anomalia,0.0185,0.1601,0.0742,-0.3628,2880.0
Anomalia,0.0215,0.1465,0.1885,-0.2532,2640.0
Anomalia,0.0074,0.1266,0.1946,-0.4888,3120.0
Anomalia,0.0066,0.1421,0.2194,-0.1811,3120.0
Anomalia,0.0009,0.1409,0.2843,-0.1466,3120.0
Anomalia,0.0042,0.1693,0.1764,-0.5179,2640.0
Anomalia,0.0164,0.1709,0.1145,-0.5311,2640.0
Anomalia,0.0133,0.1424,0.1111,0.0852,2880.0
Anomalia,0.0131,0.1367,0.1,0.5361,2880.0
Anomalia,0.0025,0.0919,0.515,0.4984,2880.0
Anomalia,0.0018,0.0752,-0.2753,-0.5944,2880.0
Anomalia,0.0074,0.1103,0.0849,1.3891,2640.0
Anomalia,0.0131,0.1515,-0.1159,0.2527,2880.0
Anomalia,0.0187,0.1512,-0.1817,0.3216,2880.0
Anomalia,0.0167,0.1635,-0.1144,-0.3008,2880.0
Anomalia,0.0079,0.1541,-0.1737,-0.1726,2640.0
Anomalia,0.0045,0.1407,-0.0549,0.01,2640.0
Anomalia,0.0062,0.1393,-0.096,0.1073,3360.0
Anomalia,0.0043,0.1408,-0.0695,-0.0833,2640.0
Anomalia,0.0159,0.1348,0.0067,0.0769,2880.0
Anomalia,0.0155,0.121,-0.0844,-0.502,2640.0
Anomalia,0.0054,0.1397,-0.0802,-0.7821,3360.0
Anomalia,0.0126,0.1234,-0.3029,-0.097,3360.0
Anomalia,-0.0,0.1151,-0.3075,0.0199,2880.0
Anomalia,0.0065,0.1299,-0.0216,-0.1331,3120.0
Anomalia,0.0161,0.1143,0.0342,0.0799,2640.0
Anomalia,0.0115,0.1323,0.0715,-0.3971,2880.0
Anomalia,0.0124,0.1694,-0.2128,-0.6907,2880.0
Anomalia,0.0095,0.1617,-0.2453,-0.5477,2880.0
Anomalia,0.0089,0.164,-0.1994,-0.6382,2880.0
Anomalia,0.0071,0.2004,-0.1023,-0.6704,2880.0
Anomalia,0.0179,0.2002,-0.041,-0.6598,2880.0
Anomalia,0.0125,0.2037,-0.0204,-0.7316,2640.0
Anomalia,0.0079,0.2054,0.0114,-0.7802,2640.0
Anomalia,0.0072,0.1597,0.0619,-0.4816,2640.0
Anomalia,0.0118,0.1474,0.0927,-0.6541,2640.0
Anomalia,0.0096,0.1364,0.2119,-0.6206,2880.0
Anomalia,0.0167,0.1284,0.2269,-0.4344,2880.0
Anomalia,0.0159,0.1259,0.2487,-0.2874,2880.0
Anomalia,0.0012,0.0945,-0.1184,-0.7081,2880.0
Anomalia,0.0118,0.0987,0.1912,0.5457,2640.0
Anomalia,0.0098,0.1304,0.0502,-0.1352,2640.0
Anomalia,0.0155,0.1384,0.0251,-0.4548,2640.0
Anomalia,0.0148,0.1365,0.0723,-0.3859,2640.0
Anomalia,0.0076,0.1332,0.0147,-0.6018,2640.0
Anomalia,0.0104,0.1079,0.016,-0.7488,3360.0
Anomalia,0.0036,0.1214,0.1147,-0.6281,3120.0
Anomalia,0.0129,0.1266,-0.0134,-0.807,3120.0
Anomalia,0.011,0.144,-0.0647,-0.842,3120.0
Anomalia,0.0113,0.1464,0.0241,-0.7871,2880.0
Anomalia,0.0112,0.1504,-0.1194,-0.7511,2880.0
Anomalia,0.0127,0.1812,0.1335,-0.8149,2640.0
Anomalia,0.014,0.1835,0.1847,-0.6526,2640.0
Anomalia,0.0048,0.182,0.2719,-0.5959,2880.0
Anomalia,0.0133,0.1818,0.3597,-0.5637,2880.0
Anomalia,0.0019,0.156,0.3088,-0.3165,2880.0
Anomalia,0.0043,0.1364,0.3043,-0.4648,2880.0
Anomalia,0.0056,0.14,0.1229,-0.5836,3120.0
Anomalia,-0.0015,0.1156,-0.3656,-0.8047,3120.0
Anomalia,0.0104,0.1045,-0.4251,-0.3608,3360.0
Anomalia,0.0147,0.0946,-0.4307,0.4225,3360.0
Anomalia,0.0138,0.0836,0.1763,-0.1263,2400.0
Anomalia,0.0145,0.0951,0.314,-0.3901,3120.0
Anomalia,0.0039,0.0944,0.3104,-0.3732,2640.0
Anomalia,-0.0017,0.0986,0.3494,-0.5351,3360.0
Anomalia,0.0072,0.121,0.3115,-0.3919,3360.0
Anomalia,0.006,0.1393,0.1031,-0.1993,3360.0
Anomalia,0.018,0.1531,0.0907,-0.539,2880.0
Anomalia,0.0104,0.1566,0.1063,-0.6896,2880.0
Anomalia,0.0074,0.1415,0.1231,-0.2539,2880.0
Anomalia,0.0097,0.1214,0.3418,-0.361,2880.0
Anomalia,0.0054,0.1065,0.145,-0.5669,2880.0
Anomalia,0.0171,0.1125,0.1195,-0.4641,2880.0
Anomalia,0.0125,0.1065,0.1983,-0.3826,2880.0
Anomalia,0.0085,0.0995,0.1827,-0.057,2640.0
Anomalia,0.0058,0.0987,0.1713,-0.2012,3120.0
Anomalia,0.0075,0.075,0.1938,-0.3849,2880.0
Anomalia,0.0088,0.0752,0.0053,-0.4076,2880.0
Anomalia,0.0104,0.0682,-0.0289,-0.0883,3360.0
Anomalia,0.0172,0.0696,0.2536,0.0421,3360.0
Anomalia,0.0104,0.0843,0.1842,-0.0455,3360.0
Anomalia,0.0055,0.088,0.3687,-0.1612,2640.0
Anomalia,0.0046,0.0859,0.445,0.0724,2640.0
Anomalia,0.0032,0.0834,0.3161,0.0704,2640.0
Anomalia,0.013,0.082,0.2723,-0.3737,2640.0
Anomalia,0.0121,0.0826,-0.031,-0.0678,2640.0
Anomalia,0.025,0.0967,-0.1148,-0.7345,2640.0
Anomalia,0.0086,0.0964,-0.024,-0.7547,2400.0
Anomalia,0.0037,0.0956,-0.0474,-0.7749,2640.0
Anomalia,0.0161,0.1373,-0.0573,0.0439,3120.0
Anomalia,0.0021,0.1632,0.0683,-0.6316,2880.0
Anomalia,0.0211,0.1678,-0.1653,-0.7389,2880.0
Anomalia,0.0136,0.1787,-0.1127,-1.0306,2880.0
Anomalia,0.008,0.1557,-0.0679,-0.9682,2880.0
Anomalia,0.0106,0.1269,-0.0893,-0.7258,2880.0
Anomalia,-0.0015,0.1382,-0.0422,-0.7471,3120.0
Anomalia,0.0141,0.1213,-0.195,-0.3132,2640.0
Anomalia,0.0209,0.1178,-0.266,-0.0319,2640.0
Anomalia,0.0095,0.1415,-0.2735,-0.1031,2640.0
Anomalia,0.0133,0.1342,-0.3071,0.2617,2640.0
Anomalia,0.0059,0.1299,-0.198,0.5438,2880.0
Anomalia,-0.0004,0.1306,-0.2063,0.3727,2640.0
Anomalia,0.0192,0.0993,-0.3535,0.7714,2640.0
Anomalia,0.0151,0.0855,-0.1894,-0.2944,2640.0
Anomalia,0.0098,0.094,-0.1968,-0.7582,3120.0
Anomalia,0.0108,0.0846,-0.1075,-0.8544,2880.0
Anomalia,0.0017,0.0974,0.1458,-0.5371,2880.0
Anomalia,0.0103,0.1092,0.1527,-0.6446,3360.0
Anomalia,0.0184,0.1227,0.2149,-0.5579,2880.0
Anomalia,0.0123,0.1385,0.1827,-0.6562,2880.0
Anomalia,0.011,0.1357,0.166,-0.6357,2880.0
Anomalia,0.005,0.1493,0.141,-0.6736,2640.0
Anomalia,0.0051,0.162,0.1202,-0.7001,2640.0
Anomalia,0.0125,0.1724,0.107,-0.8288,2880.0
Anomalia,0.0153,0.1799,0.0674,-1.0378,2880.0
Anomalia,0.0171,0.174,-0.0065,-0.9485,2880.0
Anomalia,0.0149,0.1658,-0.0118,-1.0637,2880.0
Anomalia,0.0041,0.1482,-0.0401,-1.1054,2880.0
Anomalia,0.012,0.1509,0.023,-0.9174,2880.0
Anomalia,0.0068,0.1564,0.0591,-0.8918,2880.0
Anomalia,0.0085,0.1672,0.0497,-0.9712,2880.0
Anomalia,0.0195,0.1634,-0.0394,-0.8208,2880.0
Anomalia,0.0014,0.1541,0.0011,-0.6917,2880.0
Anomalia,0.0137,0.1458,0.0532,-0.6643,2880.0
Anomalia,0.0062,0.1329,0.1145,-0.4114,2880.0
Anomalia,0.0083,0.1313,0.0031,-0.3989,2640.0
Anomalia,0.0166,0.1296,-0.054,-0.4882,3360.0
Anomalia,0.0133,0.1116,-0.1648,0.1646,2880.0
Anomalia,0.0135,0.0817,-0.2495,-0.1467,3120.0
Anomalia,0.0072,0.1077,-0.1431,-0.0527,2640.0
Anomalia,0.0047,0.1112,-0.1555,-0.0173,2640.0
Anomalia,0.0088,0.1303,-0.0579,-0.6079,2640.0
Anomalia,0.0156,0.1555,0.0014,-1.117,2640.0
Anomalia,0.0174,0.1391,0.0647,-0.8172,2880.0
Anomalia,0.0149,0.1334,0.1541,-0.6695,2880.0
Anomalia,0.0015,0.1155,0.396,-0.0704,3120.0
Anomalia,-0.0017,0.0965,0.1452,-0.3372,3360.0
Anomalia,0.0054,0.1014,0.1099,-0.3273,3360.0
Anomalia,0.0112,0.1143,0.0439,-0.6087,2640.0
Anomalia,0.0196,0.1246,-0.0886,-0.9206,3120.0
Anomalia,0.015,0.1263,-0.1596,-0.9792,2880.0
Anomalia,0.0085,0.1203,-0.1155,-0.8985,2880.0
Anomalia,0.0028,0.1049,-0.151,-0.4303,3600.0
Anomalia,0.0067,0.1207,0.15,0.1818,3120.0
Anomalia,0.0099,0.1062,0.3079,1.2299,2880.0
Anomalia,0.0148,0.1131,0.2052,0.6038,3360.0
Anomalia,0.0164,0.1297,-0.1044,0.0306,2880.0
Anomalia,0.0073,0.1137,-0.4144,-0.0483,2880.0
Anomalia,0.0136,0.1429,-0.1129,-0.6557,2880.0
Anomalia,0.0033,0.1532,-0.1092,-0.8499,2640.0
Anomalia,0.0195,0.1494,-0.1442,-0.8219,2640.0
Anomalia,0.0169,0.1459,-0.0882,-0.7639,2640.0
Anomalia,0.0153,0.1225,-0.2963,-0.3882,2880.0
Anomalia,0.0167,0.1121,0.0173,-0.6592,2880.0
Anomalia,-0.0045,0.1011,0.1378,-0.678,2880.0
Anomalia,0.0072,0.1215,0.1727,-0.8404,3120.0
Anomalia,0.0084,0.118,0.1015,-0.7389,3360.0
Anomalia,0.0155,0.1316,-0.0217,-0.5544,3120.0
Anomalia,0.0238,0.1363,-0.2,-0.4063,3360.0
Anomalia,0.0117,0.1176,-0.1468,0.2153,2880.0
Anomalia,0.0022,0.1262,-0.0202,-0.3743,3120.0
Anomalia,0.0012,0.1276,-0.0013,-0.6346,3120.0
Anomalia,0.0097,0.1258,-0.0666,-0.8504,3120.0
Anomalia,0.0143,0.1325,-0.188,-0.9786,3360.0
Anomalia,0.0155,0.1234,-0.1899,-0.6024,2880.0
Anomalia,0.009,0.1015,-0.3072,-0.4991,2880.0
Anomalia,0.0034,0.1696,0.1713,1.0123,3120.0
Anomalia,0.0078,0.1654,0.1442,1.3626,2640.0
Anomalia,0.0137,0.1716,0.0896,0.894,2640.0
Anomalia,0.0165,0.1805,0.09,0.3198,2640.0
Anomalia,0.0148,0.1238,-0.0293,-0.3306,3120.0
Anomalia,0.0054,0.1511,-0.0752,-0.5105,2880.0
Anomalia,0.0052,0.1448,-0.1559,-0.2781,2880.0
Anomalia,0.0133,0.1351,-0.3947,0.2089,2880.0
Anomalia,0.0085,0.1359,-0.2764,-0.1964,2880.0
Anomalia,0.0195,0.1172,-0.0247,-0.7445,2880.0
Anomalia,0.0093,0.1275,0.0086,-1.0555,2640.0
Anomalia,0.005,0.127,0.0358,-1.0416,2640.0
Anomalia,0.0147,0.1297,0.1322,-0.8068,2880.0
Anomalia,0.0058,0.1334,-0.0155,-0.7731,2880.0
Anomalia,0.0176,0.148,-0.0278,-0.8316,2880.0
Anomalia,0.0066,0.1563,0.0153,-0.9995,2880.0
Anomalia,0.0165,0.158,-0.1073,-1.0906,2880.0
Anomalia,0.0049,0.1504,0.0803,-1.0365,3120.0
Anomalia,0.0006,0.1374,0.0336,-1.0445,3120.0
Anomalia,0.0141,0.1359,0.1829,-1.0469,2640.0
Anomalia,0.0027,0.1188,0.1572,-0.6498,3120.0
Anomalia,0.0177,0.1084,0.1555,-0.4304,2880.0
Anomalia,0.0138,0.099,0.2315,-0.04,3360.0
Anomalia,0.01,0.0745,-0.4664,-0.0107,3360.0
Anomalia,0.0038,0.0764,-0.2772,-0.1411,2640.0
Anomalia,0.0037,0.0855,-0.2268,-0.2362,2640.0
Anomalia,0.0193,0.0923,0.0566,-0.3891,2640.0
Anomalia,0.0178,0.0967,0.103,-0.6609,2640.0
Anomalia,0.0167,0.129,-0.198,-0.2943,2640.0
Anomalia,0.0151,0.1206,-0.1421,0.2069,2640.0
Anomalia,0.0032,0.1345,0.028,-0.2096,2640.0
Anomalia,0.0048,0.1399,0.0038,-0.5136,2640.0
Anomalia,0.015,0.1103,0.0441,-0.0365,2640.0
Anomalia,0.0161,0.1379,-0.1774,-0.3631,2880.0
Anomalia,0.0169,0.1381,-0.2458,-0.4495,2880.0
Anomalia,0.0102,0.1541,-0.2196,-0.807,2880.0
Anomalia,-0.0005,0.1526,-0.0628,-0.7929,2880.0
Anomalia,0.0045,0.144,-0.0512,-0.8524,3120.0
Anomalia,0.0113,0.124,-0.2291,-0.2454,2640.0
Anomalia,0.0151,0.0925,-0.0172,0.4933,2880.0
Anomalia,0.0154,0.1055,-0.4002,0.3404,2880.0
Anomalia,0.0109,0.0999,-0.6565,0.4916,3360.0
Anomalia,-0.0004,0.1138,-0.4247,0.0434,2880.0
Anomalia,0.0017,0.1551,-0.0658,-0.5441,2880.0
Anomalia,0.0149,0.1851,0.0575,-0.9141,2880.0
Anomalia,0.0175,0.2035,0.0244,-0.9086,2880.0
Anomalia,0.0153,0.1974,0.0891,-0.7641,2880.0
Anomalia,0.0128,0.1747,0.1377,-0.2187,2640.0
Anomalia,0.0124,0.1458,0.018,0.5234,3120.0
Anomalia,-0.0008,0.1097,0.2908,-0.7258,2640.0
Anomalia,0.0095,0.1124,0.3491,-0.6744,3360.0
Anomalia,0.0166,0.1119,0.4912,-0.6324,3360.0
Anomalia,0.005,0.0947,0.6276,0.0993,3360.0
Anomalia,0.0165,0.0954,0.4251,-0.161,3120.0
Anomalia,0.0077,0.0967,0.3411,-0.1135,2880.0
Anomalia,0.0051,0.0975,0.1826,-0.0942,2640.0
Anomalia,0.015,0.1204,0.2704,-0.5232,3360.0
Anomalia,0.0139,0.1197,0.2521,-0.4126,2880.0
Anomalia,0.0177,0.1118,0.1762,-0.1378,2640.0
Anomalia,0.0103,0.1284,-0.2294,0.0961,3120.0
Anomalia,-0.0039,0.1199,-0.436,-0.0041,2400.0
Anomalia,0.009,0.1416,-0.0524,-0.1972,3120.0
Anomalia,0.0065,0.1426,-0.0145,-0.2671,2640.0
Anomalia,0.0166,0.1216,0.2934,0.0268,3360.0
Anomalia,0.02,0.1363,0.0391,-0.0153,2640.0
Anomalia,0.0041,0.139,-0.2156,-0.1133,2640.0
Anomalia,0.01,0.1649,-0.2003,-0.7913,2640.0
Anomalia,0.0077,0.1667,-0.1721,-0.905,2640.0
Anomalia,0.0123,0.1477,-0.1874,-0.4459,2640.0
Anomalia,0.0198,0.1234,-0.1014,-0.0201,2880.0
Anomalia,0.0119,0.0936,0.3628,-0.3202,3120.0
Anomalia,0.0048,0.0973,0.3419,0.1645,3120.0
Anomalia,0.0089,0.0948,0.1976,0.2852,3120.0
Anomalia,0.0061,0.1063,0.1224,-0.3661,2880.0
Anomalia,0.0122,0.102,-0.0441,-0.4768,2880.0
Anomalia,0.0161,0.0912,-0.0373,-0.5877,2880.0
Anomalia,0.008,0.1059,-0.1592,-0.753,2880.0
Anomalia,0.0095,0.111,-0.1864,-0.687,2880.0
Anomalia,0.0105,0.116,-0.1849,-0.7923,2880.0
Anomalia,0.0055,0.1223,-0.0419,-0.9775,2880.0
Anomalia,0.0145,0.1196,0.0107,-1.0588,2880.0
Anomalia,0.01,0.1418,-0.2552,-0.0507,2640.0
Anomalia,0.0091,0.1471,-0.2967,-0.1213,2640.0
Anomalia,0.0179,0.1462,-0.4621,0.0564,2880.0
Anomalia,0.0028,0.1558,-0.3083,-0.4615,2640.0
Anomalia,0.0178,0.1257,-0.4411,-0.2727,2640.0
Anomalia,0.0076,0.1108,-0.2007,-0.2469,2640.0
Anomalia,0.0065,0.1151,-0.3357,-0.2712,3120.0
Anomalia,0.0225,0.1058,-0.0499,0.0281,3120.0
Anomalia,0.0076,0.1299,-0.0868,-0.2482,2640.0
Anomalia,0.0083,0.1485,-0.257,-0.6332,2640.0
Anomalia,0.0109,0.1625,-0.0068,-0.7038,2640.0
Anomalia,0.0146,0.1603,-0.0949,-0.662,2640.0
Anomalia,0.0193,0.1457,-0.0323,-0.4568,2640.0
Anomalia,0.0206,0.1294,0.3267,-0.3084,3120.0
Anomalia,0.0043,0.1147,0.0648,-0.9038,2640.0
Anomalia,0.0011,0.1443,0.4263,-0.119,2640.0
Anomalia,0.0046,0.1714,0.4178,-0.2773,3120.0
Anomalia,0.0081,0.1872,0.289,-0.8025,2640.0
Anomalia,0.0328,0.1856,0.0679,-0.7725,3120.0
Anomalia,0.0154,0.1626,0.1941,-0.4363,2640.0
Anomalia,0.0071,0.1257,0.1108,-0.4519,2640.0
Anomalia,0.012,0.0982,0.0178,-0.205,2640.0
Anomalia,0.0034,0.1252,0.0155,0.4196,2880.0
Anomalia,0.0099,0.1237,-0.0585,0.53,2880.0
Anomalia,0.0196,0.1369,-0.0474,-0.1614,2880.0
Anomalia,0.0151,0.1434,0.0061,-0.5109,3360.0
Anomalia,0.0108,0.1541,-0.2421,0.0191,3360.0
Anomalia,0.0123,0.1749,-0.2186,-0.565,2640.0
Anomalia,0.0042,0.1765,-0.1784,-0.6671,3360.0
Anomalia,0.0174,0.1868,-0.2507,-0.8776,2640.0
Anomalia,0.0095,0.1783,-0.1164,-1.1936,2640.0
Anomalia,0.0193,0.1632,-0.1598,-0.9405,2880.0
Anomalia,0.0113,0.1542,-0.0611,-0.7295,2880.0
Anomalia,0.0027,0.1468,0.008,-0.3354,3120.0
Anomalia,0.0168,0.1607,0.2643,-0.2305,3120.0
Anomalia,0.0029,0.1604,0.3377,-0.2263,3120.0
Anomalia,0.0262,0.1709,0.1846,-0.6005,2880.0
Anomalia,0.0164,0.1656,0.2855,-0.5396,2880.0
Anomalia,0.0085,0.14,0.3215,-0.7334,2880.0
Anomalia,0.0152,0.1503,0.1953,-0.9931,2640.0
Anomalia,-0.0003,0.1694,0.1035,-0.9562,2880.0
Anomalia,0.0095,0.1791,-0.0088,-1.1972,2880.0
Anomalia,0.018,0.1685,-0.1507,-0.9393,2880.0
Anomalia,0.0186,0.1475,-0.1796,-0.1967,2880.0
Anomalia,0.0151,0.1148,-0.2068,-0.3537,2880.0
Anomalia,0.0181,0.1081,-0.0966,0.0228,2880.0
Anomalia,-0.0002,0.1079,0.0333,0.1151,2640.0
Anomalia,0.0139,0.1197,-0.0926,-0.5425,2640.0
Anomalia,0.0146,0.1331,-0.0356,-0.8377,2880.0
Anomalia,0.0142,0.1239,-0.1356,-0.7072,2880.0
Anomalia,0.0194,0.1154,-0.0953,-0.3334,2880.0
Anomalia,0.0024,0.1127,0.0385,-0.2508,2880.0
Anomalia,0.0117,0.0835,0.0909,-0.2797,3360.0
Anomalia,0.0096,0.0857,-0.021,-0.0561,3360.0
Anomalia,0.0211,0.1035,-0.0448,-0.2221,2640.0
Anomalia,0.01,0.1247,-0.3302,-0.1322,2880.0
Anomalia,0.0159,0.1298,-0.3528,-0.3056,2880.0
Anomalia,0.0075,0.1257,-0.2598,-0.2803,2880.0
Anomalia,0.001,0.1229,-0.424,-0.2363,2640.0
Anomalia,0.0191,0.1236,0.0743,0.147,2640.0
Anomalia,0.0115,0.121,0.1369,0.2499,2640.0
Anomalia,0.0185,0.1396,-0.0346,-0.4437,2640.0
Anomalia,0.0146,0.1385,0.046,-0.5264,2640.0
Anomalia,0.0168,0.1164,-0.2606,-0.5392,3360.0
Anomalia,0.0038,0.1306,-0.2224,-0.76,3360.0
Anomalia,0.0089,0.1143,-0.3696,-0.3879,3360.0
Anomalia,0.0225,0.1121,-0.3815,-0.0578,3360.0
Anomalia,0.0075,0.1097,-0.1802,-0.2025,2640.0
Anomalia,0.0223,0.097,0.2131,-0.6771,2640.0
Anomalia,0.0157,0.1049,-0.0056,-0.3401,3120.0
Anomalia,0.0079,0.1051,0.1194,-0.2982,2880.0
Anomalia,0.0134,0.116,0.0421,-0.5827,2880.0
Anomalia,0.0186,0.1162,-0.0739,-0.6136,3360.0
Anomalia,0.0116,0.1161,-0.0759,-0.8377,2880.0
Anomalia,0.0144,0.118,-0.309,-0.8918,2880.0
Anomalia,0.0114,0.1205,-0.5854,-0.469,2880.0
Anomalia,0.0047,0.1257,-0.3441,-0.6725,3360.0
Anomalia,0.0163,0.1261,-0.3794,-0.4137,3120.0
Anomalia,0.0161,0.1214,-0.3145,-0.2697,3120.0
Anomalia,0.0204,0.117,-0.03,-0.7747,3360.0
Anomalia,0.0079,0.1075,0.0644,-0.6821,3360.0
Anomalia,0.0095,0.1338,0.327,0.0754,3360.0
Anomalia,0.0038,0.1617,0.1218,-0.3951,3360.0
Anomalia,0.0121,0.1608,0.0022,-0.3543,3360.0
Anomalia,0.0288,0.1641,-0.2125,-0.3673,3360.0
Anomalia,0.0152,0.1456,-0.3401,-0.4055,3360.0
Anomalia,0.0156,0.1292,-0.2354,-1.0634,2880.0
Anomalia,0.0053,0.1199,-0.1412,-0.823,3120.0
Anomalia,0.0049,0.1281,0.0493,-0.8533,2880.0
Anomalia,0.0147,0.1204,0.0902,-0.7683,2880.0
Anomalia,0.0195,0.112,0.184,-0.7249,2880.0
Anomalia,0.0203,0.121,0.0109,-0.9427,2640.0
Anomalia,0.0175,0.1117,-0.1236,-0.8989,2640.0
Anomalia,0.0136,0.1217,-0.1987,-0.7656,2640.0
Anomalia,0.0133,0.1168,-0.2071,-0.6433,2640.0
Anomalia,0.0131,0.1133,-0.2047,-0.5301,3360.0
Anomalia,0.0102,0.1139,-0.2019,-0.5566,2640.0
Anomalia,0.0153,0.1034,-0.0745,-0.5292,2640.0
Anomalia,0.0176,0.1241,0.1637,-0.1369,3360.0
Anomalia,0.0102,0.1201,0.4057,0.0942,3360.0
Anomalia,0.0123,0.1225,0.4129,0.0399,3360.0
Anomalia,0.0156,0.1235,0.3883,-0.0973,2880.0
Anomalia,0.0134,0.096,0.3626,-0.2045,2640.0
Anomalia,0.0247,0.1165,-0.2651,0.0572,2880.0
Anomalia,0.0179,0.1165,-0.3736,-0.0677,2880.0
Anomalia,0.0051,0.1224,-0.2436,-0.3309,2880.0
Anomalia,0.0118,0.1344,-0.2208,-0.7635,2880.0
Anomalia,0.0093,0.1531,0.0098,-0.7028,2880.0
Anomalia,0.0228,0.1853,0.1758,-0.8014,2880.0
Anomalia,0.0233,0.1992,0.0506,-0.995,2880.0
Anomalia,0.0176,0.1918,0.1333,-0.7526,2880.0
Anomalia,0.0175,0.1648,0.2367,0.0079,2880.0
Anomalia,-0.0,0.1232,-0.166,0.4741,2880.0
Anomalia,0.0115,0.0941,-0.03,-0.2752,2880.0
Anomalia,0.0205,0.1184,0.0084,-0.6458,2880.0
Anomalia,0.0171,0.1466,-0.1102,-0.9051,2880.0
Anomalia,0.018,0.1553,-0.1089,-1.1241,2880.0
Anomalia,0.0171,0.1531,-0.1124,-1.1062,2640.0
Anomalia,0.0032,0.1349,-0.0239,-0.6759,2640.0
Anomalia,0.012,0.1265,-0.0403,-0.4095,2640.0
Anomalia,0.0172,0.1273,-0.2665,-0.1917,2640.0
Anomalia,0.017,0.1281,-0.2746,-0.0827,2640.0
Anomalia,0.0146,0.1422,-0.2636,-0.6748,2880.0
Anomalia,0.0118,0.1345,-0.1931,-0.8283,2640.0
Anomalia,0.0148,0.1417,-0.0704,-0.8868,2640.0
Anomalia,0.0155,0.1333,-0.0813,-0.5677,2640.0
Anomalia,0.0153,0.1351,-0.174,-0.308,2640.0
Anomalia,0.0141,0.18,-0.102,0.177,2640.0
Anomalia,0.0182,0.1618,-0.2021,1.3758,2640.0
Anomalia,0.0098,0.1652,-0.0909,0.9684,2880.0
Anomalia,0.0173,0.1715,-0.1343,0.5424,2880.0
Anomalia,0.0114,0.1298,-0.3116,-0.3551,2880.0
Anomalia,0.0159,0.1303,-0.4169,-0.3261,3360.0
Anomalia,0.0187,0.1295,-0.4514,-0.2004,3120.0
Anomalia,0.0147,0.1065,-0.4644,0.2425,2640.0
Anomalia,0.0251,0.0851,-0.2338,-0.7858,2640.0
Anomalia,0.0025,0.0887,0.0144,-0.9252,2640.0
Anomalia,0.012,0.0944,0.1108,-0.9995,3360.0
Anomalia,0.0157,0.0958,0.0801,-0.6983,3360.0
Anomalia,0.0119,0.0976,0.2327,-0.3476,3360.0
Anomalia,0.023,0.0933,0.2739,-0.2367,3360.0
Anomalia,0.016,0.098,0.4351,0.0398,3360.0
Anomalia,0.011,0.1054,0.3581,-0.0808,3360.0
Anomalia,0.0175,0.1125,0.1033,-0.569,3360.0
Anomalia,0.0136,0.1209,0.1257,-0.8016,2640.0
Anomalia,0.0103,0.1177,0.039,-0.7686,2640.0
Anomalia,0.0163,0.1038,-0.0805,-0.3611,2880.0
Anomalia,0.0031,0.0958,-0.0292,-0.3087,2880.0
Anomalia,0.0116,0.0925,-0.2991,-0.2247,2880.0
Anomalia,0.0192,0.0921,-0.2001,-0.2233,2640.0
Anomalia,0.0157,0.091,-0.0858,-0.2116,2640.0
Anomalia,0.0192,0.0922,-0.2269,0.0071,2400.0
Anomalia,0.0157,0.0897,-0.0683,-0.1695,2880.0
Anomalia,0.006,0.0939,-0.3529,-0.5265,2640.0
Anomalia,0.0057,0.0939,-0.3479,-0.5375,2640.0
Anomalia,0.0189,0.1004,0.0037,-0.2964,3360.0
Anomalia,0.017,0.0931,0.0926,0.2076,3360.0
Anomalia,0.0212,0.0848,0.4845,0.1868,2640.0
Anomalia,0.0176,0.0941,0.2566,-0.4307,3360.0
Anomalia,0.0077,0.0944,0.0894,-0.5484,3360.0
Anomalia,0.0092,0.1001,0.0189,-0.8627,3360.0
Anomalia,0.0053,0.0918,0.1373,-0.4181,3360.0
Anomalia,0.0225,0.0952,0.0803,-0.5032,2880.0
Anomalia,0.0101,0.0929,-0.3857,0.4789,2400.0
Anomalia,0.0127,0.1088,-0.245,0.1309,2640.0
Anomalia,0.0151,0.1321,-0.0592,-0.3274,2640.0
Anomalia,-0.0025,0.1325,0.1386,-0.3784,2880.0
Anomalia,0.012,0.1482,0.082,-0.8129,2880.0
Anomalia,0.0134,0.1633,0.1439,-0.6627,2880.0
Anomalia,0.0173,0.1706,0.0921,-0.3788,2880.0
Anomalia,0.0198,0.2233,0.1078,-0.1916,2880.0
Anomalia,0.0158,0.2279,0.1561,-0.2966,2880.0
Anomalia,0.0053,0.2193,0.2441,-0.055,2880.0
Anomalia,0.0158,0.2333,0.1939,-0.509,2640.0
Anomalia,0.017,0.1872,0.1851,-0.7591,2640.0
Anomalia,0.0241,0.1691,0.1463,-0.3975,2640.0
Anomalia,0.0198,0.1625,0.205,-0.0914,2640.0
Anomalia,0.0041,0.1145,-0.1251,-0.0903,2640.0
Anomalia,0.0053,0.1244,-0.2506,-0.4366,3360.0
Anomalia,0.0021,0.1152,-0.2947,0.021,3360.0
Anomalia,0.0254,0.1073,-0.455,0.5269,3360.0
Anomalia,0.0191,0.1045,-0.3211,0.5709,2880.0
Anomalia,0.0185,0.09,0.1364,-0.2521,3360.0
Anomalia,0.0146,0.0952,-0.0325,-0.5094,2880.0
Anomalia,0.0032,0.0889,0.0144,-0.5262,2880.0
Anomalia,0.006,0.1115,-0.0253,-0.2415,2880.0
Anomalia,0.0129,0.1249,0.3261,0.3702,2880.0
Anomalia,0.0161,0.142,0.1477,-0.2095,2880.0
Anomalia,0.0145,0.1665,0.0546,-0.9697,3360.0
Anomalia,0.0178,0.1816,-0.0145,-1.0969,2880.0
Anomalia,0.0132,0.185,-0.1368,-1.1572,2640.0
Anomalia,0.0111,0.203,-0.0171,-1.1379,2640.0
Anomalia,0.0121,0.1891,-0.0031,-0.8182,2880.0
Anomalia,0.0115,0.1924,-0.1008,-0.7614,2880.0
Anomalia,0.0149,0.2001,0.0227,-0.8869,2880.0
Anomalia,0.011,0.186,0.0036,-0.9126,2880.0
Anomalia,0.0134,0.1901,-0.0237,-1.0088,2880.0
Anomalia,0.0162,0.1652,0.1051,-0.8303,2880.0
Anomalia,0.0105,0.1389,-0.0464,-0.8466,3120.0
Anomalia,0.0143,0.1348,-0.119,-0.9053,2880.0
Anomalia,0.0187,0.1392,-0.1559,-0.8161,2880.0
Anomalia,0.0116,0.1373,-0.1045,-0.7678,2880.0
Anomalia,0.0145,0.1415,-0.1286,-0.7923,3360.0
Anomalia,0.0106,0.1228,0.0114,-0.6457,2640.0
Anomalia,0.0092,0.127,-0.09,-0.594,3360.0
Anomalia,0.0192,0.1295,-0.0903,-0.5992,2640.0
Anomalia,0.0132,0.1269,-0.0558,-0.6461,2640.0
Anomalia,0.0168,0.147,-0.0964,-0.9433,2640.0
Anomalia,0.0076,0.146,-0.0145,-0.9502,2640.0
Anomalia,0.012,0.1619,-0.0954,-1.0852,2640.0
Anomalia,0.0177,0.1554,-0.1747,-0.8504,2640.0
Anomalia,0.0197,0.1331,-0.2849,-0.1279,2880.0
Anomalia,0.013,0.1253,-0.2321,-0.1873,2880.0
Anomalia,0.0051,0.1184,-0.0653,-0.311,2880.0
Anomalia,0.011,0.1198,-0.13,-0.332,2880.0
Anomalia,0.0114,0.1232,-0.1571,-0.499,2640.0
Anomalia,0.0245,0.1197,-0.1015,-0.4358,3120.0
Anomalia,0.0219,0.1204,-0.3526,-0.4349,2880.0
Anomalia,0.0111,0.1148,-0.1921,-0.2576,2880.0
Anomalia,0.0062,0.1111,-0.1258,-0.0566,2880.0
Anomalia,0.0065,0.1047,-0.3121,0.2031,2880.0
Anomalia,0.0162,0.0823,0.2535,0.6177,2640.0
Anomalia,0.0226,0.1275,-0.1176,0.2962,2880.0
Anomalia,0.0216,0.1472,-0.1528,-0.5721,2880.0
Anomalia,0.0184,0.151,-0.0995,-0.7794,2880.0
Anomalia,0.0103,0.1582,-0.0727,-1.0639,2880.0
Anomalia,0.0008,0.1264,0.0148,-0.8809,2880.0
Anomalia,0.0094,0.1085,-0.0677,-0.731,2880.0
Anomalia,0.0127,0.1118,0.1945,-0.1408,3360.0
Anomalia,0.0183,0.117,0.3042,-0.0486,2880.0
Anomalia,0.016,0.1387,-0.1738,-0.2145,2880.0
Anomalia,0.0156,0.1342,-0.1993,0.0721,2880.0
Anomalia,0.0071,0.1302,-0.2908,-0.0643,2880.0
Anomalia,0.0058,0.1276,-0.3753,-0.2528,2880.0
Anomalia,0.019,0.1154,0.0274,-0.6355,2640.0
Anomalia,0.0153,0.1175,0.0932,-0.7646,2640.0
Anomalia,0.0253,0.1085,0.0772,-0.37,2640.0
Anomalia,0.0116,0.0991,0.1894,-0.191,3120.0
Anomalia,0.0144,0.1005,0.0878,-0.2714,2400.0
Anomalia,0.0112,0.1025,0.0705,-0.4348,3360.0
Anomalia,0.0148,0.1408,0.3563,-0.4376,2880.0
Anomalia,0.0239,0.1388,0.2703,-0.4195,2880.0
Anomalia,0.0164,0.1526,0.2438,-0.5761,2880.0
Anomalia,0.0107,0.1843,0.0261,-0.9127,2880.0
Anomalia,0.0034,0.1586,-0.1273,-0.3846,2880.0
Anomalia,0.0152,0.1886,0.0145,-0.6393,2880.0
Anomalia,0.0153,0.1794,-0.0063,-0.4197,2880.0
Anomalia,0.023,0.1493,0.2343,0.262,2880.0
Anomalia,0.0177,0.1659,0.064,-0.2572,2880.0
Anomalia,0.0036,0.1282,-0.1647,-0.2581,2880.0
Anomalia,0.0019,0.1264,-0.1755,-0.2266,3360.0
Anomalia,0.0039,0.1185,-0.2696,0.2535,2640.0
Anomalia,0.0188,0.0978,-0.0011,-0.3833,3360.0
Anomalia,0.021,0.1038,0.0678,-0.3602,3360.0
Anomalia,0.0203,0.0993,0.1771,-0.3191,3360.0
Anomalia,0.0158,0.0995,0.1894,-0.3292,2640.0
Anomalia,0.0032,0.1208,0.192,-0.3409,2640.0
Anomalia,0.0061,0.1781,0.0146,0.7462,2640.0
Anomalia,0.0077,0.1951,0.0569,0.2842,2880.0
Anomalia,0.0131,0.1987,-0.0129,0.0963,2880.0
Anomalia,0.0182,0.194,-0.0792,0.3271,2640.0
Anomalia,0.0217,0.1356,-0.0307,1.0989,3120.0
Anomalia,0.007,0.1208,-0.2948,-0.4216,3360.0
Anomalia,0.0174,0.1193,-0.4878,-0.2192,3360.0
Anomalia,0.0083,0.1043,-0.5327,0.05,2880.0
Anomalia,0.0069,0.1039,-0.4787,0.0858,2880.0
Anomalia,0.0248,0.0916,-0.1707,-0.6165,2880.0
Anomalia,0.0118,0.0953,-0.1798,-0.6102,3360.0
Anomalia,0.0122,0.1117,-0.3535,-0.4777,2880.0
Anomalia,0.0077,0.1234,-0.2368,-0.9283,2880.0
Anomalia,0.0118,0.1239,-0.2076,-0.8351,2640.0
Anomalia,0.0196,0.1383,-0.0718,-0.9054,2640.0
Anomalia,0.0176,0.1499,-0.1294,-0.934,2640.0
Anomalia,0.0185,0.1417,-0.1336,-0.6549,2640.0
Anomalia,0.0125,0.1321,-0.1527,-0.2503,2640.0
Anomalia,-0.0022,0.125,-0.3399,-0.2528,2640.0
Anomalia,0.0196,0.0999,-0.493,0.1733,3120.0
Anomalia,0.0179,0.0981,-0.4171,0.301,2880.0
Anomalia,0.0141,0.101,-0.3248,-0.0694,2880.0
Anomalia,0.0194,0.0833,0.1338,-0.6067,2640.0
Anomalia,-0.0001,0.1085,-0.0491,0.938,2400.0
Anomalia,0.0105,0.1414,0.0459,0.0112,2640.0
Anomalia,0.0172,0.156,-0.0217,-0.4928,2640.0
Anomalia,0.0151,0.1615,-0.0,-0.7575,2640.0
Anomalia,0.0224,0.1566,0.0212,-0.8778,3360.0
Anomalia,0.0098,0.1401,0.0459,-1.0253,2640.0
Anomalia,0.0053,0.1293,0.0971,-1.0429,3120.0
Anomalia,0.008,0.1758,-0.0457,-0.4749,3120.0
Anomalia,0.0137,0.1961,0.0704,-0.4073,2640.0
Anomalia,0.0156,0.1862,0.0959,0.0755,3120.0
Anomalia,0.0197,0.188,0.0285,-0.0118,2880.0
Anomalia,0.0161,0.1411,0.444,1.5722,3360.0
Anomalia,0.0054,0.0895,0.273,0.1609,3120.0
Anomalia,0.0132,0.1416,0.3128,0.1498,3360.0
Anomalia,0.0052,0.1357,0.5136,0.6544,2880.0
Anomalia,0.0218,0.1368,0.2922,0.4574,2880.0
Anomalia,0.0171,0.1442,0.0751,0.1015,3360.0
Anomalia,0.0135,0.0966,-0.4774,0.2277,3120.0
Anomalia,0.0144,0.0903,-0.7409,0.6515,3120.0
Anomalia,0.0005,0.0922,-0.4404,0.0978,3120.0
Anomalia,0.0154,0.079,0.0659,-0.4469,3120.0
Anomalia,0.0201,0.0911,0.173,-0.4955,3360.0
Anomalia,0.0152,0.1149,-0.1505,-0.3902,2880.0
Anomalia,0.0215,0.1181,-0.2765,-0.2905,2640.0
Anomalia,0.0043,0.1212,-0.0724,-0.5752,2640.0
Anomalia,0.0044,0.1393,0.136,-0.6334,3360.0
Anomalia,0.0205,0.1379,0.1576,-0.5766,3360.0
Anomalia,0.0153,0.1374,0.2076,-0.5049,3360.0
Anomalia,0.0267,0.155,0.0363,-0.902,3360.0
Anomalia,0.0152,0.1404,0.0925,-0.7722,2640.0
Anomalia,0.0053,0.1435,0.0793,-0.9687,2880.0
Anomalia,0.0064,0.1365,0.0686,-0.8153,2880.0
Anomalia,0.0083,0.109,-0.1037,-0.2604,2880.0
Anomalia,0.0187,0.1086,-0.0359,-0.0655,2880.0
Anomalia,0.0156,0.0889,0.2635,-0.1929,2880.0
Anomalia,0.0136,0.0897,0.2893,-0.1159,2880.0
Anomalia,0.0034,0.1053,0.2643,-0.6512,2880.0
Anomalia,0.0068,0.0969,-0.0533,-0.7528,2880.0
Anomalia,0.0146,0.0956,-0.1404,-0.6611,2880.0
Anomalia,0.0141,0.0945,-0.13,-0.6802,2880.0
Anomalia,0.0227,0.0843,0.003,-0.7284,2880.0
Anomalia,0.0116,0.0896,0.0483,-0.8845,2880.0
Anomalia,0.0057,0.0862,-0.0492,-0.7453,3360.0
Anomalia,0.0076,0.0919,-0.0911,-0.9111,3360.0
Anomalia,0.0087,0.1368,0.3646,0.3762,3120.0
Anomalia,0.0121,0.1595,0.29,-0.2654,2640.0
Anomalia,0.0182,0.1711,0.1703,-0.7593,2880.0
Anomalia,0.0234,0.1796,0.077,-0.9951,2880.0
Anomalia,0.0081,0.1591,0.0282,-0.9849,3120.0
Anomalia,0.0059,0.156,-0.1001,-1.0665,3120.0
Anomalia,0.004,0.1493,-0.081,-0.8391,2880.0
Anomalia,0.0011,0.1594,0.0728,-1.0019,2640.0
Anomalia,0.0195,0.1592,0.0111,-1.0623,2640.0
Anomalia,0.0182,0.1363,0.1605,-0.8106,3120.0
Anomalia,0.0126,0.1367,0.1035,-0.8655,2880.0
Anomalia,0.0112,0.1097,0.001,-0.4977,3360.0
Anomalia,0.0047,0.097,-0.1178,-0.4546,3600.0
Anomalia,0.0129,0.1162,0.2104,-0.5541,3600.0
Anomalia,0.0195,0.1395,0.2672,-0.308,2880.0
Anomalia,0.0104,0.1411,0.329,-0.3231,2880.0
Anomalia,0.0079,0.1455,0.2836,-0.5227,2640.0
Anomalia,0.0041,0.1424,0.2046,-0.504,2640.0
Anomalia,0.0128,0.1155,-0.0795,-0.7998,2640.0
Anomalia,0.0196,0.1124,-0.0968,-0.715,2640.0
Anomalia,0.0151,0.1062,-0.0761,-0.7098,2880.0
Anomalia,0.0131,0.0889,-0.0258,-0.8402,2880.0
Anomalia,-0.0013,0.1029,0.0603,-0.6376,3120.0
Anomalia,0.004,0.1284,0.1576,-0.814,2880.0
Anomalia,0.0136,0.1467,0.056,-1.0314,2880.0
Anomalia,0.0161,0.1678,-0.0003,-1.1844,2880.0
Anomalia,0.0145,0.2018,-0.2064,-0.8798,2880.0
Anomalia,0.0111,0.1943,-0.2059,-0.7014,2880.0
Anomalia,0.0097,0.1845,-0.2349,-0.3879,2640.0
Anomalia,0.0052,0.1673,-0.2463,0.2032,2640.0
Anomalia,0.0155,0.1518,0.1048,-0.5444,2640.0
Anomalia,0.0155,0.1584,0.227,-0.473,2640.0
Anomalia,0.0171,0.1617,0.2152,-0.6106,2880.0
Anomalia,0.0129,0.1645,0.1904,-0.6725,2880.0
Anomalia,0.0069,0.1366,0.2697,-0.4878,2880.0
Anomalia,0.0112,0.149,0.1994,-0.683,3360.0
Anomalia,0.0029,0.1521,0.1595,-0.713,2880.0
Anomalia,0.0099,0.1617,0.1207,-0.9483,2880.0
Anomalia,0.0202,0.1622,0.082,-0.929,2880.0
Anomalia,0.0088,0.1316,0.1471,-0.5345,2880.0
Anomalia,0.0135,0.1201,0.2914,-0.3408,2880.0
Anomalia,0.01,0.1113,0.2462,-0.4761,2880.0
Anomalia,0.0098,0.1161,0.2316,-0.6644,2880.0
Anomalia,0.014,0.1237,0.1115,-0.9365,2880.0
Anomalia,0.0085,0.1833,-0.271,0.1158,2880.0
Anomalia,0.0189,0.2353,-0.1162,-0.0431,2880.0
Anomalia,0.0086,0.2358,-0.0468,-0.111,2880.0
Anomalia,0.0051,0.2379,-0.014,-0.1994,2640.0
Anomalia,0.0232,0.1938,0.0009,1.2706,2640.0
Anomalia,0.0117,0.1337,-0.3758,-0.6218,2880.0
Anomalia,0.0142,0.1422,-0.2398,-0.4399,2880.0
Anomalia,0.012,0.148,-0.3236,-0.509,2880.0
Anomalia,0.0007,0.1677,-0.0404,-0.8465,2880.0
Anomalia,0.0083,0.1534,-0.0184,-0.4911,2880.0
Anomalia,0.0098,0.138,-0.1006,-0.2602,2880.0
Anomalia,0.0194,0.1227,0.0119,0.3059,2880.0
Anomalia,0.018,0.0925,-0.0536,-0.4261,2640.0
Anomalia,0.0099,0.1067,-0.4026,-0.2866,2880.0
Anomalia,0.0076,0.0992,-0.5177,-0.024,2880.0
Anomalia,0.0115,0.0995,-0.5674,0.1154,2880.0
Anomalia,0.0124,0.1272,-0.214,-0.2289,2640.0
Anomalia,0.016,0.1223,-0.027,-0.2708,2640.0
Anomalia,0.016,0.1158,-0.0268,0.245,2880.0
Anomalia,0.0125,0.1295,0.0524,-0.4228,2640.0
Anomalia,0.0064,0.1505,-0.1935,0.6661,2640.0
Anomalia,0.0125,0.1604,-0.1694,0.4601,2640.0
Anomalia,0.0062,0.1675,-0.1022,-0.0488,2640.0
Anomalia,0.0188,0.1602,-0.3262,0.5031,2880.0
Anomalia,0.0135,0.1229,-0.1273,0.5032,2640.0
Anomalia,0.0124,0.1116,-0.3429,-0.0533,3360.0
Anomalia,0.0169,0.1084,-0.2413,0.1417,3360.0
Anomalia,-0.0047,0.1018,-0.0006,0.3215,2640.0
Anomalia,0.0126,0.0994,0.1667,-0.5456,2640.0
Anomalia,0.0108,0.0982,0.2899,-0.948,2640.0
Anomalia,0.0133,0.0941,0.2256,-0.9313,2880.0
Anomalia,0.0234,0.1091,0.0218,-1.097,2880.0
Anomalia,0.0099,0.1023,0.1507,-0.8297,2880.0
Anomalia,0.0085,0.1169,-0.0178,-0.6341,2880.0
Anomalia,0.0076,0.1137,-0.0031,-0.4214,3360.0
Anomalia,0.0108,0.1026,-0.1495,0.057,3120.0
Anomalia,0.0214,0.1168,-0.1467,-0.3623,2640.0
Anomalia,0.0124,0.1218,-0.2191,-0.3059,3120.0
Anomalia,0.0076,0.1477,-0.1467,-0.9455,2880.0
Anomalia,0.0148,0.1599,-0.0833,-1.1465,2880.0
Anomalia,0.0104,0.1741,-0.1041,-1.1081,2640.0
Anomalia,0.0212,0.1544,-0.1618,-0.5111,2640.0
Anomalia,0.0234,0.1743,-0.1512,-0.4705,2880.0
Anomalia,0.0011,0.1741,-0.0057,-0.5977,2880.0
Anomalia,0.0068,0.1609,0.0015,-0.4687,2880.0
Anomalia,0.0027,0.1674,0.0526,-0.784,2880.0
Anomalia,0.0104,0.1453,0.0544,-1.2759,2880.0
Anomalia,0.0186,0.1311,0.1388,-1.0259,2880.0
Anomalia,0.0127,0.1296,0.124,-0.6567,2880.0
Anomalia,0.0144,0.137,0.0656,-0.4029,2880.0
Anomalia,0.0081,0.1284,-0.1063,-0.1271,2880.0
Anomalia,0.0133,0.1297,-0.1999,-0.1465,2880.0
Anomalia,0.0155,0.1205,-0.2639,-0.0762,2880.0
Anomalia,0.0197,0.1141,-0.2387,-0.6126,3360.0
Anomalia,0.0095,0.1167,-0.3374,-0.4386,3360.0
Anomalia,0.0173,0.1206,-0.3771,-0.5345,3360.0
Anomalia,0.0099,0.1271,-0.3075,-0.8476,2880.0
Anomalia,0.0087,0.1268,-0.3154,-0.9059,3120.0
Anomalia,0.0228,0.1174,-0.1844,-1.1393,3120.0
Anomalia,0.0099,0.1187,-0.0642,-1.2765,3120.0
Anomalia,0.0236,0.1129,-0.0731,-1.2115,2880.0
Anomalia,0.0096,0.1092,-0.0365,-1.1898,2880.0
Anomalia,0.0073,0.1122,0.0897,-0.8982,3360.0
Anomalia,0.0158,0.1161,0.1123,-0.8421,2640.0
Anomalia,0.0099,0.1286,0.1114,-0.854,2640.0
Anomalia,0.025,0.1556,-0.0003,-0.8644,2640.0
Anomalia,0.0231,0.1664,-0.0167,-0.8483,2880.0
Anomalia,0.0123,0.1565,0.1229,-0.4846,2880.0
Anomalia,0.0077,0.1407,0.2548,0.2497,2880.0
Anomalia,0.0041,0.1023,0.2067,2.1582,2880.0
Anomalia,0.0058,0.0608,0.115,-1.0382,2880.0
Anomalia,0.0221,0.0892,0.4024,1.0362,2880.0
Anomalia,0.0203,0.1479,-0.3811,0.8258,2880.0
Anomalia,0.0151,0.1511,-0.2979,0.5016,2880.0
Anomalia,0.0097,0.1541,-0.2105,0.2101,2880.0
Anomalia,-0.0002,0.1437,-0.2085,0.6694,2640.0
Anomalia,0.0139,0.0892,0.1128,0.003,2640.0
Anomalia,0.0214,0.1045,0.171,-0.3044,2640.0
Anomalia,0.0271,0.1081,0.1318,-0.5156,3120.0
Anomalia,0.015,0.1195,0.0324,-0.498,3360.0
Anomalia,0.0104,0.1156,-0.0227,-0.5129,3360.0
Anomalia,0.0029,0.1129,-0.1495,-0.5384,2640.0
Anomalia,0.0122,0.1316,-0.0738,-0.5907,2640.0
Anomalia,0.0226,0.1973,-0.0375,0.1232,2640.0
Anomalia,0.0207,0.2134,-0.0596,-0.5015,2640.0
Anomalia,0.0254,0.2114,-0.0985,-0.4051,2880.0
Anomalia,0.0063,0.2034,0.0926,-0.1773,2640.0
Anomalia,0.0114,0.1422,-0.1382,-0.8494,2640.0
Anomalia,0.0029,0.1419,-0.0978,-0.9797,2640.0
Anomalia,0.0087,0.1357,-0.2086,-0.7608,2640.0
Anomalia,0.0224,0.134,-0.285,-0.4687,2640.0
Anomalia,0.0102,0.1201,-0.1633,-0.092,2880.0
Anomalia,0.0188,0.1025,0.1656,-0.5647,2400.0
Anomalia,0.0084,0.1186,-0.0578,-0.5983,2640.0
Anomalia,0.0081,0.1252,-0.0977,-0.739,2640.0
Anomalia,0.0143,0.1253,-0.2205,-0.6969,2640.0
Anomalia,0.0203,0.1159,-0.372,-0.137,2640.0
Anomalia,0.0144,0.104,-0.1638,-0.0928,3360.0
Anomalia,0.009,0.1287,-0.0545,0.1331,2880.0
Anomalia,0.0036,0.1776,-0.1152,-0.2768,2640.0
Anomalia,0.0099,0.1925,-0.0433,-0.7284,2640.0
Anomalia,0.0244,0.2218,-0.1335,-1.1184,2640.0
Anomalia,0.0222,0.2082,-0.1221,-0.8998,2640.0
Anomalia,0.0227,0.1692,0.0921,-0.5718,2880.0
Anomalia,0.0081,0.1576,0.1625,-0.2883,2880.0
Anomalia,0.0049,0.1088,0.0216,-1.0187,2880.0
Anomalia,0.0081,0.1148,-0.0527,-0.8076,3120.0
Anomalia,0.0197,0.1314,0.103,-0.6195,3120.0
Anomalia,0.0162,0.1603,-0.0786,-0.6706,2880.0
Anomalia,0.0123,0.1585,-0.0214,-0.6239,2880.0
Anomalia,0.0077,0.1407,0.1305,0.2209,2880.0
Anomalia,0.0016,0.126,-0.0654,0.6766,3120.0
Anomalia,0.0124,0.0714,0.066,-0.7839,3120.0
Anomalia,0.0141,0.0643,0.0631,-0.3134,3360.0
Anomalia,0.018,0.077,-0.2111,-0.1753,3360.0
Anomalia,0.0165,0.0771,-0.2997,-0.2738,2400.0
Anomalia,0.0098,0.0764,-0.1317,-0.3646,2640.0
Anomalia,0.0118,0.0849,-0.0689,-0.8947,3360.0
Anomalia,0.0076,0.1006,-0.3268,-0.4863,2880.0
Anomalia,0.0178,0.1055,-0.3208,-0.4273,2880.0
Anomalia,0.0125,0.1114,-0.2094,-0.8215,2640.0
Anomalia,0.0155,0.1254,-0.0871,-0.9482,2640.0
Anomalia,0.0265,0.1314,-0.038,-0.5846,2880.0
Anomalia,0.003,0.1645,-0.3556,-0.282,2880.0
Anomalia,0.0127,0.1621,-0.5237,-0.0119,2880.0
Anomalia,0.0144,0.168,-0.3483,0.1307,2880.0
Anomalia,0.0039,0.164,-0.2325,0.1562,2880.0
Anomalia,0.0206,0.1375,0.2045,0.1292,2880.0
Anomalia,0.0131,0.1567,0.1806,-0.5001,2880.0
Anomalia,0.0004,0.1532,0.055,-0.6876,2880.0
Anomalia,0.0076,0.1498,-0.0479,-0.7308,2640.0
Anomalia,0.0126,0.1417,-0.0939,-0.5227,2640.0
Anomalia,0.0192,0.1219,-0.2125,-0.1284,2640.0
Anomalia,0.0198,0.1098,-0.155,-0.8408,2640.0
Anomalia,0.0122,0.0953,-0.0477,-0.7717,2640.0
Anomalia,0.0039,0.0935,0.0108,-0.7499,2640.0
Anomalia,0.0025,0.1037,0.2816,-0.5277,3120.0
Anomalia,0.0166,0.1085,0.3667,-0.2258,2880.0
Anomalia,0.0186,0.1262,-0.096,-0.3198,3360.0
Anomalia,0.016,0.1211,-0.0889,-0.0126,3360.0
Anomalia,0.0143,0.1192,-0.197,-0.0864,3360.0
Anomalia,0.0019,0.1109,-0.3711,-0.0586,2880.0
Anomalia,0.0071,0.0915,-0.177,-0.0014,2640.0
Anomalia,0.0181,0.1172,-0.03,-0.0204,3600.0
Anomalia,0.014,0.128,-0.0723,-0.2855,3120.0
Anomalia,0.0227,0.1515,-0.0694,-0.1653,3360.0
Anomalia,0.0105,0.1687,-0.0692,-0.6096,3360.0
Anomalia,0.0032,0.1582,-0.0326,-0.4036,2880.0
Anomalia,0.008,0.1434,-0.0796,0.3486,2640.0
Anomalia,0.0152,0.1484,0.0566,-0.3394,2880.0
Anomalia,0.0163,0.1533,0.1049,-0.6008,2880.0
Anomalia,0.0216,0.1932,0.0432,-0.8518,2880.0
Anomalia,0.0136,0.2054,0.0889,-1.1483,2880.0
Anomalia,-0.0027,0.2053,0.1022,-1.0403,2880.0
Anomalia,0.0116,0.1915,-0.0319,-0.7459,3120.0
Anomalia,0.0001,0.148,-0.0928,-0.287,3120.0
Anomalia,0.0165,0.1412,-0.1636,-0.015,3120.0
Anomalia,0.019,0.1181,0.0796,-0.7915,2880.0
Anomalia,0.0081,0.1072,0.2858,-0.3584,2880.0
Anomalia,0.0134,0.1068,0.1818,-0.3876,2640.0
Anomalia,-0.0032,0.1038,-0.0042,0.0825,2640.0
Anomalia,0.0104,0.1159,0.5584,1.289,2640.0
Anomalia,0.0159,0.1388,0.2451,-0.1989,2640.0
Anomalia,0.0193,0.1392,0.1902,-0.2216,2640.0
Anomalia,0.0166,0.1321,0.3088,-0.104,2640.0
Anomalia,0.0044,0.1107,0.0859,-0.5586,2640.0
Anomalia,0.0097,0.0955,-0.0196,-0.865,2640.0
Anomalia,0.016,0.1102,0.0864,-0.8996,2640.0
Anomalia,0.0144,0.1134,0.1085,-0.993,2640.0
Anomalia,0.0183,0.125,0.0427,-1.1461,2880.0
Anomalia,0.0139,0.1271,0.0818,-1.2088,2880.0
Anomalia,-0.0053,0.1158,0.2769,-0.9948,2880.0
Anomalia,0.0157,0.1109,-0.0584,-0.8938,2880.0
Anomalia,0.0093,0.0908,0.0416,-0.5271,2880.0
Anomalia,0.0108,0.0812,0.1326,-0.5333,3120.0
Anomalia,0.0154,0.0688,0.4368,-0.1715,3120.0
Anomalia,0.0049,0.07,0.3657,0.0289,3120.0
Anomalia,0.0075,0.0733,0.1479,-0.3019,2640.0
Anomalia,0.0054,0.0843,-0.4036,0.6528,2640.0
Anomalia,0.0134,0.1297,0.1282,0.5085,2640.0
Anomalia,0.0152,0.1588,0.087,-0.4688,2880.0
Anomalia,0.0187,0.1699,0.0349,-0.9028,2880.0
Anomalia,0.0115,0.1629,0.2243,-0.7194,2880.0
Anomalia,0.013,0.1365,0.069,-0.5506,2880.0
Anomalia,0.0095,0.1112,-0.0917,-0.9688,3360.0
Anomalia,0.0033,0.0944,-0.1839,-0.8143,3360.0
Anomalia,0.0188,0.1187,-0.1319,-0.3772,3360.0
Anomalia,0.0045,0.1254,-0.0123,-0.6032,2880.0
Anomalia,0.0162,0.1175,-0.0806,-0.1765,2640.0
Anomalia,0.0113,0.1438,-0.3712,-0.4356,2880.0
Anomalia,0.0062,0.1274,-0.6102,-0.0439,2880.0
Anomalia,0.0149,0.1236,-0.6625,0.3131,2640.0
Anomalia,0.0086,0.1256,-0.5553,-0.0449,2640.0
Anomalia,0.0156,0.1139,-0.1378,-0.478,2640.0
Anomalia,0.0113,0.1328,0.1843,-0.4226,2640.0
Anomalia,0.0085,0.1509,0.115,-0.3716,2880.0
Anomalia,0.0066,0.161,0.0965,-0.6201,2880.0
Anomalia,0.0169,0.1632,-0.0199,-0.692,3120.0
Anomalia,0.0098,0.1491,-0.0532,-0.4943,3120.0
Anomalia,0.0214,0.1538,0.0883,-0.8517,2880.0
Anomalia,0.0023,0.1547,0.2041,-0.8351,3360.0
Anomalia,-0.0005,0.1747,0.3632,-0.7183,2640.0
Anomalia,0.0176,0.1783,0.1787,-0.8402,3120.0
Anomalia,0.0071,0.1577,0.1893,-0.3203,2880.0
Anomalia,0.0299,0.1491,0.1491,-0.0862,2880.0
Anomalia,0.0146,0.1063,0.2886,-0.2569,3360.0
Anomalia,0.0048,0.1007,0.0439,-0.8759,3360.0
Anomalia,0.0051,0.0952,0.0476,-0.7677,2880.0
Anomalia,0.0067,0.0887,-0.1469,-0.9016,3120.0
Anomalia,0.0128,0.0996,-0.237,-0.8571,2880.0
Anomalia,0.0163,0.0958,-0.0791,-0.624,2880.0
Anomalia,0.018,0.0986,-0.1329,-0.7116,2880.0
Anomalia,0.0101,0.0947,-0.0044,-0.6024,2880.0
Anomalia,0.0086,0.113,-0.1538,0.9134,2880.0
Anomalia,0.0051,0.1517,0.1143,0.5596,2880.0
Anomalia,0.0153,0.1645,0.0517,-0.0935,2880.0
Anomalia,0.0147,0.1753,-0.0275,-0.5498,3360.0
Anomalia,0.0171,0.1587,0.0092,-0.1102,2640.0
Anomalia,0.0189,0.1272,-0.1462,-0.6528,3360.0
Anomalia,0.0021,0.105,-0.1928,-0.2777,2880.0
Anomalia,0.0096,0.1149,0.1203,-0.1798,2880.0
Anomalia,0.0128,0.1109,0.1361,-0.0864,2880.0
Anomalia,0.0126,0.1009,0.1599,0.6437,2880.0
Anomalia,0.0201,0.1073,-0.0427,0.1675,2880.0
Anomalia,0.0122,0.0906,-0.1558,-0.6761,3360.0
Anomalia,-0.0013,0.1157,-0.213,-0.2458,2880.0
Anomalia,0.0121,0.1299,-0.0732,-0.4258,2880.0
Anomalia,0.0031,0.162,0.0804,-0.0729,3600.0
Anomalia,0.0176,0.1803,0.0651,-0.4603,2880.0
Anomalia,0.029,0.1801,-0.0261,-0.3886,2880.0
Anomalia,0.0093,0.1734,0.1477,-0.2055,2880.0
Anomalia,0.0195,0.1484,0.1274,-0.3114,2640.0
Anomalia,0.0032,0.1145,0.0246,0.2505,2640.0
Anomalia,0.0095,0.09,0.0457,-0.036,2640.0
Anomalia,0.0146,0.0828,0.1166,0.2363,2640.0
Anomalia,0.0198,0.0811,0.1102,-0.4712,3120.0
Anomalia,0.016,0.0924,-0.0578,-0.4545,3120.0
Anomalia,0.0098,0.1032,0.038,-0.5897,3120.0
Anomalia,0.0145,0.1182,0.219,-0.8647,3120.0
Anomalia,0.0104,0.1255,0.2582,-0.7559,2880.0
Anomalia,0.0184,0.1741,0.0097,-0.2478,2880.0
Anomalia,0.0118,0.1719,0.0999,-0.1696,2880.0
Anomalia,0.0084,0.1698,0.1021,-0.0827,2880.0
Anomalia,0.012,0.1764,0.0672,-0.2631,2880.0
Anomalia,0.0123,0.1451,0.2283,-0.5659,2880.0
Anomalia,0.0149,0.1513,0.1142,-0.6498,2880.0
Anomalia,0.015,0.1589,0.0337,-0.7163,2880.0
Anomalia,0.0139,0.1602,0.0515,-0.8359,2640.0
Anomalia,0.0112,0.1449,-0.0082,-0.6538,2640.0
Anomalia,0.0109,0.143,-0.0434,-0.6977,2640.0
Anomalia,0.015,0.1278,-0.0671,-0.4667,2640.0
Anomalia,0.0039,0.1224,-0.3068,-0.6406,2880.0
Anomalia,0.0097,0.1324,-0.1963,-0.7948,3120.0
Anomalia,0.0184,0.126,-0.1429,-0.585,3120.0
Anomalia,0.0044,0.1314,-0.0081,-0.8707,3360.0
Anomalia,0.016,0.1224,0.0603,-0.8119,2880.0
Anomalia,0.0138,0.1091,-0.0485,-0.6124,2880.0
Anomalia,0.0081,0.1255,-0.1771,-0.7522,3360.0
Anomalia,0.0222,0.1252,-0.3172,-0.5812,2880.0
Anomalia,0.0136,0.1188,-0.2778,-0.5856,2880.0
Anomalia,0.0138,0.1211,-0.2648,-0.6946,3360.0
Anomalia,0.0107,0.1063,-0.185,-0.9733,2640.0
Anomalia,0.0129,0.1047,-0.1769,-0.9342,2640.0
Anomalia,0.0166,0.109,-0.145,-1.026,3360.0
Anomalia,0.0198,0.1067,-0.1924,-0.8999,3360.0
Anomalia,0.0176,0.1084,-0.2903,-0.683,3360.0
Anomalia,0.0085,0.1044,-0.1896,-0.7488,3360.0
Anomalia,0.0073,0.1082,-0.1963,-0.736,3360.0
Anomalia,0.0079,0.118,-0.0902,-0.9554,2880.0
Anomalia,0.0178,0.1127,-0.0231,-0.9859,3120.0
Anomalia,0.019,0.1344,-0.0876,-1.0139,3120.0
Anomalia,0.0181,0.134,-0.0881,-1.0377,3360.0
Anomalia,0.0075,0.1256,0.0152,-0.8889,2880.0
Anomalia,0.0057,0.134,0.017,-1.082,2880.0
Anomalia,0.0075,0.1095,-0.0411,-0.9863,2880.0
Anomalia,0.0148,0.1009,-0.0185,-0.7849,2880.0
Anomalia,0.0228,0.0988,-0.0558,-0.5131,2880.0
Anomalia,0.0205,0.0834,0.2323,-0.6299,2880.0
Anomalia,0.0182,0.0856,0.3208,-0.4565,2880.0
Anomalia,0.0078,0.0763,0.3955,0.0212,2880.0
Anomalia,0.0136,0.074,0.3086,-0.3336,2880.0
Anomalia,0.0082,0.0823,-0.0173,-0.2931,2880.0
Anomalia,0.0166,0.0921,-0.1518,-0.547,2880.0
Anomalia,0.0192,0.1054,-0.2823,-0.8181,2880.0
Anomalia,0.0135,0.1249,-0.0363,-1.0121,2880.0
Anomalia,0.0163,0.1196,-0.0339,-0.817,2880.0
Anomalia,0.0056,0.1107,0.2081,-0.4441,2880.0
Anomalia,0.0172,0.1047,0.1793,-0.2013,3120.0
Anomalia,0.0178,0.1071,0.2428,0.1097,2880.0
Anomalia,0.0209,0.1216,0.0055,-0.247,2880.0
Anomalia,0.0124,0.1476,-0.3163,-0.4138,2880.0
Anomalia,0.0086,0.1568,-0.1819,-0.7068,2880.0
Anomalia,0.0029,0.1513,-0.2787,-0.6582,2880.0
Anomalia,0.0074,0.1437,-0.3757,-0.422,2880.0
Anomalia,0.0232,0.1626,-0.1484,-0.2709,2640.0
Anomalia,0.0193,0.1841,-0.0131,-0.6154,2640.0
Anomalia,0.0147,0.1777,0.092,-0.3976,2880.0
Anomalia,0.013,0.1763,0.1239,-0.331,2880.0
Anomalia,0.0081,0.139,0.2424,0.3434,2640.0
Anomalia,0.0051,0.0992,-0.0327,-0.8516,3120.0
Anomalia,0.0263,0.1017,-0.1179,-0.9935,3120.0
Anomalia,0.0183,0.1128,-0.2402,-0.8796,3360.0
Anomalia,0.0171,0.1075,-0.307,-0.6663,2880.0
Anomalia,0.0165,0.1072,-0.308,-0.6913,2640.0
Anomalia,0.0047,0.1032,-0.1767,-0.6749,3120.0
Anomalia,0.0168,0.1271,0.2447,-0.2755,2880.0
Anomalia,0.0158,0.1616,0.0178,-0.6949,2880.0
Anomalia,0.0213,0.1782,-0.0457,-0.8709,2880.0
Anomalia,0.0164,0.1862,0.001,-1.0408,2880.0
Anomalia,0.0101,0.1619,-0.0324,-0.4278,2880.0
Anomalia,0.0141,0.1414,-0.0042,-0.2992,2640.0
Anomalia,0.0152,0.1523,0.0901,-0.0322,2640.0
Anomalia,0.017,0.203,-0.078,-0.0581,2880.0
Anomalia,0.0138,0.2128,-0.0609,-0.4825,2880.0
Anomalia,0.0224,0.2258,-0.0805,-0.7579,2880.0
Anomalia,0.0041,0.2193,-0.0372,-0.7168,2880.0
Anomalia,0.0075,0.1722,-0.0288,-0.8768,3360.0
Anomalia,0.0139,0.1686,-0.1,-0.731,3360.0
Anomalia,-0.0004,0.1532,-0.2606,-0.594,3120.0
Anomalia,0.0224,0.1261,-0.3378,-0.0267,3120.0
Anomalia,0.0176,0.1311,-0.4313,-0.2462,2640.0
Anomalia,0.011,0.1219,-0.3792,-0.0802,2640.0
Anomalia,0.0111,0.1009,-0.2778,-0.0009,2640.0
Anomalia,0.0097,0.1174,0.6666,1.3912,2880.0
Anomalia,0.0149,0.1482,0.3719,0.8594,2880.0
Anomalia,0.0206,0.1775,0.1452,-0.2142,2880.0
Anomalia,0.0145,0.1909,0.0906,-0.6836,2880.0
Anomalia,0.0135,0.1914,-0.0817,-0.9126,2640.0
Anomalia,0.003,0.1558,-0.0183,-0.4265,2640.0
Anomalia,0.0114,0.1466,0.07,-0.5811,2640.0
Anomalia,0.0214,0.1442,0.1669,-0.7334,2880.0
Anomalia,0.0107,0.1466,0.2361,-0.8599,2880.0
Anomalia,0.0193,0.1544,0.0389,-1.0576,2880.0
Anomalia,0.0067,0.1469,-0.1246,-1.0805,2880.0
Anomalia,0.0098,0.147,-0.1225,-0.9934,2880.0
Anomalia,0.0138,0.1294,-0.1285,-0.4781,2880.0
Anomalia,0.0144,0.1192,-0.1194,-0.0829,2640.0
Anomalia,0.013,0.1039,0.0606,-0.0488,3120.0
Anomalia,0.0134,0.0838,-0.1906,-0.3459,2880.0
Anomalia,0.007,0.0962,-0.1991,-0.2694,3120.0
Anomalia,0.0093,0.0932,-0.3286,0.0112,3120.0
Anomalia,0.0179,0.0846,-0.2871,0.6622,3360.0
Anomalia,0.015,0.0824,-0.3419,0.6652,2400.0
Anomalia,0.0211,0.0743,-0.2423,-0.0062,2400.0
Anomalia,0.009,0.091,-0.1845,-0.3329,2400.0
Anomalia,0.0052,0.0937,-0.1159,-0.5283,2640.0
Anomalia,0.0088,0.0987,-0.0767,-0.69,3360.0
Anomalia,0.0056,0.098,-0.0318,-0.7334,3360.0
Anomalia,0.0203,0.092,-0.1896,-0.6789,3360.0
Anomalia,0.0257,0.1144,-0.2149,-0.2746,3360.0
Anomalia,0.0101,0.1306,-0.3676,-0.3854,3120.0
Anomalia,0.0128,0.1358,-0.3121,-0.6057,3120.0
Anomalia,0.0067,0.1393,-0.2014,-0.7597,2640.0
Anomalia,0.0002,0.1274,-0.2466,-0.7713,2640.0
Anomalia,0.0214,0.1175,0.0272,-0.662,2640.0
Anomalia,0.0168,0.1343,-0.2013,-0.4236,3120.0
Anomalia,0.0236,0.1313,-0.2252,-0.1747,2880.0
Anomalia,0.0108,0.1429,-0.368,-0.1514,2880.0
Anomalia,0.001,0.1351,-0.4171,-0.1042,2880.0
Anomalia,0.0125,0.1185,-0.4665,0.4302,2880.0
Anomalia,0.0091,0.1268,-0.3117,-0.1929,2880.0
Anomalia,0.0217,0.1214,0.0254,-1.0093,3120.0
Anomalia,0.0218,0.1514,-0.1962,-0.736,2880.0
Anomalia,0.0033,0.1786,-0.276,-0.8573,2880.0
Anomalia,0.0029,0.1793,-0.2624,-0.8725,2880.0
Anomalia,0.0074,0.1821,-0.19,-0.6976,2880.0
Anomalia,0.0105,0.1946,-0.1177,-0.7045,3120.0
Anomalia,0.0198,0.1639,0.1058,-0.0524,2880.0
Anomalia,0.0163,0.1713,0.1184,-0.2558,2880.0
Anomalia,0.0051,0.1614,0.1688,-0.059,2880.0
Anomalia,0.0106,0.1213,0.1769,-0.1458,3120.0
Anomalia,0.0068,0.13,0.1425,-0.6125,3120.0
Anomalia,0.0152,0.1071,-0.0099,-0.6483,3120.0
Anomalia,0.0245,0.1101,-0.1938,-0.8151,2880.0
Anomalia,0.0129,0.101,-0.1072,-0.8091,3360.0
Anomalia,0.0134,0.0899,0.0155,-0.6703,2640.0
Anomalia,0.0084,0.0871,-0.0589,-0.6674,2640.0
Anomalia,0.008,0.1095,0.0992,0.3476,2640.0
Anomalia,0.0102,0.1506,-0.0638,-0.2644,2640.0
Anomalia,0.0207,0.1559,-0.2101,-0.4041,2880.0
Anomalia,0.011,0.1589,-0.078,-0.6194,2880.0
Anomalia,0.0137,0.1428,-0.2128,-0.1829,2880.0
Anomalia,0.0061,0.1074,-0.2151,-0.8659,2880.0
Anomalia,0.0075,0.1027,-0.2636,-0.8441,2880.0
Anomalia,0.0093,0.1035,-0.2212,-0.9266,2880.0
Anomalia,0.0076,0.099,-0.1553,-0.9258,2880.0
Anomalia,0.0208,0.0896,-0.0953,-0.7925,2880.0
Anomalia,0.01,0.129,-0.448,0.1304,2880.0
Anomalia,0.009,0.1517,-0.1861,-0.174,2880.0
Anomalia,0.0047,0.1682,0.0457,-0.5229,2880.0
Anomalia,0.0116,0.1735,-0.0068,-0.7009,2640.0
Anomalia,0.0175,0.1449,0.2089,0.0257,2640.0
Anomalia,0.0165,0.1256,0.2852,0.0217,2640.0
Anomalia,0.013,0.1359,-0.3154,0.1367,2640.0
Anomalia,0.0098,0.1345,-0.3674,0.1003,2640.0
Anomalia,0.0048,0.1381,-0.2714,-0.1979,2640.0
Anomalia,0.0174,0.1292,-0.5391,0.6097,2640.0
Anomalia,0.0238,0.0873,-0.1972,-0.3468,2640.0
Anomalia,0.0079,0.0978,-0.1692,-0.3801,2400.0
Anomalia,0.0071,0.1182,-0.0321,-0.1258,2640.0
Anomalia,0.0108,0.1225,0.0253,-0.2108,2640.0
Anomalia,0.0099,0.1457,0.0804,-0.9253,2640.0
Anomalia,0.0131,0.1485,0.0163,-0.9127,2640.0
Anomalia,0.0212,0.1628,0.0673,-0.6831,2640.0
Anomalia,0.0126,0.1629,0.1419,-0.7434,2640.0
Anomalia,0.0092,0.1796,0.0539,-0.4396,2640.0
Anomalia,0.0143,0.1778,0.0233,-0.3718,2640.0
Anomalia,0.0105,0.1607,-0.1712,-0.0741,2640.0
Anomalia,0.0119,0.1837,-0.0802,-0.7104,2640.0
Anomalia,0.013,0.1518,-0.0591,-0.6402,2640.0
Anomalia,0.0119,0.1393,-0.0686,-0.144,2880.0
Anomalia,0.0103,0.1499,0.061,-0.4421,3360.0
Anomalia,0.0064,0.1346,-0.0466,-0.4248,2880.0
Anomalia,0.0187,0.1359,-0.1403,-0.3002,2640.0
Anomalia,0.0108,0.139,-0.018,-0.5391,2640.0
Anomalia,0.0248,0.1133,-0.2303,-0.2435,3120.0
Anomalia,0.0123,0.1165,-0.3156,0.0198,2880.0
Anomalia,0.0011,0.115,-0.2693,-0.1609,3360.0
Anomalia,0.0119,0.1231,-0.2712,-0.2069,3120.0
Anomalia,0.0035,0.1224,-0.1249,-0.2636,2640.0
Anomalia,0.0143,0.1038,0.1098,-0.4766,2880.0
Anomalia,0.0269,0.1119,0.0205,-0.5687,2880.0
Anomalia,0.0179,0.137,-0.4498,0.1684,3360.0
Anomalia,0.0106,0.1451,-0.3927,-0.2944,3360.0
Anomalia,0.0095,0.1513,-0.3389,-0.5483,2640.0
Anomalia,-0.0008,0.1758,-0.0256,-0.8723,2640.0
Anomalia,0.0137,0.1693,0.0838,-0.9086,2640.0
Anomalia,0.0186,0.173,0.0779,-1.0222,2640.0
Anomalia,0.0178,0.183,0.0418,-1.1225,2880.0
Anomalia,0.007,0.1786,-0.0457,-1.0779,2880.0
Anomalia,0.0071,0.1758,-0.0406,-1.0984,2880.0
Anomalia,0.009,0.1675,-0.0559,-0.8701,2880.0
Anomalia,0.0125,0.1742,-0.1363,-0.8922,2880.0
Anomalia,0.0267,0.1484,-0.0994,-0.4716,2880.0
Anomalia,0.0103,0.1373,-0.1457,-0.3412,2880.0
Anomalia,0.0081,0.1348,-0.1819,-0.2629,2880.0
Anomalia,0.0102,0.0996,-0.2755,-0.8214,2880.0
Anomalia,0.0078,0.1013,-0.2327,-0.7995,3360.0
Anomalia,0.0232,0.0924,-0.1996,-0.6391,3360.0
Anomalia,0.0184,0.0992,-0.3261,-0.5873,3360.0
Anomalia,0.0182,0.0953,-0.1828,-0.4428,3360.0
Anomalia,0.0122,0.0874,-0.0428,-0.1976,3360.0
Anomalia,0.0097,0.0922,0.1234,-0.2024,2880.0
Anomalia,0.004,0.0837,0.3651,-0.1846,2880.0
Anomalia,0.0091,0.0965,0.1993,-0.6138,2640.0
Anomalia,0.0191,0.1382,0.2029,-0.4535,2640.0
Anomalia,0.0055,0.1476,0.1949,-0.6502,2880.0
Anomalia,0.0205,0.2028,0.2032,-0.5762,2880.0
Anomalia,0.0048,0.2075,0.3287,-0.6753,2880.0
Anomalia,-0.0002,0.1927,0.3614,-0.2624,2880.0
Anomalia,0.0123,0.1947,0.2879,-0.4064,2880.0
Anomalia,0.0146,0.142,0.0258,-1.0321,2880.0
Anomalia,0.0229,0.1349,0.1067,-0.9491,3120.0
Anomalia,0.0158,0.1459,0.0506,-0.7589,2880.0
Anomalia,0.0094,0.1424,0.0386,-0.6976,2880.0
Anomalia,0.0088,0.1418,0.0208,-0.7386,2880.0
Anomalia,0.0084,0.1344,0.0052,-0.476,2880.0
Anomalia,0.0237,0.1145,0.0651,-0.5711,2880.0
Anomalia,0.0232,0.1086,-0.0056,-0.627,2640.0
Anomalia,0.0098,0.1024,0.0676,-0.5598,2640.0
Anomalia,0.0175,0.1106,0.0261,-0.8272,2880.0
Anomalia,0.0003,0.1096,0.111,-0.9772,3120.0
Anomalia,0.016,0.1105,0.1554,-0.711,3120.0
Anomalia,0.0214,0.1143,0.0461,-0.898,3360.0
Anomalia,0.0083,0.1143,0.0137,-0.6824,3360.0
Anomalia,0.0162,0.1083,-0.0997,-0.3549,2640.0
Anomalia,0.0027,0.1007,-0.1367,-0.7361,2640.0
Anomalia,0.0071,0.0934,-0.2549,-0.3463,2640.0
Anomalia,0.0202,0.0844,-0.155,-0.595,2640.0
Anomalia,0.0159,0.0944,0.0098,0.0437,2400.0
Anomalia,0.0136,0.1096,-0.055,-0.1183,2880.0
Anomalia,0.0117,0.1506,0.0373,-0.3698,2640.0
Anomalia,0.0091,0.1509,0.0905,-0.387,2880.0
Anomalia,0.0111,0.1504,0.0469,-0.4849,2640.0
Anomalia,0.0195,0.1403,0.0036,-0.0314,2640.0
Anomalia,0.0112,0.1359,-0.0465,-0.3862,3120.0
Anomalia,0.0107,0.1465,-0.0273,-0.8034,3120.0
Anomalia,0.0113,0.2129,-0.053,-0.2532,2880.0
Anomalia,0.0041,0.2167,0.0287,-0.4202,2880.0
Anomalia,0.021,0.1994,-0.1388,0.2986,2880.0
Anomalia,0.0147,0.1909,-0.0614,0.778,2880.0
Anomalia,0.0165,0.1271,0.1653,-0.4676,2880.0
Anomalia,0.0216,0.1132,0.2299,0.2301,3120.0
Anomalia,0.0093,0.1176,0.2568,-0.058,2880.0
Anomalia,0.0138,0.1441,0.1061,-0.5952,2880.0
Anomalia,0.0121,0.1257,0.1317,-0.2213,2880.0
Anomalia,0.0178,0.144,0.103,-0.8081,2640.0
Anomalia,0.0201,0.141,0.0625,-0.6743,2640.0
Anomalia,0.0136,0.1337,-0.0619,-0.3929,2640.0
Anomalia,0.0133,0.158,-0.0725,-0.9034,2640.0
Anomalia,0.0072,0.1503,-0.0627,-0.7775,2640.0
Anomalia,0.0012,0.1485,0.0055,-0.7617,2640.0
Anomalia,0.021,0.1412,-0.025,-0.8351,2640.0
Anomalia,0.0224,0.1142,0.1048,-0.8384,2880.0
Anomalia,0.016,0.1126,-0.0278,-0.7334,2880.0
Anomalia,0.02,0.1054,-0.0152,-0.5138,2640.0
Anomalia,0.0046,0.0889,-0.1631,-0.5315,3120.0
Anomalia,0.0049,0.0831,-0.2741,-0.1624,3120.0
Anomalia,0.0153,0.067,0.0178,-0.8236,2640.0
Anomalia,0.0188,0.0692,0.2778,-0.3548,2400.0
Anomalia,0.021,0.0799,-0.0484,-0.3238,3120.0
Anomalia,0.0187,0.0881,-0.179,-0.4609,2880.0
Anomalia,0.0076,0.0908,0.0478,-0.7698,2880.0
Anomalia,0.0122,0.1103,0.2112,-0.6123,2880.0
Anomalia,0.0105,0.1465,0.1736,-0.132,2880.0
Anomalia,0.0127,0.1909,0.0756,-0.6844,2880.0
Anomalia,0.0171,0.2021,0.0393,-0.9994,2880.0
Anomalia,0.0124,0.1943,0.0787,-0.7746,2880.0
Anomalia,0.0126,0.1684,0.0854,-0.2516,2640.0
Anomalia,0.0144,0.1083,0.2528,-0.0447,2640.0
Anomalia,0.009,0.1023,-0.0447,-0.2946,2880.0
Anomalia,0.0196,0.1075,-0.1868,-0.404,3360.0
Anomalia,0.0198,0.1361,-0.1526,-0.426,3120.0
Anomalia,0.0115,0.1766,-0.1601,-0.9372,3120.0
Anomalia,0.0168,0.1698,-0.2524,-0.6698,2880.0
Anomalia,-0.0057,0.1649,0.0117,-0.5796,2880.0
Anomalia,0.0061,0.1485,-0.161,-0.1624,3120.0
Anomalia,0.0197,0.113,0.0371,-0.8871,3120.0
Anomalia,0.0143,0.1116,0.2182,-0.989,3120.0
Anomalia,0.022,0.1175,0.1228,-1.0676,3120.0
Anomalia,0.0109,0.117,0.0003,-0.9078,3120.0
Anomalia,0.0008,0.1261,0.0018,-0.6303,2880.0
Anomalia,0.0153,0.1367,-0.0254,-0.6949,3360.0
Anomalia,0.0194,0.1703,-0.0817,-0.7328,3360.0
Anomalia,0.0173,0.1657,-0.081,-0.5279,2880.0
Anomalia,0.0165,0.1657,-0.1082,-0.4467,2880.0
Anomalia,0.0052,0.1885,-0.2465,-0.537,3360.0
Anomalia,0.0028,0.1569,-0.438,0.263,2880.0
Anomalia,0.0101,0.1775,-0.2239,-0.4249,3360.0
Anomalia,0.0137,0.1622,-0.2761,0.2101,2880.0
Anomalia,0.0117,0.1319,0.1685,-0.0719,3360.0
Anomalia,0.0133,0.1423,0.0201,-0.2841,3360.0
Anomalia,0.0103,0.1243,-0.1572,-0.3716,3120.0
Anomalia,0.0102,0.1439,-0.1415,-0.8707,2640.0
Anomalia,0.0198,0.1358,-0.2345,-0.6529,3120.0
Anomalia,0.0145,0.1312,-0.1218,-0.8404,2880.0
Anomalia,0.0152,0.1182,-0.2121,-0.3403,3360.0
Anomalia,0.0107,0.1122,-0.065,-0.3737,2880.0
Anomalia,0.0074,0.1361,0.0453,-0.4908,2880.0
Anomalia,0.0108,0.1302,0.043,-0.3348,2880.0
Anomalia,0.0093,0.1375,0.0486,-0.6731,2880.0
Anomalia,0.0224,0.1451,0.0354,-0.7172,3120.0
Anomalia,0.0056,0.1236,0.366,-0.5478,3360.0
Anomalia,0.0131,0.1204,0.3105,-0.3921,3360.0
Anomalia,0.0092,0.1083,0.5686,0.4109,3120.0
Anomalia,-0.0024,0.0797,0.3172,-0.2234,2880.0
Anomalia,0.0197,0.0759,0.2531,-0.4202,3360.0
Anomalia,0.0066,0.0714,-0.1626,-0.6545,2640.0
Anomalia,0.0189,0.0833,-0.0807,-0.728,2640.0
Anomalia,0.0186,0.0921,-0.2003,-0.3376,2640.0
Anomalia,0.0052,0.0964,-0.0018,-0.6726,2640.0
Anomalia,0.0159,0.0966,-0.151,-0.6468,3360.0
Anomalia,0.0087,0.0896,-0.175,-0.4236,3360.0
Anomalia,0.0124,0.0983,-0.1324,-0.2047,3120.0
Anomalia,0.0157,0.1187,-0.3435,-0.2896,2640.0
Anomalia,0.013,0.1172,-0.2971,-0.2449,2640.0
Anomalia,0.0056,0.1207,-0.1821,-0.5705,2640.0
Anomalia,0.0086,0.1026,-0.4024,0.1056,3120.0
Anomalia,0.0188,0.0811,-0.1191,-0.3776,3120.0
Anomalia,0.0187,0.1017,0.0569,-0.4014,3120.0
Anomalia,0.0191,0.1118,0.0903,-0.5352,2640.0
Anomalia,0.011,0.1355,-0.0119,-0.8839,2880.0
Anomalia,0.0031,0.1309,0.0753,-0.7273,2880.0
Anomalia,0.0001,0.1143,-0.0113,-0.1216,2880.0
Anomalia,0.0108,0.0988,-0.4085,0.9249,2640.0
Anomalia,0.0141,0.0669,-0.0258,-0.3724,3600.0
Anomalia,0.0212,0.1301,0.1264,1.3397,2880.0
Anomalia,0.007,0.1566,-0.0858,0.2266,2880.0
Anomalia,0.0057,0.1794,-0.0351,-0.3768,2880.0
Anomalia,0.0075,0.1795,-0.0651,-0.3782,2880.0
Anomalia,0.0035,0.1414,-0.3315,0.8452,2880.0
Anomalia,0.0175,0.1367,-0.0855,0.3821,2880.0
Anomalia,0.0177,0.127,0.0915,-0.3884,2640.0
Anomalia,0.0189,0.1341,0.051,-0.724,2640.0
Anomalia,0.0047,0.1391,0.1522,-0.8563,2640.0
Anomalia,0.0145,0.1219,0.047,-0.4542,2640.0
Anomalia,0.0052,0.1034,0.0671,-0.6335,2640.0
Anomalia,0.0108,0.1042,0.2999,0.0196,3360.0
Anomalia,0.0255,0.1187,0.4134,-0.2629,3360.0
Anomalia,0.008,0.1186,0.4374,-0.1415,3360.0
Anomalia,0.0122,0.1213,0.3445,-0.2836,3360.0
Anomalia,0.0015,0.1181,0.2324,-0.4319,3360.0
Anomalia,0.0057,0.097,-0.2454,-0.7172,2640.0
Anomalia,0.0161,0.0998,-0.2236,-0.7806,2880.0
Anomalia,0.0184,0.1001,-0.1304,-0.7308,2880.0
Anomalia,0.0205,0.115,-0.0774,-0.4297,2880.0
Anomalia,0.0085,0.12,0.1962,-0.5688,2880.0
Anomalia,0.0063,0.1155,0.2734,-0.3036,2880.0
Anomalia,0.0117,0.124,0.2328,-0.4582,3360.0
Anomalia,0.0165,0.1154,0.3686,-0.5761,2640.0
Anomalia,0.0183,0.1109,0.3362,-0.5446,2640.0
Anomalia,0.016,0.1166,0.2608,-0.6987,2640.0
Anomalia,0.0012,0.0988,0.4135,-0.3009,2880.0
Anomalia,0.0123,0.106,0.3708,-0.4475,2880.0
Anomalia,0.0138,0.1596,-0.0885,0.1811,3120.0
Anomalia,0.0152,0.1583,-0.1006,0.2641,2640.0
Anomalia,0.0236,0.1584,-0.2378,0.3677,2640.0
Anomalia,0.0044,0.1496,-0.1143,0.7512,2640.0
Anomalia,0.0116,0.0849,-0.3313,0.1285,2880.0
Anomalia,0.0145,0.0713,-0.5858,0.5671,2640.0
Anomalia,0.0148,0.0905,-0.1855,-0.0785,3120.0
Anomalia,0.0226,0.1079,0.0874,0.0616,2880.0
Anomalia,0.0148,0.1174,0.0878,-0.3511,2880.0
Anomalia,0.0134,0.117,0.1209,-0.3266,2640.0
Anomalia,0.0128,0.1274,0.1108,-0.3407,2880.0
Anomalia,0.0106,0.1316,0.097,-0.1128,2880.0
Anomalia,0.0115,0.1228,0.1785,0.3794,2880.0
Anomalia,0.0183,0.1264,0.0516,0.1197,2880.0
Anomalia,0.0109,0.1037,0.1777,1.2799,3120.0
Anomalia,0.0078,0.0721,0.3247,-0.2413,2640.0
Anomalia,0.0178,0.1296,0.3486,0.8022,3360.0
Anomalia,0.0012,0.1429,0.3879,0.091,2880.0
Anomalia,0.0126,0.1494,0.2276,-0.356,2880.0
Anomalia,0.0182,0.1471,0.1181,-0.2076,2880.0
Anomalia,0.013,0.1066,-0.0753,-0.3169,2880.0
Anomalia,0.0186,0.0853,0.4186,-0.4253,2880.0
Anomalia,0.0128,0.1086,0.262,0.9939,2880.0
Anomalia,0.0079,0.1182,0.3236,0.1613,2880.0
Anomalia,0.012,0.1269,0.3397,-0.0886,2880.0
Anomalia,0.0171,0.1506,0.1326,-0.7977,3360.0
Anomalia,0.026,0.1355,-0.0174,-0.8074,2640.0
Anomalia,0.0148,0.1428,-0.1274,-0.7399,2880.0
Anomalia,0.0131,0.1434,-0.1791,-0.8627,2880.0
Anomalia,0.0083,0.1194,-0.2617,-0.4758,2880.0
Anomalia,0.0077,0.1252,-0.1197,-0.502,2880.0
Anomalia,0.0273,0.137,0.1048,-0.6853,2880.0
Anomalia,0.018,0.1266,0.2732,-0.3502,3360.0
Anomalia,0.017,0.1435,0.0786,-0.6036,3360.0
Anomalia,0.0084,0.1313,0.1675,-0.0797,3360.0
Anomalia,0.0028,0.1057,-0.0476,0.4538,2640.0
Anomalia,0.0079,0.1366,-0.0056,-0.2994,2640.0
Anomalia,0.0218,0.1335,-0.0052,-0.4634,2640.0
Anomalia,0.0182,0.1439,-0.0314,-0.8632,2880.0
Anomalia,0.0103,0.1429,0.0224,-0.8245,2880.0
Anomalia,0.0099,0.1586,0.0123,-0.3331,2880.0
Anomalia,0.0015,0.1574,0.1257,-0.2816,2880.0
Anomalia,0.0123,0.1619,-0.0073,-0.4203,2880.0
Anomalia,0.0235,0.1854,-0.0893,-0.7888,2880.0
Anomalia,0.0224,0.1684,-0.0405,-0.8855,2880.0
Anomalia,0.0189,0.185,-0.1076,-0.8286,2880.0
Anomalia,0.0094,0.1969,0.0424,-1.0009,2880.0
Anomalia,-0.0033,0.1798,0.1506,-0.8186,2880.0
Anomalia,0.0142,0.1687,-0.0796,-0.5428,2880.0
Anomalia,0.0124,0.1432,-0.006,-0.4889,3120.0
Anomalia,0.0223,0.1132,-0.1126,-0.6487,3120.0
Anomalia,0.0249,0.1013,-0.0201,-0.3273,2880.0
Anomalia,0.0052,0.0862,0.0112,-0.1162,2880.0
Anomalia,0.0114,0.0785,0.3344,-0.4682,2880.0
Anomalia,0.0042,0.0678,-0.0335,-0.7531,2880.0
Anomalia,0.014,0.0831,-0.0708,0.1766,2880.0
Anomalia,0.0225,0.0942,-0.1659,-0.2418,2880.0
Anomalia,0.0159,0.0942,-0.1742,-0.2201,2640.0
Anomalia,0.0144,0.1021,-0.0216,-0.5517,2880.0
Anomalia,0.0097,0.0943,0.0716,-0.7267,2880.0
Anomalia,0.0054,0.0958,0.4076,-0.2728,2880.0
Anomalia,0.0174,0.1306,0.4914,-0.2809,2880.0
Anomalia,0.0152,0.1307,0.4119,-0.2416,2880.0
Anomalia,0.0092,0.1282,0.5214,0.0041,3120.0
Anomalia,0.0124,0.1251,0.3619,0.0785,3120.0
Anomalia,-0.0024,0.104,-0.3027,-0.4944,2640.0
Anomalia,0.0103,0.1132,-0.07,-0.5451,2640.0
Anomalia,0.0206,0.111,-0.2593,-0.2864,2640.0
Anomalia,0.0145,0.1038,-0.1479,-0.0078,2640.0
Anomalia,0.019,0.0873,0.3891,0.0777,2880.0
Anomalia,0.0122,0.081,0.0763,-0.2669,2880.0
Anomalia,0.0064,0.086,0.094,-0.472,3120.0
Anomalia,0.0079,0.0943,0.119,-0.7685,2880.0
Anomalia,0.0169,0.0977,0.03,-0.9164,3360.0
Anomalia,0.0138,0.0865,0.0144,-0.8053,3600.0
Anomalia,0.0179,0.0869,0.0595,-1.0159,3120.0
Anomalia,0.0126,0.0745,0.1912,-0.7966,3120.0
Anomalia,0.0118,0.0768,0.4162,-0.1659,3120.0
Anomalia,0.0102,0.0832,0.2269,-0.1616,3360.0
Anomalia,0.0052,0.0932,0.4376,0.1772,3360.0
Anomalia,0.0192,0.1123,0.2331,-0.7352,2640.0
Anomalia,0.0097,0.1176,0.0963,-0.688,2640.0
Anomalia,0.0155,0.1356,0.0617,-0.3211,2880.0
Anomalia,0.0101,0.1631,-0.2028,-0.0665,2880.0
Anomalia,0.0067,0.162,-0.172,-0.0441,2880.0
Anomalia,0.0202,0.1598,-0.2914,0.1805,2640.0
Anomalia,0.0117,0.1477,-0.2838,0.3371,2640.0
Anomalia,0.0195,0.1394,-0.0635,-0.7106,3120.0
Anomalia,0.0126,0.1319,-0.0197,-0.4324,3120.0
Anomalia,0.0033,0.1472,-0.1427,-0.4874,3120.0
Anomalia,0.0105,0.1476,-0.1865,-0.4638,2880.0
Anomalia,0.0252,0.136,-0.2582,-0.0913,3360.0
Anomalia,0.0159,0.1483,-0.2619,-0.4815,3360.0
Anomalia,0.0214,0.1426,-0.034,-0.6708,3120.0
Anomalia,0.0068,0.1469,0.1034,-0.7252,3120.0
Anomalia,0.0001,0.1368,0.0798,-0.5493,2640.0
Anomalia,0.0138,0.1358,0.1264,-0.7481,2640.0
Anomalia,0.0146,0.1208,0.0544,-0.4904,3360.0
Anomalia,0.0272,0.1293,-0.045,-0.7704,2880.0
Anomalia,0.0136,0.134,-0.0511,-0.824,2880.0
Anomalia,0.0114,0.1265,-0.0491,-0.7457,2880.0
Anomalia,0.0012,0.1235,0.0661,-0.6512,2880.0
Anomalia,0.0091,0.1105,-0.0211,-0.5048,2880.0
Anomalia,0.0189,0.0985,0.2455,-0.783,2880.0
Anomalia,0.0132,0.0986,0.1824,-0.8387,2880.0
Anomalia,0.0207,0.1018,0.0936,-1.0481,2880.0
Anomalia,0.0128,0.1069,-0.1567,-0.766,2880.0
Anomalia,0.0057,0.105,-0.1532,-0.7986,2640.0
Anomalia,0.0076,0.1441,-0.4651,0.691,2640.0
Anomalia,0.0171,0.1826,-0.1361,-0.0856,2640.0
Anomalia,0.013,0.1787,-0.0622,0.0688,2880.0
Anomalia,0.016,0.1791,-0.1041,0.0662,2880.0
Anomalia,0.0222,0.1504,0.1518,0.6042,2880.0
Anomalia,0.0011,0.1013,-0.0138,-0.6917,2880.0
Anomalia,0.0158,0.1114,0.218,-0.4841,2880.0
Anomalia,0.0135,0.1136,0.2612,-0.5888,2880.0
Anomalia,0.0171,0.1173,0.2656,-0.6333,2880.0
Anomalia,0.0227,0.1338,0.0196,-0.8913,2880.0
Anomalia,0.0169,0.1395,0.1727,-0.6002,2880.0
Anomalia,0.0076,0.1747,-0.24,-0.4376,2880.0
Anomalia,0.0069,0.1736,-0.2041,-0.3965,2880.0
Anomalia,0.0143,0.1645,-0.3858,0.0901,2880.0
Anomalia,0.0172,0.1623,-0.544,0.0825,2880.0
Anomalia,0.0244,0.1419,-0.1773,-0.7272,2880.0
Anomalia,0.0128,0.1606,-0.1619,-0.947,2880.0
Anomalia,0.0118,0.1709,-0.0763,-1.1556,2880.0
Anomalia,0.0016,0.1645,-0.0238,-1.093,2880.0
Anomalia,0.0162,0.1478,-0.2344,-0.6731,2880.0
Anomalia,0.017,0.1148,-0.1354,-0.1534,2880.0
Anomalia,0.0156,0.1194,0.0344,0.0182,2880.0
Anomalia,0.0218,0.1225,-0.0903,0.0332,2880.0
Anomalia,0.0033,0.1242,0.1349,-0.1153,2880.0
Anomalia,0.0112,0.1259,-0.0063,-0.1998,2880.0
Anomalia,0.0119,0.1041,-0.2317,-0.1731,2640.0
Anomalia,0.0153,0.1144,0.2527,0.8577,3600.0
Anomalia,0.0178,0.1271,0.1137,0.5659,2880.0
Anomalia,0.0157,0.133,0.1337,0.0944,3360.0
Anomalia,0.0139,0.151,0.1558,-0.4542,2640.0
Anomalia,0.0082,0.1394,0.096,-0.6523,2640.0
Anomalia,0.0143,0.1259,0.0933,-0.6452,2640.0
Anomalia,0.018,0.1226,0.0882,-0.421,2640.0
Anomalia,0.018,0.1201,-0.0057,-0.508,2880.0
Anomalia,0.0171,0.1155,0.012,-0.3526,2880.0
Anomalia,0.0104,0.1289,-0.1855,-0.5231,2880.0
Anomalia,0.0102,0.1243,-0.2808,-0.3111,2880.0
Anomalia,-0.0004,0.1067,-0.3753,-0.0914,3360.0
Anomalia,0.0129,0.1222,-0.1686,-0.189,3360.0
Anomalia,0.0216,0.1111,0.0875,-0.1851,3120.0
Anomalia,0.0143,0.1261,0.0776,-0.7391,3360.0
Anomalia,0.0233,0.1205,-0.0016,-0.6456,3360.0
Anomalia,0.0128,0.1084,0.1156,-0.515,2640.0
Anomalia,0.0072,0.1114,0.2292,-0.5784,2640.0
Anomalia,0.0196,0.1035,0.3247,-0.6202,3120.0
Anomalia,0.0101,0.1209,0.0997,-0.3846,2640.0
Anomalia,0.018,0.1255,-0.0217,-0.3009,3360.0
Anomalia,0.011,0.1425,-0.2301,-0.4375,3360.0
Anomalia,0.012,0.1463,-0.1686,-0.5463,2880.0
Anomalia,0.024,0.1433,-0.2987,-0.5502,2880.0
Anomalia,0.0151,0.135,-0.3108,-0.5713,3360.0
Anomalia,0.0208,0.126,-0.1898,-0.9582,3120.0
Anomalia,0.0079,0.1304,-0.2759,-1.0565,3360.0
Anomalia,0.0071,0.1175,-0.3287,-0.7579,2880.0
Anomalia,0.0154,0.1411,-0.0878,-0.801,2880.0
Anomalia,0.0188,0.1421,-0.0954,-0.6648,2880.0
Anomalia,0.0199,0.1358,0.0457,-0.4448,2880.0
Anomalia,0.0178,0.1374,0.0817,-0.5562,2640.0
Anomalia,0.0077,0.1192,0.0473,-0.4758,2640.0
Anomalia,0.0076,0.1241,0.0255,-0.6084,2880.0
Anomalia,0.0118,0.127,-0.0011,-0.9703,2880.0
Anomalia,0.0162,0.1326,-0.0686,-1.0268,2880.0
Anomalia,0.02,0.1317,-0.0347,-0.8373,2880.0
Anomalia,0.0195,0.1155,0.1315,-0.6556,2880.0
Anomalia,0.0092,0.1067,0.2193,-0.2228,2400.0
Anomalia,0.0078,0.1065,0.2514,-0.1361,2640.0
Anomalia,0.0083,0.097,0.0344,-0.2143,2640.0
Anomalia,0.0101,0.0941,0.0383,-0.4126,3360.0
Anomalia,0.0293,0.0955,-0.142,-0.2611,3360.0
Anomalia,0.0161,0.1469,-0.6176,1.1923,2880.0
Anomalia,0.0151,0.1577,-0.5099,0.3842,2880.0
Anomalia,0.018,0.1745,-0.403,-0.369,2880.0
Anomalia,0.003,0.184,-0.1583,-0.8293,2880.0
Anomalia,0.0154,0.1473,-0.0337,-1.0727,2880.0
Anomalia,0.0151,0.1357,-0.011,-0.7951,3120.0
Anomalia,0.0148,0.1085,-0.0494,-0.0588,2640.0
Anomalia,0.0141,0.0895,0.1228,0.2116,3120.0
Anomalia,0.0084,0.0976,-0.4214,0.1794,2640.0
Anomalia,0.0137,0.1172,-0.2097,-0.2971,2880.0
Anomalia,0.0144,0.1436,-0.1584,-0.8258,2880.0
Anomalia,0.0154,0.1512,-0.1425,-1.0262,3360.0
Anomalia,0.0232,0.1607,-0.1053,-1.1001,2640.0
Anomalia,0.0094,0.1668,-0.0888,-1.0929,2640.0
Anomalia,0.0047,0.1556,-0.0319,-0.9984,2640.0
Anomalia,0.0116,0.1538,-0.1079,-0.9574,2640.0
Anomalia,0.0103,0.1391,-0.1615,-0.9226,2640.0
Anomalia,0.0214,0.1199,0.0373,-1.2182,2880.0
Anomalia,0.0219,0.1116,0.1585,-1.2217,2880.0
Anomalia,0.0084,0.1035,0.2207,-1.0117,3360.0
Anomalia,0.0091,0.098,0.2573,-0.9932,2640.0
Anomalia,0.0069,0.1102,0.1745,-0.9799,2640.0
Anomalia,0.0063,0.1056,0.1184,-0.8353,2640.0
Anomalia,0.0191,0.1039,-0.0338,-0.7174,2640.0
Anomalia,0.015,0.1123,-0.0317,-0.7074,2400.0
Anomalia,0.0097,0.093,0.0777,-0.2837,3360.0
Anomalia,0.0183,0.1013,0.1002,-0.5393,3360.0
Anomalia,0.0126,0.1165,0.0353,-0.912,2640.0
Anomalia,0.0139,0.1538,0.0262,0.1824,2640.0
Anomalia,0.0163,0.1701,0.0219,-0.3331,2640.0
Anomalia,0.0118,0.1873,0.0592,-0.7796,2640.0
Anomalia,0.0177,0.1813,-0.0027,-0.5251,3360.0
Anomalia,0.0088,0.1597,-0.0494,-0.6979,3360.0
Anomalia,0.0106,0.1486,-0.1211,-0.6796,2880.0
Anomalia,0.0135,0.1267,-0.2975,-0.5991,3120.0
Anomalia,0.0074,0.1213,-0.1898,-0.4435,3120.0
Anomalia,0.0221,0.0953,0.2339,-0.6199,3120.0
Anomalia,0.0159,0.0834,0.2699,-0.7022,3120.0
Anomalia,0.0099,0.0658,0.5033,-0.1293,3120.0
Anomalia,0.0146,0.0867,0.4765,1.9491,2880.0
Anomalia,0.0155,0.1319,0.4976,1.0039,2880.0
Anomalia,0.0171,0.1442,0.1474,0.4167,2880.0
Anomalia,0.0188,0.151,0.0903,-0.0649,2640.0
Anomalia,0.0124,0.1557,0.0801,-0.4397,2640.0
Anomalia,0.0145,0.1319,-0.1272,-0.5793,2640.0
Anomalia,0.0085,0.1334,0.0974,-0.9829,2640.0
Anomalia,0.0153,0.1373,0.0586,-1.0649,2640.0
Anomalia,0.0232,0.127,0.0924,-0.9957,2640.0
Anomalia,0.0054,0.124,-0.0013,-1.0577,3120.0
Anomalia,0.0186,0.1254,-0.1398,-0.926,3120.0
Anomalia,0.0102,0.1239,0.0903,-0.4581,2880.0
Anomalia,0.0084,0.158,0.2965,0.1338,2640.0
Anomalia,0.0217,0.1584,0.2039,0.0736,2640.0
Anomalia,0.0201,0.1423,0.3747,1.2199,2640.0
Anomalia,0.0139,0.1379,0.3585,1.3418,2640.0
Anomalia,0.0124,0.0841,0.1046,0.1866,2880.0
Anomalia,0.0084,0.0924,0.3023,1.2053,2880.0
Anomalia,0.009,0.1088,0.3563,0.0268,2880.0
Anomalia,0.0182,0.1308,0.1417,-0.5087,2880.0
Anomalia,0.0223,0.1408,0.0301,-0.9362,2880.0
Anomalia,0.0168,0.1284,0.0619,-0.8574,2880.0
Anomalia,0.0159,0.1266,0.0892,-0.7825,2880.0
Anomalia,0.0105,0.1116,0.0893,-0.6474,2880.0
Anomalia,0.012,0.1192,0.23,-0.7327,2880.0
Anomalia,0.0135,0.1148,0.2614,-0.5212,2880.0
Anomalia,0.0172,0.1296,0.2655,-0.6441,2880.0
Anomalia,0.0184,0.1426,0.1056,-0.8171,2880.0
Anomalia,0.0043,0.1728,0.0084,-0.5687,2880.0
Anomalia,0.0136,0.1919,-0.0678,-1.0524,2880.0
Anomalia,0.0037,0.176,-0.0256,-0.6371,2880.0
Anomalia,0.0095,0.1617,-0.0783,-0.1273,2880.0
Anomalia,0.0256,0.1243,0.1425,-0.2663,2880.0
Anomalia,0.0142,0.1014,0.3338,-0.5942,2640.0
Anomalia,0.0163,0.1045,0.2949,-0.7686,2640.0
Anomalia,0.0091,0.1231,0.4163,-0.145,2880.0
Anomalia,0.0033,0.1249,0.4339,0.0322,2880.0
Anomalia,0.0174,0.1484,0.316,-0.3797,2880.0
Anomalia,0.0213,0.1585,0.1231,-0.6999,3360.0
Anomalia,0.0218,0.1473,-0.0077,-0.5401,3360.0
Anomalia,0.0181,0.1406,0.0122,-0.4495,3360.0
Anomalia,0.0054,0.1251,-0.0822,-0.6859,3360.0
Anomalia,0.0052,0.1313,0.0885,-0.8075,3360.0
Anomalia,0.0116,0.1377,0.1216,-1.0385,2880.0
Anomalia,0.028,0.145,0.0271,-1.0131,2880.0
Anomalia,0.0216,0.1546,-0.15,-0.7301,2640.0
Anomalia,0.0148,0.1388,-0.0906,-0.2314,2640.0
Anomalia,0.0067,0.1593,-0.0328,-0.3394,2640.0
Anomalia,-0.0056,0.154,0.0274,-0.2362,2640.0
Anomalia,0.014,0.138,0.0015,-0.0367,2880.0
Anomalia,0.0183,0.145,-0.0351,-0.3516,2880.0
Anomalia,0.0233,0.1209,0.1141,-0.918,2880.0
Anomalia,0.0213,0.1426,0.066,-0.8956,2880.0
Anomalia,0.0109,0.1581,0.0445,-0.9683,2880.0
Anomalia,0.0112,0.1577,-0.0095,-0.9868,2880.0
Anomalia,0.0089,0.1479,0.0013,-0.7022,2880.0
Anomalia,0.0135,0.1203,-0.2519,0.0083,3360.0
Anomalia,0.0146,0.1114,-0.0915,-0.3058,3360.0
Anomalia,0.0182,0.1092,0.0902,-0.0321,2880.0
Anomalia,0.0198,0.1095,0.0809,-0.0543,2640.0
Anomalia,0.002,0.1088,0.3801,-0.0474,2640.0
Anomalia,0.0132,0.099,0.5577,-0.4471,2640.0
Anomalia,0.0116,0.123,0.2819,-0.2463,2640.0
Anomalia,0.0129,0.139,0.1043,-0.6766,2640.0
Anomalia,0.029,0.1392,-0.1713,-0.5433,2640.0
Anomalia,0.0123,0.138,-0.0842,-0.5701,2880.0
Anomalia,0.0121,0.1131,-0.2882,-0.2542,2880.0
Anomalia,0.0077,0.1032,-0.1512,-0.4731,3360.0
Anomalia,0.0147,0.1154,-0.0397,-0.8436,2880.0
Anomalia,0.0211,0.1072,0.1047,-0.9085,2880.0
Anomalia,0.0171,0.1026,0.2639,-0.827,2880.0
Anomalia,0.0122,0.1058,0.2087,-0.6454,2640.0
Anomalia,0.0102,0.0961,0.0466,-0.3349,2640.0
Anomalia,0.0086,0.0947,0.0384,-0.2884,2640.0
Anomalia,0.0152,0.0967,-0.1182,-0.3826,2640.0
Anomalia,0.0192,0.0802,0.0649,-0.8687,3360.0
Anomalia,0.0083,0.0926,0.1619,0.4382,3360.0
Anomalia,0.012,0.1294,0.0998,0.0617,2640.0
Anomalia,0.0088,0.1337,0.095,-0.0972,2640.0
Anomalia,0.0135,0.1323,0.0241,0.0328,2640.0
Anomalia,0.0209,0.1228,-0.1077,0.4167,2640.0
Anomalia,0.0195,0.1262,-0.002,1.8249,2640.0
Anomalia,0.0186,0.1701,-0.0895,0.3967,2880.0
Anomalia,0.0116,0.1814,-0.055,-0.2607,2880.0
Anomalia,0.0083,0.1812,-0.0173,-0.2572,2880.0
Anomalia,0.0142,0.1699,-0.0824,-0.2848,2880.0
Anomalia,0.0153,0.1425,0.0471,-0.8737,2880.0
Anomalia,0.0158,0.1621,-0.0674,-0.9078,2640.0
Anomalia,0.0151,0.1749,-0.0297,-1.2581,2880.0
Anomalia,0.0078,0.175,-0.0546,-1.302,2880.0
Anomalia,0.0054,0.1564,-0.1161,-0.8727,2880.0
Anomalia,0.0181,0.1289,-0.114,-0.6804,3120.0
Anomalia,0.0071,0.1095,0.0505,-0.049,3120.0
Anomalia,0.0191,0.1014,0.586,-0.259,3120.0
Anomalia,0.0131,0.1124,0.2927,-0.5465,3120.0
Anomalia,0.002,0.1191,0.1761,-0.5224,3360.0
Anomalia,0.0155,0.1169,-0.1097,-0.32,3360.0
Anomalia,0.0081,0.1128,-0.2199,-0.4354,3360.0
Anomalia,0.0178,0.1016,-0.2203,0.2371,2880.0
Anomalia,0.0256,0.1452,-0.0909,1.3584,2880.0
Anomalia,0.0167,0.1673,-0.2294,0.3148,2880.0
Anomalia,0.0068,0.1686,-0.1791,0.1925,2880.0
Anomalia,-0.0032,0.1861,-0.0861,-0.5084,3360.0
Anomalia,0.0047,0.1588,-0.307,-0.5423,2640.0
Anomalia,0.0214,0.1412,-0.3254,-0.4653,2640.0
Anomalia,0.0158,0.1476,-0.3242,-0.6828,2640.0
Anomalia,0.0269,0.1356,-0.3149,-0.7634,3120.0
Anomalia,0.007,0.14,-0.2791,-0.7729,2880.0
Anomalia,-0.005,0.1615,0.0179,-1.0997,2880.0
Anomalia,0.0138,0.1709,0.068,-1.0501,2880.0
Anomalia,0.0152,0.1725,0.0381,-1.0407,2880.0
Anomalia,0.0186,0.1618,0.0715,-0.8933,2880.0
Anomalia,0.0211,0.1353,0.1303,-0.1401,2640.0
Anomalia,0.0091,0.0957,-0.1206,0.5721,3360.0
Anomalia,0.0081,0.0785,-0.1693,0.7224,3360.0
Anomalia,0.0107,0.0683,-0.1487,0.1398,2640.0
Anomalia,0.0172,0.0856,0.0679,-0.304,2880.0
Anomalia,0.019,0.0887,0.0234,-0.5462,2880.0
Anomalia,0.0206,0.09,-0.0084,-0.6059,2880.0
Anomalia,0.0124,0.0938,-0.1395,-0.498,3360.0
Anomalia,0.0057,0.0855,-0.24,-0.271,2640.0
Anomalia,0.0094,0.1032,0.0984,-0.2977,2640.0
Anomalia,0.0052,0.1118,0.0842,-0.5542,3120.0
Anomalia,0.0277,0.1244,0.0807,-0.8723,3120.0
Anomalia,0.0142,0.1352,-0.0151,-0.9574,3120.0
Anomalia,0.0248,0.1503,0.1864,-0.5029,2880.0
Anomalia,0.0094,0.174,-0.0385,-0.4092,2880.0
Anomalia,-0.0016,0.1601,0.0131,0.2726,2880.0
Anomalia,0.0169,0.1534,-0.129,0.7366,2880.0
Anomalia,0.0073,0.1268,-0.747,1.8472,2880.0
Anomalia,0.0235,0.1029,-0.0139,-0.2891,3120.0
Anomalia,0.0206,0.1015,0.0459,-0.2199,3120.0
Anomalia,0.0038,0.1333,-0.3122,0.4798,2880.0
Anomalia,0.0091,0.1402,-0.2836,0.0822,2880.0
Anomalia,0.0092,0.1387,-0.2726,0.1848,2880.0
Anomalia,0.0158,0.1456,-0.3127,-0.1347,3360.0
Anomalia,0.0242,0.1082,0.1565,-0.3693,3360.0
Anomalia,0.0066,0.0988,0.372,0.1171,3360.0
Anomalia,0.007,0.0775,0.3722,0.193,2880.0
Anomalia,0.0128,0.0716,0.275,-0.1498,2640.0
Anomalia,0.0133,0.1,-0.1068,0.0659,2640.0
Anomalia,0.0238,0.1056,-0.3154,-0.1056,2640.0
Anomalia,0.0199,0.143,-0.2228,-0.2525,2880.0
Anomalia,0.0046,0.1415,-0.0335,-0.2717,2880.0
Anomalia,0.0092,0.128,-0.0534,0.3914,2880.0
Anomalia,0.0144,0.1366,-0.0335,-0.0415,2880.0
Anomalia,0.0142,0.1111,-0.0328,-0.5901,2880.0
Anomalia,0.0254,0.126,-0.0001,-0.7472,2880.0
Anomalia,0.0196,0.1789,-0.1059,-0.4101,2880.0
Anomalia,0.0097,0.1834,-0.0365,-0.5995,2880.0
Anomalia,0.011,0.1962,0.0022,-0.7784,2880.0
Anomalia,0.0034,0.1848,0.0623,-0.3852,2880.0
Anomalia,0.0107,0.1385,0.0576,-0.0907,2880.0
Anomalia,0.0173,0.1712,-0.0066,0.5525,2880.0
Anomalia,0.0128,0.1679,-0.1929,0.7907,3360.0
Anomalia,0.0201,0.1708,-0.2946,0.6508,3360.0
Anomalia,0.0055,0.1669,-0.1125,0.7751,3360.0
Anomalia,0.0118,0.1231,-0.5087,0.7117,3360.0
Anomalia,0.0134,0.097,0.0134,-0.7768,3360.0
Anomalia,0.009,0.1042,0.1648,-0.817,3360.0
Anomalia,0.0174,0.1154,-0.0028,-0.8842,2640.0
Anomalia,0.011,0.1103,0.2197,-0.7597,3120.0
Anomalia,0.0195,0.1534,0.2,-0.2728,2880.0
Anomalia,0.016,0.1715,0.1444,-0.6757,2880.0
Anomalia,0.0142,0.1738,0.2177,-0.6865,2880.0
Anomalia,0.0187,0.1757,0.1215,-0.774,2880.0
Anomalia,0.0094,0.1391,0.1291,-0.4708,2640.0
Anomalia,0.0079,0.1385,-0.0628,-0.4814,2880.0
Anomalia,0.0123,0.1254,-0.3367,-0.1022,3360.0
Anomalia,0.0058,0.1254,-0.2874,-0.1675,2880.0
Anomalia,0.0192,0.1273,-0.3957,-0.047,2880.0
Anomalia,0.0221,0.0891,-0.0548,-0.2791,2640.0
Anomalia,0.0172,0.0813,0.1388,0.4026,2640.0
Anomalia,0.0106,0.0631,0.8464,1.1866,2640.0
Anomalia,0.0031,0.0669,0.2448,1.7314,2640.0
Anomalia,0.015,0.0896,0.43,0.2614,3360.0
Anomalia,0.0143,0.0999,0.2884,-0.4015,3600.0
Anomalia,0.0248,0.1165,0.0114,-0.7499,3600.0
Anomalia,0.0182,0.1133,0.1591,-0.7692,3600.0
Anomalia,0.007,0.1041,0.1152,-0.5594,2880.0
Anomalia,0.0151,0.1125,0.0382,-0.7914,2880.0
Anomalia,0.0065,0.1101,-0.0799,-0.4906,3360.0
Anomalia,0.0172,0.1338,-0.0001,-0.6074,3360.0
Anomalia,0.0164,0.1314,0.0727,-0.4917,3360.0
Anomalia,0.0153,0.1264,0.0689,-0.3075,2640.0
Anomalia,0.0177,0.1172,0.2605,-0.1996,2640.0
Anomalia,0.0076,0.086,0.3826,-0.6259,2640.0
Anomalia,0.0103,0.0848,0.2553,-0.7434,2640.0
Anomalia,0.0103,0.0776,0.2976,-0.6673,2640.0
Anomalia,0.0175,0.091,0.4526,0.0583,2880.0
Anomalia,0.021,0.0937,0.4226,-0.013,2880.0
Anomalia,0.0171,0.1209,0.2483,-0.2996,2640.0
Anomalia,0.0122,0.1599,0.1431,-0.5219,2640.0
Anomalia,0.0041,0.1565,0.2138,-0.4475,2640.0
Anomalia,0.0138,0.1521,0.021,-0.217,2880.0
Anomalia,0.0197,0.1383,-0.0812,0.3571,2880.0
Anomalia,0.0224,0.1132,-0.0079,-0.606,2880.0
Anomalia,0.0192,0.1095,0.042,-0.4357,2640.0
Anomalia,0.0086,0.1179,0.2676,-0.7364,2640.0
Anomalia,0.01,0.1226,0.2204,-0.7578,2640.0
Anomalia,0.0127,0.1209,0.2309,-0.7968,2880.0
Anomalia,0.0124,0.1416,-0.0392,-0.7707,2640.0
Anomalia,0.0222,0.1564,-0.1722,-0.8639,2640.0
Anomalia,0.0104,0.1606,-0.1343,-1.0123,2640.0
Anomalia,0.0088,0.161,-0.1694,-0.9841,2880.0
Anomalia,0.0169,0.1467,-0.1927,-0.8662,2880.0
Anomalia,0.0146,0.135,-0.181,-1.0315,3120.0
Anomalia,0.0199,0.1267,-0.0309,-1.0481,2880.0
Anomalia,0.0149,0.1155,0.1934,-1.1354,2880.0
Anomalia,0.0108,0.1082,0.2767,-0.8795,2640.0
Anomalia,0.0082,0.1133,0.2521,-0.7993,2640.0
Anomalia,0.0137,0.1035,0.1719,-0.4467,2880.0
Anomalia,0.0251,0.1071,-0.0306,-0.4618,3120.0
Anomalia,0.0215,0.1165,-0.1737,-0.6018,2880.0
Anomalia,0.0132,0.1304,-0.3472,-0.1166,2880.0
Anomalia,0.0152,0.1304,-0.3806,-0.0609,2640.0
Anomalia,0.0124,0.1713,0.1062,0.2042,2640.0
Anomalia,0.0187,0.2362,-0.005,-0.4119,2880.0
Anomalia,0.0172,0.2483,-0.0563,-0.6048,2880.0
Anomalia,0.0149,0.2488,-0.0287,-0.6298,2880.0
Anomalia,0.0071,0.2209,-0.0701,-0.0427,2880.0
Anomalia,0.0126,0.1519,-0.4046,0.4457,2880.0
Anomalia,0.0092,0.107,0.0647,-0.8059,2880.0
Anomalia,0.0092,0.1127,0.2424,-0.7275,2880.0
Anomalia,0.0178,0.1149,0.2892,-0.7281,2880.0
Anomalia,0.0079,0.1151,0.1901,-0.567,2880.0
Anomalia,0.0185,0.1096,0.1348,-0.4851,3360.0
Anomalia,0.0155,0.1156,0.0604,-0.7775,2880.0
Anomalia,0.0048,0.1132,-0.0032,-0.7198,2880.0
Anomalia,0.0157,0.1108,0.0697,-0.7713,3360.0
Anomalia,0.0188,0.108,0.0058,-0.5911,3360.0
Anomalia,0.0166,0.1018,-0.0378,-0.6198,3360.0
Anomalia,0.0167,0.1253,-0.1426,-0.3024,2640.0
Anomalia,0.0064,0.1203,-0.0812,-0.2118,2640.0
Anomalia,0.0077,0.1404,0.0731,-0.7668,2880.0
Anomalia,0.0107,0.1359,0.07,-0.4924,2880.0
Anomalia,0.0183,0.1047,0.2764,0.1743,2880.0
Anomalia,0.0259,0.1271,0.0202,-0.0441,2880.0
Anomalia,0.0116,0.1252,-0.1231,-0.122,2880.0
Anomalia,0.0073,0.2087,-0.0494,0.6438,2880.0
Anomalia,0.0069,0.2261,0.0213,-0.1186,2880.0
Anomalia,0.0048,0.2264,0.0416,-0.1364,2880.0
Anomalia,0.0238,0.2243,-0.1142,0.0108,2880.0
Anomalia,0.0265,0.1648,-0.0166,-0.9729,2880.0
Anomalia,0.0203,0.1501,-0.0433,-1.1006,2880.0
Anomalia,0.0108,0.1422,0.0296,-1.1419,3120.0
Anomalia,0.0015,0.1796,0.2227,0.1204,2640.0
Anomalia,0.0072,0.1937,0.1664,-0.2865,2880.0
Anomalia,0.0129,0.1953,0.1274,-0.2876,2640.0
Anomalia,0.0192,0.187,0.0986,0.1054,2640.0
Anomalia,0.0153,0.1672,0.0207,-0.7137,2640.0
Anomalia,0.0217,0.1614,0.1384,-0.6306,2640.0
Anomalia,0.0016,0.1724,0.0206,-0.5394,2880.0
Anomalia,0.0136,0.1748,-0.1056,-0.5737,2880.0
Anomalia,0.0133,0.1521,-0.1178,0.1764,2880.0
Anomalia,0.0018,0.1214,-0.5993,1.3423,3120.0
Anomalia,0.025,0.1023,0.0333,-0.2274,3120.0
Anomalia,0.0082,0.1057,-0.1924,-0.1136,3360.0
Anomalia,0.01,0.1115,-0.1559,-0.4525,3360.0
Anomalia,0.0043,0.1175,-0.1742,-0.6796,3360.0
Anomalia,0.0121,0.114,-0.2414,-0.51,3360.0
Anomalia,0.0257,0.1084,-0.0848,-0.463,2640.0
Anomalia,0.0158,0.1061,-0.0583,-0.4656,2640.0
Anomalia,0.0178,0.1237,-0.2091,-0.2606,2640.0
Anomalia,0.004,0.1161,-0.14,0.0038,3360.0
Anomalia,-0.0011,0.135,-0.0054,-0.5376,3360.0
Anomalia,0.0116,0.1648,-0.0171,-0.4964,2880.0
Anomalia,0.0192,0.1837,0.1187,-0.51,2880.0
Anomalia,0.0118,0.1945,0.1324,-0.871,2880.0
Anomalia,0.0149,0.1793,0.0977,-0.3748,2880.0
Anomalia,0.0033,0.2047,-0.11,-0.0688,2880.0
Anomalia,0.0067,0.1892,-0.2973,0.23,2880.0
Anomalia,0.0216,0.1789,-0.5243,1.0817,2880.0
Anomalia,0.0117,0.18,-0.3611,0.8269,2640.0
Anomalia,0.0225,0.1182,0.0012,-0.3149,2880.0
Anomalia,0.011,0.0932,-0.0113,-0.2321,3360.0
Anomalia,0.0066,0.1044,0.2833,-0.3491,3360.0
Anomalia,0.0085,0.1016,0.2579,-0.1949,3360.0
Anomalia,0.0168,0.096,0.3702,-0.0666,3360.0
Anomalia,0.0139,0.1052,-0.0851,-0.3799,3360.0
Anomalia,0.0129,0.0994,-0.2274,-0.562,2880.0
Anomalia,0.0114,0.1208,-0.2041,-0.8012,2880.0
Anomalia,0.0001,0.1465,-0.0874,-0.9817,2880.0
Anomalia,0.0149,0.1455,-0.2126,-0.9044,2640.0
Anomalia,0.0054,0.1456,-0.0988,-0.9637,2880.0
Anomalia,0.0177,0.1456,-0.0162,-0.7784,2880.0
Anomalia,0.015,0.1215,0.2779,-0.7036,2880.0
Anomalia,0.008,0.1105,0.4224,-0.0564,2880.0
Anomalia,0.0197,0.1073,0.4291,0.0357,2880.0
Anomalia,0.0061,0.1022,-0.1716,-0.4344,2880.0
Anomalia,0.0158,0.1143,-0.1278,-0.5311,2640.0
Anomalia,0.0114,0.1137,-0.0281,-0.5549,2640.0
Anomalia,0.0157,0.119,-0.0396,-0.6681,2880.0
Anomalia,0.0172,0.1344,-0.1402,-0.4648,2880.0
Anomalia,0.0067,0.1281,-0.2393,-0.1619,2880.0
Anomalia,0.0063,0.1738,-0.1543,-0.6491,2880.0
Anomalia,0.0104,0.1962,0.0189,-1.0009,2880.0
Anomalia,0.0143,0.1851,0.0661,-0.7283,2880.0
Anomalia,0.0205,0.2083,0.0259,-1.0929,2640.0
Anomalia,0.0188,0.1761,0.2263,-0.7079,2640.0
Anomalia,-0.0017,0.1548,0.2202,-0.3829,2640.0
Anomalia,0.0087,0.1497,0.0486,-0.3217,3120.0
Anomalia,0.0139,0.101,-0.2601,-0.3279,2880.0
Anomalia,0.0183,0.0996,-0.3097,-0.1413,2880.0
Anomalia,0.0228,0.0939,-0.0161,-0.3137,3360.0
Anomalia,0.01,0.1074,-0.1828,-0.262,3120.0
Anomalia,0.0044,0.165,-0.0456,-0.1114,2640.0
Anomalia,0.0073,0.1649,-0.0891,-0.1046,2880.0
Anomalia,0.0154,0.1651,-0.1985,-0.0433,2880.0
Anomalia,0.018,0.1518,-0.2204,0.7648,2880.0
Anomalia,0.0227,0.0973,-0.009,-0.8256,3360.0
Anomalia,0.0112,0.119,-0.2715,-0.3916,3360.0
Anomalia,0.005,0.1094,-0.2591,-0.0391,3360.0
Anomalia,0.009,0.1642,0.2665,0.3282,3360.0
Anomalia,0.0086,0.1788,0.2047,-0.1996,2880.0
Anomalia,0.024,0.1796,0.1574,-0.3026,2880.0
Anomalia,0.027,0.2096,-0.0608,-0.7596,3360.0
Anomalia,0.0175,0.1856,-0.261,-0.5584,3120.0
Anomalia,0.0071,0.1806,-0.2635,-0.491,3120.0
Anomalia,0.0042,0.1811,-0.3391,-0.4205,3360.0
Anomalia,0.01,0.149,-0.5551,-0.0784,2880.0
Anomalia,0.0126,0.1304,-0.5299,0.1713,2880.0
Anomalia,0.0271,0.128,-0.2361,-0.015,3360.0
Anomalia,0.0162,0.1132,0.0292,-0.5857,2640.0
Anomalia,0.0068,0.1086,0.121,-0.3981,2640.0
Anomalia,0.0112,0.1052,0.1398,-0.2403,2640.0
Anomalia,0.0092,0.0845,-0.2954,-0.0293,2640.0
Anomalia,0.0177,0.088,0.0214,-0.1157,3120.0
Anomalia,0.021,0.1109,0.1033,-0.0963,3360.0
Anomalia,0.0181,0.1316,0.1753,-0.6186,3360.0
Anomalia,0.0085,0.1334,0.2851,-0.6782,3360.0
Anomalia,0.0042,0.1263,0.3695,-0.3608,3360.0
Anomalia,0.0131,0.1182,0.267,-0.4784,3120.0
Anomalia,0.0186,0.1019,-0.0369,-0.507,2640.0
Anomalia,0.0225,0.1162,-0.1236,-0.8756,2640.0
Anomalia,0.02,0.1208,-0.0981,-0.9994,3120.0
Anomalia,0.006,0.1101,0.044,-0.8212,2880.0
Anomalia,0.0068,0.1156,0.3756,-0.5394,2880.0
Anomalia,0.0114,0.107,0.4922,-0.1464,2640.0
Anomalia,0.0174,0.0953,0.6239,0.3892,3600.0
Anomalia,0.0209,0.0922,0.5604,0.7385,3120.0
Anomalia,0.0142,0.0891,0.2119,-0.0243,2880.0
Anomalia,0.0111,0.08,0.2057,-0.0286,2880.0
Anomalia,0.0146,0.0983,0.1831,-0.3337,2880.0
Anomalia,0.0081,0.1001,0.265,-0.4504,2880.0
Anomalia,0.0136,0.0915,0.1856,-0.2957,2880.0
Anomalia,0.0122,0.1029,0.2207,-0.4803,3360.0
Anomalia,0.0122,0.1134,0.2861,-0.4866,2880.0
Anomalia,0.0134,0.1142,0.2457,-0.5311,2640.0
Anomalia,0.0143,0.1196,0.2474,-0.7893,2640.0
Anomalia,0.0154,0.131,0.1752,-0.9006,2640.0
Anomalia,0.0078,0.1275,0.2617,-0.4179,2880.0
Anomalia,0.0263,0.1711,0.3375,-0.3918,2880.0
Anomalia,0.0124,0.1829,0.3358,-0.6929,2880.0
Anomalia,0.0146,0.175,0.3791,-0.4019,2880.0
Anomalia,0.0143,0.1701,0.368,-0.3212,2880.0
Anomalia,0.0021,0.1342,0.0346,-0.866,2880.0
Anomalia,0.0168,0.131,0.164,-0.9228,2880.0
Anomalia,0.0102,0.1305,0.0588,-0.895,2880.0
Anomalia,0.022,0.1248,-0.0706,-0.753,3120.0
Anomalia,0.0167,0.1212,-0.0616,-0.5318,3120.0
Anomalia,0.0119,0.1209,-0.0499,-0.3481,2640.0
Anomalia,0.0158,0.1161,0.0471,-0.2985,3360.0
Anomalia,0.0129,0.118,0.0424,-0.3365,2640.0
Anomalia,0.0169,0.1286,0.1616,-0.4795,3360.0
Anomalia,0.0144,0.1192,0.0337,-0.4325,3360.0
Anomalia,0.007,0.1302,-0.0845,-0.65,2640.0
Anomalia,0.01,0.1318,-0.0365,-0.6885,3360.0
Anomalia,0.0202,0.1186,-0.3653,-0.4012,2640.0
Anomalia,0.0186,0.1044,-0.314,0.1383,3120.0
Anomalia,0.0274,0.081,0.3217,-0.0959,2880.0
Anomalia,0.0158,0.0836,-0.1118,0.1208,2880.0
Anomalia,0.0017,0.104,-0.0703,-0.0058,2880.0
Anomalia,0.0105,0.1297,-0.1011,-0.4699,2880.0
Anomalia,0.0132,0.1331,-0.0965,-0.6229,2880.0
Anomalia,0.0188,0.1301,-0.1542,-0.501,2880.0
Anomalia,0.0207,0.1155,-0.103,-0.1779,3120.0
Anomalia,0.0146,0.1227,-0.0077,-0.3006,2880.0
Anomalia,0.0124,0.1394,0.046,-0.8012,2880.0
Anomalia,0.0121,0.1471,-0.0395,-0.9138,2880.0
Anomalia,0.0108,0.1489,-0.0214,-0.9873,2880.0
Anomalia,0.019,0.1455,0.0692,-1.0058,2880.0
Anomalia,0.0185,0.1297,0.0459,-0.6044,2880.0
Anomalia,0.0096,0.1269,0.1983,-0.635,2880.0
Anomalia,0.0154,0.1213,0.1371,-0.3421,2880.0
Anomalia,-0.0011,0.0996,-0.3225,-0.6757,3120.0
Anomalia,0.01,0.112,-0.0179,-0.5842,3120.0
Anomalia,0.0144,0.1283,-0.167,0.4862,2640.0
Anomalia,0.0193,0.1603,0.034,-0.2693,2880.0
Anomalia,0.025,0.1617,-0.0445,-0.3029,2880.0
Anomalia,0.0057,0.1559,0.1371,-0.1355,2880.0
Anomalia,0.0115,0.1626,0.2405,-0.4232,2880.0
Anomalia,0.0082,0.1372,0.2302,0.0241,2880.0
Anomalia,0.0135,0.1672,0.1732,-0.3617,2880.0
Anomalia,0.0271,0.1664,0.027,-0.2495,2880.0
Anomalia,0.0233,0.1486,-0.0474,0.1181,3360.0
Anomalia,0.0081,0.1575,-0.0993,-0.2802,2880.0
Anomalia,0.0181,0.1398,-0.2966,-0.4982,3360.0
Anomalia,0.0014,0.1427,-0.0925,-0.7909,2880.0
Anomalia,0.0144,0.1552,-0.0149,-0.7937,3120.0
Anomalia,0.0283,0.1452,0.0484,-0.6748,2640.0
Anomalia,0.0072,0.1286,0.2229,-0.1497,2880.0
Anomalia,0.0254,0.1375,0.0925,-0.4798,3360.0
Anomalia,0.007,0.1299,0.0994,-0.6774,3120.0
Anomalia,0.0084,0.1473,0.2103,-0.9834,2880.0
Anomalia,0.0204,0.1545,0.1088,-1.1873,2880.0
Anomalia,0.0115,0.1427,0.1836,-0.9153,2880.0
Anomalia,0.0121,0.1629,-0.0678,-0.681,2880.0
Anomalia,0.0116,0.1554,-0.1266,-0.4354,2880.0
Anomalia,0.009,0.1571,-0.1434,-0.4976,2880.0
Anomalia,0.0131,0.1644,-0.1578,-0.7381,2880.0
Anomalia,0.0209,0.1302,0.0252,-0.8104,2880.0
Anomalia,0.0166,0.1277,-0.0582,-0.9137,2880.0
Anomalia,0.0209,0.1211,-0.09,-0.9234,2880.0
Anomalia,0.0134,0.1058,0.0202,-0.5174,2880.0
Anomalia,0.0122,0.1193,0.47,0.5452,3360.0
Anomalia,0.0171,0.1324,0.4876,0.1703,2880.0
Anomalia,0.0047,0.1352,0.5165,0.1565,2640.0
Anomalia,0.0182,0.1411,0.2817,-0.2738,2640.0
Anomalia,0.0193,0.1366,-0.0987,-0.6077,2640.0
Anomalia,0.0125,0.1156,-0.3639,-0.4775,2880.0
Anomalia,0.0133,0.1073,-0.3011,-0.2868,3360.0
Anomalia,0.0126,0.1045,-0.409,-0.2672,2880.0
Anomalia,0.0073,0.0926,-0.2425,-0.7132,2880.0
Anomalia,0.0185,0.1113,-0.0131,-0.2519,2880.0
Anomalia,0.018,0.1544,-0.4913,0.3454,2880.0
Anomalia,0.0137,0.1522,-0.4539,0.4268,2880.0
Anomalia,0.0156,0.1616,-0.4161,-0.0549,2880.0
Anomalia,0.0107,0.1481,-0.4826,0.5369,3360.0
Anomalia,0.0275,0.1015,-0.1193,0.0407,3360.0
Anomalia,0.0104,0.1184,-0.1292,-0.5751,3360.0
Anomalia,0.0182,0.1121,-0.0369,-0.3688,3360.0
Anomalia,0.0109,0.1303,-0.0628,-0.6679,3360.0
Anomalia,0.0094,0.1413,0.0837,-0.8428,3360.0
Anomalia,0.0192,0.149,-0.0797,-0.7479,2880.0
Anomalia,0.0151,0.1458,-0.1246,-0.6972,2640.0
Anomalia,0.0211,0.1322,-0.1567,-0.3731,2640.0
Anomalia,0.0049,0.1271,-0.1982,-0.6116,3360.0
Anomalia,0.0084,0.1212,-0.0081,-0.8217,2880.0
Anomalia,0.0056,0.1514,-0.0973,-0.6399,2880.0
Anomalia,0.0119,0.1502,-0.2155,-0.5512,2880.0
Anomalia,0.0264,0.1452,-0.4438,-0.088,2880.0
Anomalia,0.0198,0.1265,-0.474,0.8631,2880.0
Anomalia,0.0207,0.1048,-0.2577,-0.1124,2880.0
Anomalia,0.008,0.0998,-0.1145,0.0151,3360.0
Anomalia,0.0076,0.0935,-0.0254,0.5243,3360.0
Anomalia,0.0141,0.0988,-0.1829,0.0665,3360.0
Anomalia,0.0128,0.0859,-0.0117,-0.3691,2880.0
Anomalia,0.0228,0.0921,0.0238,-0.5635,2880.0
Anomalia,0.0067,0.1114,-0.1798,-0.0732,2880.0
Anomalia,0.0055,0.1631,-0.0551,0.1725,2880.0
Anomalia,0.0077,0.1628,-0.0569,0.2409,2880.0
Anomalia,0.0064,0.179,0.023,-0.4163,2880.0
Anomalia,0.02,0.1724,-0.0703,-0.2217,2880.0
Anomalia,0.0235,0.1249,0.0828,-0.4444,2880.0
Anomalia,0.0172,0.1211,0.0286,-0.4,2880.0
Anomalia,0.014,0.0988,0.0574,-0.8092,2880.0
Anomalia,0.0028,0.0913,0.1681,-0.4685,2640.0
Anomalia,0.0078,0.0973,0.3499,-0.3042,2640.0
Anomalia,0.017,0.0952,0.4182,-0.3289,2880.0
Anomalia,0.0246,0.1044,0.0823,-0.2792,3360.0
Anomalia,0.0234,0.1316,-0.3474,-0.427,3360.0
Anomalia,0.0102,0.1378,-0.2568,-0.778,2640.0
Anomalia,0.0026,0.1404,-0.1414,-0.9609,2640.0
Anomalia,0.0048,0.1306,-0.2217,-0.6812,2640.0
Anomalia,0.0134,0.1149,-0.0494,-0.5851,2640.0
Anomalia,0.0184,0.1226,0.0586,-0.6833,2880.0
Anomalia,0.0197,0.1309,0.0496,-0.697,2880.0
Anomalia,0.0064,0.1771,0.0603,-0.4922,2880.0
Anomalia,0.0081,0.1722,0.0446,-0.275,2880.0
Anomalia,0.0105,0.1583,-0.0264,0.418,2880.0
Anomalia,0.0117,0.1467,-0.0609,1.2401,2880.0
Anomalia,0.0194,0.0899,0.3713,-0.5031,3360.0
Anomalia,0.0177,0.1011,-0.0011,-0.4156,3360.0
Anomalia,0.0098,0.134,-0.1001,-0.3392,2880.0
Anomalia,0.0109,0.1601,-0.1095,-0.6801,2880.0
Anomalia,0.0102,0.1664,-0.0179,-0.6854,2880.0
Anomalia,0.006,0.1825,-0.0169,-0.5206,2880.0
Anomalia,0.0207,0.1975,0.0536,-0.1951,2880.0
Anomalia,0.0139,0.2102,-0.02,-0.3925,2880.0
Anomalia,0.0182,0.2088,-0.0817,-0.3496,2880.0
Anomalia,0.012,0.2155,-0.0605,-0.7147,2880.0
Anomalia,0.0048,0.1955,-0.1599,-0.8526,2880.0
Anomalia,0.0137,0.1753,-0.1346,-0.8974,2880.0
Anomalia,0.0074,0.1762,-0.1124,-1.0559,3120.0
Anomalia,0.0275,0.1442,-0.1794,-0.93,2880.0
Anomalia,0.0112,0.1415,-0.1116,-0.7421,2880.0
Anomalia,0.0091,0.1522,0.0128,-0.5471,2880.0
Anomalia,0.0109,0.155,0.0581,-0.4569,2880.0
Anomalia,0.0041,0.151,0.1308,-0.2476,2880.0
Anomalia,0.0228,0.1446,-0.0343,-0.3176,2640.0
Anomalia,0.0182,0.1286,-0.0811,-0.636,3360.0
Anomalia,0.0147,0.1137,-0.2106,-0.6766,3360.0
Anomalia,0.0156,0.1545,0.0819,-0.4334,3360.0
Anomalia,0.0042,0.1482,0.2883,-0.1054,2880.0
Anomalia,0.0148,0.1402,0.2425,0.2117,2640.0
Anomalia,0.0147,0.1514,0.236,-0.3939,3120.0
Anomalia,0.0064,0.1376,0.0688,-1.0224,2880.0
Anomalia,0.0177,0.1552,-0.0335,-1.2144,2640.0
Anomalia,0.0082,0.1534,0.0525,-1.1355,2640.0
Anomalia,0.0101,0.1559,0.0523,-1.0448,2880.0
Anomalia,0.0208,0.1561,0.0568,-1.0699,2880.0
Anomalia,0.0134,0.1387,0.1061,-0.7317,2880.0
Anomalia,0.0134,0.1372,0.1831,-0.7197,2640.0
Anomalia,0.0095,0.1255,0.1676,-0.6831,2640.0
Anomalia,0.0098,0.0947,-0.0664,-0.8283,3120.0
Anomalia,0.0135,0.096,0.0508,-1.0664,2880.0
Anomalia,0.0172,0.1005,0.0136,-0.6623,2880.0
Anomalia,0.0218,0.099,0.114,-0.4816,3360.0
Anomalia,0.0144,0.0997,0.1824,-0.5293,3360.0
Anomalia,0.0086,0.0898,0.2829,0.1832,3360.0
Anomalia,0.0039,0.0734,0.4994,0.527,2640.0
Anomalia,0.0135,0.0654,0.059,-0.3915,3120.0
Anomalia,0.0127,0.063,0.2909,-0.5632,2400.0
Anomalia,0.0215,0.0863,0.1219,-0.6007,3120.0
Anomalia,0.025,0.1086,-0.0966,-0.77,2640.0
Anomalia,-0.0002,0.1192,0.1187,-0.9552,2640.0
Anomalia,0.0148,0.1365,0.0963,-1.1795,2640.0
Anomalia,0.0051,0.126,0.2192,-0.7741,2640.0
Anomalia,0.0062,0.1105,0.1924,-0.2706,2640.0
Anomalia,0.0283,0.1043,0.4562,-0.0702,2880.0
Anomalia,0.0193,0.1195,0.2844,0.1106,2640.0
Anomalia,0.0133,0.136,0.0702,-0.5542,2640.0
Anomalia,0.0121,0.152,0.0382,-1.0176,3120.0
Anomalia,0.0035,0.2028,0.2232,-0.4821,2640.0
Anomalia,0.0172,0.217,0.2246,-0.6317,2880.0
Anomalia,0.0214,0.2238,0.1671,-0.6659,2880.0
Anomalia,0.025,0.2309,0.1463,-0.8358,2880.0
Anomalia,0.0194,0.1957,0.2238,-0.8576,2880.0
Anomalia,-0.0012,0.1666,0.1694,-0.7009,2880.0
Anomalia,0.0114,0.1494,0.11,-0.9895,2880.0
Anomalia,0.0138,0.1457,0.0009,-1.144,2880.0
Anomalia,0.0226,0.1368,-0.0285,-1.076,2880.0
Anomalia,0.022,0.1528,-0.0348,-1.0333,2640.0
Anomalia,0.0089,0.1471,0.1501,-0.849,2640.0
Anomalia,0.0095,0.1324,0.1778,-0.4557,2880.0
Anomalia,0.0067,0.1419,0.1628,-0.4137,2880.0
Anomalia,0.0139,0.1114,0.0997,0.588,2880.0
Anomalia,0.0262,0.1468,-0.0955,-0.1879,2640.0
Anomalia,0.0177,0.1556,-0.1133,-0.5444,2640.0
Anomalia,0.0126,0.1685,-0.046,-0.7855,2880.0
Anomalia,0.0093,0.1838,0.0225,-1.2377,2880.0
Anomalia,0.004,0.1788,0.0477,-1.2646,2880.0
Anomalia,0.0068,0.1708,0.0689,-1.1552,2880.0
Anomalia,0.0197,0.1458,-0.0841,-0.9495,2880.0
Anomalia,0.022,0.1302,-0.1327,-0.4549,2880.0
Anomalia,0.0198,0.1202,-0.2109,-0.5384,2880.0
Anomalia,0.0208,0.138,-0.3027,-0.3696,2880.0
Anomalia,0.0033,0.1489,-0.2486,-0.5523,2880.0
Anomalia,0.0078,0.1772,0.0887,-0.6808,2880.0
Anomalia,0.0165,0.1695,0.087,-0.3469,2880.0
Anomalia,0.0143,0.1535,0.2383,0.1107,2880.0
Anomalia,0.0259,0.1578,0.3226,-0.4488,2880.0
Anomalia,0.012,0.1331,0.0141,-0.5565,2880.0
Anomalia,0.0127,0.1584,0.3005,-0.3697,2880.0
Anomalia,0.0122,0.1625,0.2158,-0.455,2880.0
Anomalia,0.009,0.1522,0.2311,-0.0273,2880.0
Anomalia,0.0232,0.1438,0.2339,0.2338,3360.0
Anomalia,0.0088,0.1064,-0.3073,-0.4324,3360.0
Anomalia,0.0102,0.0898,-0.2024,-0.3727,3360.0
Anomalia,0.0166,0.0989,0.0778,-0.3116,3360.0
Anomalia,0.008,0.1037,0.2044,-0.6348,2640.0
Anomalia,0.0204,0.1136,0.2299,-0.51,2640.0
Anomalia,0.0207,0.1194,0.1797,-0.8161,2640.0
Anomalia,0.0099,0.1003,0.3047,-0.2074,2640.0
Anomalia,0.0101,0.1197,0.2893,-0.116,3120.0
Anomalia,0.0139,0.1232,0.0985,-0.4822,3120.0
Anomalia,0.0096,0.1445,-0.0039,-0.7945,2880.0
Anomalia,0.0194,0.1478,-0.1395,-0.8654,2880.0
Anomalia,0.0182,0.1239,-0.2298,-0.1916,2880.0
Anomalia,0.008,0.1236,-0.1355,-0.32,3120.0
Anomalia,0.0166,0.098,-0.1323,-0.1236,2640.0
Anomalia,0.0139,0.0934,-0.198,0.0743,2880.0
Anomalia,0.0172,0.0936,-0.2886,0.1392,2880.0
Anomalia,0.0201,0.108,0.0308,1.0466,2400.0
Anomalia,0.0105,0.1277,0.0549,0.5305,3360.0
Anomalia,0.0074,0.1663,0.1064,-0.392,2640.0
Anomalia,0.0111,0.1835,0.0836,-0.9594,3120.0
Anomalia,0.0088,0.1764,-0.0213,-0.7639,2880.0
Anomalia,0.0236,0.1646,-0.207,-0.4674,2880.0
Anomalia,0.0167,0.1294,-0.2168,-0.2304,2640.0
Anomalia,0.0166,0.11,-0.34,0.4639,3120.0
Anomalia,0.0138,0.0905,0.2069,-0.2427,2640.0
Anomalia,-0.0002,0.0833,0.3732,-0.0721,3360.0
Anomalia,0.0104,0.0846,0.4377,-0.4673,3360.0
Anomalia,0.0106,0.0903,0.2653,-0.9833,3120.0
Anomalia,0.0194,0.0936,0.1244,-1.1171,2880.0
Anomalia,0.0218,0.0965,0.1184,-1.006,2880.0
Anomalia,0.0151,0.1005,-0.0121,-0.71,2640.0
Anomalia,0.0083,0.1076,-0.0012,-0.658,3360.0
Anomalia,0.008,0.1286,0.2994,-0.3996,3360.0
Anomalia,0.015,0.1619,0.2134,-0.5432,2880.0
Anomalia,0.0265,0.1839,0.1655,-1.0093,2880.0
Anomalia,0.0165,0.1806,0.2692,-0.8675,2880.0
Anomalia,0.0169,0.195,0.1921,-1.0619,2880.0
Anomalia,0.0065,0.1794,0.2135,-0.9694,2880.0
Anomalia,0.0032,0.1671,0.1329,-0.9037,2880.0
Anomalia,0.0169,0.1631,-0.0015,-0.8053,2880.0
Anomalia,0.0169,0.1427,-0.0787,-0.9872,2880.0
Anomalia,0.0163,0.131,0.0782,-0.9058,2880.0
Anomalia,0.0072,0.1154,0.0236,-0.5828,2640.0
Anomalia,0.0064,0.1184,-0.0232,-0.5867,2640.0
Anomalia,0.0044,0.1022,-0.3128,-0.5074,2640.0
Anomalia,0.0139,0.0986,-0.4048,-0.594,3360.0
Anomalia,0.0229,0.1044,-0.3614,-0.5942,2880.0
Anomalia,0.0194,0.1233,-0.382,-0.3498,2880.0
Anomalia,0.0139,0.1289,-0.2577,-0.6439,2880.0
Anomalia,0.0096,0.1227,-0.2027,-0.3026,2880.0
Anomalia,0.0013,0.1144,-0.1584,-0.0002,2640.0
Anomalia,0.0092,0.1092,0.1797,-0.3699,3120.0
Anomalia,0.0124,0.1057,0.1006,-0.1613,3120.0
Anomalia,0.0243,0.1096,-0.1383,-0.3158,3120.0
Anomalia,0.015,0.1162,-0.0752,-0.6568,3360.0
Anomalia,0.0128,0.1014,-0.2427,-0.6401,3120.0
Anomalia,0.0046,0.132,-0.2842,0.0389,3120.0
Anomalia,-0.0056,0.1446,0.0298,-0.2713,3120.0
Anomalia,0.0199,0.147,-0.2229,-0.2305,2880.0
Anomalia,0.0135,0.1445,-0.1921,-0.1403,2880.0
Anomalia,0.0203,0.1122,0.103,0.0926,3600.0
Anomalia,0.0219,0.1038,0.0257,-0.6742,2640.0
Anomalia,0.0042,0.124,-0.162,-0.2112,2640.0
Anomalia,0.0081,0.1447,-0.1032,-0.5175,2640.0
Anomalia,0.0117,0.1563,-0.086,-0.9,2640.0
Anomalia,0.0137,0.1592,-0.1406,-0.86,2640.0
Anomalia,0.0163,0.1482,-0.1074,-0.7816,3360.0
Anomalia,0.0115,0.1336,-0.0707,-0.8798,3360.0
Anomalia,0.0117,0.1252,-0.1883,-0.721,2880.0
Anomalia,0.0134,0.1435,0.0269,-0.8298,2880.0
Anomalia,0.0153,0.1354,0.094,-0.6854,2880.0
Anomalia,0.0168,0.1279,0.1364,-0.3287,2640.0
Anomalia,0.0058,0.1285,0.2496,-0.3072,2640.0
Anomalia,0.0077,0.1026,0.0754,-0.8035,3360.0
Anomalia,0.0055,0.1084,0.0732,-1.034,3360.0
Anomalia,0.0124,0.1201,0.0005,-1.0195,3360.0
Anomalia,0.0231,0.1231,-0.1991,-0.625,3360.0
Anomalia,0.0094,0.121,-0.2059,-0.359,2880.0
Anomalia,0.0154,0.1369,-0.1241,-0.4779,2640.0
Anomalia,0.0106,0.1606,-0.0984,-0.726,3120.0
Anomalia,0.0072,0.1652,-0.0071,-0.8926,3120.0
Anomalia,0.0172,0.1921,-0.0354,-1.207,3360.0
Anomalia,0.0153,0.178,-0.047,-0.8971,2880.0
Anomalia,0.0126,0.1505,0.072,-0.3691,3360.0
Anomalia,0.0139,0.1446,0.0326,-0.2651,3360.0
Anomalia,0.0148,0.1071,-0.0295,-0.7888,3360.0
Anomalia,0.0068,0.1037,-0.0653,-0.6164,3360.0
Anomalia,0.021,0.1131,-0.1372,-0.5879,3360.0
Anomalia,0.0104,0.117,-0.2263,-0.3949,3360.0
Anomalia,0.0067,0.1299,-0.0696,-0.5323,3360.0
Anomalia,0.0155,0.1495,-0.0992,-0.8375,3120.0
Anomalia,0.0007,0.1517,0.0676,-0.8862,3120.0
Anomalia,0.0142,0.1458,0.0546,-0.7918,2880.0
Anomalia,0.0149,0.1309,-0.004,-0.4932,2880.0
Anomalia,0.0163,0.1138,0.0011,-0.5668,2880.0
Anomalia,0.0224,0.1215,-0.0126,-0.2647,2880.0
Anomalia,0.012,0.1232,-0.1094,-0.1041,2880.0
Anomalia,0.0084,0.1368,-0.0773,-0.5143,3360.0
Anomalia,0.0051,0.1373,-0.0377,-0.5564,3360.0
Anomalia,0.0041,0.1244,-0.1217,-0.6117,2640.0
Anomalia,0.0205,0.1316,-0.0081,-0.8957,3360.0
Anomalia,0.0207,0.1266,0.0093,-0.9973,2880.0
Anomalia,0.0109,0.1194,0.1418,-0.7815,3360.0
Anomalia,0.0122,0.1238,0.1631,-0.7746,2640.0
Anomalia,0.0016,0.1122,0.0408,-0.6796,2640.0
Anomalia,0.0124,0.1081,0.0232,-0.5225,2640.0
Anomalia,0.0195,0.1114,-0.0402,-0.6095,2640.0
Anomalia,0.0164,0.1027,-0.1588,-0.6432,2640.0
Anomalia,0.0186,0.0999,-0.0907,-0.4782,2640.0
Anomalia,0.0055,0.0946,-0.0266,-0.507,3360.0
Anomalia,0.0143,0.1005,0.044,-0.5972,2880.0
Anomalia,0.0147,0.1074,0.1024,-0.5257,2640.0
Anomalia,0.015,0.1139,0.1485,-0.6979,2880.0
Anomalia,0.0207,0.12,0.0463,-0.9037,2880.0
Anomalia,0.0191,0.1394,0.1134,-0.8657,2880.0
Anomalia,0.0075,0.1492,-0.0104,-0.7609,2880.0
Anomalia,0.0029,0.1584,0.0197,-0.9956,2640.0
Anomalia,0.0119,0.1719,0.0469,-1.1737,2880.0
Anomalia,0.0011,0.169,0.0633,-1.1307,2880.0
Anomalia,0.0232,0.1812,0.1403,-1.267,2880.0
Anomalia,0.0171,0.1742,0.268,-1.1297,2880.0
Anomalia,0.0035,0.1631,0.3547,-0.87,2880.0
Anomalia,0.0123,0.1608,0.3138,-0.955,2880.0
Anomalia,0.0051,0.1388,0.0137,-1.0707,2880.0
Anomalia,0.0181,0.1355,-0.2412,-0.9276,3120.0
Anomalia,0.023,0.1299,-0.2567,-0.7552,2640.0
Anomalia,0.0236,0.1386,-0.1477,-0.4147,3360.0
Anomalia,0.0108,0.1608,-0.1867,-0.5106,2640.0
Anomalia,0.0034,0.1679,-0.0931,-0.7558,2880.0
Anomalia,0.0051,0.17,-0.1285,-0.8212,2880.0
Anomalia,0.0122,0.1533,-0.3675,-0.5309,2880.0
Anomalia,0.0205,0.1261,-0.2037,-0.8023,3360.0
Anomalia,0.0244,0.1269,-0.2298,-0.7589,3360.0
Anomalia,0.0115,0.1198,-0.0735,-0.6399,3120.0
Anomalia,0.0035,0.1192,0.0452,-0.7584,3360.0
Anomalia,0.0134,0.1191,-0.0687,-0.7151,2880.0
Anomalia,0.007,0.1043,0.1291,-0.5987,2880.0
Anomalia,0.0153,0.1429,-0.0063,-0.435,2640.0
Anomalia,0.0139,0.1441,-0.0327,-0.4952,2640.0
Anomalia,0.0059,0.1403,0.0687,-0.3503,2640.0
Anomalia,0.0082,0.1419,0.032,-0.4641,2640.0
Anomalia,0.0188,0.1202,-0.0292,-0.7399,2640.0
Anomalia,0.0166,0.1108,0.0518,-0.4241,2640.0
Anomalia,0.0168,0.1339,0.2258,-0.1191,2640.0
Anomalia,0.0155,0.1449,0.1277,-0.4868,2640.0
Anomalia,0.0078,0.1538,0.2393,-0.5898,2640.0
Anomalia,0.0134,0.1518,0.1449,-0.5025,2640.0
Anomalia,0.0111,0.1406,-0.0173,-0.6396,2640.0
Anomalia,0.0171,0.1317,0.0254,-0.449,2640.0
Anomalia,0.0239,0.1096,-0.1432,-0.5624,2880.0
Anomalia,0.0119,0.1054,0.1234,-0.386,2880.0
Anomalia,0.0176,0.0889,0.3322,-0.6007,3120.0
Anomalia,0.0182,0.1023,0.1818,-0.179,2640.0
Anomalia,0.0043,0.1282,0.0254,-0.1417,2640.0
Anomalia,0.0161,0.1326,-0.182,-0.3308,2640.0
Anomalia,0.015,0.1382,-0.1129,-0.6309,2880.0
Anomalia,0.0088,0.1211,-0.1022,0.0149,2880.0
Anomalia,0.0149,0.0902,0.0795,-0.507,2880.0
Anomalia,0.0108,0.0875,0.0358,-0.465,2880.0
Anomalia,0.0143,0.1254,0.2702,0.5476,2880.0
Anomalia,0.0203,0.1369,0.0607,-0.1315,2880.0
Anomalia,0.016,0.1347,0.0931,0.0423,2640.0
Anomalia,0.0194,0.156,0.1844,-0.3729,2880.0
Anomalia,0.006,0.1404,0.1359,-0.1409,2880.0
Anomalia,0.0091,0.1506,0.2365,-0.3887,2880.0
Anomalia,0.0116,0.1535,0.2358,-0.5684,2880.0
Anomalia,0.0146,0.134,0.0223,-0.5184,2880.0
Anomalia,0.0219,0.1154,0.0977,-0.2301,3120.0
Anomalia,0.0131,0.0909,-0.1008,-0.6667,2880.0
Anomalia,0.0077,0.0928,-0.2142,-0.6318,2400.0
Anomalia,0.0049,0.1416,0.3566,0.0898,3360.0
Anomalia,0.0106,0.1653,0.3713,-0.5644,2880.0
Anomalia,0.0172,0.1681,0.322,-0.6248,2880.0
Anomalia,0.023,0.1649,0.3054,-0.5039,2880.0
Anomalia,0.0184,0.1271,0.4606,0.2087,2880.0
Anomalia,0.0102,0.1078,0.2422,-0.2186,3120.0
Anomalia,0.0124,0.1171,0.1711,-0.8602,3120.0
Anomalia,0.0124,0.1312,0.0723,-1.1288,2880.0
Anomalia,0.0142,0.1263,0.0555,-0.9435,2880.0
Anomalia,0.0205,0.1382,0.192,-0.833,2880.0
Anomalia,0.0154,0.1313,0.2566,-0.5992,3360.0
Anomalia,0.0134,0.1208,0.3905,-0.21,3360.0
Anomalia,0.008,0.1278,0.3671,-0.5849,3360.0
Anomalia,0.0119,0.1088,0.1094,-0.9512,3360.0
Anomalia,0.0124,0.0977,0.0187,-0.7821,3360.0
Anomalia,0.0148,0.0896,0.0263,-0.8614,3120.0
Anomalia,0.0273,0.0912,0.1227,-0.7944,2640.0
Anomalia,0.0048,0.0969,-0.4827,0.2287,2640.0
Anomalia,0.0107,0.1027,-0.4513,-0.0529,3120.0
Anomalia,0.0107,0.1081,-0.3856,-0.3686,3360.0
Anomalia,0.0116,0.108,-0.3742,-0.3546,2880.0
Anomalia,0.0317,0.111,-0.2014,-0.5676,2880.0
Anomalia,0.0191,0.1242,-0.2402,-0.6888,2880.0
Anomalia,0.0104,0.1489,-0.2568,-0.873,2880.0
Anomalia,0.0033,0.1561,-0.1473,-1.0758,2880.0
Anomalia,0.0004,0.163,-0.0066,-0.9978,2880.0
Anomalia,0.0083,0.1501,-0.0707,-0.592,2880.0
Anomalia,0.0225,0.1548,0.0536,-0.6037,2640.0
Anomalia,0.0146,0.1519,0.1112,-0.5089,3120.0
Anomalia,0.0109,0.1485,-0.0192,-0.5809,2880.0
Anomalia,0.0164,0.1677,-0.1277,-0.9433,2880.0
Anomalia,0.0053,0.1498,-0.2235,-0.8954,2640.0
Anomalia,0.0175,0.1538,-0.23,-0.9167,2880.0
Anomalia,0.0201,0.1485,-0.1481,-0.9534,2880.0
Anomalia,0.0158,0.1384,-0.0305,-1.2091,3120.0
Anomalia,0.0138,0.1225,0.1881,-0.8719,3120.0
Anomalia,0.0175,0.1044,-0.0405,-0.4585,3120.0
Anomalia,0.0137,0.0911,-0.0932,-0.2554,3360.0
Anomalia,0.0158,0.0811,0.0588,0.4308,2880.0
Anomalia,0.018,0.1005,-0.3055,-0.2169,3120.0
Anomalia,0.0079,0.1219,0.1468,-0.5331,3120.0
Anomalia,0.0155,0.1239,0.0708,-0.5642,3360.0
Anomalia,0.0104,0.1199,0.1074,-0.5154,2880.0
Anomalia,0.0177,0.1503,0.1323,-0.2764,2880.0
Anomalia,0.0106,0.145,0.2024,-0.0578,2880.0
Anomalia,0.0183,0.1461,0.095,-0.0958,2640.0
Anomalia,0.0155,0.1574,0.0047,-0.5503,2640.0
Anomalia,0.0155,0.1338,-0.0901,-0.8567,2640.0
Anomalia,0.0226,0.1245,-0.3116,-0.663,2880.0
Anomalia,0.004,0.1305,-0.0735,-0.6651,2880.0
Anomalia,0.0171,0.138,-0.0148,-0.3667,2880.0
Anomalia,0.0105,0.1389,-0.0076,-0.2255,2880.0
Anomalia,0.0147,0.1455,-0.0223,-0.5111,2880.0
Anomalia,0.0137,0.1551,-0.0493,-0.7919,2880.0
Anomalia,0.0052,0.156,0.1652,-0.749,2880.0
Anomalia,0.0156,0.1485,0.2165,-0.4352,2880.0
Anomalia,0.0152,0.1845,0.2648,-0.3054,2640.0
Anomalia,0.0225,0.1831,0.2714,-0.3006,2640.0
Anomalia,0.0135,0.1732,0.2768,0.0265,2640.0
Anomalia,0.0097,0.172,0.2321,-0.0101,2640.0
Anomalia,0.0035,0.1199,0.0863,-0.0773,2640.0
Anomalia,0.0131,0.1009,-0.4588,0.0678,2640.0
Anomalia,0.0193,0.0864,-0.1569,-0.2754,2640.0
Anomalia,0.0258,0.0981,0.2693,-0.4298,2880.0
Anomalia,0.0189,0.1207,-0.1915,-0.7169,2880.0
Anomalia,0.0042,0.1244,-0.0359,-0.8603,2880.0
Anomalia,0.013,0.1553,0.0734,-0.8378,2880.0
Anomalia,0.0007,0.1477,0.1125,-0.5634,2880.0
Anomalia,0.0208,0.1403,0.0898,-0.2543,3360.0
Anomalia,0.0229,0.139,0.1272,-0.2521,3360.0
Anomalia,0.0161,0.11,0.0157,-0.7842,3360.0
Anomalia,0.0158,0.1541,-0.2304,0.4997,3360.0
Anomalia,0.0066,0.1735,-0.0396,0.0193,2880.0
Anomalia,0.0131,0.1911,0.064,-0.2366,2880.0
Anomalia,0.0163,0.2365,0.0807,-0.6981,2880.0
Anomalia,0.0281,0.2305,0.0991,-0.74,2880.0
Anomalia,0.0082,0.225,0.2003,-0.6037,2880.0
Anomalia,0.017,0.2358,0.1028,-0.8615,3360.0
Anomalia,0.0041,0.1912,0.2182,-0.6454,2880.0
Anomalia,0.0001,0.1901,0.1785,-0.6847,2880.0
Anomalia,0.0264,0.1793,0.1093,-0.6083,2880.0
Anomalia,0.0091,0.1699,0.0221,-0.6205,2880.0
Anomalia,0.0266,0.1863,-0.1057,-0.9577,2880.0
Anomalia,0.0119,0.1631,0.0762,-0.5492,2880.0
Anomalia,0.0068,0.1544,0.0992,-0.1731,2880.0
Anomalia,0.0097,0.1279,0.2031,-0.2763,2880.0
Anomalia,0.0111,0.1043,-0.1425,-0.2381,2880.0
Anomalia,0.0237,0.0988,-0.213,-0.0836,2880.0
Anomalia,0.0181,0.1176,-0.0779,-0.8261,3360.0
Anomalia,0.0116,0.1408,-0.2122,-0.4983,3360.0
Anomalia,0.004,0.1476,0.0441,-0.6166,3360.0
Anomalia,0.0029,0.1554,0.0594,-0.8921,3360.0
Anomalia,0.0171,0.1591,-0.0274,-0.8424,3360.0
Anomalia,0.0269,0.1448,0.1419,-1.0524,2640.0
Anomalia,0.0159,0.1394,0.0736,-0.7591,2640.0
Anomalia,0.0179,0.1522,-0.0214,-0.6996,2640.0
Anomalia,0.0067,0.1531,-0.0153,-0.891,2880.0
Anomalia,0.004,0.148,-0.0409,-0.8046,2880.0
Anomalia,0.0197,0.1628,-0.0175,-1.1379,2880.0
Anomalia,0.0204,0.1495,0.0216,-1.2221,2880.0
Anomalia,0.0125,0.1313,0.2234,-0.7672,2880.0
Anomalia,0.0145,0.1231,0.2172,-0.3524,2880.0
Anomalia,0.0101,0.0982,-0.196,-0.5407,3360.0
Anomalia,0.005,0.0821,-0.3966,-0.2714,3120.0
Anomalia,0.0187,0.0876,-0.4981,-0.3461,2880.0
Anomalia,0.0144,0.0945,-0.2894,-0.4819,2880.0
Anomalia,0.0163,0.0837,-0.1908,-0.28,2640.0
Anomalia,0.0206,0.098,-0.0788,-0.6368,2880.0
Anomalia,0.0085,0.1067,-0.0199,-0.8413,2880.0
Anomalia,0.0164,0.1007,-0.1771,-0.7473,2880.0
Anomalia,0.0103,0.1127,-0.051,-1.0733,2640.0
Anomalia,0.0065,0.1107,-0.0961,-1.0875,2640.0
Anomalia,0.0291,0.1098,-0.3323,-0.921,2640.0
Anomalia,0.012,0.1181,-0.1755,-1.1784,2640.0
Anomalia,0.0191,0.1202,-0.2723,-1.1374,2640.0
Anomalia,0.0205,0.1431,-0.1951,-0.7616,2880.0
Anomalia,0.0031,0.1797,0.0805,-0.4276,2880.0
Anomalia,0.02,0.1764,-0.0998,-0.2248,2880.0
Anomalia,0.0141,0.1677,-0.0248,0.2294,2880.0
Anomalia,0.0137,0.1405,-0.0242,2.0158,2880.0
Anomalia,0.0161,0.092,0.0439,0.6356,2880.0
Anomalia,0.007,0.1008,-0.2081,0.6258,2880.0
Anomalia,0.0149,0.1116,-0.2855,0.0412,2880.0
Anomalia,0.0192,0.1184,-0.4468,-0.1783,2880.0
Anomalia,0.0097,0.1219,-0.4499,-0.6742,2880.0
Anomalia,0.0126,0.1622,-0.1435,-0.0639,2880.0
Anomalia,0.0085,0.1599,-0.0961,0.0464,2880.0
Anomalia,0.0059,0.1549,-0.0164,0.348,2640.0
Anomalia,0.0228,0.1511,-0.179,0.7408,2880.0
Anomalia,0.0205,0.12,-0.3953,-0.065,2880.0
Anomalia,0.0148,0.1166,-0.2128,-0.0949,2880.0
Anomalia,0.0128,0.1161,-0.1627,-0.0847,2880.0
Anomalia,0.0032,0.1146,-0.0556,-0.2145,2880.0
Anomalia,0.0129,0.0899,0.1609,-0.6196,3360.0
Anomalia,0.0167,0.1129,0.0781,-0.0722,3360.0
Anomalia,0.0158,0.1279,-0.0075,-0.7479,3360.0
Anomalia,0.0204,0.122,-0.0549,-0.4667,2640.0
Anomalia,0.0125,0.1269,0.0058,-0.7574,2640.0
Anomalia,0.0088,0.1392,-0.1533,-0.6305,2640.0
Anomalia,0.0139,0.148,-0.0635,-0.7068,2640.0
Anomalia,0.0164,0.153,-0.0642,-0.8695,2880.0
Anomalia,0.0198,0.1772,0.02,-0.8515,2880.0
Anomalia,0.0206,0.1725,0.1504,-0.7373,2880.0
Anomalia,0.0063,0.1694,0.1919,-0.6304,2880.0
Anomalia,0.0114,0.1685,0.1458,-0.5792,2880.0
Anomalia,0.0059,0.1581,0.1062,-0.5919,2880.0
Anomalia,0.0131,0.1518,-0.0755,-0.6149,2880.0
Anomalia,0.0266,0.1518,-0.0818,-0.5497,2880.0
Anomalia,0.0159,0.1468,0.0123,-0.4247,3360.0
Anomalia,0.0169,0.1234,0.0273,-0.2528,2640.0
Anomalia,0.0037,0.1136,0.0421,-0.3289,3120.0
Anomalia,0.0097,0.091,-0.509,-0.0258,2640.0
Anomalia,0.0083,0.0977,-0.2033,0.1648,2880.0
Anomalia,0.0165,0.1147,-0.0433,-0.0744,2880.0
Anomalia,0.0292,0.1062,0.1673,0.1358,2880.0
Anomalia,0.0174,0.121,0.1588,-0.429,2640.0
Anomalia,0.0095,0.1157,0.1906,-0.4136,2640.0
Anomalia,0.0048,0.1302,-0.2079,0.8071,2640.0
Anomalia,0.0083,0.1882,0.0291,0.5239,2640.0
Anomalia,0.0154,0.1793,-0.0669,1.17,2880.0
Anomalia,0.028,0.1816,-0.2255,1.1397,2880.0
Anomalia,0.0206,0.1654,-0.0271,1.7616,3120.0
Anomalia,0.0118,0.1095,-0.0932,-0.7063,3360.0
Anomalia,0.0085,0.1283,0.1125,-0.8525,3360.0
Anomalia,0.0098,0.1277,0.1052,-0.7925,2640.0
Anomalia,0.0193,0.1304,0.0832,-0.8725,3120.0
Anomalia,0.0198,0.1187,0.1528,-0.6858,2880.0
Anomalia,0.0194,0.1149,0.0098,-0.745,3360.0
Anomalia,0.0122,0.1242,-0.0214,-0.8409,2880.0
Anomalia,0.0117,0.1167,-0.0932,-0.6634,3120.0
Anomalia,0.0062,0.1287,-0.1395,-0.6089,3120.0
Anomalia,0.0112,0.1313,-0.0685,-0.4973,3120.0
Anomalia,0.0198,0.1311,-0.0163,-0.3739,2640.0
Anomalia,0.0225,0.1786,0.1574,-0.3442,2640.0
Anomalia,0.0216,0.1923,0.0341,-0.5028,2640.0
Anomalia,0.0103,0.1835,0.1575,-0.194,2880.0
Anomalia,0.0102,0.1781,0.1375,0.0252,2640.0
Anomalia,0.0017,0.1281,-0.234,0.8916,2640.0
Anomalia,0.017,0.0917,0.0357,-0.6735,3360.0
Anomalia,0.0199,0.0961,0.1069,-0.8545,2880.0
Anomalia,0.0132,0.0864,0.0526,-0.5755,3120.0
Anomalia,0.0166,0.0828,0.0886,-0.2336,3120.0
Anomalia,0.0132,0.0843,0.1094,-0.224,2640.0
Anomalia,0.015,0.083,-0.0706,-0.2397,2880.0
Anomalia,0.0191,0.0935,0.0345,-0.622,2640.0
Anomalia,0.0199,0.1295,0.1251,-0.2535,2640.0
Anomalia,0.0096,0.1359,0.0739,-0.4187,3360.0
Anomalia,0.0127,0.1324,0.0536,-0.2322,3120.0
Anomalia,0.0086,0.1456,-0.0497,-0.465,3120.0
Anomalia,0.0179,0.144,-0.172,-0.5097,2880.0
Anomalia,0.0138,0.1508,-0.1812,-0.7055,2880.0
Anomalia,0.013,0.1625,-0.1428,-0.915,2880.0
Anomalia,0.0158,0.1677,-0.0725,-1.0373,2880.0
Anomalia,0.0065,0.1436,-0.125,-0.5618,2640.0
Anomalia,0.0229,0.1566,0.0723,-0.4697,2880.0
Anomalia,0.022,0.1609,0.0741,-0.6733,2880.0
Anomalia,0.0214,0.146,0.1464,-0.2843,2880.0
Anomalia,0.0128,0.1556,0.1788,-0.6756,3120.0
Anomalia,0.0096,0.1395,0.1042,-0.8383,3120.0
Anomalia,0.0109,0.119,0.1702,-0.4718,3120.0
Anomalia,0.0144,0.1126,0.1161,-0.3988,3120.0
Anomalia,0.0243,0.1077,0.149,-0.5666,2640.0
Anomalia,0.0202,0.1025,-0.1519,-0.7986,2640.0
Anomalia,0.0123,0.1006,-0.0522,-0.8415,2640.0
Anomalia,0.0074,0.1151,0.08,-0.8826,2880.0
Anomalia,0.0113,0.1176,0.0958,-0.8349,2880.0
Anomalia,0.0117,0.1135,0.113,-0.5035,2880.0
Anomalia,0.0169,0.1251,-0.0124,-0.8313,2880.0
Anomalia,0.026,0.1102,-0.21,-0.3419,2640.0
Anomalia,0.0086,0.1226,-0.4714,-0.2952,2880.0
Anomalia,0.0169,0.1554,0.0172,-0.153,2880.0
Anomalia,0.0144,0.1644,0.0709,-0.2416,2880.0
Anomalia,0.0051,0.1762,0.1772,-0.5763,2880.0
Anomalia,0.0279,0.1917,0.1591,-0.7826,2880.0
Anomalia,0.0161,0.1831,0.0319,-0.6189,2880.0
Anomalia,0.0084,0.1823,-0.0054,-0.728,2880.0
Anomalia,0.0195,0.1821,-0.0477,-0.7193,2640.0
Anomalia,0.0007,0.1621,-0.1577,-0.7331,3120.0
Anomalia,0.0159,0.1447,-0.1868,-0.7781,2640.0
Anomalia,0.0258,0.1274,-0.0577,-0.4364,2640.0
Anomalia,0.0151,0.1252,-0.2902,-0.7588,2640.0
Anomalia,0.0183,0.129,-0.1775,-0.7918,2640.0
Anomalia,0.0026,0.1653,-0.0566,-0.5848,2880.0
Anomalia,0.0041,0.1838,-0.0229,-1.0592,2880.0
Anomalia,0.0089,0.1837,0.0015,-1.029,2880.0
Anomalia,0.023,0.1746,-0.1718,-0.7137,2880.0
Anomalia,0.0281,0.1406,-0.0813,-0.8615,2640.0
Anomalia,0.017,0.1163,0.2447,-0.8773,2640.0
Anomalia,0.0153,0.1118,0.4049,-0.277,2400.0
Anomalia,0.0059,0.1339,0.4448,0.0889,2640.0
Anomalia,0.0079,0.1333,0.4189,0.115,2640.0
Anomalia,0.0183,0.1279,0.2716,0.5527,3360.0
Anomalia,0.0202,0.1296,0.1582,0.094,2880.0
Anomalia,0.0138,0.1043,0.2875,-0.4632,2880.0
Anomalia,0.0122,0.0984,0.2863,-0.2403,2880.0
Anomalia,0.0139,0.1234,-0.0271,-0.5753,2640.0
Anomalia,0.01,0.1578,-0.0835,0.1265,2640.0
Anomalia,0.0168,0.164,-0.197,-0.0795,3360.0
Anomalia,0.0156,0.1732,-0.193,-0.4042,3360.0
Anomalia,0.0152,0.169,-0.106,-0.2629,3360.0
Anomalia,0.0208,0.1674,0.2014,-0.25,2640.0
Anomalia,0.0071,0.1604,0.4627,0.1015,2640.0
Anomalia,0.0119,0.1622,0.5652,-0.0194,3360.0
Anomalia,0.0195,0.1607,0.4055,-0.0135,3360.0
Anomalia,0.0079,0.1202,0.1688,-0.2165,3360.0
Anomalia,0.0253,0.1253,-0.1266,-0.3909,3360.0
Anomalia,0.0171,0.1072,-0.406,-0.3078,2880.0
Anomalia,0.0045,0.0868,-0.2238,-0.0333,2880.0
Anomalia,0.013,0.1043,0.1796,-0.2555,2880.0
Anomalia,0.0122,0.1008,0.3215,-0.0451,3360.0
Anomalia,0.0201,0.0959,0.2435,0.2942,3360.0
Anomalia,0.0206,0.1282,-0.1548,-0.4395,3360.0
Anomalia,0.0127,0.1095,-0.2065,0.2382,3360.0
Anomalia,0.0175,0.1132,-0.2515,0.219,2640.0
Anomalia,0.0137,0.1453,-0.0832,-0.7211,3360.0
Anomalia,0.0171,0.1336,-0.0908,-0.5956,2880.0
Anomalia,0.02,0.143,-0.1894,-0.8874,2640.0
Anomalia,0.0119,0.1396,-0.0906,-0.8915,2640.0
Anomalia,0.0116,0.1205,-0.2668,-0.9577,2640.0
Anomalia,0.0163,0.1135,-0.303,-0.8178,2640.0
Anomalia,0.0135,0.1204,-0.4133,-0.2548,2640.0
Anomalia,0.0208,0.1297,-0.3498,-0.2243,2880.0
Anomalia,0.0188,0.1143,-0.2507,0.6798,2880.0
Anomalia,0.0062,0.1056,-0.0399,1.3772,2880.0
Anomalia,0.0166,0.0892,0.5232,1.0292,2880.0
Anomalia,0.0103,0.0745,0.4406,-0.4775,2880.0
Anomalia,0.0174,0.0958,0.0469,-0.2106,2880.0
Anomalia,0.0264,0.113,-0.1817,-0.3163,2880.0
Anomalia,0.0184,0.1148,-0.1051,-0.5419,2880.0
Anomalia,0.0117,0.1104,-0.0386,-0.3433,2880.0
Anomalia,0.0108,0.1052,0.0978,-0.4957,2880.0
Anomalia,0.0091,0.1015,0.0822,-0.861,2880.0
Anomalia,0.0217,0.1292,0.3342,-0.4975,2640.0
Anomalia,0.0258,0.1864,-0.0855,-0.4377,2880.0
Anomalia,0.0183,0.1895,-0.0349,-0.5959,2880.0
Anomalia,0.0226,0.1848,-0.0903,-0.3715,2880.0
Anomalia,0.0042,0.1605,-0.0204,0.7029,2880.0
Anomalia,0.0113,0.0957,-0.1063,-0.5992,2880.0
Anomalia,0.0149,0.0771,0.3051,-0.5392,2880.0
Anomalia,0.0144,0.0816,0.4167,-0.6999,2880.0
Anomalia,0.0225,0.0839,0.2583,-0.9685,3120.0
Anomalia,0.0177,0.0866,0.1891,-0.5287,3120.0
Anomalia,0.0097,0.1322,-0.276,0.1867,3120.0
Anomalia,0.0083,0.1502,-0.0833,-0.1959,2880.0
Anomalia,0.0152,0.1526,-0.1969,-0.2933,2880.0
Anomalia,0.0234,0.1669,-0.0919,-0.5367,2640.0
Anomalia,0.0241,0.1334,0.3462,0.2236,3120.0
Anomalia,0.0147,0.1087,0.6348,1.0047,3120.0
Anomalia,0.0104,0.1457,0.5228,0.2028,3120.0
Anomalia,-0.0048,0.1338,0.4972,0.6114,2880.0
Anomalia,0.0152,0.1632,0.283,-0.4324,2880.0
Anomalia,0.0342,0.1732,0.056,-0.7876,2880.0
Anomalia,0.0225,0.1488,0.1953,-0.6263,2640.0
Anomalia,0.0235,0.1352,0.3419,-0.0179,2640.0
Anomalia,0.0118,0.1029,0.3513,-0.2615,2640.0
Anomalia,-0.0007,0.0905,-0.0168,-0.4163,2640.0
Anomalia,0.0093,0.0963,0.3378,0.183,2640.0
Anomalia,0.0206,0.1081,0.235,-0.4425,2640.0
Anomalia,0.0244,0.1162,0.212,-0.6082,2640.0
Anomalia,0.0225,0.1307,0.137,-0.7992,2640.0
Anomalia,0.0202,0.1613,-0.0374,-0.649,2640.0
Anomalia,0.0069,0.1647,0.0336,-0.7857,2880.0
Anomalia,0.0111,0.1628,-0.0521,-0.7418,2640.0
Anomalia,0.0102,0.1578,-0.0575,-0.6061,2640.0
Anomalia,0.018,0.1209,-0.241,-0.803,2880.0
Anomalia,0.0235,0.1135,-0.1452,-0.8794,2880.0
Anomalia,0.0113,0.1146,-0.0313,-0.9441,3120.0
Anomalia,0.0171,0.1308,-0.0733,-0.5395,3120.0
Anomalia,0.0043,0.1523,0.0444,-0.4881,2880.0
Anomalia,0.0164,0.1593,-0.0509,-0.7,2880.0
Anomalia,0.0141,0.1558,-0.0265,-0.5779,2880.0
Anomalia,0.0143,0.1722,0.0397,-0.6268,2880.0
Anomalia,0.0252,0.1551,-0.0432,-0.4252,2880.0
Anomalia,0.0059,0.1739,0.0388,-0.7511,2880.0
Anomalia,0.011,0.2006,0.0133,-1.1206,2880.0
Anomalia,0.0187,0.1733,-0.1123,-0.7717,2880.0
Anomalia,0.0137,0.1703,-0.0326,-0.6939,2880.0
Anomalia,0.0205,0.1527,-0.0379,-0.4926,2880.0
Anomalia,0.017,0.1312,-0.1203,-0.9501,2880.0
Anomalia,0.007,0.1224,-0.084,-0.7705,2640.0
Anomalia,0.013,0.1364,-0.1986,-0.5576,2880.0
Anomalia,0.0155,0.1612,-0.2945,0.0291,2640.0
Anomalia,0.0212,0.1542,-0.3526,0.4326,2880.0
Anomalia,0.0156,0.1603,-0.3057,-0.0022,2880.0
Anomalia,0.0101,0.1497,-0.2458,0.2647,2880.0
Anomalia,0.0083,0.1297,-0.1225,-0.448,2880.0
Anomalia,0.0111,0.1563,0.0842,-0.1338,2880.0
Anomalia,0.0223,0.1686,0.0371,-0.4949,2880.0
Anomalia,0.0122,0.1668,0.1832,-0.4406,2880.0
Anomalia,0.0171,0.1592,0.2672,-0.3525,2880.0
Anomalia,0.0057,0.1469,0.1783,-0.618,3360.0
Anomalia,0.0036,0.1564,0.1848,-0.6876,2880.0
Anomalia,0.0176,0.1922,0.016,-1.0048,2880.0
Anomalia,0.0159,0.2022,0.0076,-1.0928,2880.0
Anomalia,0.0174,0.1894,0.025,-0.846,2880.0
Anomalia,0.018,0.1802,-0.0178,-0.7057,2640.0
Anomalia,0.0109,0.1511,0.0089,-0.6954,3360.0
Anomalia,0.0055,0.1469,0.0142,-1.1144,3360.0
Anomalia,0.0154,0.1547,0.0373,-1.2289,3360.0
Anomalia,0.0171,0.1363,0.0413,-0.8818,2880.0
Anomalia,0.0117,0.1251,0.089,-0.5178,2880.0
Anomalia,0.0192,0.104,0.1089,-0.1359,2640.0
Anomalia,0.0063,0.0847,-0.1982,-0.3172,2880.0
Anomalia,0.0041,0.1169,0.0886,0.1889,2880.0
Anomalia,0.0161,0.1265,0.2135,0.1141,2880.0
Anomalia,0.0144,0.1283,0.2374,-0.0013,2880.0
Anomalia,0.0269,0.1309,0.035,-0.0887,2880.0
Anomalia,0.0187,0.1202,-0.0599,-0.3035,2880.0
Anomalia,0.0078,0.1148,-0.3103,-0.7307,2880.0
Anomalia,0.0066,0.1432,-0.0621,-0.7051,2880.0
Anomalia,0.0046,0.1425,-0.0582,-0.6631,2880.0
Anomalia,0.0167,0.1417,-0.0476,-0.5085,2880.0
Anomalia,0.0285,0.1462,-0.0499,-0.5137,3360.0
Anomalia,0.0193,0.1428,-0.177,-0.064,2880.0
Anomalia,0.0132,0.1599,-0.1699,-0.5074,2880.0
Anomalia,0.0036,0.1609,-0.0983,-0.6181,2880.0
Anomalia,0.0076,0.1535,-0.2782,-0.4181,2640.0
Anomalia,0.02,0.1286,-0.4301,0.018,2640.0
Anomalia,0.016,0.1079,-0.2658,-0.2202,3360.0
Anomalia,0.0168,0.0969,-0.4253,-0.2842,2640.0
Anomalia,0.0082,0.1079,-0.1274,-0.4979,2640.0
Anomalia,0.0019,0.1051,0.0161,-0.3698,2640.0
Anomalia,0.0136,0.1121,0.0434,-0.7324,2640.0
Anomalia,0.0188,0.1092,0.0637,-0.7714,3360.0
Anomalia,0.0218,0.0998,-0.0845,-0.9641,2880.0
Anomalia,0.0261,0.121,-0.0615,-0.8014,3360.0
Anomalia,0.0116,0.1117,0.0464,-0.3378,3360.0
Anomalia,0.0097,0.1047,0.111,0.1005,3360.0
Anomalia,0.0043,0.1039,0.2497,0.1541,3360.0
Anomalia,0.0047,0.0878,0.0165,-0.4059,2640.0
Anomalia,0.0197,0.0928,0.1383,-0.9035,3120.0
Anomalia,0.0235,0.1055,0.1905,-1.0147,2880.0
Anomalia,0.0171,0.1061,0.1659,-0.9025,3120.0
Anomalia,0.0115,0.1061,0.143,-0.729,2880.0
Anomalia,0.0072,0.1193,0.1897,-0.5916,2880.0
Anomalia,-0.0001,0.1291,0.1657,-0.7886,2640.0
Anomalia,0.0168,0.1525,0.0746,-0.6692,2880.0
Anomalia,0.0204,0.1766,-0.0058,-0.8692,2880.0
Anomalia,0.0137,0.1775,0.0052,-0.9129,2880.0
Anomalia,0.0143,0.1633,0.009,-0.3949,2880.0
Anomalia,0.0059,0.1563,0.0683,-0.3466,2880.0
Anomalia,0.0106,0.1579,0.1967,-0.5762,2880.0
Anomalia,0.0164,0.1622,0.2517,-0.508,2880.0
Anomalia,0.0189,0.1699,0.227,-0.8091,2880.0
Anomalia,0.0246,0.1598,0.1833,-0.7194,2640.0
Anomalia,0.005,0.124,0.4812,0.1,2640.0
Anomalia,0.0137,0.1052,0.4102,-0.6496,3360.0
Anomalia,0.0147,0.1181,0.0058,-0.3914,3120.0
Anomalia,0.0142,0.1214,0.0781,-0.4572,2880.0
Anomalia,0.0244,0.123,-0.1395,-0.4508,2880.0
Anomalia,0.0129,0.1149,-0.0249,-0.109,2880.0
Anomalia,0.008,0.0947,0.1426,-0.1301,2640.0
Anomalia,0.0092,0.1309,0.5019,1.2315,3360.0
Anomalia,0.0136,0.129,0.4748,1.4414,3360.0
Anomalia,0.0203,0.1416,0.3207,0.352,3360.0
Anomalia,0.0172,0.1432,0.3226,0.242,2880.0
Anomalia,0.0137,0.1312,0.0383,-0.2835,2640.0
Anomalia,0.0121,0.1713,0.07,-0.8263,2640.0
Anomalia,0.0126,0.1826,0.076,-0.9982,2880.0
Anomalia,0.0099,0.2072,-0.0069,-0.9971,2880.0
Anomalia,0.0163,0.2049,-0.0006,-0.8678,2880.0
Anomalia,0.0156,0.1874,-0.0191,-0.6017,2880.0
Anomalia,0.0112,0.1793,-0.0484,-0.369,2880.0
Anomalia,0.0255,0.1703,0.146,-0.7928,3360.0
Anomalia,0.0071,0.1502,0.2684,-0.411,3360.0
Anomalia,0.0174,0.1688,0.4409,-0.3951,3360.0
Anomalia,0.0103,0.1731,0.3703,-0.2861,2880.0
Anomalia,0.0038,0.1961,0.1443,-0.1627,2880.0
Anomalia,0.0238,0.196,-0.119,-0.1041,2880.0
Anomalia,0.0086,0.1696,-0.2725,0.7285,3120.0
Anomalia,0.0185,0.1505,-0.318,2.1635,2640.0
Anomalia,0.0243,0.104,-0.0179,0.2716,3360.0
Anomalia,0.013,0.1017,0.2017,0.355,3360.0
Anomalia,0.0159,0.1177,0.015,-0.1661,2880.0
Anomalia,0.0144,0.1287,-0.0607,-0.5923,3360.0
Anomalia,0.0063,0.1265,-0.1879,-0.6869,2640.0
Anomalia,0.0133,0.1588,0.0614,-0.7559,2640.0
Anomalia,0.0175,0.1439,0.0977,-0.1521,2640.0
Anomalia,0.0202,0.1512,0.1142,-0.487,2640.0
Anomalia,0.0212,0.145,0.1565,-0.3037,3120.0
Anomalia,0.0065,0.1202,-0.0075,-0.7488,2880.0
Anomalia,0.0119,0.1242,-0.0217,-0.8404,2880.0
Anomalia,0.008,0.1034,-0.0516,-0.4156,3360.0
Anomalia,0.0114,0.093,-0.0507,-0.2313,2640.0
Anomalia,0.0249,0.0886,0.2692,-0.6529,2880.0
Anomalia,0.0145,0.0834,0.022,-0.3451,2640.0
Anomalia,0.0141,0.0971,-0.0325,-0.6034,2640.0
Anomalia,0.011,0.1027,0.0735,-0.5114,2640.0
Anomalia,0.0114,0.1197,0.1637,-0.4821,2880.0
Anomalia,0.016,0.1139,0.1694,-0.1364,2880.0
Anomalia,0.0193,0.114,0.2402,-0.2403,3120.0
Anomalia,0.0159,0.1069,0.2865,0.039,3120.0
Anomalia,0.0108,0.1131,-0.0249,0.5991,2640.0
Anomalia,0.0089,0.1301,0.0193,-0.1744,2640.0
Anomalia,0.004,0.1217,0.0164,0.3733,2640.0
Anomalia,0.0207,0.1277,-0.1764,0.109,2880.0
Anomalia,0.0128,0.1079,-0.077,0.0156,3360.0
Anomalia,0.0267,0.1075,0.1458,-0.2143,2640.0
Anomalia,0.0225,0.1171,0.0088,-0.6038,2640.0
Anomalia,0.0013,0.1115,0.2628,-0.3602,2880.0
Anomalia,0.0081,0.1396,0.1652,-0.2557,2880.0
Anomalia,0.0025,0.1401,0.1522,-0.3658,2880.0
Anomalia,0.0157,0.1465,0.1746,-0.4318,2880.0
Anomalia,0.0209,0.157,0.0219,-0.8302,2880.0
Anomalia,0.023,0.1344,0.2203,-0.9386,2880.0
Anomalia,0.015,0.1237,0.3568,-0.6548,2880.0
Anomalia,0.0072,0.1333,0.0872,-0.69,2640.0
Anomalia,0.0126,0.1198,0.0852,-0.0861,2640.0
Anomalia,0.0177,0.12,0.0741,0.1158,2640.0
Anomalia,0.0156,0.1259,0.0777,-0.2005,2880.0
Anomalia,0.0166,0.1127,0.1886,-0.3372,2880.0
Anomalia,0.0101,0.1361,0.0345,-0.4563,2640.0
Anomalia,0.0053,0.126,-0.096,-0.1806,2640.0
Anomalia,0.022,0.145,0.0894,-0.3138,3360.0
Anomalia,0.0136,0.1347,0.2811,0.164,2880.0
Anomalia,0.0198,0.1324,0.3112,-0.2174,3120.0
Anomalia,0.0138,0.1454,0.2088,-0.6475,2640.0
Anomalia,0.0012,0.127,-0.0774,-0.7882,2640.0
Anomalia,0.012,0.1674,-0.1217,-0.642,2640.0
Anomalia,0.0141,0.1542,-0.1525,-0.1377,2640.0
Anomalia,0.0197,0.1461,-0.1856,0.2869,2640.0
Anomalia,0.0127,0.1603,-0.1533,-0.3245,2640.0
Anomalia,0.0152,0.1432,-0.1776,-0.7451,2640.0
Anomalia,0.014,0.1928,-0.1319,-0.3471,2640.0
Anomalia,0.0127,0.2161,-0.1264,-0.7002,2640.0
Anomalia,0.0168,0.2058,-0.1672,-0.3213,2880.0
Anomalia,0.0136,0.2193,-0.0863,-0.6013,2880.0
Anomalia,0.0152,0.1957,-0.0278,-0.7149,2880.0
Anomalia,0.0087,0.18,0.1127,-0.9075,2880.0
Anomalia,0.0187,0.1818,0.0743,-0.9588,2880.0
Anomalia,0.0127,0.1459,0.2331,-0.7285,2880.0
Anomalia,0.0099,0.1148,0.261,-0.1701,2880.0
Anomalia,0.0186,0.0903,0.6708,0.3143,2880.0
Anomalia,0.0104,0.0732,0.2377,-0.6025,3600.0
Anomalia,0.02,0.0797,0.2085,-0.6414,3360.0
Anomalia,0.0115,0.0835,0.2098,-0.634,2880.0
Anomalia,0.0162,0.0896,0.3221,-0.4856,3120.0
Anomalia,0.0198,0.1382,0.2701,0.0686,2640.0
Anomalia,0.0143,0.1399,0.2755,-0.0201,2880.0
Anomalia,0.0154,0.1578,0.0191,-0.3913,2640.0
Anomalia,0.0125,0.1667,0.0413,-0.8083,2640.0
Anomalia,0.0066,0.1607,-0.1056,-0.7684,2640.0
Anomalia,0.0094,0.1836,-0.0751,-0.7602,2640.0
Anomalia,0.0251,0.1867,-0.1208,-0.8219,2880.0
Anomalia,0.0194,0.2017,-0.0572,-0.9529,2880.0
Anomalia,0.0194,0.1803,-0.0163,-0.5011,2880.0
Anomalia,0.0091,0.162,0.1091,-0.5675,2880.0
Anomalia,0.0015,0.1398,0.0718,0.0563,3120.0
Anomalia,0.0069,0.1203,-0.0896,-0.8271,3120.0
Anomalia,0.0159,0.1504,0.0424,-0.8076,3120.0
Anomalia,0.023,0.1583,-0.0437,-0.8459,2880.0
Anomalia,0.0194,0.1619,0.0242,-0.9833,3120.0
Anomalia,0.0126,0.1557,0.1212,-0.8118,2880.0
Anomalia,0.0042,0.1422,0.064,-0.9003,3120.0
Anomalia,0.0058,0.1431,0.0005,-0.7958,3120.0
Anomalia,0.0139,0.1457,-0.1594,-0.8495,3120.0
Anomalia,0.0165,0.158,-0.1293,-0.8886,2880.0
Anomalia,0.0174,0.1632,-0.1721,-0.729,2880.0
Anomalia,0.0172,0.16,-0.1285,-0.6839,2880.0
Anomalia,0.0103,0.1782,0.0486,-0.8403,2880.0
Anomalia,0.0073,0.1613,0.0999,-0.4176,2880.0
Anomalia,0.0209,0.1484,0.0842,-0.261,2880.0
Anomalia,0.0208,0.1346,0.1218,0.0533,2880.0
Anomalia,0.0198,0.1009,0.1833,-0.7618,2880.0
Anomalia,0.0272,0.099,0.0663,-0.5065,2880.0
Anomalia,0.0059,0.0837,-0.0109,-0.6433,2880.0
Anomalia,0.0092,0.1017,0.1041,0.4683,3120.0
Anomalia,0.0165,0.1044,-0.1111,0.3722,2640.0
Anomalia,0.0111,0.1055,-0.0237,0.1215,2880.0
Anomalia,0.0279,0.1179,-0.0046,-0.0073,3120.0
Anomalia,0.0167,0.1069,-0.0341,0.0037,3360.0
Anomalia,0.0124,0.1087,0.186,-0.2299,3360.0
Anomalia,0.0136,0.1254,0.0778,-0.6771,3360.0
Anomalia,0.0066,0.1434,0.0252,-0.6544,3360.0
Anomalia,0.0276,0.1754,0.0805,-0.6315,2880.0
Anomalia,0.0258,0.2027,-0.1095,-0.9549,2880.0
Anomalia,0.0146,0.2038,-0.0911,-0.8458,2880.0
Anomalia,0.011,0.1963,-0.1038,-0.7431,2640.0
Anomalia,0.0032,0.1606,-0.4441,-0.1279,2640.0
Anomalia,0.0075,0.1185,-0.786,1.0117,3360.0
Anomalia,0.0208,0.1042,-0.507,0.2173,3360.0
Anomalia,0.0196,0.0759,-0.2649,-0.0419,3360.0
Anomalia,0.0137,0.0951,0.0559,-0.0033,3360.0
Anomalia,0.0119,0.1023,0.0924,-0.4619,2880.0
Anomalia,0.0086,0.1081,0.1816,-0.6172,2880.0
Anomalia,0.0169,0.1086,0.0098,-0.6333,2880.0
Anomalia,0.0153,0.0944,-0.1076,-0.5724,2880.0
Anomalia,0.0146,0.0937,-0.1376,-0.544,3360.0
Anomalia,0.0181,0.0852,-0.3676,-0.5183,3360.0
Anomalia,0.0174,0.1124,0.0549,-0.3606,2880.0
Anomalia,0.0114,0.1469,-0.2498,-0.4128,2880.0
Anomalia,0.0193,0.1526,-0.2858,-0.5181,2880.0
Anomalia,0.0073,0.1528,-0.1007,-0.6285,2640.0
Anomalia,0.0145,0.1389,-0.4082,-0.1448,2640.0
Anomalia,0.0211,0.1212,-0.1323,-0.5345,2880.0
Anomalia,0.0044,0.1277,-0.1799,-0.582,2880.0
Anomalia,0.0229,0.1327,-0.3394,-0.5087,2880.0
Anomalia,0.003,0.1285,-0.0049,-0.4806,2880.0
Anomalia,0.0102,0.1335,0.0481,-0.4744,2880.0
Anomalia,0.0211,0.118,0.1766,-0.1695,2880.0
Anomalia,0.0144,0.1114,0.1873,0.1017,3360.0
Anomalia,0.0207,0.1171,0.1593,-0.1296,2880.0
Anomalia,0.0083,0.1366,-0.4335,0.809,2640.0
Anomalia,0.0177,0.1579,-0.2538,0.1034,2640.0
Anomalia,0.0166,0.1618,-0.2431,-0.1152,2640.0
Anomalia,0.0161,0.1788,-0.2184,-0.6303,2640.0
Anomalia,0.0187,0.1434,0.0539,-0.1486,2640.0
Anomalia,0.012,0.1515,-0.0439,-0.2362,2640.0
Anomalia,0.007,0.1747,-0.0429,-0.5213,2640.0
Anomalia,0.0183,0.1564,-0.2463,0.1647,2880.0
Anomalia,0.0258,0.1585,-0.3508,0.1516,2880.0
Anomalia,0.0163,0.1337,-0.2439,0.5908,2880.0
Anomalia,0.0202,0.09,0.2164,-0.6407,2640.0
Anomalia,0.0034,0.0933,0.1464,-0.5269,2880.0
Anomalia,0.0025,0.117,0.3436,-0.4474,2880.0
Anomalia,0.015,0.1158,0.1245,-0.4791,3120.0
Anomalia,0.0167,0.1381,0.0543,-0.8294,3360.0
Anomalia,0.0271,0.1354,-0.0398,-0.7046,3360.0
Anomalia,0.0213,0.1279,-0.077,-0.6396,2640.0
Anomalia,0.0059,0.1257,0.1033,-0.5793,2640.0
Anomalia,0.0058,0.1825,0.2536,1.2181,2640.0
Anomalia,0.0103,0.2025,0.2311,0.1719,2640.0
Anomalia,0.0131,0.2072,0.2032,0.0339,2880.0
Anomalia,0.031,0.2344,0.0818,-0.6664,2640.0
Anomalia,0.0208,0.1947,0.1969,-0.8984,2640.0
Anomalia,0.0133,0.18,0.2515,-0.641,3120.0
Anomalia,0.0119,0.1731,0.3134,-0.547,3120.0
Anomalia,-0.0011,0.1431,0.047,-0.8302,3360.0
Anomalia,0.0234,0.1709,0.48,0.1651,3360.0
Anomalia,0.0175,0.1666,0.5826,0.466,2880.0
Anomalia,0.022,0.1642,0.5015,0.5612,2880.0
Anomalia,0.0176,0.1701,0.393,0.3193,2880.0
Anomalia,0.0074,0.1366,-0.1597,-0.6593,2880.0
Anomalia,0.0101,0.1307,-0.1915,-0.362,2640.0
Anomalia,0.02,0.1317,-0.1532,-0.1162,2880.0
Anomalia,0.0271,0.127,0.1508,-0.5195,3120.0
Anomalia,0.0198,0.1263,0.1929,-0.5071,3120.0
Anomalia,0.0134,0.1285,0.2927,-0.6476,2640.0
Anomalia,0.0029,0.1454,0.3349,-0.7617,2640.0
Anomalia,0.0136,0.1647,0.431,-0.3748,2640.0
Anomalia,0.0159,0.1619,0.3908,-0.3384,2640.0
Anomalia,0.0318,0.1687,0.1401,-0.6344,2640.0
Anomalia,0.0223,0.1637,0.096,-0.5734,2640.0
Anomalia,0.0112,0.1304,-0.1949,-0.8869,2880.0
Anomalia,0.0117,0.1153,-0.2955,-0.3491,2880.0
Anomalia,0.005,0.1095,-0.4112,-0.1548,3360.0
Anomalia,0.0197,0.0885,-0.2883,0.0068,3360.0
Anomalia,0.0175,0.1063,-0.288,-0.3384,3120.0
Anomalia,0.0193,0.1085,-0.286,-0.4233,3120.0
Anomalia,0.0158,0.1058,-0.2026,-0.4212,2880.0
Anomalia,0.0134,0.1081,-0.2392,-0.4989,2880.0
Anomalia,0.016,0.0997,-0.2958,-0.4668,2880.0
Anomalia,0.0146,0.1014,-0.3039,-0.5591,2880.0
Anomalia,0.022,0.0972,-0.345,-0.2939,2880.0
Anomalia,0.0148,0.0894,-0.1773,-0.2568,3120.0
Anomalia,0.0221,0.0802,0.153,-0.1393,3360.0
Anomalia,0.0126,0.1135,-0.5223,1.0747,2880.0
Anomalia,0.0134,0.163,0.0108,0.0822,2640.0
Anomalia,0.0103,0.1852,0.1316,-0.5029,2640.0
Anomalia,0.0077,0.1849,0.1483,-0.515,2640.0
Anomalia,0.0253,0.1716,0.1241,-0.1894,2880.0
Anomalia,0.015,0.1301,0.217,0.3681,2880.0
Anomalia,0.0193,0.1006,-0.1056,-0.8541,2640.0
Anomalia,0.0071,0.1287,-0.3205,-0.1728,2880.0
Anomalia,0.0131,0.1394,-0.0823,-0.2542,2880.0
Anomalia,0.0183,0.1327,-0.123,0.2486,3120.0
Anomalia,0.02,0.1294,-0.1211,0.5455,2880.0
Anomalia,0.0236,0.1135,0.2616,0.0699,3360.0
Anomalia,0.0103,0.0949,-0.2063,-0.2821,3360.0
Anomalia,0.0128,0.1233,0.1031,-0.4702,3120.0
Anomalia,0.0234,0.1377,0.0549,-0.8686,2640.0
Anomalia,0.023,0.1371,0.1373,-0.8944,2640.0
Anomalia,0.012,0.1389,0.1955,-0.8459,2640.0
Anomalia,0.0198,0.1249,0.0139,-0.797,2640.0
Anomalia,0.0027,0.1472,-0.0087,-0.3508,2640.0
Anomalia,0.0132,0.1429,-0.1117,-0.1016,3360.0
Anomalia,0.0231,0.1436,-0.188,-0.084,3360.0
Anomalia,0.0189,0.1485,-0.1284,-0.4045,3360.0
Anomalia,0.0174,0.1153,0.0234,-0.9937,3120.0
Anomalia,0.0085,0.1181,-0.0209,-1.0934,2880.0
Anomalia,0.0085,0.118,0.0443,-1.1695,2880.0
Anomalia,0.0111,0.106,-0.072,-1.0265,2880.0
Anomalia,0.0224,0.1097,0.1366,-0.4705,2880.0
Anomalia,0.0233,0.1175,0.1127,-0.6224,2880.0
Anomalia,0.0232,0.1303,0.0203,-0.7132,2880.0
Anomalia,0.0141,0.1519,0.0226,-0.8084,2640.0
Anomalia,0.0067,0.1623,-0.0531,-1.0835,2640.0
Anomalia,0.0154,0.1722,-0.0265,-0.9116,2640.0
Anomalia,0.0144,0.1673,-0.12,-0.6821,2640.0
Anomalia,0.0223,0.1545,-0.233,-0.4673,2880.0
Anomalia,0.0224,0.1425,-0.1354,-0.1884,2880.0
Anomalia,0.0147,0.1253,-0.0571,-0.0612,3360.0
Anomalia,0.0217,0.1692,0.3766,0.2815,3360.0
Anomalia,0.01,0.1747,0.415,0.0785,2880.0
Anomalia,0.0212,0.1741,0.2938,0.0647,2880.0
Anomalia,0.0213,0.1823,0.141,-0.3288,2880.0
Anomalia,0.0164,0.146,-0.1617,-0.9546,2880.0
Anomalia,0.0218,0.13,-0.1113,-0.5779,2880.0
Anomalia,0.0052,0.14,-0.0829,-0.7486,2880.0
Anomalia,0.0131,0.1365,-0.062,-0.6829,2880.0
Anomalia,0.0199,0.1258,-0.3145,-0.2347,2880.0
Anomalia,0.0187,0.1686,-0.148,-0.4867,2880.0
Anomalia,0.0296,0.1606,-0.1609,-0.1287,2880.0
Anomalia,0.0122,0.1474,0.0164,0.3142,2880.0
Anomalia,0.0012,0.1429,0.2191,0.6419,3360.0
Anomalia,0.0137,0.103,0.3253,-0.4985,2640.0
Anomalia,0.0167,0.1222,0.1647,-0.3991,2640.0
Anomalia,0.0222,0.1484,-0.0429,-0.1999,2880.0
Anomalia,0.027,0.1628,-0.1577,-0.5842,2880.0
Anomalia,0.0163,0.1662,-0.0682,-0.6962,2880.0
Anomalia,0.0106,0.1523,-0.0555,-0.3092,2880.0
Anomalia,0.016,0.1295,-0.1469,-0.4373,2640.0
Anomalia,0.0178,0.1235,-0.0647,-0.7027,2880.0
Anomalia,0.0183,0.1297,0.0951,-0.8261,2880.0
Anomalia,0.0193,0.123,0.141,-0.6978,2880.0
Anomalia,0.015,0.1222,0.2051,-0.6158,2880.0
Anomalia,0.0125,0.1296,0.1562,-0.3295,3360.0
Anomalia,0.0129,0.1518,0.1224,0.1644,3120.0
Anomalia,0.0173,0.1531,0.0568,0.0967,2880.0
Anomalia,0.0192,0.1719,-0.012,-0.4687,2880.0
Anomalia,0.0212,0.1703,0.005,-0.5231,2640.0
Anomalia,0.0191,0.1414,-0.0936,-0.5525,2880.0
Anomalia,0.0131,0.1671,-0.0398,-1.0569,2640.0
Anomalia,0.0057,0.1459,0.0805,-0.7982,2640.0
Anomalia,0.0162,0.1355,-0.1155,-0.405,3360.0
Anomalia,0.0095,0.1237,0.086,0.062,2880.0
Anomalia,0.02,0.091,0.3859,-0.2355,3600.0
Anomalia,0.0269,0.0996,0.1122,-0.499,3120.0
Anomalia,0.005,0.0894,0.2597,-0.3813,3120.0
Anomalia,0.0191,0.0932,0.0746,-0.456,3120.0
Anomalia,0.0114,0.0841,0.0151,-0.1223,2400.0
Anomalia,0.0114,0.0772,0.161,-0.3718,3360.0
Anomalia,0.0222,0.0827,0.2226,-0.2796,3360.0
Anomalia,0.0167,0.0756,0.1705,0.0468,3600.0
Anomalia,0.0176,0.1094,0.2122,0.6351,3360.0
Anomalia,0.0162,0.1222,0.0869,0.4269,2880.0
Anomalia,0.0163,0.1305,0.037,-0.1946,2880.0
Anomalia,0.0212,0.1423,0.0187,-0.6998,3360.0
Anomalia,0.0116,0.1421,-0.1386,-0.7332,3360.0
Anomalia,0.0136,0.1432,-0.2334,-0.6577,2640.0
Anomalia,0.015,0.162,-0.0351,-0.7426,2640.0
Anomalia,0.0084,0.1559,-0.0086,-0.5578,2640.0
Anomalia,0.0308,0.1515,0.0138,-0.3113,2640.0
Anomalia,0.0226,0.162,-0.0103,-0.4677,2640.0
Anomalia,0.0117,0.1361,-0.093,0.2577,2880.0
Anomalia,0.0143,0.1542,-0.0406,-0.4562,3120.0
Anomalia,0.0004,0.138,-0.0724,-0.066,3120.0
Anomalia,0.0158,0.1094,-0.0491,0.2732,2880.0
Anomalia,0.022,0.1168,-0.0284,-0.279,3360.0
Anomalia,0.02,0.0927,-0.0204,-0.5551,3360.0
Anomalia,0.0194,0.0984,-0.0788,-0.7876,3360.0
Anomalia,0.0105,0.11,-0.0608,-1.0319,3120.0
Anomalia,0.0066,0.1162,-0.061,-0.997,3120.0
Anomalia,0.0145,0.1173,-0.1763,-0.9623,3120.0
Anomalia,0.0231,0.1451,-0.0235,-0.5255,3120.0
Anomalia,0.0131,0.155,-0.1037,-0.627,2640.0
Anomalia,0.0274,0.1486,-0.2625,-0.2519,3120.0
Anomalia,0.0092,0.1509,-0.0536,-0.515,2880.0
Anomalia,0.0025,0.1287,-0.2778,-0.7617,2880.0
Anomalia,0.0204,0.1095,-0.152,-0.9117,2640.0
Anomalia,0.0089,0.1014,-0.1245,-0.7704,2880.0
Anomalia,0.0213,0.1328,0.0463,0.0671,2880.0
Anomalia,0.0195,0.1262,0.0784,0.502,2880.0
Anomalia,0.0075,0.1278,0.1686,0.4234,2640.0
Anomalia,0.0103,0.1372,0.1188,-0.1652,2640.0
Anomalia,0.0091,0.1191,-0.1141,-0.611,2880.0
Anomalia,0.0143,0.1472,0.0662,-0.9263,2880.0
Anomalia,0.0239,0.1495,0.0127,-1.0077,2640.0
Anomalia,0.019,0.1431,0.142,-0.8402,2640.0
Anomalia,0.015,0.1261,0.3916,-0.429,2880.0
Anomalia,0.0006,0.0911,0.5041,-0.3326,3360.0
Anomalia,0.002,0.0761,0.3439,-0.5047,3360.0
Anomalia,0.0164,0.0798,0.0362,-0.5515,3360.0
Anomalia,0.0215,0.0966,0.0686,-0.4729,3120.0
Anomalia,0.027,0.099,0.0883,-0.6541,3120.0
Anomalia,0.0158,0.1027,0.1152,-0.7758,2640.0
Anomalia,0.0045,0.1004,0.3411,-0.6625,3120.0
Anomalia,0.0064,0.1151,0.2781,-0.0745,2880.0
Anomalia,0.0157,0.131,0.0575,-0.4844,2880.0
Anomalia,0.0147,0.1371,-0.0331,-0.6483,2880.0
Anomalia,0.02,0.1371,-0.1647,-0.5858,2880.0
Anomalia,0.0184,0.1181,-0.3525,-0.436,2880.0
Anomalia,0.0081,0.1026,-0.4311,-0.6759,2880.0
Anomalia,0.0205,0.1277,0.237,1.5571,2880.0
Anomalia,0.0091,0.182,0.002,0.2228,2640.0
Anomalia,0.0163,0.2511,0.0506,-0.479,2880.0
Anomalia,0.0224,0.2581,-0.0001,-0.6648,2880.0
Anomalia,0.0135,0.2613,-0.008,-0.8152,2880.0
Anomalia,0.0133,0.2431,-0.0199,-0.3936,3360.0
Anomalia,0.0067,0.2058,-0.0915,-0.6332,3360.0
Anomalia,0.0082,0.2116,-0.0995,-0.7292,3360.0
Anomalia,0.0164,0.2367,0.0377,-0.6147,3360.0
Anomalia,0.0272,0.2216,0.045,-0.3939,2880.0
Anomalia,0.0187,0.1946,0.1612,0.248,2880.0
Anomalia,0.0114,0.1759,0.3048,1.2295,2880.0
Anomalia,0.0078,0.112,-0.0316,-0.9426,2880.0
Anomalia,0.0065,0.1047,-0.0912,-0.67,2640.0
Anomalia,0.012,0.0989,-0.1343,-0.5449,2880.0
Anomalia,0.0219,0.0986,-0.3898,-0.3051,2880.0
Anomalia,0.0205,0.0983,-0.4688,-0.2063,3120.0
Anomalia,0.0156,0.1388,-0.1416,-0.3662,3120.0
Anomalia,0.0197,0.1379,-0.0953,-0.308,2880.0
Anomalia,0.0109,0.1424,0.0856,-0.5528,2880.0
Anomalia,0.0155,0.1347,0.06,-0.2052,3360.0
Anomalia,0.0231,0.1056,-0.0116,-0.4298,3120.0
Anomalia,0.0122,0.1394,-0.3194,-0.205,2880.0
Anomalia,0.0151,0.1455,-0.3186,-0.4629,2880.0
Anomalia,0.0169,0.1532,-0.2571,-0.726,2880.0
Anomalia,0.0115,0.1482,-0.1559,-0.6432,2880.0
Anomalia,0.0187,0.1146,0.244,-0.7994,2640.0
Anomalia,0.0177,0.1054,0.1526,-0.5269,2880.0
Anomalia,0.0076,0.0993,-0.0239,-0.592,3120.0
Anomalia,0.0091,0.108,-0.0154,-0.8185,3120.0
Anomalia,0.0168,0.1116,-0.1434,-0.9846,2880.0
Anomalia,0.0183,0.1077,-0.036,-0.9828,2880.0
Anomalia,0.0231,0.0957,0.1389,-0.6432,2880.0
Anomalia,0.0231,0.0768,0.2726,-0.3132,3120.0
Anomalia,0.0103,0.091,-0.1132,1.0407,2880.0
Anomalia,0.0112,0.0997,-0.3384,0.8413,2640.0
Anomalia,0.0136,0.132,-0.1532,-0.0862,2880.0
Anomalia,0.0189,0.1455,-0.1633,-0.6057,2640.0
Anomalia,0.0178,0.1529,-0.2751,-0.529,2640.0
Anomalia,0.0203,0.1658,-0.2157,-0.6477,2640.0
Anomalia,0.0193,0.1497,-0.2445,-0.342,2880.0
Anomalia,0.0068,0.1509,-0.1392,-0.5106,2880.0
Anomalia,0.0162,0.1261,-0.17,0.2425,2880.0
Anomalia,0.0151,0.1178,-0.0302,-0.5632,2880.0
Anomalia,0.0199,0.1196,-0.0293,-0.57,2880.0
Anomalia,0.0247,0.1213,0.0776,-0.6864,3120.0
Anomalia,0.0174,0.1328,0.0621,-1.0297,2880.0
Anomalia,0.0115,0.1363,0.0862,-1.0946,3360.0
Anomalia,0.0048,0.1385,0.1249,-1.1756,2880.0
Anomalia,0.0149,0.1341,0.1334,-0.9918,3120.0
Anomalia,0.0252,0.1267,0.1009,-0.8328,3120.0
Anomalia,0.0191,0.1283,-0.128,-0.3709,3120.0
Anomalia,0.0192,0.1217,-0.0982,0.0242,2640.0
Anomalia,0.0101,0.1292,-0.035,-0.2405,2880.0
Anomalia,0.0036,0.1643,0.1177,-0.521,3360.0
Anomalia,0.0218,0.1555,0.0367,-0.3549,3360.0
Anomalia,0.0214,0.1607,-0.0641,-0.4732,3360.0
Anomalia,0.0243,0.1555,-0.1448,-0.337,2640.0
Anomalia,0.0181,0.1294,-0.3039,-0.6061,3120.0
Anomalia,0.0055,0.1413,-0.193,-0.8927,2880.0
Anomalia,0.0088,0.148,-0.0886,-1.1482,2880.0
Anomalia,0.015,0.1501,-0.1341,-1.2005,2880.0
Anomalia,0.0223,0.1483,-0.0304,-1.2258,2880.0
Anomalia,0.0304,0.1444,0.0554,-1.2966,2880.0
Anomalia,0.0161,0.1497,-0.1279,-0.779,2640.0
Anomalia,0.0117,0.1584,0.1267,-0.519,2640.0
Anomalia,0.0093,0.1664,0.0671,-0.7237,2880.0
Anomalia,0.0098,0.1732,0.062,-0.7631,2880.0
Anomalia,0.0182,0.1781,0.0488,-0.9671,2880.0
Anomalia,0.0243,0.1703,-0.1389,-0.9848,2880.0
Anomalia,0.025,0.1607,-0.0971,-0.778,2880.0
Anomalia,0.0114,0.1644,-0.142,-0.8127,3360.0
Anomalia,0.0204,0.1457,-0.1489,-0.44,3360.0
Anomalia,0.0019,0.1322,-0.057,-0.0813,3120.0
Anomalia,0.0163,0.1269,-0.3157,0.2467,3120.0
Anomalia,0.0193,0.1026,-0.0302,-0.4789,2880.0
Anomalia,0.0185,0.1122,-0.1316,-0.6526,2880.0
Anomalia,0.0214,0.1287,-0.0185,-0.7873,2640.0
Anomalia,0.003,0.1403,0.0801,-0.9428,2640.0
Anomalia,0.0107,0.1467,0.0377,-0.9851,2640.0
Anomalia,0.0179,0.1443,0.0458,-0.7861,2640.0
Anomalia,0.0247,0.1465,-0.1812,-0.6112,2880.0
Anomalia,0.0243,0.1356,-0.0664,-0.4383,2640.0
Anomalia,0.0175,0.1307,-0.0071,-0.3772,2640.0
Anomalia,0.0071,0.1149,-0.0394,0.0994,3360.0
Anomalia,0.0118,0.1073,-0.03,-0.5535,2880.0
Anomalia,0.0125,0.1113,-0.1437,-0.3034,2880.0
Anomalia,0.0208,0.1325,-0.0993,-0.2506,2880.0
Anomalia,0.0201,0.1429,-0.0732,-0.6226,2880.0
Anomalia,0.0115,0.1576,0.0425,-0.6758,3120.0
Anomalia,0.0246,0.1561,-0.0442,-0.6399,3120.0
Anomalia,0.0111,0.1407,0.0659,-0.3736,3120.0
Anomalia,0.0144,0.1446,0.0882,-0.5557,3120.0
Anomalia,0.0185,0.1326,0.1078,-0.7927,3360.0
Anomalia,0.009,0.128,0.256,-0.6185,3360.0
Anomalia,0.0182,0.1155,0.3046,-0.4947,3360.0
Anomalia,0.0184,0.1071,0.1958,-0.5686,3360.0
Anomalia,0.0229,0.1657,0.3683,1.0274,3120.0
Anomalia,0.0249,0.1938,0.1355,-0.1664,2880.0
Anomalia,0.0171,0.2082,0.0756,-0.5797,2880.0
Anomalia,0.0084,0.206,0.1861,-0.4945,2880.0
Anomalia,0.0104,0.157,-0.1907,-0.2488,3120.0
Anomalia,0.011,0.1369,-0.3042,-0.3955,3360.0
Anomalia,0.0128,0.1163,0.0077,-0.7629,3360.0
Anomalia,0.0258,0.1284,0.1341,-0.5639,2880.0
Anomalia,0.0094,0.1205,0.3716,-0.1977,2880.0
Anomalia,0.0139,0.1009,0.5775,0.7148,2640.0
Anomalia,0.0124,0.0995,0.7216,0.6084,2880.0
Anomalia,0.006,0.0774,0.1061,-0.7343,3360.0
Anomalia,0.0208,0.0963,0.1818,-0.1651,3600.0
Anomalia,0.0154,0.1084,0.1092,-0.5171,2640.0
Anomalia,0.0261,0.1133,-0.0596,-0.5437,3360.0
Anomalia,0.018,0.1248,-0.0387,-1.0077,3360.0
Anomalia,0.004,0.1289,-0.0484,-1.0098,2880.0
Anomalia,0.0109,0.1346,-0.0258,-0.8669,2640.0
Anomalia,0.011,0.1536,0.0928,-1.042,2640.0
Anomalia,0.0182,0.1672,0.0071,-0.9911,2880.0
Anomalia,0.0304,0.1764,0.0655,-0.8382,2880.0
Anomalia,0.0069,0.1654,0.4,-0.4782,2880.0
Anomalia,0.0097,0.1457,0.3853,0.202,3120.0
Anomalia,0.0102,0.1198,0.6399,1.309,3120.0
Anomalia,0.0094,0.0844,0.117,-0.8501,3360.0
Anomalia,0.0302,0.0811,0.0231,-1.1009,3360.0
Anomalia,0.0188,0.0991,-0.4175,0.1038,3360.0
Anomalia,0.0129,0.0987,-0.3265,-0.0073,2880.0
Anomalia,0.0092,0.1309,-0.0387,-0.005,3120.0
Anomalia,0.0087,0.1354,0.0132,-0.1821,3120.0
Anomalia,0.0109,0.1164,0.1625,0.9925,3120.0
Anomalia,0.0217,0.1209,-0.033,0.668,3360.0
Anomalia,0.0227,0.0864,0.0542,-0.0084,3360.0
Anomalia,0.018,0.1003,-0.2874,0.4643,3120.0
Anomalia,0.0153,0.1354,-0.4671,-0.2309,3360.0
Anomalia,0.0055,0.1418,-0.3033,-0.6359,2880.0
Anomalia,0.0131,0.1465,-0.3407,-0.728,2880.0
Anomalia,0.0167,0.1434,-0.2773,-0.7457,3360.0
Anomalia,0.0215,0.125,0.052,-0.987,3120.0
Anomalia,0.0306,0.1318,0.1803,-0.8679,3120.0
Anomalia,0.0099,0.1214,0.5711,-0.2823,2880.0
Anomalia,0.0126,0.1095,0.5715,0.1929,2880.0
Anomalia,0.0127,0.1084,0.4918,0.1549,2880.0
Anomalia,0.0059,0.0875,0.2372,-0.2107,2880.0
Anomalia,0.0185,0.1027,0.1742,-0.6424,2880.0
Anomalia,0.0233,0.1104,0.0857,-0.8741,2880.0
Anomalia,0.0158,0.1251,-0.2192,-0.549,2880.0
Anomalia,0.0111,0.1394,-0.1068,-0.8468,2880.0
Anomalia,0.0127,0.1352,-0.2262,-0.731,2640.0
Anomalia,0.0122,0.1319,-0.2201,-0.6104,2640.0
Anomalia,0.0199,0.1099,-0.077,-0.4263,2640.0
Anomalia,0.0206,0.1027,-0.4401,-0.2279,2640.0
Anomalia,0.0197,0.1112,-0.3603,-0.2262,2640.0
Anomalia,0.0011,0.1255,-0.296,-0.5688,2880.0
Anomalia,0.0131,0.1324,-0.3686,-0.6068,2880.0
Anomalia,0.0186,0.1234,-0.323,-0.3653,2880.0
Anomalia,0.0194,0.1104,-0.504,0.1648,2880.0
Anomalia,0.0212,0.1044,-0.3218,-0.3811,2880.0
Anomalia,0.0063,0.1271,-0.2087,-0.0672,2880.0
Anomalia,0.0092,0.1401,-0.0083,-0.3892,2880.0
Anomalia,0.015,0.1703,0.0207,-0.5155,2640.0
Anomalia,0.0189,0.1932,-0.1331,-0.2557,2640.0
Anomalia,0.0207,0.1731,-0.1373,0.6427,2640.0
Anomalia,0.0182,0.1696,-0.2049,0.7663,2640.0
Anomalia,0.013,0.1604,-0.2215,0.5399,2640.0
Anomalia,0.0163,0.1746,0.1112,-0.1782,2640.0
Anomalia,0.0175,0.1876,0.0626,-0.566,2640.0
Anomalia,0.017,0.1903,0.0738,-0.6365,2640.0
Anomalia,0.0106,0.2067,0.1521,-0.8244,2640.0
Anomalia,0.0175,0.1757,0.0176,-0.7746,3360.0
Anomalia,0.0096,0.1659,0.1304,-0.6203,2880.0
Anomalia,0.0148,0.1838,0.0086,-0.7461,3360.0
Anomalia,0.016,0.1803,-0.0872,-0.5992,3120.0
Anomalia,0.0146,0.1851,-0.0325,-0.7577,2880.0
Anomalia,0.0232,0.1903,-0.1323,-0.8919,2880.0
Anomalia,0.0099,0.1717,0.0095,-0.8258,2880.0
Anomalia,0.0133,0.1353,0.0112,-0.8189,2880.0
Anomalia,0.0097,0.1185,0.051,-0.3483,2880.0
Anomalia,0.0132,0.1256,0.1363,-0.4969,2880.0
Anomalia,0.0215,0.1262,0.2138,-0.6138,2880.0
Anomalia,0.0185,0.1253,0.2205,-0.5782,2880.0
Anomalia,0.0181,0.1188,0.0309,-0.6003,2640.0
Anomalia,0.0081,0.0971,0.0097,-0.5821,2640.0
Anomalia,0.0117,0.1036,0.1503,0.0648,2640.0
Anomalia,0.0108,0.1142,0.1039,-0.2946,2640.0
Anomalia,0.0157,0.1346,0.2894,-0.5153,2880.0
Anomalia,0.0245,0.1284,0.2098,-0.0975,2880.0
Anomalia,0.017,0.1166,0.1769,0.221,2880.0
Anomalia,0.0123,0.1093,0.3572,0.4835,2880.0
Anomalia,0.0102,0.0862,-0.2811,-0.2261,2640.0
Anomalia,0.0131,0.0994,-0.0921,-0.8046,2640.0
Anomalia,0.0201,0.1017,-0.0375,-0.99,3120.0
Anomalia,0.0251,0.1136,-0.0521,-0.9072,2880.0
Anomalia,0.0147,0.1167,-0.0215,-1.0089,2880.0
Anomalia,0.009,0.1056,0.0208,-0.5365,2880.0
Anomalia,0.0038,0.0967,0.0555,-0.1955,3120.0
Anomalia,0.0123,0.0952,0.0953,-0.1515,2640.0
Anomalia,0.0155,0.1111,0.0683,0.0096,2880.0
Anomalia,0.0241,0.1192,-0.0653,-0.4678,2880.0
Anomalia,0.0204,0.1251,-0.0282,-0.7117,3120.0
Anomalia,0.0121,0.1157,-0.0277,-0.5419,2640.0
Anomalia,0.0146,0.1095,0.0031,-0.8567,3360.0
Anomalia,0.0055,0.1043,0.0596,-0.6819,3360.0
Anomalia,0.0208,0.1115,0.159,-0.3973,3360.0
Anomalia,0.0186,0.1222,0.1018,-0.5426,2880.0
Anomalia,0.0233,0.1176,0.0917,-0.4857,2880.0
Anomalia,0.0119,0.1266,0.1394,-0.8527,3120.0
Anomalia,0.0001,0.1156,0.0814,-0.8902,3120.0
Anomalia,0.0117,0.1058,-0.0645,-0.9476,3120.0
Anomalia,0.0038,0.1137,-0.1554,-0.9078,2880.0
Anomalia,0.0315,0.1115,-0.4174,-0.4496,2880.0
Anomalia,0.0267,0.1253,-0.4656,-0.7067,3120.0
Anomalia,0.012,0.1239,-0.354,-0.82,2880.0
Anomalia,0.0127,0.1086,-0.3448,-0.4887,2880.0
Anomalia,-0.0025,0.1282,0.0495,-0.492,2640.0
Anomalia,0.0071,0.1358,0.1224,-0.5497,2640.0
Anomalia,0.0226,0.1418,0.0858,-0.7045,2880.0
Anomalia,0.0229,0.152,0.0477,-1.0429,2640.0
Anomalia,0.0209,0.1404,0.0768,-1.0169,2640.0
Anomalia,0.0149,0.1479,0.0577,-0.9069,3360.0
Anomalia,0.0029,0.1436,0.0717,-0.8293,3360.0
Anomalia,0.014,0.1358,-0.1564,-0.5178,3360.0
Anomalia,0.0142,0.1377,-0.1672,-0.5711,3360.0
Anomalia,0.0135,0.1072,-0.2816,-0.4741,3360.0
Anomalia,0.0126,0.1137,-0.171,-0.8986,2880.0
Anomalia,0.0017,0.1168,0.0253,-0.9858,2880.0
Anomalia,0.0128,0.1115,-0.0338,-1.0509,2880.0
Anomalia,0.0141,0.1177,-0.02,-1.1186,2880.0
Anomalia,0.0216,0.1358,0.0725,-0.6085,2880.0
Anomalia,0.0188,0.1314,0.2133,-0.4649,2880.0
Anomalia,0.0133,0.1348,0.3826,-0.2594,2640.0
Anomalia,0.0138,0.145,0.3076,-0.3346,2640.0
Anomalia,0.0142,0.1688,0.2876,-0.097,2640.0
Anomalia,0.0106,0.1735,0.2003,-0.1584,2880.0
Anomalia,0.0095,0.1679,0.136,-0.0055,2880.0
Anomalia,0.0192,0.1611,0.0624,0.2639,2880.0
Anomalia,0.0039,0.1376,-0.2355,0.0674,2880.0
Anomalia,0.0199,0.1442,0.002,-0.1598,3360.0
Anomalia,0.0115,0.1629,-0.032,-0.6094,3360.0
Anomalia,-0.0011,0.1785,0.0183,-0.9829,2880.0
Anomalia,0.0217,0.1664,-0.1162,-0.899,2880.0
Anomalia,0.0093,0.1687,-0.1601,-1.0979,2880.0
Anomalia,0.0134,0.1551,-0.1421,-1.0254,2880.0
Anomalia,0.0136,0.1323,-0.1117,-0.7405,2880.0
Anomalia,0.01,0.1263,-0.2253,-0.7193,2880.0
Anomalia,0.0145,0.1353,-0.0708,-0.1623,2880.0
Anomalia,0.0115,0.195,-0.0804,-0.135,2880.0
Anomalia,0.0147,0.2228,-0.0538,-0.6764,2880.0
Anomalia,0.0132,0.2199,-0.0406,-0.5721,2880.0
Anomalia,0.0041,0.209,0.0236,-0.3195,2640.0
Anomalia,0.0179,0.1532,-0.0358,0.5786,2640.0
Anomalia,0.0193,0.1118,-0.1176,-0.6992,2640.0
Anomalia,0.0112,0.1753,-0.1002,0.5288,2880.0
Anomalia,0.022,0.203,-0.205,-0.1257,2880.0
Anomalia,0.0058,0.2236,-0.1163,-0.7132,2880.0
Anomalia,0.0079,0.2243,-0.1109,-0.7094,2880.0
Anomalia,0.0126,0.1781,-0.2325,-0.1648,2880.0
Anomalia,0.0098,0.1712,-0.2233,-0.3055,2880.0
Anomalia,0.0178,0.1571,-0.0462,-0.38,2880.0
Anomalia,0.0219,0.162,-0.0853,-0.5138,2880.0
Anomalia,0.0095,0.1632,0.0676,-0.6157,2880.0
Anomalia,0.0144,0.1325,0.162,-0.6636,2880.0
Anomalia,0.0143,0.1209,0.1712,-0.6555,3360.0
Anomalia,0.0106,0.1153,0.2327,-0.5569,2640.0
Anomalia,0.0215,0.1177,0.1345,-0.7253,2640.0
Anomalia,0.015,0.1462,-0.1889,-0.1451,3360.0
Anomalia,0.0098,0.1366,-0.2038,0.3674,3360.0
Anomalia,0.0147,0.1283,-0.4831,0.9634,3360.0
Anomalia,0.0066,0.1305,-0.3957,0.5896,3360.0
Anomalia,0.0153,0.0945,-0.2687,-0.6792,3360.0
Anomalia,0.0206,0.0946,-0.4192,-0.5579,3120.0
Anomalia,0.0079,0.1081,-0.4833,-0.3246,3120.0
Anomalia,0.0201,0.1027,-0.5698,0.3499,2880.0
Anomalia,0.0088,0.1095,-0.4772,-0.2978,2640.0
Anomalia,-0.0028,0.1064,-0.1851,-0.3144,2640.0
Anomalia,0.0154,0.1083,0.356,-0.3705,2640.0
Anomalia,0.0128,0.1087,0.3231,-0.3088,2640.0
Anomalia,0.0223,0.1154,0.2568,-0.2098,3360.0
Anomalia,0.0212,0.1213,0.0868,-0.4242,3360.0
Anomalia,0.0102,0.1111,-0.0548,-0.507,3360.0
Anomalia,0.0074,0.1079,-0.069,-0.441,3360.0
Anomalia,0.0063,0.1013,0.0199,-0.6965,3120.0
Anomalia,0.0239,0.1053,0.2031,-0.5827,2400.0
Anomalia,0.0127,0.1649,-0.343,0.6511,2400.0
Anomalia,0.0111,0.1886,-0.2074,-0.425,2640.0
Anomalia,0.0087,0.1802,-0.2258,-0.028,2640.0
Anomalia,0.0048,0.1874,-0.169,-0.4014,2880.0
Anomalia,0.013,0.1403,0.0304,-0.6684,2880.0
Anomalia,0.0146,0.1152,-0.0153,-0.6905,2880.0
Anomalia,0.0155,0.1303,-0.0163,-1.1152,2880.0
Anomalia,0.0087,0.1122,0.024,-0.9105,2880.0
Anomalia,0.0162,0.1297,0.0598,-0.8388,2880.0
Anomalia,0.0143,0.1265,0.1657,-0.6831,3120.0
Anomalia,0.0136,0.1262,0.0981,-0.641,3360.0
Anomalia,0.0188,0.1221,0.0315,-0.3434,3360.0
Anomalia,0.012,0.0932,-0.1034,0.2969,3360.0
Anomalia,0.0133,0.0899,-0.1796,0.0568,3360.0
Anomalia,0.0175,0.1028,0.161,0.271,2640.0
Anomalia,0.0065,0.1102,0.1792,-0.2152,2640.0
Anomalia,0.0156,0.1159,0.0674,-0.4851,2640.0
Anomalia,0.0153,0.1113,0.0987,-0.2036,2640.0
Anomalia,0.0073,0.0819,-0.0636,-0.1679,2640.0
Anomalia,0.0167,0.0799,0.1155,-0.3213,2640.0
Anomalia,0.0038,0.0804,-0.2005,-0.3754,2640.0
Anomalia,0.0123,0.0858,-0.1667,-0.19,2640.0
Anomalia,0.0071,0.131,-0.4025,0.4303,2880.0
Anomalia,0.013,0.1384,-0.3459,0.0642,2880.0
Anomalia,0.0209,0.1478,-0.2711,-0.2297,2880.0
Anomalia,0.0108,0.1495,-0.0587,-0.4453,2880.0
Anomalia,0.0198,0.126,0.3656,-0.9247,2880.0
Anomalia,0.0108,0.1169,0.4573,-0.577,2880.0
Anomalia,0.0139,0.1116,0.3602,-0.723,2640.0
Anomalia,0.0171,0.1053,0.236,-0.4887,2640.0
Anomalia,0.0168,0.091,0.019,-0.3178,2640.0
Anomalia,0.012,0.1068,-0.3013,-0.1629,2640.0
Anomalia,0.0097,0.1101,-0.1888,-0.1641,2640.0
Anomalia,0.0078,0.113,-0.1427,-0.3959,2640.0
Anomalia,0.016,0.1203,-0.1057,-0.6988,2640.0
Anomalia,0.026,0.1061,0.1674,-0.7789,3360.0
Anomalia,0.0125,0.0877,0.2278,-0.6191,2880.0
Anomalia,0.0138,0.0822,0.2858,-0.2317,3120.0
Anomalia,0.0043,0.0754,0.0745,-0.2307,2640.0
Anomalia,0.0017,0.0962,0.1142,-0.257,2640.0
Anomalia,0.0141,0.1337,-0.0876,0.3027,2640.0
Anomalia,0.02,0.1523,0.0932,-0.2348,2640.0
Anomalia,0.0164,0.1605,0.0791,-0.5419,2880.0
Anomalia,0.0138,0.1603,0.0993,-0.5023,3360.0
Anomalia,0.0083,0.1483,0.2259,-0.7805,2880.0
Anomalia,0.011,0.1546,-0.0026,-0.9478,2640.0
Anomalia,0.0139,0.1819,-0.0207,-0.84,2640.0
Anomalia,0.019,0.1718,-0.0642,-0.4449,2640.0
Anomalia,0.0228,0.191,-0.0794,-0.6188,2880.0
Anomalia,0.0059,0.1842,0.0739,-0.5204,2880.0
Anomalia,0.011,0.1703,0.0918,-0.5493,2880.0
Anomalia,0.0107,0.1775,0.0672,-0.8386,3360.0
Anomalia,0.0089,0.1461,0.096,-0.7356,3360.0
Anomalia,0.0309,0.1386,-0.0732,-0.6785,3360.0
Anomalia,0.0157,0.1104,0.0151,-0.9271,3360.0
Anomalia,0.0133,0.1048,-0.0854,-0.5819,3120.0
Anomalia,0.0083,0.1054,-0.0964,-0.5982,3120.0
Anomalia,0.0031,0.1032,-0.207,-0.685,2640.0
Anomalia,0.0138,0.0985,-0.3535,-0.3794,2640.0
Anomalia,0.0208,0.0964,-0.2393,-0.6096,3120.0
Anomalia,0.0267,0.1001,-0.167,-0.5501,2880.0
Anomalia,0.0147,0.1317,-0.1584,0.0666,2640.0
Anomalia,0.0066,0.1729,-0.1783,-0.5604,2640.0
Anomalia,0.0068,0.1845,-0.0333,-0.8045,2640.0
Anomalia,0.0102,0.1898,-0.0706,-0.8761,2640.0
Anomalia,0.0154,0.1671,-0.1041,-0.3257,2640.0
Anomalia,0.029,0.128,0.1883,-0.0505,2640.0
Anomalia,0.0081,0.1142,0.0328,-0.0962,2400.0
Anomalia,0.006,0.1224,0.1224,-0.4765,2880.0
Anomalia,0.0118,0.1254,0.0205,-0.6412,2880.0
Anomalia,0.0095,0.1298,0.0661,-0.8349,2640.0
Anomalia,0.0287,0.1329,-0.1047,-0.8135,2640.0
Anomalia,0.0205,0.113,-0.1073,-0.7752,2880.0
Anomalia,0.0122,0.1075,-0.0436,-0.5894,2880.0
Anomalia,0.0066,0.0955,-0.0676,-0.0201,2880.0
Anomalia,0.0082,0.0855,-0.1487,-0.4602,3120.0
Anomalia,0.0116,0.088,-0.3784,0.0819,3600.0
Anomalia,0.0146,0.0967,-0.0504,0.1209,2880.0
Anomalia,0.0217,0.1189,-0.0633,-0.6056,2880.0
Anomalia,0.0151,0.1224,0.0292,-0.6776,3120.0
Anomalia,0.0202,0.1348,0.1536,-0.8311,2880.0
Anomalia,0.0004,0.1518,-0.0859,-0.7883,3360.0
Anomalia,0.0145,0.1579,-0.1259,-0.763,2640.0
Anomalia,0.0101,0.1671,-0.0649,-0.9956,2640.0
Anomalia,0.0079,0.1571,-0.1258,-0.8484,2640.0
Anomalia,0.0339,0.1661,0.1221,-0.9512,2880.0
Anomalia,0.0024,0.1509,0.4713,-0.45,2880.0
Anomalia,0.0146,0.1327,0.4428,0.2794,2880.0
Anomalia,0.0115,0.1263,0.5838,0.7748,2880.0
Anomalia,0.0127,0.1012,0.3842,0.0405,3120.0
Anomalia,0.0236,0.1005,0.3084,-0.1114,2880.0
Anomalia,0.0194,0.1129,0.2117,-0.6367,3120.0
Anomalia,0.0155,0.1292,0.017,-0.7761,2880.0
Anomalia,0.0115,0.117,-0.176,-0.6468,2880.0
Anomalia,0.0129,0.1184,-0.1785,-0.6125,3360.0
Anomalia,0.018,0.1311,0.0657,-0.6155,3120.0
Anomalia,0.0223,0.1145,0.3216,-0.3172,2880.0
Anomalia,0.0087,0.1149,0.4275,-0.3226,2640.0
Anomalia,0.0168,0.1123,0.3667,-0.2962,3120.0
Anomalia,0.0047,0.0877,0.0883,-0.7027,3360.0
Anomalia,0.0173,0.1025,-0.0328,-0.822,3360.0
Anomalia,0.0253,0.1003,0.1169,-0.4872,3360.0
Anomalia,0.0203,0.1079,0.0784,-0.4559,3360.0
Anomalia,0.0205,0.1133,0.0141,-0.739,3360.0
Anomalia,0.006,0.1092,0.0429,-0.6368,2880.0
Anomalia,0.0091,0.106,-0.2363,-0.672,2880.0
Anomalia,0.0156,0.0967,-0.5314,-0.4738,2880.0
Anomalia,0.0212,0.1231,-0.1694,-0.102,2880.0
Anomalia,0.0232,0.1246,-0.1738,-0.0124,2880.0
Anomalia,0.0191,0.1694,-0.1318,-0.5183,2880.0
Anomalia,0.0086,0.1766,0.0281,-0.8177,2640.0
Anomalia,0.0114,0.1594,-0.0701,-0.3576,2880.0
Anomalia,0.0197,0.1765,-0.0325,-0.5699,2880.0
Anomalia,0.017,0.161,0.1648,-0.4656,2880.0
Anomalia,0.0231,0.1662,0.2136,-0.4971,2880.0
Anomalia,0.0164,0.1895,0.2476,-0.7176,2880.0
Anomalia,-0.0016,0.1702,0.4838,-0.2195,2880.0
Anomalia,0.0159,0.1567,0.3506,-0.1379,3360.0
Anomalia,0.0052,0.1479,0.3076,0.078,3360.0
Anomalia,0.0164,0.1124,0.0961,-0.5231,3360.0
Anomalia,0.0316,0.1046,-0.0195,0.1646,3360.0
Anomalia,0.0112,0.0912,-0.3272,-0.2918,3120.0
Anomalia,0.0134,0.0885,-0.0523,-0.7619,2880.0
Anomalia,0.0095,0.0966,0.1208,-0.798,2880.0
Anomalia,0.0037,0.1005,0.2749,-0.942,2880.0
Anomalia,0.0206,0.1046,0.2132,-0.8421,2880.0
Anomalia,0.0299,0.1126,0.2522,-0.3798,2880.0
Anomalia,0.0176,0.1215,-0.0656,-0.1196,2640.0
Anomalia,0.0179,0.1182,-0.0906,0.1435,3120.0
Anomalia,0.0059,0.1101,-0.0122,0.5057,2880.0
Anomalia,0.0107,0.1078,-0.0362,0.4358,2880.0
Anomalia,0.0159,0.1004,0.4109,0.1512,2880.0
Anomalia,0.019,0.1064,0.2994,-0.3521,2880.0
Anomalia,0.02,0.1198,0.1171,-0.7432,2880.0
Anomalia,0.0045,0.1204,0.0679,-0.9309,2880.0
Anomalia,0.0091,0.1059,-0.0916,-0.5614,2880.0
Anomalia,0.0049,0.1052,-0.1178,-0.4861,2640.0
Anomalia,0.0127,0.11,0.0716,-0.35,3120.0
Anomalia,0.0174,0.0938,0.2239,0.3014,3120.0
Anomalia,0.0156,0.1136,0.2066,-0.1326,3120.0
Anomalia,0.0154,0.1187,0.3062,-0.29,3120.0
Anomalia,0.0062,0.0981,0.3185,0.7382,3120.0
Anomalia,0.0065,0.1464,-0.0389,0.7141,2640.0
Anomalia,0.0093,0.1929,0.0541,0.226,2880.0
Anomalia,0.0221,0.196,-0.1143,0.1088,2880.0
Anomalia,0.0179,0.206,-0.0749,-0.3801,2640.0
Anomalia,0.0149,0.1769,0.0814,0.3978,2640.0
Anomalia,0.0165,0.1265,-0.1736,-0.6297,2640.0
Anomalia,-0.0008,0.1347,-0.1196,-0.4835,2640.0
Anomalia,0.0163,0.1272,-0.342,-0.1116,2880.0
Anomalia,0.017,0.1282,-0.3116,-0.084,2640.0
Anomalia,0.0155,0.1179,-0.1536,-0.0004,3360.0
Anomalia,0.0203,0.0988,0.1247,-0.6936,2880.0
Anomalia,0.0042,0.0921,0.2798,-0.499,2640.0
Anomalia,0.0061,0.1089,0.2333,-0.177,2640.0
Anomalia,0.0069,0.1168,0.5704,0.3853,2880.0
Anomalia,0.0186,0.1157,0.4771,0.3711,3360.0
Anomalia,0.0157,0.1222,0.3129,0.0107,3360.0
Anomalia,0.016,0.1057,0.3859,0.4182,3360.0
Anomalia,0.0117,0.0957,-0.1833,-0.9041,3360.0
Anomalia,0.0079,0.1372,0.1659,-0.2448,3360.0
Anomalia,0.0162,0.1687,0.1305,-0.4565,2880.0
Anomalia,0.02,0.175,0.0652,-0.712,2880.0
Anomalia,0.0107,0.184,0.0271,-0.8401,2880.0
Anomalia,0.0094,0.1764,0.0466,-0.7727,2640.0
Anomalia,0.0086,0.1494,-0.0583,-0.7849,2880.0
Anomalia,0.0093,0.1455,-0.0292,-0.5788,2880.0
Anomalia,0.0199,0.1305,0.2092,-0.4806,3120.0
Anomalia,0.0183,0.0954,0.2462,-0.2583,3360.0
Anomalia,0.0142,0.1077,-0.2777,0.1826,3360.0
Anomalia,0.0059,0.0997,-0.3971,0.4201,2880.0
Anomalia,0.0072,0.1127,-0.0298,0.222,3360.0
Anomalia,0.0106,0.1212,0.0283,-0.2282,3360.0
Anomalia,0.0136,0.1031,0.5367,-0.0549,3360.0
Anomalia,0.0228,0.1053,0.3943,-0.2699,3360.0
Anomalia,0.0142,0.1048,-0.0625,-0.6449,3360.0
Anomalia,0.0108,0.1269,-0.1661,-0.0933,2880.0
Anomalia,0.0113,0.1508,-0.0479,-0.4512,2880.0
Anomalia,0.0095,0.1512,-0.0129,-0.4794,2880.0
Anomalia,0.0131,0.1548,-0.0276,-0.5845,3120.0
Anomalia,0.0077,0.1444,0.0194,-0.6439,2640.0
Anomalia,0.0148,0.1179,-0.2361,-0.5214,2640.0
Anomalia,0.0058,0.1176,-0.0896,-0.6148,2640.0
Anomalia,0.0104,0.0944,-0.256,0.3971,2640.0
Anomalia,0.0138,0.0785,-0.2292,0.1654,3360.0
Anomalia,0.0117,0.0753,-0.3587,-0.006,3360.0
Anomalia,0.0189,0.0813,-0.5699,0.4195,3120.0
Anomalia,0.0115,0.1365,-0.3382,0.6145,2880.0
Anomalia,0.0119,0.1486,-0.2181,0.0129,2880.0
Anomalia,0.0112,0.1491,-0.201,-0.0144,2880.0
Anomalia,0.0057,0.1499,-0.1619,-0.0415,2640.0
Anomalia,0.0222,0.1131,-0.2361,0.1646,2640.0
Anomalia,0.0231,0.0988,-0.2788,-0.0268,2640.0
Anomalia,0.0141,0.0988,-0.1832,-0.2354,2640.0
Anomalia,0.0144,0.104,0.1886,-0.6929,2880.0
Anomalia,-0.0018,0.1011,0.2757,-0.7199,2880.0
Anomalia,0.0062,0.0976,0.1926,-0.5582,3360.0
Anomalia,0.018,0.0927,-0.0248,-0.1924,3360.0
Anomalia,0.0191,0.0808,-0.264,-0.4932,3360.0
Anomalia,0.0216,0.0766,-0.2364,-0.4206,2880.0
Anomalia,0.0063,0.076,-0.292,-0.6658,3120.0
Anomalia,0.0006,0.0841,0.001,-0.9091,3120.0
Anomalia,0.0052,0.0894,0.0356,-0.9182,2880.0
Anomalia,0.0059,0.1212,0.0315,-0.3148,2880.0
Anomalia,0.0193,0.1297,-0.1122,-0.344,2880.0
Anomalia,0.0116,0.158,-0.147,-0.6967,2880.0
Anomalia,0.0158,0.161,-0.2281,-0.697,2880.0
Anomalia,0.014,0.148,-0.2282,-0.3833,2880.0
Anomalia,0.0039,0.1523,-0.0992,-0.7109,2880.0
Anomalia,0.0147,0.1567,0.0694,-0.6799,3360.0
Anomalia,0.0144,0.1633,0.1099,-0.8813,2640.0
Anomalia,0.0145,0.1754,0.0673,-1.082,3360.0
Anomalia,0.011,0.1673,0.1237,-0.8547,2880.0
Anomalia,0.0159,0.1468,0.0777,-0.7809,2880.0
Anomalia,0.0019,0.1962,-0.3126,0.1978,3360.0
Anomalia,0.011,0.187,-0.5626,0.88,3360.0
Anomalia,0.0196,0.1919,-0.6283,0.709,3360.0
Anomalia,0.0128,0.1909,-0.5774,0.6335,2880.0
Anomalia,0.0239,0.1252,-0.3062,0.2085,2640.0
Anomalia,0.0084,0.1223,0.0642,-0.7924,2640.0
Anomalia,0.0055,0.1201,-0.0653,-0.7316,2640.0
Anomalia,0.0152,0.1115,-0.448,-0.4917,2640.0
Anomalia,0.0062,0.1116,-0.356,-0.6787,2880.0
Anomalia,0.0214,0.1226,-0.0604,-0.5183,2880.0
Anomalia,0.0205,0.1262,0.0077,-0.7331,2880.0
Anomalia,0.0118,0.1386,0.1472,-1.0423,2880.0
Anomalia,0.0152,0.1493,0.0214,-1.1551,2640.0
Anomalia,0.0114,0.1407,-0.0954,-1.1729,2640.0
Anomalia,0.0145,0.1368,-0.0682,-1.0859,2640.0
Anomalia,0.0112,0.1245,-0.0847,-0.9152,2640.0
Anomalia,0.0107,0.1062,0.0457,-0.792,2640.0
Anomalia,0.0112,0.0938,0.1292,-0.5019,3360.0
Anomalia,0.0109,0.0846,0.2343,-0.4349,2400.0
Anomalia,0.0192,0.0804,0.1603,-0.5982,3360.0
Anomalia,0.021,0.0804,0.162,-0.6547,3360.0
Anomalia,0.0103,0.0834,-0.0636,-0.5325,2640.0
Anomalia,0.0089,0.0803,-0.2129,-0.6919,3120.0
Anomalia,0.0072,0.0769,-0.1216,-0.3077,3600.0
Anomalia,0.01,0.0782,-0.1672,-0.3599,3360.0
Anomalia,0.0178,0.0916,-0.0933,0.1663,2640.0
Anomalia,0.0222,0.0913,-0.1195,0.2633,2640.0
Anomalia,0.0125,0.0918,-0.0574,-0.0807,2880.0
Anomalia,0.0116,0.1286,0.172,-0.0547,2880.0
Anomalia,0.0108,0.1209,0.3031,0.3944,2880.0
Anomalia,0.0035,0.1311,0.2295,-0.0412,2880.0
Anomalia,0.0182,0.1427,0.1296,-0.5488,2880.0
Anomalia,0.0121,0.1276,0.0558,-0.8145,2880.0
Anomalia,0.0152,0.1261,-0.0507,-0.8451,2640.0
Anomalia,0.0155,0.1252,0.0258,-1.0394,2880.0
Anomalia,0.0047,0.1175,-0.1044,-1.0517,2880.0
Anomalia,0.0163,0.1158,-0.0487,-0.9353,2640.0
Anomalia,0.0126,0.112,0.0049,-0.8648,2640.0
Anomalia,0.0147,0.1107,0.0266,-0.9161,2640.0
Anomalia,0.0132,0.1096,0.0815,-0.9592,2640.0
Anomalia,0.0058,0.1091,0.0963,-0.8104,3120.0
Anomalia,0.005,0.1121,0.1497,-0.8878,2880.0
Anomalia,0.0135,0.1261,0.2675,-0.3451,3360.0
Anomalia,0.0192,0.1737,0.2012,-0.4651,2640.0
Anomalia,0.0262,0.1656,0.1159,-0.0795,2640.0
Anomalia,0.0179,0.1644,0.2143,-0.0177,2880.0
Anomalia,0.0029,0.1525,0.3847,0.4598,3120.0
Anomalia,0.0024,0.1019,0.1351,-0.6406,2400.0
Anomalia,-0.0008,0.1328,0.2159,0.0372,2400.0
Anomalia,0.0166,0.1516,-0.1099,-0.2928,2640.0
Anomalia,0.0278,0.1491,-0.2586,-0.0219,2400.0
Anomalia,0.0174,0.1605,-0.153,-0.3893,2880.0
Anomalia,0.009,0.1335,-0.0571,0.1272,2880.0
Anomalia,0.0023,0.1141,0.128,0.1351,2880.0
Anomalia,-0.0025,0.1201,0.0887,-0.1797,2880.0
Anomalia,0.0119,0.1316,0.4206,-0.0115,2880.0
Anomalia,0.0189,0.1415,0.2024,-0.503,2880.0
Anomalia,0.0146,0.1505,0.203,-0.7924,2880.0
Anomalia,0.016,0.1575,0.1503,-0.9264,3360.0
Anomalia,0.0047,0.1591,-0.0702,-0.9264,2640.0
Anomalia,0.0094,0.1585,-0.0907,-0.8699,2640.0
Anomalia,0.015,0.1614,-0.1363,-0.9309,2880.0
Anomalia,0.0081,0.1439,-0.0076,-0.3752,2880.0
Anomalia,0.02,0.1314,0.393,-0.551,2880.0
Anomalia,0.013,0.1273,0.4419,-0.4176,2880.0
Anomalia,0.0016,0.1227,0.4293,-0.1076,2880.0
Anomalia,0.0161,0.1385,0.1173,-0.786,3360.0
Anomalia,0.0041,0.1288,-0.1449,-0.9326,3360.0
Anomalia,0.0129,0.1284,-0.2825,-0.8401,3120.0
Anomalia,0.0212,0.1264,-0.2921,-0.6689,2880.0
Anomalia,0.0083,0.1101,-0.1797,-0.3667,2880.0
Anomalia,0.0108,0.0869,-0.0955,0.4909,2880.0
Anomalia,0.0065,0.083,-0.1484,0.8684,2640.0
Anomalia,0.0116,0.1153,0.0416,1.3142,2640.0
Anomalia,0.0173,0.14,-0.0504,-0.1016,2640.0
Anomalia,0.0199,0.1483,-0.0734,-0.5668,2640.0
Anomalia,0.0123,0.1461,0.0558,-0.4983,2640.0
Anomalia,0.0041,0.1098,0.264,-0.0216,2880.0
Anomalia,0.0017,0.0773,0.4152,-0.1383,2880.0
Anomalia,0.006,0.1036,0.5382,1.2061,3360.0
Anomalia,0.0156,0.1224,0.3852,-0.1289,2880.0
Anomalia,0.0189,0.1749,-0.076,-0.2742,2880.0
Anomalia,0.0118,0.1771,0.0116,-0.4231,2880.0
Anomalia,0.0047,0.1673,-0.0036,-0.1903,2640.0
Anomalia,0.0061,0.1665,-0.0554,-0.1431,3120.0
Anomalia,0.0084,0.1145,0.0793,-0.7878,2640.0
Anomalia,0.0135,0.1458,-0.3333,-0.452,3360.0
Anomalia,0.0151,0.1593,-0.3434,-0.5333,2880.0
Anomalia,0.0061,0.1629,-0.2494,-0.7402,2880.0
Anomalia,0.0028,0.1575,-0.2472,-0.498,2880.0
Anomalia,0.0077,0.1311,-0.1844,-0.1559,2880.0
Anomalia,0.0124,0.1036,-0.1622,-0.1557,3360.0
Anomalia,0.0115,0.0904,-0.2124,-0.4675,3120.0
Anomalia,0.0124,0.0946,-0.1957,-0.7551,3120.0
Anomalia,0.0067,0.0902,-0.0666,-0.6062,3360.0
Anomalia,0.007,0.0876,-0.1487,-0.5077,2640.0
Anomalia,0.0106,0.0901,0.0792,-0.091,3360.0
Anomalia,0.0071,0.0874,0.1537,0.1655,3360.0
Anomalia,0.0218,0.0958,0.0948,-0.2309,3360.0
Anomalia,0.0083,0.0947,0.3298,-0.1665,2880.0
Anomalia,0.0116,0.0779,0.3327,-0.4051,2640.0
Anomalia,0.0099,0.0795,0.3312,-0.4859,2640.0
Anomalia,0.0023,0.093,0.2196,0.2113,2640.0
Anomalia,0.0136,0.1052,0.0214,-0.3798,2640.0
Anomalia,0.008,0.1138,0.0993,-0.8198,2640.0
Anomalia,0.0189,0.1189,-0.1051,-0.9307,3360.0
Anomalia,0.0053,0.1041,-0.0514,-0.9098,3360.0
Anomalia,0.002,0.0966,-0.025,-0.8838,3360.0
Anomalia,0.0047,0.0912,-0.1211,-0.6989,3120.0
Anomalia,0.0127,0.1033,0.1821,-0.5623,3120.0
Anomalia,0.0189,0.1232,-0.1842,-0.6522,3120.0
Anomalia,0.0202,0.1355,-0.2333,-0.8337,2640.0
Anomalia,0.0092,0.1509,-0.2252,-1.1114,2880.0
Anomalia,0.0014,0.1537,-0.1541,-1.2296,2880.0
Anomalia,0.0065,0.1474,-0.1264,-1.1566,2880.0
Anomalia,0.0068,0.1386,-0.1234,-1.0407,2880.0
Anomalia,0.0236,0.1182,-0.095,-0.7119,2880.0
Anomalia,0.0143,0.1397,-0.2377,-0.1181,2880.0
Anomalia,0.0039,0.135,-0.1672,0.1845,2880.0
Anomalia,0.0016,0.1304,-0.1712,0.5112,2640.0
Anomalia,-0.0039,0.154,0.0772,-0.4982,2640.0
Anomalia,0.0038,0.122,0.1395,-0.2166,3360.0
Anomalia,0.017,0.1227,0.1064,-0.4917,2880.0
Anomalia,0.0211,0.1217,0.0245,-0.4061,3360.0
Anomalia,0.0112,0.0915,0.1287,-0.2553,3360.0
Anomalia,0.0064,0.1023,0.2751,0.0639,3360.0
Anomalia,0.0056,0.1258,0.2697,0.1094,2640.0
Anomalia,0.0032,0.136,0.2535,-0.3748,2640.0
Anomalia,0.0139,0.1339,0.1239,-0.2921,2880.0
Anomalia,0.0159,0.1261,0.0427,-0.1163,2880.0
Anomalia,0.0161,0.1138,0.0229,-0.372,3360.0
Anomalia,0.0037,0.1015,0.3465,0.0368,2880.0
Anomalia,0.0076,0.1438,0.5293,-0.1603,2880.0
Anomalia,0.0025,0.1584,0.481,-0.5709,2880.0
Anomalia,0.008,0.1538,0.4585,-0.5168,2880.0
Anomalia,0.0168,0.1629,0.247,-0.9199,2880.0
Anomalia,0.0121,0.1617,-0.1062,-0.5221,2880.0
Anomalia,0.0154,0.1617,-0.1723,-0.3394,2880.0
Anomalia,-0.0027,0.172,-0.13,-0.5765,2880.0
Anomalia,0.0018,0.1626,-0.2378,-0.0992,2880.0
Anomalia,0.0136,0.1473,-0.1478,-0.2941,2640.0
Anomalia,0.0136,0.137,-0.157,-0.3198,2640.0
Anomalia,0.0128,0.1174,0.2239,-0.5677,2640.0
Anomalia,0.0142,0.117,0.1756,-0.5434,2640.0
Anomalia,-0.0061,0.093,-0.0465,-0.4724,2880.0
Anomalia,0.0059,0.1006,0.246,-0.1735,2640.0
Anomalia,0.0176,0.0895,0.5466,0.2149,3120.0
Anomalia,0.0123,0.1145,0.1248,-0.2501,3120.0
Anomalia,0.013,0.1189,0.0041,-0.382,3120.0
Anomalia,0.0038,0.1064,-0.1341,-0.1321,3120.0
Anomalia,0.004,0.1164,-0.1264,-0.6501,2640.0
Anomalia,0.0028,0.0905,0.0035,-0.3849,2640.0
Anomalia,0.0144,0.1049,0.1005,-0.5877,2640.0
Anomalia,0.0141,0.1139,0.0555,-0.7989,3120.0
Anomalia,0.0129,0.1178,0.108,-0.604,3360.0
Anomalia,0.0099,0.1303,0.0931,-0.9774,2640.0
Anomalia,0.0057,0.1466,0.072,-0.7048,2640.0
Anomalia,0.0027,0.1643,-0.0097,-0.8381,2640.0
Anomalia,0.0086,0.1776,-0.0504,-1.103,2640.0
Anomalia,0.0095,0.1804,-0.0988,-1.1151,2880.0
Anomalia,0.0128,0.2052,-0.0935,-1.0126,3360.0
Anomalia,0.0147,0.198,-0.1004,-0.8917,2880.0
Anomalia,0.012,0.2,-0.0441,-0.8889,2880.0
Anomalia,0.0083,0.2016,0.0018,-0.9712,3360.0
Anomalia,0.012,0.1514,-0.1145,-0.675,2640.0
Anomalia,0.0067,0.1365,-0.0232,-0.3503,3120.0
Anomalia,0.0008,0.1056,-0.2761,-0.3514,2640.0
Anomalia,0.0154,0.0826,-0.5292,0.1753,2880.0
Anomalia,0.0023,0.0887,-0.308,-0.5292,2880.0
Anomalia,0.0058,0.0838,-0.2767,-0.5637,3120.0
Anomalia,0.0206,0.0986,-0.4169,-0.2713,2640.0
Anomalia,0.0098,0.135,-0.29,-0.5204,2640.0
Anomalia,0.0182,0.1697,-0.2466,-0.6995,2640.0
Anomalia,0.0071,0.1829,-0.1542,-1.0994,2640.0
Anomalia,-0.0005,0.178,-0.0163,-0.9636,2640.0
Anomalia,0.0109,0.1582,-0.0897,-0.4773,2640.0
Anomalia,0.0072,0.13,-0.0926,-0.5854,2880.0
Anomalia,0.0177,0.1133,0.201,-0.3697,2880.0
Anomalia,0.0088,0.1228,0.3496,-0.25,2880.0
Anomalia,0.0003,0.1149,0.4474,0.1416,2880.0
Anomalia,0.0009,0.1083,0.4483,0.0974,2880.0
Anomalia,0.0115,0.114,0.2984,-0.3575,2880.0
Anomalia,0.0153,0.0994,0.0114,-0.7799,2640.0
Anomalia,0.0113,0.1078,-0.1559,-0.7932,2640.0
Anomalia,0.0107,0.1031,-0.1862,-0.6108,2880.0
Anomalia,0.0004,0.0874,-0.3565,-0.2944,2640.0
Anomalia,0.0015,0.0942,-0.4256,-0.2238,3120.0
Anomalia,0.0115,0.1004,0.037,-0.1922,3120.0
Anomalia,0.0156,0.145,0.0844,0.2007,2880.0
Anomalia,0.0161,0.1479,0.0645,0.0041,2880.0
Anomalia,0.0108,0.1456,0.1904,0.0772,2880.0
Anomalia,0.0069,0.1413,0.1678,0.3255,2880.0
Anomalia,-0.0028,0.0979,-0.0508,-0.2744,3360.0
Anomalia,-0.0014,0.0986,-0.1363,-0.4479,3360.0
Anomalia,0.0142,0.1033,-0.2316,-0.3126,3360.0
Anomalia,0.0055,0.1471,-0.3419,0.0571,3360.0
Anomalia,0.0179,0.1568,-0.3497,-0.2529,2880.0
Anomalia,0.0128,0.1698,-0.2536,-0.6825,2880.0
Anomalia,-0.0076,0.1691,-0.0029,-0.7511,2880.0
Anomalia,0.0114,0.1275,-0.0933,-0.4758,2880.0
Anomalia,0.0001,0.1234,-0.2044,-0.5061,3120.0
Anomalia,0.0114,0.1077,-0.1663,-0.1961,3120.0
Anomalia,0.0245,0.1006,-0.192,0.468,2880.0
Anomalia,0.0043,0.1069,-0.0254,0.0585,3120.0
Anomalia,0.0056,0.1271,-0.1434,0.4306,2880.0
Anomalia,0.0028,0.1338,-0.1264,-0.0231,3360.0
Anomalia,0.0037,0.1666,0.158,-0.4524,2640.0
Anomalia,0.0185,0.1721,0.089,-0.5725,2640.0
Anomalia,0.0169,0.1528,0.2976,-0.1776,2640.0
Anomalia,0.0072,0.1458,0.4355,0.1664,2640.0
Anomalia,0.0051,0.1155,0.3194,-0.1153,2400.0
Anomalia,0.0024,0.1169,-0.0042,-0.8005,2880.0
Anomalia,0.0136,0.1097,-0.0284,-0.6128,2880.0
Anomalia,0.0165,0.1296,-0.2382,-0.7083,2880.0
Anomalia,0.0055,0.1214,-0.0925,-0.5469,3360.0
Anomalia,0.0082,0.1039,-0.2318,0.2267,3360.0
Anomalia,-0.0008,0.102,-0.1845,0.177,2880.0
Anomalia,0.0066,0.0703,0.0232,-0.854,3120.0
Anomalia,0.0112,0.0845,-0.1722,0.2044,3120.0
Anomalia,0.0111,0.1198,0.4121,0.9162,3120.0
Anomalia,0.0094,0.1355,0.1864,-0.0705,2880.0
Anomalia,0.0096,0.1373,0.1731,-0.1835,2880.0
Anomalia,0.0076,0.1422,0.028,-0.0565,2880.0
Anomalia,0.0022,0.1555,0.0543,-0.3042,2640.0
Anomalia,0.0121,0.1838,0.0098,-0.3006,2880.0
Anomalia,0.0044,0.1897,0.0704,-0.5563,2640.0
Anomalia,0.0209,0.1941,0.0212,-0.7181,2880.0
Anomalia,0.0083,0.1694,0.1594,-0.1853,2880.0
Anomalia,0.0113,0.152,0.361,-0.6054,2880.0
Anomalia,0.0107,0.1495,0.4634,-0.534,3360.0
Anomalia,-0.0008,0.1305,0.56,0.1368,3120.0
Anomalia,0.0151,0.122,0.3628,0.3951,3360.0
Anomalia,0.0061,0.0945,-0.0975,-0.8055,2880.0
Anomalia,0.0124,0.0942,-0.1952,-0.8834,2880.0
Anomalia,0.0084,0.1031,-0.1765,-1.0885,2640.0
Anomalia,0.0132,0.1232,0.2271,-0.8898,2640.0
Anomalia,0.0123,0.1147,0.3737,-0.5064,2640.0
Anomalia,0.008,0.1091,0.5057,-0.1462,2640.0
Anomalia,0.0112,0.1161,0.2643,-0.2098,2640.0
Anomalia,0.0055,0.1097,-0.1156,-0.6413,2640.0
Anomalia,0.0034,0.1197,-0.2162,-0.8144,2640.0
Anomalia,0.0097,0.1138,-0.3545,-0.3882,2640.0
Anomalia,0.0159,0.1029,-0.2832,-0.2122,2880.0
Anomalia,0.0115,0.0857,-0.3344,0.4601,2880.0
Anomalia,0.0153,0.0925,0.0471,-0.3421,3120.0
Anomalia,0.0003,0.1098,-0.032,-0.7881,3120.0
Anomalia,-0.001,0.1087,-0.0584,-0.7658,3120.0
Anomalia,0.0081,0.11,-0.2387,-0.7679,3120.0
Anomalia,0.0154,0.1054,-0.1954,-0.1658,3120.0
Anomalia,0.0211,0.1365,-0.3611,0.5803,3120.0
Anomalia,0.0115,0.1371,-0.2895,0.4684,2880.0
Anomalia,0.0064,0.1603,-0.0406,-0.5388,2880.0
Anomalia,0.0008,0.1727,-0.0085,-0.8028,2880.0
Anomalia,0.0129,0.1805,0.0564,-0.7965,2880.0
Anomalia,0.0139,0.2157,-0.0596,-1.1672,2880.0
Anomalia,0.0118,0.1999,-0.0681,-0.7695,2640.0
Anomalia,0.0134,0.1833,-0.0934,-0.2569,2880.0
Anomalia,-0.0007,0.1428,-0.1304,1.1415,2880.0
Anomalia,0.007,0.0834,0.0642,-0.5787,2880.0
Anomalia,0.0035,0.0892,-0.1792,-0.4762,3360.0
Anomalia,0.0123,0.1048,0.0227,-0.508,3360.0
Anomalia,0.0118,0.1314,-0.6248,0.0457,3360.0
Anomalia,0.0097,0.1437,-0.4911,-0.4397,3120.0
Anomalia,0.0143,0.1449,-0.4595,-0.4662,2640.0
Anomalia,-0.0025,0.1389,-0.3643,-0.4668,2640.0
Anomalia,0.0081,0.1151,-0.0571,-0.6057,2640.0
Anomalia,0.0125,0.1139,-0.0892,-0.3423,2880.0
Anomalia,0.0172,0.1253,-0.1298,-0.2113,2880.0
Anomalia,0.0177,0.1226,-0.053,-0.129,2880.0
Anomalia,0.0069,0.1383,-0.0226,-0.6042,3360.0
Anomalia,0.0007,0.1227,0.0698,-0.218,2880.0
Anomalia,0.006,0.1131,-0.006,-0.3967,2880.0
Anomalia,0.0075,0.1456,-0.1466,-0.4847,2880.0
Anomalia,0.0176,0.1348,-0.2073,-0.1146,2640.0
Anomalia,0.0146,0.1405,-0.2639,-0.3144,2640.0
Anomalia,-0.0035,0.1523,-0.0728,-0.6951,2640.0
Anomalia,0.0021,0.1426,-0.0237,-0.8688,2880.0
Anomalia,0.006,0.1441,-0.0565,-0.8855,2880.0
Anomalia,0.0098,0.1385,-0.0156,-0.7418,3120.0
Anomalia,0.0154,0.1175,0.0286,-0.3856,2640.0
Anomalia,0.0159,0.0983,0.1664,-0.1121,3360.0
Anomalia,0.0042,0.0979,0.0402,-0.1666,2640.0
Anomalia,-0.0003,0.1059,-0.0348,-0.4403,2880.0
Anomalia,0.007,0.1134,0.0156,-0.6906,2880.0
Anomalia,0.006,0.1139,-0.1055,-0.9902,2880.0
Anomalia,0.007,0.1208,-0.1488,-1.05,3360.0
Anomalia,0.0136,0.1272,-0.1035,-1.1157,2880.0
Anomalia,0.0096,0.1215,-0.132,-0.9461,2880.0
Anomalia,0.0071,0.111,-0.1246,-0.6429,2880.0
Anomalia,0.0107,0.0939,0.0267,-0.1231,2880.0
Anomalia,0.0102,0.0793,-0.0569,-0.7081,2880.0
Anomalia,0.007,0.0926,0.0481,-0.7424,2880.0
Anomalia,0.0136,0.0996,-0.022,-0.8036,2880.0
Anomalia,0.0077,0.1154,-0.2434,-0.9445,2880.0
Anomalia,0.0002,0.1159,-0.2114,-0.9247,3360.0
Anomalia,0.0106,0.1031,-0.6291,-0.3146,3360.0
Anomalia,0.0021,0.1148,-0.0973,-0.1324,3120.0
Anomalia,0.0099,0.1403,0.0008,-0.1071,2640.0
Anomalia,0.02,0.1436,-0.0787,-0.286,2880.0
Anomalia,-0.0017,0.1567,0.1073,-0.7942,2880.0
Anomalia,0.0091,0.1539,-0.0337,-0.7776,3120.0
Anomalia,0.0013,0.1237,0.0328,-0.729,3360.0
Anomalia,0.0036,0.1179,-0.0522,-0.4783,3360.0
Anomalia,0.0161,0.1246,-0.1955,0.0773,2640.0
Anomalia,0.005,0.1267,-0.2182,-0.2934,2640.0
Anomalia,0.0115,0.133,-0.2641,-0.4908,2640.0
Anomalia,0.0046,0.1423,-0.1247,-0.8282,2640.0
Anomalia,0.0065,0.1275,-0.0448,-0.9818,2640.0
Anomalia,0.0143,0.1211,-0.1168,-0.8802,2640.0
Anomalia,0.0137,0.108,-0.0454,-0.5613,3120.0
Anomalia,0.0099,0.1165,-0.2686,-0.2946,2400.0
Anomalia,0.0038,0.133,-0.0761,-0.5825,2640.0
Anomalia,-0.0004,0.1246,-0.1201,-0.196,2640.0
Anomalia,0.0023,0.1257,-0.1973,-0.2677,2640.0
Anomalia,0.0123,0.0993,-0.2525,0.9919,2640.0
Anomalia,0.018,0.0996,-0.2227,0.5414,3120.0
Anomalia,0.0149,0.1124,-0.1912,-0.0516,3120.0
Anomalia,0.0044,0.1355,-0.2815,0.0744,2880.0
Anomalia,0.0002,0.1427,-0.1549,-0.3986,3360.0
Anomalia,0.0005,0.126,-0.2603,0.3276,3360.0
Anomalia,0.0082,0.1538,-0.0524,-0.1254,3360.0
Anomalia,0.0146,0.1643,-0.0145,-0.4535,2880.0
Anomalia,0.0181,0.1841,-0.0622,-0.8001,2880.0
Anomalia,0.0057,0.1997,-0.0112,-1.1208,2880.0
Anomalia,0.0081,0.1891,0.0476,-0.8942,2880.0
Anomalia,0.0082,0.1741,0.0908,-0.7586,3360.0
Anomalia,-0.0026,0.1556,0.2348,-0.5237,3360.0
Anomalia,0.02,0.1361,0.2462,-0.318,3120.0
Anomalia,0.005,0.1275,-0.1744,-1.0443,3120.0
Anomalia,0.009,0.1126,-0.2336,-0.8829,2880.0
Anomalia,0.0119,0.1115,-0.2451,-0.7967,2880.0
Anomalia,-0.0013,0.1093,-0.012,-0.7258,2880.0
Anomalia,0.0171,0.102,0.4787,0.1024,2880.0
Anomalia,0.0168,0.121,0.1789,-0.5266,2880.0
Anomalia,0.0155,0.1296,0.1122,-0.7364,2880.0
Anomalia,0.0099,0.1362,0.0453,-0.8948,2640.0
Anomalia,0.0002,0.1356,-0.0227,-1.2017,2640.0
Anomalia,-0.0057,0.1289,-0.0595,-1.1548,2640.0
Anomalia,0.0128,0.1295,-0.2441,-0.9067,2640.0
Anomalia,0.014,0.128,-0.2388,-0.8441,2640.0
Anomalia,0.0128,0.1237,-0.1885,-0.7156,3360.0
Anomalia,0.0154,0.1114,-0.0668,-0.2766,3360.0
Anomalia,-0.0026,0.0877,0.1291,0.1218,3360.0
Anomalia,0.0119,0.0941,0.452,-0.0953,3120.0
Anomalia,0.0106,0.1043,0.3325,-0.2019,2400.0
Anomalia,0.0118,0.107,0.2709,-0.4417,2640.0
Anomalia,0.0151,0.1077,0.1656,-0.5033,2640.0
Anomalia,0.0036,0.1019,-0.0964,-0.5017,2880.0
Anomalia,0.0051,0.0852,-0.2185,-0.213,2880.0
Anomalia,0.0054,0.0963,-0.2605,-0.3323,2880.0
Anomalia,0.0087,0.1001,-0.2195,-0.5052,2880.0
Anomalia,0.0137,0.0912,-0.0132,-0.5318,2640.0
Anomalia,0.0154,0.1076,-0.1267,-0.5237,2640.0
Anomalia,0.0101,0.1059,0.0116,-0.5508,2640.0
Anomalia,0.01,0.1105,0.0235,-0.6552,2640.0
Anomalia,0.0014,0.119,0.1384,-0.6418,2640.0
Anomalia,0.0055,0.1118,0.2032,-0.6308,2640.0
Anomalia,0.012,0.1049,0.2598,-0.3913,3360.0
Anomalia,0.0064,0.1171,-0.024,-0.429,3360.0
Anomalia,0.0239,0.1303,0.0316,-0.4782,2880.0
Anomalia,0.0023,0.1336,0.158,-0.538,2640.0
Anomalia,0.0059,0.1329,0.0632,-0.5243,2640.0
Anomalia,0.0095,0.1131,0.274,0.3203,2640.0
Anomalia,0.0041,0.1051,0.0668,-0.078,2880.0
Anomalia,0.0147,0.0966,0.2705,0.1227,2640.0
Anomalia,0.0158,0.098,0.05,0.1332,2880.0
Anomalia,0.0037,0.11,0.0221,-0.5264,2880.0
Anomalia,0.0018,0.1123,0.3335,0.3415,2880.0
Anomalia,0.0084,0.1129,0.2352,0.163,2640.0
Anomalia,0.009,0.1162,0.3417,-0.152,2880.0
Anomalia,0.0241,0.1161,0.3421,-0.2363,2880.0
Anomalia,0.0059,0.0953,0.3358,-0.863,3120.0
Anomalia,0.0069,0.0904,0.3686,-0.6166,3120.0
Anomalia,0.0012,0.0808,0.4123,-0.081,3360.0
Anomalia,0.0036,0.0822,0.0639,-0.0764,2880.0
Anomalia,0.0146,0.1111,-0.2045,0.1142,2880.0
Anomalia,0.0084,0.1173,-0.1894,-0.3511,2880.0
Anomalia,0.0091,0.1296,-0.0914,-0.8442,2880.0
Anomalia,-0.0026,0.1472,-0.0243,-1.0505,2880.0
Anomalia,0.0084,0.1463,0.018,-0.999,2880.0
Anomalia,0.0109,0.1502,0.0179,-1.1397,2880.0
Anomalia,0.0128,0.1498,-0.0462,-1.1245,2880.0
Anomalia,0.0145,0.1309,0.1823,-1.0613,2880.0
Anomalia,0.0068,0.1273,0.1633,-0.7596,2880.0
Anomalia,0.0019,0.1342,0.0384,-0.7045,2880.0
Anomalia,0.0051,0.1322,0.1118,-0.5335,2880.0
Anomalia,0.01,0.1314,0.0203,-0.5283,2880.0
Anomalia,0.0097,0.1599,-0.056,-0.363,2880.0
Anomalia,0.0144,0.1506,-0.061,0.0656,2880.0
Anomalia,0.0049,0.1737,-0.1414,-0.5409,2880.0
Anomalia,-0.0035,0.1728,-0.0266,-0.5091,2880.0
Anomalia,0.0086,0.1394,-0.3048,-0.2342,2880.0
Anomalia,-0.0002,0.1447,-0.1894,-0.5142,3360.0
Anomalia,0.0104,0.1294,0.0891,-0.764,2880.0
Anomalia,0.0163,0.1294,0.1229,-0.6764,2880.0
Anomalia,0.0049,0.1258,0.2414,-0.5067,2880.0
Anomalia,0.0037,0.1375,-0.0141,-0.5141,2880.0
Anomalia,0.0017,0.12,-0.2533,-0.124,2880.0
Anomalia,0.0052,0.141,-0.2751,-0.6378,2880.0
Anomalia,0.012,0.1424,-0.2624,-0.4664,2880.0
Anomalia,0.0171,0.1244,0.0384,-0.2771,2880.0
Anomalia,0.0122,0.1356,0.0896,-0.5833,2880.0
Anomalia,0.0041,0.1128,0.2914,-0.226,2880.0
Anomalia,-0.007,0.1051,0.1618,-0.3953,2880.0
Anomalia,0.0118,0.1069,0.0034,-0.5282,2880.0
Anomalia,0.006,0.1079,-0.1803,-0.415,2880.0
Anomalia,0.0142,0.1061,-0.1896,-0.1757,2880.0
Anomalia,0.0127,0.1078,-0.17,-0.3014,2880.0
Anomalia,-0.0062,0.1068,-0.0514,-0.4795,2880.0
Anomalia,0.0043,0.1106,0.2837,-0.478,2880.0
Anomalia,0.0049,0.1097,0.2443,-0.4707,2880.0
Anomalia,0.0134,0.1072,0.1892,-0.3541,2880.0
Anomalia,0.0142,0.1275,-0.1165,-0.3156,3120.0
Anomalia,0.0092,0.1085,-0.3971,0.3574,3360.0
Anomalia,0.0064,0.1302,-0.3198,-0.3124,3120.0
Anomalia,0.0018,0.1446,-0.1757,-0.8278,2880.0
Anomalia,0.0074,0.1321,-0.1396,-0.5648,2880.0
Anomalia,0.0115,0.1557,-0.0657,-0.8484,2640.0
Anomalia,0.0141,0.1573,0.0317,-0.8854,2640.0
Anomalia,0.0126,0.1484,0.0995,-0.649,2640.0
Anomalia,0.0063,0.1434,0.1572,-0.5589,2640.0
Anomalia,-0.0003,0.1234,0.127,-0.5895,2640.0
Anomalia,0.0002,0.1022,-0.0703,-0.9292,3360.0
Anomalia,0.009,0.1091,0.0302,-0.8082,3360.0
Anomalia,0.0102,0.1064,0.087,-0.793,3360.0
Anomalia,0.0146,0.0965,0.2447,-0.4932,3360.0
Anomalia,0.0046,0.0966,0.187,-0.3443,3360.0
Anomalia,-0.0013,0.0855,-0.1248,-0.8006,2880.0
Anomalia,0.0091,0.0838,-0.1696,-0.6834,2880.0
Anomalia,0.0007,0.0896,0.0687,-0.9341,2880.0
Anomalia,0.0143,0.1264,0.1473,0.1896,2880.0
Anomalia,0.0141,0.1314,0.0895,-0.0376,3360.0
Anomalia,-0.0001,0.1532,0.0174,-0.6795,3360.0
Anomalia,0.0081,0.1666,-0.0986,-1.0165,2880.0
Anomalia,0.0067,0.1577,-0.0585,-1.0247,2880.0
Anomalia,0.0051,0.1563,-0.0508,-0.9828,2880.0
Anomalia,0.0192,0.1373,0.0339,-0.6624,3120.0
Anomalia,0.001,0.1427,-0.04,-0.5961,3360.0
Anomalia,-0.0055,0.1735,-0.0432,-0.3483,2880.0
Anomalia,0.0062,0.2065,0.1507,-0.6415,2880.0
Anomalia,0.0011,0.2048,0.2142,-0.5603,2880.0
Anomalia,0.0179,0.2055,0.1061,-0.6369,2880.0
Anomalia,0.0207,0.1647,0.3551,0.226,2880.0
Anomalia,0.0015,0.1179,0.1303,-0.1991,2880.0
Anomalia,-0.0007,0.1409,0.1017,-0.4772,2880.0
Anomalia,-0.0008,0.1218,0.1821,0.1746,2880.0
Anomalia,0.0072,0.1328,0.1773,-0.265,3360.0
Anomalia,0.0113,0.132,0.107,-0.213,2880.0
Anomalia,0.0121,0.1114,0.2826,-0.2572,3360.0
Anomalia,0.0115,0.1028,0.3287,-0.0548,3360.0
Anomalia,-0.0003,0.1021,-0.0551,-0.094,2640.0
Anomalia,0.0073,0.114,-0.0738,-0.4922,2880.0
Anomalia,0.0107,0.1233,-0.2215,-0.6859,2880.0
Anomalia,0.0095,0.1382,-0.2675,-1.1114,2880.0
Anomalia,0.0069,0.1323,-0.2492,-1.191,2640.0
Anomalia,0.0121,0.1209,-0.3999,-0.8913,2640.0
Anomalia,-0.0041,0.1636,-0.604,0.3762,2880.0
Anomalia,0.0005,0.1569,-0.7096,0.9516,2880.0
Anomalia,0.009,0.1641,-0.6484,0.6694,2880.0
Anomalia,0.0047,0.1763,-0.4299,-0.0835,2880.0
Anomalia,0.0238,0.1232,-0.0311,-0.4632,3120.0
Anomalia,0.0134,0.1184,0.1002,-0.3784,3120.0
Anomalia,0.0003,0.1107,-0.0369,-0.3426,3120.0
Anomalia,0.0023,0.0957,-0.2465,-0.4663,3360.0
Anomalia,-0.004,0.1198,-0.0618,-0.6705,3360.0
Anomalia,0.0093,0.1251,0.0005,-0.4568,3360.0
Anomalia,0.0242,0.119,-0.014,-0.1607,3360.0
Anomalia,0.0091,0.1331,-0.1168,-0.5085,3120.0
Anomalia,0.0072,0.126,-0.0322,-0.6068,2880.0
Anomalia,-0.0008,0.1229,-0.1177,-0.9878,2880.0
Anomalia,-0.0036,0.1171,-0.1804,-0.8012,2880.0
Anomalia,0.0113,0.1096,0.0317,-0.9321,2880.0
Anomalia,0.013,0.1049,-0.0443,-0.7395,2880.0
Anomalia,0.0131,0.1139,-0.1649,-0.6237,2880.0
Anomalia,0.0038,0.116,0.0011,-0.8121,2880.0
Anomalia,-0.0001,0.0992,-0.1945,-0.3736,2880.0
Anomalia,0.0083,0.1233,0.39,0.6484,2640.0
Anomalia,0.0081,0.1116,0.7158,1.5817,2880.0
Anomalia,0.0156,0.1233,0.5009,0.4813,2880.0
Anomalia,0.0124,0.1283,0.4772,0.1556,3600.0
Anomalia,0.0047,0.1449,0.368,0.5577,3360.0
Anomalia,0.0051,0.1546,0.2406,-0.0332,3360.0
Anomalia,0.0016,0.1539,0.2365,0.0163,3360.0
Anomalia,0.0112,0.1678,0.129,-0.5923,3360.0
Anomalia,0.0128,0.1734,0.0256,-0.7907,3360.0
Anomalia,0.0138,0.1731,0.0353,-0.7961,3120.0
Anomalia,-0.0013,0.1943,-0.0739,-0.7356,3360.0
Anomalia,0.0078,0.1866,-0.2136,-0.3887,2640.0
Anomalia,-0.0051,0.1591,-0.4194,0.0924,3120.0
Anomalia,-0.0006,0.1666,-0.3659,0.0046,2880.0
Anomalia,0.0293,0.1328,-0.4268,0.6089,3120.0
Anomalia,0.0055,0.1311,-0.2345,0.069,2880.0
Anomalia,0.0139,0.1144,-0.0402,0.3484,2880.0
Anomalia,0.0083,0.087,-0.1548,-0.4477,2640.0
Anomalia,-0.0051,0.0931,0.1539,-0.5089,2640.0
Anomalia,0.0113,0.1202,0.5448,0.2528,2640.0
Anomalia,0.0131,0.1262,0.3901,-0.1794,2880.0
Anomalia,0.0147,0.1278,0.3552,-0.3112,2880.0
Anomalia,0.0087,0.1364,0.2759,-0.5535,2880.0
Anomalia,-0.0023,0.1038,-0.1414,-0.6525,3120.0
Anomalia,0.0051,0.1422,0.333,0.3749,3120.0
Anomalia,0.0101,0.1505,0.2249,-0.0891,2640.0
Anomalia,0.0098,0.1602,0.0858,-0.2982,2880.0
Anomalia,0.0164,0.165,0.0242,-0.528,2880.0
Anomalia,0.0108,0.1564,-0.1575,-0.8711,2880.0
Anomalia,0.0047,0.152,-0.117,-0.7924,2880.0
Anomalia,0.0141,0.1287,-0.0817,-0.2595,2880.0
Anomalia,0.0115,0.133,-0.011,-0.4225,2880.0
Anomalia,0.0103,0.1003,0.1197,-0.5159,2880.0
Anomalia,0.0091,0.0915,0.3031,-0.2459,3360.0
Anomalia,0.0011,0.0946,0.1606,-0.2242,3360.0
Anomalia,0.0033,0.0839,-0.0913,-0.4087,2880.0
Anomalia,0.0099,0.0979,-0.0601,-0.2499,2880.0
Anomalia,0.0105,0.0988,-0.0899,-0.2828,2880.0
Anomalia,0.0172,0.096,-0.0004,-0.2845,3120.0
Anomalia,0.0075,0.0981,-0.0986,-0.1442,3120.0
Anomalia,0.0065,0.0839,-0.2386,0.0018,3360.0
Anomalia,0.0075,0.0863,-0.1487,-0.1712,3360.0
Anomalia,0.006,0.0873,-0.2315,-0.067,2400.0
Anomalia,0.0138,0.1099,0.2033,-0.2478,3360.0
Anomalia,0.0096,0.1112,0.2401,-0.3245,2880.0
Anomalia,0.01,0.118,0.0877,-0.6068,2880.0
Anomalia,0.0108,0.1296,-0.1083,-0.6364,2880.0
Anomalia,0.007,0.1226,-0.3422,-0.4475,2880.0
Anomalia,0.0077,0.1384,-0.2094,-0.8555,2880.0
Anomalia,0.0103,0.1383,-0.1652,-0.8296,2640.0
Anomalia,0.012,0.1375,-0.0566,-1.1107,2880.0
Anomalia,0.0103,0.1288,0.01,-1.1888,2880.0
Anomalia,0.0077,0.1256,-0.0921,-1.1021,2880.0
Anomalia,0.008,0.1509,0.0365,-1.0272,2880.0
Anomalia,0.0064,0.1814,0.0406,-0.9234,2880.0
Anomalia,0.0122,0.2006,0.0498,-1.1782,2640.0
Anomalia,0.0183,0.2126,0.0304,-1.3106,2640.0
Anomalia,0.0033,0.1963,0.1724,-0.9977,2640.0
Anomalia,-0.0011,0.1668,0.2634,-0.6886,2880.0
Anomalia,0.0014,0.1352,0.067,0.0132,2880.0
Anomalia,-0.0011,0.0959,-0.5208,0.2383,2880.0
Anomalia,0.0163,0.1284,-0.0556,0.716,3360.0
Anomalia,0.0211,0.1212,0.1368,1.2321,3360.0
Anomalia,0.01,0.1431,0.0952,-0.0918,3360.0
Anomalia,0.0064,0.1505,0.1181,-0.4544,3360.0
Anomalia,0.0025,0.1143,-0.0051,-0.1138,2880.0
Anomalia,0.0097,0.1285,0.0123,-0.3623,3120.0
Anomalia,0.0143,0.1299,-0.0094,-0.4408,2640.0
Anomalia,0.0195,0.1441,0.0377,-0.6471,2880.0
Anomalia,0.0154,0.1514,0.0832,-0.8839,2880.0
Anomalia,0.0071,0.153,0.2283,-0.5492,2880.0
Anomalia,0.0062,0.1696,0.1444,-0.5691,2880.0
Anomalia,0.0068,0.1972,0.1778,-0.6055,2880.0
Anomalia,0.013,0.1987,0.0501,-0.6295,2880.0
Anomalia,0.0101,0.1939,0.0034,-0.6467,2880.0
Anomalia,0.0134,0.1636,0.0537,0.2711,2880.0
Anomalia,0.0043,0.1136,-0.4309,-0.3912,3360.0
Anomalia,0.0005,0.109,-0.0306,-0.5042,3360.0
Anomalia,0.0028,0.1029,0.1138,-0.433,3360.0
Anomalia,0.0037,0.1116,-0.0092,-0.6244,3360.0
Anomalia,0.0162,0.0995,-0.0479,-0.1666,3360.0
Anomalia,0.0148,0.0946,-0.232,-0.36,3360.0
Anomalia,0.0102,0.1002,-0.3924,-0.455,2640.0
Anomalia,0.006,0.0989,-0.2717,-0.6411,2880.0
Anomalia,0.0022,0.0971,-0.2396,-0.5781,2880.0
Anomalia,0.0065,0.0998,-0.1222,-0.3807,2640.0
Anomalia,0.0128,0.0961,0.2481,0.0025,2640.0
Anomalia,0.0159,0.0875,0.4757,0.2859,2640.0
Anomalia,0.0112,0.1087,0.3956,-0.3524,2880.0
Anomalia,0.0022,0.1094,0.3804,-0.4597,2880.0
Anomalia,0.0063,0.1109,0.2954,-0.4936,2880.0
Anomalia,0.0099,0.1161,0.208,-0.7857,2880.0
Anomalia,0.0094,0.1032,0.2159,-0.7852,2400.0
Anomalia,0.0165,0.11,0.0228,-0.8674,3120.0
Anomalia,0.0106,0.0995,-0.0089,-0.9802,2640.0
Anomalia,0.0049,0.125,0.0575,-0.6497,2880.0
Anomalia,0.0084,0.1321,0.0503,-0.8012,2880.0
Anomalia,0.0122,0.1227,0.0055,-0.4379,2640.0
Anomalia,0.0033,0.138,-0.1525,-0.6078,2640.0
Anomalia,0.0067,0.1508,0.0558,-0.2174,3120.0
Anomalia,0.0019,0.1571,0.066,-0.3973,2880.0
Anomalia,0.0045,0.1655,0.1177,-0.6715,2880.0
Anomalia,0.0146,0.1583,0.1754,-0.6298,2880.0
Anomalia,0.0164,0.1268,0.1068,-0.741,2880.0
Anomalia,0.0153,0.115,0.1908,-0.8523,3120.0
Anomalia,0.0077,0.1264,0.036,-0.8912,2880.0
Anomalia,0.0067,0.1231,0.0299,-0.7809,2880.0
Anomalia,0.0058,0.1182,-0.0295,-0.6118,2880.0
Anomalia,0.0102,0.1143,-0.0528,-0.4693,2880.0
Anomalia,0.0119,0.1061,0.1133,-0.5082,3360.0
Anomalia,0.0209,0.113,0.0707,-0.7435,3360.0
Anomalia,0.0092,0.1445,-0.2235,-0.5714,3360.0
Anomalia,0.0104,0.1398,-0.2682,-0.2816,2880.0
Anomalia,0.0042,0.1245,-0.3565,0.3602,2880.0
Anomalia,0.0002,0.1125,-0.6095,1.3816,2880.0
Anomalia,0.0133,0.0603,-0.4496,-0.4617,720.0
Anomalia,0.0074,0.0859,-0.6171,0.5337,3360.0
Anomalia,0.0155,0.1051,-0.4649,-0.0561,3120.0
Anomalia,0.0124,0.1098,-0.3452,-0.5059,3120.0
Anomalia,-0.0005,0.1272,-0.2324,-0.8235,3120.0
Anomalia,0.0129,0.1222,-0.3039,-0.6931,2880.0
Anomalia,0.0101,0.1353,-0.2003,-0.576,2640.0
Anomalia,0.0093,0.1613,-0.1505,-0.9357,3120.0
Anomalia,0.019,0.152,-0.1868,-0.7114,3360.0
Anomalia,0.0002,0.153,0.0816,-0.7796,3120.0
Anomalia,-0.0014,0.1333,0.1389,-0.3892,2640.0
Anomalia,0.0126,0.1101,0.1754,-0.8593,2880.0
Anomalia,0.0104,0.1175,0.1463,-1.033,3360.0
Anomalia,0.0213,0.1087,0.0681,-0.9729,3120.0
Anomalia,0.018,0.1158,-0.1807,-0.8169,3120.0
Anomalia,0.001,0.1115,-0.0502,-0.897,3120.0
Anomalia,0.0068,0.1256,0.0294,-0.7215,3120.0
Anomalia,0.0104,0.151,0.1186,-0.9247,2640.0
Anomalia,0.0128,0.1621,-0.0167,-0.9921,2880.0
Anomalia,0.0198,0.1654,-0.1707,-0.9739,2880.0
Anomalia,0.0169,0.1619,-0.1415,-0.9542,2880.0
Anomalia,0.006,0.1537,-0.2047,-0.9738,2880.0
Anomalia,0.0042,0.1323,-0.0599,-0.7192,2640.0
Anomalia,0.0034,0.127,0.0072,-0.7043,2640.0
Anomalia,0.0054,0.1074,-0.2223,-0.1868,3360.0
Anomalia,0.0103,0.0887,-0.1363,-0.9268,3360.0
Anomalia,0.0127,0.1184,-0.3318,-0.0887,2880.0
Anomalia,0.0204,0.1326,-0.1359,-0.4197,3360.0
Anomalia,-0.0003,0.1534,-0.2313,-0.5283,2880.0
Anomalia,0.0076,0.1528,-0.3374,-0.4242,2880.0
Anomalia,0.0065,0.1377,-0.3429,-0.1498,2640.0
Anomalia,0.001,0.1439,-0.2804,-0.3683,3120.0
Anomalia,0.0257,0.1427,-0.1472,-0.7468,2880.0
Anomalia,0.0073,0.139,0.1473,-0.6815,2880.0
Anomalia,0.0116,0.1469,-0.0043,-0.7651,2880.0
Anomalia,0.0046,0.1308,-0.0442,-0.3723,2880.0
Anomalia,0.0027,0.1352,0.1686,-0.2673,2880.0
Anomalia,0.0173,0.1608,0.0474,-0.5703,2640.0
Anomalia,0.0168,0.1482,0.212,-0.1146,2640.0
Anomalia,0.0083,0.1391,0.4735,0.413,2640.0
Anomalia,0.0077,0.1225,0.4411,0.8607,2640.0
Anomalia,0.0028,0.1174,0.1717,0.1041,2640.0
Anomalia,0.0046,0.1366,0.1043,-0.2103,2640.0
Anomalia,0.0213,0.1393,-0.1761,-0.2474,2640.0
Anomalia,0.0098,0.1407,-0.0527,-0.4333,2640.0
Anomalia,0.007,0.1249,-0.0084,-0.2144,2400.0
Anomalia,0.0029,0.1066,0.0035,-0.4297,2880.0
Anomalia,0.0035,0.1081,-0.0064,-0.5656,2880.0
Anomalia,0.0087,0.0962,-0.1036,-0.0372,2880.0
Anomalia,0.0161,0.1225,-0.2441,0.4921,2880.0
Anomalia,0.0125,0.1697,-0.258,0.1164,2880.0
Anomalia,0.0084,0.1735,-0.1829,-0.1281,2880.0
Anomalia,0.0067,0.2007,-0.0832,-0.8279,2880.0
Anomalia,0.0067,0.1862,-0.0671,-0.469,3360.0
Anomalia,0.0139,0.1534,-0.0467,-0.3855,3360.0
Anomalia,0.0078,0.2079,-0.1082,-0.2887,3360.0
Anomalia,0.0139,0.2032,-0.2018,-0.0403,2880.0
Anomalia,0.0073,0.2374,-0.1292,-0.5447,2880.0
Anomalia,-0.0008,0.2582,-0.0435,-0.8857,2880.0
Anomalia,0.0097,0.2283,-0.082,-0.6808,2880.0
Anomalia,0.0041,0.211,-0.0121,-0.2554,2880.0
Anomalia,0.0122,0.1679,-0.0538,0.2128,2880.0
Anomalia,0.0163,0.1202,0.1989,0.1046,2640.0
Anomalia,0.008,0.1065,0.0121,-0.2561,2640.0
Anomalia,0.0066,0.1013,-0.0805,-0.0558,2640.0
Anomalia,0.0079,0.1122,0.164,-0.0862,2640.0
Anomalia,0.0024,0.1296,-0.0748,-0.2645,2640.0
Anomalia,0.0137,0.1586,0.0059,-0.072,2880.0
Anomalia,0.021,0.1765,-0.0902,-0.685,2880.0
Anomalia,0.0077,0.1986,-0.075,-0.9769,2640.0
Anomalia,0.009,0.2025,-0.0616,-1.0104,2640.0
Anomalia,0.0021,0.1762,-0.0508,-0.7242,2640.0
Anomalia,0.0146,0.1668,-0.2141,-0.378,2640.0
Anomalia,0.0118,0.1546,-0.2161,-0.3543,2640.0
Anomalia,0.0184,0.1345,-0.2341,0.1476,2640.0
Anomalia,0.0084,0.1226,-0.2508,0.6775,2640.0
Anomalia,-0.0059,0.1132,-0.2633,1.1108,3120.0
Anomalia,0.0077,0.0774,0.4205,-0.1532,2400.0
Anomalia,0.0085,0.0716,0.4644,-0.063,2640.0
Anomalia,0.0189,0.092,0.1241,-0.5398,3360.0
Anomalia,0.0119,0.0845,0.1757,-0.1989,2880.0
Anomalia,0.0088,0.0857,0.3121,-0.2226,2880.0
Anomalia,0.0014,0.0926,0.2776,-0.5835,2880.0
Anomalia,0.0012,0.0796,0.1615,-0.6847,2880.0
Anomalia,0.0142,0.0831,-0.0941,-0.7917,3120.0
Anomalia,0.0126,0.0921,0.2092,0.3284,3360.0
Anomalia,0.0184,0.117,-0.1171,-0.0706,2640.0
Anomalia,0.0119,0.1331,-0.1491,-0.5062,2640.0
Anomalia,-0.0013,0.1329,0.0823,-0.5552,2640.0
Anomalia,0.0061,0.1257,-0.1754,-0.5175,2640.0
Anomalia,0.0026,0.1098,-0.209,-0.2662,2880.0
Anomalia,0.0117,0.0914,-0.2445,-0.4492,3360.0
Anomalia,0.0193,0.097,-0.3007,-0.4204,2640.0
Anomalia,0.0119,0.1171,-0.312,-0.5614,2640.0
Anomalia,0.0058,0.1226,-0.1984,-0.7623,2640.0
Anomalia,-0.0047,0.1468,-0.1403,-0.7768,2640.0
Anomalia,0.0035,0.1532,-0.1973,-0.9588,2640.0
Anomalia,0.0099,0.1384,-0.2562,-0.4679,2640.0
Anomalia,0.019,0.1364,-0.3296,-0.2911,2640.0
Anomalia,0.0236,0.104,0.0642,-0.4117,3120.0
Anomalia,0.005,0.11,-0.1104,-0.376,2880.0
Anomalia,0.0027,0.1125,-0.0985,-0.593,2880.0
Anomalia,0.0013,0.1156,-0.0844,-0.7483,2880.0
Anomalia,0.0112,0.1172,-0.3107,-0.7564,2880.0
Anomalia,0.0181,0.1137,-0.2,-0.5802,3120.0
Anomalia,0.0103,0.1253,-0.2212,-0.85,3120.0
Anomalia,0.009,0.1239,-0.2907,-0.7834,2880.0
Anomalia,-0.0026,0.1237,-0.0378,-0.8434,2880.0
Anomalia,0.0081,0.1361,0.1849,-0.5078,2880.0
Anomalia,0.011,0.1266,0.2523,-0.1264,2880.0
Anomalia,0.0143,0.1352,0.3497,-0.0584,2880.0
Anomalia,0.0103,0.153,0.1823,-0.7317,2880.0
Anomalia,0.0012,0.1399,0.2184,-0.5363,2640.0
Anomalia,0.0044,0.1356,0.2129,-0.3614,2640.0
Anomalia,0.0072,0.1224,0.0963,-0.4417,2640.0
Anomalia,0.01,0.1046,0.3398,-0.1314,2640.0
Anomalia,0.0143,0.133,0.2985,0.2705,2880.0
Anomalia,0.0108,0.1753,-0.0529,-0.2245,2880.0
Anomalia,0.0027,0.1935,-0.0428,-0.6644,2880.0
Anomalia,0.0065,0.1895,-0.0974,-0.4687,2880.0
Anomalia,0.0022,0.1804,-0.1998,-0.3683,2640.0
Anomalia,0.0103,0.1457,-0.1836,-0.0147,2640.0
Anomalia,0.01,0.1479,-0.1596,-0.2182,2880.0
Anomalia,0.0165,0.1548,-0.2121,-0.5,2880.0
Anomalia,0.0055,0.1687,-0.2031,-0.7788,2880.0
Anomalia,0.008,0.1767,-0.1167,-0.9149,2880.0
Anomalia,0.008,0.1556,0.0438,-0.6103,2880.0
Anomalia,-0.002,0.1531,0.1742,-0.5244,2880.0
Anomalia,0.0183,0.1295,0.4158,-0.7631,2880.0
Anomalia,0.0057,0.1202,0.4115,-0.6172,2880.0
Anomalia,0.015,0.1461,0.1765,-0.7674,2880.0
Anomalia,0.0106,0.178,-0.1384,-0.8938,2880.0
Anomalia,0.0032,0.1709,-0.093,-0.677,2880.0
Anomalia,0.0155,0.1622,-0.345,-0.2522,2880.0
Anomalia,0.0068,0.1383,-0.5859,0.4494,2880.0
Anomalia,0.0078,0.1104,-0.335,-0.6014,2880.0
Anomalia,0.0057,0.1251,-0.2249,-0.7479,2880.0
Anomalia,-0.0017,0.1312,-0.0731,-1.061,2880.0
Anomalia,0.0083,0.1235,-0.1706,-0.7639,2880.0
Anomalia,0.0189,0.1095,-0.1527,-0.3966,3120.0
Anomalia,0.0107,0.0924,-0.1828,-0.7742,3120.0
Anomalia,0.0125,0.1145,-0.0769,-0.3883,3120.0
Anomalia,0.0003,0.1215,-0.0278,-0.6739,2640.0
Anomalia,-0.0017,0.1316,0.0428,-0.9786,2880.0
Anomalia,0.0118,0.1351,-0.0371,-1.016,2880.0
Anomalia,0.0081,0.109,0.0201,-0.6492,2880.0
Anomalia,0.0167,0.1016,0.2152,-0.4697,3600.0
Anomalia,0.0057,0.1066,0.252,0.1347,3120.0
Anomalia,0.0042,0.0964,0.1225,0.6392,3360.0
Anomalia,0.004,0.1202,0.0247,-0.212,2640.0
Anomalia,0.004,0.1374,-0.0794,-0.5394,2640.0
Anomalia,0.0119,0.1639,-0.1867,-0.1976,2640.0
Anomalia,0.0121,0.1662,-0.1702,-0.2911,2640.0
Anomalia,0.0138,0.1508,-0.1961,0.4982,2640.0
Anomalia,0.0042,0.1625,-0.1914,0.1156,2640.0
Anomalia,0.0104,0.1296,-0.3839,0.7101,2640.0
Anomalia,0.0009,0.1304,-0.3414,0.4769,2880.0
Anomalia,0.0076,0.1359,-0.3904,0.1734,2880.0
Anomalia,0.0149,0.1119,-0.0435,-0.0545,2640.0
Anomalia,0.0021,0.1261,-0.2899,-0.2654,2640.0
Anomalia,0.0115,0.1267,-0.3983,-0.1859,2640.0
Anomalia,-0.0033,0.1212,-0.2067,-0.0614,2640.0
Anomalia,0.0031,0.1164,-0.3322,0.307,2880.0
Anomalia,0.0111,0.0897,0.2019,-0.2411,2880.0
Anomalia,0.0134,0.0978,0.6161,-0.1428,2640.0
Anomalia,0.0141,0.1098,0.226,-0.4309,2640.0
Anomalia,0.0041,0.1221,0.1859,-0.631,2640.0
Anomalia,0.0003,0.157,0.1208,-0.6647,2640.0
Anomalia,0.0079,0.1748,0.2119,-0.9029,2880.0
Anomalia,0.003,0.1841,0.1977,-0.9744,2640.0
Anomalia,0.0173,0.1979,0.1286,-1.0692,2640.0
Anomalia,0.0136,0.1731,0.304,-0.6642,3120.0
Anomalia,-0.0069,0.1577,0.2659,-0.3225,2880.0
Anomalia,0.0113,0.1473,0.2016,-0.3411,2880.0
Anomalia,0.004,0.1271,0.0196,-0.8329,2880.0
Anomalia,0.0106,0.1209,-0.0258,-0.5599,2880.0
Anomalia,0.013,0.1046,0.2734,-0.164,2640.0
Anomalia,0.0045,0.094,0.2918,0.2531,2640.0
Anomalia,0.0045,0.0864,0.4119,0.6625,2640.0
Anomalia,0.0014,0.0926,0.3089,0.1123,2640.0
Anomalia,0.0124,0.1089,0.2009,-0.1911,3360.0
Anomalia,0.0136,0.1249,0.0048,-0.2872,3360.0
Anomalia,0.0106,0.1346,-0.1352,-0.6719,3360.0
Anomalia,0.0146,0.1825,-0.0611,-0.6189,2880.0
Anomalia,0.0045,0.1978,-0.0222,-0.9208,2880.0
Anomalia,0.0041,0.187,0.0062,-0.6075,2880.0
Anomalia,-0.0006,0.1726,0.0964,0.0179,2880.0
Anomalia,0.0081,0.1365,-0.0484,0.1339,3360.0
Anomalia,0.0058,0.1254,0.0585,-0.1569,2880.0
Anomalia,0.0124,0.1713,0.1242,-0.4178,2880.0
Anomalia,0.0095,0.1847,0.0985,-0.8497,2880.0
Anomalia,-0.0016,0.1775,0.1778,-0.6767,2880.0
Anomalia,0.0112,0.1708,0.1551,-0.5432,2880.0
Anomalia,0.0016,0.1281,0.1333,-0.8113,2640.0
Anomalia,0.0093,0.1071,0.1549,-0.6143,2640.0
Anomalia,0.0188,0.096,0.2175,-0.1695,2640.0
Anomalia,0.0009,0.0747,-0.0397,-0.5905,2400.0
Anomalia,0.0042,0.0897,0.2608,0.5505,3360.0
Anomalia,0.0114,0.1139,0.1191,-0.1971,3360.0
Anomalia,0.0038,0.122,0.1893,-0.5967,3360.0
Anomalia,0.0157,0.1187,-0.0165,-0.3703,3360.0
Anomalia,0.0144,0.1069,-0.0954,-0.1904,3120.0
Anomalia,0.0076,0.1296,-0.1054,0.2412,2880.0
Anomalia,0.0068,0.153,-0.0694,-0.3517,2880.0
Anomalia,0.006,0.1632,-0.0298,-0.7742,2880.0
Anomalia,0.0117,0.1649,-0.1139,-0.8201,2880.0
Anomalia,0.0124,0.1402,-0.1254,-0.6624,2640.0
Anomalia,0.0064,0.123,-0.0123,-0.9067,2640.0
Anomalia,-0.0024,0.1181,-0.0117,-0.7498,2640.0
Anomalia,0.0015,0.1269,0.0257,-0.7517,2640.0
Anomalia,0.0059,0.1224,-0.0175,-0.5193,2640.0
Anomalia,0.0114,0.1076,-0.014,-0.0771,2640.0
Anomalia,0.0195,0.1015,-0.034,0.0341,2640.0
Anomalia,0.0056,0.1195,-0.3757,0.2033,3120.0
Anomalia,-0.0043,0.1278,-0.1493,-0.1777,2880.0
Anomalia,0.0068,0.1404,-0.1345,-0.5501,3360.0
Anomalia,0.0068,0.1437,-0.1108,-0.7132,3360.0
Anomalia,0.0138,0.1371,-0.0161,-0.7838,3360.0
Anomalia,0.0147,0.1347,0.0141,-0.7388,3360.0
Anomalia,0.0142,0.1298,-0.0537,-0.733,3360.0
Anomalia,-0.0006,0.144,-0.0567,-0.93,3360.0
Anomalia,0.0028,0.1313,-0.1319,-0.8393,3360.0
Anomalia,0.0102,0.1392,-0.1969,-0.8088,3360.0
Anomalia,-0.0037,0.1344,-0.0444,-0.6732,3120.0
Anomalia,0.0214,0.1181,-0.0479,-0.2985,3360.0
Anomalia,0.0098,0.113,0.0986,-0.0294,3120.0
Anomalia,0.0011,0.0949,-0.0483,-0.2118,2880.0
Anomalia,0.0108,0.0881,-0.309,0.0873,3360.0
Anomalia,0.0018,0.1046,-0.0116,-0.1848,3360.0
Anomalia,0.0172,0.1136,0.1112,-0.3163,2880.0
Anomalia,0.0171,0.1241,0.0187,-0.7289,2880.0
Anomalia,0.0102,0.141,0.1014,-1.0875,2640.0
Anomalia,0.0052,0.1339,0.0701,-0.9576,2640.0
Anomalia,0.0024,0.1581,0.1583,-0.8482,3360.0
Anomalia,0.0048,0.1702,0.1757,-0.9182,2640.0
Anomalia,0.0132,0.1702,0.1864,-0.8475,2880.0
Anomalia,0.0158,0.1715,0.1858,-0.9276,2880.0
Anomalia,0.0105,0.1405,0.307,-0.4633,2640.0
Anomalia,0.0059,0.1333,0.2669,-0.3591,2880.0
Anomalia,0.0017,0.1192,0.0019,-0.3074,2880.0
Anomalia,0.009,0.1039,-0.2887,0.853,2880.0
Anomalia,0.0093,0.0985,-0.377,1.5869,2640.0
Anomalia,0.0197,0.0602,-0.2307,0.4872,2880.0
Anomalia,0.0164,0.0809,-0.3375,1.5057,2640.0
Anomalia,0.008,0.0832,-0.0043,0.8594,2880.0
Anomalia,0.0057,0.0933,0.0477,-0.1907,2880.0
Anomalia,0.0061,0.1024,0.1194,-0.6846,3120.0
Anomalia,0.0087,0.0885,0.0833,-0.9229,3360.0
Anomalia,0.0133,0.1276,0.0482,-0.5998,2880.0
Anomalia,0.0136,0.1387,-0.0665,-0.7666,2880.0
Anomalia,0.0057,0.1326,0.0425,-0.4886,2640.0
Anomalia,0.0082,0.1361,0.0185,-0.6175,2640.0
Anomalia,0.0027,0.1127,-0.0935,-0.5389,3120.0
Anomalia,0.0049,0.1033,0.1407,-0.5482,3120.0
Anomalia,0.0132,0.1155,0.1261,-0.8909,3120.0
Anomalia,0.0043,0.1131,0.2907,-0.7332,3120.0
Anomalia,0.0123,0.151,0.2156,-0.3937,2880.0
Anomalia,0.0046,0.1987,-0.1335,-0.372,2880.0
Anomalia,0.0032,0.2048,-0.0867,-0.5832,2880.0
Anomalia,0.0098,0.2053,-0.1619,-0.5819,2880.0
Anomalia,0.014,0.1766,-0.3863,0.413,2880.0
Anomalia,0.0176,0.1273,0.0352,-0.7865,2880.0
Anomalia,0.0051,0.1206,-0.2591,-0.6204,2880.0
Anomalia,0.0044,0.1662,0.0338,-0.2263,2880.0
Anomalia,0.0047,0.1774,0.1431,-0.4293,2880.0
Anomalia,0.0092,0.1795,0.0808,-0.5197,2640.0
Anomalia,0.0273,0.2271,-0.0257,-0.5093,2640.0
Anomalia,0.0187,0.2064,-0.0508,0.0841,2640.0
Anomalia,0.0034,0.199,0.058,0.2913,2640.0
Anomalia,0.0076,0.1901,0.0241,0.8191,2880.0
Anomalia,-0.0022,0.1367,-0.3597,-0.0443,3360.0
Anomalia,0.012,0.1154,-0.1784,-0.4481,2880.0
Anomalia,0.0208,0.1191,-0.2496,-0.6317,2880.0
Anomalia,0.0067,0.1249,-0.1416,-0.8544,3120.0
Anomalia,0.0116,0.1192,-0.0519,-0.933,3360.0
Anomalia,0.0004,0.1164,0.0923,-0.8612,2880.0
Anomalia,0.0038,0.1031,-0.0784,-0.4266,2880.0
Anomalia,0.0181,0.0983,-0.0393,-0.5457,2640.0
Anomalia,0.0118,0.0897,-0.1254,-0.7577,2880.0
Anomalia,0.0142,0.1113,-0.2898,-0.1766,2880.0
Anomalia,0.0024,0.1145,-0.113,-0.4747,2880.0
Anomalia,-0.0011,0.1572,0.1483,-0.038,2640.0
Anomalia,0.0047,0.1564,0.1401,0.076,2640.0
Anomalia,0.0143,0.1458,0.0983,0.5313,2880.0
Anomalia,0.017,0.1443,0.0759,0.6907,2880.0
Anomalia,0.0172,0.1039,0.1762,-0.2497,3360.0
Anomalia,0.0079,0.113,0.0882,-0.4807,3360.0
Anomalia,-0.0038,0.1173,0.0643,-0.4555,3360.0
Anomalia,0.0118,0.1182,-0.1786,-0.4964,3360.0
Anomalia,0.0012,0.1066,-0.0848,-0.253,2880.0
Anomalia,0.022,0.129,0.3634,0.2483,3360.0
Anomalia,0.0234,0.18,-0.0915,0.0891,2880.0
Anomalia,0.0075,0.1992,0.0665,-0.6384,2880.0
Anomalia,0.012,0.2018,-0.0059,-0.7347,2880.0
Anomalia,0.0016,0.1825,-0.0875,-0.2647,2880.0
Anomalia,0.0055,0.1535,0.0407,-0.5788,2880.0
Anomalia,0.0177,0.1537,0.14,-0.6689,2880.0
Anomalia,0.0144,0.1745,-0.0333,-1.0134,2880.0
Anomalia,0.0065,0.1711,0.069,-0.9222,2880.0
Anomalia,0.003,0.1734,-0.0434,-0.9117,2880.0
Anomalia,-0.0062,0.1524,-0.1723,-0.4719,2880.0
Anomalia,0.0136,0.1239,-0.4145,0.8529,2880.0
Anomalia,0.0155,0.1245,-0.4521,0.8357,2880.0
Anomalia,0.0097,0.0817,-0.1425,-0.0209,2400.0
Anomalia,0.0126,0.0826,-0.1892,-0.6981,2400.0
Anomalia,-0.0007,0.0856,-0.0267,-0.942,2880.0
Anomalia,0.0035,0.0909,-0.0465,-1.0059,2640.0
Anomalia,0.0128,0.0964,-0.1458,-0.9209,2640.0
Anomalia,0.016,0.1007,-0.0034,-0.8717,3120.0
Anomalia,0.0197,0.1229,0.185,0.1415,2640.0
Anomalia,0.0099,0.1519,-0.1058,-0.0028,2880.0
Anomalia,0.0083,0.1542,-0.0824,-0.1794,2880.0
Anomalia,0.004,0.1484,-0.0845,0.1249,2880.0
Anomalia,0.0008,0.1434,-0.2861,0.0033,2880.0
Anomalia,0.0166,0.1281,0.1102,0.0614,3360.0
Anomalia,0.0169,0.1526,-0.017,-0.4999,2640.0
Anomalia,0.0081,0.1669,-0.0256,-0.8622,2640.0
Anomalia,0.0119,0.1622,-0.0358,-0.8338,2640.0
Anomalia,0.004,0.1525,-0.0392,-0.8511,2640.0
Anomalia,-0.0033,0.1279,-0.089,-0.4288,3360.0
Anomalia,0.02,0.1344,0.1711,-0.3999,3360.0
Anomalia,0.0101,0.1268,0.3005,-0.0551,2880.0
Anomalia,0.0111,0.126,0.1908,-0.1145,2880.0
Anomalia,0.0152,0.1206,0.2597,0.0047,3360.0
Anomalia,-0.0021,0.0907,-0.0839,-0.5775,3120.0
Anomalia,0.0112,0.0842,-0.1224,-0.3791,2640.0
Anomalia,0.0129,0.079,-0.0724,-0.4762,2880.0
Anomalia,0.0116,0.0857,-0.2284,-0.1698,2880.0
Anomalia,0.0163,0.097,-0.2623,-0.0722,2880.0
Anomalia,0.0051,0.1146,-0.1228,-0.7976,2880.0
Anomalia,-0.0017,0.1121,-0.1146,-0.7461,2880.0
Anomalia,0.0089,0.1188,-0.0359,-0.9027,2880.0
Anomalia,0.0098,0.1152,-0.014,-0.9416,3360.0
Anomalia,0.0146,0.1108,-0.0078,-0.7491,3360.0
Anomalia,0.0072,0.1243,-0.1979,-0.7936,3360.0
Anomalia,0.0028,0.1224,-0.1898,-0.7635,3360.0
Anomalia,0.0068,0.1186,-0.3376,-0.5701,3360.0
Anomalia,0.0062,0.138,-0.4502,0.1047,3360.0
Anomalia,0.023,0.1603,-0.3826,0.0936,2640.0
Anomalia,0.0109,0.1565,-0.242,0.1299,2640.0
Anomalia,0.0068,0.1554,-0.1691,0.1689,2640.0
Anomalia,0.006,0.1393,0.1008,0.2739,2640.0
Anomalia,0.0061,0.1062,0.3397,-0.2689,2640.0
Anomalia,0.0102,0.1088,0.1611,-0.171,3360.0
Anomalia,0.0121,0.1268,0.1036,-0.5468,3360.0
Anomalia,0.0136,0.1495,-0.0583,-0.6079,2640.0
Anomalia,0.0061,0.1506,-0.0515,-0.7147,2640.0
Anomalia,0.011,0.1502,-0.0647,-0.7532,2880.0
Anomalia,0.0049,0.1395,-0.0313,-0.5665,3360.0
Anomalia,0.0065,0.1211,0.132,-0.8835,3360.0
Anomalia,0.0129,0.1129,0.2276,-0.614,3360.0
Anomalia,0.0028,0.1095,0.2924,-0.2483,3360.0
Anomalia,0.0102,0.1209,0.2793,-0.5843,3360.0
Anomalia,0.0063,0.1376,-0.0328,-0.2692,2880.0
Anomalia,0.0047,0.1689,0.0172,-0.7606,2880.0
Anomalia,0.0187,0.1781,-0.1406,-1.0224,2880.0
Anomalia,0.0136,0.1728,-0.1411,-0.8807,2880.0
Anomalia,0.0164,0.1471,-0.1185,-0.412,2880.0
Anomalia,0.0078,0.1208,-0.2226,-0.876,2880.0
Anomalia,0.007,0.1281,-0.0,-0.5235,2880.0
Anomalia,0.0012,0.163,-0.1381,-0.2327,2880.0
Anomalia,0.0047,0.174,-0.1224,-0.6808,2880.0
Anomalia,0.0126,0.1683,-0.1749,-0.414,2880.0
Anomalia,0.0141,0.1471,-0.4063,0.6344,2640.0
Anomalia,0.0082,0.0992,0.0524,-0.105,2640.0
Anomalia,0.0064,0.0878,-0.2366,-0.0802,2640.0
Anomalia,-0.0009,0.0787,-0.3773,-0.1431,2880.0
Anomalia,0.0051,0.082,-0.4248,-0.2841,2880.0
Anomalia,0.0171,0.0764,-0.4531,0.0522,3120.0
Anomalia,0.0121,0.0639,-0.0896,-0.8264,3120.0
Anomalia,0.0153,0.0825,-0.0178,0.252,2880.0
Anomalia,0.0038,0.1146,0.0667,-0.0848,2880.0
Anomalia,0.0021,0.1268,0.1202,-0.6964,2880.0
Anomalia,0.0109,0.1367,0.0043,-1.0701,2880.0
Anomalia,0.0131,0.1298,-0.0988,-0.9012,2880.0
Anomalia,0.011,0.1196,-0.2199,-1.0304,3120.0
Anomalia,0.0115,0.1447,-0.1937,-0.6349,3120.0
Anomalia,0.005,0.1473,-0.0412,-0.6182,3360.0
Anomalia,0.0034,0.1607,-0.0136,-0.957,3360.0
Anomalia,0.0035,0.1514,0.0683,-0.6564,3360.0
Anomalia,0.0067,0.1215,0.0681,-0.4953,3360.0
Anomalia,0.0124,0.141,0.1016,-0.357,3360.0
Anomalia,0.0132,0.1493,0.2941,-0.1209,2880.0
Anomalia,0.0107,0.1652,0.1571,-0.6386,2880.0
Anomalia,0.0087,0.177,0.1561,-0.9161,2880.0
Anomalia,0.0042,0.17,0.0926,-0.9696,2880.0
Anomalia,0.0051,0.1489,-0.1061,-0.8895,2880.0
Anomalia,0.0175,0.1318,-0.2455,-0.5267,2880.0
Anomalia,0.0081,0.1176,-0.2415,-0.584,3120.0
Anomalia,0.0065,0.118,-0.243,-0.4903,2880.0
Anomalia,0.0092,0.1226,-0.0765,-0.4671,2880.0
Anomalia,0.0041,0.1524,0.0248,-0.806,2880.0
Anomalia,0.0133,0.1482,-0.0885,-0.6076,2880.0
Anomalia,0.0102,0.1276,0.0271,0.0382,3120.0
Anomalia,0.0124,0.1271,-0.0985,-0.0146,2640.0
Anomalia,0.003,0.0912,-0.0052,-0.2658,3360.0
Anomalia,0.0029,0.0925,0.2032,-0.1311,2640.0
Anomalia,0.0124,0.0953,-0.0269,-0.2201,2640.0
Anomalia,0.0062,0.0865,-0.0696,-0.1148,2640.0
Anomalia,0.0131,0.0824,0.018,-0.4585,2880.0
Anomalia,0.0111,0.078,-0.2483,-0.5737,2400.0
Anomalia,0.0052,0.0856,0.0792,-0.7,2640.0
Anomalia,0.0108,0.0999,0.1674,-0.8647,2640.0
Anomalia,0.0124,0.0994,0.1113,-0.8635,2880.0
Anomalia,0.0112,0.0953,0.1877,-0.6251,2880.0
Anomalia,0.0133,0.0828,0.202,-0.2353,2880.0
Anomalia,0.0015,0.0666,-0.079,-0.7935,2880.0
Anomalia,0.0034,0.0649,0.1061,-0.3324,3120.0
Anomalia,0.0056,0.0767,0.083,-0.7689,3120.0
Anomalia,0.0103,0.0821,0.2394,-0.6992,2880.0
Anomalia,0.018,0.0861,0.1487,-0.7773,3360.0
Anomalia,0.0128,0.0963,-0.1052,-0.838,2640.0
Anomalia,0.0088,0.0897,-0.0449,-0.5568,2640.0
Anomalia,0.0039,0.0838,-0.2082,-0.4438,2880.0
Anomalia,0.0066,0.0804,-0.335,-0.3016,2880.0
Anomalia,0.0029,0.0815,-0.4475,0.1362,2880.0
Anomalia,0.0161,0.086,-0.6052,0.1751,2880.0
Anomalia,0.0071,0.0979,-0.4505,-0.593,2880.0
Anomalia,0.0053,0.1224,-0.1207,-0.6627,2880.0
Anomalia,0.0162,0.1185,-0.1807,-0.569,2640.0
Anomalia,-0.0001,0.1466,-0.0337,-0.6565,2640.0
Anomalia,0.013,0.1579,0.0624,-0.525,2640.0
Anomalia,0.0114,0.1632,0.1183,-0.5604,2640.0
Anomalia,0.0102,0.1765,0.202,-0.8332,2640.0
Anomalia,0.0114,0.1769,0.2584,-0.9588,2880.0
Anomalia,0.0022,0.1715,0.2003,-1.0543,2880.0
Anomalia,0.0106,0.1597,0.1121,-0.9271,2880.0
Anomalia,0.0101,0.1558,0.0818,-0.933,2640.0
Anomalia,0.0222,0.1392,0.0754,-0.8203,2640.0
Anomalia,0.0199,0.1414,0.0914,-0.8179,2640.0
Anomalia,0.0113,0.1404,0.1273,-0.8844,2640.0
Anomalia,0.002,0.1235,0.1577,-0.6096,2640.0
Anomalia,0.0039,0.1202,0.0737,-0.6327,2640.0
Anomalia,0.0079,0.1221,0.0724,-0.6187,2640.0
Anomalia,0.0179,0.1359,0.0823,-0.7998,3120.0
Anomalia,0.0233,0.1504,-0.0684,-1.1425,2880.0
Anomalia,0.0107,0.163,-0.0359,-1.297,2880.0
Anomalia,0.0137,0.151,-0.0346,-1.1121,2880.0
Anomalia,0.001,0.1326,-0.0906,-0.8806,2880.0
Anomalia,0.0082,0.1261,-0.1355,-0.7088,2880.0
Anomalia,0.0174,0.1175,0.0819,-0.6929,2880.0
Anomalia,0.0128,0.1173,0.1355,-0.6027,2880.0
Anomalia,0.0122,0.1735,-0.1589,0.0252,2880.0
Anomalia,0.0084,0.1788,-0.0743,-0.1968,2880.0
Anomalia,0.0083,0.1801,-0.0853,-0.2671,2880.0
Anomalia,0.0115,0.192,-0.0878,-0.6932,2880.0
Anomalia,0.0209,0.169,0.1168,-1.1264,2880.0
Anomalia,0.0076,0.1893,-0.1319,-0.5671,2640.0
Anomalia,0.0196,0.2042,-0.093,-0.6099,2640.0
Anomalia,0.0066,0.1951,0.039,-0.332,2640.0
Anomalia,0.0058,0.177,-0.0977,0.2685,3360.0
Anomalia,0.0213,0.1407,0.2899,0.5182,3360.0
Anomalia,0.0036,0.1058,-0.1433,-1.1499,2640.0
Anomalia,0.0215,0.1148,0.0779,-0.0572,3360.0
Anomalia,0.0159,0.1079,0.4603,0.4408,2640.0
Anomalia,0.0096,0.1126,0.508,0.2026,2880.0
Anomalia,0.0062,0.1116,0.5798,0.4188,2880.0
Anomalia,0.0057,0.1003,0.3022,-0.5633,2880.0
Anomalia,0.0126,0.0932,-0.01,-0.546,2640.0
Anomalia,0.0205,0.0898,-0.014,-0.5509,2880.0
Anomalia,0.014,0.0817,0.0774,-0.5187,2880.0
Anomalia,0.0104,0.1249,0.0082,0.678,2880.0
Anomalia,0.0035,0.151,0.1118,-0.4644,2880.0
Anomalia,0.0022,0.1672,0.129,-0.9011,2880.0
Anomalia,0.0216,0.1666,-0.1727,-0.8029,2880.0
Anomalia,0.0108,0.1472,-0.2049,-0.7742,2880.0
Anomalia,0.0162,0.1559,-0.128,-0.6624,2880.0
Anomalia,0.0114,0.1527,-0.0802,-0.471,2880.0
Anomalia,0.0023,0.1614,0.1136,-0.7404,2880.0
Anomalia,0.0126,0.1616,0.092,-0.7659,2880.0
Anomalia,0.0173,0.134,-0.0389,-0.4124,2880.0
Anomalia,0.0141,0.1195,-0.0027,-0.4885,2640.0
Anomalia,0.0147,0.1284,-0.1338,-0.7255,3120.0
Anomalia,0.0175,0.118,-0.2265,-0.626,3120.0
Anomalia,0.0067,0.1485,0.016,-0.3068,2880.0
Anomalia,0.0138,0.1552,-0.067,-0.5027,2880.0
Anomalia,0.0153,0.1488,-0.0039,-0.3908,2880.0
Anomalia,0.0135,0.1558,0.0187,-0.6536,3360.0
Anomalia,0.0133,0.1336,-0.0776,-1.094,3360.0
Anomalia,0.0067,0.1267,-0.0491,-0.9825,3360.0
Anomalia,0.0111,0.1267,-0.0944,-0.8724,3360.0
Anomalia,0.0097,0.1117,-0.0335,-0.4575,3360.0
Anomalia,0.0088,0.0964,0.1691,0.0699,3360.0
Anomalia,0.0196,0.1012,0.3953,-0.4351,3360.0
Anomalia,0.0059,0.0824,0.5788,0.1842,3360.0
Anomalia,0.0092,0.0997,0.3758,-0.3074,3120.0
Anomalia,0.0102,0.106,0.2955,-0.6096,3120.0
Anomalia,0.0031,0.1025,0.3716,-0.429,2880.0
Anomalia,0.0204,0.1112,0.1101,-0.8969,2880.0
Anomalia,0.0201,0.0997,0.1407,-0.8731,3120.0
Anomalia,0.0123,0.1027,-0.0929,-0.5193,3120.0
Anomalia,0.0117,0.1093,-0.3024,-0.6092,2640.0
Anomalia,-0.0014,0.1443,0.0886,0.1864,2640.0
Anomalia,0.0079,0.1588,-0.0159,-0.1456,2640.0
Anomalia,0.0175,0.1647,-0.0885,-0.4185,2880.0
Anomalia,0.0231,0.1691,-0.0383,-0.3548,3360.0
Anomalia,0.0151,0.1537,-0.0409,-0.4143,3360.0
Anomalia,0.0058,0.1455,0.082,-0.4192,3360.0
Anomalia,0.0012,0.1549,0.1241,-0.608,2880.0
Anomalia,0.0054,0.1768,0.1122,-0.8571,2880.0
Anomalia,0.0253,0.1781,-0.0185,-0.8744,2880.0
Anomalia,0.0194,0.1765,0.0412,-0.9223,2640.0
Anomalia,0.0158,0.1613,0.1691,-0.4973,2640.0
Anomalia,0.0067,0.1246,0.2231,-0.3269,2640.0
Anomalia,-0.0002,0.1231,0.2472,-0.7173,3360.0
Anomalia,0.0052,0.1276,0.2041,-0.8582,2880.0
Anomalia,0.0144,0.1422,0.0948,-1.066,2880.0
Anomalia,0.0161,0.1406,0.0642,-1.0264,3360.0
Anomalia,0.0178,0.134,-0.099,-0.7878,2640.0
Anomalia,0.0105,0.1265,0.0441,-0.4761,3360.0
Anomalia,0.0064,0.1045,-0.0038,0.0281,3360.0
Anomalia,0.0034,0.1,-0.0256,0.3628,3360.0
Anomalia,0.0088,0.0977,0.3813,-0.1434,3360.0
Anomalia,0.0168,0.1004,0.2946,-0.3985,2880.0
Anomalia,0.0115,0.1195,-0.1376,-0.3792,2880.0
Anomalia,0.0201,0.1249,-0.1949,-0.5222,2880.0
Anomalia,0.0053,0.126,-0.2639,-0.6442,2640.0
Anomalia,0.0049,0.1191,-0.359,-0.4218,2640.0
Anomalia,0.019,0.1082,-0.0631,-0.2122,2640.0
Anomalia,0.0098,0.1173,-0.1515,-0.6199,2640.0
Anomalia,0.0201,0.1037,-0.0206,-0.2494,2640.0
Anomalia,0.0115,0.1074,0.0636,-0.5007,2880.0
Anomalia,0.0049,0.1107,-0.0853,-0.8044,2880.0
Anomalia,0.0012,0.1056,0.1087,-0.6721,2400.0
Anomalia,0.009,0.1213,0.1691,-0.6677,2640.0
Anomalia,0.016,0.1225,0.083,-0.6897,2640.0
Anomalia,0.0143,0.1244,0.088,-0.7289,2640.0
Anomalia,0.0114,0.1329,-0.028,-0.9174,2640.0
Anomalia,0.0027,0.1667,0.0778,-0.5601,2640.0
Anomalia,0.0043,0.1796,0.0167,-0.8027,2640.0
Anomalia,0.0115,0.1731,-0.0631,-0.5462,2640.0
Anomalia,0.0204,0.1641,-0.1239,-0.1158,2880.0
Anomalia,0.0138,0.1148,-0.2019,0.365,2880.0
Anomalia,0.0085,0.0847,0.0479,-0.7444,2880.0
Anomalia,0.0038,0.0787,-0.0445,-0.8127,3120.0
Anomalia,0.0063,0.0794,-0.0513,-0.6272,3120.0
Anomalia,0.014,0.0742,-0.0623,-0.4187,3120.0
Anomalia,0.0152,0.0718,0.0062,-0.1906,2400.0
Anomalia,0.0172,0.1212,-0.132,1.3634,2640.0
Anomalia,0.011,0.1344,-0.192,0.869,3120.0
Anomalia,0.0097,0.1522,-0.1064,-0.1667,2880.0
Anomalia,0.0081,0.1782,-0.1446,-0.8462,3360.0
Anomalia,0.0061,0.1536,-0.2068,-0.5477,2640.0
Anomalia,0.0093,0.1424,-0.1866,-0.4591,2640.0
Anomalia,0.0114,0.1714,0.0068,-0.5,3120.0
Anomalia,0.0142,0.1549,0.0694,-0.1599,3120.0
Anomalia,0.0086,0.1715,0.0515,-0.6851,2880.0
Anomalia,0.014,0.1752,-0.028,-0.7756,3360.0
Anomalia,0.0017,0.146,-0.0932,-1.0007,2880.0
Anomalia,0.0089,0.1475,-0.0147,-0.9475,3360.0
Anomalia,0.0096,0.1255,0.1559,-0.6296,3360.0
Anomalia,0.0045,0.1346,0.2901,-0.7877,3120.0
Anomalia,0.0097,0.1379,0.2263,-0.8443,2640.0
Anomalia,0.0055,0.1386,0.2133,-0.9634,2880.0
Anomalia,0.0182,0.1363,0.0004,-0.8807,2880.0
Anomalia,0.0144,0.1263,-0.1533,-0.6107,2640.0
Anomalia,0.0133,0.1286,-0.1344,-0.618,2640.0
Anomalia,0.0104,0.1285,-0.0926,-0.5648,2640.0
Anomalia,-0.0028,0.1493,0.0474,-0.9913,2640.0
Anomalia,0.0002,0.1759,0.0144,-1.0417,2640.0
Anomalia,0.0176,0.1682,-0.1477,-0.7833,2880.0
Anomalia,0.0107,0.1615,-0.1221,-0.6161,2880.0
Anomalia,0.0169,0.1508,-0.1182,-0.298,2880.0
Anomalia,0.0121,0.1074,0.3163,-0.2512,3120.0
Anomalia,-0.0028,0.0915,0.2025,-0.1215,2640.0
Anomalia,0.0141,0.0885,0.1796,-0.0461,2640.0
Anomalia,0.0128,0.0683,0.1572,-0.3847,2400.0
Anomalia,0.0172,0.0627,0.35,-0.2306,2640.0
Anomalia,0.0111,0.0538,0.6277,0.5246,2640.0
Anomalia,0.0042,0.0554,0.4208,0.4058,2880.0
Anomalia,0.0034,0.069,0.0167,0.2677,3120.0
Anomalia,0.0059,0.0733,-0.0657,-0.1993,3360.0
Anomalia,0.0145,0.0807,-0.2352,-0.6129,3360.0
Anomalia,0.0124,0.1016,-0.1632,-0.4566,2640.0
Anomalia,0.0135,0.1081,-0.1456,-0.6583,2640.0
Anomalia,0.0095,0.1112,-0.0788,-0.8532,2640.0
Anomalia,0.0065,0.1214,-0.0138,-1.1421,2640.0
Anomalia,0.0071,0.1027,-0.0762,-0.9948,2880.0
Anomalia,0.0084,0.0923,0.0332,-0.8913,2880.0
Anomalia,0.0175,0.091,-0.026,-0.8091,2880.0
Anomalia,0.0167,0.0938,-0.1369,-0.6247,2880.0
Anomalia,0.0196,0.1607,0.1733,0.6188,2640.0
Anomalia,0.009,0.1755,0.1491,-0.0862,2640.0
Anomalia,0.0006,0.2086,0.2226,-0.7648,2880.0
Anomalia,0.0122,0.2163,0.1209,-0.9542,2880.0
Anomalia,0.0079,0.1745,0.0715,-0.5345,2880.0
Anomalia,0.0125,0.1615,0.1456,-0.144,2640.0
Anomalia,0.0182,0.1164,0.2092,-0.2249,2640.0
Anomalia,-0.0043,0.0925,0.2816,-0.608,2640.0
Anomalia,0.0072,0.1376,0.5836,0.4484,2640.0
Anomalia,0.0106,0.156,0.2956,-0.2945,2880.0
Anomalia,0.0077,0.1589,0.3327,-0.3884,2880.0
Anomalia,0.0233,0.1675,0.0793,-0.7291,2880.0
Anomalia,0.0049,0.1303,0.0279,-0.5429,2880.0
Anomalia,0.0094,0.1042,0.1206,-0.3162,3360.0
Anomalia,0.0071,0.0971,0.1449,-0.1921,3360.0
Anomalia,0.0096,0.0978,0.5597,1.7937,2640.0
Anomalia,0.0169,0.1303,0.0299,0.7539,2640.0
Anomalia,0.0146,0.1315,0.0706,0.6293,2640.0
Anomalia,0.0122,0.1471,0.013,-0.261,2640.0
Anomalia,-0.0011,0.1361,0.0159,-0.2776,3360.0
Anomalia,0.0089,0.1084,-0.157,-0.6271,2640.0
Anomalia,0.0117,0.1091,-0.0208,-0.2517,2640.0
Anomalia,0.0109,0.1034,0.1484,-0.2531,2640.0
Anomalia,0.0204,0.1096,0.0567,-0.4696,2640.0
Anomalia,0.0121,0.1462,0.148,-0.0488,2640.0
Anomalia,0.0067,0.1604,0.1434,-0.6905,2640.0
Anomalia,0.0102,0.1645,0.0752,-0.7629,2640.0
Anomalia,0.0122,0.156,0.032,-0.3932,2640.0
Anomalia,0.0084,0.1366,0.0338,-0.821,2640.0
Anomalia,0.0079,0.1542,-0.0063,0.1493,3360.0
Anomalia,0.0169,0.1633,0.1106,0.4336,3360.0
Anomalia,0.0051,0.1729,0.1821,-0.0944,3360.0
Anomalia,0.0085,0.1686,0.0922,0.1084,2880.0
Anomalia,0.0141,0.1446,0.0811,0.0296,2880.0
Anomalia,-0.0031,0.1207,-0.1412,-0.856,3360.0
Anomalia,0.0145,0.1465,0.3035,-0.3433,3360.0
Anomalia,0.0113,0.1393,0.4983,-0.007,2880.0
Anomalia,0.0057,0.1416,0.4443,0.091,2880.0
Anomalia,0.0175,0.1518,0.2966,-0.436,2880.0
Anomalia,0.0059,0.1297,0.1176,-0.5839,2880.0
Anomalia,0.0127,0.143,0.0606,-0.9941,2880.0
Anomalia,0.0152,0.143,0.0811,-1.1034,2880.0
Anomalia,0.0075,0.1304,0.1381,-0.9054,2880.0
Anomalia,0.0078,0.1353,0.0863,-0.819,2640.0
Anomalia,0.0093,0.1435,0.1817,-0.6314,2640.0
Anomalia,0.0147,0.1382,0.1603,-0.4751,2880.0
Anomalia,0.0213,0.1381,0.0244,-0.3973,2880.0
Anomalia,0.0159,0.1197,0.1674,-0.0087,3120.0
Anomalia,0.0052,0.1086,-0.2862,-0.2518,3120.0
Anomalia,0.001,0.1353,0.0086,-0.3793,2880.0
Anomalia,0.0027,0.1631,0.0944,-0.8013,2880.0
Anomalia,0.0143,0.1682,-0.0371,-0.9939,2880.0
Anomalia,0.0185,0.1591,-0.0208,-0.8058,2880.0
Anomalia,0.0181,0.1365,0.0307,-0.3589,2880.0
Anomalia,0.0108,0.1179,0.0456,-0.8192,2880.0
Anomalia,0.0077,0.119,0.0603,-0.5856,2880.0
Anomalia,0.0088,0.1419,0.1708,-0.1885,2880.0
Anomalia,0.0114,0.151,0.1851,-0.4156,2880.0
Anomalia,0.0206,0.1458,0.1494,-0.2383,2880.0
Anomalia,0.0148,0.1763,0.0683,-0.5661,2640.0
Anomalia,0.0133,0.1677,-0.0231,-0.5798,2640.0
Anomalia,0.0031,0.1585,0.0259,-0.3749,2640.0
Anomalia,0.0134,0.162,-0.0693,-0.42,2640.0
Anomalia,0.0116,0.1527,-0.1637,-0.713,2880.0
Anomalia,0.0137,0.1488,-0.2298,-0.6038,2880.0
Anomalia,0.0277,0.1464,-0.4455,-0.2639,2880.0
Anomalia,-0.0025,0.139,-0.1758,-0.4608,2880.0
Anomalia,0.0052,0.1282,0.0222,-0.5134,3120.0
Anomalia,0.0002,0.1217,0.1474,-0.3851,2640.0
Anomalia,0.0035,0.124,0.1306,-0.4805,2640.0
Anomalia,0.019,0.1227,-0.0479,-0.4316,2640.0
Anomalia,0.0191,0.1101,-0.3816,-0.3436,2640.0
Anomalia,0.0156,0.1398,-0.4819,-0.0449,2640.0
Anomalia,0.0015,0.1459,-0.2365,-0.4218,2880.0
Anomalia,0.0016,0.1573,-0.1331,-0.7338,2880.0
Anomalia,0.0084,0.1523,-0.2079,-0.5888,3360.0
Anomalia,0.0184,0.1278,-0.0998,-0.7417,3360.0
Anomalia,0.017,0.1722,-0.2242,-0.2766,3120.0
Anomalia,0.0155,0.1734,-0.1809,-0.3244,2880.0
Anomalia,0.0045,0.1832,-0.0364,-0.692,2880.0
Anomalia,0.0073,0.1847,-0.0592,-0.7147,2880.0
Anomalia,0.0134,0.1567,0.0063,-1.1178,2640.0
Anomalia,0.0156,0.1548,-0.0234,-1.055,2640.0
Anomalia,0.0144,0.133,0.1028,-0.4421,2880.0
Anomalia,0.0081,0.1205,0.2737,0.1951,2880.0
Anomalia,0.0067,0.0961,0.4553,1.0885,3360.0
Anomalia,0.0064,0.0892,0.0866,1.0226,3360.0
Anomalia,0.0133,0.0978,0.042,0.1971,3360.0
Anomalia,0.0152,0.1151,-0.081,-0.6403,3360.0
Anomalia,0.0091,0.1187,-0.0737,-0.5987,2640.0
Anomalia,0.0141,0.134,0.3637,0.052,3360.0
Anomalia,0.0113,0.1367,0.3194,-0.1117,3360.0
Anomalia,0.0118,0.1397,0.3453,-0.1685,2640.0
Anomalia,0.0144,0.1315,0.4214,0.2165,2640.0
Anomalia,0.0183,0.1193,0.2385,-0.6171,2880.0
Anomalia,0.0095,0.1192,0.4036,-0.4467,2880.0
Anomalia,0.0053,0.1346,0.3125,0.3909,3120.0
Anomalia,0.0096,0.1703,0.236,-0.3731,3120.0
Anomalia,-0.0023,0.1616,0.3035,0.0352,2880.0
Anomalia,0.0157,0.1647,0.074,-0.2097,2880.0
Anomalia,0.0097,0.1408,0.2597,0.2853,3360.0
Anomalia,0.0176,0.1056,0.0622,-1.0046,2400.0
Anomalia,0.0163,0.102,0.1237,-0.9863,2640.0
Anomalia,0.0086,0.1099,0.2499,-0.6113,2640.0
Anomalia,0.0093,0.1186,-0.0106,-0.7665,2640.0
Anomalia,0.009,0.1172,-0.0355,-0.5037,2640.0
Anomalia,0.0151,0.1301,-0.1515,-0.6858,2640.0
Anomalia,0.0122,0.1132,-0.3169,-0.2365,2640.0
Anomalia,0.0128,0.099,-0.0992,0.4123,2640.0
Anomalia,0.006,0.0966,0.0452,0.0761,2640.0
Anomalia,0.0033,0.0762,0.2689,-0.5267,2640.0
Anomalia,0.0087,0.0813,0.2159,-0.772,2640.0
Anomalia,0.0225,0.0827,-0.0093,-0.6998,2640.0
Anomalia,0.0113,0.0871,-0.3613,-0.3996,2640.0
Anomalia,0.0028,0.0939,-0.3749,-0.6771,2640.0
Anomalia,0.0019,0.1365,0.18,0.1393,2640.0
Anomalia,-0.0041,0.1438,0.2644,-0.2939,2640.0
Anomalia,0.0147,0.1446,0.0979,-0.3715,2880.0
Anomalia,0.0193,0.1454,0.054,-0.4219,2880.0
Anomalia,0.0198,0.1068,-0.071,-1.0618,2880.0
Anomalia,0.0138,0.1292,-0.1845,-0.2772,2880.0
Anomalia,0.0002,0.1388,-0.1659,-0.4472,2880.0
Anomalia,0.0078,0.1625,0.0473,-0.2108,2880.0
Anomalia,0.0069,0.1669,0.0033,-0.3018,2880.0
Anomalia,0.01,0.1579,0.0374,-0.0,2880.0
Anomalia,0.018,0.154,0.0976,0.2575,2880.0
Anomalia,0.014,0.1756,-0.0179,-0.1179,3360.0
Anomalia,0.0097,0.1918,0.0804,-0.5552,2880.0
Anomalia,0.0078,0.2099,-0.0348,-0.7851,2880.0
Anomalia,0.0097,0.2048,-0.0721,-0.6676,2880.0
Anomalia,0.0089,0.1652,-0.2309,-0.0034,2880.0
Anomalia,0.0156,0.144,-0.4369,0.7057,3360.0
Anomalia,0.0095,0.1155,-0.1281,-0.6796,3360.0
Anomalia,0.0041,0.1068,-0.1826,-0.4149,3360.0
Anomalia,0.0077,0.1071,-0.0547,-0.5366,3360.0
Anomalia,0.0032,0.0993,-0.1551,-0.3047,2880.0
Anomalia,0.0223,0.0802,0.1608,-0.7271,2880.0
Anomalia,0.0146,0.0799,0.2279,-0.6667,2880.0
Anomalia,0.0073,0.1127,-0.2759,1.307,2880.0
Anomalia,0.0106,0.1181,-0.3331,0.8642,2880.0
Anomalia,-0.003,0.1432,-0.0965,-0.2282,2880.0
Anomalia,0.0082,0.146,-0.2934,-0.2979,3360.0
Anomalia,0.017,0.1438,-0.1849,-0.4949,2640.0
Anomalia,0.0117,0.1589,-0.1058,-0.8204,2640.0
Anomalia,0.0129,0.1393,-0.0709,-0.4096,2880.0
Anomalia,0.0054,0.1434,0.0071,-0.6095,2880.0
Anomalia,0.0041,0.1307,-0.1369,-0.6332,3360.0
Anomalia,0.0104,0.1108,-0.1976,-0.6731,2640.0
Anomalia,0.0138,0.1056,-0.1277,-0.5124,2640.0
Anomalia,0.0134,0.0984,0.0755,-0.5174,2640.0
Anomalia,0.0085,0.0863,0.0945,-0.2411,3360.0
Anomalia,0.006,0.1016,-0.1079,-0.2603,3360.0
Anomalia,0.0056,0.1037,-0.1092,-0.3282,3120.0
Anomalia,0.0105,0.1126,-0.0726,-0.6552,3120.0
Anomalia,0.0114,0.1069,0.0101,-0.4893,3120.0
Anomalia,0.0083,0.0895,0.2173,-0.5257,3120.0
Anomalia,0.0113,0.0911,0.0954,-0.8745,2640.0
Anomalia,0.0065,0.0782,-0.0086,-0.8921,2640.0
Anomalia,0.0106,0.0925,0.0349,-1.0133,2640.0
Anomalia,0.0059,0.0927,0.0905,-0.9947,3120.0
Anomalia,0.0094,0.1189,0.1968,-0.2929,2880.0
Anomalia,0.0177,0.13,0.0541,-0.7307,2880.0
Anomalia,0.0062,0.1239,0.2425,-0.4552,2640.0
Anomalia,0.0181,0.1402,0.2869,-0.6235,2880.0
Anomalia,0.0048,0.1502,0.1005,-0.3585,2880.0
Anomalia,0.0012,0.1762,0.1058,-0.4791,2880.0
Anomalia,0.0121,0.1856,-0.0247,-0.7967,2880.0
Anomalia,0.0108,0.1925,-0.0634,-1.0055,2880.0
Anomalia,0.0182,0.1866,-0.0738,-0.9954,2880.0
Anomalia,0.0094,0.1639,0.0228,-1.1307,2880.0
Anomalia,0.0013,0.1621,0.0761,-1.1454,2640.0
Anomalia,0.008,0.1792,0.2939,-0.6962,2640.0
Anomalia,0.0112,0.1804,0.3309,-0.7216,2640.0
Anomalia,0.0078,0.1786,0.4002,-0.6372,2640.0
Anomalia,0.0208,0.1723,0.3113,-0.4165,2640.0
Anomalia,0.0003,0.128,0.2827,-0.1238,2640.0
Anomalia,-0.0005,0.0898,-0.0824,0.1032,2400.0
Anomalia,0.0145,0.0681,0.1995,0.89,3120.0
Anomalia,0.0058,0.0829,-0.2704,3.2324,2880.0
Anomalia,0.0157,0.1201,0.0607,1.3073,2880.0
Anomalia,0.0099,0.1237,0.1806,0.8493,3120.0
Anomalia,-0.0003,0.1317,0.3414,0.2266,2640.0
Anomalia,0.0077,0.122,0.356,0.29,2640.0
Anomalia,0.0096,0.0885,0.2542,-0.3373,3360.0
Anomalia,0.0174,0.0939,0.086,-0.5241,2400.0
Anomalia,0.019,0.1196,-0.6642,0.5675,3360.0
Anomalia,0.0129,0.15,-0.3396,0.0014,2640.0
Anomalia,0.0022,0.1625,-0.349,-0.3959,2640.0
Anomalia,0.0014,0.1681,-0.315,-0.5812,2880.0
Anomalia,0.0088,0.192,-0.0956,-0.6915,2880.0
Anomalia,0.0136,0.1897,-0.0777,-0.7775,2880.0
Anomalia,0.0168,0.192,0.0039,-0.9268,2880.0
Anomalia,0.0163,0.2164,0.1011,-1.1671,2880.0
Anomalia,0.0116,0.179,0.2205,-0.6707,2880.0
Anomalia,-0.0049,0.1721,0.246,-0.412,2880.0
Anomalia,0.0118,0.1605,0.0536,-0.0796,2880.0
Anomalia,0.0032,0.1298,-0.2033,-0.145,2880.0
Anomalia,0.0104,0.1526,0.0062,-0.4246,3360.0
Anomalia,0.0224,0.1351,0.1272,0.0821,3360.0
Anomalia,0.0054,0.133,0.3211,0.2403,2640.0
Anomalia,0.005,0.1143,0.4611,1.2158,2640.0
Anomalia,0.0105,0.0785,-0.3436,0.076,3360.0
Anomalia,0.008,0.079,-0.2906,-0.2938,3120.0
Anomalia,0.0133,0.0723,-0.1952,-0.2477,3120.0
Anomalia,0.0158,0.096,-0.4422,-0.0622,3120.0
Anomalia,0.0048,0.0922,-0.1893,0.0739,3120.0
Anomalia,0.006,0.1028,-0.177,-0.2205,2880.0
Anomalia,0.0109,0.1165,0.0504,-0.615,2880.0
Anomalia,0.022,0.1356,0.2146,-0.6112,2880.0
Anomalia,0.0156,0.1453,0.1902,-0.8994,2880.0
Anomalia,0.0147,0.1361,0.3163,-0.5702,2880.0
Anomalia,0.005,0.1381,0.2726,-0.6351,2880.0
Anomalia,-0.0037,0.1178,0.0558,-0.7082,2880.0
Anomalia,0.0075,0.118,0.0441,-0.7729,2880.0
Anomalia,0.0057,0.117,0.0004,-0.6846,2880.0
Anomalia,0.015,0.109,-0.1304,-0.4177,3120.0
Anomalia,0.0144,0.0965,-0.0908,-0.1971,3120.0
Anomalia,0.0061,0.1269,-0.3965,0.2022,2880.0
Anomalia,0.0075,0.1324,-0.3407,-0.0796,2880.0
Anomalia,0.0094,0.1429,-0.2278,-0.4195,2880.0
Anomalia,0.0089,0.1526,-0.206,-0.7792,3360.0
Anomalia,0.0145,0.1352,-0.1892,-0.8906,3360.0
Anomalia,0.0143,0.1611,-0.0575,-0.4685,3360.0
Anomalia,0.0048,0.1884,0.0365,-0.4935,2640.0
Anomalia,0.0058,0.1934,0.0437,-0.6451,2880.0
Anomalia,0.009,0.1847,0.0291,-0.3054,2880.0
Anomalia,0.0051,0.1606,-0.0043,0.1472,2880.0
Anomalia,0.0195,0.1151,-0.1939,-0.2921,2880.0
Anomalia,0.0134,0.086,0.0253,0.0675,2880.0
Anomalia,0.0161,0.0905,0.3819,0.4503,3360.0
Anomalia,0.0084,0.1071,-0.101,0.2565,2880.0
Anomalia,-0.0001,0.1042,-0.0096,0.3081,2880.0
Anomalia,0.0102,0.1096,-0.1955,-0.0445,3120.0
Anomalia,0.0052,0.1052,-0.3657,-0.2551,3600.0
Anomalia,0.016,0.0829,0.078,-0.9377,3360.0
Anomalia,0.0132,0.1052,-0.039,0.7108,3600.0
Anomalia,0.0059,0.1145,-0.2388,0.501,3120.0
Anomalia,0.0148,0.1668,0.3884,0.8761,3360.0
Anomalia,0.0176,0.1895,0.1743,-0.1393,2880.0
Anomalia,0.0124,0.2175,0.097,-0.59,2880.0
Anomalia,0.0109,0.227,0.0915,-0.7826,2880.0
Anomalia,-0.0017,0.2023,0.0029,-0.728,2640.0
Anomalia,-0.0032,0.1873,-0.001,-0.3622,3360.0
Anomalia,0.0107,0.1763,0.1522,-0.4663,2880.0
Anomalia,0.0139,0.1568,0.3303,-0.0545,2880.0
Anomalia,0.0195,0.142,0.3214,0.4694,2880.0
Anomalia,0.0119,0.1358,0.5821,0.8393,2880.0
Anomalia,0.0047,0.0976,0.189,-0.3945,2880.0
Anomalia,0.004,0.0932,0.198,-0.2513,2640.0
Anomalia,0.0064,0.114,0.287,-0.5442,2880.0
Anomalia,0.0163,0.1164,0.0742,-0.6845,3360.0
Anomalia,0.013,0.1248,-0.1215,-0.0528,2640.0
Anomalia,0.0152,0.1377,-0.3943,-0.1392,2640.0
Anomalia,0.0053,0.1262,-0.4329,0.1986,2640.0
Anomalia,0.0076,0.1199,-0.5356,0.8163,3360.0
Anomalia,0.0099,0.1016,-0.6448,0.92,3360.0
Anomalia,0.0121,0.0954,0.3195,-0.0347,3360.0
Anomalia,0.017,0.1023,0.366,-0.0936,3360.0
Anomalia,0.0067,0.1049,0.4991,-0.2068,3360.0
Anomalia,0.0077,0.0943,0.5706,0.5596,3360.0
Anomalia,-0.0013,0.0838,0.3277,0.4472,3600.0
Anomalia,0.0033,0.1041,0.9191,2.2726,3120.0
Anomalia,0.0079,0.1257,0.6397,0.8067,3120.0
Anomalia,0.0121,0.1347,0.5178,0.0122,2880.0
Anomalia,0.0203,0.1369,0.3796,-0.1959,2880.0
Anomalia,0.0047,0.1093,0.4585,0.2276,2880.0
Anomalia,0.0093,0.0837,0.3145,-0.8222,2880.0
Anomalia,0.0033,0.1037,0.6368,0.9575,2880.0
Anomalia,0.0033,0.1275,0.4188,0.6281,2880.0
Anomalia,0.0195,0.1296,0.1214,0.4416,2640.0
Anomalia,0.0197,0.1461,0.0936,-0.2517,2640.0
Anomalia,0.0083,0.1399,-0.0416,-0.2895,2640.0
Anomalia,0.0091,0.1196,-0.1689,-0.3119,2640.0
Anomalia,0.0026,0.1332,-0.0359,-0.7213,2880.0
Anomalia,0.0091,0.1175,-0.2833,-0.5613,2880.0
Anomalia,0.0192,0.1017,-0.1847,-0.1319,2880.0
Anomalia,0.0073,0.0969,0.1084,0.0147,3120.0
Anomalia,0.0113,0.1079,0.3155,-0.0267,2880.0
Anomalia,0.0029,0.1179,0.2754,-0.3993,2880.0
Anomalia,0.0037,0.1274,0.1568,-0.6749,2640.0
Anomalia,0.0163,0.1292,-0.0615,-0.7321,2640.0
Anomalia,0.0152,0.1024,-0.3446,-0.1939,2640.0
Anomalia,0.0106,0.106,-0.4168,0.1987,3120.0
Anomalia,0.0049,0.1485,-0.1565,0.3053,3120.0
Anomalia,0.0042,0.1563,-0.1514,-0.0681,2880.0
Anomalia,0.0003,0.1616,-0.0585,-0.3842,2880.0
Anomalia,0.0099,0.1594,-0.1081,-0.379,3360.0
Anomalia,0.0152,0.1289,-0.0154,-1.0128,3360.0
Anomalia,0.0178,0.1405,0.3049,-0.6803,3360.0
Anomalia,0.0143,0.1677,0.1721,-0.6857,3360.0
Anomalia,0.0,0.167,0.2817,-0.559,3360.0
Anomalia,0.0083,0.1764,0.2912,-0.6308,3360.0
Anomalia,0.0006,0.1594,0.3057,-0.2232,3360.0
Anomalia,0.0094,0.1532,0.4852,-0.2258,3360.0
Anomalia,0.0215,0.1529,0.5129,-0.156,3360.0
Anomalia,0.0095,0.1337,0.4819,0.4993,3360.0
Anomalia,0.0082,0.138,0.4144,0.1586,3360.0
Anomalia,0.0078,0.1097,0.076,0.1229,3360.0
Anomalia,0.0052,0.0932,-0.2549,-0.1335,2880.0
Anomalia,0.0131,0.0765,-0.0167,-0.2969,3120.0
Anomalia,0.0145,0.0737,-0.0799,-0.3429,3120.0
Anomalia,0.0145,0.0872,-0.236,0.1115,3120.0
Anomalia,0.008,0.1331,-0.3675,0.0342,2880.0
Anomalia,-0.0014,0.1419,-0.1731,-0.5245,2640.0
Anomalia,0.0117,0.1447,-0.2908,-0.4595,2640.0
Anomalia,0.0059,0.1581,-0.1624,-0.8051,3120.0
Anomalia,0.0101,0.132,-0.0078,-0.7958,2880.0
Anomalia,0.0143,0.1293,-0.0264,-0.7164,2640.0
Anomalia,0.0025,0.1266,0.0156,-0.7031,2640.0
Anomalia,0.0091,0.0984,-0.1127,-0.7982,2640.0
Anomalia,0.0122,0.084,-0.3668,-0.0813,2640.0
Anomalia,0.0143,0.0817,-0.3417,-0.3186,2640.0
Anomalia,0.0114,0.0909,-0.199,-0.7863,3120.0
Anomalia,0.0067,0.1053,0.3441,0.1769,2880.0
Anomalia,0.0052,0.1334,0.2516,-0.389,2880.0
Anomalia,0.0105,0.1343,0.1511,-0.4457,2880.0
Anomalia,0.0133,0.13,0.1487,-0.1857,2880.0
Anomalia,0.0115,0.112,0.0146,0.431,2880.0
Anomalia,0.0122,0.082,-0.0,-0.453,2880.0
Anomalia,0.006,0.0894,0.2127,-0.2928,2400.0
Anomalia,0.002,0.0923,0.121,-0.0403,2640.0
Anomalia,0.0076,0.1086,0.082,-0.6274,2640.0
Anomalia,0.004,0.1162,0.0927,-0.9359,2880.0
Anomalia,0.0121,0.1148,-0.0013,-0.8643,2880.0
Anomalia,0.008,0.1492,-0.3513,-0.1555,2880.0
Anomalia,0.0075,0.1622,-0.2394,-0.4543,2880.0
Anomalia,0.0157,0.164,-0.3198,-0.4205,2640.0
Anomalia,-0.001,0.1608,-0.1403,-0.4013,2880.0
Anomalia,0.0197,0.1548,0.1017,-0.4202,2880.0
Anomalia,0.0172,0.1319,0.2282,0.3712,3120.0
Anomalia,0.0066,0.1342,0.2672,0.276,2640.0
Anomalia,0.0207,0.1347,0.1964,0.3617,3120.0
Anomalia,0.0009,0.1878,-0.3112,1.3251,3120.0
Anomalia,0.0064,0.2031,-0.2973,0.4225,2880.0
Anomalia,0.0125,0.1976,-0.3824,0.8047,2880.0
Anomalia,0.0125,0.197,-0.4343,0.8226,2880.0
Anomalia,0.0216,0.1239,0.0244,-0.0101,3360.0
Anomalia,0.0093,0.132,-0.0166,-0.0909,3360.0
Anomalia,-0.0013,0.1534,-0.0276,-0.6168,2640.0
Anomalia,0.0025,0.1576,0.0285,-0.7212,2880.0
Anomalia,0.011,0.1512,-0.2197,-0.6185,2640.0
Anomalia,0.0116,0.1259,-0.2093,-0.2256,3120.0
Anomalia,0.0206,0.0946,0.2002,-0.4734,3120.0
Anomalia,0.0096,0.0812,-0.1372,-0.5777,3120.0
Anomalia,-0.0025,0.0971,-0.0924,-0.4838,2880.0
Anomalia,0.0046,0.0973,-0.1248,-0.3135,3360.0
Anomalia,0.0086,0.1102,0.0278,-0.6198,3360.0
Anomalia,0.0134,0.1159,0.0017,-0.8921,3360.0
Anomalia,0.0158,0.1011,0.2297,-0.7657,3360.0
Anomalia,0.0081,0.1445,-0.1568,1.1683,2880.0
Anomalia,0.0043,0.1991,0.0098,0.205,2880.0
Anomalia,0.005,0.2096,0.0309,-0.2697,2880.0
Anomalia,0.0033,0.2335,0.0595,-0.8331,2880.0
Anomalia,0.0123,0.2391,0.0782,-1.051,2640.0
Anomalia,0.0158,0.2021,0.1303,-0.9011,2880.0
Anomalia,0.0165,0.2094,0.1788,-0.9749,2640.0
Anomalia,0.0082,0.1872,0.3174,-0.6715,2640.0
Anomalia,0.0043,0.1521,0.4295,-0.3071,2880.0
Anomalia,0.0083,0.1345,0.3197,-0.1134,2880.0
Anomalia,0.0056,0.1186,-0.0152,-0.5327,2880.0
Anomalia,0.0257,0.1297,0.1309,-0.5785,3360.0
Anomalia,0.0185,0.1523,-0.2543,-0.3281,2880.0
Anomalia,0.0085,0.1705,-0.1041,-0.9631,2880.0
Anomalia,0.0078,0.1699,-0.1397,-0.9941,2880.0
Anomalia,0.0005,0.157,-0.2203,-0.7868,2880.0
Anomalia,0.0105,0.1239,-0.1433,-0.5258,2880.0
Anomalia,0.0167,0.0996,-0.1767,-0.2894,2880.0
Anomalia,0.0148,0.0858,0.1708,-0.5492,2880.0
Anomalia,0.0092,0.0981,-0.07,-0.6322,2880.0
Anomalia,0.0099,0.1234,-0.077,-0.7766,2880.0
Anomalia,0.0045,0.1192,0.0185,-0.5985,2880.0
Anomalia,0.0111,0.1094,-0.2332,-0.0007,2880.0
Anomalia,0.0085,0.1036,-0.2895,0.4603,3120.0
Anomalia,0.0124,0.089,-0.1227,0.4452,2640.0
Anomalia,0.0092,0.1173,-0.288,-0.2068,2640.0
Anomalia,0.0055,0.1493,0.0801,-0.9165,2880.0
Anomalia,0.0155,0.1781,0.0261,-1.0695,2880.0
Anomalia,0.0022,0.1822,0.1086,-1.1636,2880.0
Anomalia,0.0141,0.1726,0.0315,-0.9574,2880.0
Anomalia,0.004,0.1596,0.0677,-0.7415,3120.0
Anomalia,0.0063,0.138,-0.1174,-1.0192,3120.0
Anomalia,0.0156,0.1288,-0.138,-0.7919,3120.0
Anomalia,0.0043,0.1337,-0.0945,-0.9287,2880.0
Anomalia,0.0165,0.1259,-0.2083,-0.6657,2880.0
Anomalia,0.0069,0.1174,-0.0909,-0.7037,3360.0
Anomalia,0.0057,0.1336,0.0867,-0.8024,3360.0
Anomalia,0.0002,0.1431,0.1311,-0.672,3360.0
Anomalia,0.0113,0.1485,0.0354,-0.7785,3360.0
Anomalia,0.0105,0.1394,0.0953,-0.4149,2640.0
Anomalia,0.0056,0.1165,0.0959,0.5436,2640.0
Anomalia,0.0236,0.0848,0.5533,0.7467,2640.0
Anomalia,0.0046,0.0621,-0.0415,-0.8643,3120.0
Anomalia,0.0098,0.0923,0.11,0.6898,3120.0
Anomalia,0.0084,0.1131,-0.1013,-0.159,3120.0
Anomalia,0.0078,0.1382,0.1389,-0.7849,3120.0
Anomalia,0.0112,0.1395,0.0484,-0.8193,2880.0
Anomalia,0.0185,0.1371,-0.0344,-0.7674,2880.0
Anomalia,0.0175,0.1504,-0.0806,-0.7578,2880.0
Anomalia,0.0019,0.1497,-0.1136,-0.7805,2880.0
Anomalia,0.0079,0.1628,-0.0874,-1.0927,2880.0
Anomalia,0.0097,0.1705,-0.0224,-1.0991,2880.0
Anomalia,0.0129,0.1545,-0.0122,-0.9538,3360.0
Anomalia,0.0149,0.139,0.152,-0.7169,3360.0
Anomalia,0.0122,0.1525,0.2631,-0.3483,3360.0
Anomalia,-0.0045,0.1487,0.2041,-0.1475,2880.0
Anomalia,0.0097,0.1431,0.0125,0.113,2880.0
Anomalia,0.0169,0.1684,-0.1197,-0.4497,2640.0
Anomalia,0.013,0.163,-0.2657,-0.6264,2640.0
Anomalia,0.0191,0.1513,-0.2687,-0.3279,2640.0
Anomalia,0.0065,0.1568,0.0012,-0.5763,2880.0
Anomalia,-0.0053,0.1351,0.0696,-0.413,3120.0
Anomalia,0.0055,0.1158,0.0467,-0.2292,2640.0
Anomalia,0.011,0.1313,0.2174,-0.4692,3360.0
Anomalia,0.0172,0.1462,0.0234,-0.5931,2640.0
Anomalia,0.0216,0.1654,-0.1229,-0.6018,2880.0
Anomalia,0.0133,0.1625,-0.049,-0.5642,2880.0
Anomalia,0.0028,0.1526,-0.0602,-0.3979,3360.0
Anomalia,0.0015,0.1281,-0.1778,0.4574,3360.0
Anomalia,0.0073,0.1037,-0.0252,-0.613,3360.0
Anomalia,0.0104,0.1093,-0.0578,-0.6787,3360.0
Anomalia,0.0203,0.0975,-0.1341,-0.0105,2880.0
Anomalia,0.0144,0.1299,-0.0851,-0.4337,3120.0
Anomalia,0.0148,0.1358,-0.0057,-0.543,2640.0
Anomalia,0.0026,0.1274,0.2021,-0.0652,2880.0
Anomalia,0.0066,0.1334,0.2358,-0.3333,2880.0
Anomalia,0.0099,0.11,0.3578,-0.0794,2880.0
Anomalia,0.0118,0.1023,0.2788,-0.4408,2880.0
Anomalia,0.0203,0.1107,0.1224,-0.9567,2880.0
Anomalia,0.0029,0.1113,0.0795,-1.0118,2880.0
Anomalia,0.0033,0.1158,0.092,-1.1273,2880.0
Anomalia,0.0093,0.1104,0.0357,-1.0758,2880.0
Anomalia,0.0076,0.1166,-0.0061,-1.0328,2880.0
Anomalia,0.0275,0.1426,0.1632,-0.65,2880.0
Anomalia,0.0097,0.1609,-0.1806,-0.2358,2880.0
Anomalia,0.0008,0.1728,-0.1898,-0.395,2640.0
Anomalia,0.0131,0.1779,-0.1874,-0.3459,2640.0
Anomalia,0.0006,0.1762,-0.3191,-0.4418,2640.0
Anomalia,0.0156,0.1491,-0.2471,0.3032,2640.0
Anomalia,0.0196,0.1304,-0.0433,0.6704,2880.0
Anomalia,0.0017,0.1075,-0.2716,1.7719,2880.0
Anomalia,0.004,0.0735,-0.0362,0.1749,2880.0
Anomalia,0.0098,0.0902,-0.0231,-0.5159,2880.0
Anomalia,0.0064,0.0927,-0.0156,-0.4635,2880.0
Anomalia,0.0174,0.1094,-0.0903,-0.9649,2880.0
Anomalia,0.0157,0.1144,0.0912,-0.9809,2880.0
Anomalia,0.0089,0.1064,0.1672,-0.6562,2880.0
Anomalia,0.0074,0.1331,-0.1048,-0.0931,2880.0
Anomalia,0.0038,0.1657,0.0312,-0.3129,2880.0
Anomalia,0.011,0.1845,-0.0471,-0.7049,2880.0
Anomalia,0.0141,0.2162,-0.0797,-1.1974,2880.0
Anomalia,0.0182,0.2269,-0.0284,-1.3474,2880.0
Anomalia,0.01,0.206,0.0321,-1.1437,2880.0
Anomalia,0.0069,0.2093,0.0519,-1.0942,3120.0
Anomalia,0.0035,0.1804,0.1446,-0.6784,2880.0
Anomalia,0.0134,0.1796,0.1175,-0.6937,2880.0
Anomalia,0.0081,0.1857,0.1004,-0.8284,2880.0
Anomalia,0.0157,0.1676,0.104,-0.788,2880.0
Anomalia,0.0135,0.1735,0.0718,-0.9712,3120.0
Anomalia,-0.0022,0.1363,-0.0468,-0.6844,3120.0
Anomalia,0.0174,0.1204,-0.0753,-0.6053,3360.0
Anomalia,0.0014,0.1013,-0.2261,-0.5696,2880.0
Anomalia,0.0197,0.093,0.0224,-0.1375,480.0
Anomalia,0.0213,0.1088,-0.0475,-0.7194,2640.0
Anomalia,0.0037,0.1077,0.1338,-0.5178,2640.0
Anomalia,0.0064,0.1381,-0.0626,-0.5546,2640.0
Anomalia,-0.0009,0.1413,0.0362,-0.7327,2640.0
Anomalia,0.0018,0.1332,0.0237,-0.3623,2640.0
Anomalia,0.021,0.1334,-0.1211,-0.2683,2640.0
Anomalia,0.0199,0.1412,-0.1463,0.2426,2880.0
Anomalia,0.0062,0.1486,-0.1436,-0.0044,2880.0
Anomalia,0.0101,0.153,-0.2151,-0.1942,2640.0
Anomalia,-0.0029,0.1488,-0.0809,-0.0761,2640.0
Anomalia,0.0087,0.1272,-0.1202,-0.5621,3360.0
Anomalia,0.0208,0.1276,0.0194,-0.9582,2880.0
Anomalia,0.0094,0.1222,0.1403,-0.8676,3120.0
Anomalia,0.0083,0.1409,0.001,-1.1135,3120.0
Anomalia,0.0002,0.1274,-0.0045,-0.7092,3120.0
Anomalia,-0.0001,0.1098,-0.293,-0.3958,3360.0
Anomalia,0.0094,0.1091,-0.315,-0.2693,3360.0
Anomalia,0.0161,0.0823,-0.3565,-0.3101,3120.0
Anomalia,0.0184,0.0821,-0.2282,-0.4464,3120.0
Anomalia,0.0121,0.0712,-0.0278,-0.1629,3120.0
Anomalia,0.0043,0.0672,-0.3242,-0.2379,3120.0
Anomalia,-0.0007,0.0735,-0.0724,-0.48,3120.0
Anomalia,0.003,0.0882,0.1687,0.0134,2880.0
Anomalia,0.0023,0.1258,0.1614,-0.3772,2880.0
Anomalia,0.0231,0.1361,-0.0192,-0.7272,2880.0
Anomalia,0.0179,0.1454,-0.0994,-0.9509,2640.0
Anomalia,0.005,0.1513,-0.188,-0.7923,2640.0
Anomalia,0.0079,0.1551,-0.2152,-0.8026,2640.0
Anomalia,-0.0059,0.1511,-0.0845,-0.6884,2640.0
Anomalia,0.0017,0.1978,0.0405,-0.2332,2880.0
Anomalia,0.0194,0.2093,0.0236,-0.6012,2880.0
Anomalia,0.0136,0.1905,0.1211,0.08,2880.0
Anomalia,0.0119,0.1951,0.064,-0.1089,2640.0
Anomalia,0.0072,0.1458,0.1133,-0.3467,3120.0
Anomalia,-0.0026,0.1477,0.0717,-0.4152,2640.0
Anomalia,0.0137,0.1637,-0.0034,-0.5261,2640.0
Anomalia,0.0105,0.1546,0.1583,-0.269,2640.0
Anomalia,0.0215,0.1542,0.0932,-0.3618,2640.0
Anomalia,0.0073,0.1219,0.3834,0.4246,3360.0
Anomalia,0.0041,0.0993,0.1791,-0.7854,3360.0
Anomalia,0.0086,0.1035,0.173,-0.9234,3360.0
Anomalia,0.0042,0.1089,0.3239,-0.6318,2400.0
Anomalia,0.0204,0.1262,0.0291,-0.981,2640.0
Anomalia,0.0071,0.1235,0.2392,-0.8361,2640.0
Anomalia,0.0034,0.127,0.1736,-0.8299,2640.0
Anomalia,0.003,0.1404,-0.0986,-0.4658,2640.0
Anomalia,0.0067,0.1337,-0.0955,-0.1082,2640.0
Anomalia,0.0109,0.1404,-0.1764,-0.4002,2640.0
Anomalia,0.0089,0.1524,-0.219,-0.5283,2640.0
Anomalia,0.0145,0.1324,-0.1539,-0.4435,2640.0
Anomalia,0.0039,0.1219,-0.1494,-0.1397,2640.0
Anomalia,0.0069,0.1608,0.013,-0.0414,2640.0
Anomalia,0.0085,0.1765,-0.0004,-0.2304,2640.0
Anomalia,0.0065,0.1969,0.0693,-0.6697,2880.0
Anomalia,0.0115,0.2051,0.0124,-0.9258,2880.0
Anomalia,0.0086,0.1814,0.0715,-0.7096,2880.0
Anomalia,0.016,0.1714,0.1845,-0.7699,2880.0
Anomalia,0.007,0.1476,0.2798,-0.6472,2880.0
Anomalia,0.0073,0.1606,0.4326,-0.3608,2640.0
Anomalia,0.0115,0.184,0.3793,-0.4284,2640.0
Anomalia,0.0054,0.1602,0.5474,0.6063,2880.0
Anomalia,0.0113,0.1662,0.4681,0.2083,2880.0
Anomalia,0.0096,0.1431,0.4155,0.9789,3120.0
Anomalia,0.0034,0.0879,0.3028,0.3211,3360.0
Anomalia,0.0155,0.0941,0.163,-0.0659,3120.0
Anomalia,0.0061,0.0772,-0.1771,-0.0839,2400.0
Anomalia,0.0108,0.089,-0.0012,-0.5884,3120.0
Anomalia,0.0098,0.0932,-0.1256,-0.6453,2640.0
Anomalia,0.0009,0.098,-0.0077,-0.6679,2640.0
Anomalia,0.0073,0.1131,-0.0037,-0.627,2640.0
Anomalia,0.0022,0.1476,-0.1055,-0.1552,2640.0
Anomalia,0.0148,0.1831,-0.1009,-0.6789,2640.0
Anomalia,0.0127,0.182,-0.0744,-0.6633,2640.0
Anomalia,0.015,0.1751,-0.1159,-0.4146,2880.0
Anomalia,0.0061,0.1464,0.151,0.1948,2880.0
Anomalia,0.0023,0.1163,0.0373,-0.6394,3360.0
Anomalia,0.0086,0.1128,-0.0714,-0.4922,3360.0
Anomalia,0.008,0.11,-0.0054,-0.4206,3120.0
Anomalia,0.0191,0.0997,-0.0489,-0.1703,2880.0
Anomalia,0.0108,0.0732,0.237,-0.7678,2640.0
Anomalia,0.0063,0.0779,0.3614,0.068,2640.0
Anomalia,0.0073,0.1204,-0.0565,1.9153,2880.0
Anomalia,0.0067,0.1278,-0.0259,1.0983,2880.0
Anomalia,0.0063,0.1322,-0.0267,0.6374,2880.0
Anomalia,0.0092,0.1338,-0.1587,0.5711,2640.0
Anomalia,0.0098,0.1316,-0.0703,0.2228,2640.0
Anomalia,0.0038,0.1595,-0.1413,-0.3583,2640.0
Anomalia,0.0057,0.1608,-0.1701,-0.4125,2640.0
Anomalia,0.0071,0.1648,-0.0849,-0.5786,2880.0
Anomalia,0.002,0.1511,-0.0175,-0.6878,2880.0
Anomalia,0.0098,0.1207,0.2051,-0.9337,2640.0
Anomalia,0.0124,0.1233,0.2025,-0.9671,2880.0
Anomalia,-0.0042,0.1135,0.3202,-0.7416,2880.0
Anomalia,0.0021,0.0995,0.3212,-0.5827,2880.0
Anomalia,0.0001,0.1035,0.1979,-0.779,2880.0
Anomalia,0.0091,0.1079,0.1201,-0.9291,2880.0
Anomalia,0.0232,0.1155,-0.1676,-0.8923,2640.0
Anomalia,0.0176,0.1068,-0.1203,-0.6956,3120.0
Anomalia,0.016,0.1052,-0.0385,-0.6864,3120.0
Anomalia,-0.0029,0.0942,0.0108,-0.5003,2880.0
Anomalia,-0.0019,0.0824,0.0755,-0.4504,3120.0
Anomalia,0.0077,0.1469,0.3885,0.8757,2640.0
Anomalia,0.0093,0.1434,0.4053,1.1983,2640.0
Anomalia,0.0158,0.1435,0.3254,1.1695,2880.0
Anomalia,0.0131,0.1609,0.2033,0.3104,3360.0
Anomalia,0.0029,0.1381,-0.1243,-0.1151,2880.0
Anomalia,0.0091,0.1473,-0.095,-0.3757,2880.0
Anomalia,0.0082,0.154,-0.1059,-0.6705,2880.0
Anomalia,0.006,0.1522,-0.0721,-0.986,2640.0
Anomalia,0.0103,0.1596,0.0864,-0.9679,2880.0
Anomalia,-0.0007,0.1516,0.1207,-0.7684,2880.0
Anomalia,0.0029,0.1545,0.0848,-0.8799,2880.0
Anomalia,0.0078,0.1378,0.0431,-0.2719,2880.0
Anomalia,0.0091,0.0989,-0.3018,-0.4596,2880.0
Anomalia,0.0131,0.0983,-0.1329,-0.6939,3360.0
Anomalia,0.0111,0.1448,-0.2238,1.0954,2880.0
Anomalia,0.006,0.1549,-0.0934,0.283,2880.0
Anomalia,0.0086,0.1572,-0.1212,0.1583,2880.0
Anomalia,0.0064,0.1616,-0.0964,-0.0436,2880.0
Anomalia,0.0012,0.1236,-0.0685,-0.8006,2880.0
Anomalia,0.0112,0.1321,0.0269,-0.5556,2880.0
Anomalia,0.0113,0.1352,0.0604,-0.618,2880.0
Anomalia,0.0101,0.1326,0.0262,-0.5919,2640.0
Anomalia,0.0189,0.1292,-0.0879,-0.3732,3120.0
Anomalia,0.0025,0.1248,-0.4272,-0.4012,2640.0
Anomalia,0.0073,0.1259,-0.4167,-0.381,2640.0
Anomalia,0.0078,0.1216,-0.4023,-0.2173,2640.0
Anomalia,0.015,0.1336,-0.071,-0.5109,2880.0
Anomalia,0.0108,0.1298,0.1648,-0.5998,2880.0
Anomalia,0.0031,0.1318,0.2373,-0.6539,2640.0
Anomalia,0.0091,0.1422,0.2217,-0.9283,2640.0
Anomalia,0.0037,0.1431,0.1508,-0.9808,2640.0
Anomalia,0.0112,0.1425,0.0677,-1.0871,2640.0
Anomalia,0.0117,0.1453,0.0663,-0.9418,2640.0
Anomalia,0.0009,0.1464,-0.0056,-0.7975,2640.0
Anomalia,0.0001,0.125,-0.0947,-0.1775,2880.0
Anomalia,0.009,0.125,-0.1237,-0.1266,2880.0
Anomalia,0.0063,0.1296,-0.0781,-0.5307,2880.0
Anomalia,0.0205,0.1165,-0.0174,-0.5804,2880.0
Anomalia,0.012,0.1369,-0.1221,-0.9861,2640.0
Anomalia,0.0004,0.1355,-0.0573,-0.9709,2640.0
Anomalia,0.0082,0.1394,-0.0401,-0.795,2880.0
Anomalia,0.0042,0.1438,-0.0285,-0.8559,2880.0
Anomalia,0.0099,0.1195,0.0523,0.1571,3120.0
Anomalia,0.0181,0.1054,0.1692,1.2424,3120.0
Anomalia,0.013,0.0814,0.0767,1.8127,3120.0
Anomalia,0.0044,0.1013,-0.0236,0.7048,2640.0
Anomalia,0.006,0.118,0.0338,-0.3956,2880.0
Anomalia,0.0073,0.1538,0.1141,-0.9595,2880.0
Anomalia,0.0072,0.1782,0.1231,-1.1991,2880.0
Anomalia,0.0149,0.1655,0.0925,-0.8974,2880.0
Anomalia,0.0075,0.1603,0.1864,-0.7099,2880.0
Anomalia,0.0092,0.1502,0.1561,-0.605,3360.0
Anomalia,0.0018,0.1387,0.0303,-0.5394,3360.0
Anomalia,0.0053,0.1495,0.1831,-0.6585,3360.0
Anomalia,0.0133,0.1499,0.0604,-0.6775,3360.0
Anomalia,0.0041,0.128,0.1781,0.1316,3360.0
Anomalia,0.0119,0.105,0.455,0.4832,3360.0
Anomalia,0.0036,0.1004,-0.1666,-0.487,3360.0
Anomalia,-0.0005,0.0922,-0.1239,-0.0599,3360.0
Anomalia,0.0075,0.0904,-0.2436,0.1156,3120.0
Anomalia,0.0084,0.0902,-0.4108,0.0187,2880.0
Anomalia,0.0152,0.0654,-0.2834,-0.1224,2880.0
Anomalia,0.0205,0.0719,-0.4895,-0.0919,2400.0
Anomalia,0.0041,0.0852,-0.8505,0.6801,3360.0
Anomalia,0.0047,0.1151,0.1931,0.7694,2640.0
Anomalia,0.0067,0.148,0.1782,-0.3755,2640.0
Anomalia,0.0029,0.1707,0.0752,-0.7151,2880.0
Anomalia,0.0211,0.1667,-0.1027,-0.5857,2880.0
Anomalia,0.0092,0.1463,-0.1081,-0.0123,2880.0
Anomalia,0.0035,0.1272,-0.3162,0.4859,3120.0
Anomalia,0.0055,0.0883,-0.2888,0.5986,3120.0
Anomalia,0.0009,0.0978,0.0115,0.181,3360.0
Anomalia,0.0082,0.097,-0.165,0.2781,3360.0
Anomalia,0.0148,0.0938,0.2074,0.0369,2880.0
Anomalia,0.009,0.1012,0.0697,-0.261,2880.0
Anomalia,0.0054,0.1018,-0.0539,-0.4212,3120.0
Anomalia,0.0106,0.1004,-0.1189,-0.3053,3120.0
Anomalia,0.0044,0.0958,-0.2109,-0.6603,3120.0
Anomalia,0.0109,0.0963,-0.1448,-0.845,3120.0
Anomalia,0.0153,0.0893,-0.091,-0.8136,2880.0
Anomalia,0.0069,0.1104,0.0838,-0.7027,3120.0
Anomalia,0.008,0.1205,0.0308,-0.7069,2640.0
Anomalia,0.006,0.1203,0.0846,-0.6794,2880.0
Anomalia,0.0079,0.1184,0.0464,-0.598,2880.0
Anomalia,0.0081,0.1048,-0.0334,-0.5407,2880.0
Anomalia,0.0171,0.1437,0.462,0.7386,3360.0
Anomalia,0.0172,0.1567,0.3272,0.237,2640.0
Anomalia,0.0042,0.1563,0.5132,0.354,2880.0
Anomalia,0.0143,0.1631,0.3545,-0.0728,2880.0
Anomalia,-0.0022,0.1265,0.0755,-0.1223,2880.0
Anomalia,0.0033,0.1113,0.0386,-0.2908,2880.0
Anomalia,0.0178,0.1378,-0.1348,-0.2997,2880.0
Anomalia,0.0098,0.1427,-0.0525,-0.5351,2880.0
Anomalia,0.0138,0.1454,-0.0314,-0.6053,2640.0
Anomalia,0.0017,0.1759,-0.0775,-0.8844,2640.0
Anomalia,0.0022,0.1807,-0.0181,-0.7606,2880.0
Anomalia,0.0077,0.1704,-0.1023,-0.3472,2880.0
Anomalia,0.0166,0.1801,-0.1052,-0.4815,2640.0
Anomalia,0.0174,0.1538,0.0874,-0.0183,2640.0
Anomalia,0.009,0.1647,-0.1622,0.162,2640.0
Anomalia,0.0018,0.1905,-0.0692,-0.616,2640.0
Anomalia,0.0027,0.17,-0.2575,0.0634,2880.0
Anomalia,0.0142,0.1841,-0.2685,-0.3493,2880.0
Anomalia,0.02,0.1483,-0.2067,0.0888,2880.0
Anomalia,0.0173,0.1095,0.1133,0.826,2880.0
Anomalia,0.0069,0.1192,0.1758,0.0536,2880.0
Anomalia,0.007,0.0905,0.0983,-0.3067,2880.0
Anomalia,0.0063,0.1252,0.162,0.1303,2880.0
Anomalia,0.0137,0.1379,0.057,-0.3491,2880.0
Anomalia,0.0219,0.1335,0.0021,-0.0956,3360.0
Anomalia,0.0156,0.1354,0.1439,-0.2184,2640.0
Anomalia,0.0092,0.1141,0.1588,-0.3808,2640.0
Anomalia,0.0072,0.1482,0.1932,0.1208,2640.0
Anomalia,0.0073,0.1568,0.2121,-0.2973,2640.0
Anomalia,0.0127,0.1652,0.0857,-0.5453,2640.0
Anomalia,0.0196,0.1778,0.0038,-0.6424,2640.0
Anomalia,0.0191,0.148,-0.0738,-0.4557,2880.0
Anomalia,0.0076,0.1415,-0.0187,-0.2026,2880.0
Anomalia,0.0053,0.1594,0.0096,-0.4672,3120.0
Anomalia,-0.0006,0.1496,0.003,-0.6178,2880.0
Anomalia,0.0111,0.1666,0.0762,-0.868,2880.0
Anomalia,0.0142,0.1638,0.0556,-0.7872,2880.0
Anomalia,0.0159,0.136,0.0904,-0.553,2880.0
Anomalia,0.0129,0.1376,0.0115,-0.3646,3120.0
Anomalia,0.0034,0.1159,-0.3505,-0.2859,3120.0
Anomalia,0.0084,0.1209,-0.3679,-0.4297,3360.0
Anomalia,0.0072,0.1238,-0.2431,-0.5437,2880.0
Anomalia,0.023,0.1182,-0.035,-0.9855,2880.0
Anomalia,0.0175,0.1038,0.1918,-0.6868,2400.0
Anomalia,0.009,0.106,0.1683,-0.7392,2880.0
Anomalia,0.0107,0.0988,0.0509,-0.602,2880.0
Anomalia,0.0026,0.0964,0.0766,-0.2483,2880.0
Anomalia,0.0086,0.1062,-0.0023,-0.7347,2880.0
Anomalia,0.0268,0.1007,0.0039,-0.6658,2880.0
Anomalia,0.0178,0.0993,0.0837,-0.5886,2880.0
Anomalia,0.0146,0.0932,-0.0079,-0.971,3360.0
Anomalia,0.0073,0.0893,0.0675,-0.96,2640.0
Anomalia,-0.0019,0.0954,0.1111,-0.982,2640.0
Anomalia,0.0107,0.0923,-0.0935,-0.7806,2640.0
Anomalia,0.0159,0.0924,-0.1799,-0.5471,2640.0
Anomalia,0.0199,0.0839,-0.2672,0.1578,3120.0
Anomalia,0.0155,0.0649,-0.0607,0.9775,3120.0
Anomalia,0.0053,0.0903,0.1045,1.682,2640.0
Anomalia,0.0085,0.122,0.3938,0.8014,2880.0
Anomalia,0.0075,0.1548,0.1592,-0.4053,2880.0
Anomalia,0.0158,0.1699,0.0236,-0.8387,2880.0
Anomalia,0.0155,0.1602,0.026,-0.6055,2880.0
Anomalia,0.0208,0.1478,-0.1187,-0.4648,3360.0
Anomalia,0.0142,0.1327,0.0275,-0.5881,3360.0
Anomalia,0.0055,0.1165,0.1249,-0.5086,3360.0
Anomalia,0.0145,0.1152,-0.032,-0.4405,3360.0
Anomalia,0.001,0.1028,-0.16,-0.366,3360.0
Anomalia,0.0193,0.0981,0.0192,-0.4071,2880.0
Anomalia,0.0122,0.0995,0.193,-0.6345,2880.0
Anomalia,0.0105,0.0966,0.2888,-0.4481,2880.0
Anomalia,0.0081,0.1031,0.0751,-0.3554,2880.0
Anomalia,0.0044,0.0861,-0.321,-0.0576,2880.0
Anomalia,0.0206,0.0972,-0.3035,-0.0379,2880.0
Anomalia,0.0186,0.0983,-0.2522,-0.2042,3360.0
Anomalia,0.0197,0.0934,-0.0597,-0.3272,3360.0
Anomalia,0.012,0.1005,-0.1155,-0.5877,3360.0
Anomalia,0.0033,0.0983,-0.2069,-0.6123,3360.0
Anomalia,0.0048,0.1218,0.2519,-0.1722,3360.0
Anomalia,0.0166,0.1277,0.223,-0.3906,3360.0
Anomalia,0.0117,0.1323,0.2437,-0.5612,3360.0
Anomalia,0.0187,0.1362,0.2044,-0.614,3360.0
Anomalia,0.0131,0.1325,-0.0011,-0.8013,3360.0
Anomalia,0.0009,0.1442,0.0536,-0.7799,3360.0
Anomalia,0.018,0.1578,0.0042,-0.9903,2640.0
Anomalia,0.0118,0.1564,0.037,-1.0478,2640.0
Anomalia,0.0098,0.1555,0.0754,-1.1562,2880.0
Anomalia,0.0147,0.1361,0.0731,-1.0603,2880.0
Anomalia,0.0031,0.1132,-0.0235,-1.1586,2880.0
Anomalia,0.0092,0.1001,-0.1128,-0.7687,2640.0
Anomalia,0.0104,0.1088,-0.3434,0.5772,2640.0
Anomalia,0.0164,0.1325,-0.0934,0.3001,2640.0
Anomalia,0.0144,0.1378,-0.0703,-0.0298,2880.0
Anomalia,0.008,0.1444,-0.0168,-0.4073,2880.0
Anomalia,0.0069,0.1301,0.1309,-0.2382,2640.0
Anomalia,0.0112,0.122,0.1561,-0.4279,3360.0
Anomalia,0.0135,0.1125,0.1949,0.0796,3360.0
Anomalia,0.0132,0.1082,0.3432,0.1948,3360.0
Anomalia,0.0169,0.1306,-0.0112,0.1786,3120.0
Anomalia,0.0,0.1278,-0.0632,-0.1361,2640.0
Anomalia,0.0097,0.1294,-0.2301,-0.1445,2640.0
Anomalia,0.0032,0.1263,-0.1306,0.0173,2880.0
Anomalia,0.0103,0.0946,-0.1516,-0.0047,2880.0
Anomalia,0.0171,0.0839,0.0433,-0.5524,2640.0
Anomalia,0.0078,0.0915,-0.4012,0.2383,2880.0
Anomalia,0.0168,0.1307,-0.3247,0.2226,2880.0
Anomalia,0.0062,0.1393,-0.1636,-0.3901,2880.0
Anomalia,0.0014,0.1314,-0.1444,0.0646,2640.0
Anomalia,0.0096,0.1429,0.0753,-0.3156,2880.0
Anomalia,0.0107,0.1673,0.1016,0.3645,2880.0
Anomalia,0.0165,0.1904,0.08,-0.2735,2880.0
Anomalia,0.0215,0.207,0.0036,-0.785,2640.0
Anomalia,0.0033,0.1971,0.1946,-0.4959,2640.0
Anomalia,0.0075,0.1601,0.2106,-0.4027,2640.0
Anomalia,0.0042,0.1484,0.176,-0.6433,2640.0
Anomalia,0.0072,0.148,0.1662,-0.9009,2880.0
Anomalia,0.0218,0.1583,-0.0118,-1.1577,2880.0
Anomalia,0.0101,0.1705,-0.0468,-1.2611,2880.0
Anomalia,0.0113,0.1556,-0.1553,-1.0974,2880.0
Anomalia,0.0019,0.1515,-0.3029,-0.7122,2880.0
Anomalia,0.0073,0.1899,0.1483,-0.4433,2880.0
Anomalia,0.0115,0.1793,0.2258,-0.1127,2880.0
Anomalia,0.0143,0.1796,0.2387,-0.1901,2880.0
Anomalia,0.0184,0.1675,0.3892,0.1057,2880.0
Anomalia,0.0085,0.1106,-0.015,-1.2197,3120.0
Anomalia,0.0098,0.1173,0.0545,-1.1251,3120.0
Anomalia,0.0028,0.1272,0.0043,-1.033,3120.0
Anomalia,0.0068,0.1677,0.0927,-0.5855,3120.0
Anomalia,0.0155,0.181,0.1112,-0.6442,2640.0
Anomalia,0.0153,0.178,0.0927,-0.4787,2640.0
Anomalia,0.0201,0.1864,0.0326,-0.5532,2640.0
Anomalia,0.0062,0.1845,-0.0509,-0.6456,3360.0
Anomalia,0.0095,0.1763,-0.1982,-0.6286,3360.0
Anomalia,0.0014,0.1783,-0.0837,-0.7637,3360.0
Anomalia,0.0078,0.1645,-0.2109,-0.5806,3360.0
Anomalia,0.0203,0.1283,-0.0767,-0.6903,3120.0
Anomalia,0.0053,0.1177,-0.1407,-0.7468,3120.0
Anomalia,0.0093,0.0945,-0.1191,-0.2748,3120.0
Anomalia,0.004,0.0797,-0.1221,-0.3542,3120.0
Anomalia,0.0083,0.0749,-0.057,0.0906,3120.0
Anomalia,0.0131,0.0722,0.1956,-0.4754,3360.0
Anomalia,0.0149,0.0825,-0.1029,-0.5694,2880.0
Anomalia,0.0118,0.0993,-0.1988,-0.2224,3120.0
Anomalia,0.0054,0.0993,-0.2312,-0.2004,3120.0
Anomalia,0.0045,0.099,-0.2218,-0.1933,3360.0
Anomalia,0.012,0.1102,0.0334,0.1753,3360.0
Anomalia,0.0072,0.1355,-0.2142,0.2013,2880.0
Anomalia,0.0089,0.1391,-0.2058,-0.0614,2880.0
Anomalia,0.0067,0.1426,-0.1799,-0.2866,2880.0
Anomalia,0.0059,0.1364,-0.2965,-0.293,2880.0
Anomalia,0.0109,0.114,-0.0228,-0.8301,2880.0
Anomalia,0.0093,0.1331,0.1068,-0.7283,2880.0
Anomalia,0.0177,0.1325,0.0186,-0.7084,2880.0
Anomalia,0.0087,0.13,0.121,-0.5431,2880.0
Anomalia,0.0055,0.1276,0.0275,-0.458,2640.0
Anomalia,0.0121,0.1022,-0.2898,-0.2588,2880.0
Anomalia,0.0097,0.0968,-0.3377,0.1294,2640.0
Anomalia,0.0141,0.1031,-0.3404,-0.1572,3360.0
Anomalia,0.0215,0.1116,0.1001,-0.0334,2880.0
Anomalia,0.0076,0.1097,0.3263,0.0526,2640.0
Anomalia,0.0066,0.1148,0.3103,-0.3223,2640.0
Anomalia,0.0071,0.1049,0.3455,0.2829,2640.0
Anomalia,0.0087,0.087,0.1102,-0.5455,2640.0
Anomalia,0.0123,0.1173,-0.1871,-0.0317,2640.0
Anomalia,0.012,0.1216,-0.0733,-0.193,2640.0
Anomalia,0.0142,0.1242,-0.0842,-0.4074,2640.0
Anomalia,0.0053,0.1414,-0.1273,-0.5947,2640.0
Anomalia,0.0113,0.1272,-0.2976,-0.228,2640.0
Anomalia,0.0051,0.1609,-0.2239,-0.3889,2880.0
Anomalia,0.0085,0.1958,-0.1688,-0.7346,2880.0
Anomalia,0.0165,0.1995,-0.279,-0.4605,2880.0
Anomalia,0.004,0.2113,-0.1638,-0.8135,2880.0
Anomalia,0.0142,0.1919,-0.2852,-0.3713,2880.0
Anomalia,0.003,0.1596,-0.2372,0.0046,2880.0
Anomalia,0.009,0.1362,-0.3334,-0.1399,3120.0
Anomalia,0.0172,0.1017,0.0531,0.2681,3600.0
Anomalia,0.0141,0.1016,0.0586,0.0836,3120.0
Anomalia,0.0204,0.1154,0.2112,0.3941,2640.0
Anomalia,-0.002,0.1391,-0.3127,0.8447,3360.0
Anomalia,0.0016,0.1661,-0.2997,-0.2052,3360.0
Anomalia,0.0057,0.1719,-0.2211,-0.4002,2640.0
Anomalia,0.0138,0.1559,-0.5809,0.4172,2880.0
Anomalia,0.0234,0.1315,-0.2278,0.6752,2880.0
Anomalia,0.0159,0.0994,0.4827,0.5803,2880.0
Anomalia,0.0083,0.0615,-0.2175,-0.773,2640.0
Anomalia,0.0041,0.0612,-0.1729,-0.8289,2640.0
Anomalia,0.002,0.1077,-0.126,1.3818,2880.0
Anomalia,0.019,0.1209,-0.2434,0.6008,2880.0
Anomalia,0.0154,0.1277,-0.2774,0.1445,3360.0
Anomalia,0.0114,0.1345,-0.1574,-0.2815,2640.0
Anomalia,0.016,0.1045,-0.1655,-0.0662,2640.0
Anomalia,0.0081,0.1435,0.0785,1.0238,2640.0
Anomalia,0.011,0.1883,-0.0993,0.1751,3120.0
Anomalia,0.0126,0.1916,-0.0723,0.0367,2880.0
Anomalia,0.0202,0.2148,-0.0498,-0.6325,2880.0
Anomalia,0.0069,0.2028,0.0135,-0.6286,2880.0
Anomalia,0.0106,0.1672,0.1274,-0.6155,2880.0
Anomalia,0.0032,0.1604,0.1742,-0.402,2880.0
Anomalia,-0.0048,0.1589,-0.0204,-0.4369,2880.0
Anomalia,0.0147,0.1448,-0.1445,-0.0915,2880.0
Anomalia,0.0101,0.137,-0.0535,0.1108,3360.0
Anomalia,0.0208,0.1472,-0.121,-0.2329,2880.0
Anomalia,0.0159,0.114,0.1954,-0.6211,3360.0
Anomalia,0.0009,0.1018,0.2269,0.0654,3360.0
Anomalia,0.0093,0.1075,-0.0595,-0.1449,3360.0
Anomalia,0.0051,0.0943,-0.4378,-0.4135,3360.0
Anomalia,0.0176,0.0892,-0.7251,0.1443,3360.0
Anomalia,0.0162,0.1097,-0.9856,0.7624,3120.0
Anomalia,0.0126,0.1235,-0.5759,0.1917,3120.0
Anomalia,0.0093,0.1273,-0.4356,-0.0784,2640.0
Anomalia,0.0087,0.1427,-0.1837,-0.7264,2640.0
Anomalia,0.012,0.1287,0.0602,-0.7561,2640.0
Anomalia,0.0172,0.1144,0.1449,-0.8158,2880.0
Anomalia,0.0129,0.125,0.0171,-0.8532,2880.0
Anomalia,0.0051,0.125,0.0012,-0.8665,2880.0
Anomalia,0.0111,0.1205,-0.076,-0.6748,2880.0
Anomalia,0.0016,0.1232,0.055,-0.6658,3120.0
Anomalia,0.0176,0.1204,0.0179,-0.6869,3120.0
Anomalia,0.0132,0.1092,-0.0304,-0.5025,2880.0
Anomalia,0.0066,0.1175,-0.0402,-0.6743,2880.0
Anomalia,0.0104,0.1176,-0.1066,-0.9108,2880.0
Anomalia,0.0045,0.1189,0.0177,-0.864,2640.0
Anomalia,0.0119,0.1305,0.01,-1.0193,2880.0
Anomalia,0.0146,0.1315,-0.0682,-0.9467,2880.0
Anomalia,0.0142,0.1509,-0.146,-0.4809,2880.0
Anomalia,0.0096,0.1451,-0.1835,-0.2503,2880.0
Anomalia,0.0099,0.1505,-0.0911,-0.1254,2880.0
Anomalia,0.0053,0.1808,-0.1268,-0.5694,2880.0
Anomalia,0.0152,0.1656,-0.2417,-0.3326,2640.0
Anomalia,0.0144,0.1578,-0.2197,0.0502,2640.0
Anomalia,0.0145,0.1548,-0.2442,-0.0014,2880.0
Anomalia,0.0246,0.1236,0.1038,-0.6896,2880.0
Anomalia,0.0002,0.1127,0.4473,-0.0456,2880.0
Anomalia,0.009,0.1244,0.2664,-0.6925,2640.0
Anomalia,0.0103,0.1274,-0.1058,-0.467,3120.0
Anomalia,0.0091,0.1279,-0.1606,-0.3968,3120.0
Anomalia,0.0194,0.1417,-0.2979,-0.8431,3360.0
Anomalia,0.0141,0.1395,-0.2776,-0.8333,2880.0
Anomalia,0.0078,0.1264,-0.0433,-1.1193,2880.0
Anomalia,0.0086,0.1182,-0.038,-1.1892,3360.0
Anomalia,0.0062,0.1202,-0.1251,-1.036,3120.0
Anomalia,0.0182,0.1285,-0.0835,-0.9533,3120.0
Anomalia,0.0222,0.1488,-0.2096,-0.631,3360.0
Anomalia,0.0085,0.1527,-0.1171,-0.7713,2880.0
Anomalia,0.0093,0.1544,-0.0784,-0.8212,2880.0
Anomalia,-0.0066,0.1937,0.0138,-0.6935,2880.0
Anomalia,0.0053,0.1738,-0.1912,-0.0877,2640.0
Anomalia,0.0217,0.1754,-0.3178,0.0195,2880.0
Anomalia,0.0256,0.1865,-0.2999,-0.2464,2880.0
Anomalia,0.0228,0.1403,-0.1595,-0.3112,2880.0
Anomalia,0.0063,0.1483,0.0842,-0.7582,2880.0
Anomalia,-0.0016,0.1352,0.1565,-0.3468,2880.0
Anomalia,0.0022,0.1041,-0.0903,-0.7348,2880.0
Anomalia,0.0161,0.1049,-0.1311,-0.6636,3360.0
Anomalia,0.0218,0.1289,-0.0693,0.2736,3360.0
Anomalia,0.0209,0.146,-0.1382,-0.5879,2640.0
Anomalia,0.0145,0.1572,-0.1037,-0.8872,3360.0
Anomalia,0.0082,0.1591,0.0254,-0.8539,2880.0
Anomalia,0.0042,0.1593,-0.0638,-1.0141,2880.0
Anomalia,0.0104,0.1546,-0.1833,-0.8322,3360.0
Anomalia,0.0146,0.15,-0.2033,-0.6544,3360.0
Anomalia,0.013,0.1431,-0.2501,-0.5636,3360.0
Anomalia,0.009,0.1154,-0.231,-0.4647,3360.0
Anomalia,0.0068,0.1116,-0.0805,-0.5108,3360.0
Anomalia,0.0015,0.0981,-0.0541,-0.7229,2880.0
Anomalia,0.0066,0.0921,-0.2054,-0.5324,2880.0
Anomalia,0.0166,0.1107,0.0102,-0.49,2880.0
Anomalia,0.0145,0.1116,-0.0523,-0.4423,2880.0
Anomalia,0.0161,0.1098,-0.0301,-0.2748,2880.0
Anomalia,0.012,0.1169,0.1614,-0.6229,2880.0
Anomalia,0.0009,0.1109,-0.0084,0.0726,3600.0
Anomalia,0.0164,0.1263,0.3792,0.4549,2640.0
Anomalia,0.0189,0.1289,0.3003,0.2427,2640.0
Anomalia,0.0175,0.1295,0.1315,0.2861,3120.0
Anomalia,0.0202,0.1185,0.345,0.3631,2640.0
Anomalia,0.0061,0.1052,-0.0378,-0.6457,2640.0
Anomalia,0.0046,0.1022,-0.1071,-0.4919,2640.0
Anomalia,0.0095,0.0926,-0.0097,-0.1966,2640.0
Anomalia,0.0183,0.0875,0.1756,0.4477,2880.0
Anomalia,0.0163,0.0713,0.1129,0.5906,2400.0
Anomalia,0.0145,0.0799,0.2511,-0.1076,3120.0
Anomalia,0.0063,0.0812,0.3114,-0.1882,2880.0
Anomalia,0.003,0.1049,0.2818,-0.1638,2880.0
Anomalia,0.0105,0.108,0.2427,-0.3672,3360.0
Anomalia,0.0128,0.1123,0.3391,-0.2585,3360.0
Anomalia,0.0164,0.1118,0.2773,-0.2358,3360.0
Anomalia,0.0168,0.0896,0.4819,-0.026,2640.0
Anomalia,0.0055,0.0906,0.358,0.1614,3120.0
Anomalia,0.0062,0.1808,-0.0228,2.1528,3120.0
Anomalia,0.0101,0.2204,0.0017,0.0954,2880.0
Anomalia,0.0073,0.2335,0.0193,-0.3978,2880.0
Anomalia,0.0139,0.2395,-0.0327,-0.5813,2640.0
Anomalia,0.0156,0.1793,0.0019,-0.4942,2640.0
Anomalia,0.0103,0.161,0.0554,-0.6747,3360.0
Anomalia,0.0063,0.1503,0.0359,-0.4906,3360.0
Anomalia,0.0144,0.1676,0.0966,-0.6685,3360.0
Anomalia,0.005,0.1801,0.1352,-0.9499,3360.0
Anomalia,0.0084,0.1623,0.0563,-0.7809,2880.0
Anomalia,0.0175,0.1534,0.05,-0.5381,3360.0
Anomalia,-0.001,0.1213,-0.1592,-0.3464,2880.0
Anomalia,0.0125,0.1029,-0.0578,-0.5781,2880.0
Anomalia,0.0098,0.0917,0.0656,-0.5639,2640.0
Anomalia,0.0118,0.0985,0.0775,-0.6564,2880.0
Anomalia,0.02,0.0951,0.129,-0.7046,2880.0
Anomalia,0.012,0.086,0.1771,-0.4393,2880.0
Anomalia,0.0009,0.1161,-0.3385,1.2452,2640.0
Anomalia,0.0053,0.139,0.2445,0.8283,2640.0
Anomalia,0.0081,0.1432,0.2232,0.4931,2880.0
Anomalia,0.0184,0.1472,0.0595,0.2451,2880.0
Anomalia,0.0201,0.1346,0.2705,-0.0198,2640.0
Anomalia,0.01,0.1215,-0.2251,-0.619,2640.0
Anomalia,0.0089,0.1278,-0.1377,-0.7888,2640.0
Anomalia,0.0042,0.1219,-0.1148,-0.5619,2640.0
Anomalia,0.0138,0.1213,-0.0844,-0.4197,3360.0
Anomalia,0.0175,0.1135,0.0004,-0.5196,3360.0
Anomalia,0.014,0.1137,-0.0758,-0.5449,3120.0
Anomalia,0.0091,0.1135,0.0051,-0.5609,3120.0
Anomalia,0.0055,0.1089,0.0069,-0.8281,3120.0
Anomalia,0.0072,0.1021,-0.0584,-0.6547,2640.0
Anomalia,0.0123,0.0883,-0.1652,-0.5644,2880.0
Anomalia,0.0181,0.0927,-0.1592,-0.7187,2880.0
Anomalia,0.0194,0.0775,0.1809,-0.8699,2880.0
Anomalia,0.0062,0.0755,-0.0038,-0.0739,2880.0
Anomalia,0.0049,0.069,-0.1164,0.5486,3360.0
Anomalia,0.001,0.0624,-0.4563,0.8185,2880.0
Anomalia,0.0045,0.1103,0.1479,1.6896,2640.0
Anomalia,0.0089,0.1432,-0.0735,0.1106,2880.0
Anomalia,0.0232,0.1489,-0.2942,-0.1024,2880.0
Anomalia,0.011,0.1594,-0.1682,-0.6868,2640.0
Anomalia,0.0112,0.1389,-0.3155,-0.5256,2640.0
Anomalia,0.0118,0.1089,-0.3677,-0.7628,2640.0
Anomalia,0.0012,0.1022,-0.3086,-0.6118,3120.0
Anomalia,0.0129,0.1198,0.1182,0.2306,3120.0
Anomalia,0.0159,0.1254,0.1982,0.4089,2640.0
Anomalia,0.0203,0.1409,-0.0374,-0.1463,2880.0
Anomalia,0.0079,0.1663,-0.1653,-0.683,3360.0
Anomalia,0.0089,0.1634,-0.2371,-0.7734,2640.0
Anomalia,0.0129,0.16,-0.3278,-0.7433,2640.0
Anomalia,0.0162,0.1419,-0.4075,-0.0455,2880.0
Anomalia,0.015,0.1153,0.2082,-0.1946,3120.0
Anomalia,0.0194,0.1078,0.2982,-0.1617,2880.0
Anomalia,0.0006,0.1098,0.2082,-0.1781,2880.0
Anomalia,0.0012,0.1651,0.4037,0.0176,2880.0
Anomalia,0.0128,0.1656,0.2187,-0.0695,2880.0
Anomalia,0.0084,0.1527,0.2645,0.6651,2880.0
Anomalia,0.0241,0.1581,0.1208,0.3608,2880.0
Anomalia,0.0105,0.1105,-0.1748,-0.1826,2880.0
Anomalia,0.0061,0.1165,-0.0424,-0.5872,2880.0
Anomalia,0.0089,0.139,0.136,-1.0029,2880.0
Anomalia,0.0035,0.1329,0.1094,-0.8823,2880.0
Anomalia,0.0132,0.1329,0.2049,-0.7706,2880.0
Anomalia,0.0143,0.1525,0.0463,-0.8736,2880.0
Anomalia,0.0165,0.1633,0.0794,-0.7595,2880.0
Anomalia,0.0143,0.1594,0.129,-0.6731,2640.0
Anomalia,0.0077,0.1571,0.1558,-0.7031,2640.0
Anomalia,0.0114,0.1587,0.2517,-0.7155,2640.0
Anomalia,0.0067,0.1502,0.1862,-0.8105,2640.0
Anomalia,0.0124,0.1523,0.1299,-0.9024,2880.0
Anomalia,0.0129,0.1552,0.0765,-0.9606,2880.0
Anomalia,0.0227,0.1418,-0.012,-0.7891,3120.0
Anomalia,0.0127,0.1714,-0.2017,-0.2162,2640.0
Anomalia,0.0105,0.1692,-0.2647,-0.0359,2640.0
Anomalia,0.0137,0.1707,-0.3079,-0.0813,2880.0
Anomalia,0.0036,0.1616,-0.2873,0.2289,2880.0
Anomalia,0.0149,0.1077,-0.4988,0.0126,2880.0
Anomalia,0.0147,0.1115,-0.2154,-0.6129,3360.0
Anomalia,0.01,0.1311,-0.3777,-0.1539,2880.0
Anomalia,0.0151,0.1365,-0.384,-0.3972,2880.0
Anomalia,0.0108,0.1402,-0.3096,-0.6174,2880.0
Anomalia,0.014,0.1396,-0.333,-0.3665,2880.0
Anomalia,0.0136,0.1342,-0.2213,-0.3645,2880.0
Anomalia,0.0018,0.1552,-0.1243,-0.6648,2640.0
Anomalia,0.0118,0.1564,-0.2591,-0.6231,2640.0
Anomalia,0.01,0.154,-0.2714,-0.6334,2640.0
Anomalia,0.0197,0.1539,-0.2084,-0.8182,2640.0
Anomalia,0.0206,0.1281,-0.1238,-0.7835,2880.0
Anomalia,0.0083,0.119,0.1148,-0.6063,2880.0
Anomalia,0.006,0.112,0.2381,-0.3131,2880.0
Anomalia,0.0044,0.0759,0.1238,-0.3903,2640.0
Anomalia,0.0119,0.0673,0.2091,-0.4351,2400.0
Anomalia,0.0171,0.066,0.2692,-0.5071,3120.0
Anomalia,0.0166,0.0912,-0.1183,0.0427,2880.0
Anomalia,0.01,0.1072,-0.1711,-0.639,2880.0
Anomalia,0.0065,0.1142,-0.0057,-0.8017,2880.0
Anomalia,0.0085,0.1218,0.01,-0.9686,2640.0
Anomalia,0.0107,0.1188,0.0222,-0.8405,3120.0
Anomalia,0.0178,0.1214,-0.0027,-0.8776,2880.0
Anomalia,0.0144,0.1295,-0.1226,-0.9031,2640.0
Anomalia,0.0154,0.1309,-0.0996,-0.9177,2640.0
Anomalia,0.0059,0.1265,-0.068,-0.8022,3360.0
Anomalia,0.0045,0.1347,-0.0053,-0.7696,3360.0
Anomalia,0.0129,0.1204,-0.0848,-0.3642,3360.0
Anomalia,0.0119,0.1158,-0.2586,-0.2159,3360.0
Anomalia,0.022,0.1297,-0.4535,-0.2813,2640.0
Anomalia,0.0156,0.1227,-0.5623,-0.1753,2880.0
Anomalia,0.0028,0.1229,-0.3312,-0.3951,2880.0
Anomalia,0.0042,0.1238,-0.1908,-0.3894,2880.0
Anomalia,0.0027,0.1153,-0.0259,-0.4081,2640.0
Anomalia,0.0124,0.1019,0.0443,-0.3258,2640.0
Anomalia,0.0237,0.1328,0.0663,-0.6395,3360.0
Anomalia,0.0123,0.1368,0.0426,-0.6432,2880.0
Anomalia,0.0127,0.1385,0.068,-0.7612,2880.0
Anomalia,0.0071,0.1592,0.0514,-1.069,3120.0
Anomalia,0.0025,0.1418,-0.0842,-0.8863,3120.0
Anomalia,0.0196,0.1367,-0.2393,-0.7279,2880.0
Anomalia,0.0165,0.1268,-0.2373,-0.4379,2880.0
Anomalia,0.0116,0.107,-0.2145,-0.7291,2400.0
Anomalia,0.0149,0.1119,0.0537,-0.6833,2400.0
Anomalia,0.0026,0.148,0.1937,-0.5235,2640.0
Anomalia,0.0104,0.1551,0.1517,-0.7541,2640.0
Anomalia,0.0234,0.1587,0.0586,-0.8728,2880.0
Anomalia,0.0157,0.1649,0.0096,-1.0165,2880.0
Anomalia,0.0087,0.1391,0.0407,-1.0077,2880.0
Anomalia,0.0087,0.1365,0.0027,-0.9974,3120.0
Anomalia,0.004,0.1307,-0.0117,-0.9671,2880.0
Anomalia,0.0103,0.1162,0.0479,-0.7711,2880.0
Anomalia,0.0211,0.1058,0.1469,-0.8454,2880.0
Anomalia,0.0114,0.1038,0.0256,-0.6979,2640.0
Anomalia,0.012,0.1173,-0.1146,-0.462,2640.0
Anomalia,0.0105,0.1381,-0.0052,-0.4288,2640.0
Anomalia,0.008,0.1535,0.0471,-0.8725,2640.0
Anomalia,0.0103,0.1515,-0.0005,-0.8007,3360.0
Anomalia,0.0069,0.1401,0.1053,-0.5635,3360.0
Anomalia,0.0184,0.1315,0.0533,-0.8589,2640.0
Anomalia,0.0142,0.1326,0.1848,-0.7547,2640.0
Anomalia,0.0116,0.1253,0.3556,-0.4685,2880.0
Anomalia,0.0172,0.1246,0.3041,-0.4732,2880.0
Anomalia,-0.002,0.1046,0.4498,0.5359,2880.0
Anomalia,0.0103,0.0907,0.4593,0.0428,3120.0
Anomalia,0.0162,0.1095,0.2471,-0.2466,2880.0
Anomalia,0.0136,0.1123,0.1843,-0.2603,2640.0
Anomalia,0.0156,0.1166,0.0916,-0.5217,2640.0
Anomalia,0.0098,0.1118,-0.0888,-0.5382,2640.0
Anomalia,0.0147,0.1204,-0.0673,-0.6174,2640.0
Anomalia,0.0121,0.1442,0.0349,-0.6321,2640.0
Anomalia,0.0162,0.1796,-0.0498,-0.8157,2640.0
Anomalia,0.015,0.1742,-0.0106,-0.6019,2640.0
Anomalia,0.012,0.1725,0.05,-0.5231,2640.0
Anomalia,0.0085,0.1708,-0.1002,-0.367,2640.0
Anomalia,0.0162,0.1414,-0.2825,-0.0969,2880.0
Anomalia,0.0206,0.1845,-0.0741,-0.8106,2880.0
Anomalia,0.016,0.198,-0.0426,-0.9346,2880.0
Anomalia,0.0131,0.1775,0.1772,-0.4906,2880.0
Anomalia,0.0025,0.1701,0.3448,-0.1251,2880.0
Anomalia,-0.0011,0.1276,0.3056,0.9605,3120.0
Anomalia,0.0105,0.0978,0.3909,-0.6794,2640.0
Anomalia,0.0188,0.1107,0.1622,-0.6009,3120.0
Anomalia,0.0214,0.1207,0.0779,-0.6496,2880.0
Anomalia,0.0186,0.1284,0.003,-0.829,2880.0
Anomalia,0.0055,0.1222,-0.0523,-0.5155,2880.0
Anomalia,0.006,0.1094,-0.165,-0.1977,2640.0
Anomalia,0.017,0.105,-0.416,-0.2282,2640.0
Anomalia,0.0133,0.1123,-0.3679,-0.2572,2640.0
Anomalia,0.0186,0.1503,-0.2647,0.1185,2880.0
Anomalia,0.0147,0.1539,-0.188,-0.1755,2640.0
Anomalia,0.0129,0.1556,-0.0812,-0.2603,3360.0
Anomalia,0.0033,0.1597,-0.1168,-0.1205,3360.0
Anomalia,0.0116,0.1469,-0.0876,-0.2425,3360.0
Anomalia,0.0207,0.1585,-0.0555,-0.5221,3360.0
Anomalia,0.0078,0.1674,0.0052,-0.7606,3360.0
Anomalia,0.0234,0.1508,0.0329,-0.5547,3360.0
Anomalia,0.0074,0.1317,0.1474,-0.4898,2880.0
Anomalia,0.0047,0.1187,-0.1374,-0.4842,2640.0
Anomalia,0.013,0.0946,-0.1315,-0.5935,2640.0
Anomalia,0.0212,0.0981,-0.1493,-0.5654,2640.0
Anomalia,0.023,0.0886,-0.1199,-0.4568,2880.0
Anomalia,0.019,0.0847,-0.0694,-0.4429,3360.0
Anomalia,0.0131,0.0894,0.0596,-0.6574,3360.0
Anomalia,0.0043,0.0822,-0.0277,-0.5819,3360.0
Anomalia,0.013,0.1169,0.0241,1.2231,3360.0
Anomalia,0.0167,0.1383,-0.0256,0.0635,2880.0
Anomalia,0.0243,0.1435,-0.0635,-0.0557,2880.0
Anomalia,0.017,0.1482,0.0314,-0.3719,2880.0
Anomalia,0.0142,0.1274,0.1309,-0.5252,2880.0
Anomalia,0.0082,0.1141,0.2199,-0.5008,3360.0
Anomalia,0.0076,0.1061,0.0857,-0.4092,2880.0
Anomalia,0.0209,0.1062,0.0013,-0.4292,2880.0
Anomalia,0.0127,0.1187,-0.1481,-0.6587,2880.0
Anomalia,0.0228,0.1113,-0.2631,-0.2968,2880.0
Anomalia,0.0127,0.1086,-0.177,-0.4344,3120.0
Anomalia,0.0103,0.1061,-0.2435,-0.383,3120.0
Anomalia,0.0185,0.0954,0.1173,-0.6417,2640.0
Anomalia,0.0146,0.0889,0.0863,-0.4627,2880.0
Anomalia,0.0227,0.0948,0.0152,-0.5995,3120.0
Anomalia,0.0172,0.1022,0.0652,-0.7085,3120.0
Anomalia,0.0169,0.0951,0.0924,-0.6888,3120.0
Anomalia,0.0087,0.1107,0.1073,-1.0055,2640.0
Anomalia,0.0112,0.1093,0.0087,-1.0455,3120.0
Anomalia,0.0117,0.0953,-0.0042,-0.6993,2880.0
Anomalia,0.0136,0.1065,0.2352,-0.1872,3120.0
Anomalia,0.0256,0.1064,0.572,0.4175,2640.0
Anomalia,0.0129,0.1023,0.86,1.0071,2880.0
Anomalia,0.0167,0.127,0.5486,-0.196,2880.0
Anomalia,0.0037,0.1383,0.1672,-0.3562,2880.0
Anomalia,0.0076,0.1504,0.1048,-0.6007,2880.0
Anomalia,0.0235,0.1584,-0.1258,-0.8085,2880.0
Anomalia,0.0168,0.1537,-0.1808,-0.7237,2880.0
Anomalia,0.0258,0.1327,-0.0578,-0.2272,3120.0
Anomalia,0.008,0.1192,-0.0708,-0.5678,3360.0
Anomalia,0.0029,0.1272,0.05,-0.8619,2640.0
Anomalia,0.0178,0.1219,0.0916,-0.8855,2880.0
Anomalia,0.0122,0.1243,0.0936,-0.8671,2880.0
Anomalia,0.0185,0.1147,0.0426,-0.6284,2880.0
Anomalia,0.0201,0.1093,0.0436,-0.6263,2880.0
Anomalia,0.0064,0.1417,0.0179,0.4707,2640.0
Anomalia,0.0198,0.156,-0.1578,0.0847,2640.0
Anomalia,0.0233,0.1673,-0.1642,-0.3543,2880.0
Anomalia,0.0164,0.1698,-0.1045,-0.3341,2880.0
Anomalia,0.0132,0.1388,-0.0798,-0.1529,2880.0
Anomalia,0.0057,0.1188,0.0508,0.1448,3360.0
Anomalia,0.0056,0.1139,0.1081,0.0862,2640.0
Anomalia,0.0077,0.1157,-0.1121,-0.0523,2640.0
Anomalia,0.0214,0.1336,-0.2305,0.0633,2640.0
Anomalia,0.0225,0.1361,-0.2232,-0.0962,2640.0
Anomalia,0.018,0.1347,-0.2321,-0.1336,2640.0
Anomalia,0.0103,0.1552,-0.2183,-0.3398,2640.0
Anomalia,0.007,0.1676,-0.0054,-0.6421,2640.0
Anomalia,0.0107,0.1719,-0.0389,-0.7796,2640.0
Anomalia,0.0135,0.1673,-0.0695,-0.5893,2880.0
Anomalia,0.0251,0.1516,0.0796,-0.5112,2880.0
Anomalia,0.0166,0.1493,0.0565,-0.5273,2880.0
Anomalia,0.0132,0.1698,-0.0594,-0.7241,2880.0
Anomalia,0.0137,0.1851,-0.023,-1.0361,2880.0
Anomalia,0.006,0.1783,0.0501,-0.9671,3120.0
Anomalia,0.0191,0.1577,-0.1247,-0.6071,3120.0
Anomalia,0.0096,0.1445,-0.14,-0.4727,3120.0
Anomalia,0.0121,0.1236,-0.4508,-0.0594,2640.0
Anomalia,0.0201,0.1187,-0.6835,0.4228,3360.0
Anomalia,0.0062,0.1392,-0.3436,-0.3499,3360.0
Anomalia,0.0175,0.1217,-0.2265,-0.0964,3120.0
Anomalia,0.0191,0.1273,-0.1841,-0.1876,3360.0
Anomalia,0.0215,0.1584,-0.071,-0.4953,2880.0
Anomalia,0.0245,0.1786,-0.1602,-0.3464,2640.0
Anomalia,0.01,0.1848,-0.017,-0.6421,2640.0
Anomalia,-0.0012,0.1869,0.0785,-0.7433,2640.0
Anomalia,0.0063,0.1675,-0.0271,-0.3924,2640.0
Anomalia,0.0097,0.1172,-0.101,-0.1307,2640.0
Anomalia,0.0242,0.11,-0.0551,-0.1043,2640.0
Anomalia,0.0263,0.1082,0.0364,-0.2819,2880.0
Anomalia,0.0063,0.1076,-0.2929,-0.6809,2880.0
Anomalia,0.0083,0.1143,-0.2251,-0.937,2880.0
Anomalia,0.0112,0.1136,-0.2525,-0.8575,2640.0
Anomalia,0.0114,0.1187,-0.2068,-0.8639,2640.0
Anomalia,0.021,0.1042,-0.3446,-0.3518,2640.0
Anomalia,0.0208,0.1093,-0.3287,-0.3706,2880.0
Anomalia,0.0112,0.11,-0.1865,-0.5786,2880.0
Anomalia,0.0108,0.0951,-0.2271,-0.4414,2880.0
Anomalia,0.0132,0.0927,-0.1624,-0.4648,2640.0
Anomalia,0.0126,0.1068,0.2236,-0.201,2880.0
Anomalia,0.0148,0.1003,0.277,0.3718,3360.0
Anomalia,0.0181,0.0986,0.4005,0.5,3360.0
Anomalia,0.0159,0.1161,0.3071,-0.2499,2880.0
Anomalia,0.0085,0.0947,0.2065,0.0058,3360.0
Anomalia,0.0063,0.0988,0.1563,-0.2797,3360.0
Anomalia,0.0131,0.1387,-0.2094,0.7329,3360.0
Anomalia,0.0038,0.1555,-0.2115,0.2434,2880.0
Anomalia,0.02,0.19,-0.0622,-0.5059,2880.0
Anomalia,0.0185,0.1921,-0.0595,-0.595,2880.0
Anomalia,0.0059,0.1617,0.2768,0.0967,2880.0
Anomalia,0.0152,0.1339,0.5497,1.2613,3360.0
Anomalia,0.0078,0.1089,0.4285,0.4688,2880.0
Anomalia,0.0153,0.1022,0.5287,1.032,2880.0
Anomalia,0.0224,0.1265,0.17,-0.2325,2880.0
Anomalia,0.0116,0.1443,0.0109,-0.3786,2880.0
Anomalia,0.0109,0.1371,-0.1181,-0.1913,2880.0
Anomalia,0.0081,0.1448,-0.071,-0.633,2880.0
Anomalia,0.0134,0.1451,-0.0907,-0.5325,3120.0
Anomalia,0.0248,0.1246,0.0297,-0.2768,2640.0
Anomalia,0.0209,0.1137,-0.0221,-0.3375,2880.0
Anomalia,0.0141,0.115,0.0366,-0.4002,2880.0
Anomalia,0.0078,0.0933,-0.1486,-0.8657,3360.0
Anomalia,0.0098,0.1202,0.4102,-0.1384,2880.0
Anomalia,0.0125,0.1253,0.4445,-0.2038,3360.0
Anomalia,0.019,0.1366,0.2456,-0.5498,3120.0
Anomalia,0.0139,0.1483,0.1477,-0.8295,2880.0
Anomalia,0.0045,0.1328,-0.0337,-0.8399,2880.0
Anomalia,0.0093,0.1337,-0.0969,-0.9178,2880.0
Anomalia,0.0092,0.1123,-0.1161,-0.3233,2880.0
Anomalia,0.0153,0.0983,0.0768,-0.3426,2880.0
Anomalia,0.0216,0.1003,-0.037,-0.4464,3360.0
Anomalia,0.0132,0.0909,-0.4207,-0.1936,2880.0
Anomalia,0.0142,0.0887,-0.4223,-0.0306,3360.0
Anomalia,0.0103,0.1342,-0.3754,0.8743,3360.0
Anomalia,0.0116,0.1321,-0.3325,1.0396,3360.0
Anomalia,0.0178,0.1489,-0.2446,0.1269,3360.0
Anomalia,0.0139,0.1537,-0.1978,-0.2122,3360.0
Anomalia,0.0203,0.1159,-0.0644,-0.2687,3360.0
Anomalia,0.0077,0.1132,0.0828,-0.1562,3360.0
Anomalia,0.0149,0.1057,0.3153,-0.3489,2640.0
Anomalia,0.0105,0.0999,0.5974,-0.0696,2880.0
Anomalia,0.0123,0.1079,0.5164,-0.5505,2880.0
Anomalia,0.0197,0.1062,0.5073,-0.6001,2880.0
Anomalia,0.009,0.1115,0.2859,-0.0555,2880.0
Anomalia,0.0168,0.1202,0.0316,-0.4564,2880.0
Anomalia,0.0087,0.1222,0.079,-0.456,2880.0
Anomalia,0.0086,0.14,0.1221,-0.7768,2880.0
Anomalia,0.013,0.136,0.1652,-0.848,2640.0
Anomalia,0.0207,0.1487,0.0826,-1.0621,2640.0
Anomalia,0.0182,0.1517,0.0469,-1.0638,2640.0
Anomalia,0.0165,0.1349,0.0528,-0.7734,2640.0
Anomalia,0.0045,0.1246,-0.003,-0.556,2640.0
Anomalia,0.001,0.1251,0.1188,-0.6449,2640.0
Anomalia,0.0157,0.1126,0.0376,-0.3709,2880.0
Anomalia,0.0195,0.1125,0.018,-0.3502,2880.0
Anomalia,0.0243,0.1219,-0.1388,-0.2397,2880.0
Anomalia,0.0143,0.099,-0.2279,0.5034,2880.0
Anomalia,0.0046,0.1238,-0.084,0.6119,2640.0
Anomalia,0.0043,0.1393,0.0394,-0.1642,2640.0
Anomalia,0.0193,0.1613,0.1676,-0.4636,3120.0
Anomalia,0.0275,0.1787,-0.0301,-0.8838,3120.0
Anomalia,0.0172,0.1641,0.1842,-0.8071,3120.0
Anomalia,0.0217,0.1607,0.1252,-0.7797,3120.0
Anomalia,0.0086,0.1459,-0.0157,-0.9227,2880.0
Anomalia,0.0046,0.1658,0.0755,-0.8005,2640.0
Anomalia,0.0156,0.1868,0.0452,-0.9235,2640.0
Anomalia,0.0146,0.1786,0.0451,-0.6166,2640.0
Anomalia,0.0171,0.1808,0.0969,-0.5867,2640.0
Anomalia,0.0206,0.1494,0.187,0.0697,3360.0
Anomalia,0.015,0.1268,0.0562,-0.1422,3360.0
Anomalia,0.0015,0.161,-0.0754,-0.5143,3360.0
Anomalia,0.0144,0.1701,-0.0908,-0.4812,3360.0
Anomalia,0.012,0.1711,-0.0649,-0.5189,3360.0
Anomalia,0.0197,0.1804,-0.1188,-0.6916,3360.0
Anomalia,0.0287,0.1628,-0.0063,-0.667,2880.0
Anomalia,0.0038,0.134,0.0584,-0.6123,3120.0
Anomalia,0.0076,0.1223,-0.0204,-0.1195,3120.0
Anomalia,0.0101,0.0976,-0.3728,0.1061,3120.0
Anomalia,0.0137,0.0826,-0.4811,-0.2517,2640.0
Anomalia,0.0239,0.0748,-0.2483,-0.3545,2640.0
Anomalia,0.02,0.1017,-0.3158,0.5889,2880.0
Anomalia,0.0136,0.1139,-0.0837,0.3188,2640.0
Anomalia,0.0116,0.1358,0.015,-0.1521,2640.0
Anomalia,0.0066,0.1408,0.0496,-0.4042,2880.0
Anomalia,0.0207,0.1371,-0.0095,-0.4253,2640.0
Anomalia,0.0137,0.1348,-0.0512,-0.5436,2640.0
Anomalia,0.0146,0.1129,-0.1781,-0.508,2640.0
Anomalia,0.0196,0.1128,-0.2965,-0.4496,2640.0
Anomalia,0.0042,0.1102,-0.2481,-0.5872,3360.0
Anomalia,0.0226,0.1125,-0.0672,-0.6634,3360.0
Anomalia,0.0177,0.1049,0.1131,-0.3113,3120.0
Anomalia,0.0177,0.0991,0.329,-0.2066,2400.0
Anomalia,0.0158,0.0925,0.3743,-0.5247,2880.0
Anomalia,0.003,0.0815,0.2806,-0.1758,2880.0
Anomalia,0.014,0.0901,0.2066,-0.463,2880.0
Anomalia,0.0178,0.1057,0.2572,-0.7404,2880.0
Anomalia,0.0159,0.0976,0.4596,-0.3656,2880.0
Anomalia,0.0233,0.0934,0.2841,-0.3754,2880.0
Anomalia,0.0146,0.1024,0.1988,-0.4403,3120.0
Anomalia,0.0087,0.0862,0.0112,-0.047,3120.0
Anomalia,0.0182,0.123,0.2002,0.3615,2640.0
Anomalia,0.0192,0.1505,0.2312,-0.4686,2640.0
Anomalia,0.0115,0.1501,0.2621,-0.4134,2640.0
Anomalia,0.0186,0.1552,0.1678,-0.6643,2880.0
Anomalia,0.0134,0.1344,0.236,-0.4446,2880.0
Anomalia,0.0037,0.1179,0.2961,-0.6618,3120.0
Anomalia,0.015,0.1163,0.6069,-0.4205,3120.0
Anomalia,0.0122,0.1378,0.5549,-0.4306,3120.0
Anomalia,0.017,0.1545,0.3221,-0.8894,3120.0
Anomalia,0.025,0.1606,0.174,-1.0058,2880.0
Anomalia,0.0149,0.1629,0.156,-1.1331,2880.0
Anomalia,0.0124,0.1403,0.104,-0.8583,3120.0
Anomalia,0.0062,0.1174,0.1179,-0.489,3360.0
Anomalia,0.0149,0.1011,-0.0681,-0.2983,3600.0
Anomalia,0.023,0.1045,0.0187,-0.3332,2640.0
Anomalia,0.0194,0.1158,0.0879,-0.6479,2640.0
Anomalia,0.0235,0.1149,0.0595,-0.5831,2640.0
Anomalia,0.0044,0.1368,-0.0916,-0.6378,2640.0
Anomalia,0.0051,0.1252,-0.1807,-0.203,2640.0
Anomalia,0.017,0.1159,-0.5448,0.5122,2640.0
Anomalia,0.0213,0.1187,-0.6236,0.4319,3360.0
Anomalia,0.0246,0.0786,-0.0313,-0.5152,3360.0
Anomalia,0.0185,0.0904,-0.7167,1.0262,2400.0
Anomalia,0.0084,0.095,-0.4671,0.1203,2880.0
Anomalia,0.0046,0.0914,-0.4073,0.2691,2880.0
Anomalia,0.0162,0.1338,0.1534,0.5791,2880.0
Anomalia,0.0212,0.1372,0.3737,0.4792,2880.0
Anomalia,0.0218,0.1518,0.2339,-0.1391,2880.0
Anomalia,0.022,0.1572,0.1717,-0.411,2880.0
Anomalia,0.0111,0.1308,0.1105,-0.3916,2640.0
Anomalia,0.0076,0.1295,-0.2176,-0.4324,2640.0
Anomalia,0.0181,0.1813,0.2022,0.4083,2640.0
Anomalia,0.01,0.1922,0.2057,0.0127,2880.0
Anomalia,0.0247,0.1987,0.0842,-0.2446,2880.0
Anomalia,0.0181,0.1905,0.2683,0.0505,2880.0
Anomalia,0.0107,0.1355,0.0575,-0.1733,2880.0
Anomalia,0.0123,0.1213,0.1991,-0.4925,3360.0
Anomalia,0.005,0.1123,-0.0529,-0.7198,3360.0
Anomalia,0.0213,0.1172,-0.3578,-0.6744,3360.0
Anomalia,0.0175,0.1133,-0.3849,-0.7163,3360.0
Anomalia,0.0246,0.1009,-0.4064,-0.1162,2880.0
Anomalia,0.0174,0.0908,-0.3926,0.2493,3360.0
Anomalia,0.0007,0.0961,-0.1889,-0.3662,3360.0
Anomalia,0.0149,0.0947,-0.2432,-0.4738,3120.0
Anomalia,0.0097,0.1184,-0.2302,-0.5687,3360.0
Anomalia,0.0179,0.145,0.0029,-0.6109,3360.0
Anomalia,0.0272,0.1503,-0.0869,-0.7104,2880.0
Anomalia,0.0115,0.1557,0.1147,-0.9147,2640.0
Anomalia,0.0071,0.1425,0.3176,-0.6353,2640.0
Anomalia,0.015,0.1554,0.4279,-0.5562,2880.0
Anomalia,0.0115,0.1584,0.3896,-0.6527,2880.0
Anomalia,0.0141,0.1813,0.1728,-0.7598,2880.0
Anomalia,0.0259,0.1833,-0.0042,-0.7897,2880.0
Anomalia,0.0085,0.1492,-0.1202,-0.152,2880.0
Anomalia,0.0177,0.1394,-0.1426,0.5119,3120.0
Anomalia,0.0185,0.0916,0.1913,-0.275,2640.0
Anomalia,0.0122,0.0903,0.3481,-0.5907,3120.0
Anomalia,0.016,0.0963,0.1303,-0.8971,3120.0
Anomalia,0.0112,0.1011,0.1486,-0.8977,2880.0
Anomalia,0.0097,0.1018,0.1623,-0.9077,2880.0
Anomalia,0.0184,0.0966,0.0744,-0.6122,2880.0
Anomalia,0.0199,0.1186,0.0809,-0.356,2880.0
Anomalia,0.0196,0.1228,-0.0462,-0.1475,2880.0
Anomalia,0.0219,0.1239,0.0145,-0.1779,2880.0
Anomalia,0.0094,0.1357,0.0734,-0.6854,3120.0
Anomalia,0.0112,0.1297,-0.0089,-0.6687,2640.0
Anomalia,0.0112,0.1282,-0.1546,-0.4861,2640.0
Anomalia,0.0176,0.1452,-0.1472,-0.6464,2640.0
Anomalia,0.0165,0.1361,-0.0677,-0.3435,2640.0
Anomalia,0.0111,0.1328,-0.0342,-0.3431,2640.0
Anomalia,0.0194,0.1306,0.0878,-0.5276,3120.0
Anomalia,0.005,0.112,0.0942,-0.6725,2880.0
Anomalia,0.0111,0.1141,0.0638,-0.7671,2640.0
Anomalia,0.0126,0.1,0.1422,-0.4651,2640.0
Anomalia,0.009,0.1376,0.2912,0.3045,2880.0
Anomalia,0.0151,0.141,0.2344,0.0871,2880.0
Anomalia,0.0179,0.1449,0.2389,-0.0575,2880.0
Anomalia,0.015,0.146,0.2676,-0.1219,2880.0
Anomalia,0.0121,0.0981,0.1702,-0.2431,3360.0
Anomalia,0.0166,0.101,0.2684,-0.2049,3360.0
Anomalia,0.0168,0.1024,0.2477,-0.3322,2880.0
Anomalia,0.0219,0.1052,0.2169,-0.5598,2880.0
Anomalia,0.0106,0.1133,0.1834,-0.767,3120.0
Anomalia,0.01,0.1042,0.1858,-0.627,2640.0
Anomalia,0.0067,0.1024,0.1147,-0.2718,3120.0
Anomalia,0.0149,0.1424,0.4927,0.0389,2640.0
Anomalia,0.0244,0.1496,0.3713,-0.4149,3120.0
Anomalia,0.0192,0.1693,0.1985,-0.9009,2880.0
Anomalia,0.0187,0.1643,0.1995,-0.7784,2880.0
Anomalia,-0.0013,0.1543,-0.1649,-0.8319,2880.0
Anomalia,0.01,0.1594,-0.0744,-0.536,2880.0
Anomalia,0.0145,0.1376,-0.0892,0.3026,2880.0
Anomalia,0.0177,0.136,-0.1318,0.4536,2880.0
Anomalia,0.0274,0.1082,0.5163,0.9862,3360.0
Anomalia,0.0178,0.0973,-0.1039,-0.3262,3360.0
Anomalia,0.0118,0.0965,-0.1118,-0.3259,2880.0
Anomalia,0.0089,0.0943,-0.0569,-0.1888,2880.0
Anomalia,0.0116,0.1041,0.2855,-0.4336,2880.0
Anomalia,0.0106,0.1073,0.4829,0.0154,2880.0
Anomalia,0.0233,0.1202,0.3462,-0.4896,2880.0
Anomalia,0.0153,0.1261,0.3343,-0.6352,2880.0
Anomalia,0.0081,0.1301,0.2126,-0.7502,2880.0
Anomalia,0.016,0.1265,0.1027,-0.8393,2880.0
Anomalia,0.0035,0.1189,0.1312,-0.8136,2880.0
Anomalia,0.0196,0.1251,0.0288,-1.0904,2880.0
Anomalia,0.0249,0.1102,0.1687,-0.8869,2880.0
Anomalia,0.0201,0.1104,0.0571,-0.9867,2880.0
Anomalia,0.0118,0.1128,-0.0123,-0.5873,2880.0
Anomalia,0.0082,0.1174,0.0454,-0.5031,2880.0
Anomalia,0.0099,0.1237,0.0613,-0.7384,2880.0
Anomalia,0.0125,0.1181,-0.0734,-0.624,2880.0
Anomalia,0.0281,0.1099,-0.0813,-0.6128,2640.0
Anomalia,0.025,0.1236,-0.1099,0.2994,2640.0
Anomalia,0.0131,0.1412,-0.1634,-0.0414,2880.0
Anomalia,0.0045,0.135,-0.0654,0.3618,2880.0
Anomalia,0.0105,0.1536,0.0627,-0.3889,2880.0
Anomalia,0.0071,0.158,-0.0976,-0.5699,2880.0
Anomalia,0.0257,0.1514,-0.1566,-0.3043,2880.0
Anomalia,0.0197,0.1594,-0.1318,-0.6988,2880.0
Anomalia,0.0108,0.1501,-0.1917,-0.6,2880.0
Anomalia,0.0174,0.1265,-0.1958,-0.3789,2880.0
Anomalia,0.0075,0.1096,-0.3462,-0.6344,2880.0
Anomalia,0.0173,0.1065,-0.4299,-0.2034,3120.0
Anomalia,0.0202,0.1154,-0.2075,-0.2157,3120.0
Anomalia,0.0134,0.1154,-0.1265,-0.345,2640.0
Anomalia,0.0154,0.1136,-0.1739,-0.2392,2640.0
Anomalia,0.0148,0.1189,0.0036,-0.6819,2640.0
Anomalia,0.0199,0.1109,0.0187,-0.0934,3120.0
Anomalia,0.0196,0.1713,-0.1536,0.688,3120.0
Anomalia,0.0173,0.1949,-0.101,-0.387,2640.0
Anomalia,0.0166,0.2005,-0.075,-0.5453,2640.0
Anomalia,0.0133,0.1984,-0.0289,-0.4987,2880.0
Anomalia,0.0117,0.1662,0.1207,-0.937,3360.0
Anomalia,0.0106,0.1584,0.1997,-0.87,3360.0
Anomalia,0.0163,0.1606,0.0745,-0.7538,3360.0
Anomalia,0.0144,0.1862,-0.002,-1.0844,3360.0
Anomalia,0.0184,0.1717,-0.0744,-0.7762,2880.0
Anomalia,0.0165,0.1579,-0.0767,-0.4339,2880.0
Anomalia,0.0092,0.1495,0.0331,-0.5094,2880.0
Anomalia,0.0122,0.1096,0.0156,-0.6919,2880.0
Anomalia,0.0139,0.1051,0.0431,-0.6166,2880.0
Anomalia,0.0205,0.0975,-0.0266,-0.3352,2880.0
Anomalia,0.0225,0.0947,-0.0952,0.5581,2880.0
Anomalia,0.011,0.1244,-0.0747,-0.0328,2880.0
Anomalia,0.0141,0.1477,-0.1265,-0.3555,2880.0
Anomalia,0.0121,0.1598,-0.1915,-0.7812,2880.0
Anomalia,0.0167,0.1874,-0.0583,-0.954,2880.0
Anomalia,0.026,0.1832,-0.086,-0.8415,2880.0
Anomalia,0.0127,0.1908,-0.0577,-1.0012,2880.0
Anomalia,0.0107,0.2209,0.0041,-1.1964,2880.0
Anomalia,0.0068,0.2034,0.0051,-0.9946,2880.0
Anomalia,0.008,0.2037,0.0041,-0.9562,2880.0
Anomalia,0.0262,0.191,-0.0273,-0.7234,2880.0
Anomalia,0.0242,0.1507,0.2456,-0.6687,2880.0
Anomalia,0.0131,0.1304,0.494,-0.1382,2880.0
Anomalia,0.0089,0.1094,0.4496,0.1482,2640.0
Anomalia,0.0004,0.1344,0.2825,0.5267,3120.0
Anomalia,0.008,0.1399,0.3223,0.5041,2880.0
Anomalia,0.0232,0.1507,0.0881,-0.1767,2880.0
Anomalia,0.0257,0.1455,0.0636,0.2041,2880.0
Anomalia,0.0242,0.1009,0.5893,1.1,2640.0
Anomalia,0.015,0.0849,0.2286,0.1507,3120.0
Anomalia,0.0053,0.0811,-0.2693,0.2732,2880.0
Anomalia,0.0064,0.0894,-0.0546,-0.4056,2880.0
Anomalia,0.0142,0.0926,-0.1402,-0.5,2640.0
Anomalia,0.0155,0.1177,-0.2816,-0.3541,2640.0
Anomalia,0.0281,0.1536,0.1491,-0.1663,2880.0
Anomalia,0.0145,0.1632,0.2019,-0.5284,2880.0
Anomalia,0.0036,0.1756,0.2603,-0.9052,2880.0
Anomalia,0.0115,0.1678,0.2762,-0.7712,2880.0
Anomalia,0.0057,0.1282,-0.0901,-0.7814,2880.0
Anomalia,0.0228,0.1154,-0.2321,-0.4562,2880.0
Anomalia,0.0239,0.1138,-0.3525,0.276,2880.0
Anomalia,0.0213,0.1128,-0.6511,0.8658,2880.0
Anomalia,0.0087,0.1143,-0.399,0.3205,2880.0
Anomalia,0.005,0.1166,-0.2601,0.1575,2640.0
Anomalia,0.0181,0.0949,-0.4359,0.8098,2640.0
Anomalia,0.0234,0.1008,0.261,-0.1111,3120.0
Anomalia,0.0183,0.1144,-0.1779,-0.2166,2640.0
Anomalia,0.0168,0.1272,0.004,-0.3487,2640.0
Anomalia,0.0029,0.1317,0.2807,-0.5329,2640.0
Anomalia,-0.0009,0.1291,0.1254,-0.4965,3360.0
Anomalia,0.0254,0.1323,0.1063,-0.7199,3360.0
Anomalia,0.0185,0.1145,0.158,-0.5085,3360.0
Anomalia,0.0236,0.1182,0.0927,-0.694,3360.0
Anomalia,0.0199,0.1006,0.4578,-0.4749,3360.0
Anomalia,0.0002,0.0753,0.6086,0.2501,3360.0
Anomalia,0.0145,0.0837,0.3444,-0.5021,3360.0
Anomalia,0.0183,0.0958,0.272,-0.208,3360.0
Anomalia,0.0143,0.1085,0.0982,-0.6106,3360.0
Anomalia,0.0286,0.1409,-0.1296,-0.3962,3360.0
Anomalia,0.0161,0.1675,-0.0166,-0.597,2880.0
Anomalia,0.0085,0.1557,0.0523,-0.1088,2640.0
Anomalia,0.0136,0.1522,-0.0164,0.0936,2640.0
Anomalia,0.0131,0.1391,-0.0654,0.1568,3120.0
Anomalia,0.0148,0.1243,-0.1933,-0.5383,3360.0
Anomalia,0.021,0.1583,-0.0291,-0.7894,3360.0
Anomalia,0.0165,0.1743,0.0003,-1.0703,2880.0
Anomalia,0.0134,0.1754,0.0414,-1.1183,2880.0
Anomalia,0.0087,0.1694,0.0948,-1.0224,3360.0
Anomalia,0.0093,0.1432,-0.1994,-0.8384,2640.0
Anomalia,0.0175,0.1239,-0.3626,-0.6925,3360.0
Anomalia,0.0116,0.1326,-0.1959,-0.4315,3360.0
Anomalia,0.0185,0.1324,-0.1348,-0.4545,2880.0
Anomalia,0.0133,0.1313,0.0105,-0.5238,3360.0
Anomalia,0.0077,0.1459,0.0652,-0.6137,2880.0
Anomalia,0.0115,0.1405,0.0221,-0.5245,3360.0
Anomalia,0.014,0.1683,0.1428,-0.6264,2640.0
Anomalia,0.0214,0.1679,0.0796,-0.6105,2640.0
Anomalia,0.0193,0.1703,0.034,-0.7516,2640.0
Anomalia,0.0066,0.1661,0.1407,-0.7427,2640.0
Anomalia,0.0181,0.1433,-0.0477,-0.8159,2640.0
Anomalia,0.0115,0.1388,0.0306,-0.6563,2640.0
Anomalia,0.0173,0.1142,0.1749,-0.1309,2640.0
Anomalia,0.0239,0.0995,0.4867,0.4601,2640.0
Anomalia,0.0079,0.0715,-0.1302,-0.7522,3120.0
Anomalia,0.0064,0.067,-0.1539,-0.7512,3120.0
Anomalia,0.0075,0.0642,-0.1405,-0.5688,2640.0
Anomalia,0.0174,0.0641,-0.3708,-0.2221,2640.0
Anomalia,0.014,0.0867,-0.4557,0.323,3360.0
Anomalia,0.0171,0.1,-0.4835,-0.2502,2880.0
Anomalia,0.012,0.1033,-0.3467,-0.5491,2880.0
Anomalia,0.0039,0.1042,-0.1554,-0.689,2880.0
Anomalia,0.0164,0.1051,0.1885,-0.1197,2880.0
Anomalia,0.0131,0.1103,0.134,0.1687,2880.0
Anomalia,0.0184,0.1405,0.2047,0.0361,2880.0
Anomalia,0.0235,0.1542,0.0948,-0.5812,2880.0
Anomalia,0.0102,0.1462,0.2396,-0.3366,2880.0
Anomalia,0.0082,0.1349,0.4117,0.1395,2640.0
Anomalia,0.0107,0.1088,0.1592,-0.5233,3360.0
Anomalia,0.0189,0.0987,0.1267,-0.6996,2640.0
Anomalia,0.018,0.1046,-0.1894,-0.6318,2640.0
Anomalia,0.026,0.1048,-0.3651,-0.451,2640.0
Anomalia,0.0159,0.1082,-0.1942,-0.6554,2880.0
Anomalia,-0.0008,0.101,-0.0925,-0.5986,2880.0
Anomalia,0.0066,0.0949,0.1106,-0.6175,2640.0
Anomalia,0.0049,0.1116,0.1028,-0.8904,2640.0
Anomalia,0.015,0.1264,0.4738,-0.1319,2880.0
Anomalia,0.0312,0.1248,0.2677,-0.0076,2880.0
Anomalia,0.02,0.1375,0.0859,-0.4708,3120.0
Anomalia,0.014,0.1363,0.1186,-0.4133,2640.0
Anomalia,0.0063,0.1222,-0.2463,-0.9011,2880.0
Anomalia,0.0074,0.1383,0.0302,-1.108,2640.0
Anomalia,0.0145,0.1278,0.0526,-0.9811,2640.0
Anomalia,0.0167,0.1478,0.079,-0.694,2880.0
Anomalia,0.0176,0.1447,0.0684,-0.5728,2880.0
Anomalia,0.0065,0.1385,-0.0611,-0.2913,2640.0
Anomalia,0.0104,0.1358,-0.1155,-0.0813,2640.0
Anomalia,0.0198,0.1005,-0.5445,0.3781,3360.0
Anomalia,0.0173,0.0935,-0.5272,0.7187,3360.0
Anomalia,0.0185,0.0957,-0.0406,-0.2223,3360.0
Anomalia,0.0129,0.0918,0.0428,-0.2454,3360.0
Anomalia,0.0043,0.1006,0.1897,-0.3009,3360.0
Anomalia,0.0115,0.1106,0.1458,-0.4273,3360.0
Anomalia,0.0128,0.1028,0.0194,-0.2488,2880.0
Anomalia,0.0196,0.1141,-0.019,-0.5269,2880.0
Anomalia,0.0206,0.1043,-0.0539,-0.2193,2880.0
Anomalia,0.0172,0.1227,-0.166,-0.4928,2880.0
Anomalia,0.0143,0.156,-0.0919,-0.598,2880.0
Anomalia,0.0111,0.1756,-0.0117,-0.5871,2880.0
Anomalia,0.0041,0.1867,0.0415,-0.9467,2880.0
Anomalia,0.0047,0.1741,0.052,-0.5889,2640.0
Anomalia,0.0189,0.1431,-0.1201,0.3001,2640.0
Anomalia,0.013,0.1019,-0.1485,0.2391,2880.0
Anomalia,0.0153,0.0753,0.6409,0.4392,2880.0
Anomalia,0.0157,0.0808,0.2137,0.3213,3120.0
Anomalia,0.003,0.071,0.1943,0.9456,2880.0
Anomalia,0.0109,0.0864,0.1144,-0.2041,2880.0
Anomalia,0.0178,0.0944,-0.0438,-0.6493,2880.0
Anomalia,0.0174,0.0858,0.1178,-0.8508,3360.0
Anomalia,0.0154,0.1187,-0.1308,0.0135,2880.0
Anomalia,0.0148,0.1287,-0.1645,-0.3418,2640.0
Anomalia,0.0155,0.144,-0.07,-0.8221,2640.0
Anomalia,0.0128,0.1441,-0.0476,-0.8264,2640.0
Anomalia,0.0157,0.1229,0.0001,-0.8729,2640.0
Anomalia,0.0161,0.1118,0.1408,-0.7307,3120.0
Anomalia,0.0068,0.1148,-0.1044,-0.4937,3120.0
Anomalia,0.0123,0.1196,-0.165,-0.6582,2640.0
Anomalia,0.022,0.1301,-0.182,-0.7993,2880.0
Anomalia,0.0086,0.134,-0.181,-0.8351,2880.0
Anomalia,0.0214,0.1332,-0.0462,-0.7459,2640.0
Anomalia,0.0096,0.1377,-0.0192,-0.7512,3120.0
Anomalia,-0.0022,0.1278,0.0345,-0.4728,2880.0
Anomalia,0.0159,0.1217,-0.0586,-0.3808,3120.0
Anomalia,0.0118,0.1254,-0.0541,-0.3248,2640.0
Anomalia,0.0169,0.1432,0.0124,-0.6176,3120.0
Anomalia,0.0194,0.143,-0.0236,-0.5914,2880.0
Anomalia,0.008,0.1638,0.0325,-1.0284,2880.0
Anomalia,0.006,0.1743,-0.0395,-1.0991,2880.0
Anomalia,0.0136,0.1667,-0.1013,-0.9727,2880.0
Anomalia,0.0155,0.191,-0.0315,-1.3304,2640.0
Anomalia,0.0196,0.1914,-0.0191,-1.2972,2880.0
Anomalia,0.0179,0.1939,0.0086,-1.0606,2880.0
Anomalia,0.0091,0.192,0.0427,-0.9592,2880.0
Anomalia,0.0093,0.1857,0.0527,-0.7761,3360.0
Anomalia,0.0109,0.1629,0.0149,0.024,3360.0
Anomalia,0.0083,0.1479,0.055,-0.2623,3360.0
Anomalia,0.0199,0.1447,0.0393,-0.3466,3360.0
Anomalia,0.0071,0.1233,-0.032,-0.1571,3360.0
Anomalia,0.0122,0.1336,-0.0206,-0.5601,3360.0
Anomalia,0.0063,0.1119,0.1513,-0.3841,3600.0
Anomalia,0.0027,0.0995,0.0721,-0.2308,2640.0
Anomalia,0.0172,0.0988,0.0378,-0.4433,2640.0
Anomalia,0.0182,0.0861,-0.2291,-0.4901,2640.0
Anomalia,0.023,0.0872,-0.1443,-0.5085,3360.0
Anomalia,0.0146,0.0941,-0.0696,-0.7307,3360.0
Anomalia,0.0029,0.1127,-0.0967,-0.1397,3360.0
Anomalia,0.0078,0.1207,-0.0384,-0.5437,3360.0
Anomalia,0.0043,0.1304,-0.1361,-0.7676,3360.0
Anomalia,0.0141,0.1418,-0.1073,-0.7211,2880.0
Anomalia,0.0243,0.1296,-0.1412,-0.6219,3360.0
Anomalia,0.0064,0.1308,-0.003,-0.6884,3360.0
Anomalia,0.0098,0.1243,0.0626,-0.5949,2880.0
Anomalia,0.0091,0.1034,-0.2422,-0.712,3360.0
Anomalia,0.0085,0.0999,-0.2883,-0.6681,3360.0
Anomalia,0.0169,0.1003,-0.0844,-0.7568,2640.0
Anomalia,0.0156,0.093,0.0429,-0.7241,2640.0
Anomalia,0.007,0.0884,0.1938,-0.586,2640.0
Anomalia,0.0078,0.0812,0.2119,-0.1746,2640.0
Anomalia,0.0091,0.0841,0.1532,0.2488,2640.0
Anomalia,0.0152,0.0907,0.0365,0.0017,3120.0
Anomalia,0.0177,0.1048,-0.0639,-0.4784,2880.0
Anomalia,0.0169,0.1112,-0.0214,-0.7927,2880.0
Anomalia,0.0108,0.1077,0.01,-0.9043,3360.0
Anomalia,0.0079,0.1192,0.0373,-0.7045,3360.0
Anomalia,0.0024,0.1146,0.1519,-0.5446,3360.0
Anomalia,0.0078,0.1127,0.0652,-0.4629,3360.0
Anomalia,0.0123,0.1054,0.0264,-0.1331,3360.0
Anomalia,0.0173,0.0806,0.1231,-0.1589,2880.0
Anomalia,0.0288,0.0861,0.3993,-0.0808,3120.0
Anomalia,0.0053,0.0878,0.3407,0.0551,2640.0
Anomalia,0.0112,0.1024,0.479,-0.0578,2880.0
Anomalia,0.0043,0.1347,0.0916,-0.5007,2880.0
Anomalia,0.0028,0.1345,0.049,-0.5802,2880.0
Anomalia,0.0248,0.1367,-0.2547,-0.5102,2880.0
Anomalia,0.0139,0.1385,-0.2511,-0.7511,2880.0
Anomalia,0.0135,0.1123,-0.1164,-0.7405,2880.0
Anomalia,0.0116,0.1048,-0.1054,-0.4612,2880.0
Anomalia,0.0071,0.1035,-0.0048,-0.3918,3360.0
Anomalia,0.0161,0.1314,0.3574,0.0872,2880.0
Anomalia,0.0201,0.1435,0.2467,-0.5233,2880.0
Anomalia,0.0112,0.1435,0.3195,-0.4979,2880.0
Anomalia,0.0124,0.1485,0.2496,-0.699,2880.0
Anomalia,0.0029,0.119,0.0523,-0.8439,2880.0
Anomalia,0.0096,0.126,0.0636,-0.8077,3120.0
Anomalia,0.0224,0.1408,-0.031,-1.0807,3120.0
Anomalia,0.0105,0.1344,0.1449,-0.9444,2880.0
Anomalia,0.0172,0.1321,0.1075,-0.9621,3360.0
Anomalia,0.0038,0.1139,0.234,-0.8127,2880.0
Anomalia,0.0021,0.0969,0.0947,-1.0678,2400.0
Anomalia,0.0137,0.1084,0.0173,-1.0885,2880.0
Anomalia,0.0189,0.1594,0.329,-0.1253,2880.0
Anomalia,0.0183,0.1759,0.1304,-0.4667,2880.0
Anomalia,0.0095,0.1781,0.2657,-0.5237,2880.0
Anomalia,0.0064,0.1776,0.2813,-0.4637,2640.0
Anomalia,0.0046,0.1496,0.0643,-0.6505,2640.0
Anomalia,0.0209,0.1491,0.1742,-1.0931,2640.0
Anomalia,0.0169,0.1668,-0.0346,-1.1647,2640.0
Anomalia,0.0245,0.1635,-0.0676,-1.0589,2880.0
Anomalia,0.0122,0.1658,-0.0211,-1.0925,2880.0
Anomalia,0.0018,0.1524,-0.061,-0.9201,2880.0
Anomalia,0.0125,0.1398,0.0237,-0.9395,2880.0
Anomalia,0.0046,0.1619,-0.0648,-0.8192,2880.0
Anomalia,0.0162,0.1615,-0.1926,-0.5106,2880.0
Anomalia,0.0166,0.1608,-0.2287,-0.4261,2880.0
Anomalia,0.0134,0.1632,-0.2185,-0.4843,2880.0
Anomalia,0.0091,0.133,-0.0399,-0.0073,2880.0
Anomalia,0.0027,0.1116,-0.006,-0.2602,2640.0
Anomalia,0.0155,0.1186,0.2515,-0.2096,3360.0
Anomalia,0.0165,0.13,0.1418,0.0909,3360.0
Anomalia,0.021,0.1544,-0.013,-0.6955,3360.0
Anomalia,0.0135,0.1805,-0.0763,-0.9363,2640.0
Anomalia,0.0018,0.1765,-0.0148,-0.9047,2640.0
Anomalia,0.0009,0.1656,-0.0764,-0.8604,2640.0
Anomalia,0.0104,0.1617,-0.0907,-0.785,2640.0
Anomalia,0.017,0.1379,-0.0033,-1.1147,2640.0
Anomalia,0.0242,0.1416,-0.0251,-1.2416,2880.0
Anomalia,0.0162,0.1304,0.2516,-1.0832,2880.0
Anomalia,-0.0003,0.1165,0.1852,-1.0635,2880.0
Anomalia,0.0052,0.1073,0.1769,-0.9174,2640.0
Anomalia,0.0034,0.0906,-0.0418,-0.6175,3120.0
Anomalia,0.0162,0.0863,-0.1017,-0.4548,2880.0
Anomalia,0.0186,0.1108,-0.4037,0.7855,3120.0
Anomalia,0.0242,0.1186,-0.2766,0.48,2880.0
Anomalia,0.0108,0.1266,-0.1397,-0.2363,2880.0
Anomalia,0.0039,0.1279,-0.0343,-0.3647,2880.0
Anomalia,0.0115,0.0975,0.0746,-0.2398,3120.0
Anomalia,0.0077,0.0986,0.0418,-0.3483,2640.0
Anomalia,0.0177,0.0991,0.0476,-0.401,2640.0
Anomalia,0.0188,0.1169,-0.2353,-0.3962,2640.0
Anomalia,0.0137,0.1212,-0.1391,-0.6771,2640.0
Anomalia,0.0057,0.1166,-0.2252,-0.6798,3360.0
Anomalia,0.0041,0.1073,-0.2386,-0.2892,3360.0
Anomalia,0.0151,0.0987,-0.1898,-0.6612,3360.0
Anomalia,0.0126,0.1073,-0.1702,-0.9124,3360.0
Anomalia,0.0223,0.0983,-0.3196,-0.5821,3120.0
Anomalia,0.0131,0.1017,-0.2181,-0.8933,3120.0
Anomalia,0.0014,0.097,-0.1181,-0.9711,2880.0
Anomalia,0.0066,0.0814,-0.2634,-0.8284,2880.0
Anomalia,0.0085,0.0944,0.3224,-0.2205,2640.0
Anomalia,0.0173,0.1074,0.3704,-0.2906,3120.0
Anomalia,0.0249,0.1045,0.3727,-0.1104,3360.0
Anomalia,0.0145,0.1184,0.1313,-0.3936,3360.0
Anomalia,0.0079,0.1072,0.0214,-0.0609,3360.0
Anomalia,0.0058,0.0957,-0.2245,-0.0875,3360.0
Anomalia,0.0075,0.1073,0.0817,-0.3352,2400.0
Anomalia,0.0183,0.1015,0.2408,-0.6779,2640.0
Anomalia,0.0127,0.108,0.1182,-0.7725,2640.0
Anomalia,0.0121,0.1089,0.088,-0.7643,2640.0
Anomalia,0.0083,0.094,-0.2301,-0.5854,3360.0
Anomalia,0.0134,0.1062,0.2331,0.1844,2400.0
Anomalia,0.0134,0.1309,0.1493,0.2867,2640.0
Anomalia,0.0187,0.1259,0.0818,0.7437,2880.0
Anomalia,0.0163,0.1615,0.0454,-0.2099,2880.0
Anomalia,0.0033,0.1573,0.1071,-0.0716,2880.0
Anomalia,0.0129,0.1432,0.0965,0.1515,2880.0
Anomalia,0.0133,0.1484,0.0851,-0.1672,2880.0
Anomalia,0.0134,0.1248,0.0305,-0.5189,2880.0
Anomalia,0.0184,0.1189,0.0911,-0.4681,3360.0
Anomalia,0.0139,0.1086,-0.0182,-0.2007,3360.0
Anomalia,0.0054,0.1059,0.0112,-0.0465,3360.0
Anomalia,0.0106,0.0918,0.1455,0.2992,3360.0
Anomalia,0.0164,0.1299,0.0772,1.1346,3360.0
Anomalia,0.0135,0.1535,0.0441,-0.0194,2880.0
Anomalia,0.017,0.1593,-0.0521,-0.2535,2880.0
Anomalia,0.0193,0.1745,-0.0376,-0.7164,2880.0
Anomalia,-0.0001,0.1499,0.1209,-0.695,2880.0
Anomalia,0.0117,0.1378,0.1202,-0.6184,2880.0
Anomalia,0.0111,0.1298,0.2764,-0.4121,2880.0
Anomalia,0.0015,0.1194,0.3203,-0.6496,2880.0
Anomalia,0.0234,0.1153,0.2489,-0.6042,2880.0
Anomalia,0.0117,0.1072,0.1462,-0.704,2880.0
Anomalia,0.0108,0.1136,0.0768,-0.9619,2880.0
Anomalia,0.0124,0.0993,0.1607,-0.7702,2880.0
Anomalia,0.0022,0.1101,0.026,-1.0754,2880.0
Anomalia,0.0142,0.1106,-0.095,-1.0474,2880.0
Anomalia,0.0186,0.1008,-0.1322,-0.6594,2880.0
Anomalia,0.0222,0.1406,-0.0099,-0.1426,2640.0
Anomalia,0.0144,0.142,-0.007,-0.0615,2880.0
Anomalia,0.0016,0.1341,0.1649,0.4651,2880.0
Anomalia,0.0067,0.1406,0.1518,0.0558,2880.0
Anomalia,0.0123,0.1106,-0.0297,-0.1317,2880.0
Anomalia,0.0195,0.0894,0.6303,0.1,2880.0
Anomalia,0.0185,0.1157,0.0625,-0.3107,2880.0
Anomalia,0.0077,0.1282,-0.0782,-0.6367,2880.0
Anomalia,0.0018,0.1216,-0.1719,-0.5192,2880.0
Anomalia,0.0115,0.1272,-0.2876,-0.7028,2880.0
Anomalia,0.0071,0.1049,-0.2303,-0.3328,2880.0
Anomalia,0.0212,0.0795,-0.1352,-0.5958,3120.0
Anomalia,0.0173,0.0729,0.1141,-0.7195,3120.0
Anomalia,0.0117,0.1008,-0.19,0.264,2640.0
Anomalia,0.0144,0.1309,-0.2097,-0.4163,2640.0
Anomalia,0.0043,0.1392,0.0012,-0.7912,2640.0
Anomalia,0.0076,0.1618,-0.1148,-1.0176,2640.0
Anomalia,0.0154,0.1556,-0.0927,-0.7563,2640.0
Anomalia,0.0173,0.1363,-0.1253,-0.1902,3360.0
Anomalia,0.0114,0.1646,-0.3403,-0.3913,3360.0
Anomalia,0.0182,0.1453,-0.4455,0.3017,3360.0
Anomalia,0.0012,0.1325,-0.4446,0.6941,3360.0
Anomalia,0.0116,0.151,-0.1211,0.1248,3360.0
Anomalia,0.0209,0.1203,0.7151,0.32,3120.0
Anomalia,0.0119,0.1194,0.7862,0.4567,3360.0
Anomalia,0.0203,0.1247,0.6069,-0.0136,2640.0
Anomalia,0.0066,0.0929,0.6778,0.5514,2640.0
Anomalia,0.0086,0.0832,0.1588,-0.6609,2640.0
Anomalia,0.0073,0.0834,0.1435,-0.5073,2880.0
Anomalia,0.0185,0.0832,0.0837,-0.4295,2640.0
Anomalia,0.0242,0.1147,-0.129,0.0827,2640.0
Anomalia,0.0158,0.1524,-0.2674,-0.0289,2640.0
Anomalia,0.0127,0.1767,-0.2033,-0.771,2880.0
Anomalia,0.0057,0.1817,-0.0521,-0.9006,2880.0
Anomalia,0.0024,0.1779,-0.0531,-0.8789,2640.0
Anomalia,0.0156,0.1565,-0.0322,-0.9321,3120.0
Anomalia,0.0188,0.1303,0.1402,-0.7034,3360.0
Anomalia,0.0033,0.1573,-0.2461,-0.5682,3360.0
Anomalia,0.0162,0.1642,-0.1165,-0.4812,2880.0
Anomalia,0.002,0.1635,-0.0016,-0.5083,2880.0
Anomalia,0.0109,0.1785,0.0,-0.8855,2880.0
Anomalia,0.0243,0.1423,0.3786,-0.469,2880.0
Anomalia,0.014,0.1117,0.3596,0.6098,2880.0
Anomalia,0.0107,0.0923,0.9599,2.72,2880.0
Anomalia,0.0073,0.0467,0.5597,0.8592,2640.0
Anomalia,0.0111,0.0461,0.3833,1.0054,3120.0
Anomalia,0.013,0.0506,0.3029,0.0773,3360.0
Anomalia,0.0225,0.0649,-0.0334,-0.0491,3360.0
Anomalia,0.0139,0.0618,-0.1393,-0.1198,3360.0
Anomalia,0.0131,0.0817,-0.069,-0.1045,3360.0
Anomalia,0.0126,0.0879,0.149,-0.1647,2640.0
Anomalia,0.005,0.0826,0.3086,0.2398,2640.0
Anomalia,0.0161,0.0984,0.3698,-0.2852,2640.0
Anomalia,0.0076,0.1088,0.1127,-0.1042,2640.0
Anomalia,0.0109,0.1289,0.1038,-0.5862,2880.0
Anomalia,0.014,0.1536,-0.0131,-0.9786,2880.0
Anomalia,0.0147,0.1493,-0.1201,-0.8805,2880.0
Anomalia,0.0187,0.1468,-0.0868,-0.8562,2640.0
Anomalia,0.014,0.1244,-0.1276,-0.1447,3120.0
Anomalia,0.0193,0.1091,-0.0282,-0.0129,2640.0
Anomalia,0.0092,0.116,0.2161,-0.2144,3120.0
Anomalia,0.0103,0.121,0.2434,-0.4343,2880.0
Anomalia,0.0081,0.1281,0.2318,-0.8261,2880.0
Anomalia,0.0099,0.1273,0.1498,-0.9647,3360.0
Anomalia,0.0177,0.125,0.1028,-0.842,3360.0
Anomalia,0.0261,0.1125,0.2629,-0.2803,3360.0
Anomalia,0.0195,0.1387,-0.2019,-0.3768,2880.0
Anomalia,0.01,0.1324,-0.1165,-0.2341,2640.0
Anomalia,0.0029,0.1211,-0.1609,0.3174,2640.0
Anomalia,-0.0035,0.1243,-0.1032,-0.073,2400.0
Anomalia,0.0163,0.1303,0.4407,0.029,3120.0
Anomalia,0.0203,0.1277,0.4353,0.1586,3120.0
Anomalia,0.0213,0.1492,0.0768,-0.6693,3360.0
Anomalia,0.0124,0.1429,0.1359,-0.4417,3360.0
Anomalia,0.0082,0.1098,-0.3012,-0.206,3360.0
Anomalia,0.0051,0.11,-0.1671,-0.2498,2640.0
Anomalia,0.0105,0.0916,0.3246,-0.2617,2880.0
Anomalia,0.0213,0.1044,0.2332,-0.6997,3360.0
Anomalia,0.0109,0.1134,0.1579,-0.546,3120.0
Anomalia,0.0122,0.1208,-0.0746,-0.6991,2880.0
Anomalia,0.0112,0.1153,-0.2323,-0.5867,2880.0
Anomalia,0.0024,0.1068,-0.3033,-0.3189,2640.0
Anomalia,0.0153,0.1104,-0.1439,-0.2662,2640.0
Anomalia,0.0143,0.1177,-0.1469,-0.3967,3360.0
Anomalia,0.0199,0.12,-0.1479,-0.367,3360.0
Anomalia,0.0121,0.1224,-0.0413,-0.6322,3360.0
Anomalia,0.0053,0.1274,0.086,-0.1766,2880.0
Anomalia,0.0083,0.1319,0.299,0.2117,2880.0
Anomalia,0.0019,0.1457,0.2998,-0.405,3360.0
Anomalia,0.0247,0.1413,0.0131,-0.1875,3120.0
Anomalia,0.0239,0.133,0.0028,-0.3671,3120.0
Anomalia,0.0145,0.1202,-0.0051,-0.8608,3360.0
Anomalia,0.0132,0.1002,0.0537,-0.8108,2880.0
Anomalia,-0.0006,0.1142,0.2302,-0.4536,3120.0
Anomalia,0.0107,0.1535,0.5091,0.1587,3120.0
Anomalia,0.0169,0.1608,0.3545,-0.1359,2880.0
Anomalia,0.022,0.1644,0.2636,-0.3309,3360.0
Anomalia,0.0176,0.1626,0.2655,-0.2748,2880.0
Anomalia,0.0053,0.1223,-0.1048,-0.6448,3120.0
Anomalia,0.0072,0.107,-0.1433,-0.5392,2400.0
Anomalia,0.0024,0.1175,-0.0983,-0.7701,2400.0
Anomalia,0.0194,0.1087,-0.1349,-0.7896,2640.0
Anomalia,0.0138,0.1042,-0.0426,-0.6972,2640.0
Anomalia,0.0169,0.1431,-0.1961,0.4387,3120.0
Anomalia,0.0151,0.1527,-0.2464,0.2033,2880.0
Anomalia,0.0022,0.1534,-0.0658,0.0753,2880.0
Anomalia,0.0133,0.1536,-0.2364,0.1497,2880.0
Anomalia,0.0164,0.1228,-0.3913,0.0357,3600.0
Anomalia,0.0118,0.1208,-0.3418,-0.2533,3120.0
Anomalia,0.0163,0.1275,-0.3833,-0.4041,2880.0
Anomalia,0.0097,0.1342,-0.2588,-0.7553,2880.0
Anomalia,0.0087,0.1426,-0.1686,-0.9621,2880.0
Anomalia,0.013,0.1253,-0.1204,-0.9036,2880.0
Anomalia,0.0108,0.1404,-0.1236,-0.8649,2880.0
Anomalia,0.0111,0.1552,-0.0576,-1.0582,2880.0
Anomalia,0.007,0.1531,0.0633,-0.8504,2880.0
Anomalia,0.0111,0.1542,0.0648,-0.8519,2640.0
Anomalia,0.0035,0.1353,0.2823,-0.5366,2880.0
Anomalia,0.013,0.1409,0.4979,-0.1469,2880.0
Anomalia,0.0122,0.1304,0.5899,0.0248,2880.0
Anomalia,0.0026,0.1404,0.4523,-0.2535,2880.0
Anomalia,0.0225,0.1699,0.1894,-0.7527,2880.0
Anomalia,0.0104,0.1675,0.0591,-0.8781,2880.0
Anomalia,0.0112,0.1714,0.0128,-0.9686,2880.0
Anomalia,0.0185,0.1584,-0.0213,-0.5336,2640.0
Anomalia,0.0148,0.1352,-0.1899,-0.4809,2880.0
Anomalia,0.0161,0.1366,-0.2415,0.0375,2880.0
Anomalia,0.0067,0.1324,-0.218,0.251,2880.0
Anomalia,0.0124,0.1476,-0.1775,-0.3731,2880.0
Anomalia,0.0048,0.1562,-0.0612,-0.5357,2880.0
Anomalia,0.0181,0.1713,0.3274,-0.0593,2640.0
Anomalia,0.024,0.2,0.0348,-0.7521,2640.0
Anomalia,0.0147,0.2077,0.0125,-0.8087,2640.0
Anomalia,-0.0016,0.2075,0.1018,-0.7911,2640.0
Anomalia,-0.0007,0.1899,-0.0975,-0.8625,2640.0
Anomalia,0.0008,0.1667,-0.0304,-0.5198,2880.0
Anomalia,0.011,0.1606,0.1146,-0.7263,2880.0
Anomalia,0.0328,0.1467,0.2512,-0.7107,2880.0
Anomalia,0.0152,0.1395,0.0987,-0.8605,2880.0
Anomalia,0.0198,0.1469,0.0131,-0.9584,2880.0
Anomalia,0.0029,0.1254,0.1945,-0.3601,2880.0
Anomalia,0.0001,0.1237,0.1041,-0.29,3120.0
Anomalia,0.0164,0.1203,0.0266,-0.322,3120.0
Anomalia,0.0137,0.1162,-0.0275,-0.5719,2880.0
Anomalia,0.0187,0.128,-0.1434,-0.9382,2880.0
Anomalia,0.0161,0.1328,-0.189,-0.8665,2880.0
Anomalia,0.006,0.1439,-0.1085,-0.8049,2880.0
Anomalia,0.0045,0.1404,-0.1495,-0.7535,2880.0
Anomalia,0.0155,0.1423,-0.3133,-0.6537,2640.0
Anomalia,0.0106,0.1676,-0.2115,-0.8072,3360.0
Anomalia,0.0129,0.1521,-0.3421,-0.3854,2880.0
Anomalia,0.0112,0.1463,-0.3495,-0.1897,3120.0
Anomalia,-0.0003,0.1379,-0.2682,0.0851,3120.0
Anomalia,0.0107,0.0921,-0.6905,-0.1807,3120.0
Anomalia,0.0061,0.0977,-0.2622,-0.8951,3360.0
Anomalia,0.0191,0.1124,0.2017,-0.3993,2880.0
Anomalia,0.0175,0.139,-0.013,-0.7031,2880.0
Anomalia,0.0131,0.1527,0.0529,-1.1249,2880.0
Anomalia,0.0042,0.1623,-0.0323,-1.0373,2880.0
Anomalia,-0.0011,0.1538,-0.1383,-0.9871,2880.0
Anomalia,0.0081,0.1297,-0.368,-0.4361,2880.0
Anomalia,0.0146,0.1199,-0.5379,0.1033,2880.0
Anomalia,0.0209,0.0961,0.0202,-0.6718,2880.0
Anomalia,0.0202,0.0811,0.1938,-0.5029,2640.0
Anomalia,0.008,0.0771,0.4094,-0.2037,3120.0
Anomalia,-0.0066,0.0938,-0.1958,0.1435,3120.0
Anomalia,0.0129,0.1065,-0.1584,-0.245,2880.0
Anomalia,0.0082,0.1146,-0.0435,-0.7104,2880.0
Anomalia,0.0199,0.1182,-0.2442,-0.7725,2880.0
Anomalia,0.0205,0.0941,0.2091,-0.7563,2880.0
Anomalia,0.0051,0.0877,-0.0192,-0.764,2880.0
Anomalia,0.011,0.0869,0.0293,-0.639,2400.0
Anomalia,0.0062,0.0802,0.0615,-0.2752,2640.0
Anomalia,0.0131,0.0875,-0.0959,-0.6229,2640.0
Anomalia,0.0151,0.1205,0.0868,0.2248,3120.0
Anomalia,0.0103,0.1374,0.0788,-0.3498,2880.0
Anomalia,0.0126,0.164,-0.0231,-0.777,2880.0
Anomalia,0.0124,0.1608,-0.011,-0.6279,2880.0
Anomalia,0.0097,0.1462,0.0384,-0.4237,2640.0
Anomalia,0.0062,0.1646,-0.0468,-0.0759,3120.0
Anomalia,0.0134,0.161,0.104,0.1153,2640.0
Anomalia,0.0074,0.1765,0.0624,-0.5643,2880.0
Anomalia,0.0152,0.1804,-0.0703,-0.6719,2880.0
Anomalia,0.0192,0.1545,-0.0174,-0.7264,2880.0
Anomalia,0.0062,0.1464,-0.2005,-1.1199,3360.0
Anomalia,0.0167,0.1322,-0.239,-0.8656,3360.0
Anomalia,0.0064,0.1183,-0.1534,-0.7892,3360.0
Anomalia,0.011,0.1113,-0.167,-0.7125,3360.0
Anomalia,0.012,0.0943,-0.0076,-0.6365,3360.0
Anomalia,0.0081,0.0849,-0.0141,-0.2028,2640.0
Anomalia,0.0097,0.0693,-0.2528,0.5682,2640.0
Anomalia,0.0135,0.0668,-0.2353,0.0778,3360.0
Anomalia,0.014,0.0808,-0.4666,1.0676,3360.0
Anomalia,0.0148,0.0892,-0.3828,0.1757,3360.0
Anomalia,0.0117,0.1029,-0.2477,-0.7258,3360.0
Anomalia,0.0063,0.101,-0.2185,-0.7098,3360.0
Anomalia,0.011,0.0963,-0.1163,-1.0931,3360.0
Anomalia,0.0109,0.1274,0.0046,-0.3882,3360.0
Anomalia,0.0128,0.1323,-0.0657,-0.4703,3120.0
Anomalia,0.0085,0.1435,-0.0562,-0.8955,3360.0
Anomalia,0.01,0.1504,-0.022,-1.0851,2880.0
Anomalia,0.0093,0.1294,-0.0802,-1.209,3120.0
Anomalia,0.0154,0.1453,0.0307,-0.9624,3120.0
Anomalia,0.0207,0.1351,0.0494,-0.6352,3120.0
Anomalia,0.0156,0.1182,0.1722,0.3498,3360.0
Anomalia,0.0082,0.1148,0.2701,0.5592,3360.0
Anomalia,0.0011,0.0768,-0.07,-0.649,3360.0
Anomalia,0.0072,0.0752,-0.0504,-0.401,2640.0
Anomalia,0.0103,0.1014,-0.0667,-0.5438,3360.0
Anomalia,0.0191,0.1109,-0.1045,-0.5258,2880.0
Anomalia,0.0246,0.1252,-0.3459,-0.4169,2880.0
Anomalia,0.0119,0.1321,-0.1966,-0.7525,3360.0
Anomalia,0.0029,0.1355,-0.2684,-0.7296,2640.0
Anomalia,0.0012,0.1361,-0.1352,-0.6097,2640.0
Anomalia,0.004,0.1243,-0.1147,-0.3714,2640.0
Anomalia,0.0126,0.1222,-0.1591,-0.3697,2640.0
Anomalia,0.0148,0.1109,0.1053,-0.4199,3120.0
Anomalia,0.0159,0.1231,-0.0703,-0.6701,3120.0
Anomalia,0.0085,0.159,-0.0673,-0.7324,3120.0
Anomalia,0.0021,0.1629,0.0544,-0.8421,2880.0
Anomalia,0.0142,0.1651,-0.0358,-0.8379,2880.0
Anomalia,0.0141,0.1466,-0.0489,-0.1959,2880.0
Anomalia,0.0196,0.1082,0.2903,-0.2574,2880.0
Anomalia,0.0125,0.1022,0.2032,-0.1364,2880.0
Anomalia,0.0113,0.1185,0.001,-0.1621,2880.0
Anomalia,0.0012,0.1234,0.031,-0.2993,2880.0
Anomalia,0.0028,0.1274,-0.0317,-0.5648,2880.0
Anomalia,0.0195,0.1429,-0.0127,-0.6367,3360.0
Anomalia,0.0209,0.1188,0.0691,0.0014,2640.0
Anomalia,0.0152,0.1214,0.0888,-0.2736,2640.0
Anomalia,0.0112,0.1197,0.1511,-0.2586,2640.0
Anomalia,-0.0011,0.0887,-0.1275,-0.371,2880.0
Anomalia,0.0021,0.0945,-0.0807,-0.6365,2880.0
Anomalia,0.0191,0.0834,0.1758,-0.7318,3360.0
Anomalia,0.0188,0.1082,0.1651,0.5285,3360.0
Anomalia,0.0192,0.1124,0.1108,0.1391,2880.0
Anomalia,0.009,0.1251,0.1809,-0.2432,3360.0
Anomalia,0.0045,0.1341,0.2906,-0.5805,2880.0
Anomalia,0.0073,0.1127,0.1956,-0.5311,2880.0
Anomalia,0.0108,0.1232,0.0517,-0.6681,2880.0
Anomalia,0.0134,0.132,0.0453,-0.7236,2880.0
Anomalia,0.0153,0.1235,-0.0383,-0.4149,2880.0
Anomalia,0.0138,0.1419,0.0032,-0.6393,2880.0
Anomalia,0.011,0.1576,0.0318,-0.7798,2880.0
Anomalia,0.0084,0.1472,-0.0109,-0.6176,2880.0
Anomalia,0.0094,0.1738,-0.0222,-1.0318,3120.0
Anomalia,0.0092,0.1955,-0.0083,-1.0216,2880.0
Anomalia,0.0109,0.1944,-0.0207,-1.06,2880.0
Anomalia,0.0143,0.205,-0.0636,-1.2182,2880.0
Anomalia,0.013,0.1921,-0.0428,-1.0555,2880.0
Anomalia,0.0088,0.1605,0.0057,-1.0571,2880.0
Anomalia,0.0099,0.1446,0.0163,-0.846,3360.0
Anomalia,0.0129,0.1391,0.2008,-0.884,2880.0
Anomalia,0.0095,0.1377,0.1854,-0.9989,2880.0
Anomalia,0.0141,0.1372,0.1245,-1.0322,2880.0
Anomalia,0.0092,0.1354,0.0494,-0.946,2880.0
Anomalia,0.0081,0.1566,0.0238,-0.5445,2880.0
Anomalia,0.0114,0.1761,-0.0387,-0.7476,2880.0
Anomalia,0.0169,0.1828,-0.048,-0.9108,2880.0
Anomalia,0.0213,0.1833,-0.0546,-0.9152,2640.0
Anomalia,0.0124,0.155,0.0053,-0.7772,2640.0
Anomalia,0.0074,0.1359,0.0934,-0.9624,2640.0
Anomalia,0.013,0.1246,-0.15,-0.879,2640.0
Anomalia,0.0086,0.1314,-0.1524,-1.0965,2880.0
Anomalia,0.0175,0.1187,-0.3219,-0.4603,2880.0
Anomalia,0.0193,0.1001,-0.1562,-0.221,2880.0
Anomalia,0.0036,0.0924,-0.1865,-0.0906,3360.0
Anomalia,0.0099,0.0698,-0.2452,-0.3425,2880.0
Anomalia,0.0098,0.0761,0.0141,-0.5885,3600.0
Anomalia,0.0163,0.0804,-0.1861,-0.5718,3600.0
Anomalia,0.0201,0.0745,-0.1118,-0.4719,3600.0
Anomalia,0.011,0.0834,-0.2844,-0.4445,2880.0
Anomalia,0.0106,0.0807,-0.4102,-0.3529,2880.0
Anomalia,0.0089,0.0798,-0.3115,-0.4617,3120.0
Anomalia,0.0091,0.08,-0.3745,-0.4503,3120.0
Anomalia,0.0233,0.0943,0.1792,-0.0456,3360.0
Anomalia,0.0183,0.0939,0.2455,-0.0011,2880.0
Anomalia,0.0146,0.0887,0.3254,0.5016,3120.0
Anomalia,0.0121,0.0892,0.403,0.4122,2880.0
Anomalia,0.0064,0.0603,-0.0949,-0.4214,3360.0
Anomalia,0.0053,0.0614,-0.0284,-0.6779,2880.0
Anomalia,0.021,0.0766,0.4347,-0.3809,2880.0
Anomalia,0.0202,0.0892,-0.0022,0.1158,3120.0
Anomalia,0.0173,0.1115,-0.1519,0.0346,3120.0
Anomalia,0.018,0.1163,-0.2815,-0.0451,3120.0
Anomalia,-0.0016,0.1118,-0.1258,-0.001,2640.0
Anomalia,0.0088,0.1088,-0.2078,0.0128,2640.0
Anomalia,0.0171,0.1078,-0.0772,-0.4732,2640.0
Anomalia,0.0156,0.1173,-0.0083,-0.9546,2640.0
Anomalia,0.0283,0.1394,0.1409,-0.7814,2880.0
Anomalia,0.0108,0.1392,0.3665,-0.7217,2880.0
Anomalia,0.002,0.1442,0.3235,-0.7337,3360.0
Anomalia,0.0066,0.154,0.2472,-0.8073,2880.0
Anomalia,0.0139,0.1452,0.0974,-0.8134,3360.0
Anomalia,0.0248,0.1541,-0.0174,-1.029,3120.0
Anomalia,0.0189,0.1453,0.004,-0.6928,3120.0
Anomalia,0.0143,0.1463,0.019,-0.8606,3360.0
Anomalia,0.0051,0.16,0.0893,-1.0377,2880.0
Anomalia,0.0018,0.1763,0.112,-1.1678,2880.0
Anomalia,0.0201,0.1714,-0.0385,-1.1073,2880.0
Anomalia,0.0215,0.1573,-0.0332,-0.7635,2880.0
Anomalia,0.0158,0.1376,-0.0885,-0.5466,2880.0
Anomalia,0.0171,0.1306,-0.2022,-0.7053,2640.0
Anomalia,0.0028,0.1254,0.0055,-0.6017,2640.0
Anomalia,0.0044,0.1289,0.012,-0.7186,2640.0
Anomalia,0.014,0.1251,-0.0586,-0.4562,2640.0
Anomalia,0.0139,0.1024,0.1075,-0.5953,2880.0
Anomalia,0.0192,0.1115,0.0099,-0.8705,2880.0
Anomalia,0.0166,0.1075,0.2464,-0.8181,3360.0
Anomalia,0.0049,0.1087,0.2415,-0.8644,3360.0
Anomalia,0.0069,0.1361,0.1521,0.0744,2640.0
Anomalia,0.0098,0.1463,0.2191,0.0229,2880.0
Anomalia,0.0088,0.1466,0.1719,-0.0468,2880.0
Anomalia,0.0231,0.1433,-0.0287,0.2197,2880.0
Anomalia,0.021,0.1135,0.1985,0.2421,3360.0
Anomalia,0.0085,0.107,0.1486,-0.7913,2880.0
Anomalia,0.0178,0.1155,0.2132,-0.6249,2880.0
Anomalia,0.0022,0.1223,0.3367,-0.7089,2640.0
Anomalia,0.0108,0.1225,0.1039,-0.7943,2640.0
Anomalia,0.0177,0.1081,-0.0297,-0.3629,2640.0
Anomalia,0.014,0.0922,-0.3887,-0.348,2400.0
Anomalia,0.0165,0.1122,-0.3265,0.3616,2400.0
Anomalia,0.0043,0.1085,-0.1171,0.4805,2640.0
Anomalia,0.0135,0.1079,-0.3125,0.6963,2640.0
Anomalia,0.0125,0.1122,-0.2872,0.3926,2640.0
Anomalia,0.0131,0.097,-0.2365,-0.0023,2640.0
Anomalia,0.0177,0.1342,-0.1831,0.0263,2880.0
Anomalia,0.008,0.1422,0.0002,-0.5057,2880.0
Anomalia,0.0055,0.1567,0.0291,-0.7907,2880.0
