Scenario,AccX_Mean,AccX_Std,AccX_Max,AccX_Min,AccX_RMS,AccX_Skew,AccX_Kurt,AccX_PeakFreq_Hz
Anomalia,0.0205,0.1376,0.339,-0.267,0.1391,0.0976,-0.7963,2640.0
Anomalia,0.0083,0.1347,0.339,-0.267,0.1349,0.1829,-0.6546,2640.0
Anomalia,0.0102,0.1381,0.339,-0.267,0.1384,0.0875,-0.8055,2640.0
Anomalia,0.0138,0.121,0.339,-0.2215,0.1218,0.2177,-0.4893,2880.0
Anomalia,0.0007,0.0992,0.2044,-0.2215,0.0992,-0.1432,-0.8488,2880.0
Anomalia,0.0194,0.0929,0.2044,-0.2155,0.0949,-0.2464,-0.6858,2880.0
Anomalia,0.0184,0.0796,0.1861,-0.1611,0.0818,-0.2222,-0.7242,2640.0
Anomalia,0.0193,0.0819,0.2076,-0.1554,0.0841,0.0327,-0.6977,2640.0
Anomalia,0.0163,0.0849,0.2076,-0.2249,0.0865,-0.1241,-0.2016,2640.0
Anomalia,-0.0032,0.0992,0.2076,-0.2249,0.0992,0.0274,-0.6106,2640.0
Anomalia,0.0062,0.1229,0.3148,-0.2249,0.123,0.2354,-0.6292,2640.0
Anomalia,0.0194,0.1384,0.3361,-0.2249,0.1397,0.2245,-0.8535,2640.0
Anomalia,0.0156,0.148,0.3361,-0.3119,0.1488,0.1068,-0.9558,2640.0
Anomalia,0.0264,0.1502,0.3361,-0.3119,0.1525,0.047,-0.9628,2640.0
Anomalia,0.0122,0.1344,0.3361,-0.3119,0.1349,0.1771,-0.552,2640.0
Anomalia,-0.0052,0.1163,0.2964,-0.3119,0.1164,-0.0372,-0.1291,2640.0
Anomalia,0.0097,0.1397,0.3926,-0.344,0.1401,0.1692,-0.0441,3360.0
Anomalia,0.004,0.1372,0.3926,-0.344,0.1372,0.313,0.2715,2880.0
Anomalia,0.0146,0.1402,0.3926,-0.344,0.1409,0.1805,-0.0022,2880.0
Anomalia,0.0254,0.1488,0.3926,-0.344,0.1509,0.0807,-0.5251,2880.0
Anomalia,0.0098,0.1543,0.3799,-0.3603,0.1546,-0.0083,-0.4782,2880.0
Anomalia,0.0127,0.1608,0.3613,-0.3603,0.1613,-0.1206,-0.7458,2880.0
Anomalia,0.0054,0.1983,0.4053,-0.4348,0.1984,-0.1334,-0.9394,2880.0
Anomalia,0.0022,0.1996,0.4053,-0.4348,0.1996,-0.0724,-0.955,2880.0
Anomalia,0.0218,0.182,0.4053,-0.4348,0.1833,-0.2105,-0.6783,2880.0
Anomalia,0.0234,0.1815,0.4053,-0.4348,0.183,-0.253,-0.636,2880.0
Anomalia,0.0216,0.1552,0.3188,-0.2802,0.1567,-0.0525,-1.1344,2640.0
Anomalia,0.0211,0.1485,0.2912,-0.2802,0.15,-0.0555,-1.0633,2640.0
Anomalia,-0.0016,0.1563,0.2912,-0.3146,0.1563,-0.0908,-1.0366,2640.0
Anomalia,-0.0009,0.1773,0.4381,-0.3711,0.1774,0.167,-0.6736,2880.0
Anomalia,0.0082,0.1962,0.4381,-0.3711,0.1964,0.2131,-0.7859,2880.0
Anomalia,0.011,0.1991,0.4381,-0.3711,0.1994,0.2081,-0.8501,2640.0
Anomalia,0.0209,0.1891,0.4381,-0.3711,0.1902,0.2412,-0.705,2880.0
Anomalia,0.0127,0.1661,0.4118,-0.3194,0.1666,0.2428,-0.5317,2880.0
Anomalia,0.0077,0.122,0.3167,-0.2695,0.1223,0.1376,-0.3563,2880.0
Anomalia,0.0094,0.1114,0.2487,-0.2695,0.1118,-0.1496,-0.2545,2880.0
Anomalia,0.0116,0.097,0.2487,-0.2695,0.0977,-0.1833,0.5404,2880.0
Anomalia,0.0243,0.1103,0.2973,-0.2731,0.1129,0.3064,0.2122,2400.0
Anomalia,0.0188,0.1465,0.3077,-0.3874,0.1477,-0.1606,-0.18,2640.0
Anomalia,0.0057,0.1623,0.3077,-0.3874,0.1624,-0.1085,-0.6964,2640.0
Anomalia,0.0142,0.1806,0.3163,-0.3874,0.1812,-0.0933,-1.1421,2640.0
Anomalia,0.0025,0.2016,0.4076,-0.3874,0.2017,-0.0175,-1.0615,2640.0
Anomalia,0.0132,0.2079,0.4076,-0.3861,0.2084,0.0143,-1.1433,2640.0
Anomalia,0.0229,0.2061,0.4076,-0.3861,0.2074,-0.0105,-1.0806,2640.0
Anomalia,0.0058,0.1896,0.4076,-0.3861,0.1897,0.1756,-0.5624,2640.0
Anomalia,0.0137,0.1485,0.3619,-0.3405,0.1492,0.2308,0.0239,2400.0
Anomalia,0.0096,0.1539,0.431,-0.4195,0.1542,-0.1568,0.7314,2400.0
Anomalia,0.005,0.1667,0.47,-0.4195,0.1667,0.0135,0.5057,2640.0
Anomalia,0.0177,0.1808,0.47,-0.4195,0.1817,-0.1053,-0.2435,2640.0
Anomalia,0.0144,0.1821,0.47,-0.4195,0.1827,-0.0561,-0.3189,2880.0
Anomalia,0.0125,0.1429,0.47,-0.3192,0.1434,0.2592,0.1581,2880.0
Anomalia,0.0096,0.1189,0.2896,-0.3321,0.1193,-0.1361,-0.179,2880.0
Anomalia,0.0065,0.1278,0.3768,-0.3321,0.1279,0.0917,0.3515,2880.0
Anomalia,0.0088,0.132,0.3768,-0.3321,0.1323,0.1048,0.1801,2880.0
Anomalia,0.0184,0.1483,0.3768,-0.3321,0.1494,0.1435,-0.3366,2880.0
Anomalia,0.0167,0.14,0.3768,-0.2981,0.141,0.3955,-0.2428,2880.0
Anomalia,0.0248,0.1508,0.4886,-0.338,0.1528,0.5184,0.1719,2880.0
Anomalia,0.0146,0.1802,0.4886,-0.4151,0.1808,0.187,-0.2421,2880.0
Anomalia,0.002,0.1692,0.4886,-0.4151,0.1692,0.2967,0.2444,2640.0
Anomalia,0.0176,0.1727,0.4886,-0.4151,0.1736,0.0829,-0.0334,2640.0
Anomalia,0.0042,0.161,0.3761,-0.4151,0.1611,-0.2204,-0.3447,2640.0
Anomalia,0.0174,0.1267,0.2545,-0.3021,0.1279,-0.1618,-0.5935,2640.0
Anomalia,0.0182,0.1339,0.2545,-0.3021,0.1351,-0.2586,-0.7612,2640.0
Anomalia,0.0058,0.1269,0.2545,-0.3021,0.127,-0.1405,-0.4894,2640.0
Anomalia,0.0088,0.1067,0.2422,-0.2537,0.107,0.0895,-0.5705,2400.0
Anomalia,0.006,0.1026,0.2401,-0.2537,0.1028,-0.063,-0.5054,2880.0
Anomalia,0.0076,0.1113,0.2466,-0.3146,0.1115,-0.2016,-0.0428,2880.0
Anomalia,0.016,0.1269,0.2466,-0.3146,0.128,-0.274,-0.645,2640.0
Anomalia,0.0112,0.1299,0.2466,-0.3146,0.1304,-0.2465,-0.829,2640.0
Anomalia,0.0089,0.1356,0.3225,-0.3146,0.1359,-0.0191,-0.7479,2640.0
Anomalia,0.0122,0.1369,0.3225,-0.2491,0.1374,0.1565,-0.9161,2640.0
Anomalia,0.0056,0.1393,0.3225,-0.2324,0.1394,0.295,-0.9607,2640.0
Anomalia,0.0176,0.1391,0.3225,-0.2324,0.1402,0.2296,-0.9617,2640.0
Anomalia,0.0131,0.1353,0.3104,-0.2339,0.1359,0.1485,-1.0274,2640.0
Anomalia,0.0094,0.1475,0.3415,-0.3434,0.1478,-0.0195,-0.7201,2400.0
Anomalia,0.0128,0.1588,0.3415,-0.3434,0.1593,-0.0064,-0.8622,2640.0
Anomalia,-0.0043,0.1825,0.3415,-0.4335,0.1825,-0.0368,-0.9516,2640.0
Anomalia,0.012,0.2165,0.4283,-0.4335,0.2168,0.046,-1.1519,2640.0
Anomalia,0.014,0.2108,0.4283,-0.4335,0.2113,0.109,-1.0674,2640.0
Anomalia,0.0133,0.1951,0.4283,-0.4335,0.1955,0.1159,-0.6417,2880.0
Anomalia,0.0132,0.1723,0.4283,-0.3645,0.1728,0.3981,-0.2602,2880.0
Anomalia,-0.0001,0.1408,0.3697,-0.3607,0.1408,-0.0253,-0.3927,2880.0
Anomalia,-0.0,0.1857,0.4754,-0.4552,0.1857,0.0483,0.1139,2880.0
Anomalia,0.0082,0.1972,0.4754,-0.4552,0.1974,0.018,-0.3691,2880.0
Anomalia,0.0177,0.1966,0.4754,-0.4552,0.1974,-0.0634,-0.3401,2880.0
Anomalia,0.0193,0.1862,0.4754,-0.4552,0.1872,0.0285,-0.0199,2880.0
Anomalia,0.0258,0.1511,0.3624,-0.2866,0.1532,0.1316,-0.8427,2880.0
Anomalia,0.0014,0.1369,0.3624,-0.2866,0.1369,0.3918,-0.2219,2880.0
Anomalia,0.007,0.1371,0.3624,-0.2866,0.1373,0.3047,-0.2751,2880.0
Anomalia,0.0079,0.1441,0.3624,-0.2866,0.1443,0.2284,-0.5727,2880.0
Anomalia,0.0038,0.1124,0.2424,-0.242,0.1124,0.0922,-0.8577,2880.0
Anomalia,0.0252,0.1141,0.2635,-0.2255,0.1168,-0.0388,-0.9795,2880.0
Anomalia,0.0109,0.1448,0.3088,-0.3361,0.1452,-0.2304,-0.5968,2880.0
Anomalia,0.0038,0.1649,0.343,-0.3369,0.1649,-0.153,-0.7409,2640.0
Anomalia,0.0016,0.1711,0.343,-0.3369,0.1711,-0.1212,-0.9574,2640.0
Anomalia,-0.0072,0.1915,0.3617,-0.3369,0.1916,0.0608,-1.1566,2880.0
Anomalia,0.0098,0.1949,0.4143,-0.3369,0.1951,0.0823,-1.1052,2880.0
Anomalia,0.0188,0.1902,0.4143,-0.3342,0.1911,0.098,-1.0947,2880.0
Anomalia,0.019,0.1951,0.4143,-0.3342,0.196,0.0929,-1.1627,2880.0
Anomalia,0.0167,0.1763,0.4143,-0.3342,0.1771,0.1257,-0.9776,2880.0
Anomalia,0.0041,0.1451,0.3432,-0.2741,0.1452,0.1823,-0.7143,2640.0
Anomalia,0.0004,0.1217,0.3075,-0.2608,0.1217,0.1284,-0.7273,2640.0
Anomalia,0.0103,0.1054,0.2186,-0.2222,0.106,0.0716,-0.9111,2640.0
Anomalia,0.0141,0.1046,0.2186,-0.1951,0.1056,0.1424,-0.9572,2400.0
Anomalia,0.0156,0.0996,0.2186,-0.1951,0.1008,0.1391,-0.6978,2400.0
Anomalia,0.01,0.0906,0.2186,-0.1951,0.0912,0.2202,-0.3553,3360.0
Anomalia,0.0004,0.0782,0.2001,-0.1951,0.0782,0.0242,-0.1378,2880.0
Anomalia,0.0033,0.1061,0.3405,-0.296,0.1061,0.2538,1.2221,2880.0
Anomalia,0.0067,0.1372,0.3405,-0.31,0.1374,0.1711,0.0051,2880.0
Anomalia,0.0156,0.1528,0.3405,-0.31,0.1536,-0.0407,-0.5293,2880.0
Anomalia,0.0085,0.1873,0.3405,-0.3599,0.1875,-0.0621,-1.0983,2880.0
Anomalia,0.0105,0.1866,0.3263,-0.3599,0.1869,-0.079,-1.1239,2880.0
Anomalia,0.0089,0.1816,0.3236,-0.3599,0.1818,-0.0786,-1.1564,2640.0
Anomalia,0.0058,0.1796,0.3236,-0.3599,0.1796,-0.0279,-1.2012,2880.0
Anomalia,0.0127,0.1711,0.3532,-0.3405,0.1716,-0.0014,-1.2108,2880.0
Anomalia,0.0147,0.1514,0.3532,-0.3405,0.1521,-0.0997,-0.8362,2880.0
Anomalia,0.0065,0.1496,0.3532,-0.3405,0.1497,-0.1273,-0.6828,2880.0
Anomalia,0.0119,0.1718,0.3797,-0.354,0.1722,-0.0733,-0.6626,2880.0
Anomalia,0.0146,0.197,0.5451,-0.4162,0.1975,0.1137,-0.2003,2880.0
Anomalia,0.0083,0.1956,0.5451,-0.4162,0.1958,0.2113,-0.1079,2880.0
Anomalia,0.0203,0.1981,0.5451,-0.4162,0.1991,0.1131,-0.2751,2880.0
Anomalia,0.0134,0.1825,0.5451,-0.4162,0.183,0.2085,0.0948,2880.0
Anomalia,0.0091,0.1467,0.2921,-0.2852,0.147,0.0172,-1.0272,2880.0
Anomalia,0.0084,0.1498,0.2921,-0.2852,0.15,0.0229,-1.165,2640.0
Anomalia,0.0049,0.1289,0.2921,-0.2547,0.129,0.0624,-0.8165,2640.0
Anomalia,0.0059,0.1224,0.3161,-0.2439,0.1225,0.2453,-0.4007,2640.0
Anomalia,0.0109,0.1154,0.3161,-0.2316,0.1159,0.3512,-0.2192,2400.0
Anomalia,0.0091,0.1298,0.3382,-0.3073,0.1301,0.2681,-0.1228,2400.0
Anomalia,0.0142,0.1914,0.4473,-0.4362,0.1919,0.043,-0.3282,2880.0
Anomalia,0.007,0.2055,0.4473,-0.4362,0.2056,0.0267,-0.5616,2640.0
Anomalia,0.0024,0.1961,0.4473,-0.4362,0.1961,0.0527,-0.2034,2640.0
Anomalia,0.0137,0.1936,0.4473,-0.4362,0.1941,-0.032,-0.123,2640.0
Anomalia,0.0092,0.1616,0.3941,-0.3978,0.1619,0.0149,-0.1054,2640.0
Anomalia,0.0181,0.1456,0.3868,-0.3369,0.1467,0.1025,-0.3422,2640.0
Anomalia,0.0155,0.1539,0.3868,-0.3369,0.1547,0.1216,-0.6974,2640.0
Anomalia,0.0029,0.1458,0.3868,-0.3369,0.1458,0.2253,-0.5283,2640.0
Anomalia,0.0026,0.1374,0.2785,-0.2656,0.1374,0.2011,-0.955,2640.0
Anomalia,0.0064,0.1953,0.4925,-0.5011,0.1954,0.056,0.0357,2640.0
Anomalia,0.0181,0.2414,0.5042,-0.5011,0.2421,0.0087,-0.6518,2640.0
Anomalia,0.0154,0.2597,0.5042,-0.5011,0.2602,-0.0232,-1.0552,2640.0
Anomalia,0.0139,0.2513,0.5042,-0.5011,0.2517,0.0097,-0.8377,2640.0
Anomalia,0.0089,0.2087,0.5042,-0.4669,0.2088,0.0923,-0.4168,2640.0
Anomalia,-0.0042,0.1672,0.3161,-0.3949,0.1672,-0.0097,-0.7699,2880.0
Anomalia,0.0039,0.1873,0.4243,-0.4229,0.1874,0.0887,-0.5357,2640.0
Anomalia,0.0158,0.225,0.4708,-0.4229,0.2255,0.0551,-1.0184,2640.0
Anomalia,0.0105,0.2321,0.4708,-0.4229,0.2323,0.0752,-1.1501,2640.0
Anomalia,0.0189,0.2584,0.4708,-0.4408,0.2591,0.0117,-1.2737,2880.0
Anomalia,0.0159,0.2546,0.4708,-0.4408,0.2551,0.0242,-1.2785,2880.0
Anomalia,0.001,0.2509,0.474,-0.4408,0.2509,0.0539,-1.1897,2880.0
Anomalia,0.0138,0.2475,0.474,-0.4408,0.2479,-0.0087,-1.0888,2880.0
Anomalia,0.0119,0.2121,0.474,-0.4356,0.2124,0.0066,-0.7962,2880.0
Anomalia,0.0117,0.1803,0.474,-0.4356,0.1806,0.0186,-0.2483,2880.0
Anomalia,0.0197,0.1405,0.3699,-0.2514,0.1418,0.2006,-0.6776,2880.0
Anomalia,-0.0,0.1282,0.3219,-0.2339,0.1282,0.2848,-0.8291,2880.0
Anomalia,-0.0014,0.1213,0.262,-0.2339,0.1213,0.1139,-0.8378,3120.0
Anomalia,0.0137,0.1771,0.4869,-0.4575,0.1776,0.3248,0.2766,2640.0
Anomalia,0.0045,0.2869,0.7258,-0.7304,0.287,0.0624,0.1952,2640.0
Anomalia,0.0189,0.3144,0.7258,-0.7304,0.315,-0.0582,-0.4049,2640.0
Anomalia,0.0194,0.312,0.7258,-0.7304,0.3126,-0.0535,-0.3364,2640.0
Anomalia,-0.0047,0.2929,0.7258,-0.7304,0.2929,0.0616,0.1084,2880.0
Anomalia,0.006,0.1938,0.6436,-0.5466,0.1939,0.0615,0.2955,2880.0
Anomalia,0.0012,0.1456,0.2969,-0.3098,0.1456,-0.0517,-0.8386,2640.0
Anomalia,0.0024,0.1564,0.3311,-0.3098,0.1564,0.034,-0.9689,2640.0
Anomalia,0.0242,0.1311,0.3311,-0.2303,0.1333,0.0387,-0.7384,2640.0
Anomalia,0.0124,0.1173,0.3311,-0.2729,0.1179,-0.0399,-0.0855,2400.0
Anomalia,0.0068,0.1353,0.3311,-0.3169,0.1355,-0.1599,-0.3969,3120.0
Anomalia,0.0015,0.1536,0.3751,-0.3169,0.1536,-0.0928,-0.4888,2640.0
Anomalia,-0.0038,0.1677,0.3751,-0.3169,0.1678,0.0654,-0.905,2640.0
Anomalia,0.0136,0.1653,0.3751,-0.3169,0.1659,-0.1153,-0.8947,2640.0
Anomalia,0.0154,0.1583,0.3751,-0.2956,0.1591,-0.1158,-0.7693,2640.0
Anomalia,0.0198,0.1486,0.2793,-0.3463,0.1499,-0.3367,-0.7563,2400.0
Anomalia,0.0093,0.1403,0.2752,-0.3463,0.1406,-0.2862,-0.6575,2640.0
Anomalia,-0.0046,0.153,0.2752,-0.3463,0.1531,-0.0868,-1.048,2640.0
Anomalia,0.0087,0.1475,0.2752,-0.3463,0.1478,-0.1441,-0.9316,2640.0
Anomalia,0.0053,0.1279,0.2643,-0.2727,0.128,-0.1526,-0.8594,2640.0
Anomalia,0.0131,0.1327,0.2397,-0.2727,0.1334,-0.211,-1.018,2880.0
Anomalia,0.0204,0.1584,0.3722,-0.3859,0.1597,-0.1749,-0.4827,2880.0
Anomalia,0.0064,0.1509,0.3722,-0.3859,0.1511,0.029,-0.1659,2640.0
Anomalia,0.0053,0.1702,0.3722,-0.3859,0.1703,0.0472,-0.4749,2880.0
Anomalia,0.0088,0.1877,0.3976,-0.3859,0.1879,0.0464,-0.668,2880.0
Anomalia,0.0055,0.1565,0.3976,-0.3759,0.1566,0.1228,-0.0788,2880.0
Anomalia,0.0137,0.1626,0.3976,-0.3759,0.1632,-0.0726,-0.3913,2880.0
Anomalia,0.0146,0.1511,0.3976,-0.338,0.1518,-0.1359,-0.3545,2640.0
Anomalia,0.0065,0.1163,0.2432,-0.3123,0.1165,-0.3863,-0.4719,2640.0
Anomalia,0.0156,0.147,0.3505,-0.3123,0.1478,-0.1504,-0.4085,2640.0
Anomalia,0.0072,0.1674,0.3505,-0.3371,0.1675,-0.0949,-0.7868,2640.0
Anomalia,0.0059,0.1784,0.3599,-0.3371,0.1785,0.0149,-0.9359,2640.0
Anomalia,0.0166,0.1841,0.3599,-0.3371,0.1848,-0.0814,-1.0918,2640.0
Anomalia,0.0036,0.159,0.3599,-0.3371,0.159,-0.021,-0.7607,2640.0
Anomalia,0.007,0.1448,0.3599,-0.3311,0.145,0.1048,-0.6808,2400.0
Anomalia,0.0147,0.1253,0.2829,-0.2209,0.1261,0.1258,-0.9507,2400.0
Anomalia,-0.0034,0.1102,0.2829,-0.2209,0.1102,0.3536,-0.2996,2400.0
Anomalia,0.0083,0.1177,0.2829,-0.2209,0.118,0.2211,-0.6449,2400.0
Anomalia,0.0157,0.1438,0.3244,-0.3467,0.1446,0.0142,-0.2633,2880.0
Anomalia,0.0099,0.1528,0.3244,-0.3467,0.1531,-0.0326,-0.5545,2640.0
Anomalia,0.0125,0.1549,0.3244,-0.3467,0.1554,-0.1041,-0.6379,2640.0
Anomalia,0.0099,0.1683,0.3244,-0.3467,0.1686,-0.0438,-0.8876,2640.0
Anomalia,0.0058,0.1938,0.4621,-0.4711,0.1939,-0.0626,-0.3985,2640.0
Anomalia,0.0149,0.2117,0.5015,-0.4711,0.2122,0.0828,-0.5422,2640.0
Anomalia,0.015,0.2128,0.5015,-0.4711,0.2133,0.0751,-0.5859,2640.0
Anomalia,0.0112,0.1936,0.5015,-0.4711,0.1939,0.1459,0.2236,2640.0
Anomalia,0.0042,0.1313,0.5015,-0.2714,0.1314,0.9044,2.6095,2640.0
Anomalia,-0.0027,0.0668,0.1773,-0.1875,0.0669,-0.3948,0.4101,2640.0
Anomalia,0.015,0.0743,0.2443,-0.1442,0.0758,0.616,0.6535,240.0
Anomalia,0.0107,0.0973,0.2443,-0.2218,0.0979,0.1127,-0.3902,2880.0
Anomalia,0.0219,0.1062,0.2443,-0.2218,0.1084,-0.0848,-0.7033,2880.0
Anomalia,0.0166,0.1474,0.3277,-0.4058,0.1483,-0.2881,-0.3188,2880.0
Anomalia,-0.0006,0.1484,0.3277,-0.4058,0.1484,-0.142,-0.4904,2880.0
Anomalia,0.0032,0.1489,0.3277,-0.4058,0.1489,-0.1857,-0.4363,2640.0
Anomalia,0.0046,0.1762,0.3624,-0.4058,0.1762,-0.0907,-0.8039,2640.0
Anomalia,0.0145,0.1863,0.4139,-0.3822,0.1869,-0.0351,-0.8313,2640.0
Anomalia,0.0181,0.1937,0.4139,-0.3822,0.1946,-0.0775,-0.9882,2640.0
Anomalia,0.0167,0.1926,0.4139,-0.3822,0.1934,-0.0495,-0.9852,2640.0
Anomalia,0.0095,0.1751,0.4139,-0.3822,0.1753,0.1546,-0.6569,2880.0
Anomalia,0.0053,0.1891,0.4986,-0.4517,0.1892,0.1264,-0.2284,2880.0
Anomalia,0.0057,0.1837,0.4986,-0.4517,0.1837,0.1672,-0.0379,2880.0
Anomalia,0.0165,0.1995,0.4986,-0.4517,0.2001,0.1335,-0.5215,2880.0
Anomalia,0.0146,0.2,0.4986,-0.4517,0.2005,0.0538,-0.6102,2880.0
Anomalia,0.0085,0.1481,0.3697,-0.2785,0.1483,0.2751,-0.7067,2880.0
Anomalia,0.013,0.1689,0.3697,-0.3313,0.1694,0.1498,-0.8779,2880.0
Anomalia,-0.0057,0.1525,0.3309,-0.3313,0.1526,0.1421,-0.7613,2880.0
Anomalia,0.0014,0.1682,0.392,-0.3455,0.1682,0.1727,-0.695,2880.0
Anomalia,0.0089,0.1868,0.3993,-0.3455,0.187,0.1397,-1.0458,2880.0
Anomalia,0.0139,0.1617,0.3993,-0.3455,0.1623,0.0885,-0.6032,2880.0
Anomalia,0.018,0.1516,0.3993,-0.3455,0.1526,0.1334,-0.2093,2880.0
Anomalia,0.0117,0.1283,0.3993,-0.2685,0.1288,0.1321,-0.1063,2400.0
Anomalia,0.005,0.1306,0.2873,-0.3179,0.1307,-0.2285,-0.3997,2640.0
Anomalia,0.0069,0.1974,0.5624,-0.4462,0.1975,0.2696,0.0145,2640.0
Anomalia,0.0135,0.2594,0.5624,-0.4894,0.2597,0.1046,-0.8211,2640.0
Anomalia,0.0185,0.2672,0.5624,-0.4894,0.2678,0.0608,-1.0062,2880.0
Anomalia,0.0287,0.2529,0.5624,-0.4894,0.2545,0.0052,-0.6611,2880.0
Anomalia,0.0033,0.223,0.5437,-0.4894,0.223,0.0487,-0.3556,2880.0
Anomalia,-0.0009,0.163,0.3436,-0.3419,0.163,-0.1004,-0.8895,2880.0
Anomalia,0.0045,0.1593,0.2996,-0.3419,0.1594,-0.1714,-0.846,2880.0
Anomalia,-0.0025,0.203,0.456,-0.3843,0.203,0.0949,-0.955,2880.0
Anomalia,0.0164,0.2017,0.456,-0.3843,0.2024,0.1157,-0.9243,2880.0
Anomalia,0.0227,0.1934,0.456,-0.3843,0.1948,0.1092,-0.7148,2640.0
Anomalia,0.009,0.2113,0.456,-0.3843,0.2115,0.1575,-0.908,2640.0
Anomalia,0.0051,0.2104,0.4514,-0.44,0.2104,0.1048,-0.7844,2640.0
Anomalia,0.0097,0.2019,0.4514,-0.44,0.2022,-0.0361,-0.6699,2640.0
Anomalia,0.0051,0.2195,0.4514,-0.44,0.2196,-0.0016,-0.9817,2640.0
Anomalia,0.0098,0.2273,0.4744,-0.44,0.2275,0.0072,-0.9223,2640.0
Anomalia,0.0133,0.2144,0.4744,-0.3943,0.2149,-0.0037,-0.9837,2640.0
Anomalia,0.0076,0.2136,0.4744,-0.3943,0.2138,0.0721,-0.9466,2880.0
Anomalia,0.011,0.1959,0.4744,-0.3943,0.1962,0.0483,-0.6813,2880.0
Anomalia,0.013,0.1755,0.3882,-0.3678,0.176,-0.0248,-0.8659,2640.0
Anomalia,0.0196,0.1634,0.382,-0.3555,0.1645,0.0808,-0.8208,2640.0
Anomalia,0.0124,0.188,0.3836,-0.3761,0.1884,-0.0094,-0.9549,2880.0
Anomalia,0.0094,0.2024,0.3836,-0.3761,0.2026,0.0157,-1.206,2880.0
Anomalia,0.0127,0.1988,0.3836,-0.3761,0.1992,0.0417,-1.1957,2880.0
Anomalia,-0.0037,0.2103,0.3836,-0.4074,0.2103,0.0055,-1.2343,2880.0
Anomalia,0.0075,0.2128,0.4022,-0.4074,0.2129,0.0301,-1.2202,2880.0
Anomalia,0.0056,0.2121,0.4022,-0.4074,0.2122,0.0232,-1.206,2880.0
Anomalia,0.013,0.2198,0.4214,-0.4074,0.2202,-0.0321,-1.1899,2880.0
Anomalia,0.0245,0.2097,0.4214,-0.3818,0.2111,-0.0106,-1.1966,2640.0
Anomalia,0.0115,0.203,0.4214,-0.3818,0.2034,-0.0209,-1.2,2640.0
Anomalia,0.0156,0.1899,0.4214,-0.3818,0.1906,-0.0337,-0.9628,2640.0
Anomalia,0.0022,0.1604,0.3294,-0.369,0.1604,-0.0164,-0.6548,2640.0
Anomalia,0.0033,0.1469,0.2967,-0.369,0.1469,-0.0909,-0.5192,2880.0
Anomalia,0.0187,0.1108,0.2741,-0.2291,0.1124,-0.0364,-0.6929,2640.0
Anomalia,0.0127,0.1034,0.2362,-0.2132,0.1042,0.0454,-0.85,2640.0
Anomalia,0.016,0.1017,0.2362,-0.2132,0.1029,0.0317,-0.8003,2640.0
Anomalia,0.0149,0.111,0.2616,-0.2355,0.112,-0.0612,-0.6561,2880.0
Anomalia,0.0054,0.1265,0.2616,-0.2382,0.1266,0.051,-0.8877,2880.0
Anomalia,0.0123,0.1388,0.2616,-0.2524,0.1394,-0.0011,-1.0407,2640.0
Anomalia,0.0105,0.1445,0.2958,-0.2524,0.1449,0.1295,-1.1072,2640.0
Anomalia,0.0081,0.1276,0.2958,-0.2524,0.1279,0.1523,-0.6481,2640.0
Anomalia,0.0073,0.1176,0.2958,-0.2524,0.1178,0.267,-0.4343,2880.0
Anomalia,0.0035,0.1211,0.2958,-0.335,0.1211,0.0183,-0.051,2640.0
Anomalia,0.0183,0.1839,0.5167,-0.4214,0.1848,0.2725,0.1502,2640.0
Anomalia,0.0127,0.2357,0.5167,-0.4606,0.2361,0.0912,-0.6945,2640.0
Anomalia,0.016,0.2403,0.5167,-0.4606,0.2408,0.0838,-0.7641,2640.0
Anomalia,0.0091,0.2504,0.5167,-0.4606,0.2505,0.0933,-0.9033,2640.0
Anomalia,-0.0079,0.2573,0.5036,-0.4708,0.2574,0.0756,-0.9198,2880.0
Anomalia,0.0096,0.2383,0.5019,-0.4708,0.2385,0.0201,-0.7547,2880.0
Anomalia,0.0173,0.2625,0.5019,-0.4708,0.2631,-0.0005,-1.1522,2640.0
Anomalia,0.0196,0.2535,0.5019,-0.4708,0.2542,0.0366,-1.0798,2640.0
Anomalia,0.0245,0.2062,0.4863,-0.4022,0.2076,0.1267,-0.8217,2640.0
Anomalia,0.0104,0.1828,0.4665,-0.3813,0.1831,0.2088,-0.6682,2880.0
Anomalia,-0.0008,0.1294,0.2656,-0.2606,0.1294,-0.0699,-0.8706,2880.0
Anomalia,0.0063,0.1553,0.4892,-0.4053,0.1554,0.0957,0.5616,2880.0
Anomalia,0.0019,0.1776,0.4892,-0.4053,0.1776,0.1788,-0.0987,2880.0
Anomalia,0.0124,0.1922,0.4892,-0.4053,0.1926,0.1036,-0.498,2640.0
Anomalia,0.0174,0.1968,0.4892,-0.4053,0.1976,0.0367,-0.6948,2640.0
Anomalia,0.0108,0.1609,0.4393,-0.3352,0.1613,0.1573,-0.4307,2640.0
Anomalia,0.0128,0.1233,0.3653,-0.3352,0.124,0.2146,0.4718,2640.0
Anomalia,0.0065,0.1013,0.2297,-0.2272,0.1016,0.0355,-0.6047,2400.0
Anomalia,-0.0009,0.1173,0.3075,-0.2357,0.1173,0.1126,-0.408,2880.0
Anomalia,0.0136,0.145,0.3315,-0.2416,0.1457,0.1483,-0.8343,2640.0
Anomalia,0.014,0.1512,0.3315,-0.2416,0.1518,0.1185,-1.0559,2640.0
Anomalia,0.0134,0.1517,0.3315,-0.2912,0.1522,0.0154,-0.8897,2400.0
Anomalia,0.0163,0.1565,0.3315,-0.2933,0.1573,-0.06,-0.8852,2400.0
Anomalia,-0.0026,0.1658,0.3473,-0.3622,0.1658,-0.2064,-0.8092,2640.0
Anomalia,0.0085,0.1802,0.3473,-0.3622,0.1804,-0.1465,-1.0565,2640.0
Anomalia,0.0079,0.1799,0.3473,-0.3622,0.18,-0.0711,-1.0992,2640.0
Anomalia,0.0179,0.1872,0.4124,-0.3622,0.1881,-0.0396,-1.0227,2880.0
Anomalia,0.0245,0.1821,0.4124,-0.3465,0.1837,-0.0419,-1.0533,2880.0
Anomalia,0.0035,0.1795,0.4124,-0.3465,0.1796,0.0136,-1.0186,2880.0
Anomalia,0.0039,0.1764,0.4124,-0.3465,0.1764,0.0211,-0.9573,2880.0
Anomalia,0.0001,0.1506,0.2875,-0.3465,0.1506,-0.2051,-0.8858,2880.0
Anomalia,-0.0005,0.1422,0.3037,-0.301,0.1422,-0.1426,-0.9604,2880.0
Anomalia,0.0219,0.1348,0.358,-0.301,0.1366,-0.0764,-0.4303,2880.0
Anomalia,0.0204,0.1256,0.358,-0.301,0.1272,-0.0154,0.0478,2880.0
Anomalia,0.0091,0.1222,0.358,-0.301,0.1226,0.1694,0.3427,2880.0
Anomalia,0.0155,0.1064,0.358,-0.2126,0.1075,0.5067,0.5299,3120.0
Anomalia,-0.0016,0.1294,0.3096,-0.3361,0.1294,0.0962,-0.0105,2880.0
Anomalia,0.0053,0.1413,0.3096,-0.3361,0.1414,0.0085,-0.5033,2880.0
Anomalia,0.0157,0.1402,0.3096,-0.3361,0.1411,-0.214,-0.4001,2640.0
Anomalia,0.0132,0.1411,0.3096,-0.3361,0.1417,-0.206,-0.4402,2640.0
Anomalia,0.0202,0.1349,0.2745,-0.3434,0.1364,-0.2969,-0.3102,2640.0
Anomalia,0.0106,0.1452,0.2745,-0.3434,0.1456,-0.293,-0.5181,2640.0
Anomalia,0.0101,0.155,0.2745,-0.3434,0.1553,-0.1786,-0.8572,2640.0
Anomalia,0.0124,0.1557,0.2908,-0.3434,0.1562,-0.1446,-0.8549,2880.0
Anomalia,0.0052,0.1614,0.3361,-0.3392,0.1615,-0.0526,-0.8927,2880.0
Anomalia,0.0106,0.1749,0.3845,-0.3392,0.1752,0.0465,-0.963,2640.0
Anomalia,0.0156,0.1718,0.3845,-0.3392,0.1725,0.021,-0.8708,2640.0
Anomalia,0.0015,0.1864,0.3845,-0.3563,0.1864,0.0109,-1.0382,2880.0
Anomalia,0.0136,0.185,0.3845,-0.378,0.1855,-0.1006,-0.89,2880.0
Anomalia,0.0131,0.1533,0.3542,-0.378,0.1539,-0.2221,-0.0812,2640.0
Anomalia,0.0025,0.1616,0.3542,-0.378,0.1616,-0.0779,-0.3333,2640.0
Anomalia,0.0238,0.1531,0.3542,-0.378,0.1549,-0.0084,-0.122,2640.0
Anomalia,0.0098,0.1247,0.344,-0.2908,0.1251,0.3406,0.4918,2640.0
Anomalia,0.0025,0.1318,0.344,-0.2908,0.1318,0.3101,0.1058,2880.0
Anomalia,0.0147,0.1201,0.3309,-0.2908,0.121,0.1945,0.0458,2880.0
Anomalia,0.001,0.1067,0.2201,-0.2424,0.1067,-0.1746,-0.5801,2880.0
Anomalia,0.0143,0.1171,0.285,-0.2424,0.118,-0.0413,-0.65,2640.0
Anomalia,0.0277,0.1193,0.285,-0.2424,0.1224,-0.0886,-0.6813,2640.0
Anomalia,0.0103,0.1184,0.285,-0.2424,0.1189,0.0245,-0.6192,2640.0
Anomalia,0.0132,0.1241,0.285,-0.2508,0.1248,0.0518,-0.821,2880.0
Anomalia,0.0039,0.1391,0.2831,-0.2535,0.1391,0.0351,-0.9688,2880.0
Anomalia,-0.0027,0.1318,0.2831,-0.2535,0.1318,0.0978,-0.8038,2880.0
Anomalia,0.0147,0.1542,0.3851,-0.3342,0.1549,-0.0083,-0.8163,2880.0
Anomalia,0.0086,0.1567,0.3851,-0.3594,0.1569,-0.0768,-0.6007,2880.0
Anomalia,0.0078,0.148,0.3851,-0.3594,0.1482,-0.1424,-0.3991,2640.0
Anomalia,0.0143,0.1458,0.3851,-0.3594,0.1465,-0.2433,-0.2441,2880.0
Anomalia,-0.0033,0.1569,0.359,-0.3594,0.1569,-0.2046,-0.5113,2880.0
Anomalia,0.0104,0.1814,0.4491,-0.3459,0.1817,0.0959,-0.6216,2880.0
Anomalia,0.0112,0.1774,0.4491,-0.3459,0.1777,0.134,-0.4581,2640.0
Anomalia,0.0103,0.1798,0.4491,-0.3459,0.1801,0.155,-0.5684,2640.0
Anomalia,0.013,0.1564,0.4491,-0.3117,0.1569,0.3188,-0.1502,2640.0
Anomalia,0.0019,0.1234,0.2756,-0.2852,0.1234,-0.045,-0.5017,2640.0
Anomalia,0.011,0.1244,0.2756,-0.2852,0.1249,-0.3498,-0.3944,2640.0
Anomalia,0.0075,0.1184,0.2756,-0.2852,0.1186,-0.3945,-0.0482,2640.0
Anomalia,0.01,0.1064,0.2756,-0.2852,0.1068,-0.4447,0.6434,2880.0
Anomalia,0.0142,0.104,0.2768,-0.2846,0.105,-0.4621,0.5577,2880.0
Anomalia,0.0086,0.1515,0.4195,-0.4208,0.1518,-0.1406,0.7307,2880.0
Anomalia,0.003,0.1754,0.4195,-0.4208,0.1754,-0.1193,-0.414,2880.0
Anomalia,0.0166,0.1761,0.4195,-0.4208,0.1769,-0.309,-0.3831,2880.0
Anomalia,0.013,0.1805,0.4195,-0.4208,0.181,-0.2802,-0.5366,2880.0
Anomalia,0.015,0.1561,0.3227,-0.3294,0.1569,-0.2991,-0.8294,2880.0
Anomalia,0.0244,0.1636,0.3801,-0.3029,0.1655,-0.1197,-0.7942,2880.0
Anomalia,-0.0025,0.1697,0.3801,-0.3029,0.1697,0.2057,-0.9537,2880.0
Anomalia,0.0074,0.175,0.3801,-0.3029,0.1751,0.172,-1.1019,2640.0
Anomalia,0.0013,0.1715,0.3801,-0.3544,0.1715,0.1815,-0.8253,2640.0
Anomalia,0.001,0.2103,0.5051,-0.5574,0.2103,0.0688,-0.1316,2640.0
Anomalia,0.0264,0.2296,0.5051,-0.5574,0.2311,-0.1362,-0.5714,2640.0
Anomalia,0.0126,0.2212,0.5051,-0.5574,0.2215,0.0064,-0.3293,2640.0
Anomalia,0.0102,0.2118,0.5051,-0.5574,0.212,0.0459,-0.0267,2640.0
Anomalia,0.0086,0.1643,0.3909,-0.4137,0.1645,0.1856,-0.3673,2880.0
Anomalia,-0.0048,0.1535,0.3853,-0.3163,0.1535,0.2023,-0.6257,2880.0
Anomalia,0.0137,0.1665,0.4003,-0.3163,0.167,0.0257,-0.7435,2640.0
Anomalia,0.0192,0.1771,0.4003,-0.3163,0.1781,0.0147,-0.9809,2880.0
Anomalia,0.0068,0.1931,0.4003,-0.4016,0.1932,-0.0396,-0.9913,2880.0
Anomalia,0.0196,0.1979,0.4003,-0.4016,0.1989,-0.166,-0.9667,2880.0
Anomalia,-0.0022,0.2125,0.3507,-0.4016,0.2125,-0.0839,-1.1463,2640.0
Anomalia,-0.0085,0.2589,0.6619,-0.5326,0.2591,0.0527,-0.8205,2640.0
Anomalia,0.0091,0.3036,0.7093,-0.5923,0.3037,0.1573,-0.7807,2640.0
Anomalia,0.012,0.2937,0.7093,-0.5923,0.2939,0.1561,-0.5519,2640.0
Anomalia,0.0166,0.2822,0.7093,-0.5923,0.2826,0.197,-0.2894,2640.0
Anomalia,0.0173,0.2424,0.7093,-0.5923,0.243,0.307,0.2591,2880.0
Anomalia,-0.0011,0.1669,0.3553,-0.3895,0.1669,-0.0356,-0.8155,2880.0
Anomalia,-0.0016,0.2043,0.5048,-0.406,0.2043,0.2323,-0.7044,2880.0
Anomalia,0.0079,0.2028,0.5048,-0.406,0.203,0.1106,-0.6965,2880.0
Anomalia,0.0135,0.1953,0.5048,-0.406,0.1958,0.0901,-0.5457,2640.0
Anomalia,0.0237,0.1807,0.5048,-0.406,0.1822,0.1472,-0.222,2640.0
Anomalia,0.0105,0.1325,0.2566,-0.2898,0.1329,-0.1394,-0.9993,2640.0
Anomalia,0.0055,0.1423,0.3085,-0.3507,0.1424,-0.1284,-0.8032,2640.0
Anomalia,0.0047,0.1448,0.3085,-0.3507,0.1449,-0.1091,-0.7362,2880.0
Anomalia,0.0029,0.1382,0.3085,-0.3507,0.1382,-0.1173,-0.4029,2880.0
Anomalia,0.0147,0.1279,0.3085,-0.3507,0.1288,-0.33,0.2584,3120.0
Anomalia,0.0164,0.0982,0.2531,-0.2414,0.0995,-0.2163,0.1979,2880.0
Anomalia,0.0177,0.1249,0.2998,-0.3563,0.1261,-0.314,0.6231,2400.0
Anomalia,0.0132,0.1854,0.4955,-0.4341,0.1859,-0.1306,0.012,2640.0
Anomalia,-0.0009,0.2286,0.4955,-0.4727,0.2286,-0.002,-0.8645,2640.0
Anomalia,0.0046,0.2542,0.4955,-0.4727,0.2543,-0.0217,-1.1609,2640.0
Anomalia,0.0053,0.2366,0.4955,-0.4727,0.2366,-0.0031,-0.7731,2640.0
Anomalia,0.0168,0.1989,0.4877,-0.4727,0.1996,-0.161,-0.2009,2640.0
Anomalia,0.0214,0.1499,0.4877,-0.4362,0.1514,-0.0356,1.0519,2640.0
Anomalia,0.0118,0.1058,0.2491,-0.2332,0.1065,-0.0088,-0.8206,2640.0
Anomalia,0.009,0.102,0.1819,-0.2332,0.1024,-0.2458,-0.9073,2640.0
Anomalia,0.0092,0.1034,0.2387,-0.2332,0.1038,-0.0972,-0.7346,2880.0
Anomalia,0.0041,0.1377,0.3667,-0.2916,0.1378,0.0882,-0.3486,2880.0
Anomalia,0.0162,0.1377,0.3667,-0.2916,0.1387,0.0219,-0.3347,2880.0
Anomalia,0.0109,0.1428,0.3667,-0.2916,0.1432,0.0167,-0.3958,2880.0
Anomalia,0.0013,0.1798,0.3799,-0.4043,0.1798,-0.0086,-0.6337,2880.0
Anomalia,0.002,0.2392,0.7041,-0.5472,0.2392,0.1284,0.1853,2880.0
Anomalia,0.004,0.2867,0.7264,-0.5472,0.2867,0.237,-0.427,2640.0
Anomalia,0.0159,0.287,0.7264,-0.5472,0.2874,0.1269,-0.4773,2640.0
Anomalia,0.0251,0.2728,0.7264,-0.5472,0.274,0.1167,-0.1269,2880.0
Anomalia,0.0169,0.2322,0.7264,-0.5409,0.2328,0.1593,0.0653,2400.0
Anomalia,0.006,0.204,0.4638,-0.4245,0.2041,-0.0036,-0.8433,2640.0
Anomalia,0.0024,0.2353,0.4638,-0.4245,0.2353,0.0619,-1.247,2640.0
Anomalia,-0.0015,0.2328,0.4638,-0.4245,0.2328,0.072,-1.2396,2640.0
Anomalia,0.0162,0.2084,0.4638,-0.3797,0.209,-0.0092,-0.961,2640.0
Anomalia,0.0129,0.1778,0.3766,-0.3797,0.1782,-0.0084,-0.744,2880.0
Anomalia,0.0125,0.14,0.276,-0.2812,0.1406,-0.0103,-1.0588,2880.0
Anomalia,0.0102,0.1479,0.3532,-0.3392,0.1483,-0.0044,-0.7492,2880.0
Anomalia,0.0097,0.1446,0.3532,-0.3392,0.1449,-0.0403,-0.6152,2880.0
Anomalia,0.0155,0.1453,0.3532,-0.3392,0.1462,-0.0941,-0.6488,2640.0
Anomalia,0.0122,0.1446,0.3532,-0.3392,0.1451,-0.0026,-0.7191,2640.0
Anomalia,0.0152,0.1147,0.2645,-0.2343,0.1157,0.064,-0.6136,2640.0
Anomalia,0.0097,0.1203,0.2645,-0.2343,0.1206,-0.0151,-0.773,2640.0
Anomalia,0.0064,0.1041,0.2645,-0.2126,0.1043,0.0274,-0.2221,2640.0
Anomalia,0.0117,0.0965,0.2626,-0.2126,0.0972,0.1811,0.1206,2640.0
Anomalia,0.0108,0.1022,0.2626,-0.2126,0.1028,0.2027,-0.1626,2640.0
Anomalia,0.0155,0.0875,0.2626,-0.1629,0.0888,0.4429,0.0092,2640.0
Anomalia,0.016,0.0924,0.2626,-0.1629,0.0938,0.2711,-0.3277,2880.0
Anomalia,0.007,0.0915,0.2318,-0.2026,0.0917,-0.0099,-0.6184,2400.0
Anomalia,0.0019,0.1118,0.2597,-0.2687,0.1118,-0.2364,-0.4335,2640.0
Anomalia,0.0076,0.131,0.2948,-0.2687,0.1312,0.022,-0.778,2640.0
Anomalia,0.0063,0.1499,0.2948,-0.2843,0.15,-0.044,-1.0488,2640.0
Anomalia,0.0191,0.1552,0.2948,-0.2843,0.1563,-0.1355,-1.1085,2880.0
Anomalia,0.0229,0.1543,0.2948,-0.2843,0.156,-0.1088,-1.1834,2880.0
Anomalia,0.009,0.1673,0.2866,-0.3469,0.1676,-0.1661,-1.1538,2880.0
Anomalia,0.0079,0.1542,0.2866,-0.3469,0.1544,-0.121,-0.9614,2640.0
Anomalia,0.0008,0.1443,0.2866,-0.3469,0.1443,-0.1141,-0.7025,2640.0
Anomalia,0.0066,0.144,0.2912,-0.3469,0.1441,-0.0963,-0.6269,2640.0
Anomalia,0.0172,0.1354,0.3179,-0.2539,0.1364,0.1836,-0.8214,2640.0
Anomalia,0.0199,0.1311,0.3179,-0.2539,0.1326,0.2017,-0.7079,2880.0
Anomalia,0.0127,0.1371,0.3179,-0.2539,0.1377,0.2218,-0.8848,2880.0
Anomalia,0.0023,0.1352,0.3179,-0.2539,0.1353,0.2418,-0.8115,2640.0
Anomalia,-0.0053,0.1095,0.2464,-0.2378,0.1096,0.0802,-0.7086,2640.0
Anomalia,0.0051,0.1145,0.2464,-0.2378,0.1146,0.0492,-0.779,2640.0
Anomalia,0.0138,0.1292,0.2674,-0.3183,0.1299,-0.1153,-0.6207,2880.0
Anomalia,0.0147,0.1314,0.2674,-0.3183,0.1322,-0.2237,-0.5518,2880.0
Anomalia,0.0181,0.1784,0.4877,-0.3761,0.1794,-0.0471,-0.453,2880.0
Anomalia,0.0051,0.2317,0.4877,-0.5835,0.2318,-0.1451,-0.6213,2880.0
Anomalia,0.0034,0.2227,0.4877,-0.5835,0.2227,-0.1501,-0.3267,2640.0
Anomalia,0.0073,0.2216,0.4877,-0.5835,0.2218,-0.1822,-0.2904,2640.0
Anomalia,0.0104,0.1983,0.4771,-0.5835,0.1985,-0.363,0.2346,2640.0
Anomalia,0.016,0.1357,0.2958,-0.2779,0.1366,-0.1048,-0.9473,2640.0
Anomalia,0.014,0.1342,0.2958,-0.2779,0.1349,-0.0064,-0.9555,2640.0
Anomalia,0.0121,0.1585,0.3955,-0.3857,0.159,-0.023,-0.4606,2880.0
Anomalia,0.0023,0.147,0.3955,-0.3857,0.147,0.0713,-0.0773,2880.0
Anomalia,0.0028,0.1393,0.3955,-0.3857,0.1393,0.0397,0.4553,2880.0
Anomalia,0.0138,0.1371,0.3955,-0.3857,0.1378,-0.11,0.6163,3360.0
Anomalia,0.0142,0.0905,0.2343,-0.1656,0.0917,0.1019,-0.7972,2640.0
Anomalia,0.0116,0.1067,0.2422,-0.2687,0.1074,-0.1877,-0.4934,2640.0
Anomalia,0.0157,0.1383,0.3017,-0.3319,0.1392,-0.1451,-0.6211,2640.0
Anomalia,0.0015,0.1487,0.3017,-0.3319,0.1487,-0.0334,-0.9324,2640.0
Anomalia,0.001,0.1495,0.3017,-0.3319,0.1495,-0.006,-0.9414,2640.0
Anomalia,0.0185,0.1426,0.3017,-0.3319,0.1438,-0.1246,-0.7603,2640.0
Anomalia,0.0106,0.1204,0.233,-0.2395,0.1209,-0.1069,-0.9103,2640.0
Anomalia,0.0202,0.1205,0.2852,-0.2001,0.1222,0.1109,-0.9241,2640.0
Anomalia,0.0117,0.1368,0.2852,-0.2522,0.1373,-0.0951,-0.9969,2640.0
Anomalia,-0.001,0.1265,0.2852,-0.2522,0.1265,-0.0484,-0.7496,2640.0
Anomalia,0.007,0.1215,0.2852,-0.2522,0.1217,-0.0064,-0.2813,2640.0
Anomalia,0.0026,0.1107,0.2839,-0.2522,0.1107,-0.1749,-0.1531,2880.0
Anomalia,0.0154,0.1004,0.2839,-0.1946,0.1016,0.1987,-0.4647,2640.0
Anomalia,0.0236,0.1057,0.2839,-0.1946,0.1083,0.0251,-0.7146,2640.0
Anomalia,0.0053,0.1204,0.2472,-0.2474,0.1205,-0.0989,-1.0859,2880.0
Anomalia,0.0075,0.1783,0.5574,-0.465,0.1785,0.0554,0.3576,2880.0
Anomalia,0.017,0.2187,0.5574,-0.465,0.2194,0.1239,-0.3919,2640.0
Anomalia,0.004,0.2304,0.5574,-0.465,0.2304,0.1577,-0.6429,2640.0
Anomalia,0.018,0.236,0.5574,-0.465,0.2367,0.0224,-0.81,2640.0
Anomalia,0.0147,0.2106,0.5126,-0.4174,0.2111,0.0155,-0.8354,2640.0
Anomalia,-0.0041,0.1631,0.3252,-0.406,0.1632,-0.1686,-0.8338,2640.0
Anomalia,0.0082,0.1983,0.5071,-0.4708,0.1985,0.1354,-0.3025,2880.0
Anomalia,0.0083,0.2508,0.5587,-0.5605,0.2509,0.0329,-0.4888,2880.0
Anomalia,0.0167,0.2712,0.5647,-0.5605,0.2718,0.0006,-0.6865,2640.0
Anomalia,0.0204,0.2733,0.5647,-0.5605,0.2741,-0.0376,-0.7457,2640.0
Anomalia,0.0153,0.2535,0.5647,-0.5605,0.2539,-0.0346,-0.5671,2880.0
Anomalia,0.0116,0.2073,0.5647,-0.5005,0.2076,-0.0313,-0.4431,2880.0
Anomalia,0.004,0.1619,0.3588,-0.3937,0.162,-0.1277,-0.597,2640.0
Anomalia,0.0072,0.1511,0.3588,-0.3937,0.1513,-0.1803,-0.0813,2640.0
Anomalia,0.013,0.1174,0.3077,-0.3937,0.1181,-0.7657,1.8119,3360.0
Anomalia,0.0107,0.0671,0.1679,-0.1563,0.068,-0.2084,-0.247,2880.0
Anomalia,0.0145,0.0533,0.1348,-0.1229,0.0553,-0.195,-0.3388,2640.0
Anomalia,0.0172,0.0544,0.1348,-0.1037,0.0571,0.0476,-0.7217,3120.0
Anomalia,0.0059,0.0761,0.2218,-0.1865,0.0763,-0.0123,0.0862,2880.0
Anomalia,0.0113,0.1278,0.4049,-0.3501,0.1283,0.1684,0.9478,2640.0
Anomalia,0.0037,0.2096,0.4796,-0.4915,0.2097,-0.0109,-0.0417,2640.0
Anomalia,0.0067,0.255,0.49,-0.4915,0.2551,0.031,-0.873,2640.0
Anomalia,0.014,0.2606,0.49,-0.4915,0.2609,-0.0438,-0.9818,2640.0
Anomalia,0.0064,0.2484,0.49,-0.4915,0.2485,-0.0161,-0.7569,2640.0
Anomalia,0.0194,0.2278,0.49,-0.4621,0.2287,0.0171,-0.7677,2880.0
Anomalia,0.0156,0.2073,0.4537,-0.3899,0.2078,0.0329,-0.9256,2640.0
Anomalia,0.0081,0.2002,0.4537,-0.3899,0.2003,0.0797,-0.7369,2640.0
Anomalia,0.0191,0.1927,0.4537,-0.3899,0.1936,-0.0012,-0.5108,2640.0
Anomalia,0.0061,0.1417,0.3588,-0.3584,0.1418,-0.0456,0.214,2640.0
Anomalia,-0.0042,0.1,0.2234,-0.3021,0.1001,-0.2113,-0.1266,3360.0
Anomalia,0.0075,0.0957,0.2234,-0.1734,0.096,0.1932,-0.8486,2640.0
Anomalia,0.0032,0.0935,0.2234,-0.1734,0.0935,0.3004,-0.6498,2640.0
Anomalia,0.0155,0.1166,0.3246,-0.2042,0.1176,0.3811,-0.5388,2880.0
Anomalia,0.0259,0.1291,0.3246,-0.2547,0.1316,0.1408,-0.6284,2640.0
Anomalia,0.0117,0.1614,0.3916,-0.343,0.1618,0.0792,-0.6728,2640.0
Anomalia,0.0104,0.1787,0.3916,-0.343,0.179,-0.0006,-1.0705,2640.0
Anomalia,-0.0023,0.1644,0.3916,-0.343,0.1644,0.087,-0.7099,2640.0
Anomalia,0.0077,0.1659,0.3916,-0.343,0.1661,0.0809,-0.6398,2640.0
Anomalia,0.022,0.1555,0.3624,-0.3275,0.157,0.044,-0.8309,2640.0
Anomalia,0.0173,0.1568,0.3624,-0.2948,0.1577,0.0655,-0.9005,2640.0
Anomalia,0.0194,0.1575,0.3624,-0.2948,0.1587,0.0125,-0.9214,2640.0
Anomalia,0.0068,0.1448,0.2941,-0.2948,0.145,0.0045,-0.8494,2880.0
Anomalia,-0.0011,0.1357,0.2983,-0.2948,0.1357,0.034,-0.7855,2880.0
Anomalia,0.0065,0.1146,0.2983,-0.2326,0.1148,0.1376,-0.6096,2880.0
Anomalia,0.0135,0.1226,0.2983,-0.2326,0.1233,0.0743,-0.7648,2880.0
Anomalia,0.0101,0.1224,0.2983,-0.2326,0.1228,0.1067,-0.7888,2880.0
Anomalia,0.0231,0.1182,0.3365,-0.2142,0.1204,0.2542,-0.5969,2880.0
Anomalia,0.0129,0.1853,0.4356,-0.5142,0.1858,-0.2751,0.3136,2880.0
Anomalia,0.0052,0.2184,0.4356,-0.5142,0.2185,-0.1438,-0.5418,2880.0
Anomalia,0.0118,0.2517,0.4393,-0.5142,0.2519,-0.1094,-1.0736,2880.0
Anomalia,0.0003,0.2672,0.4393,-0.5142,0.2672,-0.0319,-1.2647,2640.0
Anomalia,0.0126,0.223,0.4393,-0.4479,0.2234,-0.0564,-0.7817,2640.0
Anomalia,0.0156,0.2196,0.4393,-0.4479,0.2201,-0.0561,-0.8064,2880.0
Anomalia,0.0118,0.206,0.3972,-0.4479,0.2063,-0.1612,-0.7542,2400.0
Anomalia,0.0154,0.199,0.3972,-0.3897,0.1996,-0.2017,-0.8486,2640.0
Anomalia,0.0128,0.2229,0.3972,-0.3897,0.2233,-0.0706,-1.31,2640.0
Anomalia,0.0126,0.2582,0.6309,-0.5472,0.2585,0.0024,-0.8229,2640.0
Anomalia,0.0152,0.2638,0.6309,-0.5472,0.2642,0.0256,-0.8734,2640.0
Anomalia,0.0113,0.2541,0.6309,-0.5472,0.2544,0.1091,-0.6549,2640.0
Anomalia,-0.0013,0.25,0.6309,-0.5472,0.25,0.1387,-0.5292,2880.0
Anomalia,0.0028,0.1853,0.427,-0.4097,0.1853,-0.0021,-0.6772,2880.0
Anomalia,0.0002,0.1497,0.3146,-0.3788,0.1497,-0.125,-0.8393,2880.0
Anomalia,0.0161,0.1547,0.3659,-0.3788,0.1555,-0.1146,-0.6691,2880.0
Anomalia,0.0271,0.1508,0.3659,-0.3238,0.1532,-0.0475,-0.7716,2880.0
Anomalia,0.0223,0.1689,0.3659,-0.3603,0.1703,-0.1277,-0.8126,2880.0
Anomalia,0.0167,0.1678,0.3659,-0.3603,0.1687,-0.0761,-0.7772,2640.0
Anomalia,-0.0023,0.1674,0.3304,-0.3603,0.1674,-0.119,-0.8419,2640.0
Anomalia,0.0111,0.1835,0.3859,-0.3603,0.1838,-0.0139,-0.766,2640.0
Anomalia,0.0042,0.1664,0.3859,-0.3584,0.1664,0.1855,-0.4863,2640.0
Anomalia,0.0179,0.1814,0.3859,-0.3584,0.1823,0.002,-0.8008,2880.0
Anomalia,0.0196,0.1777,0.3859,-0.3584,0.1788,0.0955,-0.8511,2880.0
Anomalia,-0.0031,0.1483,0.3365,-0.3413,0.1483,0.0689,-0.5968,2880.0
Anomalia,0.0106,0.1954,0.4642,-0.4736,0.1957,-0.012,-0.3752,2880.0
Anomalia,0.0121,0.2239,0.5341,-0.4736,0.2242,0.1265,-0.5839,2880.0
Anomalia,0.0067,0.2299,0.5341,-0.4736,0.23,0.124,-0.7289,2640.0
Anomalia,0.0201,0.2316,0.5341,-0.4736,0.2325,0.0439,-0.83,2640.0
Anomalia,0.0173,0.1889,0.5341,-0.4074,0.1896,0.147,-0.2299,2640.0
Anomalia,0.0073,0.1815,0.4863,-0.4642,0.1816,-0.0465,0.0914,2880.0
Anomalia,0.0123,0.174,0.4863,-0.4642,0.1744,-0.2626,0.7387,2880.0
Anomalia,0.0073,0.1624,0.4863,-0.4642,0.1626,-0.3037,1.543,2880.0
Anomalia,0.0047,0.1572,0.4863,-0.4642,0.1573,-0.3041,2.1112,3120.0
Anomalia,0.0164,0.0883,0.212,-0.4112,0.0898,-1.8744,6.5142,3360.0
Anomalia,0.012,0.0586,0.1341,-0.1437,0.0599,-0.4742,-0.3781,2640.0
Anomalia,0.0103,0.0844,0.2451,-0.2677,0.085,-0.4336,1.3417,2640.0
Anomalia,0.0129,0.1295,0.3734,-0.285,0.1301,-0.0274,0.3193,2640.0
Anomalia,0.0022,0.1461,0.3734,-0.2956,0.1461,0.0716,-0.4034,2640.0
Anomalia,0.0093,0.1455,0.3734,-0.2956,0.1458,-0.0529,-0.3707,2640.0
Anomalia,0.0136,0.147,0.3734,-0.2956,0.1476,0.0284,-0.3847,2880.0
Anomalia,0.0123,0.1273,0.3117,-0.2956,0.1279,-0.0445,-0.5505,2880.0
Anomalia,0.0103,0.1148,0.3117,-0.2345,0.1153,0.1916,-0.518,2880.0
Anomalia,0.0084,0.115,0.3117,-0.2345,0.1153,0.2467,-0.5075,2880.0
Anomalia,0.0094,0.1,0.2428,-0.1942,0.1005,0.2547,-0.5228,2640.0
Anomalia,0.0071,0.1273,0.2941,-0.4072,0.1275,-0.3518,1.011,2640.0
Anomalia,0.0141,0.1461,0.3365,-0.4072,0.1468,-0.1663,0.2046,2640.0
Anomalia,0.0152,0.1493,0.3365,-0.4072,0.15,-0.2011,0.007,2640.0
Anomalia,-0.0015,0.1521,0.3365,-0.4072,0.1521,-0.0973,-0.1822,2640.0
Anomalia,0.0084,0.1436,0.3774,-0.2956,0.1439,0.3239,-0.2903,2640.0
Anomalia,0.0155,0.1768,0.4329,-0.3597,0.1775,0.3053,-0.2415,2640.0
Anomalia,0.0132,0.1844,0.4329,-0.3597,0.1849,0.2636,-0.5525,2640.0
Anomalia,0.0249,0.1811,0.4329,-0.3597,0.1828,0.1651,-0.5129,2640.0
Anomalia,0.0089,0.1664,0.4329,-0.3597,0.1666,0.2725,0.0379,2400.0
Anomalia,-0.0091,0.1599,0.4414,-0.4562,0.1602,-0.2006,0.3615,2400.0
Anomalia,0.0111,0.2304,0.5858,-0.5132,0.2307,0.2287,0.0554,2640.0
Anomalia,0.0112,0.2718,0.5858,-0.5132,0.272,0.1165,-0.8366,2640.0
Anomalia,0.0207,0.2782,0.5858,-0.5132,0.279,0.0187,-0.9903,2640.0
Anomalia,0.0309,0.2563,0.5858,-0.5132,0.2582,0.0445,-0.6581,2640.0
Anomalia,0.0066,0.2018,0.4754,-0.4525,0.2019,-0.1268,-0.3156,2880.0
Anomalia,0.0054,0.1394,0.3411,-0.3855,0.1395,-0.3068,0.285,2880.0
Anomalia,-0.0009,0.148,0.3259,-0.3855,0.148,-0.139,-0.1166,2880.0
Anomalia,-0.0022,0.1439,0.3131,-0.3855,0.1439,-0.2004,-0.0452,2880.0
Anomalia,0.0118,0.1267,0.3131,-0.2754,0.1273,0.0534,-0.0277,2640.0
Anomalia,0.016,0.1279,0.3131,-0.2754,0.1289,0.0299,-0.1346,2640.0
Anomalia,0.0168,0.1033,0.2971,-0.2038,0.1046,0.0641,-0.2946,2880.0
Anomalia,0.0145,0.0895,0.2197,-0.2038,0.0906,-0.1728,-0.361,2640.0
Anomalia,0.0009,0.0924,0.1857,-0.2038,0.0924,-0.1434,-0.8334,2880.0
Anomalia,0.0081,0.1054,0.2891,-0.2038,0.1057,0.1718,-0.5034,2880.0
Anomalia,0.0096,0.1105,0.2891,-0.3002,0.1109,-0.0054,-0.1641,2880.0
Anomalia,0.0188,0.1099,0.2891,-0.3002,0.1115,-0.144,-0.0949,2640.0
Anomalia,0.0272,0.1069,0.2891,-0.3002,0.1103,-0.1755,0.1841,2640.0
Anomalia,0.013,0.1176,0.2384,-0.3227,0.1183,-0.6251,0.3175,2400.0
Anomalia,0.0097,0.1566,0.3918,-0.373,0.1569,-0.2733,0.1047,2640.0
Anomalia,-0.0007,0.1882,0.3918,-0.3811,0.1882,-0.0093,-0.7345,2640.0
Anomalia,0.0031,0.1979,0.3918,-0.3811,0.1979,-0.007,-0.9395,2640.0
Anomalia,0.0166,0.1964,0.3918,-0.3811,0.1971,0.012,-0.8487,2880.0
Anomalia,0.0095,0.1781,0.3803,-0.3811,0.1784,0.0142,-0.6268,2880.0
Anomalia,0.0134,0.1542,0.3803,-0.3728,0.1548,0.0975,-0.171,2640.0
Anomalia,0.0042,0.1389,0.3803,-0.3728,0.139,0.1787,0.4438,2640.0
Anomalia,0.0013,0.118,0.3365,-0.3728,0.118,-0.2622,1.3411,2640.0
Anomalia,0.0195,0.0927,0.3365,-0.19,0.0947,0.6323,1.0777,2400.0
Anomalia,0.0189,0.0777,0.2088,-0.19,0.08,0.1352,-0.1917,480.0
Anomalia,0.0154,0.0766,0.2088,-0.19,0.0781,0.1779,0.0482,3120.0
Anomalia,0.01,0.122,0.3482,-0.3465,0.1224,-0.1067,0.8523,2640.0
Anomalia,0.0026,0.1576,0.3482,-0.3597,0.1576,-0.0836,-0.1153,2640.0
Anomalia,0.0022,0.1914,0.3985,-0.4341,0.1914,-0.0258,-0.6025,2640.0
Anomalia,0.0157,0.1985,0.3985,-0.4341,0.1991,-0.1914,-0.8483,2640.0
Anomalia,0.0142,0.1877,0.3985,-0.4341,0.1882,-0.1769,-0.7379,2640.0
Anomalia,0.0173,0.1619,0.3985,-0.4341,0.1628,-0.1551,-0.2253,2400.0
Anomalia,0.0117,0.1858,0.4896,-0.5449,0.1862,-0.2012,0.2325,2880.0
Anomalia,0.0016,0.2134,0.4896,-0.5449,0.2134,-0.02,-0.3445,2880.0
Anomalia,0.011,0.2043,0.4896,-0.5449,0.2046,-0.1278,0.0625,2880.0
Anomalia,0.0031,0.1994,0.4896,-0.5449,0.1995,-0.0527,0.2984,2880.0
Anomalia,0.0112,0.1479,0.465,-0.4197,0.1484,-0.005,1.0357,2880.0
Anomalia,0.0148,0.1002,0.2136,-0.2076,0.1013,-0.1265,-0.7082,2640.0
Anomalia,0.0042,0.1102,0.2136,-0.2633,0.1103,-0.2033,-0.7414,2880.0
Anomalia,0.013,0.115,0.2136,-0.2633,0.1157,-0.363,-0.7306,2880.0
Anomalia,0.0118,0.1068,0.203,-0.2633,0.1075,-0.4032,-0.4237,2880.0
Anomalia,0.0079,0.0996,0.203,-0.2633,0.0999,-0.2772,-0.2636,2640.0
Anomalia,0.0166,0.0965,0.2157,-0.2307,0.098,-0.0074,-0.6684,2640.0
Anomalia,0.0153,0.1203,0.2987,-0.2785,0.1213,0.0043,-0.3717,2640.0
Anomalia,0.0085,0.1489,0.3173,-0.3348,0.1491,-0.0959,-0.704,2640.0
Anomalia,0.0111,0.1633,0.3173,-0.3348,0.1637,-0.1491,-1.0392,2640.0
Anomalia,0.0046,0.1691,0.3173,-0.3348,0.1692,-0.0851,-1.1737,2640.0
Anomalia,0.0101,0.179,0.3674,-0.339,0.1792,-0.0609,-1.1056,2640.0
Anomalia,0.016,0.1765,0.3674,-0.339,0.1772,0.021,-1.0947,2640.0
Anomalia,0.0129,0.1673,0.3674,-0.339,0.1678,0.0924,-0.9173,2640.0
Anomalia,0.016,0.1591,0.3674,-0.339,0.16,0.0816,-0.6871,2640.0
Anomalia,0.0032,0.1207,0.3469,-0.2576,0.1208,0.2939,0.0413,2640.0
Anomalia,0.0022,0.1063,0.3448,-0.1913,0.1063,0.3663,0.084,2640.0
Anomalia,0.0085,0.1177,0.3448,-0.2414,0.118,0.3986,-0.2109,2640.0
Anomalia,0.0126,0.1268,0.3448,-0.2414,0.1275,0.5011,-0.3424,2880.0
Anomalia,0.0119,0.14,0.3448,-0.2414,0.1405,0.3951,-0.8495,2880.0
Anomalia,0.0075,0.1427,0.2923,-0.2641,0.1429,0.1869,-0.9533,2880.0
Anomalia,0.0098,0.134,0.2923,-0.2641,0.1344,0.1228,-0.7949,2880.0
Anomalia,0.0083,0.1565,0.3903,-0.3202,0.1567,0.2117,-0.6266,2880.0
Anomalia,0.0094,0.1826,0.3903,-0.3882,0.1829,0.0586,-0.7097,2880.0
Anomalia,0.0197,0.1909,0.3903,-0.3882,0.1919,0.0564,-0.8574,2640.0
Anomalia,0.0148,0.1963,0.3903,-0.3882,0.1969,0.0915,-1.0071,2640.0
Anomalia,0.0033,0.1838,0.3728,-0.3882,0.1839,0.0751,-0.922,2640.0
Anomalia,0.0116,0.1584,0.3626,-0.2737,0.1588,0.0931,-1.0099,2880.0
Anomalia,0.011,0.1721,0.3876,-0.3279,0.1724,0.1336,-0.8407,2880.0
Anomalia,0.0097,0.2046,0.4329,-0.4421,0.2048,0.0848,-0.8898,2880.0
Anomalia,0.0184,0.1942,0.4329,-0.4421,0.195,0.0463,-0.6051,2880.0
Anomalia,0.0047,0.2093,0.4329,-0.4421,0.2094,0.0387,-0.8064,2880.0
Anomalia,-0.0069,0.2077,0.4329,-0.4421,0.2078,-0.0071,-0.8632,2880.0
Anomalia,0.003,0.1717,0.3108,-0.4145,0.1717,-0.2245,-0.5384,2880.0
Anomalia,0.0038,0.1726,0.3108,-0.4145,0.1727,-0.2401,-0.5792,2640.0
Anomalia,0.0162,0.1462,0.3108,-0.3542,0.1471,-0.2672,-0.1576,2640.0
Anomalia,0.0262,0.1093,0.2547,-0.2631,0.1124,-0.107,-0.529,2640.0
Anomalia,0.0156,0.1453,0.5714,-0.4606,0.1461,0.1593,2.4562,2400.0
Anomalia,0.0049,0.3034,0.9027,-0.7917,0.3034,0.0398,1.4084,2640.0
Anomalia,-0.0009,0.3786,0.9027,-0.7917,0.3786,0.0712,-0.333,2640.0
Anomalia,-0.0028,0.3935,0.9027,-0.7917,0.3935,0.0896,-0.6327,2640.0
Anomalia,0.0089,0.4093,0.9027,-0.7917,0.4094,0.0285,-0.8912,2640.0
Anomalia,0.0274,0.3596,0.7101,-0.7218,0.3607,-0.0286,-1.0802,2640.0
Anomalia,0.0192,0.3232,0.6077,-0.5416,0.3238,-0.0037,-1.1543,2640.0
Anomalia,0.0111,0.3338,0.6077,-0.5416,0.334,0.0224,-1.2907,2640.0
Anomalia,-0.0028,0.3245,0.6077,-0.5416,0.3245,0.0487,-1.2951,2640.0
Anomalia,-0.0098,0.2962,0.5109,-0.5416,0.2964,0.0043,-1.2444,2640.0
Anomalia,0.0126,0.3334,0.7408,-0.6613,0.3337,0.0512,-0.881,2880.0
Anomalia,0.0184,0.3206,0.7408,-0.6613,0.3211,0.0221,-0.6813,2880.0
Anomalia,0.0282,0.3092,0.7408,-0.6613,0.3105,-0.0018,-0.5004,2880.0
Anomalia,0.0185,0.313,0.7408,-0.6613,0.3135,0.0136,-0.6151,2880.0
Anomalia,-0.0046,0.2359,0.4431,-0.479,0.2359,-0.0391,-1.2012,2880.0
Anomalia,0.0175,0.2981,0.9588,-0.7203,0.2986,0.3036,0.122,2880.0
Anomalia,0.0017,0.4494,1.1317,-1.1238,0.4494,0.0235,0.0154,2880.0
Anomalia,0.0128,0.4492,1.1317,-1.1238,0.4494,-0.0099,0.0509,2640.0
Anomalia,0.0247,0.4531,1.1317,-1.1238,0.4538,-0.0822,-0.0312,2640.0
Anomalia,-0.0108,0.416,1.1317,-1.1238,0.4162,-0.0347,0.5188,2880.0
Anomalia,0.0085,0.2333,0.5885,-0.5301,0.2334,-0.02,-0.5012,2880.0
Anomalia,-0.009,0.2261,0.3757,-0.5316,0.2263,-0.2101,-0.8724,2880.0
Anomalia,0.0101,0.2524,0.5115,-0.5316,0.2526,-0.0451,-0.8716,2640.0
Anomalia,0.0232,0.2606,0.5217,-0.5316,0.2617,-0.0304,-0.9446,2640.0
Anomalia,0.0108,0.2549,0.5217,-0.5316,0.2552,0.0654,-0.8,2640.0
Anomalia,0.0207,0.2238,0.5217,-0.45,0.2248,0.2416,-0.2878,2640.0
Anomalia,0.0013,0.19,0.5217,-0.412,0.19,0.1264,-0.1715,2400.0
Anomalia,-0.0017,0.1551,0.3394,-0.3459,0.1551,0.0308,-0.6632,2880.0
Anomalia,0.0136,0.197,0.5395,-0.4239,0.1975,0.1841,-0.6143,2880.0
Anomalia,0.0101,0.2314,0.5395,-0.4254,0.2316,0.1063,-1.0683,2880.0
Anomalia,0.0118,0.2568,0.5432,-0.4809,0.2571,0.0823,-1.0049,2880.0
Anomalia,0.0185,0.2521,0.5432,-0.4809,0.2527,0.0231,-0.899,2880.0
Anomalia,-0.0017,0.2593,0.5432,-0.5001,0.2593,-0.0185,-0.9851,2880.0
Anomalia,0.0177,0.2685,0.5432,-0.5001,0.2691,-0.0827,-1.0181,2880.0
Anomalia,0.0129,0.2432,0.4938,-0.5001,0.2435,-0.0425,-0.9594,2640.0
Anomalia,0.0103,0.2421,0.4938,-0.5001,0.2424,-0.0106,-0.9427,2880.0
Anomalia,0.0287,0.2231,0.4938,-0.4456,0.2249,0.069,-0.9397,2880.0
Anomalia,0.0127,0.2049,0.4268,-0.3813,0.2053,0.0836,-1.0908,2880.0
Anomalia,0.0068,0.2377,0.4719,-0.4727,0.2378,-0.0411,-0.9413,2640.0
Anomalia,0.0107,0.2656,0.4988,-0.4727,0.2658,0.0405,-1.2299,2640.0
Anomalia,-0.0034,0.2603,0.4988,-0.4727,0.2603,0.1006,-1.1759,2640.0
Anomalia,0.0014,0.2952,0.5593,-0.537,0.2952,0.0913,-1.1675,2880.0
Anomalia,0.0193,0.2806,0.5593,-0.537,0.2813,0.0736,-1.0514,2880.0
Anomalia,0.0101,0.2551,0.5593,-0.537,0.2553,0.0527,-0.5866,2880.0
Anomalia,0.0122,0.2776,0.5593,-0.537,0.2779,0.0382,-0.8702,2880.0
Anomalia,0.0121,0.2331,0.518,-0.4535,0.2334,0.0509,-0.6641,2880.0
Anomalia,0.0093,0.1991,0.518,-0.4535,0.1993,-0.051,-0.0828,2880.0
Anomalia,0.021,0.1903,0.518,-0.4535,0.1914,-0.1004,0.1803,2880.0
Anomalia,0.0104,0.1324,0.4291,-0.3375,0.1328,0.0431,0.6846,2880.0
Anomalia,0.0095,0.0899,0.1817,-0.2443,0.0904,-0.2568,-0.3786,2640.0
Anomalia,0.0045,0.1025,0.2491,-0.2443,0.1026,-0.1219,-0.595,2640.0
Anomalia,-0.0013,0.116,0.2535,-0.2443,0.116,0.0582,-0.7513,2640.0
Anomalia,0.0193,0.1231,0.3186,-0.2213,0.1246,0.1349,-0.7563,2880.0
Anomalia,0.0157,0.1371,0.3186,-0.2213,0.138,0.0955,-1.1432,2880.0
Anomalia,0.014,0.1322,0.3186,-0.2213,0.1329,0.1229,-1.0639,2880.0
Anomalia,0.0201,0.1724,0.6304,-0.4696,0.1736,0.4481,1.4718,2880.0
Anomalia,-0.0011,0.4515,1.2344,-1.2719,0.4515,0.0537,1.9091,2640.0
Anomalia,0.0044,0.5661,1.2344,-1.2719,0.5661,0.0732,-0.0876,2640.0
Anomalia,0.0151,0.5934,1.2344,-1.2719,0.5936,0.0251,-0.4896,2640.0
Anomalia,-0.0029,0.5964,1.2344,-1.2719,0.5964,0.0894,-0.5347,2880.0
Anomalia,0.01,0.4547,1.148,-1.0898,0.4548,0.1046,-0.2679,2880.0
Anomalia,0.0026,0.3274,0.7856,-0.7197,0.3274,0.0234,-0.8362,2880.0
Anomalia,-0.0036,0.2948,0.5754,-0.5668,0.2948,-0.0034,-1.2024,2880.0
Anomalia,0.0203,0.3039,0.5754,-0.5512,0.3046,-0.0772,-1.2418,2640.0
Anomalia,0.0175,0.2774,0.5032,-0.5234,0.278,-0.0754,-1.2222,2640.0
Anomalia,0.0239,0.2429,0.5032,-0.5211,0.2441,-0.0538,-0.8417,2640.0
Anomalia,0.0242,0.2456,0.5032,-0.5211,0.2467,-0.1168,-0.8363,2640.0
Anomalia,-0.0015,0.1954,0.4216,-0.4293,0.1954,-0.0161,-0.7223,2400.0
Anomalia,0.0081,0.2089,0.514,-0.4293,0.2091,0.1012,-0.4949,2400.0
Anomalia,0.0065,0.2531,0.514,-0.4293,0.2532,0.0897,-1.0346,2880.0
Anomalia,0.0048,0.2521,0.514,-0.4268,0.2522,0.1495,-1.0137,2640.0
Anomalia,0.0187,0.2467,0.514,-0.4268,0.2474,0.0366,-0.8993,2640.0
Anomalia,0.017,0.2166,0.4736,-0.4206,0.2172,-0.0453,-0.5251,2880.0
Anomalia,0.0065,0.1863,0.4692,-0.3774,0.1864,-0.0546,-0.5567,2880.0
Anomalia,-0.0029,0.1638,0.2998,-0.3536,0.1638,-0.1366,-0.8409,2640.0
Anomalia,-0.0033,0.1874,0.3507,-0.3536,0.1875,-0.0526,-1.2177,2640.0
Anomalia,0.0028,0.1862,0.3507,-0.3536,0.1862,-0.1212,-1.2102,2640.0
Anomalia,0.0154,0.157,0.3507,-0.3236,0.1578,-0.1512,-0.8527,2640.0
Anomalia,0.0252,0.1471,0.3507,-0.3236,0.1493,-0.1914,-0.6263,2880.0
Anomalia,0.017,0.1224,0.2754,-0.3019,0.1236,-0.1058,-0.609,2880.0
Anomalia,-0.0026,0.1108,0.2702,-0.2299,0.1108,-0.0162,-0.5946,2640.0
Anomalia,0.003,0.1106,0.2702,-0.2299,0.1106,-0.0601,-0.5422,2640.0
Anomalia,0.0022,0.0993,0.1946,-0.2284,0.0993,-0.1126,-0.6307,2640.0
Anomalia,0.0161,0.0996,0.1946,-0.2512,0.1009,-0.1682,-0.7405,2400.0
Anomalia,0.0257,0.1341,0.2954,-0.3284,0.1365,-0.3201,-0.2956,2880.0
Anomalia,0.0118,0.1785,0.3878,-0.4087,0.1788,-0.2607,-0.6449,2880.0
Anomalia,0.0078,0.1917,0.3878,-0.4087,0.1919,-0.2081,-1.0155,2880.0
Anomalia,0.0014,0.1966,0.3878,-0.4087,0.1966,-0.0979,-1.1498,2880.0
Anomalia,0.0036,0.1759,0.3878,-0.4087,0.176,-0.1779,-0.7397,2880.0
Anomalia,0.0101,0.1364,0.261,-0.2743,0.1368,-0.1732,-0.8906,2880.0
Anomalia,0.006,0.1179,0.2591,-0.2631,0.118,-0.142,-0.7449,2880.0
Anomalia,0.0104,0.1242,0.3194,-0.3588,0.1246,-0.158,-0.3626,2640.0
Anomalia,-0.0018,0.1571,0.3194,-0.3588,0.1572,-0.1345,-0.6572,2640.0
Anomalia,-0.0028,0.2112,0.4462,-0.533,0.2112,-0.1429,-0.5667,2880.0
Anomalia,0.0173,0.2633,0.5447,-0.533,0.2639,-0.0337,-0.9937,2880.0
Anomalia,0.0128,0.2716,0.5447,-0.533,0.2719,0.0115,-1.1129,2880.0
Anomalia,0.0238,0.2732,0.5447,-0.533,0.2742,-0.0308,-1.1169,2880.0
Anomalia,0.0235,0.2648,0.5447,-0.4283,0.2658,0.0705,-1.1803,2880.0
Anomalia,0.0082,0.2581,0.5503,-0.4809,0.2582,0.0307,-1.1632,2880.0
Anomalia,0.0064,0.2748,0.5503,-0.4809,0.2749,0.0625,-1.3055,2880.0
Anomalia,-0.0007,0.2744,0.5503,-0.4809,0.2744,0.0792,-1.2598,2880.0
Anomalia,0.0059,0.242,0.5503,-0.4809,0.2421,0.0054,-0.7383,2880.0
Anomalia,0.0105,0.1975,0.4786,-0.4252,0.1978,-0.0272,-0.3314,2880.0
Anomalia,0.0135,0.1416,0.4037,-0.4252,0.1422,-0.2682,0.9016,2880.0
Anomalia,0.0043,0.1166,0.2345,-0.3117,0.1167,-0.3457,-0.0935,2880.0
Anomalia,0.0029,0.1649,0.4517,-0.3524,0.165,0.1504,-0.191,2880.0
Anomalia,-0.0018,0.1637,0.4517,-0.3524,0.1637,0.1733,-0.1266,2640.0
Anomalia,-0.0018,0.1935,0.4517,-0.3524,0.1935,0.1845,-0.9033,2880.0
Anomalia,0.0159,0.2033,0.4517,-0.3524,0.204,0.0958,-1.1495,2880.0
Anomalia,0.0064,0.1952,0.3571,-0.4083,0.1953,-0.0093,-1.1544,2880.0
Anomalia,0.0058,0.2269,0.3957,-0.4083,0.2269,-0.0425,-1.3189,2880.0
Anomalia,0.0126,0.2282,0.4026,-0.4083,0.2285,-0.0432,-1.2929,2880.0
Anomalia,0.0073,0.2179,0.4026,-0.4083,0.218,-0.051,-1.1151,2880.0
Anomalia,0.0142,0.1928,0.4026,-0.3962,0.1933,-0.0408,-0.6485,2880.0
Anomalia,0.0164,0.1727,0.4026,-0.3492,0.1734,-0.005,-0.7361,2880.0
Anomalia,0.0073,0.1566,0.2875,-0.3492,0.1568,-0.1985,-0.8339,2880.0
Anomalia,0.0043,0.1528,0.2875,-0.3492,0.1528,-0.1247,-0.8544,2880.0
Anomalia,0.004,0.1953,0.4366,-0.3968,0.1953,-0.0268,-1.0075,2880.0
Anomalia,0.0184,0.2308,0.5186,-0.4331,0.2316,0.1261,-0.8119,2880.0
Anomalia,0.0161,0.2359,0.5186,-0.4331,0.2365,0.1305,-0.8936,2880.0
Anomalia,0.0156,0.2401,0.5186,-0.4331,0.2406,0.1061,-0.9928,2640.0
Anomalia,0.0108,0.2267,0.5186,-0.4331,0.2269,0.1777,-0.8772,2880.0
Anomalia,-0.012,0.2083,0.4364,-0.4988,0.2087,-0.0668,-0.9385,2640.0
Anomalia,-0.0039,0.2376,0.4446,-0.4988,0.2376,0.0434,-1.0382,2640.0
Anomalia,0.0123,0.2438,0.4446,-0.4988,0.2441,-0.0268,-1.0958,2640.0
Anomalia,0.009,0.2315,0.4446,-0.4988,0.2317,-0.0115,-0.8118,2880.0
Anomalia,0.0206,0.2189,0.4446,-0.427,0.2199,0.0366,-0.9609,2880.0
Anomalia,0.015,0.1944,0.3916,-0.3738,0.195,-0.0338,-1.0355,2880.0
Anomalia,-0.0011,0.2002,0.3494,-0.3807,0.2002,-0.0547,-1.1257,2880.0
Anomalia,0.0199,0.2216,0.4479,-0.3807,0.2225,-0.0753,-1.2528,2880.0
Anomalia,0.0118,0.2201,0.4479,-0.3807,0.2204,-0.0213,-1.2291,2880.0
Anomalia,0.0105,0.1988,0.4479,-0.3807,0.199,0.0322,-0.888,2640.0
Anomalia,0.0214,0.1685,0.4479,-0.3428,0.1698,0.0403,-0.1906,2640.0
Anomalia,-0.0015,0.1316,0.3615,-0.3413,0.1316,-0.1344,0.1791,2640.0
Anomalia,0.0021,0.0996,0.1932,-0.2268,0.0996,-0.1789,-0.8174,2640.0
Anomalia,0.0121,0.1119,0.2545,-0.2307,0.1126,-0.0505,-0.5857,2880.0
Anomalia,0.0062,0.1324,0.3,-0.2485,0.1325,0.1029,-0.9369,2880.0
Anomalia,0.0158,0.1277,0.3,-0.2485,0.1287,0.0026,-0.7731,2880.0
Anomalia,0.0156,0.1202,0.3,-0.2485,0.1212,0.0615,-0.5123,2640.0
Anomalia,-0.0009,0.125,0.3269,-0.3336,0.1251,0.0439,0.0207,2400.0
Anomalia,-0.0024,0.135,0.3269,-0.3336,0.135,-0.0215,-0.1236,2880.0
Anomalia,0.0,0.1568,0.3282,-0.3336,0.1568,0.076,-0.805,2640.0
Anomalia,0.0032,0.1571,0.3282,-0.3336,0.1571,0.0438,-0.8454,2880.0
Anomalia,0.0246,0.1516,0.3282,-0.2835,0.1536,-0.1344,-0.9516,2880.0
Anomalia,0.0215,0.1586,0.3282,-0.3607,0.1601,-0.2631,-0.7776,2880.0
Anomalia,0.0142,0.1601,0.2996,-0.3607,0.1608,-0.2817,-0.8123,2640.0
Anomalia,0.0038,0.1624,0.2996,-0.3607,0.1624,-0.1797,-0.8742,2640.0
Anomalia,-0.0077,0.1635,0.2996,-0.3607,0.1637,-0.0576,-0.9663,2640.0
Anomalia,0.0078,0.1547,0.416,-0.2914,0.1549,0.1953,-0.5631,2880.0
Anomalia,0.011,0.1357,0.416,-0.2829,0.1362,0.2931,-0.0024,2400.0
Anomalia,0.0272,0.174,0.4283,-0.3476,0.1761,0.1984,-0.5206,2880.0
Anomalia,0.0175,0.2174,0.4364,-0.4802,0.2181,-0.0039,-0.6508,2880.0
Anomalia,-0.0079,0.2362,0.4364,-0.4802,0.2363,0.0396,-0.9915,2640.0
Anomalia,0.0071,0.2501,0.4364,-0.4802,0.2502,-0.045,-1.2661,2640.0
Anomalia,-0.0012,0.2518,0.4446,-0.4802,0.2518,-0.0329,-1.2846,2640.0
Anomalia,0.0038,0.2159,0.4446,-0.4122,0.2159,-0.037,-1.104,2640.0
Anomalia,0.0237,0.1776,0.4446,-0.4122,0.1792,-0.0549,-0.5542,2640.0
Anomalia,0.0075,0.1682,0.4446,-0.4122,0.1683,0.0907,-0.0853,2640.0
Anomalia,0.005,0.202,0.4667,-0.5326,0.202,-0.1386,0.3533,3120.0
Anomalia,0.016,0.2267,0.4667,-0.5326,0.2273,-0.1153,-0.3292,2880.0
Anomalia,0.0022,0.236,0.4667,-0.5326,0.236,0.0219,-0.6657,2880.0
Anomalia,0.0157,0.2433,0.4667,-0.5326,0.2438,-0.0968,-0.8686,2880.0
Anomalia,0.0176,0.2159,0.4151,-0.369,0.2166,0.0169,-1.1515,2880.0
Anomalia,0.0038,0.1926,0.3851,-0.369,0.1927,0.0295,-1.0661,2880.0
Anomalia,0.0203,0.1962,0.3851,-0.369,0.1973,-0.041,-1.1025,2880.0
Anomalia,-0.0024,0.2061,0.3851,-0.3692,0.2061,-0.0102,-1.1842,2880.0
Anomalia,-0.0027,0.2,0.3859,-0.3947,0.2,-0.0223,-1.1114,2880.0
Anomalia,0.0151,0.1952,0.3859,-0.3947,0.1958,-0.186,-0.9698,2640.0
Anomalia,0.0085,0.2021,0.388,-0.3947,0.2023,-0.0963,-1.051,2640.0
Anomalia,0.013,0.195,0.388,-0.3947,0.1954,-0.0764,-0.9966,2640.0
Anomalia,0.0144,0.1668,0.388,-0.3734,0.1674,-0.0236,-0.7894,2640.0
Anomalia,-0.0047,0.165,0.388,-0.3734,0.165,0.1745,-0.7343,2640.0
Anomalia,-0.001,0.1557,0.3085,-0.3734,0.1557,0.0906,-0.838,2640.0
Anomalia,0.0065,0.1517,0.2954,-0.2881,0.1518,0.1558,-1.0815,2640.0
Anomalia,0.0112,0.1477,0.2954,-0.2881,0.1482,0.0766,-1.0049,2640.0
Anomalia,0.0177,0.1396,0.2954,-0.2881,0.1407,0.0396,-0.7653,2880.0
Anomalia,0.0098,0.136,0.2954,-0.3062,0.1364,-0.1625,-0.5843,2880.0
Anomalia,0.0107,0.1247,0.2518,-0.3062,0.1252,-0.325,-0.4297,2880.0
Anomalia,0.0054,0.123,0.2518,-0.3062,0.1231,-0.3141,-0.3773,2640.0
Anomalia,0.0083,0.1466,0.3423,-0.3062,0.1468,-0.1373,-0.6481,2880.0
Anomalia,0.0199,0.1508,0.3423,-0.296,0.1521,-0.0491,-0.8409,2880.0
Anomalia,0.0058,0.1367,0.3423,-0.296,0.1368,0.3157,-0.3855,2640.0
Anomalia,0.008,0.1372,0.3423,-0.296,0.1374,0.3009,-0.4051,2880.0
Anomalia,0.0116,0.1211,0.2998,-0.2124,0.1217,0.4501,-0.4775,2880.0
Anomalia,0.0038,0.092,0.2581,-0.1684,0.0921,0.4827,0.2038,2880.0
Anomalia,0.0157,0.0856,0.2581,-0.1684,0.087,0.4632,0.448,2880.0
Anomalia,0.0111,0.0866,0.2581,-0.2134,0.0873,0.2575,0.6777,3120.0
Anomalia,0.0047,0.0863,0.2541,-0.2722,0.0864,-0.4029,1.3269,2640.0
Anomalia,0.0068,0.1623,0.4871,-0.5132,0.1625,0.0784,1.6109,2640.0
Anomalia,0.01,0.1841,0.4871,-0.5132,0.1843,0.0512,0.1885,2640.0
Anomalia,0.0114,0.1971,0.4871,-0.5132,0.1975,0.0131,-0.4209,2880.0
Anomalia,0.019,0.2065,0.4871,-0.5132,0.2074,0.0031,-0.7271,2880.0
Anomalia,0.0117,0.17,0.3463,-0.31,0.1704,0.0551,-1.2548,2880.0
Anomalia,0.0113,0.1739,0.3611,-0.2795,0.1743,0.0829,-1.2785,2880.0
Anomalia,0.0106,0.1691,0.3611,-0.2795,0.1695,0.1403,-1.1684,2880.0
Anomalia,0.0027,0.153,0.3611,-0.2795,0.153,0.1595,-0.926,2880.0
Anomalia,0.0123,0.1451,0.3611,-0.2795,0.1456,0.1438,-0.8385,2880.0
Anomalia,0.0089,0.1134,0.2727,-0.2547,0.1138,0.1574,-0.6273,2880.0
Anomalia,0.0094,0.1038,0.2395,-0.183,0.1042,0.2177,-0.8808,2880.0
Anomalia,0.0168,0.1564,0.4777,-0.4902,0.1573,-0.0039,1.1796,2400.0
Anomalia,0.006,0.2066,0.5103,-0.4902,0.2067,-0.0445,0.0363,2640.0
Anomalia,0.0133,0.2301,0.5103,-0.4902,0.2305,-0.0322,-0.7199,2640.0
Anomalia,0.0133,0.242,0.5103,-0.4902,0.2424,-0.0417,-1.0054,2640.0
Anomalia,0.0035,0.2237,0.5103,-0.4496,0.2238,0.0466,-1.0281,2640.0
Anomalia,0.0165,0.1855,0.3903,-0.2896,0.1862,0.0824,-1.259,2640.0
Anomalia,0.0027,0.1699,0.3304,-0.282,0.1699,0.05,-1.2607,2640.0
Anomalia,0.0033,0.1577,0.3304,-0.2654,0.1577,0.0299,-1.2175,2880.0
Anomalia,0.0094,0.164,0.3576,-0.3069,0.1643,0.0318,-1.1535,2880.0
Anomalia,0.0084,0.1861,0.4039,-0.3175,0.1863,0.1288,-1.0933,2880.0
Anomalia,0.0206,0.1932,0.4039,-0.3175,0.1943,0.1026,-1.1891,2880.0
Anomalia,0.0274,0.2142,0.4039,-0.3684,0.216,0.0169,-1.3262,2880.0
Anomalia,0.009,0.2095,0.4039,-0.3684,0.2097,0.1096,-1.2228,2880.0
Anomalia,0.0026,0.1827,0.3878,-0.3684,0.1827,0.1048,-0.9073,2880.0
Anomalia,0.0049,0.2282,0.4961,-0.5491,0.2282,0.037,-0.5718,2880.0
Anomalia,0.0005,0.2611,0.5424,-0.5491,0.2611,0.0706,-0.6184,2640.0
Anomalia,0.0177,0.2549,0.5424,-0.5491,0.2555,-0.0242,-0.4392,2640.0
Anomalia,0.02,0.2582,0.5424,-0.5491,0.259,-0.0504,-0.5541,2640.0
Anomalia,0.0042,0.2067,0.5424,-0.5278,0.2068,0.1216,0.3899,2880.0
Anomalia,0.007,0.1386,0.3632,-0.3125,0.1388,0.1622,-0.8033,3120.0
Anomalia,0.0035,0.1708,0.3699,-0.3855,0.1709,-0.0898,-0.7204,2640.0
Anomalia,0.0046,0.1655,0.3699,-0.3855,0.1655,-0.1229,-0.5001,2640.0
Anomalia,0.0176,0.1643,0.3699,-0.3855,0.1653,-0.289,-0.3621,2880.0
Anomalia,0.0159,0.1878,0.3912,-0.3855,0.1885,-0.1792,-0.7182,2880.0
Anomalia,0.0156,0.1869,0.4927,-0.4302,0.1875,-0.0151,-0.4322,2880.0
Anomalia,0.0125,0.2215,0.5094,-0.4441,0.2219,-0.0018,-0.75,2880.0
Anomalia,0.0045,0.226,0.5094,-0.4441,0.226,0.1022,-0.876,2880.0
Anomalia,0.0039,0.2138,0.5094,-0.4441,0.2139,0.1035,-0.6839,2880.0
Anomalia,0.0056,0.1875,0.5094,-0.4441,0.1875,0.0488,-0.3634,2880.0
Anomalia,0.0136,0.152,0.3002,-0.3127,0.1526,0.0317,-0.9009,2880.0
Anomalia,0.0161,0.1606,0.3002,-0.3127,0.1614,-0.068,-1.0189,2880.0
Anomalia,0.01,0.1539,0.3296,-0.2852,0.1542,0.0186,-0.9037,2880.0
Anomalia,0.0106,0.2141,0.5332,-0.5257,0.2143,0.0412,-0.3153,2880.0
Anomalia,-0.0049,0.2628,0.5332,-0.5983,0.2629,0.0398,-0.6301,2880.0
Anomalia,0.0053,0.2559,0.5332,-0.5983,0.256,-0.0332,-0.3908,2640.0
Anomalia,0.0164,0.2443,0.5332,-0.5983,0.2449,-0.1684,0.0521,2640.0
Anomalia,0.0063,0.1958,0.513,-0.5983,0.1959,-0.2431,1.3421,2880.0
Anomalia,0.016,0.105,0.3432,-0.2543,0.1062,-0.0502,0.7284,2880.0
Anomalia,0.0021,0.1017,0.1976,-0.2543,0.1017,-0.4643,-0.4568,2640.0
Anomalia,0.0047,0.1091,0.2985,-0.2543,0.1092,-0.0938,-0.1717,2640.0
Anomalia,0.0201,0.1645,0.4596,-0.4736,0.1657,0.0154,0.8839,2880.0
Anomalia,0.0196,0.1946,0.4596,-0.4736,0.1956,0.0296,-0.3194,2880.0
Anomalia,0.0182,0.1962,0.4596,-0.4736,0.1971,0.0407,-0.3799,2640.0
Anomalia,0.0091,0.1951,0.4596,-0.4736,0.1953,0.1044,-0.3511,2640.0
Anomalia,-0.0027,0.1751,0.4083,-0.3934,0.1751,0.1393,-0.4929,2640.0
Anomalia,-0.0046,0.1964,0.4911,-0.4329,0.1965,0.2592,-0.1616,2640.0
Anomalia,0.011,0.2139,0.4911,-0.4329,0.2142,0.1597,-0.6031,2640.0
Anomalia,0.0129,0.2139,0.4911,-0.4329,0.2142,0.1483,-0.6152,2640.0
Anomalia,0.016,0.1997,0.4911,-0.4329,0.2003,0.1688,-0.319,2400.0
Anomalia,0.0181,0.195,0.4579,-0.4696,0.1959,-0.0118,-0.3802,2400.0
Anomalia,0.0122,0.2493,0.6183,-0.5074,0.2496,0.1144,-0.2997,2640.0
Anomalia,0.0044,0.2703,0.6183,-0.5074,0.2703,0.1334,-0.8059,2640.0
Anomalia,0.0131,0.2629,0.6183,-0.5074,0.2632,0.0593,-0.643,2640.0
Anomalia,0.0089,0.226,0.6183,-0.5074,0.2262,0.1696,0.4247,2640.0
Anomalia,0.0026,0.1355,0.412,-0.4131,0.1355,-0.1886,0.9101,2880.0
Anomalia,0.0149,0.0887,0.1796,-0.1855,0.0899,-0.1152,-0.7528,3360.0
Anomalia,0.0046,0.0787,0.1796,-0.1855,0.0788,-0.0104,-0.389,3360.0
Anomalia,0.0118,0.0845,0.1969,-0.1855,0.0853,-0.0069,-0.5558,3360.0
Anomalia,0.0165,0.0993,0.2629,-0.2668,0.1007,0.0187,-0.1417,2880.0
Anomalia,0.0085,0.1159,0.2629,-0.2668,0.1162,0.0663,-0.4884,2640.0
Anomalia,0.0098,0.1178,0.2629,-0.2668,0.1182,0.061,-0.5759,2640.0
Anomalia,0.0069,0.1426,0.2881,-0.2871,0.1428,0.1043,-0.9101,2880.0
Anomalia,-0.0012,0.1681,0.3194,-0.3811,0.1681,-0.0162,-0.7813,2880.0
Anomalia,0.0096,0.1799,0.3619,-0.3811,0.1802,-0.013,-0.8882,2640.0
Anomalia,0.0168,0.1864,0.3619,-0.3811,0.1871,-0.0739,-1.081,2640.0
Anomalia,0.0119,0.1707,0.3619,-0.3811,0.1711,-0.0347,-0.7035,2640.0
Anomalia,0.0227,0.1478,0.3619,-0.291,0.1495,0.0669,-0.7562,2400.0
Anomalia,0.005,0.1332,0.2747,-0.2921,0.1333,-0.0538,-0.7513,2400.0
Anomalia,0.002,0.15,0.3246,-0.3392,0.15,-0.1061,-0.7191,2640.0
Anomalia,0.0153,0.1625,0.3246,-0.3392,0.1632,-0.1282,-0.953,2640.0
Anomalia,0.0109,0.161,0.3246,-0.3392,0.1614,-0.015,-1.0085,2640.0
Anomalia,0.0223,0.1509,0.3246,-0.3392,0.1526,-0.0997,-0.7525,2640.0
Anomalia,0.0128,0.1441,0.3104,-0.4028,0.1447,-0.2853,-0.3408,2880.0
Anomalia,0.0014,0.1705,0.3636,-0.4379,0.1705,-0.276,-0.426,2880.0
Anomalia,0.002,0.1898,0.3989,-0.4379,0.1898,-0.1473,-0.67,2880.0
Anomalia,0.0111,0.2024,0.3989,-0.4379,0.2027,-0.1514,-0.9711,2880.0
Anomalia,0.0172,0.1968,0.3989,-0.4379,0.1975,-0.114,-0.9989,2880.0
Anomalia,0.0254,0.1622,0.3989,-0.3286,0.1642,-0.0579,-0.642,2880.0
Anomalia,0.0123,0.1409,0.3154,-0.2593,0.1414,-0.0755,-0.8648,2880.0
Anomalia,0.005,0.1496,0.4892,-0.3793,0.1497,0.1383,0.501,2880.0
Anomalia,0.0051,0.2165,0.5852,-0.5153,0.2165,0.1195,0.1784,2880.0
Anomalia,0.0001,0.2331,0.5852,-0.5153,0.2331,0.1815,-0.4168,2880.0
Anomalia,0.0248,0.2362,0.5852,-0.5153,0.2375,-0.0153,-0.5416,2880.0
Anomalia,0.0129,0.229,0.5852,-0.5153,0.2294,0.0352,-0.5596,2880.0
Anomalia,0.0116,0.1651,0.367,-0.3008,0.1655,0.0664,-0.9992,2880.0
Anomalia,0.0105,0.1501,0.3125,-0.3455,0.1504,-0.1619,-0.6124,2880.0
Anomalia,-0.0003,0.1623,0.3156,-0.3649,0.1623,-0.2126,-0.6587,2400.0
Anomalia,0.0138,0.1939,0.4183,-0.3649,0.1944,-0.0533,-0.7445,2640.0
Anomalia,0.0211,0.1931,0.4183,-0.3649,0.1943,-0.0909,-0.7316,2640.0
Anomalia,0.0197,0.1859,0.4183,-0.3649,0.187,0.0398,-0.6638,2640.0
Anomalia,0.0152,0.1914,0.4638,-0.4189,0.192,0.0667,-0.512,2880.0
Anomalia,0.0083,0.1915,0.4733,-0.5134,0.1917,-0.0846,0.1601,2880.0
Anomalia,0.0015,0.1843,0.4733,-0.5134,0.1843,-0.0334,0.5992,2880.0
Anomalia,0.0072,0.1887,0.4733,-0.5134,0.1888,-0.0847,0.3748,2880.0
Anomalia,0.0111,0.1685,0.4733,-0.5134,0.1689,-0.0547,0.8791,2880.0
Anomalia,0.0205,0.1166,0.2896,-0.2172,0.1183,0.132,-0.5928,2640.0
Anomalia,0.0265,0.1252,0.2896,-0.2172,0.128,-0.0216,-0.9994,2640.0
Anomalia,0.008,0.1256,0.2637,-0.2193,0.1259,-0.0127,-1.1639,2640.0
Anomalia,0.008,0.1336,0.2931,-0.2647,0.1339,-0.0521,-1.0086,2640.0
Anomalia,0.0018,0.1346,0.2931,-0.2647,0.1346,0.0941,-0.9433,2640.0
Anomalia,0.0029,0.1399,0.2931,-0.2647,0.1399,0.1318,-0.9473,2880.0
Anomalia,0.0218,0.1397,0.2931,-0.2647,0.1414,0.0619,-0.9864,2880.0
Anomalia,0.0222,0.1296,0.282,-0.218,0.1315,0.1639,-0.9822,2640.0
Anomalia,0.016,0.129,0.282,-0.223,0.13,0.0566,-0.8705,2640.0
Anomalia,0.0131,0.1258,0.282,-0.223,0.1265,0.0367,-0.8829,2640.0
Anomalia,0.0052,0.1324,0.282,-0.241,0.1325,-0.0074,-0.9621,2640.0
Anomalia,0.011,0.1445,0.3361,-0.2737,0.1449,0.0896,-0.8025,2880.0
Anomalia,0.018,0.1587,0.3361,-0.2785,0.1597,0.0545,-1.0671,2880.0
Anomalia,0.009,0.1599,0.3361,-0.2785,0.1601,0.1603,-1.0946,2880.0
Anomalia,0.0155,0.1525,0.3361,-0.2785,0.1533,0.1215,-0.9806,2880.0
Anomalia,-0.0001,0.1671,0.3319,-0.4024,0.1671,-0.1549,-0.6128,2880.0
Anomalia,0.0049,0.1998,0.5631,-0.4024,0.1999,0.2209,-0.2445,2640.0
Anomalia,0.021,0.1975,0.5631,-0.4024,0.1986,0.0552,-0.1675,2640.0
Anomalia,0.0089,0.2095,0.5631,-0.4024,0.2096,0.1378,-0.5546,2640.0
Anomalia,0.0136,0.2205,0.5631,-0.3828,0.2209,0.1619,-0.7245,2640.0
Anomalia,0.0119,0.1911,0.4439,-0.3828,0.1915,0.0311,-0.6192,2640.0
Anomalia,-0.0027,0.186,0.4439,-0.3828,0.186,0.2119,-0.3808,2640.0
Anomalia,0.0129,0.1837,0.4439,-0.3828,0.1842,0.1381,-0.2961,2880.0
Anomalia,0.017,0.1459,0.4396,-0.2687,0.1469,0.4288,-0.3067,2880.0
Anomalia,0.0097,0.1266,0.3667,-0.2687,0.127,0.3721,-0.3085,2880.0
Anomalia,0.0137,0.1782,0.4565,-0.5197,0.1787,-0.1679,0.1711,2880.0
Anomalia,0.0136,0.1882,0.4565,-0.5197,0.1887,-0.0542,0.0309,2880.0
Anomalia,0.0103,0.2013,0.4565,-0.5197,0.2015,-0.0516,-0.3396,2640.0
Anomalia,0.0141,0.2223,0.4565,-0.5197,0.2227,-0.0735,-0.9016,2640.0
Anomalia,0.0138,0.1883,0.403,-0.3519,0.1888,0.121,-0.8608,2640.0
Anomalia,0.0103,0.1744,0.3455,-0.3519,0.1747,0.0359,-0.9361,2880.0
Anomalia,0.0084,0.1692,0.33,-0.3519,0.1694,0.0303,-0.9738,2880.0
Anomalia,0.0056,0.1727,0.3313,-0.3653,0.1727,-0.0267,-0.9275,2880.0
Anomalia,0.015,0.1788,0.3313,-0.3653,0.1794,-0.109,-1.0915,2880.0
Anomalia,0.0072,0.2001,0.4364,-0.4658,0.2003,-0.0784,-0.9736,2880.0
Anomalia,0.0198,0.2094,0.4364,-0.4658,0.2104,-0.1583,-0.8685,2880.0
Anomalia,0.0156,0.208,0.4364,-0.4658,0.2086,-0.0817,-0.8483,2640.0
Anomalia,0.0082,0.2316,0.4364,-0.4658,0.2317,-0.0334,-1.1779,2640.0
Anomalia,0.0174,0.2099,0.4208,-0.4512,0.2106,-0.1162,-1.0184,2640.0
Anomalia,-0.0001,0.1893,0.3901,-0.3628,0.1893,0.0058,-0.9208,2640.0
Anomalia,0.0124,0.1999,0.4122,-0.3628,0.2003,-0.0168,-0.9463,2880.0
Anomalia,0.0199,0.1697,0.4122,-0.3542,0.1709,-0.043,-0.6106,2880.0
Anomalia,0.008,0.1608,0.4122,-0.3542,0.161,0.1534,-0.2121,2640.0
Anomalia,0.0235,0.158,0.4122,-0.3542,0.1598,0.0948,-0.1563,2880.0
Anomalia,0.0075,0.1316,0.3046,-0.3421,0.1318,-0.0996,-0.4419,2880.0
Anomalia,-0.0044,0.1528,0.3423,-0.3421,0.1529,0.0235,-0.4741,2640.0
Anomalia,0.0157,0.1592,0.3423,-0.3421,0.1599,-0.234,-0.6915,2640.0
Anomalia,0.011,0.1602,0.3423,-0.3421,0.1605,-0.2526,-0.7794,2880.0
Anomalia,0.009,0.1605,0.3423,-0.333,0.1607,-0.2543,-0.8215,2880.0
Anomalia,0.0202,0.1533,0.33,-0.3069,0.1546,-0.2251,-0.8553,2640.0
Anomalia,-0.002,0.1544,0.33,-0.3069,0.1544,0.0199,-0.9174,2640.0
Anomalia,-0.0015,0.1598,0.33,-0.3069,0.1598,0.0574,-1.0049,2640.0
Anomalia,0.0209,0.1462,0.33,-0.2772,0.1477,0.012,-0.9045,2400.0
Anomalia,0.0125,0.1221,0.2589,-0.2772,0.1227,-0.062,-0.6486,2400.0
Anomalia,0.0217,0.1297,0.2747,-0.2772,0.1315,0.0008,-0.897,2640.0
Anomalia,0.018,0.1176,0.2747,-0.2028,0.119,0.1355,-0.8876,2640.0
Anomalia,0.0033,0.1277,0.4047,-0.2599,0.1278,0.389,-0.2679,2640.0
Anomalia,0.0077,0.1528,0.4047,-0.3371,0.153,0.2151,-0.5811,2640.0
Anomalia,0.0071,0.1401,0.4047,-0.3371,0.1403,0.2124,-0.041,2640.0
Anomalia,0.0135,0.1355,0.4047,-0.3371,0.1362,0.1438,0.1868,2880.0
Anomalia,0.0142,0.1257,0.3868,-0.3371,0.1265,-0.1756,0.3325,2880.0
Anomalia,0.01,0.1082,0.2353,-0.2846,0.1087,-0.216,-0.4891,2880.0
Anomalia,0.0087,0.1206,0.2353,-0.2846,0.1209,-0.2099,-0.7435,2880.0
Anomalia,0.0043,0.1321,0.2353,-0.2846,0.1321,-0.192,-0.9698,2880.0
Anomalia,0.011,0.1517,0.3133,-0.285,0.1521,-0.0442,-1.069,2880.0
Anomalia,0.0174,0.1397,0.3133,-0.285,0.1408,-0.1571,-0.6144,2880.0
Anomalia,0.0172,0.1255,0.3133,-0.285,0.1267,-0.105,0.0248,2640.0
Anomalia,0.0197,0.1114,0.3133,-0.285,0.1131,0.0805,0.836,2880.0
Anomalia,0.01,0.1063,0.2693,-0.2889,0.1067,-0.3125,0.7292,2640.0
Anomalia,-0.0062,0.1541,0.3096,-0.4254,0.1542,-0.2821,-0.0489,2640.0
Anomalia,0.0127,0.1778,0.3628,-0.4254,0.1783,-0.1585,-0.633,2640.0
Anomalia,0.0048,0.1879,0.3628,-0.4254,0.188,-0.0682,-0.9821,2640.0
Anomalia,0.0216,0.2009,0.372,-0.4254,0.2021,-0.0671,-1.0274,2880.0
Anomalia,0.0361,0.2091,0.3991,-0.3749,0.2122,-0.0265,-1.0811,2640.0
Anomalia,0.0056,0.2207,0.3991,-0.3809,0.2208,0.0629,-1.14,2640.0
Anomalia,0.0057,0.2254,0.3991,-0.3809,0.2255,0.0494,-1.2312,2640.0
Anomalia,0.0015,0.2036,0.3991,-0.3809,0.2036,0.0235,-0.8641,2640.0
Anomalia,0.0001,0.2142,0.4852,-0.4523,0.2142,0.0762,-0.6183,2880.0
Anomalia,0.0203,0.2333,0.5234,-0.4567,0.2342,0.0765,-0.6063,2880.0
Anomalia,0.0229,0.2265,0.5234,-0.4567,0.2277,0.0951,-0.3938,2880.0
Anomalia,0.0045,0.2404,0.5234,-0.4567,0.2405,0.148,-0.7505,2880.0
Anomalia,0.0077,0.2211,0.5234,-0.4567,0.2212,0.1313,-0.7657,2880.0
Anomalia,0.003,0.1997,0.3609,-0.364,0.1998,0.0151,-1.0967,2880.0
Anomalia,0.0135,0.1981,0.3609,-0.364,0.1985,-0.1108,-1.0583,2880.0
Anomalia,0.0204,0.1981,0.3609,-0.3761,0.1991,-0.1197,-1.0691,2880.0
Anomalia,0.0195,0.1772,0.3486,-0.3761,0.1783,-0.2326,-0.8328,2880.0
Anomalia,0.0149,0.166,0.3478,-0.3761,0.1667,-0.1692,-0.7923,2880.0
Anomalia,-0.0001,0.225,0.4811,-0.494,0.225,-0.074,-0.7425,2880.0
Anomalia,0.0108,0.2461,0.4811,-0.494,0.2463,-0.0367,-0.9363,2880.0
Anomalia,0.0136,0.2462,0.4811,-0.494,0.2465,-0.0445,-0.9347,2640.0
Anomalia,0.0148,0.2303,0.4811,-0.494,0.2308,-0.0506,-0.5186,2640.0
Anomalia,0.0223,0.1668,0.4617,-0.3791,0.1683,0.174,0.4243,2640.0
Anomalia,0.0102,0.1149,0.3148,-0.2478,0.1154,0.1355,-0.2611,2640.0
Anomalia,0.0063,0.1143,0.3346,-0.2537,0.1145,0.1512,0.0866,2880.0
Anomalia,0.0103,0.1119,0.3346,-0.2537,0.1124,0.0348,0.2834,2880.0
Anomalia,0.0091,0.1472,0.3453,-0.2981,0.1474,0.0273,-0.4807,2880.0
Anomalia,0.0182,0.1612,0.3453,-0.3094,0.1623,-0.0459,-0.6509,2880.0
Anomalia,0.02,0.1481,0.3453,-0.3094,0.1495,-0.1561,-0.2438,2640.0
Anomalia,0.0089,0.1592,0.3453,-0.3094,0.1594,-0.0457,-0.7821,2880.0
Anomalia,0.0127,0.1262,0.3309,-0.3094,0.1268,-0.155,-0.0117,2400.0
Anomalia,0.0086,0.0857,0.1873,-0.2286,0.0861,-0.4247,-0.1923,2640.0
Anomalia,0.0048,0.088,0.2165,-0.2286,0.0881,-0.2169,-0.1777,2640.0
Anomalia,0.0182,0.0765,0.2165,-0.1515,0.0786,0.3256,-0.1966,2640.0
Anomalia,0.0134,0.0927,0.2218,-0.2604,0.0936,-0.1518,0.0954,2640.0
Anomalia,0.0092,0.1051,0.2218,-0.2604,0.1055,-0.1125,-0.5493,2640.0
Anomalia,0.0115,0.1327,0.3035,-0.3321,0.1332,-0.1761,-0.4914,2640.0
Anomalia,0.0105,0.1439,0.3035,-0.3321,0.1443,-0.1276,-0.9073,2640.0
Anomalia,0.0104,0.1621,0.3701,-0.3413,0.1624,-0.0553,-0.9083,2640.0
Anomalia,0.017,0.1772,0.3701,-0.3413,0.178,-0.054,-1.096,2640.0
Anomalia,0.0152,0.1567,0.3701,-0.3413,0.1574,0.0123,-0.7205,2640.0
Anomalia,0.0017,0.1474,0.3701,-0.3413,0.1475,0.2004,-0.3201,2880.0
Anomalia,0.0071,0.1235,0.3549,-0.2691,0.1237,0.2427,-0.2911,2880.0
Anomalia,0.0121,0.0965,0.203,-0.1652,0.0973,0.0367,-1.0125,2880.0
Anomalia,0.0184,0.104,0.2664,-0.1652,0.1056,0.1228,-0.9652,2880.0
Anomalia,0.0247,0.1052,0.2664,-0.1944,0.1081,-0.0025,-0.9115,2880.0
Anomalia,0.0199,0.1044,0.2664,-0.1944,0.1062,-0.0183,-0.7964,3360.0
Anomalia,0.0029,0.1123,0.2664,-0.2376,0.1123,-0.0689,-0.8453,2640.0
Anomalia,-0.0119,0.1693,0.4176,-0.4727,0.1697,-0.1769,0.551,2640.0
Anomalia,0.0109,0.2338,0.5921,-0.4727,0.2341,0.2801,-0.2184,2640.0
Anomalia,0.0171,0.2634,0.5921,-0.4727,0.264,0.1514,-0.8875,2640.0
Anomalia,0.0313,0.2704,0.5921,-0.4727,0.2722,0.0246,-1.0538,2640.0
Anomalia,0.0346,0.2461,0.5921,-0.4116,0.2485,0.1821,-0.8751,2880.0
Anomalia,0.0073,0.2023,0.4452,-0.4116,0.2024,0.0374,-0.937,2880.0
Anomalia,0.0039,0.1885,0.3473,-0.3761,0.1885,-0.0001,-1.1263,2880.0
Anomalia,0.007,0.2101,0.4377,-0.3761,0.2102,0.0754,-1.1015,2880.0
Anomalia,0.0054,0.206,0.4377,-0.3945,0.2061,0.0041,-0.9248,2880.0
Anomalia,0.0247,0.2031,0.4377,-0.3945,0.2046,-0.1006,-0.8512,2880.0
Anomalia,0.0248,0.2126,0.4377,-0.3976,0.2141,-0.1078,-0.8831,2880.0
Anomalia,0.0077,0.1831,0.4076,-0.3976,0.1833,-0.1679,-0.5639,2880.0
Anomalia,0.0173,0.1748,0.4076,-0.3976,0.1757,-0.1786,-0.5054,2880.0
Anomalia,0.0035,0.1833,0.4076,-0.3976,0.1833,-0.0254,-0.7768,2880.0
Anomalia,0.0105,0.1479,0.3373,-0.2941,0.1483,-0.0792,-0.7721,2880.0
Anomalia,0.0194,0.1471,0.3373,-0.277,0.1484,-0.0126,-0.8825,2880.0
Anomalia,0.0121,0.1564,0.3373,-0.277,0.1569,0.0686,-1.1299,2880.0
Anomalia,0.0125,0.1485,0.262,-0.3035,0.149,-0.0676,-1.1714,2640.0
Anomalia,0.0063,0.1834,0.4439,-0.3976,0.1835,-0.0644,-0.818,2640.0
Anomalia,0.012,0.2237,0.4623,-0.4469,0.2241,-0.0335,-0.9182,2640.0
Anomalia,0.0145,0.227,0.4623,-0.4469,0.2274,-0.0723,-0.9633,2640.0
Anomalia,0.0234,0.2179,0.4623,-0.4469,0.2192,-0.1588,-0.707,2640.0
Anomalia,0.0183,0.194,0.4623,-0.4469,0.1949,-0.0791,-0.4096,2880.0
Anomalia,0.0021,0.1542,0.3194,-0.3083,0.1542,-0.0765,-0.9683,2880.0
Anomalia,-0.0005,0.1355,0.3194,-0.2879,0.1355,-0.0428,-0.6321,2880.0
Anomalia,0.002,0.1286,0.3194,-0.2879,0.1286,-0.1005,-0.39,2880.0
Anomalia,0.0061,0.1403,0.3194,-0.3142,0.1405,-0.0658,-0.3785,2880.0
Anomalia,0.0222,0.1216,0.3044,-0.3142,0.1236,-0.115,-0.0492,2880.0
Anomalia,0.0293,0.1304,0.3044,-0.3142,0.1337,-0.3632,-0.1098,2640.0
Anomalia,0.0048,0.1595,0.311,-0.3676,0.1596,-0.2439,-0.7054,2640.0
Anomalia,0.0064,0.2005,0.5514,-0.5293,0.2006,-0.0561,-0.0354,2640.0
Anomalia,0.0041,0.2221,0.5514,-0.5293,0.2222,-0.0021,-0.6453,2640.0
Anomalia,0.0096,0.2205,0.5514,-0.5293,0.2207,-0.031,-0.6096,2640.0
Anomalia,0.0277,0.2073,0.5514,-0.5293,0.2092,-0.1112,-0.2447,2640.0
Anomalia,0.0217,0.1465,0.4053,-0.335,0.1481,-0.0153,-0.1741,2640.0
Anomalia,0.009,0.1425,0.3229,-0.4713,0.1427,-0.3041,0.5136,2400.0
Anomalia,0.0122,0.1862,0.4554,-0.4713,0.1866,0.0923,-0.0919,2880.0
Anomalia,0.0039,0.2131,0.4554,-0.4713,0.2132,-0.0047,-0.6159,2640.0
Anomalia,0.0139,0.2208,0.4554,-0.4713,0.2213,-0.078,-0.8536,2640.0
Anomalia,0.0254,0.1992,0.4554,-0.4462,0.2008,-0.0785,-0.4866,2640.0
Anomalia,0.0098,0.1612,0.3747,-0.4462,0.1615,-0.2376,-0.0571,2880.0
Anomalia,0.014,0.1219,0.2854,-0.2451,0.1227,0.2045,-0.5715,2880.0
Anomalia,0.0114,0.1145,0.2854,-0.2451,0.1151,0.076,-0.5047,2880.0
Anomalia,0.0085,0.1272,0.2854,-0.2485,0.1275,0.0061,-0.8197,2640.0
Anomalia,0.0133,0.1181,0.2854,-0.2485,0.1188,-0.0362,-0.7831,2640.0
Anomalia,0.0161,0.1196,0.3244,-0.2485,0.1207,-0.0239,-0.6017,2640.0
Anomalia,0.0151,0.128,0.3244,-0.2549,0.1289,0.0322,-0.5639,2640.0
Anomalia,0.0127,0.1296,0.3244,-0.2549,0.1302,0.0879,-0.6329,2640.0
Anomalia,0.0107,0.1513,0.3277,-0.256,0.1517,0.1448,-0.9377,2640.0
Anomalia,0.0099,0.1649,0.3576,-0.2858,0.1652,0.1581,-1.0827,2640.0
Anomalia,0.0039,0.1661,0.3576,-0.2858,0.1662,0.1798,-1.0999,2640.0
Anomalia,0.0143,0.1604,0.3576,-0.2858,0.1611,0.1071,-0.9754,2640.0
Anomalia,0.0132,0.1447,0.3576,-0.2858,0.1453,0.0483,-0.7158,2640.0
Anomalia,0.0093,0.1247,0.2802,-0.2624,0.1251,-0.0871,-0.7622,2400.0
Anomalia,0.0169,0.1196,0.2512,-0.2276,0.1208,-0.0303,-0.9597,2400.0
Anomalia,0.0092,0.1268,0.2747,-0.2318,0.1272,0.0148,-0.9701,2640.0
Anomalia,0.0069,0.1443,0.2747,-0.3108,0.1445,-0.0635,-1.0632,2640.0
Anomalia,0.0218,0.1473,0.2996,-0.3108,0.1489,-0.1037,-0.9683,2640.0
Anomalia,0.0048,0.1428,0.2996,-0.3108,0.1428,-0.037,-0.6507,2640.0
Anomalia,0.0011,0.1601,0.3052,-0.3736,0.1601,-0.1164,-0.7478,2880.0
Anomalia,0.0175,0.1876,0.4475,-0.3736,0.1884,0.1065,-0.6136,2640.0
Anomalia,0.0007,0.1917,0.4475,-0.3736,0.1917,0.1797,-0.6979,2640.0
Anomalia,0.0208,0.1883,0.4475,-0.3736,0.1895,-0.0187,-0.6739,2640.0
Anomalia,0.0253,0.1658,0.4475,-0.3409,0.1678,0.0866,-0.0768,2400.0
Anomalia,-0.0002,0.1364,0.2439,-0.3542,0.1364,-0.4322,-0.4951,2400.0
Anomalia,0.0065,0.1685,0.3834,-0.3713,0.1686,-0.1507,-0.3304,2640.0
Anomalia,0.0042,0.2426,0.59,-0.5895,0.2426,0.0052,-0.3738,2640.0
Anomalia,0.0097,0.2775,0.59,-0.5895,0.2776,-0.0243,-0.9478,2640.0
Anomalia,0.0288,0.2691,0.59,-0.5895,0.2706,-0.1544,-0.7373,2880.0
Anomalia,0.0258,0.2532,0.59,-0.5895,0.2545,-0.1519,-0.3735,2880.0
Anomalia,0.021,0.1898,0.5215,-0.5138,0.1909,-0.1104,0.0118,2880.0
Anomalia,0.0089,0.193,0.4854,-0.4623,0.1932,-0.1638,-0.2226,2880.0
Anomalia,-0.0042,0.2155,0.4854,-0.4623,0.2156,-0.0992,-0.7519,2880.0
Anomalia,-0.0007,0.2168,0.4854,-0.4623,0.2168,-0.0884,-0.8016,2640.0
Anomalia,0.0079,0.2195,0.4854,-0.4623,0.2197,-0.1367,-0.8128,2640.0
Anomalia,0.0147,0.1729,0.3607,-0.393,0.1735,-0.1295,-0.6158,2640.0
Anomalia,0.0245,0.1402,0.339,-0.3096,0.1424,0.0765,-0.6887,2640.0
Anomalia,0.0164,0.1415,0.339,-0.3217,0.1425,-0.0267,-0.6117,2400.0
Anomalia,0.0096,0.1515,0.3,-0.329,0.1518,-0.1547,-0.8199,2640.0
Anomalia,0.0058,0.1444,0.3,-0.329,0.1446,-0.1157,-0.5828,2640.0
Anomalia,0.0072,0.1427,0.3,-0.329,0.1429,-0.1355,-0.4865,2640.0
Anomalia,0.0131,0.1377,0.3133,-0.329,0.1383,0.0141,-0.5102,2880.0
Anomalia,0.0164,0.184,0.4517,-0.455,0.1847,0.0128,0.1805,2640.0
Anomalia,0.0201,0.2344,0.4517,-0.5042,0.2353,-0.1794,-0.6603,2640.0
Anomalia,0.0165,0.2604,0.4517,-0.5042,0.2609,-0.1407,-1.14,2640.0
Anomalia,0.0086,0.2651,0.4517,-0.5042,0.2652,-0.0798,-1.2143,2640.0
Anomalia,0.0136,0.2315,0.4341,-0.5042,0.2319,-0.1583,-0.9264,2880.0
Anomalia,0.0138,0.1899,0.3872,-0.3891,0.1904,-0.0524,-0.8609,2880.0
Anomalia,0.009,0.1626,0.3561,-0.3428,0.1628,0.1881,-0.8118,2880.0
Anomalia,0.0099,0.1545,0.3309,-0.3152,0.1548,0.167,-0.9141,2640.0
Anomalia,-0.0002,0.1438,0.3302,-0.3152,0.1438,0.1421,-0.8512,2640.0
Anomalia,0.0011,0.1406,0.3302,-0.3152,0.1406,0.024,-0.8052,2640.0
Anomalia,0.0158,0.1365,0.281,-0.3152,0.1374,-0.2221,-0.8478,2880.0
Anomalia,0.0201,0.1145,0.281,-0.2704,0.1162,-0.0747,-0.54,2640.0
Anomalia,0.0227,0.1108,0.281,-0.2704,0.1131,0.0304,-0.3677,2880.0
Anomalia,0.0169,0.0933,0.281,-0.1736,0.0948,0.6425,0.0038,2880.0
Anomalia,-0.0017,0.0822,0.232,-0.1569,0.0822,0.6837,0.3973,2880.0
Anomalia,0.0096,0.1031,0.237,-0.1926,0.1036,0.5424,-0.4358,2880.0
Anomalia,0.0094,0.0966,0.237,-0.1926,0.0971,0.4462,-0.2299,2880.0
Anomalia,0.0158,0.1051,0.237,-0.1926,0.1063,0.3424,-0.7223,2880.0
Anomalia,0.0236,0.1054,0.237,-0.1948,0.108,0.1712,-0.7813,2880.0
Anomalia,0.0108,0.12,0.2927,-0.2987,0.1205,-0.0017,-0.2272,2880.0
Anomalia,0.0055,0.1241,0.2927,-0.2987,0.1242,0.0683,-0.3819,2880.0
Anomalia,0.0037,0.1186,0.2927,-0.2987,0.1186,-0.0081,-0.1023,2880.0
Anomalia,0.0052,0.1185,0.2927,-0.2987,0.1186,-0.0161,-0.0622,3120.0
Anomalia,0.0114,0.098,0.2593,-0.2126,0.0986,0.2125,-0.2074,2640.0
Anomalia,0.0192,0.0903,0.2593,-0.1729,0.0923,0.2225,-0.0302,2640.0
Anomalia,0.0114,0.1234,0.2677,-0.3357,0.1239,-0.2917,0.059,2640.0
Anomalia,0.0181,0.1245,0.2722,-0.3357,0.1258,-0.3217,0.1695,2880.0
Anomalia,0.0039,0.1538,0.3444,-0.3697,0.1538,-0.3773,-0.2549,2880.0
Anomalia,0.0033,0.166,0.3444,-0.3697,0.1661,-0.2513,-0.7341,2880.0
Anomalia,0.015,0.1448,0.3444,-0.3697,0.1456,-0.3522,-0.0735,2640.0
Anomalia,0.0078,0.138,0.3444,-0.3697,0.1383,-0.3832,0.1724,2880.0
Anomalia,0.0189,0.0952,0.2622,-0.2466,0.0971,-0.0641,0.0133,2880.0
Anomalia,0.0108,0.0749,0.1779,-0.1406,0.0757,-0.0861,-0.7597,2880.0
Anomalia,0.0058,0.0761,0.1779,-0.1644,0.0763,-0.2197,-0.6968,2400.0
Anomalia,0.0123,0.075,0.1779,-0.1644,0.076,-0.2266,-0.6229,3120.0
Anomalia,0.0112,0.0946,0.2656,-0.2072,0.0952,-0.1034,-0.2347,2400.0
Anomalia,0.0156,0.1253,0.304,-0.2992,0.1263,-0.0807,-0.3151,2640.0
Anomalia,0.0119,0.1545,0.304,-0.363,0.155,-0.1723,-0.6879,2640.0
Anomalia,0.0084,0.1675,0.304,-0.363,0.1677,-0.0581,-1.0431,2640.0
Anomalia,0.0018,0.1618,0.304,-0.363,0.1618,-0.0491,-0.8621,2640.0
Anomalia,0.0132,0.15,0.3154,-0.363,0.1506,-0.1691,-0.5539,2880.0
Anomalia,0.0137,0.138,0.3154,-0.2589,0.1386,-0.0507,-0.7656,2880.0
Anomalia,0.0126,0.1308,0.3154,-0.2589,0.1314,0.0354,-0.6042,2880.0
Anomalia,0.015,0.1345,0.3154,-0.2472,0.1353,0.0465,-0.7921,2880.0
Anomalia,0.009,0.2064,0.6244,-0.538,0.2066,0.1794,0.55,2880.0
Anomalia,0.0095,0.2319,0.6244,-0.538,0.2321,0.1204,-0.202,2640.0
Anomalia,0.0113,0.2402,0.6244,-0.538,0.2405,0.1198,-0.4442,2640.0
Anomalia,0.0201,0.2476,0.6244,-0.538,0.2484,0.0306,-0.6832,2640.0
Anomalia,0.009,0.2011,0.422,-0.4047,0.2013,0.0506,-0.9827,2640.0
Anomalia,0.0103,0.1653,0.3966,-0.3046,0.1656,0.1354,-0.8915,2640.0
Anomalia,0.0117,0.1961,0.4389,-0.4128,0.1965,0.0624,-0.8652,2880.0
Anomalia,0.0083,0.2045,0.4389,-0.4128,0.2047,0.0753,-0.9683,2880.0
Anomalia,0.0171,0.1908,0.4389,-0.4128,0.1916,-0.0006,-0.6203,2640.0
Anomalia,0.0151,0.1895,0.4389,-0.4128,0.1901,-0.0064,-0.6096,2880.0
Anomalia,0.0103,0.1522,0.3148,-0.311,0.1526,-0.0267,-0.8594,2880.0
Anomalia,0.0018,0.1377,0.2908,-0.3747,0.1377,-0.1719,-0.5819,2880.0
Anomalia,-0.0004,0.1318,0.2908,-0.3747,0.1318,-0.1324,-0.3085,2880.0
Anomalia,0.0049,0.1195,0.2908,-0.3747,0.1196,-0.2532,0.586,2880.0
Anomalia,0.0143,0.1007,0.2695,-0.3747,0.1017,-0.8135,2.405,2880.0
Anomalia,0.0216,0.0619,0.1863,-0.1049,0.0655,0.1366,-0.5124,2880.0
Anomalia,0.02,0.0744,0.1863,-0.1404,0.077,-0.0485,-0.603,2640.0
Anomalia,0.0163,0.0996,0.252,-0.2372,0.101,-0.1691,-0.4083,2640.0
Anomalia,-0.0054,0.1282,0.252,-0.3138,0.1284,-0.1838,-0.5578,2640.0
Anomalia,-0.0015,0.1864,0.49,-0.4502,0.1864,0.078,-0.3726,2640.0
Anomalia,0.0114,0.2279,0.49,-0.4502,0.2281,0.0893,-0.9016,2640.0
Anomalia,0.0158,0.238,0.49,-0.4502,0.2385,-0.0112,-1.0789,2640.0
Anomalia,0.0273,0.2232,0.49,-0.4502,0.2248,-0.0716,-0.7027,2640.0
Anomalia,0.0228,0.194,0.4456,-0.4429,0.1953,-0.0513,-0.473,2880.0
Anomalia,0.0035,0.1814,0.4275,-0.3692,0.1814,-0.1032,-0.6788,2880.0
Anomalia,-0.0037,0.1767,0.4275,-0.3528,0.1767,0.058,-0.6764,2640.0
Anomalia,0.0043,0.1788,0.4275,-0.3528,0.1788,-0.0395,-0.7762,2640.0
Anomalia,0.01,0.1616,0.4275,-0.3528,0.1619,-0.1055,-0.134,2880.0
Anomalia,0.0164,0.1229,0.3067,-0.2929,0.124,-0.2577,-0.3843,2400.0
Anomalia,0.0199,0.1139,0.2341,-0.2672,0.1156,-0.4288,-0.5455,2640.0
Anomalia,0.0113,0.1453,0.4016,-0.2672,0.1458,0.0335,-0.4721,2640.0
Anomalia,-0.0076,0.1806,0.4016,-0.3592,0.1807,0.0073,-0.9898,2640.0
Anomalia,0.0132,0.1933,0.4197,-0.3592,0.1937,0.0008,-1.0108,2640.0
Anomalia,0.0132,0.2021,0.4197,-0.3632,0.2025,0.0103,-1.0902,2640.0
Anomalia,0.0095,0.1964,0.4197,-0.3632,0.1967,-0.0213,-1.0674,2640.0
Anomalia,0.0237,0.1754,0.4197,-0.3632,0.177,0.0239,-0.9311,2640.0
Anomalia,-0.0021,0.1677,0.3465,-0.3632,0.1677,-0.02,-1.065,2640.0
Anomalia,0.0046,0.1473,0.3261,-0.3077,0.1474,-0.1362,-0.9628,2640.0
Anomalia,0.014,0.1322,0.2702,-0.286,0.1329,-0.2201,-0.8793,2400.0
Anomalia,0.0127,0.1534,0.368,-0.3215,0.1539,-0.0271,-0.7655,2880.0
Anomalia,0.0181,0.1446,0.368,-0.3215,0.1457,0.1296,-0.5146,2880.0
Anomalia,0.0137,0.1762,0.4051,-0.3978,0.1767,0.0656,-0.6325,2880.0
Anomalia,0.0016,0.1898,0.4051,-0.3978,0.1898,0.0318,-0.8169,2880.0
Anomalia,0.0106,0.1798,0.4051,-0.3978,0.1801,-0.0636,-0.5737,2880.0
Anomalia,0.0057,0.1949,0.4051,-0.3978,0.1949,-0.0976,-0.9322,2880.0
Anomalia,0.005,0.1677,0.3699,-0.3905,0.1678,-0.1495,-0.7343,2880.0
Anomalia,0.0211,0.1443,0.3699,-0.3321,0.1459,-0.2257,-0.3069,2880.0
Anomalia,0.0062,0.15,0.2941,-0.3321,0.1502,-0.2692,-0.6451,2880.0
Anomalia,0.0073,0.1368,0.2941,-0.3042,0.137,-0.159,-0.7343,2880.0
Anomalia,0.0048,0.1831,0.3987,-0.427,0.1831,-0.225,-0.507,2880.0
Anomalia,0.0036,0.1945,0.3987,-0.427,0.1946,-0.1653,-0.8469,2640.0
Anomalia,0.0116,0.1793,0.3987,-0.427,0.1796,-0.2516,-0.4112,2640.0
Anomalia,0.0207,0.1822,0.3987,-0.427,0.1834,-0.3587,-0.4359,2880.0
Anomalia,0.0192,0.1471,0.2921,-0.3371,0.1483,-0.2164,-0.8826,2400.0
Anomalia,0.013,0.1307,0.2666,-0.3012,0.1314,-0.1066,-0.6002,2640.0
Anomalia,0.0047,0.1575,0.3252,-0.3056,0.1576,-0.1339,-0.811,2400.0
Anomalia,0.0042,0.173,0.3709,-0.3056,0.1731,0.0614,-0.8472,2880.0
Anomalia,0.0075,0.1668,0.3709,-0.3056,0.167,0.1266,-0.6234,2880.0
Anomalia,0.0089,0.172,0.3709,-0.3056,0.1722,0.1244,-0.8411,2880.0
Anomalia,0.0163,0.1435,0.3709,-0.2856,0.1444,0.3135,-0.2886,2880.0
Anomalia,0.003,0.11,0.3553,-0.2309,0.11,0.3422,-0.1684,2880.0
Anomalia,0.004,0.114,0.2503,-0.2163,0.1141,0.1443,-0.9437,2880.0
Anomalia,0.0108,0.1039,0.2503,-0.2163,0.1045,-0.2019,-0.7034,2880.0
Anomalia,0.009,0.099,0.2503,-0.2163,0.0994,-0.1435,-0.4702,2880.0
Anomalia,0.019,0.0974,0.2503,-0.2163,0.0992,-0.0272,-0.376,2880.0
Anomalia,0.0145,0.105,0.2499,-0.2779,0.106,-0.3207,0.1756,2640.0
Anomalia,-0.0006,0.1173,0.2762,-0.2779,0.1173,0.0744,-0.1136,2640.0
Anomalia,0.0121,0.1247,0.2762,-0.2779,0.1253,-0.0672,-0.518,2640.0
Anomalia,0.0075,0.1263,0.2762,-0.2779,0.1265,-0.0954,-0.6366,2640.0
Anomalia,0.0139,0.1265,0.2816,-0.2704,0.1273,0.051,-0.6444,2880.0
Anomalia,0.0209,0.121,0.2816,-0.2704,0.1227,0.0007,-0.7727,2640.0
Anomalia,0.0042,0.1206,0.2816,-0.2704,0.1206,0.1709,-0.7384,2640.0
Anomalia,0.0087,0.1273,0.2816,-0.2704,0.1276,0.1898,-0.8737,2640.0
Anomalia,0.0075,0.1645,0.4402,-0.4675,0.1646,0.0497,0.4382,2640.0
Anomalia,0.0031,0.1989,0.4402,-0.4675,0.1989,0.0319,-0.3905,2640.0
Anomalia,0.0203,0.2045,0.4402,-0.4675,0.2055,-0.1406,-0.5796,2640.0
Anomalia,0.0093,0.1985,0.4402,-0.4675,0.1987,-0.0335,-0.3455,2880.0
Anomalia,0.0087,0.1717,0.4114,-0.4523,0.1719,-0.1086,-0.3205,2880.0
Anomalia,0.0083,0.1268,0.29,-0.3492,0.1271,-0.0937,-0.2222,3360.0
Anomalia,0.0002,0.1173,0.29,-0.3492,0.1173,-0.2224,0.0781,3120.0
Anomalia,0.019,0.1195,0.29,-0.3492,0.121,-0.4062,0.105,3120.0
Anomalia,0.0153,0.091,0.2263,-0.1848,0.0923,0.0284,-0.747,2640.0
Anomalia,0.016,0.0958,0.2263,-0.1913,0.0971,-0.0165,-0.6366,2640.0
Anomalia,0.0153,0.0889,0.2263,-0.1913,0.0902,0.0548,-0.4064,2640.0
Anomalia,-0.0018,0.0833,0.2103,-0.1913,0.0833,0.2003,-0.2238,2640.0
Anomalia,0.0038,0.0872,0.2286,-0.1913,0.0873,0.1759,-0.2138,2640.0
Anomalia,0.0171,0.108,0.3104,-0.1967,0.1094,0.4818,0.0231,2880.0
Anomalia,0.0157,0.1348,0.3104,-0.2868,0.1357,0.2003,-0.5819,2880.0
Anomalia,0.024,0.1392,0.3104,-0.2868,0.1412,0.0368,-0.7841,2880.0
Anomalia,0.0158,0.143,0.3104,-0.2868,0.1439,0.0817,-0.931,2880.0
Anomalia,-0.0082,0.1244,0.3029,-0.2868,0.1247,0.1999,-0.6241,2880.0
Anomalia,-0.0001,0.1259,0.3565,-0.2449,0.1259,0.586,-0.0526,2640.0
Anomalia,0.0047,0.1399,0.3565,-0.2449,0.14,0.5347,-0.3641,2640.0
Anomalia,0.0135,0.136,0.3565,-0.2449,0.1367,0.5032,-0.2869,2640.0
Anomalia,0.0323,0.1355,0.3565,-0.2449,0.1393,0.2335,-0.4771,2640.0
Anomalia,0.0179,0.1378,0.3392,-0.2722,0.1389,-0.0362,-0.6209,2880.0
Anomalia,0.0041,0.204,0.5754,-0.5255,0.204,-0.0223,0.6275,2880.0
Anomalia,-0.0058,0.2378,0.5754,-0.5255,0.2378,0.1172,-0.3816,2640.0
Anomalia,0.0029,0.2423,0.5754,-0.5255,0.2423,0.053,-0.5352,2640.0
Anomalia,0.0092,0.2416,0.5754,-0.5255,0.2418,0.0164,-0.5156,2880.0
Anomalia,0.0151,0.2241,0.4896,-0.5205,0.2246,-0.1585,-0.7285,2400.0
Anomalia,0.0233,0.2511,0.5257,-0.5316,0.2522,-0.2825,-0.575,2640.0
Anomalia,0.0071,0.3188,0.6488,-0.5572,0.3189,-0.0144,-1.0575,2640.0
Anomalia,-0.001,0.358,0.6488,-0.5962,0.358,0.0077,-1.3408,2640.0
Anomalia,0.0121,0.3348,0.6488,-0.5962,0.335,-0.0642,-1.0404,2640.0
Anomalia,0.0113,0.2945,0.6488,-0.5962,0.2948,-0.0457,-0.4796,2880.0
Anomalia,0.01,0.2274,0.585,-0.5962,0.2276,-0.1819,0.2332,2880.0
Anomalia,0.0194,0.1559,0.3982,-0.291,0.1571,-0.0564,-0.5725,2880.0
Anomalia,-0.0022,0.203,0.4779,-0.4481,0.203,0.0007,-0.5727,2880.0
Anomalia,0.0012,0.2085,0.4779,-0.4481,0.2085,0.0024,-0.7575,2880.0
Anomalia,0.0118,0.1924,0.4779,-0.4481,0.1928,-0.1819,-0.2354,2640.0
Anomalia,0.0077,0.1847,0.4779,-0.4481,0.1849,-0.2115,-0.0072,2880.0
Anomalia,0.021,0.1311,0.2772,-0.2662,0.1328,-0.0806,-0.7721,2880.0
Anomalia,0.0214,0.118,0.2772,-0.2612,0.1199,-0.1017,-0.7677,2880.0
Anomalia,-0.0001,0.1195,0.2772,-0.2612,0.1195,0.2729,-0.7134,2880.0
Anomalia,0.0131,0.1341,0.3085,-0.2685,0.1348,0.2824,-0.8621,2880.0
Anomalia,0.0097,0.1546,0.3382,-0.3156,0.1549,0.0804,-0.7252,2880.0
Anomalia,0.0038,0.1496,0.3382,-0.3156,0.1496,0.1571,-0.4852,2640.0
Anomalia,0.0343,0.1888,0.4742,-0.3494,0.1919,0.0516,-0.8126,2880.0
Anomalia,0.0148,0.2223,0.4742,-0.4143,0.2228,0.0338,-0.9179,2400.0
Anomalia,0.0052,0.2449,0.4742,-0.4514,0.245,0.0306,-0.9786,2640.0
Anomalia,0.0103,0.2764,0.4742,-0.4514,0.2766,0.0029,-1.3893,2640.0
Anomalia,-0.0071,0.2556,0.455,-0.4514,0.2557,0.0373,-1.1635,2640.0
Anomalia,0.0043,0.236,0.455,-0.4514,0.2361,-0.0013,-1.0231,2640.0
Anomalia,0.0247,0.2093,0.455,-0.3828,0.2108,0.0474,-0.9369,2640.0
Anomalia,0.0137,0.1664,0.3953,-0.3008,0.167,0.3035,-0.5318,2640.0
Anomalia,0.0113,0.1885,0.3953,-0.377,0.1888,0.1916,-0.8967,2880.0
Anomalia,0.0119,0.1807,0.3953,-0.377,0.1811,0.1403,-0.8637,2880.0
Anomalia,0.0042,0.1744,0.3267,-0.377,0.1745,-0.019,-0.9589,2640.0
Anomalia,0.0144,0.1755,0.3267,-0.377,0.1761,-0.1409,-0.9579,2640.0
Anomalia,0.017,0.1474,0.3027,-0.3183,0.1484,-0.1204,-0.8258,2640.0
Anomalia,0.0162,0.154,0.3367,-0.3183,0.1548,-0.0911,-0.7365,2640.0
Anomalia,0.007,0.1765,0.407,-0.4343,0.1766,-0.0949,-0.4271,2640.0
Anomalia,0.0045,0.2002,0.407,-0.4343,0.2003,-0.0346,-0.9223,2640.0
Anomalia,0.0141,0.1988,0.407,-0.4343,0.1993,-0.1381,-0.8489,2640.0
Anomalia,0.0101,0.1795,0.407,-0.4343,0.1797,-0.1408,-0.3601,2640.0
Anomalia,0.0209,0.1424,0.3511,-0.3603,0.1439,-0.1299,-0.2266,2640.0
Anomalia,0.0108,0.1332,0.3152,-0.3807,0.1336,-0.3309,-0.1584,2640.0
Anomalia,0.0025,0.1816,0.436,-0.3807,0.1816,0.0988,-0.4035,2640.0
Anomalia,0.0099,0.1871,0.436,-0.3807,0.1873,0.033,-0.6187,2640.0
Anomalia,0.0101,0.1862,0.436,-0.3807,0.1864,0.0611,-0.5731,2640.0
Anomalia,0.0158,0.1697,0.436,-0.3697,0.1704,0.1185,-0.1648,2880.0
Anomalia,0.0198,0.155,0.4325,-0.3563,0.1563,0.1996,-0.1316,2880.0
Anomalia,0.0086,0.1637,0.4325,-0.3563,0.1639,0.2045,-0.3033,2880.0
Anomalia,0.0043,0.1815,0.4325,-0.3563,0.1816,0.1346,-0.8112,2880.0
Anomalia,0.0161,0.2032,0.4325,-0.3563,0.2038,0.128,-1.1415,2880.0
Anomalia,0.0107,0.1814,0.4189,-0.3342,0.1817,0.0637,-1.1081,2880.0
Anomalia,0.0215,0.1885,0.4189,-0.3342,0.1897,0.0528,-1.1768,2880.0
Anomalia,0.026,0.1847,0.4189,-0.3238,0.1865,0.1022,-1.1244,2880.0
Anomalia,0.0074,0.1583,0.3784,-0.2741,0.1584,0.2618,-0.8351,2880.0
Anomalia,0.0116,0.1607,0.3784,-0.2904,0.1611,0.2518,-0.7676,2640.0
Anomalia,0.0088,0.1523,0.3503,-0.2904,0.1525,0.1506,-0.8517,2640.0
Anomalia,0.0078,0.1532,0.3323,-0.2904,0.1534,0.1935,-0.9123,2640.0
Anomalia,0.019,0.1638,0.3323,-0.2904,0.1649,0.0424,-1.157,2640.0
Anomalia,0.0176,0.1639,0.3323,-0.2624,0.1649,0.0856,-1.2424,2640.0
Anomalia,0.007,0.1826,0.3323,-0.4264,0.1827,-0.0222,-1.0004,2880.0
Anomalia,0.0049,0.1896,0.3576,-0.4264,0.1897,-0.0392,-1.0767,2880.0
Anomalia,0.0062,0.1833,0.3576,-0.4264,0.1834,-0.0917,-0.9483,2640.0
Anomalia,0.008,0.1719,0.3576,-0.4264,0.172,-0.2054,-0.5964,2640.0
Anomalia,0.0207,0.1414,0.3576,-0.3175,0.1429,-0.0967,-0.5669,2880.0
Anomalia,0.0285,0.1031,0.2558,-0.2051,0.1069,-0.2057,-0.6262,2880.0
Anomalia,0.018,0.1048,0.2558,-0.2359,0.1063,-0.1832,-0.5199,2880.0
Anomalia,0.0047,0.1083,0.2558,-0.2359,0.1084,-0.0334,-0.6113,3360.0
Anomalia,0.0042,0.1174,0.3348,-0.2866,0.1175,0.1085,-0.0003,2640.0
Anomalia,0.0034,0.1262,0.3348,-0.2866,0.1263,0.2485,-0.2737,2640.0
Anomalia,0.0176,0.1244,0.3348,-0.2866,0.1256,0.1822,-0.2868,2640.0
Anomalia,0.0273,0.1154,0.3348,-0.2866,0.1186,0.197,0.11,2640.0
Anomalia,0.0205,0.1167,0.3234,-0.2699,0.1185,0.2128,-0.0966,2400.0
Anomalia,0.0063,0.1739,0.49,-0.4569,0.174,0.0111,0.4737,2880.0
Anomalia,0.0033,0.1887,0.49,-0.4569,0.1888,0.0735,-0.2151,2640.0
Anomalia,0.0089,0.1935,0.49,-0.4569,0.1937,0.0057,-0.4526,2640.0
Anomalia,0.0122,0.1828,0.49,-0.4569,0.1832,-0.0614,-0.0599,2640.0
Anomalia,0.0187,0.1243,0.3154,-0.2447,0.1257,0.0329,-0.6415,2640.0
Anomalia,0.0113,0.1421,0.3252,-0.4266,0.1425,-0.3401,0.2072,2640.0
Anomalia,0.0087,0.1513,0.3252,-0.4266,0.1515,-0.199,-0.2148,2880.0
Anomalia,0.0063,0.1558,0.3252,-0.4266,0.1559,-0.1768,-0.4452,2880.0
Anomalia,0.0102,0.1546,0.3252,-0.4266,0.1549,-0.2239,-0.3648,2880.0
Anomalia,0.0232,0.1378,0.3163,-0.267,0.1397,0.0561,-0.8465,2880.0
Anomalia,0.0141,0.1296,0.3163,-0.267,0.1304,0.1097,-0.6584,2880.0
Anomalia,0.0198,0.1274,0.3163,-0.267,0.1289,0.1541,-0.3919,2880.0
Anomalia,0.0126,0.1436,0.3163,-0.2693,0.1442,0.147,-0.7157,2880.0
Anomalia,0.0076,0.1496,0.431,-0.3563,0.1498,0.2265,-0.0442,2880.0
Anomalia,0.0138,0.2179,0.5272,-0.4721,0.2184,0.083,-0.2797,2880.0
Anomalia,0.0093,0.2397,0.5272,-0.4721,0.2399,0.109,-0.8344,2880.0
Anomalia,0.0187,0.2355,0.5272,-0.4721,0.2362,0.0304,-0.7425,2640.0
Anomalia,0.0143,0.2253,0.5272,-0.4721,0.2258,0.0376,-0.588,2880.0
Anomalia,0.0065,0.1618,0.3899,-0.3438,0.1619,0.1194,-0.7083,2880.0
Anomalia,0.0087,0.1207,0.2576,-0.2585,0.121,-0.0026,-0.8809,2880.0
Anomalia,-0.0001,0.1127,0.2499,-0.2585,0.1127,-0.0982,-0.6764,2880.0
Anomalia,0.0096,0.106,0.2432,-0.2159,0.1064,-0.0965,-0.7361,2880.0
Anomalia,0.0256,0.0957,0.2432,-0.2036,0.0991,-0.2392,-0.4301,2880.0
Anomalia,0.0199,0.0998,0.2432,-0.2036,0.1018,-0.0695,-0.7081,2640.0
Anomalia,0.016,0.0949,0.2432,-0.1748,0.0963,0.1312,-0.7724,2640.0
Anomalia,0.0076,0.1056,0.2051,-0.2831,0.1059,-0.2386,-0.4341,2640.0
Anomalia,0.0031,0.1179,0.227,-0.2831,0.1179,-0.0903,-0.5969,2640.0
Anomalia,0.0145,0.1171,0.227,-0.2831,0.118,-0.2305,-0.4723,2640.0
Anomalia,0.0203,0.1173,0.227,-0.2831,0.1191,-0.3849,-0.3943,2640.0
Anomalia,0.0177,0.1126,0.2558,-0.28,0.114,-0.0806,-0.5236,3360.0
Anomalia,0.0094,0.1494,0.446,-0.4587,0.1497,-0.155,0.902,2400.0
Anomalia,0.0054,0.1885,0.446,-0.4587,0.1886,-0.0694,-0.144,2640.0
Anomalia,0.0149,0.2159,0.446,-0.4587,0.2164,-0.0086,-0.8625,2640.0
Anomalia,0.012,0.2288,0.446,-0.4587,0.2291,-0.0319,-1.0861,2640.0
Anomalia,0.0179,0.2127,0.397,-0.4517,0.2135,-0.038,-1.1353,2640.0
Anomalia,0.0078,0.2123,0.4623,-0.5126,0.2125,-0.0704,-0.8056,2640.0
Anomalia,0.0044,0.2412,0.5316,-0.5126,0.2413,0.0156,-0.7055,2880.0
Anomalia,0.0144,0.235,0.5316,-0.5126,0.2355,-0.0524,-0.5816,2880.0
Anomalia,0.0169,0.2255,0.5316,-0.5126,0.2262,-0.0848,-0.2455,2880.0
Anomalia,0.0232,0.1999,0.5316,-0.4779,0.2012,0.052,0.0314,2880.0
Anomalia,0.0188,0.1488,0.3269,-0.329,0.15,-0.0444,-0.8217,2880.0
Anomalia,0.0125,0.1352,0.3269,-0.329,0.1358,-0.124,-0.3579,2880.0
Anomalia,0.0064,0.1545,0.3269,-0.329,0.1547,-0.1088,-0.8216,2880.0
Anomalia,0.0134,0.1758,0.3511,-0.329,0.1763,-0.0416,-0.9965,2880.0
Anomalia,0.0066,0.164,0.3511,-0.309,0.1641,0.0675,-0.8946,2640.0
Anomalia,0.0178,0.1554,0.3511,-0.3012,0.1564,-0.0044,-0.664,2640.0
Anomalia,0.0181,0.1328,0.3511,-0.2652,0.134,0.2466,0.0847,2880.0
Anomalia,0.0066,0.0832,0.276,-0.2142,0.0835,0.365,0.789,2400.0
Anomalia,0.0118,0.0675,0.1886,-0.1794,0.0685,0.0286,-0.0736,2880.0
Anomalia,0.0047,0.0789,0.2414,-0.1794,0.079,0.4162,0.0891,3360.0
Anomalia,-0.0013,0.107,0.2414,-0.2737,0.107,-0.1338,-0.0882,2640.0
Anomalia,0.0206,0.1556,0.4517,-0.3244,0.1569,0.3005,-0.0874,2640.0
Anomalia,0.0189,0.1521,0.4517,-0.3244,0.1533,0.3778,0.1458,2640.0
Anomalia,0.0108,0.1711,0.4517,-0.3517,0.1714,0.1961,-0.3806,2880.0
Anomalia,0.0171,0.1874,0.4517,-0.3797,0.1881,0.0822,-0.5946,2880.0
Anomalia,-0.0013,0.1753,0.3538,-0.3797,0.1754,-0.0797,-0.7393,2640.0
Anomalia,0.0092,0.1839,0.3538,-0.3797,0.1841,-0.164,-0.9666,2640.0
Anomalia,0.0242,0.1622,0.3538,-0.3797,0.164,-0.3192,-0.3654,2880.0
Anomalia,0.0174,0.1214,0.3035,-0.3425,0.1227,-0.1703,0.421,2880.0
Anomalia,0.0191,0.0982,0.2777,-0.198,0.1,0.1586,-0.0591,3360.0
Anomalia,0.0023,0.1557,0.406,-0.5593,0.1557,-0.6129,1.9913,2880.0
Anomalia,0.0003,0.2064,0.4418,-0.5593,0.2064,-0.1116,-0.025,2640.0
Anomalia,0.0122,0.2338,0.4882,-0.5593,0.2341,-0.0616,-0.6955,2880.0
Anomalia,0.0226,0.2448,0.4882,-0.5593,0.2459,-0.0991,-0.8855,2880.0
Anomalia,0.0339,0.2578,0.4882,-0.4806,0.2601,-0.0376,-1.1355,2880.0
Anomalia,0.0178,0.2446,0.4882,-0.4806,0.2452,0.0596,-0.9192,2880.0
Anomalia,0.0058,0.2287,0.4596,-0.4806,0.2287,0.0668,-0.7004,2640.0
Anomalia,-0.0025,0.2099,0.4596,-0.4806,0.21,0.0577,-0.1845,2640.0
Anomalia,-0.0016,0.164,0.4439,-0.4529,0.164,-0.046,-0.0517,2640.0
Anomalia,0.0119,0.139,0.3138,-0.2658,0.1395,0.0444,-0.9731,2880.0
Anomalia,0.0271,0.1355,0.3138,-0.2299,0.1382,0.0738,-0.9683,2880.0
Anomalia,0.0199,0.2021,0.488,-0.6425,0.203,-0.3594,0.3245,2880.0
Anomalia,0.0175,0.2096,0.488,-0.6425,0.2103,-0.3266,0.1858,2880.0
Anomalia,0.0114,0.2207,0.488,-0.6425,0.221,-0.2438,-0.2399,2880.0
Anomalia,0.0059,0.2159,0.488,-0.6425,0.2159,-0.2186,-0.0686,2880.0
Anomalia,0.0201,0.1903,0.4314,-0.4191,0.1913,0.0868,-0.8428,2880.0
Anomalia,0.0126,0.1846,0.4314,-0.3115,0.185,0.1829,-0.8725,2880.0
Anomalia,0.017,0.1879,0.4314,-0.3753,0.1886,0.0734,-0.8464,2640.0
Anomalia,0.0244,0.2565,0.5724,-0.5203,0.2576,0.07,-0.8666,2640.0
Anomalia,-0.0054,0.273,0.5724,-0.5426,0.273,0.0484,-0.9151,2640.0
Anomalia,0.0069,0.2689,0.5724,-0.5426,0.269,-0.0606,-0.8243,2640.0
Anomalia,0.0153,0.2565,0.5724,-0.5426,0.257,-0.1168,-0.5117,2640.0
Anomalia,0.0064,0.1982,0.3692,-0.5426,0.1983,-0.41,-0.2403,2640.0
Anomalia,0.0275,0.1536,0.3405,-0.2854,0.156,0.0047,-0.9558,2640.0
Anomalia,0.0138,0.1386,0.3067,-0.2618,0.1393,0.1955,-0.8155,2640.0
Anomalia,-0.0017,0.1324,0.3006,-0.2618,0.1324,0.2183,-0.6967,2880.0
Anomalia,0.0063,0.117,0.2695,-0.2618,0.1172,-0.0124,-0.493,2880.0
Anomalia,0.012,0.0971,0.2399,-0.214,0.0978,0.0281,-0.6375,2880.0
Anomalia,0.0236,0.0986,0.2399,-0.214,0.1014,-0.2234,-0.6642,2880.0
Anomalia,0.0252,0.1066,0.2428,-0.1742,0.1096,-0.033,-0.9573,2640.0
Anomalia,0.0133,0.1264,0.349,-0.3659,0.1271,-0.1296,0.2965,2640.0
Anomalia,0.0091,0.1798,0.4437,-0.3801,0.1801,0.075,-0.2001,2640.0
Anomalia,0.0028,0.19,0.4437,-0.3801,0.1901,0.1646,-0.4392,2640.0
Anomalia,0.0128,0.1833,0.4437,-0.3801,0.1838,0.0368,-0.1383,2640.0
Anomalia,0.0197,0.1681,0.4437,-0.3801,0.1692,0.0479,0.2849,2880.0
Anomalia,0.0149,0.121,0.333,-0.3246,0.122,0.0159,0.2461,2880.0
Anomalia,0.0153,0.1242,0.2497,-0.3436,0.1252,-0.3175,-0.1643,2880.0
Anomalia,0.0086,0.1343,0.3062,-0.3436,0.1345,-0.106,-0.5046,2880.0
Anomalia,0.0017,0.1341,0.3062,-0.3436,0.1341,-0.0259,-0.5406,2880.0
Anomalia,0.0177,0.1308,0.3062,-0.3436,0.132,-0.0394,-0.3526,2880.0
Anomalia,0.0131,0.123,0.3062,-0.2389,0.1237,0.2353,-0.6736,2880.0
Anomalia,0.0187,0.1216,0.271,-0.2389,0.123,0.0827,-0.9108,2880.0
Anomalia,0.0183,0.1213,0.271,-0.2389,0.1227,0.0143,-0.8085,2880.0
Anomalia,0.0077,0.104,0.2551,-0.2389,0.1043,-0.1843,-0.393,3120.0
Anomalia,0.0156,0.1095,0.2764,-0.2082,0.1106,0.0016,-0.4422,2880.0
Anomalia,0.013,0.1183,0.2912,-0.2205,0.119,0.1214,-0.4226,2880.0
Anomalia,0.0115,0.1322,0.3202,-0.2601,0.1327,0.181,-0.625,2880.0
Anomalia,0.017,0.1478,0.3467,-0.2601,0.1488,0.1523,-0.9389,2880.0
Anomalia,0.0115,0.1575,0.3634,-0.2677,0.1579,0.1698,-0.843,2880.0
Anomalia,0.0025,0.1649,0.3634,-0.3004,0.1649,0.1107,-0.9203,2880.0
Anomalia,0.0203,0.1668,0.3634,-0.3004,0.168,-0.0128,-1.02,2640.0
Anomalia,0.008,0.1554,0.3634,-0.3004,0.1556,0.1062,-0.7969,2880.0
Anomalia,0.0128,0.1318,0.2858,-0.3004,0.1324,0.0276,-0.4148,2880.0
Anomalia,0.0223,0.1198,0.3594,-0.1976,0.1219,0.4931,-0.1392,2640.0
Anomalia,0.002,0.116,0.3594,-0.2234,0.116,0.2426,-0.0796,2640.0
Anomalia,0.0123,0.1301,0.3594,-0.2234,0.1307,0.1014,-0.6964,2640.0
Anomalia,0.0138,0.1263,0.3594,-0.2234,0.127,0.1119,-0.5082,2640.0
Anomalia,0.0138,0.1416,0.4281,-0.3027,0.1422,0.2136,-0.1106,2880.0
Anomalia,0.0236,0.1572,0.4281,-0.3759,0.159,0.059,-0.3153,2880.0
Anomalia,0.0161,0.1722,0.4281,-0.3793,0.173,0.0463,-0.5428,2880.0
Anomalia,0.0063,0.204,0.4281,-0.3928,0.2041,-0.0079,-1.096,2880.0
Anomalia,0.0062,0.2264,0.5255,-0.412,0.2265,-0.018,-1.0646,2880.0
Anomalia,0.0097,0.2156,0.5255,-0.412,0.2158,-0.0332,-0.8338,2640.0
Anomalia,0.019,0.1962,0.5255,-0.412,0.1971,-0.1356,-0.2443,2640.0
Anomalia,0.0239,0.1702,0.5255,-0.412,0.1719,-0.0455,0.5835,2880.0
Anomalia,0.0093,0.1232,0.3238,-0.2699,0.1236,-0.2834,-0.2517,2880.0
Anomalia,0.0134,0.1446,0.4425,-0.3407,0.1452,-0.0667,0.2986,2640.0
Anomalia,0.001,0.2143,0.4865,-0.5007,0.2143,-0.0868,-0.3118,2640.0
Anomalia,0.0099,0.2296,0.4865,-0.5007,0.2298,-0.0746,-0.6859,2640.0
Anomalia,0.0271,0.2314,0.4865,-0.5007,0.233,-0.2178,-0.6661,2640.0
Anomalia,0.0135,0.229,0.4865,-0.5007,0.2294,-0.1415,-0.7674,2880.0
Anomalia,0.0133,0.1812,0.4154,-0.3496,0.1817,0.0052,-0.9322,2880.0
Anomalia,0.0065,0.185,0.3651,-0.3859,0.1851,-0.0894,-0.9513,2640.0
Anomalia,0.002,0.1832,0.3651,-0.3859,0.1832,-0.0522,-1.0146,2640.0
Anomalia,0.0097,0.1677,0.3651,-0.3859,0.168,-0.1094,-0.6919,2640.0
Anomalia,0.0238,0.1588,0.3651,-0.3859,0.1606,-0.1097,-0.4634,2880.0
Anomalia,0.0235,0.168,0.3594,-0.3985,0.1697,-0.1162,-0.4974,2880.0
Anomalia,0.0236,0.2061,0.5038,-0.4141,0.2074,-0.0665,-0.6219,2880.0
Anomalia,0.0135,0.2157,0.5038,-0.4141,0.2161,-0.0421,-0.8902,2880.0
Anomalia,0.005,0.2275,0.5038,-0.4141,0.2275,0.0339,-1.1523,2880.0
Anomalia,0.0084,0.214,0.5038,-0.4141,0.2141,0.0742,-1.0303,2880.0
Anomalia,0.0085,0.172,0.364,-0.3054,0.1722,0.0881,-1.0299,2880.0
Anomalia,0.0217,0.2013,0.4542,-0.387,0.2024,0.1136,-0.8701,2880.0
Anomalia,0.0167,0.1923,0.4542,-0.387,0.193,0.1688,-0.6829,2880.0
Anomalia,0.0116,0.1741,0.4542,-0.387,0.1745,0.248,-0.0867,2880.0
Anomalia,0.0051,0.1828,0.4542,-0.387,0.1829,0.1869,-0.4265,2880.0
Anomalia,-0.0012,0.129,0.2668,-0.2739,0.129,-0.0404,-0.7318,2880.0
Anomalia,0.0117,0.1157,0.2624,-0.2739,0.1163,-0.261,-0.4475,2880.0
Anomalia,0.0091,0.131,0.2624,-0.3307,0.1313,-0.4564,-0.4147,2400.0
Anomalia,0.0212,0.1669,0.4925,-0.4312,0.1683,-0.1189,0.5684,2400.0
Anomalia,0.0184,0.2148,0.4925,-0.4648,0.2156,-0.1808,-0.4119,2640.0
Anomalia,0.0054,0.2371,0.4925,-0.4648,0.2372,-0.0637,-0.9491,2640.0
Anomalia,0.0101,0.2354,0.4925,-0.4648,0.2357,-0.0673,-0.9369,2640.0
Anomalia,0.0146,0.2111,0.4573,-0.4648,0.2116,-0.1454,-0.774,2880.0
Anomalia,0.0099,0.1847,0.3697,-0.3866,0.185,-0.0569,-1.023,2880.0
Anomalia,0.0165,0.1828,0.4229,-0.3442,0.1835,0.1076,-1.0021,2880.0
Anomalia,0.0167,0.1831,0.4229,-0.3442,0.1838,0.0518,-0.9397,2640.0
Anomalia,-0.0045,0.185,0.4229,-0.3442,0.1851,0.1368,-0.9831,2640.0
Anomalia,0.0106,0.1763,0.4229,-0.3442,0.1766,0.0404,-0.8225,2400.0
Anomalia,0.0157,0.1931,0.4969,-0.3953,0.1937,0.0513,-0.6794,2400.0
Anomalia,0.0102,0.2177,0.4969,-0.3953,0.2179,0.112,-0.9908,2640.0
Anomalia,0.0195,0.2211,0.4969,-0.3953,0.2219,0.0189,-1.0622,2640.0
Anomalia,0.0143,0.2375,0.4969,-0.4093,0.2379,0.0496,-1.2428,2640.0
Anomalia,0.0076,0.2218,0.4535,-0.4093,0.222,0.0158,-1.2936,2640.0
Anomalia,0.0135,0.19,0.3995,-0.4093,0.1905,-0.0644,-0.9656,2640.0
Anomalia,0.015,0.178,0.3995,-0.4093,0.1786,-0.0541,-0.7296,2880.0
Anomalia,0.0142,0.1371,0.3198,-0.3069,0.1379,-0.0253,-0.3341,2880.0
Anomalia,0.0164,0.1471,0.4656,-0.4168,0.148,0.1557,0.8357,2880.0
Anomalia,0.0076,0.1639,0.4656,-0.4168,0.1641,0.1494,0.1111,2880.0
Anomalia,0.0087,0.1653,0.4656,-0.4168,0.1655,0.1196,-0.0068,3360.0
Anomalia,0.0054,0.1751,0.4656,-0.4168,0.1752,0.156,-0.4684,2880.0
Anomalia,0.0067,0.1568,0.3319,-0.3044,0.157,0.0632,-1.099,3360.0
Anomalia,0.0187,0.1588,0.3448,-0.2462,0.1599,0.1164,-1.232,2880.0
Anomalia,0.0158,0.1471,0.3448,-0.2462,0.148,0.199,-0.9341,2880.0
Anomalia,0.0229,0.1343,0.3448,-0.2462,0.1363,0.1388,-0.5014,2880.0
Anomalia,0.0068,0.123,0.3448,-0.2397,0.1232,0.1831,-0.1405,2880.0
Anomalia,0.0108,0.1402,0.3692,-0.3288,0.1406,0.1704,-0.0105,2880.0
Anomalia,0.0088,0.1543,0.3692,-0.3288,0.1546,0.1238,-0.6288,2880.0
Anomalia,0.002,0.1847,0.3692,-0.3678,0.1847,0.1192,-1.0493,2880.0
Anomalia,0.0241,0.2053,0.4116,-0.3678,0.2067,0.0384,-1.202,2880.0
Anomalia,0.0132,0.18,0.4116,-0.3678,0.1804,0.147,-0.7863,2640.0
Anomalia,0.0093,0.1709,0.4116,-0.3678,0.1712,0.2079,-0.3779,2640.0
Anomalia,0.0237,0.1499,0.4116,-0.3012,0.1517,0.3058,-0.239,2640.0
Anomalia,0.0079,0.1306,0.2624,-0.3365,0.1309,-0.0903,-0.5668,2640.0
Anomalia,0.0188,0.127,0.2624,-0.3365,0.1284,-0.2734,-0.2492,2640.0
Anomalia,0.0183,0.1214,0.2624,-0.3365,0.1228,-0.1241,-0.2027,2640.0
Anomalia,0.0051,0.1148,0.2624,-0.3365,0.1149,-0.1004,-0.018,2880.0
Anomalia,0.0125,0.1271,0.3734,-0.2802,0.1277,0.3122,0.0271,2640.0
Anomalia,0.0057,0.1349,0.3734,-0.2802,0.1351,0.3763,-0.2875,2640.0
Anomalia,0.0134,0.1534,0.3734,-0.3713,0.154,-0.0264,-0.6155,2640.0
Anomalia,0.0209,0.2088,0.6361,-0.4988,0.2099,0.2566,0.2166,2400.0
Anomalia,0.0202,0.31,0.8261,-0.8443,0.3107,-0.0252,0.4473,3360.0
Anomalia,0.0136,0.3361,0.8261,-0.8443,0.3364,-0.0015,-0.2595,2640.0
Anomalia,0.0134,0.3562,0.8261,-0.8443,0.3565,0.0099,-0.6802,2640.0
Anomalia,-0.003,0.3414,0.8261,-0.8443,0.3414,0.034,-0.5323,2640.0
Anomalia,0.01,0.2515,0.5201,-0.5088,0.2517,-0.0238,-0.9855,2880.0
Anomalia,0.0118,0.2148,0.5186,-0.4569,0.2152,0.0107,-0.6825,2640.0
Anomalia,0.0052,0.3257,0.9911,-1.0383,0.3257,-0.267,1.7661,2880.0
Anomalia,0.0135,0.4027,0.9911,-1.0383,0.4029,-0.0918,0.2135,2880.0
Anomalia,-0.0083,0.5232,1.1238,-1.1405,0.5233,-0.0443,-0.6185,2880.0
Anomalia,-0.0,0.6632,1.2621,-1.1405,0.6632,0.038,-1.1859,2880.0
Anomalia,0.0135,0.6843,1.2621,-1.1405,0.6844,0.0546,-1.2682,2880.0
Anomalia,0.0143,0.6728,1.2621,-1.1405,0.673,0.0377,-1.2185,2880.0
Anomalia,0.0263,0.6708,1.2621,-1.2805,0.6713,0.011,-1.146,2880.0
Anomalia,0.041,0.6411,1.1841,-1.2805,0.6424,-0.0741,-1.1384,2880.0
Anomalia,0.0157,0.6049,1.1841,-1.2805,0.6051,-0.0905,-0.9919,2640.0
Anomalia,0.0243,0.568,1.1841,-1.2805,0.5685,-0.1469,-0.5673,2640.0
Anomalia,0.0164,0.4694,1.0788,-1.1365,0.4697,-0.0962,0.031,2880.0
Anomalia,0.0062,0.3068,0.8503,-1.0341,0.3069,-0.5764,1.216,2880.0
Anomalia,0.0267,0.2236,0.6002,-0.4623,0.2252,-0.0061,-0.804,2880.0
Anomalia,-0.0092,0.3343,0.8061,-1.1196,0.3344,-0.3569,0.6199,2880.0
Anomalia,0.0144,0.5663,1.6625,-1.5705,0.5665,0.0645,0.8681,2640.0
Anomalia,0.0126,0.7117,1.6625,-1.5705,0.7118,0.0147,-0.5382,2640.0
Anomalia,-0.0033,0.7224,1.6625,-1.5705,0.7224,0.0578,-0.6397,2640.0
Anomalia,0.0438,0.6858,1.6625,-1.5705,0.6872,-0.0676,-0.2728,2640.0
Anomalia,0.0219,0.527,1.4021,-1.381,0.5275,-0.1442,0.3309,2640.0
Anomalia,0.0128,0.3116,0.6855,-0.8174,0.3119,-0.1966,-0.5625,2640.0
Anomalia,0.0244,0.4129,1.1413,-1.1125,0.4137,-0.1405,0.2148,2880.0
Anomalia,-0.0005,0.5175,1.1413,-1.1125,0.5175,0.0457,-0.5133,2880.0
Anomalia,0.0048,0.5305,1.1413,-1.1125,0.5305,-0.022,-0.5397,2880.0
Anomalia,0.0131,0.5371,1.1413,-1.1125,0.5373,-0.0677,-0.6384,2880.0
Anomalia,0.0178,0.4441,1.1255,-1.0377,0.4444,-0.0915,-0.0397,2880.0
Anomalia,0.0133,0.3301,0.7781,-0.9692,0.3304,-0.313,-0.1454,2880.0
Anomalia,-0.0014,0.3067,0.6071,-0.6421,0.3067,-0.0653,-1.0531,2880.0
Anomalia,0.0059,0.3002,0.6071,-0.6421,0.3003,-0.1083,-0.9754,2880.0
Anomalia,0.0074,0.2956,0.6071,-0.6421,0.2957,-0.107,-0.8978,2640.0
Anomalia,0.0183,0.3096,0.7771,-0.6615,0.3101,0.0242,-0.6321,2640.0
Anomalia,0.0282,0.3355,0.7771,-0.7181,0.3367,-0.0522,-0.618,2640.0
Anomalia,0.0104,0.3365,0.7771,-0.7181,0.3366,0.0934,-0.6352,2640.0
Anomalia,0.0025,0.3343,0.7771,-0.7181,0.3343,0.1469,-0.5975,2880.0
Anomalia,0.0103,0.2928,0.745,-0.7181,0.293,0.0043,-0.4699,2880.0
Anomalia,0.0081,0.2048,0.4886,-0.3866,0.205,0.1213,-0.7841,2880.0
Anomalia,0.0184,0.1789,0.4241,-0.3866,0.1798,-0.0157,-0.4791,2880.0
Anomalia,0.0236,0.1702,0.4665,-0.4016,0.1718,-0.023,0.187,2640.0
Anomalia,0.0125,0.2042,0.5551,-0.576,0.2046,-0.1571,0.5603,3120.0
Anomalia,0.0121,0.2316,0.5551,-0.576,0.232,-0.0992,-0.3432,2640.0
Anomalia,0.0162,0.2396,0.5551,-0.576,0.2401,-0.07,-0.5402,2880.0
Anomalia,0.0062,0.2301,0.5551,-0.576,0.2302,0.0322,-0.451,2880.0
Anomalia,0.0182,0.2364,0.5393,-0.4686,0.2371,0.1667,-0.6855,2880.0
Anomalia,0.0272,0.2576,0.5393,-0.5044,0.259,0.0369,-0.788,2640.0
Anomalia,0.0176,0.2993,0.5443,-0.5044,0.2999,0.0607,-1.1481,2640.0
Anomalia,0.0194,0.3143,0.5443,-0.5044,0.3149,0.0289,-1.3608,2640.0
Anomalia,0.0057,0.2698,0.5443,-0.5044,0.2699,0.0864,-0.8998,2640.0
Anomalia,0.0075,0.2249,0.5443,-0.488,0.2251,0.0985,-0.2105,2640.0
Anomalia,-0.0013,0.2469,0.7569,-1.1178,0.247,-1.0887,5.4807,2880.0
Anomalia,-0.0068,0.6091,1.7762,-1.7703,0.6091,-0.1523,1.9178,2880.0
Anomalia,0.0057,0.7924,1.7762,-1.7703,0.7924,-0.0355,-0.2415,2880.0
Anomalia,-0.0107,0.9084,1.7762,-1.7703,0.9085,0.0144,-1.036,2880.0
Anomalia,0.0159,0.9621,1.7762,-1.7703,0.9622,-0.0087,-1.3152,2880.0
Anomalia,0.0313,0.8521,1.5907,-1.4918,0.8526,0.0013,-1.3147,2880.0
Anomalia,0.0293,0.7265,1.4071,-1.3641,0.7271,-0.0185,-1.1824,2880.0
Anomalia,0.0524,0.673,1.4071,-1.1534,0.675,0.0031,-1.2162,2880.0
Anomalia,0.0299,0.6686,1.3406,-1.1887,0.6693,-0.0414,-1.2766,2880.0
Anomalia,0.0042,0.6567,1.3406,-1.1887,0.6567,0.0008,-1.2564,2640.0
Anomalia,0.0156,0.6421,1.3406,-1.1887,0.6423,-0.0272,-1.1132,2640.0
Anomalia,0.0028,0.5491,1.0829,-1.1887,0.5491,-0.0861,-0.7201,2640.0
Anomalia,0.0068,0.4235,0.978,-0.9953,0.4235,-0.0691,0.0868,2880.0
Anomalia,0.035,0.2748,0.978,-0.7508,0.277,0.2775,1.1153,2400.0
Anomalia,-0.0024,0.2541,0.5178,-0.5672,0.2541,-0.0733,-0.7613,2880.0
Anomalia,0.0,0.2389,0.5178,-0.5672,0.2389,-0.1425,-0.5151,2880.0
Anomalia,0.0069,0.2303,0.5178,-0.5672,0.2304,-0.1384,-0.1564,2640.0
Anomalia,0.0044,0.2313,0.5178,-0.5672,0.2313,-0.1378,-0.2387,2880.0
Anomalia,0.0298,0.1703,0.4742,-0.3653,0.1728,0.3304,-0.341,2880.0
Anomalia,0.0223,0.1812,0.4742,-0.4506,0.1826,0.1545,0.0189,2880.0
Anomalia,0.0125,0.1856,0.4479,-0.4506,0.186,0.0358,-0.3269,2880.0
Anomalia,0.0115,0.179,0.4479,-0.4506,0.1794,0.0857,-0.1228,2880.0
Anomalia,0.0022,0.2023,0.4479,-0.4506,0.2023,-0.0317,-0.6586,2880.0
Anomalia,0.0115,0.2044,0.4214,-0.5088,0.2048,-0.1125,-0.6229,2880.0
Anomalia,0.0249,0.2475,0.6411,-0.5088,0.2488,0.0595,-0.51,2880.0
Anomalia,0.0145,0.2539,0.6411,-0.5088,0.2543,0.0893,-0.6384,2880.0
Anomalia,0.024,0.2507,0.6411,-0.5088,0.2518,0.0923,-0.6416,2880.0
Anomalia,0.0178,0.2619,0.6411,-0.4973,0.2626,0.1071,-0.8525,2880.0
Anomalia,0.0117,0.2529,0.5001,-0.47,0.2532,-0.0212,-1.0862,2880.0
Anomalia,0.0361,0.3306,1.0819,-0.8852,0.3325,0.1241,0.3291,2880.0
Anomalia,0.0251,0.5336,1.3395,-1.2532,0.5342,-0.0581,0.239,2880.0
Anomalia,0.0253,0.5808,1.3395,-1.2532,0.5814,-0.0499,-0.429,2880.0
Anomalia,0.0139,0.5854,1.3395,-1.2532,0.5856,-0.0079,-0.4932,2880.0
Anomalia,-0.0005,0.5703,1.3395,-1.2532,0.5703,0.0115,-0.434,2880.0
Anomalia,0.0034,0.4596,0.911,-0.8587,0.4597,0.095,-1.1186,2880.0
Anomalia,0.0013,0.444,0.911,-0.8526,0.444,0.0843,-1.0776,2880.0
Anomalia,0.0093,0.4779,0.911,-0.8526,0.478,0.0304,-1.2347,2640.0
Anomalia,0.0114,0.4519,0.911,-0.8526,0.4521,0.0236,-1.0175,2640.0
Anomalia,0.003,0.3966,0.8211,-0.8526,0.3966,-0.0434,-0.8515,2880.0
Anomalia,0.0087,0.3613,0.7333,-0.803,0.3614,-0.0863,-0.8765,2880.0
Anomalia,0.0063,0.2857,0.5211,-0.5933,0.2858,-0.0447,-0.8419,2880.0
Anomalia,0.0092,0.3064,0.5211,-0.5933,0.3065,-0.0667,-1.0981,2880.0
Anomalia,0.034,0.2985,0.6146,-0.5695,0.3005,-0.0036,-1.0419,2880.0
Anomalia,0.0247,0.2553,0.6146,-0.4796,0.2565,0.1932,-0.6754,2880.0
Anomalia,0.0224,0.2742,0.6146,-0.5326,0.2752,-0.0161,-0.7914,2400.0
Anomalia,0.0146,0.2756,0.6146,-0.5537,0.2759,0.0361,-0.6091,2400.0
Anomalia,-0.0034,0.2547,0.5745,-0.5537,0.2547,-0.0157,-0.5332,2640.0
Anomalia,0.0107,0.249,0.5745,-0.5537,0.2492,-0.1183,-0.3713,2880.0
Anomalia,0.0206,0.2267,0.5745,-0.5537,0.2277,0.0227,-0.1943,2880.0
Anomalia,0.0194,0.1703,0.5558,-0.4216,0.1714,0.0614,0.2467,2880.0
Anomalia,0.0121,0.3098,1.046,-0.998,0.31,-0.1923,2.5233,2880.0
Anomalia,0.0019,0.4198,1.046,-0.998,0.4198,-0.0419,0.0464,2880.0
Anomalia,0.0034,0.441,1.046,-0.998,0.441,-0.0,-0.3508,2640.0
Anomalia,0.0082,0.443,1.046,-0.998,0.443,-0.0323,-0.394,2880.0
Anomalia,0.0229,0.3467,0.881,-0.9676,0.3474,-0.0569,0.5184,2880.0
Anomalia,0.027,0.1982,0.621,-0.4963,0.2,0.3146,1.2674,2880.0
Anomalia,0.0217,0.1462,0.3776,-0.4028,0.1478,-0.1449,-0.3604,2880.0
Anomalia,0.0275,0.2978,0.8313,-0.8307,0.299,-0.0951,1.4806,2640.0
Anomalia,0.0168,0.3582,0.8313,-0.8307,0.3586,-0.039,-0.0702,2640.0
Anomalia,0.018,0.3639,0.8313,-0.8307,0.3644,-0.0475,-0.2256,2640.0
Anomalia,0.0186,0.3824,0.8313,-0.8307,0.3828,-0.0206,-0.5884,2880.0
Anomalia,0.0096,0.2978,0.7329,-0.6941,0.298,0.0387,-0.6214,2880.0
Anomalia,0.0146,0.225,0.5284,-0.4149,0.2255,0.1457,-0.7418,2640.0
Anomalia,0.0148,0.2144,0.5284,-0.4149,0.2149,0.1425,-0.4848,2640.0
Anomalia,0.005,0.1703,0.4233,-0.3834,0.1704,0.054,-0.4256,2640.0
Anomalia,0.0178,0.1909,0.5877,-0.3749,0.1917,0.2953,0.0708,2400.0
Anomalia,0.0246,0.2984,0.7763,-0.6338,0.2994,0.1401,0.0559,2640.0
Anomalia,0.0115,0.3323,0.7763,-0.6338,0.3325,0.1508,-0.7045,2640.0
Anomalia,0.0245,0.3333,0.7763,-0.6338,0.3342,0.0664,-0.7537,2640.0
Anomalia,0.0066,0.3173,0.7763,-0.6338,0.3173,0.1402,-0.4701,2880.0
Anomalia,-0.0034,0.2368,0.4823,-0.4542,0.2368,0.0306,-1.0248,2880.0
Anomalia,0.0235,0.2082,0.4174,-0.3855,0.2095,-0.0383,-1.083,2640.0
Anomalia,0.0172,0.1955,0.4174,-0.3855,0.1963,-0.0326,-0.8575,2640.0
Anomalia,0.0147,0.2117,0.4398,-0.3855,0.2122,0.0211,-0.935,2640.0
Anomalia,0.0248,0.1887,0.4398,-0.3695,0.1903,0.0309,-0.6054,2640.0
Anomalia,-0.0064,0.2504,0.5641,-0.635,0.2504,-0.1574,-0.1488,2400.0
Anomalia,0.014,0.3134,0.7452,-0.635,0.3137,-0.0032,-0.6912,2400.0
Anomalia,0.0225,0.3122,0.7452,-0.635,0.313,-0.047,-0.6616,2640.0
Anomalia,0.0114,0.3892,0.8605,-0.7435,0.3894,0.0391,-1.0485,2640.0
Anomalia,0.0223,0.3999,0.8605,-0.7435,0.4005,0.0102,-1.0935,2640.0
Anomalia,0.0014,0.3859,0.8605,-0.7435,0.3859,0.085,-1.0657,2640.0
Anomalia,-0.0033,0.4108,0.8605,-0.7435,0.4108,0.0705,-1.2576,2880.0
Anomalia,0.0201,0.3737,0.7297,-0.6413,0.3742,0.004,-1.2545,2880.0
Anomalia,0.0281,0.3061,0.7297,-0.5889,0.3074,0.0521,-0.673,2880.0
Anomalia,0.0443,0.33,0.982,-0.6644,0.333,0.1916,-0.0318,2880.0
Anomalia,0.0353,0.3796,0.982,-0.9258,0.3812,-0.0662,0.1727,2400.0
Anomalia,0.0163,0.3514,0.982,-0.9258,0.3517,-0.0603,0.8773,2640.0
Anomalia,0.0164,0.3726,0.982,-0.9258,0.373,-0.0132,0.1866,2880.0
Anomalia,-0.0057,0.3493,0.8057,-0.9258,0.3493,-0.1435,-0.0221,2880.0
Anomalia,0.015,0.2356,0.5603,-0.4938,0.2361,0.0329,-0.5888,2880.0
Anomalia,0.0237,0.2193,0.5603,-0.4938,0.2206,-0.0569,0.0216,2640.0
Anomalia,0.0157,0.1858,0.5021,-0.4938,0.1865,-0.2682,0.9348,2400.0
Anomalia,0.0253,0.1348,0.3486,-0.3037,0.1372,-0.2839,-0.035,2640.0
Anomalia,0.0141,0.1241,0.3217,-0.3037,0.1249,-0.1453,0.239,2640.0
Anomalia,0.0033,0.1435,0.3217,-0.3037,0.1436,0.0773,-0.6637,2640.0
Anomalia,0.0088,0.1797,0.4154,-0.4345,0.1799,0.0332,-0.6185,2640.0
Anomalia,0.0115,0.2102,0.4765,-0.4786,0.2105,0.0741,-0.3928,2640.0
Anomalia,0.0269,0.2377,0.5057,-0.4786,0.2392,0.0335,-0.9242,2640.0
Anomalia,0.029,0.2379,0.5057,-0.4786,0.2397,-0.0015,-0.9094,2640.0
Anomalia,0.0174,0.2221,0.5057,-0.4786,0.2228,0.1363,-0.694,2640.0
Anomalia,0.0181,0.1791,0.5057,-0.3209,0.1801,0.2304,-0.535,2880.0
Anomalia,0.0137,0.1518,0.3044,-0.3209,0.1525,-0.0482,-0.9534,2880.0
Anomalia,0.0121,0.1401,0.3044,-0.3209,0.1406,-0.0392,-0.7308,2880.0
Anomalia,0.028,0.122,0.2981,-0.2495,0.1252,-0.1036,-0.7807,2880.0
Anomalia,0.016,0.1175,0.2823,-0.3033,0.1186,-0.3263,-0.3975,2640.0
Anomalia,0.0043,0.1455,0.296,-0.3872,0.1455,-0.5541,0.1392,2640.0
Anomalia,0.0118,0.1491,0.296,-0.3872,0.1495,-0.4854,0.0504,2640.0
Anomalia,0.0101,0.1457,0.296,-0.3872,0.1461,-0.4773,0.2656,2880.0
Anomalia,0.027,0.1586,0.373,-0.3872,0.1609,-0.2805,0.0169,2880.0
Anomalia,0.0337,0.1395,0.373,-0.2885,0.1435,0.1371,-0.3654,2880.0
Anomalia,0.0146,0.1554,0.373,-0.407,0.1561,-0.092,-0.1388,2640.0
Anomalia,0.0201,0.2282,0.5756,-0.5324,0.2291,0.0243,-0.239,2880.0
Anomalia,0.0093,0.2338,0.5756,-0.5324,0.234,0.0559,-0.4426,2640.0
Anomalia,0.0056,0.2492,0.5756,-0.5324,0.2493,0.1247,-0.7336,2640.0
Anomalia,0.0336,0.2773,0.5756,-0.5324,0.2793,0.0075,-1.0916,2640.0
Anomalia,0.0195,0.2356,0.5023,-0.4308,0.2365,0.1261,-1.0673,2640.0
Anomalia,0.0208,0.2355,0.5023,-0.4308,0.2364,0.1548,-1.0642,2880.0
Anomalia,0.0172,0.2086,0.5023,-0.4308,0.2093,0.2234,-0.5539,2880.0
Anomalia,0.0062,0.1603,0.3728,-0.2939,0.1604,0.0586,-0.8989,2880.0
Anomalia,0.0187,0.1525,0.3728,-0.2881,0.1537,0.0151,-0.8004,2880.0
Anomalia,0.0195,0.1518,0.3484,-0.3461,0.153,-0.2023,-0.5895,2880.0
Anomalia,0.0261,0.1749,0.3588,-0.3461,0.1769,-0.1878,-1.0008,2880.0
Anomalia,0.0284,0.1943,0.3761,-0.3478,0.1964,-0.1319,-1.1082,2880.0
Anomalia,0.0146,0.2101,0.3761,-0.3478,0.2106,-0.0041,-1.2702,2880.0
Anomalia,0.0107,0.2062,0.3761,-0.3478,0.2065,0.0444,-1.2897,2880.0
Anomalia,0.0106,0.1858,0.3761,-0.3478,0.1861,0.0368,-0.9081,2880.0
Anomalia,0.0086,0.1539,0.3747,-0.3259,0.1542,-0.0617,-0.3984,2880.0
Anomalia,0.0229,0.1232,0.2779,-0.2958,0.1253,-0.1734,-0.1251,2880.0
Anomalia,0.0256,0.1054,0.267,-0.2013,0.1084,0.1992,-0.6547,2880.0
Anomalia,0.0138,0.104,0.267,-0.2013,0.1049,0.3044,-0.4473,2880.0
Anomalia,0.02,0.0989,0.267,-0.2013,0.1009,0.1139,-0.2703,2880.0
Anomalia,0.0049,0.1123,0.267,-0.2407,0.1124,0.0324,-0.3403,2400.0
Anomalia,0.0128,0.1362,0.3597,-0.2927,0.1368,0.2566,-0.1094,2640.0
Anomalia,0.0214,0.15,0.3597,-0.2927,0.1515,0.0532,-0.7319,2640.0
Anomalia,0.017,0.1541,0.3597,-0.2927,0.155,0.1322,-0.9041,2640.0
Anomalia,0.0188,0.1449,0.3597,-0.2927,0.1461,0.1221,-0.6259,2640.0
Anomalia,0.0094,0.1178,0.2658,-0.233,0.1182,0.0219,-0.8018,2640.0
Anomalia,0.013,0.1155,0.2533,-0.2566,0.1163,-0.0896,-0.6472,2640.0
Anomalia,0.0201,0.1139,0.2533,-0.2566,0.1157,-0.2026,-0.5127,2640.0
Anomalia,0.0154,0.124,0.2881,-0.304,0.1249,-0.2041,-0.3588,2640.0
Anomalia,0.0164,0.1318,0.2881,-0.304,0.1328,-0.2381,-0.5559,2880.0
Anomalia,0.0183,0.1585,0.427,-0.3713,0.1596,-0.0747,-0.2519,2640.0
Anomalia,0.0023,0.1684,0.427,-0.3713,0.1684,0.0808,-0.6284,2640.0
Anomalia,0.0232,0.1617,0.427,-0.3713,0.1634,-0.0996,-0.534,2640.0
Anomalia,0.0185,0.1512,0.427,-0.3713,0.1524,-0.0464,-0.1073,2880.0
Anomalia,0.013,0.1124,0.232,-0.2439,0.1131,-0.1052,-0.6785,2400.0
Anomalia,0.0194,0.1396,0.4108,-0.3388,0.141,0.1712,0.238,2640.0
Anomalia,0.004,0.1545,0.4108,-0.3388,0.1545,0.1801,-0.1231,2640.0
Anomalia,0.0161,0.1722,0.4108,-0.3388,0.1729,0.0977,-0.7347,2640.0
Anomalia,0.0255,0.187,0.4108,-0.3388,0.1887,-0.0066,-1.0886,2880.0
Anomalia,0.0188,0.1638,0.3423,-0.3277,0.1649,-0.0027,-1.0712,2880.0
Anomalia,0.0267,0.1669,0.3786,-0.369,0.169,-0.0087,-0.8682,2880.0
Anomalia,0.0131,0.1613,0.3786,-0.3832,0.1618,-0.083,-0.4846,2880.0
Anomalia,-0.0029,0.1433,0.3786,-0.3832,0.1434,-0.0469,0.1331,3120.0
Anomalia,0.0149,0.1531,0.3786,-0.3832,0.1538,-0.0224,-0.1331,3360.0
Anomalia,0.0146,0.1401,0.3079,-0.3832,0.1409,-0.026,-0.4068,2640.0
Anomalia,0.0208,0.1265,0.3079,-0.2197,0.1282,0.2371,-0.6877,2640.0
Anomalia,0.0369,0.1368,0.3079,-0.2522,0.1417,0.0358,-0.9189,2880.0
Anomalia,0.0117,0.1418,0.2904,-0.2846,0.1422,-0.1283,-0.9229,2400.0
Anomalia,0.007,0.1394,0.2904,-0.2846,0.1395,-0.1121,-0.9354,2640.0
Anomalia,0.0085,0.1599,0.3158,-0.2846,0.1601,-0.0078,-1.2274,2640.0
Anomalia,0.0051,0.1485,0.3158,-0.2846,0.1486,-0.0334,-1.0883,2640.0
Anomalia,0.0226,0.125,0.3158,-0.2439,0.1271,-0.042,-0.6238,2640.0
Anomalia,0.0261,0.1225,0.3158,-0.2439,0.1252,-0.1292,-0.5035,2880.0
Anomalia,0.0246,0.1194,0.2756,-0.3104,0.122,-0.3797,-0.1354,2880.0
Anomalia,0.0146,0.1492,0.3096,-0.3213,0.1499,-0.336,-0.6031,2640.0
Anomalia,0.0032,0.1663,0.3096,-0.3213,0.1663,-0.1575,-1.0777,2640.0
Anomalia,0.0071,0.1603,0.3096,-0.3213,0.1605,-0.2169,-0.8683,2640.0
Anomalia,0.0174,0.1419,0.3096,-0.3213,0.143,-0.395,-0.2839,2640.0
Anomalia,0.0159,0.1309,0.301,-0.3217,0.1318,-0.383,-0.0411,3120.0
Anomalia,0.0276,0.1471,0.4642,-0.4287,0.1497,-0.0342,0.6474,2880.0
Anomalia,0.0116,0.1888,0.4642,-0.4502,0.1892,-0.2094,-0.2129,2640.0
Anomalia,0.005,0.2022,0.4642,-0.4502,0.2023,-0.0641,-0.7344,2640.0
Anomalia,0.0202,0.1956,0.4642,-0.4502,0.1967,-0.1844,-0.5601,2880.0
Anomalia,0.0167,0.1802,0.3799,-0.4502,0.181,-0.3336,-0.5741,2880.0
Anomalia,0.0241,0.1474,0.2854,-0.2572,0.1493,-0.0364,-1.2061,2880.0
Anomalia,0.0144,0.1544,0.2798,-0.2875,0.1551,-0.0835,-1.1753,2640.0
Anomalia,0.0026,0.1919,0.4249,-0.4126,0.1919,-0.1082,-0.9039,2640.0
Anomalia,0.0109,0.235,0.5019,-0.4275,0.2352,0.0801,-0.9586,2640.0
Anomalia,0.0128,0.241,0.5019,-0.4275,0.2414,0.0285,-1.0613,2640.0
Anomalia,0.0236,0.2349,0.5019,-0.4275,0.2361,-0.0389,-0.9307,2880.0
Anomalia,0.0291,0.2146,0.5019,-0.4275,0.2166,0.0179,-0.7511,2880.0
Anomalia,0.0171,0.1901,0.359,-0.3772,0.1909,-0.1518,-1.0727,2880.0
Anomalia,0.0093,0.1817,0.359,-0.3772,0.1819,-0.0589,-1.0078,2880.0
Anomalia,0.0113,0.1782,0.359,-0.3772,0.1786,-0.1031,-0.9373,2880.0
Anomalia,0.0038,0.1606,0.359,-0.3772,0.1606,-0.021,-0.5964,2880.0
Anomalia,0.0181,0.1292,0.2866,-0.2624,0.1305,0.0041,-0.7479,2880.0
Anomalia,0.0226,0.1311,0.2866,-0.2839,0.1331,0.0339,-0.7426,2880.0
Anomalia,0.0143,0.1224,0.2866,-0.2839,0.1232,0.0227,-0.5573,2880.0
Anomalia,0.0197,0.1205,0.2866,-0.2839,0.1221,0.016,-0.5793,2880.0
Anomalia,0.002,0.1221,0.2637,-0.2839,0.1221,-0.0871,-0.8955,2880.0
Anomalia,0.0085,0.1157,0.2451,-0.2453,0.1161,-0.0784,-0.9479,2880.0
Anomalia,0.0133,0.1236,0.2451,-0.2453,0.1244,-0.0417,-1.1178,2880.0
Anomalia,0.0183,0.128,0.2451,-0.2453,0.1293,-0.0979,-1.2285,2640.0
Anomalia,0.0289,0.1457,0.3642,-0.2783,0.1485,0.0979,-0.8249,2640.0
Anomalia,0.022,0.1907,0.3909,-0.4408,0.192,-0.1332,-0.6698,2640.0
Anomalia,0.0122,0.2048,0.3909,-0.4408,0.2052,-0.0956,-0.9173,2640.0
Anomalia,0.0119,0.2038,0.3909,-0.4408,0.2041,-0.0916,-0.8877,2640.0
Anomalia,0.0029,0.1891,0.3909,-0.4408,0.1892,-0.111,-0.6488,2880.0
Anomalia,0.0131,0.1482,0.3292,-0.333,0.1488,-0.0562,-0.6853,2880.0
Anomalia,0.0235,0.1181,0.3292,-0.1917,0.1204,0.0621,-0.7896,2640.0
Anomalia,0.0096,0.1233,0.3292,-0.2094,0.1237,0.1085,-0.7982,2640.0
Anomalia,0.0118,0.1194,0.3292,-0.2094,0.12,0.0186,-0.7863,2640.0
Anomalia,0.0087,0.1148,0.2163,-0.2514,0.1151,-0.3244,-0.9222,2640.0
Anomalia,0.0136,0.1167,0.2257,-0.2514,0.1175,-0.1431,-0.8874,2640.0
Anomalia,0.0174,0.1062,0.2257,-0.2514,0.1076,-0.0489,-0.6378,2640.0
Anomalia,0.0156,0.1107,0.2257,-0.2514,0.1118,-0.123,-0.6411,2640.0
Anomalia,0.015,0.1289,0.3031,-0.2624,0.1298,0.0219,-0.6944,2640.0
Anomalia,0.0058,0.1294,0.3031,-0.2624,0.1295,0.0718,-0.781,2640.0
Anomalia,0.0162,0.1295,0.3031,-0.2624,0.1305,-0.0749,-0.7878,2640.0
Anomalia,0.0224,0.117,0.3031,-0.2624,0.1192,-0.1168,-0.3041,2640.0
Anomalia,0.018,0.0781,0.1821,-0.1754,0.0801,-0.0547,-0.4995,2640.0
Anomalia,0.0201,0.1271,0.5059,-0.3738,0.1287,0.4954,3.2563,2880.0
Anomalia,0.0156,0.1895,0.5059,-0.4154,0.1901,0.0932,0.3831,2880.0
Anomalia,0.0089,0.2217,0.5059,-0.4154,0.2219,0.114,-0.612,2880.0
Anomalia,0.0135,0.2257,0.5059,-0.4154,0.2261,0.057,-0.7673,2640.0
Anomalia,0.0128,0.2035,0.4667,-0.4154,0.2039,-0.0535,-0.519,2880.0
Anomalia,0.0097,0.1717,0.432,-0.446,0.172,-0.1689,-0.0812,2880.0
Anomalia,0.0133,0.1467,0.3561,-0.446,0.1473,-0.3116,0.4882,2880.0
Anomalia,0.0051,0.1449,0.3561,-0.446,0.145,-0.2163,0.6036,2880.0
Anomalia,0.01,0.15,0.3561,-0.446,0.1504,-0.1945,0.3294,2880.0
Anomalia,0.0154,0.1226,0.3403,-0.3273,0.1236,0.0475,0.1042,2880.0
Anomalia,0.013,0.1453,0.4621,-0.3494,0.1459,0.2091,0.4493,2880.0
Anomalia,0.0208,0.1811,0.4621,-0.3887,0.1823,-0.0396,-0.5141,2880.0
Anomalia,0.0175,0.1898,0.4621,-0.3887,0.1906,-0.0132,-0.7203,2640.0
Anomalia,0.0088,0.1957,0.4621,-0.3887,0.1959,0.0726,-0.9122,2640.0
Anomalia,0.0149,0.1732,0.3461,-0.3887,0.1738,-0.0024,-0.8157,2640.0
Anomalia,0.0154,0.1406,0.3373,-0.2537,0.1415,0.1171,-0.8268,2880.0
Anomalia,0.0168,0.1165,0.3238,-0.2013,0.1177,0.0838,-0.6889,2640.0
Anomalia,0.0261,0.1037,0.3238,-0.2165,0.107,0.1488,-0.2835,2880.0
Anomalia,0.0156,0.1159,0.2618,-0.329,0.117,-0.3836,-0.2214,2880.0
Anomalia,0.0057,0.1228,0.2618,-0.329,0.1229,-0.3493,-0.3965,2640.0
Anomalia,-0.0009,0.1354,0.2618,-0.329,0.1355,-0.1862,-0.7792,2640.0
Anomalia,0.0047,0.1332,0.2618,-0.329,0.1333,-0.3092,-0.6527,2640.0
Anomalia,0.0191,0.1104,0.2362,-0.267,0.1121,-0.5138,-0.1044,2640.0
Anomalia,0.0242,0.1152,0.3766,-0.267,0.1177,-0.1418,0.6604,3120.0
Anomalia,0.0266,0.1506,0.4151,-0.3676,0.1529,-0.252,0.7276,2640.0
Anomalia,0.0119,0.1829,0.4151,-0.3676,0.1833,-0.0463,-0.5189,2640.0
Anomalia,0.0024,0.1956,0.4151,-0.3676,0.1956,0.0823,-0.9239,2640.0
Anomalia,0.0103,0.1915,0.4151,-0.3676,0.1918,-0.0421,-0.9392,2880.0
Anomalia,0.0134,0.1666,0.3432,-0.3319,0.1671,0.0182,-0.9733,2880.0
Anomalia,0.0221,0.1364,0.3044,-0.2783,0.1382,0.0043,-0.9617,2640.0
Anomalia,0.025,0.162,0.4696,-0.4235,0.1639,0.0036,-0.075,2640.0
Anomalia,0.011,0.2305,0.5005,-0.5603,0.2308,-0.1863,-0.2061,2640.0
Anomalia,0.0098,0.2529,0.5005,-0.5603,0.2531,-0.1021,-0.6414,2640.0
Anomalia,0.0136,0.2528,0.5005,-0.5603,0.2532,-0.1343,-0.6264,2880.0
Anomalia,0.0113,0.2339,0.5005,-0.5603,0.2342,-0.1685,-0.2548,2880.0
Anomalia,0.021,0.1717,0.4696,-0.3972,0.1729,0.1012,0.0166,2880.0
Anomalia,0.0137,0.1461,0.3995,-0.3788,0.1468,-0.0523,-0.2043,2880.0
Anomalia,0.0103,0.1493,0.3995,-0.3788,0.1497,-0.0297,-0.4077,2880.0
Anomalia,0.0092,0.148,0.3995,-0.3788,0.1483,-0.0255,-0.3672,2640.0
Anomalia,0.0053,0.1302,0.3549,-0.3788,0.1303,-0.1515,-0.1441,2880.0
Anomalia,0.016,0.1032,0.2097,-0.2155,0.1045,-0.025,-0.9277,2640.0
Anomalia,0.0232,0.0982,0.2097,-0.2155,0.1009,-0.0309,-0.7568,3120.0
Anomalia,0.0127,0.1376,0.3428,-0.4097,0.1382,-0.4712,0.6578,2880.0
Anomalia,0.0158,0.1683,0.3428,-0.4097,0.1691,-0.2658,-0.5408,2640.0
Anomalia,0.0119,0.2061,0.4099,-0.4187,0.2064,-0.1508,-0.9509,2640.0
Anomalia,0.001,0.2052,0.4099,-0.4187,0.2053,-0.0397,-0.9388,2640.0
Anomalia,0.0245,0.2038,0.4552,-0.4187,0.2053,-0.0009,-0.8135,2400.0
Anomalia,0.0294,0.251,0.639,-0.5036,0.2528,0.0038,-0.5793,2880.0
Anomalia,0.022,0.2607,0.639,-0.5036,0.2616,0.0121,-0.6748,2640.0
Anomalia,0.0197,0.2878,0.639,-0.5036,0.2885,-0.0126,-1.1744,2640.0
Anomalia,0.0011,0.2724,0.639,-0.5036,0.2724,0.0987,-0.9283,2640.0
Anomalia,-0.0004,0.2347,0.4266,-0.4863,0.2347,0.032,-1.074,2880.0
Anomalia,0.0055,0.2045,0.4091,-0.3834,0.2045,0.0861,-1.0306,2880.0
Anomalia,0.0173,0.1754,0.3845,-0.3231,0.1763,0.1203,-1.0224,2640.0
Anomalia,0.027,0.1804,0.3845,-0.3231,0.1824,-0.015,-1.0561,2640.0
Anomalia,0.0151,0.1475,0.3511,-0.3004,0.1482,0.0577,-0.8092,2640.0
Anomalia,0.014,0.1255,0.311,-0.3004,0.1263,-0.0119,-0.2528,2640.0
Anomalia,0.0083,0.1058,0.3035,-0.3004,0.1061,-0.1422,0.3433,2880.0
Anomalia,0.0044,0.0809,0.1896,-0.1842,0.0811,-0.2022,-0.8411,2880.0
Anomalia,0.0201,0.0808,0.2126,-0.1842,0.0832,-0.2264,-0.5097,2640.0
Anomalia,0.0224,0.1016,0.2453,-0.2132,0.104,-0.1286,-0.6295,2640.0
Anomalia,0.0147,0.1352,0.3179,-0.3259,0.136,-0.2294,-0.5127,2640.0
Anomalia,0.0176,0.1463,0.3179,-0.3259,0.1474,-0.1719,-0.8937,2640.0
Anomalia,0.0086,0.1513,0.3179,-0.3259,0.1515,-0.04,-1.0876,2640.0
Anomalia,0.0191,0.1578,0.3273,-0.3259,0.159,0.0056,-1.0355,2640.0
Anomalia,0.0167,0.1655,0.3663,-0.3661,0.1663,0.0182,-0.859,2640.0
Anomalia,0.0141,0.189,0.4176,-0.3884,0.1895,0.0183,-0.8617,2640.0
Anomalia,0.0124,0.2258,0.4176,-0.4519,0.2262,-0.0348,-1.1024,2880.0
Anomalia,-0.0001,0.2408,0.4176,-0.4519,0.2408,0.0565,-1.2281,2880.0
Anomalia,0.0112,0.2295,0.4176,-0.4519,0.2297,-0.0399,-1.0681,2880.0
Anomalia,0.0196,0.2079,0.4114,-0.4519,0.2088,-0.1336,-0.7205,2880.0
Anomalia,0.0114,0.1915,0.3851,-0.4024,0.1918,-0.1304,-0.731,2880.0
Anomalia,0.0149,0.1995,0.4802,-0.4406,0.2,-0.119,-0.5471,2880.0
Anomalia,0.0153,0.2024,0.4802,-0.4406,0.203,-0.1182,-0.6658,2880.0
Anomalia,0.0044,0.2074,0.4802,-0.4406,0.2074,-0.0428,-0.8607,2880.0
Anomalia,0.0222,0.1814,0.4802,-0.4406,0.1828,-0.1208,-0.2972,2880.0
Anomalia,0.0215,0.1445,0.2927,-0.2996,0.1461,-0.1911,-0.9865,2880.0
Anomalia,0.0196,0.1356,0.2495,-0.2466,0.137,-0.1876,-1.1492,2880.0
Anomalia,0.0226,0.1383,0.2572,-0.2866,0.1401,-0.2061,-1.0446,2640.0
Anomalia,0.009,0.1554,0.2722,-0.3344,0.1556,-0.1407,-1.1879,2640.0
Anomalia,0.0124,0.1479,0.2722,-0.3344,0.1484,-0.1821,-1.0067,2640.0
Anomalia,0.0131,0.1391,0.2722,-0.3344,0.1397,-0.1925,-0.6786,2640.0
Anomalia,0.0144,0.127,0.2722,-0.3344,0.1278,-0.1368,-0.503,2640.0
Anomalia,0.0237,0.1061,0.2558,-0.1719,0.1087,0.3107,-0.7252,2640.0
Anomalia,0.0136,0.1102,0.2558,-0.2491,0.111,0.0964,-0.597,2880.0
Anomalia,0.005,0.1131,0.2558,-0.2491,0.1132,0.0546,-0.7393,2640.0
Anomalia,0.007,0.1076,0.2558,-0.2491,0.1078,-0.0185,-0.637,2640.0
Anomalia,0.0082,0.1061,0.1974,-0.2491,0.1064,-0.2457,-0.7846,2880.0
Anomalia,0.0201,0.0917,0.1974,-0.2099,0.0939,-0.3243,-0.6143,2880.0
Anomalia,0.0307,0.083,0.2284,-0.185,0.0885,-0.22,-0.2276,2880.0
Anomalia,0.0195,0.0951,0.2284,-0.222,0.0971,-0.418,-0.1516,2400.0
Anomalia,0.0117,0.1591,0.5245,-0.4222,0.1595,0.106,1.1321,2640.0
Anomalia,0.0018,0.2161,0.5245,-0.455,0.2161,0.1076,-0.3337,2640.0
Anomalia,0.0053,0.2205,0.5245,-0.455,0.2206,0.0742,-0.5242,2640.0
Anomalia,0.024,0.2168,0.5245,-0.455,0.2181,-0.1249,-0.3755,2640.0
Anomalia,0.0246,0.1727,0.4648,-0.455,0.1744,-0.2583,0.7802,2640.0
Anomalia,0.0282,0.1069,0.3315,-0.2188,0.1106,0.2531,-0.2308,2880.0
Anomalia,0.0121,0.1543,0.3809,-0.4183,0.1548,-0.1091,0.4288,2640.0
Anomalia,-0.0029,0.2147,0.4961,-0.4861,0.2148,0.0537,-0.3454,2640.0
Anomalia,0.0124,0.2211,0.4961,-0.4861,0.2214,-0.1002,-0.5849,2640.0
Anomalia,0.0138,0.2362,0.4961,-0.4861,0.2366,-0.0533,-0.8775,2640.0
Anomalia,0.0116,0.2405,0.4961,-0.5122,0.2408,-0.1109,-0.8139,2880.0
Anomalia,0.026,0.2318,0.5585,-0.5122,0.2333,0.0215,-0.6405,2880.0
Anomalia,0.0114,0.2373,0.5585,-0.5122,0.2376,0.1421,-0.7521,2880.0
Anomalia,0.0062,0.218,0.5585,-0.5122,0.2181,0.1395,-0.2726,2880.0
Anomalia,0.0253,0.1763,0.5585,-0.4256,0.1781,0.3166,0.8086,2640.0
Anomalia,0.0162,0.1138,0.2967,-0.3033,0.115,-0.1546,0.0995,2880.0
Anomalia,0.0209,0.0923,0.2374,-0.2295,0.0946,0.0754,-0.0368,2880.0
Anomalia,0.0249,0.0971,0.2503,-0.1811,0.1002,0.2884,-0.5565,3120.0
Anomalia,0.0059,0.1434,0.3761,-0.382,0.1436,-0.1306,0.2876,2640.0
Anomalia,0.0163,0.1957,0.5268,-0.4141,0.1964,0.0922,-0.1691,2640.0
Anomalia,0.0073,0.2197,0.5268,-0.4168,0.2199,0.0709,-0.732,2640.0
Anomalia,0.0128,0.2159,0.5268,-0.4168,0.2163,0.0079,-0.5901,2640.0
Anomalia,0.0323,0.2104,0.5268,-0.4168,0.2129,-0.0315,-0.606,2880.0
Anomalia,0.0197,0.1848,0.387,-0.4168,0.1858,-0.1148,-0.7385,2880.0
Anomalia,0.0147,0.1728,0.3332,-0.3261,0.1734,0.057,-0.9145,2640.0
Anomalia,0.0075,0.1715,0.3332,-0.3261,0.1716,0.1296,-0.8889,2640.0
Anomalia,-0.0095,0.1562,0.3279,-0.3261,0.1565,0.113,-0.7128,2880.0
Anomalia,0.007,0.1641,0.4166,-0.3035,0.1643,0.3791,-0.4984,2400.0
Anomalia,0.0223,0.1607,0.4166,-0.3035,0.1622,0.2459,-0.5805,2640.0
Anomalia,0.019,0.1646,0.4166,-0.3035,0.1656,0.2591,-0.7014,2640.0
Anomalia,0.0225,0.1731,0.4166,-0.305,0.1745,0.217,-0.8908,2640.0
Anomalia,0.0051,0.1459,0.3248,-0.305,0.146,0.0337,-0.8584,2640.0
Anomalia,0.0043,0.1585,0.4542,-0.305,0.1586,0.3217,-0.231,3360.0
Anomalia,0.0096,0.1835,0.4542,-0.3119,0.1837,0.2305,-0.8346,2880.0
Anomalia,0.0194,0.1862,0.4542,-0.3286,0.1872,0.1398,-0.8321,2640.0
Anomalia,0.0194,0.1934,0.4542,-0.3286,0.1943,0.1675,-0.955,2640.0
Anomalia,0.0134,0.2193,0.4312,-0.4285,0.2197,-0.0163,-1.0715,2880.0
Anomalia,0.0142,0.2145,0.4312,-0.4285,0.2149,-0.0827,-0.9704,2880.0
Anomalia,0.0121,0.2022,0.4312,-0.4285,0.2026,-0.0798,-0.7663,2640.0
Anomalia,0.0172,0.1904,0.4312,-0.4285,0.1912,-0.2124,-0.4027,2640.0
Anomalia,0.0182,0.1304,0.3133,-0.3382,0.1317,-0.1543,-0.0457,2640.0
Anomalia,0.0164,0.1224,0.301,-0.3221,0.1235,-0.0971,0.0098,3360.0
Anomalia,0.011,0.1332,0.354,-0.3874,0.1336,-0.2794,0.6216,2880.0
Anomalia,0.012,0.1291,0.354,-0.3874,0.1297,-0.2948,1.0427,2640.0
Anomalia,0.0149,0.1437,0.354,-0.3874,0.1445,-0.1802,0.2263,2880.0
Anomalia,0.0192,0.1335,0.354,-0.3874,0.1348,-0.218,0.3669,2880.0
Anomalia,0.0206,0.1046,0.3244,-0.2566,0.1066,0.0015,0.3717,2640.0
Anomalia,0.0133,0.1145,0.3244,-0.2566,0.1153,0.1568,-0.3189,2400.0
Anomalia,0.019,0.1193,0.3421,-0.2149,0.1208,0.2483,-0.462,2880.0
Anomalia,0.0156,0.1741,0.4539,-0.44,0.1748,0.0718,0.356,2640.0
Anomalia,0.0074,0.2146,0.4539,-0.4938,0.2147,0.0107,-0.5656,2640.0
Anomalia,0.0231,0.2207,0.4539,-0.4938,0.2219,-0.1672,-0.7185,2640.0
Anomalia,0.014,0.2264,0.4539,-0.4938,0.2268,-0.1023,-0.8835,2640.0
Anomalia,0.0111,0.1894,0.4266,-0.4938,0.1897,-0.163,-0.6364,2400.0
Anomalia,0.0249,0.1671,0.3309,-0.2964,0.1689,-0.1105,-1.084,2400.0
Anomalia,0.0007,0.2095,0.4183,-0.4398,0.2095,-0.049,-0.9375,2640.0
Anomalia,0.0065,0.2318,0.461,-0.4398,0.2318,0.0229,-1.0062,2640.0
Anomalia,0.0171,0.2285,0.461,-0.4398,0.2292,-0.0739,-0.9227,2640.0
Anomalia,0.0083,0.216,0.461,-0.4398,0.2162,-0.0215,-0.6109,2640.0
Anomalia,0.0243,0.1757,0.461,-0.3743,0.1774,0.0822,-0.3074,2880.0
Anomalia,0.0125,0.1376,0.2543,-0.2493,0.1382,-0.0494,-1.14,2880.0
Anomalia,0.0055,0.1333,0.2543,-0.2493,0.1334,-0.0051,-1.0635,2880.0
Anomalia,0.0129,0.1356,0.2543,-0.2493,0.1363,0.0005,-1.1162,2880.0
Anomalia,0.0155,0.1295,0.2543,-0.2493,0.1304,-0.0557,-1.0596,2880.0
Anomalia,0.027,0.1119,0.2249,-0.1944,0.1151,0.0117,-1.2364,2640.0
Anomalia,0.0199,0.1122,0.2249,-0.1944,0.1139,0.066,-1.2119,2640.0
Anomalia,0.0024,0.1467,0.3096,-0.3611,0.1467,-0.3446,-0.3081,2640.0
Anomalia,0.0073,0.1779,0.3991,-0.368,0.1781,-0.0105,-0.5205,2640.0
Anomalia,0.0063,0.1748,0.3991,-0.368,0.1749,-0.0433,-0.3439,2640.0
Anomalia,0.0204,0.1831,0.3991,-0.368,0.1842,-0.1497,-0.5994,2880.0
Anomalia,0.0306,0.1471,0.3991,-0.368,0.1503,0.1444,0.2252,2880.0
Anomalia,0.0129,0.1099,0.2887,-0.2218,0.1107,0.0543,0.0733,2400.0
Anomalia,0.0124,0.1306,0.2887,-0.3012,0.1312,0.0158,-0.4064,2640.0
Anomalia,-0.0025,0.1326,0.2752,-0.3012,0.1326,-0.0795,-0.6899,2880.0
Anomalia,0.0068,0.1524,0.3065,-0.3012,0.1525,0.0219,-1.0783,2880.0
Anomalia,0.02,0.1535,0.3065,-0.3012,0.1548,-0.1098,-1.1426,2880.0
Anomalia,0.0183,0.1514,0.3065,-0.3444,0.1525,-0.127,-1.0553,2880.0
Anomalia,0.0231,0.2032,0.5167,-0.5532,0.2045,-0.1909,-0.0938,2880.0
Anomalia,0.0176,0.2153,0.5167,-0.5532,0.2161,-0.161,-0.4263,2880.0
Anomalia,0.0057,0.2123,0.5167,-0.5532,0.2123,-0.0559,-0.3154,2880.0
Anomalia,0.0186,0.2224,0.5167,-0.5532,0.2232,-0.0329,-0.5593,2880.0
Anomalia,0.0189,0.1815,0.4262,-0.3163,0.1825,0.0666,-0.8874,2880.0
Anomalia,0.0184,0.1647,0.4262,-0.3768,0.1657,0.1189,-0.6394,2880.0
Anomalia,0.0326,0.2034,0.4583,-0.4055,0.206,0.0169,-0.8991,2880.0
Anomalia,0.0113,0.2088,0.4583,-0.4055,0.2091,-0.0024,-0.9918,2880.0
Anomalia,0.0051,0.2093,0.4583,-0.4055,0.2093,0.0502,-1.0245,2640.0
Anomalia,0.0103,0.2028,0.4583,-0.4055,0.2031,-0.0018,-0.9161,2640.0
Anomalia,0.0058,0.1655,0.3231,-0.3651,0.1656,-0.1381,-0.8576,2640.0
Anomalia,0.0199,0.15,0.3344,-0.2908,0.1513,0.065,-0.9443,2640.0
Anomalia,0.0239,0.1581,0.3549,-0.325,0.1599,0.077,-0.7963,2640.0
Anomalia,0.0109,0.1739,0.3549,-0.3377,0.1742,0.0727,-0.9842,2640.0
Anomalia,0.0031,0.1745,0.3549,-0.3377,0.1745,0.1067,-1.0439,2640.0
Anomalia,-0.0029,0.169,0.3549,-0.3377,0.169,0.0576,-1.0076,2880.0
Anomalia,0.0156,0.1531,0.3242,-0.3377,0.1539,-0.0555,-0.9225,2880.0
Anomalia,0.0272,0.1432,0.3242,-0.2595,0.1458,0.0249,-1.0345,2880.0
Anomalia,0.0238,0.1479,0.3242,-0.2939,0.1497,-0.0066,-1.01,2640.0
Anomalia,0.0231,0.1685,0.3782,-0.3152,0.1701,-0.0084,-0.8458,2640.0
Anomalia,0.0059,0.2011,0.4441,-0.5013,0.2012,-0.0803,-0.6784,2640.0
Anomalia,0.0014,0.1999,0.4441,-0.5013,0.1999,-0.0501,-0.6611,2640.0
Anomalia,0.0152,0.2027,0.4441,-0.5013,0.2033,-0.1631,-0.6987,2640.0
Anomalia,0.0234,0.2048,0.4441,-0.5013,0.2061,-0.2217,-0.7583,2640.0
Anomalia,0.0238,0.1719,0.3601,-0.3096,0.1736,-0.0463,-1.0531,2640.0
Anomalia,0.0187,0.1597,0.3601,-0.3096,0.1608,0.075,-0.6735,2640.0
Anomalia,0.0083,0.1413,0.3601,-0.3096,0.1415,0.2252,0.0392,2640.0
Anomalia,0.0103,0.1215,0.3425,-0.2478,0.1219,0.452,0.005,2880.0
Anomalia,0.009,0.1042,0.3425,-0.2478,0.1046,0.8284,1.3242,2880.0
Anomalia,0.0168,0.1074,0.3425,-0.2478,0.1087,0.5911,0.7191,2640.0
Anomalia,0.018,0.1267,0.3425,-0.2478,0.128,0.3396,-0.3113,3360.0
Anomalia,0.0086,0.1074,0.282,-0.277,0.1077,-0.0471,-0.1034,3120.0
Anomalia,0.0127,0.105,0.282,-0.277,0.1058,-0.1977,0.0889,3360.0
Anomalia,0.012,0.1014,0.282,-0.277,0.1021,-0.1852,0.4302,3360.0
Anomalia,0.0144,0.0987,0.2345,-0.277,0.0997,-0.3678,0.4499,2880.0
Anomalia,0.0212,0.1162,0.3609,-0.2831,0.1181,0.1179,0.3325,2880.0
Anomalia,0.0202,0.1525,0.3818,-0.3261,0.1538,0.0896,-0.4121,2880.0
Anomalia,0.0131,0.1577,0.3818,-0.3261,0.1583,0.184,-0.6224,2880.0
Anomalia,0.0189,0.1855,0.4393,-0.3592,0.1865,0.1996,-0.6578,2880.0
Anomalia,0.005,0.1934,0.4393,-0.4197,0.1935,0.1422,-0.6617,2880.0
Anomalia,0.0124,0.1736,0.4393,-0.4197,0.174,0.0329,-0.2075,2880.0
Anomalia,0.0155,0.2082,0.4393,-0.4197,0.2088,-0.0483,-0.808,2880.0
Anomalia,0.0047,0.2131,0.4158,-0.4197,0.2131,-0.0561,-0.9213,2880.0
Anomalia,0.0141,0.2043,0.4158,-0.417,0.2048,-0.0618,-0.8596,2640.0
Anomalia,0.0061,0.2066,0.4158,-0.417,0.2067,0.0606,-0.9039,2640.0
Anomalia,0.0106,0.175,0.4158,-0.3594,0.1754,0.1409,-0.4617,2880.0
Anomalia,0.0229,0.1255,0.3321,-0.2472,0.1276,0.3037,-0.3651,2400.0
Anomalia,0.0162,0.1106,0.3321,-0.2044,0.1117,0.5793,0.1449,2400.0
Anomalia,0.0158,0.1146,0.3321,-0.2188,0.1157,0.1977,-0.3034,2880.0
Anomalia,0.014,0.1566,0.4698,-0.5128,0.1572,-0.1082,0.7089,2640.0
Anomalia,0.0004,0.2026,0.4698,-0.5593,0.2026,-0.1727,-0.0458,2640.0
Anomalia,0.0105,0.1993,0.4698,-0.5593,0.1996,-0.3143,0.1749,2640.0
Anomalia,0.0197,0.2119,0.4698,-0.5593,0.2129,-0.3783,-0.1376,2880.0
Anomalia,0.0189,0.2005,0.4412,-0.5593,0.2014,-0.3912,-0.2602,2880.0
Anomalia,0.0182,0.1929,0.3828,-0.3876,0.1938,-0.1294,-0.825,2640.0
Anomalia,0.0091,0.217,0.3828,-0.3876,0.2172,-0.0773,-1.3253,2640.0
Anomalia,0.0019,0.2145,0.3828,-0.3609,0.2145,0.0047,-1.3249,2640.0
Anomalia,0.0112,0.1913,0.3828,-0.3609,0.1916,-0.1865,-0.8124,2640.0
Anomalia,0.0195,0.1945,0.5303,-0.4546,0.1955,-0.0857,-0.2389,2400.0
Anomalia,0.0238,0.2488,0.5941,-0.543,0.2499,-0.0017,-0.1246,2880.0
Anomalia,0.0168,0.2559,0.5941,-0.543,0.2565,0.1016,-0.1692,2640.0
Anomalia,0.0064,0.2581,0.5941,-0.543,0.2582,0.2113,-0.2317,2640.0
Anomalia,0.0043,0.2248,0.5941,-0.543,0.2248,0.2219,0.8187,2640.0
Anomalia,0.0078,0.1289,0.5868,-0.4343,0.1292,0.2274,3.645,2400.0
Anomalia,0.0147,0.072,0.1581,-0.1763,0.0735,-0.1366,-0.5493,2640.0
Anomalia,0.0238,0.0657,0.1629,-0.1149,0.0699,0.108,-1.0319,2640.0
Anomalia,0.0192,0.098,0.2432,-0.2687,0.0998,-0.4494,0.3608,3120.0
Anomalia,0.0145,0.1161,0.319,-0.2687,0.117,-0.1126,-0.1314,2640.0
Anomalia,0.009,0.142,0.319,-0.2891,0.1423,-0.0342,-0.703,2640.0
Anomalia,0.0022,0.1536,0.319,-0.2891,0.1536,0.093,-1.041,2640.0
Anomalia,0.0168,0.1552,0.319,-0.2891,0.1561,0.0532,-1.13,2640.0
Anomalia,0.0159,0.1467,0.3071,-0.2891,0.1475,0.0207,-1.02,2640.0
Anomalia,0.0255,0.1312,0.2556,-0.227,0.1337,0.0371,-1.0142,2640.0
Anomalia,0.0267,0.175,0.421,-0.4577,0.1771,-0.1517,-0.2666,2640.0
Anomalia,-0.0017,0.185,0.421,-0.4577,0.185,-0.1155,-0.2961,2640.0
Anomalia,0.01,0.1837,0.421,-0.4577,0.1839,-0.3027,-0.1938,2640.0
Anomalia,0.0067,0.1784,0.421,-0.4577,0.1785,-0.3322,0.0352,2640.0
Anomalia,0.0037,0.1424,0.2854,-0.4364,0.1425,-0.5693,0.0261,2400.0
Anomalia,0.029,0.1413,0.374,-0.2587,0.1443,0.0036,-0.3196,2640.0
Anomalia,0.0176,0.1573,0.374,-0.28,0.1583,0.0738,-0.7935,2640.0
Anomalia,0.0042,0.1594,0.374,-0.28,0.1594,0.2789,-0.8173,2640.0
Anomalia,0.0134,0.1512,0.374,-0.28,0.1518,0.2702,-0.5866,2640.0
Anomalia,0.0072,0.1444,0.3284,-0.291,0.1446,0.0758,-0.7781,2880.0
Anomalia,0.0139,0.133,0.3284,-0.291,0.1337,0.0015,-0.5625,2640.0
Anomalia,0.0308,0.1451,0.3284,-0.291,0.1483,-0.1943,-0.8393,2640.0
Anomalia,0.01,0.163,0.3284,-0.3728,0.1633,-0.275,-0.9627,2640.0
Anomalia,0.0175,0.1528,0.2768,-0.3728,0.1538,-0.3955,-0.7993,2640.0
Anomalia,0.0091,0.1734,0.3263,-0.3728,0.1737,-0.1869,-1.0941,2880.0
Anomalia,0.0072,0.1832,0.3361,-0.3728,0.1833,-0.0817,-1.1669,2880.0
Anomalia,0.0246,0.1638,0.3361,-0.311,0.1656,-0.046,-0.9442,2880.0
Anomalia,0.0163,0.1622,0.3361,-0.311,0.163,0.0602,-0.9126,2880.0
Anomalia,0.0155,0.1532,0.3361,-0.2718,0.154,0.0967,-0.9069,2880.0
Anomalia,0.0173,0.1463,0.3058,-0.2906,0.1473,0.0536,-0.8627,2880.0
Anomalia,0.0071,0.1622,0.3058,-0.345,0.1624,-0.0835,-1.0662,2880.0
Anomalia,0.0148,0.1597,0.3058,-0.345,0.1604,-0.1395,-0.925,2880.0
Anomalia,0.019,0.1439,0.3058,-0.345,0.1452,-0.1462,-0.5976,2880.0
Anomalia,0.0118,0.1815,0.4873,-0.4717,0.1818,-0.1975,0.2177,2880.0
Anomalia,0.0196,0.1721,0.4873,-0.4717,0.1732,-0.2382,0.7055,2880.0
Anomalia,0.0105,0.1833,0.4873,-0.4717,0.1836,-0.158,0.037,2880.0
Anomalia,0.01,0.207,0.4873,-0.4717,0.2073,-0.081,-0.7084,2880.0
Anomalia,0.0134,0.2126,0.5096,-0.4648,0.213,0.0397,-0.7781,2880.0
Anomalia,0.0107,0.2161,0.5096,-0.4648,0.2164,0.0758,-0.8272,2880.0
Anomalia,0.0184,0.2022,0.5096,-0.4648,0.203,0.0058,-0.3584,2880.0
Anomalia,0.0128,0.1762,0.5096,-0.4648,0.1767,0.0883,0.7622,2880.0
Anomalia,0.0133,0.1054,0.3555,-0.3267,0.1063,-0.2167,0.7492,2640.0
Anomalia,0.0158,0.0921,0.242,-0.1585,0.0935,0.0696,-0.937,2640.0
Anomalia,0.0035,0.0976,0.242,-0.2163,0.0977,0.1053,-0.8721,2640.0
Anomalia,0.0147,0.0976,0.242,-0.2163,0.0987,0.0032,-0.8558,2640.0
Anomalia,0.0154,0.0973,0.242,-0.2163,0.0985,-0.0448,-0.7747,2640.0
Anomalia,0.0097,0.0901,0.1767,-0.2163,0.0907,-0.1962,-0.8122,2880.0
Anomalia,0.0156,0.0929,0.2201,-0.1611,0.0942,-0.0371,-1.0276,2880.0
Anomalia,0.0092,0.1018,0.2209,-0.2051,0.1022,-0.0184,-1.034,2880.0
Anomalia,0.0114,0.1292,0.304,-0.2829,0.1297,0.0538,-0.6665,2640.0
Anomalia,0.0192,0.1521,0.3405,-0.3042,0.1533,0.0019,-0.8796,2640.0
Anomalia,0.0136,0.1496,0.3405,-0.3042,0.1502,0.044,-0.747,2640.0
Anomalia,0.0157,0.178,0.3682,-0.3624,0.1786,-0.002,-0.8742,2880.0
Anomalia,0.0043,0.1772,0.3682,-0.3624,0.1772,0.0559,-0.8195,2880.0
Anomalia,-0.0006,0.1645,0.3682,-0.3624,0.1645,0.0616,-0.5132,2880.0
Anomalia,0.0153,0.1709,0.3682,-0.3624,0.1716,-0.0841,-0.7141,2640.0
Anomalia,0.0172,0.1303,0.3267,-0.3453,0.1314,-0.1865,-0.0091,2640.0
Anomalia,0.0181,0.1006,0.3267,-0.2604,0.1022,0.141,0.7652,2640.0
Anomalia,0.0242,0.1542,0.4652,-0.4679,0.156,0.0788,1.4958,2400.0
Anomalia,0.0056,0.2336,0.5724,-0.5595,0.2336,-0.0415,0.2673,2640.0
Anomalia,0.0011,0.2787,0.5724,-0.5595,0.2787,0.0452,-0.7211,2640.0
Anomalia,0.0134,0.3035,0.5724,-0.5595,0.3038,-0.0051,-1.1838,2640.0
Anomalia,0.0074,0.2856,0.5724,-0.5595,0.2857,0.0279,-0.9839,2640.0
Anomalia,0.0177,0.2237,0.5687,-0.5297,0.2244,0.1061,-0.5532,2880.0
Anomalia,0.012,0.1724,0.4517,-0.3515,0.1728,0.3297,-0.4562,2880.0
Anomalia,0.01,0.1279,0.3317,-0.2558,0.1283,0.0948,-0.7058,2640.0
Anomalia,0.0076,0.1048,0.2391,-0.2094,0.1051,-0.0001,-0.8279,2640.0
Anomalia,0.0141,0.1001,0.1955,-0.2094,0.1011,-0.339,-0.9087,2640.0
Anomalia,0.0212,0.1298,0.3528,-0.3367,0.1316,-0.1927,-0.0093,2880.0
Anomalia,0.0147,0.1899,0.4925,-0.4262,0.1905,-0.0641,-0.1094,2880.0
Anomalia,0.0118,0.2095,0.4925,-0.4262,0.2098,-0.0531,-0.7075,2880.0
Anomalia,0.0052,0.2251,0.4925,-0.4262,0.2251,0.0636,-1.0591,2880.0
Anomalia,0.0033,0.2206,0.4925,-0.4262,0.2207,0.0666,-1.0232,2880.0
Anomalia,0.0132,0.1981,0.367,-0.358,0.1985,0.0136,-1.267,2880.0
Anomalia,0.028,0.2043,0.4272,-0.358,0.2063,0.0083,-1.2183,2880.0
Anomalia,0.023,0.1923,0.4272,-0.358,0.1937,0.0473,-1.0621,2640.0
Anomalia,0.0188,0.2033,0.4289,-0.4581,0.2042,-0.0257,-0.871,2640.0
Anomalia,0.0037,0.2465,0.5597,-0.5733,0.2466,-0.029,-0.5366,2640.0
Anomalia,-0.0051,0.2527,0.5597,-0.5733,0.2528,-0.0037,-0.5226,2640.0
Anomalia,0.0125,0.2496,0.5597,-0.5733,0.2499,-0.184,-0.3818,2880.0
Anomalia,0.0195,0.2269,0.5597,-0.5733,0.2277,-0.2462,0.3513,2880.0
Anomalia,0.0302,0.1521,0.4953,-0.4832,0.155,-0.2818,1.6411,2880.0
Anomalia,0.0228,0.1066,0.2193,-0.2462,0.109,-0.2506,-0.5651,2640.0
Anomalia,0.002,0.1094,0.2193,-0.2462,0.1094,-0.1113,-0.9099,2640.0
Anomalia,0.0011,0.1138,0.2193,-0.2462,0.1138,0.0066,-1.0886,2640.0
Anomalia,0.0044,0.1289,0.2708,-0.2683,0.1289,0.0594,-0.8901,2640.0
Anomalia,0.0156,0.1527,0.4189,-0.3002,0.1535,0.2235,-0.5688,2640.0
Anomalia,0.0252,0.161,0.4189,-0.3002,0.1629,0.0747,-0.8574,2640.0
Anomalia,0.021,0.1714,0.4189,-0.3336,0.1727,-0.0154,-0.928,2640.0
Anomalia,0.0043,0.1767,0.4189,-0.3336,0.1768,0.0473,-0.9678,2640.0
Anomalia,0.003,0.1572,0.2973,-0.3336,0.1572,-0.0928,-0.9622,2640.0
Anomalia,0.0083,0.1459,0.2973,-0.3336,0.1461,-0.2156,-0.6017,2640.0
Anomalia,0.0154,0.1366,0.2973,-0.3117,0.1374,-0.1467,-0.6064,2640.0
Anomalia,0.0215,0.1299,0.2973,-0.2937,0.1317,-0.1104,-0.692,2640.0
Anomalia,0.0233,0.1452,0.3605,-0.2937,0.1471,-0.1548,-0.7376,2400.0
Anomalia,0.0108,0.1482,0.3605,-0.2937,0.1485,-0.0476,-0.8227,2400.0
Anomalia,0.0026,0.1536,0.3605,-0.2937,0.1536,0.0225,-0.9719,2640.0
Anomalia,0.0139,0.1472,0.3605,-0.2641,0.1478,0.0609,-0.9508,2640.0
Anomalia,0.0065,0.1192,0.2553,-0.2533,0.1194,0.0579,-0.7669,2640.0
Anomalia,0.0129,0.1167,0.2553,-0.2533,0.1175,0.1097,-0.7526,2640.0
Anomalia,0.0152,0.1146,0.2553,-0.2387,0.1156,0.0832,-0.7416,2640.0
Anomalia,0.0069,0.1097,0.2505,-0.2387,0.1099,0.0156,-0.5921,2640.0
Anomalia,0.0082,0.1216,0.2505,-0.2387,0.1219,0.0145,-0.9439,2640.0
Anomalia,0.0128,0.1247,0.2779,-0.2387,0.1253,0.0801,-0.9088,2880.0
Anomalia,0.0167,0.1151,0.2779,-0.2007,0.1163,0.1316,-0.8169,2880.0
Anomalia,0.0207,0.1318,0.32,-0.3071,0.1334,0.0597,-0.6045,2640.0
Anomalia,0.023,0.1538,0.3267,-0.3071,0.1555,-0.0151,-0.7555,2640.0
Anomalia,0.0086,0.1683,0.3267,-0.3553,0.1686,-0.0432,-0.8781,2640.0
Anomalia,0.0132,0.1688,0.3267,-0.3553,0.1694,-0.0436,-0.8239,2640.0
Anomalia,0.0117,0.165,0.3267,-0.3553,0.1654,-0.0357,-0.8593,2640.0
Anomalia,0.0104,0.1377,0.3096,-0.3553,0.1381,-0.0871,-0.2765,2640.0
Anomalia,0.024,0.1144,0.291,-0.2259,0.1169,0.1865,-0.2946,2640.0
Anomalia,0.0114,0.1159,0.2683,-0.2259,0.1165,0.1396,-0.4783,2640.0
Anomalia,0.0099,0.1161,0.3142,-0.2825,0.1165,0.0862,-0.0522,2400.0
Anomalia,0.0113,0.1591,0.422,-0.3826,0.1595,0.0223,-0.1452,2640.0
Anomalia,0.0084,0.1805,0.422,-0.3826,0.1807,0.1024,-0.7902,2640.0
Anomalia,0.0177,0.1856,0.422,-0.3826,0.1865,0.0069,-0.9287,2640.0
Anomalia,0.0239,0.1723,0.422,-0.3826,0.1739,-0.0453,-0.5709,2640.0
Anomalia,0.0073,0.2187,0.513,-0.5518,0.2189,-0.3222,0.177,2880.0
Anomalia,0.0079,0.2407,0.5142,-0.5518,0.2409,-0.1278,-0.2427,2880.0
Anomalia,0.0104,0.2369,0.5142,-0.5518,0.2371,-0.173,-0.0956,2640.0
Anomalia,0.0048,0.2404,0.5142,-0.5518,0.2404,-0.1022,-0.2513,2880.0
Anomalia,0.0286,0.1692,0.5142,-0.3465,0.1716,0.2468,0.2867,2400.0
Anomalia,0.0246,0.1374,0.3609,-0.282,0.1396,0.016,-0.4575,2640.0
Anomalia,0.0144,0.2234,0.6613,-0.5631,0.2239,0.0381,0.4729,2640.0
Anomalia,0.0013,0.2918,0.6613,-0.6367,0.2918,-0.0189,-0.4809,2640.0
Anomalia,-0.0003,0.3057,0.6613,-0.6367,0.3057,0.043,-0.7765,2640.0
Anomalia,0.0107,0.3037,0.6613,-0.6367,0.3039,-0.0508,-0.7247,2880.0
Anomalia,0.0118,0.2664,0.5968,-0.6367,0.2666,-0.1067,-0.5052,2880.0
Anomalia,0.0266,0.2003,0.4227,-0.3734,0.202,0.1001,-0.9626,2880.0
Anomalia,0.0186,0.1852,0.3987,-0.3194,0.1862,0.0738,-1.0258,2880.0
Anomalia,0.006,0.1847,0.3987,-0.3194,0.1848,0.1317,-1.0472,2880.0
Anomalia,0.0108,0.1694,0.3987,-0.31,0.1697,0.1209,-1.0211,2880.0
Anomalia,0.0151,0.1614,0.3231,-0.31,0.1621,0.0221,-1.1546,2880.0
Anomalia,0.0121,0.1627,0.3231,-0.31,0.1631,0.0031,-1.1699,2880.0
Anomalia,0.0217,0.1698,0.3492,-0.2777,0.1712,0.0842,-1.2006,2880.0
Anomalia,0.0108,0.212,0.4571,-0.5042,0.2123,-0.1907,-0.7024,2880.0
Anomalia,0.0117,0.2607,0.5309,-0.5578,0.2609,-0.0891,-0.8747,2880.0
Anomalia,0.0156,0.2707,0.5309,-0.5578,0.2711,-0.0947,-1.0463,2640.0
Anomalia,0.0109,0.255,0.5309,-0.5578,0.2553,-0.1142,-0.679,2640.0
Anomalia,0.0241,0.2284,0.5309,-0.5578,0.2297,-0.0062,-0.2555,2400.0
Anomalia,0.0084,0.268,0.7537,-0.7108,0.2681,-0.0063,0.506,2400.0
Anomalia,0.0068,0.3223,0.7537,-0.7108,0.3224,-0.0213,-0.3761,2640.0
Anomalia,0.0063,0.3498,0.7537,-0.7108,0.3499,-0.0004,-0.9354,2640.0
Anomalia,0.0002,0.3461,0.7537,-0.7108,0.3461,0.039,-0.8865,2880.0
Anomalia,0.0169,0.28,0.6137,-0.6106,0.2805,-0.056,-0.6072,2880.0
Anomalia,0.0281,0.2081,0.4435,-0.4688,0.21,-0.0648,-0.8697,2880.0
Anomalia,0.0174,0.1641,0.397,-0.3104,0.165,0.1336,-0.9185,2880.0
Anomalia,0.02,0.1469,0.319,-0.3104,0.1483,0.0743,-0.9157,2640.0
Anomalia,0.0054,0.1308,0.2871,-0.3104,0.1309,0.056,-0.5443,2640.0
Anomalia,-0.0092,0.1028,0.1984,-0.2664,0.1032,-0.0502,-0.7623,2880.0
Anomalia,0.0154,0.0936,0.1984,-0.2084,0.0948,-0.2931,-0.951,2880.0
Anomalia,0.0181,0.0904,0.1892,-0.2084,0.0922,-0.5048,-0.5857,2880.0
Anomalia,0.0255,0.1111,0.3292,-0.2923,0.114,-0.2855,0.2427,2880.0
Anomalia,0.0225,0.1403,0.3292,-0.3947,0.1421,-0.4928,0.0878,2640.0
Anomalia,-0.0046,0.1549,0.3292,-0.3947,0.155,-0.0756,-0.6367,2640.0
Anomalia,0.0027,0.1574,0.3292,-0.3947,0.1575,-0.1023,-0.6905,2640.0
Anomalia,0.0061,0.142,0.2754,-0.3947,0.1421,-0.2785,-0.3783,2880.0
Anomalia,0.0144,0.128,0.2664,-0.319,0.1288,-0.3023,-0.46,2880.0
Anomalia,0.028,0.1587,0.4848,-0.3442,0.1611,-0.0016,0.2701,2880.0
Anomalia,0.0191,0.1951,0.4848,-0.4748,0.196,-0.1148,-0.3942,2880.0
Anomalia,0.0079,0.2028,0.4848,-0.4748,0.2029,-0.0136,-0.6769,2880.0
Anomalia,0.0111,0.202,0.4848,-0.4748,0.2023,0.035,-0.6432,2880.0
Anomalia,0.005,0.1723,0.3726,-0.4748,0.1724,-0.1216,-0.3725,2880.0
Anomalia,0.0079,0.1499,0.3338,-0.2637,0.1501,0.0654,-0.9353,2880.0
Anomalia,0.0193,0.2051,0.518,-0.5541,0.206,0.003,-0.1451,2880.0
Anomalia,0.0124,0.2048,0.518,-0.5541,0.2052,0.0311,-0.1497,2880.0
Anomalia,0.0217,0.2074,0.518,-0.5541,0.2086,-0.0263,-0.2664,2880.0
Anomalia,0.0132,0.1933,0.518,-0.5541,0.1938,0.0774,0.3603,2880.0
Anomalia,0.0109,0.1499,0.3478,-0.3194,0.1503,0.2408,-0.798,2880.0
Anomalia,0.0139,0.1545,0.3478,-0.2848,0.1551,0.2375,-0.9458,2880.0
Anomalia,0.0082,0.148,0.3478,-0.2848,0.1482,0.3322,-0.6932,2640.0
Anomalia,0.021,0.1498,0.3478,-0.2848,0.1512,0.1292,-0.8421,2640.0
Anomalia,0.0179,0.1307,0.2967,-0.2449,0.1319,0.0639,-0.8723,2640.0
Anomalia,0.0067,0.1243,0.2643,-0.291,0.1245,-0.0777,-0.735,2640.0
Anomalia,0.0141,0.1219,0.2483,-0.291,0.1227,-0.3127,-0.7578,2640.0
Anomalia,0.0056,0.1207,0.2483,-0.291,0.1208,-0.1805,-0.7136,2640.0
Anomalia,0.0081,0.1122,0.2149,-0.291,0.1125,-0.2776,-0.554,2640.0
Anomalia,0.0205,0.1013,0.2149,-0.2028,0.1034,0.0426,-0.8944,2640.0
Anomalia,0.0094,0.1012,0.2149,-0.2028,0.1017,0.1286,-0.8869,2880.0
Anomalia,0.007,0.0944,0.1907,-0.1892,0.0946,0.069,-0.8723,2880.0
Anomalia,0.0152,0.101,0.2533,-0.1802,0.1022,0.1972,-0.7973,3120.0
Anomalia,0.0119,0.1347,0.34,-0.3265,0.1352,-0.1302,-0.2467,2880.0
Anomalia,0.0185,0.1493,0.34,-0.3265,0.1505,-0.0722,-0.5727,2880.0
Anomalia,0.01,0.2142,0.4633,-0.6042,0.2144,-0.3588,-0.1773,2880.0
Anomalia,0.0018,0.2514,0.4633,-0.6042,0.2514,-0.1203,-0.8909,2640.0
Anomalia,0.0165,0.2608,0.5712,-0.6042,0.2613,-0.0996,-0.8026,2640.0
Anomalia,0.01,0.2646,0.5712,-0.6042,0.2648,-0.0802,-0.8891,2640.0
Anomalia,0.0266,0.2142,0.5712,-0.4456,0.2159,0.0196,-0.3811,2640.0
Anomalia,0.0247,0.1658,0.5712,-0.3968,0.1676,0.1588,0.8509,2640.0
Anomalia,0.0029,0.1588,0.33,-0.3684,0.1588,-0.3423,-0.395,2880.0
Anomalia,0.0031,0.171,0.3803,-0.3684,0.171,-0.1663,-0.4419,2880.0
Anomalia,0.0019,0.1974,0.3982,-0.3684,0.1974,0.0668,-0.9253,2640.0
Anomalia,0.0056,0.2048,0.3982,-0.3684,0.2049,0.0085,-1.1254,2880.0
Anomalia,0.0237,0.2015,0.3987,-0.3563,0.2029,0.0104,-1.0883,2880.0
Anomalia,0.0226,0.2301,0.5641,-0.5933,0.2313,-0.1345,-0.4688,2880.0
Anomalia,0.0189,0.2112,0.5641,-0.5933,0.2121,-0.1972,0.124,2880.0
Anomalia,0.0127,0.2086,0.5641,-0.5933,0.2089,-0.1036,0.2263,2880.0
Anomalia,0.0061,0.1807,0.5641,-0.5933,0.1808,-0.1917,1.8002,3360.0
Anomalia,0.0159,0.092,0.2297,-0.2339,0.0934,-0.1625,-0.3297,3360.0
Anomalia,0.0155,0.0906,0.2297,-0.2339,0.0919,-0.2119,-0.3083,2880.0
Anomalia,0.0177,0.0662,0.1442,-0.1606,0.0685,-0.2344,-0.5049,2880.0
Anomalia,0.018,0.0852,0.2399,-0.2854,0.087,-0.4036,0.7715,2880.0
Anomalia,0.01,0.1502,0.4308,-0.3914,0.1506,-0.2235,0.8043,2880.0
Anomalia,0.0091,0.2296,0.5808,-0.5353,0.2298,0.0283,0.0995,2640.0
Anomalia,0.0116,0.2467,0.5808,-0.5353,0.247,0.0271,-0.5322,2640.0
Anomalia,0.0058,0.2438,0.5808,-0.5353,0.2439,0.1019,-0.4385,2640.0
Anomalia,0.0162,0.2203,0.5808,-0.5353,0.2209,0.1012,0.187,2880.0
Anomalia,0.0123,0.138,0.3304,-0.2733,0.1386,0.2572,-0.4925,2880.0
Anomalia,0.0067,0.1307,0.3526,-0.267,0.1309,0.3055,-0.2388,2880.0
Anomalia,0.0114,0.1265,0.3526,-0.267,0.127,0.284,0.0193,2880.0
Anomalia,0.0054,0.1167,0.3526,-0.267,0.1169,0.0864,0.2032,2880.0
Anomalia,0.0183,0.1114,0.3526,-0.267,0.1129,0.0401,0.5441,2880.0
Anomalia,0.0219,0.101,0.2635,-0.2303,0.1034,0.062,-0.3826,2640.0
Anomalia,0.0077,0.1175,0.2635,-0.2581,0.1178,-0.1718,-0.6107,2640.0
Anomalia,0.0095,0.1293,0.3411,-0.2581,0.1296,0.1027,-0.5932,2640.0
Anomalia,-0.0015,0.1326,0.3411,-0.2581,0.1326,0.2519,-0.6539,2640.0
Anomalia,0.0045,0.1218,0.3411,-0.2581,0.1218,0.1105,-0.2257,2880.0
Anomalia,0.0276,0.12,0.3411,-0.2209,0.1231,0.1959,-0.4939,2880.0
Anomalia,0.019,0.1374,0.3432,-0.3534,0.1387,-0.0582,-0.0962,2640.0
Anomalia,0.0109,0.1793,0.367,-0.4604,0.1796,-0.247,-0.3656,2640.0
Anomalia,0.0114,0.2089,0.5359,-0.4604,0.2092,0.0195,-0.7049,2640.0
Anomalia,-0.0066,0.2161,0.5359,-0.4604,0.2162,0.1656,-0.8544,2640.0
Anomalia,0.0067,0.2447,0.5359,-0.4604,0.2447,0.1636,-0.9996,2640.0
Anomalia,0.025,0.2466,0.5359,-0.4287,0.2478,0.1035,-1.0898,2640.0
Anomalia,0.0169,0.2511,0.4846,-0.4287,0.2517,0.0773,-1.2622,2640.0
Anomalia,0.0212,0.2635,0.4846,-0.4287,0.2643,0.0135,-1.3633,2880.0
Anomalia,0.0077,0.2305,0.4195,-0.426,0.2306,0.0273,-1.2197,2880.0
Anomalia,-0.0049,0.2076,0.4195,-0.3932,0.2077,0.0806,-1.1057,2880.0
Anomalia,0.007,0.219,0.4731,-0.4577,0.2191,0.0745,-0.8869,2880.0
Anomalia,0.0113,0.2123,0.4731,-0.4577,0.2126,0.126,-0.7546,2880.0
Anomalia,0.0213,0.2223,0.4834,-0.4577,0.2233,0.1097,-0.7715,2880.0
Anomalia,0.0287,0.2449,0.4834,-0.4577,0.2465,-0.0255,-0.9914,2880.0
Anomalia,0.0114,0.2414,0.4834,-0.4283,0.2417,-0.0019,-1.0879,2880.0
Anomalia,0.0097,0.2241,0.4834,-0.4283,0.2243,-0.0049,-0.834,2640.0
Anomalia,0.0054,0.2083,0.4306,-0.4283,0.2083,-0.0557,-0.7032,2640.0
Anomalia,0.0048,0.1744,0.4066,-0.3932,0.1745,-0.0452,-0.4728,2880.0
Anomalia,0.0165,0.1299,0.2808,-0.2122,0.131,0.1717,-1.0222,2640.0
Anomalia,0.0179,0.1295,0.2808,-0.2122,0.1307,0.1313,-1.0496,2640.0
Anomalia,0.0185,0.1231,0.256,-0.2122,0.1245,0.0649,-1.088,2640.0
Anomalia,0.004,0.1547,0.3864,-0.5151,0.1548,-0.3868,0.549,2400.0
Anomalia,0.0085,0.1981,0.5038,-0.5151,0.1983,0.0772,0.0474,2880.0
Anomalia,0.0097,0.1972,0.5038,-0.5151,0.1975,0.0375,0.1065,2640.0
Anomalia,0.0102,0.1943,0.5038,-0.5151,0.1945,0.0544,0.2796,2640.0
Anomalia,0.0222,0.1714,0.5038,-0.4335,0.1728,0.2917,0.4894,2880.0
Anomalia,0.0139,0.13,0.3125,-0.2541,0.1308,-0.0547,-0.6249,2880.0
Anomalia,0.0074,0.1403,0.3125,-0.2541,0.1405,0.038,-0.9022,2880.0
Anomalia,0.0148,0.1625,0.3125,-0.2541,0.1632,0.0469,-1.2462,2880.0
Anomalia,0.0118,0.1658,0.3125,-0.301,0.1662,0.0703,-1.2102,2880.0
Anomalia,0.0098,0.1732,0.3471,-0.301,0.1735,0.1258,-1.2312,2640.0
Anomalia,0.0213,0.1917,0.4137,-0.3659,0.1929,0.0089,-1.1303,2640.0
Anomalia,0.0053,0.2102,0.4137,-0.432,0.2103,-0.053,-1.0917,2640.0
Anomalia,0.0098,0.2064,0.4137,-0.432,0.2066,-0.0637,-0.986,2640.0
Anomalia,0.0194,0.1989,0.4137,-0.432,0.1999,-0.1797,-0.7576,2880.0
Anomalia,0.0133,0.2086,0.4335,-0.432,0.2091,-0.0813,-0.9051,2880.0
Anomalia,0.0179,0.1809,0.4335,-0.3784,0.1817,0.0944,-0.6489,2400.0
Anomalia,0.0091,0.1877,0.4335,-0.3784,0.1879,0.081,-0.7777,2640.0
Anomalia,0.0067,0.1752,0.4335,-0.3784,0.1753,0.0356,-0.4561,2640.0
Anomalia,0.0066,0.1429,0.3054,-0.3411,0.143,-0.1564,-0.6029,2880.0
Anomalia,0.0129,0.1479,0.2964,-0.3411,0.1485,-0.1452,-0.7131,2880.0
Anomalia,0.0255,0.149,0.3025,-0.2981,0.1511,-0.1402,-0.8961,2880.0
Anomalia,0.0218,0.1873,0.4062,-0.4116,0.1886,-0.0859,-0.9061,2880.0
Anomalia,0.0137,0.181,0.4062,-0.4116,0.1816,-0.0065,-0.7384,2880.0
Anomalia,0.0084,0.1797,0.4062,-0.4116,0.1799,0.0419,-0.7292,2640.0
Anomalia,0.007,0.1588,0.4062,-0.4116,0.1589,0.0353,0.093,2640.0
Anomalia,0.0095,0.1211,0.2693,-0.272,0.1214,0.054,-0.619,2640.0
Anomalia,0.0181,0.1167,0.2693,-0.2209,0.1181,0.1709,-0.7408,2880.0
Anomalia,0.0216,0.1095,0.2925,-0.1842,0.1116,0.2254,-0.5697,2400.0
Anomalia,0.0148,0.1507,0.3334,-0.3186,0.1515,0.0449,-0.7466,2880.0
Anomalia,0.0052,0.1642,0.3344,-0.3186,0.1643,0.0905,-0.884,2640.0
Anomalia,0.0037,0.1746,0.3344,-0.3186,0.1747,0.0366,-1.0816,2640.0
Anomalia,0.0118,0.1661,0.3344,-0.3186,0.1665,-0.1358,-0.8489,2880.0
Anomalia,0.01,0.1559,0.3344,-0.3169,0.1562,-0.2432,-0.7652,2880.0
Anomalia,0.0234,0.1685,0.4051,-0.3394,0.1701,-0.1413,-0.5699,2880.0
Anomalia,0.023,0.1572,0.4051,-0.3394,0.1589,-0.0572,-0.2486,2640.0
Anomalia,0.0084,0.1569,0.4051,-0.3394,0.1571,0.1931,-0.2064,2640.0
Anomalia,0.0116,0.1352,0.4051,-0.3394,0.1357,0.4493,0.6421,2640.0
Anomalia,0.0086,0.0803,0.2184,-0.1696,0.0808,0.0454,-0.4727,2880.0
Anomalia,0.0135,0.0695,0.1544,-0.1696,0.0709,-0.1063,-0.6396,2880.0
Anomalia,0.0221,0.094,0.2873,-0.2132,0.0966,0.0008,0.0668,2640.0
Anomalia,0.0122,0.1285,0.2873,-0.3964,0.1291,-0.6968,0.9138,2640.0
Anomalia,0.0117,0.1609,0.3855,-0.3964,0.1613,-0.2307,-0.2789,2640.0
Anomalia,0.0065,0.1641,0.3855,-0.3964,0.1642,-0.1398,-0.4821,2640.0
Anomalia,0.004,0.1529,0.3855,-0.3964,0.153,-0.1939,-0.0002,2880.0
Anomalia,0.0297,0.137,0.3855,-0.3342,0.1402,0.0949,-0.3085,2880.0
Anomalia,0.0178,0.1183,0.2733,-0.2585,0.1196,0.056,-0.8138,2640.0
Anomalia,0.0122,0.1507,0.3067,-0.3425,0.1512,-0.163,-0.7944,2640.0
Anomalia,0.0154,0.2206,0.5378,-0.4744,0.2212,0.0184,-0.4964,2640.0
Anomalia,-0.002,0.2348,0.5378,-0.4744,0.2349,0.1181,-0.7833,2640.0
Anomalia,0.012,0.2354,0.5378,-0.4744,0.2357,0.0014,-0.804,2880.0
Anomalia,0.0229,0.2275,0.5378,-0.4744,0.2287,-0.0538,-0.6328,2880.0
Anomalia,0.019,0.1833,0.3747,-0.3728,0.1843,-0.1553,-1.0467,2880.0
Anomalia,0.016,0.1639,0.3413,-0.3348,0.1647,-0.0172,-1.0489,2880.0
Anomalia,0.0095,0.156,0.3413,-0.3348,0.1563,-0.0069,-0.8822,2880.0
Anomalia,0.001,0.1445,0.3413,-0.3348,0.1445,0.0436,-0.6873,2880.0
Anomalia,0.0131,0.1266,0.2823,-0.2449,0.1273,0.0002,-0.9564,2880.0
Anomalia,0.0174,0.1198,0.2823,-0.2245,0.1211,-0.0467,-0.9545,2880.0
Anomalia,0.0169,0.1315,0.2823,-0.2543,0.1326,-0.0033,-1.0452,2640.0
Anomalia,0.0278,0.1178,0.2823,-0.2543,0.121,-0.083,-0.5698,2880.0
Anomalia,0.0019,0.1133,0.2677,-0.2543,0.1133,-0.0705,-0.6315,2880.0
Anomalia,0.0055,0.128,0.2837,-0.2802,0.1281,-0.0081,-0.687,2880.0
Anomalia,0.0047,0.121,0.2868,-0.2802,0.1211,0.0821,-0.4581,2640.0
Anomalia,-0.0002,0.1423,0.3432,-0.2802,0.1423,0.2713,-0.769,2880.0
Anomalia,0.0216,0.211,0.5633,-0.4679,0.2121,0.158,-0.2499,2880.0
Anomalia,0.0256,0.256,0.5633,-0.5261,0.2572,0.0386,-0.6811,2880.0
Anomalia,0.022,0.287,0.5633,-0.5261,0.2878,-0.0593,-1.0686,2640.0
Anomalia,0.0188,0.2896,0.5633,-0.5261,0.2902,-0.046,-1.1277,2640.0
Anomalia,0.0042,0.2487,0.5186,-0.5261,0.2488,-0.0479,-0.7518,2880.0
Anomalia,0.0072,0.1948,0.4521,-0.5036,0.1949,-0.2392,-0.3022,2880.0
Anomalia,0.017,0.1353,0.3029,-0.2891,0.1364,-0.2097,-0.6978,2880.0
Anomalia,0.0106,0.1108,0.2462,-0.2677,0.1113,-0.1457,-0.4523,2880.0
Anomalia,0.0255,0.1169,0.2933,-0.2103,0.1197,0.2057,-0.5479,2880.0
Anomalia,0.0035,0.1264,0.2933,-0.3446,0.1265,-0.105,-0.0494,2400.0
Anomalia,0.004,0.1424,0.2933,-0.3446,0.1425,-0.0276,-0.618,2640.0
Anomalia,0.0192,0.1503,0.2933,-0.3446,0.1515,-0.1787,-0.9019,2640.0
Anomalia,0.0032,0.1515,0.3415,-0.3476,0.1516,-0.2037,-0.6395,2640.0
Anomalia,0.0251,0.1647,0.4062,-0.348,0.1666,-0.1287,-0.7166,2640.0
Anomalia,0.0172,0.2118,0.5854,-0.4667,0.2125,0.0059,-0.4055,2640.0
Anomalia,0.0004,0.2207,0.5854,-0.4667,0.2207,0.1144,-0.5926,2640.0
Anomalia,0.0202,0.2104,0.5854,-0.4667,0.2113,-0.0811,-0.3296,2640.0
Anomalia,0.0117,0.1863,0.5854,-0.4667,0.1866,-0.0468,0.6922,2400.0
Anomalia,0.0132,0.1379,0.295,-0.3492,0.1386,-0.3289,-0.2235,2400.0
Anomalia,0.0274,0.1942,0.5528,-0.5103,0.1961,-0.1196,0.6505,2640.0
Anomalia,0.0127,0.2244,0.5528,-0.5103,0.2248,-0.0674,-0.3256,2640.0
Anomalia,0.014,0.2482,0.5528,-0.5103,0.2486,-0.0607,-0.9875,2640.0
Anomalia,0.0159,0.2414,0.5528,-0.5103,0.242,-0.0689,-0.8187,2880.0
Anomalia,0.0138,0.1884,0.3563,-0.4721,0.1889,-0.145,-0.8062,2880.0
Anomalia,0.0199,0.2085,0.6352,-0.4694,0.2095,0.2753,-0.1706,2880.0
Anomalia,0.0105,0.2211,0.6352,-0.4694,0.2213,0.2581,-0.1126,2880.0
Anomalia,0.0055,0.236,0.6352,-0.4694,0.236,0.2371,-0.5406,2880.0
Anomalia,0.0125,0.2334,0.6352,-0.4694,0.2337,0.1708,-0.4602,2880.0
Anomalia,0.0031,0.1895,0.5487,-0.4368,0.1895,-0.0179,-0.4171,2880.0
Anomalia,0.016,0.1818,0.3726,-0.3778,0.1825,-0.0453,-0.8312,2880.0
Anomalia,0.0238,0.1578,0.3726,-0.3778,0.1596,-0.0539,-0.3486,2640.0
Anomalia,0.0128,0.1548,0.3726,-0.3778,0.1553,0.0712,-0.242,2640.0
Anomalia,0.0173,0.1684,0.3726,-0.3778,0.1693,0.0743,-0.5367,2640.0
Anomalia,0.0107,0.1582,0.3774,-0.3442,0.1586,0.0585,-0.4695,2640.0
Anomalia,0.007,0.1519,0.3774,-0.3442,0.1521,0.0865,-0.1582,2640.0
Anomalia,0.0203,0.1522,0.3774,-0.3442,0.1536,-0.124,-0.1673,2880.0
Anomalia,0.0162,0.1257,0.3774,-0.3442,0.1268,-0.1923,0.922,2400.0
Anomalia,0.0214,0.1144,0.3206,-0.3261,0.1164,-0.2472,0.5318,2640.0
Anomalia,0.0133,0.1536,0.3206,-0.3916,0.1542,-0.2649,-0.2319,2640.0
Anomalia,-0.0043,0.1617,0.3206,-0.3916,0.1618,-0.0283,-0.6536,2640.0
Anomalia,0.0138,0.165,0.3206,-0.3916,0.1656,-0.24,-0.6994,2640.0
Anomalia,0.0088,0.1501,0.3177,-0.3916,0.1503,-0.2179,-0.4585,2640.0
Anomalia,0.0163,0.1512,0.3484,-0.3526,0.1521,-0.2023,-0.6152,2640.0
Anomalia,0.0337,0.1876,0.4479,-0.4143,0.1906,-0.1518,-0.4961,2640.0
Anomalia,0.0029,0.2203,0.4479,-0.4621,0.2203,-0.0574,-0.9442,2640.0
Anomalia,0.0068,0.2353,0.4479,-0.4621,0.2354,-0.0854,-1.2088,2640.0
Anomalia,0.0067,0.2255,0.4479,-0.4621,0.2256,-0.0954,-1.045,2640.0
Anomalia,0.0024,0.2065,0.3645,-0.4621,0.2065,-0.1584,-1.0549,2640.0
Anomalia,0.0239,0.1799,0.3357,-0.3695,0.1815,-0.0653,-1.065,2640.0
Anomalia,0.0199,0.1702,0.3313,-0.3392,0.1713,-0.0292,-1.0639,2640.0
Anomalia,0.0179,0.1726,0.3313,-0.3388,0.1735,-0.0211,-1.1473,2640.0
Anomalia,0.0103,0.1659,0.3313,-0.3388,0.1662,-0.031,-1.0948,2640.0
Anomalia,0.0027,0.1586,0.3198,-0.3388,0.1586,-0.0722,-1.0226,2640.0
Anomalia,0.0168,0.1403,0.3198,-0.3388,0.1413,-0.2453,-0.5522,2640.0
Anomalia,0.021,0.179,0.5378,-0.5311,0.1803,0.0351,1.3343,2880.0
Anomalia,0.0135,0.1814,0.5378,-0.5311,0.1819,0.0779,1.4485,2880.0
Anomalia,0.0185,0.1815,0.5378,-0.5311,0.1824,0.0566,1.4199,2880.0
Anomalia,0.0049,0.1888,0.5378,-0.5311,0.1889,0.2262,0.916,2880.0
Anomalia,0.0,0.1413,0.3521,-0.3859,0.1413,0.0493,-0.0453,2880.0
Anomalia,0.018,0.1241,0.2877,-0.2862,0.1254,-0.0156,-0.5814,2880.0
Anomalia,0.0142,0.1186,0.2877,-0.2862,0.1194,-0.0772,-0.3912,2880.0
Anomalia,0.0208,0.1026,0.2877,-0.2862,0.1047,-0.1911,0.3719,2880.0
Anomalia,0.0204,0.089,0.2259,-0.1623,0.0913,0.085,-0.5929,2880.0
Anomalia,-0.0028,0.1115,0.2318,-0.3252,0.1116,-0.558,0.2255,2880.0
Anomalia,0.0075,0.1441,0.3332,-0.3252,0.1443,-0.0303,-0.3212,2880.0
Anomalia,0.0107,0.1826,0.3813,-0.3459,0.1829,0.0714,-0.9583,2880.0
Anomalia,0.0188,0.2086,0.3813,-0.3459,0.2094,-0.0033,-1.3129,2640.0
Anomalia,0.0333,0.1924,0.3813,-0.3459,0.1952,-0.0393,-1.0588,2640.0
Anomalia,0.02,0.1687,0.3813,-0.3459,0.1699,0.0945,-0.4179,2640.0
Anomalia,0.0086,0.1391,0.3676,-0.3186,0.1394,0.1944,0.0752,2640.0
Anomalia,0.0027,0.1281,0.3584,-0.3025,0.1281,0.1668,0.011,2880.0
Anomalia,0.0072,0.1316,0.3584,-0.3025,0.1318,0.1092,-0.2332,2640.0
Anomalia,0.0152,0.1304,0.3584,-0.3025,0.1313,-0.0289,-0.1703,2880.0
Anomalia,0.0255,0.1311,0.3584,-0.3025,0.1336,-0.233,-0.1065,2880.0
Anomalia,0.0165,0.1147,0.243,-0.3161,0.1159,-0.547,-0.0969,2880.0
Anomalia,0.01,0.1201,0.243,-0.3161,0.1205,-0.5076,-0.2303,2880.0
Anomalia,0.0004,0.1257,0.243,-0.3161,0.1257,-0.2946,-0.6539,2880.0
Anomalia,0.0071,0.1187,0.233,-0.3161,0.1189,-0.3615,-0.4749,2640.0
Anomalia,0.0168,0.118,0.3108,-0.2685,0.1192,-0.0606,-0.5751,2640.0
Anomalia,0.0192,0.1372,0.373,-0.3373,0.1386,-0.0308,-0.2856,2640.0
Anomalia,0.0229,0.2094,0.522,-0.4779,0.2106,-0.0654,-0.059,2880.0
Anomalia,0.0017,0.2382,0.522,-0.4779,0.2382,0.096,-0.7664,2640.0
Anomalia,0.008,0.2394,0.522,-0.4779,0.2395,0.0516,-0.7992,2640.0
Anomalia,0.0139,0.2269,0.522,-0.4779,0.2274,0.0016,-0.4895,2640.0
Anomalia,0.0152,0.1726,0.4585,-0.4078,0.1733,-0.0539,-0.4876,2640.0
Anomalia,0.0284,0.1975,0.4877,-0.5061,0.1996,-0.0343,0.019,2640.0
Anomalia,0.0146,0.2494,0.4921,-0.5318,0.2498,-0.1085,-0.5707,2880.0
Anomalia,0.0068,0.2759,0.4921,-0.5318,0.276,-0.0326,-1.0784,2880.0
Anomalia,0.0127,0.2745,0.4921,-0.5318,0.2748,-0.0833,-1.0553,2880.0
Anomalia,0.0084,0.2599,0.4921,-0.5318,0.26,-0.0514,-0.9882,2880.0
Anomalia,0.0072,0.2516,0.4923,-0.4644,0.2517,0.0183,-1.034,2880.0
Anomalia,0.0191,0.2219,0.4923,-0.4644,0.2228,-0.0676,-0.452,2640.0
Anomalia,0.0034,0.2219,0.4923,-0.4644,0.2219,0.0719,-0.4431,2880.0
Anomalia,0.0072,0.2075,0.4923,-0.4644,0.2076,-0.0384,-0.3822,2880.0
Anomalia,0.0204,0.146,0.3636,-0.3221,0.1474,-0.0567,-0.3237,2640.0
Anomalia,0.0114,0.1489,0.3636,-0.3221,0.1493,-0.0257,-0.6328,2640.0
Anomalia,0.0223,0.1496,0.3636,-0.3221,0.1513,-0.1037,-0.6486,2640.0
Anomalia,0.0171,0.1206,0.277,-0.2499,0.1218,-0.0187,-1.0327,2640.0
Anomalia,0.0088,0.1471,0.3108,-0.3501,0.1474,-0.0708,-0.8491,2640.0
Anomalia,0.012,0.1834,0.4245,-0.3978,0.1838,-0.0166,-0.7527,2640.0
Anomalia,0.01,0.2381,0.5074,-0.4909,0.2383,-0.0575,-0.8312,2640.0
Anomalia,0.0161,0.2473,0.5074,-0.4909,0.2478,-0.1,-1.0325,2640.0
Anomalia,0.0221,0.2399,0.5074,-0.4909,0.2409,-0.142,-0.8725,2880.0
Anomalia,0.0138,0.2347,0.5074,-0.4909,0.2351,-0.0933,-0.8043,2880.0
Anomalia,0.0062,0.2016,0.4218,-0.3878,0.2017,-0.043,-1.0317,2880.0
Anomalia,0.0042,0.1971,0.4218,-0.3878,0.1971,-0.0651,-0.9277,2640.0
Anomalia,0.0046,0.2006,0.4218,-0.3878,0.2006,-0.0486,-1.0018,2640.0
Anomalia,0.0102,0.1861,0.4218,-0.3822,0.1864,-0.077,-1.056,2880.0
Anomalia,0.0269,0.177,0.3747,-0.3265,0.1791,-0.0685,-1.1351,2640.0
Anomalia,0.0216,0.2168,0.523,-0.4122,0.2179,0.004,-1.0192,2640.0
Anomalia,0.0077,0.2558,0.523,-0.508,0.2559,-0.0065,-1.0308,2640.0
Anomalia,-0.0007,0.2644,0.523,-0.508,0.2644,0.0294,-1.1357,2640.0
Anomalia,0.0023,0.2615,0.523,-0.508,0.2615,0.0032,-1.0838,2640.0
Anomalia,0.0092,0.2391,0.5205,-0.508,0.2393,-0.1018,-0.9084,2880.0
Anomalia,0.0257,0.198,0.3774,-0.3968,0.1997,-0.1453,-1.0869,2880.0
Anomalia,0.0283,0.1881,0.3626,-0.3836,0.1902,-0.1658,-0.9947,2640.0
Anomalia,0.0109,0.1869,0.3515,-0.3836,0.1872,-0.1071,-1.0637,2640.0
Anomalia,0.0051,0.1701,0.3179,-0.3836,0.1702,-0.1564,-0.9031,2640.0
Anomalia,0.0071,0.1561,0.3179,-0.3836,0.1563,-0.2848,-0.7024,2880.0
Anomalia,0.0103,0.1707,0.3895,-0.3553,0.171,-0.097,-0.7809,2880.0
Anomalia,0.0211,0.1961,0.4323,-0.398,0.1972,-0.0593,-0.6648,2880.0
Anomalia,0.0194,0.2211,0.4323,-0.398,0.2219,-0.0731,-1.0769,2880.0
Anomalia,0.004,0.2503,0.4323,-0.4393,0.2503,0.0048,-1.3922,2880.0
Anomalia,0.011,0.2408,0.4323,-0.4393,0.241,-0.023,-1.2309,2880.0
Anomalia,0.0037,0.2151,0.4281,-0.4393,0.2151,-0.0197,-1.0282,2880.0
Anomalia,0.0146,0.2328,0.4902,-0.4393,0.2332,0.0282,-0.9591,2880.0
Anomalia,0.0271,0.2021,0.4902,-0.416,0.2039,0.1336,-0.4515,2880.0
Anomalia,0.0152,0.206,0.4902,-0.416,0.2066,0.0811,-0.5679,2880.0
Anomalia,0.0237,0.2577,0.5816,-0.475,0.2588,0.0124,-0.7925,2880.0
Anomalia,0.0103,0.2657,0.5816,-0.5645,0.2659,-0.0709,-0.676,2640.0
Anomalia,0.0067,0.266,0.5816,-0.5645,0.266,-0.0744,-0.6839,2640.0
Anomalia,0.0202,0.2572,0.5816,-0.5645,0.258,-0.1631,-0.4405,2640.0
Anomalia,0.0187,0.2197,0.5178,-0.5645,0.2205,-0.2829,-0.2588,2880.0
Anomalia,0.0243,0.1585,0.3766,-0.3254,0.1603,-0.1367,-0.4813,2880.0
Anomalia,0.0194,0.1497,0.3766,-0.3254,0.1509,0.0324,-0.3725,2640.0
Anomalia,0.0027,0.1458,0.3766,-0.3254,0.1458,0.15,-0.3689,2640.0
Anomalia,0.0001,0.1695,0.4717,-0.373,0.1695,0.3397,0.4434,2880.0
Anomalia,0.0006,0.1876,0.4717,-0.373,0.1876,0.3135,-0.2552,2640.0
Anomalia,0.0177,0.1899,0.4717,-0.373,0.1907,0.106,-0.4007,2640.0
Anomalia,0.0316,0.1889,0.4717,-0.373,0.1916,-0.026,-0.3657,2640.0
Anomalia,0.0152,0.1466,0.3244,-0.3503,0.1473,-0.109,-0.2357,2640.0
Anomalia,0.0179,0.1268,0.3403,-0.3503,0.128,-0.0401,0.4493,2880.0
Anomalia,0.0025,0.148,0.3526,-0.3503,0.148,0.113,-0.213,2880.0
Anomalia,-0.0004,0.1566,0.3526,-0.3503,0.1566,-0.0093,-0.4744,2880.0
Anomalia,0.0241,0.1443,0.3526,-0.3129,0.1462,-0.1623,-0.2671,2640.0
Anomalia,0.016,0.1326,0.3526,-0.3129,0.1336,-0.1938,0.0595,2640.0
Anomalia,0.0177,0.106,0.2635,-0.3129,0.1075,-0.3797,0.5111,2880.0
Anomalia,0.0192,0.073,0.1926,-0.1554,0.0755,-0.2046,-0.6331,2640.0
Anomalia,0.0076,0.0786,0.1577,-0.1667,0.0789,-0.3011,-0.7991,2640.0
Anomalia,0.0177,0.0828,0.1817,-0.1667,0.0846,-0.2596,-0.8077,2640.0
Anomalia,0.0216,0.0907,0.2499,-0.2105,0.0932,-0.2367,-0.4494,2400.0
Anomalia,0.0096,0.1352,0.3267,-0.3599,0.1356,-0.3414,-0.1405,2880.0
Anomalia,0.0173,0.1468,0.3267,-0.3599,0.1478,-0.3057,-0.4243,2880.0
Anomalia,0.0069,0.1639,0.3267,-0.3599,0.1641,-0.1239,-0.8979,2880.0
Anomalia,0.0104,0.1638,0.3267,-0.3599,0.1642,-0.1261,-0.8787,2880.0
Anomalia,0.0209,0.147,0.3231,-0.282,0.1485,0.0054,-0.9787,2880.0
Anomalia,0.008,0.1747,0.4124,-0.3924,0.1749,-0.0583,-0.763,2880.0
Anomalia,0.0189,0.1842,0.4124,-0.3924,0.1852,-0.1525,-0.763,2880.0
Anomalia,0.018,0.1931,0.4124,-0.3924,0.1939,-0.1371,-1.0079,2880.0
Anomalia,0.0078,0.1909,0.4124,-0.3924,0.1911,-0.0823,-0.9861,2640.0
Anomalia,0.0224,0.1635,0.3434,-0.3864,0.165,-0.0678,-0.9204,2640.0
Anomalia,0.0181,0.1617,0.3096,-0.358,0.1627,-0.1449,-1.0382,2400.0
Anomalia,0.0127,0.1522,0.3096,-0.358,0.1527,-0.1063,-0.8897,2640.0
Anomalia,0.0278,0.1688,0.417,-0.358,0.1711,-0.0158,-0.7643,2400.0
Anomalia,0.011,0.1831,0.417,-0.358,0.1834,-0.0497,-0.9599,2880.0
Anomalia,0.0042,0.1649,0.417,-0.3321,0.165,0.0501,-0.6487,2880.0
Anomalia,0.0109,0.1828,0.4339,-0.3321,0.1832,0.1384,-0.6975,2640.0
Anomalia,0.0038,0.1615,0.4339,-0.3321,0.1615,0.1047,-0.2993,2640.0
Anomalia,0.0224,0.1761,0.4471,-0.3797,0.1776,0.2476,-0.2784,2880.0
Anomalia,0.0201,0.1928,0.4471,-0.3797,0.1939,0.1997,-0.6361,2880.0
Anomalia,0.0132,0.1806,0.4471,-0.3797,0.1811,0.1483,-0.5423,2880.0
Anomalia,0.0089,0.1878,0.4471,-0.3797,0.188,0.1366,-0.7806,2880.0
Anomalia,0.0018,0.1539,0.407,-0.3519,0.1539,0.0135,-0.664,2880.0
Anomalia,0.0171,0.1262,0.2952,-0.2779,0.1273,-0.1541,-0.6739,2880.0
Anomalia,0.0236,0.1177,0.2952,-0.2779,0.1201,-0.0449,-0.5386,2880.0
Anomalia,0.0172,0.1066,0.261,-0.2159,0.1079,0.0649,-0.7227,2880.0
Anomalia,0.0141,0.1418,0.3534,-0.3463,0.1425,-0.1034,-0.1504,2880.0
Anomalia,0.0042,0.1882,0.3772,-0.4151,0.1882,-0.0352,-0.6795,2880.0
Anomalia,0.0024,0.1937,0.3772,-0.4151,0.1937,-0.0007,-0.8663,2880.0
Anomalia,0.0219,0.196,0.3772,-0.4151,0.1973,-0.1728,-0.8817,2880.0
Anomalia,0.0223,0.1861,0.3772,-0.4151,0.1875,-0.2278,-0.685,2880.0
Anomalia,0.0206,0.1421,0.301,-0.367,0.1435,-0.0947,-0.5671,2880.0
Anomalia,0.0128,0.1384,0.301,-0.367,0.139,-0.0615,-0.5147,2640.0
Anomalia,0.0023,0.1767,0.4731,-0.367,0.1768,0.059,-0.4346,2640.0
Anomalia,0.0122,0.1701,0.4731,-0.344,0.1706,-0.0161,-0.368,2640.0
Anomalia,0.0153,0.1872,0.4731,-0.344,0.1879,-0.0684,-0.8712,2880.0
Anomalia,0.0204,0.2088,0.4731,-0.3803,0.2098,-0.0948,-1.0832,2880.0
Anomalia,0.0227,0.1972,0.3999,-0.3803,0.1985,-0.1199,-1.1358,2880.0
Anomalia,0.01,0.1956,0.3999,-0.3803,0.1959,0.0268,-1.1348,2880.0
Anomalia,0.0086,0.1906,0.3999,-0.3803,0.1908,0.038,-1.0292,2880.0
Anomalia,0.0132,0.1616,0.3834,-0.3632,0.1622,-0.0872,-0.7485,2880.0
Anomalia,0.0138,0.1639,0.3672,-0.3676,0.1645,-0.1388,-0.7531,2880.0
Anomalia,0.0219,0.1537,0.3672,-0.3676,0.1553,-0.1962,-0.3515,2880.0
Anomalia,0.0241,0.1331,0.3672,-0.3676,0.1353,-0.1854,0.6338,2640.0
Anomalia,0.0118,0.1262,0.3672,-0.3676,0.1268,0.0335,1.2072,2640.0
Anomalia,0.0099,0.0758,0.214,-0.1433,0.0764,0.3502,-0.1921,3120.0
Anomalia,0.0031,0.0991,0.2197,-0.286,0.0992,-0.2233,0.3179,2880.0
Anomalia,0.0117,0.1151,0.2798,-0.286,0.1157,0.004,-0.227,2640.0
Anomalia,0.0226,0.1379,0.3684,-0.286,0.1398,0.0582,-0.6446,2640.0
Anomalia,0.0182,0.1598,0.3684,-0.3394,0.1608,-0.0781,-0.8578,2640.0
Anomalia,0.0167,0.175,0.3684,-0.3455,0.1758,-0.0815,-0.9691,2640.0
Anomalia,0.0062,0.1759,0.3684,-0.3455,0.176,0.0069,-0.9982,2880.0
Anomalia,-0.003,0.173,0.309,-0.3455,0.173,-0.0158,-1.0573,2880.0
Anomalia,0.0106,0.1672,0.315,-0.3455,0.1675,-0.0454,-1.0434,2880.0
Anomalia,0.0279,0.1651,0.4066,-0.2914,0.1674,0.0888,-0.9686,2880.0
Anomalia,0.022,0.1715,0.4066,-0.3119,0.1729,-0.0379,-0.9271,2640.0
Anomalia,0.0237,0.1769,0.4066,-0.3119,0.1785,-0.0689,-1.0506,2640.0
Anomalia,0.0087,0.1815,0.4066,-0.3419,0.1817,-0.0356,-1.0729,2640.0
Anomalia,0.001,0.1584,0.2829,-0.3419,0.1584,-0.1962,-0.8964,2400.0
Anomalia,0.0102,0.1602,0.2829,-0.3419,0.1605,-0.0917,-1.0425,2400.0
Anomalia,0.0183,0.165,0.3521,-0.3419,0.1661,-0.1118,-0.8743,2640.0
Anomalia,0.0219,0.1441,0.3521,-0.333,0.1458,0.0281,-0.4783,2640.0
Anomalia,0.0165,0.1721,0.3847,-0.3611,0.1729,-0.0358,-0.7694,2880.0
Anomalia,0.0193,0.1918,0.4354,-0.4489,0.1928,-0.1198,-0.5805,2880.0
Anomalia,0.0082,0.1877,0.4354,-0.4489,0.1879,-0.0544,-0.6001,2880.0
Anomalia,0.0141,0.1928,0.4354,-0.4489,0.1933,-0.1203,-0.775,2880.0
Anomalia,0.0136,0.1729,0.4354,-0.4489,0.1734,-0.098,-0.4709,2880.0
Anomalia,0.0048,0.1738,0.3674,-0.3905,0.1739,-0.0652,-0.8147,2640.0
Anomalia,0.0119,0.1545,0.3674,-0.3905,0.155,-0.1468,-0.0937,2640.0
Anomalia,0.0099,0.1522,0.3674,-0.3905,0.1526,-0.1396,0.0099,3360.0
Anomalia,0.0142,0.1493,0.3674,-0.3905,0.15,-0.2292,0.1587,2880.0
Anomalia,0.0188,0.126,0.3286,-0.2658,0.1274,-0.0028,-0.4588,2640.0
Anomalia,0.025,0.1788,0.4287,-0.3805,0.1805,0.0996,-0.5427,2880.0
Anomalia,0.0208,0.2172,0.4287,-0.4172,0.2182,-0.0202,-0.9856,2880.0
Anomalia,0.0186,0.2341,0.4287,-0.4172,0.2348,-0.0098,-1.2701,2880.0
Anomalia,0.0127,0.2356,0.4287,-0.4172,0.236,0.0128,-1.2874,2880.0
Anomalia,0.0031,0.2015,0.4078,-0.4172,0.2015,-0.0161,-0.9572,2640.0
Anomalia,0.0154,0.197,0.5109,-0.3538,0.1976,0.1664,-0.7474,2640.0
Anomalia,0.0035,0.2266,0.5526,-0.503,0.2266,0.0503,-0.5362,2640.0
Anomalia,0.0105,0.2945,0.7535,-0.7375,0.2946,0.0739,-0.239,2640.0
Anomalia,0.0154,0.3049,0.7535,-0.7375,0.3053,0.0491,-0.5335,2640.0
Anomalia,-0.0,0.2923,0.7535,-0.7375,0.2923,0.1036,-0.2645,2880.0
Anomalia,0.0098,0.3056,0.7535,-0.7375,0.3057,0.0216,-0.3987,2880.0
Anomalia,0.0158,0.2486,0.5088,-0.6421,0.2491,-0.041,-0.6002,2880.0
Anomalia,0.0148,0.2445,0.5088,-0.6421,0.2449,-0.0885,-0.5156,2880.0
Anomalia,0.0281,0.2634,0.5868,-0.6421,0.2649,-0.0639,-0.6674,2880.0
Anomalia,0.0244,0.2278,0.5868,-0.489,0.2291,0.0274,-0.723,2880.0
Anomalia,0.0085,0.2285,0.5868,-0.489,0.2286,0.0026,-0.6599,2640.0
Anomalia,0.0104,0.2216,0.5868,-0.489,0.2218,0.0025,-0.4369,2640.0
Anomalia,0.0107,0.1871,0.431,-0.489,0.1874,-0.2744,-0.2321,2640.0
Anomalia,0.0201,0.1688,0.431,-0.4058,0.17,0.0323,-0.082,2640.0
Anomalia,0.0158,0.1828,0.3934,-0.4168,0.1835,-0.0801,-0.3872,2640.0
Anomalia,0.014,0.19,0.3934,-0.4168,0.1905,-0.1018,-0.5988,2640.0
Anomalia,0.0047,0.2122,0.5756,-0.4181,0.2123,0.0533,-0.7438,2640.0
Anomalia,-0.0038,0.2578,0.6042,-0.6162,0.2578,0.054,-0.6052,2640.0
Anomalia,0.0227,0.236,0.6042,-0.6162,0.237,-0.0798,-0.0996,2640.0
Anomalia,0.0177,0.2515,0.6042,-0.6162,0.2521,-0.0132,-0.4413,2640.0
Anomalia,0.0135,0.2696,0.6042,-0.6162,0.2699,-0.057,-0.7502,2640.0
Anomalia,0.017,0.2277,0.5013,-0.4456,0.2283,-0.0458,-0.8589,2640.0
Anomalia,0.0036,0.2293,0.5013,-0.4456,0.2293,0.0354,-0.9003,2880.0
Anomalia,0.0086,0.2043,0.5013,-0.4456,0.2045,-0.0686,-0.5612,2880.0
Anomalia,0.0171,0.1508,0.3586,-0.3202,0.1517,0.0012,-0.9078,2880.0
Anomalia,0.0225,0.1314,0.2785,-0.3202,0.1333,-0.1795,-0.6777,2640.0
Anomalia,0.0186,0.1203,0.261,-0.2186,0.1217,-0.0465,-1.0539,2400.0
Anomalia,0.0132,0.162,0.4014,-0.4055,0.1625,-0.06,-0.2546,2400.0
Anomalia,0.0072,0.1665,0.4014,-0.4055,0.1667,-0.0214,-0.2115,2640.0
Anomalia,0.003,0.1878,0.44,-0.5603,0.1878,-0.1355,0.1983,2640.0
Anomalia,0.0212,0.3772,1.1741,-1.0241,0.3778,0.1154,1.1219,2880.0
Anomalia,0.0301,0.5201,1.1741,-1.1499,0.521,0.0285,-0.1522,3120.0
Anomalia,0.0354,0.6103,1.1741,-1.1499,0.6114,-0.0362,-0.9469,3120.0
Anomalia,0.039,0.7816,1.6852,-1.6643,0.7826,-0.0189,-1.1012,2880.0
Anomalia,0.0125,0.8694,1.6852,-1.6952,0.8695,-0.0267,-1.1514,2880.0
Anomalia,-0.0054,0.8766,1.6852,-1.6952,0.8766,0.0018,-1.1658,2880.0
Anomalia,-0.012,0.9062,1.6852,-1.6952,0.9063,0.0278,-1.2642,2880.0
Anomalia,-0.0148,0.872,1.5483,-1.6952,0.8721,0.0255,-1.3428,2880.0
Anomalia,-0.0013,0.7782,1.4071,-1.2786,0.7782,0.0607,-1.3612,2640.0
Anomalia,0.0123,0.7272,1.4071,-1.2784,0.7273,0.054,-1.2703,2880.0
Anomalia,0.0162,0.6533,1.4071,-1.2517,0.6535,0.0461,-1.1241,2880.0
Anomalia,0.0127,0.538,1.0531,-1.0235,0.5382,0.0053,-1.2614,2880.0
Anomalia,0.0196,0.4599,0.8653,-0.862,0.4603,-0.0483,-1.1349,2880.0
Anomalia,0.0273,0.4109,0.7902,-0.7992,0.4119,-0.0892,-1.0917,2880.0
Anomalia,0.0131,0.365,0.7902,-0.7992,0.3653,-0.042,-0.8352,2880.0
Anomalia,0.0205,0.4485,1.1269,-1.0383,0.449,-0.0316,-0.3054,2880.0
Anomalia,0.0159,0.4947,1.1269,-1.0383,0.495,-0.0192,-0.7495,2880.0
Anomalia,0.011,0.5117,1.1269,-1.0383,0.5118,0.0001,-0.9122,2640.0
Anomalia,0.0223,0.5193,1.1269,-1.0383,0.5198,-0.0165,-1.0125,2640.0
Anomalia,0.02,0.3931,0.8489,-0.8315,0.3936,-0.0023,-0.6893,2640.0
Anomalia,0.0219,0.3253,0.7915,-0.6609,0.326,0.0049,-0.5384,2640.0
Anomalia,0.0019,0.2951,0.6379,-0.7329,0.2951,-0.0761,-0.5746,2640.0
Anomalia,0.0022,0.2956,0.5952,-0.7329,0.2957,-0.14,-0.6808,2640.0
Anomalia,0.0102,0.297,0.5952,-0.7329,0.2971,-0.1895,-0.6829,2640.0
Anomalia,0.0002,0.2859,0.5952,-0.7329,0.2859,-0.1334,-0.5182,2880.0
Anomalia,0.024,0.2402,0.5952,-0.6079,0.2414,-0.1685,-0.3063,2880.0
Anomalia,0.0264,0.1801,0.3795,-0.4001,0.182,-0.0896,-0.7155,2640.0
Anomalia,0.0085,0.2512,0.7575,-1.0082,0.2513,-0.3873,2.0157,2880.0
Anomalia,0.0348,0.4582,1.2252,-1.1159,0.4595,0.0598,0.967,2880.0
Anomalia,0.0138,0.5488,1.2252,-1.1159,0.549,0.03,-0.2693,2640.0
Anomalia,0.0153,0.5528,1.2252,-1.1159,0.553,0.0216,-0.3412,2640.0
Anomalia,0.0314,0.5612,1.2252,-1.1159,0.5621,0.0064,-0.5553,2880.0
Anomalia,0.0017,0.4259,1.081,-1.085,0.4259,-0.0321,-0.2138,2880.0
Anomalia,0.0178,0.2862,0.712,-0.5923,0.2868,0.1626,-0.1546,2880.0
Anomalia,0.0099,0.2751,0.712,-0.5923,0.2753,0.2597,0.2329,2880.0
Anomalia,-0.0043,0.2283,0.6344,-0.5964,0.2283,-0.067,0.3249,2400.0
Anomalia,0.0262,0.3747,1.2269,-1.026,0.3756,0.3274,1.6567,2640.0
Anomalia,0.0221,0.4903,1.2269,-1.026,0.4908,0.1237,-0.2734,2640.0
Anomalia,0.0152,0.5407,1.2269,-1.026,0.5409,0.0703,-0.9163,2640.0
Anomalia,0.0304,0.541,1.2269,-1.026,0.5418,0.0174,-0.9318,2880.0
Anomalia,-0.0069,0.4466,0.987,-1.0112,0.4467,0.0194,-0.7116,2880.0
Anomalia,-0.0079,0.3509,0.6874,-0.7919,0.3509,-0.0518,-1.0279,2880.0
Anomalia,0.0188,0.2968,0.5195,-0.5591,0.2974,-0.026,-1.2819,2640.0
Anomalia,0.0034,0.2651,0.5195,-0.5591,0.2651,-0.0042,-0.9133,2640.0
Anomalia,0.0254,0.252,0.5195,-0.5591,0.2533,0.003,-0.6733,2880.0
Anomalia,0.0297,0.2891,0.7126,-0.614,0.2906,-0.0036,-0.4233,2880.0
Anomalia,-0.0018,0.2967,0.7126,-0.614,0.2967,0.0321,-0.4017,2640.0
Anomalia,0.0221,0.305,0.7126,-0.614,0.3058,-0.133,-0.5991,2640.0
Anomalia,0.007,0.3181,0.7126,-0.614,0.3181,-0.0619,-0.8653,2400.0
Anomalia,0.0008,0.3412,0.8309,-0.7819,0.3412,0.008,-0.5439,2640.0
Anomalia,0.0244,0.4079,0.8309,-0.8288,0.4087,-0.0707,-0.76,2640.0
Anomalia,0.0135,0.4859,0.8391,-0.9406,0.4861,-0.0036,-1.1797,2640.0
Anomalia,0.0151,0.4991,0.8391,-0.9406,0.4993,-0.0615,-1.2554,2640.0
Anomalia,0.0203,0.4392,0.8391,-0.9406,0.4397,-0.1247,-0.741,2640.0
Anomalia,0.0156,0.3582,0.8391,-0.9406,0.3586,-0.1615,0.0926,2640.0
Anomalia,0.0331,0.5016,1.6218,-1.686,0.5027,0.1361,2.7942,2880.0
Anomalia,0.0285,0.6001,1.6218,-1.686,0.6008,-0.0174,0.8412,2880.0
Anomalia,0.0356,0.7817,1.665,-1.686,0.7825,0.0024,-0.5303,2880.0
Anomalia,0.0228,0.9836,1.7682,-1.7109,0.9839,-0.0062,-1.1598,2880.0
Anomalia,-0.0136,0.9821,1.7682,-1.7109,0.9821,0.036,-1.2548,2880.0
Anomalia,0.0079,0.9599,1.7682,-1.7109,0.9599,0.0113,-1.18,2880.0
Anomalia,-0.0014,0.8819,1.7682,-1.7109,0.8819,0.001,-1.0139,2880.0
Anomalia,0.002,0.7039,1.4194,-1.4732,0.7039,0.0007,-1.1415,2880.0
Anomalia,0.0261,0.5497,1.0967,-1.0961,0.5503,-0.007,-0.8365,2880.0
Anomalia,0.0034,0.4654,1.0967,-1.0961,0.4655,0.0333,-0.0463,2880.0
Anomalia,0.0064,0.3658,1.0967,-1.0391,0.3658,-0.0157,0.3932,2880.0
Anomalia,0.0254,0.2482,0.532,-0.5169,0.2495,-0.0469,-0.6943,2640.0
Anomalia,0.0102,0.2386,0.532,-0.5169,0.2388,0.0865,-0.3845,2640.0
Anomalia,0.0293,0.2347,0.532,-0.5169,0.2365,0.0386,-0.4202,2400.0
Anomalia,0.0239,0.3094,0.8199,-0.8993,0.3103,-0.0736,0.9521,2640.0
Anomalia,-0.0012,0.3761,0.8199,-0.8993,0.3761,-0.1276,-0.0961,2640.0
Anomalia,0.0057,0.3873,0.8199,-0.8993,0.3873,-0.1514,-0.3731,2640.0
Anomalia,0.0061,0.3763,0.8199,-0.8993,0.3764,-0.1863,-0.105,2640.0
Anomalia,0.012,0.275,0.7443,-0.866,0.2753,-0.4987,1.3476,2880.0
Anomalia,0.0341,0.1697,0.4083,-0.3269,0.173,0.0492,-0.6597,2880.0
Anomalia,0.0264,0.1901,0.3947,-0.3768,0.1919,-0.0906,-0.6902,2640.0
Anomalia,0.0053,0.2175,0.3947,-0.4456,0.2175,-0.1408,-0.9542,2640.0
Anomalia,0.0135,0.2319,0.4195,-0.4456,0.2323,-0.0985,-1.1336,2640.0
Anomalia,0.0036,0.2213,0.4195,-0.4456,0.2213,-0.062,-1.016,2400.0
Anomalia,0.0149,0.194,0.4195,-0.4456,0.1946,-0.1619,-0.6199,2400.0
Anomalia,0.0373,0.1861,0.4195,-0.33,0.1898,0.0629,-1.0155,2640.0
Anomalia,0.0239,0.2374,0.6008,-0.5259,0.2386,-0.1028,-0.4485,2640.0
Anomalia,0.0185,0.2526,0.6008,-0.5259,0.2532,-0.13,-0.6047,2640.0
Anomalia,0.0101,0.2522,0.6008,-0.5259,0.2524,-0.0241,-0.546,2640.0
Anomalia,0.0121,0.3443,0.829,-0.7796,0.3445,0.1413,-0.2978,2880.0
Anomalia,0.035,0.4848,1.3635,-1.1253,0.4861,0.2797,0.2443,2880.0
Anomalia,0.0249,0.7129,1.544,-1.5871,0.7133,-0.0059,-0.3931,2880.0
Anomalia,0.0276,0.8055,1.544,-1.5871,0.806,-0.0255,-1.0846,2880.0
Anomalia,0.0057,0.8395,1.544,-1.5871,0.8395,0.0186,-1.245,2880.0
Anomalia,-0.0206,0.8233,1.544,-1.5871,0.8236,0.0423,-1.225,2880.0
Anomalia,-0.0029,0.7628,1.3829,-1.2463,0.7628,0.0422,-1.4019,2880.0
Anomalia,0.0099,0.7456,1.3829,-1.2463,0.7456,0.0377,-1.3796,2640.0
Anomalia,0.0127,0.6689,1.3829,-1.2463,0.669,0.0682,-0.958,2640.0
Anomalia,0.0291,0.6105,1.3829,-1.2463,0.6112,0.0233,-0.6467,2880.0
Anomalia,0.0275,0.4675,1.1027,-1.0677,0.4683,0.0855,-0.5109,2880.0
Anomalia,0.0149,0.3317,0.7758,-0.6523,0.332,-0.0392,-0.7334,2880.0
Anomalia,0.0287,0.3478,0.7758,-0.6523,0.349,-0.0528,-0.9506,2880.0
Anomalia,-0.0101,0.4446,1.4465,-1.6186,0.4447,-0.3561,2.4907,2880.0
Anomalia,0.0363,0.9141,2.5157,-2.4341,0.9149,0.1284,1.3932,2880.0
Anomalia,0.037,1.1867,2.5157,-2.4416,1.1873,0.0092,-0.3425,2640.0
Anomalia,0.0045,1.214,2.5157,-2.4416,1.214,0.0671,-0.533,2640.0
Anomalia,0.0514,1.1746,2.5157,-2.4416,1.1757,-0.0166,-0.2926,2640.0
Anomalia,-0.0113,0.8555,2.4777,-2.4416,0.8555,-0.0319,1.2799,2400.0
Anomalia,0.0059,0.3978,1.0562,-1.2811,0.3979,-0.4422,0.9194,2400.0
Anomalia,0.0324,0.3809,0.9742,-0.8397,0.3823,-0.0963,-0.3883,2880.0
Anomalia,0.0033,0.3827,0.9742,-0.8397,0.3828,-0.0148,-0.5327,2640.0
Anomalia,0.0209,0.3594,0.9742,-0.8397,0.36,-0.042,-0.1094,2640.0
Anomalia,0.0014,0.3538,0.9742,-0.8397,0.3538,0.074,0.0291,2640.0
Anomalia,0.0023,0.2342,0.5829,-0.6659,0.2343,-0.0698,0.1056,2880.0
Anomalia,0.021,0.1611,0.3367,-0.3592,0.1625,0.0641,-0.9325,2880.0
Anomalia,0.0161,0.1504,0.314,-0.2362,0.1512,0.1453,-1.1203,2640.0
Anomalia,0.0148,0.2089,0.5856,-0.5405,0.2094,0.1036,-0.0124,2400.0
Anomalia,0.0217,0.2414,0.5856,-0.5405,0.2423,0.0184,-0.5217,2400.0
Anomalia,0.0056,0.2664,0.5856,-0.5405,0.2664,0.1229,-0.6795,2640.0
Anomalia,0.0232,0.2663,0.5856,-0.5405,0.2673,-0.0396,-0.6939,2640.0
Anomalia,0.0226,0.2214,0.567,-0.5144,0.2226,-0.0741,-0.1853,2400.0
Anomalia,0.0198,0.18,0.567,-0.5144,0.1811,-0.039,0.7539,2880.0
Anomalia,0.0251,0.1742,0.4101,-0.3832,0.176,-0.08,-0.6384,2640.0
Anomalia,0.0064,0.2325,0.5595,-0.5921,0.2326,-0.0859,-0.4236,2880.0
Anomalia,0.0084,0.2458,0.5595,-0.5921,0.2459,-0.0844,-0.7471,2640.0
Anomalia,0.0121,0.2518,0.5595,-0.5921,0.2521,-0.1138,-0.91,2640.0
Anomalia,0.0177,0.2408,0.5595,-0.5921,0.2414,-0.1347,-0.7559,2640.0
Anomalia,0.0219,0.2123,0.446,-0.3617,0.2134,-0.0001,-1.2632,2640.0
Anomalia,0.0246,0.1963,0.446,-0.3617,0.1978,0.0172,-1.0731,2640.0
Anomalia,0.0083,0.2116,0.446,-0.4544,0.2117,-0.0438,-1.0111,2880.0
Anomalia,0.014,0.1919,0.446,-0.4544,0.1924,-0.2509,-0.5561,2880.0
Anomalia,0.0164,0.16,0.3315,-0.4544,0.1608,-0.4317,-0.1139,2640.0
Anomalia,0.0176,0.1498,0.3315,-0.4544,0.1508,-0.5859,0.4863,2880.0
Anomalia,0.0233,0.1286,0.2956,-0.2929,0.1307,-0.2673,-0.5202,2880.0
Anomalia,0.0145,0.1434,0.2956,-0.2929,0.1441,-0.0969,-0.9002,2880.0
Anomalia,0.021,0.1806,0.4041,-0.3768,0.1818,-0.0871,-0.7501,2640.0
Anomalia,0.0133,0.1957,0.4041,-0.3768,0.1961,0.0348,-1.1052,2640.0
Anomalia,0.0181,0.208,0.4268,-0.3768,0.2088,0.0271,-1.0432,2640.0
Anomalia,0.0216,0.2184,0.4268,-0.3768,0.2195,0.0158,-1.092,2640.0
Anomalia,0.0123,0.2172,0.4268,-0.3699,0.2175,0.0632,-1.0982,2880.0
Anomalia,0.0136,0.2383,0.4268,-0.3834,0.2387,0.0132,-1.2566,2880.0
Anomalia,0.0077,0.223,0.4249,-0.3834,0.2232,0.0901,-1.1508,2880.0
Anomalia,0.0056,0.2208,0.4249,-0.3834,0.2209,0.0746,-1.1689,2880.0
Anomalia,0.0149,0.2148,0.4602,-0.3834,0.2154,0.0922,-1.0787,2880.0
Anomalia,0.0243,0.1911,0.4602,-0.3594,0.1927,0.0443,-0.9859,2640.0
Anomalia,0.0274,0.1773,0.4602,-0.3594,0.1794,-0.0121,-0.5747,2640.0
Anomalia,0.0261,0.1543,0.4602,-0.339,0.1565,0.1272,-0.0434,2640.0
Anomalia,0.0132,0.1238,0.2973,-0.3042,0.1245,0.0521,-0.4254,2640.0
Anomalia,0.0073,0.1123,0.2672,-0.2195,0.1125,0.1581,-0.7394,2880.0
Anomalia,0.0059,0.1155,0.2672,-0.2195,0.1156,0.1466,-0.8609,2880.0
Anomalia,0.0169,0.116,0.2672,-0.2195,0.1173,-0.0415,-0.8738,2880.0
Anomalia,0.0296,0.1287,0.3054,-0.2195,0.1321,-0.0111,-0.8286,2640.0
Anomalia,0.0195,0.1234,0.3054,-0.2149,0.125,0.0427,-0.8549,2640.0
Anomalia,0.0136,0.1306,0.3054,-0.2182,0.1313,0.0827,-0.9751,2640.0
Anomalia,0.0116,0.1323,0.3054,-0.2182,0.1328,0.0353,-0.9932,2400.0
Anomalia,0.005,0.1719,0.4648,-0.4579,0.172,0.0402,0.1965,2880.0
Anomalia,0.0148,0.2072,0.4648,-0.4579,0.2077,0.0269,-0.5469,2640.0
Anomalia,0.0293,0.2256,0.5028,-0.4579,0.2275,-0.0613,-0.7382,2640.0
Anomalia,0.0187,0.2338,0.5028,-0.4579,0.2346,0.0777,-0.9613,2880.0
Anomalia,0.0172,0.2107,0.5028,-0.398,0.2114,0.1186,-0.9259,2880.0
Anomalia,0.0148,0.1744,0.5028,-0.398,0.175,0.1061,-0.4371,2880.0
Anomalia,0.0071,0.1439,0.3127,-0.2889,0.1441,-0.0232,-0.8297,2880.0
Anomalia,0.0135,0.1436,0.2989,-0.305,0.1443,-0.209,-0.7897,2880.0
Anomalia,0.0213,0.1354,0.3784,-0.305,0.137,-0.0285,-0.2647,2880.0
Anomalia,0.023,0.1333,0.3784,-0.305,0.1353,0.0425,-0.1617,2880.0
Anomalia,0.0213,0.1724,0.3784,-0.3734,0.1737,-0.1436,-0.5337,2880.0
Anomalia,0.0189,0.1673,0.3784,-0.3734,0.1684,-0.1097,-0.4133,2880.0
Anomalia,0.0143,0.1565,0.3515,-0.3734,0.1571,-0.1999,-0.2958,2640.0
Anomalia,0.0123,0.1534,0.3515,-0.3734,0.1539,-0.1807,-0.1659,2880.0
Anomalia,0.0222,0.1055,0.2518,-0.2462,0.1078,-0.1071,-0.6165,2880.0
Anomalia,0.023,0.0972,0.2825,-0.1955,0.0999,0.3085,-0.497,2880.0
Anomalia,0.0199,0.092,0.2825,-0.1629,0.0942,0.5572,-0.1903,2640.0
Anomalia,0.0201,0.1256,0.4612,-0.2896,0.1272,0.3976,0.3979,2640.0
Anomalia,0.005,0.1947,0.493,-0.4998,0.1948,0.0575,0.2829,2640.0
Anomalia,0.0095,0.2134,0.493,-0.4998,0.2136,-0.03,-0.3312,2880.0
Anomalia,0.0192,0.2153,0.493,-0.4998,0.2161,-0.1478,-0.3878,2880.0
Anomalia,0.0127,0.211,0.493,-0.4998,0.2114,-0.1548,-0.3423,2880.0
Anomalia,0.0212,0.1541,0.338,-0.3997,0.1555,-0.1088,-0.3191,2880.0
Anomalia,0.0122,0.1256,0.3071,-0.2906,0.1262,0.116,-0.485,2880.0
Anomalia,0.004,0.134,0.3071,-0.2906,0.1341,0.1246,-0.6799,2880.0
Anomalia,0.0257,0.1279,0.282,-0.2581,0.1305,0.1395,-0.9245,2880.0
Anomalia,0.0211,0.1328,0.282,-0.2581,0.1345,0.0226,-1.0409,2640.0
Anomalia,0.0159,0.1811,0.4385,-0.3841,0.1818,0.007,-0.5869,2640.0
Anomalia,0.0223,0.2114,0.4385,-0.4477,0.2126,-0.039,-0.8252,2640.0
Anomalia,0.0036,0.2074,0.4385,-0.4477,0.2074,0.1262,-0.6918,2640.0
Anomalia,0.0138,0.1978,0.4385,-0.4477,0.1983,0.0084,-0.3226,2640.0
Anomalia,0.0252,0.1502,0.4258,-0.4477,0.1523,-0.1846,1.1019,2640.0
Anomalia,0.0236,0.1005,0.3198,-0.2201,0.1032,-0.0964,0.0402,2640.0
Anomalia,0.0194,0.1304,0.3198,-0.3062,0.1319,-0.2381,0.1628,2640.0
Anomalia,0.0092,0.1508,0.3198,-0.3062,0.1511,-0.0456,-0.705,2640.0
Anomalia,0.0082,0.1561,0.3198,-0.3062,0.1563,0.0319,-0.8863,2640.0
Anomalia,0.0069,0.1584,0.3085,-0.3062,0.1585,0.0202,-0.968,2400.0
Anomalia,0.012,0.1379,0.2979,-0.2314,0.1384,0.0633,-0.9896,2640.0
Anomalia,0.0234,0.1261,0.2893,-0.2209,0.1283,0.1143,-0.7759,2640.0
Anomalia,0.0179,0.1198,0.2893,-0.2209,0.1211,0.1745,-0.5237,2880.0
Anomalia,0.0141,0.11,0.2831,-0.2124,0.1109,0.0837,-0.5827,2400.0
Anomalia,0.0197,0.1277,0.3763,-0.2232,0.1292,0.39,-0.207,2640.0
Anomalia,0.0136,0.1474,0.3763,-0.2739,0.148,0.2068,-0.6423,2640.0
Anomalia,0.0167,0.1509,0.3763,-0.2739,0.1518,0.1499,-0.786,2640.0
Anomalia,0.0218,0.1582,0.3763,-0.2739,0.1597,0.1164,-0.9593,2400.0
Anomalia,0.018,0.1638,0.3743,-0.3288,0.1647,-0.0926,-0.8677,2880.0
Anomalia,0.0214,0.2437,0.6699,-0.6058,0.2447,0.0152,0.2528,2640.0
Anomalia,0.0109,0.2897,0.6699,-0.6058,0.2899,0.0324,-0.7159,2640.0
Anomalia,0.0074,0.3058,0.6699,-0.6058,0.3059,0.0436,-0.9759,2640.0
Anomalia,0.0222,0.2971,0.6699,-0.6058,0.2979,-0.0691,-0.7973,2640.0
Anomalia,0.0104,0.2299,0.4973,-0.514,0.2301,-0.0697,-0.5125,2640.0
Anomalia,0.0176,0.1751,0.4204,-0.4671,0.1759,-0.0846,-0.3269,2640.0
Anomalia,0.0183,0.1315,0.3121,-0.2545,0.1328,0.0096,-0.6541,2640.0
Anomalia,-0.0024,0.1264,0.3121,-0.2545,0.1265,0.0584,-0.6388,2880.0
Anomalia,0.0138,0.1176,0.2172,-0.2514,0.1184,-0.0987,-0.8465,2880.0
Anomalia,0.0271,0.1213,0.2531,-0.2384,0.1243,-0.0406,-0.9299,2640.0
Anomalia,0.0173,0.1395,0.2531,-0.2871,0.1406,-0.1585,-0.9907,2640.0
Anomalia,0.0259,0.1864,0.5353,-0.3997,0.1882,-0.0103,-0.3475,2640.0
Anomalia,0.0121,0.2077,0.5353,-0.3997,0.208,0.0415,-0.8407,2640.0
Anomalia,-0.006,0.2041,0.5353,-0.3997,0.2042,0.2026,-0.6928,2640.0
Anomalia,0.0163,0.212,0.5353,-0.3997,0.2126,0.0815,-0.9231,2880.0
Anomalia,0.0235,0.1679,0.3263,-0.3146,0.1695,-0.1321,-0.909,2880.0
Anomalia,0.0268,0.1359,0.3263,-0.2725,0.1385,0.0454,-0.6841,2640.0
Anomalia,0.0284,0.1414,0.3263,-0.2689,0.1442,0.0916,-0.7438,2640.0
Anomalia,0.0075,0.1082,0.3094,-0.2689,0.1084,0.1483,-0.1098,2640.0
Anomalia,0.0071,0.1155,0.3094,-0.2689,0.1157,0.3204,-0.1868,2880.0
Anomalia,0.0061,0.1337,0.3094,-0.2752,0.1338,0.2331,-0.5438,2880.0
Anomalia,0.0184,0.1237,0.2645,-0.2752,0.125,0.0605,-0.494,2640.0
Anomalia,0.0279,0.158,0.3651,-0.295,0.1604,-0.0824,-0.8973,2880.0
Anomalia,0.0171,0.1733,0.3651,-0.3096,0.1741,-0.0039,-1.0557,2880.0
Anomalia,0.0181,0.1564,0.3651,-0.3096,0.1574,0.0213,-0.5865,2880.0
Anomalia,0.0088,0.155,0.3651,-0.3096,0.1553,0.159,-0.5452,2880.0
Anomalia,0.0059,0.1326,0.3503,-0.3096,0.1327,0.1297,-0.4182,2880.0
Anomalia,0.017,0.1295,0.3659,-0.2868,0.1306,0.1887,-0.2522,2880.0
Anomalia,0.0226,0.1914,0.4681,-0.4398,0.1927,0.0063,-0.3628,2880.0
Anomalia,0.025,0.2234,0.4681,-0.4398,0.2247,-0.0661,-0.9459,2880.0
Anomalia,0.0331,0.2391,0.4681,-0.4398,0.2414,-0.1265,-1.1716,2640.0
Anomalia,0.0119,0.2326,0.4681,-0.4398,0.2329,0.0368,-1.0767,2640.0
Anomalia,0.0135,0.224,0.427,-0.4085,0.2244,0.042,-1.1121,2880.0
Anomalia,0.0138,0.2387,0.5332,-0.4258,0.2391,0.159,-0.9509,2880.0
Anomalia,0.0052,0.2316,0.5332,-0.4258,0.2316,0.2385,-0.7836,2640.0
Anomalia,0.021,0.2489,0.5332,-0.4702,0.2498,0.0479,-0.982,2640.0
Anomalia,0.0108,0.2694,0.5499,-0.4844,0.2696,0.0551,-0.9715,2880.0
Anomalia,0.0102,0.2733,0.5499,-0.4844,0.2735,-0.0239,-1.0061,2880.0
Anomalia,0.0164,0.2671,0.5499,-0.4844,0.2676,-0.0921,-0.8905,2880.0
Anomalia,0.0085,0.2514,0.5499,-0.4844,0.2515,-0.0206,-0.6787,2880.0
Anomalia,0.0192,0.1995,0.4902,-0.4759,0.2004,-0.1064,-0.0549,2880.0
Anomalia,0.0223,0.1352,0.2795,-0.3177,0.137,-0.1556,-0.6291,2880.0
Anomalia,0.0111,0.161,0.3377,-0.3761,0.1614,-0.2709,-0.5642,2880.0
Anomalia,0.0212,0.1615,0.3377,-0.3761,0.1629,-0.332,-0.5728,2880.0
Anomalia,0.0082,0.1566,0.3377,-0.3761,0.1568,-0.232,-0.4805,2640.0
Anomalia,0.0138,0.1672,0.3377,-0.3761,0.1678,-0.1539,-0.7114,2640.0
Anomalia,0.0255,0.1365,0.3231,-0.2524,0.1389,0.123,-0.588,2640.0
Anomalia,0.0128,0.1205,0.3231,-0.2432,0.1212,0.4644,0.0226,2640.0
Anomalia,0.0221,0.1155,0.3231,-0.2432,0.1176,0.4737,-0.0212,3360.0
Anomalia,0.0164,0.0858,0.3035,-0.1581,0.0874,0.5325,0.5245,2880.0
Anomalia,0.0076,0.0848,0.183,-0.1813,0.0851,-0.1355,-0.7804,2880.0
Anomalia,0.0272,0.0967,0.2457,-0.1813,0.1004,-0.1352,-0.7683,2880.0
Anomalia,0.0151,0.1063,0.2457,-0.2862,0.1074,-0.2556,-0.3265,2640.0
Anomalia,0.0083,0.1372,0.2879,-0.3081,0.1375,-0.1512,-0.7397,2640.0
Anomalia,0.01,0.1835,0.4569,-0.4957,0.1838,-0.1871,-0.2021,2640.0
Anomalia,0.0086,0.2044,0.4738,-0.4957,0.2046,0.0268,-0.5428,2880.0
Anomalia,0.0184,0.2117,0.4738,-0.4957,0.2125,-0.0564,-0.7966,2640.0
Anomalia,0.0321,0.199,0.4738,-0.4957,0.2016,-0.1766,-0.4005,2880.0
Anomalia,0.0258,0.2017,0.4738,-0.5069,0.2033,-0.2028,-0.3903,2880.0
Anomalia,0.0185,0.1872,0.4529,-0.5069,0.1881,-0.3005,-0.2968,2880.0
Anomalia,0.0189,0.1738,0.4529,-0.5069,0.1748,-0.3652,0.3391,2880.0
Anomalia,0.0057,0.1706,0.4529,-0.5069,0.1707,-0.23,0.4317,2880.0
Anomalia,0.017,0.1282,0.3332,-0.1898,0.1294,0.2594,-0.7871,2880.0
Anomalia,0.014,0.1116,0.3332,-0.189,0.1124,0.3244,-0.2513,2880.0
Anomalia,0.0168,0.1289,0.3332,-0.2241,0.13,0.2809,-0.5513,2640.0
Anomalia,0.0235,0.1414,0.3332,-0.2351,0.1434,0.2499,-0.7318,2640.0
Anomalia,0.014,0.1287,0.3196,-0.2351,0.1295,0.2205,-0.4703,2640.0
Anomalia,0.0173,0.1289,0.3196,-0.2351,0.13,0.1456,-0.4932,2880.0
Anomalia,0.0124,0.1138,0.3196,-0.2351,0.1145,0.0691,-0.2175,2880.0
Anomalia,0.0105,0.1008,0.2205,-0.2065,0.1014,-0.1558,-0.8298,2400.0
Anomalia,0.0196,0.1025,0.2437,-0.1946,0.1044,-0.0726,-0.858,2640.0
Anomalia,0.017,0.1041,0.2437,-0.1946,0.1055,-0.0128,-0.8917,2640.0
Anomalia,0.0168,0.1257,0.2495,-0.3196,0.1269,-0.1611,-0.7229,2640.0
Anomalia,0.0131,0.1211,0.2495,-0.3196,0.1218,-0.2329,-0.5179,2640.0
Anomalia,0.0095,0.1167,0.2495,-0.3196,0.1171,-0.3198,-0.3573,2640.0
Anomalia,0.0189,0.1226,0.2495,-0.3196,0.124,-0.3311,-0.5209,2640.0
Anomalia,0.0218,0.1217,0.3457,-0.2284,0.1236,0.0032,-0.4929,2880.0
Anomalia,0.0197,0.1725,0.4095,-0.3947,0.1736,-0.1394,-0.3224,2880.0
Anomalia,0.0228,0.1898,0.4095,-0.3947,0.1911,-0.1596,-0.8555,2640.0
Anomalia,0.0016,0.188,0.4095,-0.3947,0.188,0.0728,-0.7935,2640.0
Anomalia,0.0125,0.1788,0.4095,-0.3947,0.1793,-0.1386,-0.5489,2400.0
Anomalia,0.0271,0.1549,0.3555,-0.2827,0.1572,0.0195,-0.882,2400.0
Anomalia,0.0135,0.1655,0.3555,-0.3553,0.166,-0.0148,-0.7131,2640.0
Anomalia,0.0263,0.2141,0.4316,-0.4076,0.2157,-0.12,-0.9489,2640.0
Anomalia,0.0122,0.2252,0.4316,-0.4076,0.2255,0.0423,-1.2075,2640.0
Anomalia,0.0027,0.2187,0.4316,-0.4076,0.2187,0.0729,-1.1244,2880.0
Anomalia,0.0178,0.2029,0.4316,-0.4076,0.2037,0.0008,-0.9202,2880.0
Anomalia,0.0246,0.1449,0.2987,-0.2737,0.147,-0.1038,-0.9989,2880.0
Anomalia,0.0198,0.1433,0.2733,-0.3129,0.1447,-0.2047,-0.928,2880.0
Anomalia,0.0258,0.1354,0.3478,-0.3129,0.1378,-0.2092,-0.4283,2880.0
Anomalia,0.0157,0.1207,0.3478,-0.3129,0.1217,-0.0974,0.3236,3360.0
Anomalia,0.0069,0.1182,0.3478,-0.3129,0.1184,0.0668,0.5371,3360.0
Anomalia,0.0188,0.1007,0.3478,-0.2318,0.1024,0.474,0.8208,3360.0
Anomalia,0.019,0.0811,0.2368,-0.2172,0.0833,0.1024,0.3833,3120.0
Anomalia,0.0246,0.0871,0.2368,-0.2172,0.0905,-0.0316,0.1444,2880.0
Anomalia,0.025,0.0897,0.2368,-0.2172,0.0931,-0.1026,-0.1153,2880.0
Anomalia,0.0186,0.1022,0.3175,-0.2604,0.1039,-0.0282,0.2113,2400.0
Anomalia,0.0117,0.1201,0.3373,-0.2656,0.1207,0.1922,-0.0609,2400.0
Anomalia,0.0052,0.1248,0.3373,-0.2656,0.1249,0.1516,-0.1985,2400.0
Anomalia,0.0084,0.1684,0.4131,-0.3355,0.1686,0.2989,-0.4393,2880.0
Anomalia,0.0177,0.1871,0.4537,-0.3355,0.188,0.3119,-0.6299,2640.0
Anomalia,0.0238,0.1891,0.4537,-0.3355,0.1906,0.2266,-0.815,2640.0
Anomalia,0.0244,0.1873,0.4537,-0.3355,0.1889,0.2544,-0.7868,2640.0
Anomalia,0.0139,0.1689,0.4537,-0.32,0.1694,0.3069,-0.5479,2880.0
Anomalia,0.0106,0.1605,0.3609,-0.32,0.1608,0.1639,-0.7567,2880.0
Anomalia,0.0085,0.1564,0.3609,-0.32,0.1566,0.1386,-0.4524,2640.0
Anomalia,0.0149,0.1543,0.3609,-0.32,0.155,0.062,-0.3694,2640.0
Anomalia,0.0335,0.1508,0.3584,-0.2829,0.1545,0.054,-0.5974,2880.0
Anomalia,0.0217,0.1408,0.3442,-0.2829,0.1425,0.0631,-0.5822,2640.0
Anomalia,0.0124,0.1309,0.3442,-0.2635,0.1315,0.217,-0.3824,2640.0
Anomalia,0.019,0.1314,0.3442,-0.2635,0.1328,0.0996,-0.4059,2880.0
Anomalia,0.0051,0.128,0.3006,-0.2852,0.1281,-0.1135,-0.5207,2880.0
Anomalia,0.0155,0.1322,0.3,-0.2852,0.1331,-0.0827,-0.5313,2640.0
Anomalia,0.0246,0.1885,0.4377,-0.5284,0.1901,-0.2731,-0.0573,2640.0
Anomalia,0.0145,0.2068,0.4377,-0.5284,0.2073,-0.1987,-0.6052,2640.0
Anomalia,0.0157,0.1955,0.4377,-0.5284,0.1961,-0.2261,-0.1652,2640.0
Anomalia,0.0126,0.1977,0.4377,-0.5284,0.1981,-0.1781,-0.2011,2880.0
Anomalia,0.0093,0.1608,0.348,-0.3962,0.161,-0.0216,-0.5439,2400.0
Anomalia,0.0149,0.198,0.4615,-0.6123,0.1985,-0.1853,0.0795,2640.0
Anomalia,0.0163,0.2449,0.4884,-0.6123,0.2454,-0.1602,-0.7287,2640.0
Anomalia,0.0161,0.2559,0.4884,-0.6123,0.2564,-0.1653,-0.9132,2880.0
Anomalia,0.0194,0.2681,0.4884,-0.6123,0.2688,-0.1746,-1.1111,2880.0
Anomalia,0.0143,0.2433,0.4884,-0.5783,0.2437,-0.0507,-1.1336,2880.0
Anomalia,0.0217,0.201,0.3674,-0.3755,0.2022,-0.087,-1.0296,2880.0
Anomalia,0.0192,0.2097,0.4345,-0.4581,0.2106,-0.1423,-0.8147,2880.0
Anomalia,0.0113,0.1971,0.4345,-0.4581,0.1975,-0.1602,-0.6524,2880.0
Anomalia,0.0204,0.178,0.4345,-0.4581,0.1792,-0.2991,-0.0343,2880.0
Anomalia,0.006,0.1931,0.4345,-0.4581,0.1932,-0.1622,-0.6042,2880.0
Anomalia,0.0095,0.1711,0.3304,-0.3181,0.1714,-0.0324,-1.0698,2880.0
Anomalia,0.0193,0.1617,0.353,-0.3181,0.1628,-0.0278,-0.7799,2640.0
Anomalia,0.0117,0.1606,0.353,-0.3181,0.1611,0.0804,-0.7515,2640.0
Anomalia,0.0254,0.1761,0.4644,-0.3707,0.1779,0.278,-0.3373,2880.0
Anomalia,0.0113,0.2049,0.4644,-0.4418,0.2052,-0.0266,-0.3063,2880.0
Anomalia,0.0083,0.2294,0.4644,-0.4418,0.2295,0.0341,-0.8102,2640.0
Anomalia,0.0125,0.2362,0.4644,-0.4418,0.2366,-0.0107,-1.0061,2640.0
Anomalia,-0.0001,0.2221,0.4243,-0.4418,0.2221,-0.0619,-1.0065,2640.0
Anomalia,0.0218,0.1902,0.4243,-0.4041,0.1915,0.0028,-0.9565,2880.0
Anomalia,0.0247,0.1497,0.3645,-0.2998,0.1517,-0.0787,-0.7784,2880.0
Anomalia,0.0113,0.141,0.3645,-0.2998,0.1415,0.0637,-0.499,2640.0
Anomalia,0.018,0.1202,0.3645,-0.2453,0.1216,0.3448,-0.1057,2640.0
Anomalia,0.0101,0.1017,0.2401,-0.2001,0.1022,-0.033,-0.8521,2880.0
Anomalia,0.0124,0.1207,0.3269,-0.2001,0.1213,0.2751,-0.6291,2640.0
Anomalia,0.0244,0.1217,0.3269,-0.2001,0.1241,0.2154,-0.7517,2640.0
Anomalia,0.0166,0.1265,0.3269,-0.2318,0.1276,0.1361,-0.7696,2640.0
Anomalia,0.0128,0.1382,0.3269,-0.2416,0.1388,0.1315,-0.9518,2640.0
Anomalia,0.0073,0.1188,0.2474,-0.2416,0.119,-0.0398,-0.6929,2640.0
Anomalia,0.0033,0.1135,0.2397,-0.2416,0.1135,-0.0426,-0.5563,2400.0
Anomalia,0.0208,0.1276,0.3267,-0.2416,0.1293,0.1956,-0.5512,2400.0
Anomalia,0.0226,0.1164,0.3267,-0.2063,0.1185,0.4093,-0.325,2640.0
Anomalia,0.0184,0.124,0.3267,-0.2063,0.1253,0.3692,-0.7142,2640.0
Anomalia,0.0231,0.1279,0.3267,-0.2063,0.1299,0.2181,-0.8902,2880.0
Anomalia,0.0025,0.1129,0.251,-0.2336,0.113,0.0288,-1.0869,2640.0
Anomalia,0.011,0.1021,0.1984,-0.2336,0.1027,-0.2602,-0.9132,2640.0
Anomalia,0.0202,0.0987,0.208,-0.2336,0.1007,-0.3579,-0.5888,2880.0
Anomalia,0.0202,0.1484,0.4446,-0.4227,0.1497,-0.198,1.0809,2880.0
Anomalia,0.0298,0.1776,0.4446,-0.4227,0.1801,-0.2676,0.1621,2880.0
Anomalia,0.0154,0.187,0.4446,-0.4227,0.1876,-0.0891,-0.3626,2880.0
Anomalia,0.0055,0.1996,0.4446,-0.4227,0.1996,0.0447,-0.7915,2880.0
Anomalia,0.0094,0.1805,0.3747,-0.4064,0.1808,0.0975,-0.9641,2880.0
Anomalia,0.0092,0.1497,0.343,-0.241,0.15,0.2151,-0.9883,2880.0
Anomalia,0.0189,0.1576,0.343,-0.2687,0.1587,0.2033,-1.0331,2880.0
Anomalia,0.0284,0.1523,0.343,-0.271,0.1549,0.1276,-0.9139,2880.0
Anomalia,0.0079,0.1965,0.475,-0.562,0.1967,-0.3375,0.1679,2880.0
Anomalia,0.0094,0.2677,0.6469,-0.5981,0.2679,-0.0579,-0.4466,2880.0
Anomalia,0.0074,0.2657,0.6469,-0.5981,0.2658,-0.0461,-0.387,2640.0
Anomalia,0.0004,0.2628,0.6469,-0.5981,0.2628,0.012,-0.3042,2880.0
Anomalia,0.0283,0.2291,0.6469,-0.5981,0.2309,0.0276,0.3319,2880.0
Anomalia,0.0235,0.1335,0.3766,-0.2355,0.1356,0.3193,-0.4147,2880.0
Anomalia,0.0197,0.114,0.3766,-0.2328,0.1156,0.5358,0.3669,2880.0
Anomalia,0.0201,0.1036,0.3766,-0.175,0.1055,0.7857,0.9699,2880.0
Anomalia,0.0039,0.0904,0.1898,-0.204,0.0904,-0.1116,-0.5002,2640.0
Anomalia,0.0091,0.1018,0.2334,-0.2305,0.1022,-0.1439,-0.5741,2640.0
Anomalia,0.021,0.1105,0.2334,-0.2305,0.1124,-0.2217,-0.8125,2640.0
Anomalia,0.0254,0.1447,0.3953,-0.3194,0.1469,-0.0226,-0.425,2640.0
Anomalia,0.0234,0.1528,0.3953,-0.3194,0.1545,-0.0102,-0.5171,2640.0
Anomalia,0.0115,0.1659,0.3953,-0.3891,0.1663,-0.0854,-0.5665,2880.0
Anomalia,0.0107,0.1874,0.3953,-0.3891,0.1877,0.0619,-0.9668,2880.0
Anomalia,0.0061,0.1855,0.382,-0.3891,0.1856,0.1057,-1.0017,2880.0
Anomalia,0.0136,0.1705,0.382,-0.3891,0.171,0.0487,-0.5862,2880.0
Anomalia,0.0307,0.2124,0.5076,-0.4815,0.2146,0.0653,-0.4847,2880.0
Anomalia,0.0085,0.2402,0.5076,-0.4815,0.2403,-0.0128,-0.643,2880.0
Anomalia,0.0077,0.2346,0.5076,-0.4815,0.2347,-0.0202,-0.517,2640.0
Anomalia,0.0151,0.2436,0.5076,-0.4815,0.2441,-0.077,-0.7906,2640.0
Anomalia,0.0031,0.2013,0.4556,-0.4581,0.2013,-0.1485,-0.4909,2640.0
Anomalia,0.0228,0.1568,0.401,-0.2766,0.1585,0.1583,-0.8076,2640.0
Anomalia,0.0251,0.1909,0.4854,-0.4151,0.1925,0.0592,-0.444,2880.0
Anomalia,0.0067,0.2073,0.4854,-0.4151,0.2074,0.1464,-0.6586,2880.0
Anomalia,0.0132,0.1973,0.4854,-0.4151,0.1977,0.086,-0.2876,2880.0
Anomalia,0.0084,0.1915,0.4854,-0.4151,0.1917,0.0635,-0.2175,2880.0
Anomalia,0.009,0.1405,0.4185,-0.3753,0.1408,-0.1307,0.3747,2880.0
Anomalia,0.0241,0.108,0.2263,-0.204,0.1107,0.0411,-0.8347,2880.0
Anomalia,0.0118,0.1369,0.3119,-0.3517,0.1374,-0.1495,-0.6191,2880.0
Anomalia,0.0067,0.175,0.4287,-0.3699,0.1751,-0.0463,-0.4945,2640.0
Anomalia,0.0175,0.195,0.4558,-0.3699,0.1957,0.0524,-0.7769,2640.0
Anomalia,0.0032,0.1862,0.4558,-0.3699,0.1862,0.242,-0.3706,2640.0
Anomalia,0.0204,0.1691,0.4558,-0.3699,0.1703,0.1858,0.1365,2640.0
Anomalia,0.0229,0.1201,0.4558,-0.2553,0.1223,0.8233,1.3797,2880.0
Anomalia,0.011,0.0768,0.1698,-0.1786,0.0776,0.0416,-0.8842,2880.0
Anomalia,0.0191,0.1451,0.4729,-0.5005,0.1464,-0.3038,2.3764,2880.0
Anomalia,0.0133,0.2041,0.4765,-0.5005,0.2045,-0.152,0.1885,2640.0
Anomalia,0.0132,0.2371,0.4765,-0.5005,0.2374,-0.1418,-0.659,2640.0
Anomalia,0.0125,0.2462,0.4765,-0.5005,0.2465,-0.0998,-0.9174,2640.0
Anomalia,0.0201,0.2369,0.4765,-0.4594,0.2378,-0.1034,-1.0172,2880.0
Anomalia,0.0173,0.2488,0.5405,-0.5063,0.2494,-0.0133,-0.9138,2880.0
Anomalia,0.0146,0.2485,0.5405,-0.5063,0.2489,0.0229,-0.8749,2640.0
Anomalia,0.0083,0.2456,0.5405,-0.5063,0.2458,0.054,-0.7919,2640.0
Anomalia,0.0052,0.2391,0.5405,-0.5063,0.2391,0.0725,-0.6495,2880.0
Anomalia,0.0076,0.1988,0.435,-0.4631,0.199,-0.0088,-0.746,2400.0
Anomalia,0.0183,0.2109,0.4888,-0.4489,0.2117,-0.023,-0.7428,2640.0
Anomalia,0.025,0.261,0.5589,-0.4681,0.2622,-0.0085,-1.0333,2640.0
Anomalia,0.0048,0.2792,0.5589,-0.4681,0.2793,0.0451,-1.202,2640.0
Anomalia,0.0114,0.2724,0.5589,-0.4681,0.2726,0.0024,-1.1117,2640.0
Anomalia,0.004,0.2412,0.5589,-0.4681,0.2412,0.0479,-0.742,2880.0
Anomalia,0.007,0.1848,0.4312,-0.4448,0.1849,-0.2116,-0.5857,2880.0
Anomalia,0.0307,0.1367,0.2925,-0.2324,0.1402,0.0276,-1.1834,2880.0
Anomalia,0.0149,0.1196,0.2758,-0.2186,0.1205,0.2142,-0.9609,2880.0
Anomalia,0.0125,0.0969,0.2758,-0.1402,0.0977,0.538,-0.356,2880.0
Anomalia,0.0107,0.0895,0.2328,-0.1423,0.0902,0.4304,-0.4543,2880.0
Anomalia,0.0023,0.0746,0.2188,-0.1423,0.0746,0.3606,0.0892,3360.0
Anomalia,0.0186,0.0777,0.2188,-0.1575,0.0799,0.2725,-0.1383,3360.0
Anomalia,0.0235,0.1259,0.403,-0.3244,0.128,0.0079,0.9825,2880.0
Anomalia,0.0119,0.1432,0.403,-0.3244,0.1437,-0.1157,0.2952,2640.0
Anomalia,0.0185,0.1548,0.403,-0.3244,0.1559,-0.1471,-0.306,2640.0
Anomalia,0.0031,0.152,0.403,-0.3244,0.152,0.095,-0.1678,2640.0
Anomalia,0.0001,0.1631,0.3722,-0.3909,0.1631,-0.03,-0.3533,2880.0
Anomalia,0.0222,0.1721,0.4189,-0.3909,0.1735,0.0502,-0.4391,2880.0
Anomalia,0.0149,0.1704,0.4189,-0.3909,0.1711,0.1247,-0.393,2640.0
Anomalia,0.0224,0.1797,0.4189,-0.3909,0.1811,-0.0082,-0.7634,2640.0
Anomalia,0.024,0.1581,0.4189,-0.3079,0.1599,0.0108,-0.7417,2640.0
Anomalia,0.0088,0.1387,0.2489,-0.3102,0.139,-0.2242,-0.8374,2640.0
Anomalia,0.0062,0.1437,0.2662,-0.3102,0.1438,-0.1616,-0.9333,2640.0
Anomalia,0.01,0.1387,0.2662,-0.3102,0.139,-0.2107,-0.8063,2640.0
Anomalia,0.016,0.1294,0.2699,-0.3102,0.1304,-0.0433,-0.9575,2640.0
Anomalia,0.0201,0.1171,0.2699,-0.232,0.1188,0.0561,-0.8784,2640.0
Anomalia,0.018,0.1023,0.2699,-0.1865,0.1038,0.1367,-0.6891,2640.0
Anomalia,0.0149,0.118,0.2846,-0.2893,0.1189,0.0806,-0.3128,3120.0
Anomalia,0.0019,0.1456,0.3617,-0.3501,0.1456,-0.0188,-0.1585,2640.0
Anomalia,0.0054,0.1526,0.3617,-0.3501,0.1527,0.0107,-0.4699,2640.0
Anomalia,0.0189,0.151,0.3617,-0.3501,0.1522,-0.1922,-0.3568,2640.0
Anomalia,0.0148,0.1435,0.3617,-0.3501,0.1443,-0.2235,-0.2213,2880.0
Anomalia,0.0189,0.1166,0.2581,-0.2485,0.1181,-0.1117,-0.7629,2880.0
Anomalia,0.017,0.109,0.2384,-0.2485,0.1103,-0.2668,-0.5979,2880.0
Anomalia,0.0007,0.1204,0.2384,-0.2487,0.1204,-0.0586,-0.9521,2880.0
Anomalia,0.0165,0.115,0.2912,-0.2487,0.1162,-0.1366,-0.6675,2400.0
Anomalia,0.016,0.1287,0.2912,-0.2487,0.1297,-0.1576,-0.652,2400.0
Anomalia,0.0137,0.1466,0.2912,-0.2487,0.1472,-0.0732,-1.115,2880.0
Anomalia,0.0186,0.1589,0.3056,-0.2737,0.16,-0.1143,-1.2153,2880.0
Anomalia,0.0119,0.1671,0.3056,-0.2737,0.1675,0.0229,-1.4099,2880.0
Anomalia,0.0116,0.1546,0.3056,-0.2737,0.155,0.0271,-1.2872,2880.0
Anomalia,0.016,0.142,0.3056,-0.2737,0.1429,-0.0683,-1.0427,2880.0
Anomalia,0.0193,0.1468,0.33,-0.3123,0.148,-0.1044,-0.8836,2880.0
Anomalia,0.0162,0.1324,0.33,-0.3123,0.1334,-0.1882,-0.4327,2880.0
Anomalia,0.0147,0.1281,0.33,-0.3123,0.1289,-0.204,-0.1958,3360.0
Anomalia,0.013,0.1298,0.33,-0.3123,0.1305,-0.046,-0.263,3360.0
Anomalia,0.0106,0.1188,0.2483,-0.2756,0.1193,-0.0963,-0.5596,2640.0
Anomalia,0.0112,0.1334,0.3313,-0.2756,0.1339,0.099,-0.6942,2880.0
Anomalia,0.0159,0.1642,0.4131,-0.3382,0.165,0.0724,-0.7481,2880.0
Anomalia,0.0192,0.1811,0.4131,-0.3382,0.1821,0.0357,-1.095,2880.0
Anomalia,0.0216,0.2036,0.4131,-0.3684,0.2048,-0.0288,-1.1642,2880.0
Anomalia,0.0228,0.2054,0.4131,-0.3684,0.2067,-0.0916,-1.1636,2640.0
Anomalia,0.0179,0.1834,0.363,-0.3684,0.1842,-0.07,-0.9143,2640.0
Anomalia,0.0083,0.1599,0.363,-0.3684,0.1601,-0.0406,-0.1688,2640.0
Anomalia,0.014,0.1189,0.3106,-0.32,0.1198,0.0189,-0.1118,2640.0
Anomalia,0.0121,0.1289,0.3014,-0.315,0.1295,-0.0265,-0.354,2640.0
Anomalia,0.0202,0.1368,0.3014,-0.315,0.1382,-0.0212,-0.597,2640.0
Anomalia,0.0208,0.1593,0.3014,-0.315,0.1607,-0.0905,-1.0798,2640.0
Anomalia,0.0084,0.1648,0.3014,-0.315,0.165,-0.021,-1.2435,2640.0
Anomalia,0.0151,0.1471,0.2862,-0.2996,0.1478,-0.0879,-1.1514,2880.0
Anomalia,0.0118,0.1411,0.2862,-0.2996,0.1416,-0.1177,-1.0221,2880.0
Anomalia,0.0158,0.1326,0.3146,-0.2468,0.1336,-0.0702,-1.0394,2880.0
Anomalia,0.0184,0.1193,0.3146,-0.2468,0.1207,0.1238,-0.6713,2640.0
Anomalia,0.007,0.125,0.3146,-0.2495,0.1252,0.134,-0.6986,2880.0
Anomalia,0.0097,0.1147,0.3146,-0.2495,0.1151,0.1264,-0.3857,2880.0
Anomalia,0.0112,0.1017,0.2856,-0.2495,0.1023,-0.1042,-0.2623,2880.0
Anomalia,0.018,0.0981,0.2201,-0.2495,0.0998,-0.3791,-0.1873,2880.0
Anomalia,0.0227,0.115,0.4093,-0.3313,0.1172,-0.0937,1.1057,2880.0
Anomalia,0.012,0.1733,0.4339,-0.4358,0.1737,-0.1902,0.0714,2880.0
Anomalia,0.0101,0.1915,0.4339,-0.4358,0.1918,-0.1683,-0.5189,2640.0
Anomalia,0.0087,0.1918,0.4339,-0.4358,0.192,-0.1509,-0.5383,2640.0
Anomalia,0.0075,0.1789,0.4339,-0.4358,0.1791,-0.2423,-0.2623,2880.0
Anomalia,0.0269,0.1468,0.3782,-0.3774,0.1492,-0.1291,-0.2653,2880.0
Anomalia,0.0207,0.1648,0.3782,-0.3813,0.1661,-0.0974,-0.287,2640.0
Anomalia,0.0124,0.1856,0.3782,-0.3813,0.186,-0.0413,-0.806,2640.0
Anomalia,0.0237,0.1907,0.3782,-0.3813,0.1922,-0.0305,-0.857,2640.0
Anomalia,0.0001,0.2042,0.4268,-0.4108,0.2042,-0.0132,-0.9152,2880.0
Anomalia,0.0145,0.2207,0.5134,-0.4108,0.2212,0.1897,-0.7332,2880.0
Anomalia,0.026,0.2252,0.5134,-0.4108,0.2267,0.062,-0.8197,2640.0
Anomalia,0.0067,0.2227,0.5134,-0.4108,0.2228,0.1932,-0.7664,2880.0
Anomalia,0.0234,0.2017,0.5134,-0.3955,0.203,0.2005,-0.4712,2880.0
Anomalia,0.0147,0.1678,0.3697,-0.3843,0.1684,-0.0533,-0.8539,2400.0
Anomalia,0.0003,0.1744,0.3551,-0.4058,0.1744,-0.106,-0.7405,2640.0
Anomalia,0.0167,0.1918,0.3551,-0.4058,0.1925,-0.1084,-1.0001,2640.0
Anomalia,0.0157,0.211,0.3667,-0.4058,0.2116,-0.0518,-1.2458,2640.0
Anomalia,0.0143,0.2035,0.3667,-0.4058,0.204,-0.081,-1.1406,2880.0
Anomalia,0.0264,0.179,0.3667,-0.3309,0.1809,0.0231,-1.1441,2880.0
Anomalia,0.0071,0.1532,0.3667,-0.3309,0.1533,0.1814,-0.6043,2880.0
Anomalia,0.0039,0.1119,0.2587,-0.2389,0.1119,0.1528,-0.5006,2880.0
Anomalia,0.0204,0.1335,0.4469,-0.2927,0.1351,0.6109,0.5698,2880.0
Anomalia,0.0136,0.1826,0.4469,-0.5074,0.1831,0.0714,0.396,2640.0
Anomalia,0.0278,0.1969,0.4469,-0.5074,0.1989,-0.0811,-0.2119,2640.0
Anomalia,0.0244,0.1985,0.4469,-0.5074,0.2,-0.0369,-0.292,2640.0
Anomalia,0.0018,0.1842,0.4256,-0.5074,0.1842,0.0265,0.0215,2880.0
Anomalia,-0.0023,0.1785,0.3893,-0.48,0.1785,-0.0255,-0.1973,2880.0
Anomalia,0.0002,0.1974,0.3966,-0.48,0.1974,0.0467,-0.5053,2640.0
Anomalia,0.0152,0.1999,0.3966,-0.48,0.2005,-0.1077,-0.558,2640.0
Anomalia,0.0171,0.2358,0.4446,-0.494,0.2364,-0.2244,-0.8077,2880.0
Anomalia,0.0253,0.2527,0.4921,-0.5543,0.254,-0.2655,-0.7273,2880.0
Anomalia,0.0194,0.2362,0.4921,-0.5543,0.237,-0.3359,-0.3257,2640.0
Anomalia,0.0001,0.2514,0.4921,-0.5543,0.2514,-0.162,-0.8009,2640.0
Anomalia,0.0119,0.2342,0.4921,-0.5543,0.2345,-0.1305,-0.6806,2640.0
Anomalia,0.0202,0.1792,0.4387,-0.4272,0.1804,-0.1308,-0.4936,2640.0
Anomalia,0.0105,0.1914,0.4387,-0.3991,0.1917,-0.1046,-0.7715,2880.0
Anomalia,0.0251,0.2079,0.4387,-0.3991,0.2094,-0.0251,-0.9292,2880.0
Anomalia,0.0197,0.1809,0.4185,-0.3991,0.1819,-0.0964,-0.3624,2880.0
Anomalia,0.0004,0.1879,0.4185,-0.3991,0.1879,0.0854,-0.5854,2880.0
Anomalia,0.0215,0.1702,0.4185,-0.373,0.1715,0.1018,-0.3265,2880.0
Anomalia,0.0115,0.1445,0.3417,-0.3202,0.1449,-0.0659,-0.5694,2880.0
Anomalia,0.0075,0.1777,0.3417,-0.3202,0.1779,0.0154,-1.0423,2880.0
Anomalia,0.0226,0.1787,0.3417,-0.3202,0.1801,-0.078,-1.0825,2880.0
Anomalia,0.0083,0.1767,0.3417,-0.3202,0.1769,0.0579,-1.0709,2880.0
Anomalia,0.0103,0.1878,0.3617,-0.3542,0.1881,-0.0122,-1.0985,2880.0
Anomalia,0.023,0.2057,0.5186,-0.3542,0.207,0.1413,-0.7816,2880.0
Anomalia,0.0126,0.2126,0.5186,-0.3542,0.213,0.1404,-0.8846,2880.0
Anomalia,0.0233,0.223,0.5186,-0.3542,0.2243,0.057,-1.1199,2880.0
Anomalia,0.0274,0.2089,0.5186,-0.3467,0.2107,0.1282,-0.9779,2880.0
Anomalia,0.0068,0.1744,0.3398,-0.3332,0.1745,0.046,-1.169,2640.0
Anomalia,0.0205,0.2038,0.4923,-0.4437,0.2048,0.0295,-0.7701,2640.0
Anomalia,0.0086,0.2176,0.4923,-0.4437,0.2178,0.0208,-0.9616,2640.0
Anomalia,0.0086,0.2074,0.4923,-0.4437,0.2076,-0.0104,-0.6741,2640.0
Anomalia,0.0229,0.2014,0.4923,-0.4437,0.2027,-0.1275,-0.4821,2640.0
Anomalia,0.0146,0.1552,0.364,-0.3501,0.1558,-0.2457,-0.4243,2640.0
Anomalia,0.0146,0.1186,0.2706,-0.2286,0.1195,-0.1284,-0.9008,2640.0
Anomalia,0.0094,0.1178,0.2706,-0.2286,0.1181,-0.0696,-0.9082,2640.0
Anomalia,0.0082,0.1122,0.3012,-0.222,0.1126,-0.069,-0.8628,2880.0
Anomalia,0.0152,0.1156,0.3148,-0.2199,0.1166,0.0521,-0.6629,2400.0
Anomalia,0.0098,0.1295,0.3148,-0.2775,0.1299,-0.0528,-0.6026,2640.0
Anomalia,0.0171,0.1431,0.3194,-0.2775,0.1441,0.0162,-0.8447,2640.0
Anomalia,0.0174,0.1394,0.3194,-0.2775,0.1405,-0.0361,-0.7581,2880.0
Anomalia,0.0009,0.1284,0.3194,-0.2775,0.1284,0.147,-0.4652,2640.0
Anomalia,0.0192,0.1057,0.3194,-0.2042,0.1075,0.1792,-0.2491,2640.0
Anomalia,0.0193,0.0838,0.2347,-0.1853,0.086,0.0716,-0.3977,3360.0
Anomalia,0.0083,0.1382,0.456,-0.4206,0.1384,-0.2617,1.8834,2880.0
Anomalia,0.0195,0.2232,0.5605,-0.561,0.224,-0.1868,0.3143,2880.0
Anomalia,0.0067,0.2527,0.5605,-0.561,0.2528,-0.0955,-0.4939,2640.0
Anomalia,0.0053,0.2556,0.5605,-0.561,0.2557,-0.0831,-0.6015,2640.0
Anomalia,0.0241,0.2353,0.5605,-0.561,0.2365,-0.2471,-0.1098,2640.0
Anomalia,0.0146,0.1708,0.4302,-0.5076,0.1714,-0.3519,0.1183,2640.0
Anomalia,0.0191,0.1673,0.3943,-0.4089,0.1684,-0.1685,-0.2486,2640.0
Anomalia,0.0153,0.1743,0.3943,-0.4089,0.175,-0.1296,-0.5082,2880.0
Anomalia,0.0,0.2014,0.3943,-0.4089,0.2014,0.0055,-0.9507,2880.0
Anomalia,0.0129,0.2031,0.3943,-0.4089,0.2035,-0.0989,-0.9802,2880.0
Anomalia,0.0127,0.1656,0.3582,-0.3667,0.1661,-0.1427,-0.5815,2640.0
Anomalia,0.0163,0.1686,0.3582,-0.3667,0.1694,-0.1496,-0.6125,2880.0
Anomalia,0.0269,0.1278,0.2937,-0.2833,0.1306,-0.115,-0.2953,2880.0
Anomalia,0.017,0.1242,0.2891,-0.2716,0.1254,-0.1967,-0.3147,2880.0
Anomalia,0.0149,0.1294,0.2891,-0.2716,0.1303,-0.1759,-0.601,2880.0
Anomalia,0.0126,0.1054,0.2414,-0.2716,0.1062,-0.2459,-0.1777,2640.0
Anomalia,0.0058,0.1008,0.2001,-0.2716,0.1009,-0.3404,-0.2391,2400.0
Anomalia,0.0199,0.0919,0.2209,-0.1777,0.094,0.0698,-0.7383,2400.0
Anomalia,0.0166,0.1014,0.2249,-0.3186,0.1028,-0.1516,-0.089,2640.0
Anomalia,0.0231,0.1817,0.5752,-0.4454,0.1832,0.1072,0.7645,2640.0
Anomalia,0.0217,0.2713,0.6732,-0.6446,0.2722,-0.0873,-0.1812,2640.0
Anomalia,0.0049,0.2833,0.6732,-0.6446,0.2834,0.0193,-0.5247,2640.0
Anomalia,0.0146,0.28,0.6732,-0.6446,0.2804,-0.0637,-0.4243,2640.0
Anomalia,0.0113,0.2526,0.6732,-0.6446,0.2529,-0.1446,0.0688,2640.0
Anomalia,0.01,0.165,0.3186,-0.3703,0.1653,-0.2939,-0.8005,2880.0
Anomalia,0.022,0.1473,0.3186,-0.3012,0.1489,-0.1818,-0.8142,2880.0
Anomalia,0.0066,0.15,0.3186,-0.3012,0.1502,-0.0139,-0.9303,2880.0
Anomalia,0.0015,0.1292,0.2752,-0.2887,0.1292,0.0063,-0.9301,2880.0
Anomalia,0.0127,0.1378,0.3138,-0.2295,0.1384,0.1915,-0.9549,2880.0
Anomalia,0.013,0.1351,0.3138,-0.2261,0.1357,0.1788,-0.9959,2640.0
Anomalia,0.0213,0.1604,0.4258,-0.4181,0.1618,-0.0133,-0.3414,2640.0
Anomalia,0.0261,0.2026,0.4548,-0.4181,0.2043,-0.1095,-0.6565,2880.0
Anomalia,0.0098,0.1996,0.4548,-0.4181,0.1998,-0.0145,-0.5383,2640.0
Anomalia,0.0093,0.1945,0.4548,-0.4181,0.1947,-0.0216,-0.3263,2880.0
Anomalia,0.0119,0.1691,0.4548,-0.4085,0.1695,-0.0547,0.2564,2880.0
Anomalia,0.0113,0.109,0.2783,-0.3261,0.1096,-0.2156,0.2168,2880.0
Anomalia,0.0233,0.1097,0.2889,-0.256,0.1122,0.1058,-0.2799,2880.0
Anomalia,0.0195,0.1258,0.3088,-0.256,0.1273,0.0865,-0.4213,2880.0
Anomalia,0.0162,0.1745,0.3599,-0.4116,0.1753,-0.0662,-0.6426,2640.0
Anomalia,0.0116,0.2017,0.4293,-0.4116,0.202,-0.0158,-1.0732,2640.0
Anomalia,0.0133,0.2142,0.4295,-0.4116,0.2146,-0.024,-1.1407,2640.0
Anomalia,0.017,0.2132,0.4295,-0.4116,0.2139,-0.043,-1.1299,2880.0
Anomalia,0.0164,0.1903,0.4295,-0.3632,0.191,0.0139,-1.0198,2880.0
Anomalia,0.013,0.1729,0.4295,-0.3528,0.1734,0.0787,-0.9795,2880.0
Anomalia,0.0178,0.1439,0.3144,-0.2593,0.145,-0.0299,-1.0668,2880.0
Anomalia,0.0081,0.1386,0.2781,-0.2593,0.1388,-0.0836,-1.0822,2880.0
Anomalia,0.0118,0.123,0.2781,-0.2474,0.1236,-0.1108,-0.9202,2880.0
Anomalia,0.0165,0.1014,0.1976,-0.2395,0.1028,-0.2425,-0.797,2880.0
Anomalia,0.0127,0.0976,0.1884,-0.2395,0.0984,-0.247,-0.6395,2880.0
Anomalia,0.025,0.081,0.1884,-0.1454,0.0847,-0.0583,-0.9014,2400.0
Anomalia,0.0157,0.0697,0.1859,-0.1331,0.0715,0.2095,-0.665,2640.0
Anomalia,0.0138,0.0734,0.1859,-0.1331,0.0747,0.2488,-0.8143,2400.0
Anomalia,0.0121,0.0811,0.2401,-0.2268,0.082,0.1804,-0.1669,2880.0
Anomalia,0.0053,0.1294,0.3269,-0.3549,0.1295,-0.0457,0.5005,2880.0
Anomalia,0.0206,0.1567,0.3313,-0.3549,0.1581,-0.092,-0.6082,2880.0
Anomalia,0.0207,0.1612,0.3313,-0.3549,0.1625,-0.1166,-0.7877,2880.0
Anomalia,0.012,0.1607,0.3313,-0.3549,0.1611,-0.0074,-0.8154,2640.0
Anomalia,0.0116,0.1253,0.3313,-0.2372,0.1259,0.2185,-0.5989,2640.0
Anomalia,0.0066,0.0934,0.175,-0.1907,0.0936,-0.0809,-1.0448,2640.0
Anomalia,0.0046,0.0998,0.1984,-0.2142,0.0999,-0.081,-0.9506,2880.0
Anomalia,0.0145,0.1822,0.5167,-0.5918,0.1828,-0.1491,1.7875,2880.0
Anomalia,0.0229,0.269,0.6071,-0.5918,0.27,-0.0686,-0.0472,2640.0
Anomalia,0.0116,0.2904,0.6071,-0.5918,0.2906,-0.0258,-0.5028,2640.0
Anomalia,0.0192,0.2882,0.6071,-0.5918,0.2889,-0.0894,-0.4296,2880.0
Anomalia,0.0153,0.2547,0.6071,-0.591,0.2551,-0.0216,0.0798,2880.0
Anomalia,0.0071,0.1875,0.4594,-0.5293,0.1877,-0.138,0.0196,2400.0
Anomalia,0.0192,0.2324,0.5364,-0.5971,0.2332,-0.1918,-0.1787,2640.0
Anomalia,0.0153,0.2951,0.6258,-0.6878,0.2955,-0.1986,-0.6881,2640.0
Anomalia,0.0089,0.2875,0.6258,-0.6878,0.2876,-0.1602,-0.4907,2640.0
Anomalia,0.0171,0.3,0.6258,-0.6878,0.3005,-0.1409,-0.6373,2880.0
Anomalia,0.0172,0.2652,0.6258,-0.6878,0.2658,-0.1284,-0.1624,2880.0
Anomalia,0.0137,0.2001,0.5628,-0.4596,0.2006,0.1629,0.0688,2880.0
Anomalia,0.0209,0.2168,0.5628,-0.4596,0.2178,0.1224,-0.4528,2880.0
Anomalia,0.0071,0.1728,0.4523,-0.4596,0.1729,0.1387,0.1558,2880.0
Anomalia,0.0012,0.1388,0.3766,-0.3012,0.1388,0.4716,0.3236,2880.0
Anomalia,0.0098,0.132,0.3766,-0.3012,0.1324,0.3789,0.3592,2880.0
Anomalia,0.0122,0.1019,0.2587,-0.1903,0.1026,0.1862,-0.6249,2880.0
Anomalia,0.02,0.1199,0.2593,-0.2451,0.1216,-0.0906,-0.7714,2880.0
Anomalia,0.0258,0.1197,0.2593,-0.2451,0.1224,-0.1811,-0.7208,2880.0
Anomalia,0.015,0.1528,0.3423,-0.3697,0.1535,-0.2566,-0.2436,2880.0
Anomalia,0.0066,0.1701,0.3423,-0.3697,0.1702,-0.1544,-0.7117,2400.0
Anomalia,0.0159,0.1814,0.3423,-0.3697,0.1821,-0.1634,-0.881,2640.0
Anomalia,0.0059,0.1824,0.3423,-0.3697,0.1825,-0.0274,-0.9379,2640.0
Anomalia,0.0165,0.1964,0.5741,-0.4128,0.1971,0.1568,-0.3555,2400.0
Anomalia,0.0349,0.2378,0.5741,-0.4333,0.2403,0.162,-0.5546,2880.0
Anomalia,0.0135,0.2931,0.5741,-0.6605,0.2934,0.0064,-0.7118,2640.0
Anomalia,0.0196,0.3049,0.5741,-0.6605,0.3055,-0.0563,-0.9544,2640.0
Anomalia,0.007,0.2865,0.5662,-0.6605,0.2866,-0.0159,-0.7445,2880.0
Anomalia,0.0014,0.2727,0.5514,-0.6605,0.2727,-0.0428,-0.6623,2880.0
Anomalia,0.0152,0.2057,0.5007,-0.3982,0.2063,0.1637,-0.7605,2880.0
Anomalia,0.0183,0.1971,0.5007,-0.3982,0.1979,0.1986,-0.6917,2880.0
Anomalia,0.0234,0.2336,0.5059,-0.5088,0.2348,0.0269,-0.815,2880.0
Anomalia,0.0094,0.213,0.5059,-0.5088,0.2132,-0.0672,-0.4712,2880.0
Anomalia,0.0024,0.2033,0.5059,-0.5088,0.2033,0.0051,-0.1017,2640.0
Anomalia,0.0088,0.2177,0.5059,-0.5088,0.2179,0.0397,-0.372,2880.0
Anomalia,0.0056,0.2223,0.5758,-0.5601,0.2224,0.0348,-0.0542,2880.0
Anomalia,0.0233,0.2344,0.5758,-0.5601,0.2355,0.0414,-0.4414,2640.0
Anomalia,0.0273,0.2545,0.5758,-0.5601,0.2559,-0.0638,-0.9175,2640.0
Anomalia,0.0052,0.2395,0.5758,-0.5601,0.2396,0.0725,-0.6509,2640.0
Anomalia,0.0181,0.203,0.4683,-0.3813,0.2038,0.0759,-0.8705,2400.0
Anomalia,0.0019,0.1662,0.3626,-0.3813,0.1662,-0.0265,-0.5789,2400.0
Anomalia,0.0068,0.1663,0.5197,-0.5147,0.1665,0.0896,0.5492,2400.0
Anomalia,0.0317,0.223,0.6765,-0.5729,0.2253,0.0637,0.4222,2880.0
Anomalia,0.0196,0.2569,0.6765,-0.5729,0.2576,-0.0398,-0.1791,2640.0
Anomalia,0.0166,0.2669,0.6765,-0.5729,0.2674,-0.0218,-0.5011,2640.0
Anomalia,0.0152,0.2523,0.6765,-0.5729,0.2528,-0.0158,-0.2996,2640.0
Anomalia,0.0018,0.1981,0.4704,-0.5318,0.1981,-0.2036,0.1137,2880.0
Anomalia,0.0139,0.1443,0.2914,-0.33,0.145,-0.0265,-0.8901,2880.0
Anomalia,0.0221,0.1498,0.367,-0.2556,0.1514,0.0851,-0.9388,2880.0
Anomalia,0.0069,0.1727,0.3697,-0.3962,0.1728,0.0156,-0.7753,2880.0
Anomalia,0.0196,0.2004,0.4122,-0.3962,0.2013,0.0403,-1.1143,3120.0
Anomalia,0.0035,0.2109,0.4122,-0.4091,0.2109,0.0626,-1.1435,2880.0
Anomalia,0.0011,0.231,0.4156,-0.4988,0.231,-0.0158,-1.1273,2880.0
Anomalia,0.0256,0.2119,0.4156,-0.4988,0.2134,-0.2183,-0.7604,2880.0
Anomalia,0.0116,0.1853,0.4156,-0.4988,0.1856,-0.2664,-0.1684,2640.0
Anomalia,0.0137,0.2055,0.4454,-0.6346,0.2059,-0.4479,0.296,2640.0
Anomalia,0.0328,0.2071,0.6131,-0.6346,0.2097,-0.0192,0.8038,2640.0
Anomalia,0.0223,0.4811,1.4561,-1.4088,0.4817,0.1335,1.8035,2640.0
Anomalia,0.0165,0.68,1.4561,-1.4234,0.6802,0.0181,-0.2332,2640.0
Anomalia,0.0108,0.7933,1.4561,-1.4234,0.7934,0.0006,-0.9886,2880.0
Anomalia,0.0091,0.8521,1.4561,-1.4234,0.8521,0.028,-1.3194,2880.0
Anomalia,-0.0071,0.7974,1.4478,-1.4234,0.7975,0.0374,-1.2588,2880.0
Anomalia,0.0057,0.7133,1.2924,-1.2857,0.7133,0.0343,-1.227,2880.0
Anomalia,0.0167,0.6141,1.21,-1.1816,0.6143,0.0596,-1.1156,2880.0
Anomalia,0.0099,0.5589,1.1511,-1.1816,0.559,0.0518,-1.0221,2640.0
Anomalia,0.0153,0.4679,1.1511,-1.1816,0.4682,0.1263,-0.4118,2640.0
Anomalia,0.0346,0.3594,0.8261,-0.6999,0.3611,0.0363,-0.6752,2880.0
Anomalia,0.0249,0.3411,0.8261,-0.735,0.342,0.007,-0.5923,2880.0
Anomalia,0.0063,0.2719,0.6407,-0.735,0.2719,-0.0559,-0.064,2640.0
Anomalia,0.0253,0.2953,0.6513,-0.735,0.2964,-0.0861,-0.4462,2880.0
Anomalia,-0.0262,0.4259,1.032,-1.2183,0.4267,-0.2063,0.0729,2400.0
Anomalia,0.0073,0.5917,1.3719,-1.2373,0.5918,0.0716,-0.1303,2640.0
Anomalia,0.0292,0.7019,1.3719,-1.2373,0.7025,-0.0034,-0.9446,2640.0
Anomalia,0.0092,0.7115,1.3719,-1.2373,0.7116,0.0528,-1.0287,2640.0
Anomalia,0.0411,0.6314,1.3719,-1.2373,0.6328,0.049,-0.4028,2640.0
Anomalia,0.0169,0.4408,1.2609,-1.1912,0.4411,0.0473,1.2007,2640.0
Anomalia,0.0086,0.2745,0.7867,-0.7162,0.2746,-0.1594,0.5303,2640.0
Anomalia,0.011,0.3393,0.9315,-0.9125,0.3395,0.0713,0.7289,2640.0
Anomalia,0.0072,0.3565,0.9315,-0.9125,0.3565,0.0989,0.2644,2640.0
Anomalia,0.0071,0.3656,0.9315,-0.9125,0.3656,0.109,0.0097,2640.0
Anomalia,0.0049,0.368,0.9315,-0.9125,0.368,0.1397,-0.2124,2880.0
Anomalia,0.0029,0.288,0.6281,-0.5578,0.2881,0.156,-0.7848,2880.0
Anomalia,0.0196,0.2797,0.5977,-0.5374,0.2804,0.0811,-0.9103,2640.0
Anomalia,0.0079,0.3454,0.7037,-0.7529,0.3455,-0.0713,-0.8978,2880.0
Anomalia,0.0201,0.4486,1.0879,-1.0049,0.449,-0.02,-0.3428,2880.0
Anomalia,0.0309,0.4901,1.0879,-1.0441,0.4911,-0.118,-0.6049,2640.0
Anomalia,0.0067,0.4884,1.0879,-1.0441,0.4885,0.0066,-0.5879,2640.0
Anomalia,0.0289,0.4533,1.0879,-1.0441,0.4542,-0.0482,-0.1264,2640.0
Anomalia,0.0153,0.3115,0.8785,-1.0441,0.3119,-0.1973,0.8912,2880.0
Anomalia,0.0127,0.212,0.5086,-0.4083,0.2123,0.1402,-0.8586,2640.0
Anomalia,0.0192,0.2227,0.5086,-0.4717,0.2235,0.0248,-0.7679,2640.0
Anomalia,-0.0003,0.2969,0.7229,-0.7149,0.2969,-0.1107,-0.1923,2640.0
Anomalia,0.0132,0.3731,0.7512,-0.8324,0.3734,-0.0511,-0.6832,2640.0
Anomalia,0.0085,0.4212,0.7512,-0.8324,0.4213,-0.067,-1.138,2640.0
Anomalia,0.0062,0.4221,0.7512,-0.8324,0.4222,-0.0425,-1.1568,2640.0
Anomalia,0.0275,0.3551,0.7512,-0.8324,0.3562,-0.1261,-0.4723,2640.0
Anomalia,0.0176,0.272,0.6978,-0.7009,0.2726,-0.2015,0.1373,2880.0
Anomalia,0.0084,0.2448,0.6465,-0.6008,0.245,-0.1306,-0.1049,2880.0
Anomalia,0.0173,0.2454,0.6465,-0.6008,0.246,-0.2298,-0.1039,2640.0
Anomalia,0.0063,0.2614,0.6465,-0.6008,0.2615,-0.1188,-0.5536,2640.0
Anomalia,-0.0024,0.2624,0.6465,-0.6008,0.2624,-0.0626,-0.6093,2640.0
Anomalia,0.0278,0.1946,0.4391,-0.4704,0.1966,-0.2297,-0.4527,2640.0
Anomalia,0.0267,0.1682,0.4391,-0.3745,0.1703,-0.0441,-0.388,3360.0
Anomalia,0.0212,0.1641,0.3916,-0.3985,0.1655,-0.1384,-0.3947,2880.0
Anomalia,0.0186,0.1885,0.494,-0.3985,0.1894,-0.0344,-0.3374,2640.0
Anomalia,-0.0037,0.2063,0.494,-0.3985,0.2064,0.1215,-0.7671,2880.0
Anomalia,0.0052,0.2357,0.6144,-0.407,0.2357,0.2359,-0.7119,2880.0
Anomalia,0.0071,0.3285,0.7771,-0.8071,0.3286,0.0745,-0.2368,2880.0
Anomalia,0.0181,0.3344,0.7771,-0.8071,0.3349,0.0362,-0.2799,2880.0
Anomalia,0.0211,0.3531,0.7771,-0.8071,0.3537,-0.0129,-0.6004,2880.0
Anomalia,0.012,0.4331,1.1251,-0.8635,0.4333,0.1395,-0.6267,2880.0
Anomalia,0.0113,0.4058,1.1251,-0.8635,0.4059,0.215,-0.4012,2640.0
Anomalia,0.0102,0.407,1.1251,-0.8635,0.4071,0.1421,-0.3664,2640.0
Anomalia,0.0164,0.3878,1.1251,-0.8635,0.3882,0.137,0.0318,2640.0
Anomalia,0.0204,0.2793,0.771,-0.7819,0.28,-0.1866,0.274,2400.0
Anomalia,0.0232,0.2012,0.5453,-0.7819,0.2025,-0.5139,1.2426,3360.0
Anomalia,0.0158,0.1693,0.3344,-0.382,0.1701,-0.1399,-0.7736,3360.0
Anomalia,0.012,0.1834,0.5447,-0.3574,0.1838,0.2081,-0.3273,2400.0
Anomalia,-0.0037,0.2525,0.6849,-0.8497,0.2526,-0.0692,1.0495,2400.0
Anomalia,0.0131,0.3566,0.8643,-0.8497,0.3569,0.0554,-0.2568,2640.0
Anomalia,0.0261,0.3972,0.8643,-0.8497,0.3981,-0.0094,-0.8408,2640.0
Anomalia,0.0139,0.3915,0.8643,-0.8497,0.3917,0.0461,-0.7544,2640.0
Anomalia,0.0353,0.3661,0.8643,-0.7738,0.3677,0.0886,-0.6198,2880.0
Anomalia,0.0106,0.3716,0.7863,-0.9609,0.3717,-0.036,-0.4326,2880.0
Anomalia,-0.0039,0.3539,0.7863,-0.9609,0.354,-0.0445,-0.1252,2880.0
Anomalia,0.0204,0.3538,0.7863,-0.9609,0.3544,-0.212,-0.093,2640.0
Anomalia,0.0061,0.3431,0.7863,-0.9609,0.3431,-0.2195,-0.0114,2640.0
Anomalia,0.0062,0.2768,0.7035,-0.6724,0.2769,-0.1185,-0.7323,2640.0
Anomalia,0.0275,0.239,0.5103,-0.5243,0.2406,-0.2189,-0.7457,2640.0
Anomalia,0.0005,0.2644,0.5113,-0.5243,0.2644,-0.0669,-1.0776,2640.0
Anomalia,0.0016,0.2736,0.5213,-0.5243,0.2736,-0.0503,-1.109,2880.0
Anomalia,0.0288,0.2366,0.5213,-0.4252,0.2383,-0.1983,-0.9423,2640.0
Anomalia,0.006,0.2846,0.6857,-0.5812,0.2847,0.1317,-0.8361,2640.0
Anomalia,0.0097,0.3504,0.7642,-0.7548,0.3505,-0.0073,-0.6416,2640.0
Anomalia,0.0148,0.388,0.7642,-0.7548,0.3883,0.0087,-0.8992,2640.0
Anomalia,-0.0014,0.3863,0.7642,-0.7548,0.3863,0.1082,-0.8591,2640.0
Anomalia,0.0108,0.3471,0.7642,-0.7548,0.3472,-0.029,-0.2791,2640.0
Anomalia,0.0243,0.249,0.7199,-0.6765,0.2502,0.0864,0.9878,2880.0
Anomalia,0.0279,0.1406,0.3505,-0.3288,0.1434,0.0273,-0.4568,3120.0
Anomalia,0.0215,0.133,0.3505,-0.3296,0.1347,-0.0263,-0.3113,3120.0
Anomalia,0.0246,0.2037,0.7174,-0.475,0.2052,0.5645,1.1448,3120.0
Anomalia,0.0146,0.3294,0.8105,-0.8776,0.3298,-0.0238,0.3322,2880.0
Anomalia,0.0029,0.3508,0.8105,-0.8776,0.3508,0.0474,-0.2729,2880.0
Anomalia,0.0112,0.3544,0.8105,-0.8776,0.3546,0.0049,-0.3628,2640.0
Anomalia,0.0026,0.3441,0.8105,-0.8776,0.3441,-0.0823,-0.3461,2880.0
Anomalia,0.0021,0.3069,0.6298,-0.7039,0.3069,-0.1092,-0.8821,2880.0
Anomalia,0.018,0.3436,0.7118,-0.7039,0.3441,-0.0583,-0.9307,2640.0
Anomalia,0.0159,0.3564,0.7118,-0.7039,0.3568,-0.051,-1.0909,2640.0
Anomalia,0.0164,0.3467,0.7118,-0.7039,0.3471,-0.0482,-0.9578,2880.0
Anomalia,0.0325,0.3008,0.7118,-0.6206,0.3026,0.0267,-0.851,2880.0
Anomalia,0.0098,0.2349,0.4848,-0.5328,0.2351,0.0698,-0.9913,2640.0
Anomalia,0.0124,0.2484,0.4978,-0.4569,0.2487,0.0342,-1.1555,2640.0
Anomalia,0.0131,0.259,0.5428,-0.527,0.2593,0.0195,-1.015,2400.0
Anomalia,0.0008,0.3533,0.8799,-0.8503,0.3533,-0.0576,-0.3283,2400.0
Anomalia,0.0256,0.3924,0.8799,-0.8503,0.3933,-0.1145,-0.827,2880.0
Anomalia,0.0208,0.3708,0.8799,-0.8503,0.3714,-0.0914,-0.4408,2640.0
Anomalia,0.0173,0.349,0.8799,-0.8503,0.3494,-0.0713,0.0502,2640.0
Anomalia,0.0249,0.2236,0.6801,-0.6213,0.225,0.2768,1.1361,2880.0
Anomalia,0.0047,0.1263,0.304,-0.3254,0.1264,-0.1003,-0.1402,2880.0
Anomalia,0.0088,0.1033,0.232,-0.2729,0.1036,-0.1067,-0.4258,2880.0
Anomalia,0.0138,0.096,0.1926,-0.2729,0.097,-0.3258,-0.1639,2640.0
Anomalia,0.0241,0.1524,0.5105,-0.4053,0.1543,0.2694,1.5729,3360.0
Anomalia,0.0231,0.1976,0.5105,-0.5188,0.1989,-0.1265,0.233,2640.0
Anomalia,0.0188,0.2164,0.5105,-0.5188,0.2172,-0.0134,-0.385,2640.0
Anomalia,0.0124,0.2249,0.5105,-0.5188,0.2253,0.0708,-0.6842,2640.0
Anomalia,-0.0,0.1896,0.4512,-0.5188,0.1896,0.0453,-0.2421,2400.0
Anomalia,0.0068,0.1448,0.4512,-0.3037,0.1449,0.2548,-0.1656,2400.0
Anomalia,0.017,0.1145,0.2754,-0.2387,0.1157,-0.0277,-0.706,2400.0
Anomalia,0.0218,0.1418,0.3895,-0.3628,0.1435,-0.1017,0.0311,2880.0
Anomalia,0.0173,0.1647,0.3895,-0.3784,0.1656,-0.2313,-0.4189,2880.0
Anomalia,0.0193,0.1701,0.3895,-0.3784,0.1712,-0.2182,-0.528,2640.0
Anomalia,0.0059,0.1717,0.3895,-0.3784,0.1718,-0.0333,-0.6281,2640.0
Anomalia,0.0121,0.1375,0.2896,-0.3784,0.138,-0.3021,-0.0266,2880.0
Anomalia,0.022,0.1258,0.3165,-0.3498,0.1277,0.0861,-0.2443,2880.0
Anomalia,0.0152,0.1241,0.3165,-0.2397,0.1251,0.2936,-0.3195,3360.0
Anomalia,0.0235,0.1321,0.3165,-0.2397,0.1341,0.1784,-0.6915,2640.0
Anomalia,0.0172,0.1347,0.3165,-0.2397,0.1358,0.2462,-0.7838,2640.0
Anomalia,0.0054,0.123,0.3006,-0.2397,0.1231,0.2451,-0.681,2880.0
Anomalia,0.017,0.1443,0.3296,-0.2829,0.1453,0.1582,-0.7602,2880.0
Anomalia,0.0148,0.14,0.3296,-0.2829,0.1408,0.1899,-0.5392,2880.0
Anomalia,0.0131,0.1485,0.3296,-0.2829,0.149,0.2127,-0.8063,2640.0
Anomalia,0.0331,0.148,0.3296,-0.2829,0.1517,0.0402,-0.874,2640.0
Anomalia,0.0159,0.1368,0.2854,-0.2946,0.1377,-0.0133,-0.9025,2640.0
Anomalia,0.0105,0.1416,0.2854,-0.2946,0.142,0.0049,-1.0647,2640.0
Anomalia,0.0187,0.1456,0.3135,-0.2946,0.1468,-0.037,-1.0522,2640.0
Anomalia,-0.0024,0.14,0.3135,-0.2946,0.14,0.0973,-0.9701,2400.0
Anomalia,0.0221,0.1443,0.3613,-0.2111,0.146,0.2176,-0.9206,2400.0
Anomalia,0.0279,0.1769,0.4402,-0.3321,0.1791,0.0559,-0.7504,2640.0
Anomalia,0.0219,0.1924,0.4402,-0.3321,0.1936,0.1226,-0.9559,2640.0
Anomalia,0.0213,0.2045,0.4402,-0.3321,0.2056,0.05,-1.1929,2640.0
Anomalia,0.0032,0.2028,0.4402,-0.3321,0.2028,0.1395,-1.1881,2640.0
Anomalia,0.0041,0.2162,0.5336,-0.4556,0.2163,0.1687,-0.8016,2880.0
Anomalia,0.0042,0.2437,0.5336,-0.4556,0.2437,0.1848,-0.886,2880.0
Anomalia,0.0175,0.2633,0.5336,-0.4556,0.2639,0.0963,-1.1632,2880.0
Anomalia,0.0194,0.2816,0.5336,-0.4556,0.2823,0.0608,-1.3665,2880.0
Anomalia,0.0158,0.2698,0.4955,-0.4229,0.2702,0.0539,-1.3762,2880.0
Anomalia,0.0177,0.2289,0.4471,-0.412,0.2295,-0.0344,-1.0736,2880.0
Anomalia,0.0199,0.1891,0.4396,-0.412,0.1902,-0.1789,-0.3298,2640.0
Anomalia,0.0122,0.1517,0.4396,-0.412,0.1522,-0.1718,0.3923,2640.0
Anomalia,0.0185,0.1516,0.4204,-0.3528,0.1527,-0.0106,0.0232,2640.0
Anomalia,0.0179,0.1588,0.4204,-0.3528,0.1598,0.0978,-0.3556,2640.0
Anomalia,0.0069,0.1759,0.4204,-0.3528,0.176,0.1402,-0.8132,2880.0
Anomalia,0.0244,0.1918,0.4204,-0.3528,0.1933,0.03,-1.082,2880.0
Anomalia,0.022,0.1878,0.4327,-0.348,0.189,0.0595,-1.035,2880.0
Anomalia,0.0211,0.2086,0.4327,-0.3713,0.2096,0.0131,-1.19,2880.0
Anomalia,0.02,0.2187,0.4327,-0.3713,0.2196,0.0259,-1.2964,2640.0
Anomalia,0.0071,0.202,0.4327,-0.3713,0.2022,0.1129,-1.0288,2640.0
Anomalia,0.0074,0.1699,0.3576,-0.3713,0.1701,0.0378,-0.4529,2640.0
Anomalia,0.0062,0.1344,0.3576,-0.3651,0.1345,-0.0317,0.1144,2640.0
Anomalia,0.0136,0.133,0.4118,-0.4909,0.1337,-0.1603,1.2179,2880.0
Anomalia,0.0218,0.173,0.5023,-0.4909,0.1743,-0.114,0.8474,2880.0
Anomalia,0.0205,0.1755,0.5023,-0.4909,0.1767,-0.1033,0.6515,2880.0
Anomalia,0.0155,0.1712,0.5023,-0.4909,0.1719,-0.0295,0.9501,2640.0
Anomalia,0.02,0.1413,0.5023,-0.484,0.1427,0.0136,2.6203,2640.0
Anomalia,0.0077,0.0784,0.1732,-0.164,0.0788,0.0158,-0.6352,2640.0
Anomalia,0.0078,0.1097,0.3267,-0.2595,0.11,0.1267,0.2321,2400.0
Anomalia,0.0198,0.1471,0.3859,-0.2793,0.1484,0.2232,-0.2052,2640.0
Anomalia,0.0131,0.1636,0.3859,-0.2793,0.1641,0.2156,-0.7442,2640.0
Anomalia,0.0233,0.1621,0.3859,-0.2793,0.1638,0.0698,-0.7265,2640.0
Anomalia,0.0187,0.1475,0.3859,-0.2793,0.1487,0.1703,-0.3424,2880.0
Anomalia,0.0125,0.124,0.2981,-0.257,0.1246,-0.0068,-0.6055,2880.0
Anomalia,0.0167,0.1382,0.3613,-0.2549,0.1392,0.2078,-0.4522,2640.0
Anomalia,0.0066,0.1659,0.3613,-0.314,0.166,0.0995,-1.0108,2640.0
Anomalia,0.0143,0.169,0.3613,-0.314,0.1696,0.0214,-1.103,2640.0
Anomalia,0.0158,0.1602,0.3613,-0.314,0.161,-0.0148,-0.874,2880.0
Anomalia,0.0022,0.1385,0.2858,-0.314,0.1385,-0.14,-0.776,2880.0
Anomalia,0.0156,0.1132,0.2316,-0.2374,0.1143,-0.1649,-0.9093,2880.0
Anomalia,0.016,0.112,0.2768,-0.2374,0.1131,-0.0485,-0.8235,2880.0
Anomalia,0.009,0.1486,0.451,-0.4275,0.1489,-0.044,0.2873,2880.0
Anomalia,0.0263,0.2162,0.5877,-0.4865,0.2178,0.0269,0.1477,2880.0
Anomalia,0.0133,0.2423,0.5877,-0.4865,0.2426,0.0103,-0.5044,2640.0
Anomalia,0.0029,0.2387,0.5877,-0.4865,0.2387,0.1147,-0.3707,2640.0
Anomalia,0.0182,0.2181,0.5877,-0.4865,0.2189,-0.0321,0.1988,2640.0
Anomalia,0.01,0.149,0.3576,-0.4504,0.1493,-0.4594,0.7509,2640.0
Anomalia,0.0218,0.1187,0.3428,-0.2764,0.1207,-0.0499,-0.248,3120.0
Anomalia,0.0236,0.1722,0.3897,-0.4416,0.1738,-0.4163,0.0083,2880.0
Anomalia,0.0142,0.1904,0.3897,-0.4416,0.191,-0.2573,-0.5994,2880.0
Anomalia,0.0111,0.1911,0.3897,-0.4416,0.1915,-0.2296,-0.5925,2880.0
Anomalia,0.0103,0.1949,0.3897,-0.4416,0.1951,-0.2233,-0.7506,2880.0
Anomalia,0.0129,0.157,0.3269,-0.4083,0.1575,-0.1066,-0.7872,2880.0
Anomalia,0.0196,0.1678,0.3834,-0.2979,0.169,0.121,-0.8883,2880.0
Anomalia,0.0182,0.1749,0.3834,-0.2881,0.1758,0.1013,-1.1361,2880.0
Anomalia,0.0154,0.1669,0.3834,-0.2881,0.1676,0.1746,-1.0626,2880.0
Anomalia,0.0161,0.1747,0.3834,-0.2881,0.1754,0.1093,-1.1671,2880.0
Anomalia,0.0071,0.158,0.2702,-0.2741,0.1582,-0.0307,-1.3584,2880.0
Anomalia,0.025,0.1798,0.4227,-0.2754,0.1816,0.1002,-1.1019,2880.0
Anomalia,0.0173,0.1805,0.4227,-0.2973,0.1813,0.151,-1.0321,2880.0
Anomalia,0.0207,0.1613,0.4227,-0.2973,0.1627,0.1996,-0.4374,2880.0
Anomalia,0.0208,0.1703,0.4227,-0.2973,0.1715,0.268,-0.4926,2880.0
Anomalia,-0.0018,0.1716,0.4003,-0.5149,0.1716,-0.1258,-0.0371,2400.0
Anomalia,0.0167,0.2101,0.4335,-0.5149,0.2108,-0.0565,-0.4997,2640.0
Anomalia,0.0105,0.2235,0.4335,-0.5149,0.2237,0.0335,-0.8915,2640.0
Anomalia,0.0152,0.2034,0.4335,-0.5149,0.2039,-0.0768,-0.3109,2640.0
Anomalia,0.0344,0.1954,0.4335,-0.4677,0.1984,0.02,-0.5324,2880.0
Anomalia,0.018,0.1854,0.422,-0.3853,0.1862,-0.0397,-0.5852,2880.0
Anomalia,0.0087,0.178,0.422,-0.3853,0.1782,-0.0052,-0.3772,2640.0
Anomalia,0.0095,0.1781,0.422,-0.3853,0.1784,-0.0191,-0.3872,2640.0
Anomalia,-0.0062,0.1528,0.422,-0.3853,0.153,-0.0906,0.3342,2880.0
Anomalia,0.0141,0.1311,0.4081,-0.3751,0.1319,0.1719,0.8094,2640.0
Anomalia,0.0318,0.169,0.4638,-0.3926,0.172,0.0063,0.1156,2640.0
Anomalia,0.0167,0.1856,0.4638,-0.3926,0.1863,0.0983,-0.5693,2640.0
Anomalia,0.0247,0.1816,0.4638,-0.3926,0.1833,0.0118,-0.4256,2880.0
Anomalia,0.0073,0.1701,0.4638,-0.3926,0.1702,0.0964,-0.4074,2880.0
Anomalia,-0.0006,0.1452,0.3578,-0.2578,0.1452,0.1434,-0.8896,2880.0
Anomalia,0.0142,0.19,0.4425,-0.4656,0.1906,0.1422,-0.2465,2640.0
Anomalia,0.0163,0.2621,0.5862,-0.552,0.2626,0.0706,-0.6614,2640.0
Anomalia,0.0177,0.282,0.5862,-0.552,0.2825,0.0013,-0.9974,2640.0
Anomalia,0.0241,0.2979,0.5862,-0.552,0.2988,-0.0436,-1.2062,2640.0
Anomalia,0.0158,0.3166,0.5862,-0.552,0.317,-0.0349,-1.2499,2880.0
Anomalia,0.0139,0.2827,0.5651,-0.5297,0.283,-0.0336,-1.195,2880.0
Anomalia,0.0119,0.2642,0.5651,-0.5297,0.2644,0.0219,-0.9433,2640.0
Anomalia,0.0063,0.234,0.5651,-0.5297,0.234,0.0345,-0.2766,2640.0
Anomalia,0.0117,0.1526,0.4435,-0.3484,0.153,0.152,0.2698,2640.0
Anomalia,0.0104,0.1058,0.3006,-0.2795,0.1063,-0.0494,0.0245,2400.0
Anomalia,0.0148,0.134,0.4018,-0.3273,0.1348,0.0189,0.4103,2880.0
Anomalia,0.016,0.1332,0.4018,-0.3273,0.1342,-0.0043,0.4279,2640.0
Anomalia,0.0147,0.1464,0.4018,-0.3273,0.1471,0.0221,-0.3134,2880.0
Anomalia,0.0155,0.1783,0.4464,-0.3273,0.179,0.1669,-0.6969,2880.0
Anomalia,0.0112,0.1701,0.4464,-0.3926,0.1705,0.2044,-0.219,2640.0
Anomalia,0.0101,0.1783,0.4464,-0.3926,0.1786,0.2164,-0.5191,2640.0
Anomalia,0.0106,0.1806,0.4464,-0.3926,0.1809,0.257,-0.5077,2640.0
Anomalia,0.004,0.1635,0.4364,-0.3926,0.1635,0.0915,-0.3602,2640.0
Anomalia,0.0166,0.1538,0.3377,-0.338,0.1547,0.0151,-0.8552,2640.0
Anomalia,0.0204,0.1777,0.3709,-0.3822,0.1788,-0.0711,-0.912,2640.0
Anomalia,0.0153,0.1756,0.3709,-0.3822,0.1763,-0.1108,-0.9315,2640.0
Anomalia,0.0226,0.1835,0.3747,-0.3822,0.1849,-0.0614,-1.0434,2880.0
Anomalia,0.0048,0.2028,0.3788,-0.3822,0.2028,0.0164,-1.1421,2880.0
Anomalia,0.0007,0.1862,0.3788,-0.3724,0.1862,0.0813,-1.0022,2640.0
Anomalia,0.0138,0.1808,0.3788,-0.3724,0.1813,-0.0457,-0.8665,2640.0
Anomalia,0.0073,0.1556,0.3788,-0.3724,0.1558,-0.0766,-0.1899,2640.0
Anomalia,0.0124,0.1317,0.343,-0.2808,0.1323,0.0048,-0.4937,2880.0
Anomalia,0.0162,0.148,0.3661,-0.304,0.1488,0.0296,-0.3261,2640.0
Anomalia,0.0063,0.1475,0.3661,-0.304,0.1476,0.1356,-0.2567,2640.0
Anomalia,0.0151,0.1649,0.3661,-0.304,0.1656,0.1033,-0.8789,2880.0
Anomalia,0.0211,0.1512,0.3661,-0.304,0.1527,0.1492,-0.5576,2880.0
Anomalia,0.017,0.1332,0.3023,-0.2677,0.1342,0.0799,-0.711,2880.0
Anomalia,0.0159,0.1319,0.3023,-0.2677,0.1328,0.1634,-0.6698,2640.0
Anomalia,0.0063,0.125,0.2775,-0.2677,0.1252,0.0229,-0.719,2880.0
Anomalia,0.0055,0.1356,0.2775,-0.2677,0.1358,0.0994,-0.9676,2880.0
Anomalia,0.0097,0.1447,0.2885,-0.2612,0.145,0.1057,-1.0471,2640.0
Anomalia,0.0211,0.1862,0.4994,-0.4045,0.1873,0.1223,-0.622,2640.0
Anomalia,0.0253,0.2211,0.4994,-0.4888,0.2226,-0.0967,-0.8184,2640.0
Anomalia,0.0174,0.2688,0.5084,-0.5572,0.2693,-0.1195,-1.0271,2640.0
Anomalia,0.0106,0.2884,0.5084,-0.5572,0.2886,-0.0851,-1.245,2640.0
Anomalia,-0.0035,0.2922,0.5084,-0.5572,0.2922,-0.0231,-1.3232,2880.0
Anomalia,0.0079,0.2657,0.5084,-0.5572,0.2658,-0.0975,-0.9742,2880.0
Anomalia,0.0179,0.2231,0.4512,-0.4483,0.2239,-0.1355,-0.8146,2880.0
Anomalia,0.0158,0.1993,0.4512,-0.4483,0.1999,-0.072,-0.6733,2880.0
Anomalia,0.0144,0.1549,0.3453,-0.3384,0.1555,0.0575,-0.5381,2640.0
Anomalia,0.0071,0.1504,0.3453,-0.3384,0.1506,0.0181,-0.521,2640.0
Anomalia,-0.0023,0.1449,0.3261,-0.3384,0.1449,0.0032,-0.6407,2880.0
Anomalia,0.0116,0.1248,0.2685,-0.281,0.1254,-0.0841,-0.8456,2400.0
Anomalia,0.0177,0.1297,0.2685,-0.281,0.1309,-0.1565,-0.9775,2400.0
Anomalia,0.0146,0.1264,0.2685,-0.281,0.1272,-0.1387,-0.9199,2640.0
Anomalia,0.0207,0.1189,0.242,-0.1955,0.1206,-0.0925,-1.193,2640.0
Anomalia,0.0105,0.119,0.242,-0.2501,0.1194,-0.0805,-1.0324,2640.0
Anomalia,0.0026,0.1066,0.2289,-0.2501,0.1067,-0.109,-0.7339,2640.0
Anomalia,0.0141,0.1314,0.3198,-0.2501,0.1322,0.13,-0.752,3120.0
Anomalia,0.015,0.1562,0.3599,-0.3309,0.1569,0.0607,-0.6418,2640.0
Anomalia,0.0158,0.1742,0.3599,-0.3309,0.1749,0.0753,-0.9922,2640.0
Anomalia,0.0184,0.1957,0.3599,-0.3309,0.1966,-0.0123,-1.3662,2640.0
Anomalia,0.0068,0.1948,0.3599,-0.3309,0.1949,0.0643,-1.3458,2640.0
Anomalia,0.0024,0.1754,0.3513,-0.2814,0.1754,0.0756,-1.2346,2640.0
Anomalia,0.006,0.1702,0.3513,-0.2956,0.1703,-0.0387,-1.2007,2640.0
Anomalia,0.0221,0.1524,0.3217,-0.2956,0.154,-0.1618,-0.9516,2880.0
Anomalia,0.0213,0.1488,0.2969,-0.2956,0.1503,-0.165,-0.9697,3120.0
Anomalia,0.019,0.1415,0.2969,-0.2956,0.1428,-0.0795,-0.7971,2640.0
Anomalia,0.0134,0.1287,0.2969,-0.2345,0.1294,0.0806,-0.8771,2880.0
Anomalia,0.0004,0.1248,0.2969,-0.2345,0.1248,0.1012,-0.9622,2880.0
Anomalia,-0.0019,0.1123,0.2134,-0.214,0.1123,0.0408,-1.1874,2640.0
Anomalia,0.0155,0.1516,0.4498,-0.4068,0.1524,0.296,-0.0484,2640.0
Anomalia,0.0237,0.2282,0.5676,-0.5716,0.2294,-0.0227,0.0931,2640.0
Anomalia,0.0198,0.2983,0.5676,-0.5831,0.2989,-0.0958,-0.7795,2640.0
Anomalia,0.0196,0.3137,0.5676,-0.5831,0.3143,-0.1066,-1.0748,2640.0
Anomalia,0.0024,0.2992,0.5676,-0.5831,0.2992,-0.0083,-0.8316,2640.0
Anomalia,0.0062,0.2479,0.5635,-0.5831,0.248,-0.1039,-0.1467,2880.0
Anomalia,0.0134,0.1931,0.4154,-0.4001,0.1935,-0.0727,-0.6505,2880.0
Anomalia,0.0089,0.1641,0.4154,-0.3897,0.1643,0.0813,0.0342,2880.0
Anomalia,0.0134,0.1607,0.4154,-0.3897,0.1612,0.0359,0.0719,2880.0
Anomalia,0.0054,0.1507,0.4154,-0.3897,0.1508,0.1175,0.3947,2880.0
Anomalia,0.006,0.0904,0.1853,-0.1827,0.0906,-0.2225,-0.8083,2880.0
Anomalia,0.0166,0.0944,0.2149,-0.1817,0.0959,-0.1116,-0.7623,2640.0
Anomalia,0.0112,0.1027,0.2149,-0.2172,0.1033,-0.1711,-0.6757,2640.0
Anomalia,0.0113,0.1181,0.2574,-0.2172,0.1186,-0.0276,-0.9467,2640.0
Anomalia,0.0098,0.1373,0.2662,-0.2535,0.1377,0.0088,-1.2231,2640.0
Anomalia,0.0036,0.1419,0.2662,-0.2535,0.1419,0.0309,-1.3212,2880.0
Anomalia,0.0135,0.1363,0.2662,-0.2535,0.137,-0.0375,-1.2484,2880.0
Anomalia,0.0138,0.1304,0.2662,-0.2535,0.1311,-0.0888,-1.1613,2880.0
Anomalia,0.0137,0.1362,0.2925,-0.2647,0.1369,-0.0359,-1.0257,2640.0
Anomalia,0.0246,0.1838,0.5053,-0.393,0.1854,0.2206,-0.2681,2880.0
Anomalia,0.0103,0.2083,0.5053,-0.4143,0.2086,0.1766,-0.6737,2640.0
Anomalia,0.0144,0.2022,0.5053,-0.4143,0.2027,0.1375,-0.4467,2640.0
Anomalia,0.0075,0.1892,0.5053,-0.4143,0.1893,0.2496,0.0868,2640.0
Anomalia,-0.0008,0.1285,0.3653,-0.4143,0.1285,-0.2679,1.4873,2880.0
Anomalia,0.0159,0.0752,0.1548,-0.1412,0.0769,-0.111,-0.8217,2880.0
Anomalia,0.0132,0.0995,0.2806,-0.2303,0.1004,0.0615,-0.0424,2880.0
Anomalia,0.0116,0.1106,0.2806,-0.2574,0.1112,-0.0409,-0.1157,2880.0
Anomalia,0.0209,0.124,0.291,-0.2574,0.1258,-0.0224,-0.5928,2880.0
Anomalia,0.0033,0.1446,0.291,-0.2921,0.1446,0.0302,-0.9486,2880.0
Anomalia,0.0031,0.1471,0.291,-0.2921,0.1471,0.0574,-1.0453,2640.0
Anomalia,0.0217,0.156,0.3384,-0.2921,0.1575,0.0441,-1.074,2640.0
Anomalia,0.0057,0.1803,0.3384,-0.3638,0.1804,-0.0142,-1.1643,2640.0
Anomalia,0.0138,0.1772,0.3384,-0.3638,0.1777,-0.0431,-1.1433,2640.0
Anomalia,0.0104,0.1644,0.3384,-0.3638,0.1648,-0.0175,-0.7936,2640.0
Anomalia,-0.0021,0.1448,0.3338,-0.3638,0.1449,-0.1065,-0.3373,2640.0
Anomalia,0.0177,0.1167,0.2941,-0.2368,0.118,0.1825,-0.656,2640.0
Anomalia,0.0196,0.1629,0.4404,-0.513,0.1641,-0.1134,0.9452,2640.0
Anomalia,0.0137,0.1996,0.4404,-0.513,0.2001,-0.1581,-0.2793,2640.0
Anomalia,0.0124,0.2264,0.4404,-0.513,0.2268,-0.1101,-0.934,2640.0
Anomalia,-0.0005,0.2243,0.4404,-0.513,0.2243,0.0019,-0.9049,2640.0
Anomalia,0.0006,0.1818,0.4035,-0.4224,0.1818,-0.032,-0.4543,2640.0
Anomalia,0.009,0.1659,0.3743,-0.4312,0.1661,-0.2187,-0.2324,2880.0
Anomalia,0.0196,0.147,0.4145,-0.4312,0.1483,-0.3103,0.555,2880.0
Anomalia,0.0184,0.1405,0.4145,-0.4312,0.1417,-0.3387,1.0968,2880.0
Anomalia,0.0083,0.1575,0.4145,-0.4312,0.1577,-0.2769,-0.0089,2880.0
Anomalia,0.0097,0.1387,0.4145,-0.3413,0.139,0.0495,0.0421,2400.0
Anomalia,0.0022,0.1557,0.4064,-0.3932,0.1557,0.0013,-0.22,2400.0
Anomalia,0.0031,0.1899,0.4126,-0.3932,0.19,0.0084,-0.7972,2880.0
Anomalia,0.0226,0.1815,0.4126,-0.3932,0.1829,-0.1531,-0.5267,2640.0
Anomalia,0.0184,0.1766,0.4126,-0.3932,0.1776,-0.1662,-0.3277,2640.0
Anomalia,0.0166,0.1796,0.4126,-0.3797,0.1804,-0.1769,-0.5902,2880.0
Anomalia,0.0183,0.166,0.3425,-0.3809,0.167,-0.2538,-0.5807,2880.0
Anomalia,-0.0033,0.1729,0.3425,-0.3809,0.1729,-0.0082,-0.811,2640.0
Anomalia,0.0071,0.1783,0.3425,-0.3809,0.1785,-0.095,-0.9652,2640.0
Anomalia,0.0143,0.1588,0.3296,-0.3809,0.1595,-0.0284,-0.9488,2880.0
Anomalia,0.004,0.1562,0.3296,-0.2856,0.1562,0.0293,-1.0631,2880.0
Anomalia,0.0236,0.1545,0.3296,-0.2856,0.1563,-0.1032,-1.0721,2640.0
Anomalia,0.0149,0.1701,0.3496,-0.3252,0.1707,-0.029,-1.1646,2640.0
Anomalia,-0.0038,0.1813,0.3496,-0.3438,0.1813,-0.066,-1.2185,2640.0
Anomalia,0.0131,0.1721,0.3496,-0.3438,0.1726,-0.1412,-1.0315,2640.0
Anomalia,0.0099,0.1884,0.3822,-0.3438,0.1886,-0.0373,-1.1086,2640.0
Anomalia,0.0101,0.2065,0.4281,-0.3578,0.2068,0.0365,-1.0855,2640.0
Anomalia,0.0258,0.1954,0.4281,-0.3578,0.1971,0.0208,-0.9873,2640.0
Anomalia,0.0017,0.2092,0.4281,-0.3578,0.2092,0.0927,-1.1325,2880.0
Anomalia,0.001,0.2106,0.4291,-0.3578,0.2106,0.1188,-1.0817,2880.0
Anomalia,0.0095,0.1804,0.4291,-0.3371,0.1806,-0.0712,-0.9192,2400.0
Anomalia,0.0101,0.1964,0.4291,-0.3371,0.1967,-0.0154,-1.1036,2640.0
Anomalia,0.025,0.2029,0.4291,-0.335,0.2044,-0.0427,-1.1791,2640.0
Anomalia,0.0147,0.1921,0.3561,-0.3284,0.1926,0.0116,-1.165,2880.0
Anomalia,0.0106,0.19,0.3561,-0.3284,0.1903,0.0865,-1.0881,2880.0
Anomalia,0.0072,0.1825,0.3538,-0.3284,0.1826,0.0549,-1.0451,2880.0
Anomalia,0.0007,0.169,0.3309,-0.3943,0.169,0.0272,-0.8371,2880.0
Anomalia,0.0159,0.184,0.4195,-0.4331,0.1847,-0.0778,-0.6595,2880.0
Anomalia,0.0126,0.1791,0.4195,-0.4331,0.1796,-0.0633,-0.4747,2880.0
Anomalia,0.0078,0.1673,0.4195,-0.4331,0.1675,-0.0069,-0.1109,2880.0
Anomalia,0.0217,0.1519,0.4195,-0.4331,0.1534,0.0359,0.2275,2880.0
Anomalia,0.0042,0.1448,0.3365,-0.3392,0.1449,-0.0165,-0.3733,2880.0
Anomalia,0.004,0.1589,0.3365,-0.3392,0.159,0.0022,-0.8594,2880.0
Anomalia,0.0118,0.1985,0.4832,-0.3788,0.1989,0.0926,-0.6983,2880.0
Anomalia,0.0046,0.2162,0.4832,-0.3788,0.2162,0.1492,-1.0662,2880.0
Anomalia,0.0184,0.2214,0.4832,-0.3788,0.2221,0.0887,-1.1207,2640.0
Anomalia,0.0203,0.2226,0.4832,-0.3788,0.2235,0.0921,-1.1207,2640.0
Anomalia,0.0149,0.21,0.4118,-0.3949,0.2105,0.0226,-1.2006,2640.0
Anomalia,0.0198,0.2261,0.4852,-0.3949,0.2269,0.0656,-1.1593,2640.0
Anomalia,0.0092,0.2287,0.4852,-0.4477,0.2289,0.0287,-1.0782,2640.0
Anomalia,0.0067,0.24,0.4852,-0.4477,0.2401,0.0207,-1.2688,2880.0
Anomalia,0.0181,0.2285,0.4852,-0.4477,0.2292,-0.0161,-1.1717,2880.0
Anomalia,0.0019,0.2192,0.4112,-0.4477,0.2192,-0.1241,-1.1524,2880.0
Anomalia,0.0001,0.2137,0.3519,-0.4427,0.2137,-0.1004,-1.223,2880.0
Anomalia,0.0117,0.2058,0.388,-0.4427,0.2061,-0.1044,-1.0018,2880.0
Anomalia,0.003,0.1859,0.388,-0.4427,0.1859,-0.147,-0.4769,2880.0
Anomalia,0.0204,0.1488,0.388,-0.416,0.1502,-0.0928,0.3382,2640.0
Anomalia,0.0251,0.1157,0.388,-0.2343,0.1184,0.5689,0.5906,2640.0
Anomalia,0.0115,0.0888,0.2082,-0.1661,0.0895,0.0313,-0.9019,2400.0
Anomalia,0.007,0.1059,0.2082,-0.2868,0.1061,-0.1618,-0.5755,2880.0
Anomalia,0.0033,0.1202,0.2581,-0.2868,0.1202,0.0636,-0.746,2880.0
Anomalia,0.0138,0.1152,0.2581,-0.2868,0.1161,-0.0988,-0.4876,2640.0
Anomalia,0.0141,0.1293,0.2727,-0.3478,0.13,-0.4578,-0.1453,2640.0
Anomalia,0.0123,0.1432,0.2787,-0.3478,0.1437,-0.3295,-0.5404,2640.0
Anomalia,0.0143,0.1577,0.314,-0.3478,0.1584,-0.2699,-0.7533,2640.0
Anomalia,0.0077,0.1747,0.314,-0.3478,0.1749,-0.1331,-1.2061,2640.0
Anomalia,0.0066,0.1938,0.4181,-0.3586,0.1939,0.0644,-1.2515,2640.0
Anomalia,0.0209,0.1904,0.4181,-0.3586,0.1915,-0.0034,-1.1821,2640.0
Anomalia,0.0103,0.179,0.4181,-0.3586,0.1793,0.0478,-0.9347,2640.0
Anomalia,0.005,0.1797,0.4181,-0.3586,0.1797,0.0851,-0.8935,2880.0
Anomalia,0.0089,0.1503,0.3248,-0.3046,0.1506,0.0543,-0.7538,2880.0
Anomalia,-0.0006,0.151,0.2875,-0.3046,0.151,-0.0238,-0.8358,2880.0
Anomalia,0.0091,0.1988,0.4869,-0.4869,0.199,0.0405,-0.5152,2880.0
Anomalia,0.0179,0.2368,0.6269,-0.5015,0.2375,0.1289,-0.415,2880.0
Anomalia,0.0115,0.2403,0.6269,-0.5015,0.2405,0.1304,-0.5012,2880.0
Anomalia,0.022,0.2593,0.6269,-0.5015,0.2602,0.0972,-0.8686,2880.0
Anomalia,0.0158,0.2259,0.6269,-0.5015,0.2264,0.2296,-0.3314,2880.0
Anomalia,0.008,0.1755,0.4377,-0.3317,0.1757,0.2109,-0.4412,2640.0
Anomalia,0.0177,0.167,0.4377,-0.3317,0.1679,0.2136,-0.24,2880.0
Anomalia,0.0077,0.1082,0.2702,-0.3044,0.1085,-0.0894,-0.2299,2880.0
Anomalia,0.0168,0.0954,0.2537,-0.2384,0.0968,-0.0496,-0.3942,3360.0
Anomalia,0.0146,0.0801,0.2047,-0.1456,0.0814,0.2484,-0.6978,3360.0
Anomalia,0.0023,0.0908,0.2047,-0.325,0.0909,-0.5078,1.2858,3360.0
Anomalia,0.0038,0.1472,0.4341,-0.3832,0.1473,-0.0244,0.761,2880.0
Anomalia,0.0041,0.1644,0.4341,-0.3832,0.1645,0.1676,0.2056,2880.0
Anomalia,0.0169,0.1641,0.4341,-0.3832,0.1649,-0.0445,0.2141,2880.0
Anomalia,0.0215,0.1688,0.4341,-0.3832,0.1701,-0.0053,-0.1791,2880.0
Anomalia,0.0258,0.1656,0.4091,-0.3246,0.1676,0.0768,-0.4941,2880.0
Anomalia,0.0163,0.1472,0.4062,-0.3246,0.1481,0.0591,-0.0888,2640.0
Anomalia,-0.0004,0.1512,0.4062,-0.3246,0.1512,0.2641,-0.2406,2640.0
Anomalia,0.0085,0.1402,0.4062,-0.3246,0.1405,0.2533,0.3306,2880.0
Anomalia,0.0097,0.1173,0.3505,-0.2044,0.1177,0.4705,0.2256,2400.0
Anomalia,0.0097,0.2091,0.6202,-0.591,0.2093,0.0738,1.0607,2640.0
Anomalia,0.0225,0.2782,0.6202,-0.591,0.2791,-0.0809,-0.3622,2640.0
Anomalia,0.017,0.2958,0.6202,-0.591,0.2963,-0.0535,-0.8057,2640.0
Anomalia,0.0025,0.2911,0.6202,-0.591,0.2911,0.0364,-0.6909,2640.0
Anomalia,0.0146,0.237,0.6073,-0.5647,0.2375,-0.0908,0.0064,2640.0
Anomalia,0.0112,0.1698,0.3864,-0.431,0.1702,-0.1539,-0.6821,2880.0
Anomalia,0.0066,0.1948,0.5111,-0.4838,0.1949,-0.0712,-0.2031,2880.0
Anomalia,0.0171,0.226,0.5111,-0.4838,0.2266,-0.025,-0.7543,2640.0
Anomalia,0.0049,0.2288,0.5111,-0.4838,0.2289,0.0885,-0.8331,2640.0
Anomalia,0.0055,0.2486,0.5111,-0.4838,0.2486,0.1137,-0.9708,2880.0
Anomalia,0.0065,0.262,0.498,-0.5626,0.2621,0.0058,-0.9907,2880.0
Anomalia,0.0142,0.2735,0.5981,-0.5626,0.2739,0.0671,-0.8939,2880.0
Anomalia,0.0169,0.2805,0.5981,-0.5626,0.281,0.0252,-1.0241,2880.0
Anomalia,0.0204,0.2673,0.5981,-0.5626,0.2681,0.0022,-0.8786,2880.0
Anomalia,0.0187,0.2155,0.5981,-0.4652,0.2163,0.3196,-0.2784,2880.0
Anomalia,0.0164,0.1679,0.4116,-0.3421,0.1687,0.0751,-0.6232,2880.0
Anomalia,0.012,0.1553,0.4116,-0.3158,0.1558,0.1912,-0.4698,2880.0
Anomalia,0.0079,0.1164,0.345,-0.2762,0.1166,0.1208,-0.0951,2880.0
Anomalia,0.0165,0.1235,0.345,-0.2762,0.1246,-0.1206,-0.1618,2640.0
Anomalia,0.0178,0.152,0.4095,-0.3317,0.153,0.0752,-0.0824,2640.0
Anomalia,0.0182,0.157,0.4095,-0.3317,0.1581,0.1225,-0.1165,2640.0
Anomalia,0.015,0.1628,0.4095,-0.3317,0.1635,0.1439,-0.4298,2640.0
Anomalia,0.0123,0.182,0.4095,-0.3317,0.1824,0.2184,-0.6702,2880.0
Anomalia,0.0038,0.1751,0.4112,-0.3215,0.1752,0.2699,-0.5842,2640.0
Anomalia,0.0081,0.1843,0.4112,-0.3215,0.1845,0.1781,-0.9052,2640.0
Anomalia,0.0191,0.1869,0.4112,-0.3215,0.1879,0.08,-0.9808,2640.0
Anomalia,0.0086,0.1673,0.4112,-0.3131,0.1675,0.1437,-0.729,2640.0
Anomalia,0.0126,0.1335,0.3104,-0.3062,0.1341,-0.0919,-0.2119,2640.0
Anomalia,0.0189,0.1216,0.3649,-0.2933,0.1231,0.06,0.7656,2400.0
Anomalia,0.007,0.1252,0.3649,-0.2933,0.1254,0.0487,0.5169,2880.0
Anomalia,0.0166,0.1661,0.4431,-0.3628,0.1669,0.0975,0.1341,2640.0
Anomalia,0.0214,0.1848,0.4431,-0.3628,0.186,0.0799,-0.649,2640.0
Anomalia,0.0052,0.1772,0.4431,-0.3628,0.1773,0.2063,-0.5012,2640.0
Anomalia,0.0157,0.1755,0.4431,-0.3628,0.1762,0.093,-0.512,2880.0
Anomalia,0.0178,0.1353,0.3194,-0.2683,0.1364,0.0611,-0.8776,2400.0
Anomalia,0.009,0.1086,0.2322,-0.2683,0.109,-0.0452,-0.551,2640.0
Anomalia,0.0275,0.1,0.2322,-0.1713,0.1037,0.0214,-0.8584,2640.0
Anomalia,0.0094,0.1013,0.2184,-0.2401,0.1018,-0.1477,-0.6656,2640.0
Anomalia,0.0085,0.1351,0.3751,-0.3169,0.1354,0.1071,0.1342,2880.0
Anomalia,0.0109,0.1593,0.3751,-0.3169,0.1597,0.1002,-0.6396,2880.0
Anomalia,0.0074,0.1574,0.3751,-0.3169,0.1575,0.1436,-0.5386,2640.0
Anomalia,0.0173,0.1942,0.4911,-0.5113,0.195,-0.0464,-0.2248,2880.0
Anomalia,0.018,0.214,0.557,-0.5113,0.2147,0.013,-0.0052,2880.0
Anomalia,0.0141,0.2029,0.557,-0.5113,0.2034,0.0438,0.4733,2880.0
Anomalia,0.0076,0.2117,0.557,-0.5113,0.2119,0.1143,0.0113,2880.0
Anomalia,0.0155,0.1741,0.557,-0.4963,0.1748,0.1408,0.8038,2880.0
Anomalia,0.0145,0.1069,0.2393,-0.2195,0.1079,-0.0391,-0.7923,2880.0
Anomalia,0.0179,0.1137,0.2626,-0.2641,0.1151,-0.085,-0.55,2640.0
Anomalia,0.0217,0.1281,0.2873,-0.2912,0.1299,-0.2179,-0.3509,2640.0
Anomalia,0.0199,0.1566,0.3188,-0.3234,0.1578,-0.1407,-0.7712,2640.0
Anomalia,0.0107,0.1631,0.3188,-0.3234,0.1634,-0.0265,-1.0396,2640.0
Anomalia,0.012,0.1644,0.3188,-0.3234,0.1648,-0.0317,-1.0749,2640.0
Anomalia,0.0156,0.15,0.3188,-0.3234,0.1508,-0.0096,-0.8857,2400.0
Anomalia,0.0072,0.1205,0.2864,-0.2522,0.1207,0.0571,-0.799,2400.0
Anomalia,0.0213,0.1307,0.2864,-0.2522,0.1324,-0.023,-0.9024,2400.0
Anomalia,0.0161,0.1282,0.2804,-0.2314,0.1292,0.0199,-0.9783,2880.0
Anomalia,0.0012,0.1508,0.3017,-0.3736,0.1508,-0.1764,-0.723,2640.0
Anomalia,0.0151,0.1733,0.3828,-0.3736,0.1739,-0.1357,-0.934,2640.0
Anomalia,0.0026,0.1635,0.3828,-0.3736,0.1635,-0.0451,-0.6635,2640.0
Anomalia,0.009,0.1916,0.3943,-0.3736,0.1918,0.0252,-0.9048,2880.0
Anomalia,0.0277,0.1939,0.3943,-0.3261,0.1958,0.0797,-1.0149,2880.0
Anomalia,0.0115,0.1747,0.3943,-0.3261,0.175,0.2719,-0.5823,2880.0
Anomalia,0.0153,0.1784,0.3943,-0.3261,0.1791,0.1915,-0.7409,2880.0
Anomalia,0.0103,0.1345,0.3751,-0.3073,0.1349,0.3239,0.1474,2880.0
Anomalia,0.0,0.0839,0.1813,-0.2357,0.0839,-0.2955,-0.0243,2880.0
Anomalia,0.0191,0.0791,0.1813,-0.2357,0.0814,-0.4927,0.7136,2880.0
Anomalia,0.0197,0.0945,0.212,-0.2904,0.0965,-0.7235,1.3102,2400.0
Anomalia,0.0184,0.137,0.3425,-0.3421,0.1383,-0.4197,0.1755,2640.0
Anomalia,0.02,0.1389,0.3425,-0.3421,0.1403,-0.4475,0.0523,2640.0
Anomalia,0.0059,0.1534,0.3425,-0.3421,0.1535,-0.1585,-0.7038,2880.0
Anomalia,0.0073,0.1584,0.3425,-0.3421,0.1586,-0.0734,-0.836,2880.0
Anomalia,0.0114,0.1609,0.4154,-0.4233,0.1613,-0.1493,-0.3181,2640.0
Anomalia,0.0073,0.2439,0.552,-0.5614,0.244,-0.0948,-0.5101,2640.0
Anomalia,0.0148,0.288,0.5779,-0.5614,0.2884,-0.0382,-0.9688,2640.0
Anomalia,0.0152,0.2917,0.5779,-0.5614,0.2921,-0.0278,-1.0186,2640.0
Anomalia,0.0164,0.2907,0.5779,-0.5614,0.2912,-0.0068,-1.0537,2880.0
Anomalia,0.0228,0.2393,0.5779,-0.4806,0.2404,0.0887,-0.7995,2880.0
Anomalia,0.0157,0.2396,0.5272,-0.5462,0.2401,-0.0444,-0.7371,2880.0
Anomalia,0.0231,0.2559,0.5272,-0.5462,0.257,-0.0903,-0.9669,2880.0
Anomalia,0.018,0.2418,0.5272,-0.5462,0.2425,-0.0799,-0.623,2880.0
Anomalia,0.013,0.2307,0.5272,-0.5462,0.2311,-0.0707,-0.2775,2880.0
Anomalia,0.0165,0.1717,0.4212,-0.3836,0.1725,0.0386,-0.2441,2880.0
Anomalia,0.0098,0.1299,0.266,-0.2779,0.1303,-0.0693,-0.7464,2880.0
Anomalia,0.0107,0.1709,0.3663,-0.3615,0.1712,-0.027,-0.7167,2880.0
Anomalia,0.0198,0.1889,0.3663,-0.3615,0.1899,-0.0676,-1.0982,2880.0
Anomalia,0.0133,0.2043,0.3663,-0.3619,0.2047,-0.0755,-1.2118,2880.0
Anomalia,0.0106,0.2018,0.3663,-0.3619,0.202,-0.0695,-1.1536,2880.0
Anomalia,0.0146,0.1646,0.3275,-0.3619,0.1653,-0.141,-0.7523,2880.0
Anomalia,-0.0094,0.1732,0.3167,-0.3793,0.1735,-0.2387,-0.8172,2880.0
Anomalia,0.005,0.1804,0.4266,-0.3793,0.1805,-0.0517,-0.6118,2640.0
Anomalia,0.018,0.1911,0.4266,-0.3793,0.1919,-0.0515,-0.8371,2640.0
Anomalia,0.0116,0.1959,0.4266,-0.3793,0.1963,0.0172,-1.0,2640.0
Anomalia,0.031,0.1803,0.4266,-0.3517,0.1829,0.0979,-1.023,2880.0
Anomalia,0.0167,0.1478,0.3613,-0.2472,0.1488,0.1694,-0.9638,2880.0
Anomalia,0.0022,0.1358,0.2716,-0.2505,0.1358,0.0085,-1.1426,2880.0
Anomalia,0.0148,0.1255,0.2716,-0.2505,0.1263,-0.1811,-0.8013,2880.0
Anomalia,0.0104,0.1156,0.2422,-0.2505,0.1161,-0.267,-0.751,2880.0
Anomalia,0.0213,0.143,0.3448,-0.2668,0.1446,-0.1006,-0.723,2400.0
Anomalia,0.0164,0.1591,0.3465,-0.4391,0.16,-0.3501,-0.0141,2400.0
Anomalia,0.0055,0.1835,0.3465,-0.4391,0.1835,-0.1786,-0.7584,2640.0
Anomalia,0.0162,0.1991,0.3465,-0.4391,0.1997,-0.1995,-1.0173,2640.0
Anomalia,0.0059,0.1795,0.3465,-0.4391,0.1796,-0.1797,-0.5741,2640.0
Anomalia,0.0186,0.1698,0.3369,-0.3369,0.1708,-0.0581,-0.8221,2880.0
Anomalia,0.0213,0.1598,0.3369,-0.3014,0.1612,0.0438,-0.8402,2880.0
Anomalia,0.0133,0.1354,0.3344,-0.3014,0.1361,0.1028,-0.5189,2640.0
Anomalia,0.0185,0.14,0.3344,-0.3014,0.1412,-0.0664,-0.713,2640.0
Anomalia,0.0171,0.1157,0.3156,-0.2645,0.117,-0.1002,-0.2564,2640.0
Anomalia,0.0134,0.1296,0.3267,-0.3809,0.1303,-0.2161,0.2554,2640.0
Anomalia,0.0221,0.1529,0.3388,-0.3859,0.1545,-0.2078,-0.1662,2640.0
Anomalia,0.0106,0.1514,0.3388,-0.3859,0.1517,-0.0391,-0.1361,2640.0
Anomalia,0.0086,0.1521,0.3388,-0.3859,0.1523,-0.0011,-0.1877,2640.0
Anomalia,0.0196,0.1232,0.3388,-0.3859,0.1248,-0.0165,0.3887,2880.0
Anomalia,0.0067,0.086,0.183,-0.2044,0.0863,0.0103,-0.714,2880.0
Anomalia,0.0177,0.0864,0.222,-0.1738,0.0882,0.1185,-0.8127,2880.0
Anomalia,0.0226,0.0908,0.222,-0.1738,0.0936,0.203,-0.8419,2880.0
Anomalia,0.008,0.0842,0.222,-0.1738,0.0846,0.4748,-0.2096,2880.0
Anomalia,0.0139,0.0878,0.233,-0.1738,0.0889,0.5243,-0.1208,2400.0
Anomalia,0.0154,0.102,0.3882,-0.2457,0.1031,0.8755,1.7256,2880.0
Anomalia,0.0002,0.1885,0.4959,-0.5096,0.1885,-0.0745,0.9049,2880.0
Anomalia,0.0188,0.242,0.5391,-0.5096,0.2427,0.1049,-0.449,2640.0
Anomalia,0.0152,0.2505,0.5391,-0.5096,0.251,0.1208,-0.7046,2640.0
Anomalia,0.0156,0.2423,0.5391,-0.5096,0.2428,0.0833,-0.4888,2640.0
Anomalia,0.0181,0.1899,0.5391,-0.3857,0.1908,0.4362,0.3417,2640.0
Anomalia,0.0038,0.1375,0.3171,-0.3183,0.1375,-0.1474,-0.6305,2640.0
Anomalia,0.0041,0.1279,0.2618,-0.3183,0.128,-0.2408,-0.6822,2880.0
Anomalia,0.0088,0.1441,0.3442,-0.3183,0.1443,-0.0372,-0.8214,2880.0
Anomalia,0.0227,0.157,0.3442,-0.2741,0.1587,0.0288,-1.1656,2880.0
Anomalia,0.0287,0.1671,0.3442,-0.2904,0.1695,-0.0099,-1.1361,2880.0
Anomalia,0.0172,0.1693,0.3442,-0.2904,0.1702,0.0882,-1.1228,2880.0
Anomalia,0.014,0.1714,0.4045,-0.2944,0.172,0.151,-0.904,2880.0
Anomalia,0.0075,0.1807,0.4045,-0.3271,0.1808,0.138,-0.9033,2880.0
Anomalia,0.0034,0.1746,0.4045,-0.3271,0.1747,0.1769,-0.7843,2640.0
Anomalia,0.0291,0.2358,0.6517,-0.5597,0.2376,0.0743,-0.3219,2640.0
Anomalia,0.0182,0.2716,0.6517,-0.5647,0.2722,-0.036,-0.748,2640.0
Anomalia,0.0132,0.2575,0.6517,-0.5647,0.2578,0.0117,-0.3772,2640.0
Anomalia,0.0154,0.2749,0.6517,-0.5647,0.2754,0.0393,-0.7262,2880.0
Anomalia,-0.0125,0.2564,0.5295,-0.5647,0.2567,0.0351,-0.938,2400.0
Anomalia,0.0062,0.2618,0.5612,-0.5553,0.2619,0.0749,-0.8737,2640.0
Anomalia,0.0177,0.2934,0.5612,-0.5553,0.2939,0.0192,-1.2242,2640.0
Anomalia,0.0115,0.2859,0.5612,-0.5553,0.2862,0.0012,-1.118,2640.0
Anomalia,0.0239,0.2637,0.5612,-0.5553,0.2647,0.0055,-0.8646,2880.0
Anomalia,0.0134,0.2307,0.5605,-0.4692,0.2311,0.0527,-0.949,2880.0
Anomalia,0.0071,0.2085,0.4024,-0.4452,0.2086,-0.0071,-1.238,2880.0
Anomalia,0.0212,0.242,0.5689,-0.4794,0.243,0.1186,-0.8965,2880.0
Anomalia,0.0161,0.252,0.5689,-0.4794,0.2525,0.0744,-0.941,2880.0
Anomalia,0.0156,0.2369,0.5689,-0.4794,0.2374,0.0844,-0.5607,2880.0
Anomalia,0.0201,0.2299,0.5689,-0.4794,0.2308,0.0289,-0.3734,2880.0
Anomalia,0.0031,0.1884,0.4078,-0.4341,0.1884,-0.1528,-0.8077,2880.0
Anomalia,0.008,0.1697,0.3571,-0.3603,0.1699,-0.2207,-0.8388,2640.0
Anomalia,0.0088,0.1678,0.3571,-0.3603,0.168,-0.2174,-0.7746,2880.0
Anomalia,0.0083,0.1875,0.4325,-0.3603,0.1877,0.0705,-0.6398,2880.0
Anomalia,0.0105,0.1963,0.4325,-0.3603,0.1966,0.0461,-0.6723,2880.0
Anomalia,0.0108,0.1932,0.4325,-0.3601,0.1935,0.2047,-0.6834,2640.0
Anomalia,0.0034,0.1967,0.4325,-0.3601,0.1968,0.2687,-0.7412,2640.0
Anomalia,-0.0027,0.2279,0.4525,-0.5973,0.2279,-0.0916,-0.3842,2880.0
Anomalia,0.0123,0.2487,0.5735,-0.5973,0.249,-0.0243,-0.4132,2880.0
Anomalia,0.0192,0.2461,0.5735,-0.5973,0.2468,-0.1106,-0.3195,2640.0
Anomalia,0.024,0.2463,0.5735,-0.5973,0.2475,-0.1491,-0.3269,2880.0
Anomalia,0.027,0.2088,0.5735,-0.4652,0.2105,0.14,-0.3456,2880.0
Anomalia,0.011,0.1859,0.3932,-0.3686,0.1862,-0.0614,-0.8963,2880.0
Anomalia,-0.0019,0.1928,0.3932,-0.3686,0.1928,0.0942,-0.9723,2880.0
Anomalia,0.0097,0.1869,0.3932,-0.3686,0.1872,-0.0882,-0.8094,2640.0
Anomalia,0.0097,0.167,0.3932,-0.3686,0.1673,-0.1781,-0.4894,2880.0
Anomalia,0.0144,0.1272,0.3601,-0.2868,0.128,-0.105,-0.3747,2880.0
Anomalia,0.0233,0.129,0.2843,-0.2564,0.1311,-0.2512,-0.8021,2880.0
Anomalia,0.0015,0.1657,0.3828,-0.3734,0.1658,-0.052,-0.8136,2880.0
Anomalia,-0.0015,0.165,0.3828,-0.3734,0.165,0.0911,-0.7192,2880.0
Anomalia,0.0116,0.1642,0.3828,-0.3734,0.1646,-0.0886,-0.6802,2640.0
Anomalia,0.0105,0.1606,0.3828,-0.3734,0.1609,-0.1193,-0.5616,2640.0
Anomalia,0.022,0.1525,0.3947,-0.372,0.1541,-0.0618,-0.3957,2640.0
Anomalia,0.0176,0.1609,0.3947,-0.372,0.1618,-0.2406,-0.5818,2880.0
Anomalia,0.0106,0.1669,0.3947,-0.372,0.1672,-0.044,-0.7405,2640.0
Anomalia,0.0084,0.1638,0.3947,-0.372,0.164,-0.0637,-0.6305,2640.0
Anomalia,0.0135,0.1618,0.4327,-0.3042,0.1623,0.0928,-0.6573,2640.0
Anomalia,0.0128,0.1518,0.4327,-0.2992,0.1523,0.2076,-0.341,2640.0
Anomalia,0.0117,0.1474,0.4327,-0.2992,0.1478,0.2111,-0.1738,2640.0
Anomalia,0.0148,0.1356,0.4327,-0.2944,0.1364,0.3422,0.2933,2640.0
Anomalia,0.0054,0.1094,0.2779,-0.2944,0.1095,0.0755,-0.0603,2640.0
Anomalia,0.0211,0.1108,0.2939,-0.1907,0.1128,0.3013,-0.449,2400.0
Anomalia,0.0125,0.143,0.3611,-0.3058,0.1435,0.1115,-0.3382,2400.0
Anomalia,0.0108,0.1788,0.3686,-0.348,0.1791,0.057,-0.8442,2880.0
Anomalia,0.009,0.1831,0.3686,-0.348,0.1834,0.0851,-0.9504,2640.0
Anomalia,0.0086,0.1792,0.3686,-0.348,0.1795,0.0863,-0.8608,2880.0
Anomalia,0.0154,0.1519,0.3686,-0.348,0.1527,-0.0175,-0.3519,2880.0
Anomalia,0.0109,0.105,0.296,-0.2122,0.1056,0.2676,-0.4707,2880.0
Anomalia,0.0251,0.0932,0.2307,-0.1423,0.0965,0.2321,-0.8255,2880.0
Anomalia,0.0123,0.1052,0.2297,-0.2514,0.1059,-0.1083,-0.5448,2880.0
Anomalia,0.0105,0.1084,0.2297,-0.2514,0.109,0.0214,-0.5924,2880.0
Anomalia,0.0153,0.1265,0.242,-0.2906,0.1274,-0.2431,-0.7291,2640.0
Anomalia,0.0016,0.1436,0.2662,-0.2906,0.1436,-0.1161,-1.0597,2640.0
Anomalia,0.0059,0.1366,0.2662,-0.2906,0.1368,-0.1398,-0.8737,2640.0
Anomalia,0.0202,0.1342,0.2662,-0.2906,0.1357,-0.3855,-0.6286,2640.0
Anomalia,0.0194,0.1562,0.3567,-0.4097,0.1574,-0.3414,-0.2996,2880.0
Anomalia,0.0167,0.1556,0.3567,-0.4097,0.1565,-0.3078,-0.2778,2880.0
Anomalia,0.0175,0.1568,0.3567,-0.4097,0.1577,-0.2466,-0.2267,2640.0
Anomalia,-0.0065,0.1623,0.3567,-0.4097,0.1624,0.0787,-0.5601,2880.0
Anomalia,0.0018,0.1375,0.32,-0.2862,0.1375,0.2168,-0.6205,2880.0
Anomalia,0.0131,0.1155,0.32,-0.2149,0.1163,0.2762,-0.1224,2880.0
Anomalia,0.0229,0.129,0.422,-0.2138,0.131,0.4522,0.1909,2640.0
Anomalia,0.0267,0.2235,0.6803,-0.6325,0.2251,-0.1019,1.2268,2640.0
Anomalia,0.0089,0.2674,0.6803,-0.6325,0.2675,-0.0993,-0.1041,2640.0
Anomalia,0.005,0.2972,0.6803,-0.6325,0.2973,-0.0392,-0.8253,2640.0
Anomalia,-0.0069,0.2957,0.6803,-0.6325,0.2958,0.0147,-0.8304,2640.0
Anomalia,0.0093,0.2439,0.4548,-0.5733,0.2441,-0.1401,-0.8002,2880.0
Anomalia,0.0239,0.1898,0.4193,-0.4686,0.1913,-0.0897,-0.4146,2880.0
Anomalia,0.0226,0.1412,0.4085,-0.3065,0.143,0.159,-0.085,2880.0
Anomalia,0.0189,0.1386,0.4085,-0.324,0.1399,0.1822,0.1183,2640.0
Anomalia,0.0128,0.1143,0.2345,-0.324,0.115,-0.2168,-0.2599,2640.0
Anomalia,0.0061,0.1304,0.2921,-0.324,0.1305,-0.1096,-0.4079,2400.0
Anomalia,0.0113,0.1798,0.4719,-0.3859,0.1802,0.1518,-0.3485,2880.0
Anomalia,0.0194,0.1803,0.4719,-0.3859,0.1814,0.175,-0.4821,2880.0
Anomalia,0.0153,0.1857,0.4719,-0.3859,0.1864,0.207,-0.6658,2880.0
Anomalia,0.026,0.1763,0.4719,-0.3859,0.1782,0.1655,-0.459,2880.0
Anomalia,0.0102,0.1323,0.3113,-0.2472,0.1327,0.1389,-1.0023,2880.0
Anomalia,0.0089,0.1206,0.2597,-0.2472,0.1209,0.1098,-0.8694,2880.0
Anomalia,0.0138,0.1303,0.3336,-0.2783,0.1311,0.2308,-0.4757,2640.0
Anomalia,0.0022,0.1405,0.3336,-0.2868,0.1406,0.1812,-0.6191,2640.0
Anomalia,0.0144,0.1852,0.4719,-0.4043,0.1858,0.1227,-0.52,2880.0
Anomalia,0.0151,0.2177,0.4719,-0.4043,0.2182,0.1071,-0.9556,2880.0
Anomalia,0.0117,0.2099,0.4719,-0.4043,0.2102,0.1147,-0.7967,2640.0
Anomalia,0.0146,0.2014,0.4719,-0.4043,0.2019,0.1331,-0.5344,2640.0
Anomalia,0.0153,0.1874,0.4199,-0.4008,0.188,0.0574,-0.4757,2880.0
Anomalia,0.0172,0.1916,0.4437,-0.3943,0.1924,0.0348,-0.5482,2880.0
Anomalia,0.0225,0.1981,0.4437,-0.3943,0.1994,-0.0699,-0.6302,2640.0
Anomalia,0.0154,0.206,0.4437,-0.3943,0.2066,-0.0666,-0.8078,2880.0
Anomalia,0.0125,0.212,0.4437,-0.3943,0.2123,0.0031,-0.9272,2880.0
Anomalia,0.0062,0.1851,0.4252,-0.3557,0.1852,-0.0258,-0.8457,2640.0
Anomalia,0.0082,0.2068,0.4917,-0.3628,0.2069,0.1436,-0.8455,2640.0
Anomalia,0.0237,0.2616,0.6179,-0.5391,0.2627,0.1464,-0.8559,2640.0
Anomalia,0.0083,0.2762,0.6179,-0.5391,0.2763,0.0831,-0.848,2640.0
Anomalia,0.0173,0.2687,0.6179,-0.5391,0.2692,-0.002,-0.6441,2640.0
Anomalia,0.01,0.2498,0.6179,-0.5391,0.25,0.0097,-0.2593,2880.0
Anomalia,-0.004,0.1894,0.4437,-0.5151,0.1894,-0.3359,0.1268,2880.0
Anomalia,0.023,0.1451,0.4078,-0.2739,0.1469,0.1453,-0.5348,2880.0
Anomalia,0.0178,0.1582,0.4078,-0.29,0.1592,0.1408,-0.8249,2880.0
Anomalia,0.0133,0.1464,0.4078,-0.29,0.147,0.1933,-0.4285,2880.0
Anomalia,0.023,0.1373,0.4078,-0.29,0.1392,0.2661,-0.1489,2880.0
Anomalia,0.0089,0.1194,0.3361,-0.29,0.1197,0.0253,-0.3374,2640.0
Anomalia,0.0041,0.1199,0.2791,-0.2399,0.12,0.1018,-0.5486,2640.0
Anomalia,0.0169,0.1326,0.3478,-0.2399,0.1337,0.1302,-0.6815,2640.0
Anomalia,0.0073,0.1572,0.3478,-0.383,0.1573,-0.117,-0.7248,2880.0
Anomalia,0.0133,0.1628,0.3478,-0.383,0.1633,-0.1358,-0.8684,2880.0
Anomalia,0.0244,0.147,0.3478,-0.383,0.149,-0.3087,-0.3085,2640.0
Anomalia,0.0014,0.1516,0.3085,-0.383,0.1516,-0.1958,-0.698,2400.0
Anomalia,0.0189,0.1428,0.275,-0.2537,0.1441,-0.0122,-1.0209,2400.0
Anomalia,0.0131,0.1415,0.275,-0.2537,0.1421,-0.0267,-1.0425,2400.0
Anomalia,-0.0001,0.1578,0.281,-0.2743,0.1578,0.0739,-1.2661,2640.0
Anomalia,0.0215,0.1636,0.4083,-0.2743,0.165,0.0891,-1.0203,2640.0
Anomalia,0.0125,0.1591,0.4083,-0.2743,0.1596,0.1631,-0.8675,2640.0
Anomalia,0.0147,0.1848,0.4083,-0.3801,0.1854,0.0617,-0.9496,2640.0
Anomalia,0.0197,0.1775,0.4083,-0.3801,0.1786,0.0708,-0.7405,2640.0
Anomalia,0.0078,0.1605,0.3684,-0.3801,0.1607,0.0718,-0.4952,2640.0
Anomalia,0.0109,0.1477,0.3684,-0.3801,0.1481,-0.0291,0.0224,2640.0
Anomalia,0.0078,0.1041,0.3528,-0.2303,0.1044,0.0662,-0.1787,2640.0
Anomalia,0.0096,0.1288,0.3699,-0.3478,0.1292,0.0683,0.2431,2400.0
Anomalia,0.0097,0.1547,0.3699,-0.3478,0.155,-0.0041,-0.3704,2640.0
Anomalia,0.0062,0.1727,0.3699,-0.3478,0.1728,0.0569,-0.9082,2640.0
Anomalia,0.0184,0.1922,0.3699,-0.3592,0.193,-0.11,-1.1422,2640.0
Anomalia,0.0125,0.2115,0.4162,-0.4366,0.2119,-0.1477,-1.0216,2640.0
Anomalia,0.0144,0.2186,0.4162,-0.4366,0.2191,-0.1304,-1.0912,2640.0
Anomalia,0.0166,0.2152,0.4162,-0.4366,0.2159,-0.1349,-0.9896,2640.0
Anomalia,-0.0081,0.2218,0.4162,-0.4366,0.222,-0.0246,-0.9654,2400.0
Anomalia,0.0051,0.193,0.3661,-0.4352,0.193,-0.1159,-0.7801,2400.0
Anomalia,0.0187,0.1767,0.3557,-0.4352,0.1777,-0.2359,-0.5143,2640.0
Anomalia,0.0089,0.1824,0.3557,-0.4352,0.1826,-0.1882,-0.7573,2640.0
Anomalia,0.0232,0.1758,0.3186,-0.3709,0.1773,-0.0538,-1.1583,2640.0
Anomalia,0.0087,0.1762,0.3186,-0.3709,0.1764,0.0094,-1.1982,2640.0
Anomalia,-0.0072,0.1729,0.3186,-0.3709,0.173,0.0716,-1.2035,2880.0
Anomalia,0.0053,0.1568,0.3186,-0.3709,0.1569,-0.0742,-0.9166,2880.0
Anomalia,0.008,0.1461,0.2654,-0.3569,0.1464,-0.233,-0.9381,2880.0
Anomalia,0.0154,0.1405,0.295,-0.3569,0.1413,-0.1675,-0.7372,2880.0
Anomalia,0.0204,0.1308,0.295,-0.3569,0.1324,-0.1599,-0.3893,2880.0
Anomalia,0.0105,0.1439,0.295,-0.3569,0.1443,-0.0469,-0.7416,2880.0
Anomalia,0.0052,0.1388,0.295,-0.2693,0.1389,0.1929,-0.9376,2880.0
Anomalia,0.0106,0.1565,0.3377,-0.2693,0.1568,0.1607,-1.0694,2880.0
Anomalia,0.0045,0.1565,0.3377,-0.2693,0.1566,0.1522,-1.1139,2880.0
Anomalia,0.0163,0.1481,0.3377,-0.2618,0.149,0.0577,-1.0559,2880.0
Anomalia,0.0258,0.1677,0.3895,-0.3876,0.1697,-0.0923,-0.7725,2880.0
Anomalia,0.012,0.1683,0.3895,-0.3876,0.1688,-0.1764,-0.7081,2640.0
Anomalia,0.0124,0.1653,0.3895,-0.3876,0.1658,-0.1952,-0.5615,2640.0
Anomalia,-0.0029,0.1651,0.3895,-0.3876,0.1652,-0.1045,-0.4817,2640.0
Anomalia,-0.0061,0.1929,0.474,-0.432,0.193,0.0911,-0.1937,2400.0
Anomalia,0.0094,0.2068,0.474,-0.432,0.207,0.1644,-0.4152,2640.0
Anomalia,0.0153,0.2125,0.474,-0.432,0.213,0.1034,-0.6553,2640.0
Anomalia,0.0204,0.213,0.474,-0.432,0.214,0.0838,-0.7402,2880.0
Anomalia,0.0128,0.1704,0.4185,-0.2994,0.1709,0.2014,-0.7393,2880.0
Anomalia,0.0057,0.145,0.2558,-0.3,0.1451,-0.1018,-1.1879,2880.0
Anomalia,0.0019,0.1494,0.2558,-0.3,0.1494,-0.0959,-1.2017,2640.0
Anomalia,0.0124,0.1413,0.2558,-0.3,0.1418,-0.3069,-0.8978,2640.0
Anomalia,0.014,0.1315,0.2558,-0.3,0.1322,-0.2246,-0.7715,2640.0
Anomalia,0.0195,0.1234,0.3225,-0.2606,0.125,0.0568,-0.5983,2640.0
Anomalia,0.0097,0.1034,0.3225,-0.1919,0.1039,0.4498,-0.005,2880.0
Anomalia,0.007,0.1085,0.3225,-0.1919,0.1087,0.4142,-0.2261,2880.0
Anomalia,0.0078,0.1321,0.3225,-0.338,0.1323,0.0399,-0.1567,3360.0
Anomalia,0.0029,0.1346,0.3221,-0.338,0.1346,-0.0448,-0.2382,2640.0
Anomalia,0.0187,0.1605,0.4053,-0.338,0.1616,-0.0579,-0.6056,2640.0
Anomalia,0.0094,0.1589,0.4053,-0.338,0.1592,0.0839,-0.5424,2640.0
Anomalia,0.0128,0.1293,0.4053,-0.3209,0.13,0.3237,0.5999,2640.0
Anomalia,0.0061,0.1224,0.4053,-0.3209,0.1225,0.3131,0.7953,2640.0
Anomalia,0.0044,0.1385,0.3667,-0.3417,0.1385,0.1804,0.4224,2640.0
Anomalia,0.0146,0.1393,0.3667,-0.3417,0.14,0.0503,0.3226,2880.0
Anomalia,0.0107,0.1658,0.3667,-0.3417,0.1661,0.043,-0.7406,2880.0
Anomalia,0.0144,0.1688,0.3667,-0.3417,0.1694,-0.0077,-0.7998,2880.0
Anomalia,0.0107,0.1306,0.3138,-0.2812,0.131,-0.0995,-0.5688,2640.0
Anomalia,0.0062,0.1251,0.3138,-0.2812,0.1253,-0.0675,-0.2471,2640.0
Anomalia,0.0087,0.1466,0.3955,-0.4331,0.1469,-0.3377,0.8388,2880.0
Anomalia,0.0169,0.1361,0.3955,-0.4331,0.1371,-0.4875,1.8273,2880.0
Anomalia,0.015,0.1449,0.3955,-0.4331,0.1457,-0.3935,0.9579,2880.0
Anomalia,0.0181,0.1525,0.3955,-0.4331,0.1536,-0.3961,0.3808,2880.0
Anomalia,0.0167,0.1026,0.2249,-0.2243,0.104,-0.0857,-0.712,2880.0
Anomalia,0.0046,0.0991,0.2249,-0.2243,0.0992,0.085,-0.6149,2880.0
Anomalia,0.0073,0.0791,0.1967,-0.2103,0.0794,0.1063,-0.3019,2880.0
Anomalia,0.0011,0.0853,0.2324,-0.199,0.0853,0.0204,-0.1697,2640.0
Anomalia,0.0151,0.1104,0.2641,-0.2182,0.1114,0.143,-0.4142,2640.0
Anomalia,0.0123,0.1236,0.2641,-0.2543,0.1242,-0.0318,-0.8022,2880.0
Anomalia,0.0122,0.1333,0.2641,-0.2543,0.1339,0.0211,-1.0844,2880.0
Anomalia,0.0156,0.1249,0.2641,-0.2543,0.1259,0.0488,-0.8915,2880.0
Anomalia,0.0015,0.1088,0.2564,-0.2543,0.1088,-0.0171,-0.798,2640.0
Anomalia,0.012,0.101,0.2564,-0.1748,0.1017,0.1071,-0.882,2880.0
Anomalia,0.0151,0.0938,0.1978,-0.1748,0.095,-0.0746,-1.0523,2880.0
Anomalia,0.0103,0.1047,0.2199,-0.2195,0.1052,-0.0819,-1.0241,2880.0
Anomalia,0.009,0.1131,0.2199,-0.2199,0.1134,-0.0912,-1.1062,2640.0
Anomalia,0.0111,0.1268,0.2535,-0.2263,0.1273,-0.0329,-1.1686,2880.0
Anomalia,0.0054,0.1509,0.2964,-0.3,0.151,0.028,-1.1888,2880.0
Anomalia,0.0073,0.1827,0.3816,-0.4448,0.1829,-0.0463,-0.8892,2880.0
Anomalia,0.0178,0.2111,0.4285,-0.4448,0.2118,-0.0616,-1.0911,2640.0
Anomalia,0.0077,0.2147,0.4285,-0.4448,0.2149,0.0025,-1.1234,2640.0
Anomalia,0.0093,0.2067,0.4285,-0.4448,0.2069,-0.0009,-0.9123,2640.0
Anomalia,0.0054,0.1719,0.4285,-0.3498,0.172,0.1384,-0.3546,2640.0
Anomalia,0.0089,0.1221,0.314,-0.3498,0.1225,-0.1951,0.3904,2640.0
Anomalia,0.0137,0.1394,0.3542,-0.3684,0.1401,-0.1304,0.5856,2880.0
Anomalia,0.0117,0.1942,0.5159,-0.475,0.1946,-0.118,0.2269,2880.0
Anomalia,0.0153,0.2144,0.5159,-0.475,0.215,-0.1515,-0.3785,2880.0
Anomalia,0.0023,0.2167,0.5159,-0.475,0.2167,0.0158,-0.4939,2880.0
Anomalia,0.007,0.205,0.5159,-0.475,0.2051,0.0076,-0.2421,2880.0
Anomalia,0.0103,0.175,0.4237,-0.3968,0.1753,0.1313,-0.2754,2880.0
Anomalia,0.0196,0.1556,0.4237,-0.3624,0.1568,0.1325,-0.1513,2640.0
Anomalia,0.0215,0.1612,0.4237,-0.3624,0.1627,0.0337,-0.3629,2880.0
Anomalia,0.0141,0.1415,0.4237,-0.3624,0.1422,0.1395,0.6718,3360.0
Anomalia,0.0103,0.0968,0.2505,-0.2699,0.0974,0.0803,-0.0569,3360.0
Anomalia,0.0035,0.096,0.2168,-0.2699,0.0961,-0.174,-0.1417,2880.0
Anomalia,-0.0021,0.1029,0.2049,-0.2387,0.103,-0.1119,-0.5017,2640.0
Anomalia,0.0115,0.1404,0.3419,-0.2841,0.1408,0.1069,-0.6909,2640.0
Anomalia,0.0224,0.1696,0.367,-0.2841,0.1711,0.042,-1.0841,2640.0
Anomalia,0.0116,0.1879,0.367,-0.3365,0.1882,0.0826,-1.1256,2640.0
Anomalia,0.0167,0.1899,0.367,-0.3365,0.1906,0.0445,-1.1734,2640.0
Anomalia,0.0071,0.1655,0.367,-0.3365,0.1657,0.093,-0.6047,2640.0
Anomalia,-0.0055,0.151,0.3655,-0.3365,0.1511,0.0649,-0.4303,2400.0
Anomalia,0.0138,0.1643,0.4145,-0.3148,0.1648,0.1883,-0.586,2880.0
Anomalia,0.016,0.1829,0.4145,-0.3803,0.1836,0.0673,-0.7141,2640.0
Anomalia,0.0068,0.2068,0.4145,-0.3803,0.207,0.0406,-1.1829,2880.0
Anomalia,0.014,0.2253,0.4145,-0.4126,0.2258,-0.0633,-1.2966,2880.0
Anomalia,-0.0045,0.2018,0.3609,-0.4126,0.2019,-0.0283,-1.0363,2880.0
Anomalia,0.0016,0.1822,0.3542,-0.4126,0.1822,-0.0991,-0.8173,2880.0
Anomalia,0.0154,0.1853,0.3542,-0.4126,0.1859,-0.0666,-0.8719,2880.0
Anomalia,0.0186,0.1667,0.3434,-0.3217,0.1678,0.0085,-0.991,2880.0
Anomalia,0.0295,0.1745,0.3434,-0.3847,0.177,-0.1406,-0.9408,2640.0
Anomalia,0.0084,0.1837,0.3434,-0.3847,0.1839,-0.0954,-0.9664,2640.0
Anomalia,0.0039,0.1634,0.3113,-0.3847,0.1635,-0.2048,-0.751,2640.0
Anomalia,0.0048,0.142,0.3033,-0.3847,0.1421,-0.4837,-0.0698,2640.0
Anomalia,-0.0028,0.1348,0.2451,-0.354,0.1348,-0.4023,-0.4852,2880.0
Anomalia,0.0204,0.1295,0.2958,-0.2652,0.1311,-0.0629,-0.7325,2880.0
Anomalia,0.0091,0.154,0.3054,-0.3801,0.1542,-0.3194,-0.3956,2880.0
Anomalia,0.0112,0.2361,0.6734,-0.5553,0.2364,0.1849,-0.0485,2880.0
Anomalia,0.0183,0.2466,0.6734,-0.5553,0.2473,0.1067,-0.3596,2880.0
Anomalia,0.0008,0.2635,0.6734,-0.5553,0.2635,0.1657,-0.6856,2640.0
Anomalia,0.0178,0.2866,0.6734,-0.5553,0.2872,0.1231,-0.9388,2880.0
Anomalia,0.0146,0.2446,0.5522,-0.4604,0.245,0.056,-1.0215,2880.0
Anomalia,0.0014,0.2414,0.5522,-0.4604,0.2414,0.1216,-0.9947,2880.0
Anomalia,0.0223,0.2393,0.5522,-0.4604,0.2404,0.0772,-1.0537,2880.0
Anomalia,0.01,0.2086,0.3993,-0.344,0.2089,0.0754,-1.2357,2880.0
Anomalia,0.0044,0.1859,0.3993,-0.344,0.186,0.0853,-0.8258,2880.0
Anomalia,0.0237,0.1799,0.3993,-0.344,0.1815,0.0436,-0.7895,2880.0
Anomalia,0.0093,0.166,0.3561,-0.344,0.1663,-0.0375,-0.889,2880.0
Anomalia,0.0106,0.1606,0.2964,-0.3223,0.1609,0.0013,-1.0225,2640.0
Anomalia,0.0224,0.1594,0.2964,-0.3223,0.161,-0.1839,-0.9819,2640.0
Anomalia,0.0016,0.182,0.3872,-0.3928,0.182,-0.1624,-0.8894,2880.0
Anomalia,0.0016,0.2012,0.4208,-0.3928,0.2012,-0.0474,-0.8138,2400.0
Anomalia,0.0151,0.1887,0.4208,-0.3928,0.1893,-0.1935,-0.4063,2640.0
Anomalia,-0.0004,0.1872,0.4208,-0.3928,0.1872,0.002,-0.3692,2640.0
Anomalia,0.0178,0.167,0.4208,-0.3651,0.1679,-0.0149,-0.1838,2400.0
Anomalia,0.0199,0.1515,0.3799,-0.3388,0.1528,-0.1567,-0.3927,2640.0
Anomalia,0.006,0.1652,0.3799,-0.3388,0.1653,0.0152,-0.8066,2640.0
Anomalia,0.0124,0.1942,0.3799,-0.3388,0.1946,0.0343,-1.2324,2640.0
Anomalia,0.0008,0.2016,0.3799,-0.3434,0.2016,0.0892,-1.2115,2400.0
Anomalia,0.0092,0.2096,0.4579,-0.4725,0.2098,0.0107,-0.9743,2400.0
Anomalia,0.0212,0.2305,0.4857,-0.4725,0.2314,-0.0145,-0.956,2880.0
Anomalia,0.0043,0.2207,0.4857,-0.4725,0.2207,-0.0142,-0.5812,2880.0
Anomalia,0.0193,0.2133,0.4857,-0.4725,0.2142,-0.0673,-0.394,2880.0
Anomalia,0.0088,0.1913,0.4857,-0.445,0.1915,0.0571,-0.193,2400.0
Anomalia,0.0013,0.1638,0.3569,-0.445,0.1638,-0.3307,-0.3618,2400.0
Anomalia,0.0256,0.2103,0.5568,-0.5658,0.2118,-0.1004,-0.0178,2640.0
Anomalia,0.0015,0.2074,0.5568,-0.5658,0.2074,0.0752,0.0632,2640.0
Anomalia,0.0052,0.2012,0.5568,-0.5658,0.2013,0.0613,0.3753,2640.0
Anomalia,0.0102,0.1909,0.5568,-0.5658,0.1911,0.1057,0.8662,2640.0
Anomalia,-0.0028,0.1255,0.3058,-0.3215,0.1255,-0.0734,-0.21,2640.0
Anomalia,0.0202,0.1784,0.518,-0.3805,0.1796,0.1849,0.3466,2880.0
Anomalia,0.0219,0.2287,0.5307,-0.4629,0.2298,0.0177,-0.4621,2880.0
Anomalia,0.0156,0.2731,0.6701,-0.5482,0.2735,0.0706,-0.7856,2640.0
Anomalia,0.0198,0.3402,0.7468,-0.6995,0.3408,0.0044,-0.9599,2640.0
Anomalia,0.0037,0.3272,0.7468,-0.6995,0.3272,0.0964,-0.7132,2880.0
Anomalia,0.0086,0.3209,0.7468,-0.6995,0.321,0.0627,-0.611,2880.0
Anomalia,0.0102,0.292,0.7468,-0.6995,0.2922,0.0454,-0.1938,2880.0
Anomalia,0.006,0.2455,0.4925,-0.4898,0.2456,0.0619,-0.8497,2880.0
Anomalia,0.016,0.2271,0.4888,-0.4898,0.2277,-0.0496,-0.6544,2880.0
Anomalia,0.0044,0.2074,0.4671,-0.4936,0.2074,-0.0702,-0.4038,2880.0
Anomalia,0.001,0.2153,0.4671,-0.4936,0.2153,-0.1006,-0.536,2880.0
Anomalia,0.0178,0.1739,0.3849,-0.4936,0.1748,-0.3911,0.0762,2400.0
Anomalia,0.0062,0.2133,0.4396,-0.4936,0.2133,-0.2202,-0.5274,2880.0
Anomalia,0.0147,0.2124,0.4396,-0.4658,0.213,-0.1096,-0.7069,2640.0
Anomalia,0.0187,0.197,0.4396,-0.4658,0.1979,-0.0805,-0.5243,2640.0
Anomalia,0.0014,0.1974,0.4396,-0.4658,0.1974,0.0728,-0.5412,2640.0
Anomalia,0.0049,0.1537,0.4325,-0.2935,0.1537,0.1873,-0.5027,2880.0
Anomalia,-0.0007,0.2515,0.7387,-0.6866,0.2515,-0.0278,1.2489,2880.0
Anomalia,-0.0023,0.4875,1.4459,-1.4914,0.4875,-0.0409,1.2774,3120.0
Anomalia,0.0045,0.6408,1.4956,-1.4914,0.6408,0.078,-0.3353,2880.0
Anomalia,0.0048,0.752,1.4956,-1.4914,0.752,0.0271,-1.1307,2880.0
Anomalia,0.0114,0.7681,1.4956,-1.4914,0.7682,0.0171,-1.2152,2880.0
Anomalia,0.0081,0.6913,1.4956,-1.2832,0.6913,0.0295,-1.097,2880.0
Anomalia,0.0129,0.6466,1.2312,-1.1947,0.6468,-0.0469,-1.1339,2880.0
Anomalia,0.0467,0.6507,1.4107,-1.1399,0.6524,0.0437,-0.9961,2880.0
Anomalia,0.0369,0.7958,1.5978,-1.5087,0.7966,0.0152,-1.0302,2640.0
Anomalia,0.0143,0.8296,1.5978,-1.5087,0.8297,0.0603,-1.1847,2640.0
Anomalia,0.0244,0.7651,1.5978,-1.5087,0.7655,0.0233,-0.7745,2640.0
Anomalia,-0.0185,0.6626,1.5978,-1.5087,0.6629,0.0497,0.0028,2640.0
Anomalia,-0.0074,0.4107,1.0806,-1.279,0.4108,-0.2814,0.8491,2880.0
Anomalia,0.0196,0.2679,0.6021,-0.4852,0.2686,0.0349,-1.0551,2880.0
Anomalia,-0.0032,0.4252,1.1426,-1.0658,0.4253,-0.0211,0.2724,2640.0
Anomalia,0.0305,0.5205,1.1426,-1.0658,0.5214,-0.0233,-0.497,2640.0
Anomalia,0.0116,0.5353,1.1426,-1.0658,0.5354,0.0389,-0.6749,2640.0
Anomalia,0.0088,0.5165,1.1426,-1.0658,0.5166,0.0485,-0.3741,2640.0
Anomalia,0.019,0.3791,1.0911,-0.9901,0.3796,0.1813,1.2142,2640.0
Anomalia,0.0108,0.2066,0.5883,-0.7318,0.2069,-0.4771,1.7895,2640.0
Anomalia,0.0102,0.2224,0.5514,-0.8315,0.2227,-0.6147,2.1236,2640.0
Anomalia,0.0071,0.4156,1.3627,-1.0483,0.4157,0.0662,1.1973,2640.0
Anomalia,0.0074,0.4991,1.3627,-1.0483,0.4992,0.1,-0.3371,2640.0
Anomalia,-0.0006,0.5012,1.3627,-1.0483,0.5012,0.1413,-0.3685,2640.0
Anomalia,0.0128,0.4793,1.3627,-1.0483,0.4795,0.1452,-0.0668,2880.0
Anomalia,0.015,0.3306,1.0068,-0.8109,0.3309,0.1585,0.5638,2880.0
Anomalia,0.0236,0.1933,0.4458,-0.3672,0.1947,-0.0775,-0.6796,2880.0
Anomalia,0.0137,0.3353,1.003,-1.0368,0.3356,-0.2578,1.4291,2880.0
Anomalia,0.0293,0.4637,1.0606,-1.1518,0.4647,-0.1121,0.1178,2640.0
Anomalia,0.0115,0.5515,1.0606,-1.1518,0.5516,-0.1025,-0.7878,2640.0
Anomalia,-0.0076,0.6302,1.0606,-1.1518,0.6302,0.0176,-1.3004,2640.0
Anomalia,0.0152,0.5759,1.0606,-1.1518,0.5761,-0.0547,-1.0183,2640.0
Anomalia,-0.0068,0.4709,0.9888,-1.089,0.471,-0.0376,-0.3912,2640.0
Anomalia,0.0256,0.3587,0.9888,-0.9607,0.3596,-0.0691,1.1017,2640.0
Anomalia,0.0238,0.2273,0.5484,-0.4715,0.2285,0.0617,-0.3132,2880.0
Anomalia,0.0062,0.2453,0.5484,-0.6179,0.2454,-0.1012,-0.2303,2880.0
Anomalia,0.0179,0.2992,0.5762,-0.6179,0.2997,-0.1431,-0.7541,2640.0
Anomalia,0.0068,0.3263,0.5762,-0.6179,0.3264,-0.0324,-1.1835,2640.0
Anomalia,0.0125,0.2999,0.5762,-0.6179,0.3002,-0.1109,-0.8994,2640.0
Anomalia,0.0237,0.2604,0.5762,-0.5943,0.2614,-0.0941,-0.447,2880.0
Anomalia,0.0041,0.1956,0.5201,-0.4575,0.1956,0.0781,-0.378,2880.0
Anomalia,0.0021,0.17,0.3953,-0.3549,0.1701,0.0151,-0.8786,2400.0
Anomalia,0.0142,0.178,0.3953,-0.3549,0.1785,0.1027,-0.8356,2640.0
Anomalia,0.0112,0.2247,0.6425,-0.4706,0.225,0.2368,-0.4263,2640.0
Anomalia,0.0208,0.2727,0.6425,-0.5309,0.2735,0.0359,-0.8491,2640.0
Anomalia,0.0183,0.2704,0.6425,-0.5309,0.271,0.0837,-0.7534,2640.0
Anomalia,0.0033,0.258,0.6425,-0.5309,0.258,0.1884,-0.3911,2640.0
Anomalia,0.0034,0.2109,0.5286,-0.5309,0.2109,-0.0144,0.3845,2880.0
Anomalia,0.0102,0.132,0.382,-0.3926,0.1324,-0.084,0.436,2640.0
Anomalia,0.0192,0.1754,0.5697,-0.523,0.1765,0.1452,1.2394,2640.0
Anomalia,0.0248,0.2755,0.6911,-0.5912,0.2766,0.0813,0.0163,2640.0
Anomalia,0.0077,0.3255,0.6911,-0.6878,0.3256,0.0423,-0.7007,2640.0
Anomalia,0.0075,0.3253,0.6911,-0.6878,0.3254,0.045,-0.694,2640.0
Anomalia,0.0013,0.2988,0.6911,-0.6878,0.2988,0.0587,-0.216,2880.0
Anomalia,0.0162,0.2408,0.7644,-0.6878,0.2413,0.1851,1.1243,2880.0
Anomalia,0.0329,0.6404,2.1005,-1.9095,0.6413,0.1103,2.8078,2880.0
Anomalia,0.0011,0.8407,2.1005,-1.9095,0.8407,0.0215,0.1031,2880.0
Anomalia,0.0199,0.9062,2.1005,-1.9095,0.9064,-0.0041,-0.4366,2640.0
Anomalia,-0.0017,0.9099,2.1005,-1.9095,0.9099,0.056,-0.4781,2880.0
Anomalia,-0.0158,0.7212,1.6821,-1.6981,0.7214,-0.0002,-0.0876,2880.0
Anomalia,0.0257,0.4815,1.6262,-1.4186,0.4821,0.1296,1.1098,2880.0
Anomalia,0.0089,0.3614,0.8595,-0.8422,0.3615,-0.0161,-0.2683,2640.0
Anomalia,0.0312,0.3798,0.8595,-0.8422,0.3811,-0.0343,-0.3437,2640.0
Anomalia,0.0344,0.378,0.8144,-0.8814,0.3795,-0.0699,-0.3582,2640.0
Anomalia,0.0086,0.4021,0.8144,-0.8814,0.4022,0.0118,-0.7697,2640.0
Anomalia,0.0053,0.3855,0.8144,-0.8814,0.3856,0.0141,-0.501,2640.0
Anomalia,-0.0036,0.3482,0.8144,-0.8814,0.3483,-0.0817,-0.0675,2640.0
Anomalia,0.0048,0.2193,0.543,-0.5614,0.2194,-0.2406,-0.0438,2640.0
Anomalia,0.0198,0.1513,0.3941,-0.3317,0.1526,0.0796,-0.5932,2640.0
Anomalia,0.0268,0.1544,0.3941,-0.3348,0.1567,0.0464,-0.7148,2880.0
Anomalia,0.0215,0.2467,0.7247,-0.6517,0.2476,0.0474,1.0199,2880.0
Anomalia,0.0005,0.2817,0.7247,-0.6517,0.2817,0.0206,-0.0832,2640.0
Anomalia,0.0043,0.302,0.7247,-0.6517,0.302,0.0014,-0.534,2640.0
Anomalia,0.008,0.313,0.7247,-0.6517,0.3131,0.0148,-0.7565,2880.0
Anomalia,0.0038,0.2984,0.63,-0.5537,0.2984,0.0171,-0.962,2880.0
Anomalia,0.025,0.2796,0.63,-0.5476,0.2808,0.0737,-0.6041,2880.0
Anomalia,0.0124,0.287,0.63,-0.5476,0.2872,0.126,-0.665,2880.0
Anomalia,0.0033,0.3306,0.63,-0.5597,0.3306,0.1046,-0.989,2880.0
Anomalia,0.0147,0.3106,0.5829,-0.5597,0.311,0.0246,-0.9661,2640.0
Anomalia,0.0157,0.3467,0.6229,-0.5597,0.347,0.0259,-1.3083,2640.0
Anomalia,0.0182,0.3495,0.6229,-0.5597,0.35,-0.0033,-1.3722,2640.0
Anomalia,0.0176,0.3198,0.6229,-0.5201,0.3203,0.0253,-1.3138,2640.0
Anomalia,0.0053,0.2928,0.6229,-0.5201,0.2929,0.099,-1.0705,2880.0
Anomalia,-0.0013,0.252,0.4621,-0.5201,0.252,0.0189,-1.1432,2880.0
Anomalia,0.0072,0.2529,0.6943,-0.6231,0.253,0.0122,-0.7078,2880.0
Anomalia,0.0048,0.3188,0.8512,-0.7521,0.3188,0.1206,-0.1625,2880.0
Anomalia,0.0146,0.3578,0.8512,-0.7521,0.3581,0.0659,-0.711,2880.0
Anomalia,0.0178,0.3439,0.8512,-0.7521,0.3444,0.0508,-0.393,2880.0
Anomalia,0.009,0.3507,0.8512,-0.7521,0.3508,0.0696,-0.6195,2880.0
Anomalia,0.0222,0.2925,0.6745,-0.625,0.2934,-0.0511,-0.7897,2880.0
Anomalia,0.0086,0.3254,0.7944,-0.853,0.3255,-0.0606,-0.4632,2640.0
Anomalia,-0.0065,0.4785,1.0883,-1.0815,0.4786,-0.0254,-0.5943,2640.0
Anomalia,0.0202,0.5221,1.0883,-1.0815,0.5225,-0.0553,-0.9372,2640.0
Anomalia,0.0135,0.5117,1.0883,-1.0815,0.5118,-0.0323,-0.7869,2640.0
Anomalia,0.0098,0.4662,1.0883,-1.0815,0.4663,-0.0022,-0.2208,2640.0
Anomalia,0.029,0.3153,0.862,-0.7808,0.3166,0.2014,0.3383,2640.0
Anomalia,0.0094,0.2624,0.8382,-0.7573,0.2626,-0.0109,0.9062,2640.0
Anomalia,0.0146,0.4423,1.2287,-1.1547,0.4426,0.0941,0.4913,2640.0
Anomalia,0.016,0.4949,1.2287,-1.1547,0.4951,0.0185,-0.2476,2640.0
Anomalia,0.0245,0.4975,1.2287,-1.1547,0.4981,-0.0299,-0.297,2640.0
Anomalia,0.0184,0.5063,1.2287,-1.1547,0.5066,-0.0007,-0.5023,2880.0
Anomalia,-0.0022,0.3727,0.9306,-0.9623,0.3727,-0.0511,-0.3856,2880.0
Anomalia,0.0077,0.2878,0.7195,-0.6651,0.2879,-0.0926,-0.267,2640.0
Anomalia,-0.0089,0.3094,0.7195,-0.6805,0.3096,-0.0745,-0.4511,2880.0
Anomalia,-0.0012,0.3248,0.7235,-0.6916,0.3248,-0.0342,-0.4331,2880.0
Anomalia,0.0185,0.3195,0.7235,-0.6916,0.32,-0.115,-0.2949,2640.0
Anomalia,0.0132,0.3267,0.7235,-0.6916,0.3269,-0.0825,-0.4712,2880.0
Anomalia,0.0133,0.3189,0.7235,-0.6916,0.3191,0.0162,-0.5102,2880.0
Anomalia,0.0196,0.2424,0.5274,-0.5222,0.2432,-0.1076,-0.6945,2880.0
Anomalia,0.0148,0.2294,0.5274,-0.4623,0.2299,-0.0391,-0.8508,2640.0
Anomalia,0.0185,0.2909,0.8044,-0.663,0.2915,0.0439,-0.6179,2640.0
Anomalia,0.0081,0.3631,0.8044,-0.8359,0.3631,-0.0333,-0.5627,2640.0
Anomalia,-0.0001,0.4963,1.0114,-1.1284,0.4963,-0.0102,-0.6813,2640.0
Anomalia,0.0124,0.5373,1.0114,-1.1284,0.5374,-0.0329,-1.1059,2640.0
Anomalia,0.0112,0.5116,1.0114,-1.1284,0.5117,-0.0634,-0.8372,2640.0
Anomalia,0.0262,0.4457,1.0114,-1.1284,0.4465,-0.1249,0.05,2640.0
Anomalia,0.0288,0.2896,0.7395,-0.7095,0.2911,-0.0082,0.0241,2880.0
Anomalia,0.0076,0.1889,0.4287,-0.5564,0.1891,-0.2312,0.1547,2880.0
Anomalia,0.0047,0.1567,0.4287,-0.3507,0.1568,0.1684,-0.0141,2880.0
Anomalia,0.008,0.1485,0.4287,-0.3507,0.1487,0.1469,0.2915,2880.0
Anomalia,-0.001,0.137,0.3361,-0.354,0.137,-0.0959,-0.087,2400.0
Anomalia,0.0158,0.1481,0.3361,-0.354,0.1489,-0.0833,-0.3477,2640.0
Anomalia,0.0235,0.155,0.3361,-0.354,0.1568,-0.1515,-0.6225,2640.0
Anomalia,0.0096,0.1564,0.3361,-0.354,0.1567,-0.0001,-0.7161,2640.0
Anomalia,0.0204,0.1233,0.2998,-0.2272,0.1249,0.1421,-0.7422,2640.0
Anomalia,0.0141,0.1079,0.2247,-0.2272,0.1088,0.0277,-0.8081,2640.0
Anomalia,0.0052,0.1393,0.3811,-0.33,0.1394,0.1505,-0.0893,2640.0
Anomalia,0.0186,0.1443,0.3811,-0.33,0.1455,-0.0129,-0.1197,2640.0
Anomalia,0.0141,0.1464,0.3811,-0.33,0.1471,0.071,-0.2306,2640.0
Anomalia,0.0113,0.1523,0.3811,-0.33,0.1527,0.1511,-0.3891,2640.0
Anomalia,0.0158,0.1506,0.3498,-0.3995,0.1514,-0.1121,-0.202,2640.0
Anomalia,0.0018,0.1605,0.3434,-0.3995,0.1605,0.0743,-0.515,2640.0
Anomalia,0.0128,0.1671,0.3607,-0.3995,0.1675,0.0287,-0.5747,2640.0
Anomalia,0.0098,0.1951,0.4028,-0.4483,0.1954,-0.0824,-0.7093,2880.0
Anomalia,0.0107,0.2175,0.5086,-0.4483,0.2178,0.0637,-0.6973,2880.0
Anomalia,0.0296,0.2238,0.5086,-0.4483,0.2257,-0.1472,-0.7841,2880.0
Anomalia,0.009,0.2202,0.5086,-0.4483,0.2204,0.0314,-0.7363,2880.0
Anomalia,0.0032,0.2023,0.5086,-0.4452,0.2023,0.1471,-0.4443,2880.0
Anomalia,0.0204,0.304,0.9263,-0.8165,0.3047,0.3759,1.3958,2400.0
Anomalia,-0.0045,0.4698,1.2323,-1.1685,0.4698,0.0968,0.3361,2640.0
Anomalia,0.0163,0.581,1.2822,-1.1879,0.5812,0.0755,-0.6257,2640.0
Anomalia,0.0201,0.5863,1.2822,-1.1879,0.5866,0.0524,-0.7048,2640.0
Anomalia,0.0002,0.5374,1.2822,-1.1879,0.5374,0.0945,-0.1505,2880.0
Anomalia,0.0215,0.3923,1.2822,-1.1879,0.3929,0.2295,1.7135,2880.0
Anomalia,0.0039,0.2101,0.4116,-0.4802,0.2102,-0.0864,-0.8423,2880.0
Anomalia,0.0188,0.2455,0.7007,-0.6402,0.2462,-0.0193,-0.0056,2400.0
Anomalia,0.0218,0.2801,0.7007,-0.6402,0.281,0.0765,-0.2422,2640.0
Anomalia,0.0143,0.2961,0.7007,-0.6402,0.2965,0.0653,-0.55,2640.0
Anomalia,0.0168,0.2949,0.7007,-0.6402,0.2954,0.0511,-0.5418,2640.0
Anomalia,0.004,0.2818,0.6471,-0.5674,0.2819,0.118,-0.8053,2880.0
Anomalia,0.0015,0.2636,0.586,-0.5455,0.2636,0.012,-0.9198,2880.0
Anomalia,0.0085,0.2621,0.586,-0.5455,0.2623,0.0246,-0.9919,2880.0
Anomalia,0.0112,0.2792,0.586,-0.5455,0.2795,-0.0688,-1.0275,2880.0
Anomalia,0.014,0.2834,0.586,-0.5455,0.2837,-0.0885,-0.9486,2880.0
Anomalia,0.0246,0.241,0.5516,-0.5451,0.2422,-0.1983,-0.3593,2880.0
Anomalia,0.009,0.2525,0.5516,-0.5451,0.2526,-0.1541,-0.5753,2880.0
Anomalia,0.014,0.2319,0.5516,-0.4982,0.2323,-0.175,-0.3925,2880.0
Anomalia,0.0127,0.1795,0.4272,-0.4652,0.1799,-0.4942,0.2292,2880.0
Anomalia,0.0038,0.2416,0.5998,-0.4971,0.2417,-0.0976,-0.3907,2880.0
Anomalia,0.0274,0.2649,0.5998,-0.5583,0.2663,-0.064,-0.4683,2640.0
Anomalia,0.0166,0.2609,0.5998,-0.5583,0.2614,0.0866,-0.3481,2640.0
Anomalia,0.0158,0.2575,0.5998,-0.5583,0.2579,0.1297,-0.2415,2640.0
Anomalia,0.0195,0.2091,0.5983,-0.5583,0.2101,0.2148,0.4934,2880.0
Anomalia,-0.0029,0.1252,0.3734,-0.3546,0.1253,0.398,0.7496,2880.0
Anomalia,0.0169,0.1101,0.3019,-0.2207,0.1113,0.0437,-0.4044,2640.0
Anomalia,0.0191,0.1324,0.3254,-0.2585,0.1338,0.0704,-0.6868,2880.0
Anomalia,0.0074,0.1801,0.527,-0.446,0.1803,0.022,0.4888,2640.0
Anomalia,0.0141,0.1929,0.527,-0.446,0.1935,-0.0573,-0.0999,2640.0
Anomalia,0.0061,0.2147,0.527,-0.446,0.2148,0.0421,-0.7091,2640.0
Anomalia,-0.001,0.2372,0.527,-0.446,0.2372,0.1103,-0.9056,2640.0
Anomalia,0.0175,0.2271,0.5046,-0.3893,0.2278,0.0854,-1.0655,2640.0
Anomalia,0.0196,0.2248,0.5046,-0.3893,0.2256,0.0582,-1.0252,2640.0
Anomalia,0.0112,0.2141,0.5046,-0.3893,0.2144,0.1856,-0.8582,2640.0
Anomalia,0.0241,0.1799,0.4333,-0.3647,0.1815,0.1357,-0.6606,2400.0
Anomalia,0.0027,0.1438,0.3025,-0.2904,0.1438,0.0234,-0.9354,2400.0
Anomalia,0.0073,0.1899,0.503,-0.4623,0.19,0.1097,-0.1923,2640.0
Anomalia,0.0148,0.2221,0.5067,-0.4623,0.2226,0.123,-0.4988,2640.0
Anomalia,0.0111,0.2294,0.5067,-0.4623,0.2297,0.1467,-0.7251,2640.0
Anomalia,0.0193,0.2269,0.5067,-0.4623,0.2277,0.0748,-0.6651,2640.0
Anomalia,0.0165,0.1831,0.5067,-0.4498,0.1838,0.1398,-0.1149,2640.0
Anomalia,0.0149,0.1594,0.4475,-0.3411,0.1601,0.0526,-0.6197,2880.0
Anomalia,0.0115,0.1445,0.4475,-0.3411,0.1449,0.0931,-0.0325,2640.0
Anomalia,0.0193,0.1368,0.4475,-0.3411,0.1382,0.0536,0.389,2880.0
Anomalia,0.0105,0.1303,0.4475,-0.3411,0.1307,0.2652,1.0196,2880.0
Anomalia,0.0117,0.0916,0.222,-0.1784,0.0923,0.3189,-0.4522,2880.0
Anomalia,0.0074,0.0927,0.222,-0.1567,0.093,0.4628,-0.6135,2880.0
Anomalia,0.0125,0.0967,0.222,-0.1567,0.0975,0.3549,-0.897,2880.0
Anomalia,0.0136,0.1002,0.222,-0.1567,0.1011,0.2914,-1.0971,2880.0
Anomalia,0.0159,0.1101,0.2716,-0.1844,0.1112,0.2811,-0.8631,2880.0
Anomalia,0.0207,0.1527,0.3659,-0.3895,0.1541,-0.025,-0.1799,2400.0
Anomalia,0.0065,0.1514,0.3659,-0.3895,0.1515,0.1364,-0.0742,2640.0
Anomalia,0.017,0.1512,0.3659,-0.3895,0.1521,-0.016,-0.0461,2640.0
Anomalia,0.0033,0.1455,0.3659,-0.3895,0.1455,0.0352,0.1866,2400.0
Anomalia,0.0075,0.1442,0.3768,-0.4114,0.1443,-0.0199,0.4448,2400.0
Anomalia,0.0229,0.1742,0.4001,-0.4114,0.1757,0.0186,-0.3333,2640.0
Anomalia,0.0084,0.1869,0.4001,-0.4114,0.1871,0.1145,-0.7722,2640.0
Anomalia,0.0197,0.1871,0.4001,-0.4114,0.1882,0.0022,-0.7876,2640.0
Anomalia,0.0156,0.1646,0.4001,-0.3703,0.1653,0.1087,-0.6038,2640.0
Anomalia,0.0007,0.1844,0.474,-0.3951,0.1844,0.1051,-0.3489,2880.0
Anomalia,0.0118,0.2103,0.474,-0.3951,0.2107,0.0647,-0.7254,2640.0
Anomalia,0.0165,0.2231,0.474,-0.3951,0.2237,0.058,-1.012,2640.0
Anomalia,0.0065,0.2304,0.474,-0.3951,0.2305,0.0899,-1.1707,2880.0
Anomalia,0.0163,0.204,0.4241,-0.3563,0.2046,0.031,-1.1571,2880.0
Anomalia,0.0119,0.1736,0.3415,-0.339,0.174,0.039,-1.1195,2880.0
Anomalia,0.0043,0.1495,0.3398,-0.339,0.1495,-0.0496,-0.7655,2880.0
Anomalia,0.016,0.1336,0.3398,-0.2946,0.1346,-0.0714,-0.5752,2640.0
Anomalia,0.0165,0.1404,0.3448,-0.3052,0.1414,-0.0659,-0.4589,2640.0
Anomalia,0.019,0.1517,0.3448,-0.3052,0.1528,-0.1214,-0.666,2880.0
Anomalia,0.0139,0.1599,0.3448,-0.3052,0.1605,-0.0679,-0.9744,2880.0
Anomalia,0.0095,0.1636,0.3448,-0.3052,0.1639,0.0908,-1.1559,2880.0
Anomalia,0.0083,0.1624,0.3774,-0.2987,0.1626,0.0882,-1.1009,2880.0
Anomalia,0.0132,0.1509,0.3774,-0.2987,0.1515,0.063,-0.9346,2640.0
Anomalia,0.0165,0.1832,0.4101,-0.3657,0.184,0.0403,-0.8806,2640.0
Anomalia,0.0168,0.2146,0.4241,-0.3657,0.2153,0.0391,-1.0537,2640.0
Anomalia,0.0146,0.2069,0.4241,-0.3657,0.2074,0.0314,-0.9525,2640.0
Anomalia,0.0068,0.2058,0.4241,-0.3657,0.2059,0.1432,-0.8955,2640.0
Anomalia,0.0072,0.1826,0.4241,-0.3632,0.1827,0.1663,-0.5266,2880.0
Anomalia,0.0157,0.1649,0.4398,-0.3891,0.1656,0.1502,-0.3934,2880.0
Anomalia,0.0189,0.1737,0.4398,-0.3891,0.1748,0.1435,-0.5751,2880.0
Anomalia,0.0204,0.168,0.4398,-0.3891,0.1693,0.1239,-0.3857,2640.0
Anomalia,0.0195,0.1616,0.4398,-0.3891,0.1628,0.136,-0.4273,2880.0
Anomalia,0.0102,0.1392,0.3369,-0.2725,0.1396,0.1304,-0.8511,2640.0
Anomalia,-0.0002,0.1404,0.3211,-0.3092,0.1404,-0.0153,-0.8706,2640.0
Anomalia,0.0098,0.1691,0.3665,-0.3104,0.1694,0.0384,-1.0865,2640.0
Anomalia,0.014,0.1776,0.3665,-0.3104,0.1781,-0.0065,-1.233,2880.0
Anomalia,0.018,0.1666,0.3665,-0.3104,0.1676,-0.0348,-0.9407,2880.0
Anomalia,0.0282,0.1535,0.3665,-0.3104,0.1561,0.0812,-0.7865,2880.0
Anomalia,0.0126,0.1329,0.335,-0.2366,0.1334,0.0984,-0.8203,2880.0
Anomalia,0.005,0.1397,0.335,-0.2967,0.1398,0.0572,-0.6999,2640.0
Anomalia,0.0052,0.1616,0.3496,-0.2967,0.1617,0.1913,-0.9943,2640.0
Anomalia,0.0054,0.1568,0.3496,-0.2967,0.1569,0.0909,-1.0042,2640.0
Anomalia,0.0187,0.1496,0.3496,-0.2967,0.1508,-0.0097,-0.8045,2880.0
Anomalia,0.0197,0.1422,0.3496,-0.2706,0.1436,-0.012,-0.8121,2880.0
Anomalia,0.0111,0.1252,0.2562,-0.2574,0.1257,-0.118,-0.9832,2880.0
Anomalia,0.0094,0.1328,0.2624,-0.2574,0.1332,-0.0053,-1.0258,2880.0
Anomalia,0.0034,0.1399,0.2624,-0.2574,0.1399,0.0525,-1.1608,2880.0
Anomalia,0.0148,0.1543,0.3482,-0.2989,0.155,0.1311,-0.9484,2880.0
Anomalia,0.0241,0.1753,0.3482,-0.3065,0.1769,-0.0181,-1.0468,2880.0
Anomalia,0.0158,0.1723,0.3482,-0.3065,0.173,0.1176,-0.9324,2640.0
Anomalia,0.0156,0.226,0.5503,-0.5217,0.2265,0.0782,-0.4924,2640.0
Anomalia,0.0113,0.2356,0.5503,-0.5217,0.2359,0.0763,-0.4736,2640.0
Anomalia,-0.0021,0.2713,0.6108,-0.5681,0.2713,0.0925,-0.6016,2640.0
Anomalia,0.0102,0.338,0.6989,-0.582,0.3382,0.1115,-1.0685,2640.0
Anomalia,0.0125,0.3241,0.6989,-0.582,0.3244,0.1084,-0.9763,2640.0
Anomalia,0.0124,0.3069,0.6989,-0.582,0.3072,0.1314,-0.6873,2640.0
Anomalia,0.0235,0.2595,0.6989,-0.582,0.2606,0.2032,0.1668,2880.0
Anomalia,0.0217,0.2071,0.5449,-0.4746,0.2083,0.093,-0.1525,2880.0
Anomalia,0.0184,0.186,0.5449,-0.4746,0.1869,0.0396,0.3515,2640.0
Anomalia,0.0141,0.1877,0.5449,-0.4746,0.1882,0.093,0.2829,2640.0
Anomalia,0.0143,0.215,0.5449,-0.4746,0.2155,0.0603,-0.5882,2880.0
Anomalia,0.0127,0.1802,0.383,-0.4003,0.1806,-0.0163,-0.751,2880.0
Anomalia,0.0095,0.1817,0.383,-0.3332,0.1819,0.0538,-1.0567,2880.0
Anomalia,0.0136,0.1754,0.383,-0.3332,0.176,-0.0217,-0.9189,2880.0
Anomalia,0.0128,0.1411,0.32,-0.2866,0.1417,-0.0527,-0.7117,2880.0
Anomalia,0.0098,0.1238,0.301,-0.2866,0.1242,-0.1904,-0.42,2640.0
Anomalia,0.019,0.0988,0.1898,-0.1932,0.1006,-0.0674,-1.0696,2640.0
Anomalia,0.0115,0.096,0.1898,-0.1932,0.0967,0.0928,-1.0384,2640.0
Anomalia,0.0055,0.1108,0.2015,-0.2201,0.111,-0.0447,-1.0367,2640.0
Anomalia,0.0123,0.1209,0.2347,-0.2201,0.1216,0.0222,-1.1041,2640.0
Anomalia,0.0076,0.1204,0.2347,-0.2201,0.1207,0.0561,-0.9707,2640.0
Anomalia,0.0187,0.1204,0.2347,-0.2201,0.1218,-0.1625,-0.9562,2880.0
Anomalia,0.0246,0.1009,0.2347,-0.218,0.1039,-0.0397,-0.4182,2640.0
Anomalia,0.0126,0.0895,0.227,-0.218,0.0904,-0.274,-0.1929,2880.0
Anomalia,0.0126,0.0775,0.1581,-0.218,0.0785,-0.3856,-0.0866,2880.0
Anomalia,-0.0034,0.0839,0.1531,-0.2241,0.084,-0.5006,-0.2224,2640.0
Anomalia,0.01,0.105,0.2664,-0.2241,0.1055,0.1068,-0.5255,2640.0
Anomalia,0.0155,0.1514,0.4854,-0.4498,0.1522,0.1095,0.5856,2640.0
Anomalia,0.0205,0.2571,0.7427,-0.6471,0.2579,0.0007,0.4328,2880.0
Anomalia,0.025,0.3176,0.7427,-0.6471,0.3186,-0.1101,-0.6281,2880.0
Anomalia,0.0055,0.3134,0.7427,-0.6471,0.3134,0.0535,-0.5177,2640.0
Anomalia,0.0007,0.3003,0.7427,-0.6471,0.3003,0.0806,-0.2079,2640.0
Anomalia,0.0076,0.2329,0.6035,-0.6146,0.233,-0.0102,0.411,2400.0
Anomalia,0.0155,0.1927,0.4514,-0.465,0.1933,-0.0193,-0.268,2400.0
Anomalia,0.0175,0.1995,0.4514,-0.465,0.2003,-0.0758,-0.5033,2640.0
Anomalia,0.0226,0.2157,0.4946,-0.4665,0.2169,-0.0649,-0.5863,2400.0
Anomalia,0.0099,0.2654,0.5568,-0.5923,0.2656,-0.0876,-0.7036,2880.0
Anomalia,0.0103,0.2722,0.5568,-0.5923,0.2724,0.0052,-0.7487,2640.0
Anomalia,0.0128,0.2719,0.5568,-0.5923,0.2722,-0.0255,-0.7472,2640.0
Anomalia,0.0138,0.2643,0.5568,-0.5923,0.2647,-0.0746,-0.7029,2880.0
Anomalia,0.0187,0.2262,0.5493,-0.4212,0.227,0.064,-0.8266,2880.0
Anomalia,0.0078,0.1825,0.4316,-0.3344,0.1827,0.108,-0.9627,2640.0
Anomalia,0.0062,0.1808,0.4316,-0.3344,0.1809,0.1592,-0.9343,2880.0
Anomalia,0.0096,0.1614,0.4316,-0.3048,0.1617,0.1911,-0.5445,2880.0
Anomalia,0.0097,0.1623,0.3672,-0.3759,0.1625,-0.0317,-0.468,2880.0
Anomalia,0.0168,0.1948,0.5374,-0.4083,0.1955,0.0185,-0.3254,2640.0
Anomalia,0.0211,0.2143,0.5374,-0.4083,0.2154,0.0806,-0.6153,2640.0
Anomalia,0.0111,0.2246,0.5374,-0.4083,0.2249,0.1558,-0.8702,2640.0
Anomalia,0.0117,0.2018,0.5374,-0.4083,0.2021,0.2188,-0.421,2640.0
Anomalia,0.0031,0.1637,0.5195,-0.3428,0.1637,0.3105,-0.1445,2880.0
Anomalia,0.0064,0.1503,0.3146,-0.3334,0.1505,-0.0946,-0.8001,2640.0
Anomalia,0.023,0.164,0.4529,-0.3334,0.1656,0.1529,-0.6106,2640.0
Anomalia,0.0108,0.1623,0.4529,-0.3334,0.1626,0.2904,-0.5085,2640.0
Anomalia,0.0267,0.1657,0.4529,-0.3334,0.1678,0.1791,-0.5795,2400.0
Anomalia,0.0097,0.1932,0.4529,-0.4819,0.1935,0.0055,-0.4004,2880.0
Anomalia,-0.0076,0.1997,0.3972,-0.4819,0.1999,-0.0417,-0.6393,2640.0
Anomalia,0.0071,0.205,0.3972,-0.4819,0.2051,-0.1495,-0.7241,2640.0
Anomalia,0.0012,0.1982,0.3972,-0.4819,0.1982,-0.1543,-0.5958,2640.0
Anomalia,0.016,0.1699,0.3588,-0.3603,0.1706,-0.0468,-0.7048,2880.0
Anomalia,0.0262,0.1559,0.3492,-0.2483,0.1581,0.0228,-0.9908,2880.0
Anomalia,0.0135,0.157,0.3313,-0.2483,0.1576,0.0611,-1.1303,2880.0
Anomalia,0.0094,0.1559,0.3313,-0.2695,0.1562,0.081,-1.0233,2880.0
Anomalia,0.0115,0.1379,0.3313,-0.2695,0.1384,0.0294,-0.5373,2880.0
Anomalia,0.0079,0.121,0.2514,-0.2695,0.1213,-0.1803,-0.6182,2880.0
Anomalia,0.022,0.1155,0.2862,-0.2695,0.1176,-0.155,-0.3773,2880.0
Anomalia,0.0203,0.1513,0.3277,-0.3469,0.1526,-0.2451,-0.5063,2880.0
Anomalia,0.0108,0.1574,0.3277,-0.3469,0.1578,-0.1167,-0.7539,2880.0
Anomalia,0.0113,0.1489,0.3277,-0.3469,0.1493,-0.1584,-0.4799,2880.0
Anomalia,0.0014,0.2054,0.4625,-0.572,0.2054,-0.2157,-0.1155,2880.0
Anomalia,0.0177,0.2149,0.4625,-0.572,0.2156,-0.1848,-0.1022,2640.0
Anomalia,0.0226,0.2393,0.4625,-0.572,0.2403,-0.2052,-0.6723,2640.0
Anomalia,0.0176,0.2454,0.4625,-0.572,0.2461,-0.1004,-0.8099,2640.0
Anomalia,0.0172,0.2179,0.4458,-0.4145,0.2186,0.0807,-0.9514,2640.0
Anomalia,0.0099,0.1912,0.4458,-0.4112,0.1915,0.0822,-0.7218,2640.0
Anomalia,0.0075,0.1887,0.456,-0.3784,0.1889,0.1991,-0.6417,2640.0
Anomalia,0.0107,0.1832,0.456,-0.3784,0.1835,0.0345,-0.5511,2640.0
Anomalia,0.0146,0.1629,0.456,-0.3784,0.1636,-0.0333,-0.0734,3360.0
Anomalia,0.0151,0.1836,0.456,-0.3784,0.1842,-0.06,-0.5673,2880.0
Anomalia,0.0185,0.1559,0.33,-0.3667,0.157,-0.1959,-0.5447,2640.0
Anomalia,0.0137,0.1519,0.33,-0.3363,0.1525,-0.0546,-0.6319,2640.0
Anomalia,0.011,0.1526,0.33,-0.3363,0.153,-0.0049,-0.6866,2400.0
Anomalia,0.0014,0.1786,0.4554,-0.5078,0.1786,-0.2227,0.313,2400.0
Anomalia,0.0088,0.2198,0.5155,-0.5078,0.22,-0.0085,-0.2908,2640.0
Anomalia,0.0159,0.2323,0.5155,-0.5078,0.2328,-0.0856,-0.6933,2640.0
Anomalia,0.0132,0.2379,0.5155,-0.5078,0.2383,-0.0019,-0.7874,2640.0
Anomalia,0.0227,0.1945,0.5155,-0.4229,0.1958,0.1647,-0.2453,2880.0
Anomalia,0.0193,0.1584,0.4008,-0.2971,0.1596,0.0559,-0.7199,2880.0
Anomalia,0.011,0.1556,0.4008,-0.2772,0.156,0.1606,-0.6287,2880.0
Anomalia,0.0217,0.1615,0.3373,-0.2725,0.1629,-0.0118,-0.9757,2880.0
Anomalia,0.0122,0.1803,0.3373,-0.3405,0.1807,0.0285,-1.1871,2880.0
Anomalia,0.0034,0.1741,0.3342,-0.3484,0.1741,-0.0122,-0.9601,2880.0
Anomalia,0.013,0.1819,0.3743,-0.3484,0.1824,0.002,-1.0006,2880.0
Anomalia,0.0051,0.1758,0.3743,-0.3484,0.1759,0.064,-0.8097,2880.0
Anomalia,0.0148,0.1733,0.3743,-0.3484,0.174,0.0154,-0.8574,2880.0
Anomalia,0.0252,0.1774,0.3743,-0.2833,0.1792,0.1035,-1.1187,2880.0
Anomalia,0.0113,0.1586,0.3526,-0.2729,0.159,0.1727,-0.8447,2880.0
Anomalia,0.012,0.1556,0.3442,-0.2716,0.156,0.0999,-1.0165,2880.0
Anomalia,0.0039,0.1474,0.3442,-0.2716,0.1475,0.2073,-0.9178,2880.0
Anomalia,0.0047,0.1361,0.295,-0.2716,0.1361,0.0847,-0.9687,2640.0
Anomalia,0.0262,0.1772,0.5126,-0.3334,0.1791,0.2322,-0.4645,2640.0
Anomalia,0.0217,0.208,0.5126,-0.4441,0.2092,-0.0345,-0.6854,2640.0
Anomalia,0.0224,0.2099,0.5126,-0.4441,0.2111,-0.0681,-0.7466,2640.0
Anomalia,0.0086,0.213,0.5126,-0.4441,0.2132,0.0577,-0.8394,2880.0
Anomalia,0.0018,0.1831,0.3711,-0.4441,0.1831,-0.1913,-0.7675,2880.0
Anomalia,0.0067,0.1914,0.4398,-0.4621,0.1916,-0.0558,-0.5814,2880.0
Anomalia,0.0148,0.1911,0.4398,-0.4621,0.1916,-0.0806,-0.4972,2880.0
Anomalia,0.0162,0.1963,0.4398,-0.4621,0.197,-0.1019,-0.6328,2880.0
Anomalia,0.0145,0.1943,0.4398,-0.4621,0.1948,-0.0704,-0.5676,2880.0
Anomalia,0.0129,0.1486,0.3396,-0.276,0.1492,0.0672,-0.9359,2880.0
Anomalia,0.0027,0.1589,0.3017,-0.2983,0.159,-0.0087,-1.0759,2880.0
Anomalia,0.0131,0.1493,0.3017,-0.2983,0.1499,-0.0499,-0.9557,2880.0
Anomalia,0.0068,0.1471,0.3017,-0.2983,0.1472,-0.0014,-0.9115,2880.0
Anomalia,0.0134,0.1515,0.3213,-0.2983,0.1521,0.0096,-0.9353,2880.0
Anomalia,0.018,0.1387,0.3286,-0.2601,0.1399,0.1723,-0.8537,2880.0
Anomalia,0.0089,0.1383,0.3286,-0.2601,0.1385,0.1181,-0.8029,2880.0
Anomalia,0.016,0.1509,0.3346,-0.267,0.1517,0.0986,-0.8879,2640.0
Anomalia,0.0134,0.1704,0.3759,-0.3419,0.1709,0.0959,-0.8067,2640.0
Anomalia,0.0172,0.2334,0.5639,-0.4469,0.234,0.1753,-0.5368,2640.0
Anomalia,0.0159,0.2672,0.5639,-0.4469,0.2677,0.1128,-1.0093,2640.0
Anomalia,0.0133,0.2623,0.5639,-0.4469,0.2627,0.1526,-0.8948,2640.0
Anomalia,0.0062,0.2533,0.5639,-0.4469,0.2533,0.165,-0.673,2880.0
Anomalia,0.0009,0.203,0.5055,-0.4308,0.203,-0.0143,-0.4969,2880.0
Anomalia,0.0074,0.1586,0.3204,-0.3851,0.1588,-0.1623,-0.5385,2880.0
Anomalia,0.0165,0.1607,0.3204,-0.3851,0.1616,-0.2312,-0.5223,2640.0
Anomalia,0.0201,0.1448,0.3204,-0.3463,0.1462,-0.035,-0.4998,2640.0
Anomalia,0.0243,0.1314,0.305,-0.2562,0.1337,0.1236,-0.6195,2400.0
Anomalia,0.0194,0.1519,0.305,-0.3229,0.1531,-0.047,-0.7707,2640.0
Anomalia,-0.0032,0.165,0.2944,-0.329,0.165,-0.0444,-1.0321,2640.0
Anomalia,0.0095,0.1875,0.3674,-0.329,0.1877,-0.0025,-1.1749,2640.0
Anomalia,0.0085,0.2071,0.3674,-0.3651,0.2073,-0.016,-1.3479,2640.0
Anomalia,0.0161,0.2002,0.4087,-0.3651,0.2009,0.0527,-1.1841,2640.0
Anomalia,0.0219,0.1968,0.4087,-0.3651,0.1981,0.0504,-1.1328,2640.0
Anomalia,0.0107,0.1785,0.4087,-0.3651,0.1789,0.0926,-0.8605,2640.0
Anomalia,0.0093,0.1429,0.4087,-0.2956,0.1432,0.2743,-0.0806,2640.0
Anomalia,0.013,0.1626,0.4279,-0.4383,0.1631,-0.1197,0.0463,2400.0
Anomalia,0.0156,0.1738,0.503,-0.4383,0.1745,-0.0106,0.0481,2880.0
Anomalia,0.0173,0.2055,0.503,-0.4383,0.2062,-0.0413,-0.4798,2880.0
Anomalia,0.0137,0.2065,0.503,-0.4383,0.2069,-0.001,-0.5247,2640.0
Anomalia,0.0102,0.1887,0.503,-0.4037,0.1889,0.0779,-0.359,2880.0
Anomalia,0.0058,0.1956,0.4861,-0.4247,0.1957,-0.0802,-0.4852,2880.0
Anomalia,0.005,0.176,0.4277,-0.4247,0.1761,-0.041,-0.3082,2880.0
Anomalia,0.0079,0.1884,0.4277,-0.4247,0.1886,-0.1092,-0.6992,2880.0
Anomalia,0.0114,0.2045,0.4277,-0.4247,0.2048,0.0028,-0.91,2880.0
Anomalia,0.0183,0.1736,0.4277,-0.3436,0.1745,0.1033,-0.538,2880.0
Anomalia,0.0175,0.1647,0.4074,-0.3194,0.1657,0.0854,-0.599,2880.0
Anomalia,0.0163,0.1802,0.4074,-0.3311,0.1809,0.0541,-0.8741,2880.0
Anomalia,0.0088,0.1663,0.3269,-0.3311,0.1666,-0.0992,-0.8604,2640.0
Anomalia,0.0084,0.1677,0.3269,-0.3311,0.168,-0.0412,-0.9331,2640.0
Anomalia,0.0082,0.1621,0.3269,-0.3311,0.1623,-0.0993,-0.8761,2640.0
Anomalia,0.0197,0.1513,0.3144,-0.319,0.1525,-0.0245,-0.9332,2640.0
Anomalia,0.0177,0.1377,0.3144,-0.2412,0.1388,0.1398,-0.9484,2640.0
Anomalia,0.0159,0.1371,0.3144,-0.2412,0.138,0.1275,-0.9679,2640.0
Anomalia,0.0144,0.1282,0.3144,-0.2412,0.129,0.2279,-0.6901,2640.0
Anomalia,0.002,0.1085,0.2497,-0.217,0.1085,0.0986,-1.0145,2640.0
Anomalia,0.0055,0.1108,0.2841,-0.188,0.1109,0.2483,-0.906,2640.0
Anomalia,0.0138,0.1228,0.2841,-0.2866,0.1235,0.0342,-0.6477,2640.0
Anomalia,0.009,0.1325,0.2841,-0.2866,0.1328,0.1309,-0.8787,2640.0
Anomalia,0.0149,0.1514,0.5053,-0.2887,0.1521,0.5758,0.3303,2640.0
Anomalia,0.0226,0.2267,0.5618,-0.5472,0.2278,0.1962,0.1216,2640.0
Anomalia,0.0124,0.2866,0.5981,-0.6025,0.2869,0.1571,-0.5446,2640.0
Anomalia,0.0213,0.3066,0.5981,-0.6025,0.3074,0.0363,-0.9333,2640.0
Anomalia,0.0071,0.2958,0.5981,-0.6025,0.2959,0.1052,-0.7458,2640.0
Anomalia,-0.0068,0.2665,0.5981,-0.6025,0.2666,0.1082,-0.5223,2400.0
Anomalia,0.0141,0.2519,0.5994,-0.4769,0.2523,0.1417,-0.6547,2400.0
Anomalia,0.0107,0.2584,0.5994,-0.4769,0.2587,0.1394,-0.8053,2640.0
Anomalia,0.028,0.2723,0.5994,-0.4769,0.2738,-0.0239,-1.1224,2640.0
Anomalia,0.0313,0.2492,0.5994,-0.4769,0.2511,0.0535,-0.838,2640.0
Anomalia,0.0086,0.1881,0.4195,-0.4191,0.1883,0.0198,-0.5184,2880.0
Anomalia,0.0073,0.138,0.3713,-0.29,0.1381,0.1495,-0.2309,2880.0
Anomalia,-0.0086,0.1363,0.2618,-0.3699,0.1365,-0.2229,-0.3672,2880.0
Anomalia,0.0023,0.1841,0.5839,-0.4379,0.1841,0.3437,0.6589,2880.0
Anomalia,0.0162,0.1943,0.5839,-0.4379,0.195,0.1621,0.0208,2880.0
Anomalia,0.0162,0.1908,0.5839,-0.4379,0.1915,0.2,0.1918,2880.0
Anomalia,0.0192,0.1764,0.5839,-0.4379,0.1774,0.3802,0.7793,2880.0
Anomalia,0.0124,0.1726,0.4197,-0.3934,0.173,0.0059,-0.1731,2880.0
Anomalia,0.005,0.1698,0.4197,-0.3934,0.1699,0.043,-0.0541,2640.0
Anomalia,0.011,0.1712,0.4197,-0.3934,0.1715,-0.0091,-0.1426,2640.0
Anomalia,0.0156,0.1634,0.4197,-0.3934,0.1642,-0.067,0.2696,2640.0
Anomalia,0.022,0.105,0.2516,-0.2418,0.1073,-0.1241,-0.4013,2640.0
Anomalia,0.0174,0.0919,0.2397,-0.1986,0.0935,0.1519,-0.3923,2640.0
Anomalia,0.0102,0.0937,0.2397,-0.1986,0.0943,0.2768,-0.3813,2640.0
Anomalia,0.0137,0.1346,0.3576,-0.3361,0.1353,0.2512,-0.007,2640.0
Anomalia,0.0037,0.1545,0.3576,-0.3361,0.1546,0.3328,-0.4475,2640.0
Anomalia,0.0072,0.1699,0.3576,-0.3361,0.1701,0.2133,-0.9299,2640.0
Anomalia,0.0231,0.1696,0.3576,-0.3361,0.1712,-0.013,-0.9448,2640.0
Anomalia,0.0106,0.1765,0.3419,-0.4316,0.1768,-0.2361,-0.6122,2640.0
Anomalia,0.0108,0.1825,0.3419,-0.4316,0.1828,-0.2299,-0.6959,2640.0
Anomalia,0.0118,0.1811,0.3419,-0.4316,0.1815,-0.3011,-0.606,2640.0
Anomalia,-0.0017,0.1876,0.3419,-0.4316,0.1876,-0.0969,-0.899,2640.0
Anomalia,0.0141,0.1733,0.3932,-0.305,0.1739,0.1147,-1.0311,2640.0
Anomalia,0.0226,0.1599,0.3932,-0.3002,0.1615,0.1488,-0.9658,2640.0
Anomalia,0.0121,0.1504,0.3932,-0.2084,0.1508,0.4259,-0.8259,2640.0
Anomalia,0.0129,0.1689,0.3932,-0.3081,0.1694,0.2088,-0.9771,2880.0
Anomalia,0.0082,0.1645,0.3288,-0.3081,0.1647,0.0888,-1.0487,2640.0
Anomalia,-0.0038,0.149,0.3004,-0.3081,0.1491,0.0948,-0.7655,2640.0
Anomalia,0.0195,0.1522,0.3004,-0.3081,0.1535,-0.1043,-0.7857,2640.0
Anomalia,0.0144,0.1215,0.2699,-0.2772,0.1224,0.1189,-0.5549,2640.0
Anomalia,0.0174,0.0959,0.2699,-0.194,0.0974,0.3382,-0.2771,2640.0
Anomalia,0.0244,0.103,0.2699,-0.2036,0.1058,0.2057,-0.436,2640.0
Anomalia,0.0027,0.1128,0.2624,-0.3369,0.1128,-0.4027,0.1275,2640.0
Anomalia,0.0131,0.1486,0.3256,-0.3369,0.1492,-0.1546,-0.3456,2640.0
Anomalia,0.0087,0.1587,0.3256,-0.3369,0.1589,-0.0554,-0.7745,2880.0
Anomalia,0.0046,0.1762,0.3365,-0.3417,0.1763,-0.0431,-1.0115,2880.0
Anomalia,0.0144,0.2011,0.3772,-0.3686,0.2016,-0.0074,-1.1553,2880.0
Anomalia,0.0094,0.2072,0.3772,-0.3686,0.2074,0.0328,-1.1479,2880.0
Anomalia,0.0057,0.2354,0.4902,-0.4128,0.2354,0.0436,-1.2723,2880.0
Anomalia,0.0163,0.2526,0.5891,-0.4256,0.2531,0.1151,-1.1414,2880.0
Anomalia,0.0111,0.2231,0.5891,-0.4256,0.2234,0.2278,-0.5085,2880.0
Anomalia,0.0178,0.2126,0.5891,-0.4256,0.2134,0.231,-0.3028,2880.0
Anomalia,0.0225,0.1769,0.5891,-0.4256,0.1784,0.4621,0.5821,2880.0
Anomalia,0.0085,0.1276,0.3538,-0.2923,0.1279,0.3263,-0.0382,2880.0
Anomalia,0.0188,0.1292,0.3538,-0.2923,0.1305,0.1572,-0.2116,2880.0
Anomalia,0.003,0.1048,0.2643,-0.2868,0.1049,-0.1766,-0.2981,2880.0
Anomalia,0.0058,0.1335,0.3484,-0.2916,0.1337,-0.0284,-0.3189,2880.0
Anomalia,0.0225,0.1495,0.3722,-0.2916,0.1511,0.0477,-0.581,2640.0
Anomalia,0.0121,0.1743,0.3722,-0.3058,0.1747,0.1275,-0.9835,2640.0
Anomalia,0.0198,0.2009,0.3889,-0.3394,0.2019,0.0546,-1.2233,2640.0
Anomalia,0.0087,0.1825,0.3889,-0.3394,0.1827,0.2164,-0.8539,2640.0
Anomalia,-0.0015,0.1628,0.3889,-0.3394,0.1628,0.2459,-0.2184,2640.0
Anomalia,0.0045,0.1346,0.3889,-0.3394,0.1347,0.1852,0.9246,2880.0
Anomalia,0.0067,0.0972,0.2261,-0.2347,0.0974,-0.0844,-0.3333,2880.0
Anomalia,0.0144,0.1051,0.2261,-0.2347,0.1061,-0.1999,-0.5215,2880.0
Anomalia,0.0187,0.1132,0.2261,-0.2347,0.1147,-0.1975,-0.8492,2880.0
Anomalia,0.0117,0.1424,0.4262,-0.2764,0.1428,0.16,-0.2855,2880.0
Anomalia,0.0134,0.1925,0.4804,-0.4612,0.193,0.2181,-0.0713,2400.0
Anomalia,0.0067,0.2756,0.6519,-0.6371,0.2757,0.0981,-0.3208,2640.0
Anomalia,0.0072,0.3159,0.6519,-0.6371,0.316,0.0785,-1.0174,2640.0
Anomalia,0.0167,0.3202,0.6519,-0.6371,0.3206,-0.0164,-1.1255,2640.0
Anomalia,0.0065,0.2959,0.6519,-0.6371,0.296,0.0187,-0.792,2640.0
Anomalia,0.0108,0.2173,0.4955,-0.4963,0.2175,-0.0063,-0.5255,2640.0
Anomalia,0.0163,0.1562,0.3388,-0.3296,0.1571,-0.0988,-0.7891,2640.0
Anomalia,0.0077,0.1744,0.4176,-0.3822,0.1746,0.0005,-0.436,2880.0
Anomalia,0.0148,0.2035,0.4285,-0.4295,0.2041,-0.0179,-0.5546,2640.0
Anomalia,0.0124,0.2036,0.4285,-0.4295,0.204,0.0417,-0.5754,2640.0
Anomalia,-0.0011,0.2401,0.5061,-0.4295,0.2401,0.1648,-0.9923,2400.0
Anomalia,0.0015,0.2621,0.5833,-0.5785,0.2621,0.054,-0.8256,2880.0
Anomalia,0.0113,0.2765,0.6932,-0.5785,0.2768,0.1284,-0.5787,2880.0
Anomalia,0.0158,0.2826,0.6932,-0.5785,0.283,0.0738,-0.7477,2880.0
Anomalia,0.0238,0.2517,0.6932,-0.5785,0.2528,0.0332,-0.0537,2880.0
Anomalia,0.0198,0.1955,0.6932,-0.5359,0.1965,0.378,1.3676,2880.0
Anomalia,0.0101,0.1322,0.2906,-0.252,0.1325,0.0589,-0.9548,2880.0
Anomalia,0.0091,0.1297,0.2537,-0.2268,0.13,0.0276,-1.2096,2880.0
Anomalia,0.0008,0.1249,0.2537,-0.2268,0.1249,0.0384,-1.1347,2880.0
Anomalia,0.0158,0.1685,0.5197,-0.4354,0.1692,0.2778,0.007,2880.0
Anomalia,0.0203,0.2572,0.6713,-0.6555,0.258,0.0054,0.1351,2880.0
Anomalia,0.0138,0.2879,0.6713,-0.6555,0.2883,-0.0169,-0.4769,2640.0
Anomalia,0.0143,0.2946,0.6713,-0.6555,0.2949,-0.0215,-0.6567,2640.0
Anomalia,0.0022,0.2732,0.6713,-0.6555,0.2732,0.0092,-0.1836,2640.0
Anomalia,0.0001,0.1897,0.5299,-0.528,0.1897,-0.1232,0.3411,2880.0
Anomalia,0.0101,0.1267,0.3465,-0.2626,0.1271,-0.0802,-0.5001,2880.0
Anomalia,0.0129,0.1075,0.2228,-0.2549,0.1082,-0.2337,-0.5906,2640.0
Anomalia,0.015,0.1189,0.3745,-0.2472,0.1198,0.1568,0.0912,2400.0
Anomalia,0.0105,0.1559,0.3745,-0.3542,0.1562,-0.1013,-0.1258,2880.0
Anomalia,0.0053,0.1739,0.3745,-0.3542,0.174,-0.0424,-0.7043,2640.0
Anomalia,0.0041,0.1789,0.3745,-0.3542,0.179,-0.0061,-0.8651,2640.0
Anomalia,0.0084,0.1935,0.3528,-0.3542,0.1937,-0.0447,-1.1614,2640.0
Anomalia,0.0192,0.1744,0.3528,-0.3044,0.1754,0.0062,-1.1253,2640.0
Anomalia,0.0145,0.1632,0.3528,-0.2992,0.1638,0.0325,-0.9097,2640.0
Anomalia,0.0107,0.1649,0.3528,-0.2992,0.1652,0.0581,-0.9896,2640.0
Anomalia,0.0108,0.1316,0.3223,-0.2522,0.132,-0.0958,-0.6761,2400.0
Anomalia,-0.0042,0.1148,0.2049,-0.2522,0.1149,-0.3088,-0.8166,2400.0
Anomalia,0.0136,0.1416,0.3738,-0.3092,0.1423,0.1101,-0.4362,2640.0
Anomalia,0.0195,0.1403,0.3738,-0.3092,0.1416,0.0702,-0.3903,2640.0
Anomalia,0.0155,0.1612,0.3738,-0.3092,0.1619,0.0938,-0.91,2640.0
Anomalia,0.0169,0.1682,0.3738,-0.3092,0.169,0.0862,-1.0198,2640.0
Anomalia,0.0082,0.1354,0.3332,-0.2762,0.1356,0.0708,-0.5659,2640.0
Anomalia,-0.0007,0.1482,0.3332,-0.4218,0.1482,-0.0788,-0.0702,2400.0
Anomalia,0.0087,0.1653,0.4391,-0.4218,0.1655,0.0663,0.3119,2880.0
Anomalia,0.0112,0.1577,0.4391,-0.4218,0.1581,0.0678,0.6546,2880.0
Anomalia,0.0095,0.1741,0.4391,-0.4218,0.1744,0.0552,-0.2455,2880.0
Anomalia,0.0248,0.1669,0.4391,-0.3711,0.1687,0.1047,-0.4575,2640.0
Anomalia,0.0076,0.1309,0.2768,-0.277,0.1312,0.1877,-0.8298,2640.0
Anomalia,0.0162,0.1334,0.2768,-0.277,0.1344,0.0941,-0.8677,3360.0
Anomalia,0.0124,0.1139,0.2768,-0.2261,0.1146,0.3781,-0.4886,2880.0
Anomalia,0.0073,0.1211,0.3246,-0.2389,0.1213,0.5384,0.0144,2880.0
Anomalia,0.0122,0.1344,0.3246,-0.2551,0.135,0.2671,-0.5635,2400.0
Anomalia,0.0144,0.1429,0.3246,-0.2551,0.1437,0.2808,-0.7193,2640.0
Anomalia,0.0094,0.1715,0.3246,-0.3434,0.1717,0.0214,-1.0468,2640.0
Anomalia,0.0083,0.1557,0.3002,-0.3434,0.1559,-0.1039,-0.8151,2640.0
Anomalia,0.0103,0.1489,0.3002,-0.3434,0.1492,-0.0343,-0.5793,2400.0
Anomalia,0.0023,0.1592,0.3085,-0.3434,0.1592,-0.0149,-0.7296,2880.0
Anomalia,0.0131,0.1606,0.3094,-0.2979,0.1611,0.0877,-0.8844,2640.0
Anomalia,0.0115,0.1654,0.3094,-0.2979,0.1658,0.1038,-1.0321,2640.0
Anomalia,0.0038,0.1684,0.3094,-0.3275,0.1685,0.0592,-0.9657,2880.0
Anomalia,0.0026,0.1938,0.3851,-0.3939,0.1938,0.0036,-0.797,2880.0
Anomalia,0.0055,0.2035,0.3851,-0.3939,0.2035,0.0086,-0.8151,2880.0
Anomalia,0.0109,0.2058,0.3851,-0.3939,0.206,-0.0407,-0.8881,2880.0
Anomalia,0.0201,0.2107,0.3851,-0.3939,0.2117,-0.1237,-1.0367,2880.0
Anomalia,0.019,0.1666,0.3828,-0.3582,0.1677,-0.0264,-0.6207,2880.0
Anomalia,0.0091,0.1246,0.272,-0.3096,0.1249,-0.032,-0.5974,2880.0
Anomalia,0.0033,0.1185,0.272,-0.3096,0.1185,-0.0537,-0.3891,2880.0
Anomalia,0.0068,0.1361,0.3903,-0.2873,0.1363,0.2746,0.0282,2880.0
Anomalia,0.0088,0.1664,0.3903,-0.3711,0.1667,0.0624,-0.5783,2880.0
Anomalia,0.0171,0.1862,0.3903,-0.3711,0.187,-0.0571,-0.9469,2880.0
Anomalia,0.0144,0.2021,0.3903,-0.3711,0.2026,-0.0807,-1.2483,2880.0
Anomalia,0.0084,0.1859,0.3459,-0.3711,0.1861,-0.0937,-1.1296,2880.0
Anomalia,0.0073,0.1711,0.3459,-0.3678,0.1712,-0.0191,-1.0862,2640.0
Anomalia,0.007,0.2021,0.5005,-0.4521,0.2022,0.1054,-0.7056,2640.0
Anomalia,0.0098,0.2188,0.5005,-0.4521,0.219,0.0461,-0.8013,2640.0
Anomalia,0.0151,0.2127,0.5005,-0.4521,0.2133,-0.0357,-0.596,2640.0
Anomalia,0.0111,0.2106,0.5005,-0.4521,0.2109,0.0079,-0.5168,2640.0
Anomalia,0.0127,0.172,0.4014,-0.4306,0.1725,-0.113,-0.3823,2880.0
Anomalia,0.0097,0.1725,0.4272,-0.4181,0.1728,-0.0471,-0.4332,2880.0
Anomalia,0.0127,0.1885,0.4272,-0.4181,0.1889,0.0018,-0.907,2880.0
Anomalia,0.0175,0.1786,0.4272,-0.4181,0.1795,-0.0572,-0.6121,2880.0
Anomalia,0.0166,0.1847,0.4272,-0.4181,0.1855,-0.0625,-0.6769,2880.0
Anomalia,0.0098,0.1547,0.3361,-0.3411,0.155,-0.0348,-0.6866,2880.0
Anomalia,0.0084,0.144,0.343,-0.3411,0.1442,-0.0236,-0.3154,2880.0
Anomalia,0.0087,0.191,0.3701,-0.4304,0.1912,-0.0857,-0.8173,2880.0
Anomalia,0.0075,0.2011,0.4402,-0.4304,0.2013,0.0432,-0.8763,2880.0
Anomalia,0.0184,0.2164,0.4402,-0.4304,0.2171,-0.0053,-1.1563,2880.0
Anomalia,0.0138,0.2151,0.4402,-0.4304,0.2156,-0.0295,-1.146,2880.0
Anomalia,0.0093,0.1881,0.4402,-0.3131,0.1883,0.1095,-0.9918,2880.0
Anomalia,-0.0017,0.1951,0.3467,-0.4126,0.1951,-0.0469,-1.0467,2880.0
Anomalia,-0.0031,0.1987,0.358,-0.4126,0.1987,-0.0726,-1.0157,2640.0
Anomalia,0.005,0.209,0.358,-0.4126,0.2091,-0.0036,-1.1515,2640.0
Anomalia,0.0074,0.2049,0.358,-0.4126,0.205,-0.012,-1.0719,2880.0
Anomalia,0.0215,0.2,0.4723,-0.3968,0.2012,0.0989,-0.9391,2880.0
Anomalia,0.0195,0.1921,0.4723,-0.3396,0.193,0.1305,-0.9128,2880.0
Anomalia,0.0007,0.1868,0.4723,-0.3532,0.1868,0.1532,-0.7043,2880.0
Anomalia,0.0068,0.1766,0.4723,-0.3532,0.1768,0.0416,-0.3326,2880.0
Anomalia,0.0057,0.1522,0.3096,-0.3532,0.1523,-0.2221,-0.4329,2880.0
Anomalia,0.0133,0.1836,0.4642,-0.4573,0.184,-0.0127,0.1151,2880.0
Anomalia,0.0212,0.1829,0.4642,-0.4573,0.1842,-0.0001,0.0417,2640.0
Anomalia,0.0095,0.191,0.4642,-0.4573,0.1913,0.1223,-0.3513,2880.0
Anomalia,0.0079,0.2087,0.4642,-0.4573,0.2088,0.1264,-0.7613,2880.0
Anomalia,-0.0003,0.1834,0.3799,-0.3749,0.1834,0.1376,-0.9536,2880.0
Anomalia,0.001,0.1735,0.3799,-0.3749,0.1735,0.1366,-0.7338,2640.0
Anomalia,0.0235,0.213,0.4909,-0.3851,0.2143,0.0833,-0.8864,2640.0
Anomalia,0.0131,0.2294,0.4909,-0.4886,0.2297,-0.0241,-0.8632,2640.0
Anomalia,0.0119,0.2352,0.4909,-0.4886,0.2355,-0.0703,-0.931,2640.0
Anomalia,0.0109,0.2332,0.4909,-0.4886,0.2335,-0.0831,-0.8688,2880.0
Anomalia,-0.0073,0.203,0.3772,-0.4886,0.2032,-0.1668,-0.6892,2880.0
Anomalia,0.0069,0.1631,0.3611,-0.4233,0.1633,-0.255,-0.354,2640.0
Anomalia,0.0158,0.133,0.3002,-0.2725,0.1339,-0.2132,-0.7106,2880.0
Anomalia,0.0145,0.1458,0.3002,-0.2725,0.1465,-0.1497,-1.0766,2880.0
Anomalia,0.0192,0.1515,0.2743,-0.2457,0.1527,-0.1657,-1.2214,2880.0
Anomalia,0.0094,0.1602,0.2743,-0.2829,0.1604,-0.0557,-1.3508,2880.0
Anomalia,-0.0022,0.174,0.3046,-0.3104,0.174,-0.0169,-1.367,2880.0
Anomalia,0.006,0.1677,0.3046,-0.3104,0.1678,-0.0794,-1.2404,2880.0
Anomalia,-0.0003,0.1756,0.3327,-0.3667,0.1756,-0.0968,-1.1087,2880.0
Anomalia,0.0105,0.1703,0.3327,-0.3667,0.1707,-0.1948,-0.9281,2880.0
Anomalia,0.0163,0.1424,0.3327,-0.3667,0.1434,-0.2022,-0.2421,2640.0
Anomalia,0.0006,0.136,0.3327,-0.3667,0.136,-0.0499,0.0641,2880.0
Anomalia,0.0118,0.1019,0.2994,-0.2491,0.1026,0.3668,0.2211,2400.0
Anomalia,0.0011,0.0971,0.2608,-0.2241,0.0972,0.2377,-0.2917,3120.0
Anomalia,0.001,0.1376,0.3546,-0.3065,0.1376,0.2723,-0.1999,2640.0
Anomalia,0.0186,0.1487,0.3546,-0.3065,0.1499,0.1212,-0.6168,2640.0
Anomalia,0.0071,0.1602,0.3546,-0.3065,0.1604,0.0957,-0.9688,2640.0
Anomalia,0.0089,0.1555,0.3546,-0.3065,0.1558,0.113,-0.8197,2640.0
Anomalia,0.0103,0.1364,0.3342,-0.2537,0.1368,0.0122,-1.017,2640.0
Anomalia,0.0024,0.1294,0.241,-0.2537,0.1294,-0.0814,-1.1751,2640.0
Anomalia,0.0123,0.1229,0.2535,-0.2176,0.1235,0.026,-1.1635,2880.0
Anomalia,0.0105,0.128,0.2535,-0.2453,0.1284,0.06,-1.0952,2640.0
Anomalia,0.0044,0.1156,0.2535,-0.2453,0.1157,0.1345,-0.806,2640.0
Anomalia,0.01,0.1135,0.2535,-0.2453,0.1139,-0.0247,-0.6847,2640.0
Anomalia,-0.0064,0.1205,0.2359,-0.2674,0.1207,-0.2364,-0.7038,2880.0
Anomalia,0.0119,0.2092,0.7166,-0.5843,0.2095,0.4072,1.5277,2880.0
Anomalia,0.0223,0.2896,0.7166,-0.585,0.2905,0.1153,-0.203,2640.0
Anomalia,0.0076,0.3025,0.7166,-0.585,0.3026,0.1726,-0.5017,2640.0
Anomalia,0.0184,0.3192,0.7166,-0.585,0.3197,0.0929,-0.8165,2880.0
Anomalia,-0.0043,0.3156,0.6521,-0.585,0.3157,0.0834,-0.9209,2880.0
Anomalia,-0.0029,0.2714,0.5324,-0.5779,0.2714,0.0226,-0.8628,2640.0
Anomalia,0.0108,0.2661,0.5324,-0.5779,0.2663,-0.037,-0.8064,2640.0
Anomalia,0.0086,0.2346,0.5324,-0.5779,0.2347,-0.0764,-0.0938,2640.0
Anomalia,0.0142,0.1673,0.5234,-0.4379,0.1679,0.1514,0.5563,2640.0
Anomalia,0.0084,0.1232,0.3357,-0.3146,0.1234,0.2519,-0.1099,2880.0
Anomalia,0.0017,0.0993,0.2854,-0.1948,0.0993,0.5325,-0.114,2880.0
Anomalia,0.013,0.1466,0.4293,-0.3273,0.1472,0.5009,0.3897,2880.0
Anomalia,0.0112,0.1641,0.4293,-0.3273,0.1645,0.3475,-0.0867,2880.0
Anomalia,0.0069,0.1865,0.4293,-0.3482,0.1866,0.1737,-0.6586,2640.0
Anomalia,0.017,0.2091,0.4293,-0.3482,0.2098,0.0922,-1.1321,2640.0
Anomalia,0.0023,0.1929,0.3697,-0.3482,0.1929,0.0968,-1.1753,2640.0
Anomalia,0.0042,0.1766,0.3697,-0.3482,0.1766,0.0425,-0.965,2640.0
Anomalia,0.0131,0.152,0.3697,-0.2823,0.1525,0.0515,-0.7296,2880.0
Anomalia,0.0025,0.1458,0.3874,-0.3805,0.1458,-0.0699,-0.3947,2880.0
Anomalia,0.0096,0.1547,0.3874,-0.3805,0.155,-0.0339,-0.4443,2640.0
Anomalia,0.0154,0.1614,0.3874,-0.3805,0.1621,-0.0833,-0.5232,2640.0
Anomalia,0.002,0.1556,0.3874,-0.3805,0.1556,0.0831,-0.2228,2640.0
Anomalia,0.0011,0.1765,0.4087,-0.3686,0.1765,0.1307,-0.4224,2400.0
Anomalia,0.004,0.1843,0.4087,-0.3791,0.1844,0.0558,-0.42,2880.0
Anomalia,0.0033,0.1798,0.4087,-0.3791,0.1798,0.0888,-0.3654,2640.0
Anomalia,0.017,0.1792,0.4087,-0.3791,0.18,-0.0906,-0.326,2640.0
Anomalia,0.0215,0.1602,0.3882,-0.3791,0.1616,-0.1286,-0.1391,3120.0
Anomalia,0.0143,0.1718,0.3882,-0.3889,0.1724,-0.1466,-0.3583,2880.0
Anomalia,0.004,0.1949,0.3882,-0.4106,0.1949,-0.0627,-0.6953,2880.0
Anomalia,-0.0014,0.1961,0.3882,-0.4106,0.1961,0.0008,-0.7431,2880.0
Anomalia,0.0083,0.1995,0.4008,-0.4106,0.1997,0.0312,-0.7806,2880.0
Anomalia,0.0114,0.1787,0.4008,-0.4106,0.179,0.1341,-0.5765,2880.0
Anomalia,0.0197,0.1723,0.4008,-0.3056,0.1734,0.1868,-0.7957,2880.0
Anomalia,0.0127,0.2071,0.4008,-0.4193,0.2075,0.0562,-1.1281,2880.0
Anomalia,-0.0045,0.2165,0.3957,-0.4193,0.2166,0.0537,-1.217,2880.0
Anomalia,0.0015,0.2083,0.3957,-0.4193,0.2083,-0.0145,-1.0443,2640.0
Anomalia,0.0036,0.2029,0.3957,-0.4193,0.203,-0.0326,-0.972,2640.0
Anomalia,0.0133,0.1794,0.3736,-0.3991,0.1799,-0.0292,-0.8908,2640.0
Anomalia,0.0178,0.1365,0.3231,-0.2366,0.1377,0.1655,-0.7677,2880.0
Anomalia,0.0088,0.1372,0.3231,-0.2466,0.1375,0.1807,-0.6945,2880.0
Anomalia,0.0078,0.122,0.2885,-0.2466,0.1223,0.1629,-0.431,2880.0
Anomalia,0.0111,0.213,0.6557,-0.5862,0.2133,0.2561,1.5682,2880.0
Anomalia,0.0061,0.2349,0.6557,-0.5862,0.2349,0.1535,0.4624,2880.0
Anomalia,0.016,0.2446,0.6557,-0.5862,0.2451,0.0643,0.0136,2880.0
Anomalia,0.0156,0.2593,0.6557,-0.5862,0.2597,0.0534,-0.4785,2880.0
Anomalia,-0.0022,0.226,0.4358,-0.46,0.226,-0.0799,-1.0819,2880.0
Anomalia,0.0147,0.2193,0.4358,-0.46,0.2197,-0.1684,-1.0144,2880.0
Anomalia,-0.0025,0.2195,0.4358,-0.46,0.2195,-0.0657,-1.05,2880.0
Anomalia,-0.0041,0.2132,0.4358,-0.46,0.2132,-0.0954,-0.9239,2880.0
Anomalia,0.0185,0.167,0.343,-0.3553,0.168,-0.2276,-0.7673,2880.0
Anomalia,0.0094,0.1633,0.3434,-0.325,0.1636,-0.0334,-0.8794,2640.0
Anomalia,0.0145,0.1502,0.3434,-0.325,0.1509,0.0005,-0.6275,2640.0
Anomalia,0.0138,0.136,0.3434,-0.2779,0.1367,0.1484,-0.6277,2640.0
Anomalia,-0.0043,0.1267,0.3434,-0.2779,0.1267,0.459,0.0455,2640.0
Anomalia,-0.0023,0.1107,0.2879,-0.2779,0.1108,0.1442,-0.0864,2880.0
Anomalia,0.0084,0.1348,0.3757,-0.2685,0.1351,0.3914,-0.1768,2880.0
Anomalia,0.0188,0.1558,0.4008,-0.3223,0.157,0.2248,-0.3442,2640.0
Anomalia,0.0277,0.1752,0.4008,-0.3223,0.1774,-0.0066,-0.9187,2640.0
Anomalia,0.0162,0.1809,0.4008,-0.3223,0.1816,0.0772,-1.0234,2640.0
Anomalia,0.0072,0.1562,0.4008,-0.3223,0.1563,0.081,-0.4822,2880.0
Anomalia,0.0034,0.1494,0.3615,-0.3161,0.1494,0.1077,-0.5972,2880.0
Anomalia,-0.0033,0.1372,0.3615,-0.2848,0.1372,0.1163,-0.4166,2880.0
Anomalia,0.0127,0.129,0.3615,-0.2848,0.1296,0.0613,-0.2181,2880.0
Anomalia,0.0126,0.1366,0.3615,-0.2848,0.1372,0.1655,-0.5138,2880.0
Anomalia,0.0022,0.1107,0.2852,-0.2668,0.1107,0.048,-0.5335,2880.0
Anomalia,0.013,0.1057,0.2852,-0.2042,0.1065,0.1209,-0.7185,2640.0
Anomalia,0.0088,0.1624,0.4946,-0.4577,0.1626,0.2239,0.5671,2640.0
Anomalia,0.0148,0.208,0.4946,-0.4577,0.2085,0.1219,-0.2727,2640.0
Anomalia,0.0081,0.2455,0.4946,-0.4577,0.2457,0.0,-0.9736,2640.0
Anomalia,0.0096,0.2576,0.4946,-0.4577,0.2578,0.0439,-1.1617,2640.0
Anomalia,0.0066,0.2309,0.4848,-0.4308,0.231,0.034,-0.8808,2640.0
Anomalia,0.0074,0.1864,0.4402,-0.4308,0.1866,-0.1099,-0.3046,2640.0
Anomalia,0.0147,0.134,0.4402,-0.2683,0.1348,0.2729,0.2876,2640.0
Anomalia,0.0151,0.107,0.2551,-0.2474,0.108,-0.2222,-0.3857,3360.0
Anomalia,0.0123,0.089,0.2074,-0.2474,0.0898,-0.2403,0.0515,3120.0
Anomalia,0.0057,0.0874,0.1984,-0.2474,0.0876,-0.3784,0.0969,2880.0
Anomalia,0.0132,0.1128,0.3033,-0.2547,0.1135,0.0307,-0.0968,2880.0
Anomalia,0.0022,0.1224,0.3033,-0.2547,0.1224,0.1009,-0.4298,2880.0
Anomalia,0.0111,0.1511,0.3133,-0.2754,0.1515,0.1205,-0.9863,2880.0
Anomalia,0.012,0.1575,0.3133,-0.2754,0.158,0.0681,-1.1942,2880.0
Anomalia,0.0111,0.138,0.3133,-0.2754,0.1384,0.0713,-0.8795,2880.0
Anomalia,0.0162,0.1279,0.3133,-0.2754,0.1289,0.0426,-0.5784,2640.0
Anomalia,0.0101,0.0968,0.2053,-0.2076,0.0973,-0.1648,-0.7061,2640.0
Anomalia,0.012,0.1012,0.2053,-0.2533,0.1019,-0.2261,-0.4011,2640.0
Anomalia,0.0081,0.1142,0.2399,-0.2533,0.1145,-0.1375,-0.7344,2640.0
Anomalia,0.0035,0.1568,0.4352,-0.3319,0.1569,0.1064,-0.3206,2880.0
Anomalia,0.0128,0.1853,0.4352,-0.3684,0.1858,0.0262,-0.8432,2880.0
Anomalia,0.0059,0.1807,0.4352,-0.3684,0.1808,0.179,-0.6858,2640.0
Anomalia,0.0078,0.1762,0.4352,-0.3684,0.1764,0.162,-0.5082,2640.0
Anomalia,0.0083,0.1759,0.3713,-0.4227,0.1761,-0.0116,-0.5286,2880.0
Anomalia,0.008,0.1998,0.4692,-0.4348,0.2,0.1333,-0.507,2880.0
Anomalia,0.0175,0.2105,0.4692,-0.4348,0.2112,-0.0925,-0.6907,2640.0
Anomalia,0.0175,0.2207,0.4692,-0.4348,0.2214,-0.0765,-0.9136,2880.0
Anomalia,0.013,0.2356,0.4836,-0.4698,0.2359,-0.0485,-0.8875,2880.0
Anomalia,-0.0004,0.2209,0.4836,-0.4698,0.2209,-0.0771,-0.7949,2640.0
Anomalia,-0.0028,0.2139,0.4836,-0.4698,0.2139,-0.0145,-0.7129,2640.0
Anomalia,0.0044,0.2275,0.4836,-0.4698,0.2276,0.0344,-0.8861,2640.0
Anomalia,0.0113,0.2098,0.4598,-0.4316,0.2101,0.0912,-0.9664,2640.0
Anomalia,0.0186,0.1864,0.4598,-0.3307,0.1874,0.1166,-0.782,2640.0
Anomalia,0.017,0.1811,0.4598,-0.3307,0.1819,0.2067,-0.6187,2880.0
Anomalia,0.0055,0.1554,0.397,-0.3307,0.1555,0.12,-0.5326,2880.0
Anomalia,-0.0009,0.14,0.2535,-0.3125,0.1401,-0.123,-0.9025,2880.0
Anomalia,0.0074,0.1561,0.4041,-0.3125,0.1563,0.1759,-0.6155,2880.0
Anomalia,0.01,0.159,0.4041,-0.3125,0.1593,0.1055,-0.7363,2880.0
Anomalia,0.0155,0.1496,0.4041,-0.3125,0.1504,0.1088,-0.3989,2880.0
Anomalia,0.0175,0.1313,0.4041,-0.2311,0.1325,0.4306,-0.0327,2880.0
Anomalia,0.003,0.1495,0.3949,-0.3486,0.1496,0.0159,-0.0511,2880.0
Anomalia,0.0038,0.2166,0.5067,-0.5564,0.2167,-0.0468,0.0948,2880.0
Anomalia,0.0012,0.22,0.5067,-0.5564,0.22,-0.0026,-0.0612,2880.0
Anomalia,0.0081,0.2268,0.5067,-0.5564,0.2269,-0.0599,-0.3302,2880.0
Anomalia,0.0218,0.2021,0.5067,-0.5564,0.2033,-0.21,0.5678,2880.0
Anomalia,0.014,0.1321,0.2881,-0.2681,0.1328,0.0516,-0.9584,2640.0
Anomalia,0.0166,0.1342,0.2881,-0.2681,0.1352,-0.0382,-1.082,2640.0
Anomalia,0.0087,0.1525,0.3617,-0.3428,0.1528,-0.0776,-0.7724,2400.0
Anomalia,-0.0056,0.178,0.3617,-0.3878,0.1781,0.0266,-0.9385,2880.0
Anomalia,0.0118,0.1841,0.3617,-0.3878,0.1845,-0.0967,-1.059,2640.0
Anomalia,0.0077,0.1836,0.3617,-0.3878,0.1838,-0.0152,-1.0322,2640.0
Anomalia,0.0127,0.1686,0.3344,-0.3878,0.1691,-0.0336,-0.9275,2640.0
Anomalia,0.019,0.1576,0.314,-0.3075,0.1588,-0.0133,-1.1242,2640.0
Anomalia,0.0047,0.1801,0.3259,-0.422,0.1802,-0.1431,-0.8634,2640.0
Anomalia,0.0098,0.1886,0.3259,-0.422,0.1888,-0.2512,-1.0172,2640.0
Anomalia,0.017,0.176,0.3259,-0.422,0.1768,-0.3994,-0.5769,2640.0
Anomalia,0.0176,0.168,0.335,-0.422,0.169,-0.3309,-0.3194,2880.0
Anomalia,0.0188,0.1644,0.3732,-0.3528,0.1654,-0.0591,-0.4971,2880.0
Anomalia,0.006,0.1683,0.3732,-0.3528,0.1684,0.0949,-0.6043,2640.0
Anomalia,-0.0016,0.1723,0.3732,-0.3528,0.1724,0.199,-0.7563,2640.0
Anomalia,-0.0057,0.2004,0.4806,-0.4761,0.2005,0.1499,-0.5987,2880.0
Anomalia,0.0007,0.2185,0.5232,-0.4761,0.2185,0.1817,-0.4988,2640.0
Anomalia,0.0232,0.2088,0.5232,-0.4761,0.21,-0.0023,-0.1996,2640.0
Anomalia,0.0182,0.2068,0.5232,-0.4761,0.2076,0.054,-0.1013,2640.0
Anomalia,0.0159,0.1648,0.5232,-0.4523,0.1656,0.2307,1.1675,2400.0
Anomalia,0.0133,0.1198,0.2823,-0.2399,0.1205,0.267,-0.3846,2400.0
Anomalia,-0.0055,0.1652,0.451,-0.4233,0.1653,0.1359,0.1704,2640.0
Anomalia,-0.0009,0.1984,0.451,-0.4233,0.1984,0.0953,-0.7402,2640.0
Anomalia,0.0111,0.2172,0.451,-0.4233,0.2175,0.0376,-1.174,2640.0
Anomalia,0.0049,0.2089,0.451,-0.4233,0.209,0.0799,-0.9864,2880.0
Anomalia,0.0142,0.1789,0.3738,-0.3634,0.1794,0.0859,-0.9963,2880.0
Anomalia,0.0091,0.1692,0.3701,-0.3188,0.1695,0.0603,-1.0488,2880.0
Anomalia,0.0097,0.1529,0.3275,-0.3188,0.1532,-0.1596,-0.8994,2880.0
Anomalia,0.0141,0.1439,0.3275,-0.3188,0.1446,-0.1963,-0.5477,2880.0
Anomalia,0.0084,0.1436,0.3275,-0.3188,0.1439,-0.2233,-0.5533,2880.0
Anomalia,0.015,0.1154,0.2693,-0.2622,0.1164,-0.2388,-0.5464,2880.0
Anomalia,0.0096,0.122,0.2983,-0.2622,0.1224,-0.063,-0.5711,2640.0
Anomalia,0.0063,0.1194,0.2983,-0.2622,0.1196,-0.009,-0.4174,2880.0
Anomalia,0.0067,0.1365,0.3728,-0.3263,0.1367,0.0653,0.0334,2880.0
Anomalia,0.0173,0.176,0.4448,-0.3263,0.1769,0.269,-0.3065,2880.0
Anomalia,0.0078,0.1815,0.4448,-0.3872,0.1816,0.1694,-0.2501,2640.0
Anomalia,0.0159,0.1832,0.4448,-0.3872,0.1839,0.048,-0.3592,2640.0
Anomalia,0.0163,0.1651,0.4448,-0.3872,0.1659,0.1099,0.1359,2400.0
Anomalia,-0.0096,0.1708,0.3824,-0.4708,0.1711,-0.4057,0.0974,2400.0
Anomalia,0.0092,0.201,0.4356,-0.4708,0.2012,0.0094,-0.4039,2640.0
Anomalia,0.0029,0.2234,0.4356,-0.4708,0.2235,0.0325,-0.9729,2640.0
Anomalia,0.0071,0.2244,0.4356,-0.4708,0.2245,-0.0262,-0.9953,2640.0
Anomalia,0.0192,0.2011,0.4356,-0.3601,0.202,0.0543,-0.9652,2880.0
Anomalia,0.0074,0.1753,0.3319,-0.3601,0.1754,-0.1945,-1.049,2880.0
Anomalia,0.0053,0.1568,0.282,-0.3421,0.1569,-0.0948,-1.0403,2640.0
Anomalia,0.0082,0.1551,0.282,-0.3421,0.1553,-0.0912,-1.0027,2640.0
Anomalia,0.007,0.1487,0.2808,-0.2973,0.1489,-0.1029,-1.0355,2640.0
Anomalia,0.0179,0.1293,0.2777,-0.2908,0.1306,-0.1859,-0.7708,2640.0
Anomalia,0.0144,0.1155,0.2399,-0.2908,0.1164,-0.1483,-0.439,2640.0
Anomalia,0.0009,0.1107,0.2399,-0.2908,0.1107,-0.0921,-0.1583,2640.0
Anomalia,0.0107,0.086,0.2224,-0.213,0.0867,0.1489,0.0784,2880.0
Anomalia,-0.0032,0.081,0.1439,-0.2384,0.0811,-0.4259,0.1479,2640.0
Anomalia,0.0126,0.0972,0.2505,-0.2384,0.098,-0.1844,-0.0905,2640.0
Anomalia,0.0167,0.1146,0.2526,-0.2384,0.1158,-0.2413,-0.5254,2640.0
Anomalia,0.0033,0.1234,0.2526,-0.2384,0.1234,-0.0067,-0.9333,2880.0
Anomalia,0.0034,0.1577,0.3428,-0.3711,0.1577,0.0057,-0.8446,2880.0
Anomalia,0.0006,0.2002,0.4283,-0.4345,0.2002,0.1013,-0.7379,2880.0
Anomalia,0.0079,0.1923,0.4283,-0.4345,0.1924,-0.0139,-0.4405,2640.0
Anomalia,0.0194,0.1943,0.4283,-0.4345,0.1952,-0.1437,-0.4986,2640.0
Anomalia,0.0193,0.1746,0.4283,-0.4345,0.1757,-0.0741,-0.0043,2880.0
Anomalia,0.0118,0.1182,0.2835,-0.2677,0.1188,-0.0852,-0.7545,2640.0
Anomalia,0.006,0.1155,0.2835,-0.2326,0.1156,0.0987,-0.7789,2640.0
Anomalia,-0.005,0.1386,0.3183,-0.3311,0.1387,-0.0009,-0.4916,2880.0
Anomalia,0.009,0.1291,0.3183,-0.3311,0.1294,-0.3084,-0.1054,2880.0
Anomalia,0.0121,0.1337,0.3183,-0.3311,0.1343,-0.3397,-0.2528,2880.0
Anomalia,0.0175,0.1546,0.3183,-0.3311,0.1556,-0.3038,-0.7357,2880.0
Anomalia,0.026,0.1384,0.2977,-0.3117,0.1408,-0.2475,-0.8001,2880.0
Anomalia,0.0004,0.1436,0.2977,-0.3117,0.1436,0.1032,-1.0295,2640.0
Anomalia,-0.0002,0.1459,0.2977,-0.3117,0.1459,0.1104,-1.0633,2640.0
Anomalia,0.0022,0.1227,0.2616,-0.2215,0.1227,0.0951,-0.9403,2640.0
Anomalia,-0.0009,0.1066,0.2374,-0.2215,0.1066,-0.0804,-0.7929,2640.0
Anomalia,0.0189,0.1239,0.3244,-0.3321,0.1253,-0.0018,0.0564,3120.0
Anomalia,0.0137,0.1687,0.3805,-0.4074,0.1693,-0.179,0.0565,3120.0
Anomalia,0.0092,0.1904,0.3805,-0.4074,0.1906,-0.0962,-0.6849,2880.0
Anomalia,0.0043,0.2061,0.3805,-0.4074,0.2062,-0.0595,-1.0343,2880.0
Anomalia,-0.0057,0.205,0.3805,-0.4074,0.2051,0.0181,-1.1122,2880.0
Anomalia,0.0094,0.182,0.3738,-0.3659,0.1823,0.0135,-1.1233,2880.0
Anomalia,0.0145,0.2388,0.7055,-0.5729,0.2393,0.286,0.0756,3120.0
Anomalia,0.0053,0.2918,0.7055,-0.7356,0.2918,-0.0355,-0.3763,2640.0
Anomalia,0.0184,0.3358,0.7055,-0.7356,0.3363,-0.0805,-0.7748,2640.0
Anomalia,-0.0069,0.3493,0.7055,-0.7356,0.3494,0.0363,-0.9461,2880.0
Anomalia,-0.0153,0.4144,0.8783,-0.8664,0.4147,0.0468,-0.8224,2880.0
Anomalia,0.0206,0.4198,0.8783,-0.8664,0.4203,0.0228,-0.8558,2880.0
Anomalia,0.0073,0.3928,0.8783,-0.8664,0.3929,0.1083,-0.5404,2640.0
Anomalia,0.0205,0.3816,0.8783,-0.8664,0.3821,0.0706,-0.3638,2640.0
Anomalia,0.0253,0.2572,0.7777,-0.5332,0.2585,0.3735,0.0461,2400.0
Anomalia,-0.0085,0.2043,0.4087,-0.4339,0.2044,-0.0177,-0.8404,2400.0
Anomalia,-0.0017,0.26,0.6924,-0.5328,0.26,0.1765,-0.3253,2640.0
Anomalia,-0.001,0.2879,0.6924,-0.5328,0.2879,0.116,-0.7694,2640.0
Anomalia,0.0072,0.3156,0.6924,-0.5328,0.3156,0.1013,-1.1371,2880.0
Anomalia,0.0156,0.3109,0.6924,-0.5328,0.3113,0.0569,-1.076,2640.0
Anomalia,0.0157,0.4219,1.1399,-1.0929,0.4222,0.0387,0.2907,2880.0
Anomalia,0.0254,0.4432,1.1399,-1.0929,0.444,0.0081,-0.0929,2880.0
Anomalia,0.0049,0.4409,1.1399,-1.0929,0.4409,0.0641,-0.0063,2880.0
Anomalia,0.01,0.4329,1.1399,-1.0929,0.4331,0.0436,0.1866,2880.0
Anomalia,0.0168,0.2875,0.716,-0.6104,0.2879,-0.0794,-0.4206,2880.0
Anomalia,-0.0007,0.2256,0.4521,-0.6104,0.2256,-0.174,-0.5182,2880.0
Anomalia,0.009,0.1916,0.4521,-0.3135,0.1919,0.1637,-0.9108,2640.0
Anomalia,0.0151,0.1941,0.4521,-0.3135,0.1947,0.1717,-0.9737,2640.0
Anomalia,-0.0006,0.1625,0.3619,-0.3135,0.1625,0.1267,-0.8403,2640.0
Anomalia,0.0129,0.1585,0.4364,-0.3231,0.159,0.293,-0.5768,2400.0
Anomalia,0.0048,0.2669,0.7598,-0.7018,0.2669,0.0757,0.5929,2400.0
Anomalia,-0.0009,0.3022,0.7598,-0.7018,0.3022,0.118,-0.3337,2640.0
Anomalia,0.0091,0.3018,0.7598,-0.7018,0.302,0.0429,-0.3285,2640.0
Anomalia,-0.0002,0.2882,0.7598,-0.7018,0.2882,0.0938,0.0875,2640.0
Anomalia,0.0074,0.2227,0.5107,-0.5297,0.2228,0.049,0.0091,2880.0
Anomalia,0.0223,0.1924,0.5672,-0.5297,0.1937,0.2326,0.8235,3360.0
Anomalia,0.0181,0.3317,0.8931,-0.8036,0.3322,0.0245,0.4448,3120.0
Anomalia,0.0167,0.3454,0.8931,-0.8036,0.3458,-0.0396,0.092,3120.0
Anomalia,0.0164,0.3457,0.8931,-0.8036,0.3461,-0.0324,0.119,2880.0
Anomalia,-0.0037,0.3774,0.8931,-0.8036,0.3774,0.0463,-0.4291,2880.0
Anomalia,-0.0099,0.2826,0.6171,-0.6165,0.2828,-0.0539,-0.3486,2640.0
Anomalia,0.0094,0.367,0.9611,-0.9726,0.3671,-0.0296,-0.1563,2640.0
Anomalia,0.0106,0.4436,0.9611,-1.0967,0.4437,-0.05,-0.5681,2640.0
Anomalia,0.0176,0.4942,1.0454,-1.0967,0.4945,-0.04,-0.772,2880.0
Anomalia,0.0234,0.6203,1.1745,-1.1797,0.6207,-0.0962,-1.1127,2880.0
Anomalia,0.0027,0.6208,1.1745,-1.1797,0.6208,-0.0395,-1.1419,2880.0
Anomalia,0.0063,0.5596,1.1745,-1.1797,0.5596,-0.0657,-0.6474,2640.0
Anomalia,0.0071,0.5016,1.1745,-1.1797,0.5016,-0.1306,-0.067,2880.0
Anomalia,0.0103,0.3226,0.8845,-0.9728,0.3228,-0.2397,0.6144,2880.0
Anomalia,0.0026,0.3053,0.7289,-0.8973,0.3054,-0.2171,0.105,2880.0
Anomalia,0.0082,0.3596,0.7289,-0.8973,0.3597,-0.1062,-0.6944,2880.0
Anomalia,0.005,0.4263,0.8353,-0.8973,0.4263,-0.0321,-0.8537,2880.0
Anomalia,0.0018,0.4495,0.8353,-0.8973,0.4495,-0.0273,-1.1583,2880.0
Anomalia,0.0212,0.4198,0.8353,-0.843,0.4203,-0.0208,-1.1159,2880.0
Anomalia,0.0112,0.4019,0.8353,-0.843,0.402,-0.0094,-0.997,2880.0
Anomalia,0.0169,0.504,1.3643,-1.5064,0.5043,0.0019,0.5411,3360.0
Anomalia,0.0072,0.5797,1.3643,-1.5064,0.5797,-0.0086,-0.368,3120.0
Anomalia,0.0006,0.7026,1.3643,-1.5064,0.7026,0.0319,-0.87,2880.0
Anomalia,0.0013,0.7277,1.3643,-1.5064,0.7277,0.0299,-1.0207,2880.0
Anomalia,-0.0029,0.6404,1.3612,-1.3379,0.6404,0.0121,-0.8308,2880.0
Anomalia,0.0022,0.6206,1.3612,-1.3379,0.6206,0.0356,-0.7051,2880.0
Anomalia,0.017,0.467,1.1338,-1.0036,0.4673,-0.0685,-0.5653,2880.0
Anomalia,0.0121,0.4382,0.9776,-0.9492,0.4384,-0.0296,-0.5461,2640.0
Anomalia,-0.0023,0.4223,0.9776,-0.9492,0.4223,0.0496,-0.5017,2640.0
Anomalia,0.0294,0.389,1.0725,-0.7869,0.3901,0.1875,-0.4145,2400.0
Anomalia,-0.0023,0.4608,1.0725,-0.9267,0.4608,0.1237,-0.7274,2400.0
Anomalia,0.0097,0.4914,1.0725,-0.9267,0.4915,0.0952,-1.0554,2640.0
Anomalia,0.0251,0.4686,1.0725,-0.9267,0.4693,0.0802,-0.8568,2640.0
Anomalia,-0.0125,0.42,0.8687,-0.9267,0.4202,0.0383,-0.5306,2640.0
Anomalia,0.016,0.3427,0.8687,-0.6822,0.3431,0.1114,-0.407,2880.0
Anomalia,0.0019,0.3108,0.6751,-0.766,0.3108,-0.1028,-0.6189,2640.0
Anomalia,0.0072,0.3199,0.6751,-0.766,0.32,-0.1185,-0.81,2640.0
Anomalia,0.0202,0.3144,0.6751,-0.766,0.315,-0.118,-0.8341,2640.0
Anomalia,0.0122,0.2942,0.6751,-0.766,0.2944,-0.1341,-0.5137,2880.0
Anomalia,0.0041,0.2932,0.6238,-0.7249,0.2932,-0.124,-0.652,2880.0
Anomalia,0.0092,0.322,0.7222,-0.7249,0.3221,-0.0262,-0.6457,2640.0
Anomalia,0.0031,0.3343,0.7222,-0.7249,0.3343,-0.0078,-0.867,2640.0
Anomalia,0.0099,0.3238,0.7222,-0.7249,0.324,-0.067,-0.6458,2640.0
Anomalia,0.0217,0.2498,0.7222,-0.5843,0.2508,0.1471,0.2908,2400.0
Anomalia,0.0147,0.1765,0.4116,-0.4496,0.1771,-0.1807,-0.0623,2400.0
Anomalia,0.0131,0.1593,0.412,-0.358,0.1599,0.0627,-0.2973,2400.0
Anomalia,-0.0024,0.178,0.412,-0.3934,0.178,0.0557,-0.5071,2640.0
Anomalia,0.0036,0.2041,0.4656,-0.3934,0.2042,0.1223,-0.8452,2640.0
Anomalia,0.0125,0.2614,0.7091,-0.6811,0.2617,0.0879,-0.3625,2640.0
Anomalia,0.0099,0.3388,0.8297,-0.8368,0.339,0.0388,-0.2175,2640.0
Anomalia,0.0248,0.3526,0.8297,-0.8368,0.3535,0.0009,-0.4711,2640.0
Anomalia,0.0226,0.4125,0.8297,-0.8368,0.4131,-0.0118,-0.8987,2880.0
Anomalia,0.0026,0.4691,0.9164,-0.9292,0.4691,0.0389,-0.9237,2880.0
Anomalia,0.0111,0.4082,0.9164,-0.9292,0.4083,0.003,-0.2834,2880.0
Anomalia,-0.0066,0.4546,0.9164,-0.9292,0.4546,0.0425,-0.7438,2880.0
Anomalia,-0.0044,0.4679,0.9164,-0.9292,0.4679,0.0589,-0.8163,2880.0
Anomalia,0.014,0.3841,0.8824,-0.8322,0.3843,0.043,-0.3285,2640.0
Anomalia,0.0092,0.3794,0.8824,-0.8322,0.3795,0.0631,-0.2094,2640.0
Anomalia,0.0225,0.2977,0.8824,-0.7642,0.2985,0.1572,1.225,2640.0
Anomalia,0.0129,0.1842,0.6048,-0.4854,0.1847,0.2961,0.7519,2640.0
Anomalia,-0.0042,0.2114,0.4514,-0.4854,0.2114,0.0057,-0.4484,2640.0
Anomalia,0.0035,0.3098,0.858,-0.7708,0.3098,0.1663,0.0374,2640.0
Anomalia,-0.0133,0.4134,0.9381,-1.2448,0.4136,-0.1663,-0.0575,2880.0
Anomalia,0.0085,0.6636,1.6205,-1.5976,0.6637,0.0045,-0.0004,2880.0
Anomalia,0.0295,0.7644,1.6205,-1.5976,0.7649,-0.0291,-0.787,2880.0
Anomalia,0.0058,0.7463,1.6205,-1.5976,0.7463,0.0419,-0.613,2640.0
Anomalia,0.0395,0.7131,1.6205,-1.5976,0.7141,-0.0085,-0.3501,2880.0
Anomalia,0.0267,0.4993,1.3787,-1.158,0.5,0.0665,0.1256,2880.0
Anomalia,-0.0017,0.3163,0.6329,-0.6997,0.3163,-0.0382,-0.84,2880.0
Anomalia,0.0226,0.2771,0.6329,-0.6117,0.278,-0.0692,-0.5187,2640.0
Anomalia,-0.0057,0.2256,0.5303,-0.6117,0.2256,-0.154,0.0072,2640.0
Anomalia,-0.0044,0.1642,0.4106,-0.6117,0.1643,-0.7711,2.0321,3120.0
Anomalia,0.0145,0.1085,0.2303,-0.3171,0.1094,-0.4638,0.1956,3120.0
Anomalia,0.0125,0.1003,0.2186,-0.3171,0.1011,-0.6283,0.6764,2640.0
Anomalia,0.0145,0.0881,0.1857,-0.2914,0.0893,-0.6705,1.3287,2160.0
Anomalia,0.0105,0.1004,0.2159,-0.2914,0.101,-0.267,0.1971,2400.0
Anomalia,-0.0041,0.104,0.2159,-0.2914,0.1041,-0.12,-0.0285,2400.0
Anomalia,0.0087,0.1484,0.4297,-0.3088,0.1486,0.4293,0.1238,2640.0
Anomalia,0.0114,0.1536,0.4297,-0.3088,0.154,0.4473,-0.2805,2640.0
Anomalia,0.015,0.1742,0.4297,-0.3348,0.1748,0.284,-0.6576,2640.0
Anomalia,0.0216,0.1866,0.4297,-0.3515,0.1879,0.1417,-0.8827,2640.0
Anomalia,0.0053,0.1733,0.382,-0.3515,0.1734,0.0819,-0.9317,2880.0
Anomalia,0.0104,0.1683,0.382,-0.3515,0.1686,0.0036,-0.8041,2880.0
Anomalia,0.008,0.1721,0.3828,-0.3515,0.1723,0.0433,-0.7729,2640.0
Anomalia,0.0076,0.1621,0.3828,-0.3094,0.1623,0.0976,-0.7384,2640.0
Anomalia,0.0177,0.1512,0.3828,-0.3094,0.1523,0.0503,-0.5188,2880.0
Anomalia,0.0066,0.1699,0.3828,-0.3995,0.1701,-0.1125,-0.607,2880.0
Anomalia,0.0078,0.1772,0.4256,-0.4137,0.1774,-0.1134,-0.3366,2880.0
Anomalia,0.0133,0.1733,0.4256,-0.4137,0.1738,-0.2338,-0.1437,2880.0
Anomalia,-0.0029,0.1773,0.4256,-0.4137,0.1773,-0.1058,-0.3465,2880.0
Anomalia,0.0168,0.1887,0.4256,-0.4137,0.1894,-0.025,-0.4905,2880.0
Anomalia,0.0161,0.1944,0.4527,-0.3999,0.1951,-0.0132,-0.4645,2880.0
Anomalia,0.0142,0.1937,0.4527,-0.3999,0.1942,0.0169,-0.4313,2640.0
Anomalia,0.0245,0.195,0.4527,-0.3999,0.1965,-0.0522,-0.5282,2640.0
Anomalia,0.0067,0.1676,0.4527,-0.3957,0.1677,0.0964,0.0383,2640.0
Anomalia,0.0037,0.1396,0.3419,-0.2687,0.1397,0.0475,-0.8373,2640.0
Anomalia,0.0109,0.1497,0.3419,-0.2687,0.1501,0.0011,-1.1179,2640.0
Anomalia,0.0127,0.1408,0.3419,-0.2687,0.1414,0.1754,-0.6397,2640.0
Anomalia,0.018,0.1376,0.3419,-0.2687,0.1387,0.1703,-0.5649,2640.0
Anomalia,0.0164,0.1428,0.3355,-0.4099,0.1438,-0.1513,-0.0131,2880.0
Anomalia,-0.0003,0.153,0.3355,-0.4099,0.153,-0.0361,-0.2075,2880.0
Anomalia,-0.0,0.1532,0.333,-0.4099,0.1532,-0.1648,-0.4863,2880.0
Anomalia,0.0091,0.154,0.333,-0.4099,0.1542,-0.2282,-0.4371,2880.0
Anomalia,0.0174,0.1327,0.333,-0.3025,0.1339,-0.1786,-0.583,2880.0
Anomalia,0.0268,0.1078,0.2556,-0.233,0.1111,-0.0707,-0.7695,2880.0
Anomalia,0.0126,0.1002,0.2556,-0.233,0.101,-0.0351,-0.3987,2880.0
Anomalia,0.0084,0.0986,0.2105,-0.233,0.099,-0.077,-0.5838,2880.0
Anomalia,0.0026,0.1259,0.3822,-0.3655,0.1259,0.0378,0.4856,2880.0
Anomalia,-0.0002,0.2072,0.548,-0.5007,0.2072,0.2061,0.435,2880.0
Anomalia,0.0193,0.2332,0.548,-0.5007,0.2339,0.0564,-0.3945,2640.0
Anomalia,0.0115,0.237,0.548,-0.5007,0.2373,0.085,-0.4765,2880.0
Anomalia,0.0084,0.2298,0.548,-0.5007,0.23,0.118,-0.3006,2880.0
Anomalia,0.0083,0.1989,0.5307,-0.416,0.1991,0.1555,-0.3171,2880.0
Anomalia,0.0034,0.1861,0.5307,-0.416,0.1861,0.0577,-0.3872,2640.0
Anomalia,0.0112,0.1867,0.5307,-0.416,0.1871,0.0733,-0.5322,2640.0
Anomalia,0.0179,0.176,0.5307,-0.416,0.1769,0.0627,-0.1743,2640.0
Anomalia,0.0168,0.1353,0.2846,-0.2929,0.1364,-0.0217,-0.894,2640.0
Anomalia,0.0164,0.1316,0.3684,-0.2261,0.1326,0.2151,-0.7122,2640.0
Anomalia,0.0057,0.1352,0.3684,-0.2445,0.1353,0.1649,-0.7042,2640.0
Anomalia,0.0035,0.1374,0.3684,-0.2445,0.1374,0.1766,-0.7883,2640.0
Anomalia,0.0082,0.157,0.3684,-0.3008,0.1572,0.2123,-0.8322,2400.0
Anomalia,0.008,0.142,0.3323,-0.3008,0.1422,0.1083,-0.7093,2400.0
Anomalia,0.0199,0.1402,0.3323,-0.3008,0.1416,0.0876,-0.7046,2640.0
Anomalia,0.0204,0.1407,0.3323,-0.3008,0.1422,0.1172,-0.7119,2640.0
Anomalia,0.0088,0.1411,0.3304,-0.3442,0.1414,-0.1171,-0.6826,2640.0
Anomalia,0.0038,0.1592,0.3304,-0.3442,0.1593,-0.0206,-0.9737,2880.0
Anomalia,0.0033,0.1558,0.3304,-0.3442,0.1558,0.023,-0.8554,2880.0
Anomalia,0.0047,0.1475,0.3304,-0.3442,0.1475,-0.0253,-0.4819,2880.0
Anomalia,0.0209,0.1243,0.2933,-0.2969,0.1261,-0.0149,-0.3044,2640.0
Anomalia,0.022,0.0949,0.2616,-0.1909,0.0975,0.1218,-0.0476,480.0
Anomalia,0.0185,0.1169,0.2996,-0.3083,0.1183,-0.3508,0.3746,2880.0
Anomalia,0.0136,0.131,0.2996,-0.3083,0.1317,-0.2972,-0.5099,2880.0
Anomalia,0.0037,0.1264,0.2996,-0.3083,0.1264,-0.1884,-0.3921,2880.0
Anomalia,0.0098,0.1287,0.2996,-0.3083,0.1291,-0.2098,-0.4827,2880.0
Anomalia,0.0127,0.1095,0.2445,-0.2263,0.1103,-0.1026,-0.8162,3120.0
Anomalia,0.0027,0.1223,0.2445,-0.3079,0.1223,-0.2864,-0.464,2640.0
Anomalia,0.0139,0.1684,0.493,-0.3532,0.1689,0.1515,-0.2108,2640.0
Anomalia,0.009,0.1853,0.493,-0.3532,0.1855,0.1657,-0.7662,2640.0
Anomalia,0.0081,0.2069,0.493,-0.3532,0.207,0.1757,-1.0711,2640.0
Anomalia,0.0243,0.2029,0.493,-0.3532,0.2043,0.1215,-1.0451,2640.0
Anomalia,0.0083,0.1868,0.3849,-0.3428,0.187,0.0828,-1.1332,2400.0
Anomalia,0.0058,0.199,0.3849,-0.3866,0.1991,0.0784,-1.1403,2880.0
Anomalia,0.0088,0.1907,0.3546,-0.3866,0.1909,-0.0099,-1.077,2640.0
Anomalia,0.0056,0.2104,0.4679,-0.4018,0.2105,0.0034,-1.0586,2640.0
Anomalia,0.0151,0.2454,0.4982,-0.4308,0.2458,0.0551,-1.079,2640.0
Anomalia,0.0217,0.2451,0.4982,-0.4373,0.2461,-0.0185,-0.9877,2640.0
Anomalia,0.0164,0.2304,0.4982,-0.4373,0.231,0.0595,-0.6381,2640.0
Anomalia,0.0138,0.201,0.4982,-0.4373,0.2015,0.149,0.1351,2640.0
Anomalia,0.0033,0.1763,0.4254,-0.5948,0.1763,-0.3887,1.326,2640.0
Anomalia,0.0019,0.2184,0.5835,-0.5948,0.2184,0.0682,0.9694,2640.0
Anomalia,0.0131,0.2256,0.5835,-0.5948,0.226,-0.021,0.5737,2640.0
Anomalia,0.0144,0.2254,0.5835,-0.5948,0.2259,-0.038,0.5863,2880.0
Anomalia,0.0235,0.1948,0.5835,-0.5386,0.1962,0.2104,1.4147,2880.0
Anomalia,0.0129,0.1503,0.4022,-0.3672,0.1508,-0.093,0.2424,2880.0
Anomalia,0.0059,0.1633,0.4022,-0.3672,0.1634,-0.0524,-0.3214,2880.0
Anomalia,0.0076,0.1701,0.4022,-0.3672,0.1702,-0.0215,-0.6095,2880.0
Anomalia,0.0109,0.1733,0.4022,-0.3672,0.1736,-0.0455,-0.7058,2880.0
Anomalia,0.0177,0.1545,0.3115,-0.2852,0.1555,0.1044,-1.0318,2400.0
Anomalia,0.0144,0.1616,0.3728,-0.3686,0.1622,0.0383,-0.7063,2640.0
Anomalia,0.0179,0.1923,0.3732,-0.4039,0.1931,-0.1005,-0.9872,2640.0
Anomalia,0.01,0.2046,0.3732,-0.4039,0.2049,-0.0554,-1.2319,2640.0
Anomalia,0.0033,0.1939,0.3732,-0.4039,0.194,-0.011,-1.0039,2640.0
Anomalia,0.0121,0.185,0.3732,-0.4039,0.1854,-0.0347,-1.0022,2640.0
Anomalia,0.0113,0.1614,0.3432,-0.2839,0.1618,0.1108,-0.9551,2640.0
Anomalia,0.0127,0.1411,0.3432,-0.2578,0.1417,0.2916,-0.6029,2640.0
Anomalia,0.0187,0.1319,0.3432,-0.2522,0.1332,0.2865,-0.3151,2640.0
Anomalia,0.0063,0.1176,0.3405,-0.251,0.1177,0.1551,-0.1085,3120.0
Anomalia,0.0039,0.1086,0.2205,-0.2472,0.1086,-0.0889,-0.725,2880.0
Anomalia,0.0098,0.1496,0.3926,-0.3035,0.1499,0.1734,-0.2294,2880.0
Anomalia,0.0125,0.1638,0.3926,-0.3035,0.1643,0.1661,-0.7893,2880.0
Anomalia,0.0169,0.1764,0.3926,-0.3123,0.1773,0.1201,-0.9718,2880.0
Anomalia,0.0153,0.191,0.3926,-0.3129,0.1916,0.0493,-1.1631,2880.0
Anomalia,0.0064,0.173,0.3269,-0.3129,0.1731,-0.0444,-1.1523,2640.0
Anomalia,0.0044,0.1751,0.3269,-0.3175,0.1752,-0.0578,-1.1046,2640.0
Anomalia,0.007,0.1985,0.4446,-0.373,0.1986,0.0377,-0.9409,2640.0
Anomalia,0.0131,0.1968,0.4446,-0.373,0.1972,0.0793,-0.9333,2640.0
Anomalia,0.0175,0.2009,0.4446,-0.373,0.2017,0.0109,-0.9904,2880.0
Anomalia,0.0182,0.1925,0.4446,-0.373,0.1934,0.0204,-0.8262,2880.0
Anomalia,0.0135,0.1521,0.338,-0.3436,0.1527,0.0224,-0.8146,2640.0
Anomalia,0.005,0.1433,0.2718,-0.3436,0.1434,-0.1274,-0.83,2640.0
Anomalia,0.0143,0.1259,0.2718,-0.267,0.1267,-0.0758,-0.9209,2640.0
Anomalia,0.0107,0.1288,0.2718,-0.267,0.1292,-0.0912,-0.972,2640.0
Anomalia,0.0189,0.1156,0.2428,-0.267,0.1172,-0.3765,-0.4665,2640.0
Anomalia,0.0172,0.0949,0.2428,-0.2263,0.0965,-0.2086,-0.1667,2880.0
Anomalia,0.0053,0.1497,0.4414,-0.5952,0.1498,-0.7271,3.2717,2400.0
Anomalia,0.0153,0.1837,0.4907,-0.5952,0.1844,-0.2907,1.355,2640.0
Anomalia,0.0117,0.2148,0.4907,-0.5952,0.2151,-0.1632,-0.1447,2640.0
Anomalia,0.0125,0.2144,0.4907,-0.5952,0.2148,-0.1695,-0.1239,2640.0
Anomalia,0.0223,0.1744,0.4907,-0.4775,0.1758,0.0285,0.2306,2640.0
Anomalia,0.015,0.1272,0.3684,-0.387,0.1281,-0.1168,1.5087,2880.0
Anomalia,0.0058,0.1125,0.2883,-0.3192,0.1127,-0.3117,0.8786,2880.0
Anomalia,0.0083,0.1187,0.2883,-0.3192,0.119,-0.3256,0.3251,2640.0
Anomalia,0.0061,0.1373,0.2883,-0.3192,0.1374,-0.1153,-0.4862,2640.0
Anomalia,0.0062,0.1623,0.2983,-0.3192,0.1624,-0.0771,-1.0041,2640.0
Anomalia,0.0294,0.1806,0.4494,-0.3094,0.183,0.1678,-0.7904,2880.0
Anomalia,0.0225,0.2051,0.4494,-0.3511,0.2063,0.0009,-1.1427,2640.0
Anomalia,0.015,0.226,0.4494,-0.3569,0.2265,0.0495,-1.2897,2640.0
Anomalia,0.0078,0.2183,0.4494,-0.3569,0.2184,0.1124,-1.144,2880.0
Anomalia,-0.0079,0.1959,0.4026,-0.3569,0.1961,0.0495,-1.0929,2880.0
Anomalia,0.0029,0.1911,0.4026,-0.3569,0.1911,0.1055,-0.9971,2880.0
Anomalia,0.0138,0.165,0.383,-0.3115,0.1655,0.1489,-0.8496,2880.0
Anomalia,0.0138,0.162,0.383,-0.3115,0.1626,0.2011,-0.837,2880.0
Anomalia,0.0193,0.1449,0.383,-0.3115,0.1462,0.1539,-0.3731,2880.0
Anomalia,0.011,0.1217,0.3649,-0.256,0.1222,0.2433,-0.166,2880.0
Anomalia,0.002,0.164,0.4091,-0.4078,0.164,-0.0199,0.044,2880.0
Anomalia,0.019,0.184,0.4181,-0.4078,0.1849,0.0379,-0.4135,2640.0
Anomalia,0.009,0.1836,0.4181,-0.4078,0.1838,0.163,-0.3861,2640.0
Anomalia,0.0151,0.1791,0.4181,-0.4078,0.1798,0.123,-0.224,2880.0
Anomalia,0.0114,0.1439,0.4181,-0.3323,0.1443,0.2673,-0.053,2880.0
Anomalia,0.0035,0.1463,0.3421,-0.3323,0.1463,0.0305,-0.3112,2880.0
Anomalia,0.0112,0.1511,0.3421,-0.3323,0.1515,-0.0731,-0.557,2880.0
Anomalia,0.0124,0.1641,0.3421,-0.3323,0.1645,-0.0556,-0.8785,2880.0
Anomalia,0.019,0.1517,0.3421,-0.3279,0.1529,-0.0376,-0.6254,2880.0
Anomalia,0.0091,0.1119,0.311,-0.2585,0.1123,0.052,-0.3536,2640.0
Anomalia,0.0039,0.1633,0.4377,-0.4748,0.1633,-0.1143,0.6383,2640.0
Anomalia,0.0084,0.1679,0.4377,-0.4748,0.1681,-0.1389,0.7389,2640.0
Anomalia,0.0071,0.1702,0.4377,-0.4748,0.1703,-0.1009,0.5734,2880.0
Anomalia,0.0115,0.2059,0.4377,-0.4748,0.2062,-0.2146,-0.5101,2880.0
Anomalia,0.023,0.1738,0.3939,-0.4304,0.1753,-0.2334,-0.2282,2880.0
Anomalia,0.0115,0.167,0.3549,-0.4304,0.1674,-0.2104,-0.3923,2880.0
Anomalia,0.0069,0.179,0.3549,-0.4304,0.1791,-0.104,-0.6904,2880.0
Anomalia,0.0139,0.1454,0.3546,-0.3069,0.146,0.091,-0.6961,2880.0
Anomalia,0.0009,0.1954,0.4333,-0.4535,0.1954,-0.043,-0.4739,2880.0
Anomalia,0.0155,0.2058,0.4333,-0.4535,0.2064,-0.1111,-0.719,2640.0
Anomalia,0.0192,0.1969,0.4333,-0.4535,0.1979,-0.157,-0.4945,2640.0
Anomalia,0.0119,0.1942,0.4333,-0.4535,0.1945,-0.1127,-0.4058,2880.0
Anomalia,0.0128,0.1289,0.3119,-0.2883,0.1295,0.1871,-0.3347,2880.0
Anomalia,0.004,0.0914,0.2311,-0.2159,0.0915,0.0448,-0.2217,2880.0
Anomalia,0.0054,0.0722,0.2069,-0.2159,0.0724,-0.3342,0.6943,2640.0
Anomalia,0.0138,0.0685,0.2261,-0.1429,0.0699,0.1167,-0.0083,2400.0
Anomalia,0.0124,0.1159,0.3269,-0.3025,0.1165,-0.0954,0.726,2640.0
Anomalia,0.0085,0.1565,0.3413,-0.3912,0.1567,-0.2406,-0.1205,2640.0
Anomalia,0.0125,0.1617,0.3413,-0.3912,0.1622,-0.2771,-0.3877,2640.0
Anomalia,-0.0063,0.1801,0.3413,-0.3912,0.1802,-0.0754,-0.927,2880.0
Anomalia,0.01,0.2287,0.5973,-0.4517,0.2289,0.1615,-0.3942,2880.0
Anomalia,0.0192,0.2539,0.5973,-0.4909,0.2546,0.1393,-0.5504,2640.0
Anomalia,0.0134,0.2531,0.5973,-0.4909,0.2535,0.2019,-0.5072,2640.0
Anomalia,0.0252,0.2394,0.5973,-0.4909,0.2407,0.1572,-0.08,2640.0
Anomalia,0.0039,0.1822,0.557,-0.4909,0.1823,0.1613,1.1686,2880.0
Anomalia,-0.0037,0.138,0.3309,-0.31,0.138,-0.0191,-0.324,2400.0
Anomalia,0.006,0.1993,0.4548,-0.4316,0.1994,0.1289,-0.4345,2640.0
Anomalia,0.0158,0.2268,0.4548,-0.4316,0.2273,0.0492,-1.0109,2640.0
Anomalia,0.0227,0.22,0.4548,-0.4316,0.2212,0.024,-0.8619,2640.0
Anomalia,0.0187,0.2159,0.4548,-0.4316,0.2167,0.0041,-0.7269,2880.0
Anomalia,0.0114,0.1785,0.4055,-0.3718,0.1788,-0.0073,-0.7938,2880.0
Anomalia,0.0023,0.1812,0.3841,-0.3697,0.1812,-0.0473,-0.8269,2880.0
Anomalia,0.0046,0.1897,0.3841,-0.3697,0.1898,-0.0609,-1.0686,2880.0
Anomalia,0.0131,0.171,0.3841,-0.3695,0.1715,-0.0622,-0.6774,2880.0
Anomalia,0.0238,0.1543,0.3841,-0.3695,0.1561,-0.236,0.0136,2880.0
Anomalia,0.0117,0.1237,0.267,-0.2854,0.1243,-0.2717,-0.5788,2880.0
Anomalia,0.0149,0.105,0.2263,-0.2854,0.1061,-0.4928,0.1761,2880.0
Anomalia,0.0101,0.1193,0.2449,-0.2854,0.1197,-0.3653,-0.4136,2880.0
Anomalia,-0.0057,0.1161,0.2449,-0.2854,0.1162,-0.1731,-0.4895,2880.0
Anomalia,0.0172,0.1029,0.2449,-0.2422,0.1043,0.0009,-0.5567,2880.0
Anomalia,0.0143,0.1017,0.2449,-0.2422,0.1027,0.0624,-0.4673,2880.0
Anomalia,0.0144,0.0912,0.2266,-0.1633,0.0923,0.2808,-0.6845,2880.0
Anomalia,0.0169,0.1162,0.2407,-0.2687,0.1174,-0.0183,-0.6066,2880.0
Anomalia,0.0014,0.1396,0.277,-0.3271,0.1396,-0.1435,-0.5992,2640.0
Anomalia,0.007,0.1815,0.3834,-0.34,0.1816,0.0048,-1.0003,2640.0
Anomalia,0.0107,0.1942,0.3834,-0.34,0.1945,0.0207,-1.2345,2640.0
Anomalia,0.0145,0.1859,0.3834,-0.34,0.1864,-0.0183,-1.0394,2640.0
Anomalia,0.0259,0.1949,0.3834,-0.3574,0.1966,-0.0419,-1.0276,2880.0
Anomalia,0.0084,0.1687,0.3774,-0.3574,0.1689,0.1322,-0.7744,2640.0
Anomalia,0.0031,0.1588,0.3774,-0.3574,0.1589,0.1132,-0.516,2640.0
Anomalia,0.0127,0.1774,0.3774,-0.3574,0.1779,0.1301,-0.8902,2880.0
Anomalia,0.0018,0.1651,0.3755,-0.3161,0.1651,0.279,-0.8158,2880.0
Anomalia,0.0197,0.1745,0.3755,-0.3161,0.1756,0.124,-1.0877,2880.0
Anomalia,0.0255,0.2018,0.431,-0.3628,0.2034,0.0075,-1.1674,2880.0
Anomalia,-0.0015,0.1993,0.431,-0.3628,0.1993,0.1117,-1.08,2640.0
Anomalia,0.0111,0.2022,0.431,-0.3628,0.2025,0.0338,-1.1437,2640.0
Anomalia,0.0056,0.214,0.431,-0.4028,0.214,-0.0009,-1.1605,2640.0
Anomalia,0.0076,0.1876,0.388,-0.4028,0.1877,-0.0817,-0.945,2640.0
Anomalia,0.0251,0.1726,0.388,-0.4028,0.1744,-0.1392,-0.6614,2640.0
Anomalia,0.0121,0.1611,0.3473,-0.4028,0.1616,-0.1963,-0.5921,2880.0
Anomalia,0.0112,0.1384,0.3052,-0.2839,0.1389,-0.108,-0.9451,2880.0
Anomalia,0.011,0.154,0.3613,-0.285,0.1544,0.0143,-0.9917,2880.0
Anomalia,0.0056,0.16,0.3613,-0.285,0.1601,0.0446,-1.0783,2880.0
Anomalia,0.0195,0.1659,0.3613,-0.285,0.1671,0.0207,-1.0879,2880.0
Anomalia,0.0163,0.1596,0.3613,-0.285,0.1604,0.1472,-0.9677,2880.0
Anomalia,0.0095,0.1776,0.3901,-0.4108,0.1779,0.0116,-0.7549,2880.0
Anomalia,0.0117,0.2218,0.4854,-0.469,0.2221,0.003,-0.7686,2880.0
Anomalia,0.0007,0.2133,0.4854,-0.469,0.2133,0.0927,-0.5234,2880.0
Anomalia,0.0058,0.2133,0.4854,-0.469,0.2134,0.0229,-0.5468,2880.0
Anomalia,0.0129,0.1846,0.4854,-0.469,0.185,0.0479,0.2493,2880.0
Anomalia,0.0137,0.1212,0.3079,-0.2528,0.122,0.2249,-0.7317,2400.0
Anomalia,0.0138,0.1579,0.4093,-0.398,0.1585,0.0447,-0.2279,2880.0
Anomalia,0.0101,0.1788,0.4093,-0.398,0.179,0.077,-0.6861,2640.0
Anomalia,0.0035,0.1811,0.4093,-0.398,0.1812,0.0743,-0.7853,2640.0
Anomalia,0.0101,0.1776,0.4093,-0.398,0.1779,0.0059,-0.6366,2640.0
Anomalia,0.0081,0.1744,0.3968,-0.3822,0.1745,-0.0049,-0.6481,2640.0
Anomalia,0.0188,0.1819,0.4147,-0.3822,0.1829,0.008,-0.5973,2640.0
Anomalia,0.0164,0.2151,0.5105,-0.396,0.2157,0.0143,-0.7487,2640.0
Anomalia,0.0063,0.2124,0.5105,-0.396,0.2125,0.1257,-0.6448,2640.0
Anomalia,0.0154,0.1959,0.5105,-0.396,0.1965,0.1259,-0.3919,2880.0
Anomalia,0.0059,0.1903,0.5105,-0.396,0.1904,0.1189,-0.3605,2880.0
Anomalia,0.0128,0.154,0.3403,-0.3334,0.1546,0.1042,-0.5739,2640.0
Anomalia,0.0225,0.1702,0.3403,-0.3334,0.1717,0.0129,-1.0243,2640.0
Anomalia,0.0117,0.1622,0.3403,-0.3334,0.1626,0.0856,-0.8676,2640.0
Anomalia,0.0023,0.1491,0.3238,-0.3033,0.1491,0.0857,-0.8724,2400.0
Anomalia,0.0068,0.158,0.3238,-0.3033,0.1581,0.0965,-1.1064,2640.0
Anomalia,0.0025,0.1705,0.369,-0.3033,0.1705,0.108,-1.0821,2640.0
Anomalia,0.0195,0.1674,0.369,-0.3033,0.1685,-0.0774,-0.9796,2640.0
Anomalia,0.0271,0.1481,0.369,-0.2944,0.1505,-0.0255,-0.5073,2880.0
Anomalia,0.0115,0.1246,0.369,-0.2944,0.1251,0.2705,0.6008,2880.0
Anomalia,0.0156,0.0797,0.2453,-0.1129,0.0812,0.6302,-0.2607,2880.0
Anomalia,-0.0007,0.1096,0.3613,-0.2935,0.1096,0.2395,0.9516,2880.0
Anomalia,0.0104,0.147,0.3613,-0.2935,0.1473,0.2825,-0.1978,2880.0
Anomalia,0.0222,0.1775,0.3613,-0.3428,0.1789,0.0219,-0.9269,2880.0
Anomalia,0.0169,0.1904,0.3613,-0.3428,0.1911,0.077,-1.2261,2880.0
Anomalia,0.0203,0.1966,0.3563,-0.3428,0.1977,-0.0007,-1.2954,2880.0
Anomalia,0.0068,0.2045,0.4189,-0.4706,0.2046,-0.026,-1.0855,2880.0
Anomalia,0.003,0.1894,0.4189,-0.4706,0.1894,-0.0585,-0.8479,2880.0
Anomalia,0.0043,0.1791,0.4189,-0.4706,0.1791,-0.1096,-0.5378,2880.0
Anomalia,0.0151,0.1529,0.4189,-0.4706,0.1537,-0.3048,0.4336,2880.0
Anomalia,0.0165,0.1044,0.2378,-0.311,0.1057,-0.1892,-0.2157,2880.0
Anomalia,0.0188,0.085,0.1965,-0.1481,0.0871,0.0859,-0.8663,2400.0
Anomalia,0.013,0.0789,0.1965,-0.1844,0.0799,0.0707,-0.3731,2400.0
Anomalia,0.0056,0.1147,0.3455,-0.3244,0.1149,0.1896,0.8737,2880.0
Anomalia,0.0052,0.1374,0.3455,-0.3244,0.1375,0.1133,-0.2757,2640.0
Anomalia,0.0062,0.1716,0.3601,-0.3244,0.1717,0.1157,-0.8842,2640.0
Anomalia,0.0171,0.2081,0.4202,-0.4133,0.2088,0.0267,-1.1997,2640.0
Anomalia,0.0177,0.2498,0.4873,-0.5537,0.2505,-0.0739,-0.9784,2880.0
Anomalia,0.0228,0.2862,0.5138,-0.5537,0.2871,-0.0992,-1.1827,2880.0
Anomalia,0.0157,0.3025,0.5138,-0.5537,0.3029,-0.1034,-1.3037,2880.0
Anomalia,0.0043,0.2959,0.5138,-0.5537,0.296,-0.0372,-1.2516,2880.0
Anomalia,0.0142,0.2468,0.5138,-0.5119,0.2472,-0.1622,-0.7283,2880.0
Anomalia,0.0128,0.1951,0.4191,-0.4598,0.1955,-0.3411,-0.2848,2880.0
Anomalia,0.0176,0.1331,0.3774,-0.3405,0.1342,-0.3056,0.3157,2880.0
Anomalia,0.0186,0.0942,0.1884,-0.2341,0.096,-0.456,-0.3658,2640.0
Anomalia,0.006,0.091,0.1884,-0.2341,0.0912,-0.3852,-0.2118,2640.0
Anomalia,0.0052,0.0902,0.2389,-0.2224,0.0903,-0.046,-0.2503,2640.0
Anomalia,0.0081,0.1355,0.3645,-0.3242,0.1357,0.0835,0.0915,2640.0
Anomalia,0.0177,0.1335,0.3645,-0.3242,0.1347,0.0144,0.1805,2640.0
Anomalia,0.0212,0.146,0.3645,-0.3242,0.1475,0.0221,-0.4507,2640.0
Anomalia,0.0167,0.1386,0.3645,-0.3242,0.1396,0.1058,-0.05,2640.0
Anomalia,0.0138,0.0953,0.2975,-0.2003,0.0963,0.3803,-0.0403,2640.0
Anomalia,0.012,0.1026,0.2975,-0.2003,0.1033,0.3875,-0.2836,2880.0
Anomalia,0.0096,0.1035,0.2599,-0.2157,0.104,0.3095,-0.5501,2880.0
Anomalia,0.0143,0.1628,0.4068,-0.4124,0.1634,0.0157,-0.1342,2640.0
Anomalia,0.0103,0.1873,0.4068,-0.4124,0.1876,-0.0448,-0.8973,2640.0
Anomalia,0.0111,0.1913,0.4068,-0.4124,0.1916,-0.0357,-0.9617,2640.0
Anomalia,0.0179,0.2044,0.528,-0.4124,0.2052,0.0805,-0.7608,2640.0
Anomalia,0.0158,0.1997,0.528,-0.3816,0.2003,0.1397,-0.6245,3120.0
Anomalia,0.0209,0.2127,0.528,-0.3816,0.2137,0.1435,-0.7322,2640.0
Anomalia,0.014,0.2158,0.528,-0.3816,0.2163,0.1804,-0.7681,2880.0
Anomalia,0.005,0.2163,0.456,-0.3816,0.2164,0.1094,-1.0296,2880.0
Anomalia,0.0066,0.1968,0.416,-0.3634,0.1969,0.1083,-0.9572,2880.0
Anomalia,0.0098,0.1639,0.3941,-0.3457,0.1642,0.0632,-0.7155,2880.0
Anomalia,0.0092,0.1511,0.3941,-0.3457,0.1514,0.118,-0.4772,2880.0
Anomalia,0.0199,0.142,0.324,-0.2414,0.1433,0.1898,-0.8775,2880.0
Anomalia,0.0174,0.1191,0.3152,-0.222,0.1204,0.333,-0.5036,2880.0
Anomalia,0.0163,0.1293,0.3152,-0.2589,0.1304,0.1976,-0.6791,2880.0
Anomalia,0.0248,0.144,0.3152,-0.2589,0.1461,0.0662,-1.0487,2400.0
Anomalia,0.0048,0.1348,0.2816,-0.271,0.1348,0.0133,-0.8465,2640.0
Anomalia,0.0147,0.1398,0.2816,-0.271,0.1406,-0.1265,-1.0341,2640.0
Anomalia,0.013,0.1454,0.2791,-0.271,0.146,-0.1148,-1.1293,2640.0
Anomalia,0.0109,0.1507,0.3511,-0.271,0.1511,-0.0297,-0.9598,2640.0
Anomalia,0.0263,0.1558,0.3511,-0.256,0.158,-0.0848,-1.1431,2640.0
Anomalia,0.0183,0.1764,0.3511,-0.2562,0.1773,0.0201,-1.3569,2880.0
Anomalia,0.0142,0.1766,0.3511,-0.3471,0.1772,-0.028,-1.2085,2880.0
Anomalia,0.0109,0.1845,0.3943,-0.3471,0.1848,0.0578,-1.1841,2880.0
Anomalia,0.0084,0.1835,0.3943,-0.3471,0.1837,0.0644,-1.1536,2640.0
Anomalia,0.0176,0.1709,0.3943,-0.3471,0.1718,-0.0425,-0.9812,2880.0
Anomalia,0.0182,0.1718,0.3943,-0.2975,0.1727,0.0234,-1.0877,2880.0
Anomalia,0.0086,0.1514,0.3004,-0.2975,0.1516,-0.052,-1.0579,2880.0
Anomalia,0.0155,0.1517,0.4051,-0.2975,0.1525,0.0793,-0.6227,2880.0
Anomalia,0.0038,0.2295,0.59,-0.5626,0.2295,0.1241,0.1318,2880.0
Anomalia,0.0127,0.2819,0.5981,-0.5626,0.2822,0.1459,-0.4806,2640.0
Anomalia,0.0235,0.2903,0.5981,-0.5626,0.2913,0.072,-0.7085,2640.0
Anomalia,0.0112,0.2846,0.5981,-0.5626,0.2848,0.1621,-0.5577,2640.0
Anomalia,0.0134,0.2526,0.5981,-0.5407,0.2529,0.2037,-0.4735,2880.0
Anomalia,0.013,0.1948,0.4512,-0.3601,0.1953,0.145,-0.8004,2880.0
Anomalia,0.0096,0.2023,0.4512,-0.3601,0.2026,0.1057,-0.9829,2640.0
Anomalia,0.0208,0.2144,0.4512,-0.3601,0.2154,0.0158,-1.2328,2640.0
Anomalia,0.023,0.1747,0.3753,-0.2887,0.1762,0.0732,-0.965,2640.0
Anomalia,0.0102,0.1621,0.3526,-0.2887,0.1624,0.1473,-0.8285,2880.0
Anomalia,0.013,0.1261,0.329,-0.2491,0.1268,0.152,-0.4485,2880.0
Anomalia,0.0075,0.1303,0.3236,-0.3307,0.1305,-0.0906,-0.4249,2880.0
Anomalia,0.009,0.1364,0.3236,-0.3307,0.1367,-0.0776,-0.6501,2880.0
Anomalia,0.0152,0.151,0.3236,-0.3307,0.1517,-0.1011,-0.7906,2880.0
Anomalia,0.0172,0.1537,0.3236,-0.3307,0.1547,-0.1199,-0.8718,2880.0
Anomalia,0.0217,0.1277,0.2933,-0.2866,0.1296,-0.1218,-0.5371,2880.0
Anomalia,0.0129,0.1403,0.2831,-0.2994,0.1409,-0.1871,-0.7479,2880.0
Anomalia,0.0078,0.1159,0.2537,-0.2994,0.1162,-0.1938,-0.4797,2880.0
Anomalia,0.0084,0.1832,0.5789,-0.4953,0.1834,0.126,0.7458,2880.0
Anomalia,0.0114,0.245,0.5789,-0.5347,0.2452,0.1406,-0.3619,2880.0
Anomalia,0.0199,0.2553,0.5789,-0.5347,0.2561,0.0551,-0.526,2640.0
Anomalia,0.0291,0.2552,0.5789,-0.5347,0.2568,-0.0429,-0.5213,2640.0
Anomalia,0.0181,0.2269,0.5772,-0.5347,0.2276,0.002,-0.2606,2880.0
Anomalia,0.0056,0.1841,0.45,-0.4302,0.1842,-0.1182,-0.5557,2880.0
Anomalia,0.0018,0.1548,0.372,-0.3784,0.1548,-0.1628,-0.474,2880.0
Anomalia,0.007,0.1625,0.372,-0.3784,0.1627,-0.0357,-0.5033,2880.0
Anomalia,0.0209,0.1957,0.5549,-0.4644,0.1968,0.1446,0.0923,2880.0
Anomalia,0.0171,0.2073,0.5549,-0.4781,0.208,0.064,0.0403,2640.0
Anomalia,0.0238,0.2193,0.5549,-0.4781,0.2206,-0.0143,-0.446,2880.0
Anomalia,-0.0001,0.2264,0.5549,-0.4781,0.2264,0.1024,-0.6558,2880.0
Anomalia,-0.0127,0.2352,0.4913,-0.5351,0.2355,-0.0054,-0.8257,2880.0
Anomalia,0.0081,0.2696,0.5966,-0.5351,0.2697,0.1693,-0.8576,2880.0
Anomalia,0.0083,0.273,0.5966,-0.5351,0.2731,0.1887,-0.8907,2640.0
Anomalia,0.0221,0.2704,0.5966,-0.5351,0.2713,0.1138,-0.8816,2880.0
Anomalia,0.0316,0.2251,0.5966,-0.4654,0.2273,0.2783,-0.2361,2880.0
Anomalia,0.0078,0.1497,0.4101,-0.2829,0.1499,0.3082,-0.5465,2880.0
Anomalia,0.0023,0.1931,0.5278,-0.4485,0.1931,0.2182,0.1299,2640.0
Anomalia,0.0095,0.2579,0.5739,-0.5263,0.2581,0.1252,-0.3884,2640.0
Anomalia,0.0056,0.2865,0.5739,-0.5263,0.2865,0.119,-0.9712,2640.0
Anomalia,0.0191,0.2937,0.5739,-0.5263,0.2943,0.0068,-1.1242,2640.0
Anomalia,0.0202,0.2633,0.5739,-0.5263,0.264,-0.0058,-0.8093,2880.0
Anomalia,0.0084,0.1972,0.4043,-0.4187,0.1974,0.0503,-0.8382,2880.0
Anomalia,0.0152,0.15,0.3692,-0.3004,0.1508,0.0203,-0.7231,2880.0
Anomalia,0.0052,0.1314,0.3432,-0.3004,0.1315,0.043,-0.5684,3120.0
Anomalia,0.0075,0.1166,0.2589,-0.3004,0.1168,-0.0506,-0.6811,2880.0
Anomalia,0.0173,0.1286,0.2919,-0.344,0.1298,-0.1783,-0.3938,2880.0
Anomalia,0.0028,0.1397,0.304,-0.344,0.1397,0.037,-0.5017,2880.0
Anomalia,0.0157,0.1535,0.3319,-0.344,0.1543,-0.032,-0.7662,2880.0
Anomalia,0.0129,0.1674,0.3319,-0.344,0.1679,-0.049,-0.9791,2880.0
Anomalia,0.0115,0.1658,0.3319,-0.3373,0.1662,0.0164,-1.1137,2880.0
Anomalia,0.0199,0.1555,0.3319,-0.2977,0.1567,-0.0513,-1.0123,2640.0
Anomalia,0.0161,0.1367,0.3004,-0.2977,0.1377,-0.1235,-0.564,2640.0
Anomalia,0.011,0.1291,0.3304,-0.2919,0.1295,-0.1077,-0.4745,2400.0
Anomalia,0.0069,0.1592,0.3995,-0.4033,0.1594,-0.1032,0.2177,2640.0
Anomalia,0.0036,0.2256,0.5157,-0.5395,0.2256,-0.1093,-0.3368,2640.0
Anomalia,0.0142,0.262,0.5157,-0.5395,0.2624,-0.0872,-1.0137,2640.0
Anomalia,0.0168,0.2544,0.5157,-0.5395,0.255,-0.1011,-0.8232,2640.0
Anomalia,0.0199,0.2298,0.5157,-0.5395,0.2307,-0.0947,-0.2924,2880.0
Anomalia,0.0195,0.1758,0.4615,-0.4596,0.1768,0.1311,-0.0034,2880.0
Anomalia,-0.0026,0.1324,0.3361,-0.2601,0.1324,0.3377,-0.3139,2640.0
Anomalia,0.0049,0.1295,0.3361,-0.2601,0.1296,0.1677,-0.2197,2640.0
Anomalia,0.011,0.1175,0.3361,-0.2601,0.118,-0.0465,0.2053,2640.0
Anomalia,0.0129,0.1035,0.3361,-0.2578,0.1043,0.1341,0.3797,2400.0
Anomalia,0.0269,0.101,0.2946,-0.1955,0.1045,0.1231,-0.3727,2640.0
Anomalia,0.0127,0.118,0.2946,-0.2662,0.1186,-0.0213,-0.6725,2640.0
Anomalia,0.001,0.1602,0.4502,-0.3538,0.1602,0.1193,-0.4697,2640.0
Anomalia,0.0078,0.2201,0.5724,-0.4283,0.2203,0.3006,-0.5027,2640.0
Anomalia,0.0083,0.2285,0.5724,-0.4283,0.2286,0.2408,-0.6704,2640.0
Anomalia,0.0184,0.2319,0.5724,-0.4283,0.2327,0.1189,-0.7897,2640.0
Anomalia,0.023,0.2166,0.5724,-0.4283,0.2178,0.1213,-0.5448,2880.0
Anomalia,0.0117,0.1529,0.3709,-0.3515,0.1534,-0.0767,-0.5742,2400.0
Anomalia,0.0038,0.1347,0.2772,-0.2622,0.1348,-0.0432,-0.8045,2400.0
Anomalia,0.0089,0.1445,0.3171,-0.2829,0.1447,0.1194,-0.8235,2880.0
Anomalia,0.013,0.1323,0.3171,-0.2829,0.1329,0.1137,-0.5679,2880.0
Anomalia,0.0223,0.1366,0.3171,-0.2829,0.1384,0.0215,-0.8099,2880.0
Anomalia,0.0248,0.1438,0.3171,-0.2829,0.1459,-0.0765,-0.9715,2880.0
Anomalia,0.0107,0.1432,0.282,-0.3459,0.1436,-0.2311,-0.836,2880.0
Anomalia,0.0058,0.154,0.282,-0.3459,0.1541,-0.1663,-1.0186,2640.0
Anomalia,0.0081,0.1564,0.3181,-0.3459,0.1566,-0.1091,-0.9489,2640.0
Anomalia,0.0081,0.1433,0.3181,-0.3459,0.1435,-0.1263,-0.5367,2640.0
Anomalia,0.0243,0.1358,0.3181,-0.2691,0.138,0.0213,-0.7899,2640.0
Anomalia,0.0266,0.154,0.3436,-0.3025,0.1563,-0.0498,-0.7318,2400.0
Anomalia,0.0134,0.1697,0.3436,-0.3025,0.1702,-0.0213,-1.056,2640.0
Anomalia,0.0068,0.1812,0.3436,-0.3025,0.1813,0.0141,-1.3365,2640.0
Anomalia,0.0067,0.1726,0.3436,-0.3025,0.1727,-0.0298,-1.206,2640.0
Anomalia,0.0056,0.1603,0.348,-0.3206,0.1604,0.0025,-1.0087,2640.0
Anomalia,0.0122,0.1939,0.4446,-0.3847,0.1942,0.0428,-0.639,2640.0
Anomalia,0.027,0.1944,0.4446,-0.3847,0.1963,-0.0397,-0.5759,2640.0
Anomalia,0.0074,0.1907,0.4446,-0.3847,0.1909,0.2164,-0.3755,2640.0
Anomalia,0.0109,0.1773,0.4446,-0.3847,0.1777,0.1802,-0.0077,2880.0
Anomalia,0.0104,0.1272,0.3492,-0.2595,0.1277,0.2395,-0.5378,2400.0
Anomalia,0.0063,0.1087,0.2503,-0.2284,0.1089,0.0289,-0.8183,2640.0
Anomalia,0.023,0.115,0.2503,-0.2284,0.1173,-0.0734,-0.9523,2640.0
Anomalia,0.0255,0.1069,0.2503,-0.2284,0.1099,-0.1272,-0.5402,2640.0
Anomalia,0.0102,0.0958,0.2263,-0.228,0.0964,-0.0222,-0.461,3120.0
Anomalia,0.0039,0.0982,0.2263,-0.228,0.0983,0.1042,-0.6427,2640.0
Anomalia,-0.0014,0.1177,0.2785,-0.2941,0.1177,-0.1117,-0.1264,2880.0
Anomalia,0.0027,0.1697,0.4834,-0.325,0.1697,0.3943,-0.1751,2880.0
Anomalia,0.0256,0.1764,0.4834,-0.325,0.1783,0.1644,-0.4956,2640.0
Anomalia,0.0243,0.1737,0.4834,-0.325,0.1754,0.2059,-0.3595,2640.0
Anomalia,0.0205,0.1602,0.4834,-0.325,0.1615,0.4125,0.0766,2640.0
Anomalia,0.009,0.1097,0.3384,-0.2105,0.1101,0.3375,-0.0244,2400.0
Anomalia,-0.0041,0.1501,0.4128,-0.3982,0.1502,-0.1402,0.5032,2880.0
Anomalia,0.0098,0.2187,0.5443,-0.4596,0.2189,0.1569,-0.2195,2880.0
Anomalia,0.0147,0.2344,0.5443,-0.4596,0.2349,0.111,-0.6455,2880.0
Anomalia,0.0203,0.2448,0.5443,-0.4596,0.2456,0.035,-0.9338,2880.0
Anomalia,0.0219,0.2129,0.5443,-0.4596,0.214,0.1857,-0.2343,2880.0
Anomalia,0.0122,0.1719,0.4241,-0.3327,0.1724,0.1321,-0.6562,2880.0
Anomalia,0.0091,0.1444,0.3793,-0.3094,0.1447,0.1292,-0.1572,2880.0
Anomalia,0.0059,0.126,0.3793,-0.3094,0.1261,0.239,0.5505,2880.0
Anomalia,0.0156,0.1268,0.3793,-0.3094,0.1277,0.0986,0.3648,2880.0
Anomalia,0.0152,0.1012,0.2182,-0.2445,0.1023,-0.2577,-0.5106,2880.0
Anomalia,0.0175,0.1189,0.2912,-0.3352,0.1202,-0.2689,-0.4359,2880.0
Anomalia,0.0175,0.1714,0.4085,-0.3999,0.1723,-0.1997,-0.1683,2880.0
Anomalia,0.0169,0.1831,0.4085,-0.3999,0.1839,-0.1707,-0.625,2880.0
Anomalia,0.0108,0.1864,0.4085,-0.3999,0.1867,-0.0827,-0.7379,2640.0
Anomalia,0.0093,0.1925,0.4085,-0.3999,0.1927,-0.0517,-0.91,2640.0
Anomalia,0.0066,0.2349,0.6146,-0.5943,0.235,0.0295,-0.0128,2640.0
Anomalia,0.0051,0.277,0.6146,-0.5943,0.277,0.074,-0.7052,2640.0
Anomalia,0.0163,0.2789,0.6146,-0.5943,0.2794,-0.0426,-0.7386,2640.0
Anomalia,0.0112,0.273,0.6146,-0.5943,0.2732,-0.0022,-0.5851,2640.0
Anomalia,0.0161,0.2084,0.5468,-0.4754,0.209,-0.0494,-0.1581,2640.0
Anomalia,0.0152,0.1456,0.3065,-0.3822,0.1464,-0.2191,-0.6952,2880.0
Anomalia,0.0112,0.1407,0.3065,-0.3117,0.1411,-0.1268,-0.9352,2640.0
Anomalia,0.0116,0.129,0.3065,-0.3117,0.1296,0.0261,-0.5894,2640.0
Anomalia,0.0046,0.119,0.3065,-0.3117,0.1191,0.0646,-0.1235,2640.0
Anomalia,0.0039,0.1657,0.4961,-0.451,0.1658,0.1183,0.5421,2640.0
Anomalia,0.0113,0.1855,0.4961,-0.451,0.1859,0.1734,-0.038,2640.0
Anomalia,0.018,0.192,0.4961,-0.451,0.1928,0.0573,-0.3476,2640.0
Anomalia,0.0174,0.1902,0.4961,-0.451,0.191,0.0749,-0.2675,2880.0
Anomalia,0.0182,0.1411,0.3876,-0.3221,0.1423,0.2591,0.0554,2880.0
Anomalia,0.0023,0.1049,0.2658,-0.1984,0.1049,0.2614,-0.4861,2880.0
Anomalia,0.0101,0.134,0.4625,-0.3688,0.1344,0.4818,1.1869,2400.0
Anomalia,0.0167,0.1616,0.4625,-0.3688,0.1624,0.2157,-0.197,2640.0
Anomalia,0.0067,0.1923,0.4625,-0.3688,0.1924,0.1651,-0.8053,2640.0
Anomalia,0.0163,0.2242,0.4625,-0.3711,0.2248,-0.0076,-1.1778,2640.0
Anomalia,0.0071,0.2235,0.3866,-0.3711,0.2237,-0.0129,-1.3099,2640.0
Anomalia,0.0083,0.219,0.3866,-0.3711,0.2191,-0.0197,-1.2495,2640.0
Anomalia,0.0192,0.199,0.3866,-0.3711,0.2,-0.1105,-1.02,2880.0
Anomalia,0.0214,0.171,0.3672,-0.3336,0.1724,-0.0573,-1.0538,2880.0
Anomalia,0.0219,0.1593,0.3319,-0.2921,0.1608,0.0011,-1.1814,2880.0
Anomalia,0.0161,0.14,0.3319,-0.2921,0.1409,0.0464,-0.894,2880.0
Anomalia,0.0096,0.1442,0.3319,-0.2921,0.1446,0.0757,-0.9258,2880.0
Anomalia,0.009,0.1688,0.4037,-0.333,0.169,0.1215,-0.6926,2880.0
Anomalia,0.0084,0.1859,0.4037,-0.3538,0.1861,0.0976,-0.8085,2880.0
Anomalia,0.01,0.2371,0.499,-0.4258,0.2373,0.0979,-1.1032,2880.0
Anomalia,0.0182,0.242,0.499,-0.4258,0.2427,0.0544,-1.1843,2880.0
Anomalia,0.0106,0.2356,0.499,-0.4258,0.2358,0.0466,-1.1142,2640.0
Anomalia,0.0112,0.2188,0.499,-0.4258,0.2191,0.0666,-0.854,2640.0
Anomalia,0.0116,0.1619,0.3953,-0.3561,0.1623,0.002,-0.7608,2640.0
Anomalia,0.0045,0.1447,0.3054,-0.3561,0.1447,-0.0536,-0.4924,2640.0
Anomalia,0.0178,0.1085,0.2457,-0.2224,0.11,0.107,-0.762,3120.0
Anomalia,0.0213,0.1122,0.3375,-0.3227,0.1142,0.1223,-0.0473,3120.0
Anomalia,0.026,0.1952,0.5119,-0.4809,0.197,-0.0258,0.4232,2880.0
Anomalia,0.0211,0.2175,0.5119,-0.4809,0.2185,-0.0306,-0.3081,2880.0
Anomalia,0.0095,0.2169,0.5119,-0.4809,0.2171,0.1051,-0.2772,2880.0
Anomalia,0.0042,0.2075,0.5119,-0.4809,0.2075,0.1764,0.1037,2880.0
Anomalia,0.004,0.1563,0.383,-0.3947,0.1563,0.1708,-0.2775,2880.0
Anomalia,0.0131,0.1217,0.2933,-0.2445,0.1224,0.2131,-0.4816,2400.0
Anomalia,0.0265,0.1377,0.3674,-0.2445,0.1403,0.2492,-0.6355,2640.0
Anomalia,0.013,0.1569,0.3674,-0.2791,0.1575,0.0703,-0.9111,2640.0
Anomalia,0.0033,0.1682,0.4318,-0.3231,0.1682,0.1268,-0.576,2640.0
Anomalia,0.0153,0.1944,0.4318,-0.3231,0.195,0.1304,-1.0108,2640.0
Anomalia,-0.002,0.2001,0.4318,-0.3231,0.2002,0.1827,-1.1609,2640.0
Anomalia,0.0227,0.1971,0.4318,-0.3231,0.1984,0.0633,-1.1104,2640.0
Anomalia,0.0229,0.1789,0.3903,-0.2858,0.1804,0.0531,-1.0765,2640.0
Anomalia,0.0105,0.1583,0.3501,-0.2697,0.1586,-0.0087,-1.0833,2640.0
Anomalia,0.0177,0.1729,0.5069,-0.4875,0.1738,0.2059,-0.1062,2880.0
Anomalia,0.0087,0.2114,0.5147,-0.494,0.2116,0.0715,-0.308,2880.0
Anomalia,0.0159,0.2254,0.5147,-0.494,0.226,0.0179,-0.677,2880.0
Anomalia,0.0204,0.2312,0.5147,-0.494,0.2321,0.0019,-0.7901,2880.0
Anomalia,0.015,0.2318,0.5147,-0.494,0.2323,-0.0684,-1.0133,2880.0
Anomalia,0.0194,0.2115,0.392,-0.3778,0.2124,-0.0216,-1.1943,2880.0
Anomalia,0.014,0.2222,0.4131,-0.4656,0.2226,-0.0871,-1.0504,2880.0
Anomalia,0.002,0.2092,0.4131,-0.4656,0.2092,0.0049,-0.7795,2880.0
Anomalia,0.0135,0.1825,0.4131,-0.4656,0.183,-0.1168,-0.2034,2880.0
Anomalia,0.0095,0.1576,0.4131,-0.4656,0.1579,-0.26,0.524,2640.0
Anomalia,0.0147,0.1264,0.3818,-0.2316,0.1272,0.2775,-0.3487,2640.0
Anomalia,0.0278,0.139,0.3818,-0.2739,0.1417,0.0834,-0.5182,2640.0
Anomalia,0.0119,0.1304,0.3818,-0.2739,0.1309,0.4291,0.0904,2640.0
Anomalia,0.0123,0.1287,0.3818,-0.2739,0.1292,0.4372,0.141,2880.0
Anomalia,0.0035,0.1509,0.367,-0.4694,0.1509,-0.2132,0.659,2880.0
Anomalia,0.0067,0.1659,0.3757,-0.4694,0.1661,-0.1814,0.2689,2640.0
Anomalia,0.0202,0.1858,0.3757,-0.4694,0.1869,-0.2246,-0.5003,2640.0
Anomalia,0.0165,0.1911,0.3757,-0.4694,0.1918,-0.216,-0.6621,2880.0
Anomalia,0.0203,0.1726,0.3757,-0.3909,0.1738,-0.1252,-0.8068,2880.0
Anomalia,0.0149,0.1769,0.3622,-0.3284,0.1775,-0.0193,-1.0902,2880.0
Anomalia,0.0035,0.1779,0.3478,-0.3284,0.1779,-0.0476,-1.1778,2640.0
Anomalia,0.0156,0.1713,0.3478,-0.3284,0.172,-0.1333,-1.0161,2640.0
Anomalia,0.0203,0.1608,0.3478,-0.3284,0.162,-0.0749,-0.8828,2880.0
Anomalia,0.0059,0.1496,0.2893,-0.3315,0.1498,-0.1668,-0.8423,2880.0
Anomalia,0.0158,0.153,0.2893,-0.3315,0.1538,-0.1563,-0.8099,2640.0
Anomalia,0.0109,0.1782,0.3807,-0.3421,0.1786,-0.0456,-1.0479,2640.0
Anomalia,0.005,0.1898,0.3807,-0.3421,0.1898,-0.0542,-1.1731,2640.0
Anomalia,0.0258,0.1796,0.3807,-0.3421,0.1815,-0.207,-1.0037,2640.0
Anomalia,0.0197,0.1716,0.3807,-0.3421,0.1728,-0.1859,-0.9067,2400.0
Anomalia,0.0107,0.1431,0.2825,-0.3411,0.1435,-0.2123,-0.6538,2400.0
Anomalia,0.0165,0.1155,0.2747,-0.2633,0.1167,-0.1356,-0.3254,2640.0
Anomalia,-0.0039,0.1071,0.2747,-0.2633,0.1071,-0.2531,-0.1355,2640.0
Anomalia,0.0149,0.1043,0.2854,-0.2345,0.1053,0.26,0.2431,2880.0
Anomalia,0.017,0.1071,0.2854,-0.2345,0.1085,0.2806,-0.0859,2640.0
Anomalia,0.0144,0.1072,0.2854,-0.2345,0.1081,0.3319,-0.0813,2640.0
Anomalia,0.0274,0.1012,0.2854,-0.1519,0.1048,0.3783,-0.3211,2640.0
Anomalia,0.0098,0.0988,0.2341,-0.2637,0.0993,-0.3683,-0.2631,2640.0
Anomalia,0.0145,0.0959,0.2341,-0.2637,0.097,-0.4138,0.0739,960.0
Anomalia,0.018,0.1064,0.2341,-0.2637,0.1079,-0.3342,-0.4534,2880.0
Anomalia,0.0104,0.1432,0.335,-0.3419,0.1436,-0.168,-0.3684,2880.0
Anomalia,0.0106,0.1669,0.3513,-0.3419,0.1672,-0.0253,-0.652,2880.0
Anomalia,0.0123,0.1806,0.3907,-0.3419,0.1811,0.1046,-0.8852,2880.0
Anomalia,0.0045,0.1884,0.3907,-0.3419,0.1884,0.1393,-1.0369,2880.0
Anomalia,0.0173,0.1739,0.3907,-0.3096,0.1748,0.0715,-0.9097,2880.0
Anomalia,0.0162,0.1844,0.3916,-0.4139,0.1852,-0.0833,-0.7464,2880.0
Anomalia,0.0235,0.189,0.3916,-0.4139,0.1905,-0.2049,-0.8508,2640.0
Anomalia,0.0253,0.1798,0.3916,-0.4139,0.1816,-0.2169,-0.5703,2640.0
Anomalia,0.0161,0.1906,0.3916,-0.4139,0.1913,-0.1347,-0.8444,2400.0
Anomalia,0.0184,0.1841,0.3745,-0.3344,0.185,-0.0128,-0.9697,2400.0
Anomalia,0.0041,0.1817,0.3745,-0.3344,0.1817,0.0399,-0.949,2640.0
Anomalia,0.0135,0.2065,0.3745,-0.3344,0.207,-0.0068,-1.3289,2640.0
Anomalia,0.0277,0.1975,0.3745,-0.3344,0.1995,-0.1231,-1.2323,2640.0
Anomalia,0.0218,0.1741,0.3271,-0.3192,0.1754,-0.0886,-1.0333,2640.0
Anomalia,0.0237,0.1578,0.3263,-0.3161,0.1596,-0.1133,-0.7167,2640.0
Anomalia,0.0097,0.1538,0.2712,-0.3482,0.1541,-0.2822,-0.7106,2880.0
Anomalia,-0.0036,0.1642,0.345,-0.3482,0.1642,-0.0827,-0.8422,2640.0
Anomalia,0.0091,0.1647,0.345,-0.3482,0.1649,-0.1928,-0.8611,2640.0
Anomalia,0.0214,0.172,0.345,-0.3482,0.1733,-0.2346,-1.0451,2640.0
Anomalia,0.0235,0.1497,0.345,-0.2866,0.1515,-0.0819,-0.9481,2880.0
Anomalia,0.0259,0.1272,0.2825,-0.2353,0.1298,-0.0546,-0.9766,2880.0
Anomalia,0.0116,0.117,0.2825,-0.218,0.1176,0.1759,-0.8151,2880.0
Anomalia,0.0017,0.1616,0.5754,-0.4446,0.1616,0.3628,1.437,2880.0
Anomalia,0.01,0.1942,0.5754,-0.4446,0.1945,0.273,0.1442,2880.0
Anomalia,0.0138,0.2078,0.5754,-0.4446,0.2082,0.2328,-0.3623,2880.0
Anomalia,0.024,0.2452,0.5754,-0.4446,0.2464,0.0768,-0.9798,2880.0
Anomalia,0.0215,0.2195,0.5055,-0.4387,0.2206,0.082,-0.9259,2880.0
Anomalia,0.0149,0.198,0.4892,-0.4387,0.1986,0.0118,-0.5248,2880.0
Anomalia,0.0131,0.1981,0.4892,-0.4387,0.1986,0.0126,-0.4815,2640.0
Anomalia,0.0116,0.1888,0.3822,-0.3987,0.1892,-0.0627,-0.8325,2640.0
Anomalia,0.0166,0.1912,0.3822,-0.3987,0.192,-0.083,-0.856,2640.0
Anomalia,0.0168,0.1851,0.3822,-0.3561,0.1858,0.0573,-0.9097,2880.0
Anomalia,0.0162,0.1639,0.3822,-0.3561,0.1647,0.0217,-0.4593,2880.0
Anomalia,0.0088,0.1722,0.4356,-0.5472,0.1724,-0.3416,0.5517,2880.0
Anomalia,0.012,0.1649,0.4356,-0.5472,0.1653,-0.4346,1.129,2880.0
Anomalia,0.0121,0.1558,0.4356,-0.5472,0.1562,-0.4849,2.0029,2880.0
Anomalia,0.015,0.1601,0.4356,-0.5472,0.1608,-0.4571,1.5865,2880.0
Anomalia,0.0228,0.1057,0.3434,-0.2412,0.1082,0.2327,0.0366,2400.0
Anomalia,0.0182,0.1071,0.3352,-0.2478,0.1087,0.0578,-0.4329,2640.0
Anomalia,0.0217,0.147,0.3569,-0.3117,0.1486,-0.0806,-0.6317,2640.0
Anomalia,0.0067,0.1634,0.3569,-0.3743,0.1635,-0.1358,-0.7779,2640.0
Anomalia,0.0104,0.1769,0.3766,-0.3743,0.1772,-0.0496,-0.8581,2640.0
Anomalia,0.0114,0.1881,0.3766,-0.3743,0.1885,0.0099,-1.0544,2880.0
Anomalia,0.0193,0.1616,0.3766,-0.3743,0.1627,-0.13,-0.5032,2880.0
Anomalia,0.0254,0.1427,0.3766,-0.3079,0.1449,0.0635,-0.2451,2640.0
Anomalia,0.015,0.1306,0.3425,-0.2891,0.1314,0.0955,-0.4348,3120.0
Anomalia,0.0124,0.1172,0.257,-0.2232,0.1179,-0.0576,-0.857,2880.0
Anomalia,0.0067,0.1235,0.257,-0.2232,0.1237,0.0941,-1.0032,2640.0
Anomalia,0.0129,0.1214,0.257,-0.2232,0.1221,0.1402,-0.8821,2640.0
Anomalia,0.0175,0.1083,0.2495,-0.2226,0.1097,0.0686,-0.6347,2880.0
Anomalia,0.0193,0.0974,0.2424,-0.2455,0.0993,-0.082,-0.3193,2880.0
Anomalia,0.0076,0.0896,0.2326,-0.2455,0.0899,-0.1045,0.0236,2640.0
Anomalia,0.0102,0.1145,0.3649,-0.3048,0.1149,0.1195,0.7226,2640.0
Anomalia,0.0069,0.1699,0.3909,-0.392,0.17,0.0263,-0.0321,2640.0
Anomalia,0.0183,0.1845,0.4202,-0.392,0.1854,0.0878,-0.3888,2640.0
Anomalia,0.021,0.19,0.4202,-0.392,0.1912,0.0119,-0.5801,2640.0
Anomalia,0.0067,0.2159,0.4202,-0.4723,0.216,-0.0674,-0.8285,2880.0
Anomalia,0.018,0.1951,0.4202,-0.4723,0.1959,-0.0809,-0.4982,2640.0
Anomalia,0.0037,0.191,0.4064,-0.4723,0.1911,-0.0565,-0.5654,2640.0
Anomalia,0.0166,0.1878,0.4064,-0.4723,0.1885,-0.1887,-0.4431,2640.0
Anomalia,0.0271,0.1395,0.4064,-0.2971,0.1421,0.1844,-0.1078,2640.0
Anomalia,0.0196,0.114,0.3075,-0.2785,0.1156,-0.0063,-0.3387,2640.0
Anomalia,0.0186,0.0902,0.2172,-0.185,0.0921,0.2365,-0.5587,2640.0
Anomalia,0.0084,0.099,0.2145,-0.2881,0.0993,-0.2192,-0.0468,2640.0
Anomalia,0.009,0.104,0.2314,-0.2881,0.1044,-0.2826,-0.2533,3360.0
Anomalia,0.0072,0.1055,0.2314,-0.2881,0.1058,-0.1335,-0.3302,3120.0
Anomalia,0.0148,0.1092,0.2314,-0.2881,0.1102,-0.2425,-0.4796,2880.0
Anomalia,0.0163,0.1083,0.2314,-0.2284,0.1095,-0.1132,-0.8061,2640.0
Anomalia,0.0133,0.1176,0.2503,-0.2284,0.1184,-0.0577,-1.0208,2640.0
Anomalia,0.0108,0.1468,0.3206,-0.3309,0.1472,-0.2104,-0.7806,2880.0
Anomalia,0.0119,0.1474,0.3206,-0.3309,0.1479,-0.2194,-0.8062,2880.0
Anomalia,0.0179,0.1421,0.3206,-0.3309,0.1432,-0.2772,-0.5647,2880.0
Anomalia,0.0162,0.1419,0.3206,-0.3309,0.1428,-0.3023,-0.472,2880.0
Anomalia,0.019,0.1352,0.2747,-0.3198,0.1365,-0.2908,-0.5127,2400.0
Anomalia,0.0201,0.2147,0.5497,-0.6302,0.2156,-0.2119,0.4371,2640.0
Anomalia,0.0131,0.2524,0.5497,-0.6302,0.2527,-0.2204,-0.5031,2640.0
Anomalia,0.0139,0.2513,0.5497,-0.6302,0.2517,-0.2227,-0.4697,2640.0
Anomalia,0.0194,0.2529,0.5497,-0.6302,0.2536,-0.2075,-0.4636,2640.0
Anomalia,0.0155,0.2068,0.4439,-0.5034,0.2073,-0.1801,-0.5795,2640.0
Anomalia,0.0165,0.1692,0.3985,-0.3198,0.17,0.1364,-0.9386,2640.0
Anomalia,0.0127,0.1617,0.3985,-0.3198,0.1622,0.2079,-0.6785,2640.0
Anomalia,0.004,0.1519,0.33,-0.3198,0.152,0.047,-0.8389,2880.0
Anomalia,-0.005,0.1829,0.475,-0.5096,0.183,0.0035,0.0031,2880.0
Anomalia,0.0119,0.2378,0.5847,-0.5096,0.2381,0.1653,-0.3331,2640.0
Anomalia,0.021,0.2418,0.5847,-0.5096,0.2427,0.0641,-0.4901,2640.0
Anomalia,0.0222,0.2489,0.5847,-0.5096,0.2499,0.0485,-0.672,2880.0
Anomalia,0.0253,0.2458,0.5847,-0.4823,0.2471,0.0595,-0.7685,2880.0
Anomalia,0.011,0.1968,0.4437,-0.4345,0.1971,-0.0868,-0.8338,2640.0
Anomalia,-0.0015,0.1997,0.4437,-0.4345,0.1997,0.0141,-0.9329,2640.0
Anomalia,0.0154,0.2191,0.5526,-0.4345,0.2197,0.1379,-0.8017,2640.0
Anomalia,0.0219,0.2028,0.5526,-0.4037,0.204,0.191,-0.5511,2640.0
Anomalia,0.0194,0.212,0.5526,-0.4037,0.2129,0.2613,-0.5184,2880.0
Anomalia,0.0291,0.2634,0.5526,-0.5512,0.265,0.0404,-0.8752,2880.0
Anomalia,0.0101,0.2765,0.5409,-0.6607,0.2767,-0.054,-0.6499,2880.0
Anomalia,0.0061,0.2684,0.5409,-0.6607,0.2685,-0.0194,-0.5246,2640.0
Anomalia,0.0109,0.2526,0.5409,-0.6607,0.2528,-0.1076,-0.1242,2640.0
Anomalia,0.0093,0.1885,0.5409,-0.6607,0.1887,-0.2856,1.911,2640.0
Anomalia,0.02,0.1132,0.3148,-0.2382,0.1149,0.2263,-0.3041,2880.0
Anomalia,0.0172,0.1043,0.237,-0.2113,0.1057,-0.0473,-0.833,3120.0
Anomalia,0.0132,0.1236,0.2633,-0.2764,0.1243,-0.1311,-0.7896,3120.0
Anomalia,0.0197,0.1426,0.2969,-0.2764,0.144,-0.0472,-1.0928,2880.0
Anomalia,0.0129,0.1909,0.3832,-0.3876,0.1913,-0.0893,-0.9678,2880.0
Anomalia,0.0164,0.2119,0.4108,-0.3876,0.2125,-0.0504,-1.1531,2640.0
Anomalia,0.0209,0.2099,0.4108,-0.3876,0.2109,-0.0531,-1.1173,2640.0
Anomalia,0.0143,0.1967,0.4108,-0.3876,0.1972,-0.0206,-0.7504,2640.0
Anomalia,0.0139,0.1525,0.4108,-0.3486,0.1531,0.2271,-0.2227,2640.0
Anomalia,0.0061,0.1362,0.305,-0.3409,0.1363,-0.0232,-0.4583,2880.0
Anomalia,0.0071,0.1558,0.3901,-0.3409,0.156,-0.0292,-0.2945,2640.0
Anomalia,0.0131,0.1715,0.3901,-0.3409,0.172,0.0288,-0.7084,2640.0
Anomalia,0.0183,0.1795,0.3901,-0.3409,0.1804,-0.0526,-0.9746,2400.0
Anomalia,0.0267,0.2188,0.523,-0.5126,0.2204,-0.0324,-0.5558,2400.0
Anomalia,0.0141,0.2515,0.5672,-0.5126,0.2519,-0.0009,-0.6484,2640.0
Anomalia,0.0036,0.2552,0.5672,-0.5126,0.2552,0.0768,-0.7624,2640.0
Anomalia,0.0065,0.2542,0.5672,-0.5126,0.2542,0.0263,-0.7238,2640.0
Anomalia,0.0016,0.2239,0.5672,-0.4838,0.2239,-0.0166,-0.5311,2880.0
Anomalia,0.0162,0.1775,0.3655,-0.3843,0.1782,-0.1129,-0.9205,2880.0
Anomalia,0.028,0.1656,0.3655,-0.3843,0.1679,-0.2916,-0.5325,2880.0
Anomalia,0.0053,0.1829,0.3655,-0.3843,0.183,-0.1519,-0.8788,2880.0
Anomalia,0.0101,0.18,0.3359,-0.3705,0.1803,-0.1501,-1.024,2880.0
Anomalia,0.0109,0.1673,0.3229,-0.3705,0.1676,-0.2269,-0.8468,2640.0
Anomalia,-0.0002,0.1893,0.4166,-0.3757,0.1893,0.0128,-0.9396,2880.0
Anomalia,0.0238,0.196,0.4166,-0.3757,0.1975,0.01,-0.9996,2880.0
Anomalia,0.0185,0.1932,0.4166,-0.3757,0.194,0.0505,-0.9239,2880.0
Anomalia,0.008,0.1977,0.4166,-0.3757,0.1979,0.1162,-1.0474,2880.0
Anomalia,0.0172,0.1992,0.3874,-0.349,0.1999,0.0848,-1.1432,2880.0
Anomalia,0.0087,0.2018,0.3874,-0.3795,0.202,0.0256,-1.0917,2880.0
Anomalia,0.0207,0.1975,0.3874,-0.3795,0.1985,-0.0415,-0.9774,2880.0
Anomalia,0.0256,0.19,0.3874,-0.3795,0.1917,-0.055,-0.7676,2640.0
Anomalia,0.0124,0.1554,0.3571,-0.3795,0.1559,0.002,0.0364,2640.0
Anomalia,0.0119,0.1151,0.3571,-0.2658,0.1157,0.3106,0.2003,2640.0
Anomalia,0.0062,0.0981,0.2359,-0.2658,0.0983,0.2031,-0.0816,2640.0
Anomalia,0.0073,0.0988,0.2359,-0.2658,0.0991,0.1314,-0.2041,2640.0
Anomalia,0.0174,0.1183,0.3025,-0.2933,0.1196,-0.1195,-0.3194,3360.0
Anomalia,0.022,0.1366,0.3025,-0.2933,0.1384,-0.0794,-0.7544,2640.0
Anomalia,0.0164,0.1415,0.3025,-0.3284,0.1425,-0.252,-0.5818,2640.0
Anomalia,0.0186,0.1499,0.3025,-0.3365,0.151,-0.2882,-0.6441,2400.0
Anomalia,0.0105,0.1732,0.3192,-0.3991,0.1735,-0.2525,-0.8314,2400.0
Anomalia,0.0062,0.1859,0.3957,-0.3991,0.186,-0.0845,-0.8181,2400.0
Anomalia,0.012,0.2098,0.3957,-0.3991,0.2101,-0.0276,-1.1577,2640.0
Anomalia,0.0146,0.2133,0.3957,-0.3991,0.2138,-0.0215,-1.2364,2640.0
Anomalia,0.019,0.1845,0.3957,-0.3747,0.1855,0.0633,-0.7697,2640.0
Anomalia,0.0137,0.1671,0.3845,-0.3747,0.1676,-0.0215,-0.636,2880.0
Anomalia,0.0121,0.1618,0.3924,-0.3843,0.1623,0.0181,-0.4644,2880.0
Anomalia,0.0125,0.1612,0.3924,-0.3843,0.1617,-0.0518,-0.4172,2640.0
Anomalia,0.0057,0.1668,0.3924,-0.3843,0.1669,0.0294,-0.6631,2640.0
Anomalia,0.0213,0.1648,0.3924,-0.3843,0.1662,0.0196,-0.6147,2640.0
Anomalia,0.0143,0.1441,0.3002,-0.3659,0.1449,0.1173,-0.8997,2640.0
Anomalia,0.0027,0.1503,0.3094,-0.3054,0.1504,0.1899,-0.9261,2880.0
Anomalia,0.0182,0.1844,0.4825,-0.4141,0.1853,0.1317,-0.7372,2880.0
Anomalia,0.0068,0.2182,0.4825,-0.4364,0.2183,0.0501,-0.8974,2880.0
Anomalia,0.0232,0.2223,0.4825,-0.4364,0.2235,-0.1049,-0.9797,2880.0
Anomalia,0.0312,0.212,0.4825,-0.4364,0.2143,-0.1683,-0.7379,2880.0
Anomalia,0.0154,0.1906,0.4168,-0.4364,0.1913,-0.1532,-0.6632,2880.0
Anomalia,0.0161,0.1353,0.3071,-0.2652,0.1363,0.0542,-0.8334,2880.0
Anomalia,0.0006,0.1158,0.2193,-0.2652,0.1158,-0.0667,-0.8438,2880.0
Anomalia,-0.0003,0.1693,0.5092,-0.4045,0.1693,0.2409,0.5766,2640.0
Anomalia,0.0248,0.1998,0.5257,-0.4045,0.2014,0.3426,0.0332,2640.0
Anomalia,0.0206,0.2249,0.5257,-0.4045,0.2259,0.2049,-0.7469,2640.0
Anomalia,0.0205,0.2232,0.5257,-0.4045,0.2241,0.2268,-0.6862,2640.0
Anomalia,0.0177,0.1849,0.5257,-0.3382,0.1857,0.3717,-0.1627,2640.0
Anomalia,-0.0004,0.1359,0.3582,-0.3382,0.1359,-0.0399,0.0585,2880.0
Anomalia,0.0075,0.0894,0.2574,-0.2412,0.0897,0.0655,0.2662,2880.0
Anomalia,0.0181,0.0859,0.2574,-0.2412,0.0878,-0.1109,0.6504,2880.0
Anomalia,0.0162,0.0739,0.1969,-0.1375,0.0756,0.3976,-0.3386,2640.0
Anomalia,0.0228,0.0857,0.2001,-0.1754,0.0887,0.3129,-0.5761,2640.0
Anomalia,0.0189,0.1165,0.2806,-0.3017,0.118,-0.1718,-0.2654,2640.0
Anomalia,0.0093,0.1614,0.3732,-0.4101,0.1617,-0.0871,-0.4742,2640.0
Anomalia,0.0061,0.1978,0.3903,-0.4101,0.1979,-0.0931,-0.9603,2640.0
Anomalia,0.0094,0.2031,0.3903,-0.4101,0.2033,-0.098,-1.0442,2640.0
Anomalia,0.0174,0.1961,0.3903,-0.4101,0.1969,-0.1246,-0.8541,2640.0
Anomalia,0.0185,0.1718,0.3903,-0.3953,0.1728,-0.0533,-0.6018,2880.0
Anomalia,0.02,0.1368,0.2929,-0.252,0.1383,0.1333,-0.8892,2400.0
Anomalia,0.0154,0.1247,0.2929,-0.2226,0.1257,0.0845,-0.816,2640.0
Anomalia,-0.0002,0.1084,0.2929,-0.2226,0.1084,0.106,-0.4886,2640.0
Anomalia,0.0128,0.1323,0.3784,-0.2885,0.1329,0.3287,0.1995,2880.0
Anomalia,0.0209,0.1468,0.3784,-0.3398,0.1483,0.1967,0.0315,2880.0
Anomalia,0.017,0.1441,0.3784,-0.3398,0.1451,0.3086,0.238,2640.0
Anomalia,0.0225,0.1518,0.3784,-0.3398,0.1535,0.0955,-0.2118,2640.0
Anomalia,0.0105,0.1444,0.3459,-0.3398,0.1448,0.0057,-0.384,2880.0
Anomalia,0.0003,0.1196,0.3411,-0.2535,0.1196,0.0939,-0.0728,2640.0
Anomalia,0.0103,0.1228,0.3411,-0.2535,0.1233,-0.0198,-0.257,2640.0
Anomalia,0.0161,0.1184,0.3411,-0.2535,0.1195,0.01,-0.1477,2640.0
Anomalia,0.0171,0.0832,0.2015,-0.2109,0.0849,-0.0295,-0.1367,2640.0
Anomalia,0.0219,0.0771,0.2015,-0.1508,0.0802,0.1214,-0.3976,2640.0
Anomalia,0.0054,0.0713,0.1994,-0.1508,0.0715,0.0526,-0.5555,2640.0
Anomalia,0.0141,0.0663,0.1861,-0.1193,0.0678,0.1062,-0.5279,2640.0
Anomalia,0.0142,0.0724,0.1861,-0.1396,0.0738,0.1063,-0.6896,2640.0
Anomalia,0.0166,0.0745,0.1861,-0.1396,0.0763,0.1281,-0.7835,2640.0
Anomalia,0.0205,0.0833,0.1988,-0.1569,0.0858,-0.0338,-0.8122,2640.0
Anomalia,0.0099,0.0963,0.2151,-0.2989,0.0968,-0.1558,-0.3778,2640.0
Anomalia,0.0181,0.1739,0.5414,-0.4316,0.1748,0.3447,1.199,2640.0
Anomalia,0.0189,0.2808,0.6377,-0.7005,0.2815,-0.0224,0.0367,2640.0
Anomalia,0.0199,0.323,0.6377,-0.7005,0.3236,-0.0532,-0.7154,2640.0
Anomalia,0.0198,0.3302,0.6377,-0.7005,0.3308,-0.055,-0.8783,2640.0
Anomalia,0.012,0.3049,0.6377,-0.7005,0.3052,-0.0695,-0.481,2880.0
Anomalia,0.0052,0.2545,0.6075,-0.6071,0.2546,-0.0701,-0.6134,2880.0
Anomalia,0.0078,0.2093,0.4431,-0.529,0.2094,-0.1734,-0.6635,2880.0
Anomalia,0.0118,0.207,0.4431,-0.529,0.2074,-0.1763,-0.5907,2880.0
Anomalia,0.0131,0.2062,0.4431,-0.529,0.2066,-0.2013,-0.5465,2880.0
Anomalia,0.0193,0.1545,0.3271,-0.3521,0.1557,-0.1143,-0.9201,2880.0
Anomalia,0.017,0.1573,0.3307,-0.2954,0.1582,-0.0343,-1.1078,2880.0
Anomalia,0.0115,0.1483,0.3307,-0.2954,0.1487,-0.0527,-1.0602,2880.0
Anomalia,0.009,0.1445,0.3307,-0.2954,0.1447,-0.0041,-1.0434,2880.0
Anomalia,0.0045,0.1385,0.3307,-0.2954,0.1386,0.0381,-0.7917,2880.0
Anomalia,0.0155,0.1477,0.4014,-0.251,0.1485,0.2398,-0.6175,2640.0
Anomalia,0.0208,0.1526,0.4014,-0.2324,0.154,0.2395,-0.7993,2640.0
Anomalia,0.018,0.1538,0.4014,-0.2297,0.1548,0.2288,-0.8185,2880.0
Anomalia,0.0203,0.1766,0.4014,-0.3605,0.1777,0.0353,-1.1172,2880.0
Anomalia,0.0104,0.1715,0.3442,-0.3605,0.1718,0.0113,-1.1794,2880.0
Anomalia,0.0015,0.1828,0.3442,-0.3605,0.1828,0.0447,-1.2238,2640.0
Anomalia,0.0156,0.1814,0.3442,-0.3605,0.1821,-0.0253,-1.0991,2640.0
Anomalia,0.0148,0.1572,0.3442,-0.2973,0.1579,0.0979,-0.6641,2640.0
Anomalia,0.0173,0.131,0.3277,-0.2973,0.1321,0.0453,0.2284,2640.0
Anomalia,0.0117,0.1044,0.3071,-0.2416,0.1051,0.3621,0.362,3120.0
Anomalia,0.0049,0.1323,0.4314,-0.3438,0.1324,0.2253,0.9181,2640.0
Anomalia,0.0102,0.1839,0.4683,-0.3438,0.1842,0.208,-0.2987,2640.0
Anomalia,0.0124,0.1966,0.4683,-0.3438,0.1969,0.1541,-0.7241,2640.0
Anomalia,0.0252,0.1916,0.4683,-0.3438,0.1932,0.0192,-0.5709,2640.0
Anomalia,0.0096,0.1799,0.4683,-0.3428,0.1802,0.0472,-0.4416,2400.0
Anomalia,0.007,0.1745,0.3751,-0.4325,0.1747,-0.1709,-0.4986,2400.0
Anomalia,0.0089,0.2348,0.5802,-0.5359,0.235,0.0744,-0.3532,2640.0
Anomalia,0.0077,0.2913,0.5802,-0.5476,0.2914,0.0309,-0.9879,2640.0
Anomalia,0.0231,0.2861,0.5802,-0.5476,0.287,-0.0809,-0.8701,2640.0
Anomalia,0.02,0.2672,0.5802,-0.5476,0.268,-0.0297,-0.4832,2640.0
Anomalia,0.0135,0.2151,0.571,-0.5476,0.2156,-0.1161,0.2751,2640.0
Anomalia,0.0112,0.1429,0.3042,-0.305,0.1434,-0.086,-0.9064,2640.0
Anomalia,0.0041,0.1786,0.4542,-0.3953,0.1787,0.0154,-0.5387,2880.0
Anomalia,0.0031,0.172,0.4542,-0.3953,0.172,0.0266,-0.2657,2880.0
Anomalia,0.012,0.1594,0.4542,-0.3953,0.1598,-0.1089,0.4496,2640.0
Anomalia,0.0137,0.1478,0.4542,-0.3953,0.1484,-0.1053,1.0512,3360.0
Anomalia,0.0172,0.0861,0.2393,-0.1955,0.0878,-0.1226,-0.4385,2880.0
Anomalia,0.0186,0.0886,0.2393,-0.1884,0.0905,-0.0968,-0.4646,2880.0
Anomalia,-0.0005,0.0906,0.2393,-0.1884,0.0906,0.1892,-0.538,2880.0
Anomalia,0.0026,0.111,0.3161,-0.2725,0.1111,0.3059,0.2465,2880.0
Anomalia,0.0097,0.1712,0.4517,-0.3772,0.1715,0.2405,-0.0634,2640.0
Anomalia,0.0163,0.169,0.4517,-0.3772,0.1697,0.1723,0.0342,2640.0
Anomalia,0.0238,0.2178,0.5119,-0.5914,0.2191,-0.1808,-0.1771,2880.0
Anomalia,0.0253,0.2833,0.5998,-0.5914,0.2844,-0.1194,-0.5624,2880.0
Anomalia,0.012,0.2818,0.5998,-0.5914,0.282,-0.1441,-0.4468,2640.0
Anomalia,0.0015,0.2842,0.5998,-0.5914,0.2842,-0.037,-0.5358,2640.0
Anomalia,0.0112,0.2593,0.5998,-0.5822,0.2595,-0.0421,-0.1789,2880.0
Anomalia,0.0111,0.2098,0.5134,-0.5361,0.2101,-0.0141,-0.4035,2880.0
Anomalia,0.0196,0.1715,0.5134,-0.3561,0.1727,0.3697,-0.0951,2880.0
Anomalia,0.0188,0.1712,0.5134,-0.3561,0.1723,0.3423,-0.0923,2880.0
Anomalia,0.0082,0.1633,0.5134,-0.3561,0.1635,0.3774,0.1915,2880.0
Anomalia,-0.0037,0.1269,0.2687,-0.2526,0.1269,0.0581,-1.1041,2880.0
Anomalia,0.0069,0.1328,0.2695,-0.2526,0.133,0.06,-1.0606,2880.0
Anomalia,0.0133,0.1222,0.2695,-0.2526,0.1229,0.068,-0.68,2640.0
Anomalia,0.0088,0.1182,0.2695,-0.2526,0.1185,0.0162,-0.5442,2880.0
Anomalia,0.0197,0.1101,0.2695,-0.2188,0.1119,-0.0023,-0.5965,3360.0
Anomalia,0.0076,0.1276,0.3864,-0.3444,0.1279,0.0477,0.2491,2640.0
Anomalia,0.0036,0.201,0.5904,-0.4681,0.201,0.1118,0.2002,2640.0
Anomalia,0.0201,0.2182,0.5904,-0.4681,0.2191,0.0467,-0.3926,2640.0
Anomalia,0.0121,0.2137,0.5904,-0.4681,0.214,0.1524,-0.1926,2640.0
Anomalia,0.0137,0.2079,0.5904,-0.4681,0.2084,0.1146,-0.0599,2640.0
Anomalia,0.0203,0.1695,0.4139,-0.3282,0.1707,0.0804,-0.7653,2400.0
Anomalia,0.0055,0.2056,0.4656,-0.4838,0.2057,-0.0816,-0.4603,2640.0
Anomalia,0.0136,0.2139,0.4656,-0.4838,0.2143,-0.136,-0.7275,2640.0
Anomalia,0.0123,0.2135,0.4656,-0.4838,0.2139,-0.1208,-0.7694,2880.0
Anomalia,0.0071,0.2067,0.4656,-0.4838,0.2068,-0.0769,-0.6338,2880.0
Anomalia,0.0189,0.1505,0.3023,-0.2996,0.1516,-0.0995,-1.1699,2880.0
Anomalia,0.0064,0.1837,0.5003,-0.543,0.1839,-0.2102,-0.1947,2880.0
Anomalia,0.0059,0.2309,0.5825,-0.543,0.231,0.0148,-0.3127,2880.0
Anomalia,0.0109,0.2293,0.5825,-0.543,0.2296,0.0217,-0.256,2880.0
Anomalia,0.0029,0.2357,0.5825,-0.543,0.2357,0.1033,-0.4288,2880.0
Anomalia,0.0181,0.2181,0.5825,-0.5209,0.2189,0.1028,-0.383,2880.0
Anomalia,0.0187,0.1704,0.3503,-0.3117,0.1714,0.1598,-1.0143,2880.0
Anomalia,0.0148,0.1695,0.3503,-0.3117,0.1702,0.1084,-0.917,2640.0
Anomalia,0.012,0.1903,0.3636,-0.4151,0.1907,0.018,-0.9592,2640.0
Anomalia,0.0029,0.2172,0.435,-0.4446,0.2172,0.023,-0.9767,2640.0
Anomalia,0.0132,0.2146,0.435,-0.4446,0.215,-0.0913,-0.9168,2640.0
Anomalia,0.0167,0.2032,0.435,-0.4446,0.2039,-0.1407,-0.6021,2640.0
Anomalia,0.0174,0.1758,0.435,-0.4446,0.1767,-0.0837,-0.0224,2640.0
Anomalia,0.02,0.1389,0.3279,-0.2487,0.1403,0.1638,-0.7133,2880.0
Anomalia,0.0044,0.1346,0.3279,-0.2487,0.1347,0.1948,-0.6831,2880.0
Anomalia,0.0048,0.1344,0.3279,-0.2487,0.1345,0.1478,-0.7092,2880.0
Anomalia,0.0113,0.1325,0.3279,-0.2487,0.133,0.0516,-0.7882,2880.0
Anomalia,0.0121,0.119,0.2858,-0.2082,0.1197,0.1021,-0.8919,2880.0
Anomalia,0.0226,0.1058,0.2858,-0.2082,0.1082,0.0035,-0.5185,2880.0
Anomalia,0.0133,0.1024,0.2858,-0.2082,0.1032,0.2228,-0.257,2880.0
Anomalia,0.0035,0.0985,0.2858,-0.2178,0.0986,0.1408,-0.0353,2400.0
Anomalia,0.0124,0.134,0.4341,-0.2898,0.1346,0.7073,1.1975,2400.0
Anomalia,0.0081,0.1791,0.4615,-0.3494,0.1793,0.587,0.0478,2640.0
Anomalia,0.0153,0.1806,0.4615,-0.3494,0.1812,0.472,-0.1212,2640.0
Anomalia,0.0228,0.1753,0.4615,-0.3494,0.1768,0.4328,0.082,2640.0
Anomalia,0.0083,0.1411,0.4615,-0.3494,0.1414,0.4984,1.597,2400.0
Anomalia,0.0056,0.0914,0.2232,-0.1963,0.0915,-0.0548,-0.807,2880.0
Anomalia,0.0126,0.0878,0.2232,-0.1963,0.0887,-0.2317,-0.62,2640.0
Anomalia,0.0117,0.0877,0.2232,-0.1963,0.0885,-0.1202,-0.6478,2880.0
Anomalia,0.0184,0.0883,0.2232,-0.1963,0.0902,-0.0782,-0.576,2880.0
Anomalia,0.014,0.1043,0.266,-0.2971,0.1052,-0.3509,0.2274,2880.0
Anomalia,0.0008,0.1648,0.4677,-0.5286,0.1648,-0.3505,0.8471,2880.0
Anomalia,0.0044,0.1993,0.4706,-0.5286,0.1993,-0.0703,-0.2368,2880.0
Anomalia,0.0036,0.2008,0.4706,-0.5286,0.2009,-0.0642,-0.308,2880.0
Anomalia,0.0118,0.2063,0.4706,-0.5286,0.2066,-0.0715,-0.4116,2880.0
Anomalia,0.0222,0.1937,0.4706,-0.3841,0.195,0.0166,-0.7984,2880.0
Anomalia,0.0174,0.1857,0.378,-0.3682,0.1866,-0.0695,-0.9625,2880.0
Anomalia,0.014,0.197,0.378,-0.3682,0.1975,-0.0208,-1.1583,2880.0
Anomalia,0.0087,0.1898,0.3405,-0.3682,0.19,0.0327,-1.1091,2880.0
Anomalia,0.0002,0.1792,0.3315,-0.3555,0.1792,0.1266,-1.0485,2880.0
Anomalia,0.0166,0.2302,0.5766,-0.4877,0.2308,0.2541,-0.3842,2880.0
Anomalia,0.0206,0.2427,0.5766,-0.4877,0.2436,0.1761,-0.5336,2880.0
Anomalia,0.026,0.2382,0.5766,-0.4877,0.2396,0.1207,-0.4059,2640.0
Anomalia,0.0285,0.2351,0.5766,-0.4877,0.2368,0.1249,-0.3471,2880.0
Anomalia,0.0024,0.1744,0.4756,-0.4871,0.1744,0.0692,-0.422,2880.0
Anomalia,0.0016,0.1604,0.3263,-0.2935,0.1604,0.0687,-1.1604,2880.0
Anomalia,-0.0002,0.1556,0.3263,-0.2935,0.1556,0.0338,-1.0393,2880.0
Anomalia,0.0086,0.1491,0.3263,-0.2935,0.1494,-0.036,-1.0151,2880.0
Anomalia,0.0222,0.1492,0.3263,-0.2935,0.1509,0.0043,-1.0615,2880.0
Anomalia,0.019,0.1268,0.2768,-0.2063,0.1283,0.0543,-1.0805,2880.0
Anomalia,0.0046,0.1371,0.2768,-0.2852,0.1372,0.0835,-1.0471,2640.0
Anomalia,0.0026,0.1638,0.4577,-0.2937,0.1639,0.375,-0.4565,2640.0
Anomalia,0.0025,0.1505,0.4577,-0.2937,0.1505,0.3526,0.1437,2640.0
Anomalia,0.0088,0.1571,0.4577,-0.2937,0.1573,0.2865,-0.2651,2640.0
Anomalia,0.0257,0.1581,0.4577,-0.2937,0.1602,0.1275,-0.4083,2640.0
Anomalia,0.0157,0.1201,0.2581,-0.277,0.1211,-0.1471,-0.6348,2640.0
Anomalia,0.0117,0.1269,0.2581,-0.277,0.1274,-0.1252,-0.6689,2880.0
Anomalia,-0.0004,0.1668,0.3703,-0.373,0.1668,-0.2083,-0.4568,2880.0
Anomalia,0.0082,0.1969,0.4581,-0.373,0.1971,0.0417,-0.5803,2640.0
Anomalia,0.0143,0.2146,0.4581,-0.373,0.2151,0.048,-0.9932,2640.0
Anomalia,0.0144,0.2078,0.4581,-0.373,0.2083,0.0737,-0.8014,2640.0
Anomalia,0.017,0.1742,0.4581,-0.3542,0.1751,0.36,-0.1591,2640.0
Anomalia,0.0064,0.125,0.3534,-0.2514,0.1251,0.4743,0.5311,2880.0
Anomalia,0.0096,0.0958,0.2382,-0.2147,0.0963,0.1939,-0.2182,3360.0
Anomalia,0.0102,0.1021,0.2382,-0.2147,0.1026,0.2244,-0.5963,2880.0
Anomalia,0.0186,0.098,0.2382,-0.2775,0.0997,0.0608,-0.5482,2880.0
Anomalia,0.0131,0.1521,0.4268,-0.3841,0.1527,-0.1246,0.1891,2880.0
Anomalia,0.0156,0.1596,0.4268,-0.3841,0.1604,-0.1484,-0.1271,2880.0
Anomalia,0.0069,0.1913,0.4268,-0.3841,0.1915,-0.164,-0.7555,2880.0
Anomalia,0.009,0.193,0.4268,-0.3841,0.1932,-0.1807,-0.8144,2880.0
Anomalia,0.0124,0.1633,0.3413,-0.378,0.1638,-0.2852,-0.6134,2880.0
Anomalia,0.0092,0.1598,0.3413,-0.378,0.1601,-0.2943,-0.5757,2880.0
Anomalia,0.0246,0.1551,0.4108,-0.2994,0.1571,0.0084,-0.7156,2880.0
Anomalia,0.0101,0.1581,0.4108,-0.2994,0.1584,0.1918,-0.7985,2880.0
Anomalia,0.0057,0.155,0.4108,-0.2994,0.1551,0.2197,-0.6939,2640.0
Anomalia,0.0124,0.1756,0.4108,-0.345,0.1761,0.1937,-0.7531,2640.0
Anomalia,0.0012,0.1966,0.4533,-0.4141,0.1966,-0.0406,-0.5462,2640.0
Anomalia,0.0141,0.1969,0.4533,-0.4141,0.1974,-0.1727,-0.5353,2640.0
Anomalia,0.0246,0.1903,0.4533,-0.4141,0.1919,-0.2909,-0.1926,2640.0
Anomalia,0.0101,0.1817,0.4533,-0.4141,0.182,-0.2102,-0.1079,2880.0
Anomalia,0.0056,0.1521,0.3292,-0.3628,0.1522,-0.1291,-0.4969,2880.0
Anomalia,0.0051,0.1823,0.4199,-0.3628,0.1823,0.0523,-0.7004,2640.0
Anomalia,0.0024,0.1827,0.4199,-0.3628,0.1827,0.0815,-0.7249,2640.0
Anomalia,0.0149,0.1807,0.4199,-0.3628,0.1813,-0.0031,-0.7845,2880.0
Anomalia,0.0218,0.1722,0.4199,-0.3463,0.1736,0.0061,-0.7465,2880.0
Anomalia,0.0135,0.1585,0.4137,-0.3413,0.1591,-0.0768,-0.7452,2640.0
Anomalia,0.003,0.2108,0.44,-0.4172,0.2108,-0.0077,-0.9207,2640.0
Anomalia,-0.0018,0.2525,0.49,-0.4629,0.2526,0.0664,-1.0421,2640.0
Anomalia,0.0136,0.2589,0.49,-0.4629,0.2592,0.0638,-1.025,2640.0
Anomalia,0.0125,0.2552,0.49,-0.4629,0.2555,0.051,-0.9349,2640.0
Anomalia,0.0188,0.2456,0.49,-0.4629,0.2463,0.0262,-0.909,2880.0
Anomalia,0.0151,0.2183,0.4829,-0.401,0.2189,0.0368,-0.9763,2880.0
Anomalia,0.0011,0.2109,0.3989,-0.401,0.2109,-0.0418,-1.1712,2880.0
Anomalia,0.0132,0.2124,0.3989,-0.401,0.2128,-0.0562,-1.2504,2880.0
Anomalia,0.0182,0.1947,0.3411,-0.3701,0.1956,-0.015,-1.2584,2640.0
Anomalia,0.0145,0.1874,0.3649,-0.3432,0.1879,0.0895,-1.25,2640.0
Anomalia,0.0191,0.1766,0.3649,-0.3432,0.1776,0.0499,-1.04,2640.0
Anomalia,0.0083,0.1713,0.3649,-0.3432,0.1715,0.0241,-0.9788,2640.0
Anomalia,-0.0059,0.1668,0.3649,-0.3584,0.1669,-0.1665,-0.8632,2640.0
Anomalia,0.0122,0.1571,0.3115,-0.3584,0.1576,-0.2837,-0.8184,2880.0
Anomalia,0.0071,0.1491,0.3115,-0.3584,0.1492,-0.2234,-0.4822,2400.0
Anomalia,0.0187,0.15,0.3319,-0.3584,0.1512,-0.144,-0.4472,2880.0
Anomalia,0.0328,0.1722,0.3763,-0.3713,0.1753,-0.0465,-0.6041,2400.0
Anomalia,0.005,0.165,0.3763,-0.3713,0.1651,0.1378,-0.2951,2640.0
Anomalia,0.012,0.1738,0.3763,-0.3713,0.1742,0.0435,-0.6987,2640.0
Anomalia,0.0043,0.183,0.3763,-0.3713,0.1831,0.0556,-0.7599,2640.0
Anomalia,0.0014,0.1546,0.372,-0.348,0.1546,0.0691,-0.7256,2640.0
Anomalia,0.0197,0.1566,0.372,-0.348,0.1579,-0.1057,-0.7872,2640.0
Anomalia,0.0222,0.1639,0.372,-0.348,0.1654,-0.1135,-0.9755,2640.0
Anomalia,0.0096,0.1603,0.2956,-0.3081,0.1606,-0.0785,-1.1493,2640.0
Anomalia,0.0039,0.1552,0.2956,-0.3081,0.1552,-0.0484,-1.0576,2640.0
Anomalia,-0.0008,0.1408,0.2956,-0.3081,0.1408,0.0016,-0.7225,2640.0
Anomalia,-0.0057,0.1298,0.2956,-0.3081,0.13,0.0529,-0.2945,2880.0
Anomalia,0.0148,0.1238,0.282,-0.3019,0.1246,0.1837,-0.2768,2880.0
Anomalia,0.0284,0.1227,0.282,-0.3019,0.1259,0.1299,-0.4186,2640.0
Anomalia,0.0186,0.1316,0.282,-0.3019,0.1329,0.1473,-0.7685,2640.0
Anomalia,0.0028,0.1617,0.2881,-0.4781,0.1618,-0.3311,-0.2692,2640.0
Anomalia,0.0059,0.191,0.4696,-0.4781,0.1911,-0.0628,-0.1877,2640.0
Anomalia,-0.0053,0.1899,0.4696,-0.4781,0.19,0.0426,-0.1579,2640.0
Anomalia,0.0192,0.205,0.4696,-0.4781,0.2059,-0.1162,-0.5824,2880.0
Anomalia,0.0306,0.185,0.4696,-0.4537,0.1875,0.0642,-0.458,2880.0
Anomalia,0.0131,0.1516,0.3772,-0.2612,0.1521,0.1205,-0.932,2880.0
Anomalia,0.0143,0.1757,0.3818,-0.388,0.1763,0.0067,-0.872,2880.0
Anomalia,0.0036,0.1777,0.3866,-0.388,0.1778,0.0227,-0.8555,2880.0
Anomalia,0.0006,0.1756,0.3866,-0.388,0.1756,0.0498,-0.8525,2880.0
Anomalia,0.0173,0.187,0.3866,-0.388,0.1878,-0.1008,-0.9169,2880.0
Anomalia,0.0177,0.2077,0.4448,-0.4195,0.2085,-0.1273,-0.7747,2880.0
Anomalia,0.0122,0.2142,0.4448,-0.4195,0.2145,-0.1013,-0.8304,2880.0
Anomalia,0.0194,0.2201,0.4448,-0.4195,0.221,-0.158,-0.9142,2880.0
Anomalia,0.0017,0.2054,0.4448,-0.4195,0.2054,0.0319,-0.6213,2880.0
Anomalia,0.0081,0.1859,0.4085,-0.3968,0.1861,0.046,-0.8458,2640.0
Anomalia,0.0148,0.1717,0.3609,-0.3127,0.1723,0.0332,-0.962,2640.0
Anomalia,0.012,0.1667,0.3609,-0.3127,0.1672,0.0545,-1.0144,2640.0
Anomalia,0.02,0.1839,0.3609,-0.3546,0.185,-0.0656,-1.1875,2880.0
Anomalia,0.0157,0.1882,0.4333,-0.3546,0.1889,0.0036,-1.0756,2880.0
Anomalia,0.0093,0.2172,0.5422,-0.3828,0.2174,0.1301,-0.8875,2880.0
Anomalia,0.0083,0.2453,0.5422,-0.3903,0.2455,0.1348,-1.1807,2640.0
Anomalia,0.0097,0.2436,0.5422,-0.3903,0.2438,0.1337,-1.1723,2640.0
Anomalia,0.0084,0.2169,0.5422,-0.3903,0.217,0.1702,-0.6634,2640.0
Anomalia,0.0105,0.2191,0.4285,-0.5096,0.2194,-0.1038,-0.6496,2400.0
Anomalia,0.0147,0.242,0.5036,-0.5096,0.2424,-0.1701,-0.5214,2640.0
Anomalia,0.0125,0.2691,0.5207,-0.5096,0.2694,-0.1139,-0.8648,2640.0
Anomalia,0.0117,0.2834,0.5207,-0.5096,0.2836,-0.1181,-1.1506,2640.0
Anomalia,0.0166,0.2608,0.5207,-0.5053,0.2613,-0.0926,-0.9589,2880.0
Anomalia,0.0177,0.215,0.5207,-0.4604,0.2157,-0.0815,-0.7788,2880.0
Anomalia,0.0057,0.1772,0.3476,-0.3941,0.1773,-0.0517,-1.049,2640.0
Anomalia,0.0096,0.1606,0.3476,-0.2866,0.1609,0.0082,-1.0581,2640.0
Anomalia,0.002,0.1504,0.3476,-0.2866,0.1504,0.0483,-0.9373,2640.0
Anomalia,0.0032,0.1444,0.2599,-0.2866,0.1444,-0.0518,-1.1138,2640.0
Anomalia,0.0225,0.1269,0.2599,-0.2238,0.1289,-0.0225,-1.1438,2880.0
Anomalia,0.0151,0.1234,0.2599,-0.2238,0.1243,0.0575,-1.02,2880.0
Anomalia,0.0077,0.1256,0.2541,-0.3125,0.1258,-0.044,-0.6786,2640.0
Anomalia,0.0125,0.1224,0.2541,-0.3125,0.123,-0.0956,-0.5785,2640.0
Anomalia,0.0013,0.1509,0.3167,-0.3876,0.1509,-0.1516,-0.5042,2640.0
Anomalia,0.0159,0.1461,0.3167,-0.3876,0.147,-0.3933,-0.1821,2640.0
Anomalia,0.0267,0.1296,0.3167,-0.3876,0.1323,-0.5338,0.6848,2880.0
Anomalia,0.0097,0.1247,0.3167,-0.3876,0.1251,-0.3986,0.81,2880.0
Anomalia,0.0201,0.1223,0.4391,-0.3413,0.1239,0.0777,1.4194,2880.0
Anomalia,0.0033,0.1592,0.4391,-0.431,0.1592,0.1267,0.6159,2880.0
Anomalia,0.0013,0.1623,0.4391,-0.431,0.1623,0.1622,0.3877,2640.0
Anomalia,0.0216,0.1707,0.4391,-0.431,0.172,-0.1008,-0.0252,2640.0
Anomalia,0.0143,0.1648,0.4377,-0.431,0.1654,-0.092,-0.2655,2640.0
Anomalia,0.0194,0.1683,0.358,-0.33,0.1694,-0.1152,-0.8703,2640.0
Anomalia,0.0192,0.2047,0.4573,-0.4744,0.2056,-0.1634,-0.9359,2880.0
Anomalia,-0.0019,0.2276,0.4694,-0.5449,0.2276,-0.0457,-0.8994,2880.0
Anomalia,0.0087,0.2203,0.4694,-0.5449,0.2205,-0.133,-0.6439,2880.0
Anomalia,0.009,0.2224,0.4694,-0.5449,0.2226,-0.1487,-0.6285,2880.0
Anomalia,0.0068,0.2151,0.4694,-0.5449,0.2152,-0.0952,-0.74,2880.0
Anomalia,0.023,0.2016,0.406,-0.3999,0.2029,-0.0107,-1.066,2640.0
Anomalia,0.0094,0.2333,0.406,-0.4867,0.2335,-0.0843,-1.2173,2640.0
Anomalia,0.0078,0.2165,0.406,-0.4867,0.2166,-0.0988,-1.0077,2640.0
Anomalia,0.0141,0.1898,0.406,-0.4867,0.1903,-0.2292,-0.3293,2640.0
Anomalia,0.003,0.1662,0.3588,-0.4867,0.1662,-0.3931,0.4902,2880.0
Anomalia,0.0237,0.1251,0.3549,-0.3338,0.1274,0.0931,0.2042,2880.0
Anomalia,0.0209,0.1208,0.3549,-0.2499,0.1226,0.2962,-0.2174,2880.0
Anomalia,0.0071,0.1567,0.3549,-0.3361,0.1569,0.0025,-0.6016,2640.0
Anomalia,0.0103,0.1675,0.3549,-0.3361,0.1679,0.0356,-0.8932,2640.0
Anomalia,-0.0066,0.1554,0.3309,-0.3361,0.1555,0.0373,-0.7347,2880.0
Anomalia,0.0012,0.1639,0.3309,-0.3361,0.1639,0.0588,-0.7739,2880.0
Anomalia,0.0224,0.1419,0.3296,-0.2831,0.1437,0.1797,-0.8151,2880.0
Anomalia,0.0152,0.1431,0.3296,-0.2831,0.144,0.0934,-0.9139,2880.0
Anomalia,0.017,0.1791,0.3901,-0.4062,0.1799,-0.05,-0.8017,2880.0
Anomalia,0.0182,0.2065,0.4281,-0.5134,0.2073,-0.1185,-0.7462,2880.0
Anomalia,0.0011,0.2678,0.4692,-0.5793,0.2678,-0.1715,-0.8995,2640.0
Anomalia,0.0151,0.2807,0.4692,-0.5793,0.2811,-0.1864,-1.0456,2640.0
Anomalia,0.0172,0.267,0.4692,-0.5793,0.2676,-0.2186,-0.8323,2640.0
Anomalia,0.0148,0.2374,0.4692,-0.5793,0.2379,-0.2498,-0.2263,2640.0
Anomalia,0.0164,0.1572,0.4592,-0.306,0.1581,0.3715,-0.1881,2400.0
Anomalia,0.0043,0.1737,0.4777,-0.4683,0.1738,-0.1313,0.1053,2880.0
Anomalia,0.0116,0.2224,0.5096,-0.4867,0.2227,0.0926,-0.2323,2880.0
Anomalia,0.0139,0.2752,0.6044,-0.5453,0.2755,0.0573,-0.8209,2880.0
Anomalia,0.0186,0.2779,0.6044,-0.5453,0.2785,-0.0072,-0.883,2880.0
Anomalia,0.0247,0.2566,0.6044,-0.5453,0.2578,0.0164,-0.5956,2880.0
Anomalia,0.0118,0.2349,0.6044,-0.5453,0.2352,-0.0153,-0.3908,2880.0
Anomalia,0.0074,0.1775,0.3962,-0.4604,0.1776,-0.1242,-0.5296,2880.0
Anomalia,0.0068,0.1729,0.3962,-0.4604,0.173,-0.0643,-0.3991,2880.0
Anomalia,0.0057,0.1751,0.3962,-0.4604,0.1752,-0.053,-0.4455,2880.0
Anomalia,0.0118,0.1297,0.2989,-0.338,0.1302,-0.1033,-0.3666,2880.0
Anomalia,0.0193,0.1219,0.2989,-0.2443,0.1235,-0.1057,-0.6435,2880.0
Anomalia,0.0123,0.1405,0.2989,-0.3033,0.141,-0.1431,-0.8748,2880.0
Anomalia,0.0212,0.1206,0.2643,-0.3033,0.1224,-0.3988,-0.3788,2880.0
Anomalia,0.0063,0.1401,0.2643,-0.306,0.1403,-0.2996,-0.8152,2880.0
Anomalia,-0.0032,0.193,0.5407,-0.4819,0.193,-0.0432,-0.0662,2400.0
Anomalia,0.0193,0.2378,0.5407,-0.4819,0.2386,0.0175,-0.4834,2640.0
Anomalia,0.0037,0.2592,0.5407,-0.4819,0.2593,0.0894,-0.8511,2640.0
Anomalia,0.0214,0.2518,0.5407,-0.4819,0.2527,-0.0517,-0.6555,2640.0
Anomalia,0.0237,0.2285,0.5163,-0.4539,0.2298,-0.0217,-0.5179,2880.0
Anomalia,0.0014,0.1932,0.422,-0.4539,0.1932,-0.1505,-0.6723,2880.0
Anomalia,0.0101,0.1751,0.3711,-0.3413,0.1754,-0.1059,-0.953,2640.0
Anomalia,0.0106,0.1844,0.3711,-0.3413,0.1847,-0.0651,-1.1515,2880.0
Anomalia,0.0073,0.1807,0.3161,-0.3413,0.1809,-0.0442,-1.2285,2880.0
Anomalia,0.0137,0.1655,0.3161,-0.3088,0.166,-0.0559,-1.1307,2640.0
Anomalia,0.009,0.1729,0.3161,-0.3476,0.1732,-0.1086,-1.1409,2640.0
Anomalia,0.0077,0.1981,0.4802,-0.3476,0.1982,0.1033,-1.0335,2640.0
Anomalia,0.0064,0.214,0.4802,-0.4055,0.2141,0.0773,-0.963,2640.0
Anomalia,0.0087,0.2032,0.4802,-0.4055,0.2034,0.0987,-0.6562,2640.0
Anomalia,0.0177,0.1868,0.4802,-0.4055,0.1877,0.0901,-0.1439,2640.0
Anomalia,0.0058,0.1509,0.4373,-0.4055,0.1511,-0.0791,0.7189,2880.0
Anomalia,0.0097,0.1117,0.2668,-0.2426,0.1121,-0.1262,-0.4989,2640.0
Anomalia,0.0147,0.145,0.3217,-0.2631,0.1457,-0.0012,-0.8632,2640.0
Anomalia,0.0028,0.1467,0.3217,-0.2631,0.1468,0.126,-0.8697,2640.0
Anomalia,0.0167,0.1502,0.3217,-0.2631,0.1511,0.0024,-0.984,2640.0
Anomalia,0.0138,0.1445,0.3217,-0.2662,0.1452,0.006,-0.8759,2880.0
Anomalia,0.003,0.1245,0.2566,-0.2662,0.1245,-0.1549,-0.8826,2640.0
Anomalia,0.01,0.1392,0.2837,-0.2662,0.1396,-0.1206,-1.0845,2640.0
Anomalia,0.0044,0.1395,0.2837,-0.2662,0.1396,-0.0467,-1.0753,2880.0
Anomalia,0.0115,0.1467,0.2837,-0.2589,0.1472,-0.0283,-1.1721,2880.0
Anomalia,0.0223,0.1378,0.2837,-0.2589,0.1396,-0.0972,-1.0399,2880.0
Anomalia,0.0103,0.1345,0.2775,-0.2589,0.1349,-0.0465,-1.0179,2880.0
Anomalia,0.0083,0.1272,0.2775,-0.2589,0.1275,-0.0775,-0.9446,2880.0
Anomalia,0.0083,0.1246,0.2537,-0.2355,0.1249,-0.1,-1.0054,2880.0
Anomalia,-0.0091,0.1415,0.2537,-0.304,0.1418,-0.0203,-1.1054,2880.0
Anomalia,0.0106,0.1613,0.348,-0.304,0.1616,0.1136,-0.93,2880.0
Anomalia,0.0142,0.1611,0.348,-0.304,0.1617,0.087,-0.9162,2880.0
Anomalia,0.0124,0.1468,0.348,-0.304,0.1474,0.1304,-0.3625,2880.0
Anomalia,0.0288,0.1272,0.348,-0.2639,0.1304,0.2661,0.2326,2880.0
Anomalia,0.0037,0.0966,0.2297,-0.2566,0.0967,-0.2457,-0.1751,2400.0
Anomalia,0.0005,0.1082,0.2416,-0.2566,0.1082,-0.1724,-0.4508,2640.0
Anomalia,0.0101,0.1274,0.2691,-0.2566,0.1278,0.0289,-0.7248,2640.0
Anomalia,0.009,0.1777,0.4446,-0.3801,0.1779,0.1975,-0.46,2640.0
Anomalia,0.0199,0.1853,0.4446,-0.3801,0.1864,0.0684,-0.7158,2640.0
Anomalia,0.0231,0.1765,0.4446,-0.3801,0.178,0.0595,-0.3872,2640.0
Anomalia,0.002,0.1818,0.4446,-0.3801,0.1818,0.1441,-0.4561,2880.0
Anomalia,-0.0081,0.1769,0.3834,-0.4131,0.177,-0.0681,-0.5517,2880.0
Anomalia,0.007,0.1878,0.3834,-0.4131,0.188,-0.1393,-0.6059,2640.0
Anomalia,0.0064,0.1975,0.3834,-0.4131,0.1976,-0.0848,-0.924,2640.0
Anomalia,0.0222,0.1891,0.3834,-0.4131,0.1904,-0.2184,-0.7317,2400.0
Anomalia,0.0235,0.1515,0.3784,-0.3511,0.1534,-0.0252,-0.7242,2400.0
Anomalia,0.0086,0.1227,0.2533,-0.2094,0.123,0.0449,-1.1131,2640.0
Anomalia,-0.0013,0.1272,0.2656,-0.2896,0.1272,-0.0887,-0.8944,2640.0
Anomalia,0.0008,0.1328,0.2852,-0.2896,0.1328,0.0502,-0.6995,2640.0
Anomalia,0.0106,0.1295,0.2852,-0.2896,0.1299,-0.014,-0.459,2640.0
Anomalia,0.0145,0.1598,0.3743,-0.359,0.1605,-0.0965,-0.6322,2880.0
Anomalia,0.0226,0.1887,0.3743,-0.4679,0.1901,-0.2574,-0.4002,2880.0
Anomalia,0.0169,0.1975,0.3743,-0.4679,0.1982,-0.195,-0.6238,2640.0
Anomalia,0.0095,0.2149,0.3743,-0.4679,0.2151,-0.1507,-1.0492,2640.0
Anomalia,0.0108,0.2265,0.4813,-0.4679,0.2268,-0.0435,-1.0502,2640.0
Anomalia,0.0105,0.1949,0.4813,-0.3722,0.1951,0.0378,-0.7631,2640.0
Anomalia,0.0117,0.1885,0.4813,-0.3722,0.1889,-0.0062,-0.6676,2880.0
Anomalia,0.0088,0.2012,0.4813,-0.4704,0.2013,-0.0397,-0.7035,2880.0
Anomalia,0.006,0.2274,0.5774,-0.5232,0.2274,-0.1267,-0.3692,2880.0
Anomalia,0.0007,0.2543,0.5774,-0.5232,0.2543,-0.0463,-0.9738,2880.0
Anomalia,0.0088,0.2562,0.5774,-0.5232,0.2564,-0.0608,-0.9823,2880.0
Anomalia,0.0136,0.233,0.5774,-0.5232,0.2334,-0.0503,-0.5179,2880.0
Anomalia,0.0216,0.1865,0.3813,-0.3645,0.1877,-0.0478,-0.8535,2880.0
Anomalia,0.0277,0.1503,0.3813,-0.2989,0.1528,0.1028,-0.8219,2880.0
Anomalia,0.0099,0.1655,0.368,-0.3334,0.1658,-0.0241,-0.8932,2880.0
Anomalia,0.0128,0.2116,0.4725,-0.5057,0.212,-0.0928,-0.8003,2640.0
Anomalia,0.0081,0.2326,0.4725,-0.5057,0.2327,-0.016,-0.9288,2640.0
Anomalia,0.0107,0.239,0.4725,-0.5057,0.2393,-0.0613,-1.0629,2640.0
Anomalia,0.0231,0.2179,0.4725,-0.5057,0.2191,-0.1929,-0.5484,2640.0
Anomalia,0.0222,0.1875,0.4592,-0.4072,0.1888,-0.1291,-0.5893,2880.0
Anomalia,0.0137,0.1495,0.2992,-0.3021,0.1502,-0.0919,-0.9854,2880.0
Anomalia,0.0028,0.1278,0.2983,-0.2439,0.1278,0.1268,-0.7862,2640.0
Anomalia,0.0039,0.1207,0.2983,-0.2439,0.1207,0.0643,-0.4108,2640.0
Anomalia,0.0068,0.1163,0.2929,-0.3202,0.1165,-0.1849,0.0052,2880.0
Anomalia,0.0129,0.1054,0.2929,-0.3202,0.1062,-0.2319,0.7937,2880.0
Anomalia,0.0253,0.1139,0.2933,-0.3202,0.1167,-0.2339,0.615,2640.0
Anomalia,0.0159,0.1313,0.2933,-0.3202,0.1323,-0.1313,-0.4683,2640.0
Anomalia,0.0069,0.1172,0.2933,-0.2499,0.1175,-0.005,-0.5965,2640.0
Anomalia,0.0131,0.1132,0.2933,-0.2499,0.114,-0.1887,-0.5036,2880.0
Anomalia,0.0073,0.1119,0.2138,-0.2499,0.1121,-0.1877,-0.9529,2880.0
Anomalia,0.0171,0.1052,0.2545,-0.1969,0.1065,-0.0629,-0.7327,2880.0
Anomalia,0.0168,0.1157,0.2921,-0.2956,0.1169,0.0041,-0.3803,2640.0
Anomalia,0.012,0.1498,0.329,-0.3102,0.1503,0.0165,-0.7001,2640.0
Anomalia,0.0123,0.1873,0.3897,-0.3912,0.1877,0.024,-0.8384,2640.0
Anomalia,0.0078,0.1921,0.3897,-0.3912,0.1922,0.0727,-0.9654,2640.0
Anomalia,0.0147,0.1931,0.3897,-0.3912,0.1937,-0.0501,-0.9586,2640.0
Anomalia,0.018,0.1787,0.3897,-0.3912,0.1796,-0.05,-0.7102,2880.0
Anomalia,0.011,0.152,0.3384,-0.33,0.1524,-0.0697,-0.8374,2880.0
Anomalia,0.0087,0.1935,0.4452,-0.504,0.1937,-0.1047,-0.4637,2880.0
Anomalia,0.0066,0.2162,0.4715,-0.504,0.2163,-0.0128,-0.7897,2880.0
Anomalia,0.0059,0.2293,0.4715,-0.504,0.2294,0.0476,-0.9881,2880.0
Anomalia,0.0155,0.218,0.4715,-0.504,0.2185,-0.0622,-0.6827,2880.0
Anomalia,0.0151,0.1733,0.4715,-0.4041,0.1739,0.0311,-0.0786,2880.0
Anomalia,0.0127,0.1333,0.4014,-0.3405,0.1339,0.1363,0.435,2880.0
Anomalia,0.014,0.1081,0.2877,-0.2376,0.109,-0.1475,-0.4012,2880.0
Anomalia,0.0049,0.1084,0.2877,-0.2001,0.1085,0.1097,-0.5963,2640.0
Anomalia,0.0154,0.1212,0.2969,-0.2001,0.1221,0.1588,-0.7701,2640.0
Anomalia,0.0166,0.1144,0.2969,-0.2001,0.1156,0.2381,-0.4788,2640.0
Anomalia,0.0099,0.0953,0.2969,-0.2001,0.0958,0.2969,0.133,2640.0
Anomalia,0.0156,0.1014,0.2969,-0.2228,0.1026,0.2655,-0.0909,2640.0
Anomalia,0.0046,0.1533,0.4444,-0.4763,0.1533,-0.1134,1.3781,2640.0
Anomalia,0.0047,0.1686,0.4444,-0.4763,0.1687,-0.1349,0.4029,2640.0
Anomalia,0.0183,0.179,0.4444,-0.4763,0.18,-0.1446,0.041,2880.0
Anomalia,0.0131,0.2035,0.4444,-0.4763,0.2039,-0.1274,-0.5005,2880.0
Anomalia,0.0214,0.1859,0.4264,-0.4081,0.1871,0.0028,-0.5759,2880.0
Anomalia,0.015,0.2004,0.4264,-0.4081,0.201,0.0062,-0.8408,2880.0
Anomalia,-0.0061,0.2107,0.4264,-0.4081,0.2108,0.1043,-1.1583,2880.0
Anomalia,-0.0027,0.2051,0.4264,-0.3542,0.2051,0.1266,-1.2371,2880.0
Anomalia,-0.0037,0.2103,0.4003,-0.3542,0.2104,0.1426,-1.2849,2880.0
Anomalia,0.0163,0.1881,0.4003,-0.3292,0.1888,0.0276,-1.009,2880.0
Anomalia,0.0262,0.1834,0.4003,-0.3292,0.1853,0.0378,-0.8322,2880.0
Anomalia,0.0235,0.1817,0.4003,-0.4235,0.1832,-0.1228,-0.5468,2880.0
Anomalia,0.0095,0.15,0.3659,-0.4235,0.1503,-0.2027,0.091,2640.0
Anomalia,-0.003,0.1807,0.4275,-0.4235,0.1808,-0.0572,-0.263,2640.0
Anomalia,-0.005,0.2078,0.4275,-0.4235,0.2079,-0.0373,-0.6572,2640.0
Anomalia,0.0172,0.2068,0.4343,-0.4141,0.2075,0.018,-0.5856,2640.0
Anomalia,0.0244,0.2079,0.4343,-0.4141,0.2094,-0.0628,-0.6182,2640.0
Anomalia,0.025,0.2059,0.5021,-0.4003,0.2075,0.0977,-0.5804,2400.0
Anomalia,0.0233,0.1868,0.5021,-0.3265,0.1882,0.3409,-0.3757,2400.0
Anomalia,-0.0043,0.2161,0.5021,-0.5883,0.2162,0.0521,-0.2408,2640.0
Anomalia,0.0048,0.2235,0.5021,-0.5883,0.2236,-0.034,-0.5025,2640.0
Anomalia,0.0026,0.1973,0.4606,-0.5883,0.1973,-0.1771,0.1203,2640.0
Anomalia,0.0071,0.1844,0.4606,-0.5883,0.1846,-0.3639,0.5745,2880.0
Anomalia,0.0156,0.1695,0.4091,-0.4204,0.1703,-0.1271,-0.2866,2880.0
Anomalia,0.0083,0.1958,0.4665,-0.4204,0.196,0.0421,-0.5011,2880.0
Anomalia,0.0084,0.2158,0.4665,-0.4204,0.216,0.0334,-0.9971,2880.0
Anomalia,0.0184,0.2256,0.4665,-0.4204,0.2263,-0.0237,-1.1556,2880.0
Anomalia,0.0101,0.1926,0.4665,-0.3632,0.1929,0.1907,-0.6959,2880.0
Anomalia,0.0173,0.1521,0.3826,-0.3088,0.153,0.1125,-0.3333,2880.0
Anomalia,0.022,0.1214,0.3826,-0.2933,0.1233,0.3086,0.4028,2400.0
Anomalia,0.0023,0.0846,0.1836,-0.1769,0.0847,0.183,-0.7611,2400.0
Anomalia,0.0137,0.086,0.2074,-0.1681,0.0871,0.2329,-0.8183,2880.0
Anomalia,0.0067,0.0856,0.2134,-0.1681,0.0858,0.3739,-0.5104,2880.0
Anomalia,0.0002,0.094,0.2263,-0.1681,0.094,0.4067,-0.6168,2880.0
Anomalia,0.0256,0.0978,0.2439,-0.1423,0.1011,0.1947,-0.7417,2880.0
Anomalia,0.0124,0.126,0.3465,-0.3774,0.1266,-0.3513,0.2412,2640.0
Anomalia,0.0065,0.1688,0.4585,-0.3778,0.1689,-0.0465,-0.1712,2640.0
Anomalia,0.0067,0.1854,0.4585,-0.3778,0.1855,-0.0912,-0.6777,2640.0
Anomalia,-0.004,0.182,0.4585,-0.3778,0.1821,0.04,-0.5607,2640.0
Anomalia,0.0057,0.1771,0.4585,-0.3778,0.1772,0.0582,-0.5187,2880.0
Anomalia,0.0188,0.1794,0.4304,-0.3553,0.1804,0.061,-0.6835,2880.0
Anomalia,0.0217,0.1787,0.4304,-0.3745,0.1801,-0.0419,-0.5243,2640.0
Anomalia,0.015,0.1793,0.4304,-0.3745,0.1799,0.038,-0.5421,2640.0
Anomalia,0.0049,0.198,0.4304,-0.392,0.1981,-0.0799,-0.8375,2880.0
Anomalia,0.0066,0.1776,0.3319,-0.392,0.1777,-0.3057,-0.7673,2880.0
Anomalia,0.0119,0.1574,0.3319,-0.392,0.1579,-0.368,-0.3083,2640.0
Anomalia,0.0107,0.1765,0.4055,-0.392,0.1769,-0.1781,-0.6866,2880.0
Anomalia,0.0249,0.152,0.4055,-0.2837,0.154,-0.063,-0.5054,2880.0
Anomalia,0.0023,0.1412,0.4055,-0.3288,0.1412,-0.1163,0.0488,2640.0
Anomalia,-0.0006,0.183,0.4055,-0.398,0.183,0.0256,-0.6068,2640.0
Anomalia,0.0114,0.2054,0.4218,-0.4066,0.2057,0.002,-0.7692,2640.0
Anomalia,0.0071,0.2013,0.4218,-0.4066,0.2014,0.1415,-0.6262,2640.0
Anomalia,0.0207,0.1992,0.4218,-0.4066,0.2002,0.0685,-0.6857,2880.0
Anomalia,0.0175,0.1641,0.4218,-0.4066,0.165,0.2376,0.0744,2880.0
Anomalia,0.0031,0.1613,0.4804,-0.378,0.1613,0.1681,0.3859,2880.0
Anomalia,0.0081,0.1724,0.4804,-0.4189,0.1726,-0.158,0.2603,2880.0
Anomalia,0.0097,0.1682,0.4804,-0.4189,0.1685,-0.1864,0.5405,2880.0
Anomalia,0.0067,0.1854,0.4804,-0.4189,0.1855,-0.1531,-0.2736,2880.0
Anomalia,0.0255,0.1845,0.4813,-0.4189,0.1862,-0.011,-0.3229,2880.0
Anomalia,0.0158,0.1946,0.4813,-0.3734,0.1952,0.0841,-0.7218,2880.0
Anomalia,0.008,0.2087,0.4813,-0.3734,0.2089,0.1141,-1.0925,2880.0
Anomalia,0.0224,0.2146,0.4813,-0.3734,0.2158,0.076,-1.184,2880.0
Anomalia,-0.0016,0.1975,0.3563,-0.3734,0.1976,0.0094,-1.2477,2880.0
Anomalia,0.0108,0.1989,0.4617,-0.3897,0.1992,0.0946,-1.0294,2880.0
Anomalia,0.0215,0.2388,0.5023,-0.4706,0.2398,0.0109,-0.9381,2880.0
Anomalia,0.002,0.2467,0.5023,-0.4706,0.2467,0.0924,-0.947,2640.0
Anomalia,0.0142,0.2381,0.5023,-0.4706,0.2385,0.0615,-0.74,2640.0
Anomalia,0.0099,0.2217,0.5023,-0.4706,0.2219,0.0459,-0.4823,2640.0
Anomalia,0.0017,0.1702,0.4199,-0.407,0.1702,0.0517,-0.3374,2640.0
Anomalia,0.0148,0.1278,0.3678,-0.2447,0.1287,0.2887,-0.5536,2640.0
Anomalia,0.0143,0.1233,0.252,-0.2447,0.1241,0.0303,-0.958,2640.0
Anomalia,0.0028,0.1424,0.2599,-0.3613,0.1425,-0.1861,-0.6559,2400.0
Anomalia,0.0104,0.1585,0.4085,-0.3613,0.1589,0.0018,-0.5005,2880.0
Anomalia,-0.003,0.1839,0.4085,-0.4164,0.1839,-0.0546,-0.7872,2880.0
Anomalia,0.0091,0.191,0.4085,-0.4164,0.1913,-0.1021,-0.893,2880.0
Anomalia,0.0185,0.1705,0.4085,-0.4164,0.1715,-0.0819,-0.3826,2880.0
Anomalia,0.0193,0.1545,0.3432,-0.4164,0.1557,-0.2946,-0.1727,2880.0
Anomalia,0.0238,0.126,0.3432,-0.2193,0.1282,0.1032,-0.6892,2400.0
Anomalia,-0.0021,0.1261,0.2441,-0.2695,0.1261,-0.0406,-0.9223,2640.0
Anomalia,0.0048,0.1701,0.4116,-0.3803,0.1702,0.1354,-0.6061,2640.0
Anomalia,0.0034,0.197,0.4116,-0.3803,0.197,0.2265,-0.8119,2640.0
Anomalia,0.0137,0.2101,0.4116,-0.3803,0.2105,0.1241,-1.1267,2640.0
Anomalia,0.0327,0.2476,0.4934,-0.4819,0.2498,-0.0144,-1.1832,2880.0
Anomalia,0.02,0.232,0.4934,-0.4819,0.2329,0.0483,-0.9769,2880.0
Anomalia,0.0074,0.2143,0.4934,-0.4819,0.2144,0.0952,-0.6942,2880.0
Anomalia,0.0029,0.2141,0.4934,-0.4819,0.2141,0.0752,-0.6556,2880.0
Anomalia,-0.0064,0.1647,0.2798,-0.3843,0.1648,-0.158,-1.0779,2880.0
Anomalia,0.0053,0.1592,0.2798,-0.3843,0.1593,-0.1528,-1.042,2880.0
Anomalia,0.0213,0.1584,0.2985,-0.3843,0.1598,-0.128,-1.0761,2880.0
Anomalia,0.0133,0.1389,0.2985,-0.2384,0.1395,0.1258,-1.1203,2880.0
Anomalia,0.0224,0.1628,0.4014,-0.3194,0.1644,0.1557,-0.8841,2880.0
Anomalia,0.0093,0.1967,0.4014,-0.4612,0.1969,-0.0026,-0.8787,2880.0
Anomalia,-0.0038,0.1968,0.4014,-0.4612,0.1969,0.0214,-0.7992,2640.0
Anomalia,0.0116,0.195,0.4014,-0.4612,0.1953,-0.1816,-0.7069,2640.0
Anomalia,0.0067,0.186,0.4809,-0.4612,0.1861,-0.1477,-0.4654,2880.0
Anomalia,0.0101,0.1861,0.4815,-0.4041,0.1864,-0.044,-0.3639,2640.0
Anomalia,0.022,0.1853,0.4815,-0.4041,0.1866,-0.0169,-0.3996,2640.0
Anomalia,0.0042,0.1935,0.4815,-0.4041,0.1936,0.1411,-0.65,2640.0
Anomalia,0.0044,0.1707,0.4815,-0.4041,0.1708,-0.0132,-0.029,2640.0
Anomalia,0.012,0.1279,0.3544,-0.2681,0.1284,0.0664,-0.1966,2400.0
Anomalia,0.0089,0.1335,0.2871,-0.2823,0.1338,0.0112,-0.4656,2880.0
Anomalia,0.0148,0.1325,0.2871,-0.2823,0.1333,0.1344,-0.6171,2640.0
Anomalia,0.0103,0.1425,0.2871,-0.2823,0.1428,0.1178,-0.9292,2640.0
Anomalia,0.0024,0.1349,0.2871,-0.2823,0.1349,0.2002,-0.7012,2640.0
Anomalia,-0.0024,0.1012,0.2597,-0.2407,0.1013,0.0043,-0.1861,2640.0
Anomalia,0.0066,0.0828,0.2147,-0.2407,0.083,-0.3338,0.2797,2640.0
Anomalia,0.0168,0.0781,0.1957,-0.146,0.0799,0.0799,-0.5411,2640.0
Anomalia,0.0191,0.0818,0.1957,-0.1598,0.084,-0.0426,-0.6067,2640.0
Anomalia,0.0114,0.097,0.1957,-0.2341,0.0977,-0.2918,-0.6885,2880.0
Anomalia,0.0125,0.1496,0.4456,-0.3567,0.1501,0.1406,0.2258,2880.0
Anomalia,0.0005,0.1839,0.4456,-0.3953,0.1839,0.0729,-0.4754,2880.0
Anomalia,0.0093,0.1889,0.4456,-0.3953,0.1891,0.0095,-0.6418,2640.0
Anomalia,0.0163,0.186,0.4456,-0.3953,0.1867,-0.0607,-0.5308,2880.0
Anomalia,0.0085,0.1563,0.3421,-0.3953,0.1566,-0.1625,-0.2787,2880.0
Anomalia,0.0132,0.129,0.2952,-0.266,0.1297,0.12,-0.8083,2880.0
Anomalia,0.0084,0.1292,0.2927,-0.266,0.1294,0.0505,-0.9298,2880.0
Anomalia,0.0114,0.1522,0.2927,-0.2929,0.1526,0.0297,-1.1363,2880.0
Anomalia,0.0138,0.1601,0.3131,-0.2929,0.1607,0.0363,-1.241,2880.0
Anomalia,0.0111,0.1601,0.3131,-0.2929,0.1605,-0.0142,-1.2486,2640.0
Anomalia,0.0137,0.1498,0.3131,-0.2929,0.1504,-0.0678,-0.9402,2640.0
Anomalia,0.0098,0.1668,0.4293,-0.398,0.167,-0.0492,-0.4781,2880.0
Anomalia,0.0016,0.1543,0.4293,-0.398,0.1543,-0.0151,0.0642,2880.0
Anomalia,0.0107,0.1377,0.4293,-0.398,0.1381,-0.1387,1.1247,2640.0
Anomalia,0.0114,0.1485,0.4293,-0.398,0.1489,-0.092,0.2653,2640.0
Anomalia,0.0154,0.1169,0.2952,-0.2278,0.1179,0.0663,-0.7695,2640.0
Anomalia,0.0204,0.133,0.2952,-0.2741,0.1345,-0.0996,-1.0046,2640.0
Anomalia,0.0032,0.1601,0.2952,-0.335,0.1602,-0.0657,-1.1905,2640.0
Anomalia,0.0051,0.1713,0.2977,-0.335,0.1714,-0.0266,-1.2931,2640.0
Anomalia,0.002,0.1631,0.2977,-0.335,0.1631,-0.0489,-1.1124,2640.0
Anomalia,0.0067,0.1535,0.2977,-0.335,0.1536,-0.0845,-0.9205,2640.0
Anomalia,0.025,0.1397,0.2977,-0.2593,0.1419,0.0565,-1.0438,3120.0
Anomalia,0.0133,0.1174,0.2643,-0.2003,0.1181,0.2614,-0.8024,3120.0
Anomalia,0.0168,0.1185,0.2643,-0.1905,0.1197,0.2238,-0.9559,2880.0
Anomalia,0.0084,0.1307,0.2643,-0.2756,0.131,0.1114,-0.9112,2880.0
Anomalia,-0.0037,0.1349,0.2487,-0.2756,0.135,0.0256,-0.9775,2880.0
Anomalia,0.0095,0.1415,0.2487,-0.2756,0.1418,-0.1746,-1.0403,2880.0
Anomalia,0.0099,0.1348,0.2487,-0.2756,0.1352,-0.2628,-0.8331,2640.0
Anomalia,0.0136,0.1108,0.2487,-0.2466,0.1116,-0.2542,0.0211,2880.0
Anomalia,0.014,0.0934,0.2387,-0.2401,0.0944,-0.193,0.1572,2400.0
Anomalia,0.004,0.1147,0.296,-0.3202,0.1147,-0.1579,0.4521,2640.0
Anomalia,0.0082,0.1482,0.3538,-0.3202,0.1485,0.1382,-0.3968,2640.0
Anomalia,0.0136,0.158,0.3538,-0.3202,0.1586,0.0521,-0.8215,2640.0
Anomalia,0.0183,0.1514,0.3538,-0.3202,0.1525,0.0196,-0.5469,2880.0
Anomalia,0.0166,0.1382,0.3538,-0.291,0.1392,0.1615,-0.4987,2880.0
Anomalia,0.006,0.1194,0.2708,-0.3515,0.1195,-0.1741,-0.1091,2640.0
Anomalia,0.0052,0.1766,0.5042,-0.4318,0.1767,0.0671,0.4554,2640.0
Anomalia,0.0096,0.2561,0.6108,-0.5347,0.2562,0.1885,-0.4156,2640.0
Anomalia,0.0073,0.2786,0.6108,-0.5347,0.2787,0.0997,-0.8236,2640.0
Anomalia,0.0224,0.2792,0.6108,-0.5347,0.2801,-0.0272,-0.8591,2640.0
Anomalia,0.0129,0.2871,0.6108,-0.5347,0.2874,-0.0328,-0.9427,2880.0
Anomalia,0.0033,0.2648,0.5977,-0.5866,0.2648,-0.1636,-0.7962,2880.0
Anomalia,0.0071,0.2378,0.5977,-0.5866,0.2379,-0.1783,-0.2299,2880.0
Anomalia,-0.0027,0.2322,0.5977,-0.5866,0.2322,-0.0877,-0.0583,2880.0
Anomalia,0.0091,0.179,0.5977,-0.5866,0.1792,-0.2136,1.8008,2880.0
Anomalia,0.0164,0.1241,0.3183,-0.2503,0.1251,0.0303,-0.7097,2880.0
Anomalia,0.0191,0.1246,0.3183,-0.2503,0.1261,0.013,-0.7391,2880.0
Anomalia,0.0105,0.1603,0.3962,-0.3822,0.1607,-0.0958,-0.3995,2880.0
Anomalia,0.0044,0.1592,0.3962,-0.3822,0.1593,0.0214,-0.3408,2880.0
Anomalia,-0.0074,0.154,0.3962,-0.3822,0.1542,0.0176,-0.3022,2880.0
Anomalia,0.0044,0.1704,0.3962,-0.3822,0.1705,0.085,-0.6114,2880.0
Anomalia,0.0134,0.1335,0.3697,-0.2572,0.1342,0.168,-0.4289,2880.0
Anomalia,0.0167,0.1477,0.3697,-0.2572,0.1486,0.0532,-0.8447,2880.0
Anomalia,0.0324,0.2124,0.6031,-0.4921,0.2149,0.095,0.1172,2640.0
Anomalia,0.004,0.2769,0.6031,-0.6035,0.2769,-0.0891,-0.3987,2640.0
Anomalia,-0.0009,0.3208,0.6031,-0.6035,0.3208,-0.0124,-1.0316,2640.0
Anomalia,0.0068,0.3187,0.6031,-0.6035,0.3188,-0.0692,-0.9797,2640.0
Anomalia,-0.0043,0.2926,0.5576,-0.6035,0.2926,-0.1148,-0.7974,2880.0
Anomalia,0.0138,0.2506,0.5576,-0.5879,0.251,-0.0187,-0.7566,2880.0
Anomalia,0.0198,0.2049,0.4437,-0.3949,0.2058,0.0031,-0.9364,2640.0
Anomalia,0.0018,0.2042,0.4437,-0.3949,0.2042,0.1714,-0.908,2640.0
Anomalia,0.0064,0.1743,0.4437,-0.3776,0.1744,0.1832,-0.3881,2640.0
Anomalia,0.0084,0.1403,0.3186,-0.2896,0.1405,0.0572,-0.6184,2880.0
Anomalia,0.0117,0.1318,0.2933,-0.2875,0.1324,0.1319,-0.6147,2880.0
Anomalia,0.0175,0.1324,0.2933,-0.2875,0.1336,0.1337,-0.526,2640.0
Anomalia,0.0072,0.1375,0.2933,-0.2875,0.1377,0.2428,-0.664,2640.0
Anomalia,0.0087,0.1515,0.3928,-0.2889,0.1518,0.3759,-0.6328,2640.0
Anomalia,-0.0057,0.1606,0.3928,-0.3029,0.1607,0.2737,-0.7476,2640.0
Anomalia,0.0054,0.1682,0.3928,-0.3029,0.1683,0.1506,-1.014,2640.0
Anomalia,0.0198,0.1597,0.3928,-0.3029,0.161,-0.0126,-0.719,2640.0
Anomalia,0.0101,0.1393,0.2783,-0.3029,0.1397,-0.1439,-0.6679,2640.0
Anomalia,0.0222,0.1489,0.4275,-0.2754,0.1505,0.2221,-0.3557,2640.0
Anomalia,0.0084,0.1629,0.4275,-0.3907,0.1631,0.13,-0.0517,2880.0
Anomalia,0.0034,0.1838,0.4275,-0.3907,0.1838,0.2116,-0.7798,2880.0
Anomalia,0.006,0.1909,0.4275,-0.3907,0.191,0.102,-0.9166,2880.0
Anomalia,0.0065,0.1709,0.403,-0.3907,0.171,-0.0959,-0.7437,2880.0
Anomalia,0.0055,0.1495,0.3188,-0.3323,0.1496,-0.0561,-0.9465,2880.0
Anomalia,0.0084,0.1621,0.4189,-0.333,0.1623,-0.0232,-0.6559,2880.0
Anomalia,0.0057,0.1544,0.4189,-0.333,0.1545,0.1146,-0.5682,2880.0
Anomalia,0.0042,0.1643,0.4189,-0.333,0.1643,0.172,-0.7589,2880.0
Anomalia,0.0159,0.1607,0.4189,-0.333,0.1614,0.1078,-0.6796,2880.0
Anomalia,0.0042,0.165,0.4227,-0.3887,0.165,-0.0329,-0.4222,2880.0
Anomalia,0.0207,0.1945,0.4446,-0.4143,0.1956,-0.0916,-0.6852,2880.0
Anomalia,0.0173,0.2034,0.4446,-0.4143,0.2042,-0.0812,-0.8239,2640.0
Anomalia,-0.0024,0.2057,0.4446,-0.4143,0.2057,0.0896,-0.8353,2640.0
Anomalia,0.0169,0.2026,0.4446,-0.4143,0.2033,0.0789,-0.9893,2640.0
Anomalia,0.0058,0.2014,0.367,-0.3968,0.2015,0.0667,-1.0796,2640.0
Anomalia,0.0072,0.1865,0.367,-0.3968,0.1866,0.0691,-0.8702,2640.0
Anomalia,0.0228,0.1753,0.367,-0.3968,0.1767,-0.045,-0.5514,2640.0
Anomalia,0.0046,0.1451,0.354,-0.3968,0.1452,-0.0728,0.2392,2400.0
Anomalia,-0.0028,0.1081,0.2775,-0.237,0.1082,0.0623,-0.3763,2400.0
Anomalia,0.0037,0.1151,0.3067,-0.2366,0.1152,0.2084,-0.3336,2640.0
Anomalia,0.0024,0.1266,0.3067,-0.2366,0.1266,0.1614,-0.8816,2640.0
Anomalia,0.0167,0.1283,0.3067,-0.2366,0.1294,-0.007,-0.9318,2640.0
Anomalia,0.0196,0.1404,0.3388,-0.345,0.1418,-0.0947,-0.5838,2880.0
Anomalia,0.0095,0.1939,0.4986,-0.4819,0.1942,-0.224,0.1612,2880.0
Anomalia,0.0093,0.2177,0.4986,-0.4819,0.2179,-0.1331,-0.5434,2640.0
Anomalia,-0.005,0.2409,0.4986,-0.4819,0.241,-0.0423,-0.9929,2640.0
Anomalia,0.008,0.2396,0.4986,-0.4819,0.2398,-0.1142,-0.9504,2640.0
Anomalia,0.0143,0.2317,0.4777,-0.4575,0.2321,-0.0811,-1.0139,2640.0
Anomalia,0.0144,0.2341,0.4777,-0.4575,0.2345,-0.1534,-0.987,2640.0
Anomalia,0.0192,0.2083,0.4777,-0.4556,0.2092,-0.1061,-0.5244,2640.0
Anomalia,0.0049,0.2112,0.4777,-0.4556,0.2113,-0.0728,-0.6138,2880.0
Anomalia,0.003,0.2005,0.4083,-0.4101,0.2005,0.0204,-0.8009,2880.0
Anomalia,0.0107,0.1861,0.4083,-0.3519,0.1864,0.1059,-0.7286,2640.0
Anomalia,0.0123,0.1826,0.4083,-0.3519,0.183,0.0994,-0.5891,2640.0
Anomalia,0.0106,0.1668,0.4083,-0.3311,0.1671,0.2865,-0.1591,2880.0
Anomalia,0.0092,0.1619,0.4583,-0.4014,0.1622,0.201,0.2236,2880.0
Anomalia,-0.003,0.1428,0.4583,-0.4014,0.1428,0.2833,1.1222,2880.0
Anomalia,0.0057,0.1475,0.4583,-0.4014,0.1477,0.1385,0.6504,2640.0
Anomalia,0.0098,0.1493,0.4583,-0.4014,0.1496,0.0506,0.4926,2880.0
Anomalia,0.0117,0.1403,0.3488,-0.3246,0.1408,0.0085,-0.2084,2880.0
Anomalia,0.0288,0.1578,0.3488,-0.3246,0.1605,-0.0635,-0.6625,2640.0
Anomalia,0.0043,0.1603,0.3488,-0.3246,0.1604,0.2752,-0.6857,2640.0
Anomalia,0.0074,0.1717,0.3488,-0.3246,0.1718,0.2607,-0.9373,2880.0
Anomalia,0.0072,0.1445,0.3413,-0.2491,0.1447,0.355,-0.822,2880.0
Anomalia,-0.0089,0.1401,0.3359,-0.2923,0.1404,0.3312,-0.5596,2880.0
Anomalia,0.0216,0.1872,0.4894,-0.3912,0.1884,0.2023,-0.6744,2880.0
Anomalia,0.0258,0.2681,0.6611,-0.6131,0.2693,-0.007,-0.2499,2880.0
Anomalia,0.0108,0.2957,0.6611,-0.6131,0.2959,0.01,-0.8169,2640.0
Anomalia,0.0099,0.2878,0.6611,-0.6131,0.2879,0.0268,-0.6211,2640.0
Anomalia,-0.0067,0.2577,0.6611,-0.6131,0.2578,0.0886,0.2262,2640.0
Anomalia,-0.0103,0.1579,0.4099,-0.4884,0.1582,-0.3014,0.9353,2640.0
Anomalia,0.0119,0.1038,0.2637,-0.1955,0.1045,0.4362,-0.5525,2640.0
Anomalia,0.0171,0.107,0.2485,-0.2005,0.1084,0.2354,-0.82,2640.0
Anomalia,0.0191,0.1257,0.2541,-0.2597,0.1272,0.0234,-0.9345,2640.0
Anomalia,0.0082,0.1247,0.2541,-0.2597,0.125,0.1244,-0.9013,2640.0
Anomalia,-0.0017,0.132,0.3526,-0.3701,0.132,0.0985,-0.0922,2640.0
Anomalia,0.0077,0.1388,0.3526,-0.3701,0.139,-0.0043,-0.1172,2640.0
Anomalia,0.0046,0.1351,0.3526,-0.3701,0.1352,0.0072,-0.0535,2640.0
Anomalia,0.0203,0.1387,0.3526,-0.3701,0.1402,-0.1826,-0.2046,2880.0
Anomalia,0.0192,0.127,0.2764,-0.3088,0.1284,-0.1802,-0.7829,2880.0
Anomalia,-0.0003,0.1128,0.2366,-0.2549,0.1128,0.0749,-0.9819,2880.0
Anomalia,0.0066,0.1256,0.3559,-0.2556,0.1258,0.3092,-0.3856,2640.0
Anomalia,0.0042,0.1399,0.3559,-0.2716,0.1399,0.276,-0.621,2640.0
Anomalia,0.0111,0.1695,0.378,-0.3183,0.1699,0.2273,-0.8151,2640.0
Anomalia,0.0171,0.184,0.378,-0.3183,0.1848,0.1133,-1.1257,2640.0
Anomalia,0.0108,0.1707,0.378,-0.3183,0.1711,0.1622,-0.9017,2640.0
Anomalia,0.0033,0.166,0.378,-0.3183,0.166,0.2501,-0.7958,2640.0
Anomalia,-0.0017,0.1358,0.3428,-0.2674,0.1358,0.1884,-0.7805,2880.0
Anomalia,0.0026,0.1598,0.3532,-0.4235,0.1598,0.0068,-0.4186,2880.0
Anomalia,0.0149,0.1585,0.3532,-0.4235,0.1592,-0.1706,-0.3432,2880.0
Anomalia,0.0143,0.1696,0.3532,-0.4235,0.1702,-0.2062,-0.4782,2880.0
Anomalia,0.0112,0.2022,0.4331,-0.4235,0.2025,-0.143,-0.8689,2880.0
Anomalia,0.0198,0.175,0.4331,-0.3937,0.1761,-0.2265,-0.4306,2880.0
Anomalia,0.0075,0.1914,0.4331,-0.3937,0.1916,-0.0762,-0.8976,2880.0
Anomalia,0.0115,0.1846,0.4331,-0.3937,0.185,-0.1138,-0.8289,2880.0
Anomalia,0.0165,0.1503,0.3077,-0.2998,0.1512,-0.1314,-0.9258,2880.0
Anomalia,0.0134,0.1667,0.3077,-0.2998,0.1672,-0.0325,-1.1671,2880.0
Anomalia,0.0137,0.1671,0.3436,-0.2812,0.1677,0.0357,-1.1691,2640.0
Anomalia,0.0058,0.1641,0.3436,-0.2812,0.1642,0.1287,-1.1208,2640.0
Anomalia,0.0077,0.1795,0.364,-0.2812,0.1797,0.1492,-1.2044,2640.0
Anomalia,0.0034,0.1756,0.364,-0.2779,0.1756,0.1414,-1.1766,2640.0
Anomalia,0.0034,0.1802,0.364,-0.2827,0.1802,0.1035,-1.2272,2640.0
Anomalia,0.0152,0.1851,0.364,-0.2827,0.1858,0.0235,-1.3403,2640.0
Anomalia,0.0025,0.1841,0.3171,-0.3488,0.1841,0.0229,-1.3495,2880.0
Anomalia,0.0012,0.1782,0.3171,-0.3488,0.1782,0.0461,-1.2893,2880.0
Anomalia,0.0039,0.1505,0.2939,-0.3488,0.1505,-0.0103,-0.9138,2880.0
Anomalia,0.0036,0.1396,0.2939,-0.3488,0.1397,-0.1197,-0.7318,2880.0
Anomalia,0.0146,0.116,0.2541,-0.2328,0.1169,-0.0278,-0.8622,2880.0
Anomalia,0.0179,0.0959,0.2069,-0.1911,0.0975,-0.1136,-0.8124,2880.0
Anomalia,0.009,0.1029,0.2069,-0.1911,0.1033,-0.0678,-1.0723,2640.0
Anomalia,-0.0026,0.1367,0.3987,-0.3636,0.1367,-0.0475,0.3804,2640.0
Anomalia,0.0015,0.1862,0.4352,-0.3909,0.1862,0.1608,-0.2523,2640.0
Anomalia,0.0067,0.1967,0.4352,-0.3909,0.1969,0.1126,-0.661,2640.0
Anomalia,0.0173,0.1947,0.4352,-0.3909,0.1954,-0.008,-0.5822,2640.0
Anomalia,0.0221,0.1722,0.4352,-0.3909,0.1736,0.0979,-0.1633,2880.0
Anomalia,0.0123,0.1484,0.3219,-0.3774,0.1489,-0.1219,-0.4531,2880.0
Anomalia,-0.0031,0.1765,0.3766,-0.3774,0.1766,0.0239,-0.5628,2640.0
Anomalia,-0.0071,0.2031,0.3766,-0.3774,0.2032,0.079,-1.0943,2640.0
Anomalia,0.0056,0.2012,0.3766,-0.3774,0.2012,-0.0837,-1.0519,2640.0
Anomalia,0.0044,0.2219,0.4258,-0.4164,0.222,-0.027,-1.087,2880.0
Anomalia,0.0136,0.224,0.4548,-0.4164,0.2244,-0.0951,-1.0005,2880.0
Anomalia,0.0094,0.2295,0.4548,-0.4164,0.2297,-0.0943,-1.0349,2880.0
Anomalia,-0.0035,0.244,0.4548,-0.4164,0.244,0.0366,-1.3154,2880.0
Anomalia,0.0058,0.2286,0.4548,-0.4068,0.2287,0.0154,-1.2596,2880.0
Anomalia,0.0101,0.211,0.4197,-0.3772,0.2113,0.0242,-1.2254,2880.0
Anomalia,0.0182,0.1835,0.4197,-0.2941,0.1844,0.0849,-1.0147,2880.0
Anomalia,0.0223,0.1713,0.4197,-0.295,0.1728,0.0744,-0.8249,2880.0
Anomalia,0.0103,0.1376,0.3688,-0.295,0.138,0.1882,-0.3465,2880.0
Anomalia,-0.0023,0.1739,0.4792,-0.5745,0.1739,-0.2834,0.7996,2880.0
Anomalia,0.0096,0.2505,0.5923,-0.5745,0.2507,0.0879,-0.0567,2640.0
Anomalia,-0.001,0.2796,0.5923,-0.5745,0.2796,0.0605,-0.6008,2640.0
Anomalia,0.0127,0.2824,0.5923,-0.5745,0.2827,-0.063,-0.6869,2640.0
Anomalia,0.0269,0.2663,0.5923,-0.5374,0.2676,-0.0535,-0.5238,2880.0
Anomalia,-0.0015,0.2161,0.4594,-0.5359,0.2161,-0.1584,-0.6079,2880.0
Anomalia,0.0038,0.1817,0.407,-0.3722,0.1817,-0.0736,-0.8537,2640.0
Anomalia,-0.0053,0.1818,0.407,-0.3722,0.1819,0.0265,-0.8689,2640.0
Anomalia,-0.0185,0.1709,0.3369,-0.3749,0.1719,-0.0835,-0.9017,2640.0
Anomalia,0.0104,0.196,0.4871,-0.3951,0.1963,0.2519,-0.4875,2880.0
Anomalia,0.0201,0.1914,0.4871,-0.3951,0.1925,0.2176,-0.3802,2640.0
Anomalia,0.0121,0.1933,0.4871,-0.3951,0.1937,0.281,-0.4071,2640.0
Anomalia,0.0105,0.2017,0.4871,-0.3951,0.202,0.2111,-0.6401,2640.0
Anomalia,-0.0013,0.171,0.3544,-0.3822,0.171,-0.0322,-0.9468,2640.0
Anomalia,-0.0068,0.1649,0.3544,-0.3822,0.165,0.007,-0.8377,2640.0
Anomalia,0.0082,0.1858,0.3544,-0.4953,0.186,-0.269,-0.6946,2880.0
Anomalia,0.0204,0.1908,0.445,-0.4953,0.1919,-0.244,-0.424,2880.0
Anomalia,0.0134,0.1737,0.445,-0.4953,0.1742,-0.2071,0.159,2640.0
Anomalia,0.0051,0.1779,0.445,-0.4953,0.178,-0.1549,-0.0891,2640.0
Anomalia,0.0039,0.152,0.445,-0.4189,0.1521,0.0609,0.2814,2640.0
Anomalia,0.0016,0.1081,0.2193,-0.2549,0.1081,-0.1973,-0.7008,2640.0
Anomalia,0.0064,0.1079,0.2193,-0.2549,0.1081,-0.3524,-0.5997,2640.0
Anomalia,0.015,0.1007,0.2453,-0.2299,0.1018,-0.0863,-0.537,2640.0
Anomalia,0.005,0.1131,0.2626,-0.3292,0.1132,-0.3215,-0.0899,2880.0
Anomalia,0.0044,0.1529,0.3799,-0.3546,0.1529,-0.0318,-0.343,2880.0
Anomalia,0.0042,0.1537,0.3799,-0.3546,0.1538,-0.0158,-0.4043,2880.0
Anomalia,0.0045,0.1426,0.3799,-0.3546,0.1427,-0.0408,0.1881,2640.0
Anomalia,0.0175,0.1366,0.3799,-0.3546,0.1378,-0.0203,0.2285,2880.0
Anomalia,0.0167,0.0917,0.2228,-0.1748,0.0932,0.0945,-0.6051,2880.0
Anomalia,0.0075,0.1009,0.2535,-0.2893,0.1011,-0.0001,-0.0492,2880.0
Anomalia,0.0148,0.1355,0.2937,-0.2893,0.1363,0.0723,-0.6605,2880.0
Anomalia,0.0105,0.1848,0.4339,-0.4045,0.1851,0.099,-0.4984,2880.0
Anomalia,-0.0087,0.2298,0.4569,-0.4988,0.2299,0.0312,-0.9133,2640.0
Anomalia,0.0178,0.2481,0.4569,-0.4988,0.2487,-0.0765,-1.1647,2640.0
Anomalia,0.0085,0.243,0.4569,-0.4988,0.2431,-0.0076,-1.0774,2640.0
Anomalia,0.006,0.2061,0.4569,-0.4988,0.2061,-0.0377,-0.4916,2400.0
Anomalia,0.0255,0.1769,0.4135,-0.3813,0.1787,0.1509,-0.7558,2400.0
Anomalia,-0.0041,0.1774,0.3645,-0.3985,0.1775,-0.0989,-0.8351,2880.0
Anomalia,0.001,0.1784,0.3864,-0.3985,0.1784,-0.0884,-0.5441,2640.0
Anomalia,0.0044,0.1875,0.3864,-0.3985,0.1876,-0.1191,-0.8178,2640.0
Anomalia,-0.0011,0.1935,0.3945,-0.3985,0.1935,-0.0613,-0.912,2880.0
Anomalia,0.0108,0.2266,0.5144,-0.5094,0.2268,0.0028,-0.6061,2880.0
Anomalia,0.0067,0.2374,0.5144,-0.5094,0.2375,-0.0067,-0.9218,2880.0
Anomalia,0.0037,0.2341,0.5144,-0.5094,0.2341,0.0038,-0.8097,2880.0
Anomalia,0.0075,0.2225,0.5144,-0.5094,0.2226,-0.041,-0.56,2880.0
Anomalia,0.013,0.1752,0.3148,-0.3609,0.1757,-0.1776,-0.9365,2880.0
Anomalia,0.0176,0.1732,0.3601,-0.3864,0.1741,-0.1892,-0.7823,2880.0
Anomalia,0.0109,0.1726,0.3601,-0.3864,0.173,-0.055,-0.8917,2640.0
Anomalia,-0.0043,0.1905,0.3763,-0.4448,0.1905,-0.0773,-0.8085,2640.0
Anomalia,0.0089,0.2032,0.4254,-0.4448,0.2034,0.0194,-0.7991,2640.0
Anomalia,0.0,0.1811,0.4254,-0.4448,0.1811,0.1371,-0.283,2640.0
Anomalia,0.0142,0.1754,0.4254,-0.4448,0.176,-0.0374,-0.0193,2880.0
Anomalia,0.0228,0.1388,0.4254,-0.2858,0.1407,0.5468,0.3914,2880.0
Anomalia,-0.0036,0.101,0.198,-0.2503,0.1011,-0.2672,-0.5059,2400.0
Anomalia,0.0047,0.1167,0.2639,-0.2503,0.1168,-0.081,-0.5881,2640.0
Anomalia,-0.0019,0.1198,0.2639,-0.2503,0.1198,0.0404,-0.7481,2880.0
Anomalia,0.0072,0.1252,0.2639,-0.2503,0.1254,-0.1208,-0.8805,2880.0
Anomalia,0.0197,0.113,0.2639,-0.2464,0.1147,-0.1879,-0.6681,2880.0
Anomalia,0.0134,0.1099,0.2168,-0.2672,0.1107,-0.3081,-0.6507,2880.0
Anomalia,0.0088,0.1458,0.3025,-0.4379,0.146,-0.4469,0.0951,2880.0
Anomalia,0.0067,0.1575,0.338,-0.4379,0.1577,-0.3094,-0.0815,2880.0
Anomalia,-0.0013,0.1659,0.338,-0.4379,0.1659,-0.1385,-0.5344,2880.0
Anomalia,0.0076,0.1638,0.338,-0.4379,0.164,-0.2257,-0.4302,2880.0
Anomalia,0.0129,0.136,0.338,-0.3455,0.1366,-0.0836,-0.5431,2640.0
Anomalia,0.0101,0.1435,0.3442,-0.3252,0.1439,-0.0634,-0.7942,2640.0
Anomalia,0.0158,0.147,0.3442,-0.3252,0.1478,-0.1709,-0.7518,2640.0
Anomalia,0.0072,0.1935,0.4617,-0.5745,0.1937,-0.2837,-0.0356,2640.0
Anomalia,-0.0028,0.2166,0.4617,-0.5745,0.2166,-0.1969,-0.6172,2880.0
Anomalia,0.0091,0.2016,0.4617,-0.5745,0.2018,-0.3964,-0.0658,2880.0
Anomalia,0.0054,0.1989,0.4617,-0.5745,0.199,-0.3642,-0.0077,2880.0
Anomalia,0.0081,0.1562,0.3515,-0.4281,0.1564,-0.2421,-0.1886,2880.0
Anomalia,0.0137,0.1499,0.3421,-0.3398,0.1506,-0.0776,-0.6383,2640.0
Anomalia,-0.0089,0.1668,0.3421,-0.3398,0.167,0.0454,-0.9267,2640.0
Anomalia,-0.0083,0.1751,0.3421,-0.3398,0.1753,0.0898,-1.0179,2880.0
Anomalia,-0.0018,0.1833,0.3421,-0.3398,0.1833,-0.0328,-1.1919,2880.0
Anomalia,0.0064,0.1618,0.3192,-0.334,0.162,-0.078,-0.9971,2880.0
Anomalia,0.0225,0.1514,0.3192,-0.3044,0.153,-0.0932,-0.9725,2880.0
Anomalia,0.0184,0.1467,0.2716,-0.3044,0.1479,-0.1214,-0.9626,2880.0
Anomalia,0.0067,0.1386,0.2889,-0.2793,0.1388,0.0211,-0.8466,2880.0
Anomalia,0.004,0.1693,0.3624,-0.3553,0.1694,0.021,-0.8081,2880.0
Anomalia,-0.0035,0.173,0.3624,-0.3553,0.173,0.0276,-0.8151,2880.0
Anomalia,0.0139,0.1757,0.3624,-0.3553,0.1763,-0.0794,-0.8106,2880.0
Anomalia,0.0214,0.1983,0.3759,-0.4126,0.1995,-0.1872,-0.9654,2880.0
Anomalia,0.0109,0.1942,0.3759,-0.4375,0.1945,-0.2433,-0.7458,2640.0
Anomalia,0.0114,0.1956,0.3759,-0.4375,0.1959,-0.1973,-0.7393,2640.0
Anomalia,0.001,0.2235,0.4508,-0.4375,0.2235,-0.0125,-0.9775,2880.0
Anomalia,-0.0009,0.2373,0.4838,-0.5257,0.2373,-0.0043,-0.8283,2640.0
Anomalia,0.014,0.2193,0.4838,-0.5257,0.2197,-0.0647,-0.4912,2640.0
Anomalia,0.0074,0.2087,0.4838,-0.5257,0.2089,0.0078,-0.1619,2880.0
Anomalia,0.008,0.1774,0.4838,-0.5257,0.1775,-0.0731,0.563,2880.0
Anomalia,0.0059,0.1406,0.3284,-0.3035,0.1407,0.0594,-0.7036,3120.0
Anomalia,-0.005,0.1324,0.3284,-0.3035,0.1325,0.156,-0.3107,3120.0
Anomalia,0.0108,0.1442,0.3284,-0.3035,0.1446,0.1609,-0.6676,3360.0
Anomalia,0.0103,0.1374,0.3284,-0.3035,0.1378,0.1729,-0.5415,2880.0
Anomalia,0.0122,0.1263,0.3169,-0.2695,0.1269,0.1608,-0.6684,2880.0
Anomalia,0.0229,0.1661,0.3676,-0.3768,0.1677,0.0523,-0.8234,2880.0
Anomalia,0.0045,0.1783,0.3676,-0.3768,0.1784,-0.0406,-0.8787,2880.0
Anomalia,0.005,0.1745,0.3676,-0.3768,0.1745,-0.0566,-0.7392,2880.0
Anomalia,0.0002,0.1757,0.3676,-0.3768,0.1757,0.0085,-0.8058,2880.0
Anomalia,0.0028,0.1533,0.3319,-0.3524,0.1533,-0.1172,-0.6451,2640.0
Anomalia,0.0146,0.1812,0.4527,-0.421,0.1818,0.0286,-0.3138,2640.0
Anomalia,0.0098,0.1996,0.4527,-0.421,0.1998,0.1013,-0.7453,2640.0
Anomalia,0.0121,0.1858,0.4527,-0.421,0.1862,0.128,-0.192,2640.0
Anomalia,0.0015,0.1898,0.4527,-0.421,0.1898,0.1215,-0.353,2640.0
Anomalia,-0.0018,0.1502,0.3711,-0.3319,0.1503,0.0639,-0.2833,2880.0
Anomalia,0.0087,0.1256,0.2837,-0.2998,0.1259,-0.2887,-0.1264,2640.0
Anomalia,0.0098,0.1268,0.2837,-0.2998,0.1272,-0.3194,-0.2096,2640.0
Anomalia,0.0097,0.1262,0.3259,-0.2754,0.1266,-0.1259,-0.232,2880.0
Anomalia,0.0143,0.1219,0.3259,-0.3202,0.1227,-0.0228,-0.2383,2880.0
Anomalia,0.0023,0.164,0.373,-0.3939,0.164,-0.0881,-0.4374,2640.0
Anomalia,0.0033,0.1789,0.373,-0.3939,0.1789,-0.0803,-0.9447,2640.0
Anomalia,0.012,0.1617,0.373,-0.3939,0.1622,-0.2825,-0.4096,2880.0
Anomalia,0.01,0.1732,0.373,-0.3939,0.1734,-0.1992,-0.6729,2880.0
Anomalia,0.0042,0.1767,0.3672,-0.3747,0.1767,-0.1023,-0.6455,2400.0
Anomalia,0.0085,0.1964,0.3672,-0.3747,0.1966,-0.08,-0.8793,2640.0
Anomalia,0.0012,0.2456,0.4546,-0.4642,0.2456,0.0105,-1.2706,2640.0
Anomalia,0.0092,0.2383,0.4546,-0.4642,0.2384,-0.0552,-1.1121,2640.0
Anomalia,0.0206,0.2434,0.6062,-0.5215,0.2442,0.0076,-0.6563,2400.0
Anomalia,0.0066,0.2902,0.7007,-0.5908,0.2903,0.0309,-0.5736,2880.0
Anomalia,0.0094,0.2868,0.7007,-0.5908,0.287,0.0489,-0.4251,2880.0
Anomalia,0.0015,0.2844,0.7007,-0.5908,0.2844,0.1017,-0.3576,2640.0
Anomalia,-0.0045,0.2624,0.7007,-0.5908,0.2624,0.0796,-0.0906,2880.0
Anomalia,0.009,0.1828,0.5192,-0.4635,0.183,0.0982,0.4065,2880.0
Anomalia,0.0092,0.1215,0.2881,-0.2412,0.1218,-0.0133,-0.876,2880.0
Anomalia,0.0104,0.125,0.2881,-0.2551,0.1254,0.0734,-0.7725,2880.0
Anomalia,0.0129,0.1375,0.3653,-0.426,0.1381,-0.1728,0.4174,2880.0
Anomalia,0.003,0.1728,0.4028,-0.426,0.1728,-0.129,-0.2755,2880.0
Anomalia,0.0001,0.217,0.4373,-0.426,0.217,0.0677,-0.8726,2880.0
Anomalia,0.0027,0.2286,0.4373,-0.426,0.2286,0.0681,-1.0955,2640.0
Anomalia,0.0109,0.2088,0.4373,-0.3857,0.209,0.0078,-0.7534,2640.0
Anomalia,0.0156,0.1772,0.4373,-0.3857,0.1779,0.0901,0.0186,2880.0
Anomalia,0.0142,0.111,0.3482,-0.3071,0.1119,0.2022,1.4999,2880.0
Anomalia,0.0074,0.0739,0.1627,-0.2355,0.0743,-0.588,0.7057,2400.0
Anomalia,-0.0034,0.106,0.2837,-0.2831,0.1061,-0.1287,0.374,2880.0
Anomalia,0.0064,0.1023,0.2837,-0.2831,0.1025,-0.3955,0.8534,2640.0
Anomalia,0.009,0.1134,0.2837,-0.2831,0.1138,-0.2899,0.0086,2640.0
Anomalia,0.0093,0.1422,0.3127,-0.3292,0.1425,-0.1858,-0.3923,2640.0
Anomalia,0.0158,0.1507,0.3334,-0.3292,0.1515,-0.148,-0.4982,2640.0
Anomalia,-0.0004,0.1548,0.3334,-0.3292,0.1548,0.1102,-0.7131,2640.0
Anomalia,-0.002,0.1495,0.3334,-0.3292,0.1495,0.1248,-0.492,2640.0
Anomalia,0.0067,0.1278,0.3334,-0.2914,0.128,0.13,-0.3896,2880.0
Anomalia,0.0117,0.1083,0.333,-0.248,0.109,0.2159,0.0042,2400.0
Anomalia,0.0195,0.1018,0.333,-0.248,0.1037,0.2248,0.4563,2400.0
Anomalia,0.0234,0.1224,0.333,-0.248,0.1246,0.0353,-0.3607,2880.0
Anomalia,0.0048,0.1344,0.333,-0.3342,0.1345,-0.1438,-0.2118,2880.0
Anomalia,0.0006,0.1394,0.3818,-0.3342,0.1394,0.0317,-0.1688,2640.0
Anomalia,0.0006,0.1395,0.3818,-0.3342,0.1395,0.0158,-0.1795,2640.0
Anomalia,0.0073,0.1382,0.3818,-0.3342,0.1384,0.072,-0.0334,2880.0
Anomalia,0.0194,0.118,0.3818,-0.2535,0.1196,0.5216,0.4141,2880.0
Anomalia,0.0162,0.106,0.2914,-0.2019,0.1072,0.4697,0.0361,2880.0
Anomalia,0.0105,0.1616,0.3713,-0.4131,0.162,-0.1118,-0.1967,2880.0
Anomalia,-0.0031,0.1576,0.3713,-0.4131,0.1576,-0.0098,-0.0633,2880.0
Anomalia,0.0028,0.1573,0.3713,-0.4131,0.1573,-0.1245,-0.0443,2880.0
Anomalia,0.0056,0.1592,0.3713,-0.4131,0.1593,-0.1613,-0.1845,2880.0
Anomalia,0.0094,0.1181,0.2873,-0.2213,0.1185,0.0765,-0.7975,2880.0
Anomalia,0.0177,0.1156,0.2804,-0.2314,0.117,-0.0949,-0.7572,2880.0
Anomalia,0.0074,0.1468,0.2804,-0.3473,0.147,-0.198,-0.8588,2880.0
Anomalia,-0.0,0.1452,0.2804,-0.3473,0.1452,-0.1476,-0.9081,2640.0
Anomalia,0.0074,0.1505,0.282,-0.3473,0.1506,-0.1154,-0.9469,2640.0
Anomalia,0.0026,0.1813,0.461,-0.3473,0.1813,0.1713,-0.7988,2640.0
Anomalia,0.0108,0.1774,0.461,-0.3079,0.1777,0.2578,-0.7739,2640.0
Anomalia,0.0182,0.1807,0.461,-0.3079,0.1816,0.157,-0.8305,2400.0
Anomalia,0.004,0.2059,0.461,-0.4135,0.2059,0.0566,-0.9435,2400.0
Anomalia,0.0085,0.2138,0.4087,-0.4135,0.214,-0.0561,-1.0192,2880.0
Anomalia,0.0111,0.2359,0.475,-0.4145,0.2361,-0.0673,-1.0927,2640.0
Anomalia,0.0019,0.2427,0.475,-0.4145,0.2427,0.0035,-1.2411,2640.0
Anomalia,0.0211,0.2161,0.475,-0.4145,0.2171,-0.1009,-0.8622,2640.0
Anomalia,0.0166,0.1818,0.475,-0.4145,0.1825,-0.1331,-0.3638,2880.0
Anomalia,0.004,0.15,0.2595,-0.3138,0.1501,-0.2486,-1.0316,2880.0
Anomalia,0.0066,0.14,0.2501,-0.2829,0.1401,-0.2737,-1.0544,2880.0
Anomalia,-0.0056,0.1567,0.2741,-0.2829,0.1568,-0.095,-1.2674,2880.0
Anomalia,-0.0013,0.1542,0.2741,-0.2829,0.1542,-0.135,-1.1849,2880.0
Anomalia,0.0117,0.1386,0.2741,-0.2702,0.1391,-0.1352,-0.9083,2880.0
Anomalia,0.015,0.1278,0.2741,-0.2702,0.1287,0.0121,-0.5695,2880.0
Anomalia,0.013,0.1078,0.2893,-0.194,0.1086,0.3208,-0.4241,2640.0
Anomalia,0.0042,0.1152,0.2893,-0.2215,0.1153,0.3284,-0.5455,2640.0
Anomalia,0.0057,0.1177,0.3102,-0.2215,0.1178,0.3972,-0.3022,2400.0
Anomalia,0.0106,0.1314,0.3102,-0.2215,0.1319,0.2481,-0.7728,2400.0
Anomalia,0.0119,0.1284,0.3102,-0.2215,0.129,0.2506,-0.8201,2880.0
Anomalia,0.0128,0.1154,0.3102,-0.217,0.1161,0.4087,-0.3779,2880.0
Anomalia,0.0115,0.1255,0.3409,-0.3148,0.126,0.2094,-0.1682,2880.0
Anomalia,-0.0022,0.1585,0.3718,-0.4162,0.1585,-0.1032,0.0854,2880.0
Anomalia,0.01,0.1819,0.3853,-0.4162,0.1822,-0.0997,-0.4131,2880.0
Anomalia,0.0075,0.1891,0.3853,-0.4162,0.1893,-0.1253,-0.6423,2880.0
Anomalia,0.0027,0.1976,0.3853,-0.4162,0.1976,-0.0505,-0.8936,2880.0
Anomalia,0.0112,0.2112,0.5297,-0.4869,0.2115,-0.0599,-0.4804,2880.0
Anomalia,-0.0031,0.2014,0.5297,-0.4869,0.2014,0.1501,-0.1329,2880.0
Anomalia,0.0069,0.1994,0.5297,-0.4869,0.1995,0.0564,-0.1039,2880.0
Anomalia,0.0089,0.1899,0.5297,-0.4869,0.1901,0.0501,0.1984,2880.0
Anomalia,0.013,0.1384,0.4237,-0.2697,0.1391,0.3066,-0.246,2880.0
Anomalia,0.0156,0.124,0.2718,-0.2336,0.125,-0.0476,-0.8501,2400.0
Anomalia,0.0098,0.1575,0.3342,-0.345,0.1578,0.023,-0.8327,2880.0
Anomalia,0.0027,0.1572,0.3342,-0.345,0.1572,0.0122,-0.806,2640.0
Anomalia,0.0074,0.1675,0.3342,-0.345,0.1676,0.0514,-1.0574,2880.0
Anomalia,0.0063,0.1741,0.3342,-0.345,0.1742,0.0445,-1.2254,2880.0
Anomalia,0.0111,0.1466,0.2852,-0.2311,0.1471,0.0324,-1.2748,2880.0
Anomalia,0.0253,0.1489,0.2908,-0.267,0.151,-0.0308,-1.2389,2880.0
Anomalia,0.0097,0.1643,0.3075,-0.3338,0.1646,-0.1911,-1.0293,2880.0
Anomalia,0.0078,0.193,0.4562,-0.3947,0.1931,-0.1039,-0.9106,2880.0
Anomalia,0.0018,0.2639,0.6855,-0.6094,0.2639,0.0546,-0.535,2880.0
Anomalia,-0.0079,0.2836,0.6855,-0.6094,0.2837,0.1163,-0.8596,2640.0
Anomalia,0.0074,0.273,0.6855,-0.6094,0.2731,0.0441,-0.6118,2640.0
Anomalia,0.0127,0.2578,0.6855,-0.6094,0.2581,-0.0033,-0.2845,2880.0
Anomalia,0.0128,0.1767,0.4598,-0.4742,0.1772,-0.0272,-0.0597,2880.0
Anomalia,0.0084,0.128,0.3653,-0.2956,0.1283,0.2159,-0.0038,2880.0
Anomalia,-0.0078,0.1372,0.2718,-0.3142,0.1375,-0.0971,-0.5037,2880.0
Anomalia,0.0033,0.1304,0.296,-0.3142,0.1304,-0.2015,-0.2267,2880.0
Anomalia,0.0119,0.1451,0.3008,-0.3142,0.1456,-0.1406,-0.6747,2640.0
Anomalia,0.0151,0.1613,0.3213,-0.3142,0.162,-0.1132,-1.0061,2640.0
Anomalia,0.024,0.1465,0.3213,-0.295,0.1485,-0.0769,-0.8974,2640.0
Anomalia,0.0048,0.1417,0.3213,-0.295,0.1418,0.1552,-0.8654,2640.0
Anomalia,-0.0077,0.1593,0.3799,-0.3626,0.1594,0.1217,-0.7684,2640.0
Anomalia,0.0026,0.17,0.3818,-0.3626,0.17,0.1723,-0.85,2640.0
Anomalia,0.0046,0.1679,0.3818,-0.3626,0.1679,0.1377,-0.7556,2640.0
Anomalia,0.0166,0.1621,0.3818,-0.3626,0.1629,0.0124,-0.5666,2640.0
Anomalia,0.021,0.1403,0.3818,-0.2777,0.1418,0.0958,-0.5148,2880.0
Anomalia,0.0075,0.1392,0.4393,-0.333,0.1394,-0.0463,0.3294,2400.0
Anomalia,0.0027,0.1813,0.4393,-0.3895,0.1813,0.0591,-0.2928,2640.0
Anomalia,0.003,0.244,0.5382,-0.5147,0.244,0.1126,-0.686,2640.0
Anomalia,0.0051,0.2476,0.5382,-0.5147,0.2477,0.0903,-0.7893,2640.0
Anomalia,0.0177,0.2336,0.5382,-0.5147,0.2343,-0.0283,-0.518,2640.0
Anomalia,0.0097,0.2302,0.5382,-0.5147,0.2304,-0.0688,-0.3727,2880.0
Anomalia,0.0084,0.1749,0.4535,-0.4477,0.1751,-0.0598,-0.0759,2880.0
Anomalia,0.0084,0.1742,0.4535,-0.4477,0.1744,-0.121,0.0431,2880.0
Anomalia,0.0018,0.19,0.4535,-0.4477,0.19,-0.0683,-0.5126,2880.0
Anomalia,0.0204,0.1574,0.4535,-0.3252,0.1587,0.0751,-0.3296,2880.0
Anomalia,0.0178,0.1406,0.2762,-0.3252,0.1417,-0.2788,-0.3238,2640.0
Anomalia,0.0189,0.1438,0.2762,-0.3252,0.1451,-0.2044,-0.5441,2880.0
Anomalia,0.0165,0.1306,0.2762,-0.2973,0.1316,-0.0174,-0.6484,2880.0
Anomalia,0.0005,0.1321,0.2666,-0.2973,0.1321,0.009,-0.8118,2640.0
Anomalia,0.0031,0.1479,0.3346,-0.2973,0.148,0.1246,-0.9881,2640.0
Anomalia,0.009,0.1336,0.3346,-0.243,0.1339,0.1244,-0.8492,2640.0
Anomalia,0.0109,0.1183,0.3346,-0.212,0.1188,0.0662,-0.4586,2640.0
Anomalia,0.0266,0.1095,0.3346,-0.212,0.1127,0.0348,-0.0807,2880.0
Anomalia,0.0084,0.1028,0.2324,-0.2929,0.1031,-0.4172,-0.0219,2400.0
Anomalia,-0.0044,0.1381,0.3017,-0.3826,0.1381,-0.3541,-0.0544,2640.0
Anomalia,0.003,0.1712,0.3932,-0.3826,0.1712,-0.046,-0.5698,2640.0
Anomalia,-0.0065,0.1663,0.3932,-0.3826,0.1664,0.0806,-0.3513,2640.0
Anomalia,0.0192,0.1627,0.3932,-0.3826,0.1638,-0.1661,-0.2266,2880.0
Anomalia,0.0326,0.1876,0.4932,-0.4285,0.1904,0.0613,-0.0617,2880.0
Anomalia,0.0015,0.2088,0.4932,-0.5155,0.2088,-0.1932,-0.078,2640.0
Anomalia,0.0098,0.2486,0.5053,-0.5155,0.2488,-0.0454,-0.8904,2640.0
Anomalia,0.0022,0.2606,0.5053,-0.5155,0.2606,0.0241,-1.1405,2640.0
Anomalia,-0.0081,0.2247,0.5053,-0.5155,0.2248,-0.0056,-0.7054,2640.0
Anomalia,0.0265,0.2076,0.5053,-0.3467,0.2093,0.1073,-0.8544,2400.0
Anomalia,0.0207,0.2077,0.3761,-0.4477,0.2088,-0.129,-0.9038,2880.0
Anomalia,0.008,0.2298,0.46,-0.4477,0.23,-0.0283,-1.0485,2640.0
Anomalia,0.0123,0.2441,0.46,-0.4477,0.2444,-0.0414,-1.2803,2640.0
Anomalia,-0.0026,0.2361,0.46,-0.4477,0.2361,0.0303,-1.1986,2640.0
Anomalia,0.0022,0.2013,0.46,-0.4039,0.2013,0.0076,-0.8394,2880.0
Anomalia,0.0109,0.163,0.3887,-0.3265,0.1634,-0.0,-0.8283,2880.0
Anomalia,0.0052,0.1756,0.3085,-0.4992,0.1757,-0.4073,-0.3443,2880.0
Anomalia,0.0078,0.1647,0.3085,-0.4992,0.1649,-0.4721,0.0624,2880.0
Anomalia,0.0054,0.1786,0.3413,-0.4992,0.1787,-0.402,-0.3417,2880.0
Anomalia,0.0085,0.1879,0.3413,-0.4992,0.1881,-0.3573,-0.5649,2880.0
Anomalia,0.0173,0.16,0.3413,-0.345,0.161,-0.1695,-0.8139,2880.0
Anomalia,0.0143,0.1635,0.3413,-0.345,0.1641,-0.168,-0.981,2880.0
Anomalia,0.015,0.1622,0.3029,-0.3006,0.1629,-0.0979,-1.1849,2880.0
Anomalia,0.0082,0.1425,0.2806,-0.3006,0.1428,-0.0297,-0.9668,2880.0
Anomalia,0.008,0.1515,0.3538,-0.3006,0.1517,0.0665,-0.8721,2880.0
Anomalia,0.0116,0.1718,0.3788,-0.358,0.1722,0.0817,-0.7628,2880.0
Anomalia,0.007,0.1513,0.3788,-0.358,0.1515,0.1947,-0.0522,2640.0
Anomalia,0.0142,0.1923,0.4318,-0.4571,0.1928,0.0432,-0.5437,2880.0
Anomalia,0.005,0.2374,0.5754,-0.4973,0.2374,0.0704,-0.5722,2880.0
Anomalia,-0.0018,0.231,0.5754,-0.4973,0.231,0.1358,-0.4109,2880.0
Anomalia,0.006,0.2334,0.5754,-0.4973,0.2335,0.0574,-0.5134,2640.0
Anomalia,0.0001,0.2089,0.5754,-0.4973,0.2089,0.0738,0.0285,2880.0
Anomalia,0.0069,0.1758,0.3803,-0.3538,0.1759,0.0885,-0.6885,2880.0
Anomalia,0.0276,0.176,0.4012,-0.3538,0.1782,0.0332,-0.6491,2640.0
Anomalia,0.0128,0.1838,0.4012,-0.3538,0.1842,0.1319,-0.8704,2640.0
Anomalia,0.006,0.1799,0.4012,-0.3538,0.18,0.2663,-0.7895,2640.0
Anomalia,0.0074,0.1629,0.4012,-0.291,0.1631,0.2361,-0.8719,2400.0
Anomalia,-0.0051,0.1529,0.3027,-0.2754,0.153,0.1342,-1.1669,2640.0
Anomalia,0.0125,0.1468,0.3027,-0.2754,0.1473,0.023,-1.0363,2640.0
Anomalia,0.0199,0.1416,0.3027,-0.2754,0.143,-0.0463,-0.8601,2640.0
Anomalia,0.0151,0.1229,0.3027,-0.2754,0.1238,-0.0525,-0.5601,2640.0
Anomalia,0.0073,0.1296,0.3019,-0.3492,0.1298,-0.1787,-0.32,2400.0
Anomalia,-0.009,0.1428,0.3019,-0.3492,0.1431,-0.1238,-0.7889,2640.0
Anomalia,0.0014,0.1622,0.3223,-0.3492,0.1622,-0.041,-1.1085,2640.0
Anomalia,0.0125,0.1882,0.3607,-0.3524,0.1886,-0.0478,-1.2178,2640.0
Anomalia,0.0193,0.222,0.5151,-0.4721,0.2228,-0.0619,-0.8335,2640.0
Anomalia,0.0248,0.2597,0.5151,-0.557,0.2608,-0.1588,-0.9635,2880.0
Anomalia,0.0074,0.2617,0.5151,-0.557,0.2618,-0.0179,-1.0223,2880.0
Anomalia,0.0032,0.2433,0.5151,-0.557,0.2433,-0.0231,-0.6208,2640.0
Anomalia,-0.0024,0.1965,0.4982,-0.557,0.1966,-0.0379,0.188,2640.0
Anomalia,0.0074,0.1286,0.3108,-0.2937,0.1288,-0.0955,-0.6656,2640.0
Anomalia,0.0144,0.1399,0.3346,-0.3033,0.1407,-0.1168,-0.4461,2640.0
Anomalia,0.015,0.1476,0.3346,-0.3033,0.1484,-0.0368,-0.5708,2880.0
Anomalia,0.0126,0.1809,0.4037,-0.3567,0.1814,-0.1813,-0.7823,2880.0
Anomalia,0.0066,0.2187,0.4385,-0.4302,0.2188,0.0212,-1.0553,2880.0
Anomalia,0.0027,0.2109,0.4385,-0.4302,0.2109,0.0467,-0.9472,2640.0
Anomalia,0.0022,0.2051,0.4385,-0.4302,0.2051,0.0314,-0.8046,2640.0
Anomalia,0.0135,0.1746,0.4385,-0.4302,0.1751,0.019,-0.1374,2640.0
Anomalia,0.0073,0.1169,0.2635,-0.2898,0.1171,-0.2452,-0.1657,2400.0
Anomalia,0.0155,0.0935,0.2226,-0.2036,0.0948,-0.2661,-0.4571,3120.0
Anomalia,0.013,0.123,0.363,-0.267,0.1237,0.0941,0.0501,2640.0
Anomalia,-0.0012,0.1624,0.363,-0.4669,0.1624,-0.2418,-0.1126,2640.0
Anomalia,0.0114,0.1642,0.363,-0.4669,0.1646,-0.3917,-0.1156,2640.0
Anomalia,0.0122,0.1669,0.363,-0.4669,0.1673,-0.2919,-0.1832,2640.0
Anomalia,0.0074,0.1994,0.4896,-0.4669,0.1996,-0.0554,-0.1717,2880.0
Anomalia,0.011,0.1785,0.4896,-0.4083,0.1788,0.226,0.2343,2640.0
Anomalia,0.0019,0.186,0.4896,-0.4083,0.186,0.3279,-0.0417,2640.0
Anomalia,-0.0107,0.199,0.4896,-0.4083,0.1993,0.2971,-0.4372,2880.0
Anomalia,0.0053,0.1787,0.4227,-0.3403,0.1788,0.2466,-0.7695,2640.0
Anomalia,0.0139,0.1732,0.4227,-0.3403,0.1738,0.1329,-0.645,2640.0
Anomalia,0.015,0.1747,0.4227,-0.3403,0.1753,0.106,-0.7952,2880.0
Anomalia,0.0221,0.1633,0.4227,-0.3179,0.1648,0.1416,-0.6455,2880.0
Anomalia,0.0009,0.1591,0.32,-0.3701,0.1591,-0.1709,-0.933,2880.0
Anomalia,0.0056,0.1792,0.3567,-0.3701,0.1793,-0.072,-1.0902,2880.0
Anomalia,0.0081,0.1931,0.3567,-0.3701,0.1933,-0.0886,-1.1932,2880.0
Anomalia,0.0166,0.1983,0.3567,-0.3701,0.199,-0.1252,-1.226,2880.0
Anomalia,0.0199,0.175,0.3567,-0.3469,0.1761,-0.0365,-0.9444,2880.0
Anomalia,0.0093,0.1504,0.3494,-0.3469,0.1507,0.0267,-0.5225,2880.0
Anomalia,0.0071,0.1203,0.3294,-0.3215,0.1205,0.0755,-0.1244,2880.0
Anomalia,-0.003,0.1226,0.2574,-0.3636,0.1227,-0.303,-0.096,2880.0
Anomalia,0.0051,0.1327,0.3373,-0.3636,0.1328,-0.0464,0.0125,2640.0
Anomalia,0.0099,0.1492,0.3373,-0.3636,0.1495,-0.2278,-0.3247,2640.0
Anomalia,0.0144,0.1827,0.4955,-0.3636,0.1833,-0.0195,-0.5771,2640.0
Anomalia,0.0092,0.1974,0.4955,-0.3761,0.1976,0.0366,-0.7629,2880.0
Anomalia,0.0108,0.1915,0.4955,-0.3761,0.1918,-0.0707,-0.6508,2880.0
Anomalia,0.0084,0.1938,0.4955,-0.3761,0.194,0.0498,-0.7863,2880.0
Anomalia,0.0115,0.1878,0.3901,-0.3761,0.1882,0.0196,-0.9946,2880.0
Anomalia,0.0172,0.1765,0.3901,-0.3457,0.1774,0.0232,-0.8698,2880.0
Anomalia,0.0116,0.1777,0.3901,-0.3457,0.1781,0.0907,-0.9061,2880.0
Anomalia,0.0168,0.1745,0.3901,-0.3457,0.1753,0.0119,-0.8889,2880.0
Anomalia,-0.0019,0.1495,0.373,-0.3457,0.1496,-0.0163,-0.5418,2880.0
Anomalia,0.0061,0.1475,0.3845,-0.325,0.1476,0.2184,-0.6105,2880.0
Anomalia,0.0055,0.1601,0.3845,-0.325,0.1602,0.1916,-0.7446,2880.0
Anomalia,-0.0006,0.154,0.3845,-0.325,0.154,0.2362,-0.5441,2640.0
Anomalia,0.0161,0.1563,0.3845,-0.325,0.1571,0.119,-0.6673,2880.0
Anomalia,0.0079,0.1348,0.3567,-0.3175,0.135,0.0024,-0.6272,2880.0
Anomalia,0.0066,0.1192,0.2871,-0.2449,0.1193,0.0475,-0.6777,2880.0
Anomalia,0.0087,0.1303,0.3225,-0.2825,0.1306,0.1591,-0.5107,2880.0
Anomalia,0.0049,0.158,0.3549,-0.359,0.1581,0.0337,-0.5995,2640.0
Anomalia,0.0161,0.1622,0.3549,-0.359,0.163,-0.0358,-0.7868,2640.0
Anomalia,0.0183,0.1631,0.3549,-0.359,0.1641,-0.0917,-0.799,2640.0
Anomalia,0.0079,0.1665,0.3549,-0.359,0.1666,-0.2048,-0.791,2880.0
Anomalia,0.0087,0.1532,0.343,-0.343,0.1535,-0.1612,-0.8301,2880.0
Anomalia,-0.001,0.1395,0.343,-0.343,0.1395,-0.1158,-0.2701,2880.0
Anomalia,0.0122,0.153,0.343,-0.343,0.1535,-0.0775,-0.6434,2880.0
Anomalia,0.0267,0.14,0.343,-0.2622,0.1426,0.0504,-0.6214,2880.0
Anomalia,0.012,0.1417,0.2896,-0.3186,0.1422,-0.1005,-0.4807,2880.0
Anomalia,0.0105,0.1661,0.2914,-0.3186,0.1665,-0.1431,-1.0753,2640.0
Anomalia,0.0019,0.2102,0.474,-0.5451,0.2102,-0.0411,-0.4303,2640.0
Anomalia,-0.006,0.2368,0.474,-0.5451,0.2369,0.0426,-0.8806,2640.0
Anomalia,0.0176,0.2317,0.474,-0.5451,0.2324,-0.1426,-0.7372,2640.0
Anomalia,0.0202,0.2152,0.474,-0.5451,0.2161,-0.1529,-0.1667,2640.0
Anomalia,0.0117,0.1622,0.4383,-0.4233,0.1626,-0.0571,0.2035,2400.0
Anomalia,0.0169,0.1296,0.3265,-0.3077,0.1307,0.1135,-0.2468,2880.0
Anomalia,-0.0027,0.1228,0.3265,-0.3077,0.1228,0.069,-0.0656,2640.0
Anomalia,-0.0023,0.1226,0.3265,-0.3077,0.1226,0.0544,-0.0527,2640.0
Anomalia,0.0134,0.1146,0.3265,-0.3077,0.1154,-0.2874,0.4517,2880.0
Anomalia,0.01,0.1066,0.2439,-0.295,0.107,-0.4734,-0.0373,2880.0
Anomalia,0.024,0.1095,0.2606,-0.2837,0.1121,-0.2323,-0.2348,2640.0
Anomalia,0.0211,0.1232,0.2606,-0.2837,0.125,-0.2368,-0.7569,2880.0
Anomalia,-0.0015,0.1277,0.2606,-0.2837,0.1277,0.089,-0.907,2880.0
Anomalia,0.0068,0.1428,0.3336,-0.2883,0.143,0.2188,-0.7904,2880.0
Anomalia,-0.0041,0.1487,0.3336,-0.2883,0.1487,0.2052,-0.872,2640.0
Anomalia,0.011,0.158,0.3503,-0.2883,0.1583,0.1619,-0.9425,2640.0
Anomalia,0.0268,0.1531,0.3503,-0.2883,0.1555,-0.0216,-0.8064,2640.0
Anomalia,0.017,0.1498,0.3895,-0.3288,0.1508,-0.0292,-0.3901,2640.0
Anomalia,0.017,0.2055,0.5885,-0.4715,0.2062,0.0068,0.1568,2640.0
Anomalia,-0.0044,0.2742,0.624,-0.6221,0.2742,-0.0178,-0.3017,2640.0
Anomalia,0.0017,0.2809,0.624,-0.6221,0.2809,-0.0632,-0.5114,2640.0
Anomalia,0.0118,0.2675,0.624,-0.6221,0.2677,-0.1847,-0.0824,2640.0
Anomalia,0.0107,0.2327,0.624,-0.6221,0.233,-0.3328,0.7191,2880.0
Anomalia,0.0196,0.1634,0.4189,-0.3557,0.1645,-0.2461,-0.3054,2880.0
Anomalia,0.0103,0.1894,0.4189,-0.3991,0.1897,-0.136,-0.6498,2640.0
Anomalia,-0.0009,0.2021,0.4189,-0.3991,0.2021,0.017,-1.0526,2880.0
Anomalia,0.0183,0.219,0.4517,-0.3991,0.2198,0.0794,-1.0909,2880.0
Anomalia,0.0153,0.2328,0.4517,-0.4227,0.2333,0.0136,-1.1313,2880.0
Anomalia,0.0127,0.2077,0.4517,-0.4227,0.208,0.0928,-0.7244,2880.0
Anomalia,0.0261,0.2034,0.4517,-0.4227,0.2051,-0.0184,-0.6055,2640.0
Anomalia,-0.0025,0.2306,0.4312,-0.5699,0.2306,-0.3134,-0.4608,2640.0
Anomalia,0.0034,0.2225,0.4525,-0.5699,0.2226,-0.3062,-0.2892,2640.0
Anomalia,0.0127,0.2207,0.4525,-0.5699,0.221,-0.4045,-0.1495,2640.0
Anomalia,0.0038,0.2221,0.4525,-0.5699,0.2222,-0.3359,-0.2669,2640.0
Anomalia,0.0189,0.1565,0.4525,-0.3688,0.1576,-0.0177,-0.0164,2640.0
Anomalia,0.0161,0.121,0.246,-0.2595,0.1221,-0.1987,-0.693,2880.0
Anomalia,0.0001,0.1266,0.246,-0.2595,0.1266,-0.0605,-1.0266,2880.0
Anomalia,0.0068,0.1202,0.2437,-0.252,0.1204,0.031,-1.0296,2640.0
Anomalia,0.0067,0.1168,0.2437,-0.252,0.117,0.0081,-0.906,2640.0
Anomalia,0.011,0.1024,0.2437,-0.209,0.103,0.0306,-0.8847,2640.0
Anomalia,0.0206,0.1062,0.3359,-0.2622,0.1082,0.2069,-0.1725,2640.0
Anomalia,0.0112,0.1246,0.3359,-0.3017,0.1251,-0.1439,-0.1549,2880.0
Anomalia,0.0105,0.1306,0.3359,-0.3017,0.1311,-0.0722,-0.4611,2880.0
Anomalia,0.0075,0.135,0.3359,-0.3017,0.1352,0.0669,-0.551,2880.0
Anomalia,0.0045,0.125,0.31,-0.3017,0.1251,0.01,-0.5074,2880.0
Anomalia,0.0106,0.131,0.3,-0.3275,0.1314,0.086,-0.3788,2400.0
Anomalia,0.0189,0.1743,0.4533,-0.401,0.1753,0.0318,-0.2614,2400.0
Anomalia,0.0125,0.2439,0.528,-0.5276,0.2443,-0.1043,-0.5873,2640.0
Anomalia,0.0093,0.2835,0.528,-0.5276,0.2837,-0.0474,-1.1576,2640.0
Anomalia,0.0038,0.2863,0.528,-0.5276,0.2863,-0.0041,-1.1986,2640.0
Anomalia,0.0103,0.2751,0.528,-0.5276,0.2753,-0.0371,-1.041,2640.0
Anomalia,0.0088,0.2244,0.4777,-0.4773,0.2246,0.0746,-0.8483,2640.0
Anomalia,0.017,0.1718,0.4366,-0.3603,0.1727,0.0559,-0.6296,2640.0
Anomalia,0.0208,0.1431,0.4366,-0.2937,0.1446,0.2325,0.0405,2640.0
Anomalia,-0.0046,0.1094,0.277,-0.2779,0.1095,-0.026,-0.3309,2400.0
Anomalia,0.0121,0.1181,0.4101,-0.246,0.1188,0.5431,0.4732,2400.0
Anomalia,0.0127,0.211,0.6079,-0.5188,0.2114,0.2398,0.7275,2640.0
Anomalia,0.01,0.2294,0.6079,-0.5188,0.2296,0.2229,-0.0993,2640.0
Anomalia,0.0221,0.2307,0.6079,-0.5188,0.2318,0.0771,-0.1891,2640.0
Anomalia,0.0117,0.229,0.6079,-0.5188,0.2293,0.0951,-0.157,2880.0
Anomalia,-0.0029,0.191,0.3932,-0.3776,0.191,-0.02,-0.9041,2880.0
Anomalia,0.0093,0.1822,0.3932,-0.3776,0.1824,-0.1332,-0.6674,2640.0
Anomalia,0.0068,0.1766,0.3932,-0.3776,0.1767,-0.1116,-0.4177,2640.0
Anomalia,0.0154,0.1602,0.3932,-0.3776,0.1609,-0.1841,0.3242,2880.0
Anomalia,0.028,0.1215,0.3682,-0.2647,0.1247,0.1154,-0.1531,2400.0
Anomalia,0.0093,0.1553,0.3724,-0.4078,0.1556,-0.2524,0.0678,2880.0
Anomalia,0.0085,0.1819,0.3724,-0.4078,0.1821,-0.1828,-0.8133,2880.0
Anomalia,0.0015,0.2112,0.3724,-0.4078,0.2112,-0.0702,-1.24,2880.0
Anomalia,0.0083,0.2138,0.3724,-0.4078,0.214,-0.0818,-1.2411,2880.0
Anomalia,0.0155,0.1996,0.3615,-0.3889,0.2002,-0.0428,-1.2344,2880.0
Anomalia,0.0164,0.1842,0.3615,-0.3889,0.1849,-0.046,-0.9986,2880.0
Anomalia,0.0122,0.1686,0.3615,-0.3463,0.1691,-0.0432,-1.005,2880.0
Anomalia,0.0007,0.1493,0.3459,-0.3463,0.1493,-0.0895,-0.5798,2880.0
Anomalia,0.007,0.1394,0.2687,-0.3463,0.1396,-0.1781,-0.67,2880.0
Anomalia,0.0103,0.1522,0.3209,-0.3463,0.1526,-0.0346,-0.8426,2880.0
Anomalia,0.0165,0.141,0.3209,-0.2641,0.142,0.1429,-0.8764,2640.0
Anomalia,0.0177,0.1465,0.3209,-0.2641,0.1475,0.1094,-1.0769,2880.0
Anomalia,0.0161,0.1526,0.3492,-0.2641,0.1534,0.1264,-0.9382,2880.0
Anomalia,0.0007,0.1702,0.3492,-0.3849,0.1702,-0.0583,-0.7454,2880.0
Anomalia,0.0034,0.1668,0.3492,-0.3849,0.1668,-0.1099,-0.673,2640.0
Anomalia,0.0105,0.1645,0.3492,-0.3849,0.1649,-0.2304,-0.5458,2640.0
Anomalia,0.0102,0.1379,0.3438,-0.3849,0.1383,-0.5184,0.5616,2640.0
Anomalia,0.0309,0.1109,0.3117,-0.2113,0.1152,0.1571,-0.3433,2400.0
Anomalia,0.0089,0.1631,0.338,-0.5048,0.1633,-0.5794,0.6963,2640.0
Anomalia,0.0022,0.2164,0.5376,-0.5048,0.2164,-0.0755,-0.3893,2640.0
Anomalia,0.0027,0.2338,0.5376,-0.5048,0.2338,-0.0427,-0.9217,2640.0
Anomalia,-0.0047,0.2247,0.5376,-0.5048,0.2248,-0.014,-0.6886,2880.0
Anomalia,0.0175,0.2008,0.5376,-0.4289,0.2015,0.0576,-0.5128,2880.0
Anomalia,0.0275,0.1411,0.3088,-0.3077,0.1437,-0.0831,-0.6641,2880.0
Anomalia,0.0194,0.1139,0.3088,-0.2737,0.1155,0.1752,-0.2267,2640.0
Anomalia,0.0137,0.1294,0.3088,-0.3252,0.1301,-0.0939,-0.2308,2640.0
Anomalia,0.0066,0.1248,0.2729,-0.3252,0.125,-0.1848,-0.2465,2640.0
Anomalia,-0.0004,0.1304,0.2729,-0.3252,0.1304,-0.1794,-0.6015,2640.0
Anomalia,0.0113,0.133,0.2729,-0.3252,0.1335,-0.3845,-0.6533,2640.0
Anomalia,0.0204,0.1129,0.2729,-0.2601,0.1147,-0.4008,-0.4921,2640.0
Anomalia,0.0178,0.104,0.1923,-0.2474,0.1055,-0.5075,-0.6554,2640.0
Anomalia,0.0115,0.1108,0.2295,-0.2474,0.1113,-0.2912,-0.7093,2640.0
Anomalia,0.0003,0.1173,0.2295,-0.2474,0.1173,-0.0742,-0.95,2640.0
Anomalia,0.0102,0.1233,0.29,-0.2474,0.1237,-0.0723,-0.8173,2640.0
Anomalia,0.0117,0.1241,0.29,-0.237,0.1247,-0.0789,-0.8685,2880.0
Anomalia,0.0145,0.1154,0.29,-0.2397,0.1163,-0.161,-0.6425,2640.0
Anomalia,0.0145,0.1717,0.4337,-0.426,0.1723,-0.2874,0.1229,2880.0
Anomalia,0.0025,0.1797,0.4337,-0.426,0.1797,-0.0691,-0.2595,2880.0
Anomalia,0.0056,0.1735,0.4337,-0.426,0.1736,-0.0863,0.0686,2880.0
Anomalia,0.0066,0.17,0.4337,-0.426,0.1701,-0.0695,0.26,2880.0
Anomalia,0.0151,0.1175,0.3519,-0.2466,0.1185,0.2652,-0.5076,2880.0
Anomalia,0.0128,0.1178,0.3146,-0.2833,0.1185,0.055,-0.5751,2880.0
Anomalia,0.0136,0.1716,0.3945,-0.4396,0.1721,-0.1419,-0.0559,2880.0
Anomalia,0.01,0.1852,0.3945,-0.4396,0.1854,-0.1381,-0.5794,2880.0
Anomalia,0.0125,0.2151,0.4577,-0.4396,0.2155,-0.0431,-0.8698,2880.0
Anomalia,0.0113,0.244,0.4577,-0.4396,0.2442,-0.0719,-1.1353,2880.0
Anomalia,0.0152,0.2326,0.4577,-0.4277,0.2331,-0.0528,-1.0686,2880.0
Anomalia,0.0198,0.2336,0.4577,-0.4277,0.2344,-0.0487,-1.0966,2640.0
Anomalia,0.016,0.2063,0.4466,-0.4195,0.207,-0.0285,-0.7702,2640.0
Anomalia,0.0183,0.1788,0.4466,-0.3423,0.1797,0.0668,-0.939,2640.0
Anomalia,0.0082,0.1556,0.3179,-0.2583,0.1558,0.1469,-1.0709,2640.0
Anomalia,0.0074,0.1378,0.2898,-0.2583,0.138,0.0915,-0.7434,2640.0
Anomalia,0.0073,0.1312,0.2629,-0.2583,0.1314,-0.078,-0.7586,2640.0
Anomalia,0.0087,0.1084,0.214,-0.2503,0.1087,-0.198,-0.6883,2640.0
Anomalia,0.0126,0.1193,0.3004,-0.2885,0.1199,-0.1912,-0.5087,2640.0
Anomalia,0.013,0.1292,0.3004,-0.2885,0.1298,-0.1284,-0.7414,2640.0
Anomalia,0.0072,0.1279,0.3004,-0.2885,0.1281,-0.1718,-0.5865,2640.0
Anomalia,0.0161,0.1403,0.372,-0.2885,0.1412,0.1589,-0.3144,2880.0
Anomalia,0.0152,0.1624,0.3962,-0.3446,0.1632,0.1413,-0.3027,2880.0
Anomalia,0.0165,0.1578,0.3962,-0.3446,0.1587,0.0862,-0.0839,2880.0
Anomalia,0.0219,0.2026,0.5708,-0.3761,0.2038,0.1909,-0.4174,2880.0
Anomalia,-0.0079,0.2846,0.6254,-0.7448,0.2847,-0.1211,-0.2492,2880.0
Anomalia,0.0061,0.2792,0.6254,-0.7448,0.2792,-0.223,-0.0301,2640.0
Anomalia,0.0125,0.2917,0.6254,-0.7448,0.292,-0.2202,-0.3887,2640.0
Anomalia,0.0076,0.2768,0.6254,-0.7448,0.2769,-0.2961,-0.1493,2880.0
Anomalia,0.0302,0.1872,0.4275,-0.3027,0.1896,0.0331,-0.9464,2880.0
Anomalia,0.0136,0.1739,0.4039,-0.3027,0.1744,0.1198,-0.8059,2880.0
Anomalia,0.0018,0.1927,0.4156,-0.3953,0.1927,0.0806,-0.7902,2880.0
Anomalia,0.0077,0.2113,0.4262,-0.4406,0.2114,0.0494,-0.7396,2880.0
Anomalia,0.0054,0.2034,0.4262,-0.4406,0.2034,0.0756,-0.4885,2880.0
Anomalia,0.0161,0.2267,0.4262,-0.4406,0.2273,0.0324,-0.9606,2880.0
Anomalia,0.0222,0.2102,0.4262,-0.4406,0.2113,0.0085,-0.8474,2880.0
Anomalia,0.0114,0.1794,0.4068,-0.3609,0.1798,0.0543,-0.6122,2880.0
Anomalia,0.0139,0.1798,0.4068,-0.3609,0.1804,0.0121,-0.6221,2880.0
Anomalia,0.0081,0.1419,0.3407,-0.3609,0.1422,-0.1921,-0.151,3360.0
Anomalia,0.0067,0.1266,0.2639,-0.3609,0.1268,-0.2287,-0.2928,2640.0
Anomalia,0.0209,0.1317,0.2802,-0.2514,0.1334,0.0802,-0.959,2640.0
Anomalia,0.0174,0.1331,0.2802,-0.2514,0.1342,0.0975,-1.0196,2880.0
Anomalia,0.0144,0.1438,0.2802,-0.2626,0.1445,0.0113,-1.1268,2880.0
Anomalia,0.0133,0.1695,0.3546,-0.3469,0.1701,-0.0491,-0.8854,2880.0
Anomalia,0.0061,0.2036,0.4658,-0.4418,0.2037,-0.0299,-0.71,2640.0
Anomalia,0.007,0.2366,0.4658,-0.4418,0.2367,0.0501,-1.1484,2640.0
Anomalia,0.0139,0.2449,0.4658,-0.4418,0.2453,0.0503,-1.2109,2640.0
Anomalia,0.0193,0.2173,0.4658,-0.4418,0.2181,0.0435,-0.6432,2640.0
Anomalia,0.0162,0.1752,0.4335,-0.3705,0.176,0.2581,-0.0009,2880.0
Anomalia,0.0079,0.1415,0.4335,-0.3131,0.1417,0.193,0.0935,2880.0
Anomalia,0.0037,0.14,0.2944,-0.3363,0.1401,-0.2312,-0.6611,2880.0
Anomalia,0.007,0.1436,0.2944,-0.3363,0.1438,-0.2243,-0.7637,2880.0
Anomalia,0.0107,0.1378,0.2944,-0.3363,0.1382,-0.3251,-0.4409,2640.0
Anomalia,0.0315,0.1269,0.3142,-0.3363,0.1308,-0.2426,0.2352,3120.0
Anomalia,0.0228,0.1244,0.3142,-0.3115,0.1265,-0.3532,0.2866,2880.0
Anomalia,0.0052,0.1598,0.3421,-0.3334,0.1599,-0.136,-0.5362,2640.0
Anomalia,0.009,0.1765,0.3421,-0.3334,0.1768,-0.1264,-1.0195,2640.0
Anomalia,-0.008,0.1691,0.3421,-0.3334,0.1693,0.0061,-0.8982,2640.0
Anomalia,0.0128,0.1613,0.3421,-0.3334,0.1618,0.0137,-0.7527,2640.0
Anomalia,0.0265,0.128,0.3183,-0.2729,0.1307,0.1304,-0.6198,2640.0
Anomalia,0.0133,0.1114,0.3183,-0.242,0.1122,0.374,-0.1813,2640.0
Anomalia,0.0173,0.1278,0.3183,-0.242,0.129,0.2228,-0.6806,2880.0
Anomalia,0.0045,0.118,0.2697,-0.242,0.1181,0.1097,-0.6565,2400.0
Anomalia,-0.0021,0.1441,0.339,-0.2741,0.1441,0.2255,-0.7241,2880.0
Anomalia,0.0194,0.1883,0.4356,-0.3663,0.1893,0.2077,-0.8569,2880.0
Anomalia,0.0125,0.1785,0.4356,-0.3663,0.1789,0.3182,-0.4833,2640.0
Anomalia,0.0124,0.1951,0.4356,-0.3663,0.1955,0.2253,-0.8963,2880.0
Anomalia,0.0182,0.185,0.4356,-0.3663,0.1859,0.2046,-0.7315,2880.0
Anomalia,-0.0,0.1355,0.3077,-0.3183,0.1355,0.1979,-0.4416,2880.0
Anomalia,0.0149,0.1449,0.3156,-0.3183,0.1457,0.1453,-0.691,2880.0
Anomalia,0.018,0.1303,0.3156,-0.2355,0.1315,0.2516,-0.856,2880.0
Anomalia,0.0156,0.1291,0.3156,-0.3292,0.13,0.0876,-0.4369,2880.0
Anomalia,0.0236,0.1718,0.3774,-0.3866,0.1734,-0.1073,-0.6312,2880.0
Anomalia,0.0104,0.1627,0.3774,-0.3866,0.163,-0.0276,-0.328,2880.0
Anomalia,0.0132,0.1797,0.3774,-0.3866,0.1802,-0.0273,-0.6664,2880.0
Anomalia,0.0096,0.1684,0.3774,-0.3866,0.1686,0.081,-0.3124,2880.0
Anomalia,0.0125,0.1296,0.3338,-0.3042,0.1302,0.2854,0.3247,2880.0
Anomalia,0.022,0.1584,0.3338,-0.3382,0.1599,0.044,-0.497,2880.0
Anomalia,0.0135,0.1603,0.3442,-0.3382,0.1608,0.0536,-0.4144,2640.0
Anomalia,0.0089,0.1873,0.3868,-0.3382,0.1875,0.0337,-0.9531,2640.0
Anomalia,0.0049,0.2206,0.4183,-0.3922,0.2206,0.0284,-1.2768,2640.0
Anomalia,-0.0052,0.2438,0.4183,-0.4427,0.2439,0.0625,-1.2967,2880.0
Anomalia,0.0111,0.2371,0.4183,-0.4427,0.2373,-0.0435,-1.2056,2880.0
Anomalia,0.0246,0.225,0.4183,-0.4427,0.2264,-0.1723,-1.0129,2880.0
Anomalia,0.0175,0.1906,0.4124,-0.4427,0.1915,-0.0995,-0.4462,2880.0
Anomalia,0.0239,0.1354,0.3438,-0.2232,0.1375,0.1732,-0.8187,2880.0
Anomalia,0.0102,0.1124,0.2708,-0.2232,0.1129,0.0681,-0.8207,2880.0
Anomalia,0.0035,0.0918,0.1984,-0.1769,0.0918,0.0189,-0.857,2880.0
Anomalia,0.0161,0.0866,0.1984,-0.1769,0.088,-0.0449,-0.6074,2880.0
Anomalia,0.0115,0.0876,0.1984,-0.2124,0.0884,-0.0639,-0.4661,3360.0
Anomalia,0.0105,0.0811,0.193,-0.2124,0.0818,-0.0868,-0.2465,3360.0
Anomalia,0.0097,0.1144,0.3344,-0.2985,0.1148,-0.1608,0.305,3360.0
Anomalia,0.0005,0.1341,0.3344,-0.2985,0.1341,-0.0512,-0.5554,2880.0
Anomalia,0.0192,0.1415,0.3344,-0.2985,0.1428,-0.1119,-0.7013,2640.0
Anomalia,0.0272,0.1735,0.3803,-0.333,0.1757,-0.1362,-1.0423,2640.0
Anomalia,0.0182,0.1685,0.3803,-0.333,0.1695,-0.0438,-1.053,2880.0
Anomalia,0.0172,0.1569,0.3803,-0.333,0.1579,0.0359,-0.7692,2640.0
Anomalia,-0.0027,0.1662,0.3803,-0.333,0.1662,0.135,-0.8898,2640.0
Anomalia,-0.0083,0.2178,0.63,-0.5301,0.2179,0.1848,0.2727,2640.0
Anomalia,0.0156,0.2454,0.63,-0.5301,0.2459,0.1508,-0.3717,2880.0
Anomalia,0.0185,0.259,0.63,-0.5301,0.2596,0.0845,-0.7611,2880.0
Anomalia,0.0261,0.2589,0.63,-0.5301,0.2602,0.052,-0.7097,2880.0
Anomalia,0.0249,0.2509,0.5858,-0.6054,0.2521,0.0205,-0.5798,2880.0
Anomalia,0.0044,0.2267,0.5858,-0.6054,0.2268,0.0016,-0.1929,2880.0
Anomalia,0.012,0.2106,0.5858,-0.6054,0.2109,-0.0878,0.4906,2640.0
Anomalia,0.0079,0.194,0.5858,-0.6054,0.1942,-0.1188,1.3392,2640.0
Anomalia,0.0112,0.1091,0.2303,-0.2543,0.1097,-0.3355,-0.5237,2880.0
Anomalia,0.025,0.0748,0.1869,-0.1433,0.0789,-0.2119,-0.5982,2880.0
Anomalia,0.0116,0.0656,0.1694,-0.1433,0.0666,-0.029,-0.4188,2640.0
Anomalia,0.0107,0.0595,0.1396,-0.1456,0.0604,-0.2926,0.0279,2640.0
Anomalia,0.0087,0.049,0.1227,-0.1456,0.0498,-0.3754,0.2994,480.0
Anomalia,0.001,0.054,0.1222,-0.1456,0.054,-0.1094,-0.2985,2400.0
Anomalia,0.0196,0.0769,0.2668,-0.1456,0.0794,0.6091,0.8589,3360.0
Anomalia,0.0152,0.1059,0.2668,-0.2643,0.1069,-0.1239,0.1473,2880.0
Anomalia,0.0181,0.1309,0.319,-0.2643,0.1321,-0.025,-0.6967,2880.0
Anomalia,0.0161,0.1492,0.319,-0.3177,0.15,-0.1436,-1.0007,2880.0
Anomalia,0.0008,0.1791,0.3457,-0.3624,0.1791,-0.0937,-1.1144,2640.0
Anomalia,0.0066,0.1823,0.3457,-0.3624,0.1825,-0.079,-1.1384,2640.0
Anomalia,0.0134,0.176,0.3457,-0.3624,0.1766,-0.184,-0.9843,2640.0
Anomalia,0.0153,0.1704,0.3457,-0.3624,0.171,-0.1977,-0.8526,2640.0
Anomalia,0.02,0.1544,0.3006,-0.2875,0.1557,-0.0724,-1.0318,2880.0
Anomalia,0.0085,0.1702,0.3133,-0.3373,0.1704,-0.2408,-0.9477,2880.0
Anomalia,0.0016,0.182,0.3169,-0.3373,0.182,-0.1451,-1.1604,2640.0
Anomalia,0.0114,0.1781,0.3169,-0.3373,0.1784,-0.2234,-1.0485,2640.0
Anomalia,0.0124,0.1567,0.3169,-0.3373,0.1572,-0.3668,-0.4593,2640.0
Anomalia,0.0303,0.1684,0.4871,-0.4517,0.1711,-0.0808,0.4302,2400.0
Anomalia,0.0151,0.2222,0.5074,-0.533,0.2227,-0.2604,0.1688,2880.0
Anomalia,0.0038,0.2654,0.5247,-0.533,0.2654,-0.041,-0.717,2640.0
Anomalia,0.0073,0.2832,0.5247,-0.533,0.2833,-0.0382,-1.1142,2640.0
Anomalia,0.0015,0.2555,0.5247,-0.533,0.2555,-0.047,-0.6797,2640.0
Anomalia,0.0201,0.1932,0.5247,-0.4754,0.1942,-0.0182,0.2855,2640.0
Anomalia,0.0251,0.126,0.3649,-0.3206,0.1285,-0.0067,0.4034,2880.0
Anomalia,0.0145,0.1104,0.2791,-0.2626,0.1114,-0.0886,-0.2919,2640.0
Anomalia,0.0145,0.1118,0.2791,-0.2626,0.1127,-0.1345,-0.3243,2880.0
Anomalia,0.0108,0.1386,0.2791,-0.3229,0.139,-0.1461,-0.6961,2880.0
Anomalia,0.009,0.1496,0.2791,-0.3229,0.1499,-0.0292,-0.9701,2880.0
Anomalia,0.0198,0.1334,0.2597,-0.3229,0.1349,-0.1894,-0.6347,2640.0
Anomalia,0.0214,0.1342,0.2597,-0.3229,0.1359,-0.1448,-0.6563,2880.0
Anomalia,0.0138,0.1305,0.2702,-0.2881,0.1312,-0.0467,-0.7579,2880.0
Anomalia,0.0192,0.1105,0.2702,-0.2881,0.1121,-0.2901,0.0531,2880.0
Anomalia,0.0021,0.1227,0.2967,-0.2898,0.1227,-0.2336,-0.2056,2400.0
Anomalia,0.004,0.1485,0.3645,-0.2973,0.1485,0.041,-0.4609,2400.0
Anomalia,0.014,0.1445,0.3645,-0.2973,0.1452,-0.0347,-0.4367,2640.0
Anomalia,0.0076,0.1586,0.3645,-0.2973,0.1588,0.0657,-0.88,2640.0
Anomalia,0.0232,0.17,0.3645,-0.3094,0.1715,0.0186,-0.9948,2640.0
Anomalia,0.0143,0.1477,0.338,-0.3094,0.1484,0.0458,-0.6887,2640.0
Anomalia,0.0056,0.1352,0.338,-0.3094,0.1353,0.232,-0.2093,2640.0
Anomalia,0.0058,0.1419,0.338,-0.3094,0.142,0.1228,-0.2314,3120.0
Anomalia,0.0073,0.1411,0.324,-0.3025,0.1413,0.0647,-0.4669,2880.0
Anomalia,0.0111,0.1523,0.324,-0.3025,0.1527,0.0542,-0.8548,2880.0
Anomalia,0.025,0.1647,0.324,-0.3025,0.1666,-0.0303,-1.1195,2880.0
Anomalia,0.0223,0.1879,0.3843,-0.396,0.1892,-0.05,-1.0161,2880.0
Anomalia,0.0098,0.186,0.3843,-0.396,0.1863,-0.0154,-0.9945,2640.0
Anomalia,0.0087,0.1839,0.3843,-0.396,0.1841,-0.0452,-0.9152,2640.0
Anomalia,0.0105,0.1743,0.3843,-0.396,0.1746,-0.1731,-0.6582,2640.0
Anomalia,0.0079,0.1388,0.2535,-0.3008,0.139,-0.1942,-0.926,2640.0
Anomalia,0.0099,0.1348,0.3202,-0.3027,0.1351,-0.1706,-0.661,2640.0
Anomalia,0.0197,0.1671,0.4944,-0.3359,0.1682,0.119,-0.2113,2640.0
Anomalia,0.0064,0.2026,0.4944,-0.4039,0.2027,0.0929,-0.7579,2640.0
Anomalia,0.0144,0.2016,0.4944,-0.4039,0.2021,-0.0183,-0.7209,2640.0
Anomalia,0.0203,0.1849,0.4944,-0.4039,0.186,-0.0433,-0.145,2640.0
Anomalia,0.003,0.1876,0.3934,-0.4579,0.1876,-0.2716,-0.2154,2640.0
Anomalia,0.0068,0.2031,0.5466,-0.5691,0.2032,-0.2017,0.306,2640.0
Anomalia,0.0031,0.2632,0.6822,-0.5691,0.2632,0.0276,-0.2897,2640.0
Anomalia,0.0098,0.2802,0.6822,-0.5691,0.2804,0.0097,-0.7686,2640.0
Anomalia,0.0222,0.2657,0.6822,-0.5691,0.2667,-0.0485,-0.5105,2880.0
Anomalia,0.0245,0.2295,0.6822,-0.5626,0.2308,0.0036,0.1502,2880.0
Anomalia,0.0228,0.1561,0.4137,-0.3027,0.1577,0.0703,-0.6928,2880.0
Anomalia,0.0144,0.1534,0.3492,-0.3027,0.1541,-0.0268,-0.842,2880.0
Anomalia,0.0062,0.153,0.3492,-0.3123,0.1531,0.0385,-0.8118,2880.0
Anomalia,-0.0047,0.1759,0.3899,-0.3279,0.176,0.0998,-0.9244,2640.0
Anomalia,0.0103,0.1912,0.3999,-0.3279,0.1914,0.0949,-1.0547,2640.0
Anomalia,0.0126,0.1808,0.3999,-0.3279,0.1812,0.1136,-0.8922,2640.0
Anomalia,0.0186,0.1724,0.3999,-0.3279,0.1734,0.1438,-0.8236,2640.0
Anomalia,0.0237,0.1381,0.3999,-0.2457,0.1401,0.4152,-0.3665,2640.0
Anomalia,0.0096,0.1397,0.304,-0.3094,0.14,0.1741,-0.6511,2880.0
Anomalia,0.0014,0.1834,0.4339,-0.4254,0.1835,0.028,-0.2654,2880.0
Anomalia,0.0062,0.2042,0.4913,-0.4254,0.2043,0.1028,-0.4813,2640.0
Anomalia,0.0127,0.2097,0.4913,-0.4254,0.2101,0.0111,-0.698,2640.0
Anomalia,0.013,0.2044,0.4913,-0.4254,0.2048,-0.0541,-0.4549,2400.0
Anomalia,0.0263,0.2039,0.4913,-0.499,0.2056,-0.087,-0.2863,2400.0
Anomalia,0.0138,0.2059,0.4502,-0.499,0.2064,-0.1857,-0.4668,2640.0
Anomalia,-0.0001,0.2111,0.4502,-0.499,0.2111,-0.033,-0.676,2640.0
Anomalia,0.007,0.2031,0.4502,-0.499,0.2032,-0.0603,-0.5238,2640.0
Anomalia,0.0116,0.1635,0.3448,-0.392,0.164,-0.2216,-0.5516,2640.0
Anomalia,0.0158,0.124,0.2904,-0.2416,0.125,0.0873,-0.7703,2640.0
Anomalia,0.0238,0.1063,0.2904,-0.1736,0.1089,0.3418,-0.6267,2640.0
Anomalia,0.0165,0.1085,0.2904,-0.218,0.1097,0.2108,-0.5771,2640.0
Anomalia,-0.0008,0.1129,0.2589,-0.3125,0.1129,-0.1004,-0.2937,2640.0
Anomalia,0.011,0.1424,0.3398,-0.3125,0.1428,0.104,-0.5404,2640.0
Anomalia,0.0085,0.1712,0.3463,-0.3133,0.1715,0.056,-1.016,2640.0
Anomalia,0.0159,0.1699,0.3463,-0.3133,0.1707,0.0082,-0.9809,2640.0
Anomalia,0.0185,0.1697,0.3463,-0.3133,0.1707,-0.0177,-1.0955,2640.0
Anomalia,0.0103,0.1677,0.3463,-0.3396,0.168,-0.1426,-1.0925,2640.0
Anomalia,0.0145,0.1552,0.3096,-0.3396,0.1559,-0.1219,-1.0957,2640.0
Anomalia,0.0082,0.153,0.3096,-0.3396,0.1533,-0.142,-0.9912,2640.0
Anomalia,0.0106,0.1337,0.3096,-0.3396,0.1341,-0.155,-0.2015,2640.0
Anomalia,0.0251,0.1409,0.4108,-0.334,0.1431,0.1504,0.3147,2880.0
Anomalia,0.0189,0.2182,0.5566,-0.6046,0.219,-0.2416,0.7384,2880.0
Anomalia,0.0144,0.2503,0.5566,-0.6046,0.2507,-0.1684,-0.3671,2880.0
Anomalia,0.0151,0.2656,0.5566,-0.6046,0.266,-0.1513,-0.7975,2880.0
Anomalia,0.0007,0.2533,0.5566,-0.6046,0.2533,-0.0599,-0.5594,2880.0
Anomalia,0.0041,0.222,0.4562,-0.4433,0.222,0.0436,-0.8789,2880.0
Anomalia,0.0162,0.2107,0.4769,-0.3985,0.2113,0.1633,-0.718,2880.0
Anomalia,0.0175,0.1999,0.4769,-0.3985,0.2007,0.1955,-0.5024,2880.0
Anomalia,0.0155,0.2072,0.4769,-0.3985,0.2078,0.16,-0.7535,2880.0
Anomalia,0.01,0.1788,0.4769,-0.3265,0.1791,0.2485,-0.7877,2880.0
Anomalia,0.0019,0.1795,0.3884,-0.3261,0.1795,0.0477,-1.1138,2880.0
Anomalia,0.004,0.2066,0.4012,-0.3628,0.2067,0.0902,-1.2963,2880.0
Anomalia,0.0123,0.2249,0.4095,-0.3628,0.2252,0.0586,-1.3673,2880.0
Anomalia,0.026,0.2203,0.4095,-0.3628,0.2218,-0.0376,-1.2983,2640.0
Anomalia,0.0224,0.1968,0.4095,-0.3628,0.198,0.0402,-1.0009,2640.0
Anomalia,0.0076,0.1623,0.4095,-0.329,0.1625,0.2426,-0.3641,2640.0
Anomalia,0.0146,0.1226,0.2939,-0.3067,0.1235,0.1679,-0.4459,2640.0
Anomalia,0.0048,0.1153,0.2939,-0.2526,0.1154,0.1128,-0.6418,2640.0
Anomalia,0.0119,0.1032,0.2939,-0.2526,0.1039,0.0402,0.0962,2640.0
Anomalia,0.0356,0.1068,0.2939,-0.2526,0.1126,-0.0089,0.072,2880.0
Anomalia,0.0058,0.1139,0.2562,-0.3056,0.114,-0.3006,0.1348,2880.0
Anomalia,0.0079,0.104,0.2562,-0.3056,0.1043,-0.0738,0.7857,2880.0
Anomalia,0.0116,0.1281,0.3709,-0.3056,0.1286,0.2556,0.0821,2880.0
Anomalia,-0.0033,0.1371,0.3709,-0.3056,0.1372,0.349,-0.1311,2880.0
Anomalia,0.0216,0.1295,0.3709,-0.2531,0.1313,0.4409,-0.0572,2400.0
Anomalia,0.0196,0.1356,0.3709,-0.2531,0.137,0.2643,-0.3601,2640.0
Anomalia,0.015,0.1646,0.4702,-0.3866,0.1653,0.361,0.2838,2640.0
Anomalia,0.0141,0.2227,0.5361,-0.5428,0.2232,0.079,-0.0348,2640.0
Anomalia,-0.0006,0.2714,0.5361,-0.5428,0.2714,0.1276,-0.8602,2640.0
Anomalia,0.0106,0.2749,0.5361,-0.5428,0.2751,0.0517,-0.9282,2640.0
Anomalia,0.0138,0.2546,0.5361,-0.5428,0.255,-0.0556,-0.6094,2640.0
Anomalia,0.0161,0.1962,0.4884,-0.4869,0.1969,-0.0454,0.3345,2640.0
Anomalia,0.0226,0.1369,0.3743,-0.2791,0.1387,0.1541,-0.5293,2640.0
Anomalia,0.0125,0.1229,0.3021,-0.2791,0.1235,0.0895,-0.6395,2880.0
Anomalia,0.0099,0.1107,0.3021,-0.2791,0.1111,0.052,-0.0658,2880.0
Anomalia,0.0152,0.1144,0.3021,-0.2791,0.1154,-0.0455,-0.3336,2880.0
Anomalia,0.0133,0.0893,0.217,-0.1613,0.0903,0.0677,-0.8216,2640.0
Anomalia,0.0132,0.1115,0.3073,-0.311,0.1123,-0.1805,0.0339,2640.0
Anomalia,0.0113,0.1113,0.3073,-0.311,0.1119,-0.0871,0.0258,2880.0
Anomalia,0.0002,0.1176,0.3073,-0.311,0.1176,-0.0938,-0.2341,2880.0
Anomalia,0.0162,0.1157,0.3073,-0.311,0.1169,-0.4015,0.0167,2880.0
Anomalia,0.0137,0.0974,0.223,-0.2245,0.0983,-0.4407,-0.3581,2880.0
Anomalia,0.0216,0.1179,0.2556,-0.2245,0.1198,-0.2067,-0.777,2400.0
Anomalia,0.0292,0.1222,0.2556,-0.3071,0.1256,-0.3326,-0.3757,2640.0
Anomalia,0.0014,0.1482,0.3156,-0.393,0.1482,-0.2071,-0.5551,2640.0
Anomalia,0.0045,0.1902,0.3972,-0.3999,0.1903,-0.0427,-0.764,2640.0
Anomalia,0.0081,0.202,0.3972,-0.3999,0.2022,0.0174,-0.8912,2640.0
Anomalia,0.0047,0.1976,0.3972,-0.3999,0.1977,0.0682,-0.8084,2640.0
Anomalia,0.0313,0.1808,0.3972,-0.3999,0.1835,-0.101,-0.4905,2640.0
Anomalia,0.0284,0.1431,0.3824,-0.3083,0.1459,0.0279,-0.4974,2880.0
Anomalia,0.0131,0.1442,0.3661,-0.4108,0.1448,-0.2836,-0.1185,2880.0
Anomalia,0.0105,0.1747,0.3661,-0.4126,0.175,-0.2635,-0.5013,2880.0
Anomalia,0.0038,0.1859,0.3661,-0.4126,0.186,-0.092,-0.8867,2880.0
Anomalia,0.0147,0.1901,0.3661,-0.4126,0.1906,-0.1082,-0.9012,2880.0
Anomalia,0.0188,0.1813,0.3874,-0.4126,0.1823,0.022,-0.8939,2880.0
Anomalia,0.02,0.1619,0.3874,-0.3246,0.1632,0.1033,-0.8922,2640.0
Anomalia,0.0182,0.2079,0.5397,-0.4806,0.2086,0.2137,-0.318,2640.0
Anomalia,-0.0005,0.2613,0.5397,-0.567,0.2613,0.0313,-0.655,2640.0
Anomalia,-0.0024,0.2755,0.5397,-0.567,0.2756,-0.0406,-0.7978,2640.0
Anomalia,0.0174,0.2713,0.5397,-0.567,0.2718,-0.2031,-0.6614,2640.0
Anomalia,0.012,0.2419,0.5234,-0.567,0.2421,-0.3382,-0.3237,2880.0
Anomalia,0.0223,0.1862,0.4446,-0.5482,0.1875,-0.4109,-0.1174,2880.0
Anomalia,0.0198,0.1625,0.3056,-0.3476,0.1637,-0.2238,-1.1065,2880.0
Anomalia,-0.0031,0.1699,0.3056,-0.3476,0.1699,-0.034,-1.2706,2880.0
Anomalia,0.0083,0.1581,0.2896,-0.3476,0.1583,-0.1998,-1.0966,2880.0
Anomalia,0.0103,0.1533,0.2545,-0.2637,0.1537,-0.1017,-1.2587,2640.0
Anomalia,0.0178,0.1467,0.2626,-0.2637,0.1478,-0.0992,-1.154,2640.0
Anomalia,0.0244,0.1498,0.2839,-0.3179,0.1518,-0.1672,-1.0157,2640.0
Anomalia,0.0111,0.1574,0.2839,-0.3179,0.1578,-0.0717,-1.183,2880.0
Anomalia,0.0059,0.1508,0.2839,-0.3179,0.1509,-0.0327,-1.091,2880.0
Anomalia,0.0116,0.1628,0.3594,-0.3179,0.1632,0.0006,-1.1011,2880.0
Anomalia,0.0024,0.1608,0.3594,-0.3054,0.1608,0.0277,-1.0856,2880.0
Anomalia,0.0186,0.1662,0.3594,-0.3054,0.1673,-0.0265,-1.0092,2880.0
Anomalia,0.0235,0.1844,0.3594,-0.3361,0.1859,-0.1121,-1.1435,2880.0
Anomalia,0.0027,0.2234,0.4767,-0.5457,0.2234,-0.1377,-0.7887,2880.0
Anomalia,0.0136,0.2583,0.4767,-0.5457,0.2586,-0.1623,-1.0224,2640.0
Anomalia,0.0016,0.2686,0.4861,-0.5457,0.2686,-0.0509,-1.0613,2640.0
Anomalia,0.0035,0.2506,0.4861,-0.5457,0.2506,-0.0887,-0.6204,2640.0
Anomalia,0.026,0.2036,0.4861,-0.5172,0.2053,-0.2284,0.2815,2640.0
Anomalia,0.0247,0.141,0.4861,-0.4529,0.1432,-0.1587,2.1197,2880.0
Anomalia,0.0222,0.1084,0.227,-0.2274,0.1106,-0.1891,-0.8246,2640.0
Anomalia,0.0125,0.1097,0.227,-0.2274,0.1104,-0.0215,-0.905,2640.0
Anomalia,0.0055,0.1364,0.3926,-0.2948,0.1365,0.5354,0.1557,2400.0
Anomalia,0.0041,0.1878,0.4773,-0.3805,0.1879,0.2929,-0.2495,2880.0
Anomalia,0.0146,0.1893,0.4773,-0.3805,0.1899,0.2476,-0.2763,2640.0
Anomalia,0.0173,0.1895,0.4773,-0.3805,0.1903,0.2184,-0.3038,2640.0
Anomalia,0.0165,0.1912,0.4773,-0.3847,0.1919,0.0322,-0.3854,2880.0
Anomalia,0.0044,0.1839,0.3563,-0.4295,0.184,-0.1545,-0.5084,2880.0
Anomalia,0.0077,0.181,0.339,-0.4295,0.1811,-0.274,-0.4412,2880.0
Anomalia,0.0087,0.1855,0.339,-0.4295,0.1857,-0.2995,-0.6245,2880.0
Anomalia,0.0151,0.163,0.339,-0.4295,0.1637,-0.4697,0.0159,2880.0
Anomalia,0.0283,0.1379,0.4352,-0.3056,0.1407,0.089,0.072,2880.0
Anomalia,0.0054,0.2015,0.4581,-0.5359,0.2015,-0.1966,0.1868,2640.0
Anomalia,0.0118,0.2625,0.5514,-0.5856,0.2628,-0.0644,-0.5537,2640.0
Anomalia,0.0067,0.2744,0.5514,-0.5856,0.2745,0.0123,-0.8704,2640.0
Anomalia,0.0075,0.2688,0.5514,-0.5856,0.2689,-0.0383,-0.7799,2880.0
Anomalia,0.0192,0.2296,0.5514,-0.5856,0.2304,0.0086,-0.2775,2880.0
Anomalia,0.0196,0.1746,0.3674,-0.3142,0.1757,-0.0054,-1.0376,2880.0
Anomalia,0.0124,0.1637,0.3674,-0.3142,0.1642,-0.017,-0.9335,3360.0
Anomalia,0.0099,0.1536,0.3674,-0.3142,0.1539,0.0577,-0.7546,3120.0
Anomalia,0.0127,0.1639,0.3674,-0.3142,0.1644,0.0919,-0.7882,3360.0
Anomalia,0.0073,0.1649,0.3309,-0.3288,0.1651,-0.0214,-0.9172,2640.0
Anomalia,0.0201,0.1675,0.3421,-0.3288,0.1687,-0.0476,-0.8945,2880.0
Anomalia,0.0138,0.1674,0.3421,-0.3288,0.168,0.0231,-0.9264,2880.0
Anomalia,0.0126,0.1437,0.3421,-0.3288,0.1442,0.0142,-0.6347,2880.0
Anomalia,0.02,0.1437,0.3421,-0.2754,0.1451,0.0757,-0.7962,2880.0
Anomalia,0.0089,0.1359,0.2923,-0.2754,0.1362,-0.0424,-0.7179,2640.0
Anomalia,0.0207,0.1363,0.2923,-0.2754,0.1379,-0.1756,-0.715,2640.0
Anomalia,0.0202,0.1481,0.2923,-0.2754,0.1495,-0.1663,-1.0037,2400.0
Anomalia,0.0102,0.1406,0.3676,-0.2783,0.1409,0.0297,-0.7822,2400.0
Anomalia,0.0086,0.173,0.3874,-0.3803,0.1732,0.0066,-0.7866,2640.0
Anomalia,0.0072,0.1918,0.3874,-0.3803,0.1919,0.0594,-1.0818,2640.0
Anomalia,0.0078,0.1805,0.3874,-0.3803,0.1806,0.0527,-0.7272,2640.0
Anomalia,0.017,0.1739,0.3874,-0.3803,0.1747,-0.1219,-0.6235,2880.0
Anomalia,0.0305,0.1857,0.4606,-0.3521,0.1882,0.0766,-0.4989,2880.0
Anomalia,0.0234,0.1907,0.4606,-0.3832,0.1922,0.0225,-0.3672,2640.0
Anomalia,0.0128,0.2095,0.4606,-0.3832,0.2099,0.0833,-0.8901,2640.0
Anomalia,0.0031,0.2121,0.4606,-0.3832,0.2121,0.1894,-0.9273,2640.0
Anomalia,0.0016,0.1855,0.4045,-0.3832,0.1855,0.0849,-0.9541,2640.0
Anomalia,0.0101,0.1546,0.3246,-0.3231,0.1549,0.1174,-0.6879,2880.0
Anomalia,0.0232,0.1285,0.3246,-0.262,0.1306,0.1341,-0.271,2640.0
Anomalia,0.0281,0.1304,0.3246,-0.256,0.1334,0.0742,-0.5021,2640.0
Anomalia,0.0066,0.168,0.4919,-0.4587,0.1681,-0.1603,0.5571,2640.0
Anomalia,0.003,0.2119,0.4919,-0.4587,0.212,-0.0022,-0.6925,2640.0
Anomalia,-0.002,0.2174,0.4919,-0.4587,0.2174,0.0691,-0.8652,2640.0
Anomalia,0.0079,0.2099,0.4919,-0.4587,0.2101,-0.0123,-0.6149,2640.0
Anomalia,0.0239,0.164,0.4106,-0.3784,0.1657,-0.0984,-0.0585,2640.0
Anomalia,0.0155,0.1454,0.3436,-0.4504,0.1463,-0.4483,0.4267,2640.0
Anomalia,0.0145,0.1653,0.3876,-0.4504,0.166,-0.2378,-0.158,2880.0
Anomalia,0.0059,0.1638,0.3876,-0.4504,0.1639,-0.2099,-0.2124,2880.0
Anomalia,0.0044,0.1635,0.3876,-0.4504,0.1635,-0.1782,-0.1906,2880.0
Anomalia,0.018,0.1532,0.3876,-0.3202,0.1543,0.0564,-0.3948,2880.0
Anomalia,0.0191,0.1362,0.3524,-0.3202,0.1375,-0.1544,-0.1906,2880.0
Anomalia,0.0149,0.1727,0.4179,-0.4316,0.1734,-0.2756,-0.1166,2880.0
Anomalia,0.0186,0.191,0.4179,-0.4316,0.1919,-0.1928,-0.7155,2880.0
Anomalia,0.005,0.1832,0.4179,-0.4316,0.1833,-0.1504,-0.6785,2880.0
Anomalia,0.008,0.1841,0.4179,-0.4316,0.1843,-0.1002,-0.7301,2880.0
Anomalia,0.0168,0.1819,0.3647,-0.4318,0.1827,-0.0808,-0.9149,2880.0
Anomalia,0.0109,0.1949,0.44,-0.4318,0.1952,-0.0485,-0.7563,2880.0
Anomalia,0.0177,0.2061,0.44,-0.4318,0.2069,-0.0687,-0.9507,2640.0
Anomalia,0.0131,0.2285,0.44,-0.4318,0.2289,-0.0878,-1.152,2640.0
Anomalia,0.0053,0.2099,0.44,-0.43,0.21,-0.0358,-0.9454,2640.0
Anomalia,0.0031,0.1846,0.3745,-0.4143,0.1846,-0.0794,-0.7537,2640.0
Anomalia,0.0041,0.1839,0.3709,-0.4143,0.1839,-0.1306,-0.7445,2640.0
Anomalia,0.0218,0.1543,0.3524,-0.359,0.1558,-0.1973,-0.6272,2640.0
Anomalia,0.0234,0.1493,0.3524,-0.3398,0.1511,-0.0524,-0.721,2640.0
Anomalia,0.0176,0.1499,0.3524,-0.3398,0.151,-0.0001,-0.7526,2880.0
Anomalia,0.0149,0.1215,0.3327,-0.2044,0.1224,0.3088,-0.722,2880.0
Anomalia,-0.0106,0.0995,0.2428,-0.2044,0.1001,0.463,-0.3863,2880.0
Anomalia,0.0033,0.089,0.2084,-0.2044,0.089,0.0311,-0.5479,3120.0
Anomalia,0.0148,0.0862,0.2437,-0.1809,0.0874,0.4272,-0.2794,3120.0
Anomalia,0.0147,0.1085,0.2599,-0.3058,0.1095,-0.1841,0.183,2880.0
Anomalia,0.0218,0.1379,0.3371,-0.374,0.1397,-0.3731,0.0671,2880.0
Anomalia,0.0043,0.1836,0.3711,-0.4406,0.1836,-0.2288,-0.624,2640.0
Anomalia,0.0011,0.2155,0.4295,-0.4406,0.2155,-0.1236,-1.034,2640.0
Anomalia,0.0145,0.2156,0.4295,-0.4406,0.2161,-0.169,-0.9703,2640.0
Anomalia,0.0087,0.2008,0.4295,-0.4406,0.201,-0.0873,-0.694,2640.0
Anomalia,0.0188,0.1628,0.4295,-0.407,0.1639,0.0012,-0.0091,2640.0
Anomalia,0.0181,0.1107,0.3599,-0.1792,0.1121,0.4953,0.0589,2640.0
Anomalia,0.0042,0.0851,0.1848,-0.1704,0.0852,-0.016,-0.7849,2640.0
Anomalia,0.0142,0.0942,0.2658,-0.2514,0.0952,-0.114,0.1056,2400.0
Anomalia,0.0071,0.0962,0.2658,-0.2514,0.0965,-0.0125,0.1368,2880.0
Anomalia,0.0097,0.1145,0.271,-0.3167,0.1149,-0.0627,-0.1247,2640.0
Anomalia,0.0176,0.2077,0.5941,-0.6131,0.2084,-0.1207,1.0127,2640.0
Anomalia,0.0115,0.2314,0.5941,-0.6131,0.2316,-0.0907,0.0364,2640.0
Anomalia,0.0101,0.2358,0.5941,-0.6131,0.236,-0.0696,-0.1304,2640.0
Anomalia,0.0141,0.2261,0.5941,-0.6131,0.2266,-0.1302,0.3095,2640.0
Anomalia,0.0112,0.1665,0.4158,-0.4295,0.1669,-0.2207,-0.2515,2640.0
Anomalia,0.0146,0.1365,0.2989,-0.2944,0.1372,-0.1204,-0.5272,2640.0
Anomalia,0.0188,0.1239,0.2772,-0.2944,0.1253,-0.1484,-0.2525,2640.0
Anomalia,0.0105,0.1251,0.2772,-0.2944,0.1255,0.0399,-0.3465,2640.0
Anomalia,0.0157,0.1019,0.2462,-0.1892,0.103,0.198,-0.6255,2400.0
Anomalia,0.0109,0.1232,0.3415,-0.3417,0.1237,-0.0237,0.5266,2640.0
Anomalia,0.0086,0.1471,0.3415,-0.3417,0.1473,0.0198,-0.4312,2640.0
Anomalia,0.0152,0.1779,0.3638,-0.3417,0.1785,0.0648,-1.0159,2640.0
Anomalia,0.0019,0.1854,0.3638,-0.3417,0.1854,0.1861,-1.1518,2640.0
Anomalia,0.0134,0.1734,0.3638,-0.2904,0.1739,0.1314,-1.1507,2640.0
Anomalia,0.0069,0.159,0.3638,-0.2904,0.1591,0.2078,-0.8349,2640.0
Anomalia,0.0027,0.1252,0.2929,-0.238,0.1252,0.0131,-0.6443,2640.0
Anomalia,0.0211,0.1197,0.2929,-0.238,0.1215,0.0941,-0.4985,2880.0
Anomalia,0.0158,0.1224,0.2622,-0.3108,0.1234,-0.2521,-0.1278,2880.0
Anomalia,0.0205,0.127,0.2622,-0.3108,0.1287,-0.224,-0.4143,2640.0
Anomalia,0.0185,0.1336,0.2622,-0.3108,0.1349,-0.18,-0.7215,2640.0
Anomalia,0.0017,0.1262,0.2453,-0.3108,0.1262,-0.2333,-0.6286,2640.0
Anomalia,0.0044,0.1128,0.2299,-0.2368,0.1129,-0.0073,-0.8686,2640.0
Anomalia,0.0113,0.0978,0.2299,-0.2368,0.0985,-0.1143,-0.5409,2400.0
Anomalia,0.0181,0.0888,0.2299,-0.2368,0.0907,-0.0746,-0.0244,2880.0
Anomalia,0.0241,0.0817,0.2299,-0.131,0.0852,0.2864,-0.4718,3360.0
Anomalia,0.0081,0.0974,0.2476,-0.338,0.0977,-0.4206,1.311,2400.0
Anomalia,0.0027,0.1361,0.412,-0.3415,0.1361,0.0029,0.6436,2880.0
Anomalia,0.0004,0.1555,0.412,-0.3515,0.1555,-0.096,-0.2154,2400.0
Anomalia,0.0029,0.1884,0.412,-0.364,0.1884,-0.0356,-0.917,2880.0
Anomalia,0.0262,0.1914,0.4249,-0.364,0.1932,-0.0861,-0.8401,2880.0
Anomalia,0.0222,0.1831,0.4249,-0.364,0.1845,-0.1636,-0.8083,2640.0
Anomalia,0.0173,0.1976,0.4249,-0.364,0.1984,-0.0067,-0.9726,2880.0
Anomalia,0.0158,0.2106,0.4339,-0.4533,0.2112,-0.0256,-0.7872,2880.0
Anomalia,0.0027,0.2176,0.4339,-0.4533,0.2176,0.01,-1.0036,2880.0
Anomalia,0.0136,0.2175,0.4339,-0.4533,0.218,0.014,-0.9914,2880.0
Anomalia,0.0269,0.2152,0.4339,-0.4533,0.2169,-0.0124,-0.9977,2880.0
Anomalia,0.0163,0.1932,0.3778,-0.3692,0.1939,0.1864,-1.0899,2880.0
Anomalia,0.0222,0.1708,0.3778,-0.3223,0.1722,0.2048,-0.7496,2880.0
Anomalia,0.0127,0.1668,0.3778,-0.3223,0.1673,0.1452,-0.6967,2880.0
Anomalia,-0.0017,0.1452,0.3526,-0.3223,0.1452,-0.0894,-0.7374,2880.0
Anomalia,0.0168,0.1214,0.2439,-0.275,0.1226,-0.3428,-0.5733,2880.0
Anomalia,0.0127,0.1305,0.2439,-0.275,0.1311,-0.2661,-0.8801,2880.0
Anomalia,0.014,0.1205,0.2685,-0.2597,0.1213,-0.0312,-0.6982,2880.0
Anomalia,0.0222,0.1198,0.3371,-0.2322,0.1218,0.2534,-0.4415,2640.0
Anomalia,0.0031,0.125,0.3371,-0.2322,0.1251,0.4248,-0.576,2640.0
Anomalia,0.0027,0.1555,0.4275,-0.3473,0.1555,0.4258,-0.1068,2400.0
Anomalia,0.0144,0.2268,0.5612,-0.6021,0.2273,0.1147,-0.0364,2880.0
Anomalia,0.0134,0.2344,0.5612,-0.6021,0.2348,0.095,-0.3075,2640.0
Anomalia,0.0258,0.2332,0.5612,-0.6021,0.2346,-0.0439,-0.2598,2880.0
Anomalia,0.0246,0.2383,0.5612,-0.6021,0.2395,-0.0679,-0.25,2880.0
Anomalia,0.0073,0.2368,0.4706,-0.5633,0.2369,-0.256,-0.4352,2880.0
Anomalia,0.005,0.2381,0.4706,-0.5633,0.2381,-0.1807,-0.3048,2640.0
Anomalia,0.006,0.2407,0.4706,-0.5633,0.2408,-0.1562,-0.3711,2640.0
Anomalia,0.0188,0.2325,0.4706,-0.5633,0.2333,-0.2269,-0.3014,2880.0
Anomalia,0.0214,0.1943,0.4623,-0.3709,0.1955,0.1836,-0.7296,2640.0
Anomalia,0.016,0.1913,0.3836,-0.3171,0.192,0.0828,-1.0726,2640.0
Anomalia,0.0152,0.2158,0.3836,-0.3953,0.2163,-0.0083,-1.2908,2640.0
Anomalia,-0.0098,0.2108,0.3663,-0.3953,0.211,0.1032,-1.2534,2640.0
Anomalia,0.0109,0.1891,0.3663,-0.3953,0.1894,-0.133,-0.9925,2640.0
Anomalia,0.0187,0.1861,0.3663,-0.3953,0.1871,-0.1247,-0.8636,2880.0
Anomalia,0.01,0.1749,0.3496,-0.3325,0.1752,-0.0583,-0.9934,2880.0
Anomalia,0.0249,0.1947,0.4792,-0.3743,0.1963,-0.0917,-0.7635,2640.0
Anomalia,0.0072,0.2189,0.4792,-0.4316,0.2191,-0.0002,-1.0866,2640.0
Anomalia,0.0062,0.2504,0.567,-0.4316,0.2505,0.1042,-1.137,2640.0
Anomalia,0.0171,0.2773,0.567,-0.5165,0.2778,-0.0147,-1.2134,2880.0
Anomalia,0.0183,0.2635,0.567,-0.5165,0.2641,-0.0107,-1.0683,2880.0
Anomalia,0.0191,0.2759,0.567,-0.6027,0.2766,-0.0996,-0.9848,2880.0
Anomalia,0.0223,0.2564,0.4713,-0.6027,0.2573,-0.2265,-0.8206,2880.0
Anomalia,0.0083,0.2368,0.45,-0.6027,0.2369,-0.1997,-0.8603,2880.0
Anomalia,0.0104,0.2272,0.45,-0.6027,0.2275,-0.2881,-0.6811,2880.0
Anomalia,0.0159,0.2197,0.4304,-0.5128,0.2203,-0.2132,-0.8068,2880.0
Anomalia,-0.0002,0.2316,0.4325,-0.5128,0.2316,-0.099,-0.9426,2880.0
Anomalia,0.0228,0.209,0.4325,-0.5128,0.2102,-0.2385,-0.4409,2640.0
Anomalia,0.018,0.2175,0.4325,-0.5128,0.2182,-0.1849,-0.6824,2640.0
Anomalia,0.003,0.1984,0.4325,-0.4218,0.1984,-0.0816,-0.9568,2640.0
Anomalia,0.0202,0.1768,0.3561,-0.3006,0.178,-0.0694,-1.0841,2640.0
Anomalia,0.0056,0.1713,0.3561,-0.3006,0.1714,0.0397,-0.9521,2640.0
Anomalia,0.0051,0.1706,0.3561,-0.3688,0.1706,-0.0156,-0.7931,2880.0
Anomalia,0.0136,0.2113,0.5295,-0.4784,0.2117,-0.0816,-0.3293,2880.0
Anomalia,0.0143,0.2104,0.5295,-0.4784,0.2108,-0.0895,-0.3063,2640.0
Anomalia,0.0092,0.2126,0.5295,-0.4784,0.2128,-0.019,-0.4106,2640.0
Anomalia,0.0139,0.1946,0.5295,-0.4784,0.1951,-0.0544,0.2722,2640.0
Anomalia,0.0173,0.1239,0.3695,-0.2537,0.1251,0.3274,0.0089,2880.0
Anomalia,0.0154,0.0988,0.256,-0.1978,0.1,0.1247,-0.5001,2400.0
Anomalia,0.0143,0.1214,0.2941,-0.3273,0.1222,-0.3305,0.0245,2640.0
Anomalia,0.0155,0.1283,0.2941,-0.3273,0.1292,-0.3022,-0.4274,2640.0
Anomalia,0.0074,0.1435,0.2941,-0.3273,0.1437,-0.2245,-0.8706,2640.0
Anomalia,-0.0027,0.1562,0.2941,-0.3273,0.1562,-0.1043,-1.1569,2640.0
Anomalia,0.0235,0.145,0.3211,-0.2737,0.1469,-0.1231,-0.9709,2640.0
Anomalia,0.0137,0.1633,0.3211,-0.2806,0.1638,-0.0669,-1.1974,2400.0
Anomalia,0.0194,0.1611,0.3211,-0.2806,0.1622,-0.0895,-1.1619,2640.0
Anomalia,0.0154,0.1851,0.4116,-0.3949,0.1858,-0.1268,-0.9064,2880.0
Anomalia,-0.0061,0.2005,0.4116,-0.3949,0.2006,-0.0057,-1.1301,2880.0
Anomalia,0.0082,0.2121,0.4241,-0.3949,0.2123,0.0238,-1.1227,2640.0
Anomalia,0.0121,0.2053,0.4241,-0.3949,0.2057,-0.0263,-0.9425,2640.0
Anomalia,0.0241,0.1809,0.4241,-0.3722,0.1825,-0.0269,-0.7744,2640.0
Anomalia,0.0288,0.1575,0.4241,-0.2866,0.1601,0.1707,-0.5449,2640.0
Anomalia,0.0155,0.1408,0.2816,-0.3229,0.1416,-0.1882,-0.7129,2640.0
Anomalia,0.0065,0.1335,0.2816,-0.3229,0.1337,-0.0235,-0.4274,2640.0
Anomalia,0.0087,0.1232,0.2531,-0.3229,0.1235,-0.1456,-0.2366,3360.0
Anomalia,0.0022,0.1262,0.2531,-0.3229,0.1262,-0.1221,-0.4897,3360.0
Anomalia,0.0153,0.1084,0.2449,-0.2232,0.1094,0.1671,-0.7025,2640.0
Anomalia,0.0273,0.1348,0.3436,-0.324,0.1375,-0.1822,-0.5702,2880.0
Anomalia,0.0101,0.1492,0.3436,-0.324,0.1496,-0.1662,-0.8853,2880.0
Anomalia,0.0129,0.1733,0.3436,-0.3375,0.1738,-0.1448,-0.9587,2880.0
Anomalia,0.0011,0.1745,0.3436,-0.3375,0.1745,-0.0162,-1.0452,2640.0
Anomalia,0.0008,0.1555,0.3261,-0.3375,0.1555,-0.0563,-0.7134,2640.0
Anomalia,0.0151,0.1457,0.3261,-0.3375,0.1464,-0.0485,-0.4609,2880.0
Anomalia,0.0218,0.1022,0.2508,-0.1813,0.1045,-0.0908,-0.7806,2880.0
Anomalia,0.0213,0.0933,0.2508,-0.1679,0.0957,-0.0271,-0.5323,2880.0
Anomalia,0.0085,0.117,0.2612,-0.2866,0.1173,-0.1659,-0.4626,2880.0
Anomalia,0.0107,0.118,0.2752,-0.2866,0.1185,-0.1146,-0.3541,2880.0
Anomalia,0.0107,0.1464,0.3048,-0.3104,0.1468,0.0282,-0.7461,2640.0
Anomalia,0.0146,0.1582,0.3048,-0.3104,0.1589,-0.0011,-1.0997,2640.0
Anomalia,0.0239,0.1659,0.3736,-0.3104,0.1676,0.0232,-1.0041,2880.0
Anomalia,0.0212,0.1736,0.3736,-0.3104,0.1749,0.0194,-1.1823,2880.0
Anomalia,0.0058,0.1645,0.3736,-0.2992,0.1646,0.1124,-1.1092,2880.0
Anomalia,0.0085,0.1579,0.3736,-0.2992,0.1581,0.009,-0.9617,2880.0
Anomalia,0.0074,0.1337,0.261,-0.2641,0.1339,-0.1236,-1.029,2880.0
Anomalia,0.0109,0.1169,0.2374,-0.2641,0.1174,-0.2954,-0.7585,2880.0
Anomalia,0.0221,0.1046,0.2374,-0.2105,0.1069,-0.1221,-0.9409,2640.0
Anomalia,0.0141,0.1053,0.2576,-0.2111,0.1062,0.2207,-0.7604,2640.0
Anomalia,0.015,0.1477,0.3601,-0.3192,0.1485,0.0347,-0.4977,2640.0
Anomalia,0.01,0.2068,0.4573,-0.4529,0.207,0.0939,-0.5269,2640.0
Anomalia,0.005,0.2185,0.4573,-0.4529,0.2185,0.086,-0.8037,2640.0
Anomalia,0.0167,0.2172,0.4573,-0.4529,0.2178,-0.0552,-0.7799,2640.0
Anomalia,0.0138,0.1937,0.4573,-0.4529,0.1942,-0.0174,-0.1207,2640.0
Anomalia,0.0127,0.2028,0.5779,-0.5357,0.2032,-0.0037,0.5962,2400.0
Anomalia,0.0176,0.2368,0.5779,-0.5357,0.2375,-0.0418,-0.0957,2640.0
Anomalia,0.0053,0.2492,0.5779,-0.5357,0.2492,0.0631,-0.4822,2640.0
Anomalia,0.0115,0.2464,0.5779,-0.5357,0.2467,-0.0006,-0.3804,2640.0
Anomalia,0.0161,0.1962,0.5061,-0.4694,0.1969,-0.1169,0.0331,2640.0
Anomalia,0.0109,0.2008,0.5401,-0.5457,0.2011,-0.1393,0.2416,2880.0
Anomalia,0.0179,0.1954,0.5401,-0.5457,0.1962,-0.2402,0.5531,2880.0
Anomalia,0.0123,0.1986,0.5401,-0.5457,0.199,-0.1716,0.3284,2880.0
Anomalia,0.0054,0.1898,0.5401,-0.5457,0.1899,-0.126,0.7917,2880.0
Anomalia,0.0114,0.1091,0.3811,-0.3496,0.1097,-0.3389,0.9942,2880.0
Anomalia,0.0055,0.0983,0.2462,-0.2652,0.0985,-0.2277,-0.3451,2880.0
Anomalia,0.0139,0.0914,0.2462,-0.2652,0.0925,-0.3714,0.082,2880.0
Anomalia,0.0155,0.104,0.2462,-0.2652,0.1051,-0.3434,-0.2796,2880.0
Anomalia,0.0055,0.1362,0.29,-0.301,0.1363,-0.2174,-0.7655,2880.0
Anomalia,0.0173,0.1341,0.29,-0.301,0.1352,-0.2362,-0.6876,2880.0
Anomalia,0.011,0.1336,0.29,-0.301,0.134,-0.1045,-0.6901,2880.0
Anomalia,0.0051,0.1285,0.29,-0.301,0.1286,-0.0638,-0.5401,2880.0
Anomalia,0.0248,0.1188,0.2939,-0.2149,0.1214,0.2279,-0.7777,2880.0
Anomalia,0.01,0.1178,0.2939,-0.2149,0.1183,0.2166,-0.6882,2640.0
Anomalia,0.01,0.1237,0.2939,-0.2149,0.1241,0.237,-0.7798,2640.0
Anomalia,0.0163,0.1172,0.2939,-0.1942,0.1183,0.2928,-0.5852,2640.0
Anomalia,0.0056,0.0978,0.2589,-0.1942,0.098,0.0916,-0.6159,2880.0
Anomalia,0.0181,0.0966,0.2589,-0.1763,0.0982,0.2031,-0.6671,2640.0
Anomalia,0.0165,0.1025,0.2122,-0.2126,0.1038,-0.1124,-0.8762,2640.0
Anomalia,0.0195,0.1316,0.3878,-0.3075,0.133,0.0793,-0.1998,2640.0
Anomalia,0.011,0.1738,0.4992,-0.3887,0.1741,0.061,-0.0164,2640.0
Anomalia,0.0059,0.1721,0.4992,-0.3887,0.1722,0.1265,0.0876,2640.0
Anomalia,0.0126,0.1964,0.4992,-0.3887,0.1968,0.1925,-0.4731,2880.0
Anomalia,0.0099,0.2257,0.5169,-0.4045,0.2259,0.2097,-0.7293,2400.0
Anomalia,0.0171,0.2082,0.5169,-0.4045,0.2089,0.174,-0.6544,2640.0
Anomalia,0.0182,0.2179,0.5169,-0.4045,0.2186,0.1207,-0.9352,2640.0
Anomalia,0.0078,0.2088,0.5169,-0.4045,0.209,0.113,-0.8593,2640.0
Anomalia,0.0065,0.1867,0.3515,-0.3524,0.1868,0.0072,-1.1742,2640.0
Anomalia,0.0178,0.1726,0.3515,-0.3524,0.1735,-0.1052,-0.9553,2640.0
Anomalia,0.0151,0.154,0.3515,-0.3524,0.1548,-0.0485,-0.3092,2640.0
Anomalia,0.0242,0.164,0.451,-0.427,0.1658,-0.0224,0.179,2640.0
Anomalia,0.0174,0.1936,0.451,-0.4554,0.1944,-0.2284,0.1848,2880.0
Anomalia,-0.001,0.2181,0.451,-0.4554,0.2181,-0.0307,-0.5932,2880.0
Anomalia,0.0079,0.2294,0.451,-0.4554,0.2295,-0.0966,-0.947,2880.0
Anomalia,0.0051,0.2123,0.4283,-0.4554,0.2124,-0.1539,-0.7867,2880.0
Anomalia,0.013,0.1853,0.3707,-0.3901,0.1857,-0.0987,-1.0372,2880.0
Anomalia,0.0249,0.2138,0.4713,-0.455,0.2153,-0.0309,-0.7574,2880.0
Anomalia,0.0132,0.2383,0.4713,-0.455,0.2387,-0.0022,-1.0237,2880.0
Anomalia,0.0078,0.2453,0.4713,-0.455,0.2455,0.0343,-1.1691,2880.0
Anomalia,0.0149,0.239,0.4713,-0.455,0.2395,-0.0152,-1.0624,2880.0
Anomalia,0.002,0.1989,0.4287,-0.4126,0.1989,-0.0479,-0.9789,2880.0
Anomalia,0.0149,0.21,0.469,-0.3955,0.2106,0.105,-0.9313,2880.0
Anomalia,0.0283,0.2157,0.4792,-0.3955,0.2176,0.1368,-0.8754,2640.0
Anomalia,0.0129,0.1992,0.4792,-0.3955,0.1996,0.3568,-0.2774,2640.0
Anomalia,0.0198,0.204,0.4792,-0.412,0.205,0.1976,-0.3674,2880.0
Anomalia,0.0091,0.1872,0.4792,-0.412,0.1874,0.0325,-0.2962,2880.0
Anomalia,0.0017,0.1825,0.417,-0.412,0.1825,-0.0809,-0.6013,2640.0
Anomalia,0.0187,0.187,0.417,-0.412,0.1879,-0.2791,-0.7082,2640.0
Anomalia,0.021,0.1676,0.417,-0.3926,0.1689,-0.2029,-0.3754,2640.0
Anomalia,0.0214,0.1748,0.4646,-0.3997,0.1761,-0.0499,-0.1846,2880.0
Anomalia,0.0149,0.1837,0.4921,-0.3997,0.1843,0.0247,-0.1388,2880.0
Anomalia,0.0021,0.1967,0.4921,-0.3997,0.1967,0.2072,-0.4591,2880.0
Anomalia,0.0066,0.2243,0.4921,-0.3997,0.2244,0.2297,-0.9704,2880.0
Anomalia,0.0091,0.2011,0.4921,-0.3444,0.2013,0.2668,-0.8795,2880.0
Anomalia,0.0222,0.1733,0.469,-0.3102,0.1747,0.1914,-0.5167,2880.0
Anomalia,0.0248,0.1678,0.469,-0.3613,0.1696,0.0277,-0.2508,2640.0
Anomalia,0.0085,0.1948,0.4366,-0.4681,0.195,-0.3644,-0.0441,2640.0
Anomalia,0.0134,0.2089,0.4366,-0.4681,0.2093,-0.2977,-0.2547,2640.0
Anomalia,0.0034,0.2131,0.4366,-0.4681,0.2131,-0.183,-0.4769,2880.0
Anomalia,0.0111,0.2088,0.4366,-0.4681,0.2091,-0.2244,-0.3958,2880.0
Anomalia,0.0266,0.1506,0.4091,-0.382,0.1529,0.0163,-0.0041,2880.0
Anomalia,0.0128,0.162,0.3893,-0.4151,0.1625,-0.2644,-0.111,2640.0
Anomalia,0.0168,0.1552,0.3893,-0.4151,0.1561,-0.2796,0.3219,2640.0
Anomalia,0.0122,0.1442,0.3893,-0.4151,0.1447,-0.3696,1.076,2640.0
Anomalia,0.0057,0.14,0.3893,-0.4151,0.1402,-0.34,1.3721,2640.0
Anomalia,0.0187,0.0741,0.2495,-0.1467,0.0765,0.2407,-0.2498,2400.0
Anomalia,0.0167,0.0897,0.2295,-0.2186,0.0913,-0.0293,-0.3503,2400.0
Anomalia,0.0102,0.1412,0.3563,-0.4377,0.1416,-0.2612,0.6546,2640.0
Anomalia,0.0247,0.1562,0.3563,-0.4377,0.1582,-0.2773,-0.0126,2640.0
Anomalia,0.0062,0.1656,0.3563,-0.4377,0.1657,-0.0902,-0.3913,2640.0
Anomalia,0.0068,0.165,0.3563,-0.4377,0.1652,-0.0891,-0.3306,2640.0
Anomalia,0.0215,0.1367,0.3344,-0.3117,0.1384,0.0355,-0.5271,2640.0
Anomalia,0.0043,0.1433,0.3186,-0.3117,0.1433,-0.0177,-0.6809,3360.0
Anomalia,0.0208,0.1521,0.3355,-0.2816,0.1535,-0.0054,-0.9393,2640.0
Anomalia,0.0165,0.1784,0.3355,-0.3726,0.1792,-0.1346,-1.0277,2640.0
Anomalia,0.0041,0.1882,0.3355,-0.3726,0.1883,-0.0301,-1.2626,2640.0
Anomalia,0.0155,0.1838,0.3705,-0.3726,0.1845,-0.0381,-1.0939,2640.0
Anomalia,0.0137,0.2049,0.377,-0.3726,0.2054,-0.059,-1.1379,2880.0
Anomalia,0.018,0.2284,0.4994,-0.4648,0.2292,-0.0108,-0.9669,2640.0
Anomalia,0.0214,0.2218,0.4994,-0.4648,0.2228,-0.0249,-0.8134,2640.0
Anomalia,0.0098,0.2239,0.4994,-0.4648,0.2241,0.0433,-0.8979,2640.0
Anomalia,0.0027,0.2083,0.4994,-0.4648,0.2083,0.105,-0.6639,2880.0
Anomalia,0.0084,0.1813,0.4556,-0.3096,0.1815,0.2817,-0.7517,2880.0
Anomalia,0.0078,0.201,0.4556,-0.3096,0.2012,0.2821,-0.9822,2880.0
Anomalia,0.0195,0.206,0.4556,-0.3129,0.2069,0.184,-1.0947,2880.0
Anomalia,0.019,0.1958,0.4556,-0.3129,0.1967,0.2575,-0.9467,2640.0
Anomalia,0.0013,0.2359,0.5562,-0.5998,0.2359,-0.0465,-0.4833,2880.0
Anomalia,0.0128,0.265,0.5983,-0.5998,0.2653,0.0636,-0.5693,2640.0
Anomalia,0.0028,0.254,0.5983,-0.5998,0.254,0.151,-0.2257,2640.0
Anomalia,0.0187,0.2574,0.5983,-0.5998,0.2581,0.0101,-0.3681,2880.0
Anomalia,0.0274,0.2095,0.5983,-0.4638,0.2113,0.2748,-0.069,2880.0
Anomalia,0.0112,0.1846,0.4268,-0.4254,0.1849,-0.1116,-0.7558,2880.0
Anomalia,0.0128,0.2217,0.4391,-0.4254,0.222,-0.1012,-1.0788,2880.0
Anomalia,0.0029,0.2509,0.4592,-0.44,0.2509,-0.0168,-1.2307,2880.0
Anomalia,0.011,0.2388,0.4592,-0.44,0.239,-0.1096,-0.9437,2880.0
Anomalia,0.0189,0.2146,0.4592,-0.44,0.2154,-0.1417,-0.6045,2880.0
Anomalia,0.0189,0.1994,0.4592,-0.44,0.2003,-0.1452,-0.5303,2880.0
Anomalia,0.0167,0.1635,0.3599,-0.3448,0.1643,-0.1413,-0.8177,2880.0
Anomalia,0.011,0.1649,0.3599,-0.3448,0.1653,-0.0344,-0.8675,2880.0
Anomalia,-0.0006,0.1765,0.3599,-0.3561,0.1765,-0.0816,-0.9108,2880.0
Anomalia,0.0158,0.1785,0.4479,-0.3561,0.1792,0.0778,-0.7142,2880.0
Anomalia,0.0155,0.1778,0.4479,-0.3561,0.1785,0.0754,-0.7183,2880.0
Anomalia,0.0191,0.2021,0.4479,-0.3561,0.203,0.0188,-1.1979,2880.0
Anomalia,0.0301,0.1816,0.4479,-0.3081,0.1841,0.0852,-0.9346,2880.0
Anomalia,0.0064,0.1688,0.3438,-0.3438,0.1689,-0.0986,-0.9393,2880.0
Anomalia,0.0125,0.1713,0.3438,-0.3438,0.1718,-0.1221,-0.9602,2880.0
Anomalia,0.0112,0.137,0.2754,-0.3438,0.1375,-0.3327,-0.2197,2400.0
Anomalia,0.0158,0.1426,0.2929,-0.3438,0.1435,-0.2583,-0.3221,2400.0
Anomalia,0.0252,0.1251,0.2929,-0.2641,0.1276,0.0045,-0.2601,2880.0
Anomalia,0.0194,0.1055,0.2929,-0.2301,0.1073,0.2083,0.1401,2880.0
Anomalia,0.0118,0.1118,0.2929,-0.2301,0.1125,0.307,-0.2585,2880.0
Anomalia,-0.0023,0.1088,0.2818,-0.2301,0.1088,0.1979,-0.6138,2880.0
Anomalia,-0.0036,0.1386,0.3352,-0.3605,0.1387,0.0661,-0.3931,2640.0
Anomalia,0.011,0.1502,0.3352,-0.3605,0.1506,0.0783,-0.6282,2640.0
Anomalia,0.0222,0.1498,0.3352,-0.3605,0.1514,-0.1235,-0.6133,2640.0
Anomalia,0.0202,0.1451,0.3352,-0.3605,0.1465,-0.0976,-0.3316,2880.0
Anomalia,0.019,0.1335,0.3313,-0.3163,0.1348,-0.145,-0.3401,2880.0
Anomalia,0.0023,0.1358,0.2754,-0.3223,0.1358,-0.327,-0.4228,2640.0
Anomalia,0.0014,0.1312,0.2754,-0.3223,0.1312,-0.3466,-0.122,2640.0
Anomalia,0.0164,0.1349,0.2754,-0.3223,0.1359,-0.4484,-0.1937,2640.0
Anomalia,0.0224,0.1129,0.2612,-0.3223,0.1151,-0.5102,0.32,3360.0
Anomalia,0.0149,0.1492,0.4823,-0.558,0.15,-0.7382,3.1026,2400.0
Anomalia,0.006,0.2667,0.6315,-0.6632,0.2667,-0.2015,0.4115,2640.0
Anomalia,0.0101,0.3177,0.6315,-0.6632,0.3179,-0.0791,-0.5723,2640.0
Anomalia,0.006,0.3233,0.6315,-0.6632,0.3234,-0.0437,-0.71,2640.0
Anomalia,0.0243,0.3032,0.6315,-0.6632,0.3042,-0.1396,-0.3462,2640.0
Anomalia,0.0254,0.2421,0.6208,-0.5975,0.2434,-0.0649,-0.1662,2880.0
Anomalia,0.0121,0.179,0.3999,-0.4491,0.1795,-0.1732,-0.4833,2880.0
Anomalia,0.0103,0.1682,0.3999,-0.4491,0.1685,-0.1317,-0.1814,2880.0
Anomalia,0.002,0.1614,0.3999,-0.4491,0.1615,-0.0916,0.1247,2880.0
Anomalia,0.0062,0.1295,0.2937,-0.3296,0.1297,-0.0399,-0.5,2880.0
Anomalia,0.0173,0.1688,0.441,-0.3916,0.1697,0.1784,-0.0324,2880.0
Anomalia,0.0226,0.1806,0.441,-0.3916,0.1821,0.0781,-0.5334,2880.0
Anomalia,0.0214,0.1929,0.441,-0.3916,0.1941,0.0292,-0.9123,2880.0
Anomalia,0.0197,0.1938,0.441,-0.3916,0.1948,0.0343,-0.9522,2880.0
Anomalia,0.0127,0.174,0.3442,-0.2754,0.1744,-0.0026,-1.331,2880.0
Anomalia,0.0029,0.1641,0.3442,-0.2754,0.1642,0.0809,-1.1435,2880.0
Anomalia,0.011,0.1508,0.3442,-0.2754,0.1512,0.0595,-0.8147,2880.0
Anomalia,0.0083,0.1631,0.3553,-0.3507,0.1633,0.0685,-0.637,2880.0
Anomalia,0.0144,0.1841,0.456,-0.4003,0.1846,0.1404,-0.423,2640.0
Anomalia,0.0278,0.2379,0.5353,-0.461,0.2395,-0.0211,-0.7913,2640.0
Anomalia,0.0066,0.2802,0.5353,-0.5893,0.2803,-0.0644,-1.0969,2640.0
Anomalia,0.011,0.2637,0.5353,-0.5893,0.264,-0.1064,-0.7346,2640.0
Anomalia,0.0126,0.2519,0.5353,-0.5893,0.2522,-0.1486,-0.4922,2880.0
Anomalia,-0.0015,0.2367,0.4932,-0.5893,0.2367,-0.1855,-0.401,2880.0
Anomalia,0.0194,0.2029,0.4427,-0.4623,0.2039,-0.0199,-0.4604,2640.0
Anomalia,0.0153,0.2097,0.4427,-0.4623,0.2102,-0.0433,-0.6556,2640.0
Anomalia,-0.0025,0.1866,0.4427,-0.4623,0.1867,-0.0251,-0.1265,2640.0
Anomalia,0.0136,0.1487,0.4379,-0.3229,0.1493,0.0071,-0.359,2880.0
Anomalia,0.0105,0.1298,0.3069,-0.3081,0.1302,-0.1947,-0.4501,2880.0
Anomalia,0.0106,0.1165,0.3069,-0.2589,0.117,-0.0072,-0.3775,2640.0
Anomalia,0.0171,0.1202,0.3069,-0.2601,0.1214,-0.1617,-0.5364,2640.0
Anomalia,0.0092,0.1597,0.3692,-0.479,0.16,-0.3121,0.4515,2640.0
Anomalia,0.0104,0.1714,0.3692,-0.479,0.1717,-0.2111,-0.0781,2640.0
Anomalia,0.0104,0.2094,0.446,-0.479,0.2097,-0.0864,-0.8353,2640.0
Anomalia,0.0146,0.2106,0.446,-0.479,0.2111,-0.0917,-0.8764,2640.0
Anomalia,0.0197,0.1742,0.446,-0.3651,0.1753,-0.0184,-0.6017,2640.0
Anomalia,0.0082,0.1803,0.446,-0.3651,0.1805,-0.0352,-0.6208,3120.0
Anomalia,0.0127,0.1506,0.2923,-0.3563,0.1511,-0.1836,-0.8329,2880.0
Anomalia,0.0091,0.1484,0.2923,-0.3563,0.1487,-0.1882,-0.8014,2880.0
Anomalia,0.0072,0.1443,0.2923,-0.3563,0.1445,-0.1164,-0.5866,2640.0
Anomalia,0.0263,0.1474,0.3839,-0.2825,0.1498,0.1628,-0.6517,2880.0
Anomalia,0.016,0.1509,0.3839,-0.3125,0.1518,0.0621,-0.4847,2880.0
Anomalia,0.0166,0.1585,0.3839,-0.3125,0.1593,0.0292,-0.7335,2880.0
Anomalia,0.0157,0.1957,0.3941,-0.3473,0.1963,0.066,-1.1246,2880.0
Anomalia,-0.0079,0.1807,0.3941,-0.3473,0.1809,0.1537,-0.916,2880.0
Anomalia,0.0161,0.1892,0.4314,-0.3473,0.1898,0.1522,-0.9032,2640.0
Anomalia,0.0154,0.2277,0.4592,-0.4577,0.2282,0.1053,-0.9968,2640.0
Anomalia,0.006,0.2229,0.4592,-0.4577,0.2229,0.131,-0.9609,2640.0
Anomalia,0.0267,0.2287,0.4592,-0.4577,0.2302,-0.0461,-1.1099,2640.0
Anomalia,0.0037,0.2175,0.4592,-0.4577,0.2176,0.0923,-0.9962,2640.0
Anomalia,-0.0024,0.1791,0.3384,-0.3365,0.1791,0.106,-1.2223,2640.0
Anomalia,0.0173,0.1558,0.3071,-0.2752,0.1568,0.0238,-1.2425,2640.0
Anomalia,0.0061,0.1358,0.2902,-0.2341,0.136,0.1351,-1.0562,2640.0
Anomalia,0.0134,0.1337,0.2902,-0.2341,0.1344,0.117,-1.0297,2640.0
Anomalia,0.0283,0.1119,0.2902,-0.2176,0.1154,0.1228,-0.7218,2640.0
Anomalia,0.0009,0.108,0.2368,-0.2176,0.108,0.0714,-0.7489,2880.0
Anomalia,0.0071,0.1248,0.2806,-0.2637,0.125,0.0534,-0.7942,2880.0
Anomalia,0.0039,0.1202,0.2806,-0.2637,0.1203,0.0337,-0.6823,2880.0
Anomalia,0.007,0.1339,0.2806,-0.2637,0.1341,0.1439,-1.01,2640.0
Anomalia,0.0208,0.1358,0.2906,-0.2637,0.1374,-0.0308,-0.8722,2880.0
Anomalia,0.0147,0.173,0.3674,-0.4433,0.1737,-0.276,-0.2948,2880.0
Anomalia,0.0187,0.1943,0.3674,-0.4433,0.1952,-0.2682,-0.8078,2880.0
Anomalia,0.004,0.1952,0.3674,-0.4433,0.1953,-0.1482,-0.8484,2640.0
Anomalia,-0.0003,0.1933,0.3674,-0.4433,0.1933,-0.1308,-0.8248,2640.0
Anomalia,0.017,0.1493,0.3223,-0.3323,0.1502,-0.2507,-0.523,2640.0
Anomalia,0.0123,0.121,0.2889,-0.2789,0.1216,-0.273,-0.4747,3360.0
Anomalia,0.0157,0.1025,0.203,-0.2725,0.1037,-0.2512,-0.3323,2880.0
Anomalia,0.0185,0.1172,0.2841,-0.2802,0.1186,-0.1113,-0.4397,2880.0
Anomalia,0.0019,0.1304,0.2841,-0.2802,0.1304,0.063,-0.7362,2880.0
Anomalia,0.0151,0.1458,0.3265,-0.2802,0.1466,0.1104,-0.805,2880.0
Anomalia,0.0157,0.1751,0.3584,-0.3292,0.1758,0.0513,-1.1982,2880.0
Anomalia,0.0172,0.18,0.3584,-0.3298,0.1808,0.0,-1.2007,2640.0
Anomalia,0.0181,0.1807,0.3584,-0.3947,0.1816,-0.106,-0.9643,2880.0
Anomalia,0.0052,0.1821,0.3584,-0.3947,0.1822,-0.0678,-0.9655,2880.0
Anomalia,0.001,0.1604,0.3248,-0.3947,0.1604,-0.1467,-0.6167,3360.0
Anomalia,0.0117,0.151,0.4308,-0.3947,0.1515,0.0067,0.1438,2640.0
Anomalia,0.0078,0.1632,0.4308,-0.3953,0.1634,-0.0662,-0.1383,2640.0
Anomalia,0.017,0.1613,0.4308,-0.3953,0.1622,-0.1289,-0.186,2640.0
Anomalia,0.0263,0.175,0.4308,-0.3953,0.177,-0.1234,-0.6305,2640.0
Anomalia,0.0017,0.1727,0.3173,-0.3953,0.1727,-0.0516,-0.9539,2640.0
Anomalia,0.0127,0.1629,0.3173,-0.2629,0.1634,0.0818,-1.2763,2640.0
Anomalia,0.0073,0.1427,0.3052,-0.2528,0.1429,0.18,-0.9085,2640.0
Anomalia,-0.0074,0.1339,0.2975,-0.3146,0.1341,0.0979,-0.5351,2880.0
Anomalia,0.0259,0.1748,0.4779,-0.358,0.1767,0.3168,-0.2027,2880.0
Anomalia,0.0199,0.178,0.4779,-0.358,0.1791,0.2548,-0.2054,2640.0
Anomalia,0.0189,0.1948,0.4779,-0.358,0.1957,0.2212,-0.7566,2640.0
Anomalia,0.0203,0.2076,0.4779,-0.3713,0.2086,0.124,-0.9598,2640.0
Anomalia,-0.0029,0.1711,0.3661,-0.3713,0.1711,0.0464,-0.8769,2880.0
Anomalia,-0.0007,0.1612,0.3661,-0.3713,0.1612,0.1156,-0.6847,2880.0
Anomalia,0.0033,0.1571,0.3369,-0.3713,0.1571,-0.0678,-0.7729,2880.0
Anomalia,0.0153,0.1313,0.2802,-0.2553,0.1322,-0.0083,-1.0407,2640.0
Anomalia,0.0199,0.1417,0.2802,-0.3352,0.1431,-0.1836,-0.8974,2640.0
Anomalia,0.0121,0.1391,0.2802,-0.3352,0.1397,-0.1199,-0.8367,2640.0
Anomalia,0.0071,0.1232,0.2802,-0.3352,0.1234,0.0254,-0.4495,2640.0
Anomalia,0.0082,0.121,0.2687,-0.3352,0.1213,-0.0554,-0.5563,2640.0
Anomalia,0.007,0.1093,0.2263,-0.2178,0.1095,0.0623,-0.9585,3360.0
Anomalia,0.019,0.1022,0.2263,-0.2178,0.1039,-0.051,-0.8101,2880.0
Anomalia,0.0158,0.1099,0.2263,-0.2178,0.1111,-0.1599,-0.9287,2880.0
Anomalia,0.0067,0.0998,0.2149,-0.2178,0.1,-0.1772,-0.6674,2880.0
Anomalia,0.0187,0.1004,0.2616,-0.208,0.1022,0.018,-0.6052,2880.0
Anomalia,0.0097,0.1126,0.2616,-0.2656,0.113,-0.051,-0.5988,2880.0
Anomalia,0.0152,0.1089,0.2616,-0.2656,0.11,-0.1794,-0.4085,2640.0
Anomalia,0.0186,0.1192,0.2616,-0.2656,0.1207,-0.2213,-0.8485,2880.0
Anomalia,0.004,0.1154,0.2568,-0.2656,0.1155,-0.1124,-0.7959,2880.0
Anomalia,0.0072,0.1359,0.3012,-0.3158,0.1361,0.0072,-0.6565,2880.0
Anomalia,0.0107,0.1557,0.3321,-0.3158,0.156,0.1223,-0.9537,2880.0
Anomalia,0.0101,0.1596,0.3321,-0.3158,0.1599,0.1115,-0.9951,2640.0
Anomalia,0.0175,0.1942,0.4946,-0.44,0.195,0.1243,-0.7866,2880.0
Anomalia,0.0149,0.2008,0.4946,-0.4836,0.2013,-0.0114,-0.4841,2880.0
Anomalia,0.0035,0.1933,0.4946,-0.4836,0.1934,0.0637,-0.2025,2880.0
Anomalia,0.0057,0.2268,0.4946,-0.4836,0.2269,0.1372,-0.7239,2880.0
Anomalia,0.0005,0.2166,0.4756,-0.4836,0.2166,0.0495,-0.7706,2880.0
Anomalia,0.009,0.2041,0.4756,-0.3968,0.2043,0.1102,-0.8239,2640.0
Anomalia,0.0218,0.1931,0.4756,-0.3968,0.1943,-0.016,-0.4958,2640.0
Anomalia,0.0154,0.1454,0.3588,-0.3968,0.1462,-0.1134,-0.0977,2880.0
Anomalia,0.0166,0.1203,0.3092,-0.2783,0.1215,-0.0214,-0.2395,2400.0
Anomalia,0.0044,0.1044,0.248,-0.2783,0.1045,0.0556,-0.1472,2400.0
Anomalia,0.0074,0.1332,0.441,-0.3131,0.1334,0.4226,0.5668,2400.0
Anomalia,0.0152,0.208,0.6125,-0.5234,0.2085,0.262,0.4131,2880.0
Anomalia,0.0163,0.215,0.6125,-0.5234,0.2156,0.2295,0.0947,2640.0
Anomalia,0.0228,0.2107,0.6125,-0.5234,0.212,0.1535,0.2878,2880.0
Anomalia,0.0112,0.2016,0.6125,-0.5234,0.2019,0.2594,0.6141,2880.0
Anomalia,-0.005,0.1732,0.3857,-0.4264,0.1733,-0.1364,-0.2901,2880.0
Anomalia,0.0019,0.1853,0.3811,-0.4264,0.1853,-0.0624,-0.5107,2640.0
Anomalia,0.006,0.1892,0.3811,-0.4264,0.1893,-0.0892,-0.6481,2640.0
Anomalia,0.0111,0.1849,0.3811,-0.4264,0.1853,-0.2254,-0.4851,2640.0
Anomalia,0.0354,0.175,0.407,-0.3338,0.1786,-0.0075,-0.5525,2400.0
Anomalia,0.0128,0.2269,0.5551,-0.6375,0.2273,-0.318,0.1532,2640.0
Anomalia,0.0018,0.2567,0.5551,-0.6375,0.2567,-0.1636,-0.6794,2640.0
Anomalia,0.0074,0.2697,0.5551,-0.6375,0.2698,-0.1623,-0.9788,2640.0
Anomalia,-0.0022,0.2424,0.5551,-0.6375,0.2424,-0.2125,-0.3525,2640.0
Anomalia,0.0175,0.186,0.4083,-0.4471,0.1869,-0.1658,-0.5175,2400.0
Anomalia,0.0263,0.176,0.3686,-0.4423,0.178,-0.2672,-0.4104,2880.0
Anomalia,0.0165,0.2305,0.6019,-0.5353,0.2311,-0.1585,-0.1263,2640.0
Anomalia,0.0134,0.2781,0.6019,-0.5353,0.2784,-0.076,-0.9888,2640.0
Anomalia,0.0056,0.287,0.6019,-0.5353,0.2871,-0.0157,-1.1136,2640.0
Anomalia,0.003,0.2917,0.6019,-0.5353,0.2917,0.0384,-1.1822,2880.0
Anomalia,0.0089,0.2542,0.522,-0.4439,0.2544,-0.0101,-1.1364,2880.0
Anomalia,0.0099,0.2347,0.44,-0.4406,0.2349,0.0089,-1.1382,2880.0
Anomalia,0.0084,0.2105,0.44,-0.4406,0.2107,0.0832,-0.7066,2880.0
Anomalia,0.0048,0.1928,0.44,-0.4406,0.1929,0.0838,-0.6094,2880.0
Anomalia,0.0005,0.1864,0.44,-0.4406,0.1864,0.1416,-0.6145,2880.0
Anomalia,0.0124,0.1717,0.3363,-0.33,0.1722,0.0838,-1.0547,2880.0
Anomalia,0.0191,0.1743,0.3363,-0.33,0.1754,-0.0139,-1.1561,2880.0
Anomalia,0.0213,0.1581,0.3363,-0.2689,0.1596,0.0828,-1.0904,2640.0
Anomalia,0.0182,0.1603,0.3363,-0.3363,0.1613,0.0021,-0.9008,2640.0
Anomalia,0.0051,0.1782,0.4199,-0.431,0.1783,-0.1635,-0.5725,2640.0
Anomalia,0.006,0.2098,0.4199,-0.431,0.2098,-0.1065,-0.9668,2640.0
Anomalia,0.0045,0.2187,0.4199,-0.431,0.2188,-0.1523,-1.08,2640.0
Anomalia,0.0164,0.2027,0.4199,-0.431,0.2034,-0.2773,-0.6678,2640.0
Anomalia,0.0255,0.1681,0.4074,-0.4249,0.17,-0.3497,-0.0497,2880.0
Anomalia,0.0063,0.1433,0.2704,-0.3757,0.1434,-0.3499,-0.3405,2880.0
Anomalia,0.0073,0.1188,0.2674,-0.3269,0.119,-0.166,-0.1149,2640.0
Anomalia,-0.0019,0.1189,0.2674,-0.3269,0.1189,-0.1855,-0.2209,2640.0
Anomalia,-0.0048,0.1108,0.2368,-0.3269,0.1109,-0.3538,-0.0155,2640.0
Anomalia,0.02,0.1092,0.3866,-0.2278,0.111,0.4164,0.6684,2400.0
Anomalia,0.0229,0.127,0.3866,-0.2808,0.129,0.0822,0.0224,2880.0
Anomalia,0.0154,0.1542,0.3866,-0.2983,0.1549,-0.0135,-0.6106,2640.0
Anomalia,0.014,0.1754,0.3866,-0.2983,0.176,0.0131,-1.0955,2640.0
Anomalia,0.0006,0.1901,0.3321,-0.3751,0.1901,-0.0537,-1.227,2640.0
Anomalia,0.0005,0.197,0.3405,-0.3751,0.197,0.0485,-1.2918,2640.0
Anomalia,0.0171,0.1936,0.3405,-0.3751,0.1943,-0.0213,-1.2435,2400.0
Anomalia,0.0159,0.1838,0.3405,-0.3751,0.1845,-0.0228,-1.107,2640.0
Anomalia,0.0163,0.1584,0.3405,-0.2599,0.1592,0.2069,-1.0398,2640.0
Anomalia,0.0166,0.1767,0.5222,-0.3515,0.1775,0.2644,-0.4764,2400.0
Anomalia,0.002,0.198,0.5222,-0.4961,0.198,0.1412,-0.2713,2880.0
Anomalia,0.0102,0.2004,0.5222,-0.4961,0.2006,0.0629,-0.3442,2640.0
Anomalia,0.0111,0.1977,0.5222,-0.4961,0.198,0.0395,-0.2116,2640.0
Anomalia,0.0122,0.1878,0.4252,-0.4961,0.1882,-0.149,-0.3563,2640.0
Anomalia,0.0112,0.144,0.3505,-0.3194,0.1445,0.0377,-0.3398,2640.0
Anomalia,0.0086,0.1312,0.3505,-0.3194,0.1315,0.0021,0.0612,2880.0
Anomalia,0.0082,0.1277,0.3505,-0.3194,0.1279,0.0656,0.2687,2880.0
Anomalia,0.007,0.1015,0.2505,-0.2297,0.1018,-0.0414,-0.4681,2640.0
Anomalia,0.015,0.1071,0.2505,-0.2297,0.1082,-0.148,-0.4746,3120.0
Anomalia,0.0103,0.1163,0.2505,-0.2447,0.1167,-0.0856,-0.5887,2880.0
Anomalia,0.0088,0.1392,0.2973,-0.3507,0.1395,-0.2223,-0.6846,2880.0
Anomalia,0.015,0.1731,0.3924,-0.4283,0.1737,-0.1609,-0.4094,2880.0
Anomalia,0.0125,0.1786,0.3924,-0.4283,0.1791,-0.0837,-0.61,2640.0
Anomalia,0.0121,0.1682,0.3924,-0.4283,0.1687,-0.0951,-0.1394,2640.0
Anomalia,0.0223,0.1555,0.3924,-0.4283,0.1571,-0.1017,0.2463,2400.0
Anomalia,0.0067,0.1111,0.2969,-0.2232,0.1113,0.0761,-0.5423,2400.0
Anomalia,0.0129,0.1128,0.2722,-0.2505,0.1135,0.0086,-0.6478,2400.0
Anomalia,0.0158,0.1676,0.4164,-0.3532,0.1683,0.1333,-0.4788,2640.0
Anomalia,0.0009,0.2144,0.5151,-0.4124,0.2144,0.1084,-0.7343,2640.0
Anomalia,0.0179,0.2421,0.5151,-0.4124,0.2428,0.0445,-1.0745,2640.0
Anomalia,0.0136,0.2366,0.5151,-0.4124,0.237,0.0835,-0.9221,2640.0
Anomalia,0.0071,0.2144,0.5151,-0.4124,0.2146,0.1029,-0.5544,2880.0
Anomalia,0.0105,0.1862,0.5101,-0.387,0.1865,0.1708,-0.5887,2880.0
Anomalia,-0.0032,0.1661,0.3206,-0.3133,0.1662,-0.0383,-1.0887,2880.0
Anomalia,0.0018,0.17,0.3206,-0.3133,0.1701,-0.0975,-1.1716,2880.0
Anomalia,0.0135,0.1554,0.3206,-0.3133,0.156,-0.3354,-0.743,2880.0
Anomalia,0.0206,0.1386,0.3206,-0.3025,0.1401,-0.4066,-0.4539,2880.0
Anomalia,0.0284,0.1079,0.2677,-0.248,0.1116,-0.4195,-0.1483,2400.0
Anomalia,0.0088,0.1517,0.401,-0.4627,0.152,-0.6193,0.9516,2880.0
Anomalia,0.0012,0.173,0.401,-0.4627,0.1731,-0.2878,-0.1182,2880.0
Anomalia,0.0026,0.1677,0.401,-0.4627,0.1677,-0.3469,0.1486,2880.0
Anomalia,0.006,0.1868,0.401,-0.4627,0.1869,-0.2581,-0.5057,2880.0
Anomalia,0.0258,0.1538,0.3471,-0.3509,0.1559,-0.1524,-0.6778,2880.0
Anomalia,0.0268,0.1344,0.3163,-0.3296,0.1371,-0.0824,-0.5348,2640.0
Anomalia,0.0106,0.1971,0.4212,-0.4811,0.1973,-0.3002,-0.1531,2640.0
Anomalia,0.005,0.2264,0.4688,-0.4811,0.2264,-0.1065,-0.5182,2640.0
Anomalia,-0.0019,0.2254,0.4688,-0.4811,0.2254,-0.0119,-0.4625,2640.0
Anomalia,0.0071,0.223,0.4688,-0.4811,0.2231,-0.1375,-0.3602,2640.0
Anomalia,0.0147,0.1827,0.4688,-0.4279,0.1832,-0.0102,0.0599,2880.0
Anomalia,0.0148,0.1969,0.5332,-0.5543,0.1975,-0.1076,0.5476,2880.0
Anomalia,0.011,0.2089,0.5332,-0.5543,0.2091,-0.1551,-0.0136,2880.0
Anomalia,0.0085,0.237,0.5332,-0.5543,0.2372,0.0249,-0.8138,2880.0
Anomalia,0.0092,0.2331,0.5332,-0.5543,0.2333,0.0277,-0.7281,2880.0
Anomalia,0.0171,0.1746,0.3882,-0.3229,0.1754,-0.0138,-0.8073,2880.0
Anomalia,0.0196,0.1602,0.3882,-0.3229,0.1614,0.0864,-0.5468,2640.0
Anomalia,0.0127,0.1509,0.3603,-0.2839,0.1514,-0.0964,-0.7678,2640.0
Anomalia,0.0258,0.1798,0.3924,-0.3269,0.1816,-0.0147,-0.8281,2640.0
Anomalia,0.0113,0.2249,0.4506,-0.4581,0.2252,-0.0722,-1.0241,2640.0
Anomalia,0.004,0.2421,0.4506,-0.514,0.2421,-0.1079,-1.1081,2640.0
Anomalia,0.0106,0.2285,0.4506,-0.514,0.2288,-0.1928,-0.7937,2640.0
Anomalia,0.0044,0.1981,0.4506,-0.514,0.1982,-0.343,-0.0121,2640.0
Anomalia,0.0166,0.146,0.3713,-0.514,0.147,-0.5138,1.3311,2640.0
Anomalia,0.0217,0.1031,0.3217,-0.1621,0.1053,0.4861,-0.4166,2400.0
Anomalia,0.011,0.0875,0.2163,-0.1358,0.0881,0.3426,-0.8221,2400.0
Anomalia,0.002,0.1274,0.3163,-0.3188,0.1274,-0.1336,0.1074,2880.0
Anomalia,0.0031,0.1265,0.3163,-0.3188,0.1266,-0.1779,0.232,2880.0
Anomalia,0.0089,0.125,0.3163,-0.3188,0.1254,-0.3343,0.3937,2880.0
Anomalia,0.0186,0.1265,0.3163,-0.3188,0.1279,-0.5295,0.385,2880.0
Anomalia,0.0142,0.1231,0.3213,-0.3419,0.1239,-0.5302,0.4828,2880.0
Anomalia,0.0067,0.1432,0.3213,-0.3419,0.1434,-0.3234,-0.3975,2640.0
Anomalia,0.0068,0.1654,0.3421,-0.3419,0.1656,-0.1849,-0.9459,2880.0
Anomalia,-0.0014,0.1901,0.3822,-0.3419,0.1901,0.0717,-1.2351,2880.0
Anomalia,0.0237,0.1883,0.3999,-0.2831,0.1898,0.0392,-1.1987,2880.0
Anomalia,0.0128,0.1907,0.3999,-0.3309,0.1911,0.0971,-1.146,2640.0
Anomalia,0.0102,0.2097,0.4416,-0.4569,0.2099,0.0699,-1.0202,2640.0
Anomalia,0.0157,0.2115,0.4416,-0.4569,0.2121,0.0165,-1.0161,2640.0
Anomalia,0.0035,0.198,0.4416,-0.4569,0.1981,0.0158,-0.7973,2640.0
Anomalia,0.0175,0.1892,0.4416,-0.4569,0.19,0.0106,-0.5719,2640.0
Anomalia,0.0183,0.1583,0.378,-0.3638,0.1594,0.043,-0.5411,2640.0
Anomalia,0.0074,0.1628,0.3653,-0.3882,0.163,-0.0821,-0.5,2640.0
Anomalia,0.0097,0.1715,0.3653,-0.3882,0.1718,-0.054,-0.6983,2880.0
Anomalia,0.0072,0.163,0.3653,-0.3882,0.1631,-0.1672,-0.485,2880.0
Anomalia,0.0029,0.1537,0.3653,-0.3882,0.1537,-0.0538,-0.2273,2880.0
Anomalia,0.0203,0.143,0.3768,-0.2816,0.1444,0.2242,-0.3799,2880.0
Anomalia,0.0124,0.1521,0.3768,-0.3169,0.1526,0.1043,-0.4857,2880.0
Anomalia,0.0174,0.164,0.3768,-0.3169,0.165,0.0207,-0.8402,2880.0
Anomalia,0.0218,0.1644,0.3768,-0.3169,0.1658,-0.0222,-0.8468,2880.0
Anomalia,0.0124,0.1771,0.46,-0.4033,0.1775,-0.0273,-0.4617,2880.0
Anomalia,0.0158,0.1894,0.46,-0.4033,0.19,-0.0063,-0.3692,2400.0
Anomalia,0.0125,0.182,0.46,-0.4033,0.1825,0.0437,-0.0661,2640.0
Anomalia,0.0118,0.2191,0.46,-0.4287,0.2194,0.021,-0.8054,2880.0
Anomalia,0.0137,0.2178,0.4381,-0.4287,0.2182,0.0762,-0.921,2880.0
Anomalia,0.0104,0.1983,0.4348,-0.4287,0.1985,0.1494,-0.7631,2640.0
Anomalia,0.0088,0.193,0.4348,-0.4287,0.1932,0.1788,-0.5801,2640.0
Anomalia,0.002,0.2101,0.4756,-0.63,0.2101,-0.137,0.1338,2880.0
Anomalia,0.005,0.2116,0.4756,-0.63,0.2117,-0.1706,0.1462,2880.0
Anomalia,0.0141,0.203,0.4756,-0.63,0.2035,-0.2841,0.6636,2880.0
Anomalia,0.0138,0.2092,0.4756,-0.63,0.2097,-0.2565,0.2969,2880.0
Anomalia,0.0155,0.1732,0.4483,-0.3667,0.1738,0.0496,-0.5429,2880.0
Anomalia,0.0154,0.1458,0.2929,-0.2996,0.1466,-0.2889,-0.7049,2640.0
Anomalia,0.0007,0.1604,0.2929,-0.2996,0.1604,-0.1875,-1.1278,2880.0
Anomalia,0.0166,0.1819,0.4012,-0.2996,0.1826,-0.0553,-1.1143,2880.0
Anomalia,0.0279,0.1703,0.4012,-0.2716,0.1726,-0.027,-1.0205,2880.0
Anomalia,0.0111,0.1704,0.4012,-0.305,0.1708,0.1325,-0.9834,2640.0
Anomalia,0.0214,0.203,0.5165,-0.4162,0.2041,0.0661,-0.7783,2640.0
Anomalia,0.0033,0.1915,0.5165,-0.4162,0.1915,0.0944,-0.5552,2640.0
Anomalia,-0.0023,0.1799,0.5165,-0.4162,0.1799,0.1412,-0.0824,2640.0
Anomalia,0.0178,0.1751,0.5165,-0.4162,0.176,-0.0192,0.0938,2880.0
Anomalia,0.0159,0.1116,0.3119,-0.2956,0.1127,-0.0539,0.1488,2400.0
Anomalia,0.0155,0.1045,0.2601,-0.257,0.1056,-0.0305,-0.1777,3120.0
Anomalia,0.0175,0.112,0.282,-0.257,0.1133,0.0898,-0.4109,2640.0
Anomalia,-0.0,0.1305,0.2923,-0.3557,0.1305,-0.1205,-0.2127,2880.0
Anomalia,0.0043,0.1512,0.2923,-0.3557,0.1512,-0.1061,-0.8746,2880.0
Anomalia,0.0146,0.1934,0.514,-0.4272,0.194,0.098,-0.4528,2880.0
Anomalia,0.0131,0.1973,0.514,-0.4272,0.1978,0.0765,-0.5895,2880.0
Anomalia,0.0269,0.2266,0.514,-0.4272,0.2282,0.1117,-0.8045,2880.0
Anomalia,0.0213,0.2269,0.514,-0.4272,0.2279,0.1551,-0.7832,2880.0
Anomalia,0.0084,0.1834,0.4994,-0.3907,0.1836,0.3199,-0.0087,2880.0
Anomalia,0.0097,0.1973,0.4994,-0.3907,0.1976,0.2086,-0.4106,2880.0
Anomalia,0.0105,0.1701,0.3872,-0.363,0.1704,0.074,-0.7301,2880.0
Anomalia,0.0158,0.1646,0.3872,-0.363,0.1653,0.0108,-0.6189,2640.0
Anomalia,0.0239,0.1684,0.3872,-0.363,0.1701,-0.1123,-0.7533,2640.0
Anomalia,0.0209,0.1527,0.3872,-0.3048,0.1542,0.0131,-0.7418,2880.0
Anomalia,0.0082,0.1447,0.2708,-0.2987,0.145,-0.1184,-1.0252,2640.0
Anomalia,-0.0013,0.1468,0.2843,-0.2987,0.1468,0.0836,-1.1044,2640.0
Anomalia,0.005,0.1406,0.2843,-0.2987,0.1407,-0.0556,-0.9082,2640.0
Anomalia,0.007,0.1726,0.4068,-0.4051,0.1727,-0.0538,-0.484,2880.0
Anomalia,0.0202,0.1962,0.4915,-0.4237,0.1972,0.0484,-0.3422,2880.0
Anomalia,0.0283,0.2044,0.4915,-0.4237,0.2064,-0.0287,-0.527,2880.0
Anomalia,0.0102,0.2183,0.4915,-0.4237,0.2185,0.1056,-0.9227,2880.0
Anomalia,0.006,0.2086,0.4915,-0.4237,0.2087,0.1218,-0.8578,2880.0
Anomalia,0.0058,0.1975,0.4341,-0.3861,0.1976,0.053,-1.0151,2880.0
Anomalia,0.0064,0.183,0.4341,-0.3861,0.1831,0.0571,-0.7185,2880.0
Anomalia,0.0221,0.1778,0.4341,-0.3861,0.1792,0.0143,-0.628,2640.0
Anomalia,0.0256,0.1741,0.4341,-0.3655,0.176,0.0503,-0.7103,2640.0
Anomalia,0.0075,0.1537,0.3261,-0.311,0.1539,0.0263,-0.7191,2640.0
Anomalia,0.0106,0.1516,0.3261,-0.311,0.152,-0.1303,-0.76,2880.0
Anomalia,0.0072,0.1661,0.3672,-0.311,0.1663,-0.0396,-0.9001,2880.0
Anomalia,0.0069,0.1469,0.3672,-0.3065,0.1471,0.0709,-0.7581,2880.0
Anomalia,0.0197,0.1366,0.3672,-0.2729,0.138,0.0907,-0.5609,2640.0
Anomalia,0.0165,0.1559,0.3672,-0.2981,0.1568,0.0422,-0.86,2640.0
Anomalia,0.015,0.1474,0.3357,-0.2981,0.1482,0.0638,-0.8469,2640.0
Anomalia,0.0122,0.1395,0.3357,-0.2981,0.1401,0.0333,-0.5385,2880.0
Anomalia,0.013,0.1394,0.3357,-0.2981,0.14,-0.0211,-0.5554,2880.0
Anomalia,0.0112,0.1114,0.3357,-0.2274,0.112,0.1024,0.0521,2880.0
Anomalia,0.007,0.1049,0.2568,-0.2457,0.1051,-0.0782,-0.3928,2880.0
Anomalia,0.0116,0.11,0.2568,-0.2457,0.1106,0.0084,-0.6564,2880.0
Anomalia,0.0047,0.1019,0.2568,-0.2457,0.102,0.1545,-0.1808,2880.0
Anomalia,0.0087,0.1262,0.2733,-0.2964,0.1265,0.0423,-0.5712,2880.0
Anomalia,0.0181,0.1444,0.4306,-0.2964,0.1455,0.2624,-0.1425,2400.0
Anomalia,0.0142,0.1468,0.4306,-0.2964,0.1475,0.2666,-0.1601,2640.0
Anomalia,0.0179,0.1619,0.4306,-0.2964,0.1629,0.164,-0.7808,2880.0
Anomalia,0.0145,0.18,0.4306,-0.3851,0.1805,0.1524,-0.7548,2880.0
Anomalia,0.0014,0.164,0.3941,-0.3851,0.164,0.1281,-0.5865,2640.0
Anomalia,0.0108,0.1678,0.3941,-0.3851,0.1681,0.0332,-0.7171,2640.0
Anomalia,0.0133,0.172,0.3941,-0.3851,0.1725,0.0066,-0.7959,2640.0
Anomalia,0.0095,0.1558,0.32,-0.295,0.1561,0.0944,-0.9229,2640.0
Anomalia,0.0241,0.1443,0.32,-0.295,0.1463,-0.0919,-0.6658,2640.0
Anomalia,0.0136,0.1478,0.32,-0.295,0.1484,0.0007,-0.8608,2640.0
Anomalia,0.003,0.1409,0.3192,-0.295,0.141,0.0198,-0.8542,2640.0
Anomalia,0.008,0.1312,0.2597,-0.2497,0.1315,-0.1082,-1.0277,2640.0
Anomalia,0.0005,0.1349,0.2597,-0.2497,0.1349,-0.0068,-1.1419,2640.0
Anomalia,0.0082,0.1186,0.2597,-0.2497,0.1188,-0.204,-0.7736,2640.0
Anomalia,0.022,0.1145,0.2597,-0.2497,0.1166,-0.2074,-0.7345,2880.0
Anomalia,0.0173,0.1365,0.2973,-0.3864,0.1376,-0.3858,-0.065,2880.0
Anomalia,0.012,0.1494,0.2973,-0.3864,0.1499,-0.2458,-0.499,2640.0
Anomalia,0.0093,0.1579,0.3012,-0.3864,0.1582,-0.0808,-0.7712,2640.0
Anomalia,0.0076,0.1568,0.3012,-0.3864,0.157,-0.0374,-0.7348,2880.0
Anomalia,0.0161,0.1222,0.3012,-0.2604,0.1232,0.1102,-0.4031,2880.0
Anomalia,0.0178,0.1114,0.3012,-0.2608,0.1128,0.095,-0.3776,2640.0
Anomalia,0.0215,0.1764,0.6002,-0.4502,0.1777,0.1955,1.2823,2640.0
Anomalia,0.0145,0.2729,0.7339,-0.6442,0.2733,-0.0212,0.325,2640.0
Anomalia,0.002,0.293,0.7339,-0.6442,0.293,0.0207,-0.2859,2640.0
Anomalia,0.0163,0.2953,0.7339,-0.6442,0.2958,-0.0907,-0.3521,2640.0
Anomalia,0.0113,0.2699,0.7339,-0.6442,0.2701,-0.1596,0.1582,2880.0
Anomalia,0.0131,0.1887,0.4531,-0.499,0.1891,-0.1254,-0.2176,2880.0
Anomalia,0.0156,0.1589,0.4531,-0.3459,0.1597,0.2406,0.0367,2880.0
Anomalia,0.0031,0.1435,0.4531,-0.3459,0.1435,0.4192,1.1908,2640.0
Anomalia,0.0042,0.116,0.4531,-0.3459,0.116,0.8094,3.5191,3360.0
Anomalia,0.011,0.0726,0.1969,-0.1842,0.0735,0.2865,0.0527,3360.0
Anomalia,0.018,0.0661,0.1969,-0.1104,0.0685,0.6045,-0.2892,2640.0
Anomalia,0.0208,0.0904,0.2556,-0.2072,0.0927,0.1929,-0.0441,2880.0
Anomalia,0.0181,0.0899,0.2556,-0.2072,0.0917,0.1502,-0.0186,2880.0
Anomalia,0.0042,0.1194,0.2556,-0.3012,0.1194,-0.1755,-0.2317,2640.0
Anomalia,0.0119,0.1288,0.2556,-0.3012,0.1293,-0.1748,-0.6629,2640.0
Anomalia,0.001,0.1292,0.2556,-0.3012,0.1292,-0.0923,-0.5795,2640.0
Anomalia,0.0108,0.1607,0.3584,-0.3012,0.161,0.0132,-0.9577,2880.0
Anomalia,0.0275,0.1596,0.3701,-0.2877,0.1619,0.1099,-0.8392,2640.0
Anomalia,0.0132,0.1687,0.3701,-0.3017,0.1692,0.1651,-0.8828,2640.0
Anomalia,0.0174,0.1998,0.4051,-0.3799,0.2006,0.0021,-1.0383,2640.0
Anomalia,0.0043,0.1924,0.4051,-0.3799,0.1924,0.0779,-0.9101,2640.0
Anomalia,0.0043,0.1739,0.4051,-0.3799,0.174,-0.0891,-0.4538,2640.0
Anomalia,0.0106,0.1769,0.4051,-0.3799,0.1772,-0.0403,-0.5198,2400.0
Anomalia,0.0193,0.16,0.3534,-0.333,0.1612,-0.0423,-0.639,2880.0
Anomalia,0.0225,0.1458,0.3534,-0.333,0.1475,-0.0183,-0.3329,2880.0
Anomalia,0.0094,0.1486,0.3534,-0.333,0.1489,0.1699,-0.4564,2880.0
Anomalia,0.0007,0.1371,0.3519,-0.333,0.1371,0.1424,-0.2355,2880.0
Anomalia,0.0074,0.1305,0.324,-0.2624,0.1307,0.1978,-0.4233,2880.0
Anomalia,0.0142,0.1365,0.3371,-0.2624,0.1373,0.2465,-0.3426,2640.0
Anomalia,0.0216,0.1438,0.3371,-0.2624,0.1454,0.2143,-0.6285,2640.0
Anomalia,0.0317,0.1842,0.4911,-0.4425,0.187,0.0964,-0.2101,2880.0
Anomalia,0.0087,0.2242,0.4911,-0.5555,0.2244,-0.153,-0.2989,2640.0
Anomalia,0.0019,0.2313,0.4911,-0.5555,0.2313,-0.0866,-0.5017,2640.0
Anomalia,0.009,0.2261,0.4911,-0.5555,0.2263,-0.2102,-0.2956,2640.0
Anomalia,-0.0015,0.1905,0.4095,-0.5555,0.1905,-0.3848,0.4564,2640.0
Anomalia,0.0228,0.1309,0.3707,-0.3509,0.1329,0.0131,0.2402,2880.0
Anomalia,0.0225,0.1125,0.3146,-0.232,0.1148,-0.0117,-0.288,2400.0
Anomalia,0.0068,0.1639,0.4915,-0.3486,0.164,0.188,0.0316,2880.0
Anomalia,0.0149,0.1898,0.4915,-0.3718,0.1904,0.0297,-0.6274,2640.0
Anomalia,0.0008,0.186,0.4915,-0.3718,0.186,0.1273,-0.5182,2880.0
Anomalia,0.0057,0.1895,0.4915,-0.3718,0.1896,0.0836,-0.6289,2880.0
Anomalia,0.018,0.1732,0.4539,-0.3718,0.1741,0.1233,-0.5574,2880.0
Anomalia,0.0083,0.1524,0.4539,-0.2729,0.1527,0.2877,-0.2859,2880.0
Anomalia,0.0189,0.1464,0.4539,-0.2729,0.1476,0.2634,-0.0553,2880.0
Anomalia,0.0189,0.1377,0.4539,-0.2729,0.139,0.3122,0.331,2640.0
Anomalia,0.0058,0.1121,0.2591,-0.2389,0.1122,-0.2325,-0.5508,2640.0
Anomalia,0.019,0.1171,0.2597,-0.2545,0.1186,-0.1217,-0.618,2640.0
Anomalia,0.0073,0.1417,0.3117,-0.2948,0.1419,-0.0904,-0.8488,2880.0
Anomalia,0.0159,0.1519,0.3275,-0.2948,0.1527,-0.0893,-0.9406,2880.0
Anomalia,0.0225,0.1453,0.3275,-0.2948,0.1471,-0.1088,-0.7059,2640.0
Anomalia,0.0121,0.1329,0.3275,-0.2948,0.1334,0.0022,-0.3502,2640.0
Anomalia,0.0206,0.1053,0.3275,-0.2238,0.1073,0.1714,-0.0595,2640.0
Anomalia,0.0135,0.0843,0.1932,-0.1919,0.0854,-0.0218,-0.4308,2640.0
Anomalia,0.0097,0.0936,0.1932,-0.1919,0.0941,-0.2244,-0.6961,2640.0
Anomalia,0.0161,0.1034,0.2818,-0.2024,0.1047,-0.0749,-0.499,2640.0
Anomalia,0.0039,0.1408,0.3317,-0.3924,0.1409,-0.2686,-0.0211,2640.0
Anomalia,0.0029,0.1649,0.3807,-0.3924,0.1649,-0.0355,-0.6685,2640.0
Anomalia,0.0161,0.1709,0.3807,-0.3924,0.1717,-0.1175,-0.8297,2640.0
Anomalia,0.0136,0.1624,0.3807,-0.3924,0.1629,-0.126,-0.5433,2640.0
Anomalia,0.0292,0.139,0.3807,-0.282,0.142,0.1235,-0.6464,2880.0
Anomalia,0.021,0.1381,0.2848,-0.3213,0.1397,-0.0518,-0.8046,2880.0
Anomalia,-0.0003,0.1343,0.2848,-0.3213,0.1343,-0.0436,-0.5617,2640.0
Anomalia,0.0169,0.1433,0.2848,-0.3213,0.1443,-0.1411,-0.7659,2640.0
Anomalia,-0.0001,0.1496,0.2837,-0.3213,0.1496,-0.0931,-0.9747,2400.0
Anomalia,0.0109,0.1392,0.2837,-0.2835,0.1397,-0.0495,-0.8531,2640.0
Anomalia,0.0312,0.1307,0.2837,-0.2497,0.1344,-0.1855,-0.769,2640.0
Anomalia,0.0037,0.1414,0.2812,-0.2877,0.1414,-0.0852,-0.9522,2640.0
Anomalia,0.0111,0.1403,0.3052,-0.2877,0.1408,-0.0839,-0.8042,2640.0
Anomalia,0.006,0.1297,0.3052,-0.2877,0.1299,-0.1661,-0.536,2640.0
Anomalia,0.0047,0.1277,0.3052,-0.2877,0.1278,-0.1399,-0.4307,2640.0
Anomalia,0.0196,0.1085,0.3052,-0.28,0.1103,-0.0941,-0.0215,2880.0
Anomalia,0.0221,0.1099,0.3186,-0.2654,0.1121,-0.1661,0.0348,3360.0
Anomalia,0.0116,0.1249,0.3252,-0.3215,0.1255,-0.2038,0.0774,2880.0
Anomalia,0.0136,0.1295,0.3252,-0.3215,0.1302,-0.1039,-0.1018,2880.0
Anomalia,-0.0003,0.14,0.3252,-0.3215,0.14,-0.0283,-0.5267,2880.0
Anomalia,0.0006,0.1492,0.3544,-0.3215,0.1492,0.0634,-0.5776,2640.0
Anomalia,0.0213,0.1633,0.4118,-0.2781,0.1647,0.211,-0.6968,2640.0
Anomalia,0.0108,0.1651,0.4118,-0.2781,0.1655,0.2955,-0.7577,2880.0
Anomalia,0.0235,0.1503,0.4118,-0.2781,0.1521,0.2969,-0.2508,2880.0
Anomalia,0.0145,0.1246,0.4118,-0.2624,0.1255,0.6325,0.7573,2880.0
Anomalia,0.0018,0.0974,0.2677,-0.2163,0.0974,0.1391,-0.3506,2400.0
Anomalia,0.0102,0.0919,0.2677,-0.2163,0.0924,0.012,-0.0263,2400.0
Anomalia,0.0135,0.1698,0.494,-0.4882,0.1703,0.0022,1.0226,2880.0
Anomalia,0.0241,0.2546,0.6438,-0.514,0.2557,0.0351,-0.1827,2640.0
Anomalia,0.0201,0.2755,0.6438,-0.514,0.2763,0.015,-0.7078,2640.0
Anomalia,0.0112,0.2804,0.6438,-0.514,0.2806,0.0955,-0.8303,2640.0
Anomalia,0.0025,0.2573,0.6438,-0.514,0.2573,0.2073,-0.4775,2880.0
Anomalia,-0.0021,0.2062,0.4379,-0.4235,0.2063,0.0533,-0.854,2880.0
Anomalia,0.012,0.1824,0.4379,-0.4235,0.1828,-0.058,-0.6187,2880.0
Anomalia,0.0184,0.2069,0.4437,-0.4235,0.2077,0.0456,-0.8754,2880.0
Anomalia,0.0114,0.2578,0.4925,-0.6206,0.258,-0.1663,-0.7413,2880.0
Anomalia,0.0095,0.2672,0.4925,-0.6206,0.2674,-0.1416,-0.8449,2880.0
Anomalia,0.004,0.2658,0.4925,-0.6206,0.2658,-0.0983,-0.817,2880.0
Anomalia,-0.0053,0.2544,0.4925,-0.6206,0.2544,-0.1121,-0.6589,2880.0
Anomalia,0.0212,0.2117,0.4535,-0.4579,0.2127,-0.0279,-0.8374,2880.0
Anomalia,0.0302,0.2071,0.4283,-0.45,0.2093,-0.023,-0.8513,2640.0
Anomalia,0.011,0.3109,0.8065,-0.8207,0.3111,-0.1784,-0.0905,2640.0
Anomalia,0.0172,0.3837,0.8313,-0.8207,0.3841,-0.0555,-0.7002,2640.0
Anomalia,0.0034,0.3766,0.8313,-0.8207,0.3766,0.029,-0.5493,2640.0
Anomalia,-0.0016,0.3619,0.8313,-0.8207,0.3619,0.0669,-0.2335,2640.0
Anomalia,0.0276,0.2801,0.8313,-0.7748,0.2814,0.1186,0.9097,2400.0
Anomalia,0.0189,0.1847,0.4464,-0.4289,0.1857,0.0886,-0.5824,2400.0
Anomalia,0.0182,0.2086,0.4464,-0.4289,0.2094,0.0565,-0.9045,2640.0
Anomalia,0.0138,0.1992,0.4464,-0.4289,0.1997,0.0589,-0.6604,2640.0
Anomalia,-0.0022,0.1986,0.4464,-0.4289,0.1986,0.1636,-0.6136,2880.0
Anomalia,0.0081,0.214,0.5057,-0.3999,0.2141,0.1821,-0.6881,2880.0
Anomalia,0.0097,0.1945,0.5057,-0.3999,0.1948,0.1798,-0.4608,2880.0
Anomalia,0.012,0.2414,0.5174,-0.4848,0.2417,0.0837,-0.8276,2880.0
Anomalia,0.0247,0.2566,0.5174,-0.4848,0.2578,0.01,-1.0577,2880.0
Anomalia,0.0187,0.2369,0.5174,-0.5019,0.2376,-0.0291,-0.7517,2880.0
Anomalia,0.0175,0.2261,0.5174,-0.5019,0.2267,-0.0404,-0.4548,2640.0
Anomalia,0.0168,0.1861,0.4218,-0.5019,0.1869,-0.0557,-0.3666,2880.0
Anomalia,0.0074,0.173,0.3974,-0.5019,0.1731,-0.1383,-0.4223,2640.0
Anomalia,0.0182,0.148,0.314,-0.3309,0.1491,-0.146,-0.8434,2640.0
Anomalia,0.0125,0.1589,0.314,-0.3309,0.1594,-0.1965,-0.9173,2640.0
Anomalia,0.017,0.1611,0.314,-0.3571,0.162,-0.2506,-0.7781,2640.0
Anomalia,0.0137,0.141,0.3029,-0.3571,0.1416,-0.2122,-0.4054,2640.0
Anomalia,0.0048,0.1365,0.3029,-0.3571,0.1366,-0.1729,-0.2597,2640.0
Anomalia,0.0148,0.1498,0.4074,-0.3571,0.1505,0.0602,-0.1736,2400.0
Anomalia,0.0058,0.181,0.4404,-0.461,0.1811,0.0307,-0.1131,2880.0
Anomalia,0.0096,0.2185,0.4483,-0.461,0.2187,-0.0102,-0.8387,2880.0
Anomalia,0.0182,0.2325,0.4483,-0.461,0.2332,-0.0508,-1.1655,2880.0
Anomalia,0.0046,0.2226,0.4483,-0.461,0.2227,0.0346,-1.0675,2880.0
Anomalia,0.0138,0.1872,0.4483,-0.3826,0.1878,0.0428,-0.8348,2880.0
Anomalia,0.021,0.1469,0.3323,-0.2384,0.1484,0.0871,-1.0567,2880.0
Anomalia,0.0116,0.1218,0.2798,-0.2384,0.1223,0.0367,-0.7894,2880.0
Anomalia,0.0163,0.1185,0.2798,-0.3081,0.1196,-0.1405,-0.3344,2640.0
Anomalia,0.01,0.1312,0.2798,-0.3173,0.1316,-0.2658,-0.4306,2640.0
Anomalia,0.0007,0.1321,0.2697,-0.3173,0.1321,-0.2435,-0.4722,2640.0
Anomalia,0.0119,0.1451,0.2937,-0.3173,0.1456,-0.242,-0.7324,2880.0
Anomalia,0.019,0.1462,0.3108,-0.3173,0.1474,-0.1358,-0.8414,2880.0
Anomalia,0.0229,0.1395,0.3108,-0.2652,0.1413,-0.011,-0.8573,2880.0
Anomalia,0.0183,0.1293,0.3108,-0.2652,0.1306,0.1422,-0.6823,2640.0
Anomalia,0.0071,0.1192,0.3108,-0.238,0.1194,0.3079,-0.4744,2640.0
Anomalia,0.0058,0.1078,0.2856,-0.2257,0.108,0.2852,-0.4673,2640.0
Anomalia,0.0066,0.094,0.2378,-0.1719,0.0943,0.3015,-0.6018,2640.0
Anomalia,0.0166,0.107,0.2908,-0.261,0.1082,0.1292,-0.2559,2640.0
Anomalia,0.014,0.1513,0.4731,-0.4191,0.152,-0.0984,0.8562,2640.0
Anomalia,0.0148,0.175,0.4752,-0.4191,0.1756,0.0748,0.3434,2640.0
Anomalia,0.0057,0.1798,0.4752,-0.4191,0.1799,0.1367,0.171,2880.0
Anomalia,0.0047,0.2161,0.4752,-0.4191,0.2162,0.1228,-0.6025,2880.0
Anomalia,0.0154,0.2212,0.4752,-0.3924,0.2217,0.0953,-0.8749,2880.0
Anomalia,0.0149,0.2169,0.4272,-0.3924,0.2174,0.0513,-0.9026,2640.0
Anomalia,0.0235,0.2318,0.4272,-0.3924,0.233,-0.0771,-1.1731,2880.0
Anomalia,0.0217,0.2153,0.412,-0.3872,0.2164,-0.0721,-1.1442,2880.0
Anomalia,0.0139,0.187,0.412,-0.3628,0.1875,-0.0841,-0.8915,2880.0
Anomalia,0.0054,0.1699,0.3615,-0.3628,0.17,-0.0665,-0.7464,2640.0
Anomalia,0.0115,0.154,0.3615,-0.3465,0.1545,-0.0133,-0.7313,2880.0
Anomalia,0.0135,0.1344,0.2606,-0.271,0.1351,0.0661,-1.0401,2880.0
Anomalia,0.0161,0.1266,0.2606,-0.2182,0.1276,0.0828,-1.0459,2640.0
Anomalia,0.0238,0.1299,0.2606,-0.2595,0.1321,-0.0623,-0.9485,2880.0
Anomalia,0.0057,0.1347,0.2967,-0.3482,0.1349,-0.1428,-0.5703,2880.0
Anomalia,-0.001,0.1309,0.2967,-0.3482,0.1309,-0.2525,-0.4819,2880.0
Anomalia,-0.001,0.1481,0.3052,-0.3482,0.1481,-0.1124,-0.7685,2880.0
Anomalia,0.0088,0.1633,0.3231,-0.3482,0.1635,0.0321,-1.019,2880.0
Anomalia,0.0255,0.1478,0.3231,-0.3044,0.15,-0.0268,-0.9136,2640.0
Anomalia,0.022,0.139,0.3231,-0.3044,0.1407,0.1319,-0.6554,2640.0
Anomalia,0.0158,0.1261,0.3231,-0.1974,0.1271,0.2732,-0.6521,2640.0
Anomalia,0.0108,0.1001,0.2299,-0.1974,0.1006,-0.0563,-0.7526,2640.0
Anomalia,-0.0001,0.1282,0.3231,-0.3123,0.1282,-0.0633,-0.398,2640.0
Anomalia,0.0126,0.135,0.3231,-0.3123,0.1355,-0.1033,-0.6481,2640.0
Anomalia,0.0274,0.1261,0.3231,-0.3123,0.1291,-0.3268,-0.106,2640.0
Anomalia,0.0104,0.1353,0.3231,-0.3123,0.1357,-0.2605,-0.4371,2400.0
Anomalia,0.0192,0.144,0.3367,-0.3517,0.1453,-0.2129,-0.2078,2400.0
Anomalia,0.0107,0.1734,0.4005,-0.3707,0.1737,-0.1685,-0.5288,2640.0
Anomalia,0.0039,0.2054,0.4811,-0.456,0.2054,0.0278,-0.8166,2640.0
Anomalia,0.0211,0.2013,0.4811,-0.456,0.2024,-0.1301,-0.7063,2640.0
Anomalia,0.0105,0.1792,0.4811,-0.456,0.1795,0.0057,-0.1398,2640.0
Anomalia,0.0137,0.179,0.4811,-0.456,0.1796,0.0651,-0.1151,2880.0
Anomalia,0.0106,0.1542,0.4174,-0.372,0.1545,0.0908,-0.3946,2880.0
Anomalia,0.001,0.1486,0.4174,-0.372,0.1486,0.21,-0.0525,2880.0
Anomalia,0.0112,0.1442,0.4174,-0.372,0.1446,0.0632,0.1772,2880.0
Anomalia,0.0169,0.1165,0.3098,-0.2743,0.1178,0.0054,-0.3954,3120.0
Anomalia,0.0188,0.1748,0.4736,-0.4283,0.1758,-0.0355,0.6863,2880.0
Anomalia,0.021,0.1764,0.4736,-0.4283,0.1777,-0.085,0.5778,2880.0
Anomalia,0.0177,0.1911,0.4736,-0.4283,0.1919,-0.0471,-0.1874,2880.0
Anomalia,0.0092,0.1911,0.4736,-0.4283,0.1914,0.0144,-0.2336,2880.0
Anomalia,0.0085,0.1287,0.256,-0.2608,0.129,-0.1295,-0.7405,2880.0
Anomalia,0.0027,0.132,0.256,-0.2608,0.132,-0.0222,-0.9133,2640.0
Anomalia,0.0135,0.1204,0.2476,-0.2533,0.1211,-0.0991,-0.9006,2640.0
Anomalia,0.0185,0.1103,0.2299,-0.2305,0.1118,-0.0293,-0.923,2640.0
Anomalia,0.0201,0.1619,0.4913,-0.3743,0.1631,0.1211,-0.0182,2400.0
Anomalia,0.0137,0.2288,0.528,-0.5272,0.2293,-0.1262,-0.3133,2640.0
Anomalia,-0.0009,0.2604,0.528,-0.5272,0.2604,0.0322,-0.9312,2640.0
Anomalia,0.0058,0.2623,0.528,-0.5272,0.2624,-0.0251,-0.9695,2640.0
Anomalia,0.0043,0.252,0.528,-0.5272,0.252,-0.0812,-0.8638,2880.0
Anomalia,0.0149,0.2587,0.5382,-0.4975,0.2591,-0.024,-0.8946,2880.0
Anomalia,0.0243,0.2367,0.5382,-0.4975,0.2379,-0.0926,-0.5043,2880.0
Anomalia,0.0074,0.2663,0.5382,-0.6039,0.2664,-0.0947,-0.7551,2880.0
Anomalia,0.0031,0.2997,0.5382,-0.6039,0.2997,-0.0407,-1.0347,2880.0
Anomalia,0.0212,0.2657,0.5249,-0.6039,0.2666,-0.1936,-0.6456,2640.0
Anomalia,0.0033,0.267,0.5249,-0.6039,0.267,-0.0739,-0.7217,2880.0
Anomalia,0.0111,0.306,0.6336,-0.7468,0.3062,-0.1209,-0.6658,2880.0
Anomalia,0.0286,0.3158,0.6336,-0.7468,0.3171,-0.105,-0.6328,2640.0
Anomalia,-0.0029,0.3132,0.6336,-0.7468,0.3133,0.0871,-0.5988,2640.0
Anomalia,0.0215,0.306,0.6336,-0.7468,0.3068,-0.0935,-0.417,2640.0
Anomalia,0.0265,0.2545,0.6137,-0.5468,0.2559,0.0751,-0.395,2880.0
Anomalia,0.0055,0.191,0.4222,-0.4335,0.1911,0.0193,-0.6554,2880.0
Anomalia,0.0207,0.1906,0.3788,-0.3227,0.1917,-0.0271,-1.0108,2640.0
Anomalia,0.0049,0.1927,0.3788,-0.3227,0.1927,0.1373,-1.075,2640.0
Anomalia,-0.0006,0.1619,0.3728,-0.3227,0.1619,0.1888,-0.5327,2640.0
Anomalia,0.0079,0.1619,0.3728,-0.3532,0.1621,0.0069,-0.6022,2640.0
Anomalia,0.0155,0.15,0.3081,-0.3532,0.1508,-0.0251,-0.8173,2640.0
Anomalia,0.0199,0.1888,0.4456,-0.4615,0.1899,-0.0979,-0.3645,2640.0
Anomalia,0.0225,0.1952,0.4456,-0.4615,0.1965,-0.127,-0.6259,2640.0
Anomalia,0.011,0.1918,0.4456,-0.4615,0.1921,-0.0111,-0.6087,2880.0
Anomalia,0.0066,0.1774,0.4456,-0.4615,0.1776,-0.0309,-0.058,2880.0
Anomalia,0.0094,0.1183,0.2681,-0.2798,0.1187,-0.2185,-0.5529,2640.0
Anomalia,0.0074,0.1368,0.3025,-0.3073,0.137,-0.1044,-0.547,2880.0
Anomalia,0.0199,0.1156,0.3025,-0.3073,0.1173,-0.1099,0.1833,2400.0
Anomalia,0.0176,0.1316,0.3025,-0.3073,0.1328,-0.1743,-0.301,2400.0
Anomalia,0.0158,0.1731,0.4247,-0.3077,0.1739,0.0634,-0.7472,2880.0
Anomalia,0.0095,0.1702,0.4247,-0.3455,0.1705,0.1068,-0.4707,2640.0
Anomalia,0.0111,0.1953,0.4247,-0.3455,0.1956,0.1674,-0.9332,2640.0
Anomalia,0.0156,0.2029,0.4247,-0.3657,0.2035,0.1161,-1.0515,2640.0
Anomalia,0.0088,0.1784,0.4039,-0.3657,0.1786,0.1094,-0.8,2640.0
Anomalia,0.0174,0.1604,0.4039,-0.3657,0.1613,0.0705,-0.4997,2640.0
Anomalia,0.0138,0.1478,0.2956,-0.3657,0.1485,-0.0553,-0.7746,2640.0
Anomalia,-0.006,0.1487,0.28,-0.3296,0.1489,-0.0855,-0.9367,2640.0
Anomalia,0.0077,0.1568,0.3227,-0.3296,0.157,-0.0993,-0.936,2640.0
Anomalia,0.0145,0.1567,0.3227,-0.3296,0.1574,-0.219,-0.9009,2640.0
Anomalia,0.0097,0.1591,0.3227,-0.3296,0.1594,-0.2389,-0.9383,2640.0
Anomalia,0.0282,0.1526,0.3227,-0.2937,0.1552,-0.2203,-0.9048,2640.0
Anomalia,0.0164,0.1462,0.2808,-0.2937,0.1471,-0.1713,-0.887,2640.0
Anomalia,-0.0032,0.1571,0.2808,-0.2937,0.1571,0.0573,-1.0573,2640.0
Anomalia,0.0156,0.1634,0.3932,-0.2887,0.1642,0.1541,-0.9266,2400.0
Anomalia,0.0052,0.1498,0.3932,-0.314,0.1499,0.1993,-0.4082,2400.0
Anomalia,0.0192,0.1423,0.3932,-0.314,0.1436,0.03,-0.1779,2640.0
Anomalia,0.0285,0.1463,0.3932,-0.314,0.149,-0.0623,-0.4035,2640.0
Anomalia,0.0077,0.1339,0.2645,-0.314,0.1341,-0.3382,-0.7131,2640.0
Anomalia,0.0116,0.1222,0.2645,-0.3065,0.1228,-0.2674,-0.5656,2880.0
Anomalia,0.0064,0.1176,0.2645,-0.3065,0.1177,-0.2413,-0.3523,2880.0
Anomalia,0.0064,0.0965,0.2205,-0.2316,0.0968,-0.2936,-0.2657,2880.0
Anomalia,0.024,0.1018,0.2958,-0.2449,0.1046,0.3651,0.269,2880.0
Anomalia,0.0191,0.1291,0.2958,-0.3158,0.1305,-0.1092,-0.2895,2880.0
Anomalia,0.0121,0.1321,0.2958,-0.3158,0.1326,-0.0036,-0.4755,2880.0
Anomalia,0.0153,0.1351,0.2958,-0.3158,0.136,-0.0389,-0.5939,2880.0
Anomalia,0.0006,0.1205,0.2537,-0.3158,0.1205,-0.1567,-0.5977,2880.0
Anomalia,0.0155,0.1202,0.2983,-0.1959,0.1212,0.2018,-0.8252,2880.0
Anomalia,0.0165,0.1447,0.2983,-0.2967,0.1457,0.0272,-0.955,2880.0
Anomalia,0.0168,0.1529,0.2983,-0.2967,0.1538,0.0284,-1.1639,2880.0
Anomalia,0.0181,0.1858,0.4112,-0.3849,0.1867,-0.0084,-1.0837,2880.0
Anomalia,0.0015,0.2221,0.4558,-0.4594,0.2221,0.0072,-0.9408,2880.0
Anomalia,0.0065,0.2112,0.4558,-0.4594,0.2113,-0.0386,-0.6679,2640.0
Anomalia,0.0106,0.2025,0.4558,-0.4594,0.2027,-0.1133,-0.3233,2640.0
Anomalia,0.0149,0.212,0.4558,-0.4594,0.2126,-0.1587,-0.3796,2640.0
Anomalia,0.0288,0.2004,0.4404,-0.4345,0.2025,-0.0797,-0.5377,2640.0
Anomalia,0.0205,0.2155,0.4404,-0.4345,0.2165,-0.0396,-0.8925,2640.0
Anomalia,0.0099,0.2271,0.4404,-0.4345,0.2273,0.0573,-1.1815,2640.0
Anomalia,0.0095,0.1914,0.4085,-0.354,0.1916,0.0929,-0.9256,2880.0
Anomalia,-0.0029,0.1538,0.3309,-0.3263,0.1539,0.0027,-1.0298,2880.0
Anomalia,0.009,0.1403,0.3048,-0.2775,0.1406,0.0112,-1.1691,2880.0
Anomalia,0.0244,0.1328,0.3413,-0.2142,0.1351,0.0619,-0.9663,2640.0
Anomalia,0.0113,0.1345,0.3413,-0.2142,0.135,0.2905,-0.8655,2640.0
Anomalia,0.0236,0.1301,0.3413,-0.2142,0.1322,0.3901,-0.7028,3360.0
Anomalia,0.0114,0.134,0.3413,-0.3019,0.1345,0.2018,-0.5389,2880.0
Anomalia,-0.0011,0.1311,0.2948,-0.3019,0.1311,0.255,-0.6626,2880.0
Anomalia,0.018,0.1587,0.3839,-0.339,0.1597,0.0574,-0.6729,2640.0
Anomalia,0.014,0.1821,0.3839,-0.3701,0.1827,-0.0287,-0.9909,2640.0
Anomalia,0.0149,0.1938,0.3839,-0.3901,0.1943,-0.1236,-0.9746,2640.0
Anomalia,0.018,0.1867,0.3839,-0.3901,0.1876,-0.1824,-0.7348,2640.0
Anomalia,0.0084,0.1587,0.3453,-0.3901,0.1589,-0.2489,-0.1209,2880.0
Anomalia,0.0134,0.1223,0.3444,-0.3901,0.1231,-0.5718,1.4282,2880.0
Anomalia,0.0179,0.1073,0.2983,-0.2944,0.1088,-0.1895,0.567,2880.0
Anomalia,0.0101,0.1114,0.2983,-0.2944,0.1118,-0.0855,0.3163,2880.0
Anomalia,0.0161,0.1166,0.2983,-0.2944,0.1177,-0.1301,0.0727,2880.0
Anomalia,0.004,0.1242,0.2983,-0.2944,0.1242,0.063,-0.4226,2880.0
Anomalia,0.0078,0.1105,0.2332,-0.2074,0.1108,0.1519,-0.818,2880.0
Anomalia,0.0178,0.1065,0.2332,-0.2059,0.108,-0.0325,-0.8386,2640.0
Anomalia,0.0172,0.1264,0.3411,-0.3409,0.1275,-0.1036,-0.1629,2640.0
Anomalia,0.0164,0.138,0.3411,-0.3784,0.139,-0.3962,0.1607,2640.0
Anomalia,0.0124,0.1311,0.3411,-0.3784,0.1317,-0.3786,0.5604,2640.0
Anomalia,0.0029,0.1478,0.3411,-0.3784,0.1478,-0.2079,-0.3351,2880.0
Anomalia,0.0061,0.1482,0.2889,-0.3784,0.1483,-0.1405,-0.6709,2880.0
Anomalia,0.016,0.1508,0.3496,-0.3027,0.1516,0.0274,-0.8813,2880.0
Anomalia,0.0194,0.1736,0.3496,-0.3027,0.1747,-0.0291,-1.1235,2640.0
Anomalia,0.0254,0.17,0.3496,-0.3027,0.1719,-0.0254,-1.0837,2640.0
Anomalia,0.0122,0.1653,0.3496,-0.3027,0.1658,0.0721,-0.987,2640.0
Anomalia,0.0143,0.1576,0.3352,-0.3012,0.1583,0.0251,-1.0288,2640.0
Anomalia,0.0058,0.1471,0.2798,-0.2595,0.1473,0.055,-1.1761,2640.0
Anomalia,0.0049,0.146,0.2777,-0.2595,0.1461,0.075,-1.1838,2640.0
Anomalia,0.0179,0.1579,0.3405,-0.2808,0.1589,0.0295,-1.1353,2640.0
Anomalia,0.0113,0.1628,0.3526,-0.2808,0.1632,0.1941,-1.0426,2640.0
Anomalia,0.0147,0.1596,0.3526,-0.2808,0.1603,0.1924,-0.979,2880.0
Anomalia,0.0155,0.1738,0.3526,-0.3209,0.1745,0.0525,-1.062,2880.0
Anomalia,0.0124,0.1601,0.3526,-0.3209,0.1606,-0.0519,-0.856,2640.0
Anomalia,0.0118,0.1458,0.3275,-0.3209,0.1463,-0.1912,-0.6231,2640.0
Anomalia,0.0185,0.1493,0.3275,-0.3209,0.1505,-0.2273,-0.6692,2880.0
Anomalia,0.026,0.1539,0.432,-0.3079,0.1561,0.0087,-0.4515,2880.0
Anomalia,0.0125,0.2104,0.4936,-0.4932,0.2107,-0.0638,-0.3001,2640.0
Anomalia,0.0049,0.2382,0.4936,-0.4932,0.2382,0.0136,-0.9241,2640.0
Anomalia,0.0049,0.2329,0.4936,-0.4932,0.233,0.0039,-0.7924,2640.0
Anomalia,0.0085,0.214,0.4936,-0.4932,0.2142,-0.142,-0.3211,2640.0
Anomalia,0.0211,0.1548,0.4519,-0.3624,0.1562,-0.1874,-0.017,2640.0
Anomalia,0.0307,0.1429,0.3444,-0.4012,0.1462,-0.3553,-0.0183,2880.0
Anomalia,0.0183,0.209,0.5437,-0.5019,0.2098,-0.2147,-0.0397,2880.0
Anomalia,0.0055,0.2419,0.5437,-0.5019,0.2419,-0.0487,-0.7087,2880.0
Anomalia,0.0067,0.2391,0.5437,-0.5019,0.2392,-0.0504,-0.5999,2880.0
Anomalia,0.0053,0.2326,0.5437,-0.5019,0.2326,-0.0293,-0.5083,2880.0
Anomalia,0.0189,0.1842,0.4825,-0.4241,0.1852,-0.0685,-0.2564,2880.0
Anomalia,0.0206,0.1679,0.353,-0.3152,0.1691,-0.0567,-0.8561,2880.0
Anomalia,0.013,0.1836,0.353,-0.3152,0.184,-0.0403,-1.2233,2880.0
Anomalia,0.0134,0.1763,0.353,-0.3152,0.1768,-0.028,-1.1166,2880.0
Anomalia,0.0029,0.1596,0.353,-0.3152,0.1596,-0.0137,-0.7748,2880.0
Anomalia,0.0065,0.1434,0.2933,-0.2906,0.1436,-0.0017,-0.8856,2880.0
Anomalia,0.019,0.1233,0.2933,-0.2604,0.1248,-0.0401,-0.5624,2880.0
Anomalia,0.0181,0.1061,0.2933,-0.2604,0.1076,0.1202,0.0686,2880.0
Anomalia,0.0194,0.1184,0.2933,-0.2604,0.12,-0.0355,-0.486,2880.0
Anomalia,0.0177,0.1556,0.4249,-0.4938,0.1566,-0.3354,1.116,2640.0
Anomalia,0.0082,0.2197,0.5297,-0.5147,0.2199,-0.0666,-0.1767,2640.0
Anomalia,0.0077,0.2448,0.5297,-0.5147,0.245,-0.0866,-0.7417,2640.0
Anomalia,0.0158,0.2412,0.5297,-0.5147,0.2418,-0.1648,-0.6022,2640.0
Anomalia,0.018,0.2125,0.5297,-0.5147,0.2132,-0.1381,-0.0369,2640.0
Anomalia,0.018,0.1668,0.4354,-0.4517,0.1678,-0.1621,-0.0734,2880.0
Anomalia,0.0134,0.1471,0.31,-0.3259,0.1477,-0.0901,-0.7884,2880.0
Anomalia,0.0035,0.1466,0.31,-0.3259,0.1467,0.0021,-0.8372,2880.0
Anomalia,0.0007,0.1459,0.31,-0.3259,0.1459,0.0363,-0.8058,2880.0
Anomalia,0.0127,0.1308,0.257,-0.3259,0.1314,-0.1387,-0.7375,2640.0
Anomalia,0.0236,0.1355,0.3292,-0.3361,0.1375,0.0168,-0.4562,2640.0
Anomalia,0.0229,0.1585,0.3292,-0.3592,0.1601,-0.1838,-0.6796,2640.0
Anomalia,0.015,0.1688,0.3292,-0.3592,0.1695,-0.1845,-0.9574,2640.0
Anomalia,0.0052,0.1645,0.3292,-0.3592,0.1646,-0.0927,-0.8935,2880.0
Anomalia,-0.0004,0.1567,0.2989,-0.3592,0.1567,-0.0801,-1.0521,2880.0
Anomalia,0.0167,0.1622,0.3444,-0.3346,0.1631,-0.0106,-1.0211,2880.0
Anomalia,0.0237,0.2009,0.4652,-0.522,0.2023,-0.1502,-0.4427,2640.0
Anomalia,0.0134,0.2346,0.4652,-0.522,0.235,-0.1092,-0.898,2640.0
Anomalia,0.0246,0.2334,0.4652,-0.522,0.2347,-0.2108,-0.8204,2640.0
Anomalia,0.0004,0.2474,0.4978,-0.522,0.2474,-0.0889,-0.9341,2880.0
Anomalia,0.0067,0.2619,0.6188,-0.4975,0.262,0.1051,-0.765,2880.0
Anomalia,0.0202,0.2409,0.6188,-0.4975,0.2417,0.0644,-0.488,2640.0
Anomalia,0.0074,0.2519,0.6188,-0.4975,0.252,0.1516,-0.7734,2880.0
Anomalia,0.0147,0.2345,0.6188,-0.4975,0.235,0.1981,-0.5934,2880.0
Anomalia,0.0103,0.1754,0.3294,-0.3394,0.1757,-0.0576,-1.1949,2880.0
Anomalia,0.0048,0.1774,0.3294,-0.367,0.1775,-0.0809,-1.0704,2880.0
Anomalia,0.0161,0.1653,0.3711,-0.367,0.1661,-0.0703,-0.7397,2880.0
Anomalia,0.0138,0.1559,0.3711,-0.367,0.1566,-0.0699,-0.6219,2880.0
Anomalia,0.012,0.1758,0.4312,-0.367,0.1762,0.0406,-0.6785,2880.0
Anomalia,0.0213,0.1772,0.4312,-0.3599,0.1785,0.118,-0.7666,2880.0
Anomalia,0.0065,0.1811,0.4312,-0.3599,0.1812,0.0735,-0.8873,2640.0
Anomalia,0.0137,0.1703,0.4312,-0.3599,0.1708,0.1167,-0.6401,2640.0
Anomalia,0.0183,0.157,0.3788,-0.3054,0.158,0.0063,-0.7938,2880.0
Anomalia,0.0104,0.1546,0.2975,-0.3054,0.1549,-0.068,-0.9824,2880.0
Anomalia,0.0159,0.1499,0.2975,-0.2745,0.1507,0.0608,-1.078,2640.0
Anomalia,0.0087,0.1672,0.2975,-0.2777,0.1675,0.0348,-1.3434,2640.0
Anomalia,0.0025,0.1547,0.2975,-0.2777,0.1547,0.0338,-1.1465,2640.0
Anomalia,-0.0023,0.1773,0.4982,-0.4078,0.1773,0.1524,-0.3912,2880.0
Anomalia,0.0073,0.2029,0.4982,-0.4512,0.2031,0.0902,-0.4524,2880.0
Anomalia,0.0235,0.2111,0.4982,-0.4512,0.2124,-0.0438,-0.603,2640.0
Anomalia,0.0203,0.2116,0.4982,-0.4512,0.2126,0.0197,-0.643,2640.0
Anomalia,0.0206,0.1836,0.4535,-0.4512,0.1847,0.0056,-0.3698,2640.0
Anomalia,0.0154,0.1474,0.3584,-0.3584,0.1482,-0.0043,-0.6415,2640.0
Anomalia,-0.0064,0.1172,0.2236,-0.2286,0.1174,0.047,-1.1426,2640.0
Anomalia,0.0077,0.1155,0.2236,-0.2286,0.1158,-0.2386,-1.037,2400.0
Anomalia,0.0208,0.1064,0.2289,-0.2286,0.1084,-0.2593,-0.7205,2400.0
Anomalia,0.0103,0.0961,0.2289,-0.2286,0.0966,-0.2389,-0.4733,2880.0
Anomalia,0.0189,0.0887,0.2289,-0.1748,0.0907,-0.053,-0.6467,2640.0
Anomalia,0.0117,0.0876,0.2289,-0.1748,0.0884,0.0729,-0.5626,2640.0
Anomalia,-0.0031,0.0892,0.2103,-0.1894,0.0893,0.1176,-0.5999,2640.0
Anomalia,0.0161,0.0922,0.2103,-0.1894,0.0936,0.059,-0.727,2400.0
Anomalia,0.0193,0.0894,0.2103,-0.1894,0.0915,-0.0013,-0.5772,2400.0
Anomalia,0.0103,0.1151,0.2332,-0.2958,0.1155,-0.3563,-0.0622,2640.0
Anomalia,0.0182,0.1192,0.2468,-0.2958,0.1206,-0.4141,-0.1407,2640.0
Anomalia,-0.0033,0.1679,0.3887,-0.4704,0.1679,-0.2845,-0.1908,2640.0
Anomalia,0.0019,0.1976,0.3887,-0.4704,0.1976,-0.115,-0.8844,2640.0
Anomalia,0.0134,0.203,0.3887,-0.4704,0.2034,-0.109,-0.9858,2880.0
Anomalia,0.0123,0.24,0.5028,-0.4704,0.2404,-0.0392,-1.2117,2880.0
Anomalia,0.0262,0.218,0.5028,-0.4393,0.2196,-0.0294,-1.0799,2880.0
Anomalia,0.016,0.2076,0.5028,-0.4393,0.2082,-0.0013,-0.9334,2880.0
Anomalia,0.004,0.1902,0.5028,-0.4393,0.1902,0.0858,-0.4071,2880.0
Anomalia,0.0115,0.1456,0.3261,-0.2916,0.1461,-0.0622,-0.7805,2880.0
Anomalia,0.0057,0.1455,0.3261,-0.2916,0.1456,-0.0286,-0.6633,2880.0
Anomalia,0.0091,0.1501,0.3661,-0.28,0.1504,0.1667,-0.5525,2400.0
Anomalia,0.0244,0.2124,0.4804,-0.4892,0.2138,-0.0234,-0.5419,2640.0
Anomalia,0.0172,0.2346,0.4804,-0.4892,0.2352,0.0017,-0.8886,2640.0
Anomalia,0.0129,0.2321,0.4804,-0.4892,0.2324,0.0366,-0.8468,2640.0
Anomalia,0.0088,0.2219,0.4804,-0.4892,0.2221,0.0316,-0.5876,2640.0
Anomalia,0.0028,0.1615,0.431,-0.4667,0.1615,-0.0313,-0.0455,2640.0
Anomalia,0.0123,0.1291,0.3088,-0.2825,0.1297,0.0274,-0.5913,2880.0
Anomalia,0.0146,0.12,0.3088,-0.2825,0.1209,0.1197,-0.3442,2640.0
Anomalia,0.0193,0.1074,0.3088,-0.1955,0.1091,0.4481,-0.315,2640.0
Anomalia,0.0128,0.1184,0.3088,-0.2117,0.1191,0.2745,-0.6249,2640.0
Anomalia,-0.0046,0.1092,0.2466,-0.2355,0.1093,-0.0065,-0.8557,2880.0
Anomalia,0.006,0.1045,0.2345,-0.2355,0.1047,-0.246,-0.7014,2880.0
Anomalia,0.0115,0.1063,0.2345,-0.2355,0.1069,-0.3544,-0.7027,2640.0
Anomalia,0.0176,0.0907,0.1681,-0.2355,0.0924,-0.5314,-0.3338,2400.0
Anomalia,0.026,0.0996,0.2497,-0.2132,0.103,-0.2185,-0.4403,3360.0
Anomalia,0.0068,0.1035,0.2497,-0.2132,0.1037,0.139,-0.6512,2640.0
Anomalia,0.0069,0.1073,0.2497,-0.2132,0.1075,0.2065,-0.7376,2880.0
Anomalia,0.0069,0.1175,0.2497,-0.2132,0.1177,0.2726,-0.9669,2880.0
Anomalia,0.0072,0.101,0.2462,-0.1761,0.1012,0.3226,-0.8689,2400.0
Anomalia,0.0193,0.1345,0.3369,-0.3307,0.1359,-0.1267,-0.1156,2400.0
Anomalia,0.0114,0.1802,0.4512,-0.3949,0.1806,-0.0208,-0.3523,2880.0
Anomalia,0.0112,0.1792,0.4512,-0.3949,0.1796,-0.0349,-0.3182,2880.0
Anomalia,0.0061,0.2014,0.4512,-0.412,0.2015,0.0052,-0.7284,2880.0
Anomalia,0.0079,0.2145,0.4512,-0.412,0.2147,0.0608,-0.8788,2880.0
Anomalia,0.0133,0.2241,0.5293,-0.4656,0.2245,-0.005,-0.7224,2880.0
Anomalia,0.0146,0.2472,0.5293,-0.4656,0.2476,0.0315,-1.1048,2880.0
Anomalia,0.0137,0.2356,0.5293,-0.4656,0.236,0.0537,-0.9769,2880.0
Anomalia,0.014,0.2108,0.5293,-0.4656,0.2113,0.0293,-0.5326,2880.0
Anomalia,0.0136,0.1653,0.4688,-0.3486,0.1658,0.0553,-0.5092,2880.0
Anomalia,0.0127,0.1538,0.3599,-0.3436,0.1543,-0.1293,-0.8367,2880.0
Anomalia,0.0204,0.1465,0.3599,-0.3436,0.1479,-0.1925,-0.5424,2880.0
Anomalia,0.0169,0.1443,0.3599,-0.3436,0.1453,-0.0752,-0.4254,2880.0
Anomalia,0.0186,0.1367,0.3599,-0.3436,0.138,0.0141,-0.1731,2880.0
Anomalia,0.019,0.128,0.2881,-0.3261,0.1294,-0.0609,-0.3722,2880.0
Anomalia,0.0079,0.1398,0.2881,-0.3261,0.1401,0.0381,-0.7235,2880.0
Anomalia,0.0178,0.1444,0.2854,-0.3261,0.1455,-0.1082,-0.8756,2640.0
Anomalia,0.0114,0.1882,0.5345,-0.5157,0.1885,-0.1269,-0.2624,2880.0
Anomalia,-0.0026,0.2514,0.5808,-0.5935,0.2514,-0.0903,-0.2784,2880.0
Anomalia,0.0183,0.309,0.6154,-0.5935,0.3096,-0.0221,-0.8708,2640.0
Anomalia,0.003,0.3137,0.6154,-0.5935,0.3137,0.0979,-0.947,2640.0
Anomalia,0.0113,0.2947,0.6154,-0.5935,0.2949,0.0638,-0.6896,2640.0
Anomalia,0.0268,0.2422,0.6154,-0.5061,0.2437,0.1658,-0.2244,2880.0
Anomalia,0.0163,0.1618,0.348,-0.3678,0.1626,-0.0369,-1.0555,2880.0
Anomalia,0.0185,0.1377,0.2994,-0.2756,0.139,0.0773,-0.9132,2640.0
Anomalia,0.0183,0.125,0.2994,-0.2756,0.1263,0.0129,-0.4105,2640.0
Anomalia,0.0026,0.1215,0.2829,-0.2614,0.1215,-0.0623,-0.4652,2640.0
Anomalia,0.0005,0.135,0.3471,-0.2814,0.135,0.0881,-0.204,2640.0
Anomalia,0.0117,0.1405,0.3471,-0.2814,0.141,-0.0435,-0.496,2640.0
Anomalia,0.0184,0.1606,0.4318,-0.2814,0.1616,0.2154,-0.5381,2640.0
Anomalia,0.0189,0.1776,0.4318,-0.4708,0.1786,-0.1295,-0.2706,2880.0
Anomalia,0.0145,0.2066,0.432,-0.4817,0.2071,-0.1791,-0.3474,2640.0
Anomalia,0.0096,0.2126,0.432,-0.4817,0.2128,-0.1355,-0.5832,2640.0
Anomalia,-0.0014,0.2027,0.432,-0.4817,0.2027,-0.1849,-0.5142,2640.0
Anomalia,0.015,0.1809,0.432,-0.4817,0.1815,-0.1959,-0.1193,2400.0
Anomalia,0.0209,0.1267,0.2349,-0.2672,0.1284,-0.1897,-1.0648,2400.0
Anomalia,0.0146,0.1525,0.3534,-0.3592,0.1532,-0.1605,-0.7313,2640.0
Anomalia,0.0156,0.1548,0.3534,-0.3592,0.1556,-0.1652,-0.7788,2640.0
Anomalia,0.0085,0.1611,0.3534,-0.3592,0.1613,-0.1313,-0.8428,2880.0
Anomalia,0.0064,0.1682,0.3534,-0.3592,0.1683,-0.1018,-1.0234,2880.0
Anomalia,0.0178,0.1606,0.3223,-0.2994,0.1616,-0.1029,-1.0897,2880.0
Anomalia,0.0196,0.1813,0.333,-0.3743,0.1824,-0.1149,-1.0803,2880.0
Anomalia,0.0178,0.1698,0.333,-0.3743,0.1708,-0.0354,-0.8629,2880.0
Anomalia,0.0211,0.1622,0.333,-0.3743,0.1636,0.0034,-0.5838,2880.0
Anomalia,0.006,0.1418,0.333,-0.3743,0.1419,0.1459,-0.0261,2880.0
Anomalia,0.0048,0.1026,0.2902,-0.2268,0.1027,0.2639,-0.3413,2400.0
Anomalia,0.0158,0.1328,0.383,-0.2618,0.1337,0.2862,-0.209,2880.0
Anomalia,0.0085,0.1399,0.383,-0.2618,0.1402,0.216,-0.5837,2640.0
Anomalia,0.019,0.1392,0.383,-0.2618,0.1405,0.1665,-0.5527,2640.0
Anomalia,0.0227,0.1496,0.383,-0.2618,0.1513,0.0811,-0.8849,2640.0
Anomalia,0.0031,0.1462,0.286,-0.2979,0.1462,-0.0461,-1.0228,2640.0
Anomalia,0.005,0.1367,0.286,-0.2979,0.1368,-0.1048,-0.7752,2640.0
Anomalia,0.001,0.1298,0.2687,-0.2979,0.1298,-0.1611,-0.6571,2640.0
Anomalia,0.0003,0.1241,0.2687,-0.2979,0.1241,-0.1559,-0.4555,2400.0
Anomalia,0.0206,0.1253,0.2804,-0.3186,0.127,-0.0526,-0.3685,2400.0
Anomalia,0.025,0.1627,0.422,-0.3186,0.1646,-0.0075,-0.5458,2640.0
Anomalia,0.016,0.1889,0.422,-0.3889,0.1895,-0.1315,-0.9127,2640.0
Anomalia,0.008,0.1825,0.422,-0.3889,0.1827,-0.056,-0.7178,2640.0
Anomalia,0.0044,0.1692,0.422,-0.3889,0.1693,0.0199,-0.3036,2880.0
Anomalia,0.0035,0.1717,0.4458,-0.3889,0.1717,0.1371,-0.1686,2880.0
Anomalia,0.0113,0.1595,0.4458,-0.3081,0.1599,0.3654,-0.1576,2640.0
Anomalia,0.0194,0.1987,0.4458,-0.3937,0.1997,0.0981,-0.8437,2640.0
Anomalia,0.0119,0.2155,0.4458,-0.3937,0.2158,0.0881,-1.1118,2640.0
Anomalia,0.0036,0.1865,0.4166,-0.3937,0.1866,0.0813,-0.7161,2640.0
Anomalia,0.0154,0.2262,0.4802,-0.3937,0.2267,0.1425,-0.9214,2400.0
Anomalia,0.0019,0.2353,0.4802,-0.4183,0.2354,0.1955,-0.8948,2880.0
Anomalia,0.0051,0.2364,0.4802,-0.4183,0.2365,0.205,-0.9443,2640.0
Anomalia,0.0135,0.2444,0.4802,-0.4183,0.2448,0.11,-1.1611,2640.0
Anomalia,0.0033,0.2105,0.4575,-0.4183,0.2105,0.0275,-0.998,2640.0
Anomalia,0.0183,0.1704,0.3609,-0.2891,0.1714,-0.0044,-1.1083,2640.0
Anomalia,0.015,0.1405,0.2921,-0.2891,0.1413,0.0039,-0.8835,2640.0
Anomalia,0.0191,0.1467,0.4665,-0.2891,0.1479,0.3188,-0.1077,2880.0
Anomalia,0.0158,0.1681,0.4665,-0.3891,0.1689,0.1439,0.0407,2880.0
Anomalia,0.0088,0.1632,0.4665,-0.3891,0.1635,0.2083,0.3082,2880.0
Anomalia,0.0085,0.1753,0.4665,-0.3891,0.1755,0.1316,-0.2843,2880.0
Anomalia,0.0104,0.1901,0.4041,-0.3891,0.1904,0.0355,-0.7682,2880.0
Anomalia,0.0067,0.1917,0.4024,-0.3926,0.1918,0.0027,-0.8318,2880.0
Anomalia,0.0082,0.1889,0.4024,-0.3926,0.189,-0.0176,-0.7211,2640.0
Anomalia,0.0192,0.1839,0.4024,-0.3926,0.1849,-0.1216,-0.5559,2880.0
Anomalia,0.0055,0.1643,0.3732,-0.3926,0.1644,-0.2831,-0.3616,2880.0
Anomalia,0.0131,0.1246,0.2647,-0.2812,0.1253,-0.2676,-0.6709,2640.0
Anomalia,0.0093,0.1435,0.2647,-0.3336,0.1438,-0.3319,-0.8683,2880.0
Anomalia,-0.0035,0.1675,0.4312,-0.4089,0.1676,-0.0818,-0.5715,2880.0
Anomalia,0.0091,0.2027,0.5305,-0.4183,0.2029,0.1573,-0.4527,2640.0
Anomalia,0.0104,0.2092,0.5305,-0.4183,0.2095,0.1205,-0.6681,2640.0
Anomalia,0.0207,0.2003,0.5305,-0.4183,0.2014,0.0629,-0.4452,2640.0
Anomalia,0.0148,0.1758,0.5305,-0.4183,0.1764,0.2312,0.1774,2640.0
Anomalia,0.0091,0.1311,0.262,-0.2672,0.1314,-0.1335,-0.9485,2880.0
Anomalia,0.0079,0.1207,0.262,-0.2514,0.121,-0.1175,-0.9271,2880.0
Anomalia,0.0043,0.1144,0.262,-0.2514,0.1144,-0.0051,-0.68,2880.0
Anomalia,0.018,0.1099,0.262,-0.2393,0.1114,-0.1184,-0.5782,2880.0
Anomalia,0.0183,0.1122,0.2952,-0.2453,0.1137,-0.1081,-0.4519,2880.0
Anomalia,0.0048,0.1218,0.2952,-0.2891,0.1219,-0.1222,-0.4325,2880.0
Anomalia,0.0064,0.1282,0.2952,-0.2891,0.1283,0.004,-0.5562,2880.0
Anomalia,0.0088,0.1247,0.2952,-0.2891,0.125,-0.0134,-0.453,2400.0
Anomalia,0.0052,0.1195,0.2731,-0.2891,0.1196,-0.1721,-0.2342,2400.0
Anomalia,0.0274,0.1283,0.3165,-0.2775,0.1312,-0.0211,-0.308,2640.0
Anomalia,0.0151,0.1531,0.3403,-0.3167,0.1538,-0.1352,-0.5718,2640.0
Anomalia,0.0104,0.2114,0.4404,-0.5395,0.2116,-0.1348,-0.6739,2880.0
Anomalia,0.0102,0.2166,0.4404,-0.5395,0.2168,-0.0854,-0.819,2640.0
Anomalia,-0.0,0.2082,0.4404,-0.5395,0.2082,-0.0128,-0.6032,2640.0
Anomalia,0.0184,0.1945,0.4404,-0.5395,0.1954,-0.1808,-0.1885,2640.0
Anomalia,0.015,0.1665,0.3444,-0.3263,0.1672,0.0141,-0.9608,2640.0
Anomalia,0.0109,0.1666,0.3444,-0.3263,0.1669,-0.0455,-0.9808,3120.0
Anomalia,0.0127,0.1958,0.426,-0.3843,0.1962,-0.0989,-1.0033,2880.0
Anomalia,-0.0027,0.1959,0.426,-0.3843,0.1959,0.0741,-1.0115,2880.0
Anomalia,0.0071,0.1827,0.426,-0.3843,0.1828,0.0233,-0.888,2880.0
Anomalia,0.0261,0.207,0.5528,-0.3889,0.2087,0.1239,-0.6794,2880.0
Anomalia,0.0149,0.1884,0.5528,-0.4047,0.189,0.2403,-0.221,2880.0
Anomalia,0.0181,0.1769,0.5528,-0.4047,0.1779,0.2644,0.3878,2880.0
Anomalia,0.0118,0.1592,0.5528,-0.4047,0.1596,0.3823,1.7732,2880.0
Anomalia,-0.0055,0.0982,0.2923,-0.4047,0.0984,-0.8855,3.6571,2880.0
Anomalia,0.0123,0.0717,0.2197,-0.1231,0.0727,0.4376,0.0528,2880.0
Anomalia,0.014,0.087,0.2485,-0.2001,0.0882,0.3187,-0.1144,2880.0
Anomalia,0.0158,0.0922,0.2485,-0.2001,0.0936,0.1431,-0.4849,2880.0
Anomalia,0.0258,0.1054,0.2873,-0.2001,0.1085,0.2311,-0.4831,2880.0
Anomalia,0.0005,0.1294,0.2873,-0.3442,0.1294,-0.2358,-0.2318,2400.0
Anomalia,-0.0011,0.1665,0.4289,-0.4195,0.1665,-0.0861,-0.1989,2640.0
Anomalia,0.004,0.2023,0.5122,-0.4195,0.2024,0.17,-0.5713,2640.0
Anomalia,0.0038,0.2056,0.5122,-0.4195,0.2056,0.1841,-0.6464,2640.0
Anomalia,0.0331,0.2178,0.5122,-0.4195,0.2203,0.0431,-0.9285,2880.0
Anomalia,0.0336,0.2392,0.5197,-0.553,0.2415,-0.0308,-0.7908,2880.0
Anomalia,0.0145,0.2558,0.5197,-0.553,0.2562,-0.1613,-0.9005,2880.0
Anomalia,0.0132,0.2566,0.5197,-0.553,0.257,-0.1661,-0.9339,2880.0
Anomalia,-0.0062,0.2539,0.5197,-0.553,0.2539,-0.1029,-0.9614,2880.0
Anomalia,0.0011,0.2232,0.4341,-0.5109,0.2232,-0.222,-0.9091,2880.0
Anomalia,0.0203,0.1775,0.3826,-0.3546,0.1787,-0.1549,-0.9647,2640.0
Anomalia,0.0189,0.2254,0.5224,-0.5109,0.2261,-0.0901,-0.6312,2640.0
Anomalia,0.0194,0.2606,0.5299,-0.6119,0.2614,-0.1886,-0.5152,2640.0
Anomalia,0.0062,0.2533,0.5299,-0.6119,0.2533,-0.1017,-0.3488,2640.0
Anomalia,0.0021,0.26,0.5299,-0.6119,0.2601,-0.0498,-0.5666,2880.0
Anomalia,0.0048,0.2298,0.5299,-0.6119,0.2299,-0.099,-0.2989,2880.0
Anomalia,0.0122,0.161,0.3884,-0.286,0.1614,0.2216,-0.9265,2880.0
Anomalia,0.0198,0.1788,0.4252,-0.3248,0.1799,0.175,-0.9218,2640.0
Anomalia,0.013,0.1781,0.4252,-0.3352,0.1785,0.2122,-0.6857,2640.0
Anomalia,0.0117,0.1736,0.4252,-0.3352,0.174,0.1624,-0.602,2640.0
Anomalia,0.0185,0.2078,0.4504,-0.4055,0.2086,0.0844,-0.9227,2640.0
Anomalia,0.0131,0.2191,0.4504,-0.4055,0.2194,0.0145,-1.0623,2640.0
Anomalia,0.0169,0.2272,0.4504,-0.4055,0.2278,-0.0407,-1.1924,2640.0
Anomalia,0.0149,0.2272,0.4504,-0.4055,0.2277,-0.0331,-1.2167,2880.0
Anomalia,0.002,0.2138,0.3705,-0.3841,0.2138,-0.0255,-1.2543,2880.0
Anomalia,0.0082,0.1788,0.3705,-0.3841,0.179,-0.0466,-0.8401,2880.0
Anomalia,0.0135,0.1596,0.3252,-0.3534,0.1602,-0.0618,-0.7763,2880.0
Anomalia,0.0055,0.1469,0.3252,-0.3534,0.147,-0.0457,-0.668,2880.0
Anomalia,0.0172,0.1315,0.2629,-0.2322,0.1326,0.0871,-1.0781,2880.0
Anomalia,0.0069,0.1763,0.3943,-0.4466,0.1764,-0.1439,-0.5734,2880.0
Anomalia,-0.0016,0.2201,0.4562,-0.4466,0.2201,0.0006,-0.8655,2880.0
Anomalia,0.0157,0.222,0.4562,-0.4466,0.2226,-0.1277,-0.8447,2640.0
Anomalia,0.004,0.2166,0.4562,-0.4466,0.2166,-0.0277,-0.6917,2640.0
Anomalia,0.0189,0.1942,0.4562,-0.4135,0.1951,0.0389,-0.3543,2400.0
Anomalia,0.0317,0.1531,0.4097,-0.2852,0.1564,0.1495,-0.612,2880.0
Anomalia,0.0094,0.1743,0.4097,-0.4258,0.1745,-0.02,-0.5616,2640.0
Anomalia,0.0171,0.1675,0.4097,-0.4258,0.1684,-0.1002,-0.2483,2640.0
Anomalia,0.0067,0.1708,0.3692,-0.4258,0.171,-0.2443,-0.4924,2880.0
Anomalia,-0.0035,0.1925,0.4202,-0.4258,0.1925,-0.0633,-0.5799,2880.0
Anomalia,0.0136,0.1649,0.4202,-0.4005,0.1654,-0.1777,0.0642,2640.0
Anomalia,0.0167,0.1767,0.4202,-0.4005,0.1775,-0.2162,-0.4397,2640.0
Anomalia,0.01,0.1811,0.4202,-0.4005,0.1814,-0.1724,-0.6183,2880.0
Anomalia,0.0154,0.1472,0.2848,-0.3321,0.148,-0.3488,-0.6369,2640.0
Anomalia,0.0056,0.1541,0.2848,-0.3321,0.1542,-0.1076,-0.9144,2640.0
Anomalia,0.0025,0.1766,0.4172,-0.3492,0.1766,0.1042,-0.8368,2880.0
Anomalia,0.0177,0.1568,0.4172,-0.3492,0.1578,0.1863,-0.429,2640.0
Anomalia,0.0162,0.1725,0.5034,-0.3492,0.1733,0.407,-0.0548,2640.0
Anomalia,0.0151,0.224,0.5113,-0.4679,0.2245,0.1213,-0.5229,2880.0
Anomalia,0.0086,0.2268,0.5113,-0.4679,0.2269,0.0468,-0.4575,2640.0
Anomalia,0.0073,0.2256,0.5113,-0.4679,0.2257,0.0309,-0.4187,2640.0
Anomalia,0.007,0.2053,0.5113,-0.4679,0.2055,-0.1445,0.0286,2640.0
Anomalia,0.0124,0.1423,0.4018,-0.4544,0.1429,-0.5606,1.2809,2880.0
Anomalia,0.021,0.1117,0.2889,-0.2364,0.1137,-0.3264,-0.3337,3360.0
Anomalia,0.0093,0.1087,0.2889,-0.2364,0.1091,-0.1057,-0.2591,3360.0
Anomalia,0.0073,0.1062,0.2889,-0.2364,0.1065,-0.0993,-0.0874,3360.0
Anomalia,0.0055,0.1009,0.2889,-0.2303,0.1011,0.095,0.0744,2640.0
Anomalia,0.0075,0.0989,0.282,-0.2003,0.0991,0.3077,0.0777,2640.0
Anomalia,0.0131,0.1032,0.2825,-0.2051,0.1041,0.2868,-0.1146,2400.0
Anomalia,0.0219,0.1198,0.354,-0.2051,0.1218,0.4574,-0.1732,2400.0
Anomalia,0.0088,0.1553,0.354,-0.4354,0.1555,-0.1299,-0.1019,2880.0
Anomalia,0.0118,0.2222,0.5545,-0.5019,0.2225,0.0464,-0.0122,2880.0
Anomalia,0.013,0.2654,0.6016,-0.5497,0.2657,-0.0154,-0.5961,2640.0
Anomalia,-0.0025,0.2617,0.6016,-0.5497,0.2617,0.1121,-0.5009,2640.0
Anomalia,0.0261,0.2466,0.6016,-0.5497,0.248,-0.0929,-0.1122,2640.0
Anomalia,0.0105,0.187,0.6016,-0.5497,0.1872,-0.1098,1.2677,2400.0
Anomalia,0.0095,0.1622,0.4168,-0.382,0.1625,-0.1604,-0.1493,2400.0
Anomalia,0.0154,0.2056,0.5174,-0.455,0.2062,-0.0912,-0.4112,2640.0
Anomalia,0.0013,0.2308,0.5174,-0.455,0.2308,0.0807,-0.871,2640.0
Anomalia,0.0085,0.2274,0.5174,-0.455,0.2276,0.0279,-0.8473,2640.0
Anomalia,0.0221,0.2336,0.5937,-0.455,0.2347,0.0936,-0.6294,2880.0
Anomalia,0.0212,0.2344,0.5937,-0.4348,0.2354,0.029,-0.7586,2880.0
Anomalia,0.0176,0.2284,0.5937,-0.4283,0.2291,0.0338,-0.6933,2880.0
Anomalia,0.0166,0.2287,0.5937,-0.4283,0.2293,0.042,-0.7046,2880.0
Anomalia,-0.0093,0.2254,0.445,-0.4335,0.2256,-0.0217,-1.0069,2880.0
Anomalia,-0.0027,0.2058,0.4151,-0.4335,0.2059,-0.0029,-0.9046,2880.0
Anomalia,0.0054,0.1802,0.4151,-0.4335,0.1803,-0.0733,-0.3126,2640.0
Anomalia,0.0167,0.1749,0.4151,-0.4335,0.1757,-0.2376,0.0077,2640.0
Anomalia,0.0245,0.1447,0.4151,-0.2737,0.1467,0.0243,-0.1286,2640.0
Anomalia,0.012,0.1213,0.2551,-0.2704,0.1219,-0.3563,-0.4537,2640.0
Anomalia,0.0087,0.1239,0.2551,-0.2704,0.1242,-0.2148,-0.534,2880.0
Anomalia,-0.0042,0.1257,0.2551,-0.2704,0.1258,0.0565,-0.6605,2880.0
Anomalia,0.0078,0.1062,0.2791,-0.2531,0.1065,0.1267,-0.545,2880.0
Anomalia,0.0152,0.1205,0.3642,-0.2858,0.1215,0.1887,0.057,2880.0
Anomalia,0.0158,0.1169,0.3642,-0.2858,0.118,0.2136,0.313,2880.0
Anomalia,0.0173,0.1113,0.3642,-0.2858,0.1127,0.1788,0.8262,2880.0
Anomalia,0.0128,0.115,0.3642,-0.2858,0.1157,0.1464,0.645,2400.0
Anomalia,0.0119,0.1006,0.2412,-0.2699,0.1013,-0.076,0.2805,2640.0
Anomalia,0.003,0.1491,0.3667,-0.392,0.1491,-0.0672,0.0784,2640.0
Anomalia,0.0097,0.2036,0.5063,-0.4302,0.2038,0.0951,-0.4804,2640.0
Anomalia,0.0044,0.2087,0.5063,-0.4302,0.2088,0.1229,-0.6454,2640.0
Anomalia,0.0136,0.2014,0.5063,-0.4302,0.2019,0.0348,-0.3998,2640.0
Anomalia,0.0115,0.1723,0.5063,-0.4302,0.1727,0.184,0.536,2640.0
Anomalia,0.0131,0.122,0.2787,-0.2923,0.1227,-0.1543,-0.6503,2880.0
Anomalia,0.0117,0.1636,0.4671,-0.4406,0.164,-0.011,0.2676,2640.0
Anomalia,-0.0016,0.2126,0.4671,-0.4406,0.2126,0.1361,-0.6876,2640.0
Anomalia,0.0171,0.2343,0.4671,-0.4406,0.2349,0.0168,-1.1085,2640.0
Anomalia,0.0119,0.2334,0.4671,-0.4406,0.2337,0.0652,-1.0877,2640.0
Anomalia,0.0113,0.217,0.4356,-0.3962,0.2173,0.1224,-0.9513,2640.0
Anomalia,0.0172,0.1842,0.4289,-0.3277,0.185,0.1916,-0.8251,2640.0
Anomalia,0.0122,0.1672,0.4289,-0.3277,0.1676,0.1146,-0.7317,2640.0
Anomalia,0.014,0.17,0.4289,-0.3277,0.1705,0.1469,-0.7776,2640.0
Anomalia,0.0173,0.1723,0.3592,-0.3256,0.1731,0.0331,-1.0864,2640.0
Anomalia,0.0136,0.1803,0.3592,-0.3256,0.1808,-0.0225,-1.1873,2880.0
Anomalia,0.0013,0.1966,0.3592,-0.3728,0.1966,0.0065,-1.2564,2880.0
Anomalia,0.0015,0.2064,0.3592,-0.3728,0.2064,0.0228,-1.3689,2880.0
Anomalia,0.0102,0.1983,0.3342,-0.3728,0.1986,-0.0828,-1.3201,2880.0
Anomalia,0.0094,0.1783,0.3342,-0.3728,0.1785,-0.0742,-0.971,2880.0
Anomalia,0.0144,0.2097,0.5589,-0.4969,0.2102,-0.0043,-0.2565,2880.0
Anomalia,0.0085,0.2609,0.6208,-0.5007,0.2611,0.0201,-0.4696,2880.0
Anomalia,0.0038,0.2816,0.6208,-0.5007,0.2816,0.0742,-0.7637,2640.0
Anomalia,0.0055,0.2858,0.6208,-0.5007,0.2859,0.0553,-0.8761,2640.0
Anomalia,0.0165,0.2474,0.6208,-0.5007,0.248,-0.0437,-0.327,2640.0
Anomalia,0.0171,0.1781,0.5357,-0.4679,0.1789,-0.0474,0.1562,2640.0
Anomalia,0.0135,0.1328,0.2505,-0.2716,0.1335,-0.088,-0.954,2400.0
Anomalia,0.0105,0.1429,0.2841,-0.2708,0.1433,-0.0773,-1.053,2880.0
Anomalia,0.0026,0.132,0.2841,-0.2708,0.132,-0.1617,-0.7611,2880.0
Anomalia,0.0067,0.1231,0.2841,-0.2708,0.1233,-0.2744,-0.5912,2880.0
Anomalia,0.0127,0.1158,0.2841,-0.2708,0.1165,-0.3736,-0.3366,2880.0
Anomalia,0.016,0.1095,0.3267,-0.3259,0.1107,-0.2751,0.4274,2880.0
Anomalia,0.0152,0.1106,0.3267,-0.3259,0.1116,-0.1842,0.253,2880.0
Anomalia,0.0105,0.1054,0.3267,-0.3259,0.1059,-0.0434,0.6098,2640.0
Anomalia,0.0056,0.0992,0.3267,-0.3259,0.0994,0.0308,1.2929,3360.0
Anomalia,0.0117,0.0846,0.2376,-0.1588,0.0854,0.1236,-0.5468,2640.0
Anomalia,0.0087,0.0892,0.2376,-0.16,0.0896,0.1367,-0.6381,2640.0
Anomalia,0.0171,0.1055,0.2376,-0.1955,0.1069,0.073,-1.0069,2880.0
Anomalia,0.0164,0.1138,0.2376,-0.2284,0.1149,-0.0253,-1.0946,2880.0
Anomalia,0.0126,0.1166,0.2145,-0.2284,0.1173,-0.0627,-1.139,2880.0
Anomalia,0.0109,0.1305,0.2145,-0.2612,0.131,-0.1934,-1.1297,2640.0
Anomalia,0.003,0.133,0.2203,-0.2612,0.1331,-0.1219,-1.1575,2640.0
Anomalia,0.0114,0.1422,0.2679,-0.2785,0.1427,-0.1681,-1.107,2640.0
Anomalia,0.0129,0.1357,0.2679,-0.2785,0.1363,-0.2352,-0.8903,2640.0
Anomalia,0.0171,0.1218,0.2679,-0.2785,0.123,-0.1769,-0.6416,2640.0
Anomalia,0.0172,0.1247,0.2679,-0.2785,0.1259,-0.2155,-0.6386,2880.0
Anomalia,0.0023,0.1056,0.2355,-0.2512,0.1057,-0.0237,-0.5288,2880.0
Anomalia,0.0042,0.1038,0.2355,-0.2512,0.1039,0.0448,-0.4024,2880.0
Anomalia,0.0147,0.1284,0.3686,-0.2512,0.1293,0.6225,0.1976,3120.0
Anomalia,0.0081,0.1316,0.3686,-0.2875,0.1318,0.5258,0.2502,2640.0
Anomalia,0.0179,0.1719,0.4151,-0.3338,0.1729,0.1691,-0.6037,2640.0
Anomalia,0.0129,0.1849,0.4151,-0.3338,0.1853,0.1796,-1.0063,2640.0
Anomalia,-0.0045,0.1657,0.4151,-0.3338,0.1657,0.1777,-0.6929,2640.0
Anomalia,0.0078,0.1524,0.4151,-0.3338,0.1526,0.1329,-0.2485,2640.0
Anomalia,0.011,0.1013,0.2553,-0.2382,0.1019,-0.0436,-0.1412,2880.0
Anomalia,0.0142,0.0808,0.2082,-0.156,0.0821,0.0564,-0.496,3360.0
Anomalia,0.0153,0.1513,0.5188,-0.4517,0.1521,-0.1065,2.0546,2400.0
Anomalia,0.0082,0.18,0.5188,-0.4517,0.1802,-0.064,0.4919,2640.0
Anomalia,0.0,0.1814,0.5188,-0.4517,0.1814,0.0678,0.3982,2640.0
Anomalia,-0.0006,0.2229,0.5188,-0.4517,0.2229,0.0675,-0.5793,2880.0
Anomalia,0.0133,0.2153,0.4531,-0.4243,0.2157,0.0125,-0.7003,2880.0
Anomalia,0.0154,0.2014,0.4531,-0.4243,0.202,0.0628,-0.4091,2640.0
Anomalia,0.0198,0.2103,0.4531,-0.4243,0.2112,-0.0226,-0.7274,2880.0
Anomalia,0.0131,0.1734,0.4531,-0.3859,0.1738,0.1144,-0.4822,2880.0
Anomalia,0.0064,0.1379,0.3699,-0.2837,0.1381,0.0191,-0.6901,2640.0
Anomalia,0.0028,0.118,0.2649,-0.252,0.118,-0.0417,-0.7213,2640.0
Anomalia,0.0097,0.1039,0.2303,-0.2439,0.1043,-0.0485,-0.4207,2640.0
Anomalia,0.0122,0.0947,0.2311,-0.1725,0.0954,0.3814,-0.4704,3360.0
Anomalia,0.0134,0.0887,0.2311,-0.1427,0.0897,0.3915,-0.33,3360.0
Anomalia,0.0209,0.108,0.2314,-0.189,0.11,0.1121,-0.943,2400.0
Anomalia,0.0072,0.1106,0.2314,-0.193,0.1109,0.1819,-1.0047,2640.0
Anomalia,0.0043,0.1115,0.2314,-0.2111,0.1116,0.0377,-1.0374,2640.0
Anomalia,0.0067,0.1125,0.2351,-0.2111,0.1127,0.0851,-0.9896,2640.0
Anomalia,0.0019,0.1029,0.2351,-0.2111,0.1029,0.0657,-0.9121,2880.0
Anomalia,0.015,0.11,0.2702,-0.2111,0.1111,0.0835,-0.869,2880.0
Anomalia,0.0236,0.1041,0.2702,-0.1817,0.1068,0.1564,-0.672,2880.0
Anomalia,0.0063,0.114,0.2812,-0.2854,0.1142,0.2158,-0.3635,2880.0
Anomalia,0.018,0.1571,0.4208,-0.3269,0.1582,0.2563,-0.2215,2880.0
Anomalia,0.0058,0.1925,0.4208,-0.3937,0.1925,0.1304,-0.6627,2640.0
Anomalia,0.0009,0.1966,0.4208,-0.3937,0.1966,0.1987,-0.7913,2640.0
Anomalia,0.0231,0.1873,0.4208,-0.3937,0.1887,-0.0938,-0.5078,2640.0
Anomalia,0.0089,0.1673,0.3738,-0.3937,0.1676,-0.2075,-0.351,2640.0
Anomalia,0.0078,0.1491,0.3135,-0.3227,0.1493,-0.1921,-0.6263,2640.0
Anomalia,0.0139,0.1538,0.3624,-0.3227,0.1544,-0.1414,-0.5924,2640.0
Anomalia,-0.0016,0.1585,0.3624,-0.3227,0.1585,0.101,-0.8007,2640.0
Anomalia,0.0101,0.1623,0.3624,-0.3227,0.1626,0.1799,-0.8442,2880.0
Anomalia,0.0171,0.1672,0.3751,-0.3311,0.1681,0.1428,-0.8377,2880.0
Anomalia,0.0082,0.1674,0.3751,-0.3311,0.1676,0.094,-0.9011,2640.0
Anomalia,0.0099,0.1797,0.3751,-0.3549,0.1799,0.0097,-1.0443,2640.0
Anomalia,0.0055,0.1885,0.3751,-0.3561,0.1885,-0.0196,-1.094,2640.0
Anomalia,0.0163,0.1759,0.3571,-0.3561,0.1766,-0.0546,-1.0141,2640.0
Anomalia,0.0126,0.1854,0.3571,-0.3745,0.1858,-0.0838,-0.9992,2640.0
Anomalia,0.0127,0.2155,0.3957,-0.49,0.2159,-0.1937,-0.9763,2640.0
Anomalia,0.0151,0.2156,0.3957,-0.49,0.2161,-0.1847,-0.9674,2640.0
Anomalia,-0.0006,0.2093,0.3957,-0.49,0.2093,-0.0817,-0.8763,2640.0
Anomalia,0.0154,0.2403,0.4873,-0.49,0.2408,0.0067,-1.0304,2640.0
Anomalia,0.02,0.2395,0.4873,-0.4619,0.2403,0.0498,-1.0655,2880.0
Anomalia,0.012,0.2319,0.4873,-0.4619,0.2322,0.1317,-0.9098,2880.0
Anomalia,0.0166,0.2314,0.4873,-0.4619,0.232,0.1097,-0.8931,2880.0
Anomalia,0.0081,0.1967,0.4268,-0.4619,0.1969,0.022,-0.7355,2880.0
Anomalia,-0.0006,0.147,0.3538,-0.2948,0.147,0.2661,-0.5315,2880.0
Anomalia,0.0116,0.1519,0.3726,-0.2948,0.1523,0.3027,-0.6384,2880.0
Anomalia,0.0061,0.1492,0.3726,-0.2948,0.1493,0.2547,-0.5501,2880.0
Anomalia,0.0126,0.1429,0.3726,-0.2649,0.1435,0.356,-0.3604,2640.0
Anomalia,0.0223,0.2095,0.5159,-0.4224,0.2107,0.0722,-0.4883,2640.0
Anomalia,-0.001,0.2542,0.5159,-0.5489,0.2542,-0.0487,-0.6321,2640.0
Anomalia,0.0039,0.2781,0.5276,-0.5489,0.2781,-0.0383,-0.9831,2640.0
Anomalia,0.0079,0.2794,0.5276,-0.5489,0.2795,-0.0635,-1.0145,2640.0
Anomalia,0.0033,0.2351,0.5276,-0.5489,0.2351,-0.1531,-0.2848,2640.0
Anomalia,0.0222,0.1626,0.5276,-0.4573,0.1641,0.0285,0.8318,2640.0
Anomalia,0.0242,0.1058,0.3213,-0.228,0.1085,0.1468,0.3744,2880.0
Anomalia,0.0061,0.0967,0.1982,-0.2597,0.0969,-0.4771,-0.0105,2880.0
Anomalia,0.0075,0.0926,0.1982,-0.2597,0.0929,-0.4524,0.0517,2640.0
Anomalia,-0.0014,0.0992,0.1982,-0.2597,0.0992,-0.291,-0.4712,2640.0
Anomalia,0.001,0.108,0.1982,-0.2597,0.108,-0.2559,-0.7408,2640.0
Anomalia,0.0211,0.1238,0.3511,-0.3325,0.1256,-0.1091,-0.0651,2640.0
Anomalia,0.0216,0.1517,0.3511,-0.3576,0.1533,-0.193,-0.5648,2640.0
Anomalia,0.0175,0.1585,0.3511,-0.3576,0.1595,-0.214,-0.7495,2640.0
Anomalia,0.0077,0.1541,0.3511,-0.3576,0.1542,-0.0558,-0.603,2640.0
Anomalia,-0.0056,0.1297,0.3273,-0.3576,0.1298,-0.098,-0.1466,2880.0
Anomalia,0.0071,0.0954,0.1886,-0.2835,0.0956,-0.556,-0.1041,2400.0
Anomalia,0.0113,0.0883,0.1681,-0.2001,0.089,-0.3742,-0.7332,2640.0
Anomalia,0.0176,0.1238,0.2902,-0.3085,0.125,-0.3291,-0.2314,2640.0
Anomalia,0.0164,0.1817,0.4187,-0.422,0.1825,-0.2267,-0.3142,2880.0
Anomalia,0.0056,0.207,0.4187,-0.422,0.2071,-0.0301,-0.889,2880.0
Anomalia,0.0141,0.2334,0.4598,-0.422,0.2338,-0.028,-1.213,2880.0
Anomalia,0.0114,0.2203,0.4598,-0.422,0.2206,0.0208,-0.9429,2880.0
Anomalia,0.0186,0.2114,0.4598,-0.4154,0.2122,0.1056,-0.8435,2880.0
Anomalia,0.0184,0.217,0.4598,-0.4711,0.2178,0.0067,-0.8354,2880.0
Anomalia,0.0128,0.1995,0.4383,-0.4711,0.1999,-0.0048,-0.6785,2880.0
Anomalia,0.0056,0.2135,0.4383,-0.4711,0.2136,-0.0269,-0.9929,2880.0
Anomalia,0.0072,0.1836,0.3692,-0.4711,0.1837,-0.234,-0.827,2880.0
Anomalia,0.0052,0.1511,0.2998,-0.3436,0.1512,-0.174,-0.9606,2880.0
Anomalia,0.011,0.1516,0.3019,-0.3436,0.152,-0.2109,-0.8236,2880.0
Anomalia,0.0221,0.1373,0.3019,-0.3054,0.1391,-0.0322,-0.9605,2880.0
Anomalia,0.0096,0.1516,0.3019,-0.3131,0.1519,-0.0418,-0.9956,2880.0
Anomalia,0.0152,0.1489,0.3019,-0.3131,0.1496,-0.0979,-0.868,2880.0
Anomalia,0.0023,0.1444,0.2985,-0.3131,0.1444,-0.0648,-1.0032,2880.0
Anomalia,-0.0012,0.1485,0.2985,-0.3131,0.1485,-0.0582,-1.0437,2400.0
Anomalia,0.0148,0.1376,0.2829,-0.2629,0.1384,-0.0497,-0.9539,2640.0
Anomalia,0.0117,0.1464,0.2914,-0.2629,0.1469,-0.0103,-1.0235,2640.0
Anomalia,0.0208,0.1665,0.3978,-0.3077,0.1678,-0.062,-0.836,2400.0
Anomalia,0.0171,0.1642,0.3978,-0.3077,0.1651,-0.0306,-0.7865,2880.0
Anomalia,0.0091,0.1673,0.3978,-0.3077,0.1675,-0.0253,-0.9254,2880.0
Anomalia,0.0004,0.1656,0.3978,-0.3077,0.1656,0.0414,-0.9547,2880.0
Anomalia,0.0079,0.1277,0.233,-0.262,0.1279,-0.2396,-0.9483,2880.0
Anomalia,0.0133,0.1378,0.3273,-0.3048,0.1385,-0.1376,-0.7225,2880.0
Anomalia,0.0165,0.1617,0.3978,-0.3048,0.1625,0.0849,-0.6887,2880.0
Anomalia,0.0121,0.1663,0.3978,-0.3048,0.1668,0.0505,-0.7455,2640.0
Anomalia,0.0019,0.1739,0.3978,-0.3048,0.1739,0.1741,-0.9881,2640.0
Anomalia,0.0058,0.1541,0.3978,-0.2981,0.1542,0.1504,-0.5311,2640.0
Anomalia,0.0041,0.1263,0.2958,-0.2981,0.1264,-0.0577,-0.6819,2400.0
Anomalia,0.0215,0.1452,0.3924,-0.3017,0.1468,0.0985,-0.4258,2400.0
Anomalia,0.0175,0.162,0.3924,-0.3914,0.1629,-0.1082,-0.5049,2640.0
Anomalia,0.0112,0.1718,0.3924,-0.3914,0.1722,-0.0997,-0.723,2640.0
Anomalia,0.0095,0.1701,0.3924,-0.3914,0.1704,-0.0982,-0.6901,2640.0
Anomalia,0.0036,0.1425,0.2737,-0.3914,0.1426,-0.2682,-0.352,2640.0
Anomalia,0.0142,0.1237,0.3035,-0.333,0.1245,-0.0754,-0.1724,2640.0
Anomalia,0.0176,0.171,0.4085,-0.4339,0.1719,-0.1052,0.1191,2640.0
Anomalia,0.0136,0.2243,0.5393,-0.4923,0.2247,-0.0852,-0.4015,2640.0
Anomalia,0.0122,0.2481,0.5393,-0.4923,0.2484,-0.0747,-0.89,2640.0
Anomalia,0.0087,0.2534,0.5393,-0.4923,0.2535,-0.0447,-1.0293,2880.0
Anomalia,0.0074,0.2294,0.5393,-0.4923,0.2295,-0.0113,-0.779,2880.0
Anomalia,0.0107,0.2189,0.5122,-0.4539,0.2192,0.0357,-0.8354,2880.0
Anomalia,0.0127,0.1903,0.5122,-0.4539,0.1907,0.0782,-0.2976,2880.0
Anomalia,0.0112,0.1822,0.5122,-0.4539,0.1825,0.1193,0.0201,2880.0
Anomalia,0.0069,0.1661,0.5122,-0.4539,0.1663,0.2038,0.9852,2880.0
Anomalia,0.0077,0.106,0.2891,-0.2318,0.1063,0.1242,-0.2873,2880.0
Anomalia,0.0107,0.1523,0.4133,-0.3375,0.1527,0.2691,-0.018,2880.0
Anomalia,0.0081,0.1559,0.4133,-0.3375,0.1561,0.2746,-0.182,2640.0
Anomalia,0.0155,0.1566,0.4133,-0.3375,0.1573,0.1653,-0.2575,2640.0
Anomalia,0.0095,0.1603,0.4133,-0.3375,0.1606,0.1445,-0.4102,2880.0
Anomalia,0.0109,0.1259,0.2341,-0.2835,0.1263,-0.2403,-0.7736,2880.0
Anomalia,0.0134,0.1149,0.2341,-0.2835,0.1157,-0.278,-0.4371,2640.0
Anomalia,0.0086,0.1085,0.2341,-0.2835,0.1088,-0.2614,-0.0504,2640.0
Anomalia,0.0153,0.102,0.2629,-0.2474,0.1031,0.0136,-0.0739,2880.0
Anomalia,0.0185,0.1609,0.4973,-0.4537,0.162,0.2863,1.1282,2880.0
Anomalia,0.0038,0.2226,0.4973,-0.4938,0.2226,-0.0869,-0.146,2640.0
Anomalia,0.0083,0.2373,0.4973,-0.4938,0.2374,-0.0794,-0.6057,2640.0
Anomalia,0.0067,0.2342,0.4973,-0.4938,0.2343,-0.0775,-0.5045,2880.0
Anomalia,-0.0053,0.1987,0.4625,-0.4938,0.1988,-0.1923,0.116,2880.0
Anomalia,0.0216,0.1481,0.407,-0.2925,0.1496,0.2769,-0.4393,2880.0
Anomalia,0.0188,0.1379,0.3766,-0.2472,0.1392,0.2039,-0.6462,2640.0
Anomalia,0.005,0.1709,0.3766,-0.4185,0.171,-0.0004,-0.6733,2640.0
Anomalia,0.0172,0.1787,0.3766,-0.4185,0.1796,-0.0693,-0.7949,2640.0
Anomalia,-0.0022,0.1942,0.4047,-0.4185,0.1942,-0.0989,-0.8967,2400.0
Anomalia,-0.0002,0.2237,0.4381,-0.4224,0.2237,0.0133,-1.089,2640.0
Anomalia,0.023,0.2238,0.4381,-0.4224,0.225,-0.0481,-1.147,2640.0
Anomalia,0.0168,0.2336,0.4381,-0.4224,0.2342,-0.0108,-1.2777,2640.0
Anomalia,0.0152,0.2207,0.4381,-0.4224,0.2212,0.0521,-1.208,2640.0
Anomalia,0.0074,0.1854,0.3736,-0.3407,0.1855,0.1268,-0.9555,2640.0
Anomalia,-0.0031,0.1498,0.3647,-0.3407,0.1499,0.0195,-0.2678,2640.0
Anomalia,0.0012,0.1124,0.2739,-0.3227,0.1125,-0.3823,0.2758,2640.0
Anomalia,0.0161,0.1069,0.3252,-0.2397,0.1081,0.1942,0.3757,2880.0
Anomalia,0.0178,0.1206,0.3252,-0.2745,0.1219,-0.0098,-0.0828,3120.0
Anomalia,0.0194,0.1339,0.3252,-0.2745,0.1353,-0.0415,-0.5696,2880.0
Anomalia,0.0073,0.1702,0.3488,-0.3515,0.1703,-0.0435,-0.9205,2880.0
Anomalia,0.0009,0.178,0.3488,-0.3515,0.178,-0.0083,-1.0476,2880.0
Anomalia,0.0056,0.1853,0.3488,-0.3515,0.1854,0.0085,-1.1517,2880.0
Anomalia,0.0056,0.1858,0.3488,-0.3515,0.1859,0.0337,-1.1977,2880.0
Anomalia,0.0198,0.1591,0.3227,-0.2981,0.1603,0.0072,-1.0701,2880.0
Anomalia,0.0157,0.1516,0.3131,-0.2652,0.1524,-0.0253,-1.1542,2880.0
Anomalia,0.016,0.1387,0.2679,-0.2639,0.1396,-0.1525,-1.1224,2880.0
Anomalia,0.0089,0.1275,0.2679,-0.2639,0.1279,-0.1802,-0.8261,2640.0
Anomalia,0.0006,0.1491,0.3478,-0.3113,0.1491,-0.0334,-0.7696,2880.0
Anomalia,0.016,0.1514,0.3653,-0.3161,0.1523,0.0332,-0.4793,2640.0
Anomalia,0.0131,0.145,0.3653,-0.3161,0.1456,0.1323,-0.2107,2640.0
Anomalia,0.0165,0.148,0.3653,-0.3161,0.1489,0.0971,-0.3764,2640.0
Anomalia,0.0229,0.1429,0.3653,-0.3161,0.1447,0.2229,-0.4369,2640.0
Anomalia,-0.0004,0.1469,0.3334,-0.3701,0.1469,-0.0659,-0.4713,2640.0
Anomalia,0.0044,0.1452,0.3334,-0.3701,0.1453,-0.1674,-0.362,2640.0
Anomalia,0.0129,0.1564,0.3334,-0.3701,0.157,-0.1576,-0.7353,2880.0
Anomalia,0.0087,0.1711,0.3588,-0.3701,0.1713,-0.0628,-0.8096,2880.0
Anomalia,0.0198,0.1754,0.3588,-0.3031,0.1765,0.0082,-0.9721,2640.0
Anomalia,0.014,0.1781,0.3588,-0.3031,0.1786,0.1101,-1.0407,2640.0
Anomalia,0.0013,0.176,0.3588,-0.3269,0.176,0.1795,-0.8085,2880.0
Anomalia,0.0084,0.1643,0.3311,-0.3319,0.1645,0.0908,-0.6193,2880.0
Anomalia,0.0128,0.1483,0.3311,-0.3319,0.1489,0.0699,-0.3343,2640.0
Anomalia,0.0163,0.2311,0.6269,-0.6156,0.2317,0.0289,0.2694,2640.0
Anomalia,0.0158,0.2741,0.6269,-0.6156,0.2746,-0.0101,-0.5736,2640.0
Anomalia,0.0074,0.2726,0.6269,-0.6156,0.2727,0.0244,-0.5307,2640.0
Anomalia,0.0034,0.2803,0.6269,-0.6156,0.2803,0.0488,-0.72,2880.0
Anomalia,0.0125,0.2412,0.5566,-0.5276,0.2415,-0.0735,-0.8792,2400.0
Anomalia,0.0164,0.2054,0.4055,-0.3832,0.206,-0.0899,-1.0522,2640.0
Anomalia,0.0203,0.213,0.4097,-0.3832,0.2139,-0.0337,-1.1533,2640.0
Anomalia,0.0135,0.2128,0.4097,-0.403,0.2132,-0.0173,-1.0877,2640.0
Anomalia,0.0039,0.215,0.4252,-0.403,0.215,0.0786,-1.0606,2880.0
Anomalia,0.0058,0.216,0.4252,-0.403,0.2161,0.0376,-1.1783,2880.0
Anomalia,0.0019,0.2014,0.4252,-0.403,0.2015,0.0359,-1.0597,2880.0
Anomalia,0.0147,0.2198,0.4909,-0.3847,0.2203,0.0799,-1.0425,2880.0
Anomalia,0.0095,0.2156,0.5007,-0.3847,0.2158,0.1844,-0.8685,2880.0
Anomalia,0.0135,0.1981,0.5007,-0.3847,0.1985,0.1816,-0.4326,2880.0
Anomalia,0.0144,0.195,0.5007,-0.3847,0.1955,0.1987,-0.3045,2880.0
Anomalia,0.006,0.165,0.5007,-0.3607,0.1651,0.2067,-0.2419,2880.0
Anomalia,0.0149,0.1279,0.2702,-0.2789,0.1287,-0.1663,-0.6259,2640.0
Anomalia,0.0175,0.1221,0.2702,-0.2662,0.1233,-0.1051,-0.7467,2640.0
Anomalia,0.0082,0.1447,0.3505,-0.3622,0.145,-0.2259,-0.4403,2880.0
Anomalia,0.0222,0.1493,0.3505,-0.3622,0.1509,-0.1559,-0.3793,2640.0
Anomalia,0.0124,0.1565,0.3505,-0.3622,0.157,-0.0603,-0.6196,2640.0
Anomalia,0.0021,0.1572,0.3505,-0.3622,0.1572,0.0391,-0.6452,2640.0
Anomalia,0.0188,0.1319,0.3405,-0.2841,0.1333,0.056,-0.5464,2400.0
Anomalia,0.0053,0.1285,0.3215,-0.2841,0.1286,-0.0197,-0.5714,2880.0
Anomalia,0.0119,0.1235,0.3215,-0.2503,0.1241,-0.062,-0.5883,2880.0
Anomalia,0.0152,0.1447,0.3215,-0.286,0.1455,-0.0926,-0.8406,2880.0
Anomalia,-0.0015,0.1807,0.3912,-0.387,0.1807,-0.0314,-0.9283,2880.0
Anomalia,0.004,0.1953,0.3912,-0.387,0.1953,-0.0198,-0.9937,2880.0
Anomalia,0.012,0.1976,0.3912,-0.387,0.198,-0.0881,-1.0576,2880.0
Anomalia,0.0114,0.1789,0.3912,-0.387,0.1793,-0.0696,-0.5253,2880.0
Anomalia,0.0223,0.155,0.3834,-0.3359,0.1566,-0.004,-0.4831,2880.0
Anomalia,0.0112,0.1572,0.3236,-0.4765,0.1576,-0.3814,0.061,2880.0
Anomalia,0.0025,0.2029,0.4049,-0.5222,0.2029,-0.2029,-0.3346,2880.0
Anomalia,0.0032,0.2323,0.4053,-0.5222,0.2323,-0.1781,-0.9643,2880.0
Anomalia,0.0087,0.2391,0.4053,-0.5222,0.2392,-0.1732,-1.0348,2880.0
Anomalia,0.0233,0.2176,0.4053,-0.5222,0.2188,-0.2262,-0.692,2880.0
Anomalia,0.0194,0.1893,0.4053,-0.3928,0.1903,-0.1392,-0.8444,2880.0
Anomalia,0.0126,0.1647,0.3832,-0.3229,0.1652,0.0067,-0.9033,2880.0
Anomalia,0.0069,0.1544,0.2835,-0.3008,0.1545,-0.0999,-1.0462,2880.0
Anomalia,0.0002,0.1572,0.2877,-0.3008,0.1572,-0.0168,-1.0742,2640.0
Anomalia,0.0041,0.1718,0.4099,-0.3999,0.1718,0.0654,-0.6452,2640.0
Anomalia,0.0178,0.2209,0.5059,-0.4869,0.2216,0.0814,-0.5779,2640.0
Anomalia,0.017,0.2178,0.5059,-0.4869,0.2184,0.1232,-0.4809,2640.0
Anomalia,0.0105,0.2192,0.5059,-0.4869,0.2195,0.1618,-0.5037,2880.0
Anomalia,0.0112,0.2315,0.5059,-0.4869,0.2318,0.1223,-0.7463,2880.0
Anomalia,-0.0036,0.214,0.4014,-0.4189,0.2141,0.0009,-0.8953,2880.0
Anomalia,0.0068,0.2153,0.4014,-0.4189,0.2154,-0.0902,-0.8947,2880.0
Anomalia,0.0155,0.2176,0.4014,-0.4189,0.2181,-0.1556,-0.9611,2880.0
Anomalia,0.0158,0.1776,0.3901,-0.4189,0.1783,-0.2733,-0.3516,2880.0
Anomalia,0.0306,0.123,0.33,-0.2683,0.1267,-0.0385,-0.3551,2880.0
Anomalia,0.008,0.1153,0.2914,-0.219,0.1156,-0.0683,-0.571,2880.0
Anomalia,0.006,0.089,0.2197,-0.2113,0.0892,-0.3768,-0.042,2880.0
Anomalia,0.0071,0.0818,0.1715,-0.209,0.0821,-0.4482,-0.347,2640.0
Anomalia,0.0007,0.0826,0.1715,-0.209,0.0826,-0.2716,-0.5949,2880.0
Anomalia,0.0192,0.0931,0.2775,-0.1548,0.095,0.3042,-0.1569,2880.0
Anomalia,0.0212,0.1252,0.2944,-0.3012,0.1269,-0.0473,-0.3814,2880.0
Anomalia,0.0086,0.1391,0.2944,-0.3012,0.1394,0.0907,-0.8011,2640.0
Anomalia,0.0063,0.1628,0.3327,-0.3012,0.1629,0.1019,-1.132,2640.0
Anomalia,0.0009,0.1632,0.3327,-0.3012,0.1632,0.1259,-1.0999,2640.0
Anomalia,0.005,0.1442,0.3327,-0.2921,0.1443,0.097,-0.8085,2640.0
Anomalia,0.0189,0.1369,0.3327,-0.2921,0.1382,-0.088,-0.63,2640.0
Anomalia,0.0155,0.1151,0.2791,-0.2418,0.1161,0.086,-0.7208,2640.0
Anomalia,0.0123,0.1079,0.2685,-0.2113,0.1086,0.1204,-0.6856,2400.0
Anomalia,0.0047,0.133,0.3115,-0.3119,0.1331,0.076,-0.6466,2880.0
Anomalia,0.0047,0.1447,0.3115,-0.3119,0.1448,0.1245,-0.8315,2880.0
Anomalia,0.0177,0.1483,0.3115,-0.3119,0.1493,-0.0628,-0.9339,2640.0
Anomalia,0.0076,0.1589,0.3115,-0.3282,0.1591,-0.087,-1.0639,2640.0
Anomalia,0.0124,0.1655,0.32,-0.3282,0.166,-0.0652,-1.124,2640.0
Anomalia,0.0128,0.1813,0.364,-0.3636,0.1817,-0.0981,-1.0903,2640.0
Anomalia,0.0032,0.1862,0.364,-0.3636,0.1863,0.0261,-1.2043,2640.0
Anomalia,0.0125,0.1982,0.3778,-0.3832,0.1986,-0.0179,-1.2129,2640.0
Anomalia,0.0133,0.192,0.3778,-0.3832,0.1924,-0.0502,-1.1232,2640.0
Anomalia,0.0077,0.1684,0.3778,-0.3832,0.1686,0.0172,-0.899,2640.0
Anomalia,0.0094,0.159,0.3778,-0.3832,0.1593,-0.0284,-0.6197,2640.0
Anomalia,0.0055,0.1306,0.3042,-0.291,0.1308,-0.0347,-0.7587,2880.0
Anomalia,0.0025,0.1172,0.2493,-0.2328,0.1173,0.1156,-0.9675,2880.0
Anomalia,0.0132,0.1381,0.3667,-0.2793,0.1387,0.2405,-0.6103,2640.0
Anomalia,0.0096,0.1302,0.3667,-0.2793,0.1306,0.3488,-0.1538,2640.0
Anomalia,0.0168,0.1246,0.3667,-0.2793,0.1257,0.3387,0.0389,2640.0
Anomalia,0.0154,0.1207,0.3667,-0.2793,0.1217,0.1981,0.3558,2880.0
Anomalia,0.0077,0.1134,0.2891,-0.2303,0.1136,0.0777,-0.347,2640.0
Anomalia,0.0094,0.1525,0.3615,-0.3352,0.1528,0.0092,-0.5375,2640.0
Anomalia,0.0051,0.158,0.3615,-0.3352,0.1581,0.0737,-0.7678,2640.0
Anomalia,0.0064,0.1528,0.3615,-0.3352,0.1529,0.0921,-0.5947,2640.0
Anomalia,0.0103,0.1516,0.3615,-0.3352,0.1519,0.0108,-0.4529,2880.0
Anomalia,0.0194,0.1844,0.5422,-0.4362,0.1855,0.1897,0.429,2400.0
Anomalia,0.0084,0.2241,0.5422,-0.5316,0.2243,-0.0307,-0.3247,2640.0
Anomalia,0.0055,0.2385,0.5422,-0.5316,0.2386,0.0289,-0.7455,2640.0
Anomalia,0.0063,0.2353,0.5422,-0.5316,0.2354,-0.0038,-0.6511,2640.0
Anomalia,-0.0034,0.2299,0.5151,-0.5316,0.2299,-0.0389,-0.7117,2880.0
Anomalia,0.0062,0.2292,0.5151,-0.4483,0.2293,0.0278,-0.8046,2880.0
Anomalia,0.0148,0.2367,0.5151,-0.4483,0.2372,-0.0388,-0.8469,2640.0
Anomalia,0.0018,0.2449,0.5151,-0.4483,0.2449,0.1253,-0.9467,2880.0
Anomalia,0.0023,0.2487,0.4669,-0.4439,0.2487,0.0572,-1.045,2880.0
Anomalia,0.0211,0.2301,0.4669,-0.4391,0.2311,-0.0317,-0.9274,2880.0
Anomalia,0.008,0.2099,0.4669,-0.4391,0.2101,0.0816,-0.603,2640.0
Anomalia,0.0132,0.226,0.4669,-0.4846,0.2264,-0.1726,-0.6759,2640.0
Anomalia,0.0187,0.2421,0.5257,-0.5096,0.2428,-0.1419,-0.509,2640.0
Anomalia,0.001,0.2415,0.5257,-0.5096,0.2415,-0.0768,-0.3831,2640.0
Anomalia,0.006,0.2392,0.5257,-0.5096,0.2393,-0.1385,-0.2845,2640.0
Anomalia,0.0139,0.2073,0.5257,-0.5096,0.2078,-0.1056,0.6444,2640.0
Anomalia,0.0096,0.1278,0.4195,-0.4913,0.1282,-0.4997,2.3016,2400.0
Anomalia,0.0152,0.1281,0.3968,-0.2912,0.129,0.0058,0.5897,2880.0
Anomalia,0.0132,0.1251,0.3968,-0.2912,0.1258,0.066,0.8808,2880.0
Anomalia,0.0037,0.1394,0.3968,-0.2912,0.1395,0.0239,0.2222,2880.0
Anomalia,0.0059,0.158,0.3968,-0.2912,0.1581,0.2128,-0.4999,2880.0
Anomalia,0.0072,0.1456,0.3513,-0.2839,0.1458,0.1069,-0.6458,2640.0
Anomalia,0.0126,0.172,0.3513,-0.2964,0.1725,-0.0081,-1.1641,2640.0
Anomalia,0.0186,0.1709,0.3513,-0.2964,0.1719,-0.0083,-1.2607,2880.0
Anomalia,0.0169,0.1492,0.3094,-0.2964,0.1501,-0.0398,-0.9096,2880.0
Anomalia,0.0081,0.1296,0.3094,-0.2964,0.1299,0.061,-0.2787,2880.0
Anomalia,0.0067,0.1088,0.2618,-0.2316,0.109,0.0348,-0.5653,2880.0
Anomalia,0.0043,0.1048,0.217,-0.2316,0.1049,-0.0479,-0.6798,2400.0
Anomalia,0.0077,0.1572,0.3818,-0.3651,0.1574,0.045,-0.2829,2400.0
Anomalia,0.0199,0.2046,0.407,-0.4091,0.2055,-0.0169,-0.8869,2640.0
Anomalia,0.0189,0.2246,0.4108,-0.4621,0.2254,-0.0841,-0.9818,2640.0
Anomalia,0.0081,0.2243,0.4108,-0.4621,0.2245,0.0539,-0.9701,2640.0
Anomalia,0.0056,0.1973,0.4108,-0.4621,0.1973,0.084,-0.4562,2640.0
Anomalia,0.001,0.1647,0.4108,-0.4621,0.1647,0.0213,-0.2286,2640.0
Anomalia,0.0001,0.1593,0.3065,-0.3613,0.1593,0.1207,-0.9049,2640.0
Anomalia,0.0184,0.1558,0.3065,-0.3613,0.1568,-0.1155,-0.7947,2640.0
Anomalia,0.0186,0.1715,0.3563,-0.3613,0.1725,-0.0734,-0.9933,2880.0
Anomalia,0.0002,0.1962,0.3563,-0.4448,0.1962,-0.182,-0.9732,2880.0
Anomalia,0.0076,0.1876,0.3995,-0.4448,0.1878,-0.1105,-0.746,2640.0
Anomalia,-0.0065,0.1837,0.3995,-0.4448,0.1838,0.0422,-0.6212,2640.0
Anomalia,-0.0021,0.1723,0.3995,-0.4448,0.1723,-0.0773,-0.3725,2880.0
Anomalia,0.0186,0.1783,0.4339,-0.3803,0.1793,0.2193,-0.3558,2880.0
Anomalia,0.0155,0.1928,0.4339,-0.3803,0.1934,0.0983,-0.6057,2880.0
Anomalia,0.0211,0.2174,0.4339,-0.4112,0.2184,-0.1294,-0.9502,2880.0
Anomalia,0.015,0.24,0.4339,-0.4341,0.2405,-0.096,-1.2238,2880.0
Anomalia,0.0006,0.2198,0.4043,-0.4341,0.2198,-0.0687,-1.1552,2640.0
Anomalia,0.0018,0.2064,0.3655,-0.4341,0.2064,-0.1376,-1.0739,2640.0
Anomalia,0.0057,0.2224,0.4249,-0.4341,0.2225,-0.0404,-1.156,2640.0
Anomalia,0.0073,0.2174,0.4249,-0.4191,0.2175,-0.0534,-1.1752,2640.0
Anomalia,0.0177,0.2141,0.4249,-0.4191,0.2148,-0.1077,-1.0864,2880.0
Anomalia,0.0089,0.2059,0.4249,-0.4191,0.2061,-0.0285,-0.9085,2880.0
Anomalia,0.0125,0.1868,0.3567,-0.3659,0.1872,0.0298,-1.0494,2880.0
Anomalia,0.0098,0.1944,0.4333,-0.4099,0.1946,0.0739,-0.8551,2880.0
Anomalia,0.0054,0.1881,0.4333,-0.4099,0.1881,0.0965,-0.7342,2880.0
Anomalia,0.0111,0.182,0.4333,-0.4099,0.1823,0.0547,-0.5041,2880.0
Anomalia,-0.0036,0.1654,0.4333,-0.4099,0.1655,-0.0053,-0.129,3360.0
Anomalia,0.0082,0.1381,0.2937,-0.2914,0.1383,-0.054,-0.8146,2880.0
Anomalia,0.0105,0.1466,0.3088,-0.31,0.147,-0.0861,-0.7523,2880.0
Anomalia,0.0063,0.1537,0.3088,-0.31,0.1538,-0.058,-1.0027,2880.0
Anomalia,0.0194,0.1606,0.3088,-0.31,0.1617,-0.0173,-1.1579,2880.0
Anomalia,0.0098,0.1477,0.3088,-0.31,0.148,0.0349,-0.8927,2880.0
Anomalia,0.0084,0.1248,0.2952,-0.2545,0.1251,0.1383,-0.4498,2640.0
Anomalia,0.0083,0.1154,0.2952,-0.2545,0.1157,0.2522,-0.0125,2640.0
Anomalia,0.0045,0.0862,0.2439,-0.2084,0.0864,0.007,-0.0567,2400.0
Anomalia,0.0011,0.082,0.1519,-0.2021,0.082,-0.1769,-0.8088,2640.0
Anomalia,0.0142,0.0911,0.2422,-0.2021,0.0922,-0.0785,-0.6309,2640.0
Anomalia,0.0109,0.092,0.2422,-0.2021,0.0926,-0.0879,-0.5517,2880.0
Anomalia,0.008,0.0892,0.2422,-0.1794,0.0896,0.1445,-0.5806,2880.0
Anomalia,0.011,0.0918,0.2422,-0.233,0.0925,-0.0259,-0.3166,2880.0
Anomalia,-0.0066,0.1109,0.2601,-0.233,0.111,0.0282,-0.5642,2880.0
Anomalia,0.0033,0.1479,0.3594,-0.2933,0.1479,0.1749,-0.5999,2880.0
Anomalia,0.0106,0.1733,0.3594,-0.3261,0.1736,0.0356,-1.0442,2640.0
Anomalia,0.0092,0.1947,0.3594,-0.358,0.1949,-0.0224,-1.3051,2640.0
Anomalia,0.0145,0.1925,0.3594,-0.358,0.1931,-0.0794,-1.2185,2640.0
Anomalia,0.0059,0.1655,0.3282,-0.358,0.1656,-0.089,-0.7742,2880.0
Anomalia,-0.0007,0.1389,0.2883,-0.358,0.1389,-0.1233,-0.2122,2880.0
Anomalia,0.0097,0.1157,0.2691,-0.2866,0.1161,0.1069,-0.4116,3120.0
Anomalia,0.0049,0.1188,0.2489,-0.3667,0.1189,-0.2549,0.2651,2640.0
Anomalia,0.0142,0.1666,0.4341,-0.3901,0.1672,-0.1179,-0.1853,2880.0
Anomalia,0.0073,0.1836,0.4341,-0.3901,0.1837,-0.1119,-0.7095,2640.0
Anomalia,-0.002,0.1793,0.4341,-0.3901,0.1794,-0.0556,-0.5885,2880.0
Anomalia,0.0168,0.1912,0.4341,-0.3901,0.1919,0.0606,-0.8142,2880.0
Anomalia,0.0076,0.1839,0.4076,-0.398,0.1841,0.0748,-0.7021,2880.0
Anomalia,0.0141,0.1734,0.4076,-0.398,0.1739,0.1466,-0.5108,2640.0
Anomalia,0.0153,0.1687,0.4076,-0.398,0.1694,0.1517,-0.2878,2640.0
Anomalia,-0.0072,0.1449,0.4076,-0.398,0.1451,0.0009,0.2989,2640.0
Anomalia,-0.0,0.1154,0.246,-0.2781,0.1154,0.032,-0.6209,2880.0
Anomalia,0.0034,0.108,0.246,-0.2781,0.1081,-0.0379,-0.5077,2880.0
Anomalia,0.0069,0.1201,0.2912,-0.2781,0.1203,0.0468,-0.6543,2640.0
Anomalia,0.0229,0.1375,0.3407,-0.2929,0.1394,0.1775,-0.6047,2640.0
Anomalia,0.0156,0.1409,0.3407,-0.2929,0.1417,0.0881,-0.5849,2640.0
Anomalia,0.008,0.1446,0.3407,-0.2929,0.1448,0.1203,-0.6977,2640.0
Anomalia,0.0081,0.1427,0.3407,-0.2929,0.1429,0.091,-0.7604,2640.0
Anomalia,-0.0028,0.1171,0.227,-0.2747,0.1171,-0.0746,-0.9926,2640.0
Anomalia,0.0087,0.1154,0.238,-0.2201,0.1157,0.0822,-1.0568,2400.0
Anomalia,0.0199,0.1087,0.238,-0.193,0.1105,0.0418,-0.9996,2880.0
Anomalia,0.0106,0.1016,0.238,-0.193,0.1021,0.0775,-0.8258,2880.0
Anomalia,0.0204,0.1004,0.238,-0.193,0.1025,-0.0473,-0.754,2880.0
Anomalia,0.0021,0.1024,0.1911,-0.2672,0.1024,-0.3585,-0.5668,2880.0
Anomalia,-0.0069,0.1252,0.3419,-0.2672,0.1254,0.1663,-0.2693,2640.0
Anomalia,0.0029,0.1616,0.3432,-0.3079,0.1616,0.2227,-0.6851,2640.0
Anomalia,0.0053,0.1714,0.3432,-0.3079,0.1714,0.2441,-0.9792,2640.0
Anomalia,0.0155,0.1596,0.3432,-0.3079,0.1603,0.26,-0.6667,2640.0
Anomalia,0.0153,0.1529,0.3432,-0.4172,0.1537,-0.0569,-0.1109,2880.0
Anomalia,0.0053,0.1759,0.4033,-0.4423,0.1759,-0.2957,0.1941,2880.0
Anomalia,0.0039,0.1999,0.4139,-0.4423,0.2,-0.2321,-0.2806,2880.0
Anomalia,0.0021,0.2009,0.4139,-0.4423,0.201,-0.2203,-0.3341,2880.0
Anomalia,0.0178,0.2434,0.6192,-0.5099,0.244,0.0071,-0.5333,2880.0
Anomalia,0.025,0.232,0.6192,-0.5099,0.2334,0.0346,-0.1671,2880.0
Anomalia,0.0046,0.2181,0.6192,-0.5099,0.2182,0.2605,0.2854,2640.0
Anomalia,0.0144,0.2632,0.6192,-0.5159,0.2635,0.0869,-0.737,2880.0
Anomalia,0.0037,0.2656,0.5088,-0.5159,0.2656,0.0362,-0.9529,2640.0
Anomalia,-0.005,0.2473,0.5088,-0.5159,0.2474,0.0866,-0.7375,2640.0
Anomalia,0.0236,0.2809,0.6044,-0.5159,0.2819,0.0179,-1.0207,2880.0
Anomalia,0.0089,0.2946,0.6044,-0.5532,0.2947,-0.001,-1.0189,2880.0
Anomalia,0.0032,0.2609,0.6044,-0.5532,0.261,0.0507,-0.5451,2880.0
Anomalia,0.015,0.2698,0.6044,-0.5532,0.2702,-0.0361,-0.7455,2880.0
Anomalia,-0.0062,0.2351,0.5117,-0.5532,0.2351,-0.1177,-0.4739,2880.0
Anomalia,0.0108,0.1771,0.3738,-0.3828,0.1774,-0.0155,-0.7506,2880.0
Anomalia,0.0168,0.1798,0.3868,-0.3828,0.1806,-0.0528,-0.7569,2640.0
Anomalia,0.0025,0.1589,0.3868,-0.3492,0.1589,0.1767,-0.617,3360.0
Anomalia,0.0177,0.1441,0.3868,-0.2929,0.1451,0.1847,-0.4701,3360.0
Anomalia,0.0093,0.1477,0.3868,-0.2929,0.148,0.0982,-0.5635,2880.0
Anomalia,0.0011,0.1466,0.3071,-0.3336,0.1466,-0.0594,-0.6948,2640.0
Anomalia,0.019,0.1453,0.3071,-0.3336,0.1466,-0.2749,-0.5764,2880.0
Anomalia,0.0089,0.1657,0.3682,-0.3336,0.166,-0.0735,-0.9296,2880.0
Anomalia,0.0043,0.1813,0.3682,-0.3697,0.1814,-0.0635,-0.8796,2880.0
Anomalia,0.0177,0.2119,0.499,-0.3912,0.2127,0.03,-0.8271,2640.0
Anomalia,0.0059,0.2463,0.499,-0.4437,0.2464,0.0537,-1.1957,2640.0
Anomalia,0.0036,0.2346,0.499,-0.4437,0.2346,0.0504,-0.97,2640.0
Anomalia,0.0139,0.2093,0.499,-0.4437,0.2098,-0.0109,-0.3542,2640.0
Anomalia,0.0088,0.1833,0.4491,-0.4437,0.1835,-0.0834,-0.2321,2880.0
Anomalia,0.0135,0.1736,0.4087,-0.3836,0.1741,0.049,-0.3963,2880.0
Anomalia,0.015,0.1861,0.4087,-0.3857,0.1867,-0.0488,-0.5561,2640.0
Anomalia,0.0073,0.1822,0.4087,-0.3857,0.1824,0.0373,-0.3858,2640.0
Anomalia,0.0032,0.161,0.4087,-0.3857,0.161,0.0063,0.3223,2880.0
Anomalia,0.0022,0.1188,0.3563,-0.3857,0.1189,-0.2176,0.9008,2880.0
Anomalia,0.011,0.0915,0.1992,-0.1934,0.0922,-0.0291,-0.7233,2640.0
Anomalia,0.011,0.1028,0.2213,-0.1934,0.1034,0.0314,-0.9888,2640.0
Anomalia,0.0113,0.1148,0.2906,-0.2979,0.1154,0.0151,-0.6218,2400.0
Anomalia,0.0131,0.1602,0.4644,-0.406,0.1607,0.0429,0.0694,2400.0
Anomalia,0.0016,0.1856,0.4644,-0.406,0.1856,0.1476,-0.6014,2640.0
Anomalia,0.0123,0.1921,0.4644,-0.406,0.1925,0.0522,-0.8122,2640.0
Anomalia,0.0155,0.1908,0.4644,-0.406,0.1914,0.0027,-0.8205,2640.0
Anomalia,0.009,0.1632,0.3832,-0.3165,0.1635,0.0205,-0.9683,2640.0
Anomalia,0.0131,0.1386,0.3098,-0.2449,0.1392,-0.0404,-1.0783,2640.0
Anomalia,0.0026,0.1367,0.2366,-0.2528,0.1367,-0.1559,-1.1724,2880.0
Anomalia,0.005,0.1273,0.2366,-0.2528,0.1274,-0.2113,-0.9828,2880.0
Anomalia,0.0159,0.1145,0.212,-0.2528,0.1156,-0.2848,-0.8494,2880.0
Anomalia,0.0153,0.1149,0.2172,-0.266,0.1159,-0.3037,-0.6962,2880.0
Anomalia,0.0079,0.1139,0.218,-0.266,0.1142,-0.1288,-0.8901,2880.0
Anomalia,0.01,0.1193,0.218,-0.266,0.1197,-0.1384,-0.964,2640.0
Anomalia,-0.0062,0.1147,0.218,-0.266,0.1149,-0.0124,-0.7381,2640.0
Anomalia,0.0019,0.1197,0.3342,-0.2286,0.1197,0.2138,-0.4765,2640.0
Anomalia,0.0171,0.1392,0.3346,-0.2989,0.1403,0.1887,-0.4813,2880.0
Anomalia,0.0077,0.1468,0.3346,-0.2989,0.147,0.2399,-0.5997,2880.0
Anomalia,0.0149,0.162,0.3346,-0.4001,0.1627,-0.1226,-0.6822,2880.0
Anomalia,0.0083,0.1746,0.4064,-0.4001,0.1748,-0.0647,-0.6736,2640.0
Anomalia,-0.0004,0.1495,0.4064,-0.4001,0.1495,-0.1246,0.1242,2640.0
Anomalia,0.006,0.1748,0.4064,-0.4053,0.1749,-0.1871,-0.2697,2880.0
Anomalia,0.0165,0.1991,0.4243,-0.4053,0.1998,-0.0247,-0.7051,2400.0
Anomalia,0.0201,0.2007,0.4243,-0.4053,0.2017,-0.0816,-0.8523,2640.0
Anomalia,0.0211,0.2386,0.46,-0.4135,0.2396,-0.106,-1.2318,2640.0
Anomalia,0.0082,0.2617,0.46,-0.5585,0.2618,-0.0981,-1.1574,2880.0
Anomalia,-0.0051,0.2473,0.46,-0.5585,0.2473,-0.0507,-1.001,2640.0
Anomalia,-0.0062,0.2317,0.46,-0.5585,0.2318,-0.0755,-0.6316,2640.0
Anomalia,-0.0002,0.2047,0.4487,-0.5585,0.2047,-0.2152,-0.2026,2640.0
Anomalia,0.0133,0.1459,0.3148,-0.3142,0.1465,-0.1694,-0.6883,2880.0
Anomalia,0.0184,0.1267,0.3021,-0.2754,0.1281,-0.096,-0.658,2880.0
Anomalia,0.0157,0.1261,0.3021,-0.2754,0.1271,-0.0474,-0.6422,2880.0
Anomalia,0.0122,0.1337,0.2952,-0.3094,0.1343,-0.1463,-0.6448,2880.0
Anomalia,0.0007,0.1706,0.4055,-0.3749,0.1706,-0.0694,-0.5895,2880.0
Anomalia,0.003,0.1946,0.4055,-0.3749,0.1947,0.0173,-0.9596,2640.0
Anomalia,0.0167,0.2076,0.4055,-0.3749,0.2083,-0.0534,-1.2046,2640.0
Anomalia,0.014,0.2225,0.4339,-0.4623,0.223,-0.0784,-1.1424,2640.0
Anomalia,0.0158,0.1933,0.4339,-0.4623,0.1939,-0.0132,-0.7556,2640.0
Anomalia,0.0106,0.1665,0.4339,-0.4623,0.1668,-0.0533,-0.0733,2880.0
Anomalia,0.001,0.1579,0.4339,-0.4623,0.1579,-0.0594,0.1846,2880.0
Anomalia,0.0078,0.1304,0.282,-0.2578,0.1306,0.0149,-0.7646,2880.0
Anomalia,0.0129,0.1995,0.488,-0.5349,0.1999,-0.1246,0.0988,2880.0
Anomalia,0.0129,0.2457,0.495,-0.5359,0.246,-0.1019,-0.6512,2880.0
Anomalia,0.0012,0.2734,0.495,-0.5359,0.2734,-0.0392,-1.0299,2640.0
Anomalia,0.0028,0.2822,0.495,-0.5359,0.2822,-0.0049,-1.1452,2640.0
Anomalia,0.0048,0.2374,0.495,-0.5359,0.2375,0.0136,-0.6337,2640.0
Anomalia,0.0087,0.21,0.4792,-0.4679,0.2102,0.0537,-0.3926,2880.0
Anomalia,0.0162,0.177,0.464,-0.3507,0.1777,0.2288,-0.1071,2880.0
Anomalia,0.014,0.1632,0.464,-0.3507,0.1638,0.21,0.0514,2640.0
Anomalia,0.0146,0.1615,0.464,-0.3507,0.1622,0.1282,0.1635,2640.0
Anomalia,0.016,0.1247,0.3864,-0.338,0.1257,0.0912,0.6677,2640.0
Anomalia,0.0054,0.1183,0.3221,-0.2848,0.1184,-0.0335,-0.0234,2400.0
Anomalia,0.0076,0.1264,0.3444,-0.2848,0.1266,0.0342,0.0356,2400.0
Anomalia,0.0091,0.1439,0.3444,-0.2848,0.1442,0.0553,-0.4651,2640.0
Anomalia,0.007,0.1465,0.3444,-0.2848,0.1467,0.0835,-0.615,2640.0
Anomalia,0.0201,0.1432,0.3444,-0.2781,0.1446,0.0699,-0.6286,2400.0
Anomalia,0.0099,0.1254,0.3096,-0.2689,0.1258,-0.0981,-0.3322,2880.0
Anomalia,0.0053,0.1167,0.2798,-0.2689,0.1168,-0.013,-0.4196,2880.0
Anomalia,0.0089,0.1193,0.2798,-0.2689,0.1196,-0.0709,-0.5649,2880.0
Anomalia,0.0013,0.1153,0.2798,-0.2689,0.1153,-0.1836,-0.6234,2640.0
Anomalia,0.012,0.1302,0.3344,-0.2921,0.1308,0.025,-0.5446,3120.0
Anomalia,0.017,0.1832,0.4654,-0.5215,0.184,-0.2254,0.3578,2880.0
Anomalia,0.0055,0.2031,0.4654,-0.5215,0.2032,-0.154,-0.369,2640.0
Anomalia,0.0099,0.1966,0.4654,-0.5215,0.1968,-0.2091,-0.037,2640.0
Anomalia,0.0037,0.1892,0.4654,-0.5215,0.1892,-0.2323,0.2341,2640.0
Anomalia,0.0085,0.1473,0.3609,-0.4033,0.1475,-0.1922,0.0004,2880.0
Anomalia,0.0143,0.1414,0.3622,-0.277,0.1421,0.1699,-0.2509,2640.0
Anomalia,0.0117,0.1513,0.3622,-0.277,0.1518,0.1043,-0.7047,2640.0
Anomalia,0.0062,0.151,0.3622,-0.2745,0.1511,0.1865,-0.6852,2400.0
Anomalia,-0.0028,0.1858,0.4631,-0.4072,0.1859,0.1105,-0.4503,2400.0
Anomalia,0.0073,0.2092,0.4631,-0.4491,0.2094,0.0168,-0.627,2640.0
Anomalia,0.0189,0.2461,0.5076,-0.4491,0.2468,0.0637,-1.0504,2640.0
Anomalia,0.0116,0.2753,0.5076,-0.4721,0.2755,-0.0061,-1.3348,2640.0
Anomalia,0.0139,0.2675,0.5076,-0.4721,0.2679,-0.0292,-1.2537,2640.0
Anomalia,0.0069,0.2437,0.5076,-0.4721,0.2438,0.0221,-0.973,2640.0
Anomalia,0.0019,0.2051,0.4391,-0.4721,0.2051,-0.1665,-0.5093,2880.0
Anomalia,0.0153,0.1846,0.4391,-0.4193,0.1852,0.0036,-0.4921,2880.0
Anomalia,0.0098,0.1872,0.4197,-0.3724,0.1874,0.0829,-0.624,2880.0
Anomalia,0.0073,0.1847,0.4197,-0.3724,0.1848,0.0562,-0.5177,2880.0
Anomalia,0.0033,0.1928,0.4197,-0.3724,0.1929,0.0533,-0.7997,2880.0
Anomalia,0.0008,0.1679,0.4197,-0.3724,0.1679,0.0611,-0.2768,2880.0
Anomalia,0.0083,0.1235,0.28,-0.2699,0.1238,-0.0422,-0.6195,2880.0
Anomalia,0.0161,0.1405,0.2887,-0.2969,0.1414,0.0361,-0.865,2880.0
Anomalia,0.0135,0.1414,0.2929,-0.2969,0.1421,0.035,-0.6889,2880.0
Anomalia,0.0173,0.1365,0.2929,-0.2969,0.1376,-0.0944,-0.5542,2880.0
Anomalia,0.0164,0.1506,0.2929,-0.3088,0.1515,-0.1423,-0.7524,2400.0
Anomalia,0.0007,0.1322,0.2929,-0.3088,0.1322,-0.0888,-0.4768,2880.0
Anomalia,0.0119,0.1121,0.2729,-0.3088,0.1127,-0.2195,0.0493,2640.0
Anomalia,0.0086,0.1387,0.3044,-0.3517,0.139,-0.2149,-0.3083,2880.0
Anomalia,0.0053,0.1586,0.4195,-0.3517,0.1587,-0.0092,-0.1757,2880.0
Anomalia,0.0224,0.2012,0.4256,-0.3818,0.2024,-0.0332,-0.6772,2640.0
Anomalia,0.0022,0.2171,0.4256,-0.3818,0.2171,0.1385,-1.0222,2640.0
Anomalia,-0.0009,0.2178,0.4256,-0.3818,0.2178,0.1484,-1.0268,2880.0
Anomalia,-0.0041,0.2334,0.4279,-0.4829,0.2335,0.0583,-0.9818,2880.0
Anomalia,0.0031,0.2114,0.4385,-0.4829,0.2115,-0.0409,-0.6941,2880.0
Anomalia,0.0136,0.1949,0.4385,-0.4829,0.1954,-0.1271,-0.1665,2640.0
Anomalia,0.0224,0.1959,0.4385,-0.4829,0.1972,-0.1854,-0.2548,2880.0
Anomalia,0.0238,0.1511,0.4385,-0.311,0.1529,-0.0168,-0.2154,2880.0
Anomalia,0.0029,0.1408,0.3102,-0.311,0.1408,-0.1191,-0.5574,2640.0
Anomalia,-0.0029,0.1657,0.3102,-0.311,0.1657,-0.08,-1.1409,2640.0
Anomalia,0.0099,0.1848,0.4414,-0.3505,0.1851,0.1728,-0.7998,2640.0
Anomalia,0.0109,0.1997,0.4414,-0.3505,0.2,0.1734,-1.0679,2640.0
Anomalia,0.0115,0.2443,0.4594,-0.499,0.2445,0.017,-1.1062,2640.0
Anomalia,0.0254,0.2659,0.4681,-0.5457,0.2671,-0.122,-1.1118,2640.0
Anomalia,-0.0017,0.2396,0.4681,-0.5457,0.2396,0.0226,-0.6359,2640.0
Anomalia,0.0063,0.2298,0.4681,-0.5457,0.2299,-0.0454,-0.3791,2640.0
Anomalia,0.0113,0.19,0.4681,-0.5457,0.1903,-0.0881,0.0958,2640.0
Anomalia,0.0024,0.1852,0.4727,-0.4625,0.1852,0.0599,-0.2168,2640.0
Anomalia,0.0154,0.2025,0.4727,-0.4625,0.2031,-0.0694,-0.7959,2640.0
Anomalia,0.0082,0.2329,0.4727,-0.4842,0.233,-0.0653,-1.0047,2880.0
Anomalia,0.0083,0.2393,0.4727,-0.4842,0.2394,-0.0498,-1.1225,2880.0
Anomalia,0.0106,0.2146,0.4416,-0.4842,0.2149,-0.0999,-1.0294,2880.0
Anomalia,0.0056,0.2482,0.5726,-0.5641,0.2483,-0.053,-0.8097,2880.0
Anomalia,0.0114,0.232,0.5726,-0.5641,0.2322,-0.0334,-0.5192,2880.0
Anomalia,0.0223,0.232,0.5726,-0.5641,0.2331,-0.033,-0.4857,2880.0
Anomalia,0.0102,0.2232,0.5726,-0.5641,0.2234,0.1133,-0.1792,2640.0
Anomalia,0.0145,0.1897,0.4696,-0.3857,0.1903,0.2237,-0.6257,2640.0
Anomalia,0.0151,0.2153,0.5249,-0.43,0.2158,0.1585,-0.7194,2640.0
Anomalia,-0.0031,0.2045,0.5249,-0.43,0.2045,0.1792,-0.4877,2640.0
Anomalia,0.0108,0.2021,0.5249,-0.43,0.2024,0.0253,-0.4115,2640.0
Anomalia,0.014,0.1881,0.5249,-0.43,0.1886,-0.0212,-0.0048,2640.0
Anomalia,0.0075,0.1585,0.3396,-0.3407,0.1587,-0.1538,-0.8057,2640.0
Anomalia,0.0118,0.1423,0.3396,-0.301,0.1428,-0.0539,-0.5597,2640.0
Anomalia,0.0082,0.1431,0.3396,-0.301,0.1433,0.0453,-0.5317,2640.0
Anomalia,-0.0016,0.1413,0.3396,-0.301,0.1413,0.0381,-0.4675,2400.0
Anomalia,0.0059,0.1127,0.257,-0.2664,0.1128,-0.0545,-0.6021,3120.0
Anomalia,0.0105,0.1121,0.257,-0.2664,0.1126,-0.1891,-0.507,2640.0
Anomalia,0.0095,0.1109,0.2297,-0.2664,0.1113,-0.3445,-0.6113,3360.0
Anomalia,0.0118,0.1041,0.2076,-0.212,0.1048,-0.0424,-0.789,2880.0
Anomalia,-0.001,0.0989,0.2049,-0.212,0.0989,-0.099,-0.7725,2400.0
Anomalia,0.0118,0.0981,0.2049,-0.2086,0.0988,-0.1078,-0.7818,2640.0
Anomalia,0.0068,0.0994,0.2049,-0.2213,0.0996,-0.0242,-0.7082,2640.0
Anomalia,0.0092,0.1371,0.3528,-0.3511,0.1374,-0.0408,0.0813,2640.0
Anomalia,0.0157,0.1664,0.3528,-0.3511,0.1671,-0.1483,-0.5698,2640.0
Anomalia,0.0003,0.1684,0.3528,-0.3511,0.1684,0.0675,-0.6826,2640.0
Anomalia,0.0146,0.1791,0.3528,-0.3511,0.1797,-0.0955,-0.9943,2640.0
Anomalia,0.0082,0.1473,0.3186,-0.3277,0.1475,-0.0502,-0.5549,2640.0
Anomalia,0.0098,0.1277,0.2783,-0.2747,0.1281,-0.015,-0.7035,2640.0
Anomalia,0.0149,0.1396,0.2898,-0.2806,0.1404,-0.0095,-0.7194,2640.0
Anomalia,0.0071,0.1477,0.339,-0.3352,0.1479,0.0249,-0.5735,2640.0
Anomalia,0.0061,0.1454,0.339,-0.3352,0.1455,0.0674,-0.4551,2640.0
Anomalia,0.0065,0.1338,0.339,-0.3352,0.134,0.017,-0.0406,2640.0
Anomalia,0.0051,0.1949,0.558,-0.5449,0.1949,0.0706,0.7873,2880.0
Anomalia,0.0078,0.1909,0.558,-0.5449,0.191,0.0829,1.2199,2640.0
Anomalia,0.0152,0.1951,0.558,-0.5449,0.1957,-0.0155,0.8876,2640.0
Anomalia,0.0002,0.2156,0.558,-0.5449,0.2156,0.0123,0.0192,2880.0
Anomalia,0.008,0.1692,0.3889,-0.4391,0.1694,-0.1534,-0.3787,2880.0
Anomalia,0.0073,0.2305,0.5708,-0.5829,0.2306,-0.0671,-0.1846,2880.0
Anomalia,0.0078,0.2535,0.5708,-0.5829,0.2536,-0.0567,-0.7808,2880.0
Anomalia,0.0268,0.2853,0.6067,-0.5829,0.2866,-0.0914,-0.8771,2880.0
Anomalia,0.0125,0.2952,0.6067,-0.5829,0.2955,-0.0104,-0.9855,2880.0
Anomalia,0.0128,0.2476,0.6067,-0.5777,0.2479,0.0402,-0.571,2880.0
Anomalia,0.0124,0.2807,0.6067,-0.5777,0.281,0.0336,-0.7725,2880.0
Anomalia,-0.002,0.3038,0.6142,-0.6934,0.3038,-0.0022,-0.7006,2880.0
Anomalia,0.0102,0.3358,0.6258,-0.6934,0.3359,0.0352,-1.0001,2640.0
Anomalia,0.0026,0.3834,0.6799,-0.6934,0.3834,0.047,-1.3584,2880.0
Anomalia,0.0052,0.3671,0.6799,-0.6934,0.3671,0.0665,-1.2178,2880.0
Anomalia,0.0088,0.3166,0.6799,-0.6486,0.3167,0.132,-0.8848,2880.0
Anomalia,-0.003,0.2916,0.6799,-0.6486,0.2916,0.0512,-0.7153,2880.0
Anomalia,0.0173,0.3073,0.6525,-0.7558,0.3078,-0.0425,-0.5233,2640.0
Anomalia,0.0123,0.4237,1.0241,-1.0406,0.4239,0.0229,-0.1873,2640.0
Anomalia,0.01,0.4936,1.0241,-1.0406,0.4937,0.0248,-0.9393,2640.0
Anomalia,0.0301,0.5006,1.0241,-1.0406,0.5015,-0.0623,-0.9974,2640.0
Anomalia,0.0014,0.4634,1.0241,-1.0406,0.4634,0.0949,-0.586,2640.0
Anomalia,-0.0011,0.344,0.8438,-0.8286,0.344,0.0806,-0.1295,2400.0
Anomalia,0.0136,0.235,0.6069,-0.6121,0.2354,0.0198,-0.2898,2400.0
Anomalia,-0.005,0.2185,0.4936,-0.4446,0.2186,0.1186,-0.9074,2400.0
Anomalia,0.012,0.251,0.532,-0.4679,0.2513,0.1626,-0.8947,2640.0
Anomalia,0.0185,0.3056,0.6029,-0.5276,0.3062,0.0609,-1.1376,2640.0
Anomalia,0.0107,0.3085,0.6029,-0.5276,0.3087,0.102,-1.155,2640.0
Anomalia,0.0065,0.2947,0.6029,-0.5276,0.2947,0.1242,-1.0147,2640.0
Anomalia,0.0086,0.2777,0.6029,-0.5276,0.2778,0.069,-0.9606,2640.0
Anomalia,0.0058,0.233,0.4544,-0.518,0.233,-0.006,-1.0754,2640.0
Anomalia,0.0063,0.4705,1.3414,-1.3111,0.4706,-0.0267,1.328,2880.0
Anomalia,0.0252,0.6041,1.3414,-1.3111,0.6047,-0.0332,-0.263,2880.0
Anomalia,0.0129,0.6171,1.3414,-1.3111,0.6173,-0.0119,-0.4093,2880.0
Anomalia,0.0106,0.6194,1.3414,-1.3111,0.6195,-0.0023,-0.443,2880.0
Anomalia,0.0163,0.5166,1.2638,-1.1664,0.5169,0.0116,-0.292,2880.0
Anomalia,0.0014,0.3657,0.8113,-0.8562,0.3657,-0.132,-0.5738,2880.0
Anomalia,0.0157,0.3254,0.8113,-0.7454,0.3257,-0.0958,-0.2485,2880.0
Anomalia,0.016,0.3143,0.8113,-0.7454,0.3147,-0.0668,-0.0338,2880.0
Anomalia,0.0061,0.2187,0.4869,-0.5971,0.2188,-0.1092,-0.4314,2400.0
Anomalia,0.0129,0.1705,0.437,-0.3515,0.171,0.091,-0.5139,2640.0
Anomalia,0.004,0.1659,0.437,-0.3515,0.166,0.1846,-0.2968,2640.0
Anomalia,0.0056,0.1477,0.4358,-0.3515,0.1478,0.2377,-0.0912,2640.0
Anomalia,0.0037,0.1656,0.4216,-0.3993,0.1656,-0.0672,-0.2877,2880.0
Anomalia,0.0154,0.1785,0.4216,-0.3993,0.1791,0.02,-0.4848,2880.0
Anomalia,0.0114,0.1726,0.4216,-0.3993,0.173,0.0687,-0.2355,2880.0
Anomalia,0.003,0.2627,0.7001,-0.7028,0.2627,-0.1792,0.3964,2880.0
Anomalia,0.0106,0.3037,0.7001,-0.7028,0.3039,-0.1091,-0.1114,2880.0
Anomalia,-0.0052,0.3213,0.7001,-0.7028,0.3213,-0.0012,-0.5564,2880.0
Anomalia,0.0055,0.3451,0.7001,-0.7028,0.3452,-0.0646,-1.0047,2880.0
Anomalia,0.023,0.3466,0.6876,-0.6532,0.3474,-0.0386,-1.0881,2880.0
Anomalia,0.0196,0.326,0.6273,-0.6532,0.3265,-0.0454,-1.0824,2640.0
Anomalia,0.014,0.3161,0.6273,-0.6532,0.3164,-0.0065,-0.9555,2640.0
Anomalia,0.0017,0.3133,0.6273,-0.6532,0.3133,0.0591,-0.9386,2640.0
Anomalia,-0.0006,0.2557,0.4784,-0.4955,0.2557,0.0106,-1.2232,2640.0
Anomalia,0.0044,0.2273,0.4028,-0.3784,0.2273,-0.0012,-1.3543,2880.0
Anomalia,0.0151,0.234,0.4028,-0.3799,0.2345,-0.078,-1.3749,2880.0
Anomalia,0.0174,0.2284,0.3753,-0.3799,0.2291,-0.0368,-1.4014,2640.0
Anomalia,0.0229,0.2821,0.6482,-0.6701,0.2831,0.0396,-0.666,2640.0
Anomalia,0.0242,0.5293,1.3656,-1.3696,0.5299,-0.0476,0.6585,2400.0
Anomalia,0.0074,0.6904,1.4276,-1.3696,0.6905,0.0141,-0.5563,2640.0
Anomalia,0.0138,0.7117,1.4276,-1.3696,0.7118,-0.0148,-0.7804,2640.0
Anomalia,0.0044,0.6933,1.4276,-1.3696,0.6933,0.0126,-0.5793,2640.0
Anomalia,-0.0072,0.5285,1.4276,-1.2999,0.5285,0.0572,0.6808,2640.0
Anomalia,0.0108,0.2899,0.8943,-0.7844,0.2901,-0.0013,-0.2174,2400.0
Anomalia,-0.0013,0.2416,0.5507,-0.5443,0.2416,0.1211,-0.8472,2880.0
Anomalia,0.0032,0.2345,0.5507,-0.5443,0.2345,0.1637,-0.6869,2640.0
Anomalia,0.006,0.271,0.6382,-0.6519,0.271,0.0615,-0.5144,2640.0
Anomalia,0.0024,0.2709,0.6382,-0.6519,0.2709,0.0091,-0.5667,2880.0
Anomalia,0.0117,0.2626,0.6382,-0.6519,0.2628,-0.0703,-0.5887,2880.0
Anomalia,0.0089,0.3062,0.6382,-0.6519,0.3063,-0.0248,-0.8816,2880.0
Anomalia,0.0174,0.2929,0.6056,-0.5774,0.2934,-0.0344,-1.0263,2880.0
Anomalia,0.0093,0.2936,0.6056,-0.5774,0.2938,0.0555,-1.0445,2880.0
Anomalia,0.0233,0.3047,0.6056,-0.5774,0.3056,0.0257,-1.1548,2880.0
Anomalia,0.0088,0.2931,0.5731,-0.572,0.2933,0.0824,-1.1872,2880.0
Anomalia,0.0008,0.2879,0.5731,-0.572,0.2879,0.1052,-1.1584,2640.0
Anomalia,0.0129,0.2642,0.5731,-0.572,0.2645,-0.0393,-0.7663,2640.0
Anomalia,-0.0018,0.2311,0.5731,-0.572,0.2311,-0.0504,-0.115,2640.0
Anomalia,0.0086,0.1772,0.4208,-0.4975,0.1774,-0.0615,-0.1101,2640.0
Anomalia,0.0158,0.1389,0.3081,-0.2964,0.1398,0.0645,-0.8982,2640.0
Anomalia,0.0094,0.1579,0.3081,-0.3179,0.1582,0.0205,-1.0776,2640.0
Anomalia,0.0172,0.1723,0.4506,-0.3179,0.1731,0.1035,-0.9209,2640.0
Anomalia,0.0112,0.203,0.4506,-0.4356,0.2033,-0.039,-0.8572,2880.0
Anomalia,0.0021,0.2089,0.4506,-0.4356,0.2089,-0.04,-0.9055,2880.0
Anomalia,0.0078,0.1952,0.4506,-0.4356,0.1953,-0.0969,-0.5171,2640.0
Anomalia,0.0095,0.1798,0.4279,-0.4356,0.18,-0.3068,-0.213,2640.0
Anomalia,0.0111,0.1484,0.3079,-0.3697,0.1489,-0.442,-0.1526,2640.0
Anomalia,-0.0274,0.7099,2.5716,-2.8211,0.7104,-0.6034,5.7276,2640.0
Anomalia,-0.0003,1.0196,2.6653,-2.8211,1.0196,-0.0557,0.9395,2640.0
Anomalia,-0.001,1.1199,2.6653,-2.8211,1.1199,-0.0201,-0.0872,2640.0
Anomalia,0.0038,1.1314,2.6653,-2.8211,1.1314,-0.0312,-0.1994,2640.0
Anomalia,0.0594,0.9123,2.6653,-2.4024,0.9143,0.1086,0.3543,2880.0
Anomalia,0.0141,0.5859,1.6199,-1.4947,0.5861,0.0679,0.0923,2880.0
Anomalia,0.0265,0.555,1.7426,-1.4021,0.5556,0.1552,0.3201,2880.0
Anomalia,0.0303,0.8488,2.2355,-1.9666,0.8494,-0.0015,0.0529,2640.0
Anomalia,0.0095,0.895,2.2355,-1.9666,0.8951,0.0438,-0.3918,2640.0
Anomalia,0.0273,0.977,2.2355,-1.9666,0.9774,0.0003,-0.9195,2880.0
Anomalia,0.0065,0.9172,2.2355,-1.9666,0.9172,0.0052,-0.6577,2880.0
Anomalia,0.0079,0.7135,1.4528,-1.3222,0.7136,0.0006,-1.2074,2880.0
Anomalia,0.0034,0.6906,1.4528,-1.3222,0.6906,0.0147,-1.1545,2880.0
Anomalia,-0.0041,0.5598,1.0333,-1.1169,0.5598,-0.015,-1.1087,2880.0
Anomalia,0.0106,0.5749,1.2231,-1.1169,0.575,0.0303,-0.9726,2640.0
Anomalia,0.0041,0.7338,1.661,-1.5915,0.7338,0.0988,-0.4062,2640.0
Anomalia,0.0001,0.7933,1.661,-1.5915,0.7933,0.0897,-0.6753,2640.0
Anomalia,0.0102,0.7859,1.661,-1.5915,0.786,0.0559,-0.5996,2640.0
Anomalia,-0.0039,0.7439,1.661,-1.5915,0.7439,0.0906,-0.2259,2640.0
Anomalia,0.0021,0.5012,1.3477,-1.3881,0.5012,-0.0436,0.7568,2400.0
Anomalia,0.0036,0.4799,1.7332,-1.8608,0.4799,-0.383,3.4465,2400.0
Anomalia,-0.015,0.8139,2.0649,-1.9341,0.814,0.0404,0.645,2640.0
Anomalia,0.0099,0.9836,2.0649,-1.9341,0.9837,0.0131,-0.5476,2640.0
Anomalia,0.0156,0.9939,2.0649,-1.9341,0.9941,-0.0023,-0.6391,2640.0
Anomalia,0.0299,0.9118,2.0649,-1.9341,0.9123,0.0193,-0.1461,2640.0
Anomalia,0.034,0.6164,1.8289,-1.8755,0.6173,0.0626,1.9147,2640.0
Anomalia,0.0069,0.2424,0.7101,-0.8086,0.2425,0.2024,0.7602,2400.0
Anomalia,0.0094,0.4011,1.4695,-1.3958,0.4012,0.3353,4.0387,2640.0
Anomalia,0.0072,0.5377,1.4695,-1.3958,0.5377,0.0508,0.5841,2640.0
Anomalia,0.0246,0.5783,1.4695,-1.3958,0.5788,-0.0383,-0.1562,2640.0
Anomalia,0.0203,0.6241,1.4695,-1.3958,0.6244,-0.0444,-0.7617,2880.0
Anomalia,0.0064,0.5339,1.0036,-1.2968,0.534,-0.1166,-0.9459,2880.0
Anomalia,0.0075,0.4183,0.7506,-0.8532,0.4184,-0.0636,-1.2529,2880.0
Anomalia,-0.0136,0.3719,0.7506,-0.713,0.3721,-0.0035,-1.0999,2880.0
Anomalia,0.005,0.3266,0.6342,-0.5937,0.3267,-0.0185,-1.1544,2880.0
Anomalia,0.0132,0.3258,0.871,-0.6964,0.326,0.0768,-0.5955,2640.0
Anomalia,0.017,0.4274,0.9724,-0.9738,0.4278,-0.054,-0.4116,2640.0
Anomalia,0.0269,0.4954,0.9724,-0.9738,0.4961,-0.0571,-0.9823,2640.0
Anomalia,0.0039,0.5345,0.9724,-0.9738,0.5345,-0.0072,-1.2279,2640.0
Anomalia,-0.0028,0.5329,0.9724,-0.9738,0.5329,-0.0033,-1.295,2880.0
Anomalia,0.0033,0.4406,0.8866,-0.8351,0.4406,-0.0012,-0.9893,2880.0
Anomalia,0.002,0.3516,0.7794,-0.8351,0.3516,-0.0985,-0.445,2880.0
Anomalia,0.0042,0.3282,0.9594,-1.0908,0.3282,-0.1161,0.9654,3120.0
Anomalia,0.022,0.5484,1.5385,-1.4951,0.5488,0.0727,1.1224,2640.0
Anomalia,0.0204,0.717,1.5385,-1.4951,0.7173,-0.0084,-0.429,2640.0
Anomalia,0.0117,0.7644,1.5385,-1.4951,0.7645,0.0018,-0.8307,2640.0
Anomalia,0.0304,0.7706,1.5385,-1.4951,0.7712,-0.0373,-0.9009,2880.0
Anomalia,0.0033,0.6962,1.3956,-1.4194,0.6962,-0.0105,-0.9128,2880.0
Anomalia,-0.011,0.5926,1.0931,-1.1747,0.5927,0.0809,-1.075,2880.0
Anomalia,0.0052,0.5698,1.06,-0.9772,0.5698,0.0443,-1.1483,2640.0
Anomalia,0.0035,0.5265,1.06,-0.9772,0.5265,0.0172,-0.9089,2640.0
Anomalia,0.0046,0.4178,0.9803,-0.896,0.4178,0.0243,-0.49,2640.0
Anomalia,0.0137,0.295,0.8126,-0.8215,0.2954,-0.0619,0.0509,2640.0
Anomalia,0.0142,0.1987,0.3784,-0.4245,0.1992,-0.088,-0.787,2640.0
Anomalia,0.0217,0.2615,1.0629,-0.5954,0.2624,0.7791,2.5375,2400.0
Anomalia,0.0181,0.7856,2.2754,-2.4239,0.7858,0.0548,2.4068,2640.0
Anomalia,-0.0004,0.9599,2.2754,-2.4239,0.9599,0.044,0.1577,2640.0
Anomalia,0.0178,0.9973,2.2754,-2.4239,0.9975,0.0064,-0.243,2640.0
Anomalia,-0.0165,1.031,2.2754,-2.4239,1.0311,0.0751,-0.5363,2640.0
Anomalia,0.0045,0.7336,1.8544,-1.7728,0.7336,-0.0168,-0.3728,2880.0
Anomalia,0.0257,0.4842,1.1004,-0.9634,0.4849,0.0416,-0.4491,2400.0
Anomalia,-0.0168,0.4678,1.0062,-1.05,0.4681,-0.0064,-0.363,2880.0
Anomalia,0.0251,0.5545,1.6195,-1.6816,0.555,-0.0424,0.8116,2400.0
Anomalia,0.0145,0.5606,1.6195,-1.6816,0.5608,-0.0744,0.6495,2640.0
Anomalia,0.013,0.5761,1.6195,-1.6816,0.5763,-0.0662,0.3108,2640.0
Anomalia,0.0327,0.5971,1.6195,-1.6816,0.5979,-0.1054,-0.043,2880.0
Anomalia,0.0058,0.4201,0.8286,-0.8889,0.4202,-0.122,-0.7506,2880.0
Anomalia,0.0102,0.407,0.8286,-0.8889,0.4071,-0.0866,-0.796,2400.0
Anomalia,-0.0057,0.4186,0.8286,-0.8889,0.4186,-0.0298,-0.9576,2400.0
Anomalia,0.0012,0.3404,0.5635,-0.5983,0.3404,-0.0249,-1.2977,2640.0
Anomalia,0.0184,0.3328,0.5635,-0.5983,0.3333,-0.0855,-1.2826,2640.0
Anomalia,0.0115,0.3117,0.522,-0.5983,0.3119,-0.0625,-1.2409,2640.0
Anomalia,0.0201,0.2923,0.522,-0.4781,0.293,0.0133,-1.3012,2640.0
Anomalia,0.0043,0.2553,0.4955,-0.4781,0.2553,0.0163,-1.041,2640.0
Anomalia,-0.0063,0.2356,0.4955,-0.4781,0.2357,0.0895,-0.7298,2880.0
Anomalia,0.0036,0.1866,0.4955,-0.475,0.1866,-0.0503,0.1287,2880.0
Anomalia,0.0117,0.1764,0.4577,-0.5015,0.1768,-0.0849,0.1524,2880.0
Anomalia,0.0253,0.1741,0.4577,-0.5015,0.176,-0.1941,0.3438,2880.0
Anomalia,0.0203,0.1825,0.4577,-0.5015,0.1836,-0.2324,0.0003,2880.0
Anomalia,0.0016,0.2063,0.4577,-0.5015,0.2063,-0.0538,-0.7662,2880.0
Anomalia,0.0061,0.1944,0.4289,-0.3782,0.1945,0.0252,-1.042,2640.0
Anomalia,-0.0055,0.1879,0.4289,-0.3782,0.188,0.1355,-0.863,2640.0
Anomalia,0.0032,0.2017,0.4289,-0.3782,0.2017,0.1534,-1.0172,2880.0
Anomalia,0.0071,0.3003,0.8868,-1.1148,0.3004,-0.5448,2.1798,2880.0
Anomalia,0.0206,0.6051,1.7426,-1.6245,0.6055,0.0524,1.302,2640.0
Anomalia,0.0278,0.6669,1.7426,-1.6245,0.6675,-0.0342,0.235,2640.0
Anomalia,0.0039,0.6645,1.7426,-1.6245,0.6645,0.0656,0.2826,2640.0
Anomalia,0.0182,0.6373,1.7426,-1.6245,0.6375,0.0758,0.6561,2880.0
Anomalia,0.0045,0.3667,1.0523,-1.3066,0.3668,-0.1414,0.8225,2880.0
Anomalia,0.0035,0.2533,0.5096,-0.4777,0.2533,0.1233,-1.1353,2880.0
Anomalia,0.0232,0.2393,0.5096,-0.4777,0.2405,0.0335,-0.9048,2880.0
Anomalia,0.0145,0.1895,0.4245,-0.3907,0.1901,0.1029,-0.6037,2880.0
Anomalia,0.0003,0.1536,0.3699,-0.3282,0.1536,-0.0383,-0.5874,3120.0
Anomalia,0.0029,0.1371,0.2908,-0.2923,0.1371,-0.1397,-0.7274,2640.0
Anomalia,0.0097,0.1469,0.2908,-0.2923,0.1472,-0.1832,-0.9895,2640.0
Anomalia,0.0067,0.1909,0.4335,-0.416,0.1911,-0.0428,-0.7398,2400.0
Anomalia,0.025,0.2335,0.5071,-0.4711,0.2349,-0.014,-0.8721,2640.0
Anomalia,0.024,0.276,0.6434,-0.6465,0.277,0.0038,-0.6246,2640.0
Anomalia,0.01,0.4548,1.0954,-1.1148,0.4549,-0.0264,-0.0263,2640.0
Anomalia,0.0013,0.5787,1.1641,-1.1751,0.5787,-0.031,-0.6971,2640.0
Anomalia,0.0004,0.6096,1.1641,-1.1751,0.6096,0.0125,-0.9356,2640.0
Anomalia,0.0004,0.612,1.1641,-1.1751,0.612,0.012,-0.9819,2640.0
Anomalia,0.0101,0.506,1.1641,-1.1751,0.5061,-0.0201,-0.3787,2880.0
Anomalia,0.0195,0.3354,0.9765,-0.8393,0.336,0.1734,-0.0013,2880.0
Anomalia,0.0073,0.2925,0.6121,-0.5779,0.2925,-0.0158,-0.8969,2880.0
Anomalia,0.0178,0.258,0.6121,-0.5779,0.2586,-0.1309,-0.6161,2880.0
Anomalia,0.013,0.2557,0.6121,-0.5779,0.2561,-0.0123,-0.5774,2640.0
Anomalia,0.0142,0.2693,0.6121,-0.5779,0.2697,-0.007,-0.8783,2640.0
Anomalia,0.0192,0.2005,0.5192,-0.3588,0.2014,0.1816,-0.667,2640.0
Anomalia,0.0048,0.1742,0.5192,-0.3588,0.1743,0.3317,0.2038,2640.0
Anomalia,0.0065,0.1324,0.4944,-0.3282,0.1326,0.1144,0.4141,2880.0
Anomalia,0.0081,0.099,0.1838,-0.2293,0.0994,-0.2927,-0.7887,2880.0
Anomalia,0.0088,0.1849,0.5265,-0.4975,0.1851,0.0764,0.943,2880.0
Anomalia,0.0132,0.2244,0.5265,-0.4975,0.2248,0.018,-0.3278,2880.0
Anomalia,0.0197,0.2612,0.5265,-0.4975,0.262,-0.0277,-0.9022,2880.0
Anomalia,0.0202,0.2637,0.5265,-0.4975,0.2645,-0.0357,-0.9715,2640.0
Anomalia,0.0155,0.2197,0.4742,-0.4911,0.2202,-0.0073,-0.614,2880.0
Anomalia,0.0181,0.2008,0.4742,-0.4911,0.2016,-0.0021,-0.5032,2880.0
Anomalia,0.0011,0.1687,0.3244,-0.3188,0.1687,0.0217,-1.0727,2880.0
Anomalia,0.0055,0.1964,0.3801,-0.348,0.1964,0.0799,-1.2346,2640.0
Anomalia,0.0155,0.1926,0.3801,-0.348,0.1933,-0.0361,-1.1276,2640.0
Anomalia,0.0013,0.1952,0.4239,-0.3615,0.1952,0.0384,-0.9759,2880.0
Anomalia,0.018,0.2001,0.4239,-0.3615,0.2009,-0.02,-1.0212,2880.0
Anomalia,0.0146,0.1834,0.4239,-0.3615,0.184,-0.0769,-0.8969,2640.0
Anomalia,0.0105,0.1807,0.4239,-0.3615,0.181,-0.0447,-0.8372,2640.0
Anomalia,0.0198,0.1468,0.3469,-0.3252,0.1481,-0.1002,-0.3957,2640.0
Anomalia,0.0135,0.1236,0.2468,-0.296,0.1243,-0.2061,-0.6727,2880.0
Anomalia,0.0084,0.1301,0.2956,-0.2994,0.1304,-0.1897,-0.5826,2880.0
Anomalia,0.0049,0.1345,0.2956,-0.2994,0.1346,-0.0865,-0.7996,2880.0
Anomalia,0.0045,0.1502,0.2956,-0.2994,0.1503,-0.1053,-1.1538,2880.0
Anomalia,0.0099,0.135,0.2956,-0.2994,0.1354,-0.2861,-0.5703,2880.0
Anomalia,0.0136,0.1389,0.3363,-0.3296,0.1395,-0.2012,-0.317,2880.0
Anomalia,0.0122,0.1456,0.3363,-0.3296,0.1461,-0.1679,-0.4773,2880.0
Anomalia,0.0084,0.1457,0.3363,-0.3296,0.146,-0.063,-0.5838,2880.0
Anomalia,0.0027,0.1501,0.3363,-0.3296,0.1502,0.0334,-0.8082,2880.0
Anomalia,0.0124,0.1322,0.29,-0.2341,0.1328,0.0848,-0.8877,2880.0
Anomalia,0.0155,0.1927,0.5416,-0.5067,0.1933,0.1069,0.4106,2880.0
Anomalia,0.0148,0.2205,0.5416,-0.5067,0.221,0.0519,-0.2501,2880.0
Anomalia,0.0134,0.2529,0.5416,-0.5067,0.2533,0.0408,-0.9636,2880.0
Anomalia,0.004,0.2597,0.5416,-0.5067,0.2597,0.0929,-1.1109,2640.0
Anomalia,0.0055,0.2222,0.5088,-0.4202,0.2223,0.0121,-1.1098,2640.0
Anomalia,0.007,0.194,0.4302,-0.3901,0.1941,-0.0153,-0.9916,2640.0
Anomalia,0.017,0.1743,0.3557,-0.3822,0.1751,-0.1644,-1.0154,2640.0
Anomalia,0.0211,0.1726,0.3557,-0.3822,0.1739,-0.1692,-0.9277,2640.0
Anomalia,0.0125,0.1862,0.3557,-0.3822,0.1866,-0.1075,-1.0375,2640.0
Anomalia,0.0119,0.1905,0.3557,-0.3822,0.1908,-0.1217,-1.0499,2640.0
Anomalia,0.008,0.1729,0.3515,-0.3386,0.1731,-0.0887,-0.9581,2640.0
Anomalia,-0.0029,0.173,0.3515,-0.3386,0.173,-0.017,-0.8991,2640.0
Anomalia,0.0116,0.1496,0.3165,-0.3386,0.15,-0.1064,-0.5877,2400.0
Anomalia,0.021,0.1494,0.3165,-0.3325,0.1509,0.0366,-0.7967,2400.0
Anomalia,0.015,0.153,0.3165,-0.3325,0.1537,-0.0404,-0.7559,2640.0
Anomalia,0.0174,0.1325,0.3079,-0.2983,0.1336,0.137,-0.6465,2640.0
Anomalia,0.0055,0.1208,0.3079,-0.2983,0.1209,0.2055,-0.2046,2640.0
Anomalia,-0.0023,0.1034,0.2024,-0.2983,0.1034,-0.1539,-0.3301,2880.0
Anomalia,0.0034,0.0882,0.2007,-0.1834,0.0883,0.167,-0.687,2880.0
Anomalia,0.0119,0.0938,0.2007,-0.204,0.0946,-0.0728,-0.6864,2640.0
Anomalia,0.0214,0.1064,0.2332,-0.204,0.1085,-0.0857,-0.9355,2640.0
Anomalia,0.0207,0.1231,0.3179,-0.2716,0.1248,-0.0675,-0.4571,2640.0
Anomalia,0.0075,0.145,0.3179,-0.32,0.1452,-0.0914,-0.8218,2640.0
Anomalia,0.0127,0.1438,0.3179,-0.32,0.1444,-0.0614,-0.6591,2640.0
Anomalia,0.0017,0.1535,0.3179,-0.32,0.1535,-0.0137,-0.8244,2640.0
Anomalia,0.0024,0.189,0.4502,-0.4047,0.189,0.076,-0.496,2640.0
Anomalia,0.0214,0.2065,0.4502,-0.4047,0.2076,0.0474,-0.7833,2640.0
Anomalia,0.008,0.2078,0.4502,-0.4047,0.208,0.2079,-0.8004,2640.0
Anomalia,0.0064,0.2053,0.4502,-0.4047,0.2054,0.2325,-0.7185,2880.0
Anomalia,0.0204,0.1716,0.3953,-0.3177,0.1728,0.2009,-0.8118,2880.0
Anomalia,0.0029,0.1338,0.286,-0.2868,0.1339,0.2279,-0.6712,2640.0
Anomalia,0.0145,0.1478,0.3171,-0.2868,0.1485,0.1347,-0.8916,2640.0
Anomalia,0.0157,0.1683,0.3194,-0.3849,0.169,-0.0783,-0.8241,2640.0
Anomalia,0.0047,0.1738,0.3194,-0.3849,0.1738,-0.0232,-0.95,2640.0
Anomalia,0.0163,0.1804,0.3194,-0.3849,0.1812,-0.1326,-1.0796,2640.0
Anomalia,0.0049,0.1645,0.3194,-0.3849,0.1646,-0.1475,-0.732,2880.0
Anomalia,0.0096,0.2106,0.5785,-0.5453,0.2108,0.0149,0.2468,2880.0
Anomalia,0.0181,0.2071,0.5785,-0.5453,0.2079,0.0133,0.5259,2880.0
Anomalia,0.01,0.2031,0.5785,-0.5453,0.2034,0.1157,0.7534,2880.0
Anomalia,0.0134,0.2029,0.5785,-0.5453,0.2033,0.0862,0.7469,2880.0
Anomalia,0.0192,0.1202,0.4128,-0.2483,0.1217,0.4344,0.3354,2880.0
Anomalia,0.0017,0.1012,0.2332,-0.2103,0.1012,0.0602,-0.8008,2880.0
Anomalia,0.0147,0.1047,0.2472,-0.1884,0.1057,0.091,-0.8382,2880.0
Anomalia,0.0152,0.108,0.2472,-0.1884,0.109,0.0906,-1.0115,2880.0
Anomalia,0.0111,0.1255,0.3263,-0.222,0.126,0.2089,-0.7674,2880.0
Anomalia,0.0212,0.1318,0.3263,-0.2562,0.1335,0.117,-0.7735,2880.0
Anomalia,0.0069,0.1261,0.3263,-0.2562,0.1263,0.2302,-0.532,2640.0
Anomalia,0.0068,0.1237,0.3263,-0.2562,0.1239,0.2367,-0.3828,2880.0
Anomalia,0.0036,0.1214,0.2837,-0.2787,0.1214,0.0126,-0.4356,2400.0
Anomalia,0.0008,0.1604,0.4064,-0.3707,0.1604,0.0419,-0.2115,2640.0
Anomalia,0.0231,0.2063,0.4642,-0.4358,0.2076,0.0391,-0.6225,2640.0
Anomalia,0.0155,0.2106,0.4642,-0.4358,0.2112,0.09,-0.7494,2640.0
Anomalia,0.0143,0.207,0.4642,-0.4358,0.2075,0.1452,-0.6564,2880.0
Anomalia,0.0163,0.1923,0.4642,-0.4358,0.193,0.2038,-0.4699,2880.0
Anomalia,-0.0033,0.1584,0.377,-0.3236,0.1584,0.187,-0.7394,2640.0
Anomalia,0.0045,0.1628,0.377,-0.3236,0.1629,0.1252,-0.9214,2640.0
Anomalia,0.0148,0.1663,0.377,-0.3236,0.167,0.0026,-0.9928,2640.0
Anomalia,0.003,0.1547,0.3446,-0.3108,0.1547,0.1393,-0.958,2400.0
Anomalia,0.0148,0.1626,0.4147,-0.2652,0.1633,0.2562,-0.7841,2400.0
Anomalia,0.0158,0.1812,0.4147,-0.2866,0.1819,0.1586,-1.0416,2640.0
Anomalia,0.0026,0.2105,0.4598,-0.4604,0.2105,0.1413,-0.9359,2640.0
Anomalia,0.019,0.245,0.5276,-0.4604,0.2458,0.0452,-1.1024,2640.0
Anomalia,0.0084,0.2522,0.5276,-0.4604,0.2524,0.017,-1.2058,2640.0
Anomalia,0.0048,0.246,0.5276,-0.4604,0.246,0.0501,-1.0998,2640.0
Anomalia,0.0081,0.214,0.5276,-0.4377,0.2141,0.0732,-0.6679,2640.0
Anomalia,0.003,0.1653,0.3263,-0.4041,0.1653,-0.1693,-0.6115,2640.0
Anomalia,0.0087,0.1626,0.4289,-0.4539,0.1629,0.0316,-0.0348,2400.0
Anomalia,0.0195,0.1893,0.4638,-0.4539,0.1903,0.0741,-0.2083,2880.0
Anomalia,0.0137,0.2098,0.4638,-0.4539,0.2103,0.0095,-0.707,2880.0
Anomalia,0.0149,0.2072,0.4638,-0.4539,0.2077,0.0009,-0.6133,2640.0
Anomalia,0.007,0.1806,0.4638,-0.3993,0.1807,0.06,-0.2324,2880.0
Anomalia,0.0051,0.142,0.3277,-0.3993,0.1421,-0.2016,-0.1663,2880.0
Anomalia,0.0139,0.1237,0.3142,-0.2647,0.1245,0.0596,-0.4114,2880.0
Anomalia,0.0134,0.13,0.3142,-0.2647,0.1307,0.0392,-0.5541,2880.0
Anomalia,0.0146,0.1431,0.3142,-0.2647,0.1438,-0.0265,-0.8487,2880.0
Anomalia,0.0068,0.1492,0.3142,-0.2647,0.1494,0.0632,-0.9167,2640.0
Anomalia,0.0052,0.1482,0.2983,-0.2618,0.1483,0.096,-1.0386,2640.0
Anomalia,0.005,0.1546,0.2983,-0.2618,0.1547,0.1378,-1.1682,2640.0
Anomalia,0.0054,0.1597,0.2983,-0.3054,0.1598,0.1179,-1.173,2640.0
Anomalia,0.0148,0.1522,0.296,-0.3054,0.1529,0.0152,-1.1141,2640.0
Anomalia,0.0162,0.157,0.3044,-0.3077,0.1578,-0.0527,-1.0996,2640.0
Anomalia,0.0018,0.1697,0.3044,-0.3676,0.1697,-0.0839,-1.0974,2640.0
Anomalia,0.0061,0.1619,0.3044,-0.3676,0.162,-0.1715,-0.9291,2640.0
Anomalia,-0.0038,0.1534,0.3044,-0.3676,0.1535,-0.1428,-0.7161,2640.0
Anomalia,-0.0018,0.1386,0.2714,-0.3676,0.1387,-0.2457,-0.4594,2400.0
Anomalia,0.0249,0.1283,0.2939,-0.2812,0.1307,0.0699,-0.636,2400.0
Anomalia,0.0213,0.1496,0.3221,-0.3711,0.1511,-0.0584,-0.5292,2640.0
Anomalia,0.015,0.1645,0.3221,-0.3711,0.1651,-0.0817,-0.8798,2640.0
Anomalia,0.0129,0.1652,0.3221,-0.3711,0.1657,-0.1129,-0.8647,2640.0
Anomalia,-0.0159,0.1588,0.3221,-0.3711,0.1596,-0.0715,-0.6979,2400.0
Anomalia,-0.0067,0.1694,0.382,-0.3503,0.1695,0.2016,-0.5805,2880.0
Anomalia,0.0094,0.2054,0.5042,-0.3922,0.2056,0.2256,-0.6495,2640.0
Anomalia,0.0104,0.2124,0.5042,-0.3922,0.2126,0.2226,-0.8826,2640.0
Anomalia,0.0234,0.2084,0.5042,-0.3922,0.2097,0.133,-0.8724,2880.0
Anomalia,0.0109,0.1818,0.5042,-0.3922,0.1821,0.2041,-0.2282,2880.0
Anomalia,0.0045,0.12,0.2472,-0.2829,0.1201,-0.1323,-0.589,2640.0
Anomalia,0.0037,0.1048,0.2416,-0.2829,0.1048,-0.3794,-0.0335,2640.0
Anomalia,0.0028,0.1381,0.3622,-0.3697,0.1381,-0.1798,0.2551,2640.0
Anomalia,0.0101,0.1764,0.3897,-0.3849,0.1767,-0.0962,-0.2797,2880.0
Anomalia,0.0105,0.183,0.3897,-0.3849,0.1833,-0.0557,-0.577,2880.0
Anomalia,0.0059,0.1852,0.3897,-0.3849,0.1853,0.0057,-0.7046,2880.0
Anomalia,0.012,0.1589,0.3897,-0.3849,0.1594,0.0371,-0.1983,2880.0
Anomalia,0.0091,0.1662,0.4796,-0.4648,0.1665,-0.0406,0.6505,2880.0
Anomalia,0.0102,0.17,0.4796,-0.4648,0.1703,-0.0344,0.4268,2640.0
Anomalia,0.0103,0.1711,0.4796,-0.4648,0.1714,-0.0097,0.3469,2640.0
Anomalia,0.0073,0.1657,0.4796,-0.4648,0.1658,-0.0001,0.703,2640.0
Anomalia,0.0086,0.1089,0.2741,-0.1938,0.1092,0.2074,-0.7723,2640.0
Anomalia,0.0059,0.0961,0.2084,-0.1848,0.0963,-0.0829,-0.8965,2640.0
Anomalia,0.0072,0.1068,0.2428,-0.2862,0.107,-0.2951,-0.3258,2400.0
Anomalia,0.0127,0.1177,0.2428,-0.2862,0.1183,-0.2077,-0.679,2640.0
Anomalia,0.0115,0.1341,0.2658,-0.2862,0.1346,-0.1276,-0.9846,2640.0
Anomalia,0.0119,0.1442,0.2658,-0.2862,0.1447,-0.0575,-1.1993,2640.0
Anomalia,0.0076,0.1587,0.3317,-0.3912,0.1589,-0.0806,-0.9211,2880.0
Anomalia,-0.0036,0.2103,0.4368,-0.4792,0.2103,-0.0689,-0.7259,2640.0
Anomalia,0.0084,0.2308,0.4368,-0.4792,0.231,-0.0391,-0.977,2640.0
Anomalia,0.0102,0.2555,0.4368,-0.4792,0.2557,-0.0464,-1.2717,2640.0
Anomalia,0.0175,0.259,0.4368,-0.4792,0.2596,-0.0824,-1.3092,2640.0
Anomalia,0.0218,0.2263,0.4172,-0.3895,0.2273,0.0056,-1.2443,2880.0
Anomalia,0.0063,0.2086,0.4172,-0.3895,0.2087,-0.0043,-1.1072,2880.0
Anomalia,0.0013,0.1809,0.3882,-0.3617,0.1809,0.0404,-1.0757,2880.0
Anomalia,0.003,0.1634,0.3033,-0.3405,0.1634,0.046,-1.1899,2640.0
Anomalia,0.0103,0.1608,0.2973,-0.3405,0.1611,-0.0161,-1.218,2640.0
Anomalia,0.0128,0.15,0.2973,-0.2518,0.1505,0.1379,-1.2359,2640.0
Anomalia,0.0163,0.1364,0.2904,-0.2074,0.1374,0.1426,-1.1009,2640.0
Anomalia,0.0042,0.1339,0.2864,-0.2685,0.134,0.1257,-0.97,2400.0
Anomalia,0.0027,0.1134,0.2618,-0.2685,0.1134,-0.0775,-0.6861,3360.0
Anomalia,0.0091,0.1012,0.2618,-0.2685,0.1016,-0.3274,-0.19,3360.0
Anomalia,0.0113,0.1133,0.266,-0.2685,0.1139,-0.2108,-0.3282,3360.0
Anomalia,0.0145,0.1034,0.266,-0.2512,0.1044,-0.264,-0.1693,3360.0
Anomalia,0.0026,0.1089,0.266,-0.2512,0.1089,-0.0997,-0.499,2640.0
Anomalia,0.0021,0.1244,0.266,-0.2512,0.1245,0.0481,-0.8467,2640.0
Anomalia,0.0045,0.1373,0.28,-0.2512,0.1373,0.0525,-0.9387,2640.0
Anomalia,0.0142,0.152,0.3081,-0.2633,0.1527,0.0261,-1.1226,2640.0
Anomalia,0.024,0.161,0.3081,-0.2633,0.1628,-0.0978,-1.2683,2880.0
Anomalia,0.0139,0.1696,0.3081,-0.2837,0.1702,-0.073,-1.3602,2880.0
Anomalia,0.0096,0.1571,0.3081,-0.2837,0.1574,-0.0611,-1.2089,2880.0
Anomalia,0.0016,0.1441,0.2601,-0.2837,0.1441,-0.0577,-1.1829,2880.0
Anomalia,-0.0005,0.1446,0.242,-0.2837,0.1446,0.0032,-1.2239,2880.0
Anomalia,0.0081,0.1465,0.3027,-0.2958,0.1467,0.0204,-1.0667,2880.0
Anomalia,0.014,0.1477,0.3027,-0.2958,0.1484,-0.0014,-1.1269,2880.0
Anomalia,0.0115,0.1974,0.4354,-0.4539,0.1977,-0.099,-0.6489,2880.0
Anomalia,0.0101,0.2013,0.4354,-0.4539,0.2016,-0.0983,-0.7217,2880.0
Anomalia,0.0011,0.195,0.4354,-0.4539,0.195,-0.0436,-0.5942,2640.0
Anomalia,-0.0009,0.1927,0.4354,-0.4539,0.1927,-0.0116,-0.4968,2880.0
Anomalia,0.0103,0.1351,0.3317,-0.2791,0.1355,-0.1044,-0.745,2880.0
Anomalia,0.0093,0.1181,0.2537,-0.2508,0.1184,-0.1596,-0.8101,3120.0
Anomalia,0.0185,0.0984,0.2537,-0.1694,0.1001,0.0865,-0.6243,2640.0
Anomalia,0.0169,0.1122,0.2925,-0.3649,0.1135,-0.2315,-0.0452,2880.0
Anomalia,0.0121,0.177,0.4101,-0.4525,0.1774,-0.2756,0.1049,2400.0
Anomalia,0.0042,0.1931,0.4101,-0.4525,0.1932,-0.1496,-0.4985,2640.0
Anomalia,0.0092,0.1966,0.4101,-0.4525,0.1968,-0.1899,-0.6124,2640.0
Anomalia,0.0145,0.1916,0.4101,-0.4525,0.1922,-0.1844,-0.4235,2640.0
Anomalia,0.0103,0.1776,0.4043,-0.4183,0.1779,-0.0483,-0.5422,2640.0
Anomalia,0.0149,0.1737,0.4043,-0.4183,0.1743,-0.0939,-0.4599,2640.0
Anomalia,0.0067,0.1721,0.4043,-0.4183,0.1722,-0.0212,-0.425,2640.0
Anomalia,-0.007,0.1679,0.4043,-0.4183,0.168,-0.032,-0.2995,2880.0
Anomalia,0.0046,0.1629,0.4358,-0.334,0.163,0.1202,-0.3714,2880.0
Anomalia,0.0283,0.2006,0.5391,-0.4189,0.2026,0.2945,-0.1759,2640.0
Anomalia,0.0183,0.2363,0.5391,-0.4189,0.237,0.1074,-0.9052,2640.0
Anomalia,0.0218,0.244,0.5391,-0.4189,0.245,0.0871,-1.1177,2640.0
Anomalia,0.012,0.2277,0.5391,-0.4189,0.228,0.1463,-0.8501,2640.0
Anomalia,-0.0051,0.1761,0.3436,-0.3999,0.1762,-0.1327,-0.5757,2640.0
Anomalia,0.0083,0.1635,0.4802,-0.4041,0.1637,0.1035,0.0863,2880.0
Anomalia,0.0139,0.232,0.5708,-0.5737,0.2324,-0.0416,0.2551,2880.0
Anomalia,0.0202,0.273,0.5708,-0.5737,0.2737,-0.031,-0.4537,2640.0
Anomalia,0.0166,0.2788,0.5708,-0.5737,0.2793,-0.0197,-0.6191,2640.0
Anomalia,0.0116,0.2707,0.5708,-0.5737,0.2709,0.0003,-0.5367,2880.0
Anomalia,0.0105,0.2056,0.5708,-0.5434,0.2058,0.0817,0.2138,2880.0
Anomalia,0.0108,0.1591,0.2989,-0.314,0.1595,-0.1018,-0.9581,2880.0
Anomalia,0.0107,0.1568,0.2989,-0.2937,0.1572,-0.0282,-1.0164,2880.0
Anomalia,0.0113,0.1373,0.2989,-0.2923,0.1378,0.0253,-0.6703,2880.0
Anomalia,0.0164,0.1355,0.2989,-0.2923,0.1365,-0.0999,-0.6229,2640.0
Anomalia,0.0081,0.1224,0.3661,-0.2798,0.1226,0.0043,-0.3181,2640.0
Anomalia,0.0155,0.1329,0.369,-0.2798,0.1338,0.2067,-0.2684,2640.0
Anomalia,0.0113,0.1357,0.369,-0.2798,0.1362,0.2231,-0.3583,2880.0
Anomalia,0.0056,0.1821,0.4817,-0.3916,0.1822,0.2455,-0.3502,2880.0
Anomalia,0.0108,0.2734,0.7116,-0.703,0.2736,0.0808,0.0015,2880.0
Anomalia,0.0153,0.2835,0.7116,-0.703,0.2839,0.0425,-0.2561,2640.0
Anomalia,0.0133,0.2858,0.7116,-0.703,0.2861,0.0287,-0.3071,2640.0
Anomalia,0.0077,0.271,0.7116,-0.703,0.2712,0.0339,0.0678,2640.0
Anomalia,0.0136,0.1808,0.4675,-0.4028,0.1813,-0.1318,-0.4936,2640.0
Anomalia,0.0066,0.1547,0.2989,-0.3469,0.1548,-0.3058,-0.6739,2640.0
Anomalia,0.0126,0.1489,0.2989,-0.3259,0.1494,-0.2185,-0.7482,2640.0
Anomalia,0.0247,0.127,0.2731,-0.2935,0.1294,-0.0788,-0.7895,2640.0
Anomalia,0.0127,0.1098,0.2499,-0.2044,0.1105,0.2326,-1.0362,2400.0
Anomalia,0.0037,0.1063,0.2499,-0.2044,0.1064,0.2881,-0.8379,2400.0
Anomalia,0.0167,0.106,0.2612,-0.1577,0.1073,0.3199,-0.7729,2640.0
Anomalia,0.008,0.1351,0.3776,-0.3367,0.1354,0.1068,0.022,2640.0
Anomalia,0.0101,0.1511,0.3776,-0.3367,0.1514,0.0252,-0.5608,2640.0
Anomalia,0.0201,0.1561,0.3776,-0.3367,0.1574,-0.0767,-0.7356,2640.0
Anomalia,0.0015,0.1521,0.3776,-0.3367,0.1521,0.136,-0.5821,2640.0
Anomalia,0.0051,0.1197,0.277,-0.2357,0.1198,0.1501,-0.6101,2400.0
Anomalia,0.0176,0.1004,0.2243,-0.2034,0.102,0.1292,-0.6628,2880.0
Anomalia,0.0087,0.1289,0.2962,-0.3135,0.1292,-0.1444,-0.2263,2640.0
Anomalia,0.0138,0.1425,0.3127,-0.3135,0.1432,-0.0633,-0.6006,2640.0
Anomalia,0.0127,0.1421,0.3127,-0.3135,0.1426,-0.0898,-0.5858,2880.0
Anomalia,0.0007,0.1666,0.3455,-0.3432,0.1666,0.0635,-0.845,2880.0
Anomalia,0.0116,0.1375,0.3455,-0.3432,0.138,0.0523,-0.0209,2880.0
Anomalia,0.0223,0.1652,0.5987,-0.3496,0.1667,0.5244,1.219,2880.0
Anomalia,0.0178,0.2166,0.5987,-0.5153,0.2173,0.0454,0.1047,2880.0
Anomalia,0.0235,0.2105,0.5987,-0.5153,0.2118,0.0158,0.3173,2880.0
Anomalia,0.005,0.2425,0.5987,-0.5153,0.2426,0.0254,-0.5213,2880.0
Anomalia,-0.0064,0.2277,0.4884,-0.5153,0.2278,-0.1297,-0.665,2880.0
Anomalia,0.0017,0.1921,0.367,-0.4996,0.1921,-0.0713,-0.6781,2880.0
Anomalia,-0.0002,0.1785,0.367,-0.4996,0.1785,-0.1044,-0.2862,2880.0
Anomalia,0.0168,0.147,0.3384,-0.2904,0.148,0.158,-0.9372,2880.0
Anomalia,0.0163,0.1688,0.3419,-0.3672,0.1696,-0.0177,-0.7972,2880.0
Anomalia,0.0133,0.156,0.3419,-0.3672,0.1566,-0.1553,-0.4855,2880.0
Anomalia,0.004,0.1697,0.3419,-0.378,0.1698,-0.1635,-0.6581,2880.0
Anomalia,0.0054,0.1979,0.4101,-0.3859,0.1979,-0.0411,-0.7854,2400.0
Anomalia,0.0113,0.1843,0.4101,-0.3859,0.1847,-0.1127,-0.4929,2640.0
Anomalia,0.0149,0.1837,0.4101,-0.3859,0.1843,-0.1556,-0.4596,2640.0
Anomalia,0.0252,0.184,0.4101,-0.3859,0.1857,-0.0741,-0.5556,2400.0
Anomalia,0.0214,0.1649,0.3695,-0.3749,0.1663,-0.028,-0.6053,2880.0
Anomalia,0.0054,0.1576,0.3695,-0.3365,0.1577,0.1135,-0.4759,2640.0
Anomalia,0.0029,0.1639,0.3695,-0.3365,0.1639,0.1121,-0.6599,2880.0
Anomalia,0.0038,0.184,0.3864,-0.3584,0.1841,0.053,-0.7288,2880.0
Anomalia,0.0017,0.1869,0.3864,-0.3584,0.1869,0.0323,-0.8409,2880.0
Anomalia,0.0218,0.1962,0.3864,-0.3584,0.1974,-0.0397,-1.0714,2880.0
Anomalia,0.0146,0.2045,0.3864,-0.3584,0.2051,0.0102,-1.2207,2880.0
Anomalia,0.0059,0.1704,0.3373,-0.3263,0.1705,0.1029,-0.9334,2880.0
Anomalia,0.0104,0.1751,0.3957,-0.3263,0.1754,0.2529,-0.776,2880.0
Anomalia,-0.0015,0.1654,0.3957,-0.3263,0.1654,0.316,-0.6047,2880.0
Anomalia,0.0136,0.1666,0.4076,-0.3035,0.1671,0.3086,-0.5751,2880.0
Anomalia,0.0177,0.2027,0.4076,-0.4431,0.2034,0.0198,-0.9591,2880.0
Anomalia,0.0104,0.2064,0.4076,-0.4431,0.2067,-0.1023,-0.9866,2880.0
Anomalia,0.0129,0.2248,0.4076,-0.4431,0.2251,-0.1472,-1.1214,2880.0
Anomalia,0.0052,0.2196,0.3782,-0.4431,0.2196,-0.1064,-1.1166,2880.0
Anomalia,0.0116,0.1961,0.3782,-0.3909,0.1964,-0.0621,-0.8716,2640.0
Anomalia,0.0229,0.238,0.6148,-0.4877,0.239,0.1592,-0.4318,2640.0
Anomalia,0.0176,0.2644,0.6148,-0.5616,0.265,0.0699,-0.5611,2640.0
Anomalia,0.0099,0.2705,0.6148,-0.5616,0.2707,0.1521,-0.659,2640.0
Anomalia,0.0083,0.2632,0.6148,-0.5616,0.2633,0.1394,-0.4488,2640.0
Anomalia,0.0004,0.2182,0.5071,-0.5616,0.2182,-0.0171,-0.1354,2880.0
Anomalia,0.0059,0.2315,0.6411,-0.6252,0.2315,-0.019,0.3055,2880.0
Anomalia,0.0142,0.2375,0.6411,-0.6252,0.2379,-0.0644,0.0313,2640.0
Anomalia,0.0107,0.2422,0.6411,-0.6252,0.2425,-0.0262,-0.1557,2640.0
Anomalia,0.0178,0.2292,0.6411,-0.6252,0.2298,-0.1057,0.3229,2880.0
Anomalia,0.0152,0.1516,0.432,-0.2679,0.1524,0.2795,-0.5277,2880.0
Anomalia,0.0085,0.1179,0.2798,-0.2679,0.1182,0.1974,-0.3646,2640.0
Anomalia,0.0128,0.121,0.2789,-0.209,0.1217,0.2706,-0.7929,2640.0
Anomalia,0.0023,0.1126,0.2789,-0.209,0.1126,0.2383,-0.4772,2640.0
Anomalia,0.0159,0.1008,0.2789,-0.1996,0.102,-0.0108,-0.455,2880.0
Anomalia,0.0191,0.1018,0.2789,-0.1996,0.1036,0.0312,-0.5397,2880.0
Anomalia,0.0063,0.0815,0.2113,-0.1996,0.0817,0.083,-0.2619,2880.0
Anomalia,0.0137,0.0791,0.2113,-0.1529,0.0803,0.1263,-0.5883,2880.0
Anomalia,-0.0009,0.0975,0.2756,-0.2276,0.0975,0.1934,-0.1987,3120.0
Anomalia,0.0044,0.1214,0.3396,-0.2581,0.1214,0.1779,-0.1982,2640.0
Anomalia,0.0163,0.1665,0.4085,-0.3609,0.1673,0.0678,-0.5689,2640.0
Anomalia,0.0175,0.1858,0.4085,-0.3745,0.1866,0.0377,-0.8777,2640.0
Anomalia,0.0184,0.1797,0.4085,-0.3745,0.1806,0.0412,-0.695,2640.0
Anomalia,0.0106,0.1661,0.4085,-0.3745,0.1665,0.1305,-0.2608,2640.0
Anomalia,0.0077,0.1554,0.3749,-0.3745,0.1556,0.0723,-0.2191,2400.0
Anomalia,0.0139,0.1727,0.4114,-0.3478,0.1733,0.269,-0.5235,2640.0
Anomalia,0.0098,0.1885,0.4114,-0.3478,0.1888,0.1878,-0.9182,2640.0
Anomalia,0.0209,0.1931,0.4114,-0.3478,0.1942,0.0748,-1.0881,2640.0
Anomalia,0.0125,0.2003,0.4128,-0.4364,0.2006,0.0546,-0.9361,2400.0
Anomalia,-0.0042,0.2303,0.475,-0.5722,0.2304,-0.1012,-0.6247,2400.0
Anomalia,0.0167,0.2512,0.475,-0.5722,0.2517,-0.1254,-0.7792,2640.0
Anomalia,0.0085,0.2725,0.4771,-0.5722,0.2726,-0.0061,-1.1109,2640.0
Anomalia,0.0116,0.2608,0.4771,-0.5722,0.261,-0.0169,-0.9919,2640.0
Anomalia,0.0223,0.2096,0.4771,-0.4277,0.2108,0.134,-0.6603,2640.0
Anomalia,0.0076,0.1648,0.4771,-0.3893,0.165,0.1884,-0.0312,2640.0
Anomalia,0.0105,0.113,0.2699,-0.2543,0.1134,0.0407,-0.2504,2640.0
Anomalia,0.0154,0.1329,0.3611,-0.3275,0.1338,0.0472,0.4741,2640.0
Anomalia,0.0088,0.1773,0.4053,-0.5117,0.1775,-0.128,0.2538,2880.0
Anomalia,0.0128,0.2137,0.432,-0.5117,0.2141,-0.1752,-0.3652,2880.0
Anomalia,0.0102,0.2174,0.432,-0.5117,0.2176,-0.1347,-0.5256,2880.0
Anomalia,0.0052,0.2011,0.432,-0.5117,0.2011,-0.1322,-0.1112,2880.0
Anomalia,0.017,0.164,0.432,-0.5088,0.1649,-0.2333,0.6247,2880.0
Anomalia,0.0129,0.1317,0.2599,-0.2483,0.1323,-0.121,-1.1307,2880.0
Anomalia,0.0157,0.1433,0.2791,-0.2483,0.1442,-0.099,-1.232,2880.0
Anomalia,0.0229,0.1673,0.3909,-0.3686,0.1689,-0.1303,-0.8814,2880.0
Anomalia,0.0088,0.1787,0.3909,-0.369,0.1789,-0.0136,-0.9648,2880.0
Anomalia,0.0059,0.1649,0.3909,-0.369,0.165,0.0531,-0.4807,2640.0
Anomalia,0.0111,0.1969,0.4231,-0.4748,0.1972,-0.0028,-0.4906,2880.0
Anomalia,0.0102,0.2041,0.4231,-0.4748,0.2043,-0.0414,-0.5992,2640.0
Anomalia,0.0185,0.1971,0.4231,-0.4748,0.198,-0.0953,-0.4812,2640.0
Anomalia,0.027,0.1991,0.4231,-0.4748,0.2009,-0.1984,-0.552,2640.0
Anomalia,0.0155,0.164,0.3561,-0.4114,0.1647,-0.0976,-0.4053,2880.0
Anomalia,0.0009,0.1608,0.3569,-0.4383,0.1608,-0.2249,-0.2695,2880.0
Anomalia,-0.006,0.1633,0.3569,-0.4383,0.1635,-0.1108,-0.2747,2640.0
Anomalia,-0.0015,0.1613,0.3569,-0.4383,0.1613,-0.1683,-0.0844,2640.0
Anomalia,0.009,0.1624,0.3569,-0.4383,0.1627,-0.318,-0.1487,2880.0
Anomalia,0.0227,0.1578,0.3953,-0.3488,0.1594,-0.072,-0.3798,2880.0
Anomalia,0.0262,0.1526,0.3953,-0.3488,0.1548,-0.1318,-0.2463,2640.0
Anomalia,0.0099,0.1594,0.3953,-0.3488,0.1597,-0.0202,-0.5355,2640.0
Anomalia,0.0002,0.1805,0.3953,-0.3488,0.1805,0.0978,-0.848,2880.0
Anomalia,0.0101,0.1764,0.3834,-0.3204,0.1767,0.0367,-0.846,2640.0
Anomalia,0.0085,0.1871,0.3834,-0.3204,0.1873,0.059,-1.0254,2640.0
Anomalia,0.0234,0.1878,0.3834,-0.3204,0.1892,-0.0323,-1.0448,2640.0
Anomalia,0.0202,0.1573,0.3834,-0.3204,0.1586,0.1434,-0.4308,2640.0
Anomalia,0.0067,0.1221,0.3505,-0.3163,0.1223,0.38,0.2209,2880.0
Anomalia,0.0094,0.0963,0.3505,-0.1698,0.0967,0.761,0.6073,2400.0
Anomalia,0.0029,0.1031,0.2656,-0.2808,0.1031,0.3116,0.2313,2640.0
Anomalia,0.0118,0.1145,0.2656,-0.2808,0.1151,0.2764,-0.2491,2640.0
Anomalia,0.0177,0.1167,0.2656,-0.2808,0.118,0.2333,-0.3696,2640.0
Anomalia,0.0135,0.115,0.2572,-0.2808,0.1158,0.1677,-0.4494,2880.0
Anomalia,0.009,0.1237,0.2572,-0.3298,0.1241,-0.0501,-0.309,2880.0
Anomalia,0.0096,0.1243,0.2478,-0.3298,0.1247,-0.1549,-0.4432,2880.0
Anomalia,0.0008,0.1793,0.4754,-0.4519,0.1793,-0.1642,-0.0498,2880.0
Anomalia,0.0152,0.2021,0.4754,-0.4519,0.2027,-0.0413,-0.5063,2880.0
Anomalia,0.0209,0.1881,0.4754,-0.4519,0.1893,-0.0348,0.0017,2880.0
Anomalia,0.0154,0.1928,0.4754,-0.4519,0.1934,0.0201,-0.2114,2880.0
Anomalia,0.0231,0.157,0.4681,-0.2904,0.1587,0.2409,-0.4343,2880.0
Anomalia,0.0069,0.1562,0.3442,-0.4199,0.1563,-0.2524,-0.4809,2880.0
Anomalia,0.0058,0.1531,0.3442,-0.4199,0.1532,-0.2446,-0.3158,2880.0
Anomalia,0.0108,0.1654,0.3442,-0.4199,0.1657,-0.2603,-0.4142,2880.0
Anomalia,0.0147,0.1615,0.3442,-0.4199,0.1622,-0.2498,-0.3284,2880.0
Anomalia,0.0206,0.1456,0.3273,-0.3355,0.147,0.0723,-0.5495,2640.0
Anomalia,0.0125,0.1651,0.3273,-0.3849,0.1656,-0.1117,-0.7642,2640.0
Anomalia,0.0105,0.1558,0.3273,-0.3849,0.1562,-0.0162,-0.723,2640.0
Anomalia,0.001,0.1468,0.3273,-0.3849,0.1468,0.1385,-0.3501,2880.0
Anomalia,0.0056,0.1411,0.314,-0.3849,0.1412,-0.0267,-0.2768,2880.0
Anomalia,0.0154,0.1728,0.4537,-0.3872,0.1735,0.1254,-0.3939,2880.0
Anomalia,0.0204,0.1849,0.4537,-0.3872,0.186,0.0994,-0.6316,2640.0
Anomalia,0.0132,0.1934,0.4537,-0.3872,0.1938,0.0449,-0.8079,2880.0
Anomalia,0.0114,0.2113,0.4537,-0.3872,0.2116,0.0894,-1.1123,2880.0
Anomalia,0.0128,0.1914,0.4051,-0.334,0.1918,0.0519,-1.1605,2880.0
Anomalia,0.0041,0.1785,0.4051,-0.334,0.1785,0.0324,-1.0288,2640.0
Anomalia,0.0183,0.2251,0.5084,-0.5324,0.2258,-0.062,-0.7681,2640.0
Anomalia,0.0138,0.2201,0.5084,-0.5324,0.2206,-0.0681,-0.6754,2640.0
Anomalia,0.0146,0.2138,0.5084,-0.5324,0.2143,-0.0462,-0.5152,2640.0
Anomalia,0.0146,0.2159,0.5084,-0.5324,0.2164,-0.0375,-0.6026,2640.0
Anomalia,0.0118,0.1562,0.3446,-0.3494,0.1567,0.045,-0.9788,2880.0
Anomalia,0.0204,0.1585,0.3346,-0.2777,0.1599,0.1186,-1.0202,2880.0
Anomalia,0.0056,0.164,0.3346,-0.3069,0.1641,0.0843,-0.968,2640.0
Anomalia,0.017,0.1602,0.3346,-0.3069,0.1611,0.0808,-0.855,2640.0
Anomalia,0.0109,0.173,0.3346,-0.3069,0.1734,0.0779,-1.1281,2400.0
Anomalia,-0.0018,0.1935,0.4293,-0.4285,0.1935,0.0269,-0.9354,2400.0
Anomalia,0.0149,0.231,0.5278,-0.4736,0.2315,0.0419,-0.8313,2640.0
Anomalia,0.0106,0.2238,0.5278,-0.4736,0.2241,0.0623,-0.6246,2640.0
Anomalia,0.0137,0.2123,0.5278,-0.4736,0.2127,0.062,-0.2073,2880.0
Anomalia,0.0217,0.172,0.5278,-0.4736,0.1734,0.1463,1.2913,2880.0
Anomalia,0.0137,0.0915,0.2255,-0.1786,0.0925,0.1476,-0.9071,2880.0
Anomalia,0.0082,0.1233,0.3371,-0.3217,0.1236,0.0036,-0.0445,2880.0
Anomalia,0.0163,0.1645,0.3907,-0.338,0.1653,0.0152,-0.5254,2880.0
Anomalia,0.0031,0.1822,0.3907,-0.3403,0.1823,0.0776,-0.9533,2880.0
Anomalia,0.0206,0.2296,0.5428,-0.43,0.2306,0.1065,-1.0579,2880.0
Anomalia,0.0181,0.2845,0.6544,-0.5474,0.2851,0.0744,-0.8193,2880.0
Anomalia,0.0077,0.2695,0.6544,-0.5474,0.2697,0.1685,-0.4546,2640.0
Anomalia,0.0224,0.2626,0.6544,-0.5474,0.2636,0.0693,-0.2734,2640.0
Anomalia,0.0045,0.2312,0.6544,-0.5474,0.2312,0.1101,0.5424,2880.0
Anomalia,0.0065,0.1416,0.28,-0.2754,0.1417,0.0571,-1.1055,2880.0
Anomalia,0.0183,0.1269,0.28,-0.2754,0.1282,-0.01,-0.7414,2640.0
Anomalia,-0.0034,0.1306,0.28,-0.3753,0.1307,-0.2583,-0.0727,2640.0
Anomalia,0.0057,0.1388,0.3359,-0.3753,0.1389,-0.016,-0.0479,2400.0
Anomalia,0.0106,0.1552,0.3359,-0.3753,0.1555,-0.1082,-0.3849,2640.0
Anomalia,0.0011,0.167,0.3359,-0.3753,0.167,0.052,-0.841,2640.0
Anomalia,0.0241,0.1861,0.4598,-0.3254,0.1876,0.1349,-1.0608,2640.0
Anomalia,0.0192,0.2041,0.4598,-0.378,0.205,0.0231,-1.0241,2640.0
Anomalia,0.0161,0.1914,0.4598,-0.378,0.1921,0.0598,-0.7105,2640.0
Anomalia,0.016,0.1808,0.4598,-0.378,0.1815,0.0801,-0.2874,2640.0
Anomalia,-0.0007,0.152,0.3995,-0.378,0.152,-0.0155,0.3331,2880.0
Anomalia,0.0049,0.1055,0.2589,-0.3102,0.1056,-0.0756,-0.0963,2880.0
Anomalia,0.0075,0.1356,0.3398,-0.3563,0.1358,-0.0262,-0.0076,2640.0
Anomalia,0.0159,0.1824,0.4064,-0.3872,0.1831,-0.0565,-0.5843,2640.0
Anomalia,0.0237,0.2108,0.4197,-0.3872,0.2122,-0.1473,-1.01,2640.0
Anomalia,0.0095,0.2112,0.4197,-0.3872,0.2114,-0.0359,-0.9894,2640.0
Anomalia,0.0033,0.1917,0.4197,-0.3872,0.1917,0.0432,-0.6158,2640.0
Anomalia,-0.0013,0.1666,0.4197,-0.3776,0.1666,-0.1103,-0.4556,2640.0
Anomalia,0.004,0.1595,0.3784,-0.3373,0.1596,-0.0804,-0.4539,2880.0
Anomalia,0.0127,0.1627,0.3784,-0.3373,0.1632,-0.0731,-0.7176,2880.0
Anomalia,0.0171,0.1789,0.3784,-0.3373,0.1797,-0.1499,-1.0039,2880.0
Anomalia,0.0139,0.1801,0.3784,-0.3334,0.1807,-0.062,-1.1315,2880.0
Anomalia,0.0142,0.1675,0.3102,-0.3096,0.1681,-0.0992,-1.1991,2880.0
Anomalia,0.0073,0.1725,0.3102,-0.3102,0.1727,-0.13,-1.1983,2880.0
Anomalia,0.0128,0.1704,0.315,-0.3102,0.1709,-0.094,-1.1658,2880.0
Anomalia,0.0235,0.1808,0.3332,-0.3202,0.1823,-0.0631,-1.1668,2880.0
Anomalia,0.0107,0.1824,0.3498,-0.3357,0.1827,-0.0021,-1.0749,2640.0
Anomalia,0.0157,0.175,0.3498,-0.3357,0.1757,0.0141,-0.9825,2640.0
Anomalia,0.0089,0.1592,0.3498,-0.3357,0.1595,0.0328,-0.6303,2640.0
Anomalia,-0.0075,0.121,0.3498,-0.3357,0.1213,-0.0094,0.2068,2640.0
Anomalia,0.0133,0.0917,0.1673,-0.208,0.0927,-0.3767,-0.685,2400.0
Anomalia,0.0119,0.0783,0.1644,-0.194,0.0792,-0.2854,-0.547,2400.0
Anomalia,0.0115,0.1005,0.2695,-0.3102,0.1012,-0.2446,0.795,2640.0
Anomalia,0.0269,0.1216,0.3436,-0.3115,0.1246,-0.3249,0.6335,2640.0
Anomalia,0.0004,0.1277,0.3436,-0.3115,0.1277,0.1179,0.1131,2640.0
Anomalia,0.0005,0.1763,0.412,-0.3795,0.1763,0.1249,-0.5283,2640.0
Anomalia,0.0068,0.2075,0.494,-0.4108,0.2076,0.1777,-0.666,2640.0
Anomalia,0.006,0.2236,0.494,-0.4108,0.2237,0.2046,-0.9712,2640.0
Anomalia,0.0198,0.2337,0.494,-0.4108,0.2345,0.0201,-1.2192,2880.0
Anomalia,0.0233,0.2203,0.494,-0.4108,0.2215,0.0021,-1.1435,2880.0
Anomalia,0.0089,0.1832,0.4095,-0.3311,0.1834,0.0841,-1.0103,2880.0
Anomalia,0.0081,0.1544,0.3455,-0.296,0.1546,-0.0432,-0.9269,2880.0
Anomalia,0.0055,0.1569,0.3455,-0.3014,0.157,-0.0112,-0.964,2880.0
Anomalia,0.0133,0.1562,0.3292,-0.3014,0.1568,0.0774,-1.02,2880.0
Anomalia,0.0167,0.1587,0.3292,-0.3014,0.1595,0.0542,-1.1084,2880.0
Anomalia,0.0126,0.1753,0.3494,-0.3014,0.1757,0.0701,-1.2114,2880.0
Anomalia,0.0172,0.1685,0.3494,-0.2998,0.1694,0.0837,-1.121,2880.0
Anomalia,0.0031,0.1446,0.3494,-0.2998,0.1447,0.1334,-0.7208,2640.0
Anomalia,0.0079,0.163,0.3494,-0.2998,0.1632,0.1537,-0.8243,2640.0
Anomalia,0.0078,0.2087,0.4802,-0.4702,0.2088,0.0272,-0.3863,2640.0
Anomalia,0.006,0.2252,0.4802,-0.4702,0.2253,0.087,-0.6745,2640.0
Anomalia,0.0129,0.2291,0.4802,-0.4702,0.2295,0.015,-0.8057,2880.0
Anomalia,0.0104,0.2121,0.4802,-0.4702,0.2124,0.0101,-0.3152,2880.0
Anomalia,0.0093,0.1834,0.4302,-0.445,0.1836,-0.0197,-0.1276,2880.0
Anomalia,0.0186,0.1979,0.4548,-0.445,0.1988,-0.0804,-0.171,2880.0
Anomalia,0.0119,0.212,0.4548,-0.445,0.2123,-0.0284,-0.5593,2880.0
Anomalia,0.0136,0.2134,0.4548,-0.445,0.2139,-0.0458,-0.6106,2880.0
Anomalia,0.0234,0.1945,0.4548,-0.4448,0.1959,0.011,-0.6126,2880.0
Anomalia,-0.0014,0.155,0.3774,-0.304,0.155,0.151,-0.7761,2400.0
Anomalia,0.0092,0.1551,0.3375,-0.3021,0.1554,0.1094,-0.9669,2640.0
Anomalia,0.0173,0.1901,0.3951,-0.3459,0.1909,0.0828,-1.1102,2640.0
Anomalia,0.0012,0.2067,0.3951,-0.3578,0.2067,0.1199,-1.173,2640.0
Anomalia,0.0203,0.2121,0.3951,-0.3578,0.2131,-0.0121,-1.2141,2640.0
Anomalia,0.0126,0.1944,0.3951,-0.3578,0.1948,0.0714,-0.86,2640.0
Anomalia,-0.0006,0.1641,0.3797,-0.3578,0.1641,0.0943,-0.5065,2880.0
Anomalia,0.0087,0.1316,0.3797,-0.2649,0.1319,0.2941,-0.3385,2640.0
Anomalia,0.0046,0.1036,0.2662,-0.2353,0.1037,0.0638,-0.3981,2640.0
Anomalia,0.0063,0.0958,0.2662,-0.2353,0.096,0.1027,0.1952,2640.0
Anomalia,0.0173,0.1097,0.3388,-0.3674,0.1111,-0.2074,1.4648,3120.0
Anomalia,0.0113,0.1236,0.3388,-0.3674,0.1241,-0.4873,1.1054,2880.0
Anomalia,0.0094,0.1262,0.3388,-0.3674,0.1265,-0.4189,0.7885,2880.0
Anomalia,0.0115,0.1363,0.3388,-0.3674,0.1368,-0.3405,0.0459,2880.0
Anomalia,0.0112,0.1373,0.2896,-0.3607,0.1377,-0.1088,-0.5236,2880.0
Anomalia,0.0194,0.1308,0.2854,-0.2568,0.1322,0.0944,-0.8972,2640.0
Anomalia,0.0149,0.1424,0.2854,-0.3012,0.1431,-0.037,-1.0002,2880.0
Anomalia,0.0075,0.1351,0.2854,-0.3012,0.1353,0.0723,-0.7507,2880.0
Anomalia,0.0047,0.1344,0.3119,-0.3788,0.1345,-0.1997,0.0216,2880.0
Anomalia,0.0031,0.1717,0.3811,-0.3788,0.1717,-0.0464,-0.1492,2880.0
Anomalia,0.0158,0.1782,0.3811,-0.3788,0.1789,-0.1228,-0.2313,2640.0
Anomalia,0.02,0.1846,0.3811,-0.3788,0.1857,-0.1916,-0.5177,2640.0
Anomalia,0.0171,0.1877,0.3811,-0.3761,0.1884,-0.0253,-0.7727,2880.0
Anomalia,0.0083,0.1515,0.363,-0.3319,0.1517,0.0726,-0.6636,2640.0
Anomalia,0.0004,0.136,0.363,-0.2693,0.136,0.1905,-0.7337,2640.0
Anomalia,0.0017,0.1374,0.363,-0.2693,0.1374,0.1931,-0.7381,2880.0
Anomalia,0.0076,0.1485,0.4485,-0.3204,0.1486,0.3819,-0.1001,3360.0
Anomalia,0.0189,0.1586,0.4485,-0.3571,0.1598,0.1575,-0.2149,3360.0
Anomalia,0.0226,0.1751,0.4485,-0.3571,0.1765,0.0727,-0.7279,2880.0
Anomalia,0.0225,0.1801,0.4485,-0.3571,0.1815,0.0528,-0.8631,2640.0
Anomalia,0.0048,0.1561,0.3486,-0.3571,0.1561,0.0571,-0.8639,2640.0
Anomalia,0.014,0.1453,0.3486,-0.2681,0.146,0.0461,-0.9428,2640.0
Anomalia,0.0038,0.1743,0.4506,-0.3807,0.1744,-0.0177,-0.5085,2880.0
Anomalia,0.0065,0.2065,0.4506,-0.3995,0.2066,0.0568,-0.7037,2640.0
Anomalia,0.0231,0.2177,0.4506,-0.3995,0.2189,-0.0524,-0.9284,2640.0
Anomalia,0.0068,0.2109,0.4506,-0.3995,0.211,0.125,-0.7225,2640.0
Anomalia,0.0156,0.1725,0.4423,-0.3995,0.1732,0.1994,0.0415,2640.0
Anomalia,0.0102,0.12,0.3822,-0.2662,0.1204,0.4924,0.297,2640.0
Anomalia,0.0105,0.0994,0.256,-0.1752,0.1,0.1865,-0.8982,2640.0
Anomalia,0.0129,0.0971,0.256,-0.1752,0.098,0.1261,-0.73,2880.0
Anomalia,0.0157,0.1126,0.256,-0.2278,0.1137,0.1362,-0.7569,2640.0
Anomalia,0.0118,0.1353,0.267,-0.3348,0.1358,-0.1724,-0.5917,2640.0
Anomalia,0.0035,0.148,0.2908,-0.3348,0.148,-0.1389,-0.8338,2880.0
Anomalia,0.0033,0.1864,0.3747,-0.348,0.1864,-0.0333,-1.1371,2880.0
Anomalia,0.0112,0.2127,0.4542,-0.348,0.213,0.0918,-1.1162,2880.0
Anomalia,0.0225,0.2328,0.4642,-0.3811,0.2339,0.0164,-1.2109,2640.0
Anomalia,0.0272,0.2288,0.4642,-0.3811,0.2305,0.0149,-1.136,2640.0
Anomalia,0.0248,0.1992,0.4642,-0.3811,0.2008,0.1423,-0.5317,2880.0
Anomalia,0.0033,0.1658,0.4642,-0.3811,0.1659,0.1542,0.1617,2880.0
Anomalia,0.0006,0.1075,0.3021,-0.2854,0.1075,0.007,0.4058,2880.0
Anomalia,0.0051,0.0989,0.2981,-0.2854,0.0991,-0.1739,0.6664,2400.0
Anomalia,0.01,0.1424,0.3943,-0.3576,0.1427,-0.0156,0.0593,2640.0
Anomalia,0.0233,0.14,0.3943,-0.3576,0.1419,-0.0757,0.0563,2880.0
Anomalia,0.0215,0.1996,0.4708,-0.4673,0.2007,-0.1717,-0.2979,2880.0
Anomalia,0.0112,0.2434,0.4936,-0.4673,0.2436,-0.045,-0.9083,2880.0
Anomalia,0.0034,0.2486,0.4936,-0.4673,0.2486,0.0377,-0.9291,2640.0
Anomalia,0.0076,0.268,0.4936,-0.4673,0.2681,0.0241,-1.2793,2640.0
Anomalia,0.0103,0.239,0.4936,-0.4302,0.2392,0.037,-1.1257,2640.0
Anomalia,0.0136,0.1896,0.4391,-0.3897,0.1901,0.0355,-0.7582,2640.0
Anomalia,0.0182,0.1618,0.3605,-0.3315,0.1629,-0.0175,-0.7467,2880.0
Anomalia,0.0161,0.1364,0.295,-0.2791,0.1373,-0.0426,-0.9881,2880.0
Anomalia,0.0123,0.1198,0.2658,-0.2153,0.1204,0.0029,-0.9356,2640.0
Anomalia,0.0199,0.1632,0.4448,-0.4039,0.1644,-0.0009,-0.2872,2880.0
Anomalia,0.0143,0.1775,0.4448,-0.4039,0.1781,0.0295,-0.6234,2880.0
Anomalia,0.0144,0.1802,0.4448,-0.4039,0.1808,0.046,-0.7187,2640.0
Anomalia,0.0219,0.1919,0.4448,-0.4039,0.1932,-0.0907,-0.9927,2640.0
Anomalia,0.0112,0.1791,0.3367,-0.3254,0.1794,-0.1162,-1.2625,2640.0
Anomalia,0.0163,0.1658,0.2921,-0.3254,0.1666,-0.196,-1.1593,2640.0
Anomalia,0.0208,0.1679,0.4133,-0.3254,0.1692,-0.0838,-0.8275,2880.0
Anomalia,0.0065,0.1947,0.4533,-0.4638,0.1948,-0.0154,-0.6025,2880.0
Anomalia,0.0148,0.1842,0.4533,-0.4638,0.1848,-0.0169,-0.3203,2640.0
Anomalia,0.0163,0.174,0.4533,-0.4638,0.1748,-0.0079,0.2154,2640.0
Anomalia,-0.0017,0.1877,0.4533,-0.4638,0.1877,-0.0314,-0.0618,2400.0
Anomalia,0.0157,0.2284,0.5414,-0.5407,0.2289,0.0563,0.1396,2880.0
Anomalia,0.0135,0.2445,0.5414,-0.5407,0.2449,0.0367,-0.3541,2640.0
Anomalia,0.0116,0.2501,0.5414,-0.5407,0.2504,0.0516,-0.5462,2640.0
Anomalia,0.0297,0.229,0.5414,-0.5407,0.2309,-0.0807,0.0239,2880.0
Anomalia,0.0146,0.1699,0.3676,-0.4218,0.1705,-0.1423,-0.5779,2880.0
Anomalia,0.0116,0.1645,0.3048,-0.3377,0.1649,-0.1435,-0.737,2880.0
Anomalia,0.018,0.1632,0.3048,-0.3377,0.1642,-0.2102,-0.7225,2880.0
Anomalia,0.0094,0.1888,0.4001,-0.3377,0.1891,-0.0261,-1.1015,2880.0
Anomalia,0.0193,0.2098,0.4638,-0.3567,0.2107,0.0731,-1.0209,2880.0
Anomalia,0.0158,0.1969,0.4638,-0.3567,0.1976,0.2035,-0.6833,2880.0
Anomalia,0.0085,0.2002,0.4638,-0.3567,0.2004,0.3016,-0.7179,2880.0
Anomalia,0.0076,0.2129,0.4638,-0.4097,0.213,0.2523,-0.7306,2880.0
Anomalia,0.0042,0.1816,0.4154,-0.4097,0.1817,0.1816,-0.3751,2880.0
Anomalia,0.0222,0.1881,0.4154,-0.4097,0.1894,0.0675,-0.5921,2640.0
Anomalia,0.0252,0.2198,0.4154,-0.4145,0.2212,-0.0476,-0.9683,2640.0
Anomalia,0.0141,0.2001,0.407,-0.4162,0.2006,-0.0392,-0.7355,2640.0
Anomalia,0.0133,0.1899,0.407,-0.4162,0.1903,-0.0352,-0.4112,2640.0
Anomalia,0.0022,0.1749,0.407,-0.4162,0.1749,-0.09,-0.0386,2640.0
Anomalia,0.0043,0.1707,0.4944,-0.4421,0.1707,-0.0362,0.4394,2640.0
Anomalia,0.0245,0.2231,0.5833,-0.5157,0.2245,0.1779,0.1311,2880.0
Anomalia,0.0225,0.2362,0.5833,-0.5157,0.2373,0.1418,-0.3931,2880.0
Anomalia,0.0241,0.248,0.5833,-0.5157,0.2492,0.1188,-0.7533,2880.0
Anomalia,0.0167,0.2381,0.5833,-0.5157,0.2387,0.1658,-0.7182,2880.0
Anomalia,0.0013,0.1889,0.3336,-0.3359,0.1889,0.0078,-1.2886,2880.0
Anomalia,0.0105,0.2021,0.4174,-0.3582,0.2023,0.0549,-1.207,2880.0
Anomalia,0.0056,0.2301,0.4602,-0.4304,0.2302,0.0812,-1.0897,2880.0
Anomalia,0.0104,0.226,0.4602,-0.4304,0.2262,0.076,-0.9007,2880.0
Anomalia,0.0291,0.2163,0.4602,-0.4304,0.2182,-0.033,-0.6541,2640.0
Anomalia,0.013,0.2246,0.4602,-0.4304,0.225,-0.058,-0.6797,2880.0
Anomalia,0.0114,0.1993,0.4308,-0.4212,0.1996,-0.1185,-0.6601,2880.0
Anomalia,0.0154,0.1799,0.4162,-0.4212,0.1805,-0.2574,-0.2953,2640.0
Anomalia,0.0008,0.1722,0.4162,-0.4212,0.1722,-0.1635,-0.1504,2640.0
Anomalia,0.0177,0.1236,0.3284,-0.3077,0.1249,-0.29,0.159,2880.0
Anomalia,0.0267,0.0888,0.2263,-0.1909,0.0927,0.1118,-0.6078,2880.0
Anomalia,0.0143,0.0949,0.2263,-0.2067,0.096,-0.1146,-0.6541,2640.0
Anomalia,0.0242,0.1079,0.329,-0.2067,0.1106,0.1127,-0.4129,2640.0
Anomalia,0.0104,0.1213,0.329,-0.2512,0.1217,0.0847,-0.4795,2880.0
Anomalia,0.0094,0.1324,0.3839,-0.2512,0.1327,0.2477,-0.2547,2880.0
Anomalia,0.0214,0.1725,0.4521,-0.3538,0.1738,0.2094,-0.3506,2880.0
Anomalia,0.0143,0.1899,0.4521,-0.392,0.1904,0.0849,-0.6117,2880.0
Anomalia,0.0142,0.201,0.4521,-0.4166,0.2015,0.0037,-0.6937,2880.0
Anomalia,0.01,0.2334,0.5126,-0.4166,0.2336,0.143,-0.8753,2880.0
Anomalia,0.0055,0.2091,0.5126,-0.4166,0.2092,0.0937,-0.4753,2880.0
Anomalia,0.0173,0.1938,0.5126,-0.4166,0.1946,0.0865,-0.0858,2640.0
Anomalia,0.0242,0.2017,0.5126,-0.3859,0.2032,0.1106,-0.4835,2640.0
Anomalia,0.0186,0.2077,0.4354,-0.4546,0.2085,-0.157,-0.6361,2640.0
Anomalia,0.0173,0.2516,0.4909,-0.4821,0.2522,-0.0862,-0.9941,2880.0
Anomalia,0.0044,0.2687,0.4909,-0.4821,0.2687,0.0342,-1.251,2880.0
Anomalia,0.0094,0.2527,0.4909,-0.4821,0.2528,-0.0377,-0.9781,2880.0
Anomalia,0.0161,0.2169,0.4909,-0.4821,0.2175,-0.0403,-0.5427,2640.0
Anomalia,0.016,0.1627,0.4185,-0.3811,0.1635,-0.0331,-0.503,2640.0
Anomalia,0.0232,0.1279,0.2643,-0.2366,0.1299,-0.0642,-1.042,2880.0
Anomalia,0.0133,0.1241,0.2643,-0.2366,0.1248,0.1123,-0.9515,2880.0
Anomalia,0.0155,0.113,0.2643,-0.2366,0.1141,0.077,-0.8314,2880.0
Anomalia,0.016,0.1266,0.3352,-0.3263,0.1276,0.0086,-0.3591,2880.0
Anomalia,0.0047,0.1424,0.3352,-0.3263,0.1425,0.0523,-0.5816,2880.0
Anomalia,0.0161,0.152,0.3352,-0.3263,0.1529,-0.0338,-0.8493,2880.0
Anomalia,0.0178,0.1499,0.3352,-0.3263,0.151,-0.0418,-0.778,2880.0
Anomalia,0.015,0.1356,0.3261,-0.3014,0.1365,0.0692,-0.7533,2880.0
Anomalia,0.0272,0.1577,0.3811,-0.3576,0.16,0.0152,-0.3969,2880.0
Anomalia,0.0168,0.1545,0.3811,-0.3576,0.1554,0.0591,-0.2596,2640.0
Anomalia,0.0059,0.1524,0.3811,-0.3576,0.1525,0.2013,-0.111,2640.0
Anomalia,0.0171,0.1534,0.3811,-0.3576,0.1543,0.0334,-0.2062,2640.0
Anomalia,0.0051,0.1347,0.277,-0.3423,0.1348,-0.1996,-0.6405,2640.0
Anomalia,0.0183,0.1342,0.3088,-0.3423,0.1355,-0.1389,-0.3811,2880.0
Anomalia,0.0254,0.1364,0.3088,-0.3423,0.1388,-0.2212,-0.4531,2880.0
Anomalia,0.0129,0.1534,0.3088,-0.3423,0.154,-0.1775,-0.7211,2880.0
Anomalia,0.0226,0.1356,0.3088,-0.3236,0.1375,-0.0637,-0.5178,2880.0
Anomalia,0.0148,0.1399,0.3058,-0.3236,0.1407,-0.0382,-0.6774,2880.0
Anomalia,0.013,0.1386,0.3058,-0.3236,0.1392,-0.0436,-0.6376,2880.0
Anomalia,0.0231,0.1176,0.3058,-0.2437,0.1198,0.1959,-0.786,2880.0
Anomalia,0.0074,0.1238,0.3058,-0.2983,0.124,-0.0121,-0.6875,2880.0
Anomalia,0.0122,0.1196,0.3131,-0.2983,0.1202,-0.004,-0.4721,2880.0
Anomalia,0.0239,0.1844,0.5476,-0.4216,0.186,0.3628,0.2809,2880.0
Anomalia,0.0072,0.2619,0.5885,-0.6361,0.262,-0.0007,-0.2628,2640.0
Anomalia,0.0229,0.2799,0.5885,-0.6361,0.2808,-0.0697,-0.6152,2640.0
Anomalia,0.0132,0.2735,0.5885,-0.6361,0.2738,0.0123,-0.4213,2640.0
Anomalia,0.0034,0.2344,0.5885,-0.6361,0.2344,-0.1137,0.6237,2640.0
Anomalia,0.0173,0.1413,0.4886,-0.4179,0.1423,0.4331,2.0589,2640.0
Anomalia,0.015,0.0967,0.2457,-0.2034,0.0979,0.261,-0.5114,2640.0
Anomalia,0.0218,0.1051,0.2457,-0.2034,0.1074,0.0618,-0.9589,2880.0
Anomalia,0.0192,0.1047,0.2457,-0.2034,0.1064,0.1177,-0.9431,2880.0
Anomalia,0.0138,0.1037,0.2457,-0.2034,0.1047,0.1371,-0.9012,2640.0
Anomalia,0.0105,0.0927,0.1834,-0.1542,0.0933,0.0425,-1.0303,2640.0
Anomalia,0.007,0.115,0.296,-0.2789,0.1152,0.0949,-0.3667,2640.0
Anomalia,0.0135,0.1328,0.2996,-0.2789,0.1335,0.1194,-0.7512,3120.0
Anomalia,0.0234,0.1298,0.2996,-0.2789,0.1319,-0.0427,-0.6325,2880.0
Anomalia,0.0226,0.1277,0.2996,-0.2789,0.1296,-0.0506,-0.4725,2880.0
Anomalia,0.0173,0.1103,0.2996,-0.2011,0.1116,0.1934,-0.4062,2880.0
Anomalia,0.0144,0.1085,0.243,-0.2057,0.1095,0.07,-0.698,2640.0
Anomalia,0.007,0.1159,0.243,-0.2057,0.1161,0.1004,-0.9029,2640.0
Anomalia,0.0154,0.1354,0.2935,-0.2057,0.1363,0.2209,-1.1424,2640.0
Anomalia,0.0197,0.1507,0.2935,-0.2743,0.152,0.0258,-1.2433,2640.0
Anomalia,0.0207,0.134,0.2935,-0.2743,0.1356,0.0058,-0.7598,2640.0
Anomalia,0.0243,0.1354,0.2935,-0.2743,0.1376,0.0357,-0.7974,2880.0
Anomalia,0.0084,0.1319,0.2708,-0.2743,0.1322,-0.0697,-0.6859,2880.0
Anomalia,0.0097,0.113,0.2453,-0.2677,0.1134,-0.171,-0.4735,2640.0
Anomalia,0.0076,0.1279,0.2725,-0.2677,0.1281,0.0386,-0.8922,2640.0
Anomalia,0.01,0.1191,0.2725,-0.2677,0.1195,-0.0398,-0.602,2640.0
Anomalia,0.0233,0.1103,0.2725,-0.1974,0.1128,0.0841,-0.6242,2400.0
Anomalia,0.0247,0.1443,0.354,-0.4108,0.1464,-0.164,0.0084,2880.0
Anomalia,0.0144,0.1467,0.354,-0.4108,0.1474,-0.1634,-0.0759,2640.0
Anomalia,0.0134,0.1493,0.354,-0.4108,0.1499,-0.1351,-0.2542,2640.0
Anomalia,0.0053,0.1936,0.5939,-0.5086,0.1937,0.0044,0.0154,2880.0
Anomalia,0.0097,0.2581,0.6427,-0.6319,0.2583,0.2386,0.1681,2640.0
Anomalia,0.025,0.2647,0.6427,-0.6319,0.2659,0.1244,-0.0748,2640.0
Anomalia,0.0133,0.2726,0.6427,-0.6319,0.2729,0.2084,-0.315,2640.0
Anomalia,0.0217,0.2487,0.6427,-0.6319,0.2496,0.1872,0.1369,2880.0
Anomalia,0.0147,0.1738,0.4041,-0.3209,0.1744,0.0689,-0.7868,2400.0
Anomalia,0.0052,0.2197,0.5929,-0.4915,0.2198,0.0884,-0.3492,2640.0
Anomalia,0.0204,0.2487,0.5929,-0.4915,0.2495,0.0594,-0.7122,2640.0
Anomalia,0.011,0.2564,0.5929,-0.4915,0.2567,0.1198,-0.8717,2640.0
Anomalia,0.0119,0.2634,0.5929,-0.4915,0.2637,0.0977,-1.0171,2880.0
Anomalia,0.0162,0.2335,0.5276,-0.4635,0.2341,0.0927,-1.0944,2880.0
Anomalia,0.0056,0.2119,0.4208,-0.3636,0.212,-0.009,-1.2845,2880.0
Anomalia,0.0167,0.199,0.4208,-0.3636,0.1997,-0.0406,-1.0424,2880.0
Anomalia,0.0226,0.1692,0.4208,-0.3636,0.1707,-0.0934,-0.4673,2880.0
Anomalia,0.0202,0.1465,0.3555,-0.3636,0.1479,-0.229,-0.265,3360.0
Anomalia,0.0273,0.1211,0.3555,-0.2693,0.1242,-0.0057,-0.2987,2880.0
Anomalia,0.0169,0.1042,0.237,-0.2693,0.1056,-0.129,-0.1872,2640.0
Anomalia,0.0069,0.1134,0.237,-0.2693,0.1136,-0.1255,-0.4841,2880.0
Anomalia,0.0116,0.1018,0.237,-0.257,0.1025,-0.1067,-0.4127,2880.0
Anomalia,0.0084,0.1437,0.4295,-0.3352,0.144,0.0338,0.4975,2880.0
Anomalia,0.023,0.1771,0.4295,-0.3352,0.1786,-0.0058,-0.5756,2640.0
Anomalia,0.0237,0.1726,0.4295,-0.3352,0.1742,0.0288,-0.4343,2640.0
Anomalia,0.022,0.1751,0.4295,-0.3352,0.1765,0.0833,-0.5174,2400.0
Anomalia,0.0129,0.1933,0.4112,-0.514,0.1937,-0.1416,-0.0922,2400.0
Anomalia,-0.0033,0.2226,0.4894,-0.514,0.2227,-0.0506,-0.2675,2640.0
Anomalia,0.0116,0.2469,0.4894,-0.514,0.2472,-0.0863,-0.8288,2640.0
Anomalia,0.0146,0.2536,0.4894,-0.514,0.254,-0.0976,-0.9717,2640.0
Anomalia,0.0249,0.2224,0.4894,-0.488,0.2238,-0.0935,-0.7086,2640.0
Anomalia,0.0298,0.1843,0.4502,-0.3624,0.1867,-0.1,-0.8374,2880.0
Anomalia,0.0144,0.162,0.3496,-0.3546,0.1626,-0.1153,-0.9312,2640.0
Anomalia,0.0099,0.1548,0.2762,-0.3546,0.1551,-0.1378,-1.0298,2640.0
Anomalia,0.0132,0.142,0.2762,-0.3546,0.1426,-0.1269,-0.6586,2640.0
Anomalia,0.0099,0.121,0.3069,-0.2397,0.1214,0.1333,-0.8123,2640.0
Anomalia,0.0148,0.1423,0.4062,-0.3236,0.1431,0.1616,-0.2969,2400.0
Anomalia,0.0158,0.1532,0.4062,-0.3236,0.154,0.108,-0.3798,2640.0
Anomalia,0.0125,0.1703,0.4062,-0.3236,0.1708,0.1618,-0.7762,2640.0
Anomalia,0.0165,0.195,0.4062,-0.3352,0.1957,0.1417,-1.0767,2640.0
Anomalia,0.0195,0.2057,0.4648,-0.4433,0.2066,0.0543,-0.8859,2640.0
Anomalia,0.0179,0.1959,0.4648,-0.4433,0.1967,0.108,-0.6686,2640.0
Anomalia,0.0141,0.1879,0.4648,-0.4433,0.1885,0.1127,-0.5119,2640.0
Anomalia,0.011,0.172,0.4648,-0.4433,0.1724,0.1052,-0.217,2640.0
Anomalia,0.0037,0.1911,0.5833,-0.4506,0.1912,0.2848,0.1251,2640.0
Anomalia,0.0119,0.2266,0.5833,-0.4506,0.2269,0.2815,-0.5587,2880.0
Anomalia,0.0177,0.2212,0.5833,-0.4506,0.2219,0.2421,-0.3806,2880.0
Anomalia,0.0196,0.2161,0.5833,-0.4506,0.217,0.2201,-0.2405,2880.0
Anomalia,0.0203,0.1721,0.5003,-0.3916,0.1733,0.2826,0.069,2880.0
Anomalia,0.012,0.1302,0.2382,-0.2426,0.1308,-0.1864,-1.1523,2640.0
Anomalia,0.0074,0.1422,0.3421,-0.3465,0.1424,-0.0721,-0.8568,2880.0
Anomalia,0.0138,0.1467,0.3421,-0.3465,0.1474,-0.1234,-0.728,2880.0
Anomalia,0.0218,0.1563,0.3421,-0.3465,0.1578,-0.0981,-0.8058,2880.0
Anomalia,0.0188,0.1419,0.3421,-0.3465,0.1432,0.0325,-0.2252,2640.0
Anomalia,0.0212,0.1344,0.3246,-0.2967,0.136,0.005,-0.4506,2880.0
Anomalia,0.0152,0.1426,0.3019,-0.2967,0.1434,0.0281,-0.7095,2880.0
Anomalia,0.0017,0.1378,0.282,-0.3117,0.1378,-0.0849,-0.6395,2640.0
Anomalia,0.0125,0.1438,0.282,-0.3117,0.1443,-0.2112,-0.8449,2640.0
Anomalia,0.0235,0.1551,0.3125,-0.3117,0.1568,-0.1503,-0.9382,2640.0
Anomalia,0.0122,0.1816,0.4074,-0.4076,0.182,-0.1859,-0.5895,2640.0
Anomalia,0.0221,0.1804,0.4074,-0.4076,0.1818,-0.2015,-0.5952,2640.0
Anomalia,0.0126,0.1763,0.4074,-0.4076,0.1768,-0.0798,-0.4439,2640.0
Anomalia,-0.0057,0.1642,0.4074,-0.4076,0.1643,-0.0053,-0.0614,2640.0
Anomalia,0.0138,0.114,0.2679,-0.2157,0.1148,0.1584,-0.5601,2640.0
Anomalia,0.0112,0.091,0.2537,-0.2036,0.0917,0.1254,-0.4202,3120.0
Anomalia,0.0197,0.0914,0.2537,-0.2036,0.0935,-0.0412,-0.4653,3120.0
Anomalia,0.0278,0.0967,0.2537,-0.2351,0.1006,-0.1419,-0.2602,3120.0
Anomalia,0.0053,0.1012,0.2305,-0.2351,0.1013,-0.2182,-0.6104,2880.0
Anomalia,0.0088,0.1172,0.2962,-0.2397,0.1176,-0.0525,-0.6499,2880.0
Anomalia,0.0005,0.1665,0.4222,-0.4587,0.1665,0.0471,-0.1116,2880.0
Anomalia,0.0034,0.2397,0.5631,-0.5829,0.2397,0.1178,-0.1659,2880.0
Anomalia,0.0287,0.2764,0.5979,-0.5829,0.2779,-0.0152,-0.7357,2640.0
Anomalia,0.0208,0.2696,0.5979,-0.5829,0.2704,0.0642,-0.5282,2640.0
Anomalia,0.0154,0.2465,0.5979,-0.5829,0.2469,0.1915,0.0866,2640.0
Anomalia,0.015,0.1799,0.5979,-0.4665,0.1805,0.4548,1.1699,2640.0
Anomalia,0.0005,0.144,0.4414,-0.3211,0.144,0.2505,0.0583,2880.0
Anomalia,0.0093,0.2052,0.4727,-0.445,0.2054,0.1625,-0.5337,2880.0
Anomalia,0.0224,0.2653,0.6108,-0.5226,0.2663,0.0613,-0.8104,2880.0
Anomalia,0.0141,0.2605,0.6108,-0.5226,0.2609,0.1385,-0.6571,2880.0
Anomalia,0.0255,0.2567,0.6108,-0.5226,0.2579,0.0518,-0.6444,2880.0
Anomalia,0.0153,0.2377,0.6108,-0.5226,0.2381,0.0552,-0.3459,2880.0
Anomalia,0.015,0.1662,0.3338,-0.4078,0.1669,-0.2012,-0.4922,2880.0
Anomalia,0.0193,0.1837,0.3338,-0.4078,0.1847,-0.203,-0.9091,2640.0
Anomalia,0.0104,0.1686,0.3338,-0.4078,0.169,-0.245,-0.6227,2640.0
