Scenario,AccX_Mean,AccX_Std,AccX_Max,AccX_Min,AccX_RMS,AccX_Skew,AccX_Kurt,AccX_PeakFreq_Hz
Anomalia,0.0218,0.2051,0.6014,-0.5149,0.2062,-0.2603,-0.144,5040.0
Anomalia,0.0157,0.2249,0.6987,-0.5149,0.2254,0.058,-0.1258,5040.0
Anomalia,0.0374,0.224,0.6987,-0.5149,0.2271,-0.0973,-0.0998,5040.0
Anomalia,0.0217,0.2303,0.6987,-0.5149,0.2313,-0.0085,-0.3218,3360.0
Anomalia,0.0443,0.1821,0.6987,-0.4193,0.1874,0.056,0.2598,5280.0
Anomalia,0.0472,0.1839,0.6498,-0.3146,0.1898,0.1747,0.1733,3360.0
Anomalia,0.0191,0.2087,0.7168,-0.3753,0.2096,0.6012,0.5331,2880.0
Anomalia,0.0298,0.238,0.7168,-0.5685,0.2399,0.3924,0.1481,5280.0
Anomalia,0.0311,0.2818,0.7168,-0.6459,0.2835,0.2406,-0.4606,5280.0
Anomalia,0.0088,0.2875,0.7168,-0.6459,0.2876,0.2202,-0.5744,3360.0
Anomalia,0.0463,0.2813,0.6603,-0.6459,0.285,-0.023,-0.4868,3360.0
Anomalia,0.0218,0.2663,0.6603,-0.6459,0.2671,0.0178,-0.2008,3360.0
Anomalia,0.015,0.2284,0.6603,-0.5662,0.2289,0.0929,0.1693,3360.0
Anomalia,0.0316,0.2231,0.6603,-0.5662,0.2254,-0.0466,0.3676,3360.0
Anomalia,0.0117,0.2094,0.5336,-0.5662,0.2098,-0.2384,0.0626,3120.0
Anomalia,0.0414,0.1921,0.5336,-0.5272,0.1965,-0.1182,-0.0029,960.0
Anomalia,0.0404,0.1915,0.5336,-0.5272,0.1958,-0.3402,0.1169,2640.0
Anomalia,0.0415,0.1621,0.4145,-0.4051,0.1673,-0.1493,-0.3968,3840.0
Anomalia,0.0339,0.1602,0.3893,-0.4051,0.1638,-0.4645,-0.1794,3840.0
Anomalia,0.0197,0.1907,0.5447,-0.5476,0.1917,-0.2958,-0.0838,3840.0
Anomalia,0.0117,0.2074,0.5447,-0.5476,0.2078,-0.0796,-0.0329,4080.0
Anomalia,0.0333,0.2161,0.5447,-0.5476,0.2187,-0.1448,-0.1584,5280.0
Anomalia,0.032,0.2133,0.5447,-0.5476,0.2156,-0.0307,-0.1561,5280.0
Anomalia,0.0497,0.1763,0.5332,-0.5067,0.1831,-0.0381,0.6022,3360.0
Anomalia,0.0416,0.1544,0.4733,-0.2781,0.1599,0.3254,-0.1551,3360.0
Anomalia,0.0177,0.1348,0.4074,-0.2781,0.1359,0.3275,-0.0514,960.0
Anomalia,0.0288,0.1229,0.4074,-0.2781,0.1262,0.2213,0.2346,960.0
Anomalia,0.0167,0.1209,0.4074,-0.2781,0.122,0.3144,0.0966,960.0
Anomalia,0.0229,0.0948,0.266,-0.1819,0.0975,0.2616,-0.4666,960.0
Anomalia,0.0327,0.1071,0.377,-0.2224,0.112,0.4007,0.2273,960.0
Anomalia,0.0188,0.107,0.377,-0.2224,0.1086,0.6016,0.4833,960.0
Anomalia,0.0404,0.1518,0.5411,-0.3175,0.157,0.9257,1.168,3120.0
Anomalia,0.027,0.2266,0.5574,-0.737,0.2282,-0.1853,0.9898,720.0
Anomalia,0.0321,0.2389,0.5574,-0.737,0.2411,-0.1695,0.538,3120.0
Anomalia,0.0441,0.2605,0.5574,-0.737,0.2642,-0.307,-0.0917,2880.0
Anomalia,0.0131,0.2455,0.5574,-0.737,0.2458,-0.2905,0.0959,2880.0
Anomalia,0.0357,0.1982,0.5124,-0.4393,0.2014,0.0462,-0.1978,2880.0
Anomalia,0.019,0.2306,0.5989,-0.5743,0.2313,0.0098,-0.1736,2880.0
Anomalia,0.0079,0.2511,0.5989,-0.5743,0.2512,0.1746,-0.4131,2880.0
Anomalia,0.0411,0.2883,0.7247,-0.6396,0.2912,0.0597,-0.6387,2880.0
Anomalia,0.0206,0.2945,0.7247,-0.6396,0.2952,0.1,-0.7739,3360.0
Anomalia,0.0406,0.266,0.7247,-0.6396,0.2691,0.0564,-0.5142,3360.0
Anomalia,0.0507,0.2479,0.7247,-0.6396,0.253,0.0042,-0.3095,3360.0
Anomalia,0.0157,0.2241,0.557,-0.6845,0.2246,-0.2299,-0.141,3360.0
Anomalia,0.0317,0.242,0.5649,-0.6845,0.2441,-0.2714,-0.1182,3360.0
Anomalia,0.026,0.2458,0.5649,-0.6845,0.2471,-0.3842,-0.168,3120.0
Anomalia,0.012,0.2258,0.5649,-0.6845,0.2261,-0.418,0.3434,3120.0
Anomalia,0.0455,0.2103,0.5649,-0.5752,0.2151,-0.3522,0.2382,2880.0
Anomalia,0.0293,0.1784,0.4652,-0.5209,0.1807,-0.166,0.0339,480.0
Anomalia,0.0283,0.1538,0.4652,-0.3755,0.1564,0.1311,0.1718,480.0
Anomalia,0.0428,0.1711,0.4652,-0.5046,0.1764,-0.2615,0.5738,480.0
Anomalia,0.0171,0.1676,0.3713,-0.5046,0.1684,-0.3271,0.1186,960.0
Anomalia,0.0463,0.1546,0.3713,-0.5046,0.1614,-0.6173,1.0774,960.0
Anomalia,0.0422,0.1642,0.3713,-0.5046,0.1695,-0.6241,0.499,960.0
Anomalia,0.0273,0.1385,0.3359,-0.2795,0.1412,-0.1369,-0.5497,960.0
Anomalia,0.0321,0.1215,0.2852,-0.2793,0.1256,-0.2411,-0.3139,960.0
Anomalia,0.0135,0.1195,0.2583,-0.2793,0.1203,-0.2361,-0.6641,960.0
Anomalia,0.011,0.1135,0.3778,-0.2608,0.114,0.4517,0.03,960.0
Anomalia,0.0399,0.1156,0.3778,-0.2163,0.1223,0.4418,-0.2372,960.0
Anomalia,0.036,0.1245,0.3778,-0.2163,0.1296,0.3421,-0.4346,960.0
Anomalia,0.0397,0.1245,0.3778,-0.2524,0.1307,0.2533,-0.2618,960.0
Anomalia,0.0401,0.1229,0.324,-0.2524,0.1292,-0.0722,-0.4058,1200.0
Anomalia,0.0144,0.1409,0.4154,-0.3845,0.1416,0.0301,-0.0878,2640.0
Anomalia,0.0313,0.1737,0.5188,-0.5466,0.1765,-0.2485,0.5755,4080.0
Anomalia,0.034,0.1885,0.5188,-0.5466,0.1915,-0.3802,0.2075,2880.0
Anomalia,0.0343,0.1878,0.5188,-0.5466,0.1909,-0.3837,0.2275,2880.0
Anomalia,0.0518,0.1754,0.5188,-0.5466,0.1829,-0.5862,0.8015,4320.0
Anomalia,0.0236,0.1591,0.3231,-0.5113,0.1608,-0.6792,0.7491,4320.0
Anomalia,0.0277,0.1807,0.5624,-0.5113,0.1829,-0.0291,0.7261,4080.0
Anomalia,0.0199,0.185,0.5624,-0.5113,0.1861,0.0417,0.5098,4080.0
Anomalia,0.0181,0.1936,0.5624,-0.5113,0.1945,0.069,0.376,4080.0
Anomalia,0.0315,0.1813,0.5624,-0.4381,0.1841,0.2598,0.2943,4080.0
Anomalia,0.0253,0.1551,0.4569,-0.3726,0.1571,-0.0326,-0.062,4080.0
Anomalia,0.0356,0.1884,0.5737,-0.5305,0.1917,0.1431,0.6254,4080.0
Anomalia,0.0338,0.2243,0.7942,-0.5305,0.2268,0.3901,0.7763,1920.0
Anomalia,0.0186,0.2663,0.7942,-0.6836,0.267,0.0475,0.0654,1920.0
Anomalia,0.0386,0.2755,0.7942,-0.6836,0.2782,-0.0381,-0.1627,1920.0
Anomalia,0.0244,0.2613,0.7942,-0.6836,0.2624,0.0096,-0.0227,3360.0
Anomalia,0.0318,0.2329,0.529,-0.6836,0.235,-0.2498,0.0612,3360.0
Anomalia,0.0532,0.1877,0.5042,-0.3788,0.1951,0.2019,-0.4518,3360.0
Anomalia,0.0264,0.1686,0.4779,-0.3256,0.1707,0.31,-0.2163,3360.0
Anomalia,0.0312,0.1607,0.4779,-0.3999,0.1637,0.1443,0.0654,2640.0
Anomalia,0.0351,0.1494,0.3937,-0.3999,0.1535,-0.409,-0.3361,2640.0
Anomalia,0.0136,0.1469,0.3117,-0.3999,0.1475,-0.4665,-0.2471,2640.0
Anomalia,0.0453,0.1509,0.3909,-0.3999,0.1576,-0.5338,0.0775,480.0
Anomalia,0.0428,0.1436,0.3909,-0.3826,0.1498,-0.4249,0.101,480.0
Anomalia,0.0281,0.1573,0.5086,-0.3826,0.1598,-0.075,0.3318,3840.0
Anomalia,0.0432,0.1858,0.5309,-0.7277,0.1908,-0.5428,1.5958,2880.0
Anomalia,0.0061,0.2049,0.5309,-0.7277,0.205,-0.2198,0.408,3360.0
Anomalia,0.0293,0.215,0.5309,-0.7277,0.217,-0.2626,0.1372,3360.0
Anomalia,0.0345,0.2001,0.5309,-0.7277,0.2031,-0.4129,0.6787,3360.0
Anomalia,0.0313,0.1714,0.4281,-0.3972,0.1742,-0.0478,-0.288,3360.0
Anomalia,0.0445,0.1396,0.4256,-0.3029,0.1465,0.1981,-0.245,3360.0
Anomalia,0.0353,0.1244,0.3008,-0.3029,0.1294,0.0367,-0.4515,3360.0
Anomalia,0.0244,0.1224,0.3008,-0.3029,0.1248,0.0151,-0.3643,960.0
Anomalia,0.0475,0.1247,0.3722,-0.2472,0.1334,0.2521,-0.3599,960.0
Anomalia,0.0372,0.1251,0.3722,-0.2472,0.1305,0.352,-0.3569,960.0
Anomalia,0.0279,0.1325,0.3722,-0.3296,0.1354,-0.0454,-0.1797,960.0
Anomalia,0.0335,0.1742,0.3722,-0.6037,0.1774,-0.6446,0.8205,960.0
Anomalia,0.0139,0.2152,0.5743,-0.6037,0.2157,-0.3746,0.2533,960.0
Anomalia,0.0266,0.2255,0.5743,-0.6037,0.2271,-0.4235,0.0111,960.0
Anomalia,0.0353,0.2436,0.5743,-0.6037,0.2462,-0.3897,-0.3772,5280.0
Anomalia,0.0308,0.2292,0.5743,-0.5618,0.2313,-0.1593,-0.4702,3120.0
Anomalia,0.0413,0.1888,0.435,-0.4327,0.1933,-0.1925,-0.5746,480.0
Anomalia,0.0312,0.2065,0.557,-0.4327,0.2088,-0.1462,-0.517,2880.0
Anomalia,0.0374,0.2412,0.8526,-0.585,0.2441,0.1529,0.4458,2880.0
Anomalia,0.0275,0.2952,0.8526,-0.9085,0.2965,-0.2369,0.4661,5280.0
Anomalia,0.0283,0.3245,0.8526,-0.9085,0.3257,-0.17,-0.1957,5280.0
Anomalia,0.0242,0.3212,0.8526,-0.9085,0.3221,-0.1779,-0.1598,3360.0
Anomalia,0.0287,0.2866,0.5937,-0.9085,0.288,-0.4449,0.2775,3360.0
Anomalia,0.0391,0.2387,0.5693,-0.6194,0.2419,-0.2362,-0.493,3360.0
Anomalia,0.0361,0.2092,0.4711,-0.4375,0.2123,-0.1816,-0.9186,3360.0
Anomalia,0.0432,0.2045,0.4978,-0.4723,0.209,-0.1087,-0.7594,2640.0
Anomalia,0.0269,0.2151,0.5245,-0.4723,0.2168,0.0702,-0.7147,2880.0
Anomalia,0.0331,0.2108,0.5979,-0.4723,0.2134,0.3738,-0.0847,2880.0
Anomalia,0.0243,0.2012,0.5979,-0.4723,0.2027,0.3814,0.2096,2880.0
Anomalia,0.0284,0.178,0.5979,-0.3957,0.1803,0.5189,0.9234,2880.0
Anomalia,0.0313,0.1511,0.5979,-0.3759,0.1543,0.4939,1.7227,960.0
Anomalia,0.0296,0.1486,0.3605,-0.4149,0.1515,-0.3852,-0.2211,5280.0
Anomalia,0.0271,0.1496,0.4391,-0.4149,0.152,-0.2144,0.2033,720.0
Anomalia,0.0407,0.1551,0.4391,-0.4149,0.1604,-0.3108,-0.0102,720.0
Anomalia,0.0356,0.1479,0.4391,-0.4149,0.1521,-0.2196,0.308,960.0
Anomalia,0.0376,0.1157,0.4391,-0.3496,0.1216,0.0831,0.9877,960.0
Anomalia,0.0378,0.0922,0.2923,-0.1738,0.0997,0.1094,-0.3959,4080.0
Anomalia,0.0208,0.0842,0.2165,-0.1738,0.0867,-0.1188,-0.6726,960.0
Anomalia,0.0316,0.0911,0.2165,-0.1817,0.0964,-0.3097,-0.8049,480.0
Anomalia,0.0291,0.0931,0.2165,-0.1817,0.0975,-0.2122,-0.862,960.0
Anomalia,0.0342,0.0973,0.2418,-0.1834,0.1032,-0.1863,-0.7454,960.0
Anomalia,0.0372,0.0939,0.2418,-0.1834,0.101,-0.1537,-0.5788,2880.0
Anomalia,0.0194,0.1201,0.3766,-0.4085,0.1216,-0.4313,1.5911,4080.0
Anomalia,0.0329,0.1933,0.7108,-0.4149,0.1961,0.6654,1.7584,3120.0
Anomalia,0.0252,0.2389,0.7108,-0.6473,0.2402,0.1575,0.7278,2880.0
Anomalia,0.0315,0.2511,0.7108,-0.6473,0.2531,0.1224,0.1944,2880.0
Anomalia,0.0449,0.2485,0.7108,-0.6473,0.2525,0.0832,0.203,2880.0
Anomalia,0.0261,0.2211,0.6054,-0.6473,0.2226,-0.1829,0.2108,2880.0
Anomalia,0.0409,0.1747,0.4189,-0.3912,0.1795,0.0359,-0.431,4080.0
Anomalia,0.033,0.1709,0.3993,-0.3912,0.1741,0.0665,-0.5131,4080.0
Anomalia,0.026,0.1597,0.3993,-0.3912,0.1618,0.0247,-0.3452,960.0
Anomalia,0.0445,0.1537,0.3926,-0.3636,0.16,-0.2632,-0.4007,1200.0
Anomalia,0.0167,0.1549,0.3926,-0.3636,0.1558,0.0877,-0.5545,960.0
Anomalia,0.0339,0.1578,0.3743,-0.3849,0.1614,-0.3651,-0.3168,480.0
Anomalia,0.0348,0.1954,0.6874,-0.6081,0.1985,-0.0235,1.1816,4080.0
Anomalia,0.0203,0.2031,0.6874,-0.6081,0.2041,0.1043,1.3001,1680.0
Anomalia,0.0296,0.2434,0.6874,-0.6784,0.2452,-0.2838,0.6655,1920.0
Anomalia,0.026,0.2521,0.6874,-0.6784,0.2535,-0.0472,0.3872,3360.0
Anomalia,0.0207,0.2328,0.6,-0.6784,0.2337,-0.1328,0.312,3360.0
Anomalia,0.0465,0.2258,0.6,-0.6784,0.2305,-0.1573,0.53,3360.0
Anomalia,0.048,0.1898,0.5028,-0.3461,0.1957,0.436,-0.2823,3360.0
Anomalia,0.0385,0.1718,0.5028,-0.3461,0.176,0.4041,-0.0444,3360.0
Anomalia,0.0407,0.1851,0.5028,-0.548,0.1896,-0.0499,0.2124,2640.0
Anomalia,0.0158,0.1712,0.3991,-0.548,0.1719,-0.3436,0.0481,2640.0
Anomalia,0.0245,0.1666,0.3991,-0.548,0.1684,-0.6048,0.5626,2880.0
Anomalia,0.0314,0.1633,0.3991,-0.548,0.1663,-0.8196,0.8034,4080.0
Anomalia,0.0332,0.1317,0.2827,-0.3882,0.1358,-0.5673,0.2674,3120.0
Anomalia,0.0364,0.1261,0.2969,-0.3882,0.1312,-0.4192,0.4298,3840.0
Anomalia,0.0363,0.1273,0.3665,-0.3582,0.1324,-0.1886,0.0949,5280.0
Anomalia,0.025,0.1383,0.3665,-0.3582,0.1405,0.1584,-0.0456,5280.0
Anomalia,0.0392,0.1459,0.4784,-0.3582,0.1511,0.3733,0.5108,3360.0
Anomalia,0.032,0.1431,0.4784,-0.3582,0.1466,0.4835,0.6701,3360.0
Anomalia,0.0282,0.1362,0.4784,-0.2326,0.1391,0.6742,0.6496,480.0
Anomalia,0.0285,0.1411,0.4784,-0.3284,0.1439,0.3532,0.6383,960.0
Anomalia,0.0143,0.1586,0.3672,-0.3799,0.1593,-0.0714,-0.411,3360.0
Anomalia,0.0296,0.184,0.5126,-0.3799,0.1864,0.0331,-0.6121,3360.0
Anomalia,0.0401,0.1955,0.5126,-0.3799,0.1996,0.0015,-0.7873,3360.0
Anomalia,0.0377,0.178,0.5126,-0.3799,0.1819,0.1441,-0.3561,3360.0
Anomalia,0.0492,0.1822,0.5923,-0.285,0.1887,0.5068,0.0315,3360.0
Anomalia,0.0314,0.1785,0.5923,-0.3375,0.1812,0.5664,0.2236,3360.0
Anomalia,0.0368,0.2014,0.7224,-0.3375,0.2048,0.8067,0.8574,4080.0
Anomalia,0.0324,0.2181,0.7224,-0.3375,0.2205,0.6711,0.1749,4080.0
Anomalia,0.025,0.2044,0.7224,-0.3375,0.2059,0.7473,0.544,960.0
Anomalia,0.0328,0.1946,0.7224,-0.324,0.1974,0.7447,0.8162,3360.0
Anomalia,0.0161,0.1593,0.5051,-0.324,0.1601,0.3586,0.0083,960.0
Anomalia,0.0385,0.1795,0.5051,-0.3993,0.1836,0.2177,-0.1827,2880.0
Anomalia,0.0459,0.2048,0.5777,-0.3993,0.2098,0.2407,-0.3008,2880.0
Anomalia,0.0228,0.2737,0.6,-0.8288,0.2746,-0.1775,0.0076,1920.0
Anomalia,0.0465,0.3093,0.7581,-0.8288,0.3127,-0.1568,-0.3653,3360.0
Anomalia,0.0186,0.3099,0.7581,-0.8288,0.3105,-0.0559,-0.3662,3360.0
Anomalia,0.0195,0.2987,0.7581,-0.8288,0.2994,-0.1261,-0.1358,3360.0
Anomalia,0.0441,0.2527,0.7581,-0.6317,0.2565,0.0441,0.0349,3360.0
Anomalia,0.0285,0.2094,0.5361,-0.5238,0.2113,-0.0506,-0.0075,3360.0
Anomalia,0.0349,0.2032,0.5361,-0.4719,0.2062,0.2573,-0.1245,3360.0
Anomalia,0.0385,0.1868,0.519,-0.4719,0.1907,0.1208,0.1886,4080.0
Anomalia,0.0226,0.1615,0.5149,-0.4195,0.163,0.3646,0.44,2880.0
Anomalia,0.0357,0.1633,0.5149,-0.4195,0.1672,0.1593,0.1194,2880.0
Anomalia,0.0345,0.1341,0.4083,-0.2374,0.1385,0.2943,-0.4218,2880.0
Anomalia,0.0229,0.1477,0.4083,-0.4635,0.1495,-0.082,0.1874,480.0
Anomalia,0.0487,0.1792,0.4848,-0.4635,0.1857,-0.1332,-0.1253,480.0
Anomalia,0.0173,0.1932,0.4848,-0.4635,0.194,-0.0259,-0.4179,3360.0
Anomalia,0.0381,0.1985,0.4848,-0.4635,0.2021,-0.3403,-0.401,3360.0
Anomalia,0.0349,0.1839,0.4848,-0.4149,0.1871,-0.1951,-0.2533,3360.0
Anomalia,0.0136,0.165,0.3899,-0.383,0.1656,-0.2608,-0.3386,3360.0
Anomalia,0.0372,0.1436,0.3307,-0.3651,0.1484,-0.3415,-0.1084,3360.0
Anomalia,0.0254,0.1347,0.3307,-0.3346,0.1371,0.0088,-0.3483,3360.0
Anomalia,0.0293,0.1319,0.3307,-0.3346,0.1351,-0.1102,-0.1888,480.0
Anomalia,0.0501,0.1094,0.2969,-0.2103,0.1203,-0.1103,-0.3429,960.0
Anomalia,0.031,0.1024,0.2969,-0.2103,0.107,0.0034,-0.3698,960.0
Anomalia,0.0328,0.0898,0.2466,-0.2088,0.0956,-0.1718,-0.1112,960.0
Anomalia,0.0305,0.1096,0.315,-0.3148,0.1138,-0.1621,0.1633,480.0
Anomalia,0.0137,0.1759,0.6884,-0.6027,0.1764,0.4198,2.8944,3120.0
Anomalia,0.0418,0.2301,0.6884,-0.6027,0.2338,-0.1901,0.6038,2880.0
Anomalia,0.0202,0.2551,0.6884,-0.6027,0.2559,-0.0892,-0.2624,2880.0
Anomalia,0.0343,0.259,0.6884,-0.6027,0.2612,-0.1665,-0.3343,2880.0
Anomalia,0.038,0.2213,0.4834,-0.5964,0.2245,-0.422,-0.0616,2880.0
Anomalia,0.0073,0.1772,0.3887,-0.4575,0.1773,-0.1542,-0.3064,2880.0
Anomalia,0.0458,0.1531,0.3887,-0.329,0.1598,-0.0998,-0.5481,2880.0
Anomalia,0.0186,0.1474,0.3152,-0.329,0.1485,-0.1543,-0.8159,2880.0
Anomalia,0.0315,0.1504,0.3277,-0.329,0.1537,-0.2295,-0.7057,480.0
Anomalia,0.0506,0.1418,0.3355,-0.2551,0.1506,-0.1804,-0.72,3360.0
Anomalia,0.031,0.1361,0.3355,-0.2551,0.1396,-0.0637,-0.6392,3360.0
Anomalia,0.0414,0.1681,0.5057,-0.353,0.1732,0.241,-0.0749,3360.0
Anomalia,0.032,0.1979,0.5729,-0.528,0.2005,0.2966,0.3456,960.0
Anomalia,0.0071,0.2249,0.5729,-0.6434,0.225,-0.0713,0.5073,3120.0
Anomalia,0.0221,0.2301,0.5729,-0.6434,0.2311,-0.1498,0.3463,3120.0
Anomalia,0.0281,0.2156,0.5729,-0.6434,0.2174,-0.4177,0.7713,1200.0
Anomalia,0.0311,0.1874,0.3582,-0.6434,0.19,-0.7607,1.4,3360.0
Anomalia,0.056,0.1429,0.3509,-0.2923,0.1535,0.0422,-0.2854,4080.0
Anomalia,0.0309,0.1408,0.3457,-0.2923,0.1441,0.0437,-0.4137,2640.0
Anomalia,0.0324,0.1503,0.3855,-0.5927,0.1538,-0.5578,1.3652,2640.0
Anomalia,0.0222,0.1481,0.3855,-0.5927,0.1497,-0.4833,1.3559,4080.0
Anomalia,0.024,0.1481,0.3855,-0.5927,0.1501,-0.4579,1.3593,4080.0
Anomalia,0.0316,0.1419,0.3855,-0.5927,0.1453,-0.6004,2.1107,960.0
Anomalia,0.0335,0.0998,0.2998,-0.2109,0.1052,0.195,0.005,960.0
Anomalia,0.0273,0.0954,0.2662,-0.1988,0.0992,0.004,-0.2692,960.0
Anomalia,0.0289,0.1054,0.3206,-0.2065,0.1093,0.041,-0.1717,960.0
Anomalia,0.0361,0.1084,0.3206,-0.2065,0.1142,0.1741,-0.3523,960.0
Anomalia,0.0302,0.1142,0.3206,-0.2065,0.1182,0.1674,-0.5684,960.0
Anomalia,0.0479,0.1168,0.3206,-0.2218,0.1263,-0.0478,-0.5277,4080.0
Anomalia,0.0358,0.1154,0.3718,-0.2218,0.1208,0.2272,-0.1751,2880.0
Anomalia,0.0257,0.1437,0.3718,-0.4784,0.146,-0.3732,0.7603,960.0
Anomalia,0.0303,0.1622,0.3718,-0.4784,0.165,-0.2747,0.0524,2640.0
Anomalia,0.0193,0.1749,0.3718,-0.4909,0.1759,-0.3418,0.0003,960.0
Anomalia,0.0276,0.1904,0.3603,-0.5574,0.1924,-0.7034,0.3105,960.0
Anomalia,0.0312,0.1894,0.3603,-0.5574,0.1919,-0.6881,0.1204,960.0
Anomalia,0.0248,0.1845,0.3603,-0.5574,0.1862,-0.7561,0.2236,2880.0
Anomalia,0.035,0.1922,0.5726,-0.5574,0.1953,-0.57,0.1749,960.0
Anomalia,0.0273,0.2217,0.5937,-0.5637,0.2234,-0.3127,-0.2362,960.0
Anomalia,0.0328,0.2234,0.5937,-0.5637,0.2258,-0.2619,-0.1317,5040.0
Anomalia,0.0357,0.2339,0.5937,-0.5637,0.2366,-0.1806,-0.4019,3360.0
Anomalia,0.0227,0.2196,0.5937,-0.5637,0.2208,-0.0734,-0.1813,3360.0
Anomalia,0.0323,0.1925,0.4832,-0.4172,0.1952,-0.0834,-0.4953,3360.0
Anomalia,0.0247,0.237,0.6888,-0.833,0.2383,-0.3719,0.9284,3360.0
Anomalia,0.0424,0.2851,1.1543,-0.833,0.2883,0.4712,2.078,3360.0
Anomalia,0.026,0.3461,1.1543,-0.833,0.3471,-0.0192,0.5541,3360.0
Anomalia,0.0279,0.3595,1.1543,-0.833,0.3606,0.0957,0.2601,3360.0
Anomalia,0.0275,0.3349,1.1543,-0.789,0.336,0.2632,0.619,3360.0
Anomalia,0.0184,0.2925,0.7594,-0.789,0.2931,-0.2692,0.1898,3360.0
Anomalia,0.0379,0.2277,0.7594,-0.3757,0.2308,0.4068,-0.3121,3360.0
Anomalia,0.0332,0.2096,0.5192,-0.3797,0.2122,-0.0409,-0.8682,3360.0
Anomalia,0.0239,0.2081,0.4642,-0.5752,0.2094,-0.3602,-0.4199,1200.0
Anomalia,0.0282,0.2013,0.3697,-0.5752,0.2033,-0.5715,-0.3388,960.0
Anomalia,0.0313,0.2138,0.5382,-0.5752,0.2161,-0.359,-0.1847,2880.0
Anomalia,0.0291,0.2015,0.5382,-0.5752,0.2036,-0.2576,0.0986,2880.0
Anomalia,0.0463,0.1807,0.5382,-0.4686,0.1866,0.0477,-0.0782,2880.0
Anomalia,0.0232,0.1775,0.5382,-0.4686,0.179,0.2133,0.0435,960.0
Anomalia,0.0368,0.1733,0.3876,-0.461,0.1772,-0.2073,-0.4596,480.0
Anomalia,0.0324,0.1852,0.3876,-0.4717,0.188,-0.3814,-0.1656,720.0
Anomalia,0.0327,0.1826,0.3876,-0.4717,0.1855,-0.3754,0.0282,5040.0
Anomalia,0.0374,0.1785,0.3876,-0.4717,0.1824,-0.4548,0.2689,960.0
Anomalia,0.0209,0.1458,0.3761,-0.4717,0.1473,-0.4222,0.9553,960.0
Anomalia,0.0196,0.1195,0.3388,-0.2629,0.1211,-0.2074,-0.0843,960.0
Anomalia,0.0168,0.1109,0.2364,-0.2629,0.1122,-0.4616,-0.1574,960.0
Anomalia,0.0319,0.1106,0.3263,-0.2629,0.1151,-0.1376,0.3164,960.0
Anomalia,0.0312,0.1057,0.3263,-0.2629,0.1102,-0.1035,0.5071,960.0
Anomalia,0.0446,0.0938,0.3263,-0.1817,0.1039,0.297,0.7162,480.0
Anomalia,0.0374,0.1108,0.3263,-0.2985,0.117,-0.1629,0.4472,4080.0
Anomalia,0.02,0.1341,0.5286,-0.3557,0.1355,0.0274,1.2423,4080.0
Anomalia,0.0263,0.1822,0.5286,-0.3734,0.184,0.2693,0.347,4080.0
Anomalia,0.0247,0.2042,0.5286,-0.3734,0.2057,0.1717,-0.3194,2880.0
Anomalia,0.0309,0.2277,0.5286,-0.5201,0.2298,-0.0024,-0.5686,2880.0
Anomalia,0.0454,0.2207,0.5213,-0.5201,0.2253,-0.132,-0.4591,2880.0
Anomalia,0.0314,0.1917,0.4592,-0.5201,0.1943,-0.2181,-0.1278,2880.0
Anomalia,0.0302,0.1959,0.5318,-0.5201,0.1982,0.0499,0.102,2880.0
Anomalia,0.027,0.2388,0.7203,-0.75,0.2403,-0.0635,0.9719,5040.0
Anomalia,0.0137,0.2723,0.7203,-0.75,0.2726,-0.0269,0.3411,5040.0
Anomalia,0.0345,0.3088,0.7203,-0.75,0.3108,-0.0757,-0.3409,5280.0
Anomalia,0.0229,0.3085,0.7203,-0.75,0.3093,-0.0469,-0.371,3360.0
Anomalia,0.0353,0.2678,0.7085,-0.6653,0.2701,0.0168,-0.1678,3360.0
Anomalia,0.0401,0.242,0.6548,-0.5735,0.2453,0.0011,-0.2123,3360.0
Anomalia,0.0306,0.2129,0.5451,-0.4147,0.215,-0.1113,-0.6938,3360.0
Anomalia,0.0342,0.2145,0.5451,-0.5449,0.2172,-0.1358,-0.5113,3120.0
Anomalia,0.0313,0.2042,0.46,-0.5449,0.2066,-0.2605,-0.5009,3120.0
Anomalia,0.0289,0.1973,0.46,-0.5449,0.1994,-0.0934,-0.4574,2880.0
Anomalia,0.0367,0.183,0.46,-0.5449,0.1866,-0.1611,-0.1155,2880.0
Anomalia,0.0298,0.1524,0.369,-0.3861,0.1553,0.0293,-0.5595,4080.0
Anomalia,0.0225,0.1589,0.3588,-0.3861,0.1605,-0.0969,-0.3475,2640.0
Anomalia,0.0312,0.1616,0.4106,-0.4156,0.1645,-0.1045,-0.1574,3840.0
Anomalia,0.0229,0.1581,0.4106,-0.4156,0.1598,-0.2203,0.2972,5280.0
Anomalia,0.0371,0.1588,0.4106,-0.4156,0.163,-0.3656,0.3893,5280.0
Anomalia,0.0409,0.1417,0.4106,-0.4156,0.1474,-0.3383,0.8097,5280.0
Anomalia,0.0287,0.1117,0.3048,-0.396,0.1153,-0.3008,1.1993,5280.0
Anomalia,0.0286,0.0981,0.2854,-0.2197,0.1022,0.0023,-0.3118,960.0
Anomalia,0.0182,0.0985,0.2395,-0.2197,0.1002,-0.0502,-0.3779,960.0
Anomalia,0.0223,0.0926,0.2395,-0.2197,0.0952,-0.1296,-0.2362,960.0
Anomalia,0.0373,0.1052,0.2825,-0.2197,0.1116,-0.1181,-0.3878,960.0
Anomalia,0.0308,0.1035,0.2825,-0.2168,0.108,-0.0256,-0.2695,960.0
Anomalia,0.0445,0.1116,0.3271,-0.2332,0.1201,-0.0176,-0.1765,2640.0
Anomalia,0.0416,0.1628,0.4731,-0.3899,0.168,0.0009,0.0618,960.0
Anomalia,0.0214,0.1978,0.4731,-0.5674,0.1989,-0.1818,-0.1032,4320.0
Anomalia,0.0468,0.2385,0.5925,-0.5674,0.243,-0.2259,-0.4691,3120.0
Anomalia,0.0178,0.246,0.5925,-0.5674,0.2466,-0.0442,-0.6539,2880.0
Anomalia,0.029,0.2395,0.5925,-0.5674,0.2413,-0.2339,-0.4718,2880.0
Anomalia,0.0391,0.2148,0.5925,-0.5359,0.2184,-0.2429,-0.0116,2880.0
Anomalia,0.0148,0.1749,0.4118,-0.4696,0.1755,-0.3807,-0.1525,2880.0
Anomalia,0.042,0.1702,0.4118,-0.4696,0.1753,-0.4827,0.0846,2880.0
Anomalia,0.0195,0.1602,0.4028,-0.397,0.1614,-0.2955,-0.2427,1920.0
Anomalia,0.0306,0.1609,0.4028,-0.397,0.1638,-0.1995,-0.3323,2880.0
Anomalia,0.0421,0.1528,0.4028,-0.397,0.1585,-0.3451,0.1077,2880.0
Anomalia,0.0282,0.1458,0.4028,-0.397,0.1485,-0.1489,-0.0729,2880.0
Anomalia,0.0406,0.1695,0.6784,-0.5005,0.1742,0.4781,2.0334,1920.0
Anomalia,0.0327,0.2272,0.9119,-0.5616,0.2295,0.7704,2.6215,1920.0
Anomalia,0.0119,0.2556,0.9119,-0.5656,0.2559,0.594,1.3233,1920.0
Anomalia,0.0317,0.2812,0.9119,-0.5656,0.283,0.5309,0.4151,3360.0
Anomalia,0.0243,0.2745,0.9119,-0.5656,0.2756,0.4599,0.3449,3360.0
Anomalia,0.0262,0.2283,0.6793,-0.5656,0.2298,0.2429,-0.0305,3360.0
Anomalia,0.0536,0.2037,0.6793,-0.3361,0.2106,0.3401,-0.0087,3360.0
Anomalia,0.0258,0.1892,0.4277,-0.6035,0.1909,-0.3955,0.1525,3360.0
Anomalia,0.0279,0.1795,0.5466,-0.6035,0.1817,-0.2015,1.0057,4080.0
Anomalia,0.0314,0.1783,0.5466,-0.6035,0.181,-0.3369,1.0143,4080.0
Anomalia,0.0198,0.1769,0.5466,-0.6035,0.178,-0.2994,1.0064,4080.0
Anomalia,0.033,0.1505,0.5466,-0.3436,0.1541,0.1651,0.5383,2880.0
Anomalia,0.0387,0.1279,0.3357,-0.3025,0.1336,-0.2379,-0.2512,2880.0
Anomalia,0.0194,0.1292,0.285,-0.3167,0.1306,-0.3128,-0.511,2880.0
Anomalia,0.0305,0.1203,0.338,-0.3167,0.1241,-0.1705,-0.1584,5280.0
Anomalia,0.0356,0.1228,0.338,-0.3167,0.1279,-0.2451,-0.2348,5280.0
Anomalia,0.0295,0.1216,0.338,-0.3167,0.1252,-0.187,-0.221,3360.0
Anomalia,0.0516,0.1157,0.338,-0.2322,0.1267,-0.0588,-0.1543,4080.0
Anomalia,0.0285,0.1188,0.3332,-0.2318,0.1222,-0.0235,-0.6573,3360.0
Anomalia,0.0301,0.1556,0.5247,-0.377,0.1585,0.305,0.3758,3840.0
Anomalia,0.0334,0.1682,0.5247,-0.377,0.1715,0.3126,-0.1084,3360.0
Anomalia,0.012,0.179,0.5247,-0.377,0.1794,0.4873,-0.3467,3360.0
Anomalia,0.0467,0.1922,0.5247,-0.377,0.1978,0.1405,-0.8166,3360.0
Anomalia,0.0237,0.1756,0.3941,-0.4143,0.1771,0.0632,-0.7314,3360.0
Anomalia,0.0281,0.1704,0.3941,-0.4143,0.1727,-0.0854,-0.6973,3360.0
Anomalia,0.0403,0.1865,0.4487,-0.5268,0.1908,-0.4439,0.0876,3360.0
Anomalia,0.007,0.2129,0.6369,-0.5268,0.213,0.0796,0.0548,5040.0
Anomalia,0.0472,0.2191,0.6369,-0.5268,0.2242,-0.0625,-0.1363,5040.0
Anomalia,0.0281,0.2399,0.6369,-0.5268,0.2416,0.0535,-0.6335,2880.0
Anomalia,0.0369,0.2204,0.6369,-0.4763,0.2235,0.118,-0.4952,2880.0
Anomalia,0.0427,0.1811,0.5005,-0.4008,0.1861,-0.0978,-0.3546,1200.0
Anomalia,0.0105,0.1974,0.5453,-0.5441,0.1977,0.0353,0.0216,4080.0
Anomalia,0.0305,0.2353,0.674,-0.6261,0.2373,0.0635,0.2798,3120.0
Anomalia,0.0229,0.262,0.674,-0.6261,0.263,0.148,-0.1871,3360.0
Anomalia,0.0195,0.2948,0.674,-0.6267,0.2955,0.0802,-0.6792,3360.0
Anomalia,0.0467,0.2864,0.674,-0.6267,0.2902,-0.084,-0.6351,3360.0
Anomalia,0.0286,0.2379,0.614,-0.6267,0.2397,0.0179,-0.0992,3360.0
Anomalia,0.0272,0.2138,0.529,-0.6267,0.2155,-0.011,0.0733,3360.0
Anomalia,0.0404,0.1825,0.5374,-0.3146,0.187,0.3988,-0.4477,3360.0
Anomalia,0.0072,0.1733,0.5374,-0.4243,0.1735,0.2717,-0.124,3360.0
Anomalia,0.0286,0.1802,0.5374,-0.4243,0.1825,0.1005,-0.4011,3120.0
Anomalia,0.0323,0.1797,0.5374,-0.4243,0.1826,0.0106,-0.4966,2880.0
Anomalia,0.0265,0.1683,0.3622,-0.4243,0.1703,-0.2849,-0.7325,2880.0
Anomalia,0.0448,0.1532,0.3622,-0.3129,0.1596,-0.3269,-0.7221,2640.0
Anomalia,0.0199,0.18,0.4012,-0.6031,0.1811,-0.5485,0.0834,960.0
Anomalia,0.0219,0.205,0.6085,-0.6031,0.2062,-0.0727,0.4868,3360.0
Anomalia,0.0236,0.2045,0.6085,-0.6031,0.2058,-0.0309,0.5802,3360.0
Anomalia,0.0305,0.2086,0.6085,-0.6031,0.2108,-0.0121,0.4251,3360.0
Anomalia,0.047,0.1821,0.6085,-0.5059,0.1881,0.3063,0.593,3360.0
Anomalia,0.0385,0.143,0.4254,-0.3726,0.1481,0.0906,-0.3937,4080.0
Anomalia,0.0309,0.1346,0.4254,-0.2447,0.1381,0.1975,-0.4832,4080.0
Anomalia,0.0246,0.1257,0.2916,-0.2447,0.1281,0.0611,-0.7226,4080.0
Anomalia,0.0218,0.1267,0.2916,-0.3574,0.1285,-0.2141,-0.3621,4560.0
Anomalia,0.0245,0.1196,0.2916,-0.3574,0.1221,-0.175,-0.161,960.0
Anomalia,0.0349,0.1219,0.2916,-0.3574,0.1268,-0.3458,-0.1999,960.0
Anomalia,0.0251,0.1339,0.3027,-0.3574,0.1363,-0.309,-0.579,960.0
Anomalia,0.0271,0.1474,0.4506,-0.3628,0.1499,0.0804,-0.1964,1200.0
Anomalia,0.0154,0.2229,0.7057,-0.6603,0.2234,-0.0335,1.0778,960.0
Anomalia,0.0247,0.2344,0.7057,-0.6603,0.2357,0.0438,0.6117,3120.0
Anomalia,0.0353,0.2465,0.7057,-0.6603,0.249,0.0782,0.2743,3120.0
Anomalia,0.036,0.2486,0.7057,-0.6603,0.2512,0.1408,0.1799,2880.0
Anomalia,0.051,0.1949,0.532,-0.2998,0.2015,0.4977,-0.7208,2880.0
Anomalia,0.03,0.1884,0.532,-0.3317,0.1908,0.4896,-0.4807,2880.0
Anomalia,0.0154,0.1852,0.4704,-0.3317,0.1859,0.3355,-0.7893,1200.0
Anomalia,0.0237,0.1858,0.4537,-0.3317,0.1873,0.0524,-0.7582,1200.0
Anomalia,0.0188,0.1886,0.4886,-0.3317,0.1896,0.2105,-0.5796,480.0
Anomalia,0.0323,0.1888,0.4886,-0.3279,0.1915,0.1675,-0.643,480.0
Anomalia,0.046,0.176,0.4886,-0.3338,0.1819,0.0403,-0.3535,3360.0
Anomalia,0.0264,0.1897,0.5349,-0.5126,0.1916,-0.1339,0.1725,3360.0
Anomalia,0.032,0.198,0.5349,-0.5355,0.2006,-0.4977,0.3852,3120.0
Anomalia,0.028,0.2163,0.5478,-0.5355,0.2181,-0.4312,0.1954,3120.0
Anomalia,0.0223,0.2215,0.5478,-0.5355,0.2226,-0.2375,0.0657,3120.0
Anomalia,0.0334,0.2114,0.5478,-0.5355,0.214,-0.1776,-0.0933,3360.0
Anomalia,0.0288,0.1973,0.5478,-0.5107,0.1994,0.1346,-0.1589,2880.0
Anomalia,0.0259,0.1652,0.5188,-0.3755,0.1672,0.4104,-0.0672,2880.0
Anomalia,0.0246,0.1597,0.4043,-0.5307,0.1616,-0.0856,0.3156,3360.0
Anomalia,0.0257,0.1459,0.3651,-0.5307,0.1482,-0.135,0.4576,4080.0
Anomalia,0.0251,0.1344,0.3515,-0.5307,0.1367,-0.4184,1.0288,4080.0
Anomalia,0.0359,0.1437,0.3515,-0.5307,0.1481,-0.542,0.5289,4080.0
Anomalia,0.0364,0.1273,0.3515,-0.251,0.1324,0.0466,-0.5831,2880.0
Anomalia,0.0281,0.1106,0.3008,-0.2418,0.1141,-0.007,-0.4131,2880.0
Anomalia,0.0321,0.1099,0.3008,-0.2418,0.1145,-0.0455,-0.3848,3120.0
Anomalia,0.0159,0.102,0.3327,-0.1996,0.1033,0.3306,0.0592,4080.0
Anomalia,0.0272,0.1057,0.3327,-0.1996,0.1092,0.2721,0.0813,4080.0
Anomalia,0.0342,0.1084,0.3327,-0.1996,0.1137,0.3,-0.2131,4080.0
Anomalia,0.024,0.1185,0.3327,-0.2868,0.1209,0.2341,-0.2365,4080.0
Anomalia,0.0396,0.1234,0.4425,-0.2868,0.1296,0.232,0.1291,960.0
Anomalia,0.0283,0.1331,0.4425,-0.3396,0.1361,-0.074,0.0597,960.0
Anomalia,0.0259,0.1557,0.4452,-0.3473,0.1578,0.1031,-0.0542,4320.0
Anomalia,0.0444,0.168,0.4452,-0.3473,0.1738,-0.0733,-0.3891,2880.0
Anomalia,0.0273,0.1772,0.4452,-0.3473,0.1792,-0.0394,-0.7557,2880.0
Anomalia,0.0399,0.175,0.4452,-0.3473,0.1795,-0.0564,-0.8299,2880.0
Anomalia,0.0324,0.1675,0.3542,-0.3795,0.1706,-0.2055,-0.7427,2880.0
Anomalia,0.019,0.1883,0.6452,-0.5389,0.1893,-0.0267,0.1948,4080.0
Anomalia,0.0328,0.2115,0.6452,-0.5389,0.2141,0.0954,0.3914,4080.0
Anomalia,0.0129,0.2237,0.6452,-0.5389,0.2241,0.1503,0.1135,5040.0
Anomalia,0.0323,0.2332,0.6452,-0.5389,0.2354,0.0845,-0.2744,5280.0
Anomalia,0.0331,0.2059,0.629,-0.5053,0.2086,0.1218,-0.008,3360.0
Anomalia,0.0211,0.1808,0.4379,-0.4656,0.182,0.031,-0.4407,5280.0
Anomalia,0.0219,0.2152,0.7137,-0.5205,0.2163,0.3478,0.7774,3360.0
Anomalia,0.0218,0.2566,0.7808,-0.7312,0.2575,0.3464,0.976,1920.0
Anomalia,0.0306,0.2958,0.7808,-0.7312,0.2973,0.268,-0.0584,5280.0
Anomalia,0.0461,0.3098,0.7808,-0.7312,0.3132,0.2248,-0.2904,5280.0
Anomalia,0.0531,0.2993,0.7808,-0.7312,0.3039,0.2287,-0.3375,3360.0
Anomalia,0.0438,0.2548,0.7166,-0.5749,0.2586,0.3976,-0.1185,3360.0
Anomalia,0.0258,0.2303,0.7166,-0.5716,0.2317,0.4674,0.3563,3360.0
Anomalia,0.0103,0.2225,0.6225,-0.5716,0.2227,0.3156,0.0005,3360.0
Anomalia,0.0211,0.1962,0.5338,-0.5716,0.1973,0.1086,0.325,3120.0
Anomalia,0.0212,0.1957,0.5338,-0.5716,0.1969,0.0979,0.3465,960.0
Anomalia,0.0425,0.1877,0.5338,-0.3966,0.1924,-0.0262,-0.3045,2880.0
Anomalia,0.043,0.1692,0.5338,-0.3659,0.1746,0.0488,-0.2499,480.0
Anomalia,0.0366,0.1632,0.3788,-0.3659,0.1673,-0.2022,-0.5765,3840.0
Anomalia,0.0206,0.1907,0.4748,-0.4823,0.1918,-0.2901,-0.3835,960.0
Anomalia,0.015,0.1954,0.4748,-0.5096,0.196,-0.2246,-0.0855,5040.0
Anomalia,0.0284,0.1977,0.4748,-0.5096,0.1997,-0.2898,-0.0979,5280.0
Anomalia,0.0226,0.1928,0.4748,-0.5096,0.1941,-0.2494,0.1449,5280.0
Anomalia,0.0505,0.1656,0.4191,-0.5096,0.1731,-0.2244,0.4315,960.0
Anomalia,0.0285,0.1516,0.3655,-0.3183,0.1542,0.0949,-0.4895,3360.0
Anomalia,0.0332,0.1443,0.3409,-0.3183,0.1481,-0.0713,-0.3659,960.0
Anomalia,0.0307,0.1463,0.3409,-0.3075,0.1495,0.0523,-0.6995,960.0
Anomalia,0.0216,0.1417,0.3866,-0.3075,0.1433,0.1935,-0.5062,960.0
Anomalia,0.0492,0.1258,0.3866,-0.2545,0.135,0.0646,-0.4299,960.0
Anomalia,0.0226,0.1297,0.3866,-0.2545,0.1317,0.1366,-0.6051,960.0
Anomalia,0.0378,0.138,0.4249,-0.2545,0.1431,0.2127,-0.2869,960.0
Anomalia,0.0254,0.1782,0.4721,-0.5103,0.18,-0.0822,0.1329,5040.0
Anomalia,-0.0003,0.2068,0.4721,-0.5103,0.2068,0.0605,-0.5366,3120.0
Anomalia,0.0404,0.229,0.4721,-0.5103,0.2325,-0.357,-0.6516,3120.0
Anomalia,0.0181,0.2403,0.4721,-0.5103,0.241,-0.2266,-1.0318,3120.0
Anomalia,0.0404,0.2144,0.4327,-0.5057,0.2182,-0.461,-0.7521,2880.0
Anomalia,0.0583,0.1912,0.4327,-0.5057,0.1999,-0.4723,-0.3286,2880.0
Anomalia,0.0218,0.2075,0.6444,-0.5357,0.2087,0.0335,-0.0825,5280.0
Anomalia,0.0314,0.2277,0.6444,-0.5578,0.2298,0.0357,-0.0635,5280.0
Anomalia,0.0284,0.2589,0.6444,-0.6185,0.2605,-0.0752,-0.4138,5280.0
Anomalia,0.0119,0.2639,0.6444,-0.6185,0.2642,0.0523,-0.5283,5280.0
Anomalia,0.04,0.2414,0.5704,-0.6185,0.2447,-0.1732,-0.3594,3360.0
Anomalia,0.0277,0.2184,0.4802,-0.6185,0.2202,-0.2414,-0.0978,3360.0
Anomalia,0.0247,0.1888,0.4621,-0.4469,0.1904,-0.0518,-0.4842,3360.0
Anomalia,0.0365,0.1799,0.4124,-0.4469,0.1836,-0.2057,-0.3854,5040.0
Anomalia,0.0195,0.1758,0.3772,-0.4469,0.1769,-0.2877,-0.5126,5040.0
Anomalia,0.0426,0.1738,0.387,-0.3594,0.1789,-0.01,-0.8927,5280.0
Anomalia,0.0341,0.1784,0.4729,-0.3734,0.1817,0.0516,-0.5423,5280.0
Anomalia,0.0318,0.1741,0.4729,-0.3734,0.1769,0.0582,-0.3689,2880.0
Anomalia,0.0293,0.1631,0.4729,-0.3734,0.1657,0.1218,-0.067,2880.0
Anomalia,0.0207,0.1761,0.518,-0.3734,0.1773,0.1742,0.3403,3840.0
Anomalia,0.0195,0.1714,0.518,-0.335,0.1725,0.1829,0.1451,5280.0
Anomalia,0.0316,0.177,0.518,-0.335,0.1798,0.3503,0.1437,960.0
Anomalia,0.0373,0.1736,0.518,-0.335,0.1776,0.3522,0.2442,960.0
Anomalia,0.0367,0.1418,0.5011,-0.3188,0.1465,0.3573,0.5101,960.0
Anomalia,0.0435,0.1207,0.5011,-0.2564,0.1283,0.5189,1.0761,960.0
Anomalia,0.0277,0.1083,0.3317,-0.2564,0.1118,0.1212,-0.083,960.0
Anomalia,0.0289,0.1086,0.3317,-0.2564,0.1124,-0.1567,0.1233,960.0
Anomalia,0.028,0.1045,0.3317,-0.2416,0.1082,0.0718,-0.0815,4080.0
Anomalia,0.026,0.1017,0.3317,-0.2416,0.105,0.0808,-0.0674,4080.0
Anomalia,0.0344,0.0903,0.2234,-0.2416,0.0967,-0.3311,-0.2261,960.0
Anomalia,0.0229,0.0976,0.2234,-0.2437,0.1003,-0.205,-0.5255,4320.0
Anomalia,0.0319,0.1428,0.4565,-0.3486,0.1463,0.1977,0.4142,4320.0
Anomalia,0.0247,0.1799,0.4696,-0.4771,0.1816,-0.0574,0.1471,3120.0
Anomalia,0.024,0.2104,0.5666,-0.4771,0.2117,0.1085,-0.3822,2880.0
Anomalia,0.0449,0.2282,0.5666,-0.4771,0.2326,-0.0275,-0.6175,2880.0
Anomalia,0.0285,0.219,0.5666,-0.4771,0.2208,-0.0822,-0.2668,2880.0
Anomalia,0.0387,0.2047,0.5666,-0.4581,0.2083,-0.0493,-0.2074,2880.0
Anomalia,0.0304,0.1838,0.4955,-0.4581,0.1863,-0.1925,-0.0831,2880.0
Anomalia,0.0147,0.1611,0.3903,-0.4581,0.1618,-0.3285,-0.3126,2880.0
Anomalia,0.0403,0.1584,0.3903,-0.3169,0.1635,-0.1238,-0.6109,2880.0
Anomalia,0.0242,0.1472,0.3674,-0.3135,0.1491,0.0392,-0.6354,960.0
Anomalia,0.0441,0.1514,0.3674,-0.3135,0.1576,-0.0489,-0.7695,480.0
Anomalia,0.0471,0.1657,0.4444,-0.3135,0.1723,-0.0888,-0.8192,1200.0
Anomalia,0.016,0.2106,0.7137,-0.5739,0.2112,0.0414,0.5121,1680.0
Anomalia,0.0207,0.2611,0.8532,-0.5739,0.2619,0.2929,0.2603,720.0
Anomalia,0.0341,0.2855,0.8532,-0.5739,0.2876,0.2928,-0.3328,3360.0
Anomalia,0.0123,0.2822,0.8532,-0.5739,0.2824,0.4618,-0.1042,3360.0
Anomalia,0.0532,0.2677,0.8532,-0.4821,0.2729,0.3587,-0.3796,3360.0
Anomalia,0.0359,0.2296,0.6198,-0.3943,0.2324,0.3849,-0.627,3360.0
Anomalia,0.0195,0.1887,0.5639,-0.3905,0.1897,0.3381,-0.0627,3360.0
Anomalia,0.0375,0.1962,0.5639,-0.4723,0.1997,0.0537,-0.1521,3360.0
Anomalia,0.0135,0.1658,0.4514,-0.4723,0.1664,-0.1408,0.0074,4080.0
Anomalia,0.0411,0.1595,0.4514,-0.4723,0.1647,-0.1121,0.2975,4080.0
Anomalia,0.0443,0.1602,0.4514,-0.4723,0.1662,-0.1951,0.2422,4080.0
Anomalia,0.0345,0.1413,0.4514,-0.271,0.1455,0.2466,-0.0448,3840.0
Anomalia,0.0371,0.1291,0.344,-0.271,0.1343,-0.0037,-0.3329,3840.0
Anomalia,0.0272,0.1698,0.702,-0.5595,0.172,0.1734,2.6159,3600.0
Anomalia,0.0091,0.1801,0.702,-0.5595,0.1804,0.2812,1.922,5040.0
Anomalia,0.0365,0.2014,0.702,-0.5595,0.2047,0.2453,0.8014,3360.0
Anomalia,0.0352,0.2026,0.702,-0.5595,0.2056,0.2221,0.7413,3360.0
Anomalia,0.0368,0.166,0.5186,-0.3824,0.17,0.232,-0.0233,3360.0
Anomalia,0.0407,0.1565,0.5186,-0.2789,0.1617,0.4093,0.0634,3360.0
Anomalia,0.0125,0.1338,0.3396,-0.2843,0.1344,0.0289,-0.4743,3360.0
Anomalia,0.0153,0.1375,0.3467,-0.2843,0.1383,0.205,-0.3893,3360.0
Anomalia,0.0277,0.1513,0.3467,-0.3774,0.1538,-0.1601,-0.4216,3360.0
Anomalia,0.0296,0.1492,0.3467,-0.3774,0.1521,-0.241,-0.4741,960.0
Anomalia,0.0586,0.1414,0.3467,-0.3774,0.1531,-0.4662,-0.2031,960.0
Anomalia,0.0414,0.1636,0.3505,-0.4385,0.1687,-0.5937,-0.1533,960.0
Anomalia,0.0411,0.1826,0.5535,-0.4385,0.1872,-0.071,0.1429,960.0
Anomalia,0.0275,0.1894,0.5535,-0.4385,0.1914,0.025,-0.1182,5040.0
Anomalia,0.0157,0.1987,0.5535,-0.4385,0.1994,0.1979,-0.3046,5040.0
Anomalia,0.03,0.182,0.5535,-0.4331,0.1844,0.2602,-0.0614,5280.0
Anomalia,0.0261,0.1402,0.3957,-0.3265,0.1426,-0.0291,-0.2732,2880.0
Anomalia,0.0455,0.1542,0.6565,-0.3265,0.1608,0.8257,2.0225,2880.0
Anomalia,0.032,0.1911,0.7731,-0.4796,0.1938,1.0286,3.1279,3120.0
Anomalia,0.0241,0.2306,0.7731,-0.5777,0.2318,0.4777,1.1813,3120.0
Anomalia,0.0327,0.2759,0.7731,-0.5777,0.2779,0.4503,0.1193,3360.0
Anomalia,0.0172,0.3029,0.7731,-0.6569,0.3034,0.2717,-0.3519,3360.0
Anomalia,0.0336,0.2844,0.7356,-0.6569,0.2863,0.0608,-0.3716,3360.0
Anomalia,0.0396,0.2684,0.7356,-0.6569,0.2713,0.1139,-0.1797,3360.0
Anomalia,0.0215,0.2355,0.6321,-0.6569,0.2365,0.0092,-0.1519,3360.0
Anomalia,0.0281,0.2029,0.4675,-0.4859,0.2049,-0.065,-0.39,3360.0
Anomalia,0.0317,0.2006,0.4617,-0.4859,0.2031,-0.2164,-0.4678,3120.0
Anomalia,0.0201,0.202,0.4617,-0.4859,0.203,-0.2488,-0.4711,3120.0
Anomalia,0.0454,0.2108,0.5048,-0.4859,0.2157,-0.2903,-0.371,2640.0
Anomalia,0.0446,0.1948,0.5048,-0.4089,0.1998,-0.1315,-0.422,960.0
Anomalia,0.0291,0.1861,0.5048,-0.4089,0.1884,-0.0506,-0.2943,2880.0
Anomalia,0.0382,0.1899,0.5048,-0.4617,0.1937,0.0401,-0.387,3360.0
Anomalia,0.0119,0.1959,0.5389,-0.4871,0.1963,-0.0218,-0.2289,3360.0
Anomalia,0.0291,0.1933,0.5389,-0.4871,0.1955,-0.1705,-0.1802,3360.0
Anomalia,0.0338,0.1945,0.5389,-0.4871,0.1974,-0.2507,-0.1773,3360.0
Anomalia,0.0368,0.1664,0.5389,-0.4871,0.1705,-0.3272,0.4089,3360.0
Anomalia,0.0402,0.1256,0.2985,-0.276,0.1318,-0.0987,-0.7349,3360.0
Anomalia,0.0269,0.1192,0.2904,-0.276,0.1222,0.0817,-0.5983,480.0
Anomalia,0.0238,0.1033,0.2735,-0.2059,0.106,0.0797,-0.5849,480.0
Anomalia,0.0352,0.1002,0.2735,-0.175,0.1062,0.0694,-0.5805,4560.0
Anomalia,0.0384,0.1041,0.2645,-0.2251,0.1109,-0.1608,-0.526,4080.0
Anomalia,0.0348,0.1042,0.2524,-0.2251,0.1098,-0.2807,-0.4273,960.0
Anomalia,0.0393,0.109,0.2524,-0.2251,0.1159,-0.3347,-0.541,4320.0
Anomalia,0.0222,0.1716,0.6911,-0.5059,0.173,0.1176,2.3416,2640.0
Anomalia,0.0258,0.2112,0.6911,-0.5059,0.2128,0.1542,0.7319,3120.0
Anomalia,0.0393,0.2502,0.6911,-0.5059,0.2532,-0.0236,-0.3421,2880.0
Anomalia,0.0288,0.2914,0.6911,-0.5987,0.2928,0.0205,-0.7983,2880.0
Anomalia,0.0389,0.2805,0.6469,-0.5987,0.2832,-0.1077,-0.7999,2880.0
Anomalia,0.0277,0.2608,0.6469,-0.5987,0.2622,-0.0938,-0.5784,2880.0
Anomalia,0.0251,0.2308,0.6469,-0.5987,0.2321,-0.1106,-0.0352,2880.0
Anomalia,0.0282,0.1889,0.4773,-0.5117,0.191,-0.1027,-0.3538,2880.0
Anomalia,0.0353,0.1667,0.3947,-0.33,0.1704,-0.0529,-0.8565,5040.0
Anomalia,0.0325,0.1564,0.3947,-0.2727,0.1597,0.1835,-0.8077,960.0
Anomalia,0.042,0.1486,0.3947,-0.2727,0.1544,0.0776,-0.8178,5280.0
Anomalia,0.0416,0.1581,0.4239,-0.2898,0.1635,0.2791,-0.6342,720.0
Anomalia,0.0334,0.1734,0.523,-0.393,0.1766,0.3036,0.0517,720.0
Anomalia,0.0378,0.2103,0.5706,-0.5608,0.2137,-0.1121,-0.0214,3120.0
Anomalia,0.0217,0.2368,0.5706,-0.6642,0.2378,-0.1457,-0.0718,3120.0
Anomalia,0.0298,0.2266,0.5706,-0.6642,0.2286,-0.344,0.3234,3360.0
Anomalia,0.0253,0.2198,0.5706,-0.6642,0.2212,-0.3787,0.2859,3360.0
Anomalia,0.0324,0.1851,0.4571,-0.6642,0.1879,-0.4045,1.0297,3360.0
Anomalia,0.036,0.1501,0.3991,-0.2958,0.1543,0.0684,-0.5131,3360.0
Anomalia,0.0244,0.1802,0.3991,-0.7614,0.1818,-0.873,1.8689,2640.0
Anomalia,0.0325,0.1764,0.5067,-0.7614,0.1793,-0.7977,2.7133,4080.0
Anomalia,0.0273,0.1767,0.5067,-0.7614,0.1788,-0.7677,2.6145,4080.0
Anomalia,0.0334,0.1754,0.5067,-0.7614,0.1785,-0.8312,2.8552,2880.0
Anomalia,0.0374,0.1365,0.5067,-0.2591,0.1416,0.4319,0.4707,3360.0
Anomalia,0.0327,0.1219,0.281,-0.2591,0.1262,-0.0773,-0.5026,4080.0
Anomalia,0.0241,0.1203,0.281,-0.3254,0.1226,-0.2136,-0.2494,4080.0
Anomalia,0.0277,0.1262,0.3528,-0.3254,0.1293,-0.0535,-0.1755,480.0
Anomalia,0.0367,0.1275,0.3528,-0.3254,0.1326,-0.0181,-0.3191,480.0
Anomalia,0.0409,0.1302,0.3528,-0.3254,0.1364,-0.1125,-0.4762,960.0
Anomalia,0.0526,0.129,0.3528,-0.2937,0.1394,-0.1636,-0.4667,960.0
Anomalia,0.0281,0.1349,0.373,-0.2937,0.1377,-0.1107,-0.3955,960.0
Anomalia,0.0316,0.1435,0.373,-0.2937,0.147,-0.1167,-0.5175,3840.0
Anomalia,0.0177,0.1573,0.373,-0.3636,0.1583,-0.0744,-0.5748,3120.0
Anomalia,0.0221,0.1642,0.373,-0.3636,0.1657,-0.0167,-0.7528,3120.0
Anomalia,0.038,0.1707,0.3271,-0.3636,0.1749,-0.209,-0.8839,960.0
Anomalia,0.0247,0.1683,0.3271,-0.3636,0.1701,-0.0912,-0.7977,960.0
Anomalia,0.0405,0.1555,0.3236,-0.3334,0.1607,-0.1267,-0.6066,2880.0
Anomalia,0.0291,0.1912,0.4494,-0.5322,0.1934,-0.3208,-0.0365,4080.0
Anomalia,0.0335,0.1868,0.4494,-0.5322,0.1898,-0.2606,0.1975,4080.0
Anomalia,0.0443,0.1853,0.4494,-0.5322,0.1906,-0.3215,0.2736,3840.0
Anomalia,0.0301,0.1889,0.4494,-0.5322,0.1913,-0.1698,-0.029,3360.0
Anomalia,0.0412,0.1574,0.383,-0.3763,0.1627,-0.0142,-0.5375,1200.0
Anomalia,0.0341,0.1903,0.5921,-0.6263,0.1934,-0.2515,0.6689,3360.0
Anomalia,0.0303,0.2351,0.8954,-0.6263,0.237,0.3031,1.0036,2880.0
Anomalia,0.0279,0.2957,0.8954,-0.7035,0.297,-0.0297,0.0103,3360.0
Anomalia,0.0348,0.3219,0.8954,-0.7035,0.3238,0.0549,-0.4357,3360.0
Anomalia,0.021,0.3104,0.8954,-0.7035,0.3111,0.1713,-0.3065,3360.0
Anomalia,0.0417,0.2956,0.6632,-0.7035,0.2985,-0.1354,-0.4623,3360.0
Anomalia,0.0366,0.2452,0.6632,-0.4994,0.2479,0.1473,-0.4051,3360.0
Anomalia,0.0344,0.201,0.5445,-0.4406,0.204,-0.076,-0.2316,3360.0
Anomalia,0.0346,0.1907,0.5445,-0.4406,0.1938,0.1124,-0.0544,3360.0
Anomalia,0.0173,0.1622,0.4308,-0.4406,0.1632,-0.2889,0.1539,3360.0
Anomalia,0.0298,0.1518,0.4308,-0.3999,0.1546,-0.1362,0.1146,5040.0
Anomalia,0.0298,0.1583,0.3974,-0.3999,0.1611,-0.2088,-0.2009,2640.0
Anomalia,0.0423,0.1531,0.3974,-0.3999,0.1588,-0.3014,-0.0152,2880.0
Anomalia,0.0422,0.1545,0.3974,-0.3279,0.1601,0.0208,-0.4264,2880.0
Anomalia,0.0437,0.1762,0.4231,-0.4277,0.1816,-0.11,-0.4473,3840.0
Anomalia,0.0172,0.1792,0.4231,-0.4277,0.18,-0.0517,-0.3791,720.0
Anomalia,0.0358,0.1865,0.4231,-0.4277,0.1899,-0.1435,-0.488,720.0
Anomalia,0.024,0.1832,0.4231,-0.4277,0.1847,-0.074,-0.3797,720.0
Anomalia,0.0253,0.1499,0.3638,-0.3855,0.152,-0.1062,-0.0037,480.0
Anomalia,0.0459,0.1385,0.3638,-0.3037,0.1459,0.1727,-0.5058,480.0
Anomalia,0.0156,0.1191,0.3202,-0.3037,0.1201,0.2251,-0.1145,480.0
Anomalia,0.0323,0.1113,0.2781,-0.1811,0.1159,0.1184,-0.7123,4080.0
Anomalia,0.0319,0.108,0.2781,-0.1811,0.1126,0.0767,-0.6242,4080.0
Anomalia,0.0213,0.0995,0.2362,-0.2631,0.1017,-0.3423,-0.1741,3360.0
Anomalia,0.0436,0.1161,0.3816,-0.2631,0.124,0.2052,0.3975,720.0
Anomalia,0.0204,0.1365,0.3816,-0.4016,0.138,0.0241,0.2492,480.0
Anomalia,0.0378,0.1879,0.5278,-0.4435,0.1917,0.2316,0.0782,480.0
Anomalia,0.0391,0.2061,0.5278,-0.4435,0.2098,0.1125,-0.3132,480.0
Anomalia,0.0308,0.2277,0.5643,-0.5172,0.2298,0.0633,-0.3922,2880.0
Anomalia,0.0503,0.2346,0.5643,-0.5172,0.2399,-0.1073,-0.4769,2880.0
Anomalia,0.0252,0.2047,0.5643,-0.5172,0.2062,-0.0814,-0.1153,2880.0
Anomalia,0.0359,0.1955,0.5643,-0.5172,0.1988,-0.0959,-0.0262,2880.0
Anomalia,0.0348,0.1915,0.582,-0.4535,0.1946,0.1335,0.0391,5040.0
Anomalia,0.0162,0.2098,0.582,-0.5789,0.2104,0.0804,0.2396,5040.0
Anomalia,0.0284,0.2222,0.582,-0.5789,0.224,-0.0132,-0.1708,5040.0
Anomalia,0.0173,0.2178,0.582,-0.5789,0.2185,0.0833,-0.0298,5280.0
Anomalia,0.0225,0.2031,0.5076,-0.5789,0.2044,0.0381,0.0959,3360.0
Anomalia,0.0415,0.177,0.5076,-0.4412,0.1818,0.0487,-0.2299,3360.0
Anomalia,0.034,0.1762,0.5247,-0.4412,0.1795,0.2243,0.133,3360.0
Anomalia,0.038,0.1956,0.5247,-0.4558,0.1993,-0.0215,-0.1175,1920.0
Anomalia,0.0379,0.1896,0.5247,-0.4558,0.1934,-0.1946,-0.179,5280.0
Anomalia,0.0209,0.1897,0.5247,-0.5307,0.1908,-0.2215,0.1291,1200.0
Anomalia,0.0344,0.1805,0.49,-0.5307,0.1838,-0.2963,0.4974,2880.0
Anomalia,0.0333,0.1495,0.49,-0.5307,0.1532,-0.1941,1.7049,2880.0
Anomalia,0.0258,0.1415,0.49,-0.5307,0.1438,-0.2659,2.3212,1200.0
Anomalia,0.0452,0.1556,0.49,-0.368,0.162,0.2735,0.6663,4080.0
Anomalia,0.0298,0.1565,0.4531,-0.368,0.1593,0.0046,0.3445,4080.0
Anomalia,0.0379,0.1652,0.4531,-0.368,0.1695,-0.0561,-0.0727,4080.0
Anomalia,0.0408,0.168,0.4531,-0.368,0.1728,-0.0798,-0.229,4080.0
Anomalia,0.0241,0.1316,0.338,-0.3542,0.1337,0.074,-0.3156,960.0
Anomalia,0.0286,0.1156,0.338,-0.2072,0.1191,0.3968,-0.4322,960.0
Anomalia,0.0196,0.1145,0.3597,-0.2606,0.1161,0.4312,0.0383,960.0
Anomalia,0.0163,0.1058,0.3597,-0.2606,0.107,0.4995,0.7097,960.0
Anomalia,0.0376,0.1086,0.3597,-0.2606,0.1149,0.2694,0.3056,1200.0
Anomalia,0.0343,0.1267,0.3597,-0.3482,0.1312,-0.1691,0.3869,960.0
Anomalia,0.0405,0.1235,0.3296,-0.3482,0.13,-0.3143,0.1496,960.0
Anomalia,0.0455,0.1473,0.4187,-0.3482,0.1541,-0.1752,-0.1959,960.0
Anomalia,0.02,0.181,0.5752,-0.5551,0.1821,-0.1027,0.5868,960.0
Anomalia,0.0389,0.1977,0.5752,-0.5551,0.2015,-0.3452,0.4298,3120.0
Anomalia,0.0295,0.2161,0.5752,-0.5551,0.2181,-0.4681,0.1552,3120.0
Anomalia,0.0267,0.2232,0.5752,-0.5551,0.2248,-0.5306,-0.1124,2880.0
Anomalia,0.0452,0.2184,0.4318,-0.5213,0.223,-0.6942,-0.3574,2880.0
Anomalia,0.0127,0.2096,0.3811,-0.5071,0.21,-0.4392,-0.6426,960.0
Anomalia,0.0301,0.2184,0.6269,-0.4206,0.2205,-0.0691,-0.6139,960.0
Anomalia,0.0251,0.2205,0.6269,-0.4821,0.2219,-0.0371,-0.494,5040.0
Anomalia,0.0293,0.221,0.6269,-0.4821,0.223,0.0733,-0.3837,3840.0
Anomalia,0.0457,0.2051,0.6269,-0.4821,0.2102,0.0696,-0.069,5040.0
Anomalia,0.0383,0.1917,0.4558,-0.4821,0.1955,-0.2101,0.1097,3840.0
Anomalia,0.0388,0.1997,0.6098,-0.5443,0.2034,0.0191,0.5712,3360.0
Anomalia,0.0381,0.2189,0.9338,-0.5443,0.2222,0.7432,2.4195,1920.0
Anomalia,0.0114,0.2688,0.9338,-0.6532,0.269,0.2732,0.9385,1920.0
Anomalia,0.0252,0.2923,0.9338,-0.6532,0.2934,0.4457,0.4263,3360.0
Anomalia,0.0292,0.2908,0.9338,-0.6532,0.2922,0.4377,0.3297,3360.0
Anomalia,0.0276,0.2756,0.6813,-0.6532,0.277,0.1722,-0.0883,3360.0
Anomalia,0.0621,0.2434,0.6813,-0.4103,0.2512,0.3528,-0.4115,3360.0
Anomalia,0.0396,0.2146,0.5566,-0.4224,0.2182,0.0576,-0.5879,3360.0
Anomalia,0.032,0.1955,0.5566,-0.4533,0.1981,0.0061,-0.4242,1200.0
Anomalia,0.0277,0.1834,0.3899,-0.4533,0.1855,-0.1907,-0.6201,960.0
Anomalia,0.013,0.1744,0.3747,-0.4533,0.1749,0.0305,-0.6519,960.0
Anomalia,0.0269,0.1651,0.3576,-0.4533,0.1673,-0.0212,-0.7855,960.0
Anomalia,0.0374,0.1509,0.3576,-0.2868,0.1555,-0.0293,-0.8726,960.0
Anomalia,0.0258,0.1464,0.3576,-0.2735,0.1486,0.0671,-0.7595,960.0
Anomalia,0.0404,0.1394,0.4039,-0.2735,0.1451,-0.1371,-0.516,960.0
Anomalia,0.0307,0.1428,0.4039,-0.2802,0.1461,-0.1901,-0.5481,4080.0
Anomalia,0.0292,0.1459,0.4039,-0.2802,0.1488,-0.1585,-0.6921,3360.0
Anomalia,0.0486,0.1393,0.4039,-0.2802,0.1475,-0.2828,-0.3935,3360.0
Anomalia,0.0333,0.1204,0.3271,-0.2802,0.125,-0.2707,-0.3605,3360.0
Anomalia,0.0345,0.1058,0.3271,-0.2314,0.1113,-0.0142,-0.3802,3360.0
Anomalia,0.0341,0.1074,0.3271,-0.2314,0.1127,0.0257,-0.3427,480.0
Anomalia,0.0177,0.0966,0.2464,-0.2314,0.0982,-0.0625,-0.4675,4080.0
Anomalia,0.0397,0.1116,0.3486,-0.2314,0.1185,-0.0833,-0.2893,4080.0
Anomalia,0.0365,0.1111,0.3486,-0.2132,0.117,0.0818,-0.4334,4080.0
Anomalia,0.0286,0.1136,0.3486,-0.2274,0.1171,0.0586,-0.4821,4320.0
Anomalia,0.0393,0.1472,0.3999,-0.508,0.1523,-0.3227,0.7674,3360.0
Anomalia,0.0127,0.1774,0.5301,-0.513,0.1778,-0.0753,0.5243,5040.0
Anomalia,0.0283,0.1962,0.5301,-0.513,0.1982,-0.0625,-0.0964,5040.0
Anomalia,0.0292,0.2228,0.5301,-0.513,0.2247,-0.0927,-0.6738,2880.0
Anomalia,0.0299,0.2084,0.5301,-0.513,0.2105,-0.0333,-0.5396,2880.0
Anomalia,0.047,0.1837,0.461,-0.3834,0.1896,-0.224,-0.3985,2880.0
Anomalia,0.0357,0.2227,0.7629,-0.5941,0.2256,0.0951,0.6285,2880.0
Anomalia,0.0609,0.2678,0.8303,-0.6394,0.2746,0.2414,0.7986,5280.0
Anomalia,0.0266,0.3124,0.8303,-0.7706,0.3135,0.059,0.0134,5280.0
Anomalia,0.0254,0.3378,0.8303,-0.7706,0.3387,0.1325,-0.4097,5280.0
Anomalia,0.0195,0.3159,0.8303,-0.7706,0.3165,0.1162,-0.1966,5280.0
Anomalia,0.007,0.2678,0.7214,-0.7706,0.2679,-0.0987,-0.0002,3360.0
Anomalia,0.0331,0.2175,0.7214,-0.5399,0.22,0.2554,0.3885,3360.0
Anomalia,0.0361,0.185,0.4863,-0.3419,0.1885,0.2584,-0.413,3360.0
Anomalia,0.0313,0.192,0.4863,-0.4362,0.1945,0.0668,-0.532,2880.0
Anomalia,0.037,0.1775,0.4539,-0.4362,0.1813,-0.1204,-0.4254,3120.0
Anomalia,0.0347,0.1931,0.4539,-0.4362,0.1962,-0.1785,-0.6891,2880.0
Anomalia,0.0294,0.1906,0.3924,-0.4362,0.1929,-0.3257,-0.7717,2880.0
Anomalia,0.0434,0.1627,0.3924,-0.3989,0.1684,-0.3969,-0.4121,2880.0
Anomalia,0.0218,0.1788,0.3511,-0.5693,0.1801,-0.5965,0.1661,3840.0
Anomalia,0.0361,0.187,0.4479,-0.5693,0.1904,-0.4944,0.3092,3360.0
Anomalia,0.027,0.1823,0.4479,-0.5693,0.1843,-0.4125,0.5066,5280.0
Anomalia,0.0376,0.1874,0.4479,-0.5693,0.1911,-0.4155,0.373,5280.0
Anomalia,0.0409,0.1681,0.4479,-0.4454,0.173,-0.0659,-0.0999,3360.0
Anomalia,0.033,0.1308,0.3964,-0.3334,0.1349,0.0166,0.0131,5280.0
Anomalia,0.0337,0.1173,0.3964,-0.223,0.1221,0.0719,-0.3246,4320.0
Anomalia,0.019,0.103,0.2184,-0.2447,0.1047,-0.3195,-0.5282,960.0
Anomalia,0.0331,0.108,0.2699,-0.2487,0.113,-0.2014,-0.1586,960.0
Anomalia,0.0262,0.1194,0.2699,-0.3219,0.1222,-0.4096,0.0056,960.0
Anomalia,0.0364,0.1204,0.281,-0.3219,0.1257,-0.3658,0.1765,960.0
Anomalia,0.0339,0.142,0.3085,-0.3219,0.146,-0.236,-0.5427,960.0
Anomalia,0.0118,0.1479,0.3085,-0.3861,0.1483,-0.2723,-0.391,1200.0
Anomalia,0.0224,0.2124,0.7066,-0.4713,0.2136,0.5775,0.7616,960.0
Anomalia,0.03,0.2392,0.7066,-0.4713,0.2411,0.5158,-0.1237,960.0
Anomalia,0.0363,0.2436,0.7066,-0.4713,0.2462,0.5509,-0.1634,4080.0
Anomalia,0.0637,0.2431,0.7066,-0.4713,0.2513,0.4363,-0.3842,4080.0
Anomalia,0.0455,0.2224,0.5282,-0.4792,0.227,0.2374,-0.5147,4080.0
Anomalia,0.0292,0.2032,0.5282,-0.4792,0.2052,0.1938,-0.2518,4080.0
Anomalia,0.031,0.1884,0.5282,-0.4792,0.1909,0.0372,-0.0541,4080.0
Anomalia,0.0052,0.1849,0.5282,-0.4792,0.1849,0.1723,-0.0638,4080.0
Anomalia,0.0363,0.1494,0.4187,-0.3273,0.1538,0.1944,-0.2213,3840.0
Anomalia,0.0323,0.135,0.4187,-0.2756,0.1388,0.5088,0.241,2880.0
Anomalia,0.0363,0.1452,0.4187,-0.2823,0.1497,0.2009,-0.177,2880.0
Anomalia,0.0503,0.1565,0.5866,-0.436,0.1644,0.2682,1.2071,3360.0
Anomalia,0.0367,0.2065,0.5866,-0.5464,0.2097,0.2393,0.8379,1920.0
Anomalia,0.0268,0.2562,0.5866,-0.6327,0.2576,-0.0969,0.1431,3360.0
Anomalia,0.0196,0.2769,0.6407,-0.6327,0.2776,0.0866,-0.1448,3360.0
Anomalia,0.014,0.271,0.6407,-0.6327,0.2713,0.0519,-0.144,3360.0
Anomalia,0.0277,0.2449,0.6407,-0.6327,0.2465,-0.0813,0.25,3360.0
Anomalia,0.0448,0.2002,0.6407,-0.4821,0.2052,0.2167,0.3514,3360.0
Anomalia,0.0383,0.1749,0.4932,-0.3847,0.1791,-0.0059,-0.1617,3360.0
Anomalia,0.0378,0.1678,0.4932,-0.3847,0.172,0.1034,0.0088,4080.0
Anomalia,0.0212,0.1518,0.3899,-0.3847,0.1533,-0.139,-0.0441,4080.0
Anomalia,0.0319,0.1578,0.3872,-0.3926,0.161,-0.2131,-0.2097,4080.0
Anomalia,0.0392,0.1355,0.3872,-0.3926,0.141,-0.0792,0.0741,4080.0
Anomalia,0.0413,0.1297,0.3346,-0.3926,0.1361,-0.0722,0.0671,2880.0
Anomalia,0.0347,0.148,0.4095,-0.3926,0.152,-0.2279,0.1585,2880.0
Anomalia,0.0243,0.157,0.4733,-0.4047,0.1589,-0.1092,0.2833,5280.0
Anomalia,0.0235,0.171,0.4733,-0.4047,0.1726,-0.0662,-0.2345,5280.0
Anomalia,0.0322,0.1791,0.4733,-0.4047,0.182,-0.0755,-0.4476,3360.0
Anomalia,0.0342,0.1648,0.4733,-0.4047,0.1683,0.009,-0.3144,3360.0
Anomalia,0.0344,0.1408,0.4083,-0.2768,0.1449,0.0693,-0.3537,3360.0
Anomalia,0.0279,0.1446,0.4083,-0.3836,0.1473,-0.0857,-0.291,3360.0
Anomalia,0.0206,0.1433,0.3945,-0.3836,0.1448,-0.0989,-0.2132,3360.0
Anomalia,0.0307,0.1517,0.3945,-0.3836,0.1548,-0.124,-0.4556,3360.0
Anomalia,0.0307,0.1669,0.3945,-0.3836,0.1697,-0.0201,-0.7365,3360.0
Anomalia,0.0413,0.1634,0.3945,-0.291,0.1686,0.1801,-0.7405,3360.0
Anomalia,0.0459,0.1678,0.3934,-0.3163,0.174,0.0289,-0.7795,2880.0
Anomalia,0.0275,0.1898,0.6171,-0.3724,0.1917,0.3185,-0.2781,5040.0
Anomalia,0.0405,0.2068,0.6171,-0.4362,0.2108,0.3258,-0.1137,5040.0
Anomalia,0.0265,0.2114,0.6171,-0.4362,0.2131,0.3803,-0.1544,5040.0
Anomalia,0.0223,0.2172,0.6171,-0.4362,0.2184,0.4107,-0.3233,3360.0
Anomalia,0.0392,0.2111,0.6156,-0.4362,0.2147,0.2661,-0.5261,3360.0
Anomalia,0.0149,0.1898,0.4779,-0.3327,0.1903,0.2823,-0.6471,3360.0
Anomalia,0.0302,0.2196,0.6653,-0.5428,0.2217,0.2836,-0.0824,3360.0
Anomalia,0.0399,0.2749,0.9087,-0.7279,0.2778,0.4066,0.3819,1920.0
Anomalia,0.0282,0.3117,0.9087,-0.7957,0.313,0.17,0.0464,720.0
Anomalia,0.0455,0.3224,0.9087,-0.7957,0.3256,0.0828,-0.2316,3360.0
Anomalia,0.0377,0.3119,0.9087,-0.7957,0.3142,0.1054,-0.1224,3360.0
Anomalia,0.0295,0.2586,0.6371,-0.7957,0.2603,-0.1049,0.1607,3360.0
Anomalia,0.0463,0.2212,0.5681,-0.4404,0.226,0.1052,-0.591,3360.0
Anomalia,0.0314,0.2203,0.5994,-0.4404,0.2226,0.1894,-0.4747,3360.0
Anomalia,0.0239,0.2119,0.5994,-0.4404,0.2133,0.1212,-0.3242,4080.0
Anomalia,0.0281,0.2198,0.5994,-0.4404,0.2216,0.1062,-0.5397,3120.0
Anomalia,0.0151,0.2044,0.5994,-0.4014,0.205,0.1393,-0.5011,2880.0
Anomalia,0.0347,0.1899,0.3916,-0.4014,0.1931,-0.2193,-0.8488,2880.0
Anomalia,0.0471,0.1764,0.3916,-0.325,0.1826,-0.1657,-0.937,3840.0
Anomalia,0.0201,0.1804,0.4491,-0.4562,0.1815,-0.1994,-0.6298,3840.0
Anomalia,0.0383,0.1921,0.4719,-0.4562,0.1959,-0.0837,-0.6081,4080.0
Anomalia,0.0217,0.1886,0.4719,-0.4562,0.1899,-0.0029,-0.459,3360.0
Anomalia,0.0193,0.1926,0.4719,-0.4562,0.1935,0.0303,-0.431,3360.0
Anomalia,0.0513,0.1748,0.4719,-0.367,0.1822,0.0182,-0.3496,3360.0
Anomalia,0.0229,0.1511,0.4195,-0.367,0.1529,0.0908,-0.1363,3360.0
Anomalia,0.035,0.1415,0.4195,-0.367,0.1458,0.2303,-0.0411,960.0
Anomalia,0.0362,0.1272,0.4195,-0.2259,0.1322,0.3816,-0.2853,960.0
Anomalia,0.026,0.1162,0.282,-0.2259,0.1191,0.1207,-0.9099,960.0
Anomalia,0.0549,0.1137,0.3096,-0.1656,0.1262,0.1594,-0.9618,960.0
Anomalia,0.0369,0.12,0.3096,-0.2193,0.1255,0.1316,-0.8019,960.0
Anomalia,0.0362,0.1181,0.3096,-0.2193,0.1235,-0.0514,-0.6815,960.0
Anomalia,0.0365,0.1261,0.3361,-0.2193,0.1313,0.1117,-0.5979,960.0
Anomalia,-0.0038,0.1732,0.4617,-0.6304,0.1732,-0.3849,0.942,5040.0
Anomalia,0.0332,0.2097,0.6515,-0.6304,0.2123,-0.0977,0.5958,3120.0
Anomalia,0.0157,0.2285,0.6515,-0.6304,0.2291,0.0,-0.1333,3120.0
Anomalia,0.0303,0.2346,0.6515,-0.6304,0.2365,-0.0891,-0.2514,2880.0
Anomalia,0.0537,0.191,0.6515,-0.3634,0.1984,0.1456,0.4258,2880.0
Anomalia,0.014,0.1882,0.4673,-0.6271,0.1887,-0.4887,0.4351,2880.0
Anomalia,0.04,0.22,0.7454,-0.6271,0.2236,0.0616,1.138,5040.0
Anomalia,0.0256,0.2336,0.7454,-0.6271,0.235,0.0438,0.5749,5040.0
Anomalia,0.0231,0.2505,0.7454,-0.6271,0.2516,0.0994,0.0096,5040.0
Anomalia,0.054,0.2324,0.7454,-0.5318,0.2386,0.1676,0.0993,3360.0
Anomalia,0.038,0.1924,0.5188,-0.4327,0.1961,-0.1527,-0.2135,3360.0
Anomalia,0.0348,0.172,0.5188,-0.4285,0.1754,-0.0057,-0.0257,3360.0
Anomalia,0.0419,0.1583,0.3813,-0.4285,0.1637,-0.0381,-0.3165,3120.0
Anomalia,0.0106,0.1588,0.3715,-0.4285,0.1592,-0.1894,-0.1247,3120.0
Anomalia,0.0281,0.1735,0.5543,-0.4097,0.1757,0.0029,0.084,3120.0
Anomalia,0.0345,0.1742,0.5543,-0.4097,0.1776,0.0332,0.0735,5280.0
Anomalia,0.0227,0.1646,0.5543,-0.4097,0.1662,0.0969,0.4774,2880.0
Anomalia,0.0513,0.1513,0.5543,-0.4097,0.1597,0.1444,0.6231,2880.0
Anomalia,0.0192,0.1453,0.4047,-0.4045,0.1465,-0.1825,0.1966,2880.0
Anomalia,0.0147,0.1514,0.4218,-0.4045,0.1521,-0.0882,0.0622,480.0
Anomalia,0.0284,0.1588,0.4345,-0.4045,0.1613,-0.151,0.0909,4080.0
Anomalia,0.0265,0.1692,0.4345,-0.4045,0.1713,-0.0847,-0.1988,4080.0
Anomalia,0.0432,0.1466,0.4345,-0.3127,0.1528,0.1887,0.0592,960.0
Anomalia,0.0538,0.1207,0.4345,-0.3127,0.1322,0.0229,0.9106,960.0
Anomalia,0.0308,0.1137,0.3751,-0.3127,0.1178,0.1719,0.4307,2880.0
Anomalia,0.0265,0.09,0.2729,-0.1585,0.0939,0.115,-0.4613,480.0
Anomalia,0.029,0.0914,0.2729,-0.1585,0.0959,0.116,-0.4988,480.0
Anomalia,0.0206,0.091,0.2729,-0.2055,0.0933,0.1202,-0.3076,480.0
Anomalia,0.0428,0.091,0.2729,-0.2055,0.1006,0.0328,-0.2158,960.0
Anomalia,0.0342,0.1121,0.2987,-0.3104,0.1172,-0.457,0.5098,3840.0
Anomalia,0.0261,0.1378,0.4204,-0.3294,0.1403,-0.4399,0.3661,2640.0
Anomalia,0.0327,0.1766,0.6463,-0.4477,0.1796,0.0237,0.6945,5040.0
Anomalia,0.0148,0.2017,0.6463,-0.4982,0.2023,-0.0242,0.08,2880.0
Anomalia,0.0316,0.2089,0.6463,-0.4982,0.2113,-0.0872,-0.0931,2880.0
Anomalia,0.0291,0.2209,0.6463,-0.4982,0.2228,-0.1622,-0.3158,2880.0
Anomalia,0.0256,0.2011,0.4585,-0.4982,0.2028,-0.2402,-0.2878,2880.0
Anomalia,0.0423,0.1856,0.4585,-0.4454,0.1904,-0.2576,-0.2833,2880.0
Anomalia,0.0235,0.1792,0.4585,-0.4454,0.1807,-0.1813,-0.3611,2880.0
Anomalia,0.0405,0.1497,0.4585,-0.3144,0.155,-0.0156,-0.4241,2880.0
Anomalia,0.0349,0.1398,0.2971,-0.3144,0.1441,-0.3391,-0.5491,4080.0
Anomalia,0.0301,0.1294,0.2971,-0.3144,0.1329,-0.2504,-0.477,4080.0
Anomalia,0.0299,0.125,0.3947,-0.3058,0.1285,-0.1927,-0.0072,3360.0
Anomalia,0.0105,0.1846,0.571,-0.6309,0.1849,-0.4143,1.264,720.0
Anomalia,0.0223,0.2645,0.8493,-0.8015,0.2654,0.1557,1.0636,720.0
Anomalia,0.0265,0.2923,0.8493,-0.8015,0.2935,0.1269,0.1462,3360.0
Anomalia,0.0267,0.3134,0.8493,-0.8015,0.3145,0.1762,-0.2894,3360.0
Anomalia,0.052,0.3132,0.8493,-0.8015,0.3175,0.1732,-0.3478,3360.0
Anomalia,0.0461,0.2515,0.6916,-0.4975,0.2557,0.2188,-0.1602,3360.0
Anomalia,0.0351,0.2332,0.6916,-0.4579,0.2359,0.2587,0.1405,3360.0
Anomalia,0.0387,0.2156,0.6849,-0.4579,0.219,0.1969,0.0957,3360.0
Anomalia,0.02,0.1685,0.4984,-0.4137,0.1697,0.1408,-0.2707,2640.0
Anomalia,0.013,0.1762,0.4984,-0.4137,0.1767,0.2839,-0.3206,3360.0
Anomalia,0.0331,0.1713,0.4984,-0.2925,0.1745,0.4101,-0.5536,2880.0
Anomalia,0.0271,0.1557,0.4293,-0.2852,0.1581,0.3078,-0.4738,3840.0
Anomalia,0.0407,0.1537,0.4293,-0.2852,0.159,0.2027,-0.469,3840.0
Anomalia,0.0394,0.1815,0.7318,-0.3914,0.1858,0.5312,1.0442,960.0
Anomalia,0.0196,0.174,0.7318,-0.3914,0.1751,0.6725,1.8434,5280.0
Anomalia,0.0386,0.1924,0.7318,-0.3914,0.1962,0.4723,0.6521,3360.0
Anomalia,0.0283,0.1964,0.7318,-0.3914,0.1985,0.5194,0.5238,3360.0
Anomalia,0.0278,0.1667,0.4494,-0.3363,0.169,0.1097,-0.5942,3360.0
Anomalia,0.0336,0.1586,0.4494,-0.3363,0.1621,0.1751,-0.4597,3360.0
Anomalia,0.016,0.1304,0.3365,-0.2531,0.1314,0.1069,-0.8242,960.0
Anomalia,0.018,0.1137,0.2578,-0.2341,0.1151,-0.0623,-0.8735,960.0
Anomalia,0.0298,0.1196,0.3519,-0.1942,0.1233,0.3687,-0.2862,960.0
Anomalia,0.0316,0.1317,0.3724,-0.218,0.1355,0.3734,-0.1981,960.0
Anomalia,0.0451,0.1297,0.3724,-0.2524,0.1373,0.1594,-0.104,4080.0
Anomalia,0.0449,0.1469,0.3724,-0.2528,0.1536,0.0507,-0.5799,960.0
Anomalia,0.0301,0.1837,0.7141,-0.5201,0.1862,0.3666,1.4599,960.0
Anomalia,0.0263,0.1922,0.7141,-0.5201,0.1939,0.232,1.2622,960.0
Anomalia,0.0191,0.2058,0.7141,-0.5201,0.2067,0.2415,0.6457,5040.0
Anomalia,0.0235,0.2022,0.7141,-0.5201,0.2036,0.2161,0.8411,3120.0
Anomalia,0.0342,0.1682,0.4176,-0.4754,0.1716,-0.2318,0.0336,2880.0
Anomalia,0.0285,0.1563,0.3912,-0.3991,0.1589,-0.179,-0.2704,2880.0
Anomalia,0.0303,0.2007,0.7973,-0.5603,0.2029,0.6173,2.2811,2880.0
Anomalia,0.0243,0.2393,0.7973,-0.5603,0.2405,0.5179,0.9367,5280.0
Anomalia,0.0317,0.2594,0.7973,-0.5603,0.2614,0.5199,0.3402,5040.0
Anomalia,0.0392,0.2876,0.7973,-0.5603,0.2902,0.3313,-0.3958,3360.0
Anomalia,0.0368,0.2546,0.7291,-0.4802,0.2572,0.1662,-0.3909,3360.0
Anomalia,0.0366,0.2257,0.6131,-0.4765,0.2286,0.1353,-0.2729,3360.0
Anomalia,0.0223,0.2169,0.6012,-0.4765,0.218,0.0982,-0.45,3360.0
Anomalia,0.0217,0.1945,0.4784,-0.4254,0.1957,-0.0068,-0.4881,3360.0
Anomalia,0.0253,0.2025,0.4923,-0.4254,0.2041,0.1673,-0.6837,3120.0
Anomalia,0.0331,0.2109,0.4923,-0.5224,0.2135,-0.0913,-0.4191,3120.0
Anomalia,0.0427,0.2182,0.4992,-0.5224,0.2223,-0.2446,-0.3646,2640.0
Anomalia,0.0447,0.2001,0.4992,-0.5224,0.205,-0.222,0.0622,2880.0
Anomalia,0.0399,0.1892,0.4992,-0.5224,0.1934,-0.3393,0.3291,2880.0
Anomalia,0.0252,0.1801,0.4992,-0.485,0.1819,-0.0059,-0.2135,960.0
Anomalia,0.0206,0.1704,0.4114,-0.4652,0.1717,-0.3206,-0.3067,3360.0
Anomalia,0.0187,0.1781,0.4114,-0.4652,0.1791,-0.279,-0.5274,3360.0
Anomalia,0.0272,0.176,0.4114,-0.4652,0.1781,-0.3816,-0.351,3360.0
Anomalia,0.038,0.1591,0.4114,-0.4652,0.1635,-0.5549,0.4677,3360.0
Anomalia,0.0282,0.1287,0.2977,-0.3154,0.1318,-0.3487,0.0582,3360.0
Anomalia,0.0341,0.1147,0.2827,-0.3104,0.1196,-0.2744,-0.0261,2880.0
Anomalia,0.0189,0.0981,0.267,-0.2741,0.0999,-0.139,-0.1469,960.0
Anomalia,0.0224,0.0924,0.267,-0.2741,0.0951,-0.2731,0.0877,960.0
Anomalia,0.0386,0.0867,0.267,-0.1625,0.0949,-0.1254,-0.547,3360.0
Anomalia,0.0277,0.0817,0.1961,-0.1502,0.0863,-0.2013,-0.8418,240.0
Anomalia,0.0465,0.1001,0.2699,-0.2395,0.1104,-0.4085,-0.0825,4080.0
Anomalia,0.0462,0.1527,0.6267,-0.3576,0.1595,0.3879,1.9819,4080.0
Anomalia,0.021,0.2149,0.6267,-0.4719,0.216,0.0592,-0.0832,4080.0
Anomalia,0.0428,0.2434,0.6267,-0.4719,0.2471,-0.0326,-0.7476,2880.0
Anomalia,0.0145,0.2723,0.6528,-0.5491,0.2727,0.2094,-0.7596,2880.0
Anomalia,0.0247,0.2693,0.6528,-0.5491,0.2704,0.1036,-0.8746,2880.0
Anomalia,0.0388,0.2384,0.6528,-0.5491,0.2415,0.1729,-0.4402,2880.0
Anomalia,0.0154,0.2162,0.6528,-0.5491,0.2167,0.3156,0.2062,2880.0
Anomalia,0.0334,0.1892,0.5067,-0.3428,0.1921,0.2308,-0.59,2880.0
Anomalia,0.0226,0.1688,0.4256,-0.3428,0.1703,0.0052,-0.7145,2880.0
Anomalia,0.0212,0.1576,0.3697,-0.3428,0.159,0.0451,-0.6869,960.0
Anomalia,0.0499,0.1527,0.3697,-0.3428,0.1606,-0.1714,-0.4243,480.0
Anomalia,0.0383,0.1432,0.4535,-0.2551,0.1482,0.2296,-0.2205,960.0
Anomalia,0.0343,0.1797,0.5895,-0.5324,0.1829,0.1148,0.7374,1680.0
Anomalia,0.0267,0.222,0.5895,-0.5964,0.2236,-0.1719,0.3827,720.0
Anomalia,0.0187,0.2474,0.5895,-0.6749,0.2481,-0.1676,0.0048,1920.0
Anomalia,0.0165,0.2462,0.5895,-0.6749,0.2467,-0.2113,-0.0082,3360.0
Anomalia,0.0343,0.2322,0.5539,-0.6749,0.2348,-0.3531,0.19,3360.0
Anomalia,0.0339,0.1863,0.4857,-0.6749,0.1893,-0.1612,0.9333,3360.0
Anomalia,0.0345,0.1527,0.4552,-0.3388,0.1566,0.2212,-0.2661,3360.0
Anomalia,0.0339,0.171,0.4552,-0.5971,0.1743,-0.2692,0.4461,2640.0
Anomalia,0.024,0.1584,0.3699,-0.5971,0.1602,-0.4765,0.581,4080.0
Anomalia,0.033,0.1573,0.3699,-0.5971,0.1607,-0.5788,0.7739,4080.0
Anomalia,0.0299,0.1613,0.3699,-0.5971,0.1641,-0.6478,0.6226,2880.0
Anomalia,0.0334,0.1323,0.3699,-0.3282,0.1364,-0.1876,-0.1478,3840.0
Anomalia,0.0308,0.1245,0.2531,-0.3467,0.1282,-0.5959,0.1907,3840.0
Anomalia,0.0251,0.1533,0.4016,-0.4076,0.1553,-0.4137,0.1655,5280.0
Anomalia,0.0217,0.1614,0.4016,-0.4076,0.1628,-0.033,0.0181,3360.0
Anomalia,0.0363,0.1783,0.4527,-0.4076,0.182,-0.0034,-0.3366,3360.0
Anomalia,0.0359,0.1787,0.4527,-0.4076,0.1823,0.1032,-0.4344,3360.0
Anomalia,0.0482,0.1598,0.4527,-0.2939,0.167,0.1449,-0.4981,3360.0
Anomalia,0.0352,0.1518,0.4527,-0.315,0.1558,0.189,-0.4221,3360.0
Anomalia,0.0238,0.1503,0.3599,-0.3302,0.1521,0.0141,-0.6363,960.0
Anomalia,0.0204,0.1755,0.4074,-0.4489,0.1767,-0.2473,-0.4341,960.0
Anomalia,0.015,0.1933,0.4875,-0.4489,0.1939,-0.0986,-0.4128,3360.0
Anomalia,0.0328,0.1929,0.4875,-0.4489,0.1957,-0.3152,-0.3656,3360.0
Anomalia,0.0267,0.1912,0.4875,-0.4489,0.1931,-0.2105,-0.3996,3360.0
Anomalia,0.0334,0.1676,0.4875,-0.4293,0.1709,-0.0323,-0.2981,2880.0
Anomalia,0.0391,0.1965,0.5399,-0.493,0.2003,0.0272,-0.4025,5040.0
Anomalia,0.0149,0.2131,0.5399,-0.493,0.2136,0.2113,-0.6063,5040.0
Anomalia,0.0448,0.2184,0.5399,-0.493,0.223,0.0434,-0.5939,5040.0
Anomalia,0.0261,0.2318,0.5399,-0.493,0.2333,0.0889,-0.7634,3360.0
Anomalia,0.0348,0.1914,0.5309,-0.4333,0.1945,-0.0771,-0.3793,3360.0
Anomalia,0.047,0.2273,0.6878,-0.7854,0.2321,-0.3579,0.7123,3360.0
Anomalia,0.017,0.2696,0.8735,-0.7854,0.2702,0.0567,0.8352,5280.0
Anomalia,0.0276,0.3132,0.8735,-0.9728,0.3144,-0.2437,0.6723,5280.0
Anomalia,0.0314,0.3657,0.8735,-0.9728,0.3671,-0.0296,-0.3668,3360.0
Anomalia,0.0186,0.3539,0.8735,-0.9728,0.3544,0.0193,-0.2475,3360.0
Anomalia,0.0435,0.3377,0.8432,-0.9728,0.3405,-0.1936,-0.3202,3360.0
Anomalia,0.0368,0.3027,0.8432,-0.5916,0.3049,0.0182,-0.5696,3360.0
Anomalia,0.0174,0.2484,0.6077,-0.5797,0.249,-0.191,-0.5501,3360.0
Anomalia,0.033,0.2296,0.6077,-0.557,0.232,-0.0331,-0.5232,3360.0
Anomalia,0.0207,0.1936,0.4437,-0.557,0.1947,-0.2373,-0.1846,3360.0
Anomalia,0.0251,0.188,0.4437,-0.4788,0.1897,-0.032,-0.3901,4080.0
Anomalia,0.0408,0.1827,0.4535,-0.4788,0.1872,-0.1167,-0.3528,2640.0
Anomalia,0.0336,0.1669,0.4535,-0.4788,0.1703,-0.0941,-0.1089,2880.0
Anomalia,0.0355,0.1687,0.4535,-0.4788,0.1724,-0.0935,-0.1566,2880.0
Anomalia,0.0375,0.1988,0.5021,-0.6071,0.2023,-0.2136,0.1375,5280.0
Anomalia,0.0114,0.2053,0.5021,-0.6071,0.2056,-0.1436,-0.0914,5280.0
Anomalia,0.0438,0.2208,0.5021,-0.6071,0.2251,-0.218,-0.3387,5280.0
Anomalia,0.0331,0.2245,0.5021,-0.6071,0.2269,-0.138,-0.4601,3360.0
Anomalia,0.039,0.175,0.4608,-0.4339,0.1793,0.0192,-0.1988,3360.0
Anomalia,0.0537,0.147,0.4608,-0.3403,0.1565,0.2846,0.0578,3360.0
Anomalia,0.0118,0.1137,0.2743,-0.3403,0.1144,-0.0239,0.0466,3360.0
Anomalia,0.0228,0.0948,0.2654,-0.1744,0.0975,0.2464,-0.4219,4080.0
Anomalia,0.0231,0.1071,0.3423,-0.2499,0.1096,0.4084,0.2429,3840.0
Anomalia,0.0209,0.1033,0.3423,-0.2499,0.1054,0.4871,0.5893,960.0
Anomalia,0.0486,0.1081,0.3423,-0.2499,0.1185,-0.0205,0.2352,960.0
Anomalia,0.0362,0.1386,0.3563,-0.4099,0.1432,-0.5309,0.8084,5040.0
Anomalia,0.0386,0.193,0.658,-0.4423,0.1968,0.2743,1.1069,4080.0
Anomalia,0.0307,0.2377,0.658,-0.567,0.2397,-0.0975,0.1734,4080.0
Anomalia,0.0166,0.2667,0.658,-0.7035,0.2672,-0.1291,-0.1791,2880.0
Anomalia,0.0374,0.2823,0.658,-0.7035,0.2847,-0.2022,-0.4241,2880.0
Anomalia,0.0271,0.2665,0.561,-0.7035,0.2678,-0.4605,-0.4067,2880.0
Anomalia,0.0381,0.2519,0.561,-0.7035,0.2548,-0.3773,-0.3602,2880.0
Anomalia,0.0428,0.2453,0.561,-0.6108,0.249,-0.2404,-0.6268,2880.0
Anomalia,0.0094,0.2645,0.5985,-0.7229,0.2647,-0.2589,-0.4982,5280.0
Anomalia,0.0329,0.2655,0.5985,-0.7229,0.2676,-0.2811,-0.3936,5040.0
Anomalia,0.0198,0.2657,0.6267,-0.7229,0.2665,-0.1143,-0.3142,3360.0
Anomalia,0.026,0.2417,0.6267,-0.7229,0.2431,-0.168,0.2584,3360.0
Anomalia,0.0587,0.1961,0.6267,-0.3882,0.2047,0.249,0.0229,3360.0
Anomalia,0.0288,0.1809,0.6267,-0.3882,0.1832,0.3844,0.4264,3360.0
Anomalia,0.0422,0.1969,0.4953,-0.4815,0.2014,-0.1416,0.0586,3120.0
Anomalia,0.0383,0.2122,0.4953,-0.4998,0.2156,-0.1974,-0.2752,3120.0
Anomalia,0.0123,0.2046,0.4953,-0.4998,0.205,-0.1154,-0.2092,3120.0
Anomalia,0.0387,0.2144,0.5265,-0.4998,0.2178,-0.1468,-0.1059,3360.0
Anomalia,0.0282,0.1775,0.5265,-0.4998,0.1797,0.1375,0.2402,3360.0
Anomalia,0.0281,0.1594,0.5265,-0.377,0.1618,0.3991,0.564,3360.0
Anomalia,0.0444,0.1772,0.5265,-0.4777,0.1827,0.0182,0.2875,3360.0
Anomalia,0.0224,0.1683,0.4596,-0.4777,0.1698,-0.3092,-0.0406,3360.0
Anomalia,0.0306,0.1733,0.4596,-0.4777,0.1759,-0.386,-0.0554,3360.0
Anomalia,0.0328,0.1767,0.4596,-0.4777,0.1797,-0.425,-0.1448,960.0
Anomalia,0.0298,0.1501,0.4114,-0.3822,0.153,-0.3957,0.0734,1200.0
Anomalia,0.033,0.1245,0.4114,-0.2956,0.1288,-0.0703,0.832,3120.0
Anomalia,0.0319,0.1054,0.3192,-0.2956,0.1101,-0.1704,0.595,960.0
Anomalia,0.0178,0.0977,0.266,-0.2956,0.0993,0.0783,0.406,960.0
Anomalia,0.0272,0.0956,0.276,-0.2276,0.0993,0.4161,0.1145,960.0
Anomalia,0.0338,0.1135,0.2772,-0.243,0.1184,0.1756,-0.2587,960.0
Anomalia,0.0301,0.1124,0.2772,-0.243,0.1163,0.115,-0.3121,960.0
Anomalia,0.0443,0.1204,0.4089,-0.243,0.1283,0.1195,-0.2003,960.0
Anomalia,0.0327,0.1507,0.4615,-0.3682,0.1542,0.0128,0.2533,960.0
Anomalia,0.0299,0.1666,0.4615,-0.3682,0.1692,-0.2051,0.1115,3120.0
Anomalia,0.0447,0.1834,0.4615,-0.4485,0.1888,-0.4491,-0.0096,3120.0
Anomalia,0.029,0.1901,0.4615,-0.4485,0.1923,-0.4178,-0.3917,3120.0
Anomalia,0.0435,0.1773,0.4074,-0.4485,0.1825,-0.6398,-0.2402,960.0
Anomalia,0.0346,0.1624,0.4074,-0.4485,0.1661,-0.6384,0.148,2880.0
Anomalia,0.014,0.1774,0.4961,-0.4514,0.1779,-0.3253,-0.0079,2880.0
Anomalia,0.0331,0.1669,0.4961,-0.4514,0.1701,-0.4977,0.6262,4080.0
Anomalia,0.018,0.1689,0.4961,-0.4514,0.1698,-0.3761,0.4156,2880.0
Anomalia,0.0286,0.1671,0.4961,-0.4514,0.1695,-0.2487,0.2729,3360.0
Anomalia,0.0408,0.1374,0.3325,-0.3231,0.1434,-0.326,-0.2834,3120.0
Anomalia,0.0273,0.1731,0.5382,-0.4423,0.1753,0.0704,0.301,3360.0
Anomalia,0.0435,0.2391,0.9805,-0.5069,0.243,0.6981,2.1873,3360.0
Anomalia,0.0196,0.2888,0.9805,-0.6496,0.2895,0.3518,0.6257,3360.0
Anomalia,0.0369,0.3194,0.9805,-0.6496,0.3215,0.3036,-0.1646,3360.0
Anomalia,0.0294,0.3157,0.9805,-0.6496,0.317,0.3396,-0.0782,3360.0
Anomalia,0.0253,0.2725,0.741,-0.6496,0.2737,0.0238,-0.3211,3360.0
Anomalia,0.049,0.2218,0.741,-0.4491,0.2272,0.1617,-0.004,3360.0
Anomalia,0.0344,0.1719,0.4483,-0.4491,0.1753,-0.2684,-0.1345,3360.0
Anomalia,0.0341,0.17,0.4143,-0.4608,0.1734,-0.3981,-0.0093,3360.0
Anomalia,0.0431,0.1598,0.3914,-0.4608,0.1655,-0.5333,0.1403,960.0
Anomalia,0.0256,0.1646,0.3914,-0.4608,0.1666,-0.3137,-0.1272,960.0
Anomalia,0.0305,0.1819,0.4729,-0.4608,0.1844,-0.0958,-0.3555,480.0
Anomalia,0.0385,0.1588,0.4729,-0.3818,0.1634,-0.0539,-0.1413,960.0
Anomalia,0.0244,0.1613,0.4729,-0.3818,0.1631,0.0891,-0.1416,2880.0
Anomalia,0.0329,0.1662,0.4729,-0.3766,0.1694,-0.1456,0.0186,2880.0
Anomalia,0.0211,0.1635,0.4575,-0.3766,0.1648,-0.2009,0.066,5280.0
Anomalia,0.0301,0.1673,0.4575,-0.3766,0.17,-0.1409,-0.1862,5280.0
Anomalia,0.0345,0.1573,0.4575,-0.3766,0.1611,-0.2087,0.2155,5280.0
Anomalia,0.0441,0.1372,0.4575,-0.3659,0.1441,0.0832,0.2184,5280.0
Anomalia,0.0401,0.1143,0.3077,-0.1942,0.1211,0.086,-0.645,5280.0
Anomalia,0.0339,0.1012,0.3071,-0.2019,0.1068,-0.0317,-0.3176,4320.0
Anomalia,0.0253,0.09,0.2395,-0.2019,0.0935,-0.1753,-0.2632,720.0
Anomalia,0.0255,0.087,0.2583,-0.2019,0.0907,-0.112,0.0691,960.0
Anomalia,0.0395,0.0856,0.2583,-0.2019,0.0943,0.0714,-0.1775,480.0
Anomalia,0.0311,0.0865,0.2583,-0.1492,0.0919,0.2792,-0.3351,4080.0
Anomalia,0.0427,0.1098,0.3348,-0.2545,0.1178,0.3248,-0.1207,4080.0
Anomalia,0.0313,0.1643,0.5297,-0.5147,0.1673,-0.2517,1.3515,5280.0
Anomalia,0.0204,0.185,0.5297,-0.5147,0.1861,0.0128,0.2727,5040.0
Anomalia,0.034,0.2206,0.5297,-0.5147,0.2232,-0.0979,-0.5391,2880.0
Anomalia,0.0211,0.2331,0.5297,-0.5147,0.234,0.0642,-0.7056,2880.0
Anomalia,0.039,0.2101,0.4815,-0.4364,0.2137,0.0222,-0.7944,2880.0
Anomalia,0.0415,0.2312,0.6411,-0.5286,0.2349,0.0756,-0.4618,2880.0
Anomalia,0.043,0.252,0.6974,-0.6248,0.2556,0.0179,-0.1861,2880.0
Anomalia,0.0345,0.2858,0.6974,-0.8747,0.2879,-0.3179,0.2268,5040.0
Anomalia,0.0305,0.302,0.6974,-0.8747,0.3035,-0.2479,-0.195,5040.0
Anomalia,0.022,0.2978,0.6974,-0.8747,0.2986,-0.3197,-0.172,5280.0
Anomalia,0.0265,0.2675,0.6386,-0.8747,0.2688,-0.466,0.347,3360.0
Anomalia,0.0303,0.2304,0.5288,-0.5524,0.2324,-0.1935,-0.4239,3360.0
Anomalia,0.0393,0.2226,0.5653,-0.5524,0.226,-0.0413,-0.2698,3360.0
Anomalia,0.0434,0.217,0.5653,-0.4913,0.2213,0.0517,-0.5174,2880.0
Anomalia,0.0264,0.2175,0.5653,-0.4913,0.2191,0.1693,-0.4787,1200.0
Anomalia,0.0374,0.2107,0.5653,-0.4913,0.214,0.1167,-0.4694,1200.0
Anomalia,0.021,0.2028,0.4598,-0.4913,0.2039,0.0631,-0.5095,1200.0
Anomalia,0.0275,0.1705,0.4598,-0.397,0.1727,0.0181,-0.1338,960.0
Anomalia,0.0357,0.1627,0.4598,-0.4464,0.1666,-0.3438,0.25,960.0
Anomalia,0.0348,0.172,0.4857,-0.4464,0.1755,-0.3152,0.3626,3360.0
Anomalia,0.0238,0.1746,0.4857,-0.4769,0.1762,-0.4782,0.5813,3360.0
Anomalia,0.0386,0.1947,0.4857,-0.4769,0.1985,-0.3312,0.0193,3360.0
Anomalia,0.0296,0.186,0.4857,-0.4769,0.1883,-0.1055,0.123,3360.0
Anomalia,0.0341,0.1613,0.4604,-0.4769,0.1649,-0.1059,0.666,3360.0
Anomalia,0.0545,0.148,0.4604,-0.3098,0.1577,0.0063,0.1668,3360.0
Anomalia,0.0228,0.1283,0.3826,-0.3025,0.1303,-0.0144,-0.1158,960.0
Anomalia,0.0362,0.1321,0.3826,-0.3025,0.137,-0.0817,-0.3376,960.0
Anomalia,0.0264,0.1345,0.3826,-0.3025,0.1371,0.0996,-0.4025,960.0
Anomalia,0.0098,0.1187,0.3004,-0.2293,0.1191,0.1118,-0.703,960.0
Anomalia,0.0424,0.13,0.4108,-0.2086,0.1368,0.2338,-0.5515,960.0
Anomalia,0.0165,0.1352,0.4108,-0.4005,0.1362,0.0686,0.2016,960.0
Anomalia,0.0369,0.188,0.6231,-0.4604,0.1916,0.3439,0.6318,3120.0
Anomalia,0.0402,0.2394,0.8105,-0.6465,0.2428,0.1165,0.5479,3120.0
Anomalia,0.017,0.2386,0.8105,-0.6465,0.2392,0.2483,0.6992,3120.0
Anomalia,0.0505,0.2488,0.8105,-0.6465,0.2538,0.017,0.2127,2880.0
Anomalia,0.0239,0.2347,0.8105,-0.6465,0.2359,-0.0046,0.4009,2880.0
Anomalia,0.0277,0.1822,0.4652,-0.4581,0.1843,-0.1992,-0.047,2880.0
Anomalia,0.041,0.171,0.4652,-0.4581,0.1758,-0.2195,0.322,4080.0
Anomalia,0.0155,0.1459,0.4291,-0.4581,0.1467,-0.3351,0.753,4080.0
Anomalia,0.0398,0.1178,0.3695,-0.3062,0.1244,0.1345,0.1779,1920.0
Anomalia,0.0324,0.1151,0.3695,-0.2055,0.1196,0.4762,-0.1395,480.0
Anomalia,0.0259,0.1193,0.3695,-0.2055,0.1221,0.6338,0.1024,480.0
Anomalia,0.0427,0.1636,0.7032,-0.3603,0.1691,1.1091,2.4936,3360.0
Anomalia,0.0238,0.1884,0.7032,-0.3786,0.1899,1.2153,2.319,1920.0
Anomalia,0.0182,0.2176,0.7032,-0.4596,0.2183,0.6802,0.8335,1920.0
Anomalia,0.0345,0.2456,0.7032,-0.4596,0.248,0.6124,-0.0432,3360.0
Anomalia,0.0145,0.2353,0.6538,-0.4973,0.2357,0.4263,-0.1138,3360.0
Anomalia,0.0318,0.2316,0.5808,-0.4973,0.2338,0.2238,-0.3533,3360.0
Anomalia,0.0426,0.2107,0.5808,-0.4973,0.215,0.3047,0.0407,3360.0
Anomalia,0.0301,0.1869,0.5293,-0.4973,0.1893,-0.0574,0.1478,3360.0
Anomalia,0.043,0.1695,0.5293,-0.377,0.1749,0.1081,0.2483,3360.0
Anomalia,0.0284,0.1418,0.353,-0.377,0.1447,-0.3622,-0.1112,3360.0
Anomalia,0.0299,0.137,0.353,-0.377,0.1402,-0.0359,-0.4152,960.0
Anomalia,0.0307,0.1262,0.3046,-0.2956,0.1299,-0.0636,-0.5338,960.0
Anomalia,0.0329,0.1168,0.2745,-0.2919,0.1213,-0.0574,-0.4694,960.0
Anomalia,0.0281,0.1277,0.3327,-0.3315,0.1307,-0.0307,-0.2125,2880.0
Anomalia,0.0383,0.134,0.3682,-0.3315,0.1394,-0.056,-0.1602,5280.0
Anomalia,0.0214,0.1486,0.3682,-0.3413,0.1502,-0.1167,-0.3288,5280.0
Anomalia,0.0303,0.1531,0.3682,-0.3413,0.1561,-0.1235,-0.4738,3360.0
Anomalia,0.0391,0.1423,0.3682,-0.3413,0.1476,-0.2338,-0.2659,3360.0
Anomalia,0.0255,0.1383,0.3261,-0.3413,0.1406,-0.2395,-0.301,3360.0
Anomalia,0.0419,0.1315,0.3636,-0.339,0.138,-0.039,-0.1625,3360.0
Anomalia,0.0134,0.1498,0.3651,-0.339,0.1504,0.0208,-0.3773,3360.0
Anomalia,0.025,0.1698,0.4431,-0.339,0.1717,0.1614,-0.5669,3360.0
Anomalia,0.0359,0.1849,0.4431,-0.339,0.1884,-0.0461,-0.8527,3360.0
Anomalia,0.0277,0.1846,0.4998,-0.3344,0.1866,0.152,-0.6461,3360.0
Anomalia,0.0588,0.1846,0.4998,-0.3234,0.1937,-0.0026,-0.6679,3360.0
Anomalia,0.0221,0.1995,0.4998,-0.4923,0.2007,-0.0446,-0.5736,3360.0
Anomalia,0.0261,0.2262,0.6586,-0.4923,0.2277,0.2488,-0.2324,5040.0
Anomalia,0.0262,0.2286,0.6586,-0.4923,0.2301,0.1968,-0.4282,5040.0
Anomalia,0.007,0.228,0.6586,-0.4923,0.2281,0.2929,-0.3131,5280.0
Anomalia,0.0415,0.2095,0.6586,-0.4827,0.2136,0.2159,-0.1104,3360.0
Anomalia,0.0315,0.1713,0.3972,-0.4671,0.1742,-0.312,-0.0766,2880.0
Anomalia,0.0394,0.224,0.766,-0.649,0.2275,0.1807,1.2253,2880.0
Anomalia,0.0559,0.2473,0.766,-0.649,0.2535,0.376,0.6901,5280.0
Anomalia,0.0245,0.3174,0.766,-0.828,0.3183,-0.0351,0.0547,5280.0
Anomalia,0.0261,0.3393,0.766,-0.828,0.3403,0.0132,-0.4544,5280.0
Anomalia,0.0231,0.3136,0.7199,-0.828,0.3144,-0.1298,-0.2821,5280.0
Anomalia,0.0107,0.2898,0.7199,-0.828,0.29,-0.2997,0.0542,3360.0
Anomalia,0.0387,0.2117,0.6194,-0.4711,0.2152,-0.0399,-0.0506,3360.0
Anomalia,0.0381,0.1962,0.5572,-0.5641,0.1999,-0.188,0.3602,3360.0
Anomalia,0.0294,0.1946,0.5572,-0.5641,0.1968,-0.0501,0.2481,4080.0
Anomalia,0.0462,0.1829,0.5572,-0.5641,0.1887,-0.2614,0.754,4080.0
Anomalia,0.0206,0.1988,0.5572,-0.5641,0.1998,-0.1504,-0.0501,2880.0
Anomalia,0.0337,0.1724,0.4792,-0.3847,0.1757,-0.1922,-0.3456,2880.0
Anomalia,0.0419,0.1508,0.3461,-0.3444,0.1566,-0.3708,-0.1498,2880.0
Anomalia,0.0212,0.1849,0.5424,-0.6561,0.1861,-0.5426,1.1229,2880.0
Anomalia,0.0484,0.2094,0.6309,-0.6561,0.2149,-0.4445,1.3992,5280.0
Anomalia,0.025,0.2317,0.6309,-0.6561,0.233,-0.162,0.5094,5280.0
Anomalia,0.026,0.2508,0.6309,-0.6561,0.2521,-0.1763,-0.0884,5280.0
Anomalia,0.039,0.2273,0.6309,-0.5472,0.2306,-0.1115,0.0243,5280.0
Anomalia,0.0273,0.1966,0.5434,-0.5065,0.1985,-0.0833,-0.1127,3360.0
Anomalia,0.0369,0.1614,0.4304,-0.4804,0.1656,-0.2537,0.2808,4080.0
Anomalia,0.0362,0.1275,0.3246,-0.2937,0.1325,-0.0629,-0.339,960.0
Anomalia,0.0285,0.1226,0.3246,-0.2937,0.1259,-0.0394,-0.3449,960.0
Anomalia,0.0366,0.1149,0.3371,-0.364,0.1206,-0.2404,0.1149,960.0
Anomalia,0.0421,0.1282,0.3371,-0.364,0.135,-0.2394,-0.2216,960.0
Anomalia,0.0359,0.1415,0.3446,-0.364,0.146,-0.1766,-0.1783,960.0
Anomalia,0.0364,0.177,0.5034,-0.4481,0.1807,-0.1361,-0.2216,960.0
Anomalia,0.012,0.2691,0.9217,-0.8349,0.2694,0.2595,1.4033,3120.0
Anomalia,0.0265,0.3106,0.9217,-0.9046,0.3117,0.0301,0.5305,2880.0
Anomalia,0.02,0.3246,0.9217,-0.9046,0.3252,0.0371,0.1182,2880.0
Anomalia,0.0281,0.3171,0.9217,-0.9046,0.3183,0.0153,0.3827,2880.0
Anomalia,0.0514,0.2473,0.6872,-0.9046,0.2526,-0.287,0.8506,2880.0
Anomalia,0.0208,0.2198,0.5532,-0.6294,0.2208,-0.2049,-0.0162,2880.0
Anomalia,0.0439,0.2466,0.649,-0.6932,0.2505,-0.2062,0.4229,5040.0
Anomalia,0.031,0.255,0.649,-0.6932,0.2569,-0.1329,0.0467,5040.0
Anomalia,0.0306,0.2639,0.649,-0.6932,0.2657,-0.154,-0.1179,5280.0
Anomalia,0.0387,0.2433,0.649,-0.6932,0.2463,-0.0237,0.216,3360.0
Anomalia,0.0346,0.2018,0.5088,-0.4379,0.2047,-0.0599,-0.1447,3360.0
Anomalia,0.0345,0.2037,0.5472,-0.5111,0.2066,-0.1762,0.164,3360.0
Anomalia,0.0413,0.2045,0.5472,-0.5111,0.2087,-0.1102,0.0092,3360.0
Anomalia,0.0337,0.238,0.5472,-0.7977,0.2403,-0.3883,0.3337,5040.0
Anomalia,0.0269,0.2332,0.5472,-0.7977,0.2348,-0.3875,0.5004,5040.0
Anomalia,0.0351,0.2161,0.5082,-0.7977,0.2189,-0.5047,1.0518,5040.0
Anomalia,0.0189,0.2001,0.5082,-0.7977,0.201,-0.6831,1.6322,5040.0
Anomalia,0.0392,0.1488,0.4068,-0.5165,0.1539,-0.6021,1.1703,2880.0
Anomalia,0.0291,0.1688,0.4068,-0.6891,0.1713,-0.9502,1.9583,2880.0
Anomalia,0.0339,0.1746,0.4337,-0.6891,0.1778,-0.9239,1.7301,2880.0
Anomalia,0.0354,0.1688,0.4337,-0.6891,0.1725,-0.9172,2.2388,960.0
Anomalia,0.031,0.1827,0.4337,-0.6891,0.1853,-0.737,1.1532,2640.0
Anomalia,0.0417,0.1521,0.4337,-0.4558,0.1577,-0.1901,0.1394,4560.0
Anomalia,0.0382,0.1327,0.3296,-0.3763,0.1381,-0.3311,0.0742,3120.0
Anomalia,0.0357,0.1257,0.3296,-0.3763,0.1306,-0.3221,0.0748,2880.0
Anomalia,0.025,0.1208,0.2818,-0.3146,0.1233,-0.1179,-0.2434,4080.0
Anomalia,0.0371,0.1205,0.2818,-0.3146,0.1261,-0.3421,-0.0417,4080.0
Anomalia,0.029,0.12,0.2818,-0.3146,0.1235,-0.2659,-0.1686,4080.0
Anomalia,0.0413,0.1136,0.2818,-0.3146,0.1208,-0.3903,0.1645,4080.0
Anomalia,0.0466,0.1168,0.3409,-0.3459,0.1257,-0.4545,0.8241,2880.0
Anomalia,0.0253,0.1266,0.3799,-0.3459,0.1291,-0.1643,0.4166,2640.0
Anomalia,0.033,0.1546,0.5397,-0.3459,0.1581,0.0703,0.558,2640.0
Anomalia,0.0159,0.1932,0.5397,-0.4934,0.1938,-0.2189,0.0464,2880.0
Anomalia,0.022,0.1953,0.5397,-0.4934,0.1966,-0.2472,-0.1034,2880.0
Anomalia,0.0415,0.2208,0.5754,-0.4934,0.2247,-0.1576,-0.3319,2880.0
Anomalia,0.0338,0.2212,0.5754,-0.4934,0.2238,-0.215,-0.3025,2880.0
Anomalia,0.0501,0.1975,0.5754,-0.4857,0.2037,0.0274,-0.1202,2880.0
Anomalia,0.0402,0.2046,0.5754,-0.4857,0.2085,0.0353,-0.2376,2880.0
Anomalia,0.026,0.1853,0.4673,-0.4857,0.1871,-0.1265,-0.2728,2880.0
Anomalia,0.0384,0.1708,0.4229,-0.3743,0.1751,-0.0877,-0.4603,1200.0
Anomalia,0.026,0.1709,0.3763,-0.3743,0.1728,-0.154,-0.5041,3360.0
Anomalia,0.0282,0.17,0.3763,-0.4848,0.1723,-0.336,-0.0921,3360.0
Anomalia,0.0374,0.2164,0.8424,-0.7053,0.2196,0.2111,2.6417,2880.0
Anomalia,0.034,0.2939,0.8864,-0.8891,0.2959,0.2998,1.247,3360.0
Anomalia,0.0305,0.3274,0.8864,-0.8891,0.3288,0.1146,0.4181,3360.0
Anomalia,0.0381,0.3437,0.8864,-0.8891,0.3458,0.182,0.0254,3360.0
Anomalia,0.0236,0.3188,0.8864,-0.8891,0.3197,0.2136,0.1844,3360.0
Anomalia,0.0323,0.2637,0.7418,-0.7581,0.2656,0.1153,0.2363,3360.0
Anomalia,0.0414,0.2298,0.7337,-0.4078,0.2335,0.468,0.017,3360.0
Anomalia,0.0405,0.2261,0.6922,-0.5151,0.2297,0.2236,0.1955,3360.0
Anomalia,0.0322,0.2247,0.6922,-0.5151,0.227,0.379,0.2262,4080.0
Anomalia,0.0247,0.2063,0.6922,-0.5151,0.2078,0.2123,0.2731,4080.0
Anomalia,0.0306,0.2125,0.6922,-0.5151,0.2147,0.2458,0.0245,4080.0
Anomalia,0.0264,0.1865,0.4448,-0.3375,0.1884,0.2085,-0.6946,2880.0
Anomalia,0.0555,0.1676,0.4448,-0.3375,0.1766,-0.123,-0.3248,2880.0
Anomalia,0.033,0.1782,0.4448,-0.4368,0.1812,-0.079,-0.3431,2880.0
Anomalia,0.0412,0.1817,0.4802,-0.4368,0.1863,-0.1288,-0.3841,1200.0
Anomalia,0.026,0.1869,0.4802,-0.4861,0.1887,-0.2049,-0.2234,480.0
Anomalia,0.0223,0.1896,0.4802,-0.4861,0.1909,-0.1488,-0.3496,480.0
Anomalia,0.044,0.1776,0.4802,-0.4861,0.1829,-0.2793,-0.0508,3360.0
Anomalia,0.0215,0.1461,0.3031,-0.4861,0.1477,-0.5583,0.4818,3360.0
Anomalia,0.0402,0.1317,0.301,-0.3271,0.1377,-0.3267,-0.4416,4320.0
Anomalia,0.0206,0.1256,0.2652,-0.3271,0.1273,-0.2936,-0.3753,960.0
Anomalia,0.0236,0.1212,0.2518,-0.3271,0.1235,-0.4476,-0.2646,960.0
Anomalia,0.036,0.1241,0.2518,-0.3271,0.1292,-0.4745,-0.4546,960.0
Anomalia,0.0337,0.1081,0.2641,-0.2184,0.1132,-0.328,-0.6659,1200.0
Anomalia,0.051,0.1189,0.3365,-0.2818,0.1294,-0.4152,-0.1606,960.0
Anomalia,0.0342,0.1716,0.5595,-0.4719,0.175,-0.0898,0.3415,5040.0
Anomalia,0.0309,0.1894,0.5595,-0.4719,0.1919,0.066,-0.0111,5040.0
Anomalia,0.0417,0.1965,0.5595,-0.4719,0.2009,-0.0446,-0.3258,5040.0
Anomalia,0.0214,0.2111,0.5595,-0.5174,0.2122,-0.0334,-0.3923,3120.0
Anomalia,0.0445,0.1847,0.4796,-0.5174,0.19,-0.2839,-0.1693,3120.0
Anomalia,0.0256,0.169,0.3605,-0.5174,0.171,-0.2471,-0.1484,2880.0
Anomalia,0.0215,0.1991,0.5806,-0.5174,0.2003,0.1122,0.2115,2880.0
Anomalia,0.0418,0.2439,0.7441,-0.7448,0.2474,-0.0089,0.6535,5040.0
Anomalia,0.0151,0.2609,0.7441,-0.7448,0.2613,0.0538,0.1622,5040.0
Anomalia,0.0396,0.2846,0.7441,-0.7448,0.2874,-0.0797,-0.2716,5280.0
Anomalia,0.0327,0.2619,0.7441,-0.7448,0.264,-0.1168,0.2194,5280.0
Anomalia,0.0214,0.208,0.6853,-0.4804,0.2091,-0.0609,0.2794,3360.0
Anomalia,0.0471,0.1899,0.6853,-0.4354,0.1956,0.1191,0.603,3360.0
Anomalia,0.0407,0.1626,0.5019,-0.353,0.1676,0.0698,-0.186,2640.0
Anomalia,0.0282,0.1832,0.5019,-0.4925,0.1853,-0.066,-0.1392,3120.0
Anomalia,0.0392,0.1829,0.5019,-0.4925,0.1871,-0.2977,-0.025,3120.0
Anomalia,0.0137,0.1815,0.4053,-0.4925,0.1821,-0.066,-0.2451,3120.0
Anomalia,0.034,0.1812,0.4053,-0.4925,0.1843,-0.2762,-0.1955,4080.0
Anomalia,0.0416,0.1556,0.3945,-0.4045,0.161,-0.142,-0.0986,2880.0
Anomalia,0.0277,0.1603,0.4118,-0.4189,0.1627,0.0903,0.0018,2880.0
Anomalia,0.0427,0.167,0.4602,-0.5201,0.1723,-0.3277,0.6376,3360.0
Anomalia,0.021,0.164,0.4602,-0.5201,0.1653,-0.3735,0.941,4080.0
Anomalia,0.028,0.1686,0.4602,-0.5201,0.171,-0.3596,0.7265,4080.0
Anomalia,0.0425,0.1487,0.4602,-0.5201,0.1546,-0.53,1.6335,4080.0
Anomalia,0.0334,0.117,0.3438,-0.4969,0.1217,-0.3687,1.808,2880.0
Anomalia,0.0345,0.0936,0.3438,-0.2161,0.0998,0.2291,0.3234,2880.0
Anomalia,0.0283,0.0787,0.1888,-0.1492,0.0837,-0.0135,-0.7372,2880.0
Anomalia,0.0196,0.0746,0.1888,-0.1492,0.0771,-0.0272,-0.7233,2640.0
Anomalia,0.037,0.0733,0.2007,-0.1277,0.0821,-0.1186,-0.5512,2640.0
Anomalia,0.0373,0.0821,0.2007,-0.2309,0.0902,-0.5334,0.1543,2880.0
Anomalia,0.0354,0.0856,0.2493,-0.2309,0.0926,-0.4254,0.0777,2880.0
Anomalia,0.0456,0.1039,0.3192,-0.2487,0.1135,-0.2625,-0.0264,2640.0
Anomalia,0.0108,0.159,0.4569,-0.4437,0.1594,-0.3524,0.2463,3120.0
Anomalia,0.0312,0.1885,0.4892,-0.4437,0.191,-0.087,-0.1922,3120.0
Anomalia,0.0263,0.2173,0.508,-0.4437,0.2188,0.0344,-0.7261,3120.0
Anomalia,0.0247,0.2391,0.508,-0.4523,0.2403,0.0648,-0.9737,2880.0
Anomalia,0.0517,0.213,0.508,-0.4523,0.2192,0.0177,-0.7076,2880.0
Anomalia,0.0177,0.2167,0.5128,-0.5831,0.2174,-0.0271,-0.2253,2880.0
Anomalia,0.0342,0.2093,0.5128,-0.5831,0.2121,-0.355,0.0818,2880.0
Anomalia,0.0263,0.1998,0.5128,-0.5831,0.2015,-0.4895,0.5112,5040.0
Anomalia,0.0288,0.2003,0.5128,-0.5831,0.2024,-0.5,0.5222,960.0
Anomalia,0.0533,0.1704,0.4425,-0.4806,0.1786,-0.6073,0.8825,2880.0
Anomalia,0.0352,0.1621,0.4425,-0.4823,0.1659,-0.7292,1.256,2880.0
Anomalia,0.0325,0.1874,0.6329,-0.5501,0.1902,-0.1989,1.3587,1920.0
Anomalia,0.0341,0.242,0.735,-0.6438,0.2443,0.0655,0.7529,1920.0
Anomalia,0.0112,0.2776,0.735,-0.6582,0.2778,0.0399,-0.079,1920.0
Anomalia,0.0308,0.285,0.735,-0.6582,0.2867,-0.0177,-0.3663,3360.0
Anomalia,0.0404,0.2775,0.735,-0.6582,0.2804,-0.1217,-0.2828,3360.0
Anomalia,0.0254,0.2341,0.5835,-0.6582,0.2355,-0.2506,-0.1126,3360.0
Anomalia,0.0549,0.1994,0.5835,-0.4927,0.2069,-0.0123,0.0152,3360.0
Anomalia,0.032,0.1968,0.5835,-0.4927,0.1994,0.0783,0.0456,3360.0
Anomalia,0.0241,0.1608,0.4535,-0.3428,0.1626,0.2348,0.0474,4080.0
Anomalia,0.0305,0.161,0.4535,-0.3428,0.1639,0.2809,0.0091,3360.0
Anomalia,0.0184,0.1543,0.397,-0.3667,0.1554,0.0004,-0.0571,2880.0
Anomalia,0.0303,0.1346,0.397,-0.3667,0.1379,0.0516,0.5264,2880.0
Anomalia,0.0397,0.1383,0.397,-0.3667,0.1439,0.0112,0.4005,720.0
Anomalia,0.0322,0.1457,0.4066,-0.3809,0.1492,-0.1458,0.477,5280.0
Anomalia,0.027,0.1445,0.4066,-0.3809,0.147,-0.0756,0.2009,960.0
Anomalia,0.0383,0.1612,0.4066,-0.3809,0.1656,-0.2298,-0.0569,3360.0
Anomalia,0.0267,0.1787,0.4066,-0.3809,0.1806,-0.2023,-0.6433,3360.0
Anomalia,0.0463,0.1689,0.3851,-0.3651,0.1751,-0.2755,-0.5085,3360.0
Anomalia,0.0442,0.1731,0.387,-0.3651,0.1786,-0.1146,-0.6272,3360.0
Anomalia,0.0244,0.1742,0.387,-0.3603,0.1759,0.0231,-0.6624,3360.0
Anomalia,0.0395,0.1852,0.4483,-0.4627,0.1894,0.0364,-0.4282,3600.0
Anomalia,0.0082,0.203,0.4483,-0.4627,0.2031,0.1491,-0.6428,3840.0
Anomalia,0.0252,0.2009,0.4483,-0.4627,0.2025,0.0062,-0.5485,3360.0
Anomalia,0.0335,0.1984,0.4483,-0.4627,0.2012,-0.0589,-0.3204,3360.0
Anomalia,0.0238,0.177,0.4164,-0.4156,0.1786,-0.103,-0.1293,3360.0
Anomalia,0.0527,0.2009,0.6319,-0.4537,0.2077,0.0308,0.3613,5280.0
Anomalia,0.0252,0.2259,0.6319,-0.557,0.2273,0.0473,-0.0441,5280.0
Anomalia,0.0381,0.2232,0.6319,-0.557,0.2265,-0.0242,-0.087,5040.0
Anomalia,0.03,0.229,0.6319,-0.557,0.231,0.0357,-0.2889,5280.0
Anomalia,0.0217,0.1833,0.4961,-0.557,0.1846,-0.1112,0.1273,5280.0
Anomalia,0.0333,0.1585,0.372,-0.3597,0.1619,-0.2666,-0.3676,5280.0
Anomalia,0.0153,0.2146,0.6989,-0.58,0.2151,-0.0381,1.0294,3360.0
Anomalia,0.0317,0.2703,0.736,-0.8117,0.2722,-0.04,0.8747,5280.0
Anomalia,0.0407,0.3181,0.736,-0.8117,0.3207,-0.0944,-0.1464,5280.0
Anomalia,0.033,0.3327,0.736,-0.8117,0.3343,-0.0318,-0.4859,3360.0
Anomalia,0.0467,0.309,0.736,-0.8117,0.3125,-0.0805,-0.2506,3360.0
Anomalia,0.0404,0.2556,0.6811,-0.6784,0.2587,-0.0562,-0.0183,3360.0
Anomalia,0.0157,0.2102,0.523,-0.4867,0.2108,-0.009,-0.3573,3360.0
Anomalia,0.0374,0.1918,0.523,-0.4867,0.1955,-0.0479,-0.2677,3360.0
Anomalia,0.0187,0.1702,0.4391,-0.4867,0.1713,-0.1289,-0.3139,3360.0
Anomalia,0.0207,0.1752,0.4391,-0.4867,0.1764,-0.1843,-0.382,960.0
Anomalia,0.0417,0.1571,0.4391,-0.3557,0.1626,-0.066,-0.4654,960.0
Anomalia,0.0275,0.1445,0.3115,-0.3557,0.1471,-0.218,-0.3837,720.0
Anomalia,0.0476,0.1448,0.3115,-0.3557,0.1525,-0.5101,-0.2201,3840.0
Anomalia,0.0277,0.1712,0.4085,-0.6573,0.1734,-0.8437,1.3641,2880.0
Anomalia,0.027,0.191,0.5299,-0.6573,0.1929,-0.5709,0.809,5280.0
Anomalia,0.0305,0.1972,0.5299,-0.6573,0.1995,-0.4243,0.629,5280.0
Anomalia,0.0266,0.2015,0.5299,-0.6573,0.2033,-0.3219,0.4629,5280.0
Anomalia,0.044,0.174,0.5299,-0.49,0.1795,-0.0515,0.117,5280.0
Anomalia,0.0359,0.1561,0.4796,-0.3307,0.1601,0.074,-0.2833,4080.0
Anomalia,0.033,0.1365,0.4085,-0.3307,0.1404,-0.0438,-0.2316,4080.0
Anomalia,0.0217,0.115,0.3129,-0.2741,0.1171,0.171,-0.3075,4080.0
Anomalia,0.0302,0.1089,0.3428,-0.2349,0.113,0.2998,0.055,4080.0
Anomalia,0.0249,0.0963,0.3428,-0.2082,0.0995,0.1788,0.31,5040.0
Anomalia,0.0309,0.1034,0.3428,-0.2362,0.1079,-0.0003,0.1408,960.0
Anomalia,0.0392,0.1313,0.3565,-0.3647,0.1371,-0.5325,0.747,960.0
Anomalia,0.0202,0.1874,0.6603,-0.5351,0.1885,0.1332,1.3084,5040.0
Anomalia,0.0284,0.2749,0.7203,-0.8301,0.2764,-0.0699,0.4486,5040.0
Anomalia,0.0336,0.2928,0.7203,-0.8301,0.2947,-0.0496,-0.1025,3120.0
Anomalia,0.0387,0.3115,0.7203,-0.8301,0.3139,0.0244,-0.396,3120.0
Anomalia,0.0456,0.2919,0.7203,-0.8301,0.2955,-0.0846,-0.1144,2880.0
Anomalia,0.0416,0.229,0.6208,-0.5247,0.2327,0.1137,-0.264,2880.0
Anomalia,0.0315,0.2428,0.6208,-0.5923,0.2449,-0.0004,-0.3129,2880.0
Anomalia,0.0132,0.2637,0.6984,-0.6972,0.264,-0.0548,-0.2147,4080.0
Anomalia,0.0218,0.2925,0.7362,-0.6972,0.2933,0.0029,-0.3399,2880.0
Anomalia,0.0215,0.2967,0.7362,-0.6972,0.2975,-0.0039,-0.4753,3360.0
Anomalia,0.0291,0.27,0.7362,-0.6972,0.2716,-0.006,0.0999,3360.0
Anomalia,0.0372,0.2388,0.7362,-0.6367,0.2417,-0.1332,0.2161,3360.0
Anomalia,0.0327,0.2233,0.6765,-0.537,0.2257,-0.1933,0.062,3360.0
Anomalia,0.0353,0.2517,0.6765,-0.7612,0.2542,-0.3043,0.3846,5280.0
Anomalia,0.028,0.275,0.6765,-0.7612,0.2764,-0.2912,-0.1944,5280.0
Anomalia,0.0357,0.2591,0.6765,-0.7612,0.2615,-0.3135,0.1694,5280.0
Anomalia,0.0327,0.2451,0.6388,-0.7612,0.2473,-0.3649,0.1673,5280.0
Anomalia,0.0359,0.1958,0.4441,-0.5685,0.199,-0.3653,0.0276,3360.0
Anomalia,0.0338,0.1707,0.441,-0.3081,0.1741,-0.0977,-0.6721,3360.0
Anomalia,0.0223,0.181,0.441,-0.3803,0.1824,-0.1334,-0.7708,4080.0
Anomalia,0.0268,0.171,0.3968,-0.3803,0.1731,-0.2358,-0.6951,4080.0
Anomalia,0.0198,0.1643,0.3968,-0.3803,0.1655,-0.0894,-0.5376,3840.0
Anomalia,0.0368,0.1675,0.3968,-0.3803,0.1715,-0.2946,-0.5331,3360.0
Anomalia,0.0411,0.147,0.3968,-0.3242,0.1527,-0.1768,-0.2826,3120.0
Anomalia,0.0363,0.1302,0.3265,-0.3242,0.1351,-0.3254,-0.188,4080.0
Anomalia,0.0372,0.1433,0.3517,-0.3275,0.1481,-0.427,-0.1792,4080.0
Anomalia,0.0146,0.1407,0.3517,-0.3275,0.1414,-0.1584,-0.3433,4080.0
Anomalia,0.0162,0.1425,0.3517,-0.3275,0.1434,-0.039,-0.4881,4080.0
Anomalia,0.0258,0.1477,0.3517,-0.3275,0.15,-0.0516,-0.6342,4080.0
Anomalia,0.0251,0.1438,0.3277,-0.2812,0.146,0.1816,-0.8489,960.0
Anomalia,0.043,0.1366,0.3279,-0.2549,0.1432,0.086,-0.948,960.0
Anomalia,0.0453,0.1538,0.3818,-0.4193,0.1604,-0.0434,-0.4681,960.0
Anomalia,0.0288,0.1984,0.5568,-0.5184,0.2004,-0.1102,0.0543,960.0
Anomalia,0.0422,0.2086,0.5568,-0.5184,0.2128,-0.1038,-0.1475,3120.0
Anomalia,0.0257,0.2075,0.5568,-0.5184,0.2091,0.0976,-0.0708,2880.0
Anomalia,0.028,0.201,0.5568,-0.5184,0.203,0.1866,0.1453,3360.0
Anomalia,0.0368,0.1599,0.4385,-0.2353,0.164,0.6263,-0.2151,960.0
Anomalia,0.016,0.1441,0.4341,-0.2353,0.145,0.583,0.0511,4080.0
Anomalia,0.0308,0.1432,0.4341,-0.256,0.1465,0.5073,0.0175,4080.0
Anomalia,0.0226,0.1332,0.4062,-0.256,0.1351,0.3072,-0.2113,5040.0
Anomalia,0.0213,0.1287,0.4062,-0.256,0.1304,0.2083,-0.1646,3360.0
Anomalia,0.0447,0.1254,0.4062,-0.256,0.1331,0.0797,-0.2583,4080.0
Anomalia,0.0314,0.1412,0.5215,-0.2789,0.1447,0.4141,0.3514,3120.0
Anomalia,0.035,0.1944,0.643,-0.5366,0.1975,0.3866,0.7994,1920.0
Anomalia,0.0314,0.2428,0.6555,-0.7201,0.2448,-0.0134,0.4352,720.0
Anomalia,0.0333,0.2723,0.6555,-0.7201,0.2744,-0.0277,-0.2878,3360.0
Anomalia,0.0286,0.2876,0.6555,-0.7201,0.289,-0.0899,-0.6001,3360.0
Anomalia,0.0402,0.2698,0.6555,-0.7201,0.2727,-0.2493,-0.4031,3360.0
Anomalia,0.0315,0.2365,0.5295,-0.5165,0.2386,0.0135,-0.5598,3360.0
Anomalia,0.0287,0.2,0.5059,-0.4688,0.202,0.035,-0.1211,3360.0
Anomalia,0.0332,0.184,0.5059,-0.3492,0.187,0.1218,-0.3283,3360.0
Anomalia,0.0229,0.1735,0.4602,-0.4081,0.175,0.0151,-0.1941,3120.0
Anomalia,0.0389,0.1693,0.4602,-0.4081,0.1737,-0.1873,-0.1632,3120.0
Anomalia,0.0323,0.1879,0.4602,-0.4081,0.1907,-0.1226,-0.543,2640.0
Anomalia,0.0319,0.165,0.4602,-0.4081,0.1681,-0.0996,-0.0136,3840.0
Anomalia,0.0391,0.1522,0.3766,-0.3801,0.1571,-0.0893,-0.1873,2880.0
Anomalia,0.0238,0.166,0.3859,-0.431,0.1677,-0.1204,-0.1756,2880.0
Anomalia,0.0203,0.1669,0.4815,-0.431,0.1681,-0.0496,0.0768,480.0
Anomalia,0.0373,0.1708,0.4815,-0.431,0.1748,-0.1802,-0.0664,480.0
Anomalia,0.0247,0.1763,0.4815,-0.431,0.178,-0.1423,-0.2719,3360.0
Anomalia,0.0493,0.1619,0.4815,-0.4227,0.1692,-0.1881,-0.1393,720.0
Anomalia,0.0363,0.1473,0.3578,-0.343,0.1517,-0.0497,-0.6541,4080.0
Anomalia,0.0278,0.1395,0.3578,-0.343,0.1423,-0.0364,-0.4178,4080.0
Anomalia,0.0357,0.1233,0.34,-0.2395,0.1284,-0.0369,-0.3974,4080.0
Anomalia,0.0189,0.1065,0.2261,-0.2395,0.1081,-0.2523,-0.4534,960.0
Anomalia,0.0445,0.0966,0.2775,-0.1974,0.1063,-0.1822,-0.3513,1200.0
Anomalia,0.0371,0.1007,0.2775,-0.1974,0.1073,-0.0349,-0.6411,1440.0
Anomalia,0.0345,0.1098,0.3561,-0.1974,0.1151,0.2656,-0.4396,960.0
Anomalia,0.0498,0.1622,0.5545,-0.4385,0.1697,0.313,0.8251,960.0
Anomalia,0.0079,0.1912,0.5545,-0.5368,0.1914,0.2467,0.4037,5040.0
Anomalia,0.0368,0.216,0.5545,-0.5368,0.2192,0.0169,-0.3904,2880.0
Anomalia,0.0222,0.2279,0.5545,-0.5368,0.2289,0.0617,-0.6973,2880.0
Anomalia,0.0298,0.204,0.4416,-0.5368,0.2061,-0.2216,-0.696,2880.0
Anomalia,0.0649,0.1954,0.6621,-0.3774,0.2059,0.0487,-0.1662,2880.0
Anomalia,0.0282,0.2209,0.8132,-0.3847,0.2227,0.7156,1.0553,2880.0
Anomalia,0.0386,0.2161,0.8132,-0.3847,0.2195,0.6981,1.2171,2880.0
Anomalia,0.0346,0.2391,0.8132,-0.3847,0.2416,0.7184,0.6109,2880.0
Anomalia,0.0078,0.2322,0.8132,-0.4003,0.2323,0.7018,0.863,3360.0
Anomalia,0.0408,0.1962,0.6298,-0.4003,0.2004,0.1161,0.186,3360.0
Anomalia,0.0337,0.1959,0.6298,-0.4003,0.1988,0.1829,0.1271,3360.0
Anomalia,0.0143,0.1724,0.43,-0.4003,0.173,0.0307,-0.2574,3360.0
Anomalia,0.0447,0.1834,0.43,-0.4421,0.1888,-0.1463,-0.4798,3360.0
Anomalia,0.016,0.1977,0.5528,-0.4994,0.1983,0.0627,-0.2739,2880.0
Anomalia,0.0362,0.2098,0.5528,-0.4994,0.2129,0.0258,-0.4458,3120.0
Anomalia,0.0481,0.2115,0.5528,-0.4994,0.2169,-0.0483,-0.4583,2880.0
Anomalia,0.0374,0.1908,0.5528,-0.4994,0.1944,0.1734,0.0854,3360.0
Anomalia,0.0472,0.1673,0.5019,-0.3256,0.1738,0.1433,-0.1185,2640.0
Anomalia,0.0278,0.1651,0.4731,-0.4323,0.1674,-0.2051,0.0066,3360.0
Anomalia,0.0201,0.1729,0.4339,-0.5065,0.1741,-0.4653,0.2606,1200.0
Anomalia,0.0299,0.181,0.4339,-0.5065,0.1834,-0.4278,-0.1265,3360.0
Anomalia,0.0349,0.1842,0.4339,-0.5065,0.1875,-0.4107,-0.158,960.0
Anomalia,0.0443,0.1613,0.4339,-0.5065,0.1673,-0.2784,0.4402,960.0
Anomalia,0.0533,0.1256,0.3972,-0.2401,0.1364,0.0484,-0.209,960.0
Anomalia,0.0322,0.1174,0.3972,-0.286,0.1217,0.2664,0.2676,960.0
Anomalia,0.028,0.1026,0.344,-0.286,0.1064,0.0645,0.3045,960.0
Anomalia,0.0351,0.1031,0.2691,-0.286,0.1089,-0.3141,-0.2974,960.0
Anomalia,0.0174,0.1081,0.2691,-0.286,0.1095,-0.1158,-0.4926,960.0
Anomalia,0.0376,0.1064,0.3152,-0.2184,0.1129,-0.0142,-0.5509,960.0
Anomalia,0.0293,0.1249,0.3152,-0.2428,0.1283,-0.1268,-0.7408,960.0
Anomalia,0.0191,0.1816,0.5893,-0.6012,0.1826,-0.0843,0.9109,4320.0
Anomalia,0.0313,0.2471,0.8021,-0.6788,0.2491,-0.0454,0.4637,3120.0
Anomalia,0.022,0.2604,0.8021,-0.6788,0.2613,-0.0788,0.0779,3120.0
Anomalia,0.0434,0.2659,0.8021,-0.6788,0.2694,-0.2205,-0.0294,2880.0
Anomalia,0.0442,0.2461,0.8021,-0.6788,0.2501,-0.2389,0.2903,2880.0
Anomalia,0.0468,0.1953,0.4016,-0.5167,0.2009,-0.5383,-0.0649,4080.0
Anomalia,0.0446,0.1777,0.4016,-0.4316,0.1832,-0.2778,-0.1596,4080.0
Anomalia,0.0181,0.1626,0.3887,-0.4316,0.1636,-0.2317,0.0225,4320.0
Anomalia,0.0275,0.1366,0.3847,-0.4316,0.1394,-0.3037,0.4059,960.0
Anomalia,0.0189,0.1124,0.2806,-0.2485,0.114,-0.1827,-0.2555,480.0
Anomalia,0.0315,0.115,0.3784,-0.2364,0.1192,0.1742,0.0018,480.0
Anomalia,0.053,0.1477,0.5762,-0.3215,0.1569,0.7344,1.4675,720.0
Anomalia,0.0366,0.1824,0.6156,-0.4742,0.1861,0.4856,1.1606,1920.0
Anomalia,0.0327,0.2235,0.6156,-0.6557,0.2259,-0.0481,0.8591,1920.0
Anomalia,0.0342,0.248,0.6156,-0.6557,0.2503,-0.007,0.1831,3360.0
Anomalia,0.0051,0.251,0.6156,-0.6557,0.251,0.0773,-0.0186,3360.0
Anomalia,0.0336,0.2366,0.5847,-0.6557,0.239,-0.224,0.1952,3360.0
Anomalia,0.0347,0.2061,0.5681,-0.4938,0.209,0.0325,-0.1087,3360.0
Anomalia,0.0306,0.1745,0.5681,-0.3918,0.1772,-0.1034,-0.0847,3360.0
Anomalia,0.0468,0.1613,0.3989,-0.5245,0.1679,-0.4615,0.3151,3360.0
Anomalia,0.028,0.1641,0.4396,-0.5245,0.1665,-0.2401,0.0965,960.0
Anomalia,0.0293,0.1561,0.4396,-0.5245,0.1589,-0.21,0.4991,4080.0
Anomalia,0.0339,0.1567,0.4396,-0.5245,0.1604,-0.2495,0.5079,2640.0
Anomalia,0.0309,0.1391,0.4396,-0.3271,0.1425,-0.1175,-0.0505,3840.0
Anomalia,0.0302,0.137,0.3793,-0.3361,0.1403,-0.3855,-0.0621,3840.0
Anomalia,0.0369,0.1685,0.5322,-0.4354,0.1725,-0.1999,0.1538,3840.0
Anomalia,0.0115,0.1875,0.5322,-0.4481,0.1879,-0.1057,-0.2324,3360.0
Anomalia,0.0365,0.1894,0.5322,-0.4481,0.1929,-0.1737,-0.1983,3360.0
Anomalia,0.0358,0.1825,0.5322,-0.4481,0.1859,-0.1431,-0.0087,3360.0
Anomalia,0.0288,0.1569,0.3985,-0.4481,0.1595,-0.1915,0.0446,3360.0
Anomalia,0.0456,0.1373,0.3985,-0.2499,0.1447,0.1825,-0.5863,3360.0
Anomalia,0.015,0.1525,0.3761,-0.3473,0.1532,0.2209,-0.576,4080.0
Anomalia,0.0185,0.1609,0.3761,-0.3473,0.162,0.1954,-0.8552,3360.0
Anomalia,0.03,0.1604,0.4012,-0.3473,0.1632,0.1584,-0.6739,3360.0
Anomalia,0.0215,0.1633,0.4012,-0.3473,0.1647,0.1361,-0.5974,3360.0
Anomalia,0.0474,0.1478,0.4012,-0.315,0.1552,-0.0392,-0.6057,3360.0
Anomalia,0.0443,0.1564,0.4176,-0.3181,0.1626,-0.1021,-0.4466,960.0
Anomalia,0.029,0.215,0.5989,-0.5589,0.2169,-0.1456,0.1612,5040.0
Anomalia,0.0423,0.2253,0.5989,-0.5589,0.2292,-0.1055,-0.0273,5040.0
Anomalia,0.0103,0.2359,0.5989,-0.5589,0.2361,0.1452,-0.2108,960.0
Anomalia,0.0225,0.2371,0.5989,-0.5589,0.2382,0.0804,-0.2564,960.0
Anomalia,0.029,0.1984,0.5153,-0.4738,0.2005,0.0219,-0.2294,960.0
Anomalia,0.0177,0.2127,0.7508,-0.5389,0.2134,0.2312,0.8696,2880.0
Anomalia,0.0469,0.2479,0.8386,-0.5389,0.2523,0.4721,0.961,5280.0
Anomalia,0.0149,0.2987,0.8386,-0.8357,0.2991,0.1219,0.4261,5040.0
Anomalia,0.0398,0.3197,0.8386,-0.8357,0.3221,-0.0125,-0.0833,5040.0
Anomalia,0.0375,0.3113,0.8386,-0.8357,0.3136,-0.1515,-0.0538,3360.0
Anomalia,0.027,0.278,0.5772,-0.8357,0.2793,-0.4677,0.1673,3360.0
Anomalia,0.049,0.2257,0.5543,-0.6198,0.2309,-0.3375,0.1348,3360.0
Anomalia,0.0219,0.1914,0.4907,-0.5672,0.1927,-0.3614,-0.0616,3360.0
Anomalia,0.0152,0.1959,0.4907,-0.5839,0.1965,-0.3263,-0.153,2640.0
Anomalia,0.0324,0.2019,0.537,-0.5839,0.2045,-0.1151,0.4072,2880.0
Anomalia,0.0252,0.2003,0.537,-0.5839,0.2018,-0.0708,0.2594,2880.0
Anomalia,0.0401,0.1984,0.537,-0.5839,0.2024,-0.1593,0.3421,2880.0
Anomalia,0.0561,0.1809,0.537,-0.3582,0.1894,0.0525,0.0694,960.0
Anomalia,0.0349,0.1721,0.3884,-0.383,0.1756,-0.3329,-0.5136,960.0
Anomalia,0.031,0.1994,0.4648,-0.6115,0.2018,-0.5983,0.2119,960.0
Anomalia,0.0095,0.2048,0.4648,-0.6115,0.2051,-0.5296,-0.0184,5040.0
Anomalia,0.0116,0.2024,0.4648,-0.6115,0.2027,-0.5688,0.108,5280.0
Anomalia,0.0171,0.1951,0.4648,-0.6115,0.1958,-0.6694,0.4532,5280.0
Anomalia,0.0357,0.1548,0.3674,-0.4496,0.1589,-0.6496,0.2751,960.0
Anomalia,0.043,0.1305,0.2962,-0.3532,0.1375,-0.4716,-0.0857,960.0
Anomalia,0.0392,0.1202,0.2962,-0.2637,0.1265,-0.3061,-0.6413,960.0
Anomalia,0.0355,0.1304,0.2962,-0.3457,0.1352,-0.5258,-0.2106,960.0
Anomalia,0.0264,0.1204,0.251,-0.3457,0.1233,-0.6163,-0.1215,960.0
Anomalia,0.0378,0.1227,0.251,-0.3457,0.1284,-0.653,-0.0716,960.0
Anomalia,0.0319,0.1203,0.2681,-0.3457,0.1245,-0.5483,-0.001,960.0
Anomalia,0.0286,0.1286,0.2877,-0.4761,0.1317,-0.6997,1.0595,5280.0
Anomalia,0.0366,0.2276,0.7829,-0.7057,0.2305,0.0393,2.2235,3360.0
Anomalia,0.0114,0.2961,0.7948,-0.7057,0.2963,0.134,0.4204,2880.0
Anomalia,0.0266,0.316,0.7948,-0.7057,0.3172,0.0626,-0.1444,2880.0
Anomalia,0.0259,0.3234,0.7948,-0.7057,0.3244,0.1376,-0.3214,2880.0
Anomalia,0.0289,0.2804,0.7948,-0.6745,0.2818,0.0944,-0.1452,2880.0
Anomalia,0.0458,0.2071,0.6242,-0.4391,0.2121,0.2991,-0.111,2880.0
Anomalia,0.0383,0.1938,0.5647,-0.3966,0.1976,0.1912,-0.2301,4080.0
Anomalia,0.03,0.1757,0.4761,-0.3966,0.1782,0.0036,-0.1045,4080.0
Anomalia,0.0258,0.1516,0.4074,-0.3774,0.1538,-0.1825,-0.1607,720.0
Anomalia,0.0172,0.1495,0.4074,-0.3774,0.1505,-0.1665,-0.1465,5280.0
Anomalia,0.0277,0.1282,0.3092,-0.374,0.1312,-0.3249,-0.0257,2880.0
Anomalia,0.0342,0.1675,0.5747,-0.5184,0.1709,0.2045,1.2453,3360.0
Anomalia,0.0404,0.1775,0.5747,-0.5184,0.182,0.3203,1.048,960.0
Anomalia,0.0336,0.2177,0.5747,-0.6626,0.2203,-0.2113,0.5777,3360.0
Anomalia,0.0246,0.216,0.5747,-0.6626,0.2174,-0.1241,0.6313,3120.0
Anomalia,0.0286,0.1885,0.4702,-0.6626,0.1907,-0.5148,1.2988,5040.0
Anomalia,0.0226,0.1871,0.4385,-0.6626,0.1884,-0.5321,1.1437,5040.0
Anomalia,0.0328,0.1437,0.4199,-0.401,0.1474,0.055,0.3311,960.0
Anomalia,0.0386,0.1497,0.4199,-0.401,0.1546,-0.0373,0.1609,960.0
Anomalia,0.0285,0.168,0.4199,-0.5802,0.1704,-0.326,0.5688,2880.0
Anomalia,0.0288,0.1566,0.3832,-0.5802,0.1592,-0.569,1.0578,2880.0
Anomalia,0.0316,0.1562,0.3832,-0.5802,0.1594,-0.7052,1.0751,2880.0
Anomalia,0.0244,0.1476,0.3832,-0.5802,0.1496,-0.7442,1.5758,3360.0
Anomalia,0.0369,0.1133,0.3832,-0.2864,0.1192,-0.001,0.5642,3120.0
Anomalia,0.04,0.1106,0.3267,-0.2864,0.1176,-0.1722,0.1493,3120.0
Anomalia,0.0271,0.1074,0.3267,-0.2324,0.1108,0.1466,-0.0051,2880.0
Anomalia,0.0339,0.1147,0.3267,-0.2324,0.1196,0.105,-0.3262,5280.0
Anomalia,0.0296,0.1171,0.3196,-0.2593,0.1208,0.0153,-0.4939,5280.0
Anomalia,0.0233,0.1164,0.2674,-0.2593,0.1187,-0.1179,-0.6496,2880.0
Anomalia,0.0481,0.1218,0.383,-0.2593,0.1309,0.172,-0.0736,2880.0
Anomalia,0.027,0.1484,0.4629,-0.5144,0.1509,-0.2591,1.4333,4080.0
Anomalia,0.0355,0.1574,0.4629,-0.5144,0.1613,-0.406,0.9508,4080.0
Anomalia,0.0307,0.1821,0.4742,-0.5144,0.1847,-0.0985,0.1764,4320.0
Anomalia,0.0091,0.1914,0.4742,-0.5144,0.1916,-0.1093,-0.2652,4320.0
Anomalia,0.0341,0.1814,0.4742,-0.4124,0.1846,-0.1357,-0.6012,960.0
Anomalia,0.0204,0.1787,0.4742,-0.4124,0.1799,0.1626,-0.5315,960.0
Anomalia,0.0289,0.1555,0.3703,-0.4124,0.1581,-0.1447,-0.5626,1200.0
Anomalia,0.0417,0.1459,0.3703,-0.2518,0.1517,0.0862,-0.7795,960.0
Anomalia,0.0291,0.1454,0.3839,-0.2518,0.1483,0.2865,-0.6751,960.0
Anomalia,0.045,0.1391,0.3839,-0.2518,0.1462,0.0109,-0.5808,960.0
Anomalia,0.0332,0.1329,0.3839,-0.2518,0.137,0.2804,-0.3163,960.0
Anomalia,0.0296,0.1436,0.4604,-0.3755,0.1467,0.4303,0.4969,1440.0
Anomalia,0.0328,0.1869,0.7312,-0.5601,0.1897,0.2486,2.3245,960.0
Anomalia,0.0303,0.2377,1.0886,-0.5601,0.2396,1.0348,3.4051,1920.0
Anomalia,0.0143,0.278,1.0886,-0.5812,0.2784,0.624,1.4045,3360.0
Anomalia,0.0424,0.2966,1.0886,-0.5812,0.2996,0.4592,0.528,3360.0
Anomalia,0.0174,0.2749,1.0886,-0.5812,0.2755,0.7066,1.2121,3360.0
Anomalia,0.0329,0.2391,0.6565,-0.5812,0.2414,0.0172,-0.0516,3360.0
Anomalia,0.0492,0.2028,0.5578,-0.4022,0.2086,0.2914,-0.2846,3360.0
Anomalia,0.026,0.1686,0.3336,-0.4022,0.1706,-0.17,-0.6926,3360.0
Anomalia,0.0396,0.1711,0.4189,-0.4264,0.1756,-0.1981,-0.5653,3360.0
Anomalia,0.0239,0.1598,0.4189,-0.4264,0.1616,-0.1858,-0.2391,2880.0
Anomalia,0.0161,0.1508,0.4189,-0.4264,0.1517,-0.1921,0.0303,2880.0
Anomalia,0.0244,0.1616,0.4189,-0.4264,0.1634,-0.2542,-0.0974,2880.0
Anomalia,0.0347,0.1384,0.3816,-0.3571,0.1427,-0.1475,-0.0891,2880.0
Anomalia,0.0291,0.1629,0.5618,-0.4331,0.1655,-0.0216,0.3162,2880.0
Anomalia,0.057,0.2117,0.6576,-0.5288,0.2193,-0.1459,0.3362,5280.0
Anomalia,0.0204,0.2186,0.6576,-0.582,0.2195,-0.0311,0.5194,5040.0
Anomalia,0.0359,0.2337,0.6576,-0.582,0.2365,-0.1048,-0.0762,5280.0
Anomalia,0.0343,0.2276,0.6576,-0.582,0.2302,-0.0777,-0.041,5280.0
Anomalia,0.0171,0.1801,0.4083,-0.582,0.1809,-0.127,0.2381,480.0
Anomalia,0.0514,0.1582,0.4083,-0.3519,0.1663,0.2001,-0.5766,960.0
Anomalia,0.0172,0.1405,0.3766,-0.3519,0.1416,0.4094,-0.12,960.0
Anomalia,0.0204,0.1199,0.3173,-0.2213,0.1216,0.4031,-0.3576,960.0
Anomalia,0.0302,0.1191,0.3173,-0.2213,0.1229,0.2944,-0.4658,960.0
Anomalia,0.0132,0.112,0.2939,-0.2309,0.1128,0.0039,-0.4733,960.0
Anomalia,0.0527,0.1152,0.3357,-0.2309,0.1267,-0.1201,-0.2774,1200.0
Anomalia,0.0336,0.1512,0.3922,-0.3532,0.1549,-0.3597,-0.2505,480.0
Anomalia,0.0403,0.196,0.7368,-0.4514,0.2001,0.4358,1.096,480.0
Anomalia,0.0448,0.2337,0.7368,-0.4514,0.238,0.1443,0.0838,2880.0
Anomalia,0.0086,0.2495,0.7368,-0.5007,0.2497,0.3327,-0.1097,2880.0
Anomalia,0.0395,0.2465,0.7368,-0.5007,0.2496,0.1464,-0.1332,2880.0
Anomalia,0.0279,0.2103,0.5833,-0.5007,0.2121,-0.1574,-0.0061,2880.0
Anomalia,0.0289,0.1864,0.548,-0.5007,0.1886,-0.0301,0.1451,2880.0
Anomalia,0.0534,0.1993,0.548,-0.537,0.2064,-0.0019,0.0181,5040.0
Anomalia,0.0167,0.2163,0.548,-0.5403,0.217,-0.1385,0.0252,5040.0
Anomalia,0.0257,0.2391,0.562,-0.5403,0.2405,0.0101,-0.3309,5040.0
Anomalia,0.027,0.2278,0.562,-0.5403,0.2294,-0.094,-0.1285,5280.0
Anomalia,0.0097,0.1908,0.562,-0.5403,0.1911,-0.0215,0.6601,5280.0
Anomalia,0.0494,0.1674,0.562,-0.3478,0.1745,0.3595,0.2821,3360.0
Anomalia,0.0394,0.1584,0.5207,-0.2971,0.1632,0.2595,-0.182,3360.0
Anomalia,0.0274,0.197,0.5547,-0.4763,0.1989,0.0906,-0.0504,3120.0
Anomalia,0.0477,0.199,0.5547,-0.4763,0.2047,-0.1393,-0.0926,3120.0
Anomalia,0.017,0.1924,0.5547,-0.4763,0.1931,0.1622,0.1934,3120.0
Anomalia,0.0252,0.1809,0.5547,-0.4763,0.1827,-0.073,0.2907,2880.0
Anomalia,0.0433,0.1358,0.3824,-0.2672,0.1425,0.1375,-0.3358,1200.0
Anomalia,0.0283,0.1448,0.3824,-0.34,0.1476,0.2013,-0.2594,2640.0
Anomalia,0.0482,0.1605,0.5912,-0.4012,0.1676,0.2508,0.5872,3840.0
Anomalia,0.0337,0.1619,0.5912,-0.4012,0.1654,0.286,0.7666,3840.0
Anomalia,0.0235,0.1603,0.5912,-0.4012,0.162,0.3234,0.7799,4080.0
Anomalia,0.0264,0.1505,0.5912,-0.4012,0.1528,0.3749,1.1945,4320.0
Anomalia,0.0271,0.1291,0.3874,-0.3361,0.1319,0.0398,-0.2228,960.0
Anomalia,0.0267,0.1141,0.2929,-0.2082,0.1172,0.2048,-0.6724,960.0
Anomalia,0.0378,0.1164,0.3855,-0.1819,0.1224,0.6391,-0.14,960.0
Anomalia,0.0271,0.1137,0.3855,-0.1819,0.1169,0.6664,0.1643,4080.0
Anomalia,0.0264,0.1042,0.3855,-0.1819,0.1075,0.6665,0.6914,2880.0
Anomalia,0.0377,0.1157,0.3855,-0.1976,0.1217,0.3973,-0.0826,4080.0
Anomalia,0.0311,0.109,0.2908,-0.1976,0.1133,0.0516,-0.5412,4080.0
Anomalia,0.0447,0.1458,0.5943,-0.3807,0.1525,0.22,0.807,2880.0
Anomalia,0.0332,0.2105,0.5996,-0.9023,0.2131,-0.4583,2.1898,2640.0
Anomalia,0.0254,0.2402,0.5996,-0.9023,0.2415,-0.5989,1.2527,3120.0
Anomalia,0.0311,0.2578,0.5996,-0.9023,0.2597,-0.5036,0.4851,3120.0
Anomalia,0.0204,0.2485,0.5996,-0.9023,0.2494,-0.5888,0.6808,3120.0
Anomalia,0.0355,0.2118,0.4202,-0.6198,0.2148,-0.6388,0.2815,2880.0
Anomalia,0.0226,0.1888,0.4202,-0.4306,0.1901,-0.2075,-0.6787,2880.0
Anomalia,0.0249,0.1753,0.339,-0.4306,0.1771,-0.5781,-0.5148,960.0
Anomalia,0.027,0.1651,0.339,-0.4306,0.1673,-0.5474,-0.2875,960.0
Anomalia,0.0251,0.1593,0.3263,-0.4306,0.1612,-0.7452,0.0204,2880.0
Anomalia,0.0416,0.1444,0.3263,-0.372,0.1503,-0.6413,0.2131,2880.0
Anomalia,0.0389,0.1395,0.4051,-0.368,0.1449,-0.198,0.0393,2880.0
Anomalia,0.0388,0.1923,0.7398,-0.5656,0.1961,0.0996,1.5359,3120.0
Anomalia,0.0473,0.2488,1.1372,-0.5656,0.2532,1.2219,3.5023,1920.0
Anomalia,0.0231,0.2807,1.1372,-0.6734,0.2816,0.6998,2.0847,1920.0
Anomalia,0.0257,0.2924,1.1372,-0.6734,0.2936,0.6635,1.4739,5280.0
Anomalia,0.0288,0.2613,1.1372,-0.6734,0.2629,0.8117,2.8801,3360.0
Anomalia,0.0158,0.212,0.551,-0.6734,0.2126,-0.3281,0.5022,3360.0
Anomalia,0.045,0.1732,0.551,-0.3599,0.179,0.2795,-0.0802,3360.0
Anomalia,0.0364,0.1549,0.3745,-0.3872,0.1591,-0.1099,-0.3806,1920.0
Anomalia,0.0306,0.1711,0.4861,-0.3872,0.1738,-0.1168,-0.2807,2640.0
Anomalia,0.0369,0.1561,0.4861,-0.3872,0.1604,-0.2783,0.4044,960.0
Anomalia,0.0176,0.1639,0.4861,-0.3872,0.1649,-0.2726,-0.0338,2880.0
Anomalia,0.0259,0.173,0.4861,-0.3982,0.1749,-0.317,-0.1356,1200.0
Anomalia,0.0362,0.1528,0.3718,-0.3982,0.157,-0.5745,0.1581,960.0
Anomalia,0.0214,0.1754,0.4083,-0.3982,0.1767,-0.4182,-0.341,960.0
Anomalia,0.0352,0.1932,0.5891,-0.4097,0.1964,-0.0794,-0.0924,5280.0
Anomalia,0.0329,0.1916,0.5891,-0.4097,0.1944,0.1055,-0.1151,5280.0
Anomalia,0.0282,0.1979,0.5891,-0.4097,0.1999,0.0923,-0.308,5040.0
Anomalia,0.0431,0.1795,0.5891,-0.4097,0.1846,0.0902,0.0089,3360.0
Anomalia,0.0458,0.1479,0.4544,-0.3417,0.1548,0.0513,-0.0917,3360.0
Anomalia,0.0335,0.1393,0.4199,-0.3417,0.1432,0.0903,0.0074,3360.0
Anomalia,0.0325,0.136,0.4199,-0.2835,0.1398,0.4212,-0.1929,960.0
Anomalia,0.0238,0.1357,0.4199,-0.2835,0.1378,0.5015,-0.0704,960.0
Anomalia,0.0182,0.1389,0.3813,-0.3567,0.1401,-0.0979,0.0425,960.0
Anomalia,0.0391,0.1398,0.3025,-0.3567,0.1452,-0.1715,-0.152,480.0
Anomalia,0.0252,0.1368,0.3025,-0.3567,0.1391,-0.1835,-0.0412,960.0
Anomalia,0.0362,0.1631,0.4635,-0.4212,0.1671,-0.2866,0.3059,5280.0
Anomalia,0.029,0.2161,0.5716,-0.6678,0.2181,-0.1484,0.4738,3360.0
Anomalia,0.0189,0.2235,0.5716,-0.6678,0.2243,-0.0721,0.3566,5040.0
Anomalia,0.0351,0.2526,0.5741,-0.6678,0.255,-0.2041,-0.2393,2880.0
Anomalia,0.0297,0.2413,0.5741,-0.6678,0.2431,-0.143,-0.0071,3360.0
Anomalia,0.0422,0.1934,0.5741,-0.5147,0.1979,-0.1908,0.3218,2880.0
Anomalia,0.0443,0.2016,0.5741,-0.5147,0.2064,-0.1611,0.2355,2880.0
Anomalia,0.0566,0.237,0.7967,-0.4925,0.2436,0.4614,0.638,5280.0
Anomalia,0.0221,0.3014,0.7967,-0.7322,0.3022,0.1017,0.02,5280.0
Anomalia,0.0326,0.3293,0.8034,-0.7322,0.3309,0.1581,-0.3919,5280.0
Anomalia,0.013,0.337,0.8034,-0.7322,0.3373,0.248,-0.5224,3360.0
Anomalia,0.0153,0.2957,0.8034,-0.7322,0.296,-0.0167,-0.0993,3360.0
Anomalia,0.0444,0.2385,0.8034,-0.5472,0.2426,0.2901,0.0441,3360.0
Anomalia,0.0362,0.2015,0.4817,-0.5472,0.2048,0.0311,-0.3746,3360.0
Anomalia,0.0428,0.1724,0.4792,-0.2779,0.1776,0.3874,-0.7529,2640.0
Anomalia,0.0288,0.1659,0.412,-0.2854,0.1684,0.2658,-0.8216,3120.0
Anomalia,0.0269,0.1545,0.3622,-0.2854,0.1568,-0.005,-0.7992,2880.0
Anomalia,0.0209,0.1576,0.3962,-0.3098,0.159,0.0722,-0.6231,2880.0
Anomalia,0.0401,0.1474,0.3962,-0.3098,0.1528,-0.1733,-0.4366,2640.0
Anomalia,0.0331,0.155,0.3962,-0.4756,0.1585,-0.3173,-0.1854,480.0
Anomalia,0.0472,0.1758,0.6624,-0.4756,0.182,-0.0886,0.6062,480.0
Anomalia,0.0271,0.1716,0.6624,-0.4756,0.1737,-0.0005,0.7433,480.0
Anomalia,0.0272,0.1713,0.6624,-0.4756,0.1734,-0.0711,0.8161,6720.0
Anomalia,0.032,0.1572,0.6624,-0.4377,0.1605,0.1008,1.4252,6720.0
Anomalia,0.0215,0.1231,0.2958,-0.3309,0.125,-0.3539,-0.1694,3360.0
Anomalia,0.0467,0.1098,0.2958,-0.2729,0.1194,-0.3987,-0.0679,2880.0
Anomalia,0.0247,0.1097,0.2958,-0.3098,0.1124,-0.2363,-0.1842,2880.0
Anomalia,0.0323,0.1112,0.2958,-0.3098,0.1158,-0.2317,-0.342,2880.0
Anomalia,0.03,0.1052,0.2599,-0.3098,0.1094,-0.2836,-0.2923,960.0
Anomalia,0.0212,0.0984,0.228,-0.3098,0.1007,-0.2517,-0.0173,960.0
Anomalia,0.044,0.1173,0.4191,-0.3275,0.1253,0.2557,0.8104,960.0
Anomalia,0.0168,0.1498,0.4191,-0.4579,0.1507,-0.4326,0.9459,5280.0
Anomalia,0.0213,0.2459,0.8,-0.6644,0.2469,0.2226,0.8897,2640.0
Anomalia,0.0449,0.2877,0.8,-0.6644,0.2912,0.1696,-0.2059,3120.0
Anomalia,0.0201,0.3006,0.8,-0.6644,0.3012,0.3353,-0.3487,3120.0
Anomalia,0.0631,0.2939,0.8,-0.6644,0.3006,0.1164,-0.3656,2880.0
Anomalia,0.0411,0.2357,0.7598,-0.4967,0.2392,0.303,-0.0872,2880.0
Anomalia,0.02,0.1916,0.577,-0.4648,0.1927,0.1577,0.019,2880.0
Anomalia,0.039,0.1698,0.4834,-0.3617,0.1742,0.1754,-0.2628,1200.0
Anomalia,0.0004,0.1778,0.5184,-0.3617,0.1778,0.4085,-0.0704,960.0
Anomalia,0.0337,0.1752,0.5184,-0.3183,0.1785,0.4764,-0.0775,2880.0
Anomalia,0.0284,0.168,0.5184,-0.3183,0.1704,0.5829,0.3349,2880.0
Anomalia,0.0249,0.1746,0.5184,-0.3859,0.1763,0.2939,0.0743,2880.0
Anomalia,0.0485,0.1876,0.6423,-0.5989,0.1938,-0.0747,1.5425,3360.0
Anomalia,0.0401,0.2023,0.6423,-0.5989,0.2062,0.0285,0.8275,4080.0
Anomalia,0.028,0.2405,0.6423,-0.5989,0.2421,-0.1489,0.0572,3360.0
Anomalia,0.0316,0.2677,0.8545,-0.5989,0.2696,0.2585,0.1745,3360.0
Anomalia,0.0097,0.2498,0.8545,-0.5706,0.25,0.4468,0.5191,3360.0
Anomalia,0.0189,0.2434,0.8545,-0.5706,0.2441,0.3681,0.6688,3360.0
Anomalia,0.0387,0.2125,0.8545,-0.4596,0.216,0.7372,1.435,3360.0
Anomalia,0.0258,0.169,0.4877,-0.4596,0.1709,0.1851,0.2557,3120.0
Anomalia,0.0488,0.1631,0.4877,-0.2616,0.1703,0.4643,-0.3397,3360.0
Anomalia,0.0313,0.1458,0.4877,-0.2616,0.1491,0.5,-0.0816,5280.0
Anomalia,0.035,0.1617,0.4216,-0.2697,0.1655,0.306,-0.6703,3360.0
Anomalia,0.043,0.1462,0.4216,-0.2697,0.1524,0.3742,-0.3535,3360.0
Anomalia,0.0345,0.1347,0.4216,-0.2697,0.139,0.393,0.0163,2880.0
Anomalia,0.0286,0.1365,0.4216,-0.2697,0.1395,0.3854,0.0188,2880.0
Anomalia,0.0245,0.1328,0.3822,-0.4366,0.1351,-0.3608,0.7949,960.0
Anomalia,0.019,0.1389,0.3822,-0.4366,0.1402,-0.2734,0.4327,960.0
Anomalia,0.0268,0.1378,0.3822,-0.4366,0.1403,-0.4286,0.5691,960.0
Anomalia,0.0367,0.1462,0.3822,-0.4366,0.1508,-0.2841,0.3065,960.0
Anomalia,0.0326,0.1303,0.3509,-0.2576,0.1343,0.1817,-0.4483,3360.0
Anomalia,0.0456,0.1536,0.522,-0.3198,0.1602,0.4047,-0.0162,4080.0
Anomalia,0.0298,0.1667,0.522,-0.3198,0.1693,0.4726,-0.1091,4080.0
Anomalia,0.0266,0.1727,0.522,-0.324,0.1748,0.4363,-0.085,4080.0
Anomalia,0.0356,0.1823,0.522,-0.324,0.1858,0.3259,-0.4107,2880.0
Anomalia,0.0255,0.1636,0.451,-0.324,0.1656,0.2465,-0.3723,2880.0
Anomalia,0.0435,0.1585,0.4421,-0.324,0.1644,0.0334,-0.5612,2880.0
Anomalia,0.0303,0.1884,0.4944,-0.6035,0.1909,-0.4903,0.5984,2880.0
Anomalia,0.0279,0.2129,0.6728,-0.6035,0.2148,-0.2211,0.7684,4080.0
Anomalia,0.0301,0.2272,0.6728,-0.6035,0.2292,-0.1491,0.3325,5040.0
Anomalia,0.0131,0.2389,0.6728,-0.6035,0.2393,-0.0649,0.1059,4080.0
Anomalia,0.0407,0.2063,0.6728,-0.5397,0.2102,-0.0632,0.769,4080.0
Anomalia,0.0266,0.1739,0.4829,-0.5397,0.1759,-0.2377,0.7275,2880.0
Anomalia,0.0323,0.1913,0.6857,-0.5397,0.194,0.146,1.0933,2880.0
Anomalia,0.0439,0.2587,0.7917,-0.6375,0.2624,0.5306,1.1567,5280.0
Anomalia,0.028,0.3073,0.8002,-0.7769,0.3086,0.3722,0.3797,5280.0
Anomalia,0.0352,0.3222,0.8002,-0.7769,0.3241,0.3058,-0.0892,3360.0
Anomalia,0.032,0.3328,0.8002,-0.7769,0.3343,0.234,-0.2511,3360.0
Anomalia,0.0256,0.2706,0.8002,-0.7769,0.2718,0.0868,0.4982,3360.0
Anomalia,0.0432,0.2385,0.6959,-0.5918,0.2424,0.0894,-0.1443,3360.0
Anomalia,0.0462,0.2336,0.6959,-0.5918,0.2381,0.0583,-0.0584,3360.0
Anomalia,0.0233,0.2136,0.5015,-0.5758,0.2149,0.0068,-0.1518,3360.0
Anomalia,0.0356,0.2196,0.5015,-0.5758,0.2225,-0.1057,-0.3908,3120.0
Anomalia,0.0078,0.207,0.5015,-0.5758,0.2072,-0.0369,-0.1838,4080.0
Anomalia,0.0208,0.1912,0.4663,-0.5758,0.1924,-0.1814,0.316,2880.0
Anomalia,0.0499,0.154,0.4585,-0.4293,0.1619,-0.0485,0.4351,3840.0
Anomalia,0.0177,0.1708,0.4585,-0.5681,0.1717,-0.3753,0.9693,2880.0
Anomalia,0.0466,0.1773,0.5347,-0.5681,0.1833,-0.1653,0.8915,4800.0
Anomalia,0.0203,0.1855,0.5347,-0.5681,0.1866,-0.2148,0.4072,3360.0
Anomalia,0.0137,0.198,0.5347,-0.5681,0.1985,-0.0849,-0.1124,3360.0
Anomalia,0.0461,0.1808,0.5347,-0.421,0.1866,-0.1029,-0.3456,3360.0
Anomalia,0.0289,0.1575,0.3859,-0.421,0.1601,-0.2738,-0.1856,3360.0
Anomalia,0.0423,0.1398,0.3859,-0.3052,0.146,-0.1135,-0.4306,3360.0
Anomalia,0.043,0.1309,0.3818,-0.3052,0.1378,0.029,-0.6246,2880.0
Anomalia,0.0234,0.1248,0.3818,-0.2274,0.127,0.2649,-0.5581,960.0
Anomalia,0.0338,0.1255,0.3818,-0.2274,0.1299,0.0959,-0.5608,4080.0
Anomalia,0.0379,0.1332,0.3818,-0.2877,0.1385,0.1263,-0.5202,960.0
Anomalia,0.0257,0.1285,0.3033,-0.2877,0.131,0.0661,-0.5405,960.0
Anomalia,0.0456,0.1573,0.6277,-0.2877,0.1638,0.5102,0.4804,960.0
Anomalia,0.0098,0.2091,0.6277,-0.5683,0.2093,0.0095,0.3917,2880.0
Anomalia,0.0264,0.2259,0.6277,-0.5683,0.2274,0.0971,0.1287,2880.0
Anomalia,0.0251,0.2486,0.6277,-0.5683,0.2498,-0.0154,-0.4039,2880.0
Anomalia,0.0206,0.2345,0.5777,-0.5683,0.2354,-0.2196,-0.2533,2880.0
Anomalia,0.05,0.1865,0.5777,-0.4771,0.1931,-0.1321,0.3645,2880.0
Anomalia,0.0239,0.1672,0.4139,-0.4771,0.1689,-0.3217,0.1945,960.0
Anomalia,0.0413,0.164,0.4114,-0.377,0.1691,0.1184,-0.3579,3840.0
Anomalia,0.0346,0.1816,0.4629,-0.4214,0.1849,0.2355,-0.4372,720.0
Anomalia,0.0219,0.2121,0.4629,-0.4291,0.2132,0.0885,-0.7598,3360.0
Anomalia,0.0341,0.2076,0.4629,-0.4291,0.2104,-0.1327,-0.6424,3360.0
Anomalia,0.0235,0.1931,0.4629,-0.4291,0.1946,-0.1921,-0.4495,3360.0
Anomalia,0.0268,0.1894,0.4116,-0.4354,0.1913,-0.3414,-0.3261,3360.0
Anomalia,0.0478,0.1714,0.4145,-0.4354,0.178,-0.3367,-0.1237,3360.0
Anomalia,0.0297,0.1852,0.4145,-0.4354,0.1876,-0.2085,-0.4374,3120.0
Anomalia,0.0272,0.1894,0.4145,-0.4817,0.1914,-0.3909,-0.1381,3120.0
Anomalia,0.0277,0.1864,0.4339,-0.4817,0.1884,-0.2145,-0.145,3120.0
Anomalia,0.0158,0.1728,0.4339,-0.4817,0.1736,-0.1585,0.1683,2880.0
Anomalia,0.0346,0.1533,0.4339,-0.4817,0.1572,-0.2274,0.9703,2880.0
Anomalia,0.0349,0.1504,0.5067,-0.3701,0.1544,0.2241,0.5984,2880.0
Anomalia,0.0263,0.1461,0.5067,-0.3701,0.1484,0.1026,0.5415,960.0
Anomalia,0.0315,0.1464,0.5067,-0.3701,0.1497,-0.0309,0.4745,960.0
Anomalia,0.0325,0.1628,0.5067,-0.3701,0.166,0.0473,-0.1652,960.0
Anomalia,0.0364,0.1462,0.3697,-0.2985,0.1506,0.0147,-0.4542,960.0
Anomalia,0.0484,0.143,0.4796,-0.2485,0.151,0.2858,0.0115,960.0
Anomalia,0.0377,0.1354,0.4796,-0.2412,0.1406,0.528,0.6061,960.0
Anomalia,0.0231,0.1148,0.4796,-0.2353,0.1171,0.9184,2.0881,960.0
Anomalia,0.0316,0.1124,0.4796,-0.2282,0.1168,0.98,2.1902,4560.0
Anomalia,0.0207,0.0924,0.3014,-0.2282,0.0947,0.2571,0.4158,4080.0
Anomalia,0.0303,0.0971,0.3014,-0.1969,0.1017,0.3708,-0.2802,960.0
Anomalia,0.0431,0.1233,0.3524,-0.3219,0.1306,-0.0446,0.2208,960.0
Anomalia,0.0185,0.1353,0.3524,-0.3219,0.1365,0.1173,-0.1426,4080.0
Anomalia,0.0273,0.1843,0.489,-0.4792,0.1863,-0.1282,-0.0547,2640.0
Anomalia,0.0201,0.2163,0.489,-0.4792,0.2173,-0.0272,-0.6993,3120.0
Anomalia,0.0182,0.2301,0.489,-0.4792,0.2308,0.1315,-0.8088,3120.0
Anomalia,0.0413,0.2467,0.5074,-0.4792,0.2501,-0.0708,-0.9648,2880.0
Anomalia,0.0366,0.2221,0.5074,-0.437,0.2251,0.0791,-0.8027,2880.0
Anomalia,0.0421,0.1978,0.5074,-0.402,0.2022,0.0851,-0.4574,2880.0
Anomalia,0.0398,0.1739,0.5074,-0.402,0.1784,0.0404,-0.0743,2880.0
Anomalia,0.0285,0.1543,0.4116,-0.2756,0.1569,0.0813,-0.6459,2880.0
Anomalia,0.0361,0.1392,0.4116,-0.2756,0.1438,-0.0522,-0.3813,1200.0
Anomalia,0.0291,0.1412,0.4116,-0.349,0.1441,-0.0485,-0.0529,960.0
Anomalia,0.0181,0.1391,0.3265,-0.349,0.1403,-0.2022,-0.1936,480.0
Anomalia,0.0255,0.1947,0.7368,-0.4719,0.1963,0.3697,1.6406,720.0
Anomalia,0.0187,0.2585,0.741,-0.6315,0.2592,0.3983,0.3964,1920.0
Anomalia,0.0318,0.2841,0.741,-0.6315,0.2859,0.1651,-0.2283,3360.0
Anomalia,0.0381,0.3008,0.741,-0.6315,0.3032,0.1677,-0.54,3360.0
Anomalia,0.0398,0.2858,0.741,-0.6315,0.2886,0.1811,-0.4047,3360.0
Anomalia,0.0397,0.2343,0.6436,-0.5603,0.2377,0.2273,0.0798,3360.0
Anomalia,0.0338,0.2069,0.6436,-0.3857,0.2097,0.5554,0.3197,3360.0
Anomalia,0.0339,0.2055,0.6436,-0.4514,0.2083,0.3564,-0.0191,3360.0
Anomalia,0.0273,0.172,0.459,-0.4514,0.1741,0.1982,-0.066,3360.0
Anomalia,0.018,0.1671,0.459,-0.4514,0.1681,0.2267,0.1291,3360.0
Anomalia,0.0277,0.1617,0.459,-0.4514,0.1641,0.1737,0.3196,2880.0
Anomalia,0.0301,0.1512,0.4022,-0.5092,0.1542,-0.2949,0.8278,4080.0
Anomalia,0.0426,0.1442,0.4022,-0.5092,0.1503,-0.647,1.3013,4080.0
Anomalia,0.0445,0.1663,0.5528,-0.5092,0.1722,-0.3331,0.8726,960.0
Anomalia,0.0267,0.1841,0.5528,-0.5092,0.186,-0.0424,0.4666,5280.0
Anomalia,0.0296,0.186,0.5528,-0.4249,0.1883,0.2873,-0.0184,3360.0
Anomalia,0.0197,0.1895,0.5528,-0.4249,0.1905,0.3975,-0.1094,3360.0
Anomalia,0.0298,0.1777,0.4519,-0.4249,0.1801,0.2473,-0.2836,3360.0
Anomalia,0.0365,0.1453,0.4519,-0.2923,0.1498,0.2713,0.0704,3360.0
Anomalia,0.0304,0.1266,0.33,-0.2654,0.1302,0.1155,-0.3011,3360.0
Anomalia,0.0259,0.1316,0.3415,-0.2654,0.1341,0.3042,-0.3046,4080.0
Anomalia,0.0267,0.1189,0.3415,-0.2505,0.1218,0.2442,-0.1626,4080.0
Anomalia,0.0296,0.129,0.3415,-0.2505,0.1323,0.2739,-0.4743,960.0
Anomalia,0.0348,0.1135,0.3415,-0.2013,0.1187,0.326,-0.4034,3840.0
Anomalia,0.0464,0.1159,0.3546,-0.2547,0.1249,0.1414,-0.418,960.0
Anomalia,0.0332,0.165,0.629,-0.4683,0.1683,0.2899,1.5577,5040.0
Anomalia,0.0272,0.182,0.629,-0.4683,0.184,0.2782,0.784,5040.0
Anomalia,0.0322,0.2076,0.629,-0.4683,0.2101,0.085,-0.0511,4080.0
Anomalia,0.0151,0.2165,0.629,-0.4683,0.2171,0.19,-0.2745,2880.0
Anomalia,0.0357,0.1935,0.455,-0.4665,0.1967,-0.0362,-0.4652,2880.0
Anomalia,0.0205,0.1922,0.455,-0.4665,0.1933,-0.08,-0.5127,2880.0
Anomalia,0.0178,0.2254,0.8288,-0.4381,0.2261,0.4965,0.6865,5280.0
Anomalia,0.0358,0.2794,0.8455,-0.7314,0.2817,0.3418,0.4649,5280.0
Anomalia,0.0259,0.307,0.8455,-0.7314,0.3081,0.2105,-0.1362,5040.0
Anomalia,0.0465,0.3276,0.8455,-0.7314,0.3309,0.1119,-0.3949,5280.0
Anomalia,0.0439,0.2982,0.8455,-0.7314,0.3014,0.0045,-0.0164,5280.0
Anomalia,0.0293,0.2395,0.7427,-0.6258,0.2413,-0.0698,0.4024,3360.0
Anomalia,0.0333,0.2051,0.7427,-0.5247,0.2078,0.1579,0.961,3360.0
Anomalia,0.029,0.1719,0.3943,-0.4022,0.1744,-0.2858,-0.6539,3360.0
Anomalia,0.0223,0.1732,0.4471,-0.4022,0.1746,-0.028,-0.4309,3360.0
Anomalia,0.0384,0.1878,0.4471,-0.406,0.1917,-0.0728,-0.6344,3120.0
Anomalia,0.0241,0.2045,0.4765,-0.4143,0.206,0.0405,-0.6754,2640.0
Anomalia,0.0312,0.1912,0.4765,-0.4143,0.1938,0.0638,-0.4669,2880.0
Anomalia,0.0428,0.1859,0.4765,-0.4143,0.1908,-0.1846,-0.3695,960.0
Anomalia,0.0217,0.1824,0.4765,-0.4777,0.1837,-0.1483,-0.1847,960.0
Anomalia,0.0302,0.18,0.523,-0.4777,0.1825,-0.1813,-0.1319,1200.0
Anomalia,0.024,0.1891,0.523,-0.4777,0.1906,-0.1831,-0.2445,720.0
Anomalia,0.0157,0.1849,0.523,-0.4777,0.1855,-0.0781,-0.259,6720.0
Anomalia,0.0345,0.1721,0.523,-0.4387,0.1755,-0.1853,-0.0911,960.0
Anomalia,0.03,0.152,0.3265,-0.4387,0.1549,-0.3464,-0.3222,4560.0
Anomalia,0.0298,0.138,0.2939,-0.2969,0.1411,-0.1211,-0.765,960.0
Anomalia,0.0318,0.1324,0.2939,-0.2969,0.1361,-0.129,-0.6623,960.0
Anomalia,0.0251,0.1268,0.2939,-0.2969,0.1293,0.0307,-0.5866,960.0
Anomalia,0.0372,0.1088,0.2727,-0.2011,0.115,0.1833,-0.5425,960.0
Anomalia,0.0416,0.0977,0.2727,-0.1794,0.1062,-0.0015,-0.2717,4080.0
Anomalia,0.0352,0.0922,0.2727,-0.223,0.0987,-0.1454,0.1457,960.0
Anomalia,0.0496,0.1666,0.7003,-0.5966,0.1739,0.3516,3.3032,3360.0
Anomalia,0.0128,0.2304,0.7003,-0.706,0.2308,-0.3283,1.4168,3120.0
Anomalia,0.0342,0.2508,0.7003,-0.706,0.2531,-0.2729,0.5979,3120.0
Anomalia,0.0244,0.2756,0.7003,-0.706,0.2767,-0.1896,-0.1877,2880.0
Anomalia,0.0182,0.2495,0.5386,-0.706,0.2502,-0.3368,0.0707,2880.0
Anomalia,0.0493,0.2063,0.514,-0.4798,0.2121,-0.0183,-0.3686,2880.0
Anomalia,0.0126,0.2204,0.5503,-0.5528,0.2207,-0.0977,-0.2092,2880.0
Anomalia,0.0361,0.2407,0.6357,-0.5528,0.2434,-0.0632,-0.168,5280.0
Anomalia,0.0261,0.2654,0.6357,-0.6709,0.2667,-0.0863,-0.3314,5040.0
Anomalia,0.0185,0.2691,0.6357,-0.6709,0.2698,-0.0398,-0.4378,3360.0
Anomalia,0.0498,0.2488,0.6357,-0.6709,0.2537,-0.2021,-0.1943,3360.0
Anomalia,0.03,0.2128,0.5474,-0.6709,0.2149,-0.327,0.1342,3360.0
Anomalia,0.0315,0.2073,0.5476,-0.6219,0.2097,-0.3228,0.0827,3360.0
Anomalia,0.0368,0.2408,0.6064,-0.6528,0.2436,-0.3256,0.2248,3360.0
Anomalia,0.0174,0.2653,0.6064,-0.6528,0.2659,-0.2542,-0.1483,3120.0
Anomalia,0.0246,0.2609,0.6064,-0.6528,0.262,-0.2587,-0.0209,3120.0
Anomalia,0.0408,0.2511,0.6064,-0.6528,0.2544,-0.2873,0.1348,3360.0
Anomalia,0.029,0.2038,0.5174,-0.6135,0.2059,-0.1031,0.8526,3360.0
Anomalia,0.0473,0.1647,0.5174,-0.4464,0.1713,0.3014,0.6175,3360.0
Anomalia,0.0353,0.1797,0.5174,-0.4464,0.1831,0.0266,0.4085,3360.0
Anomalia,0.0225,0.1479,0.3448,-0.3897,0.1496,-0.2397,-0.0436,2640.0
Anomalia,0.0326,0.1498,0.3448,-0.3897,0.1533,-0.333,-0.0534,4080.0
Anomalia,0.0218,0.1489,0.3576,-0.3897,0.1505,-0.3066,0.0687,2880.0
Anomalia,0.0324,0.1199,0.3576,-0.2941,0.1242,0.2288,-0.0133,3120.0
Anomalia,0.0394,0.1145,0.3576,-0.2941,0.121,0.1429,0.3537,3120.0
Anomalia,0.0325,0.1203,0.3576,-0.3071,0.1246,-0.0993,0.5175,4080.0
Anomalia,0.0225,0.1113,0.3551,-0.3071,0.1135,-0.1911,0.2915,960.0
Anomalia,0.04,0.1123,0.3551,-0.3071,0.1192,-0.2481,0.4219,960.0
Anomalia,0.0237,0.1104,0.3551,-0.3071,0.1129,-0.1286,0.3182,960.0
Anomalia,0.04,0.0984,0.275,-0.2493,0.1062,-0.1454,-0.09,960.0
Anomalia,0.0447,0.1017,0.3509,-0.2664,0.1111,0.0944,0.083,960.0
Anomalia,0.0221,0.1059,0.3509,-0.2664,0.1082,0.0388,0.0199,960.0
Anomalia,0.0414,0.144,0.6638,-0.2664,0.1498,0.9221,2.5594,3360.0
Anomalia,0.0144,0.159,0.6638,-0.3073,0.1597,0.8282,1.9935,3360.0
Anomalia,0.0247,0.1561,0.6638,-0.3073,0.158,0.7161,1.9953,3360.0
Anomalia,0.033,0.1771,0.6638,-0.4051,0.1801,0.2785,0.6827,3360.0
Anomalia,0.0198,0.1543,0.3461,-0.4051,0.1556,-0.2211,-0.2393,3360.0
Anomalia,0.0437,0.1961,0.5474,-0.5169,0.2009,-0.199,0.2419,4800.0
Anomalia,0.0281,0.2447,0.7128,-0.5169,0.2463,0.2446,-0.2826,5280.0
Anomalia,0.0379,0.2542,0.7128,-0.5169,0.2571,0.3233,-0.3071,4080.0
Anomalia,0.0332,0.2632,0.7128,-0.5169,0.2653,0.3089,-0.55,4080.0
Anomalia,0.0328,0.2304,0.7128,-0.4379,0.2327,0.444,-0.0073,5280.0
Anomalia,0.0419,0.2245,0.7168,-0.4444,0.2283,0.2475,-0.0323,3360.0
Anomalia,0.0253,0.2537,0.8747,-0.6094,0.2549,0.273,0.5698,2880.0
Anomalia,0.0226,0.3069,0.9381,-0.8263,0.3077,0.2529,0.5093,5280.0
Anomalia,0.0413,0.362,0.9381,-0.8263,0.3644,0.2278,-0.4056,3360.0
Anomalia,0.0108,0.366,0.9381,-0.8263,0.3662,0.2833,-0.399,3360.0
Anomalia,0.039,0.3562,0.9381,-0.8263,0.3583,0.0359,-0.4986,3360.0
Anomalia,0.0364,0.3204,0.8603,-0.6396,0.3225,0.0146,-0.6266,3360.0
Anomalia,0.0165,0.258,0.5952,-0.5628,0.2585,-0.2635,-0.5965,3360.0
Anomalia,0.0429,0.2309,0.5952,-0.5455,0.2348,-0.0788,-0.4622,3360.0
Anomalia,0.0194,0.1885,0.5259,-0.403,0.1895,0.2346,-0.3425,3360.0
Anomalia,0.0256,0.1724,0.5259,-0.3786,0.1742,0.2922,-0.0955,3120.0
Anomalia,0.0335,0.1733,0.5259,-0.3786,0.1765,0.1641,-0.289,2640.0
Anomalia,0.0296,0.1626,0.4068,-0.4066,0.1653,-0.2987,-0.3105,2880.0
Anomalia,0.0397,0.1721,0.4068,-0.4066,0.1767,-0.4563,-0.4444,2880.0
Anomalia,0.0374,0.2223,0.6993,-0.6582,0.2255,-0.1171,0.2607,3840.0
Anomalia,0.024,0.2542,0.6993,-0.6582,0.2553,0.0367,-0.0218,4080.0
Anomalia,0.0425,0.26,0.6993,-0.6582,0.2634,-0.0258,-0.1979,4080.0
Anomalia,0.0289,0.2611,0.6993,-0.6582,0.2627,0.0939,-0.2148,5280.0
Anomalia,0.039,0.2145,0.6653,-0.5603,0.2181,-0.0039,0.1954,5280.0
Anomalia,0.0364,0.1706,0.4606,-0.3868,0.1745,0.1686,-0.4097,960.0
Anomalia,0.0149,0.1525,0.3993,-0.3868,0.1532,0.0804,-0.4895,480.0
Anomalia,0.0213,0.139,0.3993,-0.2524,0.1406,0.3078,-0.4084,4080.0
Anomalia,0.0308,0.1281,0.3993,-0.2485,0.1318,0.1286,-0.2578,4080.0
Anomalia,0.0249,0.1211,0.2969,-0.2485,0.1236,-0.1579,-0.4848,960.0
Anomalia,0.0453,0.1086,0.2969,-0.2432,0.1177,-0.056,-0.1647,480.0
Anomalia,0.0436,0.1258,0.2818,-0.3417,0.1332,-0.63,0.2965,480.0
Anomalia,0.0305,0.1778,0.5631,-0.4333,0.1804,0.1109,0.4507,480.0
Anomalia,0.0383,0.2303,0.7523,-0.498,0.2335,0.2286,0.2726,2880.0
Anomalia,0.0183,0.2511,0.7523,-0.498,0.2518,0.2786,-0.2906,2880.0
Anomalia,0.0272,0.275,0.7523,-0.498,0.2764,0.3029,-0.4353,2880.0
Anomalia,0.0363,0.2547,0.7523,-0.498,0.2572,0.1747,-0.0773,2880.0
Anomalia,0.0294,0.2268,0.7099,-0.479,0.2287,0.0396,-0.177,2880.0
Anomalia,0.0401,0.242,0.7099,-0.5134,0.2453,0.0949,-0.1615,2880.0
Anomalia,0.0193,0.2558,0.6167,-0.6482,0.2565,-0.1687,-0.3586,5040.0
Anomalia,0.0183,0.2727,0.6167,-0.6482,0.2733,-0.0754,-0.5581,5040.0
Anomalia,0.0268,0.2746,0.6167,-0.6482,0.2759,-0.0684,-0.5148,3360.0
Anomalia,0.0251,0.2463,0.5752,-0.6482,0.2475,-0.1173,-0.0978,3360.0
Anomalia,0.0449,0.2031,0.5752,-0.4719,0.208,0.1881,-0.0888,3360.0
Anomalia,0.0356,0.1769,0.5572,-0.2933,0.1805,0.3805,-0.2375,3360.0
Anomalia,0.0258,0.1929,0.5843,-0.4779,0.1946,-0.048,0.226,3360.0
Anomalia,0.0373,0.2041,0.5843,-0.4779,0.2074,-0.2356,0.0129,3120.0
Anomalia,0.0267,0.2046,0.5843,-0.4779,0.2063,-0.2464,-0.0821,3120.0
Anomalia,0.0325,0.208,0.5843,-0.4779,0.2105,-0.2305,-0.0289,2640.0
Anomalia,0.049,0.1685,0.4754,-0.4389,0.1755,-0.1581,-0.081,3360.0
Anomalia,0.0289,0.1459,0.4754,-0.3156,0.1487,0.1215,0.0824,2640.0
Anomalia,0.0347,0.1463,0.4754,-0.3227,0.1504,0.2123,0.1248,960.0
Anomalia,0.0232,0.1362,0.3617,-0.3227,0.1382,0.153,0.0099,5280.0
Anomalia,0.021,0.1285,0.3617,-0.3227,0.1302,0.0725,0.4084,5280.0
Anomalia,0.0304,0.1344,0.3617,-0.3227,0.1378,-0.0409,0.107,4080.0
Anomalia,0.0342,0.1163,0.3478,-0.3081,0.1212,0.0246,0.2213,4080.0
Anomalia,0.0389,0.104,0.2578,-0.2251,0.1111,-0.1483,-0.4571,4080.0
Anomalia,0.0317,0.1024,0.2578,-0.2251,0.1072,0.0059,-0.566,4080.0
Anomalia,0.0232,0.099,0.2483,-0.1963,0.1017,0.0051,-0.7132,480.0
Anomalia,0.018,0.0931,0.2044,-0.1963,0.0948,-0.1335,-0.6534,4560.0
Anomalia,0.0257,0.1006,0.251,-0.1953,0.1038,0.0835,-0.6108,480.0
Anomalia,0.0324,0.106,0.251,-0.1953,0.1109,-0.1225,-0.7745,960.0
Anomalia,0.0364,0.1129,0.251,-0.3006,0.1186,-0.4787,-0.1992,960.0
Anomalia,0.0436,0.154,0.523,-0.4921,0.16,-0.2053,1.0736,960.0
Anomalia,0.0328,0.1954,0.523,-0.6204,0.1981,-0.7787,1.2818,3120.0
Anomalia,0.0376,0.2216,0.523,-0.6204,0.2248,-0.5211,0.2422,3120.0
Anomalia,0.0278,0.2301,0.523,-0.6204,0.2318,-0.4058,-0.082,960.0
Anomalia,0.0262,0.2139,0.4612,-0.6204,0.2155,-0.5506,0.1851,960.0
Anomalia,0.0324,0.1843,0.4612,-0.4149,0.1872,-0.0772,-0.3434,1200.0
Anomalia,0.0143,0.1585,0.3553,-0.4149,0.1591,-0.1798,-0.3297,960.0
Anomalia,0.0321,0.1422,0.3553,-0.3444,0.1458,-0.1633,-0.3871,1920.0
Anomalia,0.0207,0.137,0.34,-0.3069,0.1386,-0.0168,-0.7002,1920.0
Anomalia,0.026,0.1321,0.319,-0.3069,0.1346,-0.0706,-0.5106,4080.0
Anomalia,0.0392,0.1359,0.3371,-0.3129,0.1415,-0.0784,-0.52,4080.0
Anomalia,0.0295,0.1934,0.7185,-0.5499,0.1957,0.3161,1.2364,4080.0
Anomalia,0.0437,0.2259,0.9104,-0.5499,0.2301,0.8044,1.9789,4080.0
Anomalia,0.0192,0.2608,0.9104,-0.6886,0.2615,0.4612,1.3615,1920.0
Anomalia,0.028,0.2796,0.9104,-0.6886,0.281,0.3839,0.6094,3360.0
Anomalia,0.0196,0.2485,0.9104,-0.6886,0.2493,0.4651,1.578,3360.0
Anomalia,0.022,0.2297,0.6488,-0.6886,0.2307,-0.1633,0.6085,3360.0
Anomalia,0.0367,0.1945,0.5301,-0.4704,0.1979,0.1017,-0.2441,3360.0
Anomalia,0.042,0.1584,0.3605,-0.344,0.1639,-0.19,-0.3392,3360.0
Anomalia,0.0343,0.1615,0.3605,-0.5113,0.1651,-0.3673,0.1025,3360.0
Anomalia,0.0398,0.1489,0.4247,-0.5113,0.1541,-0.3364,0.725,480.0
Anomalia,0.0331,0.1511,0.4247,-0.5113,0.1547,-0.395,0.6074,480.0
Anomalia,0.0172,0.156,0.4247,-0.5113,0.157,-0.1386,0.2401,2640.0
Anomalia,0.0368,0.1443,0.4247,-0.3498,0.1489,-0.1152,-0.0182,2880.0
Anomalia,0.0237,0.1506,0.3899,-0.3782,0.1524,-0.3236,-0.177,2880.0
Anomalia,0.03,0.1624,0.4915,-0.3782,0.1651,-0.147,0.048,2880.0
Anomalia,0.0211,0.1719,0.4915,-0.3782,0.1732,-0.0237,0.1359,3360.0
Anomalia,0.0315,0.184,0.4915,-0.3782,0.1867,0.1039,-0.0795,3360.0
Anomalia,0.0254,0.175,0.4915,-0.3753,0.1768,0.2612,0.1275,3360.0
Anomalia,0.0398,0.1545,0.4913,-0.3753,0.1595,0.3018,0.4054,3360.0
Anomalia,0.039,0.144,0.4913,-0.3248,0.1492,0.359,0.3924,3360.0
Anomalia,0.024,0.1359,0.3757,-0.3248,0.138,0.2371,-0.0577,3360.0
Anomalia,0.035,0.1402,0.3757,-0.3248,0.1445,0.2355,-0.3273,3360.0
Anomalia,0.0088,0.1405,0.3757,-0.3248,0.1408,0.1812,-0.3191,3360.0
Anomalia,0.0333,0.1365,0.3219,-0.291,0.1405,-0.054,-0.7013,3360.0
Anomalia,0.0292,0.1413,0.3615,-0.291,0.1443,0.0439,-0.6856,3360.0
Anomalia,0.0217,0.1491,0.3615,-0.3653,0.1507,-0.1537,-0.5645,3360.0
Anomalia,0.049,0.2122,0.7919,-0.5595,0.2178,0.2386,1.1288,5280.0
Anomalia,0.0174,0.2328,0.7919,-0.5595,0.2335,0.4485,0.4178,5280.0
Anomalia,0.0307,0.2608,0.7919,-0.6048,0.2626,0.0665,-0.245,5280.0
Anomalia,0.033,0.2664,0.7919,-0.6048,0.2684,0.0638,-0.304,2880.0
Anomalia,0.0229,0.2259,0.4731,-0.6048,0.227,-0.1614,-0.4944,2880.0
Anomalia,0.0427,0.2386,0.8409,-0.6048,0.2424,0.1201,0.4181,2880.0
Anomalia,0.0427,0.2653,0.8409,-0.5981,0.2687,0.3116,0.3106,5280.0
Anomalia,0.0205,0.3177,0.8409,-1.0537,0.3183,-0.159,0.5824,5280.0
Anomalia,0.041,0.3437,0.8409,-1.0537,0.3461,-0.1393,0.0641,5280.0
Anomalia,0.0151,0.3433,0.7504,-1.0537,0.3436,-0.1689,-0.205,5280.0
Anomalia,0.022,0.3047,0.7312,-1.0537,0.3055,-0.3889,0.5866,3360.0
Anomalia,0.0401,0.2405,0.7312,-0.5071,0.2438,0.0731,0.0654,3360.0
Anomalia,0.016,0.207,0.5739,-0.5071,0.2076,0.0304,-0.1277,3360.0
Anomalia,0.045,0.2081,0.6444,-0.494,0.2129,0.2382,0.0686,2880.0
Anomalia,0.0323,0.2075,0.6444,-0.494,0.21,0.3939,0.2076,4080.0
Anomalia,0.0281,0.2124,0.6444,-0.494,0.2142,0.3349,0.2357,4080.0
Anomalia,0.0362,0.2014,0.6444,-0.494,0.2047,0.0941,0.2662,2880.0
Anomalia,0.0229,0.1625,0.464,-0.4612,0.1641,0.1001,0.2809,2880.0
Anomalia,0.0257,0.1645,0.3841,-0.5845,0.1665,-0.495,0.6401,2880.0
Anomalia,0.0358,0.1852,0.4671,-0.5845,0.1886,-0.4064,0.3936,4080.0
Anomalia,0.0175,0.1845,0.4671,-0.5845,0.1853,-0.3665,0.2954,5040.0
Anomalia,0.0311,0.1939,0.4671,-0.5845,0.1964,-0.3322,0.0625,5280.0
Anomalia,0.0315,0.1843,0.4671,-0.5051,0.187,-0.1004,-0.1361,960.0
Anomalia,0.028,0.1426,0.4122,-0.334,0.1454,0.1904,-0.1203,960.0
Anomalia,0.0524,0.1263,0.4122,-0.2178,0.1368,0.2166,-0.0439,3360.0
Anomalia,0.0261,0.1056,0.3279,-0.2024,0.1088,0.2327,-0.2482,3360.0
Anomalia,0.0282,0.1005,0.2806,-0.2024,0.1043,0.0176,-0.5779,480.0
Anomalia,0.0251,0.11,0.2806,-0.2339,0.1128,-0.0507,-0.5831,4080.0
Anomalia,0.0092,0.1126,0.2806,-0.2439,0.1129,-0.0156,-0.4406,4080.0
Anomalia,0.0444,0.1179,0.2818,-0.2439,0.126,-0.3129,-0.3177,4080.0
Anomalia,0.0235,0.1508,0.2923,-0.5624,0.1526,-1.1088,1.8917,4080.0
Anomalia,0.0367,0.1955,0.5724,-0.5624,0.1989,-0.4504,0.8715,4080.0
Anomalia,0.0387,0.2296,0.5724,-0.5624,0.2329,-0.409,0.0184,3120.0
Anomalia,0.0078,0.2363,0.5724,-0.5624,0.2364,-0.1102,-0.3413,3120.0
Anomalia,0.0423,0.2234,0.5724,-0.5259,0.2273,-0.204,-0.3099,2880.0
Anomalia,0.0324,0.2116,0.5001,-0.5259,0.2141,-0.3442,-0.3977,2880.0
Anomalia,0.0316,0.1833,0.4277,-0.4677,0.1861,-0.2134,-0.5114,960.0
Anomalia,0.0591,0.181,0.4277,-0.4677,0.1904,-0.2949,-0.3006,960.0
Anomalia,0.0171,0.1825,0.4277,-0.4677,0.1833,0.1023,-0.4387,960.0
Anomalia,0.0263,0.1618,0.4087,-0.3532,0.1639,0.1332,-0.6338,960.0
Anomalia,0.0219,0.1527,0.4087,-0.3532,0.1543,0.0331,-0.5662,1200.0
Anomalia,0.0021,0.1373,0.2848,-0.3532,0.1373,-0.2548,-0.6025,4080.0
Anomalia,0.0433,0.1666,0.6801,-0.3636,0.1721,0.4899,1.6518,4080.0
Anomalia,0.036,0.1767,0.6801,-0.4143,0.1803,0.5435,1.5535,1920.0
Anomalia,0.0283,0.2156,0.6801,-0.5921,0.2174,0.0266,0.8831,1920.0
Anomalia,0.0529,0.2425,0.6801,-0.5921,0.2482,0.1179,0.2303,4320.0
Anomalia,0.0115,0.2267,0.6701,-0.5921,0.227,0.2172,0.4365,3360.0
Anomalia,0.0201,0.2286,0.6701,-0.5921,0.2295,0.108,0.312,3360.0
Anomalia,0.0356,0.1997,0.6701,-0.459,0.2028,0.3688,0.4128,3360.0
Anomalia,0.0164,0.1717,0.4187,-0.459,0.1725,-0.1329,-0.1484,3360.0
Anomalia,0.0443,0.1792,0.5099,-0.459,0.1846,-0.1363,-0.2017,3360.0
Anomalia,0.0368,0.1648,0.5099,-0.3455,0.1688,-0.079,-0.3222,3840.0
Anomalia,0.03,0.1671,0.5099,-0.3455,0.1697,0.0985,-0.4015,4080.0
Anomalia,0.0312,0.1611,0.5099,-0.3436,0.1641,0.1439,-0.3267,960.0
Anomalia,0.0341,0.1431,0.43,-0.3436,0.1471,-0.052,-0.3128,960.0
Anomalia,0.0239,0.1371,0.43,-0.2745,0.1392,0.1779,-0.3009,960.0
Anomalia,0.0328,0.1265,0.3002,-0.267,0.1307,-0.1079,-0.5997,960.0
Anomalia,0.026,0.1343,0.3002,-0.3365,0.1368,-0.2789,-0.2246,5280.0
Anomalia,0.0161,0.1281,0.3002,-0.3365,0.1291,-0.2061,-0.0401,3360.0
Anomalia,0.0328,0.1256,0.3002,-0.3365,0.1298,-0.3518,0.0968,3360.0
Anomalia,0.0246,0.1256,0.2802,-0.3365,0.128,-0.2701,-0.056,3360.0
Anomalia,0.0323,0.121,0.2802,-0.2992,0.1253,-0.1317,-0.4241,3360.0
Anomalia,0.0366,0.1543,0.4187,-0.2992,0.1586,-0.0164,-0.3823,3360.0
Anomalia,0.0194,0.1705,0.4187,-0.3469,0.1716,0.0764,-0.582,3360.0
Anomalia,0.0381,0.1841,0.489,-0.3469,0.188,0.0008,-0.6205,3360.0
Anomalia,0.0262,0.1782,0.489,-0.3469,0.1801,0.2502,-0.4513,3360.0
Anomalia,0.0361,0.1676,0.489,-0.3469,0.1714,0.0695,-0.398,3360.0
Anomalia,0.038,0.1571,0.489,-0.3403,0.1617,0.2178,-0.2851,2880.0
Anomalia,0.0232,0.1672,0.4817,-0.3945,0.1688,0.2201,-0.1451,2880.0
Anomalia,0.0349,0.1721,0.4817,-0.3945,0.1756,0.0116,-0.3805,3360.0
Anomalia,0.0187,0.1576,0.4817,-0.3945,0.1587,0.2094,0.1615,3360.0
Anomalia,0.0292,0.169,0.4817,-0.3945,0.1715,0.1312,-0.1813,3360.0
Anomalia,0.0322,0.1515,0.3772,-0.3622,0.1549,-0.2422,-0.2685,2880.0
Anomalia,0.0261,0.1893,0.6254,-0.5685,0.1911,-0.1052,0.7355,2880.0
Anomalia,0.0435,0.2274,0.74,-0.5685,0.2316,0.3577,0.7185,2880.0
Anomalia,0.0233,0.2939,0.8359,-0.7385,0.2948,0.0913,0.4933,3360.0
Anomalia,0.0274,0.3151,0.8359,-0.7385,0.3163,0.1761,-0.0257,3360.0
Anomalia,0.0358,0.3156,0.8359,-0.7385,0.3176,0.0984,-0.1669,3360.0
Anomalia,0.0168,0.3055,0.8359,-0.7385,0.3059,0.064,-0.2006,3360.0
Anomalia,0.0395,0.2404,0.6861,-0.4452,0.2436,0.1974,-0.507,3360.0
Anomalia,0.0344,0.216,0.5614,-0.4452,0.2187,0.063,-0.5022,3360.0
Anomalia,0.018,0.1872,0.5614,-0.4147,0.188,0.2555,-0.1577,3360.0
Anomalia,0.0384,0.1639,0.4249,-0.3999,0.1684,-0.0264,-0.3166,3120.0
Anomalia,0.0161,0.1658,0.3678,-0.3999,0.1665,-0.0961,-0.4153,4080.0
Anomalia,0.0234,0.1536,0.3513,-0.3853,0.1554,-0.2345,-0.4438,2880.0
Anomalia,0.0397,0.1402,0.3513,-0.3747,0.1457,-0.2771,-0.1959,2880.0
Anomalia,0.0214,0.1492,0.3613,-0.504,0.1508,-0.5861,0.6261,2880.0
Anomalia,0.0459,0.1722,0.5226,-0.504,0.1782,-0.376,0.9163,5040.0
Anomalia,0.0236,0.1828,0.5226,-0.504,0.1843,-0.1177,0.3855,5040.0
Anomalia,0.025,0.1903,0.5226,-0.504,0.1919,-0.0671,0.0458,3360.0
Anomalia,0.0256,0.1774,0.5226,-0.4291,0.1793,0.1835,0.0757,3360.0
Anomalia,0.0233,0.1516,0.4018,-0.3256,0.1534,0.3681,-0.2242,3360.0
Anomalia,0.0342,0.1303,0.3766,-0.2528,0.1347,0.4665,-0.0408,3360.0
Anomalia,0.0317,0.118,0.3766,-0.1971,0.1221,0.5369,0.2389,960.0
Anomalia,0.0321,0.1186,0.3766,-0.2132,0.1228,0.3853,0.2011,960.0
Anomalia,0.0207,0.1,0.2568,-0.2132,0.1021,-0.2003,-0.5851,960.0
Anomalia,0.0396,0.1031,0.2714,-0.2132,0.1104,-0.2946,-0.598,960.0
Anomalia,0.0266,0.11,0.2714,-0.2132,0.1132,-0.2639,-0.8159,960.0
Anomalia,0.0284,0.1273,0.4539,-0.2497,0.1304,0.1442,-0.2022,960.0
Anomalia,0.0319,0.205,0.8355,-0.5063,0.2074,0.4221,2.0864,3120.0
Anomalia,0.0095,0.2508,0.8355,-0.7869,0.251,0.1016,1.4387,2880.0
Anomalia,0.0167,0.2651,0.8355,-0.7869,0.2656,0.0425,0.6815,960.0
Anomalia,0.0248,0.2652,0.8355,-0.7869,0.2664,-0.0258,0.6584,960.0
Anomalia,0.0307,0.2157,0.6269,-0.7869,0.2178,-0.4871,1.6184,1200.0
Anomalia,0.0385,0.1922,0.5355,-0.4446,0.1961,0.0964,-0.5478,2880.0
Anomalia,0.0577,0.2444,0.7285,-0.6244,0.2511,0.04,0.0965,5280.0
Anomalia,0.0237,0.2873,0.7285,-0.8482,0.2883,-0.2658,0.0711,5040.0
Anomalia,0.0289,0.3252,0.7285,-0.8482,0.3265,-0.1769,-0.5093,5280.0
Anomalia,0.0195,0.3155,0.7285,-0.8482,0.3161,-0.1954,-0.3015,3360.0
Anomalia,0.0115,0.2746,0.6897,-0.8482,0.2749,-0.4022,0.2636,3360.0
Anomalia,0.0364,0.2495,0.6897,-0.5762,0.2521,-0.1698,0.0069,3360.0
Anomalia,0.0332,0.2144,0.5044,-0.5762,0.2169,-0.2665,-0.0978,3360.0
Anomalia,0.0371,0.2376,0.5044,-0.6434,0.2405,-0.2916,-0.3202,3120.0
Anomalia,0.0326,0.2217,0.5044,-0.6434,0.2241,-0.3359,0.1337,3360.0
Anomalia,0.0334,0.2044,0.5044,-0.6434,0.2071,-0.4043,0.5133,3120.0
Anomalia,0.0243,0.1877,0.4391,-0.6434,0.1892,-0.6202,0.9193,2640.0
Anomalia,0.0336,0.1525,0.3509,-0.4533,0.1562,-0.8295,0.8681,960.0
Anomalia,0.0288,0.1648,0.3509,-0.4533,0.1673,-0.7257,0.5986,2880.0
Anomalia,0.0293,0.1674,0.3857,-0.45,0.1699,-0.5457,0.1679,960.0
Anomalia,0.0263,0.1656,0.3857,-0.45,0.1677,-0.3666,0.1942,3360.0
Anomalia,0.0187,0.1599,0.3857,-0.45,0.161,-0.2188,0.0192,3360.0
Anomalia,0.0274,0.1481,0.3857,-0.43,0.1506,-0.1675,0.0126,3360.0
Anomalia,0.0303,0.1234,0.3788,-0.3025,0.1271,-0.1421,0.1508,3360.0
Anomalia,0.0419,0.1258,0.3355,-0.3025,0.1326,-0.0925,-0.0295,2880.0
Anomalia,0.0398,0.1212,0.3355,-0.247,0.1275,0.1898,-0.3657,2880.0
Anomalia,0.0364,0.13,0.3355,-0.247,0.135,0.2943,-0.5756,960.0
Anomalia,0.026,0.1354,0.3355,-0.247,0.1378,0.3813,-0.6253,960.0
Anomalia,0.0195,0.1195,0.3194,-0.247,0.121,0.3611,-0.4107,960.0
Anomalia,0.035,0.1181,0.3507,-0.213,0.1231,0.4068,-0.2318,960.0
Anomalia,0.0201,0.1195,0.3507,-0.3217,0.1212,0.0221,-0.0365,4320.0
Anomalia,0.0275,0.1357,0.3507,-0.3217,0.1385,-0.1124,-0.1493,2640.0
Anomalia,0.0357,0.1666,0.4133,-0.3217,0.1704,-0.0701,-0.6583,2880.0
Anomalia,0.0164,0.1901,0.4133,-0.4706,0.1908,-0.115,-0.6504,3120.0
Anomalia,0.0472,0.1935,0.4133,-0.4706,0.1991,-0.3005,-0.612,2880.0
Anomalia,0.0334,0.196,0.4133,-0.4706,0.1989,-0.1551,-0.5706,2880.0
Anomalia,0.0264,0.1777,0.412,-0.4706,0.1797,-0.2777,-0.027,2880.0
Anomalia,0.0371,0.1561,0.412,-0.3861,0.1604,-0.2593,0.0965,2880.0
Anomalia,0.0089,0.1476,0.412,-0.3861,0.1479,-0.1957,0.1699,2880.0
Anomalia,0.0372,0.1463,0.3828,-0.3553,0.151,-0.3564,-0.2135,2880.0
Anomalia,0.0337,0.1561,0.3972,-0.3478,0.1597,-0.0927,-0.4997,2880.0
Anomalia,0.0283,0.1596,0.3972,-0.2919,0.1621,0.2121,-0.6612,2880.0
Anomalia,0.0433,0.2,0.7168,-0.4308,0.2046,0.5249,0.6381,2880.0
Anomalia,0.037,0.2428,0.9417,-0.4308,0.2456,0.9534,1.2963,960.0
Anomalia,0.0133,0.273,0.9417,-0.6989,0.2733,0.5444,0.7413,1920.0
Anomalia,0.0355,0.3102,0.9417,-0.6989,0.3122,0.3165,-0.1794,3360.0
Anomalia,0.0115,0.292,0.9417,-0.6989,0.2923,0.3804,0.1411,3360.0
Anomalia,0.0203,0.2642,0.6584,-0.6989,0.265,-0.0593,-0.1994,3360.0
Anomalia,0.0448,0.2273,0.6584,-0.5827,0.2316,0.1843,0.1568,3360.0
Anomalia,0.0276,0.1832,0.4909,-0.4842,0.1852,0.0545,-0.25,3360.0
Anomalia,0.0428,0.166,0.4909,-0.4842,0.1714,0.1787,0.1486,3360.0
Anomalia,0.03,0.1403,0.4214,-0.4842,0.1435,0.0886,0.8133,3120.0
Anomalia,0.0287,0.151,0.4214,-0.4842,0.1537,-0.2274,0.6366,2880.0
Anomalia,0.0282,0.1399,0.3344,-0.3784,0.1427,-0.2755,0.3151,480.0
Anomalia,0.0398,0.1347,0.3344,-0.3784,0.1405,-0.5656,0.823,480.0
Anomalia,0.0283,0.1525,0.3344,-0.3784,0.1551,-0.4459,-0.1394,3840.0
Anomalia,0.0456,0.1695,0.5964,-0.3498,0.1755,0.2441,0.4232,3360.0
Anomalia,0.0298,0.192,0.5964,-0.3505,0.1943,0.3844,-0.0755,5040.0
Anomalia,0.025,0.2081,0.5964,-0.3505,0.2096,0.3165,-0.6168,3360.0
Anomalia,0.0395,0.2045,0.5964,-0.3505,0.2083,0.3317,-0.4218,3360.0
Anomalia,0.0165,0.1762,0.5017,-0.3505,0.177,0.3312,-0.1453,4080.0
Anomalia,0.0363,0.1517,0.4763,-0.3286,0.156,0.172,-0.1932,960.0
Anomalia,0.024,0.1339,0.4763,-0.2612,0.1361,0.5037,0.5429,960.0
Anomalia,0.0127,0.1147,0.3277,-0.2612,0.1154,0.1583,-0.1802,960.0
Anomalia,0.0319,0.1289,0.3594,-0.2612,0.1328,0.1295,-0.3545,960.0
Anomalia,0.0254,0.1256,0.3594,-0.2612,0.1281,0.1308,-0.4876,960.0
Anomalia,0.0492,0.141,0.417,-0.2297,0.1493,0.3373,-0.469,960.0
Anomalia,0.0393,0.1813,0.4688,-0.4491,0.1855,-0.0726,-0.5544,960.0
Anomalia,0.0257,0.2241,0.6692,-0.4725,0.2256,0.1668,-0.1889,2880.0
Anomalia,0.0405,0.235,0.6692,-0.4725,0.2385,0.0477,-0.5094,2880.0
Anomalia,0.008,0.2416,0.6692,-0.4725,0.2417,0.11,-0.5598,2880.0
Anomalia,0.0403,0.2256,0.6692,-0.4725,0.2292,-0.0953,-0.2073,2880.0
Anomalia,0.0364,0.1803,0.4287,-0.4686,0.1839,-0.3075,-0.3912,2880.0
Anomalia,0.0206,0.2081,0.6903,-0.5136,0.2091,0.0293,0.4633,2880.0
Anomalia,0.0468,0.2631,0.7458,-0.7639,0.2672,-0.0445,0.4156,5280.0
Anomalia,0.021,0.293,0.7458,-0.7639,0.2938,0.0431,-0.2484,5280.0
Anomalia,0.0308,0.3143,0.7458,-0.7639,0.3158,-0.0251,-0.6267,5280.0
Anomalia,0.0341,0.2921,0.7458,-0.7639,0.2941,-0.1297,-0.3766,5280.0
Anomalia,0.0208,0.2306,0.5968,-0.5989,0.2315,-0.165,-0.138,3360.0
Anomalia,0.0363,0.1948,0.5968,-0.4848,0.1981,-0.1089,-0.0059,3360.0
Anomalia,0.0367,0.1673,0.3377,-0.4854,0.1713,-0.5076,-0.0662,3360.0
Anomalia,0.0253,0.1769,0.3766,-0.4854,0.1787,-0.3805,-0.2915,3120.0
Anomalia,0.0392,0.1737,0.3766,-0.4854,0.178,-0.4402,-0.1668,3120.0
Anomalia,0.0193,0.1675,0.3766,-0.4854,0.1686,-0.4143,-0.0335,2640.0
Anomalia,0.0267,0.1617,0.3766,-0.3546,0.1639,-0.1815,-0.5521,5040.0
Anomalia,0.0461,0.1437,0.3505,-0.4074,0.1509,-0.3741,-0.1796,3840.0
Anomalia,0.0236,0.1716,0.3895,-0.4531,0.1732,-0.3761,-0.2163,5040.0
Anomalia,0.0477,0.1818,0.4696,-0.4531,0.188,-0.254,-0.2198,5040.0
Anomalia,0.0278,0.184,0.4696,-0.4531,0.1861,-0.1671,-0.2607,5040.0
Anomalia,0.0141,0.1872,0.4696,-0.4531,0.1877,0.1009,-0.2828,5280.0
Anomalia,0.0355,0.1602,0.4696,-0.3943,0.1641,0.2041,-0.0076,960.0
Anomalia,0.0245,0.1375,0.4318,-0.3943,0.1396,-0.032,0.4353,2880.0
Anomalia,0.032,0.1175,0.4318,-0.3365,0.1218,0.3516,1.1747,2880.0
Anomalia,0.0383,0.0966,0.3175,-0.2015,0.1039,0.2849,0.0346,4320.0
Anomalia,0.0251,0.0973,0.3117,-0.2426,0.1005,0.1198,0.1584,960.0
Anomalia,0.0286,0.0932,0.2483,-0.2426,0.0975,-0.1844,-0.141,4080.0
Anomalia,0.0359,0.0986,0.2483,-0.2426,0.1049,-0.2309,-0.3162,4080.0
Anomalia,0.03,0.1011,0.2483,-0.2426,0.1054,-0.048,-0.5397,4080.0
Anomalia,0.0532,0.1627,0.9932,-0.2572,0.1711,2.0213,7.5187,5280.0
Anomalia,0.0209,0.2584,0.9932,-0.9438,0.2593,-0.2982,3.1423,5040.0
Anomalia,0.0251,0.2891,0.9932,-0.9438,0.2902,-0.4124,1.8429,3120.0
Anomalia,0.0291,0.3054,0.9932,-0.9438,0.3068,-0.4031,1.0636,3120.0
Anomalia,0.0086,0.2914,0.6851,-0.9438,0.2915,-0.6905,0.7464,2880.0
Anomalia,0.0481,0.226,0.5558,-0.9171,0.231,-0.5699,1.0398,2880.0
Anomalia,0.0236,0.2098,0.5558,-0.4832,0.2111,-0.048,-0.5573,2880.0
Anomalia,0.0312,0.2044,0.5558,-0.4832,0.2068,-0.1842,-0.3756,2880.0
Anomalia,0.0359,0.1934,0.5558,-0.4533,0.1967,-0.3201,-0.2971,2880.0
Anomalia,0.0256,0.1875,0.4045,-0.4533,0.1892,-0.3086,-0.5308,2880.0
Anomalia,0.0457,0.1726,0.4045,-0.4533,0.1785,-0.3532,-0.269,1200.0
Anomalia,0.0341,0.1647,0.3388,-0.4231,0.1682,-0.2967,-0.4183,960.0
Anomalia,0.0311,0.1913,0.6415,-0.5599,0.1938,0.1354,0.7496,2880.0
Anomalia,0.036,0.2452,0.7443,-0.6382,0.2478,0.091,0.3595,1920.0
Anomalia,0.0265,0.2842,0.7443,-0.7875,0.2855,-0.1785,0.2205,5280.0
Anomalia,0.0321,0.2863,0.7443,-0.7875,0.2881,-0.1444,0.1389,3360.0
Anomalia,0.0343,0.2722,0.7443,-0.7875,0.2744,-0.2288,0.3165,3360.0
Anomalia,0.0209,0.2244,0.6279,-0.7875,0.2253,-0.3827,1.2784,3360.0
Anomalia,0.0354,0.1653,0.4483,-0.3361,0.1691,0.2921,-0.3992,3360.0
Anomalia,0.0327,0.171,0.4485,-0.4087,0.1741,0.0173,-0.3527,480.0
Anomalia,0.0202,0.1631,0.4485,-0.4087,0.1644,0.0546,-0.3365,4080.0
Anomalia,0.0372,0.162,0.4485,-0.4087,0.1662,-0.0327,-0.3123,4080.0
Anomalia,0.0282,0.18,0.4485,-0.4087,0.1822,0.0571,-0.6128,4080.0
Anomalia,0.0284,0.1643,0.4341,-0.3075,0.1667,0.1565,-0.6006,3120.0
Anomalia,0.0471,0.1541,0.4341,-0.3075,0.1612,-0.0362,-0.5235,3120.0
Anomalia,0.0319,0.15,0.4341,-0.3075,0.1534,0.003,-0.3386,3840.0
Anomalia,0.0264,0.136,0.3,-0.3075,0.1385,-0.1059,-0.5613,4080.0
Anomalia,0.0363,0.1374,0.3,-0.3073,0.1421,-0.193,-0.6358,5280.0
Anomalia,0.0234,0.1357,0.3106,-0.3073,0.1377,-0.0105,-0.6125,3360.0
Anomalia,0.0391,0.1345,0.3106,-0.3073,0.14,-0.1142,-0.6693,3360.0
Anomalia,0.0468,0.1253,0.3106,-0.3073,0.1338,-0.0363,-0.8111,960.0
Anomalia,0.0274,0.1655,0.4909,-0.47,0.1678,-0.1859,0.5063,4800.0
Anomalia,0.0369,0.1835,0.4909,-0.47,0.1871,-0.1965,-0.0134,4320.0
Anomalia,0.0164,0.2058,0.4909,-0.47,0.2064,-0.0332,-0.4915,4560.0
Anomalia,0.015,0.2051,0.4909,-0.47,0.2056,-0.0186,-0.4508,4560.0
Anomalia,0.0424,0.1908,0.4151,-0.4519,0.1954,-0.0785,-0.5214,4560.0
Anomalia,0.0261,0.1917,0.4151,-0.4519,0.1934,-0.1361,-0.3887,4560.0
Anomalia,0.0473,0.2219,0.5558,-0.6183,0.2269,-0.1595,-0.0443,5040.0
Anomalia,0.0342,0.2696,0.8169,-0.6196,0.2717,0.0519,-0.0441,5040.0
Anomalia,0.0255,0.2694,0.8169,-0.6196,0.2706,0.2168,0.0673,5040.0
Anomalia,0.0357,0.2725,0.8169,-0.6196,0.2748,0.1305,0.0128,5280.0
Anomalia,0.0248,0.2393,0.8169,-0.6196,0.2406,0.1816,0.9316,3360.0
Anomalia,0.0256,0.2069,0.5539,-0.5297,0.2085,-0.157,0.1189,5280.0
Anomalia,0.0202,0.2332,0.7108,-0.5904,0.2341,-0.1316,0.3153,5280.0
Anomalia,0.0227,0.2915,0.832,-0.7733,0.2924,0.0458,0.23,5280.0
Anomalia,0.0324,0.3263,0.832,-0.7733,0.3279,0.0408,-0.4051,5280.0
Anomalia,0.0369,0.3409,0.832,-0.7733,0.3429,-0.0039,-0.5844,5280.0
Anomalia,0.0392,0.3256,0.832,-0.7733,0.3279,-0.04,-0.4728,5280.0
Anomalia,0.0402,0.2634,0.6843,-0.605,0.2665,-0.1236,-0.1674,3360.0
Anomalia,0.0255,0.22,0.5434,-0.605,0.2215,-0.176,-0.0256,3360.0
Anomalia,0.0339,0.1953,0.562,-0.3943,0.1982,-0.0013,-0.2165,3360.0
Anomalia,0.0271,0.19,0.5766,-0.3703,0.1919,0.3903,0.2077,3120.0
Anomalia,0.0174,0.2062,0.5766,-0.3703,0.2069,0.4739,-0.076,4080.0
Anomalia,0.0247,0.1961,0.5766,-0.3703,0.1976,0.5322,0.2518,4080.0
Anomalia,0.0286,0.1896,0.5766,-0.329,0.1917,0.4372,-0.1816,960.0
Anomalia,0.0388,0.1788,0.5038,-0.3772,0.183,-0.1573,-0.3728,3840.0
Anomalia,0.0406,0.193,0.5084,-0.5835,0.1972,-0.4104,0.4416,3840.0
Anomalia,0.0385,0.2204,0.5084,-0.5835,0.2238,-0.467,0.0118,3840.0
Anomalia,0.0287,0.2187,0.5084,-0.5835,0.2205,-0.4152,0.0184,3840.0
Anomalia,0.021,0.2138,0.5084,-0.5835,0.2149,-0.2992,0.0747,3360.0
Anomalia,0.0348,0.1819,0.459,-0.5526,0.1852,-0.4263,0.2531,480.0
Anomalia,0.0284,0.1455,0.3676,-0.3106,0.1482,-0.1161,-0.3952,4080.0
Anomalia,0.0381,0.1206,0.3242,-0.2629,0.1265,-0.1318,-0.5547,4080.0
Anomalia,0.0293,0.117,0.3242,-0.2487,0.1206,-0.0394,-0.5672,4080.0
Anomalia,0.0221,0.1065,0.2599,-0.2487,0.1087,-0.296,-0.581,4080.0
Anomalia,0.0313,0.0996,0.237,-0.2487,0.1044,-0.3194,-0.3817,960.0
Anomalia,0.021,0.0974,0.237,-0.2487,0.0997,-0.0638,-0.3068,480.0
Anomalia,0.0401,0.1041,0.2606,-0.2174,0.1116,-0.1464,-0.68,480.0
Anomalia,0.0286,0.1301,0.3945,-0.3425,0.1332,-0.127,-0.0216,480.0
Anomalia,0.0132,0.2048,0.5962,-0.6947,0.2052,-0.2313,0.8147,2880.0
Anomalia,0.0411,0.2506,0.8207,-0.6947,0.254,0.1393,0.5349,3120.0
Anomalia,0.0184,0.2696,0.8207,-0.6947,0.2702,0.3747,0.076,3120.0
Anomalia,0.0466,0.2759,0.8207,-0.6947,0.2798,0.2071,-0.1911,2880.0
Anomalia,0.0451,0.2424,0.8207,-0.4114,0.2465,0.6218,0.1311,2880.0
Anomalia,0.021,0.2272,0.601,-0.3955,0.2281,0.405,-0.6277,2880.0
Anomalia,0.0385,0.2349,0.601,-0.412,0.238,0.2787,-0.7795,2880.0
Anomalia,0.0137,0.2432,0.601,-0.4761,0.2436,0.2276,-0.7602,2880.0
Anomalia,0.0365,0.2432,0.601,-0.4761,0.2459,0.0025,-0.8243,3360.0
Anomalia,0.0331,0.2184,0.5411,-0.4761,0.2209,-0.0125,-0.3839,3360.0
Anomalia,0.0271,0.1888,0.4414,-0.4761,0.1907,-0.2969,-0.1962,3360.0
Anomalia,0.0365,0.1827,0.6171,-0.5747,0.1863,-0.1191,0.88,3360.0
Anomalia,0.0335,0.208,0.6171,-0.5747,0.2107,-0.2912,0.8774,3360.0
Anomalia,0.032,0.23,0.6171,-0.5747,0.2322,-0.3532,0.2268,2880.0
Anomalia,0.0395,0.224,0.6171,-0.5747,0.2274,-0.434,0.5265,3120.0
Anomalia,0.0301,0.2076,0.528,-0.5437,0.2098,-0.4142,0.3758,3360.0
Anomalia,0.0253,0.1624,0.4112,-0.5366,0.1644,-0.3247,0.9597,3360.0
Anomalia,0.0369,0.1219,0.4112,-0.2341,0.1274,0.3221,0.4231,3360.0
Anomalia,0.02,0.1389,0.4112,-0.3836,0.1404,-0.054,0.5329,3360.0
Anomalia,0.0347,0.1406,0.3749,-0.3836,0.1448,-0.2128,0.2382,3360.0
Anomalia,0.0302,0.1393,0.3567,-0.3836,0.1426,-0.2897,0.0101,3360.0
Anomalia,0.0284,0.1486,0.3567,-0.3836,0.1513,-0.2636,-0.3082,3360.0
Anomalia,0.041,0.1235,0.3567,-0.2831,0.1301,-0.0306,-0.1872,3120.0
Anomalia,0.0361,0.1038,0.3144,-0.2831,0.1099,-0.1999,-0.0634,2880.0
Anomalia,0.031,0.1011,0.3144,-0.2831,0.1057,-0.1331,0.1138,3360.0
Anomalia,0.028,0.1124,0.3774,-0.2593,0.1158,0.1998,0.3754,960.0
Anomalia,0.0203,0.1199,0.3774,-0.2593,0.1216,0.2513,-0.0249,960.0
Anomalia,0.0231,0.1153,0.3774,-0.2593,0.1176,0.2229,0.2917,4080.0
Anomalia,0.0363,0.1307,0.3774,-0.2593,0.1357,0.151,-0.0363,960.0
Anomalia,0.0377,0.1243,0.3484,-0.3054,0.1299,-0.0452,0.1009,960.0
Anomalia,0.0495,0.1341,0.3607,-0.3054,0.1429,0.0528,0.1369,960.0
Anomalia,0.0374,0.1788,0.4517,-0.5048,0.1826,-0.3228,0.1344,960.0
Anomalia,0.0329,0.1851,0.4517,-0.5048,0.188,-0.2855,-0.1856,960.0
Anomalia,0.0378,0.1798,0.4517,-0.5048,0.1837,-0.3145,0.0371,3120.0
Anomalia,0.0225,0.1868,0.464,-0.5048,0.1881,-0.1586,-0.0875,960.0
Anomalia,0.0416,0.1594,0.464,-0.3279,0.1647,0.0617,-0.3829,960.0
Anomalia,0.0212,0.1613,0.464,-0.4975,0.1627,-0.1215,0.4771,960.0
Anomalia,0.0212,0.1705,0.464,-0.4975,0.1718,0.0014,0.5612,4080.0
Anomalia,0.0318,0.1578,0.4556,-0.4975,0.1609,-0.1295,0.7543,1200.0
Anomalia,0.0157,0.1565,0.4556,-0.4975,0.1573,-0.0843,0.8375,960.0
Anomalia,0.055,0.1435,0.4556,-0.4448,0.1537,0.0206,0.1895,3360.0
Anomalia,0.0358,0.1543,0.5268,-0.3982,0.1584,-0.108,-0.0697,3360.0
Anomalia,0.0376,0.2108,0.7952,-0.59,0.2142,0.5133,1.7453,1920.0
Anomalia,0.0312,0.2559,0.7952,-0.7262,0.2578,0.1295,0.7393,5280.0
Anomalia,0.0272,0.2839,0.7952,-0.7262,0.2852,0.1391,0.0385,1920.0
Anomalia,0.0268,0.2858,0.7952,-0.7262,0.287,0.1166,-0.0657,3360.0
Anomalia,0.0382,0.2561,0.6012,-0.7262,0.259,-0.3311,-0.1402,3360.0
Anomalia,0.0369,0.2212,0.5432,-0.6377,0.2242,-0.1893,-0.3831,3360.0
Anomalia,0.0383,0.1915,0.4126,-0.4045,0.1953,-0.2104,-0.7937,3360.0
Anomalia,0.0431,0.1841,0.4126,-0.4435,0.1891,-0.3173,-0.4719,3360.0
Anomalia,0.0264,0.1721,0.4126,-0.4435,0.1741,-0.1376,-0.3234,3360.0
Anomalia,0.039,0.1534,0.4126,-0.4435,0.1583,-0.2498,-0.0765,4080.0
Anomalia,0.0246,0.1631,0.3747,-0.5199,0.165,-0.6014,0.5944,4080.0
Anomalia,0.0274,0.1462,0.3747,-0.5199,0.1487,-0.4518,1.1229,3120.0
Anomalia,0.0413,0.1481,0.3985,-0.5199,0.1537,-0.4079,1.3176,2880.0
Anomalia,0.029,0.1739,0.503,-0.5199,0.1763,-0.3173,1.0036,2880.0
Anomalia,0.0258,0.1671,0.503,-0.5132,0.1691,-0.0142,0.3742,5040.0
Anomalia,0.0405,0.1816,0.503,-0.5132,0.186,-0.1153,-0.1511,3360.0
Anomalia,0.0219,0.1865,0.503,-0.5132,0.1878,-0.084,-0.349,3360.0
Anomalia,0.0475,0.1669,0.4258,-0.3106,0.1735,-0.18,-0.6943,3360.0
Anomalia,0.0476,0.1561,0.4258,-0.3106,0.1632,0.0019,-0.4798,3360.0
Anomalia,0.0293,0.1347,0.4066,-0.3106,0.1379,0.1984,0.1777,960.0
Anomalia,0.0448,0.1196,0.4066,-0.2059,0.1277,0.6627,0.0532,4560.0
Anomalia,0.0194,0.1104,0.4066,-0.2111,0.1121,0.8253,0.8431,4560.0
Anomalia,0.0245,0.0894,0.3156,-0.2111,0.0927,0.4688,0.6681,5280.0
Anomalia,0.0409,0.0988,0.3156,-0.2111,0.1069,0.2986,-0.1373,5280.0
Anomalia,0.0238,0.1175,0.378,-0.2681,0.1199,0.0921,0.2615,4080.0
Anomalia,0.0495,0.1751,0.6071,-0.4187,0.1819,0.3321,0.9684,4080.0
Anomalia,0.0275,0.2215,0.6071,-0.5023,0.2232,0.1454,-0.2061,4080.0
Anomalia,0.0319,0.2354,0.6071,-0.5023,0.2375,0.0238,-0.5581,4080.0
Anomalia,0.0342,0.2296,0.6071,-0.5023,0.2322,-0.0256,-0.3778,4080.0
Anomalia,0.0239,0.198,0.4573,-0.5023,0.1994,-0.2748,-0.3223,2880.0
Anomalia,0.0485,0.1727,0.6455,-0.4452,0.1794,0.0123,0.5896,2880.0
Anomalia,0.0311,0.2133,0.6632,-0.6496,0.2156,0.0246,1.1742,2880.0
Anomalia,0.0372,0.2782,0.7001,-0.9845,0.2807,-0.3745,1.0982,5040.0
Anomalia,0.0444,0.3096,0.7001,-0.9845,0.3127,-0.3608,0.2332,5040.0
Anomalia,0.0198,0.3139,0.7001,-0.9845,0.3145,-0.2535,-0.1079,5040.0
Anomalia,0.0329,0.2889,0.7001,-0.9845,0.2907,-0.4257,0.3253,3360.0
Anomalia,0.0269,0.2387,0.6102,-0.6342,0.2402,-0.1923,-0.5805,3360.0
Anomalia,0.013,0.1906,0.3782,-0.4218,0.1911,-0.1907,-0.8979,3360.0
Anomalia,0.0398,0.1963,0.4233,-0.5282,0.2003,-0.3501,-0.3051,2640.0
Anomalia,0.0288,0.1955,0.5541,-0.5282,0.1976,0.0467,-0.0946,2880.0
Anomalia,0.0332,0.1887,0.5541,-0.5282,0.1916,0.0534,0.2226,2880.0
Anomalia,0.0471,0.1888,0.5541,-0.5282,0.1946,-0.1328,0.2548,2880.0
Anomalia,0.0312,0.157,0.5541,-0.3718,0.16,0.2668,0.4578,2880.0
Anomalia,0.0434,0.1451,0.4064,-0.3864,0.1515,-0.3724,0.1423,2880.0
Anomalia,0.0342,0.1692,0.5316,-0.4502,0.1726,-0.3092,0.3599,4080.0
Anomalia,0.0244,0.183,0.5316,-0.4502,0.1846,-0.0888,-0.0341,5280.0
Anomalia,0.0381,0.1906,0.5316,-0.4502,0.1943,-0.143,-0.2506,5280.0
Anomalia,0.03,0.1966,0.5316,-0.4502,0.1989,-0.0083,-0.477,5280.0
Anomalia,0.0442,0.159,0.4239,-0.3544,0.165,0.0702,-0.2519,4080.0
Anomalia,0.047,0.1464,0.4212,-0.3473,0.1537,0.3312,-0.1619,4080.0
Anomalia,0.0372,0.1373,0.4212,-0.3473,0.1423,0.2935,0.1896,4080.0
Anomalia,0.0313,0.1226,0.4212,-0.296,0.1266,0.3441,0.5084,4080.0
Anomalia,0.034,0.1273,0.4212,-0.296,0.1318,0.2285,0.0769,960.0
Anomalia,0.0228,0.1151,0.2401,-0.296,0.1174,-0.2683,-0.4345,960.0
Anomalia,0.0292,0.1129,0.2658,-0.296,0.1167,-0.227,-0.2739,960.0
Anomalia,0.0384,0.1308,0.4454,-0.314,0.1363,0.0273,-0.1348,960.0
Anomalia,0.0289,0.2506,0.8023,-1.1789,0.2523,-0.5254,4.1326,4320.0
Anomalia,0.039,0.3197,0.8023,-1.1789,0.3221,-0.5551,1.3009,2880.0
Anomalia,0.0281,0.3461,0.8023,-1.1789,0.3472,-0.4034,0.3159,2880.0
Anomalia,0.0328,0.3617,0.8023,-1.1789,0.3632,-0.3631,-0.0524,2880.0
Anomalia,0.0457,0.2979,0.6672,-0.8078,0.3014,-0.4114,0.0201,2880.0
Anomalia,0.0317,0.2314,0.5779,-0.5756,0.2336,-0.0446,-0.4091,4080.0
Anomalia,0.0396,0.2038,0.5779,-0.5434,0.2076,0.0146,-0.3127,4080.0
Anomalia,0.0306,0.1646,0.3567,-0.4116,0.1674,-0.2102,-0.5339,4080.0
Anomalia,0.0148,0.1589,0.3567,-0.4116,0.1596,-0.2894,-0.4448,5280.0
Anomalia,0.0343,0.1492,0.3567,-0.4116,0.1531,-0.4078,-0.0131,5280.0
Anomalia,0.0406,0.1279,0.3551,-0.3428,0.1342,-0.5004,0.3435,4080.0
Anomalia,0.0418,0.1646,0.7473,-0.3428,0.1698,0.8609,2.9154,3120.0
Anomalia,0.0508,0.1962,0.7473,-0.5207,0.2027,0.5335,2.056,2880.0
Anomalia,0.0249,0.2528,0.7473,-0.8459,0.254,-0.11,1.7679,3120.0
Anomalia,0.0375,0.2796,0.7473,-0.8459,0.2822,-0.0402,0.6434,3120.0
Anomalia,0.0156,0.2748,0.7001,-0.8459,0.2753,-0.1972,0.5716,3360.0
Anomalia,0.0288,0.2589,0.7001,-0.8459,0.2605,-0.397,0.8745,3360.0
Anomalia,0.0379,0.218,0.5741,-0.5662,0.2213,-0.0179,-0.1909,3360.0
Anomalia,0.0306,0.1997,0.412,-0.5662,0.202,-0.334,-0.3433,3360.0
Anomalia,0.0436,0.2016,0.4174,-0.6125,0.2062,-0.5114,-0.2012,3360.0
Anomalia,0.0337,0.198,0.4174,-0.6125,0.2009,-0.4559,-0.1024,960.0
Anomalia,0.035,0.1841,0.4174,-0.6125,0.1874,-0.4657,0.4322,960.0
Anomalia,0.0333,0.1756,0.4174,-0.6125,0.1788,-0.5625,0.674,3360.0
Anomalia,0.0401,0.1526,0.4264,-0.2887,0.1578,0.0889,-0.6499,3120.0
Anomalia,0.0349,0.1447,0.4264,-0.2887,0.1488,0.0689,-0.6686,3120.0
Anomalia,0.0383,0.168,0.5013,-0.4877,0.1723,-0.1764,-0.0515,3840.0
Anomalia,0.026,0.1766,0.5013,-0.4902,0.1785,-0.1918,0.3891,3360.0
Anomalia,0.0238,0.181,0.5013,-0.4902,0.1826,-0.3354,0.3791,3360.0
Anomalia,0.0287,0.1804,0.5013,-0.4902,0.1827,-0.3645,0.4891,3360.0
Anomalia,0.0343,0.1607,0.3999,-0.4902,0.1643,-0.3928,0.6762,3360.0
Anomalia,0.0362,0.1534,0.393,-0.4106,0.1576,-0.0812,-0.1352,3360.0
Anomalia,0.0373,0.1616,0.4754,-0.3955,0.1659,0.0589,-0.3255,4080.0
Anomalia,0.0246,0.1822,0.4754,-0.3955,0.1838,0.0542,-0.4102,3360.0
Anomalia,0.0335,0.1933,0.4754,-0.3955,0.1962,0.0098,-0.65,3360.0
Anomalia,0.0291,0.1929,0.4754,-0.3955,0.195,-0.0,-0.6214,3360.0
Anomalia,0.036,0.178,0.4452,-0.3832,0.1816,-0.0547,-0.5635,3360.0
Anomalia,0.0506,0.166,0.4074,-0.3019,0.1735,-0.074,-0.8488,4560.0
Anomalia,0.0379,0.2172,0.6726,-0.5453,0.2205,0.042,0.5193,3360.0
Anomalia,0.0398,0.2228,0.6726,-0.5453,0.2263,-0.0048,0.3642,5040.0
Anomalia,0.0315,0.2236,0.6726,-0.5453,0.2258,0.1161,0.3955,5040.0
Anomalia,0.0122,0.2297,0.6726,-0.5453,0.2301,0.145,0.3711,3360.0
Anomalia,0.0274,0.1685,0.4521,-0.4673,0.1707,-0.3248,0.3212,2880.0
Anomalia,0.0231,0.2095,0.7224,-0.6398,0.2107,-0.0948,1.3086,2880.0
Anomalia,0.0397,0.263,0.8315,-0.6398,0.266,0.1843,0.5694,5280.0
Anomalia,0.0456,0.3185,0.8315,-1.0278,0.3217,-0.1461,0.4871,5280.0
Anomalia,0.0384,0.3626,0.8315,-1.0278,0.3647,-0.2114,-0.2087,5280.0
Anomalia,0.0401,0.3514,0.8315,-1.0278,0.3537,-0.2663,-0.1001,5280.0
Anomalia,0.0254,0.3184,0.7656,-1.0278,0.3194,-0.4406,0.3971,3360.0
Anomalia,0.0304,0.2703,0.63,-0.8447,0.272,-0.3963,0.2843,3360.0
Anomalia,0.0284,0.2052,0.5299,-0.4673,0.2071,-0.1294,-0.0764,3360.0
Anomalia,0.0221,0.1993,0.5299,-0.4915,0.2006,-0.1604,-0.0696,3360.0
Anomalia,0.0323,0.1861,0.5299,-0.4915,0.1889,-0.2656,0.4772,3120.0
Anomalia,0.0308,0.1737,0.4984,-0.4915,0.1764,-0.354,0.4573,2880.0
Anomalia,0.0269,0.1832,0.4984,-0.4915,0.1852,-0.273,0.0313,2880.0
Anomalia,0.0457,0.1497,0.4984,-0.3755,0.1565,-0.1451,0.4375,2880.0
Anomalia,0.0375,0.1526,0.4984,-0.3755,0.1571,-0.154,0.2884,2880.0
Anomalia,0.0335,0.1725,0.5172,-0.6398,0.1757,-0.5551,1.3298,2880.0
Anomalia,0.0247,0.189,0.5172,-0.6398,0.1906,-0.4155,0.6981,5280.0
Anomalia,0.0307,0.2011,0.5172,-0.6398,0.2034,-0.3498,0.2032,3360.0
Anomalia,0.0177,0.2042,0.5172,-0.6398,0.2049,-0.2127,-0.0207,3360.0
Anomalia,0.0395,0.1738,0.4496,-0.459,0.1782,-0.1296,-0.2368,3360.0
Anomalia,0.0411,0.156,0.3889,-0.3307,0.1614,-0.1938,-0.3363,3360.0
Anomalia,0.0255,0.135,0.3889,-0.3307,0.1374,-0.2152,0.0385,4080.0
Anomalia,0.0432,0.1302,0.3889,-0.3307,0.1372,-0.3519,0.2862,4080.0
Anomalia,0.0211,0.1167,0.2606,-0.3307,0.1186,-0.5722,0.1913,960.0
Anomalia,0.038,0.1069,0.2883,-0.2687,0.1134,0.0836,-0.251,960.0
Anomalia,0.0435,0.1104,0.2883,-0.2687,0.1187,0.1294,-0.4099,960.0
Anomalia,0.0228,0.1283,0.2883,-0.4012,0.1303,-0.3679,0.9048,960.0
Anomalia,0.0512,0.2316,0.8933,-0.4998,0.2372,0.974,2.6126,960.0
Anomalia,0.0099,0.2937,0.8933,-0.8209,0.2939,0.3184,1.2495,2880.0
Anomalia,0.0181,0.3133,0.8933,-0.8209,0.3138,0.2275,0.4483,2880.0
Anomalia,0.0328,0.3148,0.8933,-0.8209,0.3165,0.2101,0.3961,2880.0
Anomalia,0.0135,0.2674,0.7222,-0.8209,0.2677,-0.2598,0.5179,2880.0
Anomalia,0.0486,0.2043,0.5489,-0.4366,0.21,0.217,-0.3198,2880.0
Anomalia,0.0485,0.2425,0.6686,-0.6567,0.2473,0.0131,0.0851,5280.0
Anomalia,0.0275,0.2791,0.6686,-0.7277,0.2804,-0.1693,-0.1142,5040.0
Anomalia,0.0459,0.2854,0.6686,-0.7277,0.2891,-0.3101,-0.1208,5040.0
Anomalia,0.0179,0.2909,0.6686,-0.7277,0.2914,-0.1412,-0.3385,3360.0
Anomalia,0.0229,0.2448,0.6306,-0.7277,0.2459,-0.2528,0.3536,3360.0
Anomalia,0.0431,0.2291,0.6112,-0.6119,0.2331,-0.2286,0.0099,3360.0
Anomalia,0.0238,0.2217,0.6396,-0.6119,0.223,-0.106,0.2299,3360.0
Anomalia,0.0497,0.251,0.6551,-0.7606,0.2559,-0.3822,0.5206,5280.0
Anomalia,0.031,0.2532,0.6551,-0.7606,0.255,-0.3295,0.3567,3120.0
Anomalia,0.0219,0.2168,0.6551,-0.7606,0.2179,-0.3228,1.4176,5280.0
Anomalia,0.0333,0.207,0.6551,-0.7606,0.2097,-0.3865,1.6149,3360.0
Anomalia,0.0187,0.1487,0.4527,-0.4581,0.1499,-0.005,0.6164,3360.0
Anomalia,0.0339,0.1422,0.4527,-0.3569,0.1462,0.1696,0.2877,480.0
Anomalia,0.0349,0.1579,0.4527,-0.4771,0.1617,-0.0957,0.2128,480.0
Anomalia,0.0193,0.1498,0.4408,-0.4771,0.151,-0.1671,0.3607,2880.0
Anomalia,0.0286,0.1499,0.4408,-0.4771,0.1526,-0.2459,0.2564,4080.0
Anomalia,0.0263,0.1425,0.4408,-0.4771,0.1449,-0.2458,0.4435,3360.0
Anomalia,0.0331,0.1145,0.4408,-0.2806,0.1191,0.2364,0.3852,3120.0
Anomalia,0.045,0.0997,0.2787,-0.2155,0.1094,-0.1832,-0.6662,3120.0
Anomalia,0.0356,0.1002,0.2787,-0.2941,0.1063,-0.2392,0.048,2880.0
Anomalia,0.026,0.1,0.2975,-0.2941,0.1033,-0.127,0.2434,4080.0
Anomalia,0.0314,0.1095,0.2975,-0.2941,0.1139,-0.07,0.0406,4080.0
Anomalia,0.0196,0.1082,0.2975,-0.2941,0.1099,0.1667,0.1967,4080.0
Anomalia,0.0395,0.1109,0.2975,-0.2086,0.1177,0.2454,-0.376,4080.0
Anomalia,0.0364,0.1304,0.4965,-0.281,0.1354,0.4299,0.4659,3840.0
Anomalia,0.0299,0.1409,0.4965,-0.295,0.144,0.3327,0.1347,2640.0
Anomalia,0.04,0.1723,0.576,-0.3267,0.1769,0.423,0.1123,4320.0
Anomalia,0.0131,0.1843,0.576,-0.3651,0.1847,0.456,0.0145,3120.0
Anomalia,0.0297,0.1739,0.576,-0.3651,0.1765,0.1824,-0.007,3120.0
Anomalia,0.0299,0.1784,0.576,-0.3651,0.1809,0.4012,0.1584,3360.0
Anomalia,0.026,0.1622,0.4821,-0.3651,0.1643,0.0366,-0.0658,2880.0
Anomalia,0.0553,0.1449,0.4821,-0.3626,0.1551,0.0919,0.2645,3840.0
Anomalia,0.0299,0.1521,0.4821,-0.3626,0.155,0.3525,0.0505,3840.0
Anomalia,0.0372,0.1461,0.3486,-0.3626,0.1508,-0.0083,-0.3737,1920.0
Anomalia,0.0292,0.1278,0.3484,-0.2499,0.1311,0.3275,-0.2465,2880.0
Anomalia,0.0111,0.1372,0.3484,-0.3799,0.1377,0.3724,0.2152,1680.0
Anomalia,0.0303,0.205,0.8192,-0.8002,0.2073,0.0414,4.7715,1680.0
Anomalia,0.0369,0.2563,1.0735,-0.8002,0.259,0.7522,3.7652,3120.0
Anomalia,0.014,0.3055,1.0735,-0.8002,0.3059,0.313,1.6065,3360.0
Anomalia,0.0497,0.3366,1.0735,-0.8002,0.3402,0.1721,0.5058,3360.0
Anomalia,0.0175,0.3139,1.0735,-0.7606,0.3144,0.4125,0.6508,3360.0
Anomalia,0.0213,0.2823,0.7694,-0.7606,0.2831,-0.0893,0.0467,3360.0
Anomalia,0.0569,0.2414,0.7694,-0.5374,0.2481,0.1342,-0.187,3360.0
Anomalia,0.0253,0.1953,0.4249,-0.5374,0.1969,-0.1305,-0.397,3360.0
Anomalia,0.0495,0.1838,0.4485,-0.4051,0.1904,-0.0012,-0.7415,3360.0
Anomalia,0.0418,0.1587,0.4485,-0.4051,0.1641,0.115,0.0035,3360.0
Anomalia,0.0137,0.1487,0.4485,-0.4051,0.1494,-0.0435,0.3077,2880.0
Anomalia,0.0287,0.1476,0.4617,-0.4051,0.1504,-0.0885,0.7822,2880.0
Anomalia,0.0316,0.1322,0.4617,-0.3175,0.1359,0.045,0.9069,2880.0
Anomalia,0.0254,0.1486,0.4617,-0.3175,0.1508,0.0656,0.0927,2880.0
Anomalia,0.0542,0.1714,0.4617,-0.4202,0.1797,-0.0611,-0.0956,3360.0
Anomalia,0.0274,0.1927,0.4633,-0.5332,0.1946,-0.127,-0.3051,3360.0
Anomalia,0.0279,0.2055,0.4633,-0.5332,0.2074,0.0114,-0.5945,3360.0
Anomalia,0.0344,0.2086,0.5626,-0.5332,0.2114,0.1632,-0.3321,3360.0
Anomalia,0.0189,0.1809,0.5626,-0.5332,0.1818,0.4282,0.4954,3360.0
Anomalia,0.0343,0.1631,0.5626,-0.2833,0.1667,0.6282,0.2924,960.0
Anomalia,0.0297,0.1526,0.5626,-0.2833,0.1555,0.7154,0.7657,960.0
Anomalia,0.0132,0.1357,0.4085,-0.2833,0.1364,0.4006,-0.0401,4080.0
Anomalia,0.0314,0.139,0.4085,-0.2833,0.1425,0.2681,-0.2644,4080.0
Anomalia,0.0237,0.1352,0.4085,-0.3263,0.1373,0.297,-0.0869,960.0
Anomalia,0.0354,0.1247,0.3073,-0.3263,0.1297,-0.1022,-0.2463,960.0
Anomalia,0.0485,0.1512,0.5111,-0.4179,0.1588,-0.145,0.7884,960.0
Anomalia,0.0398,0.201,0.6402,-0.4594,0.2048,0.1047,0.5784,5040.0
Anomalia,0.0473,0.2537,0.6402,-0.7819,0.258,-0.4927,0.4435,2880.0
Anomalia,0.0201,0.2714,0.6402,-0.7819,0.2722,-0.2891,-0.2637,2880.0
Anomalia,0.0195,0.2731,0.6402,-0.7819,0.2738,-0.3542,-0.3387,2880.0
Anomalia,0.0233,0.2416,0.4343,-0.7819,0.2427,-0.7275,0.2409,3120.0
Anomalia,0.0118,0.1989,0.4673,-0.5021,0.1993,-0.4278,-0.2964,2880.0
Anomalia,0.05,0.211,0.6108,-0.5021,0.2169,-0.212,-0.1077,4080.0
Anomalia,0.0251,0.2289,0.6108,-0.5676,0.2303,-0.2469,-0.1554,5040.0
Anomalia,0.0317,0.2486,0.6108,-0.5676,0.2506,-0.1758,-0.4972,5280.0
Anomalia,0.0388,0.2386,0.6108,-0.5676,0.2417,-0.229,-0.3742,5280.0
Anomalia,0.0121,0.2143,0.4907,-0.5676,0.2147,-0.2597,-0.1381,5280.0
Anomalia,0.0391,0.186,0.4907,-0.4677,0.1901,-0.0592,-0.3595,3360.0
Anomalia,0.0319,0.1663,0.4337,-0.3206,0.1693,-0.0513,-0.6616,3360.0
Anomalia,0.0276,0.1842,0.4337,-0.4967,0.1862,-0.3202,-0.4094,5280.0
Anomalia,0.0394,0.1892,0.4892,-0.4967,0.1932,-0.3335,-0.3088,5280.0
Anomalia,0.0255,0.1893,0.4892,-0.4967,0.1911,-0.2086,-0.4072,5280.0
Anomalia,0.0221,0.1833,0.4892,-0.4967,0.1846,-0.2273,-0.3308,5280.0
Anomalia,0.0411,0.1622,0.4892,-0.314,0.1673,-0.0059,-0.6162,4080.0
Anomalia,0.0288,0.1542,0.3463,-0.3784,0.1568,-0.2689,-0.6695,2640.0
Anomalia,0.0427,0.1466,0.4049,-0.3784,0.1527,-0.3081,-0.288,960.0
Anomalia,0.0316,0.1446,0.4049,-0.3784,0.148,-0.2879,-0.3307,960.0
Anomalia,0.0149,0.1393,0.4049,-0.3784,0.1401,-0.0787,-0.097,4080.0
Anomalia,0.025,0.1247,0.4049,-0.306,0.1272,0.1652,-0.0735,4080.0
Anomalia,0.0274,0.1108,0.2766,-0.2545,0.1141,0.0906,-0.4751,4080.0
Anomalia,0.033,0.1015,0.2766,-0.1802,0.1067,0.1648,-0.5459,4320.0
Anomalia,0.0439,0.0957,0.2649,-0.1757,0.1053,0.1315,-0.6349,4080.0
Anomalia,0.0348,0.0956,0.2624,-0.1757,0.1017,0.2388,-0.6431,4080.0
Anomalia,0.0203,0.0919,0.2624,-0.1757,0.0942,0.3847,-0.4993,4080.0
Anomalia,0.0331,0.0918,0.2624,-0.1757,0.0976,0.2242,-0.7672,4080.0
Anomalia,0.028,0.0905,0.2624,-0.1817,0.0947,0.1322,-0.8649,960.0
Anomalia,0.0311,0.1303,0.529,-0.3496,0.1339,0.0063,1.1221,3840.0
Anomalia,0.053,0.1986,0.5622,-0.5716,0.2055,-0.0019,0.7135,3360.0
Anomalia,0.0231,0.2484,0.5622,-0.7283,0.2495,-0.4567,0.5438,3120.0
Anomalia,0.0294,0.2598,0.5622,-0.7283,0.2615,-0.4869,0.1311,3120.0
Anomalia,0.0234,0.2578,0.5622,-0.7283,0.2589,-0.4943,0.1295,3120.0
Anomalia,0.0128,0.2117,0.3778,-0.7283,0.2121,-1.0362,1.3194,2880.0
Anomalia,0.0373,0.1832,0.3778,-0.6567,0.187,-0.884,1.1062,2880.0
Anomalia,0.0317,0.2264,0.7158,-0.6567,0.2286,-0.2012,0.5952,2880.0
Anomalia,0.0387,0.2237,0.7158,-0.6567,0.2271,-0.2774,0.7992,3600.0
Anomalia,0.0286,0.256,0.7158,-0.6567,0.2576,-0.2116,-0.2193,3360.0
Anomalia,0.024,0.2619,0.7158,-0.5343,0.263,0.0348,-0.5833,3360.0
Anomalia,0.0279,0.2363,0.5386,-0.5343,0.238,-0.1469,-0.67,3360.0
Anomalia,0.0359,0.2912,0.9281,-0.736,0.2934,0.0992,0.1003,3360.0
Anomalia,0.0396,0.3318,1.0316,-0.8839,0.3342,0.2195,0.4155,3360.0
Anomalia,0.0298,0.3782,1.0316,-1.1188,0.3794,-0.1046,0.2685,3360.0
Anomalia,0.0315,0.3924,1.0316,-1.1188,0.3937,-0.0637,-0.0272,3360.0
Anomalia,0.0101,0.3584,1.0316,-1.1188,0.3585,-0.066,0.3405,3360.0
Anomalia,0.026,0.3218,0.8161,-1.1188,0.3228,-0.3341,0.4041,3360.0
Anomalia,0.0324,0.254,0.7197,-0.4882,0.2561,0.3058,-0.587,3360.0
Anomalia,0.037,0.2179,0.5564,-0.4187,0.221,0.2035,-0.6288,3360.0
Anomalia,0.044,0.2087,0.5564,-0.4594,0.2132,0.2357,-0.4211,3360.0
Anomalia,0.0322,0.1724,0.427,-0.4594,0.1754,-0.0294,-0.4459,3360.0
Anomalia,0.0221,0.1715,0.4523,-0.4594,0.1729,-0.1484,-0.2386,3360.0
Anomalia,0.0139,0.1756,0.4523,-0.4594,0.1761,-0.0744,-0.1949,2880.0
Anomalia,0.0242,0.1561,0.4523,-0.4149,0.158,-0.0246,0.3228,2880.0
Anomalia,0.0218,0.1702,0.4523,-0.4149,0.1716,-0.0575,0.0212,2880.0
Anomalia,0.0482,0.1811,0.5449,-0.3793,0.1874,0.1104,-0.1448,3360.0
Anomalia,0.0352,0.1917,0.5449,-0.4746,0.1949,-0.0029,-0.0317,3360.0
Anomalia,0.0345,0.2123,0.5449,-0.4746,0.2151,-0.0782,-0.5714,3360.0
Anomalia,0.0344,0.2015,0.5449,-0.4746,0.2044,-0.0215,-0.3796,3360.0
Anomalia,0.0275,0.1794,0.4362,-0.4746,0.1815,-0.2824,-0.2037,3360.0
Anomalia,0.0366,0.163,0.3688,-0.4035,0.1671,-0.2897,-0.4864,4080.0
Anomalia,0.0304,0.1756,0.4206,-0.6062,0.1782,-0.6328,0.9356,3360.0
Anomalia,0.0325,0.1854,0.4725,-0.6062,0.1882,-0.4736,0.726,3360.0
Anomalia,0.0124,0.1969,0.4725,-0.6062,0.1972,-0.3709,0.1746,3360.0
Anomalia,0.0228,0.2013,0.4863,-0.6062,0.2026,-0.3209,0.2467,3360.0
Anomalia,0.0186,0.1938,0.4863,-0.3991,0.1947,0.1675,-0.3661,3360.0
Anomalia,0.02,0.2016,0.4863,-0.3991,0.2026,-0.0226,-0.7089,960.0
Anomalia,0.0443,0.2287,0.7289,-0.4345,0.2329,0.2756,-0.2613,5040.0
Anomalia,0.0253,0.2325,0.7289,-0.4345,0.2339,0.2943,-0.2808,5040.0
Anomalia,0.0388,0.2337,0.7289,-0.4345,0.2369,0.1511,-0.3654,5280.0
Anomalia,0.036,0.2182,0.7289,-0.4345,0.2212,0.3254,0.1303,5280.0
Anomalia,0.026,0.1708,0.4504,-0.4249,0.1727,-0.1547,-0.0686,5280.0
Anomalia,0.0396,0.1858,0.5631,-0.4711,0.1899,0.1138,0.3721,5280.0
Anomalia,0.0432,0.2316,0.7871,-0.5215,0.2356,0.5026,0.9708,5280.0
Anomalia,0.0202,0.289,0.7871,-0.8263,0.2897,-0.069,0.3536,5280.0
Anomalia,0.0356,0.3261,0.7871,-0.8263,0.328,-0.0297,-0.3936,5280.0
Anomalia,0.0168,0.3179,0.7871,-0.8263,0.3183,0.0601,-0.241,5280.0
Anomalia,0.0183,0.2854,0.7032,-0.8263,0.286,-0.1169,0.2261,3360.0
Anomalia,0.0461,0.244,0.7032,-0.5309,0.2483,0.327,0.0795,3360.0
Anomalia,0.0245,0.2088,0.6421,-0.474,0.2102,0.3467,0.2693,3360.0
Anomalia,0.0407,0.2089,0.6421,-0.4602,0.2128,0.1713,0.1812,2640.0
Anomalia,0.0304,0.1941,0.5364,-0.4602,0.1965,-0.0695,-0.195,3120.0
Anomalia,0.0163,0.1816,0.4277,-0.4602,0.1824,-0.155,-0.3843,5040.0
Anomalia,0.0278,0.1846,0.4393,-0.4602,0.1867,-0.1633,-0.3912,4080.0
Anomalia,0.0324,0.1613,0.4393,-0.3932,0.1645,-0.0428,-0.1693,960.0
Anomalia,0.0299,0.1751,0.4393,-0.5265,0.1776,-0.3088,0.3826,3840.0
Anomalia,0.0579,0.2059,0.5217,-0.5265,0.2139,-0.2641,0.1677,4800.0
Anomalia,0.0297,0.2135,0.5217,-0.5265,0.2156,-0.3095,0.1631,5040.0
Anomalia,0.0307,0.2268,0.5217,-0.5265,0.2289,-0.2536,-0.3729,3360.0
Anomalia,0.0315,0.2137,0.5217,-0.5222,0.216,-0.1381,-0.2525,3360.0
Anomalia,0.0111,0.1653,0.4089,-0.5222,0.1656,-0.3432,0.4119,3120.0
Anomalia,0.0463,0.1433,0.4089,-0.2764,0.1506,0.1852,-0.5814,3360.0
Anomalia,0.0306,0.1264,0.4089,-0.2161,0.1301,0.4715,-0.1331,3360.0
Anomalia,0.0286,0.115,0.3584,-0.2142,0.1184,0.4752,-0.3252,4080.0
Anomalia,0.0321,0.1149,0.3584,-0.1721,0.1193,0.5313,-0.371,4560.0
Anomalia,0.0135,0.1021,0.2539,-0.2069,0.1029,0.2144,-0.7583,4080.0
Anomalia,0.0376,0.1147,0.398,-0.2069,0.1207,0.424,-0.2736,5040.0
Anomalia,0.0308,0.1358,0.398,-0.4475,0.1393,-0.1396,0.5433,5040.0
Anomalia,0.0231,0.2122,0.6888,-0.5875,0.2134,0.0998,1.0798,2640.0
Anomalia,0.0459,0.2466,0.6888,-0.5875,0.2508,-0.0257,0.1969,3120.0
Anomalia,0.0102,0.2643,0.6888,-0.5875,0.2645,0.2121,-0.1906,3120.0
Anomalia,0.0414,0.2702,0.6888,-0.5875,0.2733,0.0784,-0.3531,3120.0
Anomalia,0.042,0.2357,0.5731,-0.5318,0.2394,0.0846,-0.3429,2880.0
Anomalia,0.024,0.2155,0.5731,-0.4711,0.2168,0.2059,-0.4074,2880.0
Anomalia,0.0545,0.2196,0.5987,-0.3788,0.2263,0.2114,-0.563,4080.0
Anomalia,0.0068,0.2302,0.5987,-0.4381,0.2303,0.3022,-0.6645,960.0
Anomalia,0.0272,0.2407,0.7723,-0.4381,0.2423,0.4392,-0.2257,2880.0
Anomalia,0.0239,0.2254,0.7723,-0.4381,0.2267,0.523,0.294,2880.0
Anomalia,0.0115,0.2141,0.7723,-0.4927,0.2144,0.2805,0.6138,3360.0
Anomalia,0.0482,0.2185,0.7723,-0.5777,0.2238,0.1294,1.2093,3360.0
Anomalia,0.0381,0.2136,0.6667,-0.5777,0.217,0.0438,0.8849,4080.0
Anomalia,0.0329,0.2527,0.6667,-0.5777,0.2548,-0.1789,-0.0619,3360.0
Anomalia,0.0456,0.2494,0.6667,-0.5777,0.2535,-0.0627,0.0031,3360.0
Anomalia,0.0207,0.2282,0.6507,-0.5641,0.2292,0.1215,-0.0529,3360.0
Anomalia,0.0207,0.216,0.5215,-0.5641,0.2169,0.0283,-0.0005,3360.0
Anomalia,0.0356,0.1689,0.5215,-0.3209,0.1726,0.5599,0.2365,3360.0
Anomalia,0.0194,0.1445,0.5215,-0.3209,0.1458,0.3894,0.5622,2640.0
Anomalia,0.0488,0.1378,0.5215,-0.2326,0.1462,0.4019,0.4585,3360.0
Anomalia,0.0353,0.131,0.3319,-0.4137,0.1357,-0.5449,0.4485,4320.0
Anomalia,0.0282,0.136,0.3319,-0.4137,0.1389,-0.4684,0.1927,4320.0
Anomalia,0.0344,0.1318,0.3319,-0.4137,0.1363,-0.4695,0.5011,4320.0
Anomalia,0.0244,0.132,0.3021,-0.4137,0.1343,-0.3903,0.2798,960.0
Anomalia,0.0258,0.1148,0.3021,-0.2727,0.1176,0.2131,-0.1611,4080.0
Anomalia,0.0377,0.1131,0.3421,-0.2213,0.1192,0.2922,-0.4253,4080.0
Anomalia,0.0283,0.1121,0.3421,-0.1926,0.1156,0.3552,-0.3653,480.0
Anomalia,0.023,0.0956,0.3421,-0.1926,0.0983,0.3366,-0.0664,960.0
Anomalia,0.034,0.1081,0.3676,-0.2289,0.1133,0.3251,0.3822,960.0
Anomalia,0.0244,0.1052,0.3676,-0.2289,0.108,0.3175,0.4468,960.0
Anomalia,0.0421,0.1309,0.4189,-0.2604,0.1375,0.3498,0.048,2640.0
Anomalia,0.0407,0.1497,0.4189,-0.3077,0.1551,0.0973,-0.4224,2640.0
Anomalia,0.0343,0.1576,0.4189,-0.3077,0.1613,0.0359,-0.5517,960.0
Anomalia,0.0454,0.1759,0.4577,-0.3077,0.1817,0.0475,-0.6986,3120.0
Anomalia,0.0271,0.1666,0.4577,-0.3077,0.1688,0.0981,-0.4777,2880.0
Anomalia,0.0366,0.1657,0.4577,-0.3924,0.1697,-0.1013,-0.2899,2880.0
Anomalia,0.0326,0.1681,0.4577,-0.3924,0.1713,-0.1269,-0.37,2880.0
Anomalia,0.014,0.1581,0.3415,-0.3924,0.1588,-0.2594,-0.6616,960.0
Anomalia,0.0289,0.153,0.3415,-0.3924,0.1557,-0.4199,-0.5137,960.0
Anomalia,0.0172,0.1397,0.3415,-0.319,0.1407,-0.1677,-0.669,960.0
Anomalia,0.0321,0.1248,0.2564,-0.2998,0.1289,-0.2505,-0.858,1200.0
Anomalia,0.0389,0.1162,0.2564,-0.3365,0.1225,-0.5537,-0.1671,1680.0
Anomalia,0.0336,0.1567,0.6046,-0.4227,0.1603,0.2032,1.5335,1680.0
Anomalia,0.0536,0.2428,0.9392,-0.4606,0.2486,0.8945,1.8894,5040.0
Anomalia,0.02,0.2836,0.9392,-0.6563,0.2843,0.4905,0.8029,1920.0
Anomalia,0.0302,0.3085,0.9392,-0.6563,0.31,0.432,-0.0351,3360.0
Anomalia,0.0221,0.2985,0.9392,-0.6563,0.2993,0.4748,0.2169,3360.0
Anomalia,0.0106,0.2483,0.6244,-0.6563,0.2485,0.0947,-0.0754,3360.0
Anomalia,0.0399,0.2162,0.6244,-0.3899,0.2198,0.4872,-0.2277,3360.0
Anomalia,0.041,0.189,0.5343,-0.3899,0.1934,0.4211,0.0289,3360.0
Anomalia,0.0309,0.1863,0.5343,-0.3899,0.1888,0.6047,0.1312,720.0
Anomalia,0.0444,0.1691,0.475,-0.3899,0.1749,0.1068,-0.1418,4080.0
Anomalia,0.0244,0.1803,0.4454,-0.4444,0.1819,-0.075,-0.4319,4080.0
Anomalia,0.015,0.1888,0.519,-0.4944,0.1894,-0.1114,-0.1058,4080.0
Anomalia,0.0427,0.1779,0.519,-0.4944,0.183,-0.4679,0.5767,4080.0
Anomalia,0.0153,0.1839,0.519,-0.4944,0.1845,-0.4292,0.358,3840.0
Anomalia,0.0431,0.1767,0.6638,-0.4944,0.1819,-0.0357,1.5805,3360.0
Anomalia,0.0319,0.1637,0.6638,-0.4934,0.1668,0.1324,1.403,3360.0
Anomalia,0.0242,0.1704,0.6638,-0.4934,0.1721,0.206,1.0487,3360.0
Anomalia,0.041,0.1636,0.6638,-0.3386,0.1686,0.4289,0.7268,3360.0
Anomalia,0.0301,0.1392,0.3294,-0.3386,0.1424,-0.0295,-0.3111,3360.0
Anomalia,0.0361,0.1211,0.3294,-0.2835,0.1264,0.1794,-0.0185,3360.0
Anomalia,0.0362,0.1056,0.3037,-0.233,0.1116,0.1676,-0.1688,4080.0
Anomalia,0.023,0.0933,0.2349,-0.1606,0.0961,-0.012,-0.7663,4080.0
Anomalia,0.0195,0.0838,0.2349,-0.154,0.0861,-0.08,-0.6582,4080.0
Anomalia,0.0372,0.0912,0.2508,-0.1535,0.0985,-0.0764,-0.6497,720.0
Anomalia,0.0239,0.0985,0.2508,-0.2111,0.1014,-0.115,-0.5223,240.0
Anomalia,0.0356,0.1356,0.5007,-0.2758,0.1402,0.3232,0.6308,5040.0
Anomalia,0.0292,0.2032,0.5635,-0.6745,0.2052,-0.1676,0.9299,480.0
Anomalia,0.025,0.2196,0.5635,-0.6745,0.221,0.0555,0.3149,5040.0
Anomalia,0.0321,0.2404,0.5635,-0.6745,0.2425,-0.0266,-0.2428,4080.0
Anomalia,0.0257,0.2319,0.5635,-0.6745,0.2333,-0.0207,-0.0452,4080.0
Anomalia,0.0401,0.1854,0.5174,-0.4033,0.1897,0.1095,-0.1991,2880.0
Anomalia,0.0252,0.2055,0.6521,-0.4846,0.207,0.1103,0.2264,5280.0
Anomalia,0.0384,0.2292,0.6521,-0.5336,0.2324,0.0575,0.0451,5040.0
Anomalia,0.0377,0.2657,0.6521,-0.5524,0.2684,-0.0021,-0.2852,5040.0
Anomalia,0.0257,0.2847,0.6521,-0.5524,0.2858,0.0834,-0.6611,5280.0
Anomalia,0.0283,0.2682,0.6494,-0.5524,0.2697,0.0215,-0.585,5280.0
Anomalia,0.0214,0.2388,0.6494,-0.5524,0.2398,-0.0505,-0.2303,2880.0
Anomalia,0.0226,0.2136,0.5422,-0.4658,0.2148,-0.1315,-0.3381,3360.0
Anomalia,0.0375,0.1979,0.5422,-0.4658,0.2014,-0.3065,-0.2179,4080.0
Anomalia,0.0405,0.1931,0.5422,-0.4658,0.1973,-0.3481,-0.0947,5280.0
Anomalia,0.0276,0.1867,0.5422,-0.4658,0.1887,-0.1783,-0.1767,5280.0
Anomalia,0.0305,0.1728,0.557,-0.3955,0.1755,0.0592,-0.1547,5280.0
Anomalia,0.0203,0.1653,0.557,-0.3175,0.1665,0.1998,-0.0276,5280.0
Anomalia,0.0237,0.1485,0.557,-0.3175,0.1504,0.2494,0.8338,2880.0
Anomalia,0.0355,0.16,0.557,-0.3342,0.1639,0.4225,0.5461,2880.0
Anomalia,0.0368,0.1585,0.469,-0.4345,0.1627,-0.0186,0.175,3360.0
Anomalia,0.0313,0.1562,0.469,-0.4345,0.1593,-0.0064,0.2419,3360.0
Anomalia,0.0274,0.1748,0.469,-0.4345,0.1769,0.0922,-0.3455,3360.0
Anomalia,0.0295,0.1577,0.4099,-0.4345,0.1604,-0.1493,-0.2392,3360.0
Anomalia,0.0272,0.1491,0.4099,-0.2985,0.1516,-0.0777,-0.7225,960.0
Anomalia,0.0446,0.1369,0.4099,-0.2985,0.144,-0.2003,-0.2969,960.0
Anomalia,0.0331,0.1264,0.2889,-0.228,0.1307,-0.2327,-0.8132,960.0
Anomalia,0.0349,0.1256,0.2889,-0.228,0.1303,-0.1224,-0.8075,960.0
Anomalia,0.0314,0.1192,0.2802,-0.228,0.1233,-0.0367,-0.7613,960.0
Anomalia,0.0098,0.1238,0.2802,-0.228,0.1242,0.2464,-0.7079,960.0
Anomalia,0.0368,0.137,0.3551,-0.3492,0.1418,0.0943,-0.3867,960.0
Anomalia,0.0249,0.1599,0.4281,-0.3909,0.1618,-0.1305,-0.2102,960.0
Anomalia,0.025,0.2201,0.5787,-0.611,0.2215,-0.0423,0.0457,2640.0
Anomalia,0.0382,0.2472,0.5946,-0.611,0.2502,-0.0748,-0.3985,3120.0
Anomalia,0.0178,0.261,0.5946,-0.611,0.2617,0.1647,-0.6253,2880.0
Anomalia,0.0437,0.2661,0.5946,-0.611,0.2696,0.0907,-0.7634,2880.0
Anomalia,0.0396,0.2305,0.5946,-0.4224,0.2338,0.3639,-0.6048,2880.0
Anomalia,0.0373,0.2068,0.5211,-0.3822,0.2101,0.4854,-0.5441,2880.0
Anomalia,0.0471,0.1845,0.4992,-0.315,0.1905,0.5301,-0.5207,2880.0
Anomalia,0.0149,0.1667,0.4992,-0.3538,0.1674,0.5777,-0.015,2880.0
Anomalia,0.0301,0.1502,0.4047,-0.3538,0.1532,0.2249,-0.3908,4080.0
Anomalia,0.0305,0.1387,0.3555,-0.3538,0.1421,0.0912,-0.2341,4080.0
Anomalia,0.0165,0.1288,0.3555,-0.3538,0.1299,-0.1145,0.1289,4080.0
Anomalia,0.0421,0.1613,0.6067,-0.6012,0.1667,-0.0881,2.556,2880.0
Anomalia,0.027,0.2661,0.8464,-0.8731,0.2674,0.1421,1.6795,5280.0
Anomalia,0.0323,0.3076,0.8464,-0.8731,0.3093,-0.0885,0.4002,3360.0
Anomalia,0.041,0.3301,0.8464,-0.8731,0.3327,-0.0806,-0.2136,3360.0
Anomalia,0.0167,0.3262,0.8464,-0.8731,0.3266,0.0662,-0.2207,3360.0
Anomalia,0.0264,0.2642,0.5829,-0.664,0.2655,-0.1115,-0.4044,3360.0
Anomalia,0.0296,0.2315,0.5829,-0.5259,0.2333,0.1951,-0.7104,3360.0
Anomalia,0.0263,0.2114,0.465,-0.5259,0.213,0.0238,-0.641,3360.0
Anomalia,0.0417,0.1864,0.465,-0.4108,0.191,0.0549,-0.4545,3360.0
Anomalia,0.0362,0.1685,0.4466,-0.4108,0.1723,-0.066,-0.1446,3360.0
Anomalia,0.0316,0.1697,0.3999,-0.4108,0.1727,-0.3604,-0.222,2880.0
Anomalia,0.0315,0.1476,0.3505,-0.3807,0.1509,-0.436,0.0663,2880.0
Anomalia,0.0397,0.1449,0.3505,-0.3807,0.1503,-0.5197,0.2263,3120.0
Anomalia,0.0257,0.1433,0.3505,-0.3807,0.1456,-0.4195,0.1511,2880.0
Anomalia,0.0326,0.1338,0.4552,-0.2714,0.1378,0.1588,0.2698,5280.0
Anomalia,0.0246,0.1467,0.4552,-0.2637,0.1487,0.16,-0.2552,5280.0
Anomalia,0.0172,0.1478,0.4552,-0.2637,0.1488,0.2707,-0.2306,5280.0
Anomalia,0.0387,0.1442,0.4552,-0.2528,0.1493,0.1849,-0.3092,3360.0
Anomalia,0.0266,0.1223,0.2923,-0.2528,0.1251,-0.0955,-0.3056,3360.0
Anomalia,0.0455,0.1136,0.2898,-0.2908,0.1224,-0.1626,-0.0965,960.0
Anomalia,0.0344,0.118,0.2829,-0.2908,0.1229,-0.2454,-0.1434,960.0
Anomalia,0.0209,0.1204,0.2829,-0.2908,0.1222,-0.2596,-0.3092,3360.0
Anomalia,0.035,0.1421,0.4663,-0.2908,0.1463,0.0243,0.0803,3360.0
Anomalia,0.0215,0.1406,0.4663,-0.2827,0.1423,0.4335,0.2792,3360.0
Anomalia,0.0448,0.1502,0.4663,-0.2848,0.1567,0.2511,-0.2358,3360.0
Anomalia,0.0415,0.1655,0.4663,-0.4118,0.1706,0.0401,-0.3298,960.0
Anomalia,0.0268,0.1781,0.4823,-0.4118,0.1801,0.1192,-0.4324,2880.0
Anomalia,0.0456,0.181,0.4823,-0.4118,0.1867,-0.081,-0.5285,5040.0
Anomalia,0.0085,0.1837,0.4823,-0.4118,0.1839,0.1067,-0.3904,4080.0
Anomalia,0.037,0.1692,0.4823,-0.4116,0.1732,-0.1315,-0.0502,4080.0
Anomalia,0.0265,0.1497,0.3505,-0.4116,0.1521,-0.4768,0.1087,480.0
Anomalia,0.0156,0.1802,0.7881,-0.4116,0.1809,0.6104,3.0354,2880.0
Anomalia,0.0485,0.2625,0.8119,-0.9444,0.2669,-0.016,2.4162,5040.0
Anomalia,0.0263,0.3031,0.8119,-0.9444,0.3043,0.168,0.8505,3360.0
Anomalia,0.0366,0.3433,0.8119,-0.9444,0.3452,0.044,-0.1138,3360.0
Anomalia,0.0442,0.3376,0.8119,-0.9444,0.3404,-0.1161,-0.195,3360.0
Anomalia,0.021,0.2803,0.7158,-0.6807,0.2811,0.0696,-0.2709,3360.0
Anomalia,0.0348,0.2531,0.6797,-0.6807,0.2555,-0.0652,-0.2812,3360.0
Anomalia,0.0412,0.2087,0.5585,-0.451,0.2128,0.0857,-0.7398,3360.0
Anomalia,0.0249,0.1991,0.5585,-0.451,0.2006,0.1349,-0.4054,3120.0
Anomalia,0.0429,0.1876,0.5585,-0.3836,0.1924,0.1083,-0.3188,3120.0
Anomalia,0.0219,0.1862,0.5585,-0.3836,0.1875,0.0006,-0.2375,3360.0
Anomalia,0.0235,0.1729,0.4368,-0.3836,0.1745,-0.3858,-0.502,3840.0
Anomalia,0.0439,0.159,0.3265,-0.3734,0.1649,-0.6481,-0.2654,3840.0
Anomalia,0.028,0.1882,0.4256,-0.5818,0.1903,-0.5893,-0.1096,2880.0
Anomalia,0.0399,0.1895,0.4256,-0.5818,0.1937,-0.4785,-0.0794,3360.0
Anomalia,0.0332,0.1852,0.4256,-0.5818,0.1882,-0.4092,0.0067,3360.0
Anomalia,0.0119,0.1895,0.4256,-0.5818,0.1899,-0.149,-0.2781,3360.0
Anomalia,0.0324,0.1581,0.3893,-0.3928,0.1614,-0.0769,-0.5985,3360.0
Anomalia,0.0296,0.1378,0.3292,-0.2862,0.141,-0.0391,-0.8645,3360.0
Anomalia,0.0329,0.1349,0.3292,-0.2862,0.1389,0.0082,-0.7659,960.0
Anomalia,0.0483,0.1237,0.3317,-0.2647,0.1328,0.0005,-0.5346,960.0
Anomalia,0.0301,0.1277,0.3317,-0.2962,0.1313,-0.071,-0.2421,960.0
Anomalia,0.0348,0.117,0.3317,-0.2962,0.122,-0.1527,-0.0604,960.0
Anomalia,0.0419,0.1125,0.3317,-0.2962,0.12,-0.2625,0.2229,960.0
Anomalia,0.0259,0.1226,0.3463,-0.2962,0.1253,-0.1384,-0.3038,960.0
Anomalia,0.0396,0.1721,0.6436,-0.6707,0.1766,-0.0728,3.3656,960.0
Anomalia,0.0129,0.2442,0.6621,-0.7439,0.2445,-0.4424,1.4258,2880.0
Anomalia,0.0215,0.2786,0.6621,-0.7439,0.2795,-0.4812,0.5655,3120.0
Anomalia,0.0275,0.3049,0.6621,-0.7439,0.3061,-0.388,-0.0908,2880.0
Anomalia,0.0226,0.2921,0.6621,-0.7439,0.293,-0.4302,-0.1415,2880.0
Anomalia,0.0482,0.2448,0.6185,-0.7333,0.2495,-0.4077,0.1123,2880.0
Anomalia,0.0235,0.2496,0.6185,-0.7126,0.2507,-0.1998,-0.2771,2880.0
Anomalia,0.0363,0.2583,0.5299,-0.7429,0.2608,-0.4133,0.0328,2880.0
Anomalia,0.0412,0.2602,0.5299,-0.7429,0.2634,-0.4929,0.0774,2880.0
Anomalia,0.0391,0.2696,0.5921,-0.7429,0.2724,-0.3673,-0.1265,3360.0
Anomalia,0.047,0.2415,0.5921,-0.7429,0.2461,-0.3335,0.0904,3360.0
Anomalia,0.0307,0.2037,0.5921,-0.4777,0.206,-0.2675,-0.2406,3360.0
Anomalia,0.0171,0.2139,0.5921,-0.5854,0.2146,-0.1638,-0.2193,3360.0
Anomalia,0.0309,0.2433,0.8067,-0.5854,0.2452,-0.208,0.3987,3360.0
Anomalia,0.0358,0.2728,0.8067,-0.7825,0.2752,-0.4062,0.3324,3120.0
Anomalia,0.0409,0.2654,0.8067,-0.7825,0.2686,-0.4319,0.6306,3120.0
Anomalia,0.0494,0.2506,0.8067,-0.7825,0.2554,-0.3706,1.0668,3360.0
Anomalia,0.0242,0.2064,0.6077,-0.7825,0.2078,-0.3796,1.5905,3360.0
Anomalia,0.0283,0.1463,0.4854,-0.2391,0.149,0.4298,-0.299,3360.0
Anomalia,0.02,0.165,0.4854,-0.4222,0.1662,0.2519,-0.2469,480.0
Anomalia,0.0225,0.1576,0.3864,-0.4222,0.1592,-0.0326,-0.3388,960.0
Anomalia,0.0347,0.1429,0.3864,-0.4222,0.147,-0.2845,0.4099,960.0
Anomalia,0.0282,0.1501,0.3864,-0.4222,0.1527,-0.1566,0.1678,960.0
Anomalia,0.041,0.1249,0.3864,-0.2691,0.1314,0.0162,0.2213,960.0
Anomalia,0.0405,0.1022,0.3371,-0.2691,0.11,-0.0196,0.7779,960.0
Anomalia,0.0417,0.1127,0.3371,-0.2691,0.1202,-0.0229,-0.0125,960.0
Anomalia,0.0282,0.102,0.2952,-0.2622,0.1058,-0.1396,-0.1756,960.0
Anomalia,0.0347,0.102,0.2733,-0.2622,0.1077,-0.3092,-0.2166,5280.0
Anomalia,0.0209,0.1064,0.2733,-0.2622,0.1084,-0.1987,-0.3866,5280.0
Anomalia,0.0295,0.1109,0.3703,-0.2622,0.1148,-0.0139,0.2472,1680.0
Anomalia,0.0487,0.1081,0.3703,-0.2234,0.1186,-0.1437,0.1505,4080.0
Anomalia,0.028,0.1262,0.3703,-0.3909,0.1293,-0.328,0.5409,1680.0
Anomalia,0.0473,0.1553,0.6231,-0.3909,0.1623,0.2581,1.0411,2640.0
Anomalia,0.0242,0.1758,0.6231,-0.465,0.1774,-0.032,0.7699,3120.0
Anomalia,0.0173,0.1752,0.6231,-0.465,0.1761,0.0761,0.8049,3120.0
Anomalia,0.0351,0.1737,0.6231,-0.465,0.1772,-0.0082,0.8363,3360.0
Anomalia,0.018,0.1604,0.3553,-0.465,0.1614,-0.6073,0.7164,3360.0
Anomalia,0.0412,0.1423,0.3553,-0.4471,0.1481,-0.5535,0.7247,4080.0
Anomalia,0.0394,0.1618,0.4331,-0.4656,0.1665,-0.4528,0.7131,960.0
Anomalia,0.0296,0.1628,0.4331,-0.4656,0.1655,-0.3798,0.3853,960.0
Anomalia,0.0459,0.1474,0.4331,-0.4656,0.1544,-0.3728,0.7207,1200.0
Anomalia,0.0313,0.1483,0.4331,-0.4656,0.1515,-0.2418,0.5698,960.0
Anomalia,0.022,0.1555,0.518,-0.3248,0.157,0.1948,0.136,960.0
Anomalia,0.0266,0.2211,0.8585,-0.5184,0.2227,0.6055,1.7497,1920.0
Anomalia,0.0119,0.297,0.9642,-0.8697,0.2973,0.3888,1.0174,1920.0
Anomalia,0.0384,0.3243,0.9642,-0.8697,0.3265,0.2532,0.1131,3360.0
Anomalia,0.0435,0.3428,0.9642,-0.8697,0.3455,0.1367,-0.1886,3360.0
Anomalia,0.0397,0.3182,0.9642,-0.8697,0.3207,0.0509,0.023,3360.0
Anomalia,0.0466,0.2604,0.7314,-0.5664,0.2646,0.0712,-0.3851,3360.0
Anomalia,0.0237,0.2355,0.7314,-0.5664,0.2367,0.0117,-0.2201,3360.0
Anomalia,0.0297,0.2043,0.4406,-0.4028,0.2065,0.0016,-0.7912,3360.0
Anomalia,0.032,0.1782,0.4406,-0.3916,0.1811,0.1304,-0.4877,3360.0
Anomalia,0.0291,0.1668,0.4406,-0.3916,0.1694,0.1551,-0.1444,960.0
Anomalia,0.0333,0.1593,0.4406,-0.3916,0.1627,0.1171,0.009,2640.0
Anomalia,0.027,0.1506,0.4291,-0.3822,0.153,-0.1626,-0.1222,2880.0
Anomalia,0.043,0.1549,0.4193,-0.3822,0.1607,-0.4255,-0.2934,2880.0
Anomalia,0.0306,0.1848,0.4193,-0.7274,0.1873,-0.7439,0.9099,2880.0
Anomalia,0.0377,0.1985,0.4193,-0.7274,0.202,-0.6728,0.4611,480.0
Anomalia,0.034,0.2023,0.4193,-0.7274,0.2051,-0.5936,0.1929,480.0
Anomalia,0.0192,0.1974,0.4124,-0.7274,0.1983,-0.5621,0.2316,3360.0
Anomalia,0.041,0.1704,0.4124,-0.3686,0.1753,-0.3309,-0.5843,3360.0
Anomalia,0.0235,0.1466,0.3394,-0.3394,0.1485,-0.2076,-0.6317,3360.0
Anomalia,0.0381,0.1366,0.3534,-0.3302,0.1418,-0.1473,-0.4364,3360.0
Anomalia,0.0275,0.1326,0.3534,-0.2823,0.1354,0.1294,-0.572,960.0
Anomalia,0.0239,0.1198,0.3534,-0.2823,0.1222,0.15,-0.2825,1200.0
Anomalia,0.0288,0.1283,0.3534,-0.2823,0.1315,0.1339,-0.5314,960.0
Anomalia,0.0269,0.1158,0.3067,-0.2122,0.1189,0.2347,-0.7276,960.0
Anomalia,0.0434,0.1147,0.3067,-0.2266,0.1227,0.0066,-0.537,960.0
Anomalia,0.0412,0.166,0.5247,-0.4748,0.171,-0.2227,0.7526,480.0
Anomalia,0.0372,0.1981,0.7028,-0.4748,0.2016,0.1127,0.8883,960.0
Anomalia,0.0465,0.2154,0.711,-0.4748,0.2204,0.1769,0.514,2880.0
Anomalia,0.0252,0.2454,0.711,-0.4748,0.2466,0.3424,-0.2302,3120.0
Anomalia,0.0377,0.2278,0.711,-0.4658,0.2309,0.3945,-0.0946,2880.0
Anomalia,0.029,0.2096,0.711,-0.3786,0.2116,0.339,-0.3043,2880.0
Anomalia,0.0241,0.2349,0.6609,-0.4673,0.2361,0.3622,-0.5653,2880.0
Anomalia,0.0359,0.2428,0.6609,-0.7226,0.2455,-0.0193,-0.1015,2880.0
Anomalia,0.0289,0.2678,0.6609,-0.7226,0.2694,-0.163,-0.2905,2880.0
Anomalia,0.0358,0.271,0.6609,-0.7226,0.2734,-0.2318,-0.325,3360.0
Anomalia,0.0312,0.2368,0.5368,-0.7226,0.2388,-0.4749,0.3861,3360.0
Anomalia,0.0187,0.211,0.4583,-0.6496,0.2118,-0.4072,0.1492,3360.0
Anomalia,0.0243,0.176,0.4491,-0.4162,0.1776,-0.15,-0.3741,3360.0
Anomalia,0.0344,0.1978,0.5987,-0.6448,0.2007,-0.5366,1.2646,3360.0
Anomalia,0.0359,0.2146,0.5987,-0.6448,0.2175,-0.5025,0.503,2880.0
Anomalia,0.0546,0.2069,0.5987,-0.6448,0.214,-0.4893,0.9216,3120.0
Anomalia,0.0345,0.2106,0.5987,-0.6448,0.2134,-0.4047,0.6356,2880.0
Anomalia,0.0381,0.1672,0.4523,-0.4423,0.1715,-0.163,-0.1221,2880.0
Anomalia,0.0311,0.1495,0.4523,-0.3674,0.1527,-0.0682,-0.1681,960.0
Anomalia,0.0246,0.15,0.2772,-0.3674,0.152,-0.4403,-0.4624,960.0
Anomalia,0.0373,0.1338,0.3217,-0.3503,0.1389,-0.4098,-0.2471,5040.0
Anomalia,0.0289,0.1427,0.459,-0.3503,0.1456,-0.0293,-0.1659,4080.0
Anomalia,0.027,0.1349,0.459,-0.3503,0.1375,0.0382,0.1283,2880.0
Anomalia,0.0376,0.1172,0.459,-0.2629,0.1231,0.323,0.5016,2880.0
Anomalia,0.0287,0.1103,0.459,-0.2629,0.1139,0.3896,0.9347,2880.0
Anomalia,0.0309,0.0885,0.2695,-0.1836,0.0938,0.0553,-0.1923,4080.0
Anomalia,0.0356,0.0909,0.2695,-0.1736,0.0977,0.0602,-0.3571,960.0
Anomalia,0.0217,0.0929,0.2393,-0.1788,0.0954,-0.0079,-0.548,960.0
Anomalia,0.0321,0.0951,0.3138,-0.1788,0.1003,0.0872,-0.254,960.0
Anomalia,0.0379,0.0967,0.3138,-0.1788,0.1039,0.0342,-0.1492,4080.0
Anomalia,0.033,0.1053,0.3138,-0.2295,0.1104,-0.1173,-0.1011,4080.0
Anomalia,0.0555,0.1872,0.8292,-0.6254,0.1952,0.6052,3.8249,4320.0
Anomalia,0.0323,0.253,0.8292,-0.659,0.255,-0.0696,1.2702,3120.0
Anomalia,0.0326,0.269,0.8292,-0.659,0.271,-0.0542,0.4806,3120.0
Anomalia,0.0396,0.2797,0.8292,-0.659,0.2825,-0.0316,0.1311,2880.0
Anomalia,0.0173,0.2542,0.6621,-0.659,0.2548,-0.1036,-0.0729,4320.0
Anomalia,0.0408,0.209,0.5574,-0.417,0.213,0.2096,-0.7541,4080.0
Anomalia,0.018,0.2267,0.5574,-0.5858,0.2274,0.0224,-0.3658,4080.0
Anomalia,0.0223,0.2368,0.6701,-0.5858,0.2378,0.1694,-0.0538,4080.0
Anomalia,0.0297,0.2319,0.6701,-0.5858,0.2338,-0.0233,-0.1272,4080.0
Anomalia,0.0229,0.2307,0.6701,-0.5858,0.2318,0.0345,-0.037,3360.0
Anomalia,0.0543,0.1987,0.6701,-0.3834,0.206,0.2112,0.1606,3360.0
Anomalia,0.0476,0.1917,0.6498,-0.3753,0.1976,0.1426,0.0631,3360.0
Anomalia,0.0381,0.2142,0.6498,-0.6782,0.2175,-0.1237,0.7487,3360.0
Anomalia,0.0328,0.2511,0.6498,-0.7575,0.2532,-0.4896,1.008,3360.0
Anomalia,0.0298,0.2717,0.6498,-0.7575,0.2734,-0.285,0.2344,3360.0
Anomalia,0.0107,0.2683,0.6304,-0.7575,0.2685,-0.3062,0.0059,3360.0
Anomalia,0.0359,0.2454,0.6304,-0.7575,0.248,-0.4487,0.4143,3360.0
Anomalia,0.0257,0.2046,0.5318,-0.4039,0.2062,0.1116,-0.7405,3360.0
Anomalia,0.0373,0.1808,0.3801,-0.3632,0.1846,-0.2162,-0.88,3360.0
Anomalia,0.0451,0.1803,0.3801,-0.5547,0.1858,-0.5167,-0.0447,3360.0
Anomalia,0.032,0.1701,0.3715,-0.5547,0.1731,-0.4373,0.2036,2640.0
Anomalia,0.0443,0.1559,0.3715,-0.5547,0.1621,-0.4838,1.1645,2640.0
Anomalia,0.0221,0.1629,0.3715,-0.5547,0.1644,-0.4456,1.0798,3360.0
Anomalia,0.028,0.1373,0.3715,-0.4189,0.1401,-0.0124,0.7031,3120.0
Anomalia,0.031,0.1504,0.4316,-0.4189,0.1536,0.1396,0.3155,3840.0
Anomalia,0.0293,0.1903,0.6031,-0.4444,0.1925,0.1294,0.2919,2880.0
Anomalia,0.0259,0.2089,0.6031,-0.498,0.2105,0.1626,0.0797,5280.0
Anomalia,0.039,0.223,0.6031,-0.498,0.2264,0.0874,-0.3376,5280.0
Anomalia,0.027,0.2218,0.6031,-0.498,0.2235,0.1322,-0.3267,3360.0
Anomalia,0.0433,0.1983,0.5197,-0.498,0.203,0.0679,-0.1708,960.0
Anomalia,0.0431,0.1687,0.4882,-0.2996,0.1741,0.3544,-0.27,960.0
Anomalia,0.0266,0.1581,0.4882,-0.2647,0.1603,0.5375,0.0043,960.0
Anomalia,0.04,0.1551,0.4882,-0.2531,0.1602,0.5199,-0.0065,960.0
Anomalia,0.0164,0.142,0.4122,-0.2714,0.1429,0.5142,0.1574,960.0
Anomalia,0.0215,0.1382,0.4122,-0.3509,0.1399,0.1562,0.3362,960.0
Anomalia,0.0334,0.1382,0.3801,-0.3509,0.1422,-0.1237,0.0688,960.0
Anomalia,0.0215,0.1362,0.4364,-0.3509,0.1379,-0.1189,0.1459,960.0
Anomalia,0.0535,0.2014,0.6434,-0.4103,0.2084,0.379,0.4043,5040.0
Anomalia,0.0311,0.2306,0.6434,-0.4848,0.2326,0.4551,-0.192,5040.0
Anomalia,0.037,0.2402,0.6434,-0.4848,0.2431,0.4215,-0.4555,4080.0
Anomalia,0.0338,0.249,0.6434,-0.4848,0.2513,0.3786,-0.6645,5280.0
Anomalia,0.0159,0.1984,0.5238,-0.4848,0.1991,0.2621,-0.3097,2880.0
Anomalia,0.0382,0.2122,0.6392,-0.4529,0.2156,0.1589,-0.188,2880.0
Anomalia,0.0381,0.2665,0.8109,-0.5683,0.2693,0.3186,0.167,2880.0
Anomalia,0.0293,0.3222,0.8109,-1.1317,0.3235,-0.1856,0.7539,5040.0
Anomalia,0.0501,0.3629,0.8109,-1.1317,0.3663,-0.2581,-0.1339,5040.0
Anomalia,0.0283,0.3597,0.8109,-1.1317,0.3608,-0.2205,-0.0895,5280.0
Anomalia,0.0191,0.3178,0.7097,-1.1317,0.3184,-0.4458,0.6402,5280.0
Anomalia,0.0394,0.2587,0.7097,-0.6776,0.2617,-0.2623,0.0545,3360.0
Anomalia,0.0056,0.2092,0.4425,-0.5923,0.2093,-0.2362,-0.2542,3360.0
Anomalia,0.0321,0.2038,0.6594,-0.3941,0.2063,0.1355,-0.4766,2640.0
Anomalia,0.0372,0.2019,0.6594,-0.3941,0.2053,0.1663,-0.3967,2880.0
Anomalia,0.0203,0.2003,0.6594,-0.401,0.2014,0.2693,-0.1728,2880.0
Anomalia,0.0468,0.1961,0.6594,-0.401,0.2016,0.1064,-0.2633,2880.0
Anomalia,0.0346,0.1676,0.4579,-0.401,0.1711,0.0503,-0.4349,2880.0
Anomalia,0.0332,0.1582,0.4579,-0.401,0.1616,-0.1007,-0.2163,3840.0
Anomalia,0.0434,0.1881,0.5676,-0.6062,0.193,-0.2229,0.3891,3840.0
Anomalia,0.0244,0.1941,0.5676,-0.6062,0.1956,-0.1672,0.3577,5040.0
Anomalia,0.0383,0.1969,0.5676,-0.6062,0.2006,-0.2055,0.338,5040.0
Anomalia,0.0365,0.1995,0.5676,-0.6062,0.2028,-0.1536,0.1774,5280.0
Anomalia,0.0333,0.1542,0.4304,-0.4381,0.1578,0.0686,0.0331,3360.0
Anomalia,0.0428,0.1369,0.3738,-0.2652,0.1435,0.2743,-0.6005,960.0
Anomalia,0.0288,0.1216,0.3194,-0.2652,0.1249,0.2317,-0.4145,960.0
Anomalia,0.0221,0.1085,0.3194,-0.2316,0.1107,0.3064,-0.2063,960.0
Anomalia,0.0322,0.102,0.3194,-0.2316,0.107,0.0455,-0.1224,4560.0
Anomalia,0.0241,0.0871,0.2178,-0.219,0.0904,-0.2989,-0.2546,1440.0
Anomalia,0.0317,0.0862,0.2332,-0.219,0.0919,-0.2884,-0.0592,2880.0
Anomalia,0.0318,0.1191,0.4383,-0.3282,0.1233,-0.2178,0.9381,480.0
Anomalia,0.0307,0.1944,0.7583,-0.5756,0.1968,0.216,2.3578,2640.0
Anomalia,0.0354,0.2618,0.7583,-0.7758,0.2642,-0.3023,0.7834,2880.0
Anomalia,0.0308,0.2828,0.7583,-0.7758,0.2845,-0.3024,0.1561,2880.0
Anomalia,0.0454,0.2951,0.7583,-0.7758,0.2986,-0.3039,-0.0275,2880.0
Anomalia,0.0409,0.2603,0.6215,-0.7758,0.2634,-0.4616,0.4708,2880.0
Anomalia,0.0375,0.2076,0.6215,-0.551,0.211,-0.072,0.3687,480.0
Anomalia,0.0451,0.1817,0.6215,-0.3966,0.1872,0.2352,0.3694,4080.0
Anomalia,0.0168,0.1561,0.4439,-0.3461,0.157,-0.0575,-0.3425,4080.0
Anomalia,0.0272,0.1609,0.4439,-0.3461,0.1632,-0.0712,-0.5681,2880.0
Anomalia,0.0235,0.1402,0.3357,-0.3377,0.1421,-0.1388,-0.4924,480.0
Anomalia,0.023,0.1413,0.3357,-0.3377,0.1431,-0.1554,-0.5631,960.0
Anomalia,0.0543,0.1695,0.6891,-0.2833,0.178,0.9464,1.9236,1680.0
Anomalia,0.0394,0.1816,0.6891,-0.4099,0.1858,0.8082,2.1333,960.0
Anomalia,0.0406,0.2235,0.6891,-0.6661,0.2272,0.0981,0.7956,3120.0
Anomalia,0.0418,0.2342,0.6891,-0.6661,0.2379,0.0069,0.4256,3120.0
Anomalia,0.0204,0.2072,0.509,-0.6661,0.2082,-0.3684,0.4032,3360.0
Anomalia,0.0265,0.1949,0.475,-0.6661,0.1967,-0.5268,0.6256,3360.0
Anomalia,0.0375,0.1537,0.3407,-0.4533,0.1583,-0.4388,0.0465,3360.0
Anomalia,0.0319,0.1367,0.3327,-0.3288,0.1404,-0.2748,-0.412,3360.0
Anomalia,0.0394,0.1421,0.3327,-0.4821,0.1475,-0.6461,0.5827,3360.0
Anomalia,0.0427,0.1359,0.3895,-0.4821,0.1425,-0.5487,0.7773,4320.0
Anomalia,0.0233,0.1337,0.3895,-0.4821,0.1357,-0.2187,0.5557,2640.0
Anomalia,0.0355,0.1286,0.3895,-0.4821,0.1334,-0.3749,1.0246,2640.0
Anomalia,0.0376,0.1155,0.3895,-0.2345,0.1214,0.0346,-0.1517,960.0
Anomalia,0.029,0.1106,0.2848,-0.2345,0.1143,-0.0226,-0.343,960.0
Anomalia,0.0456,0.1096,0.2848,-0.2359,0.1187,-0.3392,-0.0328,960.0
Anomalia,0.0269,0.1121,0.2553,-0.2975,0.1153,-0.3807,0.0334,960.0
Anomalia,0.0223,0.1106,0.2553,-0.2975,0.1128,-0.1663,-0.049,5280.0
Anomalia,0.0348,0.1118,0.309,-0.2975,0.1171,-0.1632,0.1229,5280.0
Anomalia,0.0277,0.1204,0.309,-0.305,0.1235,-0.0245,0.0086,4080.0
Anomalia,0.0384,0.1362,0.4179,-0.305,0.1415,-0.0151,-0.2847,960.0
Anomalia,0.0537,0.1576,0.5113,-0.305,0.1665,0.3163,-0.0272,960.0
Anomalia,0.0353,0.1763,0.5113,-0.5119,0.1798,-0.1091,0.3184,960.0
Anomalia,0.0453,0.1918,0.5113,-0.5119,0.1971,-0.0982,0.0561,1200.0
Anomalia,0.0369,0.1913,0.5113,-0.5119,0.1948,-0.0854,0.0528,960.0
Anomalia,0.0237,0.1796,0.4035,-0.5119,0.1811,-0.3929,-0.0205,960.0
Anomalia,0.0422,0.1696,0.4035,-0.3793,0.1748,-0.2675,-0.2831,960.0
Anomalia,0.0273,0.1519,0.3759,-0.3238,0.1544,-0.3786,-0.4818,960.0
Anomalia,0.035,0.1402,0.3759,-0.3133,0.1445,-0.2912,-0.1184,2880.0
Anomalia,0.0348,0.1331,0.3759,-0.3133,0.1376,-0.0485,0.1463,3840.0
Anomalia,0.0214,0.1305,0.3759,-0.3133,0.1323,0.1284,0.0099,4320.0
Anomalia,0.0319,0.1311,0.349,-0.3501,0.1349,-0.068,0.1247,4080.0
Anomalia,0.0287,0.2211,0.9667,-0.8893,0.223,-0.192,5.0591,5280.0
Anomalia,0.0431,0.3108,1.2905,-0.8893,0.3138,0.6542,2.8432,5280.0
Anomalia,0.0291,0.3772,1.2905,-1.055,0.3783,0.1467,1.0679,5280.0
Anomalia,0.0462,0.4094,1.2905,-1.055,0.412,0.067,0.1866,5280.0
Anomalia,0.0283,0.3843,1.2905,-1.055,0.3853,0.2253,0.3653,3360.0
Anomalia,0.0281,0.3327,0.8486,-1.055,0.3339,-0.3384,0.113,3360.0
Anomalia,0.047,0.2702,0.7667,-0.5505,0.2743,0.0285,-0.6425,3360.0
Anomalia,0.0281,0.2152,0.4832,-0.4295,0.2171,-0.0896,-0.7954,3360.0
Anomalia,0.0462,0.2102,0.5547,-0.4295,0.2152,0.0363,-0.5155,3360.0
Anomalia,0.0412,0.188,0.5547,-0.4291,0.1924,0.1685,-0.1003,3360.0
Anomalia,0.0309,0.1758,0.5547,-0.4675,0.1785,-0.0545,0.4828,2880.0
Anomalia,0.033,0.1875,0.5547,-0.4675,0.1904,-0.0467,0.0889,2880.0
Anomalia,0.0324,0.16,0.3932,-0.4675,0.1632,-0.3769,0.1955,960.0
Anomalia,0.0328,0.1602,0.3932,-0.4675,0.1635,-0.3631,0.198,2880.0
Anomalia,0.0409,0.1796,0.4266,-0.518,0.1842,-0.3702,0.1146,5280.0
Anomalia,0.026,0.1857,0.4266,-0.518,0.1875,-0.3408,0.0431,5280.0
Anomalia,0.0348,0.2011,0.5737,-0.518,0.2041,-0.1198,0.0394,5280.0
Anomalia,0.0218,0.2007,0.5737,-0.518,0.2019,-0.0381,0.0592,5280.0
Anomalia,0.0354,0.1703,0.5737,-0.489,0.174,-0.0379,0.619,5280.0
Anomalia,0.0463,0.1454,0.5737,-0.3482,0.1526,0.2672,1.1658,4080.0
Anomalia,0.0369,0.1193,0.3144,-0.3052,0.1249,-0.0782,-0.1895,1680.0
Anomalia,0.0437,0.1108,0.3027,-0.2366,0.1192,0.2046,-0.4194,4320.0
Anomalia,0.0262,0.1067,0.3027,-0.2366,0.1099,0.326,-0.0455,960.0
Anomalia,0.0354,0.1124,0.3167,-0.2149,0.1178,0.4391,-0.093,960.0
Anomalia,0.0367,0.1186,0.3167,-0.2149,0.1242,0.3267,-0.5081,960.0
Anomalia,0.0303,0.1225,0.3167,-0.3227,0.1261,0.0258,-0.279,1200.0
Anomalia,0.0566,0.1939,0.7201,-0.4552,0.202,0.9635,2.179,3120.0
Anomalia,0.0176,0.2392,0.7201,-0.5478,0.2399,0.4197,0.937,2880.0
Anomalia,0.0312,0.261,0.7201,-0.5478,0.2629,0.3674,0.1615,2880.0
Anomalia,0.0297,0.2732,0.7201,-0.5478,0.2748,0.4651,-0.0705,2880.0
Anomalia,0.0165,0.2335,0.6463,-0.5478,0.2341,0.1717,0.0055,2880.0
Anomalia,0.0569,0.2002,0.6463,-0.3826,0.2081,0.4574,-0.0187,2880.0
Anomalia,0.0514,0.2383,0.708,-0.6517,0.2438,0.0085,0.4737,5040.0
Anomalia,0.0353,0.2747,0.708,-0.925,0.2769,-0.6379,1.015,5040.0
Anomalia,0.0503,0.3199,0.708,-0.925,0.3238,-0.45,0.1517,5040.0
Anomalia,0.0161,0.324,0.708,-0.925,0.3244,-0.2741,-0.0715,3360.0
Anomalia,0.0189,0.2931,0.7076,-0.925,0.2937,-0.3424,0.5209,3360.0
Anomalia,0.0417,0.2667,0.7076,-0.7229,0.27,-0.0612,0.0454,3360.0
Anomalia,0.0248,0.2196,0.5405,-0.5245,0.221,-0.0482,-0.1576,3360.0
Anomalia,0.0494,0.2287,0.5405,-0.552,0.234,-0.1084,-0.4186,3120.0
Anomalia,0.0424,0.2151,0.5211,-0.552,0.2192,-0.174,-0.3289,3120.0
Anomalia,0.0307,0.2004,0.4982,-0.552,0.2027,-0.1206,-0.1609,5040.0
Anomalia,0.0341,0.1977,0.4694,-0.552,0.2006,-0.2408,-0.1402,2880.0
Anomalia,0.0337,0.1636,0.3974,-0.4713,0.167,-0.2117,0.0078,4080.0
Anomalia,0.029,0.1647,0.3974,-0.4713,0.1672,-0.424,0.1486,4080.0
Anomalia,0.0455,0.1587,0.4448,-0.3932,0.1651,-0.1968,0.0367,2640.0
Anomalia,0.0308,0.1423,0.4448,-0.3932,0.1456,-0.1662,0.2667,2640.0
Anomalia,0.032,0.1407,0.4448,-0.3932,0.1443,-0.0272,0.141,3360.0
Anomalia,0.0435,0.1295,0.4448,-0.2733,0.1366,0.2269,-0.0938,3360.0
Anomalia,0.0332,0.1111,0.301,-0.2182,0.1159,0.2311,-0.5852,3120.0
Anomalia,0.0564,0.1058,0.3062,-0.2182,0.1199,0.0761,-0.3814,5040.0
Anomalia,0.045,0.1045,0.3062,-0.3286,0.1138,-0.0915,0.4696,4560.0
Anomalia,0.0352,0.1049,0.3062,-0.3286,0.1107,-0.1356,0.3608,960.0
Anomalia,0.0399,0.107,0.3062,-0.3286,0.1142,-0.1279,0.2881,960.0
Anomalia,0.0185,0.1057,0.2326,-0.3286,0.1073,-0.1063,-0.1756,960.0
Anomalia,0.0356,0.1083,0.3035,-0.1717,0.114,0.0585,-0.8292,960.0
Anomalia,0.0355,0.1403,0.4483,-0.4239,0.1448,-0.0049,0.6145,960.0
Anomalia,0.0372,0.1866,0.5445,-0.5107,0.1902,-0.0871,0.2641,2640.0
Anomalia,0.0468,0.2029,0.5445,-0.5107,0.2082,-0.1423,-0.1398,3120.0
Anomalia,0.0231,0.2188,0.5445,-0.5107,0.22,-0.0722,-0.5209,3120.0
Anomalia,0.0399,0.2099,0.5445,-0.5107,0.2136,-0.2582,-0.4157,3120.0
Anomalia,0.0357,0.1768,0.4379,-0.436,0.1804,-0.2776,-0.3403,3120.0
Anomalia,0.0373,0.1672,0.3899,-0.436,0.1713,-0.2986,-0.4144,2880.0
Anomalia,0.0621,0.1661,0.5232,-0.2789,0.1773,0.4166,-0.0392,2880.0
Anomalia,0.035,0.1782,0.5232,-0.3423,0.1816,0.599,0.0346,2880.0
Anomalia,0.0435,0.1922,0.5493,-0.3423,0.197,0.5137,-0.1382,2880.0
Anomalia,0.035,0.1847,0.5493,-0.3423,0.188,0.5928,0.2537,2880.0
Anomalia,0.0215,0.1718,0.5493,-0.3423,0.1731,0.4489,0.1796,2880.0
Anomalia,0.047,0.2101,0.818,-0.5658,0.2152,0.5033,1.8696,3360.0
Anomalia,0.0411,0.2719,1.205,-0.5658,0.275,1.1191,2.8803,3360.0
Anomalia,0.0269,0.3217,1.205,-0.7896,0.3228,0.4299,1.2167,3360.0
Anomalia,0.055,0.353,1.205,-0.7896,0.3573,0.2975,0.219,3360.0
Anomalia,0.0154,0.3379,1.205,-0.7896,0.3382,0.4692,0.571,3360.0
Anomalia,0.0318,0.3025,0.735,-0.7896,0.3041,-0.1706,-0.2273,3360.0
Anomalia,0.0498,0.257,0.735,-0.4456,0.2618,0.2184,-0.3784,3360.0
Anomalia,0.0327,0.2184,0.4754,-0.4456,0.2208,-0.154,-0.6314,3360.0
Anomalia,0.0581,0.1982,0.4754,-0.441,0.2065,-0.0948,-0.5747,3360.0
Anomalia,0.045,0.1609,0.4496,-0.3455,0.1671,-0.1411,-0.2901,4080.0
Anomalia,0.0329,0.1602,0.4496,-0.3194,0.1636,0.1153,-0.5341,4080.0
Anomalia,0.0276,0.1494,0.3841,-0.3323,0.1519,-0.0513,-0.5072,2880.0
Anomalia,0.0353,0.14,0.3841,-0.3323,0.1444,-0.041,-0.3146,3120.0
Anomalia,0.0253,0.1501,0.3841,-0.3323,0.1522,0.0516,-0.693,2880.0
Anomalia,0.0588,0.1778,0.732,-0.3361,0.1873,0.3602,0.8512,5280.0
Anomalia,0.0368,0.1962,0.732,-0.3995,0.1996,0.3528,0.3182,5280.0
Anomalia,0.0327,0.2032,0.732,-0.3995,0.2059,0.3452,0.0504,5280.0
Anomalia,0.0443,0.2043,0.732,-0.3995,0.2091,0.3386,0.0735,3360.0
Anomalia,0.0149,0.1619,0.4391,-0.3995,0.1626,0.139,0.0424,3360.0
Anomalia,0.0459,0.133,0.4391,-0.3031,0.1407,0.353,0.1727,3360.0
Anomalia,0.0385,0.1244,0.4391,-0.2299,0.1302,0.5777,0.3643,3360.0
Anomalia,0.026,0.107,0.3177,-0.2299,0.1102,0.3263,-0.1782,3360.0
Anomalia,0.0466,0.115,0.4287,-0.2299,0.1241,0.3994,0.2155,3360.0
Anomalia,0.0287,0.117,0.4287,-0.2935,0.1204,0.224,0.6917,3360.0
Anomalia,0.0424,0.1137,0.4287,-0.2935,0.1214,0.27,0.8633,3360.0
Anomalia,0.0518,0.139,0.4287,-0.4083,0.1483,-0.3409,1.0871,5040.0
Anomalia,0.0364,0.1878,0.5278,-0.4266,0.1913,-0.1615,0.2254,5040.0
Anomalia,0.0523,0.2132,0.5397,-0.4266,0.2195,-0.1269,-0.3421,5040.0
Anomalia,0.0274,0.2365,0.5397,-0.4412,0.2381,0.0527,-0.7924,2880.0
Anomalia,0.028,0.2429,0.5397,-0.4446,0.2445,0.0242,-0.8802,2880.0
Anomalia,0.0374,0.2092,0.5397,-0.4446,0.2125,-0.1345,-0.5139,3120.0
Anomalia,0.0216,0.2096,0.6129,-0.4938,0.2107,-0.1409,-0.1547,960.0
Anomalia,0.0559,0.2536,0.9651,-0.5013,0.2597,0.2412,0.9613,4080.0
Anomalia,0.0393,0.2907,0.9651,-0.6292,0.2933,0.168,0.5118,5040.0
Anomalia,0.0362,0.3211,0.9651,-0.6292,0.3232,0.2309,-0.1583,5280.0
Anomalia,0.0458,0.3184,0.9651,-0.6292,0.3217,0.1739,-0.1982,3360.0
Anomalia,0.0203,0.2733,0.7383,-0.6292,0.2741,0.088,0.0244,3360.0
Anomalia,0.0387,0.2305,0.7099,-0.5201,0.2337,0.2159,-0.1643,3360.0
Anomalia,0.0345,0.1865,0.4844,-0.3922,0.1897,0.0574,-0.4946,3360.0
Anomalia,0.0254,0.1751,0.4158,-0.3826,0.177,0.1066,-0.4751,3360.0
Anomalia,0.0429,0.176,0.4444,-0.364,0.1812,0.1285,-0.4132,3120.0
Anomalia,0.0267,0.1696,0.4444,-0.364,0.1717,-0.0916,-0.1767,2880.0
Anomalia,0.0375,0.1691,0.4444,-0.364,0.1732,-0.101,-0.1742,2880.0
Anomalia,0.0527,0.1578,0.4444,-0.3557,0.1664,-0.2277,-0.0672,2880.0
Anomalia,0.0353,0.1638,0.6083,-0.4185,0.1675,-0.0101,0.673,2880.0
Anomalia,0.0549,0.1867,0.6083,-0.5226,0.1946,0.0791,1.0285,5040.0
Anomalia,0.0308,0.1998,0.6083,-0.5226,0.2021,0.1947,0.6111,960.0
Anomalia,0.0222,0.2187,0.6083,-0.5226,0.2198,0.2096,0.1765,3360.0
Anomalia,0.0281,0.2112,0.606,-0.5226,0.213,0.0533,0.0135,3360.0
Anomalia,0.0272,0.1789,0.469,-0.4416,0.181,-0.0767,-0.046,4080.0
Anomalia,0.0442,0.1666,0.469,-0.4416,0.1723,-0.0312,0.2755,4080.0
Anomalia,0.0493,0.1376,0.4446,-0.2806,0.1461,0.1411,-0.1578,1200.0
Anomalia,0.0489,0.1252,0.4446,-0.2679,0.1345,0.2797,-0.1193,960.0
Anomalia,0.0357,0.1279,0.4446,-0.2679,0.1328,0.2909,-0.022,960.0
Anomalia,0.0418,0.1318,0.3419,-0.2752,0.1383,-0.1187,-0.5449,960.0
Anomalia,0.0324,0.1278,0.3419,-0.2752,0.1319,0.0407,-0.6372,960.0
Anomalia,0.0332,0.1344,0.3843,-0.2752,0.1384,0.0916,-0.5569,960.0
Anomalia,0.039,0.1934,0.5541,-0.7176,0.1973,-0.3452,1.1795,2640.0
Anomalia,0.0216,0.2307,0.6039,-0.7178,0.2317,-0.3245,1.1384,3120.0
Anomalia,0.0272,0.256,0.6039,-0.7178,0.2574,-0.1932,0.2409,3120.0
Anomalia,0.0297,0.2651,0.6039,-0.7178,0.2668,-0.1323,-0.0183,3120.0
Anomalia,0.0338,0.2346,0.6039,-0.7178,0.2371,-0.0525,0.3465,2880.0
Anomalia,0.0476,0.2129,0.5622,-0.3924,0.2182,0.2699,-0.6153,2880.0
Anomalia,0.0501,0.2088,0.5345,-0.3859,0.2147,0.1152,-0.8286,4080.0
Anomalia,0.0332,0.2137,0.5345,-0.4441,0.2163,0.1502,-0.7227,2880.0
Anomalia,0.0398,0.2436,0.7266,-0.6067,0.2468,0.1367,-0.0849,2880.0
Anomalia,0.0253,0.2315,0.7266,-0.6067,0.2329,0.1928,0.2443,2880.0
Anomalia,0.035,0.2198,0.7266,-0.6067,0.2226,0.1793,0.6987,2880.0
Anomalia,0.047,0.2315,0.7266,-0.6067,0.2362,0.0723,0.8441,3360.0
Anomalia,0.0429,0.2348,0.6797,-0.6042,0.2387,0.1418,0.5348,3360.0
Anomalia,0.0438,0.2768,0.6797,-0.6961,0.2803,-0.08,0.1142,3360.0
Anomalia,0.0322,0.2754,0.6797,-0.6961,0.2773,0.0202,0.1769,3360.0
Anomalia,0.0336,0.2539,0.6626,-0.6961,0.2561,-0.024,0.5065,3360.0
Anomalia,0.0306,0.2298,0.6536,-0.6961,0.2318,-0.1294,0.6945,3360.0
Anomalia,0.0323,0.1867,0.5226,-0.4389,0.1894,0.2574,0.0019,3360.0
Anomalia,0.0406,0.181,0.5226,-0.4389,0.1855,0.0552,0.0272,3360.0
Anomalia,0.0363,0.1807,0.5226,-0.4389,0.1843,0.0542,0.0799,3360.0
Anomalia,0.035,0.1578,0.4875,-0.3734,0.1616,0.0631,0.1626,4080.0
Anomalia,0.0348,0.1448,0.3809,-0.3138,0.1489,-0.2699,-0.2739,2640.0
Anomalia,0.0277,0.131,0.3809,-0.3138,0.1339,-0.287,-0.0508,4320.0
Anomalia,0.0349,0.1159,0.3809,-0.2854,0.121,-0.3399,0.5119,2880.0
Anomalia,0.0379,0.1037,0.2629,-0.2854,0.1104,-0.7069,0.9187,2880.0
Anomalia,0.0463,0.0836,0.2591,-0.2176,0.0955,-0.1289,0.2446,2880.0
Anomalia,0.0466,0.0988,0.281,-0.2301,0.1092,0.0715,0.0134,4080.0
Anomalia,0.0414,0.0978,0.281,-0.2301,0.1062,0.1486,0.1199,720.0
Anomalia,0.0321,0.1032,0.281,-0.2301,0.108,0.0983,-0.2216,960.0
Anomalia,0.0419,0.1044,0.2985,-0.2301,0.1125,0.1103,-0.1769,960.0
Anomalia,0.0338,0.1063,0.2985,-0.2462,0.1116,-0.2144,-0.148,5040.0
Anomalia,0.0309,0.126,0.3732,-0.2462,0.1297,0.023,-0.4585,960.0
Anomalia,0.0451,0.1554,0.403,-0.3713,0.1618,-0.2396,-0.2907,5280.0
Anomalia,0.0195,0.1872,0.4275,-0.5564,0.1882,-0.3681,0.1476,2880.0
Anomalia,0.0385,0.1898,0.4275,-0.5564,0.1937,-0.4423,0.2373,2880.0
Anomalia,0.0346,0.1986,0.4275,-0.5564,0.2016,-0.439,-0.0654,2880.0
Anomalia,0.0291,0.1837,0.4275,-0.5564,0.186,-0.4418,0.3015,2880.0
Anomalia,0.0455,0.1556,0.3847,-0.3726,0.1621,-0.1392,-0.6483,960.0
Anomalia,0.027,0.1514,0.3457,-0.3726,0.1538,-0.1769,-0.5523,960.0
Anomalia,0.045,0.1261,0.2954,-0.3131,0.1339,-0.4033,-0.2912,960.0
Anomalia,0.0394,0.117,0.31,-0.3131,0.1234,-0.2225,-0.1744,960.0
Anomalia,0.0342,0.1123,0.31,-0.3131,0.1174,-0.2369,0.0712,5280.0
Anomalia,0.047,0.1657,0.7135,-0.4602,0.1722,0.7176,3.2511,1200.0
Anomalia,0.0457,0.244,1.051,-0.5261,0.2483,1.1454,2.7508,5280.0
Anomalia,0.0209,0.2862,1.051,-0.6336,0.287,0.6612,1.0188,5280.0
Anomalia,0.0427,0.3192,1.051,-0.6336,0.3221,0.4682,-0.0651,3360.0
Anomalia,0.0179,0.3072,1.051,-0.6336,0.3077,0.5587,0.2039,3360.0
Anomalia,0.0266,0.2646,0.6636,-0.6336,0.266,0.0728,-0.4346,3360.0
Anomalia,0.0548,0.2365,0.6636,-0.5046,0.2428,0.1196,-0.1759,3360.0
Anomalia,0.0294,0.2044,0.5263,-0.5046,0.2065,0.0693,-0.1047,3360.0
Anomalia,0.0504,0.1913,0.5263,-0.5046,0.1978,0.0143,0.1343,2640.0
Anomalia,0.0375,0.1825,0.4909,-0.5046,0.1863,-0.1145,-0.0125,3120.0
Anomalia,0.0234,0.1734,0.4909,-0.3759,0.175,0.117,-0.4874,4080.0
Anomalia,0.0397,0.171,0.3732,-0.3759,0.1756,-0.0941,-0.6698,2880.0
Anomalia,0.0385,0.1817,0.4095,-0.3759,0.1858,0.0025,-0.7116,3840.0
Anomalia,0.0292,0.2101,0.4095,-0.7491,0.2121,-0.3805,0.2017,3840.0
Anomalia,0.0642,0.229,0.5883,-0.7491,0.2379,-0.2492,0.2146,4080.0
Anomalia,0.0308,0.246,0.5883,-0.7491,0.2479,-0.0857,-0.1071,4080.0
Anomalia,0.036,0.2462,0.5883,-0.7491,0.2489,-0.088,-0.0998,3360.0
Anomalia,0.0448,0.23,0.5883,-0.5462,0.2343,0.1404,-0.379,3360.0
Anomalia,0.0119,0.1971,0.4898,-0.5462,0.1974,0.0976,-0.0614,3360.0
Anomalia,0.0468,0.1768,0.4773,-0.3546,0.1829,0.1459,-0.5051,3360.0
Anomalia,0.0306,0.1534,0.4773,-0.3546,0.1564,0.2021,-0.0226,3360.0
Anomalia,0.0219,0.1269,0.4204,-0.2616,0.1288,0.3981,-0.0219,960.0
Anomalia,0.0402,0.1277,0.4204,-0.2616,0.1339,0.3269,-0.2443,960.0
Anomalia,0.0185,0.1236,0.2652,-0.2989,0.125,-0.0522,-0.5155,1200.0
Anomalia,0.0504,0.1466,0.576,-0.2989,0.1551,0.4334,0.5219,4080.0
Anomalia,0.0424,0.1874,0.576,-0.6436,0.1922,-0.2535,0.7741,5040.0
Anomalia,0.027,0.2598,0.6728,-0.6436,0.2612,-0.1324,-0.0296,5040.0
Anomalia,0.0579,0.2838,0.6728,-0.6436,0.2897,-0.1856,-0.3849,3120.0
Anomalia,0.0163,0.3023,0.6728,-0.654,0.3027,-0.0598,-0.6791,3120.0
Anomalia,0.0417,0.2886,0.6728,-0.654,0.2916,-0.1771,-0.4991,2880.0
Anomalia,0.0447,0.2326,0.6286,-0.654,0.2369,-0.1222,-0.054,2880.0
Anomalia,0.0161,0.2085,0.4542,-0.654,0.2092,-0.3104,-0.0969,2880.0
Anomalia,0.0478,0.2292,0.7998,-0.5724,0.2342,0.2256,0.5493,5280.0
Anomalia,0.023,0.2534,0.7998,-0.5724,0.2545,0.2947,0.2555,5040.0
Anomalia,0.0321,0.2661,0.7998,-0.5724,0.268,0.2202,-0.0946,3360.0
Anomalia,0.0442,0.2669,0.7998,-0.5724,0.2705,0.1759,-0.121,3360.0
Anomalia,0.0212,0.2178,0.6592,-0.4763,0.2188,0.1324,0.0826,3360.0
Anomalia,0.0412,0.2059,0.5466,-0.4272,0.2099,0.1648,-0.2716,3360.0
Anomalia,0.0425,0.1931,0.5276,-0.4272,0.1977,0.1358,-0.2464,3120.0
Anomalia,0.0218,0.1947,0.5276,-0.4272,0.1959,0.0897,-0.2337,3120.0
Anomalia,0.0418,0.2124,0.5276,-0.4272,0.2165,0.0474,-0.5338,5280.0
Anomalia,0.0277,0.2128,0.4998,-0.4235,0.2146,0.038,-0.5829,5280.0
Anomalia,0.0229,0.1994,0.4998,-0.4235,0.2007,0.0198,-0.2405,5280.0
Anomalia,0.0501,0.1814,0.4998,-0.4235,0.1882,-0.0961,0.2032,2880.0
Anomalia,0.0309,0.1622,0.4673,-0.4235,0.1651,-0.0736,0.3322,2880.0
Anomalia,0.0499,0.1277,0.3152,-0.3747,0.1371,-0.1067,-0.1066,4080.0
Anomalia,0.0429,0.1306,0.3152,-0.3747,0.1375,-0.117,0.1728,960.0
Anomalia,0.0238,0.1331,0.3152,-0.3747,0.1352,0.049,-0.0374,3360.0
Anomalia,0.034,0.1163,0.3152,-0.3263,0.1211,0.085,0.1906,960.0
Anomalia,0.0303,0.1102,0.2996,-0.3263,0.1143,0.0702,0.5625,960.0
Anomalia,0.0295,0.1082,0.2996,-0.2351,0.1121,0.1674,-0.0968,960.0
Anomalia,0.0479,0.1038,0.2996,-0.2351,0.1144,-0.0029,-0.2606,4080.0
Anomalia,0.0353,0.1078,0.2996,-0.2351,0.1135,0.1203,-0.3977,480.0
Anomalia,0.0277,0.0996,0.2401,-0.2351,0.1034,-0.0252,-0.4321,3840.0
Anomalia,0.0373,0.0962,0.2516,-0.1853,0.1031,0.0933,-0.5578,480.0
Anomalia,0.0296,0.0855,0.2516,-0.1853,0.0905,0.0595,-0.2074,1200.0
Anomalia,0.0441,0.1139,0.4187,-0.3553,0.1221,-0.0352,1.4528,1200.0
Anomalia,0.0481,0.1555,0.4187,-0.4494,0.1627,-0.2828,0.4588,2880.0
Anomalia,0.0326,0.1834,0.4187,-0.5518,0.1862,-0.5233,0.345,3120.0
Anomalia,0.0435,0.2027,0.5224,-0.5518,0.2073,-0.3625,-0.0596,3120.0
Anomalia,0.0272,0.2037,0.5224,-0.5518,0.2055,-0.2743,-0.2364,2880.0
Anomalia,0.031,0.2025,0.5224,-0.5518,0.2049,-0.3972,0.0354,2880.0
Anomalia,0.035,0.2209,0.59,-0.5943,0.2237,-0.2584,0.0843,2880.0
Anomalia,0.0206,0.2497,0.614,-0.6029,0.2506,-0.1213,-0.2031,4080.0
Anomalia,0.0352,0.2495,0.614,-0.6029,0.2519,-0.2887,-0.0753,4080.0
Anomalia,0.0262,0.247,0.614,-0.6029,0.2484,-0.1081,-0.0938,3360.0
Anomalia,0.0401,0.2256,0.614,-0.6029,0.2292,-0.1634,-0.0678,3360.0
Anomalia,0.0353,0.188,0.5301,-0.4892,0.1913,-0.3984,0.0488,3360.0
Anomalia,0.0385,0.2336,0.8574,-0.7289,0.2368,-0.0657,1.605,3360.0
Anomalia,0.0503,0.3442,1.1282,-0.978,0.3478,0.359,1.4947,3360.0
Anomalia,0.0281,0.3884,1.1282,-1.0431,0.3894,0.1006,0.7106,3360.0
Anomalia,0.039,0.4137,1.1282,-1.0431,0.4155,0.0806,0.0231,3360.0
Anomalia,0.0247,0.395,1.1282,-1.0431,0.3958,0.1545,0.2554,3360.0
Anomalia,0.0199,0.3195,0.6578,-1.0431,0.3201,-0.2639,-0.0911,3360.0
Anomalia,0.0372,0.2594,0.649,-0.4886,0.262,0.2015,-0.7003,3360.0
Anomalia,0.0389,0.2168,0.6248,-0.4179,0.2203,0.0172,-0.4967,3360.0
Anomalia,0.0369,0.1962,0.6248,-0.4179,0.1996,0.2697,0.0528,3360.0
Anomalia,0.0397,0.1502,0.3365,-0.3521,0.1553,-0.054,-0.5553,3360.0
Anomalia,0.0314,0.1691,0.4293,-0.488,0.1719,0.0542,0.0488,4080.0
Anomalia,0.0226,0.1622,0.4293,-0.488,0.1638,0.2246,0.2778,4080.0
Anomalia,0.0439,0.159,0.4293,-0.488,0.165,-0.0622,0.4352,3840.0
Anomalia,0.0254,0.1708,0.4293,-0.488,0.1726,-0.0451,0.259,3840.0
Anomalia,0.0352,0.1663,0.5345,-0.4202,0.17,0.239,0.0394,5280.0
Anomalia,0.0373,0.1669,0.5345,-0.4202,0.171,0.1654,-0.0249,5280.0
Anomalia,0.0232,0.1814,0.5391,-0.4202,0.1828,0.5817,0.117,3360.0
Anomalia,0.0419,0.1703,0.5391,-0.2737,0.1754,0.5851,0.0144,3360.0
Anomalia,0.0444,0.1442,0.5391,-0.2737,0.1509,0.4121,0.4669,3360.0
Anomalia,0.0404,0.1424,0.5391,-0.3818,0.1481,0.2744,1.0504,3360.0
Anomalia,0.0455,0.143,0.3555,-0.3818,0.1501,-0.4959,0.1348,960.0
Anomalia,0.0247,0.1448,0.3555,-0.3818,0.1469,-0.4541,-0.0378,3120.0
Anomalia,0.016,0.1484,0.3555,-0.3818,0.1493,-0.3737,-0.2665,960.0
Anomalia,0.032,0.1509,0.3997,-0.3173,0.1542,-0.2119,-0.2727,3360.0
Anomalia,0.021,0.1484,0.3997,-0.3532,0.1499,-0.2727,-0.1465,4080.0
Anomalia,0.045,0.1574,0.4531,-0.3532,0.1638,-0.1628,-0.0537,5040.0
Anomalia,0.0396,0.1963,0.5453,-0.4861,0.2003,0.0175,-0.2049,4080.0
Anomalia,0.0303,0.1992,0.5453,-0.4861,0.2015,0.1675,-0.3114,5040.0
Anomalia,0.0407,0.1923,0.5453,-0.4861,0.1965,0.2289,-0.2381,4080.0
Anomalia,0.0249,0.1797,0.5453,-0.4861,0.1814,0.3896,0.1737,4080.0
Anomalia,0.0275,0.142,0.3749,-0.3023,0.1446,0.2071,-0.4093,2880.0
Anomalia,0.0263,0.1872,0.6713,-0.5117,0.1891,0.0784,1.2627,2880.0
Anomalia,0.0311,0.271,0.944,-0.8411,0.2728,0.2074,1.3176,5280.0
Anomalia,0.0382,0.3157,0.944,-0.8411,0.318,-0.0328,0.2121,5040.0
Anomalia,0.0419,0.3372,0.944,-0.8411,0.3398,-0.0472,-0.2221,5280.0
Anomalia,0.0417,0.3279,0.944,-0.8411,0.3305,-0.0518,-0.1479,3360.0
Anomalia,0.031,0.2685,0.6669,-0.834,0.2702,-0.1828,-0.067,3360.0
Anomalia,0.0331,0.2283,0.6669,-0.5956,0.2306,-0.0506,-0.3006,3360.0
Anomalia,0.033,0.2004,0.4435,-0.3864,0.2031,-0.0623,-0.8194,3360.0
Anomalia,0.031,0.1839,0.43,-0.3864,0.1865,-0.0073,-0.6793,5280.0
Anomalia,0.0304,0.189,0.43,-0.5353,0.1915,-0.2802,-0.0799,5280.0
Anomalia,0.0215,0.1895,0.4425,-0.5353,0.1907,-0.2391,-0.1323,5280.0
Anomalia,0.028,0.1891,0.4425,-0.5353,0.1912,-0.2195,-0.0627,960.0
Anomalia,0.0382,0.175,0.4425,-0.5353,0.1791,-0.5034,0.4334,2880.0
Anomalia,0.038,0.1763,0.4471,-0.364,0.1803,-0.1731,-0.308,2880.0
Anomalia,0.0508,0.1691,0.4471,-0.3538,0.1766,-0.1407,-0.34,480.0
Anomalia,0.0346,0.1573,0.4471,-0.3538,0.1611,-0.1062,-0.1669,720.0
Anomalia,0.0257,0.1593,0.4471,-0.3538,0.1614,0.0527,-0.1305,3360.0
Anomalia,0.0371,0.1367,0.3799,-0.2831,0.1416,0.2664,-0.3867,3360.0
Anomalia,0.027,0.1296,0.396,-0.2831,0.1323,0.3321,0.0503,3360.0
Anomalia,0.0506,0.1234,0.396,-0.2831,0.1333,0.1583,0.1916,3360.0
Anomalia,0.0373,0.1209,0.396,-0.2426,0.1266,0.1766,-0.0617,4080.0
Anomalia,0.0337,0.1147,0.396,-0.2426,0.1195,0.1965,0.2749,480.0
Anomalia,0.0344,0.1002,0.2733,-0.2099,0.106,-0.1015,-0.1511,960.0
Anomalia,0.0151,0.0975,0.2697,-0.2099,0.0987,0.0278,-0.234,960.0
Anomalia,0.0382,0.1048,0.3234,-0.2501,0.1116,0.2981,-0.0062,960.0
Anomalia,0.0308,0.163,0.6874,-0.5437,0.1659,0.101,2.122,5280.0
Anomalia,0.016,0.253,0.7212,-0.8201,0.2535,-0.2003,1.12,5040.0
Anomalia,0.0387,0.287,0.7212,-0.8201,0.2896,-0.2564,0.0369,3120.0
Anomalia,0.0151,0.3164,0.7212,-0.8201,0.3167,-0.1645,-0.3314,3120.0
Anomalia,0.0438,0.3209,0.7212,-0.8201,0.3239,-0.2286,-0.3156,2880.0
Anomalia,0.0511,0.2747,0.6974,-0.736,0.2795,-0.2002,-0.1375,2880.0
Anomalia,0.035,0.262,0.6974,-0.736,0.2643,-0.1724,0.1217,2880.0
Anomalia,0.0501,0.2302,0.6974,-0.5144,0.2356,0.0195,-0.1298,2880.0
Anomalia,0.013,0.209,0.4565,-0.5144,0.2094,-0.2353,-0.5421,2880.0
Anomalia,0.0342,0.1945,0.4565,-0.4817,0.1975,-0.3151,-0.3413,4080.0
Anomalia,0.0283,0.1621,0.402,-0.3809,0.1645,-0.2213,-0.162,3120.0
Anomalia,0.018,0.1594,0.3807,-0.383,0.1604,-0.3726,0.018,3360.0
Anomalia,0.041,0.169,0.5263,-0.5376,0.1739,-0.4608,1.4043,3360.0
Anomalia,0.0294,0.1928,0.5349,-0.5376,0.195,-0.1248,0.8802,1920.0
Anomalia,0.0437,0.2435,0.5349,-0.7696,0.2474,-0.7495,0.6666,4320.0
Anomalia,0.0508,0.244,0.5349,-0.7696,0.2492,-0.7374,0.6644,4320.0
Anomalia,0.0303,0.2369,0.5349,-0.7696,0.2388,-0.5769,0.3159,3360.0
Anomalia,0.0239,0.2156,0.4179,-0.7696,0.2169,-0.7169,0.8475,3360.0
Anomalia,0.0235,0.165,0.4008,-0.2944,0.1667,0.0865,-0.7974,3360.0
Anomalia,0.0163,0.1669,0.359,-0.5005,0.1677,-0.209,-0.3849,1200.0
Anomalia,0.0425,0.1498,0.3334,-0.5005,0.1557,-0.4132,0.3693,960.0
Anomalia,0.0365,0.1427,0.325,-0.5005,0.1472,-0.3505,0.4795,960.0
Anomalia,0.0346,0.1463,0.325,-0.5005,0.1503,-0.6163,0.6875,2880.0
Anomalia,0.0425,0.1273,0.325,-0.3711,0.1342,-0.3501,-0.0383,960.0
Anomalia,0.0281,0.1209,0.2795,-0.3711,0.1241,-0.4116,-0.1119,2880.0
Anomalia,0.032,0.1139,0.2182,-0.3711,0.1183,-0.6678,0.3801,1200.0
Anomalia,0.0288,0.1238,0.3236,-0.2259,0.1271,0.1151,-0.3376,960.0
Anomalia,0.0217,0.129,0.3236,-0.2485,0.1308,0.2278,-0.2953,960.0
Anomalia,0.0222,0.1286,0.3236,-0.2485,0.1305,0.1141,-0.1671,960.0
Anomalia,0.0357,0.1379,0.3236,-0.2553,0.1424,0.017,-0.3741,960.0
Anomalia,0.0297,0.1265,0.3286,-0.2553,0.1299,0.0114,-0.408,960.0
Anomalia,0.0447,0.1395,0.4277,-0.2553,0.1465,0.1327,-0.3049,960.0
Anomalia,0.0399,0.1728,0.5063,-0.3982,0.1774,0.0892,-0.2069,960.0
Anomalia,0.0287,0.1847,0.5063,-0.3982,0.1869,0.2218,-0.4787,3360.0
Anomalia,0.0411,0.1819,0.5063,-0.3982,0.1865,0.0308,-0.3795,3360.0
Anomalia,0.0243,0.1846,0.5063,-0.3982,0.1861,0.2075,-0.2074,3360.0
Anomalia,0.0354,0.1618,0.4619,-0.3726,0.1657,0.1458,-0.3269,3360.0
Anomalia,0.0332,0.1427,0.4619,-0.3726,0.1466,0.1725,0.145,4080.0
Anomalia,0.0208,0.1548,0.4619,-0.3726,0.1562,0.4537,0.1615,4080.0
Anomalia,0.0374,0.1316,0.4471,-0.2837,0.1368,0.1576,-0.0128,1920.0
Anomalia,0.0193,0.1191,0.4471,-0.2837,0.1207,0.4525,0.9297,960.0
Anomalia,0.0328,0.1145,0.4471,-0.2837,0.1191,0.358,1.1635,1920.0
Anomalia,0.0253,0.1115,0.3509,-0.2689,0.1143,-0.0712,0.1501,480.0
Anomalia,0.0145,0.1574,0.737,-0.3655,0.158,1.1279,3.7848,2880.0
Anomalia,0.0365,0.2284,0.737,-0.8121,0.2313,0.0678,1.9731,1920.0
Anomalia,0.03,0.2558,0.737,-0.8121,0.2575,0.1276,0.5672,1920.0
Anomalia,0.0387,0.284,0.737,-0.8121,0.2866,0.0554,-0.1568,3360.0
Anomalia,0.0505,0.2747,0.624,-0.8121,0.2793,-0.1795,-0.1729,3360.0
Anomalia,0.0294,0.2292,0.5827,-0.4466,0.2311,0.1863,-0.6058,3360.0
Anomalia,0.0384,0.2153,0.5827,-0.456,0.2187,-0.0465,-0.2749,3360.0
Anomalia,0.0355,0.1831,0.4373,-0.456,0.1865,-0.1644,-0.287,3360.0
Anomalia,0.0252,0.172,0.4149,-0.456,0.1738,-0.3091,-0.2543,3120.0
Anomalia,0.0355,0.1634,0.4149,-0.456,0.1672,-0.5028,0.2456,2640.0
Anomalia,0.0162,0.1594,0.4149,-0.363,0.1602,-0.1343,-0.4193,2640.0
Anomalia,0.0301,0.1537,0.3044,-0.2854,0.1566,-0.2806,-0.7417,3120.0
Anomalia,0.037,0.1511,0.3044,-0.2946,0.1556,-0.3482,-0.6541,3120.0
Anomalia,0.0299,0.1793,0.4619,-0.4091,0.1817,-0.2009,-0.7359,4080.0
Anomalia,0.0397,0.1983,0.4917,-0.4521,0.2023,-0.181,-0.5224,4080.0
Anomalia,0.0292,0.1939,0.4917,-0.4521,0.1961,-0.051,-0.4138,3360.0
Anomalia,0.0123,0.2025,0.4917,-0.4521,0.2029,0.1336,-0.6154,3360.0
Anomalia,0.0386,0.1822,0.4917,-0.4521,0.1863,-0.0806,-0.3257,3360.0
Anomalia,0.0306,0.162,0.3987,-0.3453,0.1648,0.0865,-0.7163,3360.0
Anomalia,0.0394,0.1515,0.3987,-0.3453,0.1565,-0.0293,-0.3646,4080.0
Anomalia,0.053,0.1272,0.3987,-0.2608,0.1378,0.1007,0.1494,4080.0
Anomalia,0.0256,0.1197,0.3987,-0.2608,0.1224,0.2568,0.6445,4080.0
Anomalia,0.0339,0.0902,0.2649,-0.2201,0.0964,0.0852,0.3013,960.0
Anomalia,0.0355,0.1014,0.3386,-0.2201,0.1074,0.4952,0.4074,960.0
Anomalia,0.0191,0.1087,0.3386,-0.2343,0.1104,0.3814,0.3069,960.0
Anomalia,0.0442,0.1518,0.5583,-0.435,0.1581,0.4878,1.2131,960.0
Anomalia,0.016,0.2071,0.5583,-0.529,0.2077,-0.0638,0.3026,480.0
Anomalia,0.0285,0.2324,0.5583,-0.529,0.2341,-0.1958,-0.3077,3120.0
Anomalia,0.0389,0.2558,0.5583,-0.529,0.2588,-0.2863,-0.6806,2880.0
Anomalia,0.0183,0.2475,0.5165,-0.529,0.2481,-0.1939,-0.7051,2880.0
Anomalia,0.0507,0.2175,0.5165,-0.5009,0.2234,-0.2635,-0.416,2880.0
Anomalia,0.0295,0.2319,0.6177,-0.5708,0.2338,-0.0211,-0.2228,2880.0
Anomalia,0.0243,0.2552,0.6281,-0.9173,0.2564,-0.4425,1.1536,5040.0
Anomalia,0.0531,0.2784,0.6281,-0.9173,0.2835,-0.5575,0.5406,5040.0
Anomalia,0.0281,0.2915,0.6281,-0.9173,0.2929,-0.3877,-0.0314,3360.0
Anomalia,0.0321,0.2665,0.6281,-0.9173,0.2684,-0.5464,0.5469,3360.0
Anomalia,0.0357,0.2358,0.5001,-0.5201,0.2385,-0.1428,-0.7821,3360.0
Anomalia,0.0078,0.2058,0.4512,-0.4635,0.206,-0.0504,-0.7552,3360.0
Anomalia,0.037,0.2075,0.4711,-0.5445,0.2108,-0.0367,-0.4811,3120.0
Anomalia,0.0424,0.2106,0.4711,-0.5445,0.2148,-0.1075,-0.5478,3120.0
Anomalia,0.0365,0.197,0.4711,-0.5445,0.2004,-0.1443,-0.0265,5280.0
Anomalia,0.0482,0.1848,0.4711,-0.5445,0.191,-0.2613,0.1926,5280.0
Anomalia,0.0261,0.1497,0.3663,-0.3949,0.1519,-0.1477,-0.141,480.0
Anomalia,0.0231,0.1274,0.3161,-0.3949,0.1295,-0.2308,0.1204,480.0
Anomalia,0.0328,0.1329,0.369,-0.392,0.1369,-0.2186,-0.0772,4080.0
Anomalia,0.0257,0.1349,0.369,-0.392,0.1373,-0.1053,-0.0115,960.0
Anomalia,0.0316,0.1348,0.369,-0.392,0.1384,-0.1764,-0.002,960.0
Anomalia,0.0354,0.1456,0.369,-0.392,0.1499,0.0658,-0.325,960.0
Anomalia,0.0318,0.1297,0.358,-0.237,0.1335,0.3422,-0.4283,960.0
Anomalia,0.039,0.1171,0.3453,-0.237,0.1234,0.3034,-0.3216,1200.0
Anomalia,0.0479,0.1134,0.3453,-0.237,0.1231,0.3632,-0.1071,960.0
Anomalia,0.0322,0.1032,0.2919,-0.237,0.1081,0.0285,-0.1502,960.0
Anomalia,0.0426,0.1094,0.2919,-0.2341,0.1174,-0.0738,-0.5455,4080.0
Anomalia,0.025,0.1131,0.2919,-0.2341,0.1159,0.0759,-0.6603,4080.0
Anomalia,0.0243,0.1084,0.2399,-0.2341,0.1111,-0.0846,-0.6604,960.0
Anomalia,0.0408,0.1226,0.3884,-0.2341,0.1292,0.0376,-0.4544,960.0
Anomalia,0.0255,0.1525,0.5188,-0.4667,0.1546,0.1677,1.0815,960.0
Anomalia,0.0409,0.2065,0.5345,-0.5126,0.2105,-0.0781,0.1395,4080.0
Anomalia,0.0329,0.2309,0.5345,-0.5126,0.2333,-0.0399,-0.5651,2880.0
Anomalia,0.0256,0.2377,0.5345,-0.5126,0.2391,0.063,-0.6836,2880.0
Anomalia,0.0363,0.2213,0.5345,-0.5126,0.2242,-0.0549,-0.5497,2880.0
Anomalia,0.0288,0.1749,0.4702,-0.4072,0.1773,0.0122,-0.4062,4080.0
Anomalia,0.0376,0.1457,0.4702,-0.2697,0.1505,0.0974,-0.2448,4080.0
Anomalia,0.0384,0.1286,0.3738,-0.2691,0.1342,0.1195,-0.3918,1920.0
Anomalia,0.034,0.1244,0.3738,-0.2691,0.1289,0.0431,-0.2802,1920.0
Anomalia,0.0392,0.1187,0.3738,-0.2587,0.125,0.1184,-0.2719,1920.0
Anomalia,0.0348,0.1135,0.3738,-0.2587,0.1188,0.1965,0.0907,4080.0
Anomalia,0.0214,0.1382,0.3342,-0.4195,0.1399,-0.4032,0.2857,3120.0
Anomalia,0.0244,0.2593,1.0518,-1.0032,0.2604,0.0389,3.8832,5040.0
Anomalia,0.0196,0.3548,1.0518,-1.0754,0.3554,0.0146,1.1141,5280.0
Anomalia,0.0384,0.3875,1.0518,-1.0754,0.3894,-0.0552,0.1561,5280.0
Anomalia,0.0397,0.3916,1.0518,-1.0754,0.3936,-0.0259,0.0751,3360.0
Anomalia,0.038,0.3395,0.9296,-1.0754,0.3416,-0.0531,0.3193,3360.0
Anomalia,0.0449,0.2559,0.7283,-0.5549,0.2598,0.0089,-0.4421,3360.0
Anomalia,0.0237,0.2134,0.6363,-0.489,0.2147,-0.0519,-0.3592,3360.0
Anomalia,0.0332,0.1986,0.4126,-0.489,0.2014,-0.4007,-0.3333,3360.0
Anomalia,0.0401,0.1753,0.4126,-0.489,0.1799,-0.3298,-0.1809,3360.0
Anomalia,0.0221,0.158,0.3972,-0.4202,0.1595,-0.2708,-0.2348,3360.0
Anomalia,0.0374,0.1558,0.3972,-0.4202,0.1603,-0.2105,-0.085,3360.0
Anomalia,0.0293,0.1458,0.3826,-0.3369,0.1487,-0.2068,-0.2931,2880.0
Anomalia,0.0336,0.1463,0.3826,-0.3369,0.1501,-0.2479,-0.2414,480.0
Anomalia,0.0399,0.1757,0.4656,-0.6173,0.1802,-0.4976,1.0105,2880.0
Anomalia,0.0321,0.1929,0.4656,-0.6173,0.1956,-0.467,0.5267,5280.0
Anomalia,0.0291,0.2091,0.4656,-0.6173,0.2111,-0.2522,-0.104,3360.0
Anomalia,0.0267,0.2095,0.4656,-0.6173,0.2112,-0.2088,-0.1161,3360.0
Anomalia,0.0277,0.1858,0.4642,-0.513,0.1879,0.0314,-0.4332,3360.0
Anomalia,0.0246,0.1646,0.4642,-0.3127,0.1664,0.2293,-0.5061,3360.0
Anomalia,0.0422,0.139,0.3674,-0.2547,0.1453,0.0981,-0.6842,4080.0
Anomalia,0.0241,0.1285,0.3386,-0.2547,0.1307,0.1094,-0.5228,4080.0
Anomalia,0.0353,0.1103,0.2889,-0.2374,0.1158,-0.1038,-0.4792,1200.0
Anomalia,0.0314,0.1119,0.2704,-0.2266,0.1162,-0.1941,-0.8431,960.0
Anomalia,0.0236,0.1066,0.2474,-0.2266,0.1092,-0.1975,-0.6688,480.0
Anomalia,0.0471,0.12,0.4489,-0.2082,0.1289,0.1094,0.1479,4080.0
Anomalia,0.0382,0.191,0.7268,-0.5653,0.1947,0.0201,1.5775,5040.0
Anomalia,0.0365,0.2091,0.7268,-0.5653,0.2123,0.0787,0.6703,5040.0
Anomalia,0.0457,0.2202,0.7268,-0.5653,0.2249,-0.0029,0.158,5280.0
Anomalia,0.0159,0.2434,0.7268,-0.5653,0.2439,0.0553,-0.2784,3360.0
Anomalia,0.0288,0.1992,0.485,-0.5307,0.2013,-0.1555,-0.225,2880.0
Anomalia,0.0318,0.2087,0.7035,-0.5307,0.2111,0.0942,0.2253,2880.0
Anomalia,0.0134,0.2583,0.867,-0.611,0.2587,0.2382,0.5232,2880.0
Anomalia,0.0401,0.3108,0.867,-1.0014,0.3134,0.0074,0.7547,5280.0
Anomalia,0.0343,0.3602,0.867,-1.0014,0.3618,-0.0333,-0.253,5280.0
Anomalia,0.0299,0.3662,0.867,-1.0014,0.3674,-0.0985,-0.4268,3360.0
Anomalia,0.0406,0.3327,0.8025,-1.0014,0.3352,-0.2447,0.0395,3360.0
Anomalia,0.0209,0.2809,0.6592,-0.7518,0.2817,-0.1807,-0.3267,3360.0
Anomalia,0.0208,0.221,0.5188,-0.5011,0.2219,-0.1642,-0.5738,3360.0
Anomalia,0.0306,0.2151,0.5188,-0.5397,0.2172,-0.2145,-0.4405,3360.0
Anomalia,0.0283,0.2084,0.5188,-0.5397,0.2103,-0.1917,-0.3043,2880.0
Anomalia,0.0379,0.1967,0.4775,-0.5397,0.2003,-0.2469,-0.1529,2880.0
Anomalia,0.0332,0.1962,0.4775,-0.5397,0.199,-0.2847,-0.176,2880.0
Anomalia,0.0308,0.1606,0.4535,-0.4208,0.1635,-0.1422,-0.235,3120.0
Anomalia,0.0371,0.1544,0.4535,-0.4208,0.1588,-0.1662,-0.0098,2880.0
Anomalia,0.0299,0.1593,0.548,-0.3467,0.1621,0.0245,-0.177,4080.0
Anomalia,0.0287,0.1612,0.548,-0.3467,0.1638,0.1613,0.2122,4080.0
Anomalia,0.0301,0.1629,0.548,-0.3467,0.1656,0.0301,0.257,4080.0
Anomalia,0.0233,0.1658,0.548,-0.3467,0.1675,0.1249,0.1177,4080.0
Anomalia,0.0326,0.1418,0.48,-0.3259,0.1455,0.2039,0.2627,3120.0
Anomalia,0.0367,0.1276,0.3797,-0.3221,0.1327,0.1964,-0.2505,3360.0
Anomalia,0.0284,0.123,0.3797,-0.2222,0.1262,0.5064,-0.4003,3360.0
Anomalia,0.0351,0.1327,0.3797,-0.3989,0.1373,0.0847,0.3003,3360.0
Anomalia,0.0284,0.1312,0.3407,-0.3989,0.1342,-0.006,0.0817,960.0
Anomalia,0.0306,0.1281,0.3407,-0.3989,0.1317,0.0178,0.3988,4080.0
Anomalia,0.0396,0.1237,0.3407,-0.3989,0.1299,-0.0204,0.7264,960.0
Anomalia,0.0327,0.121,0.3705,-0.2531,0.1254,0.4597,-0.0305,960.0
Anomalia,0.058,0.2047,0.8595,-0.3964,0.2128,0.9643,2.4156,4080.0
Anomalia,0.0219,0.2663,0.8595,-0.674,0.2672,0.2108,0.7503,4080.0
Anomalia,0.0328,0.2823,0.8595,-0.674,0.2842,0.1436,0.1115,2880.0
Anomalia,0.0291,0.286,0.8595,-0.674,0.2875,0.1696,0.0114,2880.0
Anomalia,0.0067,0.2418,0.5693,-0.674,0.2419,-0.1977,0.005,2880.0
Anomalia,0.0468,0.1894,0.4621,-0.3342,0.1951,0.1673,-0.7279,4080.0
Anomalia,0.0227,0.1693,0.4508,-0.3342,0.1708,0.2586,-0.4044,4080.0
Anomalia,0.0252,0.1633,0.4068,-0.3342,0.1653,0.1911,-0.4555,4080.0
Anomalia,0.0386,0.1609,0.3953,-0.3254,0.1655,0.1779,-0.5959,2880.0
Anomalia,0.0169,0.1515,0.3953,-0.3254,0.1524,0.3258,-0.4743,960.0
Anomalia,0.041,0.1512,0.3953,-0.3254,0.1566,0.1293,-0.6019,480.0
Anomalia,0.0483,0.1689,0.6131,-0.2599,0.1757,0.6412,0.6116,480.0
Anomalia,0.0266,0.1887,0.6131,-0.5631,0.1905,0.3961,1.3755,1680.0
Anomalia,0.041,0.2146,0.6131,-0.6402,0.2184,-0.0461,0.9351,1920.0
Anomalia,0.036,0.2303,0.6131,-0.6402,0.2331,-0.0899,0.4312,1920.0
Anomalia,0.0122,0.2162,0.5568,-0.6402,0.2165,-0.2164,0.3986,3360.0
Anomalia,0.0407,0.2017,0.5499,-0.6402,0.2057,-0.4218,0.4168,3360.0
Anomalia,0.0218,0.1727,0.4431,-0.4932,0.1741,-0.103,0.02,3360.0
Anomalia,0.0287,0.1502,0.4272,-0.314,0.1529,-0.0069,-0.263,3360.0
Anomalia,0.0459,0.1573,0.4272,-0.3557,0.1639,-0.0563,-0.3124,2640.0
Anomalia,0.0266,0.1458,0.4074,-0.3557,0.1483,-0.0761,-0.3934,4080.0
Anomalia,0.04,0.1357,0.4074,-0.3557,0.1414,-0.089,-0.1153,2640.0
Anomalia,0.0316,0.133,0.4074,-0.3557,0.1367,-0.0612,0.014,2640.0
Anomalia,0.0262,0.1086,0.2877,-0.2549,0.1117,-0.1675,-0.3195,3840.0
Anomalia,0.0335,0.1011,0.2553,-0.2159,0.1065,-0.3217,-0.5878,3840.0
Anomalia,0.0388,0.1067,0.2553,-0.2159,0.1135,-0.3068,-0.6132,4080.0
Anomalia,0.0228,0.1107,0.233,-0.2159,0.113,-0.073,-0.9063,4080.0
Anomalia,0.0401,0.1225,0.4258,-0.1813,0.1289,0.5283,0.2114,960.0
Anomalia,0.0316,0.1181,0.4258,-0.1813,0.1223,0.714,0.7618,480.0
Anomalia,0.0348,0.1211,0.4258,-0.1813,0.126,0.9159,1.1563,720.0
Anomalia,0.0467,0.1334,0.5017,-0.2556,0.1413,0.8909,1.3056,1440.0
Anomalia,0.0262,0.1487,0.5017,-0.3901,0.151,0.0795,0.9044,4080.0
Anomalia,0.0392,0.1845,0.5994,-0.3901,0.1886,0.3221,0.3996,4560.0
Anomalia,0.0226,0.1985,0.5994,-0.3901,0.1997,0.284,-0.1012,3360.0
Anomalia,0.0221,0.1913,0.5994,-0.3901,0.1925,0.1579,-0.0551,3360.0
Anomalia,0.03,0.1935,0.5994,-0.3574,0.1958,0.4036,0.1361,3360.0
Anomalia,0.02,0.1765,0.5543,-0.3574,0.1776,0.2949,-0.0756,4560.0
Anomalia,0.0501,0.2016,0.6717,-0.3574,0.2077,0.5651,0.2518,4560.0
Anomalia,0.0339,0.2189,0.6717,-0.3574,0.2215,0.598,-0.1932,4560.0
Anomalia,0.0453,0.217,0.6717,-0.343,0.2217,0.5091,-0.3133,5040.0
Anomalia,0.0341,0.2066,0.6717,-0.343,0.2094,0.6596,0.1683,3360.0
Anomalia,0.0216,0.1641,0.5472,-0.343,0.1655,0.4313,0.1605,3360.0
Anomalia,0.038,0.1895,0.6659,-0.6067,0.1933,0.3477,1.4566,3360.0
Anomalia,0.0288,0.2321,0.8461,-0.6067,0.2339,0.5888,1.4281,3120.0
Anomalia,0.0306,0.2857,0.8461,-0.6891,0.2873,0.1033,0.2789,3360.0
Anomalia,0.0456,0.3278,0.8461,-0.761,0.331,-0.0869,-0.3945,3360.0
Anomalia,0.0199,0.3152,0.8461,-0.761,0.3158,-0.0049,-0.2593,3360.0
Anomalia,0.0289,0.2817,0.5904,-0.761,0.2831,-0.3542,0.0926,3360.0
Anomalia,0.0381,0.241,0.58,-0.761,0.244,-0.2875,0.4172,3360.0
Anomalia,0.0131,0.1806,0.5036,-0.5115,0.1811,-0.1767,-0.0415,3360.0
Anomalia,0.0411,0.1728,0.5036,-0.3227,0.1776,0.0623,-0.4706,3360.0
Anomalia,0.0324,0.1704,0.5036,-0.3183,0.1734,0.0922,-0.4972,3360.0
Anomalia,0.0202,0.1682,0.3709,-0.304,0.1694,0.0316,-0.8668,2880.0
Anomalia,0.036,0.1765,0.421,-0.304,0.1801,0.017,-0.9064,2880.0
Anomalia,0.0259,0.1673,0.421,-0.304,0.1693,0.0507,-0.8618,3120.0
Anomalia,0.0307,0.1549,0.421,-0.3008,0.1579,0.0425,-0.563,2880.0
Anomalia,0.0464,0.1655,0.5257,-0.3373,0.1719,0.1077,-0.3217,5280.0
Anomalia,0.0254,0.1764,0.5257,-0.3978,0.1782,-0.0859,-0.3125,960.0
Anomalia,0.0409,0.1792,0.5257,-0.3978,0.1838,-0.1543,-0.3116,5280.0
Anomalia,0.0318,0.1915,0.5257,-0.3978,0.1941,0.0347,-0.5891,3360.0
Anomalia,0.0262,0.1611,0.4496,-0.3978,0.1633,-0.0427,-0.0929,3360.0
Anomalia,0.0359,0.1383,0.4496,-0.3067,0.1429,0.3305,-0.1601,960.0
Anomalia,0.023,0.1364,0.4496,-0.3067,0.1384,0.214,-0.0491,480.0
Anomalia,0.0193,0.119,0.2702,-0.2679,0.1206,-0.0832,-0.6474,960.0
Anomalia,0.0309,0.1204,0.2885,-0.2679,0.1243,-0.1709,-0.4928,960.0
Anomalia,0.0237,0.1175,0.2885,-0.2679,0.1198,-0.184,-0.3803,960.0
Anomalia,0.0347,0.1047,0.3167,-0.2551,0.1103,0.0358,0.0392,960.0
Anomalia,0.0417,0.1229,0.3749,-0.2551,0.1298,0.2488,0.1899,960.0
Anomalia,0.0347,0.1936,0.7335,-0.4026,0.1966,0.8244,1.9141,4320.0
Anomalia,0.0402,0.2557,0.7335,-0.6534,0.2589,0.1858,0.4145,2880.0
Anomalia,0.0319,0.2782,0.7335,-0.6534,0.28,0.1632,-0.2142,2880.0
Anomalia,0.0266,0.2982,0.7335,-0.6534,0.2994,0.1369,-0.5923,2880.0
Anomalia,0.0338,0.2638,0.6717,-0.6534,0.2659,-0.1903,-0.3214,2880.0
Anomalia,0.0246,0.2082,0.5649,-0.4909,0.2096,-0.1179,-0.1807,2880.0
Anomalia,0.0407,0.2321,0.6215,-0.4775,0.2357,0.0432,-0.2742,5040.0
Anomalia,0.028,0.2392,0.6215,-0.5501,0.2408,-0.0347,-0.1098,5040.0
Anomalia,0.0273,0.2574,0.6215,-0.5501,0.2588,-0.0323,-0.4611,5040.0
Anomalia,0.0258,0.26,0.6215,-0.5501,0.2613,0.0052,-0.5347,5040.0
Anomalia,0.0181,0.2246,0.5386,-0.5501,0.2254,-0.0319,-0.1137,3360.0
Anomalia,0.0368,0.2128,0.5645,-0.5071,0.2159,0.0253,-0.1555,3360.0
Anomalia,0.0372,0.1932,0.5645,-0.5071,0.1967,0.1842,0.2093,3360.0
Anomalia,0.043,0.2223,0.5645,-0.6417,0.2265,-0.1619,0.1079,5280.0
Anomalia,0.0405,0.2212,0.5645,-0.6417,0.2248,-0.3604,0.2238,5040.0
Anomalia,0.03,0.1949,0.4815,-0.6417,0.1972,-0.3906,0.6237,5280.0
Anomalia,0.0231,0.1871,0.4815,-0.6417,0.1886,-0.5204,0.791,5280.0
Anomalia,0.0353,0.1439,0.3367,-0.4884,0.1482,-0.5461,0.5615,1680.0
Anomalia,0.024,0.1302,0.3014,-0.4264,0.1324,-0.5677,0.3426,3360.0
Anomalia,0.042,0.1463,0.4529,-0.4264,0.1522,-0.1986,0.6061,2880.0
Anomalia,0.0344,0.1497,0.4529,-0.4264,0.1536,-0.1114,0.3664,960.0
Anomalia,0.0216,0.1432,0.4529,-0.4264,0.1448,-0.022,0.7098,2640.0
Anomalia,0.0295,0.1372,0.4529,-0.3599,0.1404,0.1674,0.5276,2640.0
Anomalia,0.0246,0.103,0.2864,-0.2518,0.1059,0.0748,-0.0258,3120.0
Anomalia,0.0296,0.0969,0.2864,-0.2082,0.1013,0.2508,-0.045,4080.0
Anomalia,0.0383,0.0947,0.2864,-0.2082,0.1021,0.0843,0.1078,2880.0
Anomalia,0.0307,0.0943,0.2864,-0.2082,0.0992,0.0633,-0.0282,480.0
Anomalia,0.0248,0.0973,0.2501,-0.2616,0.1004,-0.3038,-0.0571,960.0
Anomalia,0.0255,0.097,0.238,-0.2616,0.1003,-0.2129,-0.2565,3840.0
Anomalia,0.0232,0.1139,0.3438,-0.3002,0.1163,0.0386,0.2398,960.0
Anomalia,0.0339,0.1388,0.4387,-0.3849,0.1429,-0.0052,0.327,4080.0
Anomalia,0.0511,0.1666,0.5284,-0.4308,0.1743,-0.0016,0.2989,4080.0
Anomalia,0.0396,0.205,0.5284,-0.6617,0.2088,-0.6499,0.7772,3120.0
Anomalia,0.0439,0.2213,0.5284,-0.6617,0.2256,-0.6489,0.3096,3120.0
Anomalia,0.0283,0.2256,0.5284,-0.6617,0.2273,-0.5287,-0.0336,960.0
Anomalia,0.0125,0.2066,0.3636,-0.6617,0.207,-0.6208,0.2202,960.0
Anomalia,0.0373,0.1819,0.3636,-0.4506,0.1857,-0.284,-0.4475,960.0
Anomalia,0.0211,0.1977,0.5355,-0.5353,0.1988,-0.2114,-0.0883,960.0
Anomalia,0.0363,0.2021,0.5355,-0.5353,0.2054,-0.416,0.2013,2880.0
Anomalia,0.0406,0.2199,0.5355,-0.5353,0.2236,-0.4193,-0.1367,2880.0
Anomalia,0.0173,0.229,0.5355,-0.5353,0.2296,-0.2164,-0.2866,2880.0
Anomalia,0.0317,0.2053,0.5021,-0.4727,0.2077,-0.1685,-0.0688,3360.0
Anomalia,0.0272,0.2619,1.0147,-0.7909,0.2633,0.2377,2.0459,3360.0
Anomalia,0.0341,0.3561,1.3637,-0.7909,0.3577,0.738,2.0723,3360.0
Anomalia,0.0225,0.4046,1.3637,-1.0566,0.4052,0.3558,1.0402,3360.0
Anomalia,0.0401,0.4238,1.3637,-1.0566,0.4257,0.2469,0.4432,3360.0
Anomalia,0.0178,0.397,1.3637,-1.0566,0.3974,0.3584,0.83,3360.0
Anomalia,0.0224,0.3262,0.8138,-1.0566,0.3269,-0.2816,0.2442,3360.0
Anomalia,0.0404,0.2631,0.7222,-0.4973,0.2662,0.0628,-0.7602,3360.0
Anomalia,0.0307,0.2255,0.537,-0.4973,0.2276,-0.1502,-0.6977,3360.0
Anomalia,0.0465,0.2096,0.537,-0.4345,0.2147,-0.1585,-0.6201,3360.0
Anomalia,0.0405,0.1778,0.3674,-0.4345,0.1823,-0.3193,-0.7433,3360.0
Anomalia,0.0339,0.1636,0.3582,-0.4345,0.1671,-0.2995,-0.5461,4080.0
Anomalia,0.0202,0.1688,0.3582,-0.4345,0.17,-0.3739,-0.5458,4080.0
Anomalia,0.0251,0.1529,0.3094,-0.3939,0.1549,-0.5341,-0.3238,4080.0
Anomalia,0.0229,0.165,0.3367,-0.3939,0.1666,-0.5807,-0.2974,3840.0
Anomalia,0.0345,0.1766,0.461,-0.4377,0.1799,-0.5069,-0.0285,3840.0
Anomalia,0.0297,0.1966,0.503,-0.5336,0.1988,-0.2754,0.163,3360.0
Anomalia,0.0384,0.2066,0.503,-0.5336,0.2101,-0.2484,-0.2032,3360.0
Anomalia,0.0258,0.2002,0.503,-0.5336,0.2018,-0.106,-0.1142,3360.0
Anomalia,0.0305,0.1807,0.503,-0.5336,0.1833,-0.2189,0.4244,3360.0
Anomalia,0.0375,0.1512,0.4049,-0.3778,0.1557,-0.3655,-0.2066,4080.0
Anomalia,0.0296,0.1331,0.2699,-0.315,0.1363,-0.3517,-0.4596,4080.0
Anomalia,0.0425,0.1163,0.2699,-0.2743,0.1238,-0.3245,-0.4499,4080.0
Anomalia,0.0208,0.1207,0.2699,-0.2743,0.1224,-0.1835,-0.672,4080.0
Anomalia,0.0296,0.1092,0.2476,-0.2303,0.1131,-0.0836,-0.6088,960.0
Anomalia,0.0232,0.1138,0.272,-0.2789,0.1161,-0.1674,-0.4246,960.0
Anomalia,0.0227,0.1336,0.3569,-0.4124,0.1355,-0.2076,-0.0651,5040.0
Anomalia,0.0475,0.1928,0.7389,-0.5608,0.1986,0.2821,1.2761,5040.0
Anomalia,0.0245,0.22,0.7389,-0.5608,0.2214,0.3307,0.1433,2880.0
Anomalia,0.0345,0.2365,0.7389,-0.5608,0.239,0.2286,-0.2154,2880.0
Anomalia,0.0292,0.2332,0.7389,-0.5608,0.2351,0.3687,-0.0662,2880.0
Anomalia,0.0211,0.188,0.5378,-0.4537,0.1891,0.2132,-0.1431,2880.0
Anomalia,0.0427,0.1967,0.7416,-0.4537,0.2013,0.5521,0.9383,3120.0
Anomalia,0.0482,0.2432,0.8092,-0.5313,0.2479,0.6249,0.7769,5280.0
Anomalia,0.0238,0.2939,0.8092,-0.7715,0.2948,0.1446,0.2192,5280.0
Anomalia,0.046,0.3374,0.8441,-0.7715,0.3405,0.171,-0.3559,5280.0
Anomalia,0.0166,0.333,0.8441,-0.7715,0.3334,0.2411,-0.3301,5280.0
Anomalia,0.0183,0.2969,0.8441,-0.7715,0.2974,0.0834,0.1061,3360.0
Anomalia,0.0397,0.2539,0.8441,-0.5868,0.257,0.3807,0.372,3360.0
Anomalia,0.021,0.205,0.5971,-0.4135,0.2061,0.1315,-0.3448,3360.0
Anomalia,0.0457,0.2081,0.5971,-0.4233,0.213,0.1802,-0.4165,3360.0
Anomalia,0.0365,0.1976,0.5971,-0.4233,0.201,0.1506,-0.3234,3120.0
Anomalia,0.0247,0.1916,0.5971,-0.4233,0.1932,0.2524,0.0436,5040.0
Anomalia,0.0282,0.1865,0.5253,-0.4233,0.1886,0.0627,-0.3733,2880.0
Anomalia,0.0223,0.1469,0.4537,-0.3943,0.1486,0.0911,-0.0417,5280.0
Anomalia,0.0246,0.1602,0.4537,-0.5966,0.1621,-0.5843,1.6287,480.0
Anomalia,0.0477,0.1761,0.5096,-0.5966,0.1825,-0.3624,1.1176,5280.0
Anomalia,0.025,0.1852,0.5096,-0.5966,0.1869,-0.2695,0.7715,5280.0
Anomalia,0.0346,0.2033,0.5096,-0.5966,0.2062,-0.323,0.0053,5280.0
Anomalia,0.0329,0.1851,0.5096,-0.3665,0.188,0.0193,-0.2903,3360.0
Anomalia,0.0185,0.153,0.4859,-0.3665,0.1542,0.0033,0.3819,3360.0
Anomalia,0.0521,0.1367,0.3605,-0.3323,0.1463,-0.0978,-0.1314,3360.0
Anomalia,0.0339,0.112,0.3605,-0.183,0.117,0.4191,-0.1982,480.0
Anomalia,0.0319,0.1097,0.3605,-0.183,0.1143,0.5323,-0.1174,4080.0
Anomalia,0.0368,0.1182,0.3605,-0.183,0.1238,0.5583,-0.2103,4080.0
Anomalia,0.0047,0.1101,0.3375,-0.3158,0.1102,0.2958,0.3652,4080.0
Anomalia,0.0312,0.1204,0.3375,-0.3158,0.1244,0.0987,-0.1533,4080.0
Anomalia,0.0255,0.1476,0.3375,-0.5729,0.1498,-0.5409,1.1563,4080.0
Anomalia,0.0359,0.2239,0.8668,-0.7867,0.2267,-0.1617,2.0134,3360.0
Anomalia,0.0478,0.2736,0.8668,-0.7867,0.2778,-0.3802,0.9551,3120.0
Anomalia,0.0153,0.2936,0.8668,-0.7867,0.294,-0.1356,0.1802,3120.0
Anomalia,0.0337,0.2917,0.8668,-0.7867,0.2936,-0.1827,0.1968,3120.0
Anomalia,0.0281,0.2464,0.707,-0.7199,0.248,-0.2791,0.481,2880.0
Anomalia,0.029,0.1925,0.4742,-0.5153,0.1947,-0.075,-0.266,2880.0
Anomalia,0.0595,0.1655,0.416,-0.2816,0.1758,0.1142,-0.8975,960.0
Anomalia,0.0294,0.1648,0.3757,-0.3772,0.1674,0.022,-0.6651,1200.0
Anomalia,0.0302,0.1644,0.3576,-0.3772,0.1672,-0.197,-0.5745,960.0
Anomalia,0.0281,0.1565,0.3517,-0.3772,0.159,-0.282,-0.384,2880.0
Anomalia,0.0077,0.1573,0.3517,-0.3907,0.1575,-0.3326,-0.4,2880.0
Anomalia,0.0381,0.1879,0.7214,-0.5105,0.1917,0.2957,1.66,4080.0
Anomalia,0.0346,0.2167,0.8555,-0.5105,0.2194,0.8066,2.1634,4080.0
Anomalia,0.0236,0.2479,0.8555,-0.5422,0.2491,0.3908,0.8525,1920.0
Anomalia,0.0545,0.2542,0.8555,-0.5422,0.2599,0.2711,0.5204,3360.0
Anomalia,0.0189,0.2353,0.8555,-0.5422,0.2361,0.43,0.7112,3360.0
Anomalia,0.0261,0.2091,0.524,-0.5422,0.2107,-0.1616,-0.1127,3360.0
Anomalia,0.0356,0.1701,0.524,-0.3832,0.1738,0.3801,0.1524,3360.0
Anomalia,0.0154,0.1506,0.3546,-0.3832,0.1514,-0.1518,-0.1594,3360.0
Anomalia,0.0422,0.1584,0.4529,-0.3832,0.1639,-0.1683,0.2847,3360.0
Anomalia,0.038,0.1448,0.4529,-0.3674,0.1498,-0.0684,0.4883,3840.0
Anomalia,0.0301,0.1682,0.4627,-0.422,0.1709,-0.1649,0.2893,2880.0
Anomalia,0.0279,0.1678,0.4627,-0.422,0.1701,-0.0423,0.1655,4080.0
Anomalia,0.0307,0.1585,0.4669,-0.422,0.1615,0.1172,0.5377,4080.0
Anomalia,0.0179,0.1566,0.4669,-0.422,0.1576,0.3369,0.7668,4080.0
Anomalia,0.0435,0.1295,0.4669,-0.3029,0.1366,0.4147,0.4858,4080.0
Anomalia,0.0313,0.1228,0.4669,-0.2266,0.1267,0.67,1.0416,480.0
Anomalia,0.0198,0.0991,0.2946,-0.2266,0.101,0.0067,-0.3452,5280.0
Anomalia,0.033,0.1011,0.3482,-0.2266,0.1063,0.206,0.4083,960.0
Anomalia,0.0166,0.1081,0.3482,-0.2266,0.1094,0.6583,0.8345,960.0
Anomalia,0.0304,0.11,0.3482,-0.1909,0.1141,0.6608,0.3277,2640.0
Anomalia,0.0421,0.1218,0.3482,-0.212,0.1289,0.5568,-0.0999,2640.0
Anomalia,0.0271,0.1317,0.3369,-0.3279,0.1345,0.2318,-0.1156,960.0
Anomalia,0.0437,0.1385,0.3632,-0.3279,0.1452,0.0233,-0.3661,3360.0
Anomalia,0.0259,0.1411,0.3632,-0.3279,0.1434,0.1286,-0.3957,480.0
Anomalia,0.0264,0.1368,0.3632,-0.3279,0.1393,-0.0621,-0.5287,2880.0
Anomalia,0.0356,0.1362,0.3632,-0.4295,0.1408,-0.3487,0.0552,2880.0
Anomalia,0.017,0.1405,0.4679,-0.4295,0.1415,0.0027,0.4415,5040.0
Anomalia,0.0418,0.1485,0.4679,-0.4295,0.1542,0.0496,0.432,5040.0
Anomalia,0.0273,0.161,0.4679,-0.4295,0.1633,0.2144,0.1392,4080.0
Anomalia,0.0328,0.1588,0.4679,-0.3177,0.1621,0.3941,-0.2437,4080.0
Anomalia,0.0371,0.1431,0.4093,-0.3177,0.1478,0.1556,-0.1851,4080.0
Anomalia,0.0261,0.1626,0.4961,-0.4454,0.1646,0.044,0.0162,4080.0
Anomalia,0.0416,0.1811,0.6154,-0.4454,0.1858,0.4909,0.6514,4080.0
Anomalia,0.0265,0.2191,0.624,-0.6021,0.2207,0.2377,0.63,1920.0
Anomalia,0.0291,0.2496,0.624,-0.6021,0.2513,0.3153,-0.1668,3360.0
Anomalia,0.0348,0.2486,0.624,-0.6021,0.2511,0.2884,-0.1831,3360.0
Anomalia,0.0251,0.2385,0.624,-0.6021,0.2398,0.211,-0.1797,3360.0
Anomalia,0.0364,0.2107,0.6087,-0.401,0.2138,0.3003,-0.4655,3360.0
Anomalia,0.0422,0.1941,0.4884,-0.3978,0.1986,0.1531,-0.7295,3360.0
Anomalia,0.0305,0.185,0.4884,-0.3392,0.1875,0.2071,-0.7272,3360.0
Anomalia,0.038,0.1868,0.4884,-0.3736,0.1906,-0.0373,-0.796,3360.0
Anomalia,0.0236,0.1894,0.4884,-0.3736,0.1908,0.0386,-0.8069,2880.0
Anomalia,0.0178,0.1756,0.431,-0.3736,0.1765,-0.0749,-0.7981,3120.0
Anomalia,0.0303,0.1706,0.3582,-0.3736,0.1733,-0.2084,-0.8663,3840.0
Anomalia,0.0259,0.1668,0.3446,-0.4573,0.1688,-0.3845,-0.5919,3840.0
Anomalia,0.0521,0.1697,0.4508,-0.4573,0.1775,-0.3816,-0.3647,4080.0
Anomalia,0.0333,0.1668,0.4508,-0.4573,0.1701,-0.2785,-0.3562,4080.0
Anomalia,0.0291,0.1614,0.4508,-0.4573,0.164,-0.2687,-0.1218,3360.0
Anomalia,0.0217,0.1467,0.4508,-0.2854,0.1483,0.1158,-0.2824,3360.0
Anomalia,0.0144,0.1293,0.3019,-0.2812,0.1301,-0.1799,-0.6717,480.0
Anomalia,0.0335,0.1229,0.3019,-0.2474,0.1274,-0.2163,-0.5827,960.0
Anomalia,0.0355,0.1197,0.3069,-0.247,0.1249,-0.1219,-0.6847,1200.0
Anomalia,0.0406,0.1168,0.3069,-0.247,0.1236,-0.0752,-0.5055,960.0
Anomalia,0.028,0.1066,0.3069,-0.1886,0.1102,0.243,-0.4224,960.0
Anomalia,0.0352,0.1074,0.3069,-0.1886,0.113,0.1381,-0.6651,960.0
Anomalia,0.0253,0.107,0.2962,-0.261,0.11,0.0546,-0.6136,960.0
Anomalia,0.0282,0.1307,0.4708,-0.325,0.1337,-0.0906,0.1573,960.0
Anomalia,0.0368,0.217,0.7354,-0.6736,0.2201,0.0823,1.5368,3120.0
Anomalia,0.0163,0.2629,0.7354,-0.7936,0.2634,0.0223,0.9316,960.0
Anomalia,0.0245,0.2806,0.7354,-0.7936,0.2817,0.0009,0.2654,960.0
Anomalia,0.0221,0.2828,0.7354,-0.7936,0.2837,0.0765,0.1806,3120.0
Anomalia,0.0277,0.2328,0.6432,-0.7936,0.2345,-0.0753,0.9325,3120.0
Anomalia,0.0417,0.2001,0.5393,-0.354,0.2044,0.2456,-0.6454,2880.0
Anomalia,0.0475,0.2168,0.6482,-0.4137,0.2219,0.4091,-0.3458,5040.0
Anomalia,0.0375,0.2338,0.6482,-0.4431,0.2368,0.3233,-0.3278,5040.0
Anomalia,0.039,0.2434,0.6482,-0.4431,0.2465,0.333,-0.3615,5280.0
Anomalia,0.0176,0.235,0.6482,-0.4431,0.2357,0.536,-0.0518,3360.0
Anomalia,0.024,0.2052,0.5822,-0.4431,0.2066,0.2421,-0.0684,3360.0
Anomalia,0.0276,0.2042,0.5822,-0.6661,0.206,-0.0434,0.6032,3360.0
Anomalia,0.0283,0.2034,0.5743,-0.6661,0.2054,-0.0971,0.2984,3360.0
Anomalia,0.0492,0.2204,0.5743,-0.6661,0.2259,-0.2178,-0.0181,3360.0
Anomalia,0.0376,0.22,0.5743,-0.6661,0.2232,-0.1108,-0.0238,2880.0
Anomalia,0.0375,0.2045,0.499,-0.4444,0.2079,-0.0157,-0.467,5040.0
Anomalia,0.0294,0.1868,0.499,-0.4444,0.1891,-0.1149,-0.1956,2880.0
Anomalia,0.021,0.1585,0.3955,-0.4444,0.1599,-0.3779,0.1764,2880.0
Anomalia,0.0185,0.1597,0.422,-0.4444,0.1607,-0.3972,0.338,480.0
Anomalia,0.0324,0.1477,0.422,-0.3628,0.1512,-0.3318,-0.0389,960.0
Anomalia,0.0296,0.146,0.422,-0.3628,0.149,-0.1716,0.0105,960.0
Anomalia,0.0298,0.1534,0.422,-0.3542,0.1562,-0.2907,-0.1593,960.0
Anomalia,0.0358,0.1434,0.3619,-0.3542,0.1478,-0.3407,-0.1504,3360.0
Anomalia,0.0236,0.131,0.3386,-0.3542,0.1331,-0.2952,-0.102,3360.0
Anomalia,0.0406,0.1309,0.3252,-0.3542,0.137,-0.4679,0.151,960.0
Anomalia,0.0405,0.1158,0.3252,-0.223,0.1227,0.103,-0.5978,960.0
Anomalia,0.0365,0.1094,0.3252,-0.2017,0.1154,0.2424,-0.485,960.0
Anomalia,0.0376,0.1064,0.3252,-0.2247,0.1129,0.1873,-0.2229,960.0
Anomalia,0.0129,0.1001,0.2416,-0.2247,0.1009,0.17,-0.3825,960.0
Anomalia,0.0301,0.1012,0.2564,-0.2247,0.1056,0.0147,-0.3582,960.0
Anomalia,0.0255,0.1186,0.3117,-0.2896,0.1213,-0.0979,-0.1786,960.0
Anomalia,0.0292,0.1519,0.529,-0.305,0.1547,0.3181,0.292,2640.0
Anomalia,0.0435,0.185,0.529,-0.4631,0.19,0.0142,-0.143,5280.0
Anomalia,0.0226,0.2175,0.529,-0.5553,0.2187,-0.0548,-0.304,2880.0
Anomalia,0.0404,0.2237,0.529,-0.5553,0.2273,-0.132,-0.3721,2880.0
Anomalia,0.0292,0.2117,0.4794,-0.5553,0.2137,-0.2028,-0.1922,2880.0
Anomalia,0.0243,0.1896,0.4794,-0.5553,0.1912,-0.2978,0.2357,2880.0
Anomalia,0.04,0.1778,0.4794,-0.3319,0.1822,0.0691,-0.5605,2880.0
Anomalia,0.0155,0.1628,0.4068,-0.3319,0.1636,0.1297,-0.4815,2880.0
Anomalia,0.0391,0.1628,0.4068,-0.3319,0.1674,0.1127,-0.4455,4080.0
Anomalia,0.034,0.1573,0.4068,-0.3173,0.1609,0.2695,-0.3317,4080.0
Anomalia,0.0215,0.1349,0.3859,-0.4738,0.1366,-0.1964,0.7553,3120.0
Anomalia,0.0385,0.1915,0.766,-0.5733,0.1953,0.0409,1.8491,5040.0
Anomalia,0.0372,0.2927,1.1096,-0.5766,0.295,0.8789,2.1626,5280.0
Anomalia,0.0177,0.3348,1.1096,-0.8885,0.3353,0.3799,1.1018,5280.0
Anomalia,0.0428,0.3835,1.1096,-0.8885,0.3859,0.3711,0.0021,3360.0
Anomalia,0.0139,0.3763,1.1096,-0.8885,0.3766,0.5026,0.2489,3360.0
Anomalia,0.0185,0.3175,0.8683,-0.8885,0.3181,0.0637,0.2469,3360.0
Anomalia,0.0377,0.2897,0.8683,-0.5134,0.2922,0.3974,0.0493,3360.0
Anomalia,0.0215,0.2317,0.5626,-0.5134,0.2327,-0.1462,-0.5729,3360.0
Anomalia,0.0476,0.2005,0.5626,-0.4477,0.206,-0.0279,-0.3566,3360.0
Anomalia,0.0355,0.1701,0.4571,-0.4477,0.1737,-0.1536,0.1366,3360.0
Anomalia,0.0342,0.1717,0.4571,-0.4333,0.1751,-0.306,0.0909,2880.0
Anomalia,0.0315,0.1506,0.3482,-0.4281,0.1538,-0.553,0.299,3120.0
Anomalia,0.0323,0.1558,0.3482,-0.4281,0.1591,-0.4945,0.1354,2880.0
Anomalia,0.0229,0.1889,0.4581,-0.5681,0.1903,-0.4306,0.1816,3840.0
Anomalia,0.0478,0.1862,0.5192,-0.5681,0.1922,-0.0524,0.5503,3840.0
Anomalia,0.0319,0.2017,0.5192,-0.5681,0.2042,-0.0566,0.1576,3840.0
Anomalia,0.0271,0.2049,0.5192,-0.5681,0.2067,0.0206,0.0737,3360.0
Anomalia,0.0409,0.1841,0.5192,-0.4688,0.1886,0.1921,-0.1635,3360.0
Anomalia,0.008,0.159,0.4406,-0.4688,0.1592,-0.0002,-0.0802,3360.0
Anomalia,0.0361,0.156,0.4406,-0.2827,0.1601,0.2621,-0.68,3360.0
Anomalia,0.0316,0.1506,0.3834,-0.2612,0.1538,0.233,-0.7321,4080.0
Anomalia,0.0147,0.1411,0.3834,-0.2612,0.1418,0.2886,-0.3784,4080.0
Anomalia,0.041,0.1423,0.3834,-0.2612,0.1481,0.1517,-0.538,960.0
Anomalia,0.0198,0.1395,0.3183,-0.2902,0.1408,-0.1048,-0.7098,960.0
Anomalia,0.0392,0.1434,0.3263,-0.2902,0.1486,-0.2176,-0.6922,960.0
Anomalia,0.0469,0.1824,0.5096,-0.5618,0.1883,-0.2599,0.1941,960.0
Anomalia,0.0268,0.1996,0.5096,-0.5618,0.2014,-0.1291,-0.3611,960.0
Anomalia,0.0531,0.2059,0.5096,-0.5618,0.2126,-0.2206,-0.3398,5040.0
Anomalia,0.0163,0.2159,0.5096,-0.5618,0.2165,-0.1056,-0.2362,2880.0
Anomalia,0.0295,0.1855,0.4585,-0.5203,0.1878,-0.3698,0.0352,2880.0
Anomalia,0.0322,0.1669,0.4585,-0.5203,0.17,-0.4726,0.7671,2880.0
Anomalia,0.009,0.1736,0.4809,-0.5203,0.1738,-0.3589,0.3602,2880.0
Anomalia,0.0462,0.227,0.8927,-0.5873,0.2316,0.3986,1.7016,5280.0
Anomalia,0.0286,0.2633,0.8927,-0.6238,0.2648,0.3137,0.5399,5280.0
Anomalia,0.0343,0.2863,0.8927,-0.6238,0.2884,0.2091,-0.1486,3360.0
Anomalia,0.0442,0.2783,0.8927,-0.6238,0.2818,0.1616,0.0574,3360.0
Anomalia,0.0163,0.2283,0.5624,-0.6238,0.2289,0.0569,-0.1804,3360.0
Anomalia,0.03,0.2054,0.5284,-0.489,0.2076,0.1776,-0.3948,3360.0
Anomalia,0.0326,0.1815,0.5284,-0.4114,0.1845,0.1624,-0.3765,3360.0
Anomalia,0.0229,0.183,0.5284,-0.4114,0.1844,0.2587,-0.3968,3120.0
Anomalia,0.0414,0.1917,0.5284,-0.4114,0.1961,0.0718,-0.4764,3120.0
Anomalia,0.0241,0.1958,0.4859,-0.4583,0.1973,0.0033,-0.4588,5040.0
Anomalia,0.0267,0.1846,0.4859,-0.4583,0.1866,0.0393,-0.2955,2880.0
Anomalia,0.0394,0.1713,0.4859,-0.4583,0.1758,-0.2039,0.0613,2880.0
Anomalia,0.0246,0.1665,0.4859,-0.4583,0.1684,-0.1956,0.0915,2880.0
Anomalia,0.0475,0.1531,0.4489,-0.3861,0.1603,-0.0687,-0.1491,5280.0
Anomalia,0.0327,0.1612,0.4489,-0.3861,0.1645,-0.031,-0.3051,5280.0
Anomalia,0.0199,0.167,0.4489,-0.3861,0.1681,0.0722,-0.3944,3360.0
Anomalia,0.0316,0.1494,0.4489,-0.339,0.1527,0.1683,-0.184,960.0
Anomalia,0.0219,0.1324,0.3438,-0.339,0.1342,-0.2522,-0.1569,3360.0
Anomalia,0.0343,0.1185,0.3438,-0.272,0.1233,-0.2791,0.0154,4080.0
Anomalia,0.0422,0.1011,0.2695,-0.2424,0.1095,-0.2683,-0.1453,3360.0
Anomalia,0.0368,0.1092,0.2879,-0.2424,0.1152,-0.2527,-0.5027,4560.0
Anomalia,0.0311,0.1007,0.2879,-0.2165,0.1054,-0.0469,-0.5269,3360.0
Anomalia,0.0314,0.1039,0.2879,-0.2964,0.1086,-0.4228,0.1755,3360.0
Anomalia,0.023,0.1064,0.2879,-0.2964,0.1088,-0.3752,0.0138,4080.0
Anomalia,0.0447,0.138,0.5987,-0.2964,0.145,0.6184,2.2043,4080.0
Anomalia,0.0244,0.2042,0.6313,-0.6924,0.2057,-0.1799,1.808,4080.0
Anomalia,0.0259,0.2375,0.6313,-0.6924,0.2389,-0.1815,0.4555,3120.0
Anomalia,0.0388,0.2634,0.6457,-0.6924,0.2662,-0.0795,-0.0798,2880.0
Anomalia,0.0096,0.2626,0.6457,-0.6924,0.2628,0.0218,-0.1937,2880.0
Anomalia,0.0434,0.2277,0.6457,-0.524,0.2318,-0.0023,-0.2276,2880.0
Anomalia,0.0334,0.222,0.6457,-0.4504,0.2245,0.4171,-0.2682,2880.0
Anomalia,0.0272,0.2202,0.5666,-0.4646,0.2219,0.2059,-0.6239,4080.0
Anomalia,0.0406,0.2056,0.5666,-0.4646,0.2096,0.1524,-0.4513,2880.0
Anomalia,0.0335,0.1999,0.5666,-0.4646,0.2027,0.2069,-0.2892,4080.0
Anomalia,0.0356,0.1728,0.5297,-0.4646,0.1764,-0.0779,-0.1383,1200.0
Anomalia,0.0366,0.1416,0.3119,-0.2875,0.1463,-0.0054,-0.9679,1200.0
Anomalia,0.0249,0.1668,0.4552,-0.6592,0.1687,-0.3833,1.0857,1920.0
Anomalia,0.0278,0.2297,0.8053,-0.751,0.2314,0.0632,1.5242,1920.0
Anomalia,0.0365,0.257,0.8053,-0.751,0.2595,-0.1237,0.6788,3120.0
Anomalia,0.0313,0.2622,0.8053,-0.751,0.2641,-0.0512,0.4809,3360.0
Anomalia,0.044,0.2532,0.8053,-0.751,0.257,0.0172,0.514,3360.0
Anomalia,0.0268,0.1999,0.5664,-0.6313,0.2017,0.0035,0.247,3360.0
Anomalia,0.0269,0.1579,0.4598,-0.3194,0.1602,0.3466,-0.2945,3360.0
Anomalia,0.0308,0.1526,0.4429,-0.4187,0.1557,-0.0365,-0.2475,3360.0
Anomalia,0.021,0.1387,0.3905,-0.4187,0.1402,-0.0653,-0.2282,4080.0
Anomalia,0.0323,0.1319,0.3905,-0.4187,0.1358,-0.2734,0.065,3120.0
Anomalia,0.0319,0.141,0.3905,-0.4187,0.1446,-0.1028,-0.1333,2880.0
Anomalia,0.0249,0.1332,0.3905,-0.2952,0.1355,0.2738,-0.1258,2880.0
Anomalia,0.04,0.1258,0.3509,-0.2952,0.132,-0.0022,-0.1069,4080.0
Anomalia,0.0347,0.1313,0.3509,-0.3738,0.1358,-0.1751,0.3042,5280.0
Anomalia,0.0251,0.1372,0.4815,-0.3738,0.1395,0.1126,0.6212,5280.0
Anomalia,0.0375,0.137,0.4815,-0.3738,0.142,-0.1173,0.5025,5280.0
Anomalia,0.0223,0.1407,0.4815,-0.3738,0.1425,0.0253,0.2154,3360.0
Anomalia,0.0307,0.1367,0.4815,-0.3033,0.1401,0.1921,0.1024,3360.0
Anomalia,0.0431,0.126,0.3425,-0.3033,0.1332,-0.198,-0.2778,3360.0
Anomalia,0.0349,0.1458,0.4907,-0.3392,0.1499,0.2816,-0.0229,4080.0
Anomalia,0.0402,0.1828,0.4907,-0.4767,0.1872,-0.156,-0.0374,4080.0
Anomalia,0.0289,0.2085,0.5028,-0.4767,0.2104,-0.0704,-0.4215,3360.0
Anomalia,0.0161,0.2108,0.5028,-0.4767,0.2114,0.0616,-0.4963,3360.0
Anomalia,0.0259,0.2094,0.5028,-0.4767,0.211,-0.1666,-0.4714,3360.0
Anomalia,0.0186,0.1823,0.5028,-0.4285,0.1832,-0.0076,-0.1368,3360.0
Anomalia,0.0355,0.2013,0.551,-0.4838,0.2044,0.0566,-0.1106,3360.0
Anomalia,0.0328,0.2453,0.8263,-0.5608,0.2475,0.354,0.5302,3360.0
Anomalia,0.0328,0.2526,0.8263,-0.5608,0.2548,0.3827,0.285,5040.0
Anomalia,0.0424,0.2666,0.8263,-0.5752,0.2699,0.1608,-0.0039,3360.0
Anomalia,0.0265,0.2391,0.8263,-0.5752,0.2406,0.2774,0.8693,3360.0
Anomalia,0.0255,0.2034,0.5211,-0.5752,0.205,-0.1859,-0.0993,3360.0
Anomalia,0.0197,0.2241,0.7829,-0.5752,0.2249,0.0971,0.7937,3360.0
Anomalia,0.0174,0.2805,0.9936,-0.8065,0.2811,0.3492,1.0,5280.0
Anomalia,0.0316,0.3137,0.9936,-0.8065,0.3153,0.1944,0.0393,5280.0
Anomalia,0.0361,0.3425,0.9936,-0.8065,0.3444,0.0244,-0.3207,5280.0
Anomalia,0.0358,0.3281,0.9936,-0.8065,0.33,-0.0059,-0.2049,3360.0
Anomalia,0.0371,0.2699,0.5935,-0.7281,0.2725,-0.2101,-0.0359,3360.0
Anomalia,0.0251,0.2381,0.571,-0.7281,0.2394,-0.2964,0.3796,3360.0
Anomalia,0.0323,0.1918,0.5236,-0.3982,0.1945,-0.0203,-0.1577,3360.0
Anomalia,0.0305,0.1938,0.5249,-0.406,0.1961,-0.0796,-0.1429,3120.0
Anomalia,0.0209,0.2122,0.5249,-0.5651,0.2132,-0.2386,0.0732,960.0
Anomalia,0.0261,0.2008,0.5249,-0.5651,0.2025,-0.2042,0.4499,960.0
Anomalia,0.0268,0.2067,0.5249,-0.5651,0.2084,-0.2712,0.0042,960.0
Anomalia,0.0325,0.2069,0.3893,-0.5651,0.2094,-0.528,0.1185,3840.0
Anomalia,0.0399,0.2043,0.4068,-0.5247,0.2082,-0.3601,-0.3657,960.0
Anomalia,0.0451,0.2111,0.43,-0.5247,0.2159,-0.3566,-0.4496,4080.0
Anomalia,0.0302,0.2028,0.43,-0.5247,0.2051,-0.2394,-0.2424,720.0
Anomalia,0.0253,0.183,0.43,-0.4761,0.1847,-0.1219,-0.2737,3360.0
Anomalia,0.0311,0.1518,0.43,-0.4268,0.155,-0.1017,0.0784,3360.0
Anomalia,0.018,0.1379,0.4099,-0.4268,0.1391,-0.1503,0.0581,2880.0
Anomalia,0.0438,0.1231,0.2931,-0.2599,0.1306,-0.2929,-0.5614,2880.0
Anomalia,0.0304,0.1132,0.2931,-0.2485,0.1172,-0.0757,-0.6018,1680.0
Anomalia,0.0264,0.1083,0.2931,-0.2485,0.1115,0.084,-0.418,4080.0
Anomalia,0.0353,0.0986,0.2931,-0.2007,0.1047,0.1545,-0.4947,960.0
Anomalia,0.0131,0.0943,0.246,-0.2616,0.0952,-0.1071,-0.2306,4080.0
Anomalia,0.038,0.1164,0.3657,-0.3006,0.1225,-0.1212,0.1034,4080.0
Anomalia,0.0304,0.1517,0.4919,-0.4047,0.1547,-0.0209,0.4756,4080.0
Anomalia,0.0153,0.2096,0.6302,-0.5034,0.2102,0.1144,0.1358,4080.0
Anomalia,0.0479,0.239,0.6302,-0.5042,0.2438,-0.1258,-0.3581,3120.0
Anomalia,0.0194,0.272,0.6642,-0.5042,0.2727,0.1879,-0.6248,2880.0
Anomalia,0.0384,0.2719,0.6642,-0.5042,0.2746,0.07,-0.7025,2880.0
Anomalia,0.042,0.2511,0.6642,-0.5042,0.2546,0.0561,-0.5727,2880.0
Anomalia,0.0156,0.2366,0.6642,-0.4907,0.2372,0.2779,-0.4404,2880.0
Anomalia,0.0364,0.2236,0.644,-0.4832,0.2265,0.0837,-0.6306,2880.0
Anomalia,0.0269,0.2251,0.644,-0.4832,0.2267,0.1398,-0.4976,2880.0
Anomalia,0.0316,0.2163,0.644,-0.4832,0.2186,0.1722,-0.4207,3360.0
Anomalia,0.0346,0.2041,0.644,-0.4832,0.207,0.1966,-0.1125,3360.0
Anomalia,0.0184,0.1735,0.5478,-0.3597,0.1744,0.269,-0.0705,3360.0
Anomalia,0.0207,0.1706,0.43,-0.3761,0.1719,0.1723,-0.6028,3360.0
Anomalia,0.0345,0.1915,0.4834,-0.4527,0.1946,-0.1294,-0.2724,3360.0
Anomalia,0.0323,0.2178,0.4834,-0.6023,0.2201,-0.4407,-0.28,3120.0
Anomalia,0.0513,0.2179,0.4834,-0.6023,0.2239,-0.5887,-0.078,3120.0
Anomalia,0.0382,0.2179,0.4834,-0.6023,0.2212,-0.5249,-0.1691,480.0
Anomalia,0.0213,0.185,0.3978,-0.6023,0.1863,-0.4621,0.3482,2880.0
Anomalia,0.0254,0.1494,0.3978,-0.3968,0.1516,0.0303,0.0028,2880.0
Anomalia,0.0107,0.1456,0.3978,-0.3968,0.146,0.0507,-0.1073,2880.0
Anomalia,0.0324,0.1394,0.4343,-0.282,0.1431,0.0764,-0.4552,2640.0
Anomalia,0.032,0.1356,0.4343,-0.282,0.1393,0.005,-0.2545,4080.0
Anomalia,0.0319,0.1433,0.4343,-0.2891,0.1468,-0.0635,-0.3895,2640.0
Anomalia,0.0377,0.1342,0.4343,-0.2891,0.1394,-0.0358,-0.1791,4080.0
Anomalia,0.0299,0.1095,0.2674,-0.2891,0.1136,-0.2259,-0.098,4080.0
Anomalia,0.03,0.1142,0.2674,-0.2891,0.1181,-0.2655,-0.1145,2640.0
Anomalia,0.033,0.1227,0.4529,-0.275,0.1271,0.4817,0.7208,3840.0
Anomalia,0.0241,0.1303,0.4529,-0.275,0.1325,0.5172,0.5131,960.0
Anomalia,0.02,0.1291,0.4529,-0.275,0.1306,0.5648,0.6014,4080.0
Anomalia,0.0303,0.1304,0.4529,-0.2236,0.1338,0.5669,0.2196,960.0
Anomalia,0.0258,0.1198,0.3507,-0.2964,0.1226,0.1555,-0.1468,960.0
Anomalia,0.0472,0.1394,0.5374,-0.2964,0.1472,0.5715,1.0975,960.0
Anomalia,0.0378,0.1885,0.5374,-0.4863,0.1923,-0.1127,0.4236,2640.0
Anomalia,0.035,0.1955,0.5374,-0.4863,0.1986,-0.0796,0.0822,3120.0
Anomalia,0.0395,0.1963,0.5374,-0.4863,0.2003,-0.0664,0.0291,2880.0
Anomalia,0.014,0.1887,0.4416,-0.4863,0.1892,0.0085,-0.0996,1200.0
Anomalia,0.0374,0.1566,0.4231,-0.2735,0.1611,0.3966,-0.6193,960.0
Anomalia,0.0237,0.1692,0.4231,-0.4642,0.1708,0.1248,-0.0368,960.0
Anomalia,0.0183,0.1995,0.6997,-0.4642,0.2004,0.5727,0.8279,3600.0
Anomalia,0.0447,0.2002,0.6997,-0.4642,0.2051,0.3165,0.5423,3840.0
Anomalia,0.0159,0.2169,0.6997,-0.4642,0.2174,0.2795,0.224,3840.0
Anomalia,0.0417,0.2068,0.6997,-0.4128,0.2109,0.1867,0.2668,3360.0
Anomalia,0.0294,0.1994,0.4446,-0.4245,0.2015,-0.3012,-0.438,3360.0
Anomalia,0.0067,0.2776,1.0295,-1.0053,0.2777,-0.1834,2.2129,3360.0
Anomalia,0.0342,0.3667,1.037,-1.0053,0.3683,0.0435,0.9243,3360.0
Anomalia,0.0278,0.404,1.037,-1.0053,0.4049,0.0796,0.0493,3360.0
Anomalia,0.0336,0.406,1.037,-1.0053,0.4074,0.0467,-0.0239,3360.0
Anomalia,0.0514,0.368,1.037,-0.9811,0.3716,0.0549,-0.042,3360.0
Anomalia,0.0303,0.2816,0.7481,-0.703,0.2832,-0.0507,-0.5101,3360.0
Anomalia,0.0286,0.2277,0.4871,-0.4711,0.2295,-0.0888,-0.8693,3360.0
Anomalia,0.0408,0.2136,0.4871,-0.4711,0.2175,-0.2185,-0.5365,3360.0
Anomalia,0.0281,0.1878,0.4575,-0.4711,0.1898,-0.2596,-0.2383,3360.0
Anomalia,0.0347,0.1578,0.4022,-0.4391,0.1615,-0.1516,-0.1383,3360.0
Anomalia,0.0325,0.1623,0.4333,-0.4391,0.1655,-0.2442,0.2455,3360.0
Anomalia,0.0142,0.145,0.4333,-0.3934,0.1457,0.0176,0.4659,480.0
Anomalia,0.0334,0.1406,0.4333,-0.3934,0.1445,-0.0102,0.5336,480.0
Anomalia,0.0268,0.168,0.4527,-0.3934,0.1701,-0.0378,-0.0209,2880.0
Anomalia,0.0226,0.1817,0.4527,-0.4212,0.1831,-0.0112,-0.3529,5040.0
Anomalia,0.041,0.2022,0.5103,-0.4212,0.2063,-0.0394,-0.6049,3360.0
Anomalia,0.0203,0.2133,0.5103,-0.4212,0.2143,0.1785,-0.7495,3360.0
Anomalia,0.0321,0.1926,0.5103,-0.4212,0.1953,0.1173,-0.3891,3360.0
Anomalia,0.0402,0.1732,0.5103,-0.3332,0.1778,0.2881,-0.208,3360.0
Anomalia,0.0255,0.1467,0.4237,-0.3254,0.1489,0.3597,0.1114,960.0
Anomalia,0.041,0.1212,0.4237,-0.2249,0.1279,0.4436,0.2044,4080.0
Anomalia,0.0271,0.1221,0.4237,-0.2249,0.1251,0.5503,0.3047,4080.0
Anomalia,0.0179,0.1006,0.3071,-0.2249,0.1022,0.2042,-0.0561,4080.0
Anomalia,0.0327,0.1084,0.3071,-0.1809,0.1132,0.2776,-0.5164,4080.0
Anomalia,0.0131,0.1139,0.2885,-0.2564,0.1146,0.1602,-0.4841,4080.0
Anomalia,0.0438,0.1494,0.4909,-0.2564,0.1557,0.4875,0.0988,4080.0
Anomalia,0.0257,0.1843,0.4909,-0.3734,0.186,0.2019,-0.518,480.0
Anomalia,0.0356,0.196,0.4909,-0.3734,0.1992,0.0871,-0.7436,2880.0
Anomalia,0.0341,0.2203,0.4909,-0.3841,0.2229,-0.0133,-1.0542,2880.0
Anomalia,0.0167,0.2045,0.4433,-0.3841,0.2052,-0.1076,-0.9805,2880.0
Anomalia,0.0434,0.2084,0.6901,-0.3841,0.2129,0.1033,-0.2633,2880.0
Anomalia,0.0227,0.2531,0.8228,-0.5562,0.2541,0.3792,0.3225,2880.0
Anomalia,0.0293,0.2892,0.8228,-1.0366,0.2907,-0.2622,1.4152,5280.0
Anomalia,0.0491,0.326,0.8228,-1.0366,0.3297,-0.3058,0.3615,5040.0
Anomalia,0.0197,0.3332,0.8228,-1.0366,0.3338,-0.2565,0.0475,5280.0
Anomalia,0.0298,0.3002,0.6665,-1.0366,0.3016,-0.5798,0.6817,5280.0
Anomalia,0.0263,0.2593,0.6154,-0.6774,0.2606,-0.1976,-0.3706,3360.0
Anomalia,-0.0033,0.2083,0.4414,-0.6115,0.2084,-0.2394,-0.4364,3360.0
Anomalia,0.0344,0.2081,0.5994,-0.6478,0.2109,-0.3018,0.1001,2640.0
Anomalia,0.0291,0.2195,0.5994,-0.6478,0.2214,-0.0053,0.045,2880.0
Anomalia,0.0329,0.2107,0.5994,-0.6478,0.2133,0.0289,0.376,3120.0
Anomalia,0.0482,0.2068,0.5994,-0.6478,0.2123,-0.0612,0.5992,2880.0
Anomalia,0.0228,0.1668,0.585,-0.345,0.1684,0.5861,0.7598,2880.0
Anomalia,0.0297,0.1298,0.3887,-0.3037,0.1332,0.0866,-0.0298,480.0
Anomalia,0.0272,0.1624,0.5305,-0.4076,0.1647,-0.0526,0.557,3360.0
Anomalia,0.0209,0.1791,0.5305,-0.4199,0.1803,-0.052,0.1351,3360.0
Anomalia,0.0324,0.1842,0.5305,-0.4199,0.187,-0.1446,0.0645,3360.0
Anomalia,0.0317,0.2027,0.5305,-0.4199,0.2052,-0.026,-0.4202,3360.0
Anomalia,0.0323,0.1647,0.4529,-0.4199,0.1679,0.1165,0.1189,3360.0
Anomalia,0.037,0.1436,0.4529,-0.4003,0.1483,0.2764,0.2685,960.0
Anomalia,0.0342,0.1348,0.4529,-0.4003,0.1391,0.2796,0.407,960.0
Anomalia,0.0208,0.1094,0.2722,-0.2065,0.1113,0.2461,-0.5778,960.0
Anomalia,0.0328,0.1072,0.2722,-0.2065,0.1121,0.0116,-0.6487,960.0
Anomalia,0.0187,0.1016,0.2432,-0.2065,0.1033,-0.0516,-0.8511,960.0
Anomalia,0.0128,0.0987,0.2322,-0.1817,0.0995,0.1228,-0.9366,960.0
Anomalia,0.0311,0.1309,0.4625,-0.2898,0.1345,0.5172,0.4876,960.0
Anomalia,0.0233,0.2317,0.7854,-1.1019,0.2328,-0.5255,4.6972,2640.0
Anomalia,0.0297,0.3035,0.8793,-1.1019,0.3049,-0.5416,1.776,2880.0
Anomalia,0.036,0.3284,0.8793,-1.1019,0.3304,-0.5048,0.7598,2880.0
Anomalia,0.023,0.3334,0.8793,-1.1019,0.3342,-0.3927,0.5302,2880.0
Anomalia,0.0361,0.2777,0.8793,-0.8708,0.28,-0.4224,0.8834,2880.0
Anomalia,0.0278,0.2047,0.495,-0.5589,0.2065,-0.0042,-0.1565,1200.0
Anomalia,0.0288,0.1734,0.495,-0.4106,0.1758,0.0398,-0.1649,960.0
Anomalia,0.0303,0.1488,0.3649,-0.3375,0.1519,-0.2169,-0.4776,1920.0
Anomalia,0.0151,0.1521,0.3649,-0.3448,0.1528,-0.2368,-0.5248,4080.0
Anomalia,0.023,0.148,0.3855,-0.3448,0.1498,-0.1721,-0.3049,5280.0
Anomalia,0.0365,0.1386,0.3855,-0.3448,0.1433,-0.2136,-0.2181,5280.0
Anomalia,0.0379,0.1778,0.7623,-0.3448,0.1818,1.1297,2.8428,5280.0
Anomalia,0.0412,0.1984,0.7623,-0.4356,0.2027,1.244,2.5029,720.0
Anomalia,0.0286,0.2147,0.7623,-0.4982,0.2166,0.8801,1.8207,1920.0
Anomalia,0.0314,0.2328,0.7623,-0.4982,0.235,0.6928,0.7727,1920.0
Anomalia,0.0127,0.2185,0.6932,-0.4982,0.2188,0.2871,0.2341,5280.0
Anomalia,0.0228,0.1988,0.4406,-0.4982,0.2001,-0.1809,-0.382,480.0
Anomalia,0.0291,0.1814,0.4406,-0.4323,0.1837,-0.0722,-0.3346,3360.0
Anomalia,0.0219,0.1662,0.4406,-0.4323,0.1677,-0.088,-0.1451,720.0
Anomalia,0.0366,0.1561,0.3665,-0.6133,0.1603,-0.6039,1.0176,2640.0
Anomalia,0.0334,0.1532,0.3665,-0.6133,0.1568,-0.648,1.1596,4080.0
Anomalia,0.0275,0.1572,0.3665,-0.6133,0.1596,-0.6397,0.8028,2640.0
Anomalia,0.0309,0.1483,0.3244,-0.6133,0.1515,-0.8705,1.2867,2640.0
Anomalia,0.0252,0.1376,0.281,-0.3419,0.1399,-0.4442,-0.5445,960.0
Anomalia,0.0231,0.1421,0.3657,-0.3419,0.144,-0.291,-0.5498,2880.0
Anomalia,0.0377,0.1432,0.4254,-0.3419,0.1481,-0.0056,-0.1633,960.0
Anomalia,0.0242,0.1456,0.4254,-0.3419,0.1476,0.1422,-0.236,480.0
Anomalia,0.028,0.1433,0.4254,-0.3344,0.146,0.2299,-0.1758,4080.0
Anomalia,0.028,0.1283,0.4254,-0.3344,0.1313,0.2021,0.5111,4080.0
Anomalia,0.0223,0.1169,0.3271,-0.3344,0.119,-0.1852,0.1021,4080.0
Anomalia,0.0249,0.1107,0.3271,-0.3344,0.1135,-0.0534,0.5632,5280.0
Anomalia,0.0323,0.1173,0.3845,-0.2741,0.1216,0.1775,0.2879,4080.0
Anomalia,0.0228,0.1322,0.3845,-0.2741,0.1341,0.1021,-0.2423,2640.0
Anomalia,0.0359,0.142,0.3889,-0.2741,0.1464,0.1449,-0.3153,3360.0
Anomalia,0.0301,0.147,0.3889,-0.2741,0.15,0.1107,-0.5091,3360.0
Anomalia,0.0225,0.1386,0.3889,-0.2574,0.1404,0.1185,-0.6617,3360.0
Anomalia,0.044,0.1384,0.4024,-0.2026,0.1452,0.199,-0.4493,3360.0
Anomalia,0.026,0.192,0.5626,-0.5305,0.1937,-0.2695,0.7878,5280.0
Anomalia,0.0276,0.2091,0.5626,-0.5305,0.2109,-0.1587,0.229,5280.0
Anomalia,0.0355,0.2229,0.5626,-0.5305,0.2257,-0.1238,-0.1256,5280.0
Anomalia,0.0038,0.2352,0.5626,-0.5305,0.2353,0.0356,-0.4647,5280.0
Anomalia,0.0284,0.1951,0.5224,-0.4504,0.1971,0.0414,-0.4119,5280.0
Anomalia,0.0312,0.2125,0.7894,-0.4504,0.2148,0.5176,0.7866,5280.0
Anomalia,0.0279,0.2553,0.9361,-0.6067,0.2568,0.6133,1.1587,3120.0
Anomalia,0.0454,0.2716,0.9361,-0.6379,0.2754,0.3671,0.664,5280.0
Anomalia,0.0365,0.3053,0.9361,-0.6379,0.3075,0.3937,0.1268,2880.0
Anomalia,0.0245,0.3026,0.9361,-0.6379,0.3035,0.2119,-0.0448,3360.0
Anomalia,0.03,0.261,0.784,-0.6379,0.2628,-0.0534,0.0669,3360.0
Anomalia,0.02,0.2392,0.784,-0.5689,0.24,0.1787,0.3978,3360.0
Anomalia,0.0164,0.1885,0.4982,-0.4986,0.1892,-0.1604,-0.0735,3360.0
Anomalia,0.0264,0.182,0.4982,-0.4358,0.1839,0.0764,-0.2711,2640.0
Anomalia,0.0256,0.1774,0.4982,-0.4358,0.1792,0.11,-0.2048,2880.0
Anomalia,0.0342,0.1743,0.493,-0.4358,0.1777,-0.0191,-0.1163,2880.0
Anomalia,0.0316,0.1788,0.493,-0.4358,0.1816,0.0425,-0.218,2880.0
Anomalia,0.0357,0.1506,0.4842,-0.3434,0.1548,0.0599,0.1603,2880.0
Anomalia,0.0332,0.1476,0.4842,-0.3434,0.1513,-0.0136,0.3022,2880.0
Anomalia,0.0306,0.1613,0.4898,-0.436,0.1642,-0.132,0.2485,960.0
Anomalia,0.0228,0.1788,0.4898,-0.436,0.1803,-0.0999,-0.088,3360.0
Anomalia,0.0345,0.185,0.4898,-0.436,0.1882,-0.031,-0.2264,3360.0
Anomalia,0.0171,0.1916,0.4898,-0.436,0.1924,0.1425,-0.4264,3360.0
Anomalia,0.03,0.1652,0.431,-0.4087,0.1679,0.0411,-0.2336,3360.0
Anomalia,0.0355,0.1388,0.431,-0.3204,0.1433,0.1199,-0.1945,3360.0
Anomalia,0.0211,0.1202,0.2958,-0.3204,0.122,-0.0638,-0.3287,3360.0
Anomalia,0.0445,0.1082,0.275,-0.2059,0.117,-0.1094,-0.4704,3840.0
Anomalia,0.0256,0.107,0.2677,-0.2059,0.11,-0.0547,-0.6526,960.0
Anomalia,0.0317,0.1137,0.2839,-0.1982,0.1181,0.154,-0.6433,960.0
Anomalia,0.0356,0.1165,0.2839,-0.1915,0.1218,0.1554,-0.8532,960.0
Anomalia,0.021,0.1254,0.2839,-0.3713,0.1271,-0.0017,-0.4081,960.0
Anomalia,0.0469,0.2174,0.8226,-0.4604,0.2224,1.0054,2.3998,960.0
Anomalia,0.0161,0.2667,0.8226,-0.732,0.2672,0.3326,1.0846,3120.0
Anomalia,0.0228,0.2855,0.8226,-0.732,0.2864,0.3014,0.3423,2880.0
Anomalia,0.0255,0.2931,0.8226,-0.732,0.2942,0.3712,0.1621,2880.0
Anomalia,0.0051,0.2483,0.5466,-0.732,0.2483,-0.0426,0.0672,2880.0
Anomalia,0.041,0.2007,0.5466,-0.373,0.2048,0.3711,-0.1969,3840.0
Anomalia,0.0403,0.2311,0.5889,-0.5633,0.2346,0.1081,-0.2312,5040.0
Anomalia,0.0262,0.2597,0.6822,-0.7078,0.261,-0.041,-0.0179,5040.0
Anomalia,0.0528,0.2732,0.6822,-0.7078,0.2782,-0.2119,0.0624,5040.0
Anomalia,0.0173,0.2832,0.6822,-0.7078,0.2837,0.006,-0.243,3360.0
Anomalia,0.0227,0.2513,0.6822,-0.7078,0.2524,0.0172,0.4834,3360.0
Anomalia,0.0387,0.2422,0.6346,-0.6067,0.2453,-0.0953,0.0122,3360.0
Anomalia,0.0183,0.225,0.5639,-0.5948,0.2258,0.0953,-0.1057,3360.0
Anomalia,0.0437,0.2521,0.5639,-0.8651,0.2559,-0.4021,0.5769,3360.0
Anomalia,0.0353,0.2448,0.5639,-0.8651,0.2473,-0.5121,0.7692,3120.0
Anomalia,0.022,0.2138,0.5021,-0.8651,0.2149,-0.5796,1.8102,5280.0
Anomalia,0.0364,0.2147,0.4915,-0.8651,0.2178,-0.6088,1.7268,3360.0
Anomalia,0.0224,0.1603,0.4596,-0.3713,0.1619,0.1578,0.1635,480.0
Anomalia,0.0256,0.1692,0.4596,-0.4652,0.1711,0.1529,0.1245,480.0
Anomalia,0.0385,0.175,0.4596,-0.4652,0.1792,0.0674,-0.0967,2880.0
Anomalia,0.0161,0.1589,0.3559,-0.4652,0.1597,-0.0801,-0.0414,2880.0
Anomalia,0.029,0.16,0.3559,-0.4652,0.1626,-0.1636,-0.2139,2880.0
Anomalia,0.0277,0.1485,0.3559,-0.3993,0.1511,-0.0472,-0.4305,3360.0
Anomalia,0.0272,0.129,0.3469,-0.3225,0.1319,0.1066,-0.4878,3120.0
Anomalia,0.0417,0.1184,0.3469,-0.3225,0.1256,-0.0833,-0.2214,3120.0
Anomalia,0.042,0.1209,0.3469,-0.2583,0.1279,0.0719,-0.4467,4080.0
Anomalia,0.0279,0.1202,0.3188,-0.2583,0.1234,0.127,-0.5752,4080.0
Anomalia,0.0354,0.1201,0.3188,-0.2583,0.1252,0.0648,-0.543,4080.0
Anomalia,0.0173,0.1187,0.3188,-0.2583,0.12,0.1706,-0.4533,4080.0
Anomalia,0.0213,0.1096,0.272,-0.2103,0.1117,0.2359,-0.6218,2880.0
Anomalia,0.0354,0.1376,0.4777,-0.33,0.1421,0.4311,0.9325,3840.0
Anomalia,0.0253,0.1575,0.4777,-0.33,0.1596,0.3163,0.3424,2640.0
Anomalia,0.0441,0.1721,0.4777,-0.33,0.1776,0.089,-0.2096,5040.0
Anomalia,0.023,0.1857,0.4777,-0.4103,0.1872,0.0374,-0.3387,5040.0
Anomalia,0.0194,0.1646,0.4135,-0.4103,0.1657,-0.1865,-0.278,5280.0
Anomalia,0.029,0.1562,0.4243,-0.4103,0.1589,-0.1468,-0.064,5280.0
Anomalia,0.0201,0.148,0.4243,-0.4103,0.1494,-0.1906,0.1735,2880.0
Anomalia,0.0481,0.1397,0.4514,-0.3382,0.1478,0.2749,0.1574,2880.0
Anomalia,0.0375,0.1423,0.4514,-0.3382,0.1471,0.3277,0.1613,720.0
Anomalia,0.0357,0.1443,0.4514,-0.3446,0.1486,-0.0056,0.1337,1920.0
Anomalia,0.0305,0.1308,0.4514,-0.3446,0.1343,0.1557,0.5168,480.0
Anomalia,0.0095,0.1388,0.4283,-0.3446,0.1391,0.0236,0.2441,1440.0
Anomalia,0.0217,0.204,0.8714,-0.7283,0.2052,0.2236,3.9503,1680.0
Anomalia,0.0316,0.2427,1.0623,-0.7283,0.2447,0.9675,3.7987,1920.0
Anomalia,0.0089,0.3016,1.0623,-0.8132,0.3018,0.261,1.4479,3360.0
Anomalia,0.0524,0.3226,1.0623,-0.8132,0.3269,0.0887,0.6757,3360.0
Anomalia,0.0192,0.3074,1.0623,-0.8132,0.308,0.2282,0.6204,3360.0
Anomalia,0.0196,0.2879,0.688,-0.8132,0.2885,-0.2384,0.0079,3360.0
Anomalia,0.0505,0.2426,0.688,-0.5574,0.2478,0.1503,-0.4827,3360.0
Anomalia,0.0139,0.2037,0.4481,-0.5574,0.2042,-0.0143,-0.3435,3360.0
Anomalia,0.0422,0.1885,0.4481,-0.338,0.1931,0.232,-0.8495,3360.0
Anomalia,0.042,0.171,0.4481,-0.3273,0.1761,0.1754,-0.5627,3120.0
Anomalia,0.0185,0.1723,0.4379,-0.4517,0.1732,-0.0925,-0.1851,2880.0
Anomalia,0.0323,0.1809,0.4379,-0.4517,0.1837,-0.3078,-0.4846,2880.0
Anomalia,0.0279,0.1674,0.378,-0.4517,0.1697,-0.4323,-0.1679,3120.0
Anomalia,0.0163,0.1705,0.4477,-0.4517,0.1712,-0.1833,-0.0894,2880.0
Anomalia,0.0442,0.177,0.5013,-0.4444,0.1824,-0.0432,-0.2494,480.0
Anomalia,0.0233,0.1983,0.5409,-0.469,0.1996,0.1391,-0.121,3360.0
Anomalia,0.0305,0.2035,0.5409,-0.469,0.2057,0.0772,-0.3355,3360.0
Anomalia,0.033,0.2069,0.5409,-0.469,0.2095,0.1976,-0.3001,3360.0
Anomalia,0.0155,0.1816,0.5409,-0.469,0.1822,0.3443,0.4266,3360.0
Anomalia,0.0294,0.1522,0.5203,-0.3396,0.155,0.3741,0.2564,960.0
Anomalia,0.0293,0.1408,0.5203,-0.275,0.1438,0.5312,0.6659,960.0
Anomalia,0.0141,0.1238,0.3256,-0.275,0.1246,0.0096,-0.4402,960.0
Anomalia,0.0344,0.119,0.3256,-0.2597,0.1238,-0.0442,-0.4297,960.0
Anomalia,0.023,0.1209,0.315,-0.2514,0.1231,-0.1717,-0.5081,960.0
Anomalia,0.0257,0.1167,0.2662,-0.2514,0.1195,-0.3158,-0.4056,960.0
Anomalia,0.0495,0.1331,0.4727,-0.3129,0.142,-0.0079,0.644,960.0
Anomalia,0.0364,0.1857,0.5384,-0.4466,0.1892,0.1366,0.2392,5040.0
Anomalia,0.0434,0.2278,0.6223,-0.6067,0.2319,-0.1132,0.1109,2880.0
Anomalia,0.0275,0.2468,0.6223,-0.6067,0.2483,-0.0165,-0.4675,2880.0
Anomalia,0.012,0.2472,0.6223,-0.6067,0.2475,0.0353,-0.5306,2880.0
Anomalia,0.0225,0.2166,0.6223,-0.6067,0.2177,-0.2251,0.0227,480.0
Anomalia,0.0122,0.1866,0.5142,-0.4383,0.187,-0.1526,-0.4089,2880.0
Anomalia,0.0439,0.1887,0.5497,-0.4383,0.1938,0.0055,-0.0375,5040.0
Anomalia,0.0276,0.194,0.5497,-0.4385,0.196,-0.0703,0.1229,5040.0
Anomalia,0.0322,0.2121,0.5497,-0.4385,0.2145,0.0044,-0.2134,5280.0
Anomalia,0.0362,0.197,0.5497,-0.4385,0.2003,0.027,0.0309,5280.0
Anomalia,0.0146,0.1767,0.5109,-0.4385,0.1773,-0.1197,0.1351,5280.0
Anomalia,0.0299,0.1648,0.5109,-0.4053,0.1675,0.1384,-0.1044,3360.0
Anomalia,0.0271,0.1356,0.3227,-0.3242,0.1383,-0.108,-0.6412,3360.0
Anomalia,0.0264,0.1543,0.3444,-0.3718,0.1566,-0.2822,-0.4615,5280.0
Anomalia,0.0354,0.1556,0.3444,-0.3718,0.1595,-0.3863,-0.385,5280.0
Anomalia,0.0319,0.1555,0.3444,-0.3718,0.1588,-0.4241,-0.3833,5040.0
Anomalia,0.0215,0.1558,0.3444,-0.3718,0.1573,-0.3311,-0.4778,5280.0
Anomalia,0.037,0.1343,0.3315,-0.3183,0.1393,-0.3404,-0.4494,1680.0
Anomalia,0.0276,0.1481,0.4646,-0.5061,0.1507,-0.4149,1.0713,2640.0
Anomalia,0.0419,0.171,0.5829,-0.5061,0.1761,-0.1418,1.061,960.0
Anomalia,0.0299,0.1825,0.5829,-0.5061,0.1849,0.0737,0.5284,5040.0
Anomalia,0.0215,0.1875,0.5829,-0.5061,0.1888,0.1793,0.3734,5280.0
Anomalia,0.0172,0.1713,0.5829,-0.422,0.1722,0.4737,0.4615,960.0
Anomalia,0.0164,0.1341,0.4567,-0.3123,0.1351,0.4201,0.4137,960.0
Anomalia,0.0319,0.1235,0.3594,-0.3123,0.1275,0.314,0.0534,960.0
Anomalia,0.0357,0.1145,0.3594,-0.2576,0.1199,0.2854,0.0856,1200.0
Anomalia,0.0406,0.1067,0.3231,-0.2576,0.1141,0.0509,0.1414,960.0
Anomalia,0.0246,0.1095,0.3231,-0.2576,0.1122,0.2342,0.1249,960.0
Anomalia,0.0268,0.1028,0.3231,-0.2576,0.1062,-0.074,-0.1043,960.0
Anomalia,0.0237,0.1005,0.3062,-0.2122,0.1033,0.1624,-0.4279,2640.0
Anomalia,0.0209,0.1312,0.5814,-0.2983,0.1329,0.4772,1.1823,4080.0
Anomalia,0.0509,0.2133,0.7095,-0.7504,0.2193,0.2033,1.5382,3360.0
Anomalia,0.0242,0.2697,0.7095,-0.7804,0.2708,-0.3768,1.0569,3120.0
Anomalia,0.0274,0.2831,0.7095,-0.7804,0.2844,-0.3619,0.5224,3120.0
Anomalia,0.0221,0.2858,0.7095,-0.7804,0.2867,-0.3445,0.3655,3120.0
Anomalia,0.0039,0.2407,0.5203,-0.7804,0.2407,-0.6776,1.0365,2880.0
Anomalia,0.0359,0.1916,0.4617,-0.4283,0.195,-0.1513,-0.5626,2880.0
Anomalia,0.0297,0.1768,0.456,-0.3705,0.1793,-0.1127,-0.6635,4080.0
Anomalia,0.0379,0.1642,0.3882,-0.3361,0.1685,-0.2298,-0.8053,4080.0
Anomalia,0.0381,0.1593,0.372,-0.3448,0.1638,-0.3231,-0.7553,2640.0
Anomalia,0.0186,0.1703,0.4335,-0.3448,0.1713,0.1395,-0.7516,2880.0
Anomalia,0.0282,0.1833,0.4335,-0.3448,0.1855,0.1063,-0.8494,2880.0
Anomalia,0.0346,0.2172,0.8121,-0.4631,0.22,0.4291,0.2688,4080.0
Anomalia,0.0323,0.2561,0.8359,-0.4844,0.2581,0.5614,0.1591,1920.0
Anomalia,0.0334,0.2819,0.8359,-0.6436,0.2839,0.235,-0.1009,1920.0
Anomalia,0.0321,0.2847,0.8359,-0.6436,0.2865,0.3002,-0.0872,2880.0
Anomalia,0.011,0.2621,0.8359,-0.6436,0.2624,0.3499,0.1393,3360.0
Anomalia,0.0237,0.2327,0.5854,-0.6436,0.2339,0.0224,-0.0215,3360.0
Anomalia,0.0225,0.1909,0.5687,-0.34,0.1923,0.4462,-0.2628,3360.0
Anomalia,0.0323,0.1776,0.4427,-0.34,0.1806,0.1907,-0.6597,4080.0
Anomalia,0.0423,0.178,0.4427,-0.3513,0.1829,0.084,-0.6276,4080.0
Anomalia,0.036,0.1569,0.4062,-0.3513,0.161,0.0174,-0.4407,4080.0
Anomalia,0.0306,0.1568,0.3613,-0.3513,0.1598,-0.0694,-0.5224,2880.0
Anomalia,0.0167,0.1509,0.3613,-0.3513,0.1518,-0.1537,-0.3747,2880.0
Anomalia,0.018,0.13,0.3188,-0.3386,0.1312,-0.2385,-0.2086,2880.0
Anomalia,0.0155,0.134,0.3188,-0.3386,0.1349,-0.3036,-0.2687,2880.0
Anomalia,0.0445,0.122,0.3407,-0.2946,0.1298,-0.2977,0.0249,960.0
Anomalia,0.034,0.1352,0.3407,-0.3657,0.1394,-0.4228,0.1151,3360.0
Anomalia,0.044,0.1375,0.3407,-0.3657,0.1444,-0.5424,0.0975,3360.0
Anomalia,0.0323,0.1348,0.3407,-0.3657,0.1386,-0.3468,-0.0775,960.0
Anomalia,0.0251,0.1325,0.2925,-0.3657,0.1349,-0.3799,-0.195,960.0
Anomalia,0.032,0.1269,0.4448,-0.2553,0.1308,0.2325,0.0059,5280.0
Anomalia,0.0249,0.155,0.4448,-0.4715,0.157,-0.0147,0.1709,960.0
Anomalia,0.034,0.1773,0.4448,-0.4715,0.1805,-0.0759,-0.4386,3360.0
Anomalia,0.0161,0.19,0.4448,-0.4715,0.1907,0.0401,-0.602,3360.0
Anomalia,0.0212,0.1868,0.3951,-0.4715,0.188,-0.1319,-0.6851,3360.0
Anomalia,0.0186,0.1946,0.5209,-0.377,0.1955,0.206,-0.5474,960.0
Anomalia,0.0225,0.1818,0.5209,-0.377,0.1832,0.1144,-0.2704,960.0
Anomalia,0.04,0.1827,0.5209,-0.4224,0.187,0.0238,-0.238,960.0
Anomalia,0.0339,0.1882,0.5209,-0.4224,0.1912,0.013,-0.3838,480.0
Anomalia,0.0407,0.1548,0.4316,-0.4224,0.1601,-0.387,-0.121,5280.0
Anomalia,0.0324,0.1412,0.4316,-0.4224,0.1448,-0.264,0.4692,5280.0
Anomalia,0.0234,0.1129,0.2656,-0.3115,0.1153,-0.4408,0.0964,2880.0
Anomalia,0.0339,0.1534,0.6016,-0.4323,0.1571,0.5481,2.1632,5280.0
Anomalia,0.0338,0.2276,0.9112,-0.4323,0.2301,1.0904,2.2531,5280.0
Anomalia,0.0225,0.286,0.9112,-0.6778,0.2868,0.3384,0.3586,5280.0
Anomalia,0.0351,0.3164,0.9112,-0.6778,0.3183,0.3016,-0.3502,5280.0
Anomalia,0.0183,0.3068,0.9112,-0.6778,0.3073,0.3719,-0.1193,3360.0
Anomalia,0.0207,0.2694,0.7026,-0.6778,0.2701,0.0012,-0.1639,3360.0
Anomalia,0.038,0.2307,0.7026,-0.387,0.2338,0.4627,-0.0844,3360.0
Anomalia,0.0198,0.2029,0.5393,-0.387,0.2039,0.3389,-0.178,3360.0
Anomalia,0.0361,0.1963,0.5393,-0.374,0.1996,0.3524,-0.1178,2640.0
Anomalia,0.0321,0.1862,0.5071,-0.374,0.1889,0.2698,-0.3065,3120.0
Anomalia,0.0152,0.1773,0.4581,-0.374,0.178,0.0183,-0.5034,4080.0
Anomalia,0.0316,0.1818,0.4617,-0.3511,0.1845,-0.0985,-0.5398,2880.0
Anomalia,0.0219,0.169,0.4617,-0.3511,0.1704,-0.1777,-0.3631,3840.0
Anomalia,0.0258,0.199,0.4738,-0.6365,0.2006,-0.3562,0.2733,3840.0
Anomalia,0.056,0.2104,0.5299,-0.6365,0.2178,-0.2208,0.3046,3840.0
Anomalia,0.0278,0.2134,0.5299,-0.6365,0.2152,-0.1571,0.3095,720.0
Anomalia,0.0344,0.216,0.5299,-0.6365,0.2187,-0.1906,0.17,3360.0
Anomalia,0.0273,0.1888,0.5299,-0.5172,0.1908,0.1,0.1469,3360.0
Anomalia,0.0029,0.1496,0.3803,-0.5172,0.1497,-0.2615,0.6584,3360.0
Anomalia,0.0417,0.1389,0.3803,-0.2683,0.145,0.1938,-0.4991,3360.0
Anomalia,0.0289,0.1326,0.3803,-0.2683,0.1357,0.3809,-0.1666,3360.0
Anomalia,0.0268,0.1176,0.3501,-0.2357,0.1206,0.3402,-0.0635,480.0
Anomalia,0.0379,0.1196,0.3501,-0.2357,0.1255,0.339,-0.1252,960.0
Anomalia,0.0051,0.1031,0.3373,-0.2357,0.1032,0.1184,0.254,2880.0
Anomalia,0.0272,0.1016,0.3465,-0.2236,0.1051,0.372,0.6111,2880.0
Anomalia,0.0278,0.1424,0.4281,-0.4786,0.145,-0.1566,1.3984,5040.0
Anomalia,0.0194,0.2224,0.7026,-0.6121,0.2233,-0.0697,1.057,2640.0
Anomalia,0.0523,0.2615,0.7026,-0.6121,0.2666,-0.1678,0.1478,3120.0
Anomalia,0.0147,0.287,0.7026,-0.6121,0.2874,0.073,-0.4925,3120.0
Anomalia,0.0339,0.2834,0.7026,-0.6121,0.2854,-0.0011,-0.46,3120.0
Anomalia,0.0376,0.2408,0.6304,-0.5555,0.2438,0.0462,-0.3471,2880.0
Anomalia,0.0132,0.2095,0.503,-0.5555,0.21,0.0598,-0.5038,2880.0
Anomalia,0.0434,0.1916,0.4809,-0.3674,0.1964,-0.0486,-0.7413,2880.0
Anomalia,0.0131,0.193,0.4252,-0.4343,0.1934,-0.1271,-0.7878,960.0
Anomalia,0.0222,0.1835,0.4556,-0.4343,0.1848,-0.0899,-0.5467,960.0
Anomalia,0.0279,0.1722,0.4556,-0.4343,0.1744,-0.1818,-0.3223,2880.0
Anomalia,0.0185,0.1658,0.4556,-0.4343,0.1669,-0.1888,-0.2284,2880.0
Anomalia,0.0383,0.1808,0.616,-0.6672,0.1848,-0.0972,1.2935,2640.0
Anomalia,0.036,0.194,0.616,-0.6672,0.1973,0.0246,1.0739,4080.0
Anomalia,0.0271,0.2256,0.616,-0.6672,0.2272,-0.1401,0.3617,4320.0
Anomalia,0.0404,0.2342,0.616,-0.6672,0.2377,-0.131,0.1318,3120.0
Anomalia,0.0229,0.2165,0.5962,-0.5382,0.2177,0.0249,-0.1244,3360.0
Anomalia,0.0207,0.201,0.5265,-0.5382,0.2021,-0.1788,-0.0649,3360.0
Anomalia,0.0311,0.1638,0.495,-0.3346,0.1667,0.1573,-0.295,3360.0
Anomalia,0.0169,0.1428,0.3811,-0.3459,0.1438,-0.0728,-0.5608,3840.0
Anomalia,0.0469,0.1417,0.4481,-0.3459,0.1493,-0.0778,0.0337,480.0
Anomalia,0.0345,0.1408,0.4481,-0.3459,0.145,0.1127,-0.1476,3840.0
Anomalia,0.0313,0.1419,0.4481,-0.3459,0.1453,-0.0174,-0.3134,480.0
Anomalia,0.0304,0.1339,0.4481,-0.319,0.1373,0.2147,-0.2799,480.0
Anomalia,0.0142,0.1164,0.2729,-0.2078,0.1172,0.1642,-0.7451,5040.0
Anomalia,0.024,0.1087,0.2729,-0.2078,0.1113,0.178,-0.5119,5040.0
Anomalia,0.0348,0.1058,0.2683,-0.1738,0.1114,0.2528,-0.7836,5280.0
Anomalia,0.0349,0.1107,0.2683,-0.2485,0.1161,0.1318,-0.6955,960.0
Anomalia,0.0254,0.1111,0.2683,-0.2485,0.1139,0.1644,-0.6246,960.0
Anomalia,0.0281,0.1228,0.3021,-0.2485,0.126,0.1225,-0.7766,960.0
Anomalia,0.0171,0.1229,0.3626,-0.2485,0.1241,0.3377,-0.3539,960.0
Anomalia,0.0342,0.1397,0.4254,-0.2295,0.1439,0.5156,-0.1834,1200.0
Anomalia,0.0461,0.1575,0.4784,-0.2971,0.1641,0.3256,-0.3319,960.0
Anomalia,0.0342,0.1773,0.4784,-0.4748,0.1806,0.0598,-0.1775,3120.0
Anomalia,0.0497,0.1953,0.4882,-0.4748,0.2015,-0.0213,-0.3959,2880.0
Anomalia,0.0201,0.1924,0.4882,-0.4748,0.1935,0.0397,-0.2521,2880.0
Anomalia,0.0236,0.1891,0.4882,-0.4748,0.1905,-0.1126,-0.3525,2880.0
Anomalia,0.0329,0.2124,0.6626,-0.5845,0.2149,-0.1229,0.1385,2880.0
Anomalia,0.004,0.2424,0.7623,-0.6096,0.2424,0.1114,0.5304,5040.0
Anomalia,0.0343,0.249,0.7623,-0.6096,0.2513,-0.1092,0.2402,5040.0
Anomalia,0.0204,0.2608,0.7623,-0.6096,0.2616,0.0443,-0.0537,3360.0
Anomalia,0.0274,0.2365,0.7623,-0.6096,0.2381,0.0723,0.3074,3360.0
Anomalia,0.0399,0.2014,0.5443,-0.5003,0.2054,-0.2401,-0.2872,3360.0
Anomalia,0.0249,0.2634,0.9202,-0.9667,0.2646,-0.2588,2.0977,3360.0
Anomalia,0.0491,0.3653,1.3291,-0.9667,0.3686,0.4445,1.8851,5280.0
Anomalia,0.0163,0.4094,1.3291,-0.9667,0.4097,0.1765,0.9985,5280.0
Anomalia,0.0315,0.4499,1.3291,-0.9667,0.451,0.1983,0.1758,3360.0
Anomalia,0.0248,0.4288,1.3291,-0.9632,0.4295,0.297,0.3327,3360.0
Anomalia,0.015,0.3537,1.0005,-0.9632,0.354,-0.1328,0.1709,3360.0
Anomalia,0.0345,0.3182,1.0005,-0.6778,0.3201,0.2595,-0.1218,3360.0
Anomalia,0.0358,0.2691,0.659,-0.6231,0.2715,-0.0267,-0.5872,3360.0
Anomalia,0.0331,0.2468,0.659,-0.6231,0.249,0.1206,-0.2437,3360.0
Anomalia,0.0378,0.2211,0.6067,-0.6231,0.2243,0.0187,0.021,3360.0
Anomalia,0.033,0.2109,0.6067,-0.4316,0.2135,0.138,-0.2849,3360.0
Anomalia,0.0157,0.1854,0.4527,-0.4316,0.186,-0.0096,-0.4136,3120.0
Anomalia,0.0333,0.181,0.4527,-0.4316,0.184,-0.1072,-0.2153,3120.0
Anomalia,0.0158,0.186,0.3845,-0.4696,0.1866,-0.3169,-0.3613,3840.0
Anomalia,0.0401,0.1732,0.459,-0.4696,0.1777,-0.2425,-0.0647,960.0
Anomalia,0.0331,0.1677,0.459,-0.4696,0.1709,-0.1603,0.0589,720.0
Anomalia,0.0307,0.1641,0.459,-0.4696,0.1669,-0.0549,0.1909,3360.0
Anomalia,0.0338,0.1489,0.459,-0.2837,0.1527,0.3196,-0.1701,3360.0
Anomalia,0.0221,0.1257,0.353,-0.2837,0.1276,0.1706,-0.0403,480.0
Anomalia,0.0374,0.1217,0.353,-0.2837,0.1273,0.1783,-0.0585,3360.0
Anomalia,0.0342,0.1118,0.3008,-0.2243,0.117,0.0701,-0.3278,2880.0
Anomalia,0.0334,0.1012,0.2658,-0.2243,0.1066,0.0829,-0.0743,4320.0
Anomalia,0.0247,0.0962,0.2658,-0.2243,0.0993,0.2785,0.014,960.0
Anomalia,0.0273,0.092,0.2472,-0.2243,0.096,0.1144,-0.0811,960.0
Anomalia,0.0206,0.0899,0.2472,-0.1782,0.0922,0.3346,-0.406,960.0
Anomalia,0.0274,0.1444,0.566,-0.315,0.147,0.9006,2.0232,5040.0
Anomalia,0.0307,0.2197,0.6561,-0.5756,0.2218,0.2562,0.6764,4080.0
Anomalia,0.0315,0.2447,0.6561,-0.5756,0.2468,0.3483,0.0341,4080.0
Anomalia,0.0384,0.2631,0.6561,-0.5756,0.2659,0.249,-0.5147,4080.0
Anomalia,0.0291,0.2484,0.6561,-0.5756,0.2501,0.2731,-0.2542,4080.0
Anomalia,0.0378,0.1894,0.6188,-0.4045,0.1931,0.4697,0.1106,2880.0
Anomalia,0.0224,0.177,0.4558,-0.3728,0.1784,0.2008,-0.3224,2880.0
Anomalia,0.0319,0.2157,0.6371,-0.6202,0.2181,0.0176,0.52,5280.0
Anomalia,0.0374,0.2482,0.6371,-0.6202,0.251,-0.0526,-0.2754,5280.0
Anomalia,0.0324,0.2717,0.6371,-0.6202,0.2736,0.0248,-0.5921,5280.0
Anomalia,0.0339,0.2787,0.6371,-0.6202,0.2807,0.0107,-0.7682,3360.0
Anomalia,0.0234,0.2361,0.6277,-0.5101,0.2373,0.0939,-0.59,3360.0
Anomalia,0.0224,0.2097,0.6277,-0.5101,0.2109,0.0692,-0.2604,3360.0
Anomalia,0.0317,0.1907,0.4053,-0.3989,0.1934,-0.1304,-0.6779,3360.0
Anomalia,0.0396,0.1835,0.4333,-0.3989,0.1877,-0.0577,-0.6139,3360.0
Anomalia,0.0312,0.1856,0.4333,-0.3989,0.1882,-0.0361,-0.646,5280.0
Anomalia,0.0334,0.1823,0.5088,-0.3749,0.1854,0.1318,-0.5185,5280.0
Anomalia,0.0223,0.1717,0.5088,-0.3188,0.1731,0.2984,-0.4009,2880.0
Anomalia,0.0196,0.1458,0.5088,-0.2948,0.1471,0.2566,0.1943,2880.0
Anomalia,0.035,0.1534,0.5088,-0.2539,0.1573,0.4559,0.0296,2880.0
Anomalia,0.0362,0.1565,0.4927,-0.2539,0.1607,0.5284,0.0384,4080.0
Anomalia,0.0339,0.1612,0.4927,-0.2992,0.1647,0.4557,0.089,4080.0
Anomalia,0.0348,0.1676,0.4927,-0.2992,0.1712,0.4493,-0.1918,4080.0
Anomalia,0.0298,0.156,0.4927,-0.2992,0.1588,0.361,0.0413,4080.0
Anomalia,0.025,0.1349,0.3813,-0.2992,0.1372,-0.0007,-0.3361,960.0
Anomalia,0.0485,0.122,0.3559,-0.275,0.1313,-0.2869,-0.4306,960.0
Anomalia,0.0335,0.1272,0.3536,-0.275,0.1315,-0.0589,-0.6766,960.0
Anomalia,0.0356,0.1222,0.3536,-0.2113,0.1272,0.0952,-0.7073,1200.0
Anomalia,0.0354,0.1203,0.3536,-0.2113,0.1254,0.0915,-0.8155,960.0
Anomalia,0.0033,0.1252,0.3536,-0.2789,0.1252,0.3642,-0.4751,960.0
Anomalia,0.0286,0.1311,0.3534,-0.2789,0.1342,0.1129,-0.6877,960.0
Anomalia,0.0257,0.1295,0.3534,-0.2789,0.1321,0.0789,-0.5527,960.0
Anomalia,0.0196,0.1743,0.4456,-0.4254,0.1754,0.1065,-0.0567,2640.0
Anomalia,0.0405,0.2088,0.6054,-0.5639,0.2127,0.0092,0.1626,3120.0
Anomalia,0.0202,0.2452,0.6071,-0.5889,0.2461,0.2402,-0.0224,3120.0
Anomalia,0.0362,0.2685,0.6071,-0.5889,0.2709,0.1955,-0.5905,2880.0
Anomalia,0.0447,0.2492,0.6071,-0.5889,0.2532,0.1845,-0.1966,2880.0
Anomalia,0.0341,0.2258,0.6071,-0.5889,0.2284,0.2766,0.0123,2880.0
Anomalia,0.051,0.19,0.5603,-0.3891,0.1967,0.1246,-0.3729,2880.0
Anomalia,0.0213,0.1613,0.4212,-0.3891,0.1627,0.0169,-0.5289,2880.0
Anomalia,0.0284,0.1429,0.4212,-0.3891,0.1457,-0.164,-0.1739,480.0
Anomalia,0.0305,0.1263,0.4212,-0.3891,0.1299,-0.0395,0.3938,2640.0
Anomalia,0.0139,0.0984,0.241,-0.2476,0.0994,-0.3855,-0.1061,1200.0
Anomalia,0.0337,0.1346,0.49,-0.4421,0.1387,0.1069,2.4826,1680.0
Anomalia,0.0326,0.2109,0.7222,-0.639,0.2134,0.494,1.6278,1920.0
Anomalia,0.0297,0.2716,0.7222,-0.8922,0.2732,-0.2443,0.6839,1920.0
Anomalia,0.0461,0.2882,0.7222,-0.8922,0.2919,-0.2378,0.1779,3360.0
Anomalia,0.0231,0.2832,0.7222,-0.8922,0.2841,-0.1152,0.2281,3360.0
Anomalia,0.016,0.25,0.601,-0.8922,0.2505,-0.3781,0.5895,3360.0
Anomalia,0.0246,0.1979,0.601,-0.3978,0.1994,0.3733,-0.247,3360.0
Anomalia,0.016,0.186,0.4402,-0.495,0.1867,-0.0753,-0.3303,3360.0
Anomalia,0.0394,0.1674,0.4402,-0.495,0.172,-0.1577,0.2498,4080.0
Anomalia,0.0413,0.1445,0.4095,-0.495,0.1503,-0.3006,0.8048,3120.0
Anomalia,0.0374,0.1402,0.2787,-0.495,0.1451,-0.8701,1.258,2880.0
Anomalia,0.0305,0.1242,0.2706,-0.3953,0.1279,-0.5623,0.6747,2880.0
Anomalia,0.034,0.1211,0.2706,-0.3953,0.1258,-0.7447,0.9542,960.0
Anomalia,0.0202,0.1206,0.2829,-0.3953,0.1223,-0.6704,0.7305,5280.0
Anomalia,0.0278,0.129,0.3599,-0.345,0.132,-0.1059,0.2496,5280.0
Anomalia,0.0253,0.1266,0.3599,-0.345,0.1291,0.0891,0.2049,960.0
Anomalia,0.0166,0.1307,0.3599,-0.345,0.1318,0.1879,0.0684,960.0
Anomalia,0.0345,0.1335,0.3599,-0.345,0.1378,0.0424,0.1371,960.0
Anomalia,0.0224,0.1158,0.3536,-0.2478,0.1179,0.1059,-0.0321,5280.0
Anomalia,0.0445,0.1235,0.3847,-0.2478,0.1313,0.007,-0.0108,960.0
Anomalia,0.0364,0.1323,0.3847,-0.3849,0.1373,-0.2195,0.5493,5280.0
Anomalia,0.0237,0.1261,0.3847,-0.3849,0.1283,-0.1513,0.5932,3360.0
Anomalia,0.0379,0.1241,0.3847,-0.3849,0.1297,-0.2659,0.6503,3360.0
Anomalia,0.0165,0.1218,0.2606,-0.3849,0.1229,-0.2632,0.2248,3360.0
Anomalia,0.0402,0.126,0.4145,-0.2326,0.1322,0.0947,-0.5041,960.0
Anomalia,0.0442,0.1652,0.446,-0.4671,0.171,-0.1977,-0.0424,5040.0
Anomalia,0.0212,0.1964,0.455,-0.4838,0.1976,0.0325,-0.3739,5040.0
Anomalia,0.0501,0.2112,0.455,-0.4838,0.2171,-0.2375,-0.5725,5040.0
Anomalia,0.0058,0.2316,0.455,-0.4838,0.2317,-0.0431,-0.8591,5280.0
Anomalia,0.0256,0.2101,0.455,-0.4838,0.2117,-0.296,-0.4959,3360.0
Anomalia,0.025,0.2008,0.4331,-0.4704,0.2023,-0.6338,-0.2192,3360.0
Anomalia,-0.0025,0.2278,0.6845,-0.5837,0.2278,-0.2581,0.2325,3360.0
Anomalia,0.0435,0.2963,1.0769,-0.8092,0.2995,0.2372,1.2735,5280.0
Anomalia,0.0298,0.3412,1.0769,-0.8841,0.3425,0.1107,0.3596,5280.0
Anomalia,0.0412,0.3599,1.0769,-0.8841,0.3623,0.061,-0.0478,5280.0
Anomalia,0.0571,0.3427,1.0769,-0.8841,0.3475,0.01,0.2344,3360.0
Anomalia,0.0265,0.2707,0.6924,-0.8841,0.272,-0.1882,0.6351,3360.0
Anomalia,0.0239,0.2242,0.6924,-0.6357,0.2254,0.0524,0.2513,3360.0
Anomalia,0.0322,0.1826,0.5174,-0.4671,0.1854,0.0274,-0.3222,3360.0
Anomalia,0.0209,0.1637,0.4193,-0.4671,0.165,-0.1313,-0.2422,5280.0
Anomalia,0.0388,0.1655,0.4193,-0.4671,0.1699,-0.2992,-0.1034,5280.0
Anomalia,0.0343,0.167,0.4193,-0.3753,0.1705,-0.2276,-0.3569,5280.0
Anomalia,0.0215,0.1566,0.3753,-0.3753,0.1581,-0.1589,-0.2432,2880.0
Anomalia,0.037,0.152,0.3753,-0.3753,0.1564,-0.2831,0.048,2880.0
Anomalia,0.0252,0.1574,0.3651,-0.3953,0.1594,-0.2177,-0.1437,2880.0
Anomalia,0.0323,0.1544,0.406,-0.3953,0.1577,-0.1827,-0.2969,5280.0
Anomalia,0.0408,0.1531,0.406,-0.3953,0.1584,-0.2657,-0.2637,960.0
Anomalia,0.0191,0.1579,0.406,-0.3953,0.159,-0.0208,-0.5154,960.0
Anomalia,0.0275,0.1391,0.406,-0.3442,0.1418,0.0644,-0.2866,960.0
Anomalia,0.0302,0.1251,0.3561,-0.3012,0.1287,0.2438,-0.2426,1200.0
Anomalia,0.0278,0.1234,0.3561,-0.3012,0.1265,0.2779,-0.1565,960.0
Anomalia,0.0468,0.1103,0.3561,-0.209,0.1198,0.3409,-0.1991,4080.0
Anomalia,0.0403,0.1145,0.3561,-0.2297,0.1214,0.1478,-0.1991,4080.0
Anomalia,0.033,0.1008,0.2802,-0.2297,0.106,-0.0213,-0.3061,4080.0
Anomalia,0.0407,0.1013,0.2547,-0.2297,0.1091,-0.2189,-0.2912,960.0
Anomalia,0.0228,0.1126,0.3951,-0.2345,0.1149,0.1251,-0.0144,960.0
Anomalia,0.031,0.1699,0.7043,-0.5854,0.1727,0.3857,3.2586,960.0
Anomalia,0.0154,0.2482,0.7637,-0.8236,0.2487,-0.2516,1.8365,4080.0
Anomalia,0.0262,0.2863,0.7637,-0.8236,0.2875,-0.3523,0.6858,4080.0
Anomalia,0.0315,0.3062,0.7637,-0.8236,0.3079,-0.3027,0.1247,2880.0
Anomalia,0.0243,0.2907,0.7637,-0.8236,0.2917,-0.3875,0.2501,2880.0
Anomalia,0.046,0.2384,0.5877,-0.7362,0.2428,-0.3573,0.3077,2880.0
Anomalia,0.0233,0.214,0.5877,-0.4884,0.2153,0.0056,-0.2637,2880.0
Anomalia,0.0262,0.2121,0.4927,-0.6042,0.2137,-0.3343,-0.205,2880.0
Anomalia,0.0449,0.2163,0.4927,-0.6042,0.2209,-0.3916,-0.2232,5040.0
Anomalia,0.0335,0.2223,0.4927,-0.6042,0.2248,-0.4097,-0.311,3360.0
Anomalia,0.04,0.205,0.4379,-0.6042,0.2088,-0.4545,-0.0415,3360.0
Anomalia,0.0343,0.1769,0.4066,-0.4281,0.1802,-0.2305,-0.2423,3360.0
Anomalia,0.0061,0.1964,0.6058,-0.6805,0.1965,-0.1912,1.0324,3360.0
Anomalia,0.0322,0.219,0.7398,-0.6805,0.2214,0.1722,0.9888,3360.0
Anomalia,0.0323,0.2406,0.7398,-0.6805,0.2428,0.108,0.4129,3120.0
Anomalia,0.0403,0.237,0.7398,-0.6805,0.2404,0.0088,0.543,3120.0
Anomalia,0.0561,0.2181,0.7398,-0.5626,0.2252,0.1309,0.1888,3360.0
Anomalia,0.0218,0.1842,0.5113,-0.5626,0.1855,0.1227,0.2381,3360.0
Anomalia,0.0242,0.1506,0.4281,-0.2743,0.1526,0.1611,-0.337,3360.0
Anomalia,0.0168,0.1629,0.4281,-0.3851,0.1637,0.0434,-0.3761,3360.0
Anomalia,0.0218,0.1432,0.3774,-0.3851,0.1448,-0.2832,-0.2348,960.0
Anomalia,0.0362,0.1373,0.3774,-0.3851,0.142,-0.4202,0.0853,3360.0
Anomalia,0.0369,0.1411,0.3774,-0.3851,0.1459,-0.3976,0.0166,960.0
Anomalia,0.0369,0.1328,0.3774,-0.2485,0.1378,-0.0643,-0.3473,960.0
Anomalia,0.033,0.1222,0.3367,-0.2485,0.1266,-0.01,-0.1537,960.0
Anomalia,0.0405,0.1285,0.3367,-0.2485,0.1347,0.1204,-0.1703,960.0
Anomalia,0.0243,0.1189,0.3367,-0.246,0.1214,0.4131,0.2072,5280.0
Anomalia,0.0445,0.1055,0.3367,-0.1865,0.1145,0.4199,0.1745,5280.0
Anomalia,0.0261,0.1061,0.3342,-0.1865,0.1093,0.464,-0.0579,480.0
Anomalia,0.0203,0.0926,0.2324,-0.175,0.0948,0.2759,-0.4969,480.0
Anomalia,0.0474,0.1096,0.4247,-0.169,0.1194,0.5396,0.2338,240.0
Anomalia,0.019,0.1201,0.4247,-0.3123,0.1216,0.2925,0.7848,2640.0
Anomalia,0.045,0.1384,0.4565,-0.3123,0.1455,0.2019,0.5029,5040.0
Anomalia,0.0337,0.1567,0.4565,-0.3325,0.1602,0.0041,0.0339,3120.0
Anomalia,0.0156,0.1484,0.4565,-0.3325,0.1493,0.0259,0.1171,3120.0
Anomalia,0.034,0.1527,0.4565,-0.3467,0.1565,-0.0505,0.0633,2880.0
Anomalia,0.0178,0.1501,0.3755,-0.3467,0.1512,-0.1229,-0.1894,2880.0
Anomalia,0.0327,0.1619,0.416,-0.3943,0.1652,-0.0492,-0.1406,4080.0
Anomalia,0.0401,0.1921,0.707,-0.3943,0.1963,0.5507,0.886,4080.0
Anomalia,0.0344,0.1998,0.707,-0.4721,0.2027,0.4763,0.7833,5040.0
Anomalia,0.0426,0.1976,0.707,-0.4721,0.2021,0.4469,0.8222,3360.0
Anomalia,0.0405,0.1795,0.707,-0.4721,0.184,0.6073,1.7995,3360.0
Anomalia,0.018,0.1905,0.4658,-0.4915,0.1914,-0.3106,0.1147,3360.0
Anomalia,0.0203,0.2692,1.1828,-0.7702,0.27,0.4782,2.4045,3360.0
Anomalia,0.0141,0.3749,1.1828,-0.9688,0.3751,0.4586,1.0559,5040.0
Anomalia,0.0305,0.4258,1.1828,-0.9688,0.4268,0.344,-0.1306,3360.0
Anomalia,0.0473,0.4427,1.1828,-0.9688,0.4453,0.2735,-0.3617,3360.0
Anomalia,0.0404,0.4121,1.1234,-0.9688,0.4141,0.2382,-0.2256,3360.0
Anomalia,0.0464,0.3365,0.8841,-0.7464,0.3397,0.146,-0.4789,3360.0
Anomalia,0.0225,0.282,0.8841,-0.5754,0.2829,0.1291,-0.1443,3360.0
Anomalia,0.0303,0.2459,0.5921,-0.4992,0.2478,-0.1611,-0.7207,3360.0
Anomalia,0.0357,0.2139,0.5921,-0.4992,0.2168,-0.0783,-0.0287,3360.0
Anomalia,0.0334,0.1858,0.537,-0.49,0.1888,-0.135,0.0526,3120.0
Anomalia,0.0397,0.1892,0.537,-0.49,0.1933,-0.1144,-0.0755,2640.0
Anomalia,0.0214,0.1651,0.3611,-0.3849,0.1665,-0.1607,-0.2806,3120.0
Anomalia,0.04,0.177,0.3866,-0.3849,0.1815,-0.3277,-0.555,2880.0
Anomalia,0.0251,0.203,0.4233,-0.6909,0.2046,-0.4171,0.0468,2880.0
Anomalia,0.038,0.1996,0.4233,-0.6909,0.2031,-0.5694,0.4311,3840.0
Anomalia,0.0423,0.2015,0.4233,-0.6909,0.2059,-0.5364,0.3343,480.0
Anomalia,0.0218,0.1956,0.4233,-0.6909,0.1968,-0.489,0.4985,3360.0
Anomalia,0.0351,0.1593,0.3968,-0.4089,0.1631,-0.281,0.0207,3360.0
Anomalia,0.0174,0.1363,0.3559,-0.3784,0.1374,-0.1877,-0.1351,3360.0
Anomalia,0.0337,0.128,0.2827,-0.3784,0.1324,-0.5955,0.1071,480.0
Anomalia,0.0297,0.121,0.2827,-0.2666,0.1246,-0.1686,-0.8077,960.0
Anomalia,0.0333,0.1235,0.34,-0.2666,0.1279,0.0185,-0.6569,1200.0
Anomalia,0.0374,0.1324,0.34,-0.2666,0.1375,-0.0598,-0.6718,960.0
Anomalia,0.0209,0.1252,0.34,-0.2414,0.1269,0.3017,-0.404,960.0
Anomalia,0.0406,0.1246,0.34,-0.2414,0.1311,0.0967,-0.3967,4080.0
Anomalia,0.0405,0.1563,0.4527,-0.436,0.1614,-0.0012,0.2484,4080.0
Anomalia,0.0338,0.1814,0.4567,-0.436,0.1845,0.1116,-0.1563,960.0
Anomalia,0.0578,0.1942,0.4567,-0.436,0.2026,-0.0065,-0.4712,4080.0
Anomalia,0.0227,0.2428,0.6955,-0.5793,0.2439,0.1501,-0.3459,2880.0
Anomalia,0.0314,0.2268,0.6955,-0.5793,0.229,0.1022,0.0368,2880.0
Anomalia,0.0298,0.2099,0.6955,-0.5793,0.212,0.0313,0.6243,2880.0
Anomalia,0.0102,0.2192,0.6955,-0.5793,0.2194,-0.0103,0.3305,2880.0
Anomalia,0.0374,0.2039,0.5178,-0.6423,0.2073,-0.4293,0.5199,5280.0
Anomalia,0.0265,0.2087,0.5178,-0.6423,0.2104,-0.3945,0.1843,5040.0
Anomalia,0.0339,0.2048,0.5178,-0.6423,0.2076,-0.4629,0.4321,5280.0
Anomalia,0.0409,0.1841,0.5178,-0.6423,0.1886,-0.5026,1.1199,5280.0
Anomalia,0.0198,0.1423,0.3411,-0.3008,0.1437,-0.16,-0.5062,5280.0
Anomalia,0.0223,0.1353,0.3369,-0.277,0.1371,-0.0551,-0.4675,4080.0
Anomalia,0.028,0.1514,0.495,-0.2566,0.1539,0.2616,-0.1229,720.0
Anomalia,0.0262,0.1537,0.495,-0.3436,0.1559,0.203,-0.004,4320.0
Anomalia,0.0488,0.1597,0.495,-0.3436,0.167,0.0181,-0.3178,4080.0
Anomalia,0.0367,0.1623,0.495,-0.3436,0.1664,0.1309,-0.3513,2640.0
Anomalia,0.0356,0.1406,0.33,-0.3436,0.145,0.0317,-0.3716,960.0
Anomalia,0.0327,0.1253,0.33,-0.285,0.1295,0.292,-0.1143,2640.0
Anomalia,0.0234,0.1287,0.3346,-0.4473,0.1308,-0.1101,0.8775,960.0
Anomalia,0.0377,0.1225,0.3538,-0.4473,0.1282,-0.2117,1.4034,480.0
Anomalia,0.0342,0.1185,0.3538,-0.4473,0.1234,-0.521,1.7637,5280.0
Anomalia,0.0287,0.1243,0.3538,-0.4473,0.1276,-0.4211,1.0211,5040.0
Anomalia,0.0298,0.1003,0.3538,-0.2491,0.1046,-0.0305,0.3326,2640.0
Anomalia,0.027,0.0868,0.2051,-0.2326,0.0909,-0.2994,-0.2709,960.0
Anomalia,0.0233,0.08,0.2051,-0.1669,0.0833,0.0583,-0.4571,5040.0
Anomalia,0.0354,0.0811,0.2151,-0.1268,0.0885,0.2156,-0.7957,480.0
Anomalia,0.0323,0.1003,0.2606,-0.2693,0.1054,-0.1241,-0.2434,960.0
Anomalia,0.0299,0.1073,0.2935,-0.2693,0.1114,-0.1199,-0.3661,4080.0
Anomalia,0.0362,0.1166,0.3092,-0.2693,0.122,-0.027,-0.6361,4080.0
Anomalia,0.028,0.117,0.3092,-0.2693,0.1203,0.1046,-0.4433,4080.0
Anomalia,0.0474,0.1563,0.6306,-0.406,0.1634,0.5882,1.7619,4080.0
Anomalia,0.0339,0.1973,0.6306,-0.4489,0.2002,0.0876,0.3484,3120.0
Anomalia,0.035,0.2102,0.6306,-0.4489,0.2131,0.1108,-0.0436,3120.0
Anomalia,0.0412,0.224,0.6306,-0.4489,0.2277,0.131,-0.4468,3120.0
Anomalia,0.014,0.2117,0.4823,-0.4489,0.2122,0.1548,-0.6892,960.0
Anomalia,0.0363,0.1883,0.4823,-0.3546,0.1917,0.2412,-0.696,960.0
Anomalia,0.0146,0.2053,0.4577,-0.4669,0.2058,-0.0251,-0.6472,4080.0
Anomalia,0.0165,0.2085,0.5195,-0.4669,0.2091,0.0046,-0.6052,4080.0
Anomalia,0.0315,0.1968,0.5195,-0.4669,0.1993,-0.1506,-0.3272,4080.0
Anomalia,0.0196,0.2044,0.5195,-0.4669,0.2053,-0.0617,-0.4293,3360.0
Anomalia,0.0492,0.1733,0.5195,-0.3799,0.1801,0.1538,-0.1812,3360.0
Anomalia,0.0462,0.2099,0.8589,-0.5434,0.2149,0.305,1.5632,3360.0
Anomalia,0.0289,0.2496,0.8589,-0.6281,0.2513,0.3032,0.9244,3360.0
Anomalia,0.0322,0.2935,0.8589,-0.7168,0.2952,0.1217,0.6391,3120.0
Anomalia,0.0338,0.3163,0.8589,-0.7168,0.3181,0.037,0.0371,3360.0
Anomalia,0.0103,0.2941,0.8386,-0.7168,0.2943,0.0634,0.1755,3360.0
Anomalia,0.042,0.267,0.8386,-0.7168,0.2703,-0.2032,0.6007,3360.0
Anomalia,0.0192,0.2131,0.5278,-0.6805,0.2139,-0.0209,-0.1438,3360.0
Anomalia,0.0225,0.1886,0.436,-0.3987,0.19,0.164,-0.7456,3360.0
Anomalia,0.042,0.1777,0.436,-0.4686,0.1826,0.0027,-0.5354,3360.0
Anomalia,0.0216,0.1648,0.4325,-0.4686,0.1662,-0.0056,-0.489,3360.0
Anomalia,0.0465,0.1539,0.4325,-0.4998,0.1608,-0.3492,0.6037,2640.0
Anomalia,0.0302,0.1551,0.3521,-0.4998,0.158,-0.7403,0.7928,2640.0
Anomalia,0.0256,0.1404,0.2825,-0.4998,0.1427,-0.7776,1.033,2880.0
Anomalia,0.0292,0.145,0.3008,-0.4998,0.1479,-0.7696,0.865,2880.0
Anomalia,0.0328,0.1436,0.34,-0.4633,0.1474,-0.4313,0.2426,3120.0
Anomalia,0.0218,0.1534,0.34,-0.3286,0.1549,-0.0748,-0.4551,1200.0
Anomalia,0.0415,0.1661,0.4562,-0.3286,0.1712,-0.0306,-0.5026,960.0
Anomalia,0.0314,0.1693,0.4562,-0.3286,0.1722,0.0465,-0.572,960.0
Anomalia,0.0328,0.171,0.4562,-0.3286,0.1741,0.0341,-0.627,960.0
Anomalia,0.0485,0.1491,0.4562,-0.3,0.1568,0.1911,-0.2938,960.0
Anomalia,0.0237,0.142,0.3807,-0.3,0.144,0.3177,-0.2978,960.0
Anomalia,0.0442,0.1406,0.3851,-0.2649,0.1474,0.4388,-0.3334,960.0
Anomalia,0.0244,0.1372,0.3851,-0.2873,0.1394,0.4868,-0.0782,960.0
Anomalia,0.0144,0.1303,0.3851,-0.3175,0.1311,0.3229,0.4194,960.0
Anomalia,0.0309,0.1459,0.3851,-0.3175,0.1491,0.0137,-0.0391,960.0
Anomalia,0.0156,0.1543,0.4686,-0.3745,0.1551,-0.0461,0.17,960.0
Anomalia,0.0412,0.1918,0.5136,-0.3745,0.1962,0.1873,-0.2339,1200.0
Anomalia,0.0382,0.2171,0.5437,-0.4427,0.2204,0.2717,-0.6103,3840.0
Anomalia,0.0352,0.2286,0.5437,-0.4427,0.2313,0.2758,-0.7807,5280.0
Anomalia,0.0404,0.229,0.5437,-0.4427,0.2326,0.2312,-0.9129,2880.0
Anomalia,0.0182,0.2009,0.5437,-0.4427,0.2017,0.2317,-0.4455,2880.0
Anomalia,0.0302,0.2085,0.639,-0.4454,0.2107,0.127,-0.1707,2880.0
Anomalia,0.0374,0.2593,0.8614,-0.5472,0.2619,0.6015,0.7311,5280.0
Anomalia,0.0115,0.3193,0.8614,-1.1203,0.3195,0.0746,0.9015,5040.0
Anomalia,0.0547,0.3518,0.8614,-1.1203,0.356,-0.1351,-0.0055,5280.0
Anomalia,0.0279,0.3532,0.8614,-1.1203,0.3544,-0.0205,-0.1278,5280.0
Anomalia,0.0229,0.3115,0.7633,-1.1203,0.3123,-0.3693,0.4111,3360.0
Anomalia,0.0506,0.2438,0.5946,-0.6021,0.249,-0.1434,-0.4768,3360.0
Anomalia,0.0029,0.2066,0.4383,-0.4733,0.2066,-0.1819,-0.7934,3360.0
Anomalia,0.0297,0.198,0.5295,-0.4318,0.2003,-0.1701,-0.6142,3360.0
Anomalia,0.0399,0.1891,0.5295,-0.4318,0.1932,-0.1803,-0.5049,5280.0
Anomalia,0.0193,0.1922,0.5295,-0.4318,0.1931,-0.0722,-0.5297,2880.0
Anomalia,0.0484,0.1791,0.5295,-0.3847,0.1855,-0.2256,-0.3243,2880.0
Anomalia,0.0328,0.164,0.4141,-0.3782,0.1672,-0.1116,-0.5228,480.0
Anomalia,0.0229,0.1526,0.4141,-0.3782,0.1543,-0.1276,-0.238,2880.0
Anomalia,0.0428,0.1638,0.5096,-0.3415,0.1693,0.0458,-0.3678,2880.0
Anomalia,0.0219,0.1709,0.5096,-0.3415,0.1723,0.0094,-0.4933,960.0
Anomalia,0.0388,0.1698,0.5096,-0.3461,0.1742,-0.143,-0.348,3360.0
Anomalia,0.0346,0.1772,0.5096,-0.4124,0.1806,-0.1881,-0.4299,3360.0
Anomalia,0.024,0.1507,0.3722,-0.4124,0.1526,-0.1694,-0.1516,3360.0
Anomalia,0.0354,0.132,0.3722,-0.4124,0.1366,-0.0776,0.1611,3360.0
Anomalia,0.0296,0.1121,0.3029,-0.4124,0.1159,-0.1968,0.7657,3360.0
Anomalia,0.0231,0.104,0.2672,-0.2092,0.1065,0.2196,-0.5395,3360.0
Anomalia,0.0384,0.1102,0.2889,-0.2282,0.1167,-0.0278,-0.4766,4080.0
Anomalia,0.0251,0.1026,0.2889,-0.2282,0.1056,-0.0275,-0.2889,4080.0
Anomalia,0.0236,0.1014,0.2889,-0.2282,0.1041,0.0313,-0.2063,4080.0
Anomalia,0.0315,0.1162,0.4558,-0.2941,0.1204,0.4158,0.9418,960.0
Anomalia,0.0285,0.1715,0.6056,-0.5971,0.1739,-0.1121,2.2975,4080.0
Anomalia,0.0377,0.2314,0.6056,-0.6815,0.2345,-0.4654,0.9404,3120.0
Anomalia,0.0389,0.2533,0.6056,-0.6815,0.2562,-0.5202,0.258,3120.0
Anomalia,0.039,0.2668,0.6056,-0.6815,0.2696,-0.5052,-0.0846,2880.0
Anomalia,0.0387,0.2415,0.5451,-0.6815,0.2446,-0.5533,0.262,2880.0
Anomalia,0.0308,0.1987,0.4765,-0.5457,0.2011,-0.405,0.0879,480.0
Anomalia,0.0384,0.1831,0.4765,-0.4813,0.1871,-0.2436,-0.263,960.0
Anomalia,0.0225,0.151,0.3444,-0.3371,0.1527,-0.1007,-0.5623,4080.0
Anomalia,0.0221,0.1431,0.3058,-0.3371,0.1448,-0.1733,-0.5803,960.0
Anomalia,0.0226,0.1301,0.2831,-0.2975,0.132,-0.1445,-0.6457,480.0
Anomalia,0.0156,0.1244,0.2816,-0.2975,0.1254,-0.1146,-0.6271,960.0
Anomalia,0.0347,0.178,0.776,-0.3836,0.1814,0.663,2.3228,1440.0
Anomalia,0.0408,0.2084,0.776,-0.3836,0.2124,0.8715,1.4225,720.0
Anomalia,0.0274,0.2257,0.776,-0.3995,0.2274,0.6788,0.7008,1920.0
Anomalia,0.0434,0.2327,0.776,-0.3995,0.2368,0.5813,0.3077,1920.0
Anomalia,0.0259,0.2094,0.6419,-0.3995,0.2109,0.4735,0.1141,3120.0
Anomalia,0.0221,0.1841,0.4748,-0.3995,0.1854,-0.097,-0.4539,2880.0
Anomalia,0.0385,0.1672,0.4748,-0.3857,0.1716,0.0464,-0.2721,2880.0
Anomalia,0.0255,0.1557,0.3738,-0.3857,0.1578,-0.1259,-0.3822,2880.0
Anomalia,0.0323,0.153,0.3738,-0.4959,0.1564,-0.3622,0.146,2880.0
Anomalia,0.0388,0.1438,0.3267,-0.4959,0.1489,-0.3518,0.2288,480.0
Anomalia,0.0311,0.1494,0.3267,-0.4959,0.1526,-0.4108,0.076,2640.0
Anomalia,0.034,0.1467,0.3054,-0.4959,0.1506,-0.6204,0.2349,2640.0
Anomalia,0.0364,0.1308,0.2956,-0.2695,0.1358,-0.2784,-0.493,960.0
Anomalia,0.0203,0.1238,0.2791,-0.2695,0.1255,-0.3405,-0.4185,3840.0
Anomalia,0.0346,0.1087,0.2975,-0.2597,0.114,-0.1715,-0.3365,960.0
Anomalia,0.026,0.1088,0.2975,-0.241,0.1119,-0.1234,-0.3401,480.0
Anomalia,0.0236,0.1029,0.2975,-0.241,0.1056,-0.2191,-0.0791,960.0
Anomalia,0.0291,0.0996,0.2975,-0.241,0.1037,-0.1649,0.0183,960.0
Anomalia,0.0234,0.104,0.2829,-0.241,0.1066,-0.2081,0.07,960.0
Anomalia,0.0243,0.1166,0.3319,-0.3279,0.1191,-0.0534,0.3178,960.0
Anomalia,0.0491,0.1428,0.4798,-0.3279,0.151,0.4413,0.4782,960.0
Anomalia,0.0341,0.1683,0.4798,-0.4373,0.1717,0.1046,0.0482,960.0
Anomalia,0.0425,0.1942,0.4811,-0.4708,0.1988,-0.2404,0.0571,960.0
Anomalia,0.0376,0.1948,0.4811,-0.4708,0.1984,-0.2872,0.0458,3360.0
Anomalia,0.0073,0.2008,0.4811,-0.5224,0.2009,-0.5463,-0.2297,960.0
Anomalia,0.0343,0.1942,0.4811,-0.5224,0.1972,-0.7885,0.2009,960.0
Anomalia,0.0199,0.1703,0.3175,-0.5224,0.1714,-0.752,-0.0268,960.0
Anomalia,0.0318,0.1713,0.3292,-0.5224,0.1743,-0.6287,0.063,4080.0
Anomalia,0.0437,0.1511,0.3292,-0.3062,0.1573,-0.3086,-0.6415,4080.0
Anomalia,0.0227,0.1414,0.3292,-0.3062,0.1432,0.0346,-0.5463,4080.0
Anomalia,0.0313,0.1395,0.3292,-0.3121,0.1429,-0.0181,-0.4282,1440.0
Anomalia,0.0272,0.2141,1.002,-0.7627,0.2158,0.5806,5.4438,1680.0
Anomalia,0.0278,0.3161,1.3055,-0.7627,0.3174,1.1622,3.4299,5040.0
Anomalia,0.0254,0.3735,1.3055,-1.0045,0.3743,0.4853,1.4252,3360.0
Anomalia,0.0428,0.4159,1.3055,-1.0045,0.4181,0.3231,0.237,3360.0
Anomalia,0.0209,0.4051,1.3055,-1.0045,0.4057,0.3582,0.2089,3360.0
Anomalia,0.0356,0.3517,0.8597,-1.0045,0.3535,-0.2731,-0.2748,3360.0
Anomalia,0.0341,0.3048,0.8597,-0.6486,0.3067,0.0235,-0.6092,3360.0
Anomalia,0.0257,0.2551,0.5353,-0.6192,0.2563,-0.1327,-0.8992,3360.0
Anomalia,0.0468,0.2268,0.5048,-0.58,0.2316,-0.2068,-0.6423,3360.0
Anomalia,0.0313,0.1947,0.4905,-0.58,0.1972,-0.241,-0.0875,3360.0
Anomalia,0.0344,0.1782,0.4905,-0.58,0.1815,-0.3109,0.4088,3360.0
Anomalia,0.0218,0.1692,0.4039,-0.58,0.1706,-0.5358,0.2299,3360.0
Anomalia,0.0167,0.1385,0.3075,-0.2843,0.1395,-0.435,-0.3924,960.0
Anomalia,0.0197,0.1605,0.3628,-0.5163,0.1617,-0.3966,0.2768,960.0
Anomalia,0.0408,0.1809,0.5397,-0.5163,0.1855,-0.0598,0.2776,3360.0
Anomalia,0.0249,0.1917,0.5397,-0.5163,0.1933,0.011,0.146,720.0
Anomalia,0.0465,0.2109,0.5397,-0.5163,0.216,-0.0467,-0.4433,3360.0
Anomalia,0.0257,0.1985,0.5397,-0.4491,0.2002,0.2645,-0.3325,3360.0
Anomalia,0.0172,0.1713,0.475,-0.4491,0.1721,0.0911,0.0319,3360.0
Anomalia,0.0391,0.1457,0.475,-0.3728,0.1509,0.1206,0.3591,3360.0
Anomalia,0.0231,0.1228,0.3513,-0.3728,0.1249,-0.2982,0.451,3360.0
Anomalia,0.0456,0.1145,0.3513,-0.223,0.1232,0.1033,-0.3636,4080.0
Anomalia,0.033,0.1166,0.3513,-0.223,0.1212,0.143,-0.4645,4080.0
Anomalia,0.0281,0.115,0.3513,-0.223,0.1184,0.3604,-0.3549,4080.0
Anomalia,0.0318,0.1125,0.3125,-0.223,0.1169,0.1934,-0.6436,4080.0
Anomalia,0.0144,0.125,0.3818,-0.3373,0.1258,0.0138,-0.1415,5040.0
Anomalia,0.0425,0.1977,0.7343,-0.3757,0.2022,0.9549,1.8275,480.0
Anomalia,0.0245,0.2358,0.7343,-0.5843,0.2371,0.4112,0.5789,2880.0
Anomalia,0.0217,0.2543,0.7343,-0.5843,0.2552,0.4889,0.0376,2880.0
Anomalia,0.0344,0.2604,0.7343,-0.5843,0.2626,0.4548,-0.1246,2880.0
Anomalia,0.0182,0.223,0.5443,-0.5843,0.2238,0.138,-0.2656,2880.0
Anomalia,0.0448,0.1928,0.5443,-0.3025,0.198,0.378,-0.3821,2880.0
Anomalia,0.0506,0.2016,0.5393,-0.4429,0.2079,0.1014,-0.4148,2880.0
Anomalia,0.0339,0.2229,0.509,-0.6872,0.2255,-0.4587,0.2337,960.0
Anomalia,0.0373,0.2451,0.5839,-0.6872,0.2479,-0.3897,-0.0332,1200.0
Anomalia,0.0165,0.2459,0.5839,-0.6872,0.2465,-0.2183,-0.1537,3360.0
Anomalia,0.0147,0.2301,0.5839,-0.6872,0.2306,-0.2727,0.1239,3360.0
Anomalia,0.0325,0.2118,0.5839,-0.5015,0.2142,0.0129,-0.1193,3360.0
Anomalia,0.0192,0.1861,0.518,-0.475,0.1871,0.3104,-0.0565,3360.0
Anomalia,0.0372,0.2021,0.518,-0.475,0.2055,0.1249,-0.2713,3360.0
Anomalia,0.0405,0.1882,0.518,-0.475,0.1925,0.0103,0.2372,3120.0
Anomalia,0.0288,0.171,0.5007,-0.4287,0.1734,0.0928,0.214,3120.0
Anomalia,0.0438,0.1642,0.4963,-0.4287,0.1699,-0.2051,0.4614,2640.0
Anomalia,0.0301,0.1329,0.4114,-0.344,0.1362,-0.1212,0.4572,2880.0
Anomalia,0.0248,0.1407,0.4114,-0.344,0.1429,-0.1057,0.2866,2880.0
Anomalia,0.0393,0.1375,0.4114,-0.3267,0.143,-0.1295,0.1639,2880.0
Anomalia,0.0274,0.1231,0.3394,-0.3267,0.1261,-0.2026,-0.1893,2880.0
Anomalia,0.0334,0.1216,0.3394,-0.3267,0.1261,-0.2319,-0.144,3360.0
Anomalia,0.0342,0.1137,0.2764,-0.2318,0.1188,-0.2246,-0.6371,3360.0
Anomalia,0.0241,0.101,0.2499,-0.2266,0.1039,-0.1514,-0.5473,3120.0
Anomalia,0.0403,0.1099,0.306,-0.2266,0.117,-0.0081,-0.4107,2880.0
Anomalia,0.0431,0.1031,0.306,-0.2155,0.1117,0.0453,-0.1688,2880.0
Anomalia,0.0372,0.104,0.306,-0.2155,0.1105,0.0882,-0.2866,960.0
Anomalia,0.0419,0.1109,0.306,-0.2155,0.1186,0.1079,-0.6117,960.0
Anomalia,0.0158,0.105,0.2658,-0.2155,0.1061,0.0166,-0.7809,960.0
Anomalia,0.02,0.1093,0.2756,-0.2107,0.1111,0.171,-0.8954,960.0
Anomalia,0.0274,0.1345,0.4953,-0.3065,0.1373,0.3581,0.4222,4080.0
Anomalia,0.0175,0.164,0.4953,-0.5232,0.1649,-0.1368,0.5219,2640.0
Anomalia,0.049,0.1833,0.5017,-0.5232,0.1898,-0.1504,0.2598,3120.0
Anomalia,0.0312,0.2195,0.552,-0.5232,0.2217,-0.0029,-0.5085,3120.0
Anomalia,0.0288,0.2266,0.552,-0.5232,0.2284,0.0044,-0.6262,2880.0
Anomalia,0.0414,0.225,0.552,-0.3818,0.2287,0.1682,-0.6889,2880.0
Anomalia,0.0219,0.2258,0.552,-0.3818,0.2268,0.3199,-0.6693,2880.0
Anomalia,0.0394,0.2185,0.5449,-0.3811,0.222,0.2819,-0.7439,2880.0
Anomalia,0.0295,0.2161,0.5449,-0.4794,0.2181,0.2138,-0.5359,2880.0
Anomalia,0.0342,0.1981,0.5449,-0.4794,0.201,0.0436,-0.3062,2880.0
Anomalia,0.0345,0.181,0.475,-0.4794,0.1843,-0.0753,-0.0001,3360.0
Anomalia,0.0258,0.1506,0.4425,-0.4794,0.1528,-0.3411,0.5664,1440.0
Anomalia,0.0403,0.1754,0.644,-0.4623,0.18,0.7668,1.5557,3360.0
Anomalia,0.0346,0.2209,0.7865,-0.4623,0.2236,1.0136,1.2784,1680.0
Anomalia,0.0182,0.2941,0.7865,-0.848,0.2947,0.0819,0.4469,1920.0
Anomalia,0.035,0.3135,0.7865,-0.848,0.3155,-0.0065,-0.1362,3360.0
Anomalia,0.0216,0.2994,0.7865,-0.848,0.3001,-0.0793,0.0489,3360.0
Anomalia,0.0237,0.2774,0.5877,-0.848,0.2784,-0.4175,0.2258,3360.0
Anomalia,0.0431,0.2028,0.581,-0.4008,0.2073,-0.0266,-0.4439,3360.0
Anomalia,0.0276,0.182,0.4686,-0.4045,0.1841,-0.1525,-0.3721,3360.0
Anomalia,0.0383,0.1705,0.4431,-0.4045,0.1748,-0.0674,-0.1474,3360.0
Anomalia,0.04,0.1476,0.4431,-0.4045,0.1529,-0.3211,0.5347,4080.0
Anomalia,0.0275,0.1502,0.4431,-0.4045,0.1527,0.072,0.0096,4080.0
Anomalia,0.0335,0.1463,0.4431,-0.3421,0.1501,0.1092,-0.009,2880.0
Anomalia,0.028,0.1329,0.374,-0.3421,0.1358,-0.0169,-0.0451,4080.0
Anomalia,0.0201,0.1418,0.374,-0.3649,0.1433,-0.0193,-0.1106,4080.0
Anomalia,0.0473,0.1437,0.374,-0.3649,0.1513,-0.1088,-0.1811,3360.0
Anomalia,0.0345,0.1406,0.3617,-0.3649,0.1448,-0.0055,-0.4576,3360.0
Anomalia,0.034,0.143,0.3617,-0.3649,0.147,-0.068,-0.4673,3360.0
Anomalia,0.0345,0.1433,0.3617,-0.3006,0.1474,0.078,-0.7615,720.0
Anomalia,0.0123,0.1268,0.2998,-0.3006,0.1274,0.045,-0.7531,4080.0
Anomalia,0.0299,0.1219,0.2998,-0.2524,0.1256,-0.0284,-0.8186,4080.0
Anomalia,0.0341,0.1235,0.4635,-0.1955,0.1281,0.4874,0.331,4080.0
Anomalia,0.0277,0.1127,0.4635,-0.1825,0.116,0.684,1.0934,4080.0
Anomalia,0.0459,0.1063,0.4635,-0.1673,0.1158,0.602,1.2925,3840.0
Anomalia,0.026,0.1083,0.4635,-0.2092,0.1114,0.6124,1.6854,480.0
Anomalia,0.0276,0.1055,0.238,-0.2092,0.1091,-0.2113,-0.7704,480.0
Anomalia,0.0443,0.1436,0.4788,-0.349,0.1503,0.0002,0.3294,5040.0
Anomalia,0.0139,0.1889,0.4788,-0.5019,0.1894,-0.1432,0.1653,5040.0
Anomalia,0.0464,0.2122,0.4788,-0.5019,0.2172,-0.226,-0.2624,5040.0
Anomalia,0.0227,0.235,0.4788,-0.5019,0.2361,-0.2583,-0.5454,2880.0
Anomalia,0.0217,0.2249,0.4727,-0.5019,0.226,-0.4094,-0.3419,4080.0
Anomalia,0.0396,0.1966,0.4727,-0.4846,0.2005,-0.4763,0.0747,2880.0
Anomalia,0.0128,0.2098,0.7337,-0.5416,0.2102,-0.163,0.8961,2880.0
Anomalia,0.046,0.2587,0.8787,-0.7398,0.2628,0.2603,1.138,5280.0
Anomalia,0.028,0.2903,0.8787,-0.7398,0.2916,0.2747,0.2475,5280.0
Anomalia,0.0374,0.316,0.8787,-0.7398,0.3182,0.1527,-0.2874,5280.0
Anomalia,0.0401,0.3016,0.8787,-0.7398,0.3043,0.0725,-0.207,5280.0
Anomalia,0.0275,0.248,0.6167,-0.5875,0.2495,-0.0964,-0.3054,3360.0
Anomalia,0.0303,0.2216,0.6075,-0.5875,0.2237,-0.0244,-0.2532,3360.0
Anomalia,0.0266,0.192,0.4425,-0.3899,0.1938,-0.0959,-0.7684,3360.0
Anomalia,0.0195,0.1886,0.4425,-0.3899,0.1896,0.0047,-0.7368,4080.0
Anomalia,0.0284,0.1861,0.4425,-0.3899,0.1883,-0.0911,-0.6333,3120.0
Anomalia,0.0351,0.1861,0.4425,-0.3926,0.1894,-0.2177,-0.5668,4080.0
Anomalia,0.0255,0.1792,0.4502,-0.3926,0.181,-0.0396,-0.5577,3840.0
Anomalia,0.0445,0.1671,0.4502,-0.3926,0.1729,-0.0816,-0.3509,3840.0
Anomalia,0.0296,0.1658,0.4502,-0.3926,0.1685,0.1207,-0.3029,3840.0
Anomalia,0.0416,0.1497,0.4502,-0.3265,0.1554,0.0017,-0.3301,4080.0
Anomalia,0.0334,0.1539,0.3674,-0.4362,0.1575,-0.34,-0.225,960.0
Anomalia,0.0233,0.1641,0.4277,-0.4362,0.1658,-0.0714,-0.4069,960.0
Anomalia,0.0231,0.1565,0.4277,-0.4362,0.1582,-0.143,-0.232,960.0
Anomalia,0.0118,0.1525,0.4277,-0.4362,0.153,0.0593,-0.1829,960.0
Anomalia,0.0352,0.1436,0.4277,-0.2772,0.1479,0.4238,-0.1958,960.0
Anomalia,0.0341,0.1348,0.416,-0.2772,0.139,0.3572,-0.3431,960.0
Anomalia,0.0481,0.1422,0.416,-0.2772,0.1501,0.2711,-0.5378,960.0
Anomalia,0.0359,0.1322,0.416,-0.1969,0.137,0.4732,-0.1937,960.0
Anomalia,0.0299,0.1261,0.3507,-0.1969,0.1296,0.2846,-0.6116,960.0
Anomalia,0.0311,0.1207,0.3507,-0.3667,0.1246,0.0291,0.2366,4080.0
Anomalia,0.018,0.1208,0.4437,-0.3667,0.1221,-0.1044,0.6492,960.0
Anomalia,0.0385,0.2302,0.8276,-0.8472,0.2334,-0.2809,3.2128,4080.0
Anomalia,0.0286,0.2667,0.8276,-0.8676,0.2683,-0.5787,2.186,3120.0
Anomalia,0.0301,0.296,0.8276,-0.8676,0.2975,-0.4529,0.8779,3120.0
Anomalia,0.0312,0.3124,0.8276,-0.8676,0.314,-0.3815,0.3289,2880.0
Anomalia,0.0309,0.2638,0.557,-0.8676,0.2656,-0.5492,0.4057,2880.0
Anomalia,0.0306,0.2398,0.557,-0.4986,0.2417,-0.0303,-0.3314,2880.0
Anomalia,0.0355,0.2151,0.557,-0.4567,0.218,-0.0357,-0.1756,2880.0
Anomalia,0.0312,0.2107,0.5881,-0.4567,0.213,0.0846,-0.0318,2880.0
Anomalia,0.0259,0.1959,0.5881,-0.4567,0.1976,0.2145,0.3901,3360.0
Anomalia,0.0287,0.1809,0.5881,-0.4567,0.1832,0.08,0.4132,3360.0
Anomalia,0.0248,0.1747,0.5881,-0.4444,0.1764,0.0313,0.6241,3360.0
Anomalia,0.0324,0.1889,0.6692,-0.7554,0.1916,-0.4468,2.3153,2880.0
Anomalia,0.04,0.221,0.6692,-0.7554,0.2246,-0.0133,1.2905,1920.0
Anomalia,0.0385,0.267,0.6692,-0.7554,0.2698,-0.4192,0.5327,3360.0
Anomalia,0.036,0.271,0.6692,-0.7554,0.2734,-0.3244,0.3028,3360.0
Anomalia,0.0303,0.2537,0.6621,-0.7454,0.2555,-0.2211,0.1595,3360.0
Anomalia,0.0257,0.2213,0.4608,-0.7454,0.2228,-0.5517,0.8478,3360.0
Anomalia,0.0167,0.1664,0.4483,-0.3396,0.1672,0.3345,-0.3603,3360.0
Anomalia,0.0295,0.1601,0.4483,-0.3788,0.1628,0.0848,-0.2712,3360.0
Anomalia,0.029,0.1449,0.3705,-0.3788,0.1478,-0.0309,-0.5561,3360.0
Anomalia,0.0289,0.1444,0.358,-0.3788,0.1473,-0.1178,-0.5749,960.0
Anomalia,0.044,0.1449,0.358,-0.3788,0.1515,-0.2193,-0.4566,4080.0
Anomalia,0.0253,0.1334,0.358,-0.3388,0.1357,-0.0929,-0.0517,4080.0
Anomalia,0.0319,0.1212,0.358,-0.3388,0.1254,-0.1333,0.7085,4080.0
Anomalia,0.0352,0.112,0.3071,-0.3388,0.1174,-0.4209,0.9571,4080.0
Anomalia,0.0303,0.1054,0.3202,-0.3388,0.1096,-0.2325,0.871,4080.0
Anomalia,0.045,0.1039,0.3202,-0.1646,0.1133,0.3004,-0.4453,4080.0
Anomalia,0.0401,0.1061,0.3202,-0.1646,0.1134,0.3089,-0.4434,4080.0
Anomalia,0.0231,0.1033,0.3202,-0.1759,0.1058,0.4002,-0.2346,4080.0
Anomalia,0.0348,0.0962,0.2862,-0.1759,0.1023,0.2123,-0.3368,960.0
Anomalia,0.0257,0.0986,0.2779,-0.2049,0.1019,0.0333,-0.3862,1680.0
Anomalia,0.0238,0.1254,0.4181,-0.3204,0.1276,0.258,0.5399,3360.0
Anomalia,0.04,0.1579,0.4181,-0.4243,0.1629,-0.1987,0.479,3360.0
Anomalia,0.0176,0.1627,0.4181,-0.4243,0.1636,0.0653,0.1568,3360.0
Anomalia,0.0286,0.1724,0.4181,-0.4243,0.1747,-0.1847,-0.0285,3360.0
Anomalia,0.0339,0.1737,0.403,-0.4243,0.177,-0.526,0.019,960.0
Anomalia,0.0244,0.1741,0.4331,-0.4314,0.1758,-0.3765,-0.236,5040.0
Anomalia,0.047,0.2087,0.7053,-0.4314,0.2139,-0.1262,0.2391,4080.0
Anomalia,0.0327,0.2078,0.7053,-0.4314,0.2103,0.0527,0.208,5040.0
Anomalia,0.0413,0.2032,0.7053,-0.4314,0.2074,0.1336,0.2324,3360.0
Anomalia,0.039,0.1867,0.7053,-0.4249,0.1907,0.2561,0.7233,3360.0
Anomalia,0.0206,0.1588,0.3891,-0.4074,0.1602,-0.1151,-0.5412,3360.0
Anomalia,0.0206,0.213,0.8144,-0.6221,0.214,0.446,1.4292,3360.0
Anomalia,0.024,0.2893,0.9559,-0.8614,0.2903,0.2864,1.1751,960.0
Anomalia,0.0267,0.3272,0.9559,-0.8614,0.3282,0.2407,0.0824,5280.0
Anomalia,0.0404,0.3508,0.9559,-0.8614,0.3532,0.1849,-0.3849,3360.0
Anomalia,0.0473,0.3342,0.9559,-0.8614,0.3375,0.0608,-0.3115,3360.0
Anomalia,0.0306,0.2741,0.6797,-0.5253,0.2758,0.2124,-0.5385,3360.0
Anomalia,0.0386,0.2367,0.6751,-0.5088,0.2398,0.1217,-0.4141,3360.0
Anomalia,0.0293,0.2135,0.5019,-0.4704,0.2155,-0.1448,-0.8686,3360.0
Anomalia,0.0274,0.1979,0.5019,-0.4704,0.1998,-0.2583,-0.7632,3360.0
Anomalia,0.0348,0.2013,0.5044,-0.4704,0.2043,-0.0648,-0.5946,3360.0
Anomalia,0.0242,0.1948,0.5044,-0.4704,0.1963,0.0451,-0.3889,2880.0
Anomalia,0.031,0.1756,0.5044,-0.3549,0.1783,-0.0058,-0.5085,3120.0
Anomalia,0.0352,0.1708,0.5044,-0.3574,0.1744,-0.0038,-0.3159,3840.0
Anomalia,0.0243,0.1901,0.4923,-0.6697,0.1917,-0.5096,0.6546,3840.0
Anomalia,0.046,0.1982,0.4923,-0.6697,0.2034,-0.4928,0.5404,4080.0
Anomalia,0.0294,0.2067,0.4923,-0.6697,0.2088,-0.3313,0.1942,5280.0
Anomalia,0.0299,0.2018,0.4923,-0.6697,0.2041,-0.2433,0.3276,3360.0
Anomalia,0.0396,0.1684,0.4216,-0.4185,0.173,-0.036,-0.2845,5280.0
Anomalia,0.0148,0.1502,0.396,-0.4185,0.1509,-0.1733,-0.1238,5280.0
Anomalia,0.0398,0.1345,0.3574,-0.2626,0.1403,-0.1603,-0.3911,4080.0
Anomalia,0.0263,0.1304,0.3428,-0.3098,0.133,-0.2547,-0.2148,4320.0
Anomalia,0.0228,0.129,0.3428,-0.3098,0.131,-0.2773,-0.3598,3840.0
Anomalia,0.0382,0.1294,0.3428,-0.3098,0.1349,-0.2379,-0.2879,960.0
Anomalia,0.0149,0.1295,0.3054,-0.334,0.1304,-0.3769,-0.2662,960.0
Anomalia,0.0416,0.1534,0.5013,-0.334,0.1589,-0.0277,0.2349,4080.0
Anomalia,0.0504,0.1989,0.6344,-0.5656,0.2052,0.0087,1.1038,960.0
Anomalia,0.0195,0.2381,0.6344,-0.5656,0.2389,-0.0322,0.1831,960.0
Anomalia,0.055,0.2641,0.6344,-0.5835,0.2697,-0.347,-0.2828,3120.0
Anomalia,0.0082,0.2799,0.6344,-0.5835,0.28,-0.1046,-0.6928,2880.0
Anomalia,0.0159,0.2655,0.5514,-0.5835,0.266,-0.3207,-0.8484,2880.0
Anomalia,0.0407,0.2492,0.4523,-0.5835,0.2525,-0.3414,-0.7376,2880.0
Anomalia,0.0065,0.2197,0.4523,-0.5474,0.2197,-0.0292,-0.504,2880.0
Anomalia,0.0489,0.2201,0.4733,-0.5962,0.2255,-0.3334,-0.2172,2880.0
Anomalia,0.0346,0.2059,0.4733,-0.5962,0.2088,-0.1315,-0.0278,2880.0
Anomalia,0.0321,0.1801,0.4733,-0.5962,0.183,-0.3606,0.8367,2880.0
Anomalia,0.0482,0.1738,0.4733,-0.5962,0.1803,-0.5507,1.3017,2880.0
Anomalia,0.0235,0.1238,0.396,-0.2739,0.126,0.1241,-0.3863,3360.0
Anomalia,0.0213,0.1381,0.5445,-0.3265,0.1398,0.3935,0.8545,2880.0
Anomalia,0.0327,0.1801,0.5445,-0.3605,0.183,0.5442,0.6205,720.0
Anomalia,0.0223,0.2005,0.5445,-0.4229,0.2017,0.2925,0.0741,2880.0
Anomalia,0.0471,0.2102,0.5445,-0.4229,0.2154,-0.002,-0.331,4080.0
Anomalia,0.0479,0.2008,0.5411,-0.4229,0.2064,-0.0343,-0.2518,480.0
Anomalia,0.0217,0.1701,0.3932,-0.4229,0.1714,-0.1828,-0.4583,4080.0
Anomalia,0.0375,0.1449,0.3932,-0.3025,0.1497,0.0107,-0.5685,1200.0
Anomalia,0.0147,0.1323,0.3932,-0.2618,0.1331,0.1646,-0.4481,5040.0
Anomalia,0.0278,0.1358,0.3471,-0.2618,0.1386,0.0522,-0.6806,480.0
Anomalia,0.043,0.1246,0.3471,-0.2618,0.1318,-0.0006,-0.3726,480.0
Anomalia,0.0305,0.1304,0.3615,-0.2864,0.134,0.1429,-0.1163,4080.0
Anomalia,0.0316,0.1191,0.3615,-0.2864,0.1232,0.4457,0.2384,4080.0
Anomalia,0.0303,0.1038,0.3615,-0.2864,0.1082,0.2069,0.3081,4080.0
Anomalia,0.0236,0.1015,0.3615,-0.2864,0.1042,0.3346,0.5832,4080.0
Anomalia,0.0364,0.0959,0.3135,-0.1412,0.1026,0.4898,-0.2916,480.0
Anomalia,0.04,0.0994,0.3135,-0.1623,0.1071,0.2829,-0.4031,480.0
Anomalia,0.0245,0.0919,0.3135,-0.1623,0.0951,0.558,0.2653,960.0
Anomalia,0.0359,0.1047,0.3135,-0.1884,0.1107,0.1558,-0.385,4320.0
Anomalia,0.0245,0.1016,0.3158,-0.1884,0.1045,0.0501,-0.4016,960.0
Anomalia,0.0318,0.1232,0.5451,-0.3256,0.1272,0.3774,1.1197,960.0
Anomalia,0.0438,0.2,0.7289,-0.5391,0.2047,0.2564,1.4468,3120.0
Anomalia,0.0299,0.2055,0.7289,-0.5391,0.2077,0.3353,1.1943,3120.0
Anomalia,0.0441,0.2133,0.7289,-0.5391,0.2178,0.2214,0.6855,2880.0
Anomalia,0.021,0.2136,0.7289,-0.5391,0.2146,0.3384,0.6952,2880.0
Anomalia,0.0204,0.1598,0.3755,-0.3486,0.1611,0.055,-0.591,480.0
Anomalia,0.0251,0.1647,0.3755,-0.3713,0.1666,0.0584,-0.5857,480.0
Anomalia,0.0155,0.1698,0.493,-0.3713,0.1705,0.2429,-0.4128,960.0
Anomalia,0.0456,0.1665,0.493,-0.3713,0.1726,0.1414,-0.3859,1200.0
Anomalia,0.0369,0.1654,0.493,-0.3713,0.1695,0.1263,-0.3363,960.0
Anomalia,0.0484,0.1505,0.493,-0.2756,0.158,0.1405,-0.0798,960.0
Anomalia,0.0314,0.1453,0.4222,-0.3054,0.1487,-0.1652,-0.2276,1200.0
Anomalia,0.0105,0.1894,0.5837,-0.6761,0.1897,-0.3811,1.5821,1680.0
Anomalia,0.0289,0.2444,0.6419,-0.7546,0.2461,-0.1697,1.1134,1920.0
Anomalia,0.0256,0.269,0.6419,-0.7546,0.2702,-0.1564,0.1893,1920.0
Anomalia,0.0371,0.276,0.6419,-0.7546,0.2785,-0.2328,0.0086,3360.0
Anomalia,0.0592,0.2527,0.6419,-0.7546,0.2596,-0.3208,0.1523,3360.0
Anomalia,0.031,0.2002,0.4314,-0.5195,0.2026,-0.2213,-0.4864,3360.0
Anomalia,0.0261,0.1683,0.4314,-0.3757,0.1704,-0.1033,-0.496,3360.0
Anomalia,0.0316,0.1673,0.4118,-0.3294,0.1702,-0.0689,-0.789,3360.0
Anomalia,0.0217,0.154,0.4118,-0.3096,0.1555,0.0387,-0.6642,2880.0
Anomalia,0.0343,0.1472,0.4118,-0.3096,0.1512,-0.0558,-0.506,2640.0
Anomalia,0.0394,0.1469,0.4118,-0.3096,0.1521,-0.0958,-0.5292,2640.0
Anomalia,0.0236,0.1252,0.2758,-0.3092,0.1274,-0.2361,-0.5576,4080.0
Anomalia,0.0318,0.1174,0.2378,-0.2695,0.1216,-0.3538,-0.6435,3840.0
Anomalia,0.0288,0.1541,0.4408,-0.5253,0.1567,-0.4115,0.6649,2880.0
Anomalia,0.0228,0.1713,0.4408,-0.5253,0.1728,-0.1703,0.1251,3360.0
Anomalia,0.0449,0.1772,0.4408,-0.5253,0.1828,-0.3242,-0.0208,3360.0
Anomalia,0.0276,0.178,0.4408,-0.5253,0.1802,-0.1324,-0.1202,3360.0
Anomalia,0.0316,0.1514,0.4404,-0.3436,0.1547,0.0039,-0.4656,3360.0
Anomalia,0.0406,0.1385,0.3861,-0.2618,0.1443,0.1339,-0.6518,960.0
Anomalia,0.0276,0.1263,0.3861,-0.2618,0.1293,0.2251,-0.4214,960.0
Anomalia,0.0409,0.1224,0.3861,-0.194,0.129,0.2155,-0.4168,960.0
Anomalia,0.0373,0.1204,0.3861,-0.194,0.1261,0.371,-0.3755,960.0
Anomalia,0.017,0.108,0.2889,-0.1813,0.1093,0.2256,-0.7771,1200.0
Anomalia,0.0322,0.1107,0.2889,-0.1813,0.1153,0.1219,-0.9037,960.0
Anomalia,0.0142,0.1192,0.2399,-0.3286,0.12,-0.2018,-0.3867,960.0
Anomalia,0.0275,0.1688,0.5996,-0.4035,0.171,0.4222,0.8579,5040.0
Anomalia,0.0322,0.1988,0.5996,-0.4035,0.2014,0.3459,0.1904,480.0
Anomalia,0.028,0.2144,0.5996,-0.4035,0.2162,0.4634,-0.1642,2880.0
Anomalia,0.0426,0.225,0.5996,-0.4035,0.229,0.2281,-0.5659,2880.0
Anomalia,0.0316,0.1977,0.5701,-0.383,0.2002,0.1566,-0.3269,2880.0
Anomalia,0.0316,0.1897,0.493,-0.3607,0.1924,-0.0248,-0.6109,2880.0
Anomalia,0.0302,0.239,0.8055,-0.5257,0.2409,0.308,0.321,2880.0
Anomalia,0.0201,0.2827,0.8055,-0.9215,0.2834,0.0016,0.5736,5040.0
Anomalia,0.0423,0.3289,0.8055,-0.9215,0.3316,-0.1395,-0.184,5040.0
Anomalia,0.0431,0.3367,0.8055,-0.9215,0.3394,-0.1383,-0.3083,5280.0
Anomalia,0.0355,0.3029,0.7544,-0.9215,0.305,-0.2962,0.1451,3360.0
Anomalia,0.0407,0.2635,0.7544,-0.7337,0.2666,-0.1529,0.0667,3360.0
Anomalia,0.0148,0.2145,0.6663,-0.5893,0.2151,-0.1273,-0.2866,3360.0
Anomalia,0.0266,0.2124,0.4967,-0.5893,0.2141,-0.3796,-0.2938,3360.0
Anomalia,0.031,0.2088,0.4967,-0.5893,0.2111,-0.3435,-0.0764,2880.0
Anomalia,0.0355,0.2032,0.4967,-0.5893,0.2062,-0.2733,0.1398,3120.0
Anomalia,0.0383,0.1925,0.4967,-0.4875,0.1962,-0.099,0.0555,2880.0
Anomalia,0.0257,0.1636,0.4648,-0.3803,0.1656,0.3591,-0.0623,2880.0
Anomalia,0.0317,0.1509,0.4648,-0.3803,0.1542,0.051,-0.0487,480.0
Anomalia,0.0256,0.1549,0.3396,-0.46,0.157,-0.2746,-0.2832,3840.0
Anomalia,0.0392,0.1608,0.3853,-0.46,0.1655,-0.3876,-0.1472,3360.0
Anomalia,0.0419,0.1596,0.3853,-0.46,0.165,-0.4143,0.1067,3360.0
Anomalia,0.0303,0.1661,0.3853,-0.46,0.1688,-0.391,-0.0164,3360.0
Anomalia,0.0328,0.1471,0.3853,-0.3599,0.1507,-0.2282,-0.0461,3360.0
Anomalia,0.0208,0.134,0.3597,-0.3599,0.1356,-0.1164,0.0596,4080.0
Anomalia,0.0369,0.123,0.3265,-0.3599,0.1284,-0.4875,0.4943,3360.0
Anomalia,0.0345,0.1087,0.3265,-0.2626,0.1141,0.0829,0.043,4080.0
Anomalia,0.0365,0.095,0.3265,-0.1583,0.1018,0.527,0.303,480.0
Anomalia,0.033,0.0802,0.2599,-0.1575,0.0868,0.1214,-0.2159,960.0
Anomalia,0.015,0.0807,0.2599,-0.1926,0.0821,0.0343,0.0935,4080.0
Anomalia,0.0309,0.0951,0.3607,-0.1926,0.1,0.5644,1.066,4080.0
Anomalia,0.0339,0.2042,0.7404,-0.9267,0.207,-0.35,5.1889,2640.0
Anomalia,0.0277,0.2862,0.7439,-0.9267,0.2875,-0.3322,1.3374,3120.0
Anomalia,0.0538,0.3082,0.7439,-0.9267,0.3129,-0.4129,0.5432,2880.0
Anomalia,0.024,0.3308,0.7439,-0.9267,0.3316,-0.1693,-0.2036,2880.0
Anomalia,0.033,0.2853,0.7439,-0.7992,0.2872,-0.2261,0.0345,2880.0
Anomalia,0.0346,0.221,0.5679,-0.4437,0.2237,0.1006,-0.574,3120.0
Anomalia,0.0148,0.1963,0.5679,-0.4437,0.1968,0.0635,-0.2112,4080.0
Anomalia,0.0413,0.1626,0.4314,-0.3346,0.1678,0.0982,-0.5919,4080.0
Anomalia,0.0247,0.1597,0.4314,-0.3346,0.1616,0.1558,-0.4362,4080.0
Anomalia,0.0339,0.144,0.3597,-0.3315,0.1479,0.0009,-0.4914,480.0
Anomalia,0.0446,0.1354,0.3448,-0.2612,0.1425,0.0261,-0.6684,960.0
Anomalia,0.0185,0.1545,0.7212,-0.272,0.1556,0.8112,1.9635,2880.0
Anomalia,0.0323,0.2052,0.9519,-0.465,0.2078,1.5674,4.3214,720.0
Anomalia,0.0255,0.233,0.9519,-0.61,0.2344,0.9875,2.5038,2640.0
Anomalia,0.0339,0.2565,0.9519,-0.61,0.2588,0.8222,1.1167,720.0
Anomalia,0.0492,0.2463,0.9519,-0.61,0.2511,0.5907,1.236,3360.0
Anomalia,0.0376,0.2166,0.5802,-0.61,0.2198,-0.0944,0.0201,3360.0
Anomalia,0.0304,0.1912,0.5802,-0.4151,0.1936,0.174,-0.1081,3360.0
Anomalia,0.0216,0.1788,0.5117,-0.4151,0.1801,-0.04,-0.3231,3360.0
Anomalia,0.0151,0.1837,0.5117,-0.6317,0.1843,-0.3431,0.3613,1200.0
Anomalia,0.0353,0.1901,0.5117,-0.6317,0.1933,-0.2392,0.0925,1200.0
Anomalia,0.0484,0.1871,0.5117,-0.6317,0.1933,-0.3663,0.3191,960.0
Anomalia,0.0395,0.1698,0.436,-0.6317,0.1743,-0.5381,0.8119,960.0
Anomalia,0.0427,0.1598,0.436,-0.2992,0.1655,0.0738,-0.6666,960.0
Anomalia,0.0254,0.1391,0.3665,-0.2992,0.1414,0.158,-0.3839,960.0
Anomalia,0.0199,0.1408,0.3665,-0.369,0.1422,0.1253,-0.1405,960.0
Anomalia,0.0219,0.1469,0.3697,-0.369,0.1485,0.2983,-0.1487,960.0
Anomalia,0.0299,0.1477,0.3697,-0.369,0.1507,0.3484,-0.0708,960.0
Anomalia,0.023,0.1426,0.3697,-0.369,0.1445,0.2873,-0.0229,960.0
Anomalia,0.035,0.1454,0.3824,-0.2462,0.1496,0.4556,-0.4419,960.0
Anomalia,0.0281,0.1431,0.3824,-0.3073,0.1458,0.4244,-0.318,960.0
Anomalia,0.0384,0.1641,0.3824,-0.4214,0.1685,-0.0018,-0.3698,960.0
Anomalia,0.0425,0.1772,0.3824,-0.4214,0.1822,-0.1931,-0.6518,3360.0
Anomalia,0.0333,0.1838,0.4612,-0.4214,0.1868,-0.0753,-0.6135,960.0
Anomalia,0.0431,0.1798,0.4612,-0.4214,0.1849,-0.1557,-0.4879,3360.0
Anomalia,0.0138,0.1709,0.4612,-0.3213,0.1714,0.2379,-0.5029,3360.0
Anomalia,0.0284,0.1678,0.4612,-0.3394,0.1702,0.2175,-0.4344,4560.0
Anomalia,0.0274,0.1896,0.4629,-0.4715,0.1916,0.0294,-0.416,4080.0
Anomalia,0.0179,0.2041,0.4629,-0.4715,0.2049,0.0445,-0.6109,5040.0
Anomalia,0.047,0.1933,0.4629,-0.4715,0.1989,-0.2604,-0.1837,5040.0
Anomalia,0.0222,0.1925,0.4629,-0.4715,0.1938,-0.0134,-0.2953,5280.0
Anomalia,0.0382,0.1532,0.4193,-0.43,0.1579,-0.2828,0.111,5280.0
Anomalia,0.0394,0.1698,0.6448,-0.5009,0.1743,-0.0011,1.0797,3360.0
Anomalia,0.0263,0.2618,1.1851,-0.6886,0.2632,0.8387,3.4393,3120.0
Anomalia,0.029,0.3242,1.1851,-0.9594,0.3255,0.2343,1.3866,5040.0
Anomalia,0.0434,0.3909,1.1851,-0.9594,0.3933,0.208,-0.1101,3360.0
Anomalia,0.0182,0.4033,1.1851,-0.9594,0.4037,0.2444,-0.3079,3360.0
Anomalia,0.0422,0.3685,0.8493,-0.9594,0.3709,-0.1168,-0.4958,3360.0
Anomalia,0.0267,0.3324,0.8401,-0.7715,0.3335,0.0889,-0.5628,3360.0
Anomalia,0.0132,0.2545,0.5192,-0.6555,0.2548,-0.2467,-0.6148,3360.0
Anomalia,0.0418,0.2371,0.5192,-0.5165,0.2408,-0.1635,-0.5954,3360.0
Anomalia,0.0161,0.2048,0.4955,-0.5165,0.2054,-0.213,-0.0663,3360.0
Anomalia,0.0504,0.1783,0.4955,-0.5165,0.1853,-0.2676,0.4422,3360.0
Anomalia,0.029,0.1841,0.4462,-0.5165,0.1864,-0.3401,0.0021,2880.0
Anomalia,0.0256,0.1428,0.3461,-0.3953,0.1451,-0.4572,0.1597,2880.0
Anomalia,0.0295,0.1448,0.3461,-0.3953,0.1478,-0.4837,0.1101,2880.0
Anomalia,0.0167,0.1615,0.4181,-0.4368,0.1624,-0.2683,0.0457,3600.0
Anomalia,0.0248,0.1824,0.5397,-0.5055,0.1841,-0.1239,0.1809,720.0
Anomalia,0.0408,0.198,0.5397,-0.5055,0.2021,-0.1539,-0.2786,720.0
Anomalia,0.0273,0.2056,0.5397,-0.5055,0.2074,-0.0311,-0.561,3360.0
Anomalia,0.0354,0.1782,0.5397,-0.5055,0.1817,-0.0178,0.068,3360.0
Anomalia,0.0369,0.1469,0.4339,-0.295,0.1515,0.0686,-0.3824,3360.0
Anomalia,0.0201,0.1208,0.2956,-0.295,0.1225,-0.0755,-0.374,3360.0
Anomalia,0.0431,0.0983,0.2956,-0.2435,0.1073,-0.0711,-0.209,4080.0
Anomalia,0.0345,0.1004,0.2956,-0.2435,0.1062,0.1188,-0.1258,960.0
Anomalia,0.0249,0.0802,0.2493,-0.1777,0.084,0.3764,-0.1803,960.0
Anomalia,0.0397,0.0904,0.2931,-0.1777,0.0987,0.2826,-0.2421,240.0
Anomalia,0.0128,0.1182,0.4097,-0.3046,0.1189,0.3435,0.6402,4080.0
Anomalia,0.0383,0.1985,0.7404,-0.4174,0.2021,0.9268,1.9091,4080.0
Anomalia,0.0279,0.2429,0.7404,-0.5633,0.2445,0.3552,0.4574,4080.0
Anomalia,0.0227,0.2653,0.7404,-0.5633,0.2663,0.2625,-0.2357,2880.0
Anomalia,0.0396,0.2703,0.7404,-0.5633,0.2732,0.1645,-0.2755,2880.0
Anomalia,0.0147,0.2307,0.6048,-0.5633,0.2312,-0.0949,-0.2225,2880.0
Anomalia,0.0351,0.1978,0.5933,-0.44,0.2009,-0.006,-0.1776,2880.0
Anomalia,0.0336,0.1891,0.5933,-0.3853,0.192,0.1101,-0.0436,4080.0
Anomalia,0.0253,0.2081,0.4377,-0.6254,0.2096,-0.407,-0.1596,4080.0
Anomalia,0.044,0.2351,0.6359,-0.6254,0.2391,-0.3494,0.1831,2880.0
Anomalia,0.033,0.2458,0.6359,-0.6254,0.248,-0.3121,-0.2433,3360.0
Anomalia,0.0261,0.2455,0.6359,-0.6254,0.2469,-0.1898,-0.0855,3360.0
Anomalia,0.0428,0.239,0.6359,-0.6254,0.2428,0.0315,0.1296,3360.0
Anomalia,0.0116,0.2185,0.6183,-0.5138,0.2188,0.0152,0.1986,3360.0
Anomalia,0.0281,0.2428,0.6183,-0.6271,0.2445,-0.1499,0.0721,3360.0
Anomalia,0.0474,0.2341,0.6183,-0.6271,0.2388,-0.4078,0.2878,3120.0
Anomalia,0.0183,0.2101,0.5299,-0.6271,0.2109,-0.4119,0.4199,3360.0
Anomalia,0.0494,0.2022,0.5299,-0.6271,0.2082,-0.3575,0.4746,3360.0
Anomalia,0.028,0.1511,0.4327,-0.3924,0.1537,0.1214,-0.0649,480.0
Anomalia,0.0178,0.1317,0.4327,-0.2514,0.1329,0.3321,0.0556,480.0
Anomalia,0.0415,0.153,0.4327,-0.3592,0.1585,0.0388,0.0667,3360.0
Anomalia,0.0227,0.1499,0.4606,-0.3592,0.1516,0.1712,0.4026,3360.0
Anomalia,0.0366,0.1521,0.4606,-0.3592,0.1564,-0.0449,0.2415,3360.0
Anomalia,0.0349,0.1613,0.4606,-0.3592,0.165,-0.0082,-0.147,3360.0
Anomalia,0.0253,0.1356,0.4606,-0.2841,0.1379,0.1102,0.0272,4080.0
Anomalia,0.0325,0.1208,0.314,-0.2741,0.1251,-0.3347,-0.4034,4080.0
Anomalia,0.0382,0.1274,0.3407,-0.2898,0.133,-0.1748,-0.0335,4080.0
Anomalia,0.0292,0.1164,0.3407,-0.2898,0.12,-0.2049,0.267,4080.0
Anomalia,0.0424,0.1205,0.3407,-0.2898,0.1277,-0.192,0.1705,960.0
Anomalia,0.0316,0.1214,0.3407,-0.2898,0.1254,0.0891,-0.0673,960.0
Anomalia,0.0198,0.1172,0.3106,-0.2537,0.1189,-0.203,-0.5093,960.0
Anomalia,0.0286,0.1471,0.5389,-0.2835,0.1499,0.2812,0.4981,960.0
Anomalia,0.0155,0.1708,0.5389,-0.4197,0.1715,0.2353,0.3845,2640.0
Anomalia,0.0378,0.2023,0.5405,-0.5065,0.2058,0.0503,-0.0125,3120.0
Anomalia,0.0377,0.2175,0.5405,-0.5065,0.2208,-0.034,-0.2601,3120.0
Anomalia,0.0331,0.2069,0.5405,-0.5065,0.2095,-0.1982,-0.0805,960.0
Anomalia,0.0424,0.1899,0.5405,-0.5065,0.1945,-0.3232,0.4144,5280.0
Anomalia,0.0273,0.1673,0.4414,-0.431,0.1695,-0.5047,0.2635,2880.0
Anomalia,0.0329,0.1441,0.34,-0.372,0.1478,-0.5139,0.3062,2880.0
Anomalia,0.0375,0.1472,0.3805,-0.372,0.1519,-0.3006,0.0115,2880.0
Anomalia,0.0255,0.1499,0.3805,-0.372,0.1521,-0.1883,-0.4414,2880.0
Anomalia,0.0254,0.1432,0.3805,-0.3006,0.1454,0.0124,-0.5938,2880.0
Anomalia,0.0306,0.1483,0.3826,-0.3006,0.1515,0.063,-0.581,2880.0
Anomalia,0.0235,0.1895,0.6507,-0.6325,0.191,0.2377,1.2812,1680.0
Anomalia,0.0407,0.2292,0.9663,-0.6325,0.2327,0.8694,2.3662,1920.0
Anomalia,0.0231,0.2614,0.9663,-0.6724,0.2624,0.4734,1.3422,1920.0
Anomalia,0.0366,0.2878,0.9663,-0.6724,0.2901,0.3539,0.4596,1920.0
Anomalia,0.0253,0.265,0.9663,-0.6724,0.2662,0.4838,1.0667,3360.0
Anomalia,0.0179,0.24,0.6223,-0.6724,0.2407,0.002,0.1543,3360.0
Anomalia,0.0401,0.2058,0.6223,-0.6019,0.2097,0.1524,0.1703,3360.0
Anomalia,0.0218,0.1634,0.4429,-0.3766,0.1648,-0.1046,-0.5618,3360.0
Anomalia,0.0334,0.1836,0.4429,-0.6818,0.1867,-0.6522,0.8655,3360.0
Anomalia,0.0502,0.1803,0.4863,-0.6818,0.1872,-0.7643,1.429,4080.0
Anomalia,0.0286,0.1931,0.4863,-0.6818,0.1952,-0.6477,0.8291,2880.0
Anomalia,0.0391,0.1943,0.4863,-0.6818,0.1982,-0.7161,0.8461,2880.0
Anomalia,0.0357,0.1623,0.4863,-0.4794,0.1662,-0.2615,0.2854,2880.0
Anomalia,0.0145,0.1419,0.3248,-0.4794,0.1426,-0.5068,0.6674,3120.0
Anomalia,0.0434,0.1438,0.368,-0.3296,0.1502,0.0085,-0.3299,5280.0
Anomalia,0.0222,0.1593,0.368,-0.3707,0.1608,-0.0087,-0.3071,5280.0
Anomalia,0.0375,0.1582,0.368,-0.3707,0.1625,-0.1515,-0.2954,5280.0
Anomalia,0.0347,0.1643,0.368,-0.3707,0.1679,-0.1224,-0.4581,5280.0
Anomalia,0.0215,0.1431,0.3642,-0.3707,0.1447,-0.1506,-0.035,2880.0
Anomalia,0.0318,0.1167,0.3642,-0.2564,0.121,0.1224,0.0521,480.0
Anomalia,0.0314,0.1217,0.378,-0.2564,0.1257,0.4076,0.4834,480.0
Anomalia,0.0286,0.113,0.378,-0.2382,0.1166,0.6382,0.4852,960.0
Anomalia,0.0384,0.1057,0.378,-0.2032,0.1124,0.6438,0.3917,1200.0
Anomalia,0.0368,0.1213,0.378,-0.1961,0.1268,0.5401,0.0729,960.0
Anomalia,0.0221,0.1201,0.3526,-0.2574,0.1221,0.2661,-0.2429,960.0
Anomalia,0.0417,0.1402,0.4258,-0.2574,0.1462,0.1725,-0.383,960.0
Anomalia,0.0355,0.1968,0.5653,-0.4711,0.2,-0.156,-0.2379,5040.0
Anomalia,0.0367,0.2265,0.5653,-0.5122,0.2294,-0.1145,-0.2816,5040.0
Anomalia,0.0465,0.2461,0.5653,-0.5122,0.2505,-0.1106,-0.6965,2880.0
Anomalia,0.0176,0.2543,0.5653,-0.5122,0.255,0.0789,-0.8458,2880.0
Anomalia,0.026,0.2221,0.5497,-0.5122,0.2236,0.1118,-0.4459,480.0
Anomalia,0.0211,0.1995,0.5399,-0.5286,0.2006,-0.065,-0.3544,2880.0
Anomalia,0.0343,0.227,0.7005,-0.5286,0.2296,-0.0287,-0.1035,5280.0
Anomalia,0.0381,0.2622,0.7139,-0.8365,0.265,-0.2935,0.5832,5040.0
Anomalia,0.0428,0.3052,0.7139,-0.8365,0.3082,-0.1821,-0.2413,3360.0
Anomalia,0.0345,0.3072,0.7139,-0.8365,0.3092,-0.0773,-0.3996,3360.0
Anomalia,0.0242,0.2797,0.7139,-0.8365,0.2808,-0.0698,0.0933,3360.0
Anomalia,0.0285,0.2458,0.6321,-0.6849,0.2474,0.0934,-0.2633,3360.0
Anomalia,0.0238,0.1851,0.4331,-0.4615,0.1866,0.0122,-0.57,3360.0
Anomalia,0.0408,0.1799,0.4331,-0.4615,0.1845,-0.0799,-0.2864,2640.0
Anomalia,0.0352,0.1741,0.4331,-0.4615,0.1777,-0.1166,-0.2405,3120.0
Anomalia,0.0432,0.1474,0.4331,-0.3724,0.1536,0.104,-0.1461,3120.0
Anomalia,0.0287,0.1561,0.4331,-0.3724,0.1587,0.0819,-0.4175,2880.0
Anomalia,0.0236,0.1438,0.4078,-0.2712,0.1457,0.2028,-0.5636,3840.0
Anomalia,0.0263,0.1364,0.3386,-0.3809,0.1389,-0.2279,-0.386,2880.0
Anomalia,0.034,0.1617,0.4352,-0.4218,0.1653,-0.1825,-0.1282,4080.0
Anomalia,0.0341,0.1604,0.4352,-0.4218,0.164,-0.0442,-0.0495,720.0
Anomalia,0.0425,0.1576,0.4352,-0.4218,0.1632,-0.2526,0.1476,720.0
Anomalia,0.0304,0.1547,0.4352,-0.4218,0.1576,0.0292,0.024,480.0
Anomalia,0.0221,0.1225,0.3686,-0.2902,0.1245,0.0442,-0.2071,4080.0
Anomalia,0.0366,0.1148,0.2802,-0.2902,0.1205,-0.2081,-0.3151,960.0
Anomalia,0.0224,0.1077,0.2802,-0.2578,0.11,-0.0112,-0.382,960.0
Anomalia,0.0457,0.1075,0.3703,-0.1999,0.1168,0.0824,-0.0137,960.0
Anomalia,0.0438,0.1164,0.3703,-0.2082,0.1243,0.0107,-0.3195,960.0
Anomalia,0.0315,0.1232,0.3703,-0.2649,0.1272,-0.0047,-0.2431,960.0
Anomalia,0.0467,0.1246,0.3703,-0.2649,0.1331,-0.0682,-0.3257,960.0
Anomalia,0.0192,0.1494,0.3763,-0.4053,0.1506,-0.1849,-0.2525,960.0
Anomalia,0.0445,0.2214,0.7886,-0.5701,0.2258,0.5444,0.7813,3360.0
Anomalia,0.0284,0.2632,0.7886,-0.7498,0.2648,0.034,0.4395,3120.0
Anomalia,0.0182,0.2675,0.7886,-0.7498,0.2682,0.1206,0.2599,3120.0
Anomalia,0.0366,0.2675,0.7886,-0.7498,0.27,0.0462,0.2451,3120.0
Anomalia,0.0044,0.2251,0.5524,-0.7498,0.2252,-0.3841,0.3791,3120.0
Anomalia,0.0353,0.1887,0.4456,-0.3947,0.192,-0.0722,-0.7524,2880.0
Anomalia,0.0396,0.2166,0.4517,-0.5019,0.2202,-0.1872,-0.8012,4080.0
Anomalia,0.0329,0.2168,0.4629,-0.5019,0.2192,-0.143,-0.8373,4080.0
Anomalia,0.046,0.2168,0.4629,-0.5464,0.2216,-0.3115,-0.4445,3360.0
Anomalia,0.0273,0.2095,0.4629,-0.5464,0.2113,-0.1672,-0.388,3360.0
Anomalia,0.0264,0.1869,0.4629,-0.5464,0.1888,-0.0486,-0.3157,3360.0
Anomalia,0.0356,0.2218,0.7863,-0.6872,0.2246,0.0422,1.2223,3360.0
Anomalia,0.0275,0.243,0.7863,-0.6872,0.2445,0.2983,0.7199,2880.0
Anomalia,0.0291,0.2868,0.7863,-0.7525,0.2883,-0.0845,0.0499,3360.0
Anomalia,0.0424,0.292,0.7863,-0.7525,0.2951,-0.1199,-0.0111,3360.0
Anomalia,0.0158,0.2654,0.7014,-0.7525,0.2658,-0.0416,-0.1075,3360.0
Anomalia,0.041,0.2453,0.5747,-0.7525,0.2487,-0.3595,0.124,3360.0
Anomalia,0.0313,0.1894,0.5583,-0.3409,0.192,0.3922,-0.4286,3360.0
Anomalia,0.0259,0.1669,0.4742,-0.3409,0.1689,0.1401,-0.4572,3360.0
Anomalia,0.0445,0.1462,0.4742,-0.3409,0.1528,0.1787,-0.1164,3360.0
Anomalia,0.0272,0.116,0.3121,-0.2303,0.1191,-0.0822,-0.5589,3360.0
Anomalia,0.0365,0.1052,0.2514,-0.1984,0.1114,-0.0435,-0.8273,4080.0
Anomalia,0.0277,0.1035,0.2336,-0.1984,0.1071,0.0188,-0.9424,720.0
Anomalia,0.0257,0.0941,0.2336,-0.1644,0.0975,0.1127,-0.8602,3120.0
Anomalia,0.0246,0.1023,0.3075,-0.1884,0.1052,0.1997,-0.6122,480.0
Anomalia,0.045,0.1214,0.3809,-0.2614,0.1295,0.2558,-0.1386,5280.0
Anomalia,0.035,0.1367,0.3809,-0.2933,0.1411,0.049,-0.2947,5040.0
Anomalia,0.042,0.1361,0.3809,-0.2933,0.1425,-0.0402,-0.2441,5040.0
Anomalia,0.0327,0.134,0.3809,-0.2933,0.1379,0.0701,-0.2202,4080.0
Anomalia,0.0178,0.1159,0.2912,-0.2933,0.1173,-0.0696,-0.2595,4080.0
Anomalia,0.0352,0.1085,0.3242,-0.343,0.1141,-0.0695,0.2488,2640.0
Anomalia,0.0263,0.1369,0.4078,-0.4245,0.1394,-0.3211,0.6158,3360.0
Anomalia,0.0439,0.1566,0.4103,-0.4245,0.1626,-0.2788,0.2477,3360.0
Anomalia,0.036,0.1855,0.4444,-0.4245,0.189,-0.1272,-0.4599,3360.0
Anomalia,0.018,0.1809,0.4444,-0.4245,0.1818,0.0693,-0.3362,3360.0
Anomalia,0.0275,0.1893,0.4681,-0.4393,0.1913,0.0917,-0.4269,3360.0
Anomalia,0.0117,0.1807,0.4681,-0.4393,0.1811,0.2572,-0.1699,4080.0
Anomalia,0.0348,0.1643,0.4681,-0.4393,0.1679,0.0107,-0.0344,2640.0
Anomalia,0.047,0.1684,0.4681,-0.4393,0.1748,-0.0595,-0.2365,960.0
Anomalia,0.0423,0.1514,0.363,-0.2756,0.1572,-0.0603,-0.7281,960.0
Anomalia,0.0494,0.1376,0.3601,-0.2737,0.1462,-0.2169,-0.55,1200.0
Anomalia,0.0235,0.124,0.3236,-0.2737,0.1262,-0.0231,-0.5023,960.0
Anomalia,0.0248,0.1572,0.7166,-0.3818,0.1591,0.9412,2.9619,960.0
Anomalia,0.0292,0.1918,0.8286,-0.4051,0.194,1.2166,3.0993,960.0
Anomalia,0.0118,0.2357,0.8286,-0.4959,0.236,0.6777,1.0247,1920.0
Anomalia,0.044,0.276,0.8286,-0.4959,0.2795,0.4124,-0.2764,3360.0
Anomalia,0.0324,0.269,0.8286,-0.4959,0.271,0.3762,-0.3026,3360.0
Anomalia,0.028,0.2511,0.6676,-0.4959,0.2527,0.2137,-0.5268,3360.0
Anomalia,0.0455,0.2156,0.6676,-0.4154,0.2204,0.3994,-0.1958,3360.0
Anomalia,0.0239,0.1714,0.4761,-0.3718,0.1731,0.035,-0.4957,3360.0
Anomalia,0.0294,0.1575,0.3826,-0.3561,0.1603,-0.0734,-0.5655,3360.0
Anomalia,0.0388,0.1519,0.4477,-0.3561,0.1568,0.128,0.0268,960.0
Anomalia,0.0199,0.1545,0.4477,-0.3561,0.1558,-0.0307,0.0451,4320.0
Anomalia,0.0281,0.1548,0.4477,-0.3561,0.1573,0.052,-0.1072,2880.0
Anomalia,0.0254,0.1458,0.4477,-0.3142,0.148,0.2024,0.063,4080.0
Anomalia,0.0218,0.1491,0.4208,-0.3377,0.1507,0.0363,-0.2288,960.0
Anomalia,0.0541,0.1803,0.527,-0.4775,0.1882,0.0528,-0.1065,5040.0
Anomalia,0.0356,0.1927,0.527,-0.4898,0.1959,-0.0488,0.0713,720.0
Anomalia,0.0459,0.2064,0.527,-0.4898,0.2115,-0.135,-0.3777,3360.0
Anomalia,0.0344,0.2104,0.527,-0.4898,0.2132,-0.004,-0.5214,3360.0
Anomalia,0.011,0.1799,0.436,-0.4898,0.1802,-0.0149,-0.3067,3360.0
Anomalia,0.0264,0.1672,0.436,-0.2985,0.1692,0.1591,-0.6026,960.0
Anomalia,0.0263,0.1571,0.436,-0.2985,0.1593,0.0465,-0.5643,960.0
Anomalia,0.0263,0.133,0.3175,-0.2985,0.1356,-0.132,-0.5718,960.0
Anomalia,0.0431,0.12,0.3175,-0.2633,0.1275,-0.1327,-0.3452,960.0
Anomalia,0.0282,0.127,0.2754,-0.2929,0.1301,-0.2701,-0.6377,960.0
Anomalia,0.0256,0.1073,0.2495,-0.2929,0.1104,-0.4588,-0.0097,960.0
Anomalia,0.0364,0.1156,0.3373,-0.2929,0.1212,-0.4266,0.3043,960.0
Anomalia,0.0259,0.1647,0.4489,-0.3822,0.1667,-0.1377,0.0116,3120.0
Anomalia,0.0479,0.2007,0.6323,-0.4829,0.2064,-0.1037,0.4315,3120.0
Anomalia,0.0297,0.2289,0.6323,-0.4829,0.2308,-0.0793,-0.5113,2880.0
Anomalia,0.0274,0.2383,0.6323,-0.4829,0.2399,-0.0467,-0.6668,2880.0
Anomalia,0.0338,0.214,0.6323,-0.4829,0.2166,-0.0906,-0.107,2880.0
Anomalia,0.0111,0.177,0.4454,-0.4262,0.1774,-0.2398,-0.1655,2880.0
Anomalia,0.04,0.1691,0.524,-0.4189,0.1738,0.1023,0.3803,2880.0
Anomalia,0.0291,0.1627,0.524,-0.4189,0.1653,0.1693,0.2146,2880.0
Anomalia,0.027,0.1648,0.524,-0.4189,0.167,0.2106,0.168,2880.0
Anomalia,0.0405,0.1547,0.524,-0.329,0.1599,0.3618,0.0568,2880.0
Anomalia,0.0276,0.146,0.364,-0.329,0.1486,-0.1596,-0.3939,2880.0
Anomalia,0.0313,0.1644,0.4569,-0.5574,0.1674,-0.5248,0.8928,2640.0
Anomalia,0.0364,0.1716,0.5176,-0.5574,0.1755,-0.3149,1.0568,2880.0
Anomalia,0.0241,0.2049,0.5176,-0.5574,0.2063,-0.4429,0.2472,1920.0
Anomalia,0.0349,0.2055,0.5176,-0.5574,0.2084,-0.3723,0.3637,2880.0
Anomalia,0.0411,0.1978,0.5176,-0.5345,0.202,-0.1304,0.0008,2880.0
Anomalia,0.0276,0.1915,0.4602,-0.5345,0.1934,-0.1665,-0.1339,2880.0
Anomalia,0.0434,0.16,0.4602,-0.2462,0.1658,0.3222,-0.5731,2880.0
Anomalia,0.0238,0.1545,0.4043,-0.2929,0.1563,0.2562,-0.5697,2880.0
Anomalia,0.0302,0.163,0.441,-0.456,0.1657,0.0656,-0.2121,4080.0
Anomalia,0.035,0.158,0.441,-0.456,0.1618,-0.0511,0.0294,4080.0
Anomalia,0.0261,0.1569,0.441,-0.456,0.1591,0.0069,-0.0228,4080.0
Anomalia,0.0282,0.1459,0.441,-0.456,0.1486,0.0244,0.5295,960.0
Anomalia,0.0236,0.1106,0.2881,-0.2806,0.1131,-0.0797,-0.1446,3120.0
Anomalia,0.0248,0.1094,0.2881,-0.2336,0.1122,0.0883,-0.1746,5280.0
Anomalia,0.0315,0.1167,0.3841,-0.2336,0.1208,0.3014,-0.0125,5280.0
Anomalia,0.0456,0.1169,0.3841,-0.2266,0.1255,0.1174,-0.261,5280.0
Anomalia,0.0302,0.114,0.3841,-0.2266,0.1179,0.2596,-0.0056,5280.0
Anomalia,0.03,0.1078,0.3841,-0.2021,0.1119,0.2516,0.0669,3840.0
Anomalia,0.0287,0.0929,0.2432,-0.2021,0.0972,-0.1743,-0.6145,2880.0
Anomalia,0.0209,0.1092,0.3803,-0.1769,0.1112,0.3475,-0.0491,2640.0
Anomalia,0.0473,0.1431,0.6334,-0.1742,0.1507,0.83,1.4843,2640.0
Anomalia,0.0413,0.179,0.6334,-0.4982,0.1837,0.0861,0.6652,3120.0
Anomalia,0.0439,0.2035,0.6334,-0.4982,0.2082,-0.0134,-0.1815,2880.0
Anomalia,0.0348,0.2066,0.6334,-0.4982,0.2096,-0.0244,-0.1683,2880.0
Anomalia,0.0113,0.2029,0.4466,-0.4982,0.2032,-0.2798,-0.5623,2880.0
Anomalia,0.0219,0.1973,0.4466,-0.4114,0.1985,-0.1027,-0.668,480.0
Anomalia,0.0125,0.1865,0.4398,-0.4114,0.1869,-0.0798,-0.6775,960.0
Anomalia,0.0292,0.1845,0.4398,-0.4114,0.1868,-0.2415,-0.7358,960.0
Anomalia,0.0375,0.1797,0.4398,-0.3108,0.1836,-0.1279,-0.9068,3360.0
Anomalia,0.0312,0.1644,0.3582,-0.3098,0.1674,-0.2402,-1.0347,3360.0
Anomalia,0.0401,0.1538,0.3582,-0.3098,0.1589,-0.2807,-0.9015,960.0
Anomalia,0.0313,0.1957,0.6897,-0.6117,0.1982,-0.0848,0.9634,3360.0
Anomalia,0.046,0.2645,0.9494,-0.6117,0.2685,0.5167,1.2537,3360.0
Anomalia,0.0253,0.3109,0.9494,-0.8908,0.312,0.0432,0.566,3360.0
Anomalia,0.0261,0.3376,0.9494,-0.8908,0.3386,0.1663,-0.0666,3360.0
Anomalia,0.0196,0.3259,0.9494,-0.8908,0.3265,0.2071,0.0683,3360.0
Anomalia,0.014,0.2842,0.7481,-0.8908,0.2845,-0.0251,0.248,3360.0
Anomalia,0.0288,0.243,0.7481,-0.5096,0.2447,0.4956,0.1423,3360.0
Anomalia,0.0351,0.2178,0.6371,-0.5096,0.2206,0.2004,0.1992,3360.0
Anomalia,0.0372,0.2067,0.6371,-0.5096,0.21,0.4485,0.5225,2640.0
Anomalia,0.0398,0.183,0.5165,-0.5096,0.1873,-0.0238,0.3294,4080.0
Anomalia,0.0437,0.1758,0.5165,-0.393,0.1812,0.1441,-0.3035,2880.0
Anomalia,0.0215,0.1622,0.4656,-0.3246,0.1636,0.169,-0.3066,2880.0
Anomalia,0.0273,0.1429,0.4345,-0.3246,0.1455,-0.1209,0.0623,720.0
Anomalia,0.0119,0.1606,0.3551,-0.5866,0.161,-0.538,0.5946,480.0
Anomalia,0.0322,0.1792,0.6678,-0.5866,0.182,0.1667,1.9167,960.0
Anomalia,0.0405,0.19,0.6678,-0.5866,0.1943,0.0132,1.1511,3360.0
Anomalia,0.0472,0.2056,0.6678,-0.5866,0.2109,0.0238,0.4673,3360.0
Anomalia,0.0408,0.1977,0.6678,-0.402,0.2018,0.4305,0.183,3360.0
Anomalia,0.0236,0.1717,0.4955,-0.402,0.1733,0.1606,-0.3962,4080.0
Anomalia,0.0264,0.153,0.4955,-0.304,0.1552,0.387,0.022,4080.0
Anomalia,0.0199,0.1333,0.3809,-0.2725,0.1348,0.2513,-0.3534,4080.0
Anomalia,0.0379,0.1262,0.3876,-0.2539,0.1317,0.1546,-0.245,4560.0
Anomalia,0.0248,0.123,0.3876,-0.2539,0.1255,0.3609,-0.0997,960.0
Anomalia,0.0293,0.1169,0.3876,-0.2518,0.1205,0.2868,-0.1725,960.0
Anomalia,0.024,0.1288,0.3876,-0.2729,0.131,0.1954,-0.4364,960.0
Anomalia,0.0142,0.1501,0.4519,-0.3488,0.1508,0.1959,0.0217,5040.0
Anomalia,0.0323,0.194,0.6386,-0.3711,0.1966,0.3863,0.2738,5040.0
Anomalia,0.0368,0.208,0.6386,-0.3711,0.2112,0.3592,-0.2847,5040.0
Anomalia,0.0345,0.2204,0.6386,-0.3859,0.2231,0.3109,-0.5109,2880.0
Anomalia,0.0457,0.2073,0.6386,-0.3859,0.2122,0.3114,-0.3537,2880.0
Anomalia,0.034,0.1759,0.3982,-0.3976,0.1792,0.0144,-0.4162,2880.0
Anomalia,0.0164,0.2107,0.5257,-0.6542,0.2113,-0.2313,0.3808,2880.0
Anomalia,0.0414,0.2851,0.9306,-0.8607,0.2881,-0.0157,1.4509,5280.0
Anomalia,0.0163,0.3325,0.9306,-0.8607,0.3328,-0.0107,0.0895,5040.0
Anomalia,0.0345,0.3538,0.9306,-0.8607,0.3555,-0.0238,-0.3538,3360.0
Anomalia,0.0397,0.3406,0.9306,-0.8607,0.3429,-0.0076,-0.2021,3360.0
Anomalia,0.0189,0.2732,0.7016,-0.6832,0.2739,-0.0554,-0.4286,3360.0
Anomalia,0.0381,0.2296,0.7016,-0.4982,0.2327,0.1193,-0.3353,3360.0
Anomalia,0.0238,0.2018,0.4877,-0.4982,0.2032,-0.0924,-0.5817,3360.0
Anomalia,0.0257,0.1994,0.4877,-0.4982,0.2011,-0.0154,-0.4849,3120.0
Anomalia,0.0303,0.2114,0.4877,-0.4982,0.2136,-0.0219,-0.4967,3120.0
Anomalia,0.0251,0.2088,0.5341,-0.4437,0.2103,0.1381,-0.4503,2880.0
Anomalia,0.0373,0.2108,0.5341,-0.4437,0.2141,-0.0801,-0.5528,2880.0
Anomalia,0.0309,0.1925,0.5341,-0.4437,0.195,-0.0367,-0.181,2880.0
Anomalia,0.0264,0.1748,0.5341,-0.4393,0.1767,-0.0831,0.2189,2880.0
Anomalia,0.0364,0.1523,0.3467,-0.4164,0.1566,-0.4132,0.0768,3840.0
Anomalia,0.0274,0.1332,0.3361,-0.4164,0.136,-0.3348,0.0683,4320.0
Anomalia,0.0324,0.1355,0.3361,-0.4164,0.1394,-0.5268,0.3679,3360.0
Anomalia,0.0384,0.1274,0.3361,-0.3375,0.133,-0.3058,-0.3427,2880.0
Anomalia,0.0213,0.1122,0.2432,-0.3375,0.1142,-0.2312,-0.1635,3360.0
Anomalia,0.0385,0.1095,0.3599,-0.3375,0.1161,-0.1664,0.7111,2880.0
Anomalia,0.0301,0.1027,0.3599,-0.204,0.107,0.4043,0.0189,4080.0
Anomalia,0.0336,0.0976,0.3599,-0.204,0.1032,0.3728,0.276,480.0
Anomalia,0.0379,0.106,0.3599,-0.204,0.1126,0.1358,-0.1559,960.0
Anomalia,0.0087,0.1133,0.3017,-0.2956,0.1137,0.0686,-0.2549,960.0
Anomalia,0.0248,0.1114,0.3017,-0.2956,0.1141,-0.1042,-0.0958,960.0
Anomalia,0.0257,0.1304,0.3377,-0.2956,0.1329,0.1489,-0.2427,2640.0
Anomalia,0.0181,0.1851,0.5979,-0.4596,0.186,0.1691,0.5256,2640.0
Anomalia,0.0505,0.2081,0.5979,-0.4919,0.2141,-0.1447,0.0421,3120.0
Anomalia,0.0234,0.2618,0.6006,-0.5207,0.2628,0.0215,-0.6966,2880.0
Anomalia,0.0305,0.2714,0.6006,-0.5207,0.2731,0.0235,-0.8389,2880.0
Anomalia,0.0478,0.245,0.6006,-0.5207,0.2496,-0.1465,-0.5789,2880.0
Anomalia,0.0169,0.2444,0.6006,-0.5207,0.245,0.1137,-0.5962,2880.0
Anomalia,0.0463,0.2067,0.5601,-0.464,0.2119,0.1022,-0.523,2880.0
Anomalia,0.0241,0.1991,0.5601,-0.464,0.2006,0.048,-0.4428,2880.0
Anomalia,0.0147,0.2033,0.5601,-0.464,0.2038,0.1212,-0.3945,5040.0
Anomalia,0.0386,0.1754,0.5601,-0.4008,0.1796,-0.0943,-0.0028,3360.0
Anomalia,0.0125,0.1646,0.4131,-0.4008,0.165,-0.2201,-0.4979,3360.0
Anomalia,0.0303,0.1735,0.4131,-0.437,0.1762,-0.1921,-0.3554,3360.0
Anomalia,0.0389,0.2091,0.6423,-0.6676,0.2127,-0.2387,0.7045,1920.0
Anomalia,0.0189,0.2556,0.6423,-0.7886,0.2563,-0.351,0.289,3360.0
Anomalia,0.0476,0.2656,0.6423,-0.7886,0.2698,-0.4405,0.1911,3360.0
Anomalia,0.0315,0.2589,0.6423,-0.7886,0.2608,-0.3032,0.3195,3360.0
Anomalia,0.0175,0.2263,0.5587,-0.7886,0.2269,-0.1532,0.8051,3360.0
Anomalia,0.0316,0.1817,0.5441,-0.3081,0.1844,0.6525,-0.0504,3360.0
Anomalia,0.0143,0.1804,0.4919,-0.5624,0.181,0.2006,0.6305,3360.0
Anomalia,0.0251,0.186,0.4919,-0.5624,0.1877,0.2168,0.3712,3360.0
Anomalia,0.0431,0.1811,0.4919,-0.5624,0.1861,-0.098,0.3649,3360.0
Anomalia,0.0383,0.1831,0.4919,-0.5624,0.187,-0.2617,0.2107,2880.0
Anomalia,0.0324,0.1577,0.4199,-0.3386,0.161,0.1478,-0.3536,2880.0
Anomalia,0.0382,0.1389,0.3599,-0.3386,0.1441,-0.183,-0.2032,480.0
Anomalia,0.0146,0.14,0.3267,-0.3386,0.1407,-0.0819,-0.3818,480.0
Anomalia,0.0235,0.1417,0.4335,-0.2798,0.1436,0.3919,-0.208,480.0
Anomalia,0.0369,0.149,0.4335,-0.2798,0.1535,0.3096,-0.6535,960.0
Anomalia,0.0169,0.1485,0.4335,-0.2798,0.1495,0.6055,-0.4079,960.0
Anomalia,0.0351,0.1485,0.4335,-0.2518,0.1526,0.4679,-0.597,960.0
Anomalia,0.0224,0.141,0.3517,-0.2518,0.1427,0.403,-0.6992,960.0
Anomalia,0.023,0.1603,0.6832,-0.2578,0.1619,0.7874,0.7973,960.0
Anomalia,0.0454,0.188,0.6832,-0.4068,0.1934,0.477,0.2382,960.0
Anomalia,0.0294,0.1978,0.6832,-0.4068,0.2,0.4565,0.1909,3360.0
Anomalia,0.0438,0.2033,0.6832,-0.4068,0.208,0.1548,-0.0876,3360.0
Anomalia,0.029,0.2048,0.6313,-0.4087,0.2068,-0.1081,-0.4086,3360.0
Anomalia,0.0183,0.1827,0.4068,-0.4087,0.1837,-0.3956,-0.5367,3360.0
Anomalia,0.0351,0.1722,0.3999,-0.4087,0.1758,-0.4726,-0.3857,3360.0
Anomalia,0.0075,0.1703,0.4302,-0.4087,0.1705,-0.0311,-0.4121,3360.0
Anomalia,0.04,0.1531,0.4302,-0.329,0.1582,0.0008,-0.5605,5040.0
Anomalia,0.0229,0.1496,0.4302,-0.2631,0.1513,0.3168,-0.5601,5280.0
Anomalia,0.0305,0.1413,0.4302,-0.2631,0.1445,0.1705,-0.3289,5280.0
Anomalia,0.0368,0.1334,0.3703,-0.3198,0.1384,-0.1946,-0.0694,480.0
Anomalia,0.0059,0.17,0.7233,-0.5099,0.1701,0.335,2.4124,4080.0
Anomalia,0.0304,0.2377,0.8038,-0.5192,0.2396,0.4618,1.09,3120.0
Anomalia,0.0227,0.2733,0.8038,-0.5192,0.2743,0.5278,0.2393,3360.0
Anomalia,0.0295,0.3201,0.8038,-0.5889,0.3214,0.4649,-0.3353,3360.0
Anomalia,0.0539,0.3172,0.8038,-0.5889,0.3217,0.2938,-0.5413,3360.0
Anomalia,0.0353,0.2889,0.7721,-0.5889,0.291,0.3152,-0.2491,3360.0
Anomalia,0.0288,0.2669,0.7721,-0.5889,0.2685,0.1922,0.1287,3360.0
Anomalia,0.0357,0.2226,0.5966,-0.5322,0.2255,-0.0135,-0.114,3360.0
Anomalia,0.0098,0.1985,0.5966,-0.5322,0.1987,0.0314,0.5124,3360.0
Anomalia,0.0275,0.1802,0.5966,-0.4973,0.1823,-0.0174,0.6854,3120.0
Anomalia,0.0299,0.1746,0.5966,-0.3313,0.1772,0.3096,0.1192,2640.0
Anomalia,0.0175,0.1472,0.3567,-0.3313,0.1483,-0.0362,-0.3676,1200.0
Anomalia,0.0423,0.1381,0.3106,-0.3123,0.1444,-0.2681,-0.4353,2880.0
Anomalia,0.0216,0.1583,0.4435,-0.4848,0.1598,-0.2922,0.312,2880.0
Anomalia,0.0298,0.181,0.5812,-0.4848,0.1835,0.1288,0.508,5040.0
Anomalia,0.0364,0.1952,0.5812,-0.4848,0.1986,0.0741,0.0191,5040.0
Anomalia,0.023,0.2055,0.5812,-0.4848,0.2068,0.2321,-0.3378,5280.0
Anomalia,0.0309,0.1841,0.5812,-0.358,0.1867,0.46,-0.0637,5280.0
Anomalia,0.0264,0.1486,0.4565,-0.358,0.1509,0.3506,-0.0156,3360.0
Anomalia,0.0311,0.1255,0.3924,-0.2418,0.1293,0.3374,-0.0481,3360.0
Anomalia,0.0337,0.0995,0.3924,-0.2289,0.105,0.7485,0.8458,960.0
Anomalia,0.0433,0.0864,0.2852,-0.1181,0.0967,0.508,-0.0913,960.0
Anomalia,0.0292,0.0807,0.2852,-0.1853,0.0858,0.4074,0.5232,3840.0
Anomalia,0.031,0.0897,0.2852,-0.1853,0.0949,0.3343,0.0231,960.0
Anomalia,0.0255,0.1061,0.3436,-0.3037,0.1091,0.0094,0.3869,4320.0
Anomalia,0.0167,0.1519,0.5537,-0.4068,0.1528,0.3839,1.1684,960.0
Anomalia,0.0212,0.226,0.5722,-0.7518,0.227,-0.2892,1.2123,480.0
Anomalia,0.018,0.2581,0.5722,-0.7518,0.2587,-0.3754,0.563,3120.0
Anomalia,0.0249,0.281,0.5722,-0.7518,0.2821,-0.3344,-0.0676,2880.0
Anomalia,0.0274,0.2836,0.5996,-0.7518,0.2849,-0.3995,-0.0786,2880.0
Anomalia,0.0374,0.2452,0.5996,-0.7026,0.248,-0.3582,0.009,2880.0
Anomalia,0.0351,0.2167,0.5996,-0.4537,0.2195,-0.022,-0.3043,2880.0
Anomalia,0.0329,0.2043,0.5996,-0.4957,0.207,-0.16,-0.2313,2880.0
Anomalia,0.0374,0.1866,0.4381,-0.4957,0.1903,-0.0961,-0.4325,2880.0
Anomalia,0.0388,0.1746,0.4308,-0.4957,0.1789,-0.1083,-0.1498,3360.0
Anomalia,0.0354,0.1728,0.4308,-0.4957,0.1764,-0.1636,-0.1418,480.0
Anomalia,0.0302,0.1499,0.4308,-0.2733,0.1529,0.2095,-0.4922,3360.0
Anomalia,0.0193,0.1597,0.4172,-0.3893,0.1608,0.1122,-0.2862,3360.0
Anomalia,0.0236,0.1853,0.5562,-0.45,0.1868,0.076,-0.0517,3360.0
Anomalia,0.0324,0.1991,0.5562,-0.4552,0.2017,-0.0829,-0.2761,3360.0
Anomalia,0.0451,0.2002,0.5562,-0.4552,0.2052,-0.1987,-0.2655,3120.0
Anomalia,0.0502,0.205,0.5562,-0.4552,0.2111,-0.0254,-0.266,3360.0
Anomalia,0.0297,0.1804,0.5205,-0.4552,0.1828,0.1918,-0.0917,2880.0
Anomalia,0.0217,0.1636,0.5205,-0.3697,0.165,0.5138,0.2718,2640.0
Anomalia,0.0106,0.1673,0.5205,-0.3697,0.1676,0.5709,0.3916,480.0
Anomalia,0.0236,0.1725,0.537,-0.3622,0.1741,0.4705,-0.0504,4080.0
Anomalia,0.0361,0.1693,0.537,-0.3622,0.1731,0.4097,-0.0116,4080.0
Anomalia,0.0389,0.1684,0.537,-0.3622,0.1728,0.2865,-0.0213,960.0
Anomalia,0.0434,0.161,0.537,-0.2795,0.1667,0.4092,0.0449,960.0
Anomalia,0.0286,0.118,0.3181,-0.2353,0.1214,0.1482,-0.4581,960.0
Anomalia,0.0353,0.1223,0.3181,-0.2353,0.1273,0.0687,-0.6812,960.0
Anomalia,0.0341,0.1136,0.3181,-0.2086,0.1186,0.1839,-0.5617,960.0
Anomalia,0.0354,0.1012,0.2902,-0.2086,0.1072,0.1779,-0.4141,960.0
Anomalia,0.0348,0.1115,0.2902,-0.2754,0.1168,-0.2459,-0.1118,960.0
Anomalia,0.0166,0.102,0.2756,-0.2754,0.1033,-0.2049,-0.041,960.0
Anomalia,0.0244,0.1166,0.3294,-0.2754,0.1191,-0.0246,-0.3397,960.0
Anomalia,0.02,0.1284,0.3571,-0.2754,0.1299,0.0625,-0.5706,960.0
Anomalia,0.0286,0.1414,0.4208,-0.3369,0.1443,0.244,-0.3244,3120.0
Anomalia,0.0445,0.1675,0.4792,-0.4909,0.1733,-0.2546,0.296,3120.0
Anomalia,0.0305,0.1699,0.4792,-0.4909,0.1726,-0.1828,0.2074,3120.0
Anomalia,0.041,0.1701,0.4792,-0.4909,0.175,-0.3298,0.2844,3120.0
Anomalia,0.032,0.161,0.4792,-0.4909,0.1641,-0.3014,0.4557,2880.0
Anomalia,0.0208,0.1425,0.3332,-0.2975,0.144,-0.0962,-0.6121,960.0
Anomalia,0.0387,0.1338,0.3373,-0.295,0.1393,-0.0649,-0.368,960.0
Anomalia,0.0229,0.1316,0.3373,-0.3008,0.1336,-0.0507,-0.263,1920.0
Anomalia,0.0368,0.1324,0.3373,-0.3008,0.1374,-0.1842,-0.3376,480.0
Anomalia,0.0467,0.1218,0.3373,-0.3008,0.1304,-0.1033,-0.0738,4080.0
Anomalia,0.0142,0.1423,0.304,-0.4103,0.143,-0.3797,-0.0443,1680.0
Anomalia,0.0148,0.2074,0.7493,-0.7068,0.2079,-0.1771,1.8891,1680.0
Anomalia,0.0138,0.2866,0.9325,-0.7775,0.287,0.2857,1.0634,720.0
Anomalia,0.0168,0.3176,0.9325,-0.7775,0.318,0.2541,0.0666,3360.0
Anomalia,0.05,0.33,0.9325,-0.7775,0.3338,0.0828,-0.2331,3360.0
Anomalia,0.0497,0.3021,0.9325,-0.7775,0.3062,0.1956,0.0373,3360.0
Anomalia,0.0415,0.2366,0.6569,-0.5007,0.2402,0.1775,-0.3049,3360.0
Anomalia,0.0272,0.2027,0.6569,-0.4191,0.2045,0.3253,0.0204,3360.0
Anomalia,0.0116,0.1814,0.4435,-0.4606,0.1818,-0.023,-0.4488,3360.0
Anomalia,0.0283,0.1679,0.4435,-0.4606,0.1703,-0.0539,-0.0305,3360.0
Anomalia,0.0345,0.1627,0.3914,-0.4606,0.1663,-0.2686,-0.0109,960.0
Anomalia,0.043,0.1834,0.3914,-0.5021,0.1884,-0.5826,0.2375,3360.0
Anomalia,0.0404,0.1657,0.3914,-0.5021,0.1705,-0.6246,0.7156,4080.0
Anomalia,0.0347,0.1648,0.3661,-0.5021,0.1685,-0.652,0.5355,4080.0
Anomalia,0.0178,0.168,0.4483,-0.5021,0.169,-0.2734,0.3091,960.0
Anomalia,0.029,0.155,0.4483,-0.3799,0.1577,0.0961,-0.1413,3360.0
Anomalia,0.0338,0.1635,0.4483,-0.3799,0.167,0.065,-0.5917,3360.0
Anomalia,0.0222,0.1569,0.4483,-0.3799,0.1585,0.2118,-0.2804,3360.0
Anomalia,0.0417,0.1458,0.4035,-0.2827,0.1517,-0.0035,-0.4972,3360.0
Anomalia,0.0178,0.1264,0.2812,-0.2827,0.1276,0.138,-0.5512,3360.0
Anomalia,0.0267,0.1088,0.2787,-0.1905,0.112,0.251,-0.5152,480.0
Anomalia,0.0349,0.117,0.3096,-0.1905,0.1221,0.1399,-0.7595,720.0
Anomalia,0.0203,0.103,0.3096,-0.1905,0.1049,0.1745,-0.3435,1200.0
Anomalia,0.0381,0.1111,0.3096,-0.2128,0.1174,0.0955,-0.5492,960.0
Anomalia,0.0261,0.1218,0.3096,-0.2128,0.1246,0.2592,-0.8087,960.0
Anomalia,0.0335,0.1336,0.4337,-0.2362,0.1377,0.3959,-0.3085,960.0
Anomalia,0.0523,0.1774,0.5831,-0.4579,0.185,0.1219,-0.0396,960.0
Anomalia,0.0273,0.2042,0.5831,-0.4579,0.206,0.1361,-0.2938,960.0
Anomalia,0.0544,0.2299,0.5831,-0.4579,0.2362,0.039,-0.6163,2880.0
Anomalia,0.0177,0.2564,0.5831,-0.4784,0.257,0.1482,-0.7758,2880.0
Anomalia,0.0182,0.2356,0.5662,-0.4784,0.2363,0.1127,-0.5222,2880.0
Anomalia,0.0386,0.227,0.5662,-0.4784,0.2303,0.0376,-0.2215,2880.0
Anomalia,0.0045,0.2313,0.6002,-0.4784,0.2313,0.1429,-0.0774,2880.0
Anomalia,0.0413,0.2602,0.6822,-0.8945,0.2634,-0.2676,0.8535,5280.0
Anomalia,0.0395,0.2956,0.6822,-0.8945,0.2982,-0.2014,-0.0142,5280.0
Anomalia,0.0264,0.3041,0.6822,-0.8945,0.3052,-0.2131,-0.2626,5280.0
Anomalia,0.0487,0.2898,0.6822,-0.8945,0.2938,-0.3651,0.1247,5280.0
Anomalia,0.0206,0.2461,0.611,-0.5948,0.2469,-0.0765,-0.2723,3360.0
Anomalia,0.011,0.2184,0.5489,-0.5601,0.2187,-0.1948,-0.3138,3360.0
Anomalia,0.0239,0.2186,0.6745,-0.518,0.2199,0.0779,-0.095,2880.0
Anomalia,0.0219,0.2251,0.6745,-0.518,0.2261,0.0541,-0.342,2880.0
Anomalia,0.0484,0.2245,0.6745,-0.518,0.2296,-0.0807,-0.3867,2880.0
Anomalia,0.0466,0.208,0.6745,-0.4487,0.2132,0.086,-0.273,5280.0
Anomalia,0.0333,0.1788,0.5328,-0.3236,0.1819,0.1183,-0.3163,3120.0
Anomalia,0.0317,0.1491,0.3649,-0.3236,0.1524,-0.2215,-0.2653,3840.0
Anomalia,0.0137,0.1512,0.3918,-0.48,0.1518,-0.4999,0.4277,960.0
Anomalia,0.0236,0.1705,0.5601,-0.48,0.1721,0.2454,0.9923,4080.0
Anomalia,0.0418,0.1776,0.5601,-0.48,0.1824,0.0563,0.4936,4080.0
Anomalia,0.0233,0.1778,0.5601,-0.48,0.1794,0.2575,0.5739,4080.0
Anomalia,0.0327,0.1549,0.5601,-0.3265,0.1583,0.6281,1.0541,2880.0
Anomalia,0.0254,0.1243,0.309,-0.3265,0.1269,-0.3804,-0.0444,1920.0
Anomalia,0.0155,0.1116,0.2702,-0.2989,0.1126,-0.1896,-0.4685,4080.0
Anomalia,0.0387,0.1155,0.3661,-0.2132,0.1218,0.0931,-0.2208,4080.0
Anomalia,0.0405,0.1202,0.3661,-0.2078,0.1269,0.1567,-0.235,4080.0
Anomalia,0.0311,0.1159,0.3661,-0.2078,0.12,0.4713,0.0777,4080.0
Anomalia,0.0409,0.1099,0.3661,-0.2078,0.1173,0.4246,0.1337,4080.0
Anomalia,0.0212,0.1127,0.3912,-0.2078,0.1146,0.445,0.2541,960.0
Anomalia,0.0333,0.1863,0.7621,-0.5923,0.1893,0.7932,2.7754,4320.0
Anomalia,0.0361,0.2493,0.7621,-0.6123,0.2519,0.313,0.8834,3120.0
Anomalia,0.0225,0.2592,0.7621,-0.6123,0.2602,0.3817,0.4893,3120.0
Anomalia,0.0414,0.2622,0.7621,-0.6123,0.2654,0.2109,0.2984,3120.0
Anomalia,0.0175,0.2287,0.7496,-0.6123,0.2294,0.1726,0.5952,2880.0
Anomalia,0.0239,0.171,0.4114,-0.3501,0.1726,0.0616,-0.6497,2880.0
Anomalia,0.0285,0.1568,0.4114,-0.31,0.1594,0.1149,-0.3981,4080.0
Anomalia,0.0125,0.1502,0.3841,-0.3444,0.1507,-0.0383,-0.4212,4080.0
Anomalia,0.0378,0.138,0.3803,-0.3444,0.1431,-0.2511,-0.3624,1200.0
Anomalia,0.0337,0.1367,0.3127,-0.3444,0.1408,-0.1898,-0.5073,960.0
Anomalia,0.0424,0.144,0.3275,-0.3444,0.1502,-0.1383,-0.5282,960.0
Anomalia,0.0571,0.1813,0.8247,-0.4875,0.1901,0.6254,2.7578,720.0
Anomalia,0.0226,0.2451,0.8672,-0.8478,0.2461,0.0737,2.5867,5280.0
Anomalia,0.0215,0.3048,0.9525,-1.0345,0.3055,-0.0352,1.6507,5280.0
Anomalia,0.0362,0.3334,0.9525,-1.0345,0.3353,-0.0189,0.6668,3360.0
Anomalia,0.0084,0.3247,0.9525,-1.0345,0.3248,-0.0037,0.6329,3360.0
Anomalia,0.0453,0.3027,0.9525,-1.0345,0.306,-0.0859,0.5363,3360.0
Anomalia,0.0307,0.2529,0.7168,-0.5201,0.2548,0.1418,-0.3905,3360.0
Anomalia,0.0129,0.2153,0.5455,-0.5017,0.2156,-0.036,-0.4098,3360.0
Anomalia,0.0293,0.197,0.5455,-0.5017,0.1992,-0.0054,-0.0459,3360.0
Anomalia,0.0181,0.1616,0.3778,-0.5017,0.1626,-0.4219,-0.0471,3360.0
Anomalia,0.037,0.1451,0.3478,-0.3513,0.1497,-0.3329,-0.4045,2640.0
Anomalia,0.0447,0.1435,0.4479,-0.3513,0.1503,-0.1192,0.0735,2640.0
Anomalia,0.0321,0.1387,0.4479,-0.3513,0.1424,0.1017,0.2806,2880.0
Anomalia,0.0302,0.1279,0.4479,-0.3513,0.1315,0.2343,0.808,2880.0
Anomalia,0.0307,0.1316,0.4479,-0.2766,0.1351,0.5709,0.4922,2880.0
Anomalia,0.0174,0.1337,0.4352,-0.2612,0.1349,0.4756,0.2426,5280.0
Anomalia,0.0462,0.1412,0.4352,-0.2612,0.1486,0.2136,-0.1322,480.0
Anomalia,0.0406,0.1468,0.4352,-0.2612,0.1523,0.229,-0.3175,3360.0
Anomalia,0.0347,0.1389,0.4352,-0.2612,0.1432,0.2979,-0.1595,960.0
Anomalia,0.0468,0.1394,0.4425,-0.2457,0.1471,0.3588,-0.3101,960.0
Anomalia,0.0184,0.1588,0.4425,-0.383,0.1599,0.1509,-0.2335,960.0
Anomalia,0.0268,0.1846,0.5159,-0.432,0.1866,0.0543,-0.2055,3840.0
Anomalia,0.0362,0.1975,0.5159,-0.432,0.2008,-0.0138,-0.5472,3840.0
Anomalia,0.014,0.1908,0.5159,-0.432,0.1913,0.0774,-0.3958,3360.0
Anomalia,0.0389,0.1789,0.5159,-0.432,0.1831,0.1021,-0.1142,3360.0
Anomalia,0.0257,0.1546,0.422,-0.2841,0.1567,0.3062,-0.2691,3360.0
Anomalia,0.0331,0.1869,0.6778,-0.3701,0.1898,0.5965,0.6093,4560.0
Anomalia,0.0425,0.2006,0.6778,-0.4124,0.2051,0.4576,0.1646,4080.0
Anomalia,0.0293,0.199,0.6778,-0.4124,0.2011,0.5129,0.2633,4080.0
Anomalia,0.0404,0.2073,0.6778,-0.4124,0.2112,0.3505,-0.0822,4080.0
Anomalia,0.0328,0.1621,0.5293,-0.4124,0.1653,-0.0127,0.0068,2880.0
Anomalia,0.0339,0.1735,0.5825,-0.4469,0.1767,-0.0818,0.4581,2880.0
Anomalia,0.0374,0.217,0.5825,-0.4696,0.2202,0.136,-0.008,2880.0
Anomalia,0.0225,0.28,0.6384,-0.8196,0.2809,-0.2663,0.4486,5280.0
Anomalia,0.0365,0.3192,0.6384,-0.8196,0.3212,-0.2387,-0.3713,3360.0
Anomalia,0.0273,0.3232,0.6384,-0.8196,0.3243,-0.2315,-0.5316,3360.0
Anomalia,0.0306,0.3029,0.6384,-0.8196,0.3044,-0.3958,-0.1303,3360.0
Anomalia,0.0375,0.2469,0.6006,-0.6436,0.2497,-0.1768,-0.459,3360.0
Anomalia,0.0179,0.2007,0.4523,-0.4423,0.2015,-0.1592,-0.5939,3360.0
Anomalia,0.0231,0.1978,0.5733,-0.4836,0.1992,-0.004,-0.2389,3360.0
Anomalia,0.0333,0.1933,0.5733,-0.4836,0.1961,0.0247,-0.0356,2880.0
Anomalia,0.0257,0.189,0.5733,-0.4836,0.1907,0.0336,0.2004,3120.0
Anomalia,0.0371,0.193,0.5733,-0.4836,0.1965,0.009,0.0561,2880.0
Anomalia,0.0398,0.1613,0.4915,-0.354,0.1662,0.1654,-0.0802,2880.0
Anomalia,0.0236,0.1503,0.4439,-0.354,0.1521,0.0883,-0.1598,2880.0
Anomalia,0.0444,0.1934,0.698,-0.6185,0.1984,0.3156,1.3226,3360.0
Anomalia,0.0302,0.2051,0.698,-0.6185,0.2073,0.2308,0.8922,3360.0
Anomalia,0.0444,0.2115,0.698,-0.6185,0.2161,0.1421,0.5499,4080.0
Anomalia,0.0376,0.2188,0.698,-0.6185,0.222,0.1598,0.279,3360.0
Anomalia,0.0279,0.1736,0.4089,-0.4166,0.1758,0.0216,-0.3291,3360.0
Anomalia,0.0278,0.1508,0.4089,-0.3559,0.1533,0.0036,-0.2819,960.0
Anomalia,0.0224,0.1354,0.3747,-0.3559,0.1373,-0.3455,-0.1241,960.0
Anomalia,0.0293,0.1183,0.2347,-0.311,0.1218,-0.4923,-0.3584,960.0
Anomalia,0.0323,0.104,0.2163,-0.311,0.1089,-0.687,0.2706,1200.0
Anomalia,0.0388,0.0985,0.2528,-0.213,0.1059,-0.3138,-0.5083,960.0
Anomalia,0.0258,0.0939,0.2528,-0.213,0.0974,0.0349,-0.5771,960.0
Anomalia,0.0337,0.0987,0.2528,-0.213,0.1043,-0.043,-0.439,1200.0
Anomalia,0.0336,0.1765,0.7141,-0.6073,0.1797,0.0702,2.9707,3120.0
Anomalia,0.032,0.2366,0.7141,-0.6582,0.2387,-0.136,1.0961,3120.0
Anomalia,0.0484,0.2523,0.7141,-0.6582,0.2569,-0.2941,0.4441,2880.0
Anomalia,0.0328,0.2663,0.7141,-0.6582,0.2683,-0.1864,-0.0614,2880.0
Anomalia,0.0373,0.2304,0.649,-0.6582,0.2334,-0.3722,0.355,2880.0
Anomalia,0.0323,0.1684,0.396,-0.4072,0.1715,-0.3901,-0.0074,2880.0
Anomalia,0.028,0.1788,0.5574,-0.4784,0.1809,-0.2617,0.4742,2880.0
Anomalia,0.0335,0.1752,0.5574,-0.4784,0.1784,-0.1217,0.5719,5040.0
Anomalia,0.0336,0.1862,0.5574,-0.4784,0.1892,-0.2161,0.1612,5040.0
Anomalia,0.0298,0.2003,0.5574,-0.4784,0.2025,-0.0408,-0.2353,3360.0
Anomalia,0.0339,0.1787,0.4733,-0.3805,0.1819,-0.0356,-0.4509,3360.0
Anomalia,0.0349,0.2044,0.7506,-0.4475,0.2074,0.4462,0.2952,3360.0
Anomalia,0.0278,0.22,0.7506,-0.5232,0.2217,0.4311,0.2579,3360.0
Anomalia,0.0402,0.2515,0.7506,-0.7243,0.2547,0.0583,0.2761,960.0
Anomalia,0.0346,0.2564,0.7506,-0.7243,0.2587,0.1018,0.1074,3120.0
Anomalia,0.0404,0.2366,0.6275,-0.7243,0.2401,-0.2194,0.3557,3120.0
Anomalia,0.0422,0.2188,0.6275,-0.7243,0.2228,-0.1715,0.8014,3360.0
Anomalia,0.0261,0.1688,0.5021,-0.3905,0.1708,0.1458,0.0612,3360.0
Anomalia,0.0333,0.1622,0.5021,-0.3905,0.1655,-0.0485,0.2809,3360.0
Anomalia,0.0193,0.1735,0.4352,-0.5023,0.1746,-0.4499,0.7148,2880.0
Anomalia,0.0309,0.175,0.4875,-0.5023,0.1777,-0.4792,0.9517,480.0
Anomalia,0.0393,0.177,0.4875,-0.5023,0.1813,-0.4602,0.8389,2640.0
Anomalia,0.0321,0.176,0.4875,-0.5023,0.179,-0.364,0.7712,2640.0
Anomalia,0.0364,0.1427,0.4875,-0.2996,0.1472,0.1602,0.3179,3120.0
Anomalia,0.0274,0.1236,0.3256,-0.2996,0.1266,-0.0792,-0.1652,2880.0
Anomalia,0.0245,0.1062,0.3256,-0.2996,0.109,-0.209,0.4947,2880.0
Anomalia,0.0288,0.0957,0.2387,-0.275,0.0999,-0.0867,0.1436,480.0
Anomalia,0.0354,0.0967,0.2946,-0.1769,0.1029,0.4547,-0.2997,3120.0
Anomalia,0.0282,0.0949,0.2946,-0.1773,0.099,0.3932,-0.155,2880.0
Anomalia,0.0432,0.1076,0.2946,-0.2101,0.116,0.0387,-0.5961,2880.0
Anomalia,0.0296,0.1399,0.4596,-0.5007,0.143,-0.342,1.5871,960.0
Anomalia,0.0411,0.1567,0.4973,-0.5007,0.162,-0.0764,1.0193,960.0
Anomalia,0.0462,0.1818,0.4973,-0.5293,0.1876,-0.527,0.8118,5040.0
Anomalia,0.0301,0.2052,0.4973,-0.5873,0.2074,-0.596,0.4793,5280.0
Anomalia,0.0471,0.1994,0.4973,-0.5873,0.2049,-0.6681,0.5926,5280.0
Anomalia,0.0198,0.2066,0.4477,-0.5873,0.2075,-0.7391,0.048,960.0
Anomalia,0.0319,0.2049,0.4477,-0.5873,0.2074,-0.8895,0.349,960.0
Anomalia,0.0284,0.1851,0.4477,-0.5643,0.1873,-0.7651,0.353,960.0
Anomalia,0.0223,0.179,0.301,-0.5643,0.1804,-0.7919,0.3133,2880.0
Anomalia,0.0466,0.1558,0.3544,-0.5643,0.1627,-0.8246,1.507,2880.0
Anomalia,0.0207,0.1326,0.3544,-0.3626,0.1342,0.0171,0.0966,1200.0
Anomalia,0.0392,0.1386,0.3544,-0.282,0.144,0.0468,-0.6268,1440.0
Anomalia,0.0339,0.1849,0.7318,-0.615,0.188,0.3834,2.7731,1680.0
Anomalia,0.0282,0.231,0.7404,-0.615,0.2327,0.6398,1.0592,1680.0
Anomalia,0.0232,0.2907,0.7404,-0.7381,0.2917,-0.0421,0.1351,1920.0
Anomalia,0.0423,0.299,0.7404,-0.7381,0.302,-0.1351,-0.083,3360.0
Anomalia,0.021,0.2795,0.7404,-0.7381,0.2802,-0.1333,-0.0764,3360.0
Anomalia,0.0415,0.2572,0.5597,-0.7381,0.2605,-0.5888,0.3157,3360.0
Anomalia,0.0489,0.1965,0.4587,-0.3999,0.2025,0.0328,-0.792,3360.0
Anomalia,0.0247,0.1852,0.4587,-0.3999,0.1869,0.1651,-0.466,3360.0
Anomalia,0.0533,0.196,0.5109,-0.3392,0.2031,0.3519,-0.5963,960.0
Anomalia,0.0324,0.1903,0.5109,-0.3392,0.193,0.4108,-0.3857,960.0
Anomalia,0.037,0.1986,0.5109,-0.4124,0.202,0.1849,-0.3931,1200.0
Anomalia,0.0356,0.2168,0.5618,-0.4504,0.2197,0.1378,-0.5157,4080.0
Anomalia,0.0205,0.1915,0.5618,-0.4504,0.1926,-0.0664,-0.0006,960.0
Anomalia,0.0267,0.1943,0.5618,-0.4504,0.1961,-0.24,0.0716,960.0
Anomalia,0.0377,0.2101,0.5701,-0.4504,0.2135,-0.1154,-0.0345,960.0
Anomalia,0.0245,0.2297,0.615,-0.6117,0.231,-0.0009,0.0769,5040.0
Anomalia,0.0499,0.2325,0.615,-0.6117,0.2378,-0.1459,-0.076,5040.0
Anomalia,0.0309,0.2285,0.615,-0.6117,0.2306,0.0989,-0.0549,5280.0
Anomalia,0.0262,0.1986,0.615,-0.6117,0.2003,0.0969,0.7514,3360.0
Anomalia,0.0498,0.1448,0.4143,-0.2887,0.1531,-0.0089,-0.426,240.0
Anomalia,0.0242,0.1361,0.3876,-0.2887,0.1382,-0.0216,-0.4549,960.0
Anomalia,0.045,0.1167,0.353,-0.2764,0.1251,-0.2581,-0.1262,960.0
Anomalia,0.0435,0.1074,0.353,-0.2145,0.1159,-0.0357,-0.0358,960.0
Anomalia,0.0144,0.0913,0.2343,-0.2145,0.0924,-0.0371,-0.3505,240.0
Anomalia,0.039,0.1063,0.3259,-0.2299,0.1132,0.1585,-0.2528,720.0
Anomalia,0.0108,0.139,0.5491,-0.4619,0.1394,0.0337,1.4494,480.0
Anomalia,0.0366,0.2005,0.6281,-0.4642,0.2038,0.5102,1.0363,2880.0
Anomalia,0.0438,0.2189,0.6281,-0.4677,0.2233,0.1943,0.3241,2880.0
Anomalia,0.0318,0.2274,0.6281,-0.4677,0.2296,0.2072,0.1915,2880.0
Anomalia,0.0521,0.2121,0.6281,-0.4677,0.2184,0.1038,0.5481,2880.0
Anomalia,0.0199,0.1702,0.4193,-0.4677,0.1714,-0.2663,0.1782,3120.0
Anomalia,0.0328,0.1547,0.4193,-0.4339,0.1582,-0.3497,0.0053,2880.0
Anomalia,0.0436,0.1536,0.4608,-0.3002,0.1597,0.0817,-0.238,2880.0
Anomalia,0.0254,0.187,0.4608,-0.6089,0.1888,-0.2977,0.4799,720.0
Anomalia,0.0526,0.2032,0.5078,-0.6089,0.2098,-0.4977,0.543,960.0
Anomalia,0.0362,0.2107,0.5078,-0.6089,0.2138,-0.3509,0.1753,3360.0
Anomalia,0.0212,0.2027,0.5078,-0.6089,0.2038,-0.4247,0.3021,3360.0
Anomalia,0.0397,0.1974,0.5695,-0.4905,0.2014,-0.1129,0.2467,3360.0
Anomalia,0.0156,0.181,0.5695,-0.4314,0.1817,0.0892,0.2358,3360.0
Anomalia,0.0306,0.1993,0.5695,-0.4314,0.2016,-0.0246,-0.3406,3120.0
Anomalia,0.042,0.1985,0.5695,-0.4314,0.2029,-0.0221,-0.3687,3120.0
Anomalia,0.0272,0.1758,0.3876,-0.3962,0.1779,-0.0303,-0.7667,2880.0
Anomalia,0.0369,0.1674,0.3876,-0.3962,0.1715,-0.0934,-0.5627,3120.0
Anomalia,0.0279,0.1404,0.3705,-0.349,0.1431,0.07,-0.4267,3120.0
Anomalia,0.0178,0.1427,0.4045,-0.3605,0.1438,0.0949,-0.0979,4080.0
Anomalia,0.0384,0.1509,0.4425,-0.3605,0.1558,-0.0443,-0.0224,2880.0
Anomalia,0.0311,0.1543,0.4425,-0.3605,0.1574,0.0194,-0.0688,2880.0
Anomalia,0.0424,0.1507,0.4425,-0.3605,0.1566,0.0148,-0.0921,3360.0
Anomalia,0.0432,0.1342,0.4425,-0.3584,0.141,-0.051,0.1229,3360.0
Anomalia,0.0281,0.1174,0.3321,-0.2654,0.1207,0.1629,-0.0363,3360.0
Anomalia,0.0367,0.1104,0.3321,-0.238,0.1163,-0.0017,-0.2811,2880.0
Anomalia,0.0349,0.101,0.2583,-0.2069,0.1068,-0.066,-0.6922,960.0
Anomalia,0.0289,0.1002,0.2583,-0.2147,0.1043,-0.0896,-0.5156,960.0
Anomalia,0.0421,0.103,0.2764,-0.2147,0.1112,-0.1868,-0.5312,960.0
Anomalia,0.0287,0.1079,0.2764,-0.2624,0.1116,-0.2475,-0.3434,2880.0
Anomalia,0.0219,0.1109,0.2764,-0.2624,0.113,-0.1522,-0.3898,960.0
Anomalia,0.0287,0.1554,0.5209,-0.4654,0.158,0.0319,0.5576,960.0
Anomalia,0.0247,0.2229,0.7844,-0.8005,0.2243,-0.0586,1.4804,2640.0
Anomalia,0.0366,0.2537,0.7844,-0.8005,0.2563,-0.0235,0.5803,3120.0
Anomalia,0.0377,0.27,0.7844,-0.8005,0.2726,0.0498,0.0538,3120.0
Anomalia,0.0333,0.272,0.7844,-0.8005,0.274,0.0255,0.0562,3120.0
Anomalia,0.0443,0.2416,0.6957,-0.5128,0.2456,0.0984,-0.301,2880.0
Anomalia,0.0291,0.2165,0.553,-0.495,0.2184,0.1666,-0.3563,2880.0
Anomalia,0.0407,0.2064,0.5005,-0.495,0.2104,-0.1418,-0.246,2880.0
Anomalia,0.0412,0.1881,0.5005,-0.5109,0.1925,-0.1103,-0.0329,2880.0
Anomalia,0.0257,0.1747,0.4679,-0.5247,0.1766,-0.39,0.367,2880.0
Anomalia,0.0378,0.1667,0.4679,-0.5247,0.1709,-0.4213,0.9613,2880.0
Anomalia,0.0302,0.165,0.4281,-0.5247,0.1677,-0.5072,0.7498,2880.0
Anomalia,0.0334,0.1975,0.7735,-0.6152,0.2003,0.1939,2.0078,2880.0
Anomalia,0.044,0.2386,0.8472,-0.6152,0.2426,0.7034,1.2321,1920.0
Anomalia,0.0229,0.2737,0.8472,-0.7427,0.2746,0.2356,0.6774,1920.0
Anomalia,0.0344,0.2791,0.8472,-0.7427,0.2813,0.2293,0.5567,1920.0
Anomalia,0.029,0.2566,0.8472,-0.7427,0.2582,0.1307,0.8057,3360.0
Anomalia,0.0257,0.2159,0.5628,-0.7427,0.2174,-0.4922,1.1875,3360.0
Anomalia,0.045,0.1721,0.5628,-0.3872,0.1779,0.2161,0.3483,3360.0
Anomalia,0.0392,0.164,0.4051,-0.3872,0.1686,-0.1911,-0.374,3360.0
Anomalia,0.0338,0.1683,0.4187,-0.3793,0.1716,-0.0637,-0.4175,480.0
Anomalia,0.0395,0.1586,0.4187,-0.3793,0.1635,-0.3833,-0.2704,960.0
Anomalia,0.0265,0.1693,0.4187,-0.3793,0.1714,-0.2713,-0.51,4080.0
Anomalia,0.0251,0.1611,0.4187,-0.3793,0.163,-0.1062,-0.3438,4080.0
Anomalia,0.0379,0.1415,0.3619,-0.3317,0.1465,-0.2318,-0.1287,3840.0
Anomalia,0.0197,0.1344,0.3619,-0.3317,0.1358,-0.0099,0.1021,4080.0
Anomalia,0.0458,0.128,0.4464,-0.3204,0.136,0.2004,0.4708,480.0
Anomalia,0.0407,0.1375,0.4464,-0.324,0.1434,0.0549,0.3065,3360.0
Anomalia,0.029,0.1406,0.4464,-0.324,0.1436,0.0275,0.3181,3360.0
Anomalia,0.041,0.1421,0.4464,-0.324,0.1479,-0.1174,0.1441,3360.0
Anomalia,0.0234,0.1335,0.3674,-0.324,0.1356,0.0152,-0.1469,3360.0
Anomalia,0.0199,0.1182,0.3674,-0.2854,0.1199,0.0235,-0.2784,3360.0
Anomalia,0.043,0.1249,0.3674,-0.2245,0.1321,0.0915,-0.7084,5280.0
Anomalia,0.0325,0.1415,0.3674,-0.3386,0.1452,0.0022,-0.4852,960.0
Anomalia,0.0448,0.1301,0.3302,-0.3386,0.1376,-0.28,-0.1158,960.0
Anomalia,0.0444,0.1244,0.3302,-0.3386,0.1321,-0.2242,0.1604,960.0
Anomalia,0.0224,0.1187,0.3302,-0.3386,0.1208,-0.2167,0.2078,480.0
Anomalia,0.0406,0.1233,0.3901,-0.3027,0.1298,0.2977,0.1157,5280.0
Anomalia,0.0259,0.1905,0.6102,-0.5695,0.1923,0.1006,0.8942,5040.0
Anomalia,0.037,0.2079,0.6102,-0.5695,0.2111,-0.0139,0.118,5040.0
Anomalia,0.0422,0.2236,0.6102,-0.5695,0.2276,-0.1641,-0.287,2880.0
Anomalia,0.0153,0.2213,0.6102,-0.5695,0.2218,-0.0535,-0.2402,3360.0
Anomalia,0.0342,0.1838,0.4439,-0.4354,0.187,-0.299,-0.4717,480.0
Anomalia,0.0224,0.2005,0.4444,-0.6096,0.2018,-0.4582,-0.0537,960.0
Anomalia,0.0413,0.2139,0.669,-0.6096,0.2178,0.0412,0.3694,3120.0
Anomalia,0.0461,0.2579,0.669,-0.6119,0.2619,-0.2084,-0.2313,720.0
Anomalia,0.0364,0.2943,0.703,-0.6119,0.2966,-0.0038,-0.6777,3360.0
Anomalia,0.0391,0.2948,0.703,-0.6119,0.2974,0.0137,-0.8105,3360.0
Anomalia,0.0234,0.2899,0.703,-0.6119,0.2909,0.0221,-0.9002,3360.0
Anomalia,0.0312,0.2616,0.703,-0.5495,0.2634,0.1917,-0.6845,3360.0
Anomalia,0.0326,0.2239,0.532,-0.485,0.2263,0.094,-0.7116,3360.0
Anomalia,0.0292,0.1988,0.532,-0.3396,0.2009,0.3632,-0.3779,3360.0
Anomalia,0.0376,0.1729,0.5203,-0.3396,0.177,0.1614,0.0039,3120.0
Anomalia,0.0337,0.1441,0.4537,-0.3342,0.1479,0.0363,-0.0868,2880.0
Anomalia,0.0273,0.1297,0.3396,-0.349,0.1326,-0.2253,-0.1748,2880.0
Anomalia,0.033,0.1305,0.2925,-0.349,0.1346,-0.496,-0.1024,3120.0
Anomalia,0.0219,0.1679,0.538,-0.5457,0.1693,-0.2855,0.9097,4080.0
Anomalia,0.0387,0.1948,0.6588,-0.5457,0.1986,-0.0039,0.8075,4080.0
Anomalia,0.0355,0.2033,0.6588,-0.5457,0.2064,0.0421,0.426,4080.0
Anomalia,0.0406,0.2089,0.6588,-0.5457,0.2128,-0.067,0.2888,3360.0
Anomalia,0.0334,0.1829,0.6588,-0.4277,0.1859,0.1248,0.5199,3360.0
Anomalia,0.0223,0.153,0.4224,-0.4277,0.1546,-0.2876,-0.1874,3360.0
Anomalia,0.0323,0.1354,0.3071,-0.4277,0.1392,-0.3395,-0.0188,4080.0
Anomalia,0.0238,0.1186,0.3071,-0.2336,0.1209,0.1303,-0.7323,3840.0
Anomalia,0.0497,0.1193,0.3826,-0.2034,0.1292,0.2759,-0.4721,3840.0
Anomalia,0.0406,0.1242,0.3826,-0.2791,0.1307,0.0955,-0.1747,960.0
Anomalia,0.0365,0.1242,0.3826,-0.2791,0.1295,0.0718,-0.2899,960.0
Anomalia,0.0421,0.1265,0.3826,-0.2791,0.1334,0.1697,-0.0973,4080.0
Anomalia,0.0088,0.125,0.3555,-0.3273,0.1253,-0.0097,0.117,4080.0
Anomalia,0.0322,0.1955,0.7537,-0.4982,0.1981,0.8305,1.8392,3120.0
Anomalia,0.0276,0.2312,0.7537,-0.5712,0.2329,0.4713,0.8588,3120.0
Anomalia,0.014,0.2507,0.7537,-0.5712,0.2511,0.4617,0.1663,3120.0
Anomalia,0.0435,0.2654,0.7537,-0.5712,0.2689,0.3131,-0.2951,3120.0
Anomalia,0.0235,0.2533,0.5716,-0.5712,0.2544,0.1569,-0.5546,4320.0
Anomalia,0.0336,0.2527,0.6137,-0.5334,0.2549,0.1387,-0.7555,2880.0
Anomalia,0.0549,0.2463,0.6137,-0.5334,0.2523,0.0881,-0.6184,4080.0
Anomalia,0.0241,0.2573,0.6137,-0.5334,0.2584,0.096,-0.7327,4080.0
Anomalia,0.0473,0.2347,0.6137,-0.5334,0.2394,0.052,-0.2902,2880.0
Anomalia,0.0283,0.2036,0.5639,-0.5034,0.2055,0.2777,0.1967,2880.0
Anomalia,0.0239,0.1993,0.5639,-0.5034,0.2007,0.0415,0.2067,480.0
Anomalia,0.0446,0.1981,0.6692,-0.6223,0.203,-0.1505,1.3822,3360.0
Anomalia,0.023,0.2096,0.6692,-0.6223,0.2108,-0.0936,0.9368,3120.0
Anomalia,0.0321,0.2612,0.6692,-0.6624,0.2631,-0.3702,0.1505,3360.0
Anomalia,0.0374,0.2624,0.6692,-0.6624,0.2651,-0.2904,0.142,3360.0
Anomalia,0.0296,0.248,0.6016,-0.6624,0.2498,-0.1741,-0.0417,3360.0
Anomalia,0.04,0.2359,0.6016,-0.6624,0.2393,-0.3489,0.1367,3360.0
Anomalia,0.0369,0.1772,0.5159,-0.3605,0.1809,0.2257,-0.4535,3360.0
Anomalia,0.026,0.1672,0.4531,-0.461,0.1692,-0.0142,-0.2816,3360.0
Anomalia,0.0302,0.1629,0.426,-0.508,0.1656,-0.4082,0.1713,960.0
Anomalia,0.0248,0.1506,0.426,-0.508,0.1526,-0.2953,0.8261,3360.0
Anomalia,0.0321,0.1616,0.426,-0.508,0.1648,-0.5377,0.6821,3360.0
Anomalia,0.0306,0.1534,0.3851,-0.508,0.1564,-0.5442,0.6729,2880.0
Anomalia,0.0333,0.1331,0.3851,-0.4224,0.1372,-0.2575,0.5277,3120.0
Anomalia,0.0335,0.1305,0.3052,-0.4224,0.1348,-0.4747,0.394,3840.0
Anomalia,0.0432,0.1222,0.3052,-0.2531,0.1296,-0.165,-0.5196,4080.0
Anomalia,0.0432,0.1255,0.2798,-0.2464,0.1327,-0.1588,-0.8319,4080.0
Anomalia,0.0406,0.122,0.2798,-0.2464,0.1286,-0.1405,-0.6981,960.0
Anomalia,0.0283,0.1247,0.2896,-0.2464,0.1279,0.1018,-0.7872,960.0
Anomalia,0.0211,0.114,0.2935,-0.2662,0.1159,0.1875,-0.3158,960.0
Anomalia,0.0268,0.1269,0.3676,-0.3839,0.1297,0.0276,0.4514,2640.0
Anomalia,0.0182,0.1406,0.3676,-0.3839,0.1418,-0.0514,-0.0763,2640.0
Anomalia,0.0501,0.1594,0.5063,-0.3839,0.1671,-0.223,0.1614,4320.0
Anomalia,0.0358,0.1882,0.5063,-0.3905,0.1916,-0.1831,-0.5004,3840.0
Anomalia,0.0316,0.1837,0.5063,-0.3905,0.1864,-0.1707,-0.4971,2880.0
Anomalia,0.0379,0.1858,0.5063,-0.3905,0.1896,-0.2334,-0.5418,2880.0
Anomalia,0.009,0.1766,0.4156,-0.3905,0.1768,-0.0902,-0.7145,4080.0
Anomalia,0.0359,0.1706,0.591,-0.3348,0.1743,0.0876,0.1163,4080.0
Anomalia,0.0352,0.167,0.591,-0.3348,0.1706,0.0994,0.3073,5040.0
Anomalia,0.0354,0.172,0.591,-0.3348,0.1756,0.1812,0.06,3840.0
Anomalia,0.0506,0.158,0.591,-0.3221,0.1659,0.0995,0.5827,3840.0
Anomalia,0.0231,0.1436,0.3766,-0.3192,0.1454,-0.1869,-0.5661,3840.0
Anomalia,0.0277,0.1837,0.6035,-0.392,0.1858,0.4505,0.1834,2640.0
Anomalia,0.0488,0.2314,0.8676,-0.4556,0.2365,0.7361,0.8829,960.0
Anomalia,0.0031,0.2817,0.8676,-0.7331,0.2817,0.2912,0.224,1920.0
Anomalia,0.0408,0.3066,0.8676,-0.7331,0.3093,0.1318,-0.3412,3360.0
Anomalia,0.0235,0.2969,0.8676,-0.7331,0.2978,0.1675,-0.1427,3360.0
Anomalia,0.0102,0.273,0.7039,-0.7331,0.2732,0.0267,-0.1815,3360.0
Anomalia,0.0597,0.2482,0.7039,-0.5124,0.2552,0.2083,-0.5321,3360.0
Anomalia,0.0286,0.2311,0.5518,-0.5124,0.2329,0.1225,-0.4923,3360.0
Anomalia,0.0349,0.2294,0.5585,-0.5124,0.2321,0.1885,-0.3381,2640.0
Anomalia,0.0443,0.2136,0.5585,-0.5124,0.2182,-0.0275,-0.2941,4080.0
Anomalia,0.0182,0.2014,0.5585,-0.4066,0.2022,-0.0086,-0.2773,4080.0
Anomalia,0.0285,0.1993,0.5585,-0.4066,0.2014,0.0239,-0.2023,4080.0
Anomalia,0.036,0.1792,0.4364,-0.4066,0.1828,-0.2249,-0.0012,3840.0
Anomalia,0.0158,0.1925,0.4354,-0.577,0.1931,-0.3304,-0.0459,3840.0
Anomalia,0.0506,0.1999,0.552,-0.577,0.2062,-0.1548,-0.0288,480.0
Anomalia,0.0426,0.2058,0.552,-0.577,0.2101,-0.0579,-0.227,4080.0
Anomalia,0.0331,0.2065,0.552,-0.577,0.2091,0.0212,-0.2448,3360.0
Anomalia,0.0446,0.1876,0.552,-0.4241,0.1928,0.1504,-0.3221,3360.0
Anomalia,0.0067,0.1612,0.475,-0.4241,0.1614,0.2726,-0.0488,3360.0
Anomalia,0.017,0.1378,0.33,-0.2939,0.1388,0.0993,-0.6782,960.0
Anomalia,0.0337,0.1322,0.33,-0.2939,0.1364,-0.0171,-0.5544,960.0
Anomalia,0.0214,0.1251,0.3161,-0.2939,0.127,0.0656,-0.6785,960.0
Anomalia,0.0472,0.114,0.3161,-0.1996,0.1234,-0.0749,-0.7656,4080.0
Anomalia,0.0362,0.1197,0.3363,-0.2908,0.125,0.0445,-0.3927,3840.0
Anomalia,0.027,0.1212,0.3363,-0.2908,0.1242,0.3141,-0.2287,960.0
Anomalia,0.0383,0.1465,0.4811,-0.3688,0.1514,0.2398,0.3888,5280.0
Anomalia,0.0191,0.2033,0.5117,-0.4896,0.2042,0.0643,0.056,2880.0
Anomalia,0.0471,0.2307,0.6035,-0.4896,0.2354,0.0028,-0.2973,2880.0
Anomalia,0.029,0.2563,0.6035,-0.5459,0.2579,-0.0537,-0.7491,2880.0
Anomalia,0.0314,0.2518,0.6035,-0.5459,0.2538,-0.1286,-0.6787,2880.0
Anomalia,0.0416,0.2123,0.6035,-0.5459,0.2163,-0.1901,-0.1001,2880.0
Anomalia,0.0036,0.1948,0.4671,-0.5459,0.1948,-0.2328,-0.4012,2880.0
Anomalia,0.0403,0.2049,0.611,-0.3989,0.2088,0.183,-0.3015,4080.0
Anomalia,0.0287,0.2175,0.611,-0.4224,0.2194,0.223,-0.5164,5040.0
Anomalia,0.0326,0.2333,0.611,-0.4535,0.2356,0.1852,-0.6024,5040.0
Anomalia,0.0516,0.2173,0.611,-0.4535,0.2233,0.1174,-0.2846,3360.0
Anomalia,0.0341,0.1864,0.5814,-0.4535,0.1895,-0.0458,0.1047,2880.0
Anomalia,0.0301,0.1739,0.5814,-0.4535,0.1765,0.1075,0.3946,3360.0
Anomalia,0.0332,0.1568,0.4425,-0.3098,0.1603,0.1445,-0.2242,4080.0
Anomalia,0.0197,0.1737,0.4425,-0.4316,0.1748,0.0772,-0.4153,4080.0
Anomalia,0.0313,0.1825,0.4425,-0.4316,0.1851,0.1249,-0.6648,3120.0
Anomalia,0.0445,0.1885,0.4425,-0.4316,0.1937,0.0783,-0.8898,3120.0
Anomalia,0.0288,0.196,0.398,-0.4408,0.1981,0.0217,-0.8115,2880.0
Anomalia,0.0495,0.1789,0.398,-0.4408,0.1856,-0.0791,-0.5793,2880.0
Anomalia,0.0245,0.1854,0.4379,-0.4408,0.187,0.0114,-0.6329,4080.0
Anomalia,0.0297,0.1857,0.5128,-0.4408,0.1881,0.1322,-0.2611,4080.0
Anomalia,0.0391,0.1842,0.5128,-0.3895,0.1883,0.084,-0.318,4080.0
Anomalia,0.0255,0.196,0.5128,-0.3895,0.1976,0.2821,-0.5055,4080.0
Anomalia,0.0317,0.179,0.5128,-0.3895,0.1818,0.3547,-0.0855,4080.0
Anomalia,0.0275,0.1538,0.4544,-0.3895,0.1563,0.1524,0.1594,960.0
Anomalia,0.0266,0.1299,0.4544,-0.2616,0.1326,0.6295,0.7188,960.0
Anomalia,0.0365,0.1112,0.3521,-0.2286,0.117,0.4924,0.1866,960.0
Anomalia,0.0538,0.1037,0.3521,-0.1663,0.1168,0.3801,-0.2005,960.0
Anomalia,0.0337,0.1034,0.315,-0.2105,0.1087,0.1861,-0.2854,960.0
Anomalia,0.037,0.1103,0.3169,-0.2105,0.1163,0.1448,-0.29,4080.0
Anomalia,0.0287,0.1189,0.3384,-0.2902,0.1223,-0.0075,-0.3178,2880.0
Anomalia,0.0191,0.1352,0.4264,-0.3327,0.1366,0.4113,0.1776,2640.0
Anomalia,0.0419,0.2155,0.6822,-0.7139,0.2195,0.1165,1.5333,2640.0
Anomalia,0.0258,0.2436,0.6822,-0.7139,0.245,-0.0796,0.5614,3120.0
Anomalia,0.033,0.2604,0.6822,-0.7139,0.2625,-0.0658,0.0785,2880.0
Anomalia,0.0297,0.269,0.6822,-0.7139,0.2706,-0.0968,-0.1751,2880.0
Anomalia,0.0257,0.2221,0.494,-0.625,0.2236,-0.2271,-0.3939,2880.0
Anomalia,0.0395,0.1944,0.494,-0.4583,0.1983,0.0428,-0.4067,2880.0
Anomalia,0.0349,0.17,0.4291,-0.4008,0.1736,-0.021,-0.4216,2640.0
Anomalia,0.035,0.1448,0.3991,-0.2856,0.149,0.2431,-0.5502,2880.0
Anomalia,0.036,0.1322,0.3947,-0.2856,0.137,0.1606,-0.4946,960.0
Anomalia,0.037,0.129,0.3947,-0.2378,0.1342,0.1931,-0.5124,1200.0
Anomalia,0.0294,0.1336,0.3323,-0.377,0.1368,-0.2194,-0.18,1200.0
Anomalia,0.0377,0.1782,0.537,-0.6135,0.1821,-0.3309,1.6152,1920.0
Anomalia,0.032,0.2434,0.619,-0.7014,0.2455,-0.244,0.4172,1920.0
Anomalia,0.0377,0.2728,0.619,-0.7014,0.2754,-0.2594,-0.2599,720.0
Anomalia,0.0398,0.2771,0.619,-0.7014,0.28,-0.184,-0.3767,3360.0
Anomalia,0.0299,0.2635,0.619,-0.7014,0.2652,-0.0896,-0.457,3360.0
Anomalia,0.0325,0.2178,0.5167,-0.5889,0.2203,0.0264,-0.468,3360.0
Anomalia,0.0219,0.1913,0.4848,-0.3317,0.1925,0.2158,-0.6945,3360.0
Anomalia,0.0305,0.1865,0.4848,-0.3851,0.189,-0.11,-0.635,3360.0
Anomalia,0.0299,0.1758,0.4848,-0.3851,0.1783,-0.0166,-0.4065,4080.0
Anomalia,0.0361,0.1543,0.3609,-0.3851,0.1584,-0.249,-0.2291,2640.0
Anomalia,0.0426,0.1579,0.3501,-0.3907,0.1636,-0.3824,-0.0207,2880.0
Anomalia,0.0283,0.1578,0.3501,-0.3907,0.1603,-0.2759,-0.3191,960.0
Anomalia,0.0381,0.1572,0.3709,-0.3907,0.1618,-0.3004,-0.2817,3840.0
Anomalia,0.021,0.1693,0.3709,-0.3907,0.1706,-0.0922,-0.6555,4080.0
Anomalia,0.0301,0.1738,0.6947,-0.3711,0.1764,0.52,1.0991,4080.0
Anomalia,0.0439,0.1675,0.6947,-0.3676,0.1731,0.5876,1.1761,4080.0
Anomalia,0.0399,0.1715,0.6947,-0.3676,0.1761,0.6468,1.1999,4320.0
Anomalia,0.0438,0.1589,0.6947,-0.3676,0.1649,0.7992,2.0732,3360.0
Anomalia,0.035,0.1382,0.4663,-0.272,0.1426,0.1165,-0.1637,3360.0
Anomalia,0.0303,0.1307,0.4663,-0.272,0.1341,0.3043,0.1081,3360.0
Anomalia,0.0282,0.1202,0.3204,-0.2516,0.1235,0.0001,-0.7264,960.0
Anomalia,0.0383,0.1359,0.3369,-0.2758,0.1412,-0.0573,-0.6914,960.0
Anomalia,0.0221,0.1483,0.3369,-0.325,0.1499,-0.0149,-0.5548,960.0
Anomalia,0.029,0.1488,0.3369,-0.325,0.1516,-0.1429,-0.5449,960.0
Anomalia,0.0282,0.1688,0.4081,-0.325,0.1711,-0.1091,-0.7369,960.0
Anomalia,0.0317,0.2083,0.7012,-0.5572,0.2107,0.0997,0.5373,960.0
Anomalia,0.0443,0.2162,0.7012,-0.5572,0.2207,0.0123,0.4682,960.0
Anomalia,0.046,0.2357,0.7012,-0.5572,0.2402,0.0799,-0.0877,5040.0
Anomalia,0.0392,0.2356,0.7012,-0.5572,0.2389,0.0347,0.0993,5280.0
Anomalia,0.0366,0.1986,0.5232,-0.4817,0.202,-0.0304,0.008,4080.0
Anomalia,0.0225,0.1912,0.5232,-0.4817,0.1925,-0.0401,-0.0996,2880.0
Anomalia,0.0168,0.2143,0.8975,-0.5195,0.215,0.3501,1.6984,5280.0
Anomalia,0.0333,0.29,1.0285,-0.6815,0.2919,0.4684,1.2521,5040.0
Anomalia,0.0204,0.3269,1.0285,-0.7116,0.3276,0.2888,0.2857,5040.0
Anomalia,0.0483,0.3533,1.0285,-0.7116,0.3566,0.2571,0.0166,5280.0
Anomalia,0.0476,0.3431,1.0285,-0.7116,0.3464,0.1649,0.0025,5280.0
Anomalia,0.0335,0.2697,0.9467,-0.7116,0.2718,0.1508,0.8974,3360.0
Anomalia,0.0448,0.2364,0.9467,-0.4892,0.2406,0.3969,1.6591,3360.0
Anomalia,0.0267,0.202,0.4619,-0.4892,0.2038,-0.2142,-0.3101,3360.0
Anomalia,0.021,0.1818,0.4619,-0.4892,0.183,-0.1682,-0.0255,5280.0
Anomalia,0.0371,0.2081,0.4619,-0.6275,0.2114,-0.5194,0.1472,960.0
Anomalia,0.0242,0.198,0.4619,-0.6275,0.1995,-0.4326,0.0716,1200.0
Anomalia,0.0358,0.1886,0.5174,-0.6275,0.192,-0.3452,0.712,480.0
Anomalia,0.0437,0.1808,0.5174,-0.6275,0.186,-0.4571,1.1834,480.0
Anomalia,0.0235,0.1675,0.5174,-0.4519,0.1692,0.049,0.4216,960.0
Anomalia,0.0428,0.1825,0.5174,-0.4519,0.1875,0.1118,0.1088,3360.0
Anomalia,0.0365,0.18,0.4811,-0.4519,0.1837,-0.002,-0.2353,720.0
Anomalia,0.0294,0.188,0.4811,-0.4519,0.1903,-0.0355,-0.3163,3360.0
Anomalia,0.0478,0.1715,0.4811,-0.4364,0.178,-0.0928,-0.095,3360.0
Anomalia,0.0234,0.1411,0.426,-0.4364,0.1431,-0.0988,0.2679,3360.0
Anomalia,0.0363,0.1246,0.2722,-0.4364,0.1298,-0.6799,0.8405,3360.0
Anomalia,0.0367,0.1051,0.2722,-0.2793,0.1113,-0.0634,-0.2055,3360.0
Anomalia,0.0235,0.0952,0.2334,-0.2793,0.098,-0.0268,-0.0389,240.0
Anomalia,0.0455,0.0917,0.2334,-0.17,0.1024,-0.0532,-0.6867,960.0
Anomalia,0.0208,0.1118,0.2931,-0.2829,0.1137,-0.072,-0.3009,4080.0
Anomalia,0.0291,0.113,0.2931,-0.2829,0.1166,-0.2258,-0.3449,4080.0
Anomalia,0.0377,0.1403,0.5034,-0.29,0.1453,0.0385,0.2732,4320.0
Anomalia,0.0125,0.2169,0.6338,-0.6077,0.2173,0.0316,0.5411,3120.0
Anomalia,0.0542,0.2358,0.6338,-0.6077,0.242,-0.1071,0.0772,3120.0
Anomalia,0.0277,0.2854,0.6338,-0.6281,0.2868,-0.1033,-0.656,2880.0
Anomalia,0.037,0.2851,0.6338,-0.6281,0.2875,-0.1592,-0.6264,2880.0
Anomalia,0.0498,0.2488,0.5501,-0.6281,0.2538,-0.2696,-0.3291,2880.0
Anomalia,0.0166,0.256,0.6361,-0.6281,0.2565,-0.0885,-0.3893,2880.0
Anomalia,0.0417,0.246,0.6826,-0.5309,0.2495,0.1035,-0.2983,4080.0
Anomalia,0.0326,0.2581,0.6826,-0.5309,0.2601,0.2381,-0.3192,5040.0
Anomalia,0.0331,0.2681,0.6826,-0.5309,0.2701,0.2106,-0.5459,3360.0
Anomalia,0.0439,0.2457,0.6826,-0.5309,0.2496,0.1678,-0.3254,3360.0
Anomalia,0.0216,0.2135,0.6649,-0.4256,0.2146,0.2285,-0.1502,3360.0
Anomalia,0.0198,0.2361,0.6042,-0.6167,0.2369,0.0416,-0.1491,3360.0
Anomalia,0.0335,0.2533,0.6286,-0.7612,0.2555,-0.0648,0.3838,3360.0
Anomalia,0.0267,0.2805,0.6286,-0.7612,0.2818,-0.0826,0.0551,3360.0
Anomalia,0.0567,0.2801,0.6286,-0.7612,0.2858,-0.2933,0.1216,3360.0
Anomalia,0.0515,0.2562,0.6286,-0.7612,0.2613,-0.3131,0.3513,3360.0
Anomalia,0.0272,0.2154,0.6192,-0.6976,0.2171,-0.1042,0.4252,3360.0
Anomalia,0.0334,0.1704,0.4247,-0.4279,0.1736,0.0062,-0.6232,3360.0
Anomalia,0.007,0.176,0.4247,-0.4861,0.1761,-0.1909,-0.2664,3360.0
Anomalia,0.0305,0.1637,0.4579,-0.4861,0.1665,-0.2649,0.2529,3360.0
Anomalia,0.0419,0.1544,0.4579,-0.4861,0.16,-0.3926,0.9223,3360.0
Anomalia,0.0385,0.1531,0.4579,-0.4861,0.1579,-0.4117,1.0113,2880.0
Anomalia,0.0459,0.1254,0.4579,-0.2109,0.1335,0.4983,0.2461,4080.0
Anomalia,0.0247,0.1163,0.3234,-0.2234,0.1189,0.1121,-0.587,4080.0
Anomalia,0.0236,0.1264,0.3234,-0.2455,0.1285,-0.0158,-0.6599,4080.0
Anomalia,0.0281,0.1269,0.4112,-0.2455,0.13,0.3062,0.1676,4080.0
Anomalia,0.0384,0.1338,0.4112,-0.2576,0.1392,0.1768,0.1681,4080.0
Anomalia,0.0313,0.1242,0.4112,-0.2576,0.1281,0.3714,0.7404,4080.0
Anomalia,0.0379,0.116,0.4112,-0.2576,0.122,0.6655,0.9857,960.0
Anomalia,0.0263,0.1386,0.465,-0.3567,0.1411,0.4324,0.6853,960.0
Anomalia,0.0285,0.1437,0.465,-0.3567,0.1465,0.3069,0.2867,2880.0
Anomalia,0.0538,0.1641,0.465,-0.3567,0.1727,0.05,-0.5363,960.0
Anomalia,0.0352,0.1812,0.465,-0.3567,0.1846,0.0649,-0.7908,3120.0
Anomalia,0.0547,0.1731,0.4308,-0.3288,0.1816,-0.1467,-0.7996,960.0
Anomalia,0.0332,0.1748,0.4308,-0.3288,0.178,0.1787,-0.8195,3360.0
Anomalia,0.0157,0.1638,0.4308,-0.3288,0.1646,0.3288,-0.5856,2880.0
Anomalia,0.0355,0.1706,0.4508,-0.3611,0.1743,0.3833,-0.4613,4560.0
Anomalia,0.0067,0.194,0.5272,-0.4771,0.1941,0.4905,0.1314,3600.0
Anomalia,0.0397,0.2119,0.552,-0.4771,0.2155,0.2696,-0.348,4080.0
Anomalia,0.0314,0.2289,0.552,-0.4771,0.2311,0.1778,-0.6168,3360.0
Anomalia,0.0415,0.2244,0.552,-0.4771,0.2282,0.0596,-0.6416,3360.0
Anomalia,0.0407,0.2138,0.552,-0.4304,0.2176,-0.1435,-0.614,3360.0
Anomalia,0.0105,0.2379,0.6586,-0.6346,0.2381,-0.1463,-0.4233,3360.0
Anomalia,0.0258,0.2832,0.9258,-0.6346,0.2844,0.2135,0.16,1920.0
Anomalia,0.0245,0.3184,0.9258,-0.6346,0.3193,0.2056,-0.4098,3360.0
Anomalia,0.0355,0.3213,0.9258,-0.6346,0.3232,0.2515,-0.4441,3360.0
Anomalia,0.0571,0.2998,0.9258,-0.606,0.3052,0.2323,-0.2513,3360.0
Anomalia,0.0459,0.2485,0.6327,-0.606,0.2527,0.204,-0.2801,3360.0
Anomalia,0.0263,0.1995,0.6042,-0.4026,0.2012,0.3898,-0.0659,3360.0
Anomalia,0.0329,0.1904,0.4435,-0.4026,0.1932,-0.0347,-0.6823,3360.0
Anomalia,0.0239,0.1733,0.3538,-0.4026,0.175,-0.1535,-0.4086,3360.0
Anomalia,0.0387,0.1638,0.3538,-0.4026,0.1683,-0.4652,0.0392,3120.0
Anomalia,0.043,0.1788,0.3538,-0.4909,0.1839,-0.5915,-0.0172,2880.0
Anomalia,0.0258,0.1595,0.3519,-0.4909,0.1616,-0.5533,0.2701,2880.0
Anomalia,0.032,0.1525,0.3519,-0.4909,0.1558,-0.6772,0.5528,2880.0
Anomalia,0.0105,0.1779,0.5299,-0.4909,0.1782,-0.1648,0.1644,2880.0
Anomalia,0.0219,0.1881,0.5299,-0.4412,0.1894,0.1054,0.0379,960.0
Anomalia,0.0448,0.1956,0.5299,-0.4412,0.2007,-0.0635,-0.2119,720.0
Anomalia,0.0318,0.2068,0.5299,-0.4412,0.2093,0.0761,-0.6066,720.0
Anomalia,0.0446,0.1815,0.5184,-0.4412,0.1869,-0.0149,-0.258,480.0
Anomalia,0.0328,0.1478,0.393,-0.2864,0.1514,0.234,-0.4492,480.0
Anomalia,0.0256,0.1317,0.393,-0.2864,0.1342,0.1872,-0.2387,960.0
Anomalia,0.0337,0.1076,0.393,-0.2311,0.1128,0.3615,0.3102,960.0
Anomalia,0.0363,0.1011,0.3173,-0.2311,0.1074,0.2328,-0.0237,480.0
Anomalia,0.0267,0.0913,0.2316,-0.1692,0.0951,0.0721,-0.5651,960.0
Anomalia,0.0335,0.1,0.3204,-0.1692,0.1055,0.2036,0.0072,960.0
Anomalia,0.022,0.1059,0.3204,-0.2193,0.1082,0.2158,0.0613,480.0
Anomalia,0.0309,0.138,0.537,-0.2445,0.1414,0.7494,0.9338,480.0
Anomalia,0.0348,0.1722,0.537,-0.3302,0.1757,0.3705,-0.1545,480.0
Anomalia,0.0322,0.2123,0.537,-0.6373,0.2147,-0.0318,0.0613,2880.0
Anomalia,0.0384,0.2317,0.537,-0.6373,0.2349,-0.1508,-0.4605,2880.0
Anomalia,0.0266,0.2196,0.489,-0.6373,0.2212,-0.1894,-0.2887,2880.0
Anomalia,0.0332,0.2005,0.489,-0.6373,0.2033,-0.3649,0.3376,2880.0
Anomalia,0.0286,0.1745,0.4494,-0.45,0.1768,-0.1451,-0.253,2880.0
Anomalia,0.0275,0.175,0.4473,-0.5547,0.1771,-0.3544,0.4727,960.0
Anomalia,0.0378,0.191,0.4473,-0.5547,0.1947,-0.2686,0.0402,5040.0
Anomalia,0.0356,0.1881,0.4473,-0.5547,0.1914,-0.2892,0.2184,3120.0
Anomalia,0.0309,0.1827,0.455,-0.5547,0.1853,-0.0787,0.2932,480.0
Anomalia,0.0296,0.161,0.455,-0.398,0.1637,0.1598,0.2983,3360.0
Anomalia,0.0151,0.1588,0.455,-0.398,0.1595,0.1449,0.1028,3360.0
Anomalia,0.0229,0.1814,0.4648,-0.5414,0.1828,-0.0603,0.1631,2640.0
Anomalia,0.0364,0.1835,0.4648,-0.5414,0.1871,-0.2542,-0.0087,3120.0
Anomalia,0.0407,0.1929,0.4648,-0.5414,0.1972,-0.1994,-0.2518,3120.0
Anomalia,0.0498,0.1858,0.4648,-0.5414,0.1923,-0.2677,0.0217,2880.0
Anomalia,0.0394,0.1604,0.4183,-0.4041,0.1652,0.0364,-0.0795,2880.0
Anomalia,0.0238,0.1409,0.417,-0.4041,0.1429,0.0931,0.4885,2640.0
Anomalia,0.0246,0.1343,0.3515,-0.2691,0.1365,0.2014,-0.5274,4080.0
Anomalia,0.0244,0.1402,0.4988,-0.2432,0.1423,0.4972,0.3399,4080.0
Anomalia,0.0352,0.135,0.4988,-0.2416,0.1395,0.4457,0.5402,4080.0
Anomalia,0.0387,0.1402,0.4988,-0.2416,0.1454,0.3465,0.1565,960.0
Anomalia,0.0372,0.1277,0.4988,-0.2334,0.133,0.6502,0.8403,960.0
Anomalia,0.0272,0.0987,0.2785,-0.1878,0.1024,0.2315,-0.4497,960.0
Anomalia,0.033,0.1098,0.3851,-0.1878,0.1147,0.5464,0.0982,960.0
Anomalia,0.0327,0.1013,0.3851,-0.1548,0.1064,0.8021,0.6619,960.0
Anomalia,0.0384,0.0948,0.3851,-0.1548,0.1023,0.7038,0.8474,960.0
Anomalia,0.0394,0.104,0.3851,-0.1971,0.1112,0.3926,0.2679,960.0
Anomalia,0.0126,0.1028,0.257,-0.2207,0.1036,0.1564,-0.5321,960.0
Anomalia,0.024,0.1145,0.3279,-0.2207,0.117,0.1927,-0.682,960.0
Anomalia,0.0243,0.1616,0.6753,-0.4944,0.1634,0.4128,2.1279,960.0
Anomalia,0.0259,0.1998,0.6753,-0.5647,0.2015,0.1386,0.9586,3120.0
Anomalia,0.0521,0.2188,0.6753,-0.5647,0.2249,-0.3658,0.5034,3120.0
Anomalia,0.0388,0.234,0.6753,-0.5647,0.2372,-0.3123,-0.1102,3120.0
Anomalia,0.0394,0.2173,0.5547,-0.5647,0.2208,-0.5453,-0.2953,960.0
Anomalia,0.0402,0.1883,0.368,-0.5038,0.1926,-0.6366,-0.3629,960.0
Anomalia,0.0144,0.1747,0.3536,-0.3578,0.1753,-0.2069,-1.0404,960.0
Anomalia,0.0296,0.1545,0.3536,-0.3267,0.1573,-0.1767,-0.8864,960.0
Anomalia,0.0146,0.141,0.3536,-0.3267,0.1418,0.068,-0.6609,1920.0
Anomalia,0.0254,0.1337,0.3033,-0.3267,0.136,-0.112,-0.4585,480.0
Anomalia,0.0506,0.1102,0.3069,-0.2374,0.1213,0.0575,-0.133,1200.0
Anomalia,0.0334,0.1555,0.63,-0.3498,0.1591,0.6699,2.1589,720.0
Anomalia,0.0388,0.2218,1.0162,-0.495,0.2252,0.9486,3.3949,1920.0
Anomalia,0.0245,0.2451,1.0162,-0.495,0.2463,0.7603,1.8984,5280.0
Anomalia,0.0275,0.2821,1.0162,-0.611,0.2835,0.5732,0.5928,5280.0
Anomalia,0.0301,0.2773,1.0162,-0.611,0.2789,0.4327,0.6425,5280.0
Anomalia,0.0361,0.2477,0.6761,-0.611,0.2503,-0.0397,-0.4273,3360.0
Anomalia,0.0253,0.239,0.6761,-0.611,0.2403,0.0588,-0.2801,3360.0
Anomalia,0.0242,0.2054,0.4608,-0.4471,0.2068,-0.0609,-0.7187,3360.0
Anomalia,0.0152,0.202,0.4533,-0.4815,0.2025,-0.0259,-0.6017,3360.0
Anomalia,0.0329,0.1835,0.4533,-0.4815,0.1864,-0.1935,-0.1285,960.0
Anomalia,0.0472,0.1774,0.4533,-0.4815,0.1836,-0.1853,-0.2098,960.0
Anomalia,0.0429,0.1746,0.4425,-0.4815,0.1798,-0.3903,-0.1605,960.0
Anomalia,0.045,0.1509,0.3632,-0.2939,0.1575,-0.3562,-0.6149,960.0
Anomalia,0.0287,0.1484,0.3578,-0.2939,0.1512,-0.174,-0.621,960.0
Anomalia,0.0213,0.1344,0.3578,-0.2939,0.1361,-0.1068,-0.1868,960.0
Anomalia,0.0184,0.1319,0.3809,-0.2937,0.1332,0.2531,0.1277,3360.0
Anomalia,0.0303,0.1387,0.3809,-0.2958,0.142,0.198,-0.3821,3360.0
Anomalia,0.0281,0.1336,0.3809,-0.2958,0.1365,0.0846,-0.4828,3360.0
Anomalia,0.0399,0.1314,0.3809,-0.2958,0.1373,-0.0426,-0.4325,960.0
Anomalia,0.0304,0.1187,0.2816,-0.2958,0.1226,-0.0729,-0.427,3360.0
Anomalia,0.0354,0.102,0.2816,-0.2128,0.108,0.1061,-0.1473,960.0
Anomalia,0.0393,0.0935,0.2816,-0.2128,0.1014,0.2419,0.2544,2880.0
Anomalia,0.0297,0.0851,0.2551,-0.1842,0.0901,0.1375,0.109,4080.0
Anomalia,0.0444,0.0927,0.3188,-0.1569,0.1028,0.3398,-0.1555,4080.0
Anomalia,0.0278,0.1,0.3188,-0.1994,0.1037,0.271,-0.4682,4080.0
Anomalia,0.0332,0.1189,0.3611,-0.2362,0.1235,0.3381,-0.2711,4080.0
Anomalia,0.0395,0.1728,0.4867,-0.6263,0.1772,-0.1945,0.9736,4080.0
Anomalia,0.0217,0.195,0.5005,-0.6263,0.1962,0.0187,0.3783,5040.0
Anomalia,0.0443,0.2189,0.5589,-0.6263,0.2234,-0.0242,-0.1046,2880.0
Anomalia,0.0216,0.2339,0.5589,-0.6263,0.2349,0.1187,-0.3667,2880.0
Anomalia,0.0305,0.204,0.5589,-0.5366,0.2063,0.1376,-0.0523,2880.0
Anomalia,0.0329,0.2245,0.6206,-0.6784,0.2269,-0.13,0.2331,2880.0
Anomalia,0.0279,0.2823,0.959,-0.7277,0.2837,0.2077,0.8983,5280.0
Anomalia,0.0257,0.3265,0.959,-0.9135,0.3275,0.0217,0.4537,5040.0
Anomalia,0.0421,0.3724,0.959,-0.9135,0.3747,-0.0278,-0.3618,5280.0
Anomalia,0.0329,0.365,0.959,-0.9135,0.3664,0.0377,-0.2842,5280.0
Anomalia,0.04,0.3272,0.7984,-0.9135,0.3297,-0.1782,-0.157,3360.0
Anomalia,0.0421,0.2738,0.7621,-0.794,0.277,-0.0606,0.024,3360.0
Anomalia,0.0158,0.2191,0.59,-0.4817,0.2197,-0.0762,-0.3311,3360.0
Anomalia,0.0366,0.2144,0.59,-0.4293,0.2175,0.006,-0.3684,3360.0
Anomalia,0.0208,0.2047,0.4567,-0.5374,0.2057,-0.1632,-0.3109,3360.0
Anomalia,0.0367,0.2061,0.4567,-0.5374,0.2093,-0.2891,-0.3533,5280.0
Anomalia,0.0453,0.2038,0.4567,-0.5374,0.2087,-0.4061,-0.3284,5280.0
Anomalia,0.0302,0.1883,0.4249,-0.5374,0.1907,-0.4717,-0.1624,4080.0
Anomalia,0.0391,0.1676,0.4249,-0.3751,0.1721,-0.3688,-0.3403,3840.0
Anomalia,0.0338,0.1957,0.5351,-0.567,0.1986,-0.3311,0.1074,5280.0
Anomalia,0.019,0.1947,0.5351,-0.567,0.1956,-0.0432,0.0813,5280.0
Anomalia,0.043,0.1953,0.5351,-0.567,0.2,-0.1616,0.0379,4080.0
Anomalia,0.0236,0.2016,0.5351,-0.567,0.203,-0.037,-0.2613,4080.0
Anomalia,0.0254,0.1614,0.4227,-0.2908,0.1634,0.2178,-0.5474,4080.0
Anomalia,0.0411,0.139,0.3647,-0.2908,0.1449,-0.1626,-0.2735,4080.0
Anomalia,0.0177,0.1333,0.2896,-0.2908,0.1345,-0.1297,-0.5317,960.0
Anomalia,0.0457,0.1207,0.2896,-0.2266,0.129,0.0598,-0.6364,960.0
Anomalia,0.0471,0.1244,0.2964,-0.2266,0.133,-0.0337,-0.7403,960.0
Anomalia,0.0315,0.1267,0.2964,-0.2266,0.1305,0.1264,-0.8423,960.0
Anomalia,0.0521,0.1245,0.2964,-0.2149,0.1349,0.0536,-0.9733,960.0
Anomalia,0.0118,0.1391,0.2964,-0.382,0.1396,0.0073,-0.5492,960.0
Anomalia,0.0278,0.1762,0.5305,-0.4083,0.1784,0.379,0.5577,960.0
Anomalia,0.0302,0.2144,0.5662,-0.4083,0.2165,0.3785,-0.2526,960.0
Anomalia,0.0167,0.2173,0.5662,-0.4083,0.218,0.5018,-0.2014,3120.0
Anomalia,0.0509,0.2126,0.5662,-0.4083,0.2186,0.3964,-0.1334,3120.0
Anomalia,0.0233,0.2056,0.5662,-0.4266,0.2069,0.3584,-0.1329,2880.0
Anomalia,0.0362,0.1774,0.5405,-0.4266,0.1811,0.2224,0.2791,4080.0
Anomalia,0.0411,0.1739,0.5405,-0.4266,0.1787,0.2281,0.4742,4080.0
Anomalia,0.0239,0.1736,0.5046,-0.4266,0.1752,0.1375,0.014,4080.0
Anomalia,0.0453,0.1539,0.5046,-0.2631,0.1604,0.2738,-0.0641,960.0
Anomalia,0.0323,0.1383,0.4008,-0.2631,0.142,0.2132,-0.0131,1200.0
Anomalia,0.0248,0.1369,0.3684,-0.3223,0.1391,-0.0012,-0.1939,2880.0
Anomalia,0.0371,0.1565,0.5505,-0.4308,0.1608,0.2637,0.9846,1440.0
Anomalia,0.022,0.1776,0.5505,-0.5683,0.1789,-0.1896,1.5201,1680.0
Anomalia,0.0216,0.2142,0.5505,-0.591,0.2153,-0.2968,0.3563,1920.0
Anomalia,0.045,0.228,0.6115,-0.591,0.2323,-0.2317,0.2552,1920.0
Anomalia,0.0269,0.2218,0.6115,-0.591,0.2235,-0.3323,0.244,3360.0
Anomalia,0.0439,0.2167,0.6115,-0.591,0.2211,-0.2502,0.0561,3360.0
Anomalia,0.0382,0.187,0.6115,-0.4562,0.1909,0.0521,0.3627,3360.0
Anomalia,0.0159,0.1607,0.4569,-0.4562,0.1615,-0.2357,0.5095,3360.0
Anomalia,0.0302,0.1534,0.4569,-0.4291,0.1564,-0.0909,0.5145,3360.0
Anomalia,0.0265,0.1245,0.3469,-0.3855,0.1272,-0.1509,0.5282,3360.0
Anomalia,0.0389,0.127,0.3632,-0.3855,0.1328,0.0771,0.5774,4080.0
Anomalia,0.0454,0.1325,0.3632,-0.3855,0.1401,0.0119,0.1181,4080.0
Anomalia,0.0373,0.1221,0.3632,-0.2274,0.1277,0.3259,-0.395,2880.0
Anomalia,0.0285,0.1261,0.3632,-0.241,0.1293,0.1427,-0.6428,2880.0
Anomalia,0.0333,0.1299,0.4191,-0.3181,0.1341,0.0229,-0.5008,5280.0
Anomalia,0.0228,0.141,0.4191,-0.3338,0.1428,-0.1448,-0.3084,5280.0
Anomalia,0.0417,0.1401,0.4191,-0.3338,0.1462,-0.3556,-0.1432,5280.0
Anomalia,0.0365,0.1355,0.4191,-0.3338,0.1403,-0.3215,0.1109,5280.0
Anomalia,0.0276,0.1271,0.3165,-0.3338,0.13,-0.2487,-0.0265,3120.0
Anomalia,0.0388,0.1184,0.3434,-0.2535,0.1246,0.0557,-0.3052,4320.0
Anomalia,0.0189,0.1433,0.3749,-0.4045,0.1446,0.0388,0.1182,4080.0
Anomalia,0.0339,0.1639,0.4533,-0.4045,0.1674,-0.0189,-0.2949,3360.0
Anomalia,0.0372,0.1921,0.4533,-0.4045,0.1956,-0.0611,-0.5895,3360.0
Anomalia,0.0242,0.1961,0.4533,-0.4045,0.1976,0.0927,-0.6752,3360.0
Anomalia,0.041,0.1945,0.5437,-0.402,0.1988,0.1448,-0.4965,3360.0
Anomalia,0.023,0.1878,0.5437,-0.402,0.1892,0.2843,-0.296,2880.0
Anomalia,0.0289,0.1612,0.5437,-0.3158,0.1638,0.3502,0.0812,2880.0
Anomalia,0.0452,0.1541,0.5437,-0.3158,0.1606,0.1515,0.1226,4080.0
Anomalia,0.0311,0.1354,0.3684,-0.3031,0.1389,-0.14,-0.3621,4080.0
Anomalia,0.0412,0.1195,0.3684,-0.3031,0.1264,-0.0781,-0.307,4080.0
Anomalia,0.0314,0.1244,0.2483,-0.3536,0.1283,-0.6424,0.0534,1200.0
Anomalia,0.0188,0.1641,0.6056,-0.5921,0.1652,-0.2142,3.0078,960.0
Anomalia,0.0387,0.2147,0.8313,-0.5921,0.2182,0.732,2.5117,1680.0
Anomalia,0.0106,0.2774,0.8313,-0.7149,0.2776,0.2236,0.8352,1920.0
Anomalia,0.0419,0.3036,0.8313,-0.7149,0.3065,0.1777,0.0507,3360.0
Anomalia,0.0334,0.2986,0.8313,-0.7149,0.3005,0.2781,-0.0365,3360.0
Anomalia,0.0221,0.2769,0.7518,-0.7149,0.2778,0.0665,-0.1102,3360.0
Anomalia,0.0487,0.2258,0.6876,-0.3749,0.231,0.3686,-0.4565,3360.0
Anomalia,0.0269,0.1934,0.533,-0.3749,0.1953,0.1334,-0.5469,3360.0
Anomalia,0.0354,0.1895,0.4727,-0.4258,0.1928,-0.0068,-0.429,2640.0
Anomalia,0.0451,0.1771,0.4727,-0.4258,0.1827,-0.223,-0.3152,4080.0
Anomalia,0.0331,0.1745,0.4727,-0.4258,0.1776,-0.1764,-0.2402,2880.0
Anomalia,0.0308,0.1776,0.4389,-0.4258,0.1802,-0.1862,-0.2644,2880.0
Anomalia,0.0286,0.1502,0.4389,-0.369,0.1529,-0.1302,0.1724,480.0
Anomalia,0.0154,0.1666,0.5278,-0.4892,0.1673,-0.1787,0.8023,3840.0
Anomalia,0.0368,0.1857,0.6511,-0.4892,0.1893,0.2105,0.733,3840.0
Anomalia,0.0296,0.1964,0.6511,-0.4892,0.1986,0.3632,0.6372,3360.0
Anomalia,0.0441,0.2088,0.6511,-0.4892,0.2134,0.1301,0.1095,3360.0
Anomalia,0.0396,0.1982,0.6511,-0.4087,0.2021,0.2228,0.0898,5280.0
Anomalia,0.0268,0.1737,0.5178,-0.4087,0.1758,0.1149,0.258,4080.0
Anomalia,0.0287,0.1459,0.4264,-0.3703,0.1487,-0.2068,0.2048,4080.0
Anomalia,0.024,0.1371,0.3135,-0.3227,0.1392,-0.0898,-0.1938,480.0
Anomalia,0.0306,0.1243,0.3135,-0.2228,0.128,0.1763,-0.5801,960.0
Anomalia,0.0372,0.1159,0.3017,-0.2132,0.1218,0.1804,-0.4795,1200.0
Anomalia,0.039,0.1232,0.3017,-0.2374,0.1293,0.1157,-0.7666,960.0
Anomalia,0.0306,0.1188,0.2998,-0.2641,0.1227,-0.1962,-0.5565,960.0
Anomalia,0.034,0.1244,0.3711,-0.3077,0.129,-0.2094,-0.0853,960.0
Anomalia,0.0406,0.1705,0.6655,-0.3934,0.1753,0.0343,0.8451,2880.0
Anomalia,0.0367,0.2293,0.7356,-0.6402,0.2322,-0.1013,0.7859,2880.0
Anomalia,0.0471,0.2434,0.7356,-0.6402,0.2479,-0.1516,0.2732,3120.0
Anomalia,0.0286,0.2651,0.7356,-0.6402,0.2667,-0.1361,-0.2122,3120.0
Anomalia,0.0284,0.2416,0.7356,-0.6402,0.2433,-0.2598,0.3035,480.0
Anomalia,0.0226,0.1946,0.4642,-0.4927,0.1959,-0.4349,0.1816,2880.0
Anomalia,0.0282,0.2009,0.5635,-0.4927,0.2029,-0.2136,0.2574,2880.0
Anomalia,0.0379,0.2101,0.5635,-0.5017,0.2135,-0.0482,-0.1524,5040.0
Anomalia,0.0288,0.2329,0.5635,-0.509,0.2347,-0.0978,-0.5416,5280.0
Anomalia,0.0419,0.2295,0.5635,-0.509,0.2333,-0.137,-0.4636,3360.0
Anomalia,0.0264,0.2222,0.5351,-0.509,0.2238,-0.2218,-0.5307,3360.0
Anomalia,0.0283,0.1987,0.3861,-0.509,0.2007,-0.3333,-0.5215,3360.0
Anomalia,0.033,0.1822,0.4195,-0.3861,0.1852,-0.213,-0.5754,3360.0
Anomalia,0.0244,0.1973,0.4485,-0.4729,0.1988,-0.1574,-0.6852,3120.0
Anomalia,0.0391,0.1843,0.4485,-0.4729,0.1884,-0.3461,-0.3527,3120.0
Anomalia,0.0397,0.1795,0.4485,-0.4729,0.1838,-0.2506,-0.1464,5280.0
Anomalia,0.0358,0.1804,0.5397,-0.4729,0.1839,0.0814,0.2822,2640.0
Anomalia,0.0412,0.1507,0.5397,-0.3482,0.1562,0.2849,1.0832,2880.0
Anomalia,0.03,0.1555,0.5397,-0.3482,0.1584,0.4457,1.0271,2880.0
Anomalia,0.0333,0.1648,0.5397,-0.48,0.1682,0.3233,1.0347,3840.0
Anomalia,0.0351,0.1619,0.4821,-0.48,0.1656,-0.0885,0.3978,960.0
Anomalia,0.0367,0.1728,0.4821,-0.48,0.1767,-0.0924,0.021,960.0
Anomalia,0.0319,0.1626,0.4821,-0.48,0.1657,-0.0363,0.204,960.0
Anomalia,0.0279,0.1343,0.3932,-0.3206,0.1372,-0.012,0.1181,2880.0
Anomalia,0.0251,0.1151,0.3542,-0.3206,0.1178,0.0713,0.2395,2880.0
Anomalia,0.0244,0.1062,0.3296,-0.2097,0.1089,0.2244,-0.2354,4080.0
Anomalia,0.0398,0.1016,0.3296,-0.2097,0.1091,0.1373,-0.0961,4080.0
Anomalia,0.0399,0.0985,0.3296,-0.2097,0.1063,0.2856,-0.0244,4080.0
Anomalia,0.0365,0.0953,0.3296,-0.2097,0.102,0.2743,0.0806,4080.0
Anomalia,0.0424,0.0863,0.2806,-0.1521,0.0962,0.1594,-0.4184,960.0
Anomalia,0.0196,0.117,0.3056,-0.3465,0.1186,-0.3183,0.345,2640.0
Anomalia,0.0367,0.1495,0.5209,-0.3465,0.154,0.2347,0.7657,2640.0
Anomalia,0.0378,0.1823,0.5209,-0.508,0.1862,-0.1008,0.1435,3120.0
Anomalia,0.0212,0.2035,0.5209,-0.5422,0.2046,-0.1864,-0.1513,3120.0
Anomalia,0.0491,0.2257,0.5209,-0.5422,0.231,-0.266,-0.3621,2880.0
Anomalia,0.0143,0.2236,0.4969,-0.5626,0.224,-0.3006,-0.2089,2880.0
Anomalia,0.0278,0.212,0.5345,-0.5626,0.2138,-0.2644,0.2682,2880.0
Anomalia,0.0329,0.1942,0.5345,-0.5626,0.197,-0.1046,0.6451,2880.0
Anomalia,0.0182,0.1716,0.5345,-0.5626,0.1726,0.0991,1.4479,2880.0
Anomalia,0.0481,0.1518,0.5345,-0.2806,0.1593,0.5446,0.7134,2880.0
Anomalia,0.0328,0.137,0.4842,-0.2806,0.1408,0.3868,0.6682,2640.0
Anomalia,0.0406,0.1385,0.4842,-0.2806,0.1443,0.3423,0.4345,2640.0
Anomalia,0.0474,0.17,0.761,-0.5376,0.1765,0.1703,3.1281,1920.0
Anomalia,0.035,0.2237,0.761,-0.5416,0.2264,0.5671,1.5687,1680.0
Anomalia,0.0264,0.268,0.761,-0.842,0.2693,0.0053,0.9128,1920.0
Anomalia,0.0292,0.3078,0.761,-0.842,0.3091,0.1358,0.0102,3360.0
Anomalia,0.0195,0.2903,0.7153,-0.842,0.291,0.1154,0.2339,3360.0
Anomalia,0.0304,0.2724,0.6907,-0.842,0.2741,-0.0952,0.3548,3360.0
Anomalia,0.0438,0.2392,0.6907,-0.5827,0.2432,0.1828,0.1754,3360.0
Anomalia,0.0381,0.2057,0.571,-0.4331,0.2092,0.1189,-0.0933,3360.0
Anomalia,0.043,0.1987,0.571,-0.4331,0.2033,0.3132,0.0422,4080.0
Anomalia,0.035,0.1789,0.571,-0.4331,0.1822,0.1111,0.1407,4080.0
Anomalia,0.0304,0.1729,0.571,-0.3749,0.1756,0.4218,-0.072,1200.0
Anomalia,0.0295,0.1678,0.4137,-0.4202,0.1704,-0.0247,-0.3291,2880.0
Anomalia,0.0307,0.1552,0.4037,-0.4202,0.1583,-0.1919,-0.0443,960.0
Anomalia,0.0203,0.164,0.4421,-0.4202,0.1653,-0.0458,-0.0177,3840.0
Anomalia,0.0454,0.1891,0.6571,-0.4202,0.1945,0.2515,0.2955,5280.0
Anomalia,0.0361,0.1882,0.6571,-0.4245,0.1917,0.3164,0.2602,5280.0
Anomalia,0.0436,0.202,0.6571,-0.4245,0.2066,0.2076,-0.3604,3360.0
Anomalia,0.047,0.187,0.6571,-0.4245,0.1928,0.2473,-0.0009,3360.0
Anomalia,0.0196,0.1563,0.3857,-0.4245,0.1575,-0.1537,-0.3594,3360.0
Anomalia,0.0382,0.1382,0.3857,-0.2789,0.1433,-0.0916,-0.5754,3360.0
Anomalia,0.0215,0.1183,0.2931,-0.2789,0.1202,-0.0157,-0.3824,960.0
Anomalia,0.0411,0.1243,0.3121,-0.2789,0.1309,-0.0901,-0.4989,960.0
Anomalia,0.0424,0.121,0.3121,-0.1859,0.1282,0.1445,-0.8898,960.0
Anomalia,0.0266,0.1115,0.3121,-0.1859,0.1147,0.2509,-0.5708,960.0
Anomalia,0.0373,0.1231,0.3738,-0.1859,0.1286,0.3504,-0.385,960.0
Anomalia,0.0104,0.1478,0.4103,-0.5086,0.1481,-0.1135,1.1165,2880.0
Anomalia,0.0322,0.1724,0.469,-0.5086,0.1754,-0.1671,0.4985,2880.0
Anomalia,0.0481,0.1799,0.469,-0.5086,0.1862,-0.2346,0.2486,2880.0
Anomalia,0.0334,0.1892,0.469,-0.5105,0.1921,-0.4782,0.4497,2880.0
Anomalia,0.0622,0.1698,0.469,-0.5105,0.1808,-0.5699,0.9183,3120.0
Anomalia,0.0306,0.1536,0.3732,-0.5105,0.1566,-0.502,1.0116,960.0
Anomalia,0.0228,0.1924,0.7435,-0.5105,0.1938,0.3385,1.7245,2880.0
Anomalia,0.056,0.2478,0.9544,-0.4802,0.254,0.7787,1.2955,5040.0
Anomalia,0.0062,0.2866,0.9544,-0.7153,0.2866,0.533,0.6358,5040.0
Anomalia,0.0463,0.315,0.9544,-0.7153,0.3184,0.2384,-0.348,5040.0
Anomalia,0.0376,0.302,0.9544,-0.7153,0.3043,0.196,-0.2518,3360.0
Anomalia,0.0152,0.2549,0.5783,-0.7153,0.2553,-0.1516,-0.4159,3360.0
Anomalia,0.054,0.2214,0.5783,-0.3951,0.2279,0.1182,-0.6104,3360.0
Anomalia,0.0201,0.1988,0.5245,-0.4963,0.1998,-0.1613,-0.3887,3360.0
Anomalia,0.0251,0.1927,0.5245,-0.4963,0.1943,-0.2485,-0.1706,3360.0
Anomalia,0.0415,0.203,0.5245,-0.4963,0.2072,-0.0595,-0.0987,3360.0
Anomalia,0.0259,0.2091,0.5232,-0.4963,0.2107,-0.1449,-0.2445,1200.0
Anomalia,0.0416,0.1987,0.5232,-0.437,0.2031,-0.0415,-0.3166,960.0
Anomalia,0.0434,0.1889,0.5232,-0.437,0.1938,0.0585,-0.0666,960.0
Anomalia,0.0205,0.1818,0.4005,-0.4452,0.1829,-0.1137,-0.2293,2880.0
Anomalia,0.0444,0.1723,0.474,-0.4452,0.178,0.0391,-0.2883,1200.0
Anomalia,0.0371,0.1721,0.474,-0.4452,0.1761,0.1257,-0.2391,5280.0
Anomalia,0.0334,0.1737,0.474,-0.4452,0.1769,0.1115,-0.3554,5280.0
Anomalia,0.0469,0.1533,0.474,-0.3123,0.1603,0.1373,-0.3367,960.0
Anomalia,0.0207,0.1303,0.3599,-0.3123,0.132,0.2302,-0.2617,3360.0
Anomalia,0.0264,0.1082,0.261,-0.2424,0.1113,0.1096,-0.5718,3360.0
Anomalia,0.0327,0.1039,0.261,-0.1919,0.1089,0.0497,-0.6826,4080.0
Anomalia,0.0285,0.0981,0.2464,-0.1919,0.1022,-0.0724,-0.6629,4080.0
Anomalia,0.0438,0.0817,0.2464,-0.1859,0.0927,-0.1727,-0.0726,3840.0
Anomalia,0.0379,0.0834,0.2464,-0.1859,0.0916,-0.258,-0.0999,3840.0
Anomalia,0.0307,0.0783,0.2608,-0.2122,0.0841,-0.2985,0.3487,8400.0
Anomalia,0.0289,0.101,0.3202,-0.2122,0.105,-0.0169,0.1389,4080.0
Anomalia,0.0204,0.1664,0.5286,-0.5211,0.1676,0.0092,0.9319,4080.0
Anomalia,0.0451,0.2047,0.5666,-0.5211,0.2096,0.029,-0.1431,3120.0
Anomalia,0.0455,0.2382,0.571,-0.5211,0.2425,0.0982,-0.7271,3120.0
Anomalia,0.0475,0.2508,0.571,-0.5211,0.2552,-0.0242,-0.7685,2880.0
Anomalia,0.0555,0.229,0.571,-0.495,0.2357,-0.04,-0.465,2880.0
Anomalia,0.0126,0.2114,0.571,-0.495,0.2118,0.2306,-0.1929,2880.0
Anomalia,0.0288,0.1885,0.4483,-0.495,0.1907,-0.1828,-0.1569,2880.0
Anomalia,0.0193,0.1725,0.4483,-0.4235,0.1736,0.0439,-0.3852,2880.0
Anomalia,0.0186,0.1591,0.3743,-0.3175,0.1602,0.0272,-0.6347,2880.0
Anomalia,0.0489,0.1379,0.3743,-0.3175,0.1463,-0.2937,-0.0129,2880.0
Anomalia,0.0332,0.1406,0.3294,-0.3108,0.1445,-0.4899,-0.3206,1200.0
Anomalia,0.0453,0.1576,0.383,-0.5785,0.164,-0.8673,1.4787,960.0
Anomalia,0.0564,0.1874,0.5549,-0.5785,0.1957,-0.3312,0.6304,1920.0
Anomalia,0.0169,0.2298,0.5549,-0.6943,0.2304,-0.447,0.178,1920.0
Anomalia,0.0352,0.2376,0.5549,-0.6943,0.2401,-0.4546,0.1389,3360.0
Anomalia,0.029,0.2249,0.5549,-0.6943,0.2267,-0.3494,0.2056,3360.0
Anomalia,0.0166,0.2129,0.4919,-0.6943,0.2136,-0.4106,0.4706,3360.0
Anomalia,0.0534,0.1865,0.4919,-0.3747,0.194,0.1029,-0.4272,3360.0
Anomalia,0.0321,0.1739,0.4919,-0.3434,0.1768,0.2393,-0.1494,3360.0
Anomalia,0.0297,0.1726,0.4919,-0.3434,0.1752,0.4394,-0.0643,4080.0
Anomalia,0.0431,0.1572,0.4485,-0.3434,0.163,0.2122,-0.3657,4080.0
Anomalia,0.0323,0.147,0.387,-0.3582,0.1505,0.0214,-0.3051,2880.0
Anomalia,0.0351,0.1301,0.387,-0.3582,0.1348,0.06,-0.2262,2880.0
Anomalia,0.0453,0.12,0.3127,-0.3582,0.1283,-0.2628,0.0044,480.0
Anomalia,0.0187,0.1169,0.267,-0.3582,0.1184,-0.3491,-0.0881,3120.0
Anomalia,0.0317,0.1079,0.4049,-0.2691,0.1125,0.0668,0.2649,480.0
Anomalia,0.0425,0.1219,0.4049,-0.2691,0.1291,0.3753,0.3702,3360.0
Anomalia,0.0272,0.1299,0.4049,-0.2731,0.1327,0.3647,0.3691,3360.0
Anomalia,0.0413,0.1275,0.4049,-0.2731,0.134,0.3364,0.1129,3360.0
Anomalia,0.028,0.1342,0.4045,-0.2747,0.1371,0.1331,-0.1588,960.0
Anomalia,0.0154,0.1461,0.3736,-0.4233,0.1469,-0.2473,-0.2303,960.0
Anomalia,0.0473,0.171,0.4556,-0.4387,0.1774,-0.1139,0.0679,4080.0
Anomalia,0.0348,0.1941,0.4719,-0.4387,0.1972,-0.1603,-0.1481,3840.0
Anomalia,0.0482,0.1954,0.4719,-0.4387,0.2013,-0.2771,-0.1645,960.0
Anomalia,0.0511,0.1925,0.4719,-0.4387,0.1992,-0.3114,-0.0274,3360.0
Anomalia,0.0167,0.1746,0.4719,-0.4281,0.1754,-0.3084,-0.1891,3360.0
Anomalia,0.034,0.1567,0.3313,-0.3997,0.1603,-0.3321,-0.5232,1200.0
Anomalia,0.0184,0.1684,0.4825,-0.3997,0.1694,0.0867,-0.3254,960.0
Anomalia,0.0293,0.157,0.4825,-0.3056,0.1597,0.1033,-0.4478,3360.0
Anomalia,0.0428,0.154,0.4825,-0.3056,0.1598,0.0728,-0.3236,3360.0
Anomalia,0.0343,0.1502,0.4825,-0.3056,0.154,0.1575,-0.0964,3360.0
Anomalia,0.0304,0.1419,0.3348,-0.372,0.1451,-0.5485,0.0286,3360.0
Anomalia,0.0295,0.1995,0.799,-0.6953,0.2017,0.2156,3.1211,3360.0
Anomalia,0.0344,0.2788,0.8432,-0.8751,0.2809,0.2158,1.2716,720.0
Anomalia,0.027,0.3199,0.8432,-0.8751,0.321,0.1199,0.1759,3360.0
Anomalia,0.0441,0.3491,0.8432,-0.8751,0.3518,0.024,-0.4578,3360.0
Anomalia,0.0302,0.3367,0.8432,-0.8751,0.338,0.0476,-0.5851,3360.0
Anomalia,0.0347,0.2871,0.708,-0.7485,0.2892,-0.0367,-0.5699,3360.0
Anomalia,0.033,0.2536,0.6603,-0.538,0.2557,-0.0513,-0.3714,3360.0
Anomalia,0.0314,0.227,0.6325,-0.538,0.2291,-0.0278,-0.126,3360.0
Anomalia,0.0292,0.2169,0.6325,-0.538,0.2189,0.0975,0.1265,3360.0
Anomalia,0.0243,0.2143,0.6325,-0.538,0.2157,-0.1231,-0.0936,3120.0
Anomalia,0.0393,0.2177,0.6325,-0.4729,0.2212,-0.019,-0.5543,4080.0
Anomalia,0.0293,0.2002,0.4686,-0.4729,0.2023,-0.126,-0.6035,4080.0
Anomalia,0.0373,0.1795,0.4239,-0.4729,0.1833,-0.3183,-0.0776,2880.0
Anomalia,0.0159,0.1932,0.6471,-0.4832,0.1938,0.08,0.3133,3840.0
Anomalia,0.0304,0.1998,0.6471,-0.4832,0.2021,0.1006,0.4062,3840.0
Anomalia,0.0271,0.1993,0.6471,-0.4832,0.2011,0.1164,0.4114,4080.0
Anomalia,0.0375,0.2086,0.6471,-0.4832,0.2119,0.0513,0.0599,3360.0
Anomalia,0.0471,0.1728,0.5184,-0.4631,0.1791,-0.0155,0.3582,480.0
Anomalia,0.0234,0.1395,0.4471,-0.3252,0.1415,0.0232,0.1746,4560.0
Anomalia,0.032,0.119,0.4471,-0.296,0.1232,0.4263,0.8677,960.0
Anomalia,0.0199,0.0946,0.3081,-0.2013,0.0967,0.184,0.08,2880.0
Anomalia,0.0376,0.0921,0.3081,-0.2013,0.0995,0.2497,0.6522,3120.0
Anomalia,0.0339,0.0868,0.3048,-0.2067,0.0932,0.0187,1.0051,3840.0
Anomalia,0.0345,0.0933,0.2712,-0.2067,0.0995,-0.165,0.319,960.0
Anomalia,0.0359,0.1072,0.2712,-0.2739,0.113,-0.3846,0.2573,480.0
Anomalia,0.0175,0.1394,0.5128,-0.3847,0.1405,0.0446,1.3808,5040.0
Anomalia,0.0301,0.2003,0.6152,-0.5693,0.2026,0.0576,0.6506,3120.0
Anomalia,0.0344,0.2302,0.6181,-0.5693,0.2327,0.1512,0.0835,3120.0
Anomalia,0.0239,0.2607,0.6181,-0.5693,0.2618,0.2189,-0.463,3120.0
Anomalia,0.046,0.2633,0.6181,-0.5693,0.2672,0.0428,-0.5901,2880.0
Anomalia,0.0343,0.2429,0.6181,-0.4385,0.2453,0.1679,-0.5081,2880.0
Anomalia,0.0263,0.2197,0.5432,-0.4385,0.2213,0.1359,-0.3905,2880.0
Anomalia,0.0502,0.2012,0.5071,-0.359,0.2074,-0.0389,-0.5915,2880.0
Anomalia,0.0169,0.2087,0.4886,-0.406,0.2094,0.1374,-0.7852,2880.0
Anomalia,0.0403,0.1882,0.4886,-0.406,0.1925,-0.1156,-0.5307,480.0
Anomalia,0.0317,0.1861,0.4886,-0.406,0.1888,-0.0251,-0.4952,480.0
Anomalia,0.0221,0.1679,0.4886,-0.406,0.1693,-0.1175,-0.2588,480.0
Anomalia,0.0418,0.1494,0.5551,-0.3701,0.1552,0.0425,0.6749,4080.0
Anomalia,0.0217,0.1797,0.5551,-0.4567,0.181,0.0007,0.2054,1920.0
Anomalia,0.0257,0.2134,0.5551,-0.4817,0.2149,-0.2685,-0.2555,4320.0
Anomalia,0.0332,0.2254,0.5551,-0.4817,0.2278,-0.0891,-0.3766,5280.0
Anomalia,0.0241,0.218,0.523,-0.4817,0.2194,-0.1048,-0.4568,5280.0
Anomalia,0.0396,0.195,0.523,-0.4817,0.199,-0.1476,0.0495,480.0
Anomalia,0.0445,0.1542,0.523,-0.2941,0.1604,0.4312,0.2813,480.0
Anomalia,0.023,0.1434,0.3722,-0.3037,0.1452,-0.0334,-0.2967,4080.0
Anomalia,0.0306,0.1605,0.4281,-0.3355,0.1634,0.0412,-0.1943,4080.0
Anomalia,0.0287,0.1565,0.4281,-0.3355,0.1591,-0.0682,-0.1895,4080.0
Anomalia,0.0296,0.1588,0.4281,-0.3355,0.1615,-0.0172,-0.2915,1200.0
Anomalia,0.0449,0.1421,0.4281,-0.3355,0.1491,-0.0407,0.0929,1200.0
Anomalia,0.0382,0.1101,0.3023,-0.2359,0.1165,-0.1537,-0.3707,960.0
Anomalia,0.0298,0.1103,0.3096,-0.2359,0.1143,0.0507,-0.2626,960.0
Anomalia,0.0373,0.1108,0.3624,-0.2359,0.1169,0.2236,-0.1324,960.0
Anomalia,0.0304,0.1089,0.3624,-0.2359,0.113,0.3667,0.097,960.0
Anomalia,0.0412,0.1081,0.3624,-0.238,0.1157,0.4201,-0.0396,960.0
Anomalia,0.0283,0.1124,0.3624,-0.3081,0.1159,0.1501,0.2019,960.0
Anomalia,0.0198,0.1112,0.3094,-0.3081,0.113,-0.1718,0.2464,960.0
Anomalia,0.0255,0.1318,0.4508,-0.3832,0.1342,-0.0358,0.7383,960.0
Anomalia,0.0136,0.1917,0.5293,-0.571,0.1922,-0.1399,0.9398,3120.0
Anomalia,0.0413,0.1994,0.5293,-0.571,0.2036,-0.3156,0.6579,3120.0
Anomalia,0.0357,0.2104,0.5293,-0.571,0.2134,-0.2308,0.1301,2880.0
Anomalia,0.037,0.2033,0.5293,-0.571,0.2066,-0.2984,0.2862,2880.0
Anomalia,0.049,0.1518,0.3878,-0.3459,0.1595,-0.0167,-0.4445,960.0
Anomalia,0.0258,0.1543,0.4905,-0.3459,0.1564,0.3577,0.0842,960.0
Anomalia,0.0434,0.1467,0.4905,-0.2476,0.153,0.3951,0.083,960.0
Anomalia,0.0355,0.152,0.4905,-0.3102,0.1561,0.3071,0.0767,5040.0
Anomalia,0.0272,0.1567,0.4905,-0.3102,0.1591,0.401,0.1908,3360.0
Anomalia,0.0425,0.1439,0.4387,-0.3102,0.1501,0.1048,-0.0189,3360.0
Anomalia,0.014,0.1578,0.4387,-0.4462,0.1584,-0.2841,0.3163,3360.0
Anomalia,0.0216,0.2103,0.8503,-0.6772,0.2114,0.323,2.5861,3360.0
Anomalia,0.0341,0.2649,0.8503,-0.6788,0.2671,0.2487,1.0682,1920.0
Anomalia,0.021,0.2924,0.8503,-0.7596,0.2932,0.078,0.4328,1920.0
Anomalia,0.0484,0.3051,0.8503,-0.7596,0.3089,-0.0904,0.0697,3360.0
Anomalia,0.0493,0.2769,0.803,-0.7596,0.2812,-0.2014,0.1895,3360.0
Anomalia,0.0277,0.2262,0.5153,-0.7596,0.2279,-0.3779,0.48,3360.0
Anomalia,0.0431,0.1985,0.5153,-0.4963,0.2031,0.0064,-0.0926,3360.0
Anomalia,0.0232,0.1903,0.4777,-0.5021,0.1917,-0.0054,-0.0494,3360.0
Anomalia,0.0172,0.1864,0.4508,-0.5021,0.1872,-0.0947,-0.1528,3360.0
Anomalia,0.0392,0.2013,0.5067,-0.5021,0.205,-0.1713,-0.1976,3120.0
Anomalia,0.0334,0.2046,0.5067,-0.5021,0.2073,-0.2419,-0.279,2640.0
Anomalia,0.0414,0.176,0.5067,-0.4204,0.1809,-0.1933,0.0768,4320.0
Anomalia,0.0446,0.1697,0.5067,-0.4204,0.1755,-0.2385,0.1301,4080.0
Anomalia,0.0248,0.1779,0.5968,-0.4542,0.1796,-0.1115,0.2157,2880.0
Anomalia,0.0267,0.193,0.6048,-0.4542,0.1948,0.2529,0.4394,5040.0
Anomalia,0.0345,0.2143,0.6104,-0.4542,0.2171,0.3915,0.0244,3360.0
Anomalia,0.0272,0.2149,0.6104,-0.4542,0.2166,0.4619,0.0615,3360.0
Anomalia,0.0427,0.1932,0.6104,-0.3461,0.1979,0.5051,0.2377,3360.0
Anomalia,0.027,0.1662,0.6104,-0.3186,0.1684,0.6314,0.6154,3360.0
Anomalia,0.0197,0.1357,0.3667,-0.2489,0.1371,0.2599,-0.4987,3360.0
Anomalia,0.0398,0.1265,0.3667,-0.2489,0.1326,0.0431,-0.4231,3360.0
Anomalia,0.0221,0.1112,0.3225,-0.2457,0.1134,0.1031,-0.4715,5280.0
Anomalia,0.0472,0.098,0.2522,-0.1761,0.1088,-0.3142,-0.5307,5280.0
Anomalia,0.0441,0.094,0.2522,-0.1558,0.1038,-0.1237,-0.6752,480.0
Anomalia,0.0221,0.1008,0.2537,-0.2015,0.1032,0.0183,-0.6403,960.0
Anomalia,0.0524,0.1411,0.5612,-0.3158,0.1505,0.4635,1.1623,240.0
Anomalia,0.0085,0.1813,0.5612,-0.6037,0.1815,-0.0975,1.1323,4080.0
Anomalia,0.038,0.1942,0.5612,-0.6037,0.1979,-0.2719,0.5389,2880.0
Anomalia,0.0297,0.2045,0.5612,-0.6037,0.2066,-0.2485,0.0823,4080.0
Anomalia,0.0166,0.1832,0.3626,-0.6037,0.184,-0.4964,0.3297,480.0
Anomalia,0.0426,0.15,0.3626,-0.3211,0.156,-0.1204,-0.3755,2880.0
Anomalia,0.004,0.2274,0.7675,-0.6888,0.2274,-0.0469,1.6428,2880.0
Anomalia,0.0318,0.3021,0.8585,-1.0454,0.3037,-0.2736,1.7065,5040.0
Anomalia,0.0329,0.3303,0.8585,-1.0454,0.3319,-0.197,0.563,5040.0
Anomalia,0.0344,0.354,0.8585,-1.0454,0.3557,-0.154,-0.1361,5280.0
Anomalia,0.0578,0.3099,0.8585,-1.0454,0.3152,-0.2997,0.7089,5280.0
Anomalia,0.0433,0.2386,0.5701,-0.4373,0.2425,-0.0081,-0.7499,3360.0
Anomalia,0.0218,0.2171,0.5641,-0.4231,0.2182,0.0659,-0.6878,3360.0
Anomalia,0.0244,0.2139,0.4439,-0.6599,0.2153,-0.3375,-0.1655,2640.0
Anomalia,0.0087,0.2223,0.4781,-0.6599,0.2225,-0.2246,-0.3567,5280.0
Anomalia,0.0163,0.2387,0.6609,-0.6599,0.2393,-0.0259,-0.2164,5280.0
Anomalia,0.0396,0.2313,0.6609,-0.6599,0.2347,-0.1213,0.0935,5280.0
Anomalia,0.0304,0.1974,0.6609,-0.4769,0.1997,0.328,0.5451,5280.0
Anomalia,0.0471,0.1739,0.6609,-0.4769,0.1802,0.3733,1.3675,3840.0
Anomalia,0.0264,0.1669,0.49,-0.4986,0.169,-0.2025,0.3531,5280.0
Anomalia,0.0275,0.1734,0.4646,-0.4986,0.1755,-0.1521,0.1449,5280.0
Anomalia,0.0313,0.1792,0.4646,-0.4986,0.182,-0.1363,0.0532,5280.0
Anomalia,0.021,0.1839,0.4646,-0.4986,0.1851,0.0694,-0.1459,5280.0
Anomalia,0.0325,0.1588,0.4646,-0.325,0.1621,0.3807,0.0245,960.0
Anomalia,0.0226,0.1297,0.3932,-0.325,0.1317,0.1666,0.2026,1200.0
Anomalia,0.031,0.1252,0.3743,-0.2366,0.129,0.1909,-0.4702,960.0
Anomalia,0.0334,0.1182,0.3482,-0.2366,0.1229,0.165,-0.0509,960.0
Anomalia,0.0472,0.1163,0.3482,-0.2253,0.1256,0.1953,-0.2945,960.0
Anomalia,0.0383,0.1215,0.3482,-0.2253,0.1274,0.1908,-0.3611,960.0
Anomalia,0.0382,0.1207,0.3482,-0.2453,0.1265,0.0291,-0.2643,960.0
Anomalia,0.0288,0.1256,0.378,-0.2485,0.1289,0.097,-0.269,960.0
Anomalia,0.0144,0.1703,0.4479,-0.5514,0.1709,0.0801,0.6515,960.0
Anomalia,0.0296,0.2397,0.7012,-0.6828,0.2415,-0.0517,0.5229,4080.0
Anomalia,0.0188,0.255,0.7012,-0.6828,0.2557,-0.1181,0.187,2880.0
Anomalia,0.0324,0.256,0.7012,-0.6828,0.2581,-0.2827,0.1593,2880.0
Anomalia,0.0314,0.2398,0.7012,-0.6828,0.2419,-0.3705,0.6276,2880.0
Anomalia,0.0259,0.1816,0.3574,-0.5656,0.1834,-0.7762,0.4385,2880.0
Anomalia,0.0391,0.1594,0.3244,-0.4567,0.1641,-0.5077,-0.0556,960.0
Anomalia,0.0296,0.1593,0.3244,-0.4567,0.162,-0.3505,-0.1206,4080.0
Anomalia,0.0386,0.1505,0.3161,-0.3661,0.1553,-0.2792,-0.4243,4080.0
Anomalia,0.0391,0.134,0.3161,-0.3661,0.1396,-0.1939,-0.2674,4080.0
Anomalia,0.0316,0.123,0.3161,-0.3661,0.127,-0.2516,0.1465,480.0
Anomalia,0.0267,0.1271,0.3751,-0.3661,0.1299,-0.145,0.1868,480.0
Anomalia,0.0219,0.1699,0.7435,-0.4867,0.1713,0.829,3.7502,720.0
Anomalia,0.0186,0.2055,0.7435,-0.5472,0.2064,0.487,1.7982,3120.0
Anomalia,0.0383,0.2334,0.7435,-0.5528,0.2365,0.236,0.3933,3360.0
Anomalia,0.0396,0.2462,0.7435,-0.5528,0.2494,0.1017,0.1795,3360.0
Anomalia,0.0485,0.2272,0.5355,-0.5528,0.2323,-0.1359,-0.1016,3360.0
Anomalia,0.0473,0.2054,0.4813,-0.5528,0.2108,-0.066,-0.1761,3360.0
Anomalia,0.0132,0.1859,0.4813,-0.5065,0.1863,0.0289,0.1557,3360.0
Anomalia,0.019,0.1675,0.4539,-0.3747,0.1686,0.0985,-0.1934,3360.0
Anomalia,0.0169,0.1604,0.3434,-0.3747,0.1613,-0.2665,-0.5751,1200.0
Anomalia,0.0234,0.1571,0.3434,-0.3747,0.1588,-0.331,-0.453,1200.0
Anomalia,0.0497,0.1525,0.3434,-0.3419,0.1604,-0.3108,-0.6558,960.0
Anomalia,0.0391,0.1417,0.3077,-0.3419,0.147,-0.1683,-0.5419,960.0
Anomalia,0.03,0.1251,0.3067,-0.247,0.1286,0.0464,-0.5475,3360.0
Anomalia,0.0331,0.1256,0.4446,-0.2403,0.1299,0.3886,0.0189,2880.0
Anomalia,0.0193,0.1136,0.4446,-0.2395,0.1152,0.5898,0.7157,4080.0
Anomalia,0.0408,0.1305,0.4446,-0.1815,0.1368,0.5239,-0.3077,3360.0
Anomalia,0.0434,0.1311,0.4446,-0.1815,0.1381,0.5247,-0.3267,3360.0
Anomalia,0.0234,0.125,0.3317,-0.238,0.1272,0.3788,-0.3673,3360.0
Anomalia,0.0325,0.1334,0.3317,-0.238,0.1373,0.2883,-0.574,3360.0
Anomalia,0.0165,0.1361,0.3899,-0.335,0.1371,0.1349,-0.3448,3360.0
Anomalia,0.022,0.1504,0.4368,-0.335,0.152,0.2109,-0.3971,3360.0
Anomalia,0.0391,0.1728,0.5505,-0.335,0.1772,0.2637,-0.3994,3360.0
Anomalia,0.028,0.1729,0.5505,-0.335,0.1752,0.4309,-0.3325,3360.0
Anomalia,0.034,0.1655,0.5505,-0.3204,0.1689,0.4106,-0.1491,3360.0
Anomalia,0.03,0.1588,0.5505,-0.3204,0.1616,0.3831,-0.0503,3360.0
Anomalia,0.0198,0.1405,0.3106,-0.3204,0.1419,0.0003,-0.5056,4560.0
Anomalia,0.0315,0.1438,0.3891,-0.3204,0.1472,0.0167,-0.2175,4080.0
Anomalia,0.0322,0.142,0.3891,-0.3179,0.1456,-0.0375,-0.1416,4080.0
Anomalia,0.0337,0.1374,0.3891,-0.3179,0.1414,-0.1298,0.0648,4080.0
Anomalia,0.0479,0.1254,0.3891,-0.3056,0.1342,-0.027,0.3416,4080.0
Anomalia,0.0229,0.1283,0.3321,-0.3386,0.1304,-0.4,0.0337,1440.0
Anomalia,0.0213,0.2188,0.7032,-0.6505,0.2198,0.2102,1.345,2880.0
Anomalia,0.0077,0.2835,0.7654,-0.8783,0.2836,-0.0656,0.7459,3360.0
Anomalia,0.0235,0.334,0.7654,-0.8783,0.3348,-0.0379,-0.2876,3360.0
Anomalia,0.0386,0.3416,0.7654,-0.8783,0.3438,-0.1463,-0.4665,3360.0
Anomalia,0.045,0.3002,0.7654,-0.8783,0.3035,-0.3306,0.2236,3360.0
Anomalia,0.0513,0.251,0.7168,-0.7145,0.2562,-0.1087,0.0557,3360.0
Anomalia,0.0256,0.1956,0.4884,-0.4681,0.1972,-0.1855,-0.5904,3360.0
Anomalia,0.0159,0.2072,0.5111,-0.5293,0.2078,-0.3523,-0.2325,3360.0
Anomalia,0.0178,0.2083,0.5111,-0.5293,0.209,-0.183,0.0134,2880.0
Anomalia,0.0338,0.2098,0.5197,-0.5293,0.2125,-0.1061,0.0445,2880.0
Anomalia,0.0328,0.2085,0.5197,-0.5293,0.2111,-0.0814,-0.0103,2880.0
Anomalia,0.047,0.1735,0.5197,-0.3192,0.1798,0.2666,0.1715,2880.0
Anomalia,0.039,0.1621,0.5197,-0.3192,0.1668,0.1671,0.0851,3120.0
Anomalia,0.018,0.1747,0.3861,-0.5051,0.1757,-0.2427,-0.3889,4800.0
Anomalia,0.0301,0.1756,0.3861,-0.5051,0.1782,-0.2554,-0.3113,3360.0
Anomalia,0.0329,0.1842,0.3861,-0.5051,0.1871,-0.3476,-0.468,5280.0
Anomalia,0.0255,0.1774,0.3861,-0.5051,0.1793,-0.3215,-0.34,5280.0
Anomalia,0.0418,0.1464,0.3544,-0.3692,0.1522,-0.2554,-0.4326,3360.0
Anomalia,0.0185,0.1337,0.29,-0.3692,0.135,-0.1411,-0.6385,960.0
Anomalia,0.0206,0.1227,0.2973,-0.2078,0.1244,0.1475,-0.811,480.0
Anomalia,0.025,0.1244,0.3453,-0.1905,0.1269,0.4295,-0.6131,960.0
Anomalia,0.0168,0.1191,0.3453,-0.1999,0.1203,0.5163,-0.1753,4080.0
Anomalia,0.0369,0.1214,0.3453,-0.1999,0.1269,0.4306,-0.3941,960.0
Anomalia,0.0247,0.1285,0.3453,-0.2633,0.1309,0.391,-0.4405,960.0
Anomalia,0.0313,0.1279,0.3229,-0.2633,0.1317,0.1471,-0.5456,960.0
Anomalia,0.0554,0.1681,0.7043,-0.2633,0.177,0.8645,1.3086,960.0
Anomalia,0.0269,0.2472,0.7043,-0.6936,0.2487,0.0232,0.6153,960.0
Anomalia,0.0498,0.2584,0.7043,-0.6936,0.2631,-0.0727,0.2312,2880.0
Anomalia,0.0261,0.2775,0.7043,-0.6936,0.2787,0.0712,-0.3144,2880.0
Anomalia,0.0084,0.2537,0.6106,-0.6936,0.2538,-0.0444,-0.0124,2880.0
Anomalia,0.0278,0.1792,0.4633,-0.4552,0.1813,0.2234,0.0059,2880.0
Anomalia,0.0057,0.166,0.4396,-0.4552,0.1661,-0.0224,-0.1388,2880.0
Anomalia,0.0257,0.175,0.4829,-0.4742,0.1769,-0.0169,0.126,5040.0
Anomalia,0.0313,0.1969,0.4829,-0.4742,0.1994,-0.0848,-0.4105,5040.0
Anomalia,0.0281,0.1987,0.4829,-0.4742,0.2007,-0.0884,-0.4928,5280.0
Anomalia,0.042,0.1937,0.4829,-0.4742,0.1982,-0.1818,-0.3023,3360.0
Anomalia,0.0256,0.171,0.4193,-0.383,0.1729,-0.2578,-0.4286,3360.0
Anomalia,0.0124,0.1659,0.4091,-0.383,0.1664,-0.2881,-0.4288,3360.0
Anomalia,0.0257,0.1903,0.4663,-0.4339,0.192,-0.1882,-0.3623,2640.0
Anomalia,0.017,0.1989,0.4663,-0.4339,0.1996,-0.0251,-0.4394,3120.0
Anomalia,0.0391,0.1976,0.4663,-0.4339,0.2014,-0.0265,-0.4311,4320.0
Anomalia,0.0525,0.1825,0.4663,-0.4339,0.1899,-0.0039,-0.1865,5280.0
Anomalia,0.0288,0.1615,0.4383,-0.3626,0.164,0.2157,-0.1047,960.0
Anomalia,0.0398,0.1436,0.4279,-0.3386,0.149,-0.0156,-0.0565,4080.0
Anomalia,0.0207,0.1568,0.3949,-0.4143,0.1582,-0.4236,0.1164,960.0
Anomalia,0.0135,0.161,0.4097,-0.4143,0.1616,-0.4257,0.064,2880.0
Anomalia,0.0448,0.1557,0.4097,-0.4143,0.162,-0.697,0.6157,720.0
Anomalia,0.0251,0.1581,0.4097,-0.4143,0.1601,-0.4454,0.2259,720.0
Anomalia,0.0325,0.1262,0.4097,-0.3615,0.1303,-0.0349,0.2016,1680.0
Anomalia,0.0329,0.1098,0.2818,-0.2512,0.1146,0.0758,-0.4242,3360.0
Anomalia,0.0098,0.1035,0.2735,-0.2512,0.104,0.1371,-0.3742,3360.0
Anomalia,0.0304,0.1031,0.3094,-0.193,0.1075,0.2058,-0.3304,480.0
Anomalia,0.0395,0.1066,0.3094,-0.193,0.1136,0.1587,-0.3918,2880.0
Anomalia,0.0272,0.1092,0.3094,-0.2218,0.1125,0.205,-0.3488,2880.0
Anomalia,0.0403,0.1073,0.3094,-0.2218,0.1146,0.0508,-0.3624,2880.0
Anomalia,0.0198,0.1169,0.296,-0.2789,0.1186,0.069,-0.4289,960.0
Anomalia,0.0212,0.1238,0.2985,-0.2789,0.1256,-0.0089,-0.5007,960.0
Anomalia,0.0403,0.1723,0.459,-0.3978,0.1769,-0.0378,-0.2253,3120.0
Anomalia,0.0225,0.1825,0.459,-0.3978,0.1839,0.1259,-0.5436,3120.0
Anomalia,0.045,0.1836,0.459,-0.3978,0.189,0.0591,-0.4379,3120.0
Anomalia,0.0234,0.1964,0.459,-0.3978,0.1978,0.2642,-0.616,2640.0
Anomalia,0.0177,0.1658,0.4393,-0.3271,0.1667,0.3599,-0.3693,2880.0
Anomalia,0.0234,0.1644,0.4393,-0.3271,0.166,0.3069,-0.3868,960.0
Anomalia,0.0054,0.1553,0.4393,-0.3271,0.1554,0.271,-0.4401,960.0
Anomalia,0.0299,0.157,0.4097,-0.2683,0.1598,0.1422,-0.6993,1200.0
Anomalia,0.0314,0.1596,0.4097,-0.3273,0.1627,0.0765,-0.654,1200.0
Anomalia,0.0455,0.1696,0.6008,-0.3273,0.1756,0.5202,0.2827,960.0
Anomalia,0.0578,0.2065,0.7955,-0.4279,0.2144,0.7816,1.289,960.0
Anomalia,0.029,0.2603,0.9432,-0.8931,0.2619,0.3955,2.376,2880.0
Anomalia,0.0182,0.2896,0.9432,-0.8931,0.2902,0.2424,1.2288,1920.0
Anomalia,0.0294,0.3143,0.9432,-0.8931,0.3157,0.0314,0.3936,3360.0
Anomalia,0.0018,0.2977,0.9432,-0.8931,0.2977,-0.0034,0.4846,3360.0
Anomalia,0.0362,0.2587,0.6185,-0.6586,0.2612,-0.2767,-0.2635,3360.0
Anomalia,0.033,0.2183,0.6002,-0.6586,0.2208,-0.0769,0.0734,3360.0
Anomalia,0.0158,0.1679,0.4095,-0.3436,0.1686,-0.0286,-0.5746,3360.0
Anomalia,0.0306,0.1758,0.524,-0.5349,0.1785,-0.0909,0.3728,3360.0
Anomalia,0.0246,0.1599,0.524,-0.5349,0.1618,-0.2032,0.9784,3120.0
Anomalia,0.0277,0.1678,0.524,-0.5349,0.17,-0.0882,0.6201,2880.0
Anomalia,0.039,0.1785,0.524,-0.5349,0.1827,-0.115,0.1083,2880.0
Anomalia,0.0323,0.1623,0.3951,-0.4174,0.1655,-0.1297,-0.319,4080.0
Anomalia,0.021,0.1589,0.3626,-0.4174,0.1603,-0.1292,-0.1927,4080.0
Anomalia,0.0286,0.1847,0.5616,-0.455,0.1869,-0.2092,0.0771,5280.0
Anomalia,0.009,0.204,0.5868,-0.5474,0.2042,-0.0125,0.5263,5280.0
Anomalia,0.0391,0.2191,0.5868,-0.5474,0.2226,-0.0092,-0.0834,5280.0
Anomalia,0.0403,0.2269,0.5868,-0.5474,0.2304,0.047,-0.3496,3360.0
Anomalia,0.0331,0.1985,0.5868,-0.5474,0.2012,0.2286,0.1633,3360.0
Anomalia,0.0464,0.1696,0.4725,-0.2929,0.1758,0.4062,-0.6605,3360.0
Anomalia,0.0176,0.1439,0.4214,-0.2491,0.145,0.4391,-0.3136,4080.0
Anomalia,0.0235,0.1283,0.3632,-0.3271,0.1304,-0.0166,-0.3062,960.0
Anomalia,0.0352,0.1294,0.3632,-0.3271,0.1341,-0.075,-0.1585,960.0
Anomalia,0.0128,0.1231,0.3198,-0.3271,0.1237,-0.2669,-0.2122,240.0
Anomalia,0.0362,0.127,0.364,-0.3271,0.132,-0.0859,0.2207,960.0
Anomalia,0.0189,0.1365,0.364,-0.3772,0.1378,-0.0612,0.1633,960.0
Anomalia,0.0298,0.1684,0.4631,-0.3772,0.1711,0.2495,-0.0876,480.0
Anomalia,0.0421,0.1911,0.5293,-0.3772,0.1957,0.1829,-0.3356,5040.0
Anomalia,0.0269,0.2156,0.5293,-0.5453,0.2173,0.0433,-0.2757,2880.0
Anomalia,0.0378,0.2167,0.5293,-0.5453,0.2199,0.0351,-0.4174,2880.0
Anomalia,0.0252,0.198,0.5293,-0.5453,0.1996,0.0421,0.0083,2880.0
Anomalia,0.0201,0.1837,0.4998,-0.5453,0.1848,-0.1496,0.2076,2880.0
Anomalia,0.0343,0.2335,0.9133,-0.5637,0.236,0.679,1.5005,4320.0
Anomalia,0.0157,0.2697,0.9133,-0.7035,0.2702,0.3606,0.7353,5040.0
Anomalia,0.0307,0.2908,0.9133,-0.7035,0.2924,0.2879,0.099,5040.0
Anomalia,0.0346,0.3045,0.9133,-0.7035,0.3064,0.1563,-0.2503,3360.0
Anomalia,0.0214,0.2679,0.6586,-0.7035,0.2687,-0.0216,-0.425,3360.0
Anomalia,0.0434,0.2413,0.6586,-0.4898,0.2452,-0.0251,-0.5691,3360.0
Anomalia,0.0177,0.225,0.5587,-0.4898,0.2257,-0.0247,-0.6355,3360.0
Anomalia,0.0163,0.2189,0.5587,-0.4544,0.2195,0.047,-0.6068,3360.0
Anomalia,0.031,0.2059,0.4834,-0.4544,0.2082,-0.1792,-0.5539,3120.0
Anomalia,0.0235,0.1963,0.4834,-0.4544,0.1977,-0.1285,-0.4512,5040.0
Anomalia,0.0329,0.1841,0.4834,-0.4544,0.187,-0.2821,-0.1917,5280.0
Anomalia,0.0385,0.1577,0.4834,-0.3766,0.1624,0.0292,0.0114,5280.0
Anomalia,0.0268,0.1468,0.369,-0.3766,0.1493,-0.2681,-0.1189,480.0
Anomalia,0.0292,0.1615,0.383,-0.4867,0.1641,-0.354,0.2818,2880.0
Anomalia,0.0291,0.1596,0.383,-0.4867,0.1622,-0.2736,0.3729,2880.0
Anomalia,0.0358,0.1619,0.383,-0.4867,0.1658,-0.4135,0.2815,3360.0
Anomalia,0.0291,0.1577,0.383,-0.4867,0.1603,-0.2853,0.4,3360.0
Anomalia,0.0328,0.1189,0.3286,-0.2977,0.1233,0.2347,-0.0855,1920.0
Anomalia,0.0226,0.1113,0.3286,-0.2977,0.1135,0.1398,0.07,960.0
Anomalia,0.0207,0.1027,0.3144,-0.2314,0.1048,-0.0686,-0.3033,2880.0
Anomalia,0.0284,0.0939,0.2493,-0.2109,0.0981,-0.3353,-0.3554,960.0
Anomalia,0.0268,0.0964,0.2493,-0.2028,0.1001,-0.1782,-0.5315,4560.0
Anomalia,0.0384,0.0955,0.2493,-0.2028,0.1029,-0.2203,-0.6867,960.0
Anomalia,0.0289,0.0948,0.2493,-0.257,0.0991,-0.3311,-0.1482,2880.0
Anomalia,0.0186,0.1034,0.2432,-0.257,0.1051,-0.1603,-0.4591,3840.0
Anomalia,0.0264,0.1571,0.451,-0.5109,0.1593,-0.5761,1.4514,2640.0
Anomalia,0.0213,0.2084,0.451,-0.6286,0.2095,-0.5644,0.3462,3120.0
Anomalia,0.0391,0.2273,0.451,-0.6286,0.2306,-0.6355,-0.0097,3120.0
Anomalia,0.04,0.2411,0.451,-0.6286,0.2444,-0.676,-0.3416,3120.0
Anomalia,0.0419,0.2284,0.4141,-0.6286,0.2322,-0.6312,-0.2769,2880.0
Anomalia,0.0369,0.1947,0.4141,-0.4537,0.1982,-0.4469,-0.272,3840.0
Anomalia,0.0237,0.197,0.3955,-0.4289,0.1984,-0.2749,-0.8182,4080.0
Anomalia,0.025,0.1804,0.3955,-0.3905,0.1821,-0.1178,-0.7009,4080.0
Anomalia,0.0178,0.1688,0.3811,-0.3588,0.1697,-0.1205,-0.7623,960.0
Anomalia,0.0184,0.1624,0.3811,-0.3544,0.1634,-0.0477,-0.7813,2880.0
Anomalia,0.0273,0.1479,0.3997,-0.3006,0.1504,-0.0781,-0.5467,2880.0
Anomalia,0.0207,0.1972,0.6388,-0.7245,0.1983,-0.1166,1.5002,2880.0
Anomalia,0.0355,0.24,0.7977,-0.7245,0.2426,0.1851,1.0259,2880.0
Anomalia,0.0234,0.277,0.7977,-0.7245,0.278,-0.0707,0.2556,3360.0
Anomalia,0.0323,0.2902,0.7977,-0.7245,0.292,0.1086,0.2493,3360.0
Anomalia,0.0389,0.2645,0.7977,-0.6548,0.2673,0.1431,0.6089,3360.0
Anomalia,0.0257,0.2444,0.7541,-0.6548,0.2457,0.0657,0.5003,3360.0
Anomalia,0.0362,0.2024,0.7541,-0.3943,0.2057,0.6423,0.9183,3360.0
Anomalia,0.02,0.1782,0.4892,-0.3943,0.1794,0.0909,-0.3128,3360.0
Anomalia,0.0152,0.185,0.4892,-0.4043,0.1856,0.0696,-0.4242,2640.0
Anomalia,0.0335,0.1627,0.369,-0.4043,0.1661,-0.2952,-0.3919,1200.0
Anomalia,0.0365,0.1806,0.5708,-0.4043,0.1843,0.1313,-0.2948,960.0
Anomalia,0.0411,0.179,0.5708,-0.4043,0.1837,0.1562,-0.24,960.0
Anomalia,0.045,0.1633,0.5708,-0.2833,0.1694,0.3686,-0.0929,960.0
Anomalia,0.0205,0.1553,0.5708,-0.2833,0.1567,0.619,0.5011,960.0
Anomalia,0.0166,0.1333,0.3841,-0.2441,0.1343,0.1877,-0.5271,960.0
Anomalia,0.0171,0.1389,0.3615,-0.3396,0.14,0.0643,-0.5635,960.0
Anomalia,0.0242,0.1436,0.3615,-0.3584,0.1456,-0.1581,-0.3955,960.0
Anomalia,0.0256,0.1371,0.3615,-0.3584,0.1394,-0.1283,-0.1455,960.0
Anomalia,0.0386,0.1372,0.3615,-0.3584,0.1425,-0.1755,-0.1012,960.0
Anomalia,0.0281,0.1436,0.3553,-0.4406,0.1463,-0.3251,0.1844,960.0
Anomalia,0.034,0.1664,0.5101,-0.4406,0.1698,0.0483,-0.103,960.0
Anomalia,0.0426,0.186,0.5101,-0.4406,0.1909,0.0081,-0.5114,3360.0
Anomalia,0.0299,0.207,0.5101,-0.4406,0.2091,0.0671,-0.6789,3360.0
Anomalia,0.0464,0.2015,0.519,-0.3788,0.2068,0.1581,-0.5145,3360.0
Anomalia,0.0181,0.1959,0.519,-0.4087,0.1967,0.1965,-0.268,3360.0
Anomalia,0.0194,0.1856,0.519,-0.4087,0.1866,0.1462,-0.1086,3360.0
Anomalia,0.0263,0.1713,0.519,-0.4087,0.1733,0.023,-0.1825,960.0
Anomalia,0.0119,0.1656,0.3302,-0.4087,0.166,-0.18,-0.6046,960.0
Anomalia,0.0443,0.1451,0.3277,-0.3044,0.1517,-0.2697,-0.478,1200.0
Anomalia,0.0286,0.1411,0.3163,-0.3044,0.1439,-0.2613,-0.5775,2880.0
Anomalia,0.0311,0.1227,0.3163,-0.3044,0.1266,-0.2879,-0.3765,2880.0
Anomalia,0.031,0.1612,0.5783,-0.5791,0.1642,-0.0315,2.1847,2880.0
Anomalia,0.0257,0.2278,0.8409,-0.5791,0.2292,0.7713,2.0643,5040.0
Anomalia,0.0103,0.2819,0.8409,-0.7548,0.282,0.1887,0.5054,5040.0
Anomalia,0.0405,0.3186,0.8409,-0.7548,0.3212,0.1653,-0.3057,3360.0
Anomalia,0.0205,0.3149,0.8409,-0.7548,0.3155,0.2639,-0.2466,3360.0
Anomalia,0.0326,0.2871,0.7566,-0.7548,0.289,-0.0324,-0.2498,3360.0
Anomalia,0.0497,0.2493,0.7566,-0.4679,0.2542,0.2619,-0.1476,3360.0
Anomalia,0.0188,0.2072,0.6208,-0.4679,0.208,0.0909,0.0486,3360.0
Anomalia,0.0427,0.1977,0.6208,-0.4521,0.2023,0.0911,-0.1028,3360.0
Anomalia,0.0254,0.1795,0.4285,-0.4521,0.1813,-0.1568,-0.3517,960.0
Anomalia,0.0311,0.1646,0.4285,-0.3344,0.1675,-0.0737,-0.5952,2880.0
Anomalia,0.0249,0.1688,0.4285,-0.3344,0.1706,-0.2201,-0.7329,2880.0
Anomalia,0.0212,0.1523,0.3417,-0.3304,0.1538,-0.3663,-0.67,2880.0
Anomalia,0.0193,0.1574,0.3417,-0.4552,0.1586,-0.4908,-0.2723,960.0
Anomalia,0.0288,0.1749,0.4231,-0.4552,0.1772,-0.3797,-0.314,5280.0
Anomalia,0.0235,0.1776,0.4231,-0.4552,0.1792,-0.3041,-0.3309,5280.0
Anomalia,0.0407,0.1886,0.5065,-0.4552,0.1929,-0.1681,-0.3387,5280.0
Anomalia,0.0359,0.1898,0.5065,-0.3692,0.1932,-0.0482,-0.583,5280.0
Anomalia,0.0222,0.1615,0.5065,-0.3692,0.163,0.1147,0.0001,5280.0
Anomalia,0.0404,0.1449,0.5065,-0.3692,0.1505,0.0857,0.3348,4080.0
Anomalia,0.0168,0.1231,0.3083,-0.3692,0.1242,-0.1538,-0.1366,3840.0
Anomalia,0.0352,0.1015,0.2505,-0.1969,0.1074,-0.0139,-0.8073,4080.0
Anomalia,0.0396,0.1024,0.2505,-0.1903,0.1098,-0.1268,-0.8003,3840.0
Anomalia,0.0236,0.1004,0.2505,-0.2524,0.1031,-0.0833,-0.499,4320.0
Anomalia,0.0449,0.1107,0.2833,-0.2524,0.1195,-0.1266,-0.5476,960.0
Anomalia,0.0074,0.1386,0.3457,-0.3772,0.1388,-0.2528,0.1073,2880.0
Anomalia,0.0333,0.2196,0.8213,-0.4003,0.2221,0.8892,1.6467,480.0
Anomalia,0.0296,0.2665,0.8213,-0.5157,0.2681,0.5893,0.2485,3120.0
Anomalia,0.0132,0.2811,0.8213,-0.5157,0.2814,0.6273,-0.0037,3120.0
Anomalia,0.0517,0.2825,0.8213,-0.5157,0.2872,0.4305,-0.2903,2880.0
Anomalia,0.0193,0.2517,0.6742,-0.5157,0.2525,0.1429,-0.3386,2880.0
Anomalia,0.033,0.2072,0.5286,-0.4821,0.2099,-0.0976,-0.1198,4080.0
Anomalia,0.0455,0.1928,0.5063,-0.4821,0.1981,-0.0923,0.0435,4080.0
Anomalia,0.0206,0.1927,0.445,-0.4821,0.1938,-0.1813,-0.4265,4080.0
Anomalia,0.0419,0.1824,0.596,-0.2927,0.1871,0.3462,-0.1751,2880.0
Anomalia,0.0354,0.1769,0.596,-0.2927,0.1804,0.4618,0.1538,960.0
Anomalia,0.0141,0.1821,0.596,-0.387,0.1827,0.3189,0.0848,3360.0
Anomalia,0.0354,0.1843,0.596,-0.4348,0.1877,0.0915,0.2632,960.0
Anomalia,0.0185,0.1884,0.4431,-0.4348,0.1894,-0.1699,-0.4558,1200.0
Anomalia,0.0172,0.2132,0.4504,-0.4348,0.2139,-0.1221,-0.6972,3120.0
Anomalia,0.0479,0.2238,0.6972,-0.4348,0.2289,0.0351,-0.3476,5280.0
Anomalia,0.0184,0.222,0.6972,-0.5057,0.2228,0.1633,-0.1662,3120.0
Anomalia,0.036,0.2142,0.6972,-0.5057,0.2173,0.1534,-0.0174,2880.0
Anomalia,0.0386,0.1903,0.6972,-0.5057,0.1942,0.2848,0.5703,2880.0
Anomalia,0.0111,0.1597,0.4045,-0.5057,0.1601,-0.1125,0.2928,2880.0
Anomalia,0.0438,0.1549,0.4871,-0.3213,0.161,0.3598,-0.0999,240.0
Anomalia,0.0239,0.1467,0.4871,-0.3213,0.1487,0.1733,0.1526,4080.0
Anomalia,0.0294,0.1503,0.4871,-0.3213,0.1531,0.103,0.1031,4080.0
Anomalia,0.0415,0.1436,0.4871,-0.3213,0.1495,0.0581,0.3717,4080.0
Anomalia,0.0263,0.1191,0.3373,-0.3181,0.122,-0.2422,0.3229,2880.0
Anomalia,0.0263,0.0997,0.3373,-0.2395,0.1031,-0.0046,0.9311,2880.0
Anomalia,0.036,0.1005,0.2768,-0.2395,0.1068,0.08,-0.0214,240.0
Anomalia,0.0239,0.1046,0.2768,-0.2395,0.1073,0.1421,-0.245,960.0
Anomalia,0.0348,0.1088,0.2768,-0.2395,0.1142,0.1122,-0.3293,960.0
Anomalia,0.033,0.1165,0.2768,-0.204,0.1211,0.1484,-0.8124,960.0
Anomalia,0.0136,0.1072,0.2658,-0.209,0.1081,0.1708,-0.4923,960.0
Anomalia,0.0232,0.1295,0.4187,-0.3747,0.1316,0.1161,0.4049,960.0
Anomalia,0.0161,0.1442,0.4187,-0.3747,0.1451,0.0359,-0.0916,960.0
Anomalia,0.026,0.1593,0.4187,-0.3747,0.1614,-0.0266,-0.423,960.0
Anomalia,0.035,0.1817,0.5042,-0.3747,0.1851,0.0012,-0.4878,960.0
Anomalia,0.033,0.1909,0.5042,-0.3603,0.1938,0.0334,-0.6023,3120.0
Anomalia,0.0344,0.1938,0.5042,-0.4429,0.1968,-0.099,-0.3979,2880.0
Anomalia,0.0267,0.1877,0.5042,-0.4429,0.1896,-0.0953,-0.2069,2880.0
Anomalia,0.0278,0.1922,0.4567,-0.4523,0.1942,-0.2308,-0.2875,2880.0
Anomalia,0.0339,0.1842,0.44,-0.4523,0.1873,-0.3388,-0.2951,5040.0
Anomalia,0.0259,0.1802,0.44,-0.4523,0.1821,-0.1237,-0.5806,5040.0
Anomalia,0.0327,0.1726,0.44,-0.4523,0.1756,-0.0896,-0.3185,5280.0
Anomalia,0.0296,0.1531,0.3292,-0.3332,0.1559,-0.1844,-0.5865,5280.0
Anomalia,0.0234,0.171,0.5612,-0.474,0.1726,-0.0579,0.5062,2880.0
Anomalia,0.0414,0.2179,0.7491,-0.474,0.2218,0.6553,1.204,1920.0
Anomalia,0.0126,0.2667,0.7491,-0.6765,0.267,0.1228,0.3481,1920.0
Anomalia,0.0325,0.296,0.7623,-0.6765,0.2978,0.2368,-0.1228,3360.0
Anomalia,0.0263,0.2953,0.7623,-0.6765,0.2965,0.2384,-0.1118,3360.0
Anomalia,0.0132,0.273,0.7623,-0.6765,0.2733,0.128,0.0355,3360.0
Anomalia,0.0476,0.237,0.7623,-0.5495,0.2418,0.3618,0.196,3360.0
Anomalia,0.0301,0.2108,0.5839,-0.5495,0.2129,0.2306,0.1116,3360.0
Anomalia,0.0303,0.2017,0.5839,-0.4537,0.204,0.4113,0.226,3360.0
Anomalia,0.0455,0.1907,0.5816,-0.4537,0.1961,0.1432,-0.1217,3120.0
Anomalia,0.0187,0.1865,0.5816,-0.3953,0.1874,0.4245,0.0467,2880.0
Anomalia,0.0245,0.1717,0.4738,-0.3953,0.1734,0.0517,-0.0641,2880.0
Anomalia,0.0342,0.15,0.4738,-0.3949,0.1538,-0.0217,0.0002,720.0
Anomalia,0.0094,0.1635,0.5036,-0.5616,0.1637,-0.4637,1.0282,2880.0
Anomalia,0.0458,0.1782,0.508,-0.5616,0.184,-0.1642,0.7528,5040.0
Anomalia,0.0319,0.1953,0.508,-0.5616,0.1979,0.0631,0.1565,3360.0
Anomalia,0.0289,0.209,0.508,-0.5616,0.211,0.0319,-0.1836,3360.0
Anomalia,0.0425,0.1922,0.508,-0.4258,0.1968,0.2619,-0.504,3360.0
Anomalia,0.0149,0.1729,0.4721,-0.4258,0.1736,0.2958,-0.1814,3360.0
Anomalia,0.0195,0.1541,0.4126,-0.4258,0.1553,0.2234,-0.0687,3360.0
Anomalia,0.0311,0.1429,0.4041,-0.2524,0.1462,0.2242,-0.7277,3360.0
Anomalia,0.0252,0.1364,0.3317,-0.2524,0.1387,0.0203,-0.979,3360.0
Anomalia,0.0416,0.1292,0.3317,-0.242,0.1358,0.0376,-0.8797,4080.0
Anomalia,0.045,0.1237,0.2933,-0.242,0.1316,-0.0734,-0.8937,960.0
Anomalia,0.0206,0.1178,0.2933,-0.256,0.1196,0.1176,-0.6099,960.0
Anomalia,0.0352,0.1476,0.6225,-0.3822,0.1517,0.72,1.9401,2880.0
Anomalia,0.0276,0.208,0.7402,-0.4763,0.2098,0.5374,1.2876,4080.0
Anomalia,0.0255,0.2397,0.7402,-0.682,0.241,0.0955,0.5898,2880.0
Anomalia,0.0436,0.2525,0.7402,-0.682,0.2562,-0.1094,0.1175,2880.0
Anomalia,0.0151,0.2378,0.7402,-0.682,0.2383,-0.0618,0.4002,960.0
Anomalia,0.0221,0.197,0.4091,-0.682,0.1983,-0.5733,0.7436,480.0
Anomalia,0.0165,0.2038,0.5282,-0.6042,0.2045,-0.4567,0.4816,960.0
Anomalia,0.0369,0.2504,0.823,-0.6042,0.2531,0.1479,0.5889,5280.0
Anomalia,0.0364,0.2906,0.823,-0.7673,0.2929,-0.0804,-0.1057,5040.0
Anomalia,0.0398,0.3081,0.823,-0.7673,0.3106,-0.0366,-0.4384,5280.0
Anomalia,0.0377,0.286,0.823,-0.7673,0.2885,0.162,-0.1747,5280.0
Anomalia,0.0157,0.2427,0.6463,-0.7673,0.2432,-0.1368,0.1832,3360.0
Anomalia,0.0289,0.2023,0.6463,-0.4823,0.2044,0.0622,0.1631,3360.0
Anomalia,0.022,0.1899,0.4512,-0.4823,0.1912,-0.2613,-0.2649,3360.0
Anomalia,0.0291,0.2027,0.4512,-0.4823,0.2048,-0.4008,-0.156,5280.0
Anomalia,0.0322,0.2033,0.4512,-0.4752,0.2058,-0.2015,-0.3034,5280.0
Anomalia,0.0355,0.2058,0.5088,-0.4752,0.2088,-0.1167,-0.386,5280.0
Anomalia,0.0333,0.1861,0.5088,-0.4688,0.1891,-0.0298,0.0194,5280.0
Anomalia,0.031,0.1643,0.5088,-0.363,0.1672,0.2425,0.1239,5280.0
Anomalia,0.0212,0.1578,0.5088,-0.3538,0.1592,0.2837,0.3968,2880.0
Anomalia,0.0279,0.1633,0.5966,-0.3786,0.1657,0.3476,0.7287,5280.0
Anomalia,0.0229,0.1698,0.5966,-0.3786,0.1714,0.3058,0.6154,4080.0
Anomalia,0.0315,0.1867,0.5966,-0.4385,0.1893,0.2417,0.1824,4080.0
Anomalia,0.0314,0.1805,0.5966,-0.4385,0.1832,0.2258,0.1868,4080.0
Anomalia,0.0219,0.1553,0.4679,-0.4385,0.1568,0.1478,0.2027,3840.0
Anomalia,0.0288,0.146,0.4679,-0.4385,0.1488,0.3054,0.4284,960.0
Anomalia,0.0209,0.1169,0.3993,-0.2706,0.1187,0.2516,-0.1036,960.0
Anomalia,0.0381,0.1159,0.3993,-0.2706,0.122,0.1928,0.1471,960.0
Anomalia,0.038,0.1124,0.3993,-0.2706,0.1187,0.1065,0.4327,960.0
Anomalia,0.037,0.1115,0.3304,-0.2964,0.1175,-0.2777,0.2158,960.0
Anomalia,0.0449,0.1218,0.4112,-0.2964,0.1298,0.1686,0.5632,960.0
Anomalia,0.0151,0.1322,0.4112,-0.3332,0.133,-0.0272,0.5534,960.0
Anomalia,0.0238,0.1854,0.5737,-0.48,0.1869,0.17,0.5088,4320.0
Anomalia,0.0256,0.2196,0.5737,-0.5639,0.2211,0.0625,-0.0313,3120.0
Anomalia,0.0135,0.2445,0.5737,-0.5704,0.2449,-0.0092,-0.3534,3120.0
Anomalia,0.0427,0.2611,0.6173,-0.5704,0.2646,-0.09,-0.5251,2880.0
Anomalia,0.0197,0.2521,0.6173,-0.5704,0.2529,-0.0418,-0.5178,2880.0
Anomalia,0.0279,0.2326,0.6173,-0.5704,0.2343,-0.0521,-0.2945,2880.0
Anomalia,0.0359,0.2031,0.6173,-0.4124,0.2062,0.0773,-0.0618,2880.0
Anomalia,0.0147,0.181,0.4412,-0.4124,0.1816,-0.086,-0.3041,2880.0
Anomalia,0.0491,0.1479,0.4412,-0.369,0.1558,-0.079,-0.1026,2880.0
Anomalia,0.0292,0.1335,0.3334,-0.3183,0.1366,-0.1538,-0.5952,2640.0
Anomalia,0.0296,0.1314,0.3052,-0.3183,0.1347,-0.4064,-0.4191,480.0
Anomalia,0.0496,0.1555,0.6227,-0.5422,0.1632,-0.1679,2.7089,1920.0
Anomalia,0.027,0.1966,0.6227,-0.5422,0.1985,0.2851,1.1675,1920.0
Anomalia,0.0238,0.2416,0.6227,-0.62,0.2428,-0.1238,0.1439,1920.0
Anomalia,0.0312,0.2619,0.6227,-0.62,0.2637,-0.0698,-0.3259,3360.0
Anomalia,0.0109,0.248,0.6035,-0.62,0.2482,0.0002,-0.3359,3360.0
Anomalia,0.033,0.2322,0.547,-0.62,0.2345,-0.1884,0.017,3360.0
Anomalia,0.0414,0.1868,0.547,-0.4542,0.1913,0.2979,0.3528,3360.0
Anomalia,0.0222,0.1662,0.547,-0.3778,0.1677,0.3122,0.5359,3360.0
Anomalia,0.0362,0.1676,0.547,-0.3982,0.1714,0.2968,0.3967,3360.0
Anomalia,0.0226,0.1487,0.3636,-0.3982,0.1504,-0.2519,-0.2909,960.0
Anomalia,0.0284,0.1606,0.3636,-0.3982,0.1631,-0.4426,-0.4378,2880.0
Anomalia,0.0403,0.1624,0.3636,-0.3982,0.1674,-0.4612,-0.6204,720.0
Anomalia,0.0365,0.1522,0.2927,-0.3409,0.1565,-0.4696,-0.6915,1200.0
Anomalia,0.0227,0.1495,0.2927,-0.3409,0.1512,-0.3222,-0.7655,4080.0
Anomalia,0.0403,0.1478,0.4679,-0.3317,0.1532,0.0775,-0.3737,4080.0
Anomalia,0.0312,0.1515,0.4679,-0.3448,0.1547,0.2851,0.1819,4080.0
Anomalia,0.0408,0.1508,0.4679,-0.3448,0.1563,0.4015,0.0446,3360.0
Anomalia,0.0399,0.158,0.4679,-0.3448,0.163,0.2379,-0.1055,3360.0
Anomalia,0.0178,0.1402,0.4481,-0.3448,0.1414,0.1941,0.3153,3360.0
Anomalia,0.0307,0.1335,0.3277,-0.2992,0.137,-0.0311,-0.2512,3360.0
Anomalia,0.0173,0.1636,0.5015,-0.4558,0.1645,-0.0006,0.3379,3360.0
Anomalia,0.0375,0.1788,0.5015,-0.4558,0.1827,0.1406,0.1942,3360.0
Anomalia,0.0386,0.1966,0.5015,-0.4558,0.2004,0.1442,-0.3843,3360.0
Anomalia,0.033,0.1935,0.5015,-0.4558,0.1963,0.2665,-0.2231,3360.0
Anomalia,0.0291,0.1823,0.4913,-0.3357,0.1846,0.2871,-0.4196,3360.0
Anomalia,0.0146,0.1701,0.4095,-0.3215,0.1707,0.1942,-0.5517,3360.0
Anomalia,0.0276,0.1783,0.4256,-0.416,0.1804,-0.0135,-0.5092,3360.0
Anomalia,0.0363,0.1769,0.4256,-0.416,0.1806,-0.1331,-0.4572,4080.0
Anomalia,0.0374,0.1651,0.4256,-0.416,0.1693,-0.0863,-0.1828,4080.0
Anomalia,0.0526,0.1538,0.4256,-0.416,0.1625,-0.2288,0.2895,4080.0
Anomalia,0.0276,0.1265,0.3411,-0.309,0.1295,-0.0459,-0.1416,960.0
Anomalia,0.0249,0.183,0.9175,-0.4239,0.1847,1.4298,5.0548,2880.0
Anomalia,0.0477,0.2403,0.9175,-0.4239,0.245,1.1716,1.9309,5040.0
Anomalia,0.0031,0.292,0.9175,-0.7487,0.292,0.6055,0.9642,5040.0
Anomalia,0.0417,0.3235,0.9175,-0.7487,0.3261,0.2753,-0.1944,5280.0
Anomalia,0.0227,0.3003,0.8597,-0.7487,0.3011,0.1848,-0.105,3360.0
Anomalia,0.0163,0.2715,0.6096,-0.7487,0.272,-0.0994,-0.0854,3360.0
Anomalia,0.0537,0.219,0.556,-0.4654,0.2255,0.2474,-0.3697,3360.0
Anomalia,0.0269,0.1948,0.5167,-0.4124,0.1966,0.1738,-0.2321,1200.0
Anomalia,0.0321,0.2021,0.5167,-0.4124,0.2046,0.2813,-0.2236,1200.0
Anomalia,0.0359,0.1962,0.514,-0.4124,0.1995,0.2251,-0.1641,960.0
Anomalia,0.0219,0.2094,0.514,-0.4124,0.2105,0.1606,-0.4593,1200.0
Anomalia,0.0293,0.203,0.514,-0.3811,0.2051,0.146,-0.4262,1200.0
Anomalia,0.0354,0.1982,0.5119,-0.4193,0.2013,-0.1289,-0.4936,960.0
Anomalia,0.0143,0.1981,0.4114,-0.4448,0.1986,-0.3125,-0.7,960.0
Anomalia,0.0425,0.1958,0.4195,-0.4448,0.2004,-0.3826,-0.4508,1200.0
Anomalia,0.0383,0.1975,0.4195,-0.4448,0.2012,-0.3476,-0.543,720.0
Anomalia,0.0401,0.1839,0.4195,-0.4448,0.1882,-0.3048,-0.286,5280.0
Anomalia,0.0494,0.1618,0.4195,-0.3795,0.1692,-0.2154,-0.1622,960.0
Anomalia,0.0148,0.1534,0.3991,-0.3795,0.1541,0.0635,-0.2783,960.0
Anomalia,0.0132,0.1341,0.3937,-0.3236,0.1347,0.0832,-0.4959,960.0
Anomalia,0.0213,0.1423,0.3937,-0.3236,0.1439,0.0147,-0.5555,960.0
Anomalia,0.0166,0.1396,0.3937,-0.3236,0.1406,0.1859,-0.3782,960.0
Anomalia,0.046,0.116,0.3256,-0.2666,0.1248,-0.2346,-0.197,960.0
Anomalia,0.0424,0.1112,0.3256,-0.2666,0.119,-0.1667,-0.0496,960.0
Anomalia,0.0315,0.1032,0.3847,-0.2105,0.1079,0.272,0.3167,960.0
Anomalia,0.0395,0.1149,0.3982,-0.4149,0.1214,-0.3332,2.3253,960.0
Anomalia,0.0161,0.1976,0.529,-0.5272,0.1982,-0.2076,0.8064,2880.0
Anomalia,0.0466,0.2363,0.529,-0.5925,0.2408,-0.4569,0.1827,2880.0
Anomalia,0.0369,0.2652,0.529,-0.5925,0.2678,-0.419,-0.4025,3120.0
Anomalia,0.0341,0.2785,0.529,-0.5925,0.2806,-0.3715,-0.6751,2880.0
Anomalia,0.0472,0.2456,0.4996,-0.5925,0.2501,-0.4833,-0.2096,2880.0
Anomalia,0.0066,0.2145,0.4996,-0.558,0.2146,-0.1609,-0.1202,2880.0
Anomalia,0.0269,0.1943,0.4133,-0.504,0.1961,-0.3328,-0.0926,2880.0
Anomalia,0.0219,0.1851,0.4058,-0.484,0.1864,-0.1036,-0.5071,2880.0
Anomalia,0.0155,0.1691,0.3747,-0.484,0.1698,-0.2558,-0.0996,2880.0
Anomalia,0.039,0.1646,0.3747,-0.484,0.1691,-0.4228,0.115,2880.0
Anomalia,0.0295,0.1661,0.3688,-0.5055,0.1688,-0.5504,0.2646,3840.0
Anomalia,0.0318,0.1697,0.5468,-0.5797,0.1727,-0.8508,2.0544,4080.0
Anomalia,0.0481,0.2064,0.5787,-0.5797,0.2119,-0.3189,0.8139,4080.0
Anomalia,0.0197,0.2272,0.5787,-0.5866,0.228,-0.3059,0.2728,5280.0
Anomalia,0.0286,0.2124,0.5787,-0.5866,0.2143,-0.2776,0.7795,5280.0
Anomalia,0.0292,0.1989,0.5787,-0.5866,0.2011,-0.1066,0.6517,5280.0
Anomalia,0.0195,0.163,0.4262,-0.5866,0.1641,-0.4627,1.3238,1680.0
Anomalia,0.046,0.1288,0.4262,-0.2904,0.1367,0.4907,0.3055,2880.0
Anomalia,0.0242,0.1419,0.4262,-0.2989,0.144,0.3896,0.1193,2880.0
Anomalia,0.0306,0.1477,0.4072,-0.2989,0.1509,0.2654,-0.2619,480.0
Anomalia,0.0314,0.1381,0.3947,-0.2989,0.1417,-0.0043,-0.4921,960.0
Anomalia,0.0262,0.1405,0.3947,-0.2989,0.1429,0.007,-0.5759,960.0
Anomalia,0.0345,0.1333,0.3947,-0.2848,0.1377,-0.0765,-0.4145,720.0
Anomalia,0.03,0.1161,0.2668,-0.2848,0.1199,-0.4322,-0.3987,3840.0
Anomalia,0.0234,0.1096,0.2668,-0.2848,0.1121,-0.2835,-0.449,4080.0
Anomalia,0.0258,0.0981,0.209,-0.2848,0.1014,-0.5019,-0.0731,4080.0
Anomalia,0.0422,0.0911,0.2902,-0.1627,0.1004,-0.1306,-0.4122,4320.0
Anomalia,0.0341,0.0871,0.2902,-0.1479,0.0936,0.0519,-0.4106,960.0
Anomalia,0.0334,0.0848,0.2902,-0.15,0.0911,0.1364,-0.2909,4080.0
Anomalia,0.029,0.1,0.2902,-0.252,0.1042,0.0251,0.0137,960.0
Anomalia,0.0177,0.12,0.3321,-0.252,0.1213,0.1529,-0.0553,5040.0
Anomalia,0.0376,0.1835,0.7752,-0.5232,0.1873,0.7191,2.3036,3120.0
Anomalia,0.031,0.2115,0.7752,-0.5232,0.2138,0.4299,0.6848,3120.0
Anomalia,0.0409,0.2123,0.7752,-0.5232,0.2162,0.3548,0.5746,2880.0
Anomalia,0.0379,0.2108,0.7752,-0.5232,0.2141,0.2682,0.8826,3840.0
Anomalia,0.0161,0.1781,0.3884,-0.4235,0.1788,-0.232,-0.4173,4320.0
Anomalia,0.033,0.1542,0.3138,-0.4235,0.1577,-0.429,-0.0839,4080.0
Anomalia,0.016,0.1659,0.5017,-0.4235,0.1667,-0.0249,-0.0907,4080.0
Anomalia,0.0248,0.1591,0.5017,-0.3592,0.161,-0.0094,-0.1686,4080.0
Anomalia,0.038,0.154,0.5017,-0.3592,0.1586,-0.1491,0.1177,3360.0
Anomalia,0.033,0.1592,0.5017,-0.3592,0.1626,0.0051,0.07,3360.0
Anomalia,0.0332,0.1677,0.3709,-0.5074,0.1709,-0.5934,0.4232,3360.0
Anomalia,0.0308,0.2115,0.7308,-0.6354,0.2138,-0.1842,1.3565,3360.0
Anomalia,0.0242,0.2807,0.7965,-0.7231,0.2817,-0.0093,0.5372,1920.0
Anomalia,0.0293,0.3151,0.7965,-0.7231,0.3165,-0.0444,-0.1953,3360.0
Anomalia,0.0317,0.3249,0.7965,-0.7231,0.3265,-0.0199,-0.4129,3360.0
Anomalia,0.0296,0.3143,0.7965,-0.7231,0.3157,-0.0122,-0.5258,3360.0
Anomalia,0.0338,0.2599,0.5977,-0.6617,0.2621,-0.0364,-0.5214,3360.0
Anomalia,0.02,0.2226,0.5259,-0.4806,0.2235,0.0319,-0.6145,3360.0
Anomalia,0.034,0.2141,0.5411,-0.4688,0.2168,-0.0097,-0.6789,3360.0
Anomalia,0.0225,0.2034,0.5411,-0.4454,0.2046,0.0071,-0.5048,3360.0
Anomalia,0.0238,0.1899,0.5411,-0.4454,0.1914,-0.0772,-0.2383,3360.0
Anomalia,0.0404,0.1795,0.5411,-0.4454,0.1839,-0.1562,0.081,2640.0
Anomalia,0.0195,0.1598,0.3584,-0.4454,0.161,-0.0763,-0.145,2880.0
Anomalia,0.0339,0.142,0.3478,-0.3342,0.146,-0.1369,-0.3461,2880.0
Anomalia,0.0146,0.1846,0.6388,-0.6811,0.1852,-0.2414,1.9148,2880.0
Anomalia,0.0222,0.2102,0.6388,-0.6811,0.2114,-0.0152,0.867,4080.0
Anomalia,0.0305,0.2179,0.6388,-0.6811,0.22,-0.1885,0.6005,4080.0
Anomalia,0.0374,0.2301,0.6388,-0.6811,0.2331,-0.1104,0.1743,3360.0
Anomalia,0.0462,0.1959,0.533,-0.4402,0.2013,0.0716,-0.3204,3360.0
Anomalia,0.0269,0.1783,0.4848,-0.4218,0.1803,0.1109,-0.3924,3360.0
Anomalia,0.0303,0.1511,0.4848,-0.3179,0.1541,0.3764,0.2224,3360.0
Anomalia,0.014,0.1321,0.4151,-0.2752,0.1328,0.2916,-0.1592,3360.0
Anomalia,0.0305,0.1331,0.4151,-0.2752,0.1366,0.3045,-0.1668,960.0
Anomalia,0.0251,0.1226,0.3234,-0.2405,0.1252,0.1537,-0.4742,960.0
Anomalia,0.0249,0.1261,0.3234,-0.2405,0.1285,0.1625,-0.6262,960.0
Anomalia,0.0309,0.1428,0.3234,-0.4072,0.1461,-0.1561,-0.1867,960.0
Anomalia,0.0194,0.1829,0.6363,-0.4946,0.1839,-0.0436,0.8463,5040.0
Anomalia,0.0245,0.2009,0.6363,-0.4946,0.2024,-0.0047,0.6563,5040.0
Anomalia,0.0353,0.214,0.6363,-0.4946,0.2169,-0.0297,0.1216,5040.0
Anomalia,0.0243,0.2158,0.6363,-0.4946,0.2172,0.1153,0.0457,3120.0
Anomalia,0.039,0.1849,0.5772,-0.4489,0.1889,0.0376,-0.1296,3120.0
Anomalia,0.0289,0.1885,0.6056,-0.3551,0.1908,0.2288,-0.248,2880.0
Anomalia,0.0173,0.2188,0.6056,-0.6033,0.2195,0.0728,-0.1845,2880.0
Anomalia,0.0348,0.2584,0.7477,-0.6478,0.2608,0.057,0.0058,5280.0
Anomalia,0.011,0.2965,0.7477,-0.6555,0.2967,0.0954,-0.5611,5280.0
Anomalia,0.038,0.2986,0.7477,-0.6555,0.301,-0.14,-0.6581,5280.0
Anomalia,0.0381,0.2771,0.7477,-0.6555,0.2797,-0.1567,-0.3363,3360.0
Anomalia,0.0281,0.2361,0.5284,-0.6555,0.2378,-0.312,-0.3308,3360.0
Anomalia,0.0391,0.2028,0.5105,-0.4081,0.2065,-0.2261,-0.5832,3360.0
Anomalia,0.0117,0.2133,0.4644,-0.7235,0.2137,-0.4152,0.1385,5280.0
Anomalia,0.0158,0.2337,0.5416,-0.7235,0.2342,-0.0828,-0.193,5280.0
Anomalia,0.027,0.24,0.615,-0.7235,0.2416,0.0179,-0.063,5280.0
Anomalia,0.0205,0.2347,0.615,-0.7235,0.2356,0.1329,0.0838,5280.0
Anomalia,0.0479,0.2044,0.615,-0.3309,0.2099,0.3611,-0.2204,2880.0
Anomalia,0.0361,0.1682,0.615,-0.3104,0.172,0.5415,0.578,2880.0
Anomalia,0.0237,0.1616,0.4368,-0.4385,0.1633,0.0012,-0.0384,960.0
Anomalia,0.0277,0.1715,0.4877,-0.4385,0.1737,-0.0524,0.1707,3840.0
Anomalia,0.0187,0.1667,0.4877,-0.4385,0.1677,0.0503,0.6119,5280.0
Anomalia,0.0287,0.1748,0.4877,-0.4385,0.1771,-0.1008,0.2124,5280.0
Anomalia,0.0388,0.1563,0.4877,-0.4158,0.1611,-0.0298,0.7616,4080.0
Anomalia,0.0278,0.1272,0.4512,-0.309,0.1302,-0.069,0.3112,4080.0
Anomalia,0.0325,0.1224,0.2798,-0.309,0.1266,-0.3267,-0.3043,4080.0
Anomalia,0.0283,0.1058,0.2591,-0.2501,0.1095,-0.1802,-0.3718,4080.0
Anomalia,0.0219,0.1019,0.2591,-0.2501,0.1042,-0.0757,-0.1546,4320.0
Anomalia,0.0376,0.0979,0.2685,-0.1596,0.1049,0.3153,-0.3777,960.0
Anomalia,0.0168,0.1046,0.29,-0.238,0.106,0.2494,-0.0268,960.0
Anomalia,0.0204,0.1152,0.29,-0.2706,0.117,-0.0093,-0.2562,960.0
Anomalia,0.0182,0.1534,0.4377,-0.561,0.1545,-0.4061,1.2744,960.0
Anomalia,0.0099,0.2405,0.7975,-0.692,0.2407,0.0266,1.5334,4080.0
Anomalia,0.0432,0.2541,0.7975,-0.692,0.2577,-0.165,0.9578,3120.0
Anomalia,0.0357,0.2745,0.7975,-0.692,0.2768,-0.0733,0.1612,2880.0
Anomalia,0.0395,0.269,0.7975,-0.692,0.2718,0.045,0.1771,2880.0
Anomalia,0.0469,0.2013,0.5422,-0.4158,0.2067,0.1549,-0.6058,2880.0
Anomalia,0.0103,0.1837,0.493,-0.4158,0.184,0.358,-0.332,4080.0
Anomalia,0.0267,0.1535,0.4562,-0.314,0.1558,0.3207,-0.414,4080.0
Anomalia,0.0215,0.1371,0.3275,-0.314,0.1388,-0.0635,-0.8464,1200.0
Anomalia,0.0174,0.1285,0.3778,-0.2437,0.1297,0.3488,-0.4052,960.0
Anomalia,0.0434,0.1173,0.3778,-0.2314,0.1251,0.1151,-0.3355,960.0
Anomalia,0.0162,0.1323,0.3778,-0.349,0.1333,0.0002,-0.1776,1200.0
Anomalia,0.0206,0.1716,0.6313,-0.4944,0.1729,0.5044,1.6746,2880.0
Anomalia,0.0316,0.2141,0.6313,-0.7975,0.2164,-0.1168,2.0519,1920.0
Anomalia,0.0169,0.2451,0.6313,-0.7975,0.2457,-0.1901,0.8272,3120.0
Anomalia,0.0415,0.2559,0.6313,-0.7975,0.2593,-0.3038,0.5292,3360.0
Anomalia,0.0478,0.2428,0.5749,-0.7975,0.2474,-0.484,0.7539,3360.0
Anomalia,0.0244,0.211,0.4863,-0.6621,0.2124,-0.2069,0.0787,3360.0
Anomalia,0.0317,0.1893,0.4863,-0.3521,0.1919,0.172,-0.4699,3360.0
Anomalia,0.0097,0.1825,0.427,-0.4446,0.1828,0.0252,-0.4607,3360.0
Anomalia,0.0146,0.1755,0.3797,-0.4446,0.1761,-0.177,-0.5796,2640.0
Anomalia,0.0335,0.1688,0.3797,-0.4446,0.1721,-0.2978,-0.2805,2640.0
Anomalia,0.0376,0.1778,0.3797,-0.4446,0.1818,-0.4644,-0.2119,2640.0
Anomalia,0.0429,0.1559,0.3797,-0.4439,0.1617,-0.405,0.2461,1200.0
Anomalia,0.0335,0.1453,0.3592,-0.4439,0.1491,-0.4559,0.5528,1200.0
Anomalia,0.0185,0.1609,0.3759,-0.4439,0.162,-0.1893,-0.1295,2880.0
Anomalia,0.0104,0.1443,0.3759,-0.333,0.1446,0.1593,-0.294,5280.0
Anomalia,0.0314,0.1649,0.5115,-0.344,0.1678,0.2685,-0.0657,3360.0
Anomalia,0.0199,0.1666,0.5115,-0.344,0.1678,0.3608,-0.0946,3360.0
Anomalia,0.033,0.1547,0.5115,-0.344,0.1581,0.18,0.1812,3360.0
Anomalia,0.031,0.1529,0.5115,-0.344,0.156,0.1634,0.2044,3360.0
Anomalia,0.0122,0.1419,0.3225,-0.3724,0.1425,-0.1147,-0.5477,960.0
Anomalia,0.0427,0.1545,0.3849,-0.3724,0.1603,-0.14,-0.4866,960.0
Anomalia,0.0268,0.1682,0.3849,-0.3928,0.1703,-0.2037,-0.4048,960.0
Anomalia,0.045,0.1674,0.3849,-0.3928,0.1734,-0.398,-0.2016,3360.0
Anomalia,0.0419,0.1575,0.3849,-0.3928,0.1629,-0.2839,-0.1758,3360.0
Anomalia,0.0147,0.1491,0.3244,-0.3928,0.1498,-0.2034,-0.3421,3360.0
Anomalia,0.0346,0.1523,0.4183,-0.3323,0.1562,0.177,-0.7683,3360.0
Anomalia,-0.001,0.1706,0.4183,-0.4241,0.1706,0.0592,-0.4603,4560.0
Anomalia,0.027,0.1804,0.4183,-0.4241,0.1824,-0.1287,-0.6187,2880.0
Anomalia,0.0271,0.1781,0.4183,-0.4241,0.1802,-0.1532,-0.5377,2880.0
Anomalia,0.0269,0.1587,0.3816,-0.4241,0.161,-0.4228,-0.0899,3360.0
Anomalia,0.0408,0.1373,0.3816,-0.3192,0.1433,-0.1252,-0.4752,1440.0
Anomalia,0.0076,0.194,0.635,-0.6882,0.1942,-0.3731,1.5476,2880.0
Anomalia,0.0189,0.2648,0.7516,-0.9248,0.2655,-0.2927,1.2574,5040.0
Anomalia,0.0224,0.3059,0.7516,-0.9248,0.3068,-0.2526,0.0997,3360.0
Anomalia,0.0287,0.3296,0.7516,-0.9248,0.3309,-0.18,-0.3451,3360.0
Anomalia,0.0529,0.3092,0.7516,-0.9248,0.3137,-0.2369,-0.0336,3360.0
Anomalia,0.0485,0.2545,0.7047,-0.7181,0.2591,-0.0574,-0.0316,3360.0
Anomalia,0.0283,0.2219,0.7047,-0.5324,0.2237,0.1534,0.2317,3360.0
Anomalia,0.0255,0.2012,0.5537,-0.5324,0.2028,-0.0456,-0.2591,3360.0
Anomalia,0.0159,0.1848,0.4151,-0.5324,0.1854,-0.1545,-0.2348,2880.0
Anomalia,0.0176,0.1864,0.4151,-0.5324,0.1873,-0.1924,-0.3123,2880.0
Anomalia,0.0383,0.1751,0.4151,-0.3371,0.1793,0.0803,-0.7502,2880.0
Anomalia,0.0263,0.145,0.4151,-0.2714,0.1473,0.5093,-0.0934,2880.0
Anomalia,0.0332,0.1322,0.3839,-0.2568,0.1363,0.2965,-0.1819,2880.0
Anomalia,0.0152,0.168,0.4051,-0.4683,0.1687,-0.2505,0.41,5040.0
Anomalia,0.0116,0.1893,0.4692,-0.4683,0.1897,-0.1618,0.0777,5040.0
Anomalia,0.0324,0.2032,0.4692,-0.4683,0.2058,-0.3371,-0.2246,5280.0
Anomalia,0.0271,0.2139,0.4692,-0.4683,0.2156,-0.2055,-0.5959,5280.0
Anomalia,0.0379,0.1796,0.4692,-0.4606,0.1835,-0.0844,-0.2302,5280.0
Anomalia,0.028,0.1563,0.4095,-0.378,0.1588,-0.0394,-0.4148,4080.0
Anomalia,0.0248,0.1427,0.3171,-0.3046,0.1448,0.0094,-0.6617,960.0
Anomalia,0.0223,0.1236,0.3042,-0.3046,0.1256,0.0425,-0.4093,960.0
Anomalia,0.0384,0.1231,0.3042,-0.3046,0.1289,-0.0112,-0.3585,960.0
Anomalia,0.0297,0.1053,0.2889,-0.1706,0.1094,0.4638,-0.4817,1440.0
Anomalia,0.0343,0.1056,0.2889,-0.1686,0.111,0.4267,-0.8039,960.0
Anomalia,0.0282,0.1147,0.3002,-0.2992,0.1181,0.1606,-0.4879,4080.0
Anomalia,0.0251,0.1769,0.6853,-0.5626,0.1787,0.859,2.9658,4080.0
Anomalia,0.029,0.2552,0.7304,-0.8445,0.2568,-0.1049,1.4867,4080.0
Anomalia,0.0171,0.2776,0.7304,-0.8445,0.2781,-0.0749,0.608,2880.0
Anomalia,0.0292,0.2853,0.7304,-0.8445,0.2868,-0.1474,0.3368,2880.0
Anomalia,0.0179,0.2607,0.7304,-0.8445,0.2614,-0.3924,0.6965,2880.0
Anomalia,0.0229,0.198,0.4423,-0.5286,0.1993,-0.2901,-0.0409,2880.0
Anomalia,0.0345,0.1692,0.4302,-0.4333,0.1727,-0.1283,-0.2797,2880.0
Anomalia,0.0234,0.1726,0.3607,-0.4333,0.1742,-0.3395,-0.4149,960.0
Anomalia,0.0318,0.1728,0.4316,-0.3855,0.1757,-0.078,-0.5188,960.0
Anomalia,0.0327,0.158,0.4316,-0.3855,0.1614,-0.1141,-0.0946,4080.0
Anomalia,0.0219,0.1519,0.4316,-0.3855,0.1534,-0.0998,0.084,4080.0
Anomalia,0.0208,0.1425,0.4444,-0.2779,0.144,0.5085,0.3308,480.0
Anomalia,0.0119,0.1802,0.75,-0.5259,0.1805,0.6897,3.0036,2880.0
Anomalia,0.0124,0.2282,0.75,-0.7646,0.2285,0.188,1.5434,2640.0
Anomalia,0.0306,0.2456,0.75,-0.7646,0.2475,0.0506,0.6433,3120.0
Anomalia,0.0418,0.2479,0.75,-0.7646,0.2514,-0.0759,0.5513,5280.0
Anomalia,0.0479,0.2265,0.5268,-0.7646,0.2315,-0.2149,0.398,3360.0
Anomalia,0.0421,0.1908,0.464,-0.3893,0.1953,0.3078,-0.7732,3360.0
Anomalia,0.0207,0.1736,0.4435,-0.2664,0.1748,0.5042,-0.4827,1200.0
Anomalia,0.0064,0.1735,0.4291,-0.4089,0.1736,0.3893,-0.3558,1200.0
Anomalia,0.013,0.1716,0.542,-0.4089,0.1721,0.2985,-0.0386,960.0
Anomalia,0.0273,0.1647,0.542,-0.4089,0.167,0.0864,0.0756,1200.0
Anomalia,0.0358,0.1596,0.542,-0.4089,0.1636,0.0747,0.2869,960.0
Anomalia,0.0472,0.1452,0.542,-0.3037,0.1526,0.3014,0.1829,960.0
Anomalia,0.0285,0.1211,0.3238,-0.2604,0.1244,0.0713,-0.5112,960.0
Anomalia,0.0267,0.1248,0.3357,-0.2604,0.1277,0.0389,-0.6548,960.0
Anomalia,0.0252,0.1216,0.3357,-0.2604,0.1242,0.0541,-0.5055,960.0
Anomalia,0.0275,0.1185,0.3357,-0.2364,0.1216,-0.0028,-0.5491,960.0
Anomalia,0.0389,0.1251,0.344,-0.2485,0.131,0.0098,-0.5646,960.0
Anomalia,0.018,0.1181,0.344,-0.2485,0.1194,0.087,-0.5317,960.0
Anomalia,0.0164,0.1319,0.3699,-0.3098,0.1329,0.0304,-0.4595,960.0
Anomalia,0.0156,0.1515,0.5313,-0.3098,0.1523,0.7743,0.871,960.0
Anomalia,0.0136,0.1635,0.5313,-0.3104,0.1641,0.5354,0.2861,2640.0
Anomalia,0.0373,0.1777,0.5313,-0.3104,0.1815,0.2546,-0.3956,4320.0
Anomalia,0.0375,0.1707,0.5313,-0.3104,0.1748,0.3097,-0.2201,4320.0
Anomalia,0.037,0.1571,0.3659,-0.3104,0.1614,-0.2256,-0.637,3360.0
Anomalia,0.0378,0.1445,0.3659,-0.3617,0.1494,-0.2446,-0.125,2880.0
Anomalia,0.0146,0.1729,0.4602,-0.5295,0.1736,-0.532,0.8418,4800.0
Anomalia,0.0236,0.1871,0.4617,-0.5295,0.1886,-0.4133,0.3551,5040.0
Anomalia,0.0144,0.1876,0.4617,-0.5295,0.1882,-0.2392,0.2653,5040.0
Anomalia,0.0249,0.185,0.4617,-0.5295,0.1867,-0.3083,0.3077,5280.0
Anomalia,0.05,0.1523,0.4617,-0.2987,0.1603,0.051,-0.5897,5280.0
Anomalia,0.0381,0.1822,0.6644,-0.5514,0.1862,0.3242,1.8854,720.0
Anomalia,0.0337,0.2364,0.8011,-0.6949,0.2388,0.0912,1.3329,2880.0
Anomalia,0.0176,0.2979,0.8011,-0.7813,0.2985,-0.0484,0.2213,3360.0
Anomalia,0.0122,0.3231,0.8011,-0.8543,0.3234,-0.1694,-0.0487,3360.0
Anomalia,0.0176,0.3109,0.8011,-0.8543,0.3113,-0.3104,0.0261,3360.0
Anomalia,0.0297,0.2791,0.624,-0.8543,0.2807,-0.5458,0.4642,3360.0
Anomalia,0.0295,0.2193,0.5032,-0.8543,0.2212,-0.5838,1.0292,3360.0
Anomalia,0.0262,0.1805,0.4239,-0.3198,0.1824,-0.0357,-1.0399,3360.0
Anomalia,0.0149,0.1902,0.3486,-0.5679,0.1907,-0.2928,-0.5552,3360.0
Anomalia,0.0304,0.1895,0.4521,-0.5679,0.1919,-0.3694,-0.1859,960.0
Anomalia,0.0309,0.1969,0.4521,-0.5679,0.1993,-0.2281,-0.2569,960.0
Anomalia,0.0405,0.1977,0.4521,-0.5679,0.2018,-0.3062,-0.1755,480.0
Anomalia,0.0456,0.1687,0.4521,-0.3419,0.1747,0.0268,-0.2459,5280.0
Anomalia,0.0274,0.1535,0.4341,-0.3098,0.1559,0.0801,-0.0848,3840.0
Anomalia,0.0189,0.1586,0.3728,-0.4953,0.1597,-0.3461,-0.0262,960.0
Anomalia,0.0172,0.1636,0.5078,-0.4953,0.1645,0.0254,0.2315,5280.0
Anomalia,0.0265,0.1675,0.5078,-0.4953,0.1695,-0.0538,0.0271,5040.0
Anomalia,0.0267,0.166,0.5078,-0.4953,0.1681,0.0315,0.0241,3360.0
Anomalia,0.0456,0.1349,0.5078,-0.2795,0.1424,0.49,0.2613,3360.0
Anomalia,0.0225,0.1135,0.3025,-0.2407,0.1157,0.2777,-0.4362,3360.0
Anomalia,0.0208,0.0985,0.3025,-0.1921,0.1007,0.325,-0.1496,480.0
Anomalia,0.0268,0.1063,0.3025,-0.2024,0.1097,0.1662,-0.4094,960.0
Anomalia,0.0172,0.1032,0.281,-0.2243,0.1046,-0.0365,-0.4445,960.0
Anomalia,0.0399,0.1026,0.281,-0.2243,0.1101,-0.1425,-0.3137,960.0
Anomalia,0.0327,0.1183,0.2971,-0.2243,0.1227,-0.0502,-0.6691,960.0
Anomalia,0.0308,0.1273,0.4602,-0.3957,0.1309,-0.2253,0.8345,960.0
Anomalia,0.0491,0.1996,0.6275,-0.5487,0.2055,0.114,0.8667,4080.0
Anomalia,0.0182,0.2459,0.6275,-0.5777,0.2466,0.0458,-0.0861,960.0
Anomalia,0.0415,0.2643,0.6275,-0.5777,0.2676,-0.1254,-0.4916,2880.0
Anomalia,0.0242,0.2716,0.6275,-0.5777,0.2727,0.0205,-0.6604,2880.0
Anomalia,0.0144,0.2285,0.5134,-0.5777,0.2289,-0.131,-0.293,2880.0
Anomalia,0.0329,0.2015,0.5063,-0.4911,0.2042,-0.0618,-0.1333,2880.0
Anomalia,0.0116,0.2123,0.5729,-0.616,0.2126,-0.0467,0.1518,5280.0
Anomalia,0.0201,0.2472,0.5729,-0.7318,0.2481,-0.3447,0.0945,5280.0
Anomalia,0.0345,0.286,0.6511,-0.7318,0.288,-0.1998,-0.5618,5280.0
Anomalia,0.0317,0.2828,0.6511,-0.7318,0.2846,-0.1535,-0.5994,5280.0
Anomalia,0.0424,0.2656,0.6511,-0.7318,0.269,-0.2232,-0.4375,3360.0
Anomalia,0.0428,0.2318,0.6511,-0.5238,0.2357,0.0006,-0.5089,3360.0
Anomalia,0.0134,0.1928,0.4033,-0.469,0.1933,-0.1524,-0.6494,3360.0
Anomalia,0.02,0.2028,0.4867,-0.5165,0.2038,-0.2723,-0.416,3360.0
Anomalia,0.0164,0.1965,0.4867,-0.5165,0.1972,-0.2248,-0.2817,5280.0
Anomalia,0.0299,0.1896,0.4867,-0.5165,0.192,-0.2081,-0.3225,5280.0
Anomalia,0.0459,0.1886,0.4867,-0.5165,0.1941,-0.2191,-0.358,5280.0
Anomalia,0.0387,0.1618,0.4062,-0.334,0.1664,-0.1039,-0.5199,5280.0
Anomalia,0.0382,0.1517,0.387,-0.334,0.1565,-0.229,-0.3103,4080.0
Anomalia,0.0248,0.1763,0.387,-0.4813,0.1781,-0.4695,0.0582,5280.0
Anomalia,0.019,0.1734,0.4444,-0.4813,0.1745,-0.3323,0.3396,3840.0
Anomalia,0.0313,0.1773,0.4444,-0.4813,0.18,-0.3546,0.1674,5280.0
Anomalia,0.0237,0.1784,0.4444,-0.4813,0.1799,-0.2518,0.0519,4080.0
Anomalia,0.0265,0.1396,0.4444,-0.306,0.1421,0.3116,0.0874,4080.0
Anomalia,0.03,0.1234,0.3553,-0.2622,0.127,-0.0234,-0.4301,4080.0
Anomalia,0.0191,0.1128,0.2902,-0.2574,0.1144,-0.1336,-0.4218,4080.0
Anomalia,0.0333,0.1078,0.2814,-0.2324,0.1128,0.0173,-0.3416,960.0
Anomalia,0.0398,0.1138,0.2814,-0.2324,0.1206,-0.1575,-0.4071,960.0
Anomalia,0.0327,0.1088,0.2814,-0.2324,0.1137,-0.0045,-0.3885,960.0
Anomalia,0.0467,0.1173,0.4199,-0.2253,0.1262,0.3378,0.1395,960.0
Anomalia,0.0146,0.1429,0.4517,-0.432,0.1436,0.1613,0.7045,4320.0
Anomalia,0.0197,0.1717,0.5188,-0.432,0.1728,0.3153,0.369,4080.0
Anomalia,0.0265,0.2099,0.5188,-0.4377,0.2115,0.1366,-0.5162,3120.0
Anomalia,0.0145,0.2034,0.5188,-0.4377,0.2039,0.2149,-0.3516,3120.0
Anomalia,0.0525,0.1991,0.5188,-0.4377,0.2059,0.0841,-0.3582,3120.0
Anomalia,0.0268,0.1976,0.4998,-0.4456,0.1994,0.075,-0.2463,2880.0
Anomalia,0.0327,0.1712,0.4581,-0.4456,0.1743,-0.0063,0.2144,2880.0
Anomalia,0.0321,0.1787,0.4581,-0.4456,0.1816,-0.1027,-0.068,4080.0
Anomalia,0.0074,0.1765,0.4373,-0.4456,0.1767,-0.0455,-0.4195,2880.0
Anomalia,0.0372,0.1667,0.4373,-0.3822,0.1708,0.0786,-0.5899,2880.0
Anomalia,0.0284,0.1569,0.4373,-0.2916,0.1594,0.3117,-0.5396,2880.0
Anomalia,0.0326,0.1592,0.4373,-0.3037,0.1625,0.5101,-0.3725,2880.0
Anomalia,0.048,0.1918,0.8059,-0.4099,0.1977,1.0779,2.3113,3120.0
Anomalia,0.0311,0.2502,1.0114,-0.4986,0.2521,1.1707,2.5381,2880.0
Anomalia,0.0141,0.2853,1.0114,-0.6104,0.2857,0.7086,1.2071,3360.0
Anomalia,0.0358,0.3131,1.0114,-0.6104,0.3151,0.5566,0.2158,3360.0
Anomalia,0.0119,0.2974,1.0114,-0.6104,0.2976,0.5012,0.4238,3360.0
Anomalia,0.0338,0.2685,0.6646,-0.6104,0.2706,0.0074,-0.3214,3360.0
Anomalia,0.0469,0.233,0.6646,-0.4863,0.2377,0.2849,-0.1022,3360.0
Anomalia,0.0178,0.1943,0.5764,-0.4341,0.1951,0.0581,0.0376,3360.0
Anomalia,0.0353,0.1867,0.5764,-0.4318,0.19,0.109,-0.072,3360.0
Anomalia,0.0242,0.1507,0.3294,-0.3667,0.1526,-0.2159,-0.485,3360.0
Anomalia,0.024,0.1471,0.3294,-0.3667,0.1491,-0.1939,-0.515,4080.0
Anomalia,0.0437,0.1455,0.3405,-0.3667,0.1519,-0.2085,-0.5624,4080.0
Anomalia,0.0355,0.1348,0.3405,-0.3133,0.1394,-0.0257,-0.5415,1200.0
Anomalia,0.0225,0.1284,0.3405,-0.3133,0.1303,-0.0679,-0.3767,3840.0
Anomalia,0.0352,0.1522,0.4665,-0.3615,0.1563,0.1573,0.149,2880.0
Anomalia,0.0092,0.1598,0.4665,-0.3615,0.16,0.2252,0.1123,3360.0
Anomalia,0.0338,0.1655,0.4665,-0.3615,0.1689,0.1861,-0.0913,3360.0
Anomalia,0.0437,0.1698,0.4665,-0.3615,0.1754,0.0325,-0.3408,3360.0
Anomalia,0.0246,0.1496,0.4168,-0.2937,0.1516,-0.0125,-0.3652,3360.0
Anomalia,0.0464,0.1346,0.4168,-0.2624,0.1424,0.0313,-0.2212,3360.0
Anomalia,0.0159,0.1295,0.3386,-0.2685,0.1304,-0.0479,-0.4892,3360.0
Anomalia,0.017,0.119,0.3386,-0.2685,0.1202,-0.0661,-0.1557,3360.0
Anomalia,0.0316,0.122,0.3386,-0.2702,0.126,-0.0496,-0.249,3360.0
Anomalia,0.0167,0.1152,0.2889,-0.2702,0.1164,-0.1669,-0.2248,3360.0
Anomalia,0.0359,0.1102,0.2889,-0.2702,0.1159,-0.3038,-0.3621,3360.0
Anomalia,0.0272,0.1399,0.3705,-0.3701,0.1425,-0.4491,-0.0878,960.0
Anomalia,0.0246,0.1913,0.5409,-0.4725,0.1928,0.1014,0.1195,5280.0
Anomalia,0.0372,0.2088,0.5409,-0.4725,0.2121,-0.0161,-0.4389,5280.0
Anomalia,0.0276,0.2281,0.5409,-0.4733,0.2298,-0.0012,-0.7578,3360.0
Anomalia,0.038,0.2275,0.5409,-0.4733,0.2306,-0.0713,-0.7431,2880.0
Anomalia,0.0337,0.1819,0.392,-0.4733,0.185,-0.3363,-0.2615,2880.0
Anomalia,0.0248,0.1994,0.6442,-0.6198,0.201,-0.2753,0.7733,2880.0
Anomalia,0.04,0.2509,1.0285,-0.6198,0.2541,0.6166,1.9145,5040.0
Anomalia,0.0081,0.302,1.0285,-0.8989,0.3022,0.2387,1.0463,5040.0
Anomalia,0.0409,0.3395,1.0285,-0.8989,0.342,0.0762,-0.0563,5040.0
Anomalia,0.0264,0.3288,1.0285,-0.8989,0.3299,0.1949,0.1094,5280.0
Anomalia,0.019,0.2945,0.7372,-0.8989,0.2951,-0.0791,0.1175,3360.0
Anomalia,0.0525,0.2384,0.6717,-0.586,0.2441,0.2344,0.0666,3360.0
Anomalia,0.0176,0.1907,0.614,-0.4131,0.1915,0.3015,0.4811,3360.0
Anomalia,0.0301,0.1963,0.614,-0.4083,0.1986,0.2123,0.2675,2640.0
Anomalia,0.0447,0.1795,0.4698,-0.4008,0.185,-0.201,-0.1497,3120.0
Anomalia,0.021,0.181,0.4106,-0.4285,0.1822,-0.2633,-0.353,3120.0
Anomalia,0.0363,0.1896,0.4406,-0.4285,0.1931,-0.1394,-0.3489,2880.0
Anomalia,0.0348,0.1756,0.4406,-0.4285,0.179,-0.1246,-0.0607,2880.0
Anomalia,0.0137,0.1698,0.4406,-0.4285,0.1704,-0.0709,-0.0281,3840.0
Anomalia,0.0387,0.1871,0.508,-0.427,0.1911,0.0355,-0.3506,1200.0
Anomalia,0.0231,0.1942,0.508,-0.5053,0.1956,-0.1123,-0.3297,5040.0
Anomalia,0.0348,0.1894,0.508,-0.5053,0.1925,-0.1379,-0.2373,5280.0
Anomalia,0.0407,0.1875,0.508,-0.5053,0.1919,-0.2021,-0.155,5280.0
Anomalia,0.0283,0.1526,0.3722,-0.5053,0.1552,-0.2374,0.4408,5280.0
Anomalia,0.0278,0.1339,0.3294,-0.3672,0.1368,-0.2267,-0.0204,960.0
Anomalia,0.02,0.1312,0.3294,-0.3672,0.1327,-0.2653,-0.0414,960.0
Anomalia,0.0187,0.1206,0.2706,-0.3672,0.122,-0.2727,0.0457,960.0
Anomalia,0.0213,0.1282,0.3277,-0.3672,0.13,-0.129,-0.1351,1200.0
Anomalia,0.0381,0.1185,0.3363,-0.2259,0.1244,0.253,-0.6136,960.0
Anomalia,0.0268,0.1266,0.3363,-0.3355,0.1294,0.1078,-0.3695,960.0
Anomalia,0.0325,0.134,0.4458,-0.3355,0.1379,0.2813,0.0061,960.0
Anomalia,0.0415,0.1687,0.494,-0.5455,0.1738,-0.3026,0.9388,2640.0
Anomalia,0.0194,0.215,0.494,-0.5457,0.2159,-0.4174,0.1135,3120.0
Anomalia,0.045,0.2277,0.494,-0.5457,0.2322,-0.5319,0.0035,3120.0
Anomalia,0.0269,0.2425,0.494,-0.5457,0.2439,-0.4402,-0.5458,3120.0
Anomalia,0.0261,0.225,0.4494,-0.5457,0.2265,-0.4047,-0.445,2880.0
Anomalia,0.0345,0.1886,0.4166,-0.4197,0.1917,-0.2298,-0.4552,2880.0
Anomalia,0.0206,0.2259,0.6576,-0.6561,0.2269,-0.084,0.0025,2880.0
Anomalia,0.0264,0.2289,0.6576,-0.6561,0.2304,0.0029,-0.1594,2880.0
Anomalia,0.0274,0.2562,0.6576,-0.6561,0.2577,-0.0278,-0.4509,2880.0
Anomalia,0.0215,0.2582,0.6576,-0.6561,0.2591,0.0111,-0.4795,3360.0
Anomalia,0.0239,0.2293,0.6236,-0.5186,0.2305,0.0561,-0.5504,3360.0
Anomalia,0.0268,0.2601,0.7003,-0.8509,0.2615,-0.1806,0.4688,3360.0
Anomalia,0.0221,0.2576,0.7003,-0.8509,0.2585,-0.2464,0.689,3360.0
Anomalia,0.022,0.3036,0.7003,-0.8916,0.3044,-0.3618,0.2293,3360.0
Anomalia,0.036,0.3045,0.7003,-0.8916,0.3067,-0.4006,0.3455,3360.0
Anomalia,0.0291,0.2707,0.6588,-0.8916,0.2723,-0.3184,0.5246,3360.0
Anomalia,0.0386,0.2552,0.6588,-0.8916,0.2581,-0.2754,0.814,3360.0
Anomalia,0.0407,0.19,0.5835,-0.398,0.1943,0.4424,0.0557,2880.0
Anomalia,0.0261,0.1658,0.4792,-0.398,0.1679,0.2602,-0.0813,3120.0
Anomalia,0.0285,0.1752,0.4792,-0.6012,0.1775,-0.2934,0.7883,480.0
Anomalia,0.0234,0.1511,0.3841,-0.6012,0.1529,-0.8155,1.6561,4080.0
Anomalia,0.032,0.1543,0.3841,-0.6012,0.1576,-0.6782,1.651,4080.0
Anomalia,0.0344,0.1548,0.3576,-0.6012,0.1586,-0.8183,1.5977,960.0
Anomalia,0.0335,0.1258,0.3576,-0.2639,0.1302,-0.069,-0.3196,960.0
Anomalia,0.0247,0.1192,0.3576,-0.2639,0.1217,0.0007,-0.0282,3120.0
Anomalia,0.0181,0.1083,0.2424,-0.2639,0.1098,-0.2228,-0.3482,4080.0
Anomalia,0.0193,0.0987,0.2393,-0.2514,0.1006,-0.0623,-0.3094,4080.0
Anomalia,0.0301,0.0983,0.2691,-0.2009,0.1028,0.0964,-0.2963,4080.0
Anomalia,0.0305,0.1,0.2691,-0.2009,0.1046,0.087,-0.3007,4080.0
Anomalia,0.0396,0.1016,0.2691,-0.2009,0.109,-0.0783,-0.3759,4080.0
Anomalia,0.0233,0.1215,0.2695,-0.2833,0.1237,-0.3012,-0.3012,2640.0
Anomalia,0.0329,0.1414,0.4565,-0.2833,0.1452,0.2155,-0.0692,2640.0
Anomalia,0.0318,0.1633,0.4565,-0.437,0.1664,0.0015,-0.1722,960.0
Anomalia,0.0219,0.1906,0.4565,-0.6079,0.1919,-0.4159,0.4603,2880.0
Anomalia,0.0494,0.207,0.4565,-0.6079,0.2128,-0.4847,0.1618,2880.0
Anomalia,0.0108,0.2203,0.4368,-0.6079,0.2205,-0.4808,-0.1096,2880.0
Anomalia,0.0278,0.2228,0.4368,-0.6079,0.2245,-0.4851,-0.1053,2880.0
Anomalia,0.0275,0.2295,0.5376,-0.5203,0.2311,-0.149,-0.6045,960.0
Anomalia,0.0106,0.2127,0.5376,-0.5203,0.213,-0.0255,-0.2221,1200.0
Anomalia,0.0504,0.2006,0.5376,-0.4846,0.2068,-0.006,-0.5654,3840.0
Anomalia,0.0243,0.2009,0.5376,-0.4846,0.2024,-0.0023,-0.579,3360.0
Anomalia,0.035,0.1715,0.4016,-0.4143,0.175,-0.3015,-0.4525,3360.0
Anomalia,0.0418,0.2416,0.9452,-0.7735,0.2452,-0.2183,2.1483,3360.0
Anomalia,0.0289,0.3206,1.0306,-0.7963,0.3219,0.3942,1.6362,5280.0
Anomalia,0.0186,0.3683,1.0306,-0.9834,0.3688,0.0555,0.9193,5280.0
Anomalia,0.0341,0.4194,1.031,-0.9834,0.4208,0.1851,-0.023,3360.0
Anomalia,0.0103,0.3983,1.031,-0.9834,0.3984,0.3205,0.217,3360.0
Anomalia,0.0291,0.359,1.031,-0.9834,0.3602,0.0974,0.2321,3360.0
Anomalia,0.0443,0.3197,1.031,-0.683,0.3228,0.3425,0.1908,3360.0
Anomalia,0.0283,0.2742,0.7579,-0.683,0.2757,0.0988,0.0368,3360.0
Anomalia,0.0445,0.2675,0.7579,-0.683,0.2712,0.2317,0.2061,3360.0
Anomalia,0.0274,0.2399,0.7185,-0.683,0.2414,0.0217,0.4263,3120.0
Anomalia,0.02,0.228,0.7185,-0.4756,0.2289,0.4126,0.0052,3360.0
Anomalia,0.0252,0.2244,0.6459,-0.4281,0.2259,0.1243,-0.511,2880.0
Anomalia,0.0207,0.1936,0.4942,-0.4281,0.1947,0.024,-0.384,960.0
Anomalia,0.0145,0.1926,0.4942,-0.5309,0.1932,-0.117,-0.0781,960.0
Anomalia,0.0474,0.1959,0.4942,-0.5309,0.2016,-0.2615,-0.0959,3360.0
Anomalia,0.0168,0.1812,0.4535,-0.5522,0.182,-0.3674,0.282,5280.0
Anomalia,0.0434,0.1974,0.4629,-0.5522,0.2021,-0.3964,-0.0364,3360.0
Anomalia,0.0452,0.1958,0.4629,-0.5522,0.2009,-0.2212,-0.257,5280.0
Anomalia,0.0144,0.1779,0.4629,-0.5522,0.1785,-0.0883,0.1336,3360.0
Anomalia,0.0477,0.1635,0.4629,-0.3409,0.1703,0.0278,-0.4101,3360.0
Anomalia,0.0187,0.1475,0.4283,-0.3409,0.1486,0.0456,-0.3579,960.0
Anomalia,0.0249,0.1296,0.3428,-0.285,0.1319,-0.122,-0.6755,960.0
Anomalia,0.0449,0.1254,0.3428,-0.2629,0.1332,-0.1723,-0.7238,960.0
Anomalia,0.0174,0.1133,0.2597,-0.233,0.1146,-0.0005,-0.837,240.0
Anomalia,0.035,0.1153,0.2902,-0.233,0.1205,-0.0701,-0.7588,480.0
Anomalia,0.0126,0.1376,0.3221,-0.4341,0.1382,-0.2952,0.0713,5040.0
Anomalia,0.019,0.1655,0.6033,-0.4341,0.1666,0.4173,0.9505,5040.0
Anomalia,0.036,0.1814,0.6033,-0.4341,0.1849,0.2937,0.2203,5040.0
Anomalia,0.0229,0.2002,0.6033,-0.4341,0.2016,0.2163,-0.1919,2880.0
Anomalia,0.05,0.1904,0.6033,-0.4008,0.1968,0.1165,-0.203,3120.0
Anomalia,0.0263,0.1757,0.45,-0.4008,0.1776,0.0253,-0.4606,2880.0
Anomalia,0.0265,0.1742,0.4437,-0.4008,0.1763,-0.0949,-0.4441,2880.0
Anomalia,0.0485,0.1865,0.5136,-0.3711,0.1927,0.2209,-0.3472,2880.0
Anomalia,0.0162,0.2167,0.5136,-0.4477,0.2173,0.1337,-0.637,5280.0
Anomalia,0.0426,0.2342,0.5981,-0.4477,0.238,0.0494,-0.758,5280.0
Anomalia,0.0337,0.2273,0.5981,-0.4477,0.2297,0.1371,-0.6239,5280.0
Anomalia,0.0127,0.2038,0.5981,-0.4477,0.2042,0.098,-0.2732,3360.0
Anomalia,0.0437,0.1782,0.5981,-0.3726,0.1834,0.3136,0.1503,3360.0
Anomalia,0.017,0.1643,0.5071,-0.4314,0.1652,-0.0766,-0.1994,3360.0
Anomalia,0.022,0.1745,0.5071,-0.4314,0.1759,-0.2196,-0.4028,1920.0
Anomalia,0.0372,0.1786,0.5071,-0.4314,0.1824,-0.1641,-0.419,5280.0
Anomalia,0.02,0.1967,0.4871,-0.4489,0.1977,-0.0609,-0.5366,5280.0
Anomalia,0.0396,0.1909,0.4871,-0.4489,0.195,-0.029,-0.3547,5280.0
Anomalia,0.0393,0.1753,0.4871,-0.4489,0.1797,0.1383,0.1305,960.0
Anomalia,0.0213,0.1707,0.4871,-0.4489,0.172,0.1878,0.2388,2880.0
Anomalia,0.0395,0.1526,0.4604,-0.311,0.1577,0.233,-0.1672,1200.0
Anomalia,0.027,0.1527,0.4604,-0.3359,0.155,-0.0021,-0.4032,4080.0
Anomalia,0.0317,0.1617,0.4604,-0.3359,0.1648,-0.0614,-0.6395,4080.0
Anomalia,0.0424,0.1439,0.4604,-0.3359,0.15,-0.1734,-0.027,4320.0
Anomalia,0.0288,0.1221,0.3175,-0.3359,0.1255,-0.3522,0.4341,5040.0
Anomalia,0.0277,0.0953,0.3175,-0.2896,0.0993,0.0081,0.9905,5040.0
Anomalia,0.0365,0.0829,0.2706,-0.1978,0.0906,0.0299,0.2037,5040.0
Anomalia,0.0241,0.0909,0.2706,-0.1978,0.0941,0.1538,-0.1581,960.0
Anomalia,0.0378,0.0906,0.3069,-0.1794,0.0982,0.4212,0.0249,960.0
Anomalia,0.0403,0.0985,0.3069,-0.1794,0.1064,0.2104,-0.3391,960.0
Anomalia,0.0205,0.1022,0.3069,-0.2812,0.1043,-0.1291,0.1393,960.0
Anomalia,0.0297,0.1302,0.377,-0.3964,0.1335,-0.2647,0.3577,960.0
Anomalia,0.009,0.1583,0.4112,-0.3964,0.1586,-0.0898,-0.2661,960.0
Anomalia,0.0259,0.2043,0.5338,-0.4477,0.2059,0.0285,-0.4365,2880.0
Anomalia,0.0423,0.236,0.6843,-0.4477,0.2398,0.1853,-0.4952,2880.0
Anomalia,0.0371,0.2452,0.6843,-0.4575,0.248,0.2098,-0.5587,2880.0
Anomalia,0.0529,0.2379,0.6843,-0.4575,0.2438,0.1573,-0.4616,2880.0
Anomalia,0.0219,0.2215,0.6843,-0.527,0.2226,0.2257,0.1104,4080.0
Anomalia,0.0202,0.1982,0.5299,-0.527,0.1993,-0.1863,-0.1874,2880.0
Anomalia,0.0232,0.1798,0.431,-0.527,0.1813,-0.3446,-0.1087,2880.0
Anomalia,0.0179,0.1641,0.3757,-0.527,0.1651,-0.522,0.4127,5040.0
Anomalia,0.0375,0.1404,0.3757,-0.388,0.1453,-0.089,-0.1359,1680.0
Anomalia,0.0348,0.1296,0.2948,-0.3271,0.1342,-0.3033,-0.4711,1200.0
Anomalia,0.0364,0.16,0.5015,-0.6208,0.1641,-0.4678,1.9935,1680.0
Anomalia,0.0535,0.2181,0.6188,-0.6208,0.2245,-0.198,0.659,1920.0
Anomalia,0.0194,0.2537,0.6188,-0.6208,0.2545,-0.2179,-0.1874,1920.0
Anomalia,0.0212,0.269,0.6188,-0.6208,0.2698,-0.1343,-0.5327,3360.0
Anomalia,0.0148,0.2561,0.6188,-0.5543,0.2566,-0.077,-0.5183,3360.0
Anomalia,0.012,0.2263,0.6004,-0.5543,0.2266,-0.0548,-0.1004,3360.0
Anomalia,0.0398,0.2004,0.6004,-0.378,0.2043,0.1933,-0.1461,3360.0
Anomalia,0.033,0.1916,0.6004,-0.378,0.1944,0.2539,0.0451,3360.0
Anomalia,0.0328,0.1964,0.6004,-0.3745,0.1992,0.3707,-0.015,4080.0
Anomalia,0.0285,0.1809,0.4731,-0.3745,0.1831,0.064,-0.3963,4080.0
Anomalia,0.0288,0.1797,0.4731,-0.3745,0.182,-0.018,-0.3535,4080.0
Anomalia,0.0308,0.1593,0.4448,-0.3745,0.1623,-0.1129,0.051,4080.0
Anomalia,0.0416,0.1433,0.3809,-0.3559,0.1492,-0.0123,0.0784,3840.0
Anomalia,0.0196,0.1444,0.3809,-0.3559,0.1458,-0.0856,0.0213,3840.0
Anomalia,0.0312,0.1488,0.4143,-0.4567,0.1521,-0.0439,0.422,480.0
Anomalia,0.0336,0.159,0.4143,-0.4567,0.1625,-0.0892,-0.0318,3360.0
Anomalia,0.0255,0.163,0.4143,-0.4567,0.165,-0.0655,-0.1339,3360.0
Anomalia,0.0393,0.1568,0.4143,-0.4567,0.1617,-0.1202,0.0299,3360.0
Anomalia,0.0262,0.1393,0.396,-0.3075,0.1418,0.1204,-0.4506,4080.0
Anomalia,0.0139,0.1247,0.396,-0.2668,0.1255,0.4005,0.0332,3360.0
Anomalia,0.0342,0.1249,0.343,-0.1934,0.1295,0.3435,-0.6098,3360.0
Anomalia,0.0259,0.1305,0.343,-0.2234,0.133,0.3484,-0.6138,960.0
Anomalia,0.0386,0.1271,0.343,-0.2234,0.1328,0.2249,-0.6548,3360.0
Anomalia,0.0506,0.1292,0.343,-0.2307,0.1388,-0.0691,-0.6425,3360.0
Anomalia,0.0165,0.1237,0.2437,-0.3146,0.1248,-0.3674,-0.5063,3360.0
Anomalia,0.0348,0.1482,0.4663,-0.3146,0.1522,0.0925,0.0342,5280.0
Anomalia,0.0144,0.1863,0.5161,-0.4375,0.1868,0.2378,-0.1387,5280.0
Anomalia,0.0212,0.2045,0.548,-0.4375,0.2056,0.3402,-0.366,5280.0
Anomalia,0.0395,0.2172,0.548,-0.4375,0.2208,0.0983,-0.8259,5280.0
Anomalia,0.0201,0.2002,0.548,-0.4375,0.2012,0.1812,-0.4542,5280.0
Anomalia,0.0308,0.1829,0.548,-0.373,0.1854,-0.0693,-0.3907,2880.0
Anomalia,0.024,0.2029,0.643,-0.4642,0.2043,0.04,0.0932,2880.0
Anomalia,0.0371,0.2523,0.8722,-0.5243,0.255,0.5717,0.51,5040.0
Anomalia,0.0301,0.3029,0.8722,-0.7343,0.3044,0.1824,-0.2797,5040.0
Anomalia,0.0434,0.3204,0.8722,-0.7343,0.3233,0.0852,-0.6289,5280.0
Anomalia,0.0267,0.3067,0.8722,-0.7343,0.3078,0.1593,-0.4432,3360.0
Anomalia,0.0281,0.2621,0.5985,-0.7343,0.2636,-0.2242,-0.1166,3360.0
Anomalia,0.0339,0.2172,0.533,-0.503,0.2198,-0.1136,-0.1383,3360.0
Anomalia,0.0276,0.19,0.4936,-0.469,0.192,-0.1379,-0.037,3360.0
Anomalia,0.0305,0.1807,0.4936,-0.469,0.1833,0.0536,0.1337,3360.0
Anomalia,0.0214,0.1796,0.4406,-0.469,0.1809,-0.2338,-0.3466,960.0
Anomalia,0.033,0.1818,0.4406,-0.3903,0.1848,-0.1611,-0.6575,4080.0
Anomalia,0.0269,0.1752,0.3816,-0.3903,0.1773,-0.1031,-0.5809,4080.0
Anomalia,0.0389,0.1665,0.3622,-0.3903,0.171,-0.3399,-0.3152,2880.0
Anomalia,0.0169,0.1851,0.5232,-0.437,0.1859,-0.1318,-0.0561,3840.0
Anomalia,0.0275,0.2004,0.5806,-0.437,0.2023,0.1895,0.1733,3840.0
Anomalia,0.0195,0.2089,0.5806,-0.6079,0.2098,-0.0366,0.4924,3840.0
Anomalia,0.0281,0.2277,0.5806,-0.6079,0.2294,-0.0372,-0.1968,3360.0
Anomalia,0.0462,0.206,0.5806,-0.6079,0.2111,-0.1228,0.1781,5280.0
Anomalia,0.0217,0.1753,0.3953,-0.6079,0.1767,-0.2665,0.5179,3360.0
Anomalia,0.037,0.1556,0.3953,-0.3371,0.16,0.2251,-0.3915,3360.0
Anomalia,0.0167,0.1287,0.3692,-0.272,0.1298,0.3383,-0.2077,3360.0
Anomalia,0.0321,0.1289,0.3692,-0.272,0.1329,0.2968,-0.3644,4560.0
Anomalia,0.0418,0.125,0.3692,-0.2017,0.1318,0.2706,-0.4325,4080.0
Anomalia,0.0284,0.1234,0.3211,-0.2677,0.1267,0.1281,-0.5353,4080.0
Anomalia,0.0471,0.1264,0.3211,-0.2677,0.1349,-0.1303,-0.4968,4080.0
Anomalia,0.0142,0.148,0.4756,-0.2691,0.1487,0.2951,-0.1157,4320.0
Anomalia,0.0218,0.2031,0.576,-0.518,0.2043,0.3485,0.1994,2640.0
Anomalia,0.0335,0.2419,0.576,-0.5428,0.2442,0.1869,-0.2995,3120.0
Anomalia,0.0137,0.2856,0.6486,-0.6993,0.286,0.1843,-0.4271,2880.0
Anomalia,0.0398,0.2979,0.6486,-0.6993,0.3006,-0.0858,-0.651,2880.0
Anomalia,0.0286,0.2824,0.6486,-0.6993,0.2838,-0.125,-0.4863,2880.0
Anomalia,0.0224,0.2557,0.6486,-0.6993,0.2567,-0.1202,-0.1215,2880.0
Anomalia,0.042,0.2036,0.4777,-0.4458,0.2079,-0.237,-0.2496,2880.0
Anomalia,0.0182,0.1805,0.4316,-0.4458,0.1815,-0.1051,-0.372,2880.0
Anomalia,0.0331,0.1521,0.4316,-0.3966,0.1557,-0.0457,-0.5117,3360.0
Anomalia,0.0313,0.1377,0.3062,-0.3966,0.1412,-0.3352,-0.3623,3360.0
Anomalia,0.0179,0.1347,0.3062,-0.3966,0.1359,-0.2203,-0.3462,3360.0
Anomalia,0.041,0.1451,0.5105,-0.4412,0.1508,0.2603,1.4633,3360.0
Anomalia,0.0247,0.1961,0.5756,-0.548,0.1977,0.1727,0.748,5040.0
Anomalia,0.0212,0.235,0.5756,-0.5996,0.236,-0.0864,0.0288,5280.0
Anomalia,0.0358,0.2495,0.5756,-0.5996,0.2521,-0.1184,-0.3442,3120.0
Anomalia,0.0157,0.241,0.5756,-0.5996,0.2416,-0.079,-0.3382,3360.0
Anomalia,0.0374,0.2057,0.4704,-0.5996,0.2091,-0.3263,0.2813,3360.0
Anomalia,0.0375,0.1717,0.4544,-0.3667,0.1758,-0.0089,-0.2555,3360.0
Anomalia,0.0223,0.1726,0.4673,-0.5535,0.174,-0.303,0.1329,3360.0
Anomalia,0.0277,0.1779,0.4673,-0.5535,0.1801,-0.2404,-0.0787,2640.0
Anomalia,0.0156,0.1689,0.4673,-0.5535,0.1696,-0.3249,0.1345,4080.0
Anomalia,0.0305,0.1665,0.4673,-0.5535,0.1692,-0.2691,0.3215,1200.0
Anomalia,0.0344,0.1468,0.3839,-0.3411,0.1508,-0.1012,-0.4043,1200.0
Anomalia,0.0406,0.1199,0.3839,-0.2199,0.1265,0.0386,-0.1707,960.0
Anomalia,0.0336,0.1265,0.3839,-0.3601,0.1309,-0.0307,0.4179,960.0
Anomalia,0.0295,0.1267,0.3457,-0.3601,0.1301,0.0326,0.2433,960.0
Anomalia,0.0318,0.1204,0.3457,-0.3601,0.1246,0.084,0.508,960.0
Anomalia,0.0374,0.1234,0.3457,-0.3601,0.1289,-0.0115,0.1811,960.0
Anomalia,0.033,0.1201,0.3457,-0.257,0.1246,0.0353,-0.4764,960.0
Anomalia,0.0208,0.1164,0.2668,-0.257,0.1183,-0.1623,-0.7458,960.0
Anomalia,0.0247,0.1206,0.3561,-0.257,0.1231,-0.0039,-0.3997,960.0
Anomalia,0.0113,0.1294,0.3561,-0.2679,0.1299,-0.0026,-0.3958,2640.0
Anomalia,0.0278,0.1358,0.3561,-0.2679,0.1386,0.0834,-0.4818,3120.0
Anomalia,0.0382,0.1407,0.3816,-0.2679,0.1458,0.1003,-0.3174,3120.0
Anomalia,0.0273,0.1413,0.3816,-0.2679,0.144,0.0957,-0.4564,3120.0
Anomalia,0.041,0.1347,0.3816,-0.2645,0.1408,0.0872,-0.3879,2880.0
Anomalia,0.0247,0.1543,0.4081,-0.3774,0.1563,-0.0275,-0.1883,960.0
Anomalia,0.0274,0.153,0.4081,-0.3774,0.1554,-0.0722,-0.3025,5040.0
Anomalia,0.0412,0.1578,0.4081,-0.3774,0.163,-0.1653,-0.4169,5040.0
Anomalia,0.0287,0.1619,0.4081,-0.3774,0.1644,0.0276,-0.5831,5280.0
Anomalia,0.0447,0.1378,0.3394,-0.2063,0.1448,0.1567,-0.7486,5280.0
Anomalia,0.0194,0.1552,0.3392,-0.4099,0.1564,-0.293,-0.2083,4080.0
Anomalia,0.0116,0.202,0.6119,-0.6736,0.2023,-0.2688,0.6173,3360.0
Anomalia,0.028,0.2851,0.969,-0.7577,0.2865,0.199,0.8385,1920.0
Anomalia,0.0118,0.3185,0.969,-0.7577,0.3187,0.2476,-0.1573,5280.0
Anomalia,0.0373,0.3313,0.969,-0.7577,0.3334,0.2405,-0.2754,3360.0
Anomalia,0.0489,0.3162,0.969,-0.7577,0.3199,0.2446,-0.0804,3360.0
Anomalia,0.0254,0.247,0.7804,-0.498,0.2484,0.3232,-0.02,3360.0
Anomalia,0.0462,0.2096,0.7804,-0.4748,0.2146,0.3675,0.9217,3360.0
Anomalia,0.0322,0.1741,0.4984,-0.4748,0.1771,-0.2919,0.1122,3840.0
Anomalia,0.0149,0.1671,0.3807,-0.4815,0.1678,-0.418,-0.3071,5280.0
Anomalia,0.0381,0.1697,0.3878,-0.4815,0.174,-0.5417,0.0355,5280.0
Anomalia,0.0204,0.1721,0.3918,-0.4815,0.1733,-0.3595,-0.1106,5040.0
Anomalia,0.0349,0.1801,0.3918,-0.4815,0.1834,-0.4251,-0.2393,5280.0
Anomalia,0.0425,0.1625,0.3918,-0.3688,0.168,-0.2783,-0.1773,2880.0
Anomalia,0.0189,0.1793,0.4314,-0.4646,0.1803,-0.2827,-0.0864,3840.0
Anomalia,0.0346,0.1797,0.4314,-0.4646,0.183,-0.4329,-0.0471,3840.0
Anomalia,0.0319,0.18,0.4314,-0.4646,0.1828,-0.4519,-0.1166,5280.0
Anomalia,0.0278,0.1795,0.4314,-0.4646,0.1816,-0.4098,-0.1185,3360.0
Anomalia,0.0486,0.1583,0.3834,-0.4381,0.1655,-0.3855,-0.3756,3360.0
Anomalia,0.0235,0.1408,0.3123,-0.4381,0.1428,-0.0874,-0.4186,3360.0
Anomalia,0.0187,0.1186,0.3123,-0.2514,0.1201,0.1784,-0.3594,3360.0
Anomalia,0.0293,0.1108,0.3123,-0.2495,0.1146,0.0702,-0.1756,960.0
Anomalia,0.0155,0.0954,0.2412,-0.2026,0.0967,-0.1054,-0.5852,960.0
Anomalia,0.0445,0.0947,0.3407,-0.1951,0.1046,0.0132,0.2298,960.0
Anomalia,0.0443,0.1013,0.3407,-0.2389,0.1105,-0.1081,0.1908,960.0
Anomalia,0.0291,0.1091,0.3407,-0.2389,0.1129,-0.0299,-0.0553,960.0
Anomalia,0.0503,0.1675,0.7139,-0.5484,0.1749,0.3742,3.2387,960.0
Anomalia,0.0104,0.1977,0.7139,-0.5603,0.198,0.1611,1.7061,960.0
Anomalia,0.0315,0.2315,0.7139,-0.5603,0.2336,0.0437,0.2431,4080.0
Anomalia,0.0292,0.2559,0.7139,-0.5603,0.2575,0.0089,-0.3615,2880.0
Anomalia,0.0166,0.2242,0.5019,-0.5603,0.2248,-0.102,-0.3887,2880.0
Anomalia,0.046,0.2112,0.5019,-0.4658,0.2161,-0.1289,-0.4434,2880.0
Anomalia,0.014,0.2164,0.726,-0.4863,0.2168,0.2182,0.1095,2880.0
Anomalia,0.0309,0.2242,0.726,-0.7352,0.2263,-0.2205,0.6986,5040.0
Anomalia,0.0338,0.24,0.726,-0.7352,0.2424,-0.2608,0.137,5040.0
Anomalia,0.0281,0.2596,0.726,-0.7352,0.2611,-0.2759,-0.3224,3360.0
Anomalia,0.0471,0.2331,0.4416,-0.7352,0.2379,-0.6139,0.1331,3360.0
Anomalia,0.0397,0.205,0.4416,-0.5445,0.2088,-0.3347,-0.4158,3360.0
Anomalia,0.0232,0.209,0.4416,-0.5445,0.2102,-0.2844,-0.5957,3360.0
Anomalia,0.0278,0.2039,0.5188,-0.4519,0.2057,-0.1523,-0.3893,3360.0
Anomalia,0.0169,0.2021,0.5188,-0.4519,0.2028,-0.1958,-0.4209,3120.0
Anomalia,0.0182,0.2039,0.5188,-0.4519,0.2047,-0.2032,-0.4252,3120.0
Anomalia,0.0418,0.1914,0.5188,-0.4519,0.1959,-0.0855,-0.0998,2640.0
Anomalia,0.032,0.1606,0.4308,-0.338,0.1637,0.1642,-0.1427,960.0
Anomalia,0.0427,0.148,0.4308,-0.3211,0.1541,0.2788,0.1018,960.0
Anomalia,0.0319,0.1575,0.4308,-0.3304,0.1607,0.2285,0.01,1200.0
Anomalia,0.0202,0.1715,0.5862,-0.3962,0.1727,0.2813,0.6945,4080.0
Anomalia,0.0295,0.1755,0.5862,-0.3962,0.178,0.1771,0.5038,4080.0
Anomalia,0.0249,0.1848,0.5862,-0.3962,0.1864,0.1941,0.0328,4080.0
Anomalia,0.0315,0.1624,0.5862,-0.3962,0.1655,0.2916,0.9324,960.0
Anomalia,0.028,0.1304,0.3864,-0.3409,0.1333,0.0976,-0.1745,960.0
Anomalia,0.0257,0.122,0.2795,-0.2816,0.1247,0.054,-0.6989,960.0
Anomalia,0.0258,0.1154,0.3152,-0.2243,0.1183,0.2263,-0.4749,4080.0
Anomalia,0.0412,0.1133,0.3152,-0.2243,0.1206,0.0269,-0.5326,4080.0
Anomalia,0.0357,0.1117,0.3152,-0.2243,0.1172,-0.0042,-0.3063,960.0
Anomalia,0.0387,0.1058,0.3152,-0.2243,0.1127,0.0986,-0.0006,960.0
Anomalia,0.0364,0.098,0.2789,-0.2003,0.1046,-0.1883,-0.2787,960.0
Anomalia,0.0113,0.1181,0.3653,-0.34,0.1186,0.0063,0.168,960.0
Anomalia,0.033,0.162,0.5457,-0.3715,0.1654,0.3995,0.9555,3120.0
Anomalia,0.019,0.1862,0.5457,-0.5879,0.1872,-0.1141,0.9505,3120.0
Anomalia,0.0299,0.1905,0.5457,-0.5879,0.1928,-0.1321,0.7828,3120.0
Anomalia,0.0384,0.1916,0.5457,-0.5879,0.1954,-0.2533,0.7184,3120.0
Anomalia,0.0185,0.1575,0.3494,-0.5879,0.1586,-0.6938,1.4387,2880.0
Anomalia,0.0338,0.1319,0.3494,-0.3108,0.1362,-0.074,-0.2805,1920.0
Anomalia,0.0194,0.1343,0.306,-0.3108,0.1357,-0.1089,-0.6387,1920.0
Anomalia,0.0274,0.1202,0.315,-0.2518,0.1233,-0.0137,-0.6017,5280.0
Anomalia,0.0389,0.1279,0.315,-0.271,0.1337,-0.0506,-0.5999,5280.0
Anomalia,0.0329,0.1262,0.315,-0.271,0.1304,0.1382,-0.4421,960.0
Anomalia,0.0299,0.1343,0.315,-0.3743,0.1376,-0.1895,0.0372,960.0
Anomalia,0.021,0.1963,0.6818,-0.6031,0.1974,0.2053,1.8278,1680.0
Anomalia,0.0227,0.2443,0.7723,-0.6031,0.2453,0.5337,1.0387,1920.0
Anomalia,0.0315,0.2747,0.7723,-0.6031,0.2765,0.3395,0.1728,1920.0
Anomalia,0.0371,0.2974,0.7892,-0.6031,0.2997,0.4084,-0.0578,3360.0
Anomalia,0.0446,0.2755,0.7892,-0.5756,0.2791,0.4332,0.0542,3360.0
Anomalia,0.0396,0.2313,0.7892,-0.5756,0.2347,0.3955,0.783,3360.0
Anomalia,0.0211,0.2037,0.7892,-0.4508,0.2048,0.5804,1.5614,3360.0
Anomalia,0.0166,0.1694,0.4414,-0.4091,0.1702,0.1787,0.0144,3360.0
Anomalia,0.0241,0.147,0.4206,-0.4091,0.149,-0.099,0.1576,960.0
Anomalia,0.0187,0.1541,0.4206,-0.4091,0.1552,-0.1874,-0.0985,960.0
Anomalia,0.045,0.1571,0.4206,-0.2975,0.1634,-0.1071,-0.6275,1200.0
Anomalia,0.0398,0.1505,0.3528,-0.3544,0.1556,-0.3645,-0.4518,3840.0
Anomalia,0.0288,0.1454,0.3528,-0.3544,0.1482,-0.3641,-0.3746,4080.0
Anomalia,0.0263,0.1598,0.4727,-0.3578,0.1619,-0.0039,-0.1577,3840.0
Anomalia,0.0139,0.1563,0.4727,-0.3578,0.1569,0.2313,0.1742,3360.0
Anomalia,0.0344,0.1587,0.4727,-0.3578,0.1623,0.2314,-0.1436,3360.0
Anomalia,0.0389,0.1619,0.4727,-0.3578,0.1665,0.1892,-0.3198,3360.0
Anomalia,0.0431,0.1376,0.4224,-0.2662,0.1442,0.2432,-0.4461,3360.0
Anomalia,0.0368,0.1343,0.3759,-0.3286,0.1393,0.0467,-0.1498,3360.0
Anomalia,0.0301,0.1306,0.3759,-0.3286,0.1341,-0.0158,-0.0591,960.0
Anomalia,0.0199,0.1398,0.3761,-0.3286,0.1412,0.1357,-0.0858,960.0
Anomalia,0.031,0.1571,0.3761,-0.3286,0.1602,-0.039,-0.4027,960.0
Anomalia,0.0256,0.1677,0.3761,-0.3701,0.1696,-0.0114,-0.5126,960.0
Anomalia,0.0251,0.1635,0.3761,-0.3701,0.1654,-0.0552,-0.4149,960.0
Anomalia,0.0284,0.1687,0.3409,-0.3701,0.171,-0.24,-0.5729,960.0
Anomalia,0.0194,0.1972,0.5918,-0.5935,0.1982,-0.2003,0.2611,5280.0
Anomalia,0.0262,0.2123,0.5918,-0.5935,0.2139,-0.1508,0.0335,5280.0
Anomalia,0.0314,0.2463,0.6811,-0.5935,0.2483,0.0418,-0.2094,5280.0
Anomalia,0.0404,0.2697,0.6811,-0.5935,0.2727,0.0621,-0.5597,4080.0
Anomalia,0.0427,0.2378,0.6811,-0.5178,0.2416,0.1827,-0.0944,2880.0
Anomalia,0.0337,0.2259,0.6811,-0.5178,0.2284,0.1664,0.2607,2880.0
Anomalia,0.0288,0.2531,0.736,-0.551,0.2548,0.2829,0.2186,2880.0
Anomalia,0.0119,0.32,0.9461,-1.0823,0.3202,0.1419,1.279,5040.0
Anomalia,0.0244,0.3631,0.9461,-1.0823,0.3639,0.0423,-0.0123,5040.0
Anomalia,0.0398,0.3727,0.9461,-1.0823,0.3748,-0.0415,-0.2614,5280.0
Anomalia,0.0442,0.3435,0.9461,-1.0823,0.3464,-0.1489,0.2704,5280.0
Anomalia,0.0493,0.2573,0.5852,-0.6419,0.262,-0.0772,-0.4454,3360.0
Anomalia,0.0328,0.2129,0.5374,-0.4811,0.2154,0.2099,-0.5488,3360.0
Anomalia,0.0216,0.2069,0.5374,-0.504,0.2081,0.2,-0.1419,3360.0
Anomalia,0.0139,0.1963,0.5057,-0.504,0.1968,0.0986,-0.0212,2880.0
Anomalia,0.0317,0.2064,0.5057,-0.504,0.2088,-0.0828,-0.2613,4080.0
Anomalia,0.0313,0.2059,0.4698,-0.504,0.2082,-0.1208,-0.368,2640.0
Anomalia,0.0414,0.1715,0.4698,-0.3663,0.1764,-0.0564,0.0195,2880.0
Anomalia,0.0448,0.1585,0.4698,-0.3532,0.1647,-0.0037,0.2526,960.0
Anomalia,0.0207,0.1622,0.4262,-0.4537,0.1635,-0.1057,0.0343,960.0
Anomalia,0.0323,0.1628,0.4917,-0.4537,0.166,-0.0069,0.2872,5280.0
Anomalia,0.0303,0.1722,0.4917,-0.4537,0.1748,0.0699,-0.1657,5280.0
Anomalia,0.0297,0.1759,0.4917,-0.4537,0.1784,0.0128,-0.2976,5280.0
Anomalia,0.0473,0.1514,0.4917,-0.3142,0.1586,0.169,-0.1907,3360.0
Anomalia,0.0233,0.1273,0.3271,-0.2645,0.1295,0.0411,-0.4491,4080.0
Anomalia,0.0298,0.1168,0.3271,-0.2645,0.1206,-0.1826,-0.1931,4080.0
Anomalia,0.0276,0.1042,0.3271,-0.2472,0.1078,-0.0506,0.0526,4080.0
Anomalia,0.0199,0.0889,0.2497,-0.2314,0.0911,-0.2676,0.0192,4080.0
Anomalia,0.0398,0.0828,0.2497,-0.1658,0.0919,0.0504,-0.2621,960.0
Anomalia,0.0281,0.0863,0.2218,-0.1951,0.0908,-0.2178,-0.2737,960.0
Anomalia,0.0265,0.0969,0.3077,-0.2424,0.1004,-0.1879,-0.0289,960.0
Anomalia,0.0532,0.1779,0.6551,-0.5167,0.1856,0.7225,2.0125,4320.0
Anomalia,0.0204,0.2613,0.6551,-0.8716,0.2621,-0.2817,0.9705,3120.0
Anomalia,0.0445,0.2733,0.6551,-0.8716,0.2769,-0.4235,0.5651,3120.0
Anomalia,0.0382,0.2893,0.6551,-0.8716,0.2918,-0.3781,0.0086,3120.0
Anomalia,0.015,0.2556,0.557,-0.8716,0.2561,-0.6249,0.5388,2880.0
Anomalia,0.042,0.1852,0.4224,-0.4746,0.1899,-0.2794,-0.4335,2880.0
Anomalia,0.0125,0.1788,0.407,-0.4746,0.1793,-0.1072,-0.4856,4080.0
Anomalia,0.0167,0.1606,0.407,-0.3279,0.1615,-0.0431,-0.7033,4080.0
Anomalia,0.0293,0.1686,0.4224,-0.3279,0.1711,-0.1565,-0.5452,720.0
Anomalia,0.018,0.1598,0.4224,-0.3279,0.1608,-0.1165,-0.2514,3120.0
Anomalia,0.0446,0.1465,0.4224,-0.3279,0.1531,-0.493,0.1648,480.0
Anomalia,0.0383,0.1537,0.4224,-0.3392,0.1584,-0.3203,0.0046,480.0
Anomalia,0.027,0.1889,0.6144,-0.4946,0.1908,0.2831,1.2542,1920.0
Anomalia,0.0292,0.2166,0.6144,-0.5316,0.2186,0.1056,0.5081,3120.0
Anomalia,0.0298,0.2398,0.6144,-0.5316,0.2416,0.189,-0.1838,3120.0
Anomalia,0.0318,0.2394,0.6144,-0.5316,0.2415,0.1213,-0.0853,4320.0
Anomalia,0.0436,0.2122,0.4834,-0.5316,0.2166,-0.106,-0.0806,3360.0
Anomalia,0.0365,0.1847,0.479,-0.4477,0.1883,0.1295,0.0059,3360.0
Anomalia,0.0256,0.1542,0.416,-0.4477,0.1563,0.0093,0.471,3360.0
Anomalia,0.0218,0.1548,0.416,-0.4504,0.1564,0.0535,0.2006,2880.0
Anomalia,0.0196,0.1475,0.4231,-0.4504,0.1488,-0.1698,0.0466,1200.0
Anomalia,0.0397,0.1517,0.4231,-0.4504,0.1568,-0.2541,-0.1678,2640.0
Anomalia,0.0385,0.1582,0.4231,-0.4504,0.1629,-0.1813,-0.4423,3360.0
Anomalia,0.0432,0.1471,0.4231,-0.2906,0.1533,-0.0915,-0.7074,4080.0
Anomalia,0.0282,0.1378,0.3052,-0.2906,0.1406,-0.1755,-0.7765,4080.0
Anomalia,0.0199,0.1266,0.3042,-0.2906,0.1281,-0.176,-0.4956,4080.0
Anomalia,0.0191,0.114,0.2487,-0.2906,0.1156,-0.5049,-0.2765,4080.0
Anomalia,0.0329,0.1111,0.3782,-0.2606,0.1159,0.2364,0.4323,960.0
Anomalia,0.0355,0.1002,0.3782,-0.2009,0.1063,0.5953,1.0247,960.0
Anomalia,0.042,0.0993,0.3782,-0.1736,0.1078,0.8372,1.4694,2880.0
Anomalia,0.0275,0.117,0.3782,-0.3945,0.1202,0.0102,2.1155,960.0
Anomalia,0.0219,0.1221,0.353,-0.3945,0.1241,-0.3662,1.1692,960.0
Anomalia,0.0357,0.1544,0.3826,-0.3945,0.1585,-0.2509,-0.1178,2640.0
Anomalia,0.0267,0.1803,0.4266,-0.5082,0.1823,-0.3833,-0.1628,3120.0
Anomalia,0.0512,0.1777,0.4266,-0.5082,0.1849,-0.4467,-0.0685,3120.0
Anomalia,0.0413,0.1857,0.4266,-0.5082,0.1903,-0.3665,-0.3961,3360.0
Anomalia,0.0221,0.1774,0.4266,-0.5082,0.1788,-0.4214,-0.038,2880.0
Anomalia,0.0316,0.1922,0.4854,-0.4965,0.1948,-0.2908,-0.0912,2880.0
Anomalia,0.0026,0.2117,0.4961,-0.4965,0.2117,-0.1316,-0.3214,2880.0
Anomalia,0.0255,0.222,0.6321,-0.4965,0.2234,-0.0673,-0.0668,4080.0
Anomalia,0.0365,0.227,0.6321,-0.4965,0.2299,-0.0842,-0.2998,3360.0
Anomalia,0.041,0.2034,0.6321,-0.4696,0.2074,-0.001,-0.061,3360.0
Anomalia,0.0693,0.2263,0.9156,-0.4431,0.2367,0.5723,1.6748,3360.0
Anomalia,0.0303,0.2866,1.0606,-0.7577,0.2882,0.4348,1.7938,2880.0
Anomalia,0.0193,0.3508,1.0606,-1.0308,0.3513,0.1604,0.9625,5280.0
Anomalia,0.0323,0.3934,1.0606,-1.0308,0.3947,0.1465,0.0578,3360.0
Anomalia,0.0025,0.381,1.0606,-1.0308,0.381,0.1725,0.0881,3360.0
Anomalia,0.0401,0.3508,0.9221,-1.0308,0.3531,-0.0694,0.0906,3360.0
Anomalia,0.0456,0.2986,0.8977,-0.6961,0.3021,0.0509,-0.3318,3360.0
Anomalia,0.0182,0.2409,0.5633,-0.6108,0.2416,-0.0581,-0.6364,3360.0
Anomalia,0.0369,0.2419,0.682,-0.6108,0.2447,0.0745,-0.4089,3360.0
Anomalia,0.0323,0.222,0.682,-0.6108,0.2244,-0.0635,-0.0856,3360.0
Anomalia,0.0285,0.2013,0.682,-0.4638,0.2034,0.3286,-0.0243,3360.0
Anomalia,0.0508,0.2108,0.682,-0.4638,0.2168,0.2157,-0.2735,2880.0
Anomalia,0.0381,0.1842,0.4834,-0.3636,0.1881,0.1864,-0.4047,1200.0
Anomalia,0.0243,0.1756,0.4523,-0.3636,0.1773,0.2885,-0.0371,2880.0
Anomalia,0.0284,0.1998,0.5745,-0.4575,0.2018,0.1466,-0.2245,1200.0
Anomalia,0.0099,0.215,0.585,-0.5167,0.2152,0.3012,0.0191,4080.0
Anomalia,0.0381,0.2166,0.585,-0.5167,0.22,0.0909,-0.1754,5280.0
Anomalia,0.0459,0.2184,0.585,-0.5167,0.2231,-0.046,-0.2839,960.0
Anomalia,0.0435,0.1846,0.585,-0.5167,0.1897,0.0362,0.4144,5280.0
Anomalia,0.0461,0.1463,0.3417,-0.3069,0.1534,-0.1392,-0.6039,960.0
Anomalia,0.0241,0.1353,0.3417,-0.3069,0.1375,-0.117,-0.3823,960.0
Anomalia,0.0212,0.1151,0.3417,-0.2604,0.117,0.0359,-0.1202,960.0
Anomalia,0.0352,0.1157,0.3417,-0.2604,0.121,-0.1098,-0.0788,960.0
Anomalia,0.0252,0.1035,0.2562,-0.2286,0.1065,-0.1572,-0.4856,240.0
Anomalia,0.0395,0.108,0.3106,-0.2286,0.115,0.0905,-0.5023,480.0
Anomalia,0.0317,0.1545,0.5434,-0.4433,0.1577,-0.2505,0.8548,4560.0
Anomalia,0.0352,0.2493,0.8795,-0.6056,0.2518,0.558,1.7348,2880.0
Anomalia,0.0341,0.3085,0.8795,-0.634,0.3104,0.1832,0.1834,2880.0
Anomalia,0.0269,0.3245,0.8795,-0.634,0.3256,0.1985,-0.1646,2880.0
Anomalia,0.0325,0.317,0.8795,-0.634,0.3187,0.1797,-0.0243,2880.0
Anomalia,0.0242,0.2586,0.7713,-0.634,0.2597,-0.1806,0.1736,2880.0
Anomalia,0.0304,0.1901,0.5603,-0.5128,0.1925,-0.2009,0.0315,2880.0
Anomalia,0.0321,0.1854,0.4529,-0.3711,0.1882,-0.149,-0.7281,4800.0
Anomalia,0.0252,0.2314,0.6117,-0.6911,0.2328,-0.2194,0.1127,5040.0
Anomalia,0.0331,0.2398,0.6117,-0.6911,0.2421,-0.3051,-0.0051,5040.0
Anomalia,0.0354,0.2489,0.6117,-0.6911,0.2514,-0.3281,-0.2281,3360.0
Anomalia,0.0279,0.2371,0.6117,-0.6911,0.2388,-0.2946,0.0429,3360.0
Anomalia,0.0408,0.1983,0.4364,-0.4798,0.2024,-0.2753,-0.4827,3360.0
Anomalia,0.022,0.2025,0.4287,-0.387,0.2037,-0.0804,-0.8372,3360.0
Anomalia,0.0169,0.22,0.5916,-0.4877,0.2206,0.0346,-0.6871,960.0
Anomalia,0.0406,0.2339,0.5916,-0.4877,0.2374,-0.0171,-0.7849,5280.0
Anomalia,0.0317,0.2246,0.5916,-0.4877,0.2268,0.0861,-0.6144,5280.0
Anomalia,0.0443,0.2099,0.5916,-0.4877,0.2145,0.1116,-0.3777,5280.0
Anomalia,0.0506,0.1671,0.4898,-0.324,0.1745,0.4116,-0.046,5280.0
Anomalia,0.0205,0.1421,0.422,-0.324,0.1435,0.2179,-0.1527,1680.0
Anomalia,0.0302,0.1519,0.3576,-0.4078,0.1549,-0.021,-0.3348,2880.0
Anomalia,0.0213,0.1441,0.3411,-0.4078,0.1456,-0.0641,-0.1674,2880.0
Anomalia,0.0313,0.1571,0.3563,-0.4078,0.1602,-0.0144,-0.5014,5280.0
Anomalia,0.0439,0.1484,0.3563,-0.4078,0.1547,-0.1336,-0.2685,2640.0
Anomalia,0.0405,0.1237,0.3563,-0.223,0.1302,0.3037,-0.3216,1920.0
Anomalia,0.0318,0.117,0.3563,-0.2722,0.1213,0.2705,0.0721,2880.0
Anomalia,0.0324,0.1108,0.3273,-0.2722,0.1155,-0.0659,-0.4125,960.0
Anomalia,0.0243,0.1068,0.3273,-0.2722,0.1096,0.0745,-0.1455,960.0
Anomalia,0.0301,0.1054,0.2474,-0.2722,0.1096,-0.3256,-0.3638,960.0
Anomalia,0.0464,0.1058,0.2689,-0.2026,0.1155,-0.3071,-0.384,960.0
Anomalia,0.0263,0.1014,0.2689,-0.2266,0.1048,-0.3277,-0.0898,960.0
Anomalia,0.0273,0.1267,0.4727,-0.2537,0.1297,0.1386,0.3911,960.0
Anomalia,0.0239,0.1592,0.4727,-0.3532,0.161,0.0707,-0.1073,4080.0
Anomalia,0.0131,0.18,0.4727,-0.5441,0.1805,-0.1343,0.1066,3120.0
Anomalia,0.0427,0.1975,0.4727,-0.5441,0.2021,-0.3337,-0.2984,3120.0
Anomalia,0.0455,0.2073,0.4477,-0.5441,0.2122,-0.6008,-0.1255,2880.0
Anomalia,0.0446,0.202,0.4235,-0.5441,0.2068,-0.7538,0.4083,2880.0
Anomalia,0.0549,0.1866,0.4235,-0.5042,0.1945,-0.7485,0.65,2880.0
Anomalia,0.0213,0.1946,0.4122,-0.5042,0.1958,-0.6469,0.0987,960.0
Anomalia,0.0219,0.1741,0.4122,-0.5042,0.1754,-0.6246,0.3671,960.0
Anomalia,0.0232,0.1598,0.3749,-0.4135,0.1614,-0.5962,0.1594,2880.0
Anomalia,0.0111,0.1466,0.2937,-0.4135,0.147,-0.572,0.5329,2880.0
Anomalia,0.0406,0.1336,0.4229,-0.3411,0.1396,-0.1465,0.5094,2880.0
Anomalia,0.0305,0.1858,0.731,-0.5528,0.1883,0.2913,2.2494,2880.0
Anomalia,0.0382,0.2309,0.7333,-0.5528,0.2341,0.6143,0.8479,1920.0
Anomalia,0.0248,0.2937,0.7333,-0.7055,0.2948,0.0439,-0.0376,3360.0
Anomalia,0.0286,0.2966,0.7333,-0.7055,0.298,0.055,-0.109,3360.0
Anomalia,0.0301,0.2878,0.7333,-0.7055,0.2893,-0.1165,-0.1767,3360.0
Anomalia,0.027,0.2666,0.6192,-0.7055,0.268,-0.411,0.1041,3360.0
Anomalia,0.0418,0.2086,0.4907,-0.5343,0.2128,-0.244,0.042,3360.0
Anomalia,0.0268,0.2039,0.4907,-0.5343,0.2057,-0.2791,-0.0237,3360.0
Anomalia,0.0258,0.2046,0.4907,-0.5428,0.2062,-0.2147,-0.0879,960.0
Anomalia,0.0355,0.1997,0.5213,-0.5428,0.2028,-0.2028,-0.1103,960.0
Anomalia,0.0393,0.2129,0.5213,-0.5428,0.2165,0.017,-0.5521,4080.0
Anomalia,0.0464,0.2111,0.5213,-0.5428,0.2161,0.0012,-0.4398,4080.0
Anomalia,0.05,0.1808,0.5213,-0.3194,0.1875,0.2399,-0.3015,4080.0
Anomalia,0.0287,0.1627,0.441,-0.3194,0.1652,0.1896,0.1786,4080.0
Anomalia,0.0268,0.1483,0.4116,-0.3847,0.1507,-0.2158,0.4272,960.0
Anomalia,0.0094,0.1515,0.3563,-0.3847,0.1518,-0.2799,-0.1313,5280.0
Anomalia,0.0269,0.1636,0.3563,-0.3847,0.1658,-0.2903,-0.3217,5040.0
Anomalia,0.0327,0.1595,0.3563,-0.3847,0.1629,-0.3335,-0.2875,5040.0
Anomalia,0.0363,0.1533,0.3536,-0.3388,0.1576,-0.1781,-0.5261,5040.0
Anomalia,0.0429,0.1329,0.3536,-0.3388,0.1396,-0.0045,-0.201,5040.0
Anomalia,0.0336,0.1174,0.3492,-0.2286,0.1221,0.3358,-0.0963,5040.0
Anomalia,0.0372,0.1182,0.3492,-0.2286,0.1239,0.254,-0.1218,5040.0
Anomalia,0.0302,0.101,0.3492,-0.2165,0.1054,0.1769,0.2551,4080.0
Anomalia,0.0463,0.0978,0.3492,-0.2165,0.1082,-0.1028,0.4828,4080.0
Anomalia,0.0287,0.0974,0.2268,-0.2165,0.1015,-0.2469,-0.335,4080.0
Anomalia,0.0271,0.1146,0.3173,-0.3574,0.1177,-0.1802,0.2148,480.0
Anomalia,0.0356,0.1934,0.5543,-0.6119,0.1967,-0.0327,1.1512,3840.0
Anomalia,0.0109,0.2069,0.5543,-0.6119,0.2072,0.2315,0.487,2880.0
Anomalia,0.0398,0.2342,0.5543,-0.6119,0.2376,-0.0667,-0.3169,2880.0
Anomalia,0.0326,0.2359,0.5543,-0.6119,0.2382,-0.0107,-0.3565,2880.0
Anomalia,0.029,0.183,0.4846,-0.4548,0.1853,-0.0425,-0.309,3120.0
Anomalia,0.0413,0.2048,0.5019,-0.5766,0.2089,-0.3705,0.2246,3360.0
Anomalia,0.0251,0.2254,0.5209,-0.5858,0.2268,-0.3243,0.1223,5280.0
Anomalia,0.0174,0.2987,0.8142,-0.8096,0.2992,-0.1278,-0.0398,5040.0
Anomalia,0.0449,0.3195,0.8142,-0.8096,0.3226,-0.2137,-0.4254,5280.0
Anomalia,0.0215,0.312,0.8142,-0.8096,0.3127,-0.0014,-0.391,5280.0
Anomalia,0.0446,0.2867,0.8142,-0.8096,0.2901,-0.1438,0.1457,5280.0
Anomalia,0.0485,0.2119,0.5939,-0.4496,0.2174,0.0428,-0.3233,3360.0
Anomalia,0.0187,0.1804,0.4519,-0.4496,0.1814,-0.0909,-0.3856,3360.0
Anomalia,0.049,0.1772,0.4519,-0.3569,0.1838,-0.0606,-0.5469,4080.0
Anomalia,0.0228,0.1734,0.4266,-0.48,0.1749,0.0347,-0.3538,4080.0
Anomalia,0.0248,0.1629,0.4266,-0.48,0.1648,-0.0513,-0.1501,4080.0
Anomalia,0.0407,0.1668,0.4266,-0.48,0.1717,-0.0712,-0.0043,4080.0
Anomalia,0.0167,0.1474,0.3947,-0.48,0.1484,-0.1329,0.3718,3840.0
Anomalia,0.0288,0.1577,0.3947,-0.5505,0.1603,-0.4675,0.876,3840.0
Anomalia,0.0417,0.1699,0.4727,-0.5505,0.1749,-0.3105,0.6714,480.0
Anomalia,0.0162,0.1737,0.4727,-0.5505,0.1745,-0.2195,0.2154,4080.0
Anomalia,0.044,0.1802,0.4727,-0.5505,0.1855,-0.3945,0.0725,5280.0
Anomalia,0.0373,0.1647,0.4727,-0.3438,0.1689,0.0515,-0.5877,5280.0
Anomalia,0.0198,0.1542,0.3325,-0.3438,0.1555,-0.1292,-0.6651,5280.0
Anomalia,0.045,0.1403,0.3325,-0.3183,0.1474,-0.2784,-0.4415,4080.0
Anomalia,0.0205,0.1241,0.3056,-0.3183,0.1258,-0.1432,-0.2991,4080.0
Anomalia,0.0305,0.1179,0.3056,-0.3183,0.1218,-0.3556,-0.0076,480.0
Anomalia,0.05,0.1079,0.3056,-0.2193,0.1189,0.0842,-0.4541,960.0
Anomalia,0.032,0.1075,0.3006,-0.2193,0.1122,0.3463,-0.2276,960.0
Anomalia,0.0521,0.1152,0.377,-0.179,0.1264,0.3289,-0.1726,960.0
Anomalia,0.027,0.1486,0.377,-0.6075,0.151,-0.3248,1.0982,960.0
Anomalia,0.0236,0.22,0.7145,-0.6075,0.2212,0.365,0.8258,960.0
Anomalia,0.0301,0.2803,0.7145,-0.7293,0.2819,0.1438,-0.0923,960.0
Anomalia,0.0098,0.2958,0.7145,-0.7293,0.296,0.2457,-0.4497,960.0
Anomalia,0.0451,0.297,0.7145,-0.7293,0.3004,0.111,-0.5316,2880.0
Anomalia,0.0306,0.2643,0.674,-0.7293,0.266,0.0895,-0.2,2880.0
Anomalia,0.0367,0.215,0.6248,-0.4103,0.2181,0.164,-0.573,2880.0
Anomalia,0.0497,0.1912,0.6248,-0.4055,0.1976,0.3148,-0.2886,2880.0
Anomalia,0.0229,0.1937,0.4592,-0.4089,0.195,0.0571,-0.5239,2880.0
Anomalia,0.0443,0.1862,0.4592,-0.4423,0.1914,-0.2398,-0.2723,2880.0
Anomalia,0.0312,0.1667,0.4592,-0.4423,0.1696,-0.2942,0.2707,2880.0
Anomalia,0.0253,0.1769,0.4592,-0.4804,0.1787,-0.6026,0.5265,2880.0
Anomalia,0.0411,0.1904,0.6271,-0.6071,0.1948,-0.4496,2.1243,4080.0
Anomalia,0.0216,0.2355,0.6513,-0.8244,0.2365,-0.5441,1.8964,5040.0
Anomalia,0.0187,0.3194,0.8434,-1.1213,0.3199,-0.7832,1.3183,3360.0
Anomalia,0.05,0.3289,0.8434,-1.1213,0.3327,-0.7598,1.3123,3360.0
Anomalia,0.0213,0.3182,0.8434,-1.1213,0.3189,-0.643,1.3199,3360.0
Anomalia,0.0448,0.2923,0.8434,-1.1213,0.2957,-0.7974,2.1712,3360.0
Anomalia,0.0521,0.2013,0.7414,-0.4081,0.208,0.2593,0.527,3360.0
Anomalia,0.0138,0.1794,0.4389,-0.4081,0.1799,-0.103,-0.3429,3360.0
Anomalia,0.0401,0.1731,0.4389,-0.4076,0.1777,-0.1696,-0.3304,3360.0
Anomalia,0.0197,0.1404,0.4076,-0.3551,0.1417,0.0313,0.0185,3360.0
Anomalia,0.0243,0.1361,0.3734,-0.3551,0.1382,-0.1416,-0.2077,4080.0
Anomalia,0.0405,0.1296,0.3734,-0.3551,0.1358,-0.144,0.0119,4080.0
Anomalia,0.0374,0.1073,0.3313,-0.2643,0.1136,0.0568,-0.2034,2880.0
Anomalia,0.034,0.1274,0.377,-0.3104,0.1318,-0.0603,-0.1179,4080.0
Anomalia,0.0392,0.1532,0.4813,-0.3626,0.1581,-0.0509,0.3053,5280.0
Anomalia,0.0247,0.1692,0.4813,-0.3626,0.171,-0.0385,-0.2518,5280.0
Anomalia,0.033,0.1844,0.4813,-0.3626,0.1873,0.1132,-0.4552,3360.0
Anomalia,0.0432,0.1775,0.4813,-0.3626,0.1827,-0.0215,-0.3115,3360.0
Anomalia,0.023,0.1609,0.4648,-0.343,0.1625,0.0803,-0.2099,3360.0
Anomalia,0.0351,0.1521,0.4648,-0.343,0.1561,0.1231,0.0506,3360.0
Anomalia,0.023,0.1478,0.3615,-0.3995,0.1495,-0.3606,0.0235,3360.0
Anomalia,0.0156,0.1689,0.367,-0.4089,0.1696,-0.1988,-0.2118,3360.0
Anomalia,0.0445,0.1818,0.4475,-0.4089,0.1871,-0.1575,-0.3274,3360.0
Anomalia,0.0312,0.1734,0.4475,-0.4089,0.1762,0.0339,-0.1529,3360.0
Anomalia,0.0404,0.1661,0.4475,-0.4089,0.171,0.0842,-0.217,3360.0
Anomalia,0.0402,0.1567,0.4475,-0.3807,0.1617,0.2162,-0.2451,3360.0
Anomalia,0.0223,0.1802,0.5994,-0.4091,0.1816,0.2791,0.2693,4080.0
Anomalia,0.0386,0.1828,0.5994,-0.4091,0.1868,0.095,0.1103,4080.0
Anomalia,0.0312,0.1937,0.5994,-0.4091,0.1962,0.2404,-0.2381,4080.0
Anomalia,0.0375,0.1854,0.5994,-0.4091,0.1891,0.1352,0.0754,4080.0
Anomalia,0.0401,0.1468,0.4043,-0.3515,0.1522,-0.0997,-0.3663,4080.0
Anomalia,0.0326,0.2008,0.7756,-0.6027,0.2035,0.2887,1.8933,4080.0
Anomalia,0.0402,0.2525,0.8209,-0.6027,0.2556,0.4875,1.0017,5280.0
Anomalia,0.0164,0.2991,0.8209,-0.7229,0.2995,0.2764,0.2543,5280.0
Anomalia,0.0252,0.3225,0.8209,-0.7229,0.3234,0.2189,-0.2469,5280.0
Anomalia,0.0234,0.297,0.8209,-0.7229,0.2979,0.1887,-0.0122,5280.0
Anomalia,0.0178,0.2617,0.6807,-0.7229,0.2623,0.0189,0.3458,3360.0
Anomalia,0.043,0.2284,0.6496,-0.5943,0.2325,0.0846,0.174,3360.0
Anomalia,0.0387,0.211,0.5376,-0.5422,0.2145,0.1161,-0.0552,3360.0
Anomalia,0.0339,0.2238,0.5839,-0.5422,0.2263,0.135,0.059,3360.0
Anomalia,0.0446,0.2134,0.5839,-0.5422,0.218,-0.1252,0.0988,3120.0
Anomalia,0.0216,0.1928,0.5839,-0.4679,0.194,0.2975,0.0986,3360.0
Anomalia,0.0295,0.1762,0.5839,-0.4679,0.1787,0.1186,0.3691,3360.0
Anomalia,0.0306,0.1475,0.4137,-0.29,0.1506,0.1319,-0.576,480.0
Anomalia,0.0211,0.1656,0.4821,-0.5831,0.1669,-0.1416,0.7257,2880.0
Anomalia,0.0488,0.1882,0.5601,-0.5831,0.1944,-0.1711,0.4277,4080.0
Anomalia,0.0266,0.1965,0.5601,-0.5831,0.1982,-0.0108,0.0384,4080.0
Anomalia,0.0395,0.2017,0.5601,-0.5831,0.2056,-0.1059,-0.1397,5280.0
Anomalia,0.0368,0.179,0.5601,-0.393,0.1827,0.0987,-0.3541,5280.0
Anomalia,0.0228,0.1515,0.3528,-0.2825,0.1532,0.0517,-0.6624,480.0
Anomalia,0.0302,0.1377,0.3528,-0.2825,0.141,0.124,-0.5354,480.0
Anomalia,0.0247,0.1279,0.3012,-0.2825,0.1303,-0.0818,-0.4539,960.0
Anomalia,0.0247,0.1214,0.3012,-0.2825,0.1239,-0.153,-0.4096,960.0
Anomalia,0.0354,0.1096,0.2464,-0.277,0.1152,-0.2163,-0.4296,960.0
Anomalia,0.0428,0.1094,0.3738,-0.277,0.1174,0.1018,-0.094,960.0
Anomalia,0.0319,0.1144,0.3738,-0.2407,0.1188,0.2652,-0.2126,960.0
Anomalia,0.0351,0.1521,0.6123,-0.2933,0.1561,0.5896,1.1769,960.0
Anomalia,0.0372,0.2255,0.711,-0.6995,0.2285,0.0985,1.2061,2880.0
Anomalia,0.0265,0.285,0.711,-0.863,0.2863,-0.261,0.4816,2880.0
Anomalia,0.0469,0.3013,0.711,-0.863,0.305,-0.3752,0.0438,2880.0
Anomalia,0.0295,0.306,0.711,-0.863,0.3075,-0.3961,-0.1107,2880.0
Anomalia,0.027,0.2706,0.5966,-0.863,0.2719,-0.5626,0.245,2880.0
Anomalia,0.0258,0.2387,0.5051,-0.7625,0.2401,-0.5405,0.1014,2880.0
Anomalia,0.0317,0.2576,0.8055,-0.7625,0.2595,-0.0553,0.475,5040.0
Anomalia,0.0319,0.2692,0.8055,-0.7625,0.2711,0.0106,0.3442,5040.0
Anomalia,0.037,0.2836,0.8055,-0.7625,0.286,0.0425,-0.0376,3360.0
Anomalia,0.0374,0.2811,0.8055,-0.5904,0.2836,0.2277,-0.3806,3360.0
Anomalia,0.0277,0.2562,0.6521,-0.5904,0.2577,-0.104,-0.516,3360.0
Anomalia,0.0352,0.2451,0.5633,-0.4988,0.2477,-0.161,-0.7508,3360.0
Anomalia,0.0245,0.2262,0.5706,-0.4988,0.2275,-0.0934,-0.4474,3360.0
Anomalia,0.0272,0.2233,0.5706,-0.4988,0.225,-0.1901,-0.4734,5280.0
Anomalia,0.0299,0.2168,0.5706,-0.4988,0.2188,-0.0368,-0.1967,5280.0
Anomalia,0.0351,0.2057,0.5706,-0.4777,0.2087,0.0837,-0.1713,5280.0
Anomalia,0.0444,0.1955,0.5126,-0.4777,0.2005,-0.1087,-0.1064,5280.0
Anomalia,0.0438,0.164,0.5126,-0.3855,0.1697,0.2725,0.3575,2880.0
Anomalia,0.0331,0.1646,0.4711,-0.3855,0.1679,0.2039,0.0635,2880.0
Anomalia,0.0316,0.1766,0.5169,-0.4944,0.1794,0.0546,0.3942,480.0
Anomalia,0.0205,0.1802,0.5169,-0.4944,0.1814,0.1173,0.1571,960.0
Anomalia,0.0277,0.1947,0.5169,-0.4944,0.1967,0.2295,-0.0204,4080.0
Anomalia,0.0323,0.1903,0.5169,-0.4944,0.193,0.2507,0.113,960.0
Anomalia,0.0311,0.1538,0.4957,-0.2599,0.1569,0.7028,0.4477,3120.0
Anomalia,0.0333,0.1489,0.4957,-0.2599,0.1526,0.8564,0.706,960.0
Anomalia,0.0298,0.1255,0.4452,-0.1969,0.129,0.6282,0.0462,480.0
Anomalia,0.0322,0.1152,0.3392,-0.1969,0.1197,0.3486,-0.5008,960.0
Anomalia,0.0401,0.111,0.3392,-0.1969,0.118,0.272,-0.5123,960.0
Anomalia,0.0363,0.0976,0.3085,-0.1698,0.1041,0.1758,-0.4191,960.0
Anomalia,0.0485,0.0961,0.3225,-0.1698,0.1077,0.2461,0.014,2880.0
Anomalia,0.0281,0.1149,0.363,-0.333,0.1183,-0.1989,0.6636,2640.0
Anomalia,0.0255,0.1495,0.5411,-0.333,0.1516,0.3854,1.0655,2640.0
Anomalia,0.0371,0.1806,0.5411,-0.3922,0.1844,0.1552,-0.0745,2880.0
Anomalia,0.0174,0.2086,0.5411,-0.5201,0.2093,0.1277,-0.2345,2880.0
Anomalia,0.0487,0.2176,0.5411,-0.5201,0.2229,-0.1848,-0.4475,2880.0
Anomalia,0.0233,0.2094,0.4602,-0.5201,0.2107,-0.113,-0.6115,2880.0
Anomalia,0.0246,0.1899,0.4491,-0.5201,0.1914,-0.1833,-0.1924,2880.0
Anomalia,0.0332,0.1573,0.3932,-0.3978,0.1607,-0.1186,-0.4476,2880.0
Anomalia,0.0141,0.1332,0.3526,-0.3058,0.1339,0.0641,-0.6957,2880.0
Anomalia,0.0511,0.1118,0.3526,-0.2007,0.1229,0.0492,-0.3959,1200.0
Anomalia,0.034,0.1106,0.2848,-0.1934,0.1157,-0.1664,-0.8082,480.0
Anomalia,0.0392,0.1164,0.3179,-0.1934,0.1228,-0.0477,-0.6018,960.0
Anomalia,0.0516,0.152,0.5854,-0.3509,0.1605,0.526,1.1412,1920.0
Anomalia,0.0431,0.2139,0.6665,-0.5407,0.2182,0.2468,0.7479,1920.0
Anomalia,0.0248,0.264,0.6665,-0.5991,0.2652,-0.0603,-0.2017,1920.0
Anomalia,0.0324,0.293,0.7003,-0.5991,0.2947,0.0437,-0.5963,3360.0
Anomalia,0.0062,0.293,0.7003,-0.5991,0.2931,0.0903,-0.6642,3360.0
Anomalia,0.0248,0.2751,0.7003,-0.5991,0.2762,-0.0327,-0.6966,3360.0
Anomalia,0.0445,0.2373,0.7003,-0.4848,0.2414,0.1092,-0.4261,3360.0
Anomalia,0.0309,0.2136,0.5336,-0.4848,0.2158,0.0221,-0.5678,3360.0
Anomalia,0.0437,0.1988,0.5336,-0.4055,0.2036,0.0369,-0.4525,2640.0
Anomalia,0.0237,0.1705,0.5336,-0.4055,0.1722,-0.0999,0.0371,2640.0
Anomalia,0.0328,0.1642,0.5336,-0.3469,0.1675,-0.0044,-0.144,2880.0
Anomalia,0.0328,0.1516,0.3513,-0.3469,0.1551,-0.2953,-0.4711,2880.0
Anomalia,0.0408,0.1314,0.3513,-0.2985,0.1376,-0.0665,-0.5062,960.0
Anomalia,0.0246,0.1303,0.3513,-0.3092,0.1326,-0.0015,-0.3597,3840.0
Anomalia,0.0378,0.1483,0.5983,-0.3269,0.1531,0.3081,1.1371,3600.0
Anomalia,0.0302,0.1562,0.5983,-0.3469,0.159,0.3478,0.8174,3360.0
Anomalia,0.0371,0.1756,0.5983,-0.3555,0.1795,0.2484,0.1387,3360.0
Anomalia,0.0505,0.177,0.5983,-0.3555,0.1841,0.151,-0.0494,3360.0
Anomalia,0.025,0.1598,0.4681,-0.3555,0.1617,0.086,-0.332,3360.0
Anomalia,0.0409,0.1487,0.4681,-0.3555,0.1542,0.0396,-0.1616,3360.0
Anomalia,0.0233,0.1253,0.3169,-0.3135,0.1275,0.0179,-0.3358,3360.0
Anomalia,0.0286,0.1187,0.2766,-0.3135,0.1221,-0.2916,-0.2153,3360.0
Anomalia,0.0428,0.1264,0.3763,-0.2739,0.1334,0.1908,-0.2477,960.0
Anomalia,0.0269,0.1239,0.3763,-0.2883,0.1268,0.156,0.0728,3360.0
Anomalia,0.036,0.1348,0.3763,-0.3624,0.1395,-0.1541,-0.0443,960.0
Anomalia,0.0211,0.1646,0.3763,-0.4875,0.1659,-0.3041,0.1755,960.0
Anomalia,0.023,0.1799,0.4809,-0.4875,0.1814,-0.243,0.3915,5040.0
Anomalia,0.0415,0.1823,0.4809,-0.4875,0.1869,-0.3705,0.3523,5040.0
Anomalia,0.0311,0.189,0.4809,-0.4875,0.1916,-0.2502,0.2369,720.0
Anomalia,0.0555,0.1653,0.4809,-0.455,0.1743,-0.2892,0.7595,3120.0
Anomalia,0.0375,0.1517,0.3757,-0.4277,0.1562,-0.2647,0.043,480.0
Anomalia,0.0316,0.1839,0.5935,-0.4277,0.1866,0.1399,0.1751,480.0
Anomalia,0.0466,0.2524,0.9959,-0.6836,0.2567,0.3876,1.3008,5280.0
Anomalia,0.0116,0.2909,0.9959,-0.6891,0.2911,0.2902,0.3082,5040.0
Anomalia,0.0386,0.3091,0.9959,-0.6891,0.3115,0.1454,-0.1424,5280.0
Anomalia,0.0306,0.2949,0.9959,-0.6891,0.2965,0.1778,0.2447,5280.0
Anomalia,0.0249,0.2339,0.6188,-0.6891,0.2353,-0.1258,0.2128,3360.0
Anomalia,0.0518,0.1994,0.6188,-0.4402,0.206,0.1782,0.1936,3360.0
Anomalia,0.0325,0.1735,0.3982,-0.4158,0.1765,-0.3002,-0.103,3360.0
Anomalia,0.0246,0.1869,0.4838,-0.4158,0.1885,-0.0817,-0.2129,3360.0
Anomalia,0.0409,0.1942,0.5558,-0.4158,0.1985,0.0419,0.1088,960.0
Anomalia,0.0222,0.2007,0.5558,-0.4842,0.2019,-0.0064,-0.0414,2880.0
Anomalia,0.0368,0.198,0.5558,-0.4842,0.2014,0.2004,0.1419,2880.0
Anomalia,0.0482,0.1852,0.5558,-0.4842,0.1914,0.0536,0.3052,2880.0
Anomalia,0.0191,0.1823,0.4923,-0.4842,0.1833,-0.1865,-0.0943,960.0
Anomalia,0.0416,0.1663,0.4923,-0.3667,0.1714,-0.0481,0.0171,1200.0
Anomalia,0.0318,0.1731,0.4128,-0.3667,0.176,-0.2442,-0.6002,960.0
Anomalia,0.0338,0.1669,0.4128,-0.3667,0.1703,-0.2333,-0.413,5280.0
Anomalia,0.0548,0.1518,0.4128,-0.3309,0.1614,-0.1689,-0.2811,960.0
Anomalia,0.028,0.1438,0.4128,-0.2971,0.1465,0.129,-0.3029,4080.0
Anomalia,0.0259,0.1184,0.3392,-0.2407,0.1212,0.2262,-0.2107,4080.0
Anomalia,0.0243,0.1073,0.3058,-0.2407,0.11,0.061,-0.3892,960.0
Anomalia,0.0177,0.104,0.2355,-0.2407,0.1055,0.0247,-0.6723,960.0
Anomalia,0.0403,0.0936,0.2539,-0.1594,0.1019,0.1009,-0.7621,960.0
Anomalia,0.0416,0.0908,0.2539,-0.1571,0.0999,0.0433,-0.7085,480.0
Anomalia,0.0341,0.091,0.2539,-0.2297,0.0972,0.0006,-0.3249,480.0
Anomalia,0.0452,0.1348,0.7458,-0.2841,0.1422,1.3884,5.4664,2640.0
Anomalia,0.0228,0.2501,0.8839,-0.745,0.2511,0.4274,2.3333,3120.0
Anomalia,0.0337,0.2933,0.8839,-0.8251,0.2952,-0.0018,0.8365,2880.0
Anomalia,0.04,0.3192,0.8839,-0.8251,0.3217,-0.016,-0.0147,2880.0
Anomalia,0.0271,0.3128,0.8839,-0.8251,0.314,-0.0394,0.0358,2880.0
Anomalia,0.0515,0.2452,0.5898,-0.8251,0.2506,-0.4801,0.4644,2880.0
Anomalia,0.027,0.2126,0.5898,-0.4886,0.2143,-0.0313,-0.3364,4080.0
Anomalia,0.0291,0.1806,0.3853,-0.4886,0.1829,-0.3346,-0.143,4080.0
Anomalia,0.0251,0.175,0.3565,-0.4886,0.1768,-0.2848,-0.4202,4080.0
Anomalia,0.0088,0.1729,0.3565,-0.4886,0.1731,-0.1554,-0.5813,4080.0
Anomalia,0.0364,0.1509,0.3377,-0.3342,0.1553,-0.2389,-0.5039,3360.0
Anomalia,0.0313,0.1577,0.3377,-0.402,0.1607,-0.2974,-0.3827,1200.0
Anomalia,0.0398,0.1861,0.495,-0.7602,0.1903,-0.8845,2.2263,3360.0
Anomalia,0.054,0.2073,0.5153,-0.7602,0.2142,-0.6463,1.402,1920.0
Anomalia,0.0224,0.2568,0.5338,-0.7925,0.2578,-0.5949,0.5304,3120.0
Anomalia,0.032,0.2663,0.548,-0.7925,0.2682,-0.5283,0.2859,3120.0
Anomalia,0.0292,0.2528,0.548,-0.7925,0.2545,-0.3166,0.0331,3360.0
Anomalia,0.0207,0.2426,0.5489,-0.7925,0.2435,-0.3035,0.2807,3360.0
Anomalia,0.0454,0.1971,0.5489,-0.3421,0.2022,0.1701,-0.5821,3360.0
Anomalia,0.0356,0.1993,0.5489,-0.5733,0.2024,-0.0595,-0.4149,3360.0
Anomalia,0.0214,0.1856,0.5489,-0.5733,0.1868,0.0614,-0.0952,4080.0
Anomalia,0.0371,0.1637,0.4224,-0.5733,0.1678,-0.3084,0.1714,3360.0
Anomalia,0.0309,0.1724,0.4224,-0.5733,0.1752,-0.3278,-0.0368,2880.0
Anomalia,0.0328,0.1393,0.3747,-0.3628,0.1431,-0.2105,-0.2388,4080.0
Anomalia,0.0476,0.1342,0.3747,-0.3628,0.1424,-0.2075,0.3211,4080.0
Anomalia,0.0264,0.1408,0.3747,-0.3628,0.1433,-0.0549,0.0627,4080.0
Anomalia,0.0242,0.1384,0.4656,-0.2712,0.1405,0.3221,0.3974,4080.0
Anomalia,0.0345,0.1497,0.4656,-0.3392,0.1537,0.2721,0.0027,4080.0
Anomalia,0.0294,0.1554,0.4656,-0.3392,0.1582,0.2869,-0.2007,4080.0
Anomalia,0.0379,0.1456,0.4656,-0.3392,0.1504,0.3484,0.132,4080.0
Anomalia,0.038,0.1407,0.3534,-0.3392,0.1457,0.0816,-0.1937,960.0
Anomalia,0.021,0.1519,0.4024,-0.4131,0.1533,0.0481,-0.016,960.0
Anomalia,0.04,0.1675,0.6569,-0.4131,0.1723,0.4056,0.985,3360.0
Anomalia,0.0291,0.1845,0.6569,-0.4287,0.1867,0.2236,0.3969,3360.0
Anomalia,0.0426,0.1948,0.6569,-0.4813,0.1994,-0.0299,0.306,3360.0
Anomalia,0.05,0.1923,0.6569,-0.4813,0.1987,-0.0791,0.339,3360.0
Anomalia,0.0202,0.1806,0.4062,-0.4813,0.1817,-0.2879,-0.3061,3360.0
Anomalia,0.0351,0.1909,0.4652,-0.4813,0.1941,-0.1232,-0.3653,960.0
Anomalia,0.0162,0.205,0.5966,-0.4514,0.2056,0.3436,-0.1691,5040.0
Anomalia,0.0232,0.2053,0.5966,-0.4514,0.2066,0.4342,-0.1734,5040.0
Anomalia,0.0451,0.2098,0.5966,-0.4514,0.2146,0.2496,-0.4671,5280.0
Anomalia,0.0347,0.1872,0.5966,-0.4514,0.1904,0.373,0.1258,3360.0
Anomalia,0.0387,0.1737,0.4802,-0.4416,0.1779,-0.0612,-0.321,3360.0
Anomalia,0.0268,0.2151,0.693,-0.586,0.2168,-0.3062,0.2626,3360.0
Anomalia,0.0248,0.2781,0.9619,-0.8326,0.2792,0.0324,1.1541,1920.0
Anomalia,0.0289,0.3298,0.9619,-0.8326,0.331,0.0467,-0.0765,3360.0
Anomalia,0.0306,0.3546,0.9619,-0.8326,0.356,0.1197,-0.4043,3360.0
Anomalia,0.0426,0.3423,0.9619,-0.8326,0.3449,0.1357,-0.2654,3360.0
Anomalia,0.0388,0.2925,0.8288,-0.5904,0.295,0.187,-0.2741,3360.0
Anomalia,0.0361,0.2604,0.7391,-0.5858,0.2629,0.1246,-0.1673,3360.0
Anomalia,0.0337,0.2265,0.5259,-0.5858,0.229,0.0187,-0.358,3360.0
Anomalia,0.0269,0.2182,0.5712,-0.5858,0.2198,0.0881,-0.1451,3360.0
Anomalia,0.0191,0.2181,0.5712,-0.5858,0.2189,0.0796,-0.1349,3360.0
Anomalia,0.0322,0.1984,0.5712,-0.4571,0.201,0.2274,-0.2984,3360.0
Anomalia,0.0375,0.178,0.5712,-0.4035,0.1819,0.2544,-0.1455,2880.0
Anomalia,0.0373,0.1515,0.3791,-0.3434,0.156,0.0061,-0.4158,2880.0
Anomalia,0.0322,0.1857,0.6102,-0.5489,0.1885,-0.0565,0.6187,2880.0
Anomalia,0.027,0.2189,0.6615,-0.5489,0.2205,0.1649,0.7806,5280.0
Anomalia,0.0247,0.2339,0.6615,-0.5489,0.2352,0.1651,0.1904,5280.0
Anomalia,0.0375,0.2471,0.6615,-0.5489,0.2499,0.0582,-0.2808,5280.0
Anomalia,0.0515,0.2187,0.6615,-0.5234,0.2247,0.0629,-0.0335,5280.0
Anomalia,0.0348,0.1823,0.4533,-0.3647,0.1856,0.0097,-0.6411,5280.0
Anomalia,0.0438,0.1565,0.4131,-0.3484,0.1625,-0.115,-0.2852,960.0
Anomalia,0.019,0.1338,0.3348,-0.3484,0.1352,-0.058,-0.1013,4080.0
Anomalia,0.0272,0.1219,0.3348,-0.3484,0.1249,-0.2655,0.5582,480.0
Anomalia,0.0383,0.1012,0.3348,-0.2314,0.1082,0.1919,0.6887,1440.0
Anomalia,0.0278,0.1076,0.3148,-0.2314,0.1111,0.2048,-0.0374,960.0
Anomalia,0.0471,0.122,0.3148,-0.3563,0.1307,-0.1359,0.2334,4560.0
Anomalia,0.0265,0.1721,0.6154,-0.4179,0.1741,0.181,0.8826,5280.0
Anomalia,0.0164,0.2397,0.7239,-0.571,0.2403,0.2135,0.27,2880.0
Anomalia,0.0276,0.2824,0.7623,-0.7124,0.2838,0.0704,-0.0893,2880.0
Anomalia,0.0162,0.3051,0.7623,-0.7124,0.3055,0.1975,-0.3985,2880.0
Anomalia,0.0363,0.292,0.7623,-0.7124,0.2942,-0.0081,-0.2116,2880.0
Anomalia,0.0459,0.2572,0.7623,-0.7124,0.2613,-0.1518,0.2398,2880.0
Anomalia,0.0307,0.2397,0.6482,-0.5958,0.2416,-0.0381,-0.4836,2880.0
Anomalia,0.0432,0.2516,0.7504,-0.6801,0.2553,-0.1062,-0.0411,5280.0
Anomalia,0.0236,0.2835,0.7504,-0.6801,0.2845,-0.0017,-0.3699,5280.0
Anomalia,0.0335,0.3035,0.7504,-0.6801,0.3054,0.0092,-0.6375,3360.0
Anomalia,0.0367,0.2876,0.7504,-0.6801,0.2899,-0.0054,-0.3179,3360.0
Anomalia,0.0318,0.2532,0.6281,-0.6256,0.2552,-0.0451,-0.3191,3360.0
Anomalia,0.0391,0.2273,0.6281,-0.4496,0.2306,-0.0118,-0.6305,3360.0
Anomalia,0.0221,0.216,0.7095,-0.5182,0.2172,0.0819,-0.0909,3360.0
Anomalia,0.0248,0.2281,0.7095,-0.5182,0.2295,0.0481,-0.3135,5280.0
Anomalia,0.0281,0.2328,0.7095,-0.5182,0.2344,-0.0719,-0.2952,5280.0
Anomalia,0.0278,0.2228,0.7095,-0.5182,0.2245,-0.0716,0.0886,5280.0
Anomalia,0.0458,0.1915,0.4905,-0.4859,0.1969,-0.4234,-0.2153,5280.0
Anomalia,0.0446,0.1605,0.4024,-0.4859,0.1666,-0.5281,0.6463,5280.0
Anomalia,0.0269,0.1563,0.4024,-0.4233,0.1586,-0.2305,0.2011,5280.0
Anomalia,0.0283,0.1557,0.3697,-0.4233,0.1582,-0.0547,-0.2799,5280.0
Anomalia,0.0179,0.1472,0.3697,-0.4233,0.1482,0.0019,0.0129,5280.0
Anomalia,0.0257,0.1587,0.3697,-0.4233,0.1608,0.0095,-0.3835,5280.0
Anomalia,0.042,0.1442,0.3697,-0.3073,0.1502,0.1476,-0.5268,960.0
Anomalia,0.0406,0.1218,0.3534,-0.2105,0.1284,0.2526,-0.4372,960.0
Anomalia,0.0347,0.1374,0.4331,-0.2564,0.1417,0.3967,-0.0486,4080.0
Anomalia,0.0363,0.1332,0.4331,-0.2564,0.1381,0.3904,-0.0085,4080.0
Anomalia,0.024,0.1246,0.4331,-0.2564,0.1269,0.5216,0.4797,4080.0
Anomalia,0.033,0.1251,0.4331,-0.2564,0.1294,0.3865,0.3143,960.0
Anomalia,0.0317,0.1068,0.3012,-0.1994,0.1114,0.1943,-0.5198,960.0
Anomalia,0.0164,0.1241,0.267,-0.4083,0.1252,-0.5054,0.3619,1200.0
Anomalia,0.0309,0.1487,0.5647,-0.4083,0.1519,0.1241,1.0268,960.0
Anomalia,0.0158,0.1753,0.5647,-0.4915,0.176,-0.0763,0.6305,960.0
Anomalia,0.0342,0.1957,0.5647,-0.4915,0.1987,0.0792,0.2325,3120.0
Anomalia,0.0462,0.1956,0.5647,-0.4915,0.201,0.1649,0.1513,960.0
Anomalia,0.0319,0.1917,0.5192,-0.4915,0.1943,0.0782,-0.0543,960.0
Anomalia,0.0512,0.1756,0.5192,-0.3271,0.1829,0.1899,-0.2608,4080.0
Anomalia,0.0261,0.1613,0.4081,-0.3271,0.1634,0.0525,-0.6037,960.0
Anomalia,0.0267,0.1496,0.3323,-0.3419,0.1519,-0.2677,-0.5945,480.0
Anomalia,0.0363,0.138,0.3121,-0.3419,0.1427,-0.3867,-0.2797,1200.0
Anomalia,0.0206,0.1261,0.2772,-0.3419,0.1277,-0.3398,-0.481,1200.0
Anomalia,0.0413,0.1138,0.2772,-0.3419,0.1211,-0.5718,0.3031,4080.0
Anomalia,0.0274,0.1267,0.4239,-0.2714,0.1296,0.0434,-0.0518,4080.0
Anomalia,0.0129,0.1786,0.5576,-0.6048,0.1791,-0.0096,1.2464,1920.0
Anomalia,0.0329,0.238,0.9847,-0.6048,0.2402,0.6682,1.7163,1920.0
Anomalia,0.0251,0.2684,0.9847,-0.6181,0.2696,0.3375,0.6088,1920.0
Anomalia,0.0357,0.2785,0.9847,-0.6181,0.2808,0.383,0.6046,3360.0
Anomalia,0.0546,0.2593,0.9847,-0.6181,0.265,0.4146,0.9583,3360.0
Anomalia,0.0359,0.21,0.7619,-0.6181,0.2131,0.0236,1.1384,3360.0
Anomalia,0.0359,0.1796,0.7619,-0.3403,0.1832,0.624,1.7346,3360.0
Anomalia,0.0249,0.1736,0.3964,-0.4325,0.1754,-0.1419,-0.3618,1920.0
Anomalia,0.0224,0.1686,0.3964,-0.4325,0.1701,-0.2918,-0.3381,5280.0
Anomalia,0.0287,0.1835,0.5034,-0.4325,0.1857,-0.0306,-0.4052,960.0
Anomalia,0.0436,0.2027,0.5034,-0.4325,0.2073,0.0024,-0.7711,480.0
Anomalia,0.0451,0.1876,0.5034,-0.3461,0.193,0.0725,-0.6822,1200.0
Anomalia,0.0423,0.1768,0.5034,-0.3461,0.1818,0.1683,-0.4191,2880.0
Anomalia,0.0266,0.1685,0.4212,-0.3461,0.1706,0.0864,-0.4671,960.0
Anomalia,0.0122,0.1455,0.3603,-0.3461,0.146,-0.1082,-0.6141,3840.0
Anomalia,0.0324,0.1496,0.3603,-0.2933,0.1531,0.0397,-0.8673,3360.0
Anomalia,0.0277,0.1497,0.3603,-0.2933,0.1522,0.0148,-0.8159,3360.0
Anomalia,0.0427,0.1393,0.3252,-0.2916,0.1456,-0.0327,-0.7109,3360.0
Anomalia,0.0374,0.1239,0.3252,-0.2516,0.1294,0.2325,-0.5776,3360.0
Anomalia,0.0213,0.1089,0.3142,-0.2516,0.111,0.0348,-0.3147,3360.0
Anomalia,0.0327,0.1001,0.3142,-0.2126,0.1053,0.0395,-0.4511,3360.0
Anomalia,0.0241,0.0895,0.2188,-0.2126,0.0927,-0.0492,-0.4919,960.0
Anomalia,0.0419,0.089,0.2835,-0.2126,0.0984,-0.0788,-0.1546,960.0
Anomalia,0.0464,0.0891,0.2835,-0.1446,0.1004,0.1496,-0.6553,4080.0
Anomalia,0.0286,0.0975,0.3311,-0.1825,0.1016,0.4623,0.0863,480.0
Anomalia,0.0502,0.1703,0.6513,-0.4654,0.1775,0.6926,2.0491,5280.0
Anomalia,0.0074,0.2083,0.6513,-0.7135,0.2084,0.1687,1.6557,5280.0
Anomalia,0.0268,0.2355,0.6513,-0.7135,0.237,0.0101,0.3199,5280.0
Anomalia,0.0328,0.2574,0.6513,-0.7135,0.2595,-0.1002,-0.3124,2880.0
Anomalia,0.0173,0.2206,0.44,-0.7135,0.2212,-0.3715,0.1156,2880.0
Anomalia,0.0525,0.1955,0.44,-0.4544,0.2024,-0.2953,-0.3942,2880.0
Anomalia,0.023,0.2164,0.59,-0.4544,0.2176,0.0233,-0.2811,2880.0
Anomalia,0.0251,0.2493,0.6788,-0.9313,0.2505,-0.4943,1.5084,5280.0
Anomalia,0.0405,0.2765,0.6788,-0.9313,0.2794,-0.4558,0.4694,5040.0
Anomalia,0.0313,0.2974,0.6788,-0.9313,0.2991,-0.3252,-0.1291,3360.0
Anomalia,0.047,0.2776,0.6788,-0.9313,0.2816,-0.5021,0.4481,3360.0
Anomalia,0.0515,0.2322,0.5822,-0.4529,0.2378,-0.1182,-0.6185,3360.0
Anomalia,0.0232,0.213,0.5822,-0.4529,0.2143,0.0076,-0.4627,3360.0
Anomalia,0.0272,0.2019,0.5545,-0.4969,0.2037,0.0724,-0.1578,3360.0
Anomalia,0.0188,0.1899,0.5545,-0.4969,0.1908,0.0861,0.0487,1200.0
Anomalia,0.019,0.1951,0.5545,-0.4969,0.1961,-0.0342,0.2156,3120.0
Anomalia,0.0442,0.1972,0.5545,-0.4969,0.2021,0.034,0.231,2880.0
Anomalia,0.0376,0.1658,0.5247,-0.4356,0.17,0.2138,0.5062,2880.0
Anomalia,0.0466,0.155,0.5247,-0.4356,0.1618,-0.0265,1.0467,2880.0
Anomalia,0.0303,0.1493,0.5247,-0.3895,0.1523,0.1862,0.5615,960.0
Anomalia,0.018,0.1457,0.4969,-0.3895,0.1468,0.0486,0.5377,3840.0
Anomalia,0.025,0.1528,0.4969,-0.3895,0.1549,-0.0635,0.3121,720.0
Anomalia,0.026,0.1625,0.4969,-0.3895,0.1645,-0.0584,-0.1801,5280.0
Anomalia,0.0343,0.1452,0.4969,-0.3227,0.1492,0.0622,0.3317,960.0
Anomalia,0.0323,0.1152,0.3106,-0.3227,0.1197,-0.2441,0.3959,5280.0
Anomalia,0.0352,0.1126,0.3058,-0.2795,0.118,-0.0576,-0.2395,960.0
Anomalia,0.0217,0.0964,0.3058,-0.2155,0.0988,0.11,-0.2891,960.0
Anomalia,0.0396,0.1071,0.3058,-0.2155,0.1141,-0.0308,-0.5288,960.0
Anomalia,0.0339,0.1083,0.3058,-0.2155,0.1135,-0.0078,-0.5339,960.0
Anomalia,0.0342,0.1068,0.2927,-0.2155,0.1122,-0.029,-0.5666,960.0
Anomalia,0.0372,0.109,0.2927,-0.2441,0.1152,-0.0726,-0.549,960.0
Anomalia,0.0261,0.1645,0.4491,-0.62,0.1665,-0.4714,2.0614,960.0
Anomalia,0.0298,0.2225,0.5983,-0.62,0.2244,-0.2991,0.3438,3120.0
Anomalia,0.0191,0.2462,0.5983,-0.62,0.2469,-0.2906,-0.2683,3120.0
Anomalia,0.0252,0.2574,0.5983,-0.62,0.2586,-0.3311,-0.4791,3120.0
Anomalia,0.0267,0.2475,0.5983,-0.533,0.2489,-0.2737,-0.5756,2880.0
Anomalia,0.0256,0.2093,0.4151,-0.5026,0.2108,-0.3281,-0.3897,960.0
Anomalia,0.0385,0.1799,0.4151,-0.4485,0.184,-0.2272,-0.1149,4080.0
Anomalia,0.0276,0.1635,0.3972,-0.4421,0.1658,0.0132,-0.1477,960.0
Anomalia,0.0317,0.1376,0.3463,-0.275,0.1412,0.2565,-0.6529,480.0
Anomalia,0.0311,0.1233,0.3323,-0.2001,0.1272,0.1982,-0.7383,480.0
Anomalia,0.0338,0.1151,0.3323,-0.2001,0.12,0.0943,-0.4351,480.0
Anomalia,0.0355,0.1325,0.4946,-0.214,0.1372,0.285,-0.0672,1680.0
Anomalia,0.0295,0.189,0.7579,-0.4727,0.1913,0.8272,2.4941,1920.0
Anomalia,0.0188,0.2272,0.7579,-0.6661,0.228,0.305,1.1475,3120.0
Anomalia,0.0409,0.2758,0.7579,-0.6661,0.2788,0.4046,0.0303,3360.0
Anomalia,0.0286,0.2849,0.7579,-0.6661,0.2863,0.3134,-0.0207,3360.0
Anomalia,0.0405,0.2693,0.727,-0.6661,0.2723,0.1114,-0.1372,3360.0
Anomalia,0.0469,0.2481,0.727,-0.5605,0.2525,0.2099,0.1058,3360.0
Anomalia,0.0087,0.2041,0.4992,-0.5605,0.2043,-0.1194,-0.0007,3360.0
Anomalia,0.0228,0.1899,0.4992,-0.417,0.1913,0.1751,-0.1323,1200.0
Anomalia,0.0159,0.1609,0.4078,-0.417,0.1617,-0.1945,-0.0597,1200.0
Anomalia,0.0267,0.1571,0.4078,-0.3042,0.1594,0.0256,-0.5918,960.0
Anomalia,0.0519,0.1515,0.4078,-0.2843,0.1602,-0.0755,-0.6357,2640.0
Anomalia,0.0451,0.1411,0.3713,-0.2843,0.1481,-0.1955,-0.6627,960.0
Anomalia,0.0325,0.1302,0.319,-0.2843,0.1342,-0.1662,-0.6126,960.0
Anomalia,0.0325,0.1361,0.3718,-0.3795,0.1399,-0.1502,-0.0056,960.0
Anomalia,0.0159,0.1387,0.383,-0.3795,0.1396,0.1054,0.0503,4080.0
Anomalia,0.0309,0.1462,0.383,-0.3795,0.1494,-0.0524,-0.1737,4080.0
Anomalia,0.0461,0.1489,0.383,-0.3795,0.1559,-0.2519,-0.2271,4080.0
Anomalia,0.0342,0.1333,0.383,-0.2795,0.1376,0.0095,-0.5251,3360.0
Anomalia,0.034,0.1237,0.3507,-0.2795,0.1283,-0.0089,-0.2912,3360.0
Anomalia,0.0261,0.1259,0.3507,-0.272,0.1286,-0.0356,-0.5762,3360.0
Anomalia,0.0106,0.1427,0.3688,-0.3388,0.1431,0.2471,-0.4413,3360.0
Anomalia,0.0329,0.1722,0.5048,-0.3388,0.1753,0.2387,-0.4871,3360.0
Anomalia,0.0271,0.1843,0.5048,-0.3388,0.1862,0.1193,-0.6807,3360.0
Anomalia,0.0331,0.1854,0.5048,-0.3388,0.1883,0.1091,-0.6807,3360.0
Anomalia,0.0467,0.1755,0.5048,-0.3388,0.1816,-0.0112,-0.5523,4560.0
Anomalia,0.0259,0.1702,0.529,-0.3388,0.1722,-0.0189,-0.5512,2880.0
Anomalia,0.0346,0.1769,0.5904,-0.3918,0.1803,0.1728,-0.168,3360.0
Anomalia,0.034,0.173,0.5904,-0.3918,0.1763,0.1679,0.0151,5040.0
Anomalia,0.025,0.1809,0.5904,-0.3918,0.1826,0.1584,-0.101,3360.0
Anomalia,0.0476,0.1618,0.5904,-0.3918,0.1687,-0.0292,0.2547,2880.0
Anomalia,0.0431,0.1847,0.7917,-0.4963,0.1897,0.2487,2.2997,2880.0
Anomalia,0.0244,0.2475,0.7917,-0.8063,0.2487,-0.1267,1.6246,4080.0
Anomalia,0.0239,0.3088,0.8257,-0.8063,0.3098,0.0587,0.5795,5040.0
Anomalia,0.0158,0.3474,0.8257,-0.8063,0.3478,0.0928,-0.28,5280.0
Anomalia,0.0157,0.3391,0.8257,-0.8063,0.3394,0.0065,-0.3344,5280.0
Anomalia,0.0413,0.307,0.8257,-0.8011,0.3098,-0.0251,-0.185,3360.0
Anomalia,0.0409,0.2457,0.6553,-0.6421,0.2491,-0.0859,-0.2309,3360.0
Anomalia,0.0371,0.1884,0.4773,-0.392,0.192,0.1314,-0.5464,3360.0
Anomalia,0.0261,0.1923,0.4869,-0.4834,0.194,0.0516,-0.0251,3360.0
Anomalia,0.0233,0.1788,0.4869,-0.4834,0.1803,-0.0862,0.3003,3360.0
Anomalia,0.0239,0.1755,0.4869,-0.4834,0.1771,-0.3655,0.1805,3360.0
Anomalia,0.0308,0.1839,0.4869,-0.4834,0.1864,-0.4189,0.1278,3360.0
Anomalia,0.0464,0.1492,0.4001,-0.3786,0.1563,-0.383,0.2041,2880.0
Anomalia,0.0365,0.1358,0.4001,-0.3786,0.1406,-0.3979,0.62,2880.0
Anomalia,0.0312,0.1752,0.4512,-0.6023,0.178,-0.4164,1.2648,5280.0
Anomalia,0.0236,0.1776,0.4512,-0.6023,0.1792,-0.2368,1.037,5280.0
Anomalia,0.0295,0.1903,0.4512,-0.6023,0.1926,-0.2011,0.3855,5280.0
Anomalia,0.0272,0.1991,0.4512,-0.6023,0.2009,-0.1919,0.0018,5280.0
Anomalia,0.0422,0.1536,0.4323,-0.3486,0.1593,-0.0894,-0.1519,5280.0
Anomalia,0.0293,0.1319,0.3955,-0.3486,0.1351,-0.0723,-0.012,3360.0
Anomalia,0.0176,0.1145,0.2652,-0.3486,0.1159,-0.2103,-0.113,4560.0
Anomalia,0.0254,0.1013,0.2353,-0.2113,0.1045,-0.0527,-0.7615,960.0
Anomalia,0.0151,0.097,0.2094,-0.2349,0.0982,-0.3253,-0.4537,960.0
Anomalia,0.0369,0.1065,0.2593,-0.2349,0.1127,-0.3261,-0.4447,960.0
Anomalia,0.0361,0.1223,0.2593,-0.2973,0.1275,-0.5729,-0.3328,960.0
Anomalia,0.0354,0.1307,0.2593,-0.2973,0.1354,-0.5808,-0.4622,960.0
Anomalia,0.0502,0.2002,0.9089,-0.461,0.2064,0.8168,2.6668,1200.0
Anomalia,0.0176,0.2654,0.9089,-0.7834,0.266,0.2765,1.1534,2880.0
Anomalia,0.0393,0.2799,0.9089,-0.7834,0.2826,0.1708,0.5103,2880.0
Anomalia,0.0293,0.2923,0.9089,-0.7834,0.2937,0.2445,0.1293,2880.0
Anomalia,0.0169,0.2567,0.7135,-0.7834,0.2572,-0.0681,0.2091,2880.0
Anomalia,0.041,0.1926,0.4702,-0.4151,0.1969,0.2071,-0.5205,2880.0
Anomalia,0.019,0.201,0.4875,-0.5372,0.2019,-0.0882,-0.1603,2880.0
Anomalia,0.0184,0.2422,0.7076,-0.6315,0.2429,-0.0383,0.1991,5280.0
Anomalia,0.0427,0.2665,0.7076,-0.6315,0.2699,-0.0791,-0.193,5040.0
Anomalia,0.0177,0.2821,0.7076,-0.6315,0.2826,0.0046,-0.4944,3360.0
Anomalia,0.0432,0.2683,0.7076,-0.6315,0.2717,-0.0967,-0.3094,3360.0
Anomalia,0.0469,0.2463,0.6588,-0.5149,0.2508,-0.1685,-0.5234,3360.0
Anomalia,0.0123,0.235,0.5332,-0.5149,0.2353,-0.128,-0.8115,3360.0
Anomalia,0.0388,0.2489,0.5489,-0.5964,0.2519,-0.1811,-0.7521,3120.0
Anomalia,0.0214,0.2531,0.5489,-0.5964,0.254,0.0132,-0.7891,5280.0
Anomalia,0.021,0.2288,0.5489,-0.5964,0.2297,-0.0133,-0.4072,5280.0
Anomalia,0.0485,0.2164,0.5489,-0.5964,0.2218,-0.1214,-0.0157,5280.0
Anomalia,0.0301,0.1773,0.4869,-0.484,0.1798,0.1551,0.1467,5280.0
Anomalia,0.0366,0.1509,0.4147,-0.484,0.1553,-0.1913,0.5656,2880.0
Anomalia,0.0362,0.1587,0.4147,-0.4137,0.1627,-0.2313,0.2539,2880.0
Anomalia,0.0117,0.1483,0.348,-0.4137,0.1488,-0.414,0.0969,480.0
Anomalia,0.0363,0.1518,0.4961,-0.4137,0.1561,-0.242,0.788,2640.0
Anomalia,0.0267,0.1526,0.4961,-0.4137,0.1549,-0.1323,0.7264,2640.0
Anomalia,0.0204,0.1328,0.4961,-0.2994,0.1343,0.3556,0.6794,1200.0
Anomalia,0.0364,0.1294,0.4961,-0.2503,0.1344,0.2416,0.4113,4080.0
Anomalia,0.0179,0.1227,0.2866,-0.3142,0.124,-0.3017,-0.5694,4080.0
Anomalia,0.0233,0.1197,0.2516,-0.3142,0.1219,-0.3164,-0.4622,4080.0
Anomalia,0.0454,0.1158,0.2823,-0.3142,0.1244,-0.3033,-0.144,4080.0
Anomalia,0.0314,0.1048,0.2823,-0.3142,0.1094,-0.0576,0.3234,960.0
Anomalia,0.0465,0.0985,0.2925,-0.1373,0.1089,0.4082,-0.5152,960.0
Anomalia,0.0323,0.1274,0.3,-0.5324,0.1315,-0.8768,2.9374,960.0
Anomalia,0.0163,0.1445,0.4164,-0.5324,0.1454,-0.4589,1.4947,2640.0
Anomalia,0.0364,0.1743,0.4164,-0.5324,0.1781,-0.3196,0.3029,5040.0
Anomalia,0.0174,0.1957,0.4164,-0.5324,0.1965,-0.2347,-0.1266,3120.0
Anomalia,0.0467,0.2025,0.4421,-0.4756,0.2078,-0.0707,-0.5333,2880.0
Anomalia,0.0403,0.2013,0.4421,-0.4756,0.2053,-0.0588,-0.5908,2880.0
Anomalia,0.026,0.2037,0.4421,-0.5487,0.2054,-0.1975,-0.1386,2880.0
Anomalia,0.0316,0.1917,0.4421,-0.5487,0.1942,-0.1912,-0.1027,2880.0
Anomalia,0.0044,0.1813,0.4625,-0.5487,0.1814,-0.0715,0.0508,2880.0
Anomalia,0.025,0.1779,0.4625,-0.5487,0.1797,-0.2042,0.351,2880.0
Anomalia,0.0282,0.1546,0.4625,-0.3248,0.1572,0.2921,-0.0313,1200.0
Anomalia,0.0365,0.1607,0.4625,-0.3062,0.1648,0.4102,-0.0808,1200.0
Anomalia,0.0462,0.1976,0.745,-0.4731,0.2029,0.4858,0.7725,1200.0
Anomalia,0.0405,0.2393,0.8939,-0.4731,0.2427,0.7571,1.0271,960.0
Anomalia,0.0099,0.2802,0.8939,-0.6052,0.2804,0.4397,0.2138,1920.0
Anomalia,0.0362,0.3006,0.8939,-0.6052,0.3027,0.3648,-0.2462,3360.0
Anomalia,0.0058,0.2867,0.8939,-0.6052,0.2868,0.3859,0.0838,3360.0
Anomalia,0.025,0.2768,0.6699,-0.6052,0.2779,0.1425,-0.2466,3360.0
Anomalia,0.0517,0.2426,0.6699,-0.5664,0.248,0.2759,0.1324,3360.0
Anomalia,0.0199,0.2087,0.6699,-0.5664,0.2096,0.2471,0.9441,3360.0
Anomalia,0.0497,0.2031,0.6699,-0.4598,0.2091,0.5145,0.7324,3360.0
Anomalia,0.0307,0.1754,0.5211,-0.4598,0.1781,0.1512,0.5293,960.0
Anomalia,0.0208,0.1716,0.5211,-0.3743,0.1729,0.2666,0.2492,960.0
Anomalia,0.0378,0.1872,0.5211,-0.3743,0.191,0.0941,-0.4914,1200.0
Anomalia,0.029,0.1677,0.3757,-0.3999,0.1702,-0.1946,-0.4856,1200.0
Anomalia,0.027,0.1671,0.3757,-0.3999,0.1693,-0.2384,-0.489,1200.0
Anomalia,0.0377,0.1781,0.527,-0.4239,0.1821,-0.086,-0.388,480.0
Anomalia,0.0105,0.187,0.527,-0.4421,0.1873,-0.1392,-0.1163,3360.0
Anomalia,0.0287,0.1928,0.527,-0.4421,0.1949,-0.1176,-0.3722,3360.0
Anomalia,0.0366,0.1936,0.527,-0.4421,0.197,-0.1073,-0.3802,3360.0
Anomalia,0.0263,0.1727,0.4087,-0.4421,0.1747,-0.1171,-0.0727,3360.0
Anomalia,0.0514,0.1521,0.3857,-0.2566,0.1606,0.1001,-0.7234,4080.0
Anomalia,0.0286,0.1387,0.372,-0.2566,0.1416,0.2927,-0.619,960.0
Anomalia,0.0142,0.1156,0.372,-0.1934,0.1165,0.4611,-0.1264,960.0
Anomalia,0.0392,0.1202,0.372,-0.1934,0.1265,0.2969,-0.5498,960.0
Anomalia,0.0096,0.1061,0.277,-0.2376,0.1066,0.297,-0.4366,240.0
Anomalia,0.0316,0.1109,0.3519,-0.2376,0.1153,0.3084,-0.199,480.0
Anomalia,0.0264,0.1613,0.3519,-0.6548,0.1635,-1.085,2.7545,960.0
Anomalia,0.0199,0.2133,0.7095,-0.6548,0.2142,-0.0011,1.3072,2880.0
Anomalia,0.0416,0.2244,0.7095,-0.6548,0.2282,-0.1725,0.7417,2880.0
Anomalia,0.0283,0.2376,0.7095,-0.6548,0.2393,-0.1182,0.3497,2880.0
Anomalia,0.0432,0.2182,0.7095,-0.4817,0.2225,0.1389,0.2127,2880.0
Anomalia,0.0356,0.1626,0.4708,-0.4817,0.1664,-0.2217,0.423,3120.0
Anomalia,0.0289,0.1663,0.4708,-0.4817,0.1688,-0.0881,0.5352,2880.0
Anomalia,0.0372,0.2165,0.9323,-0.4936,0.2197,0.5147,1.6472,2880.0
Anomalia,0.0175,0.2615,0.9323,-0.6596,0.2621,0.42,1.1031,5040.0
Anomalia,0.0291,0.2942,0.9323,-0.6596,0.2956,0.2132,-0.0368,3360.0
Anomalia,0.0287,0.2971,0.9323,-0.6596,0.2985,0.1568,-0.056,3360.0
Anomalia,0.0216,0.2604,0.8438,-0.6596,0.2613,-0.0352,0.147,3360.0
Anomalia,0.0374,0.2298,0.5399,-0.5674,0.2328,-0.1829,-0.5627,3360.0
Anomalia,0.0328,0.1952,0.503,-0.4784,0.198,-0.165,-0.4957,3360.0
Anomalia,0.0261,0.1923,0.3924,-0.3841,0.1941,-0.2206,-0.9221,3360.0
Anomalia,0.032,0.1887,0.3924,-0.3841,0.1914,-0.2611,-0.844,5280.0
Anomalia,0.0207,0.1847,0.3455,-0.4506,0.1859,-0.4215,-0.5953,5280.0
Anomalia,0.0191,0.1877,0.3455,-0.4506,0.1887,-0.4001,-0.6523,5280.0
Anomalia,0.0288,0.1647,0.3455,-0.4506,0.1672,-0.4637,-0.0176,5280.0
Anomalia,0.0245,0.1588,0.3805,-0.4506,0.1607,-0.404,0.0499,2880.0
Anomalia,0.0423,0.1437,0.4091,-0.2923,0.1498,-0.0362,-0.2898,5280.0
Anomalia,0.0289,0.1511,0.4548,-0.4141,0.1539,-0.0772,0.1493,720.0
Anomalia,0.0392,0.1649,0.4548,-0.4141,0.1695,-0.0365,-0.3605,5280.0
Anomalia,0.0358,0.1601,0.4548,-0.4141,0.164,-0.0397,-0.3012,960.0
Anomalia,0.0291,0.1433,0.4548,-0.4141,0.1462,-0.0092,0.3986,5040.0
Anomalia,0.0283,0.116,0.3832,-0.2695,0.1194,0.2434,0.428,960.0
Anomalia,0.0224,0.0963,0.2604,-0.2324,0.0989,-0.1016,0.1033,960.0
Anomalia,0.0203,0.0843,0.2604,-0.2259,0.0867,0.0554,0.165,960.0
Anomalia,0.024,0.0805,0.2351,-0.2259,0.084,-0.1287,0.1181,960.0
Anomalia,0.0376,0.0779,0.2351,-0.1656,0.0865,-0.041,-0.434,720.0
Anomalia,0.0301,0.0701,0.1798,-0.1352,0.0763,-0.1126,-0.8273,1440.0
Anomalia,0.0293,0.1008,0.4421,-0.2483,0.1049,0.3689,2.0463,5040.0
Anomalia,0.0301,0.1684,0.5591,-0.4754,0.1711,0.3456,1.2639,5040.0
Anomalia,0.0158,0.2154,0.5591,-0.5405,0.2159,0.0166,0.0754,3120.0
Anomalia,0.0302,0.2472,0.5591,-0.5405,0.249,-0.0035,-0.6181,3120.0
Anomalia,0.0272,0.2709,0.624,-0.6115,0.2722,-0.0657,-0.6833,2880.0
Anomalia,0.0318,0.2628,0.624,-0.6115,0.2648,-0.0878,-0.5151,2880.0
Anomalia,0.0402,0.2345,0.624,-0.6115,0.2379,0.0119,-0.0349,2880.0
Anomalia,0.0254,0.216,0.624,-0.6115,0.2175,0.0035,0.4371,2880.0
Anomalia,0.0347,0.1804,0.5906,-0.4817,0.1837,0.0497,0.4795,2880.0
Anomalia,0.0288,0.1461,0.34,-0.4817,0.1489,-0.5645,0.6507,960.0
Anomalia,0.0219,0.1385,0.3323,-0.4817,0.1402,-0.468,0.6471,960.0
Anomalia,0.0364,0.1409,0.2998,-0.4268,0.1455,-0.7153,0.6958,720.0
Anomalia,0.0282,0.1635,0.4072,-0.5274,0.1659,-0.8601,1.1274,2880.0
Anomalia,0.0309,0.1934,0.6112,-0.5274,0.1958,-0.4247,0.6505,1680.0
Anomalia,0.0257,0.254,0.6112,-0.7483,0.2553,-0.6701,0.5107,1920.0
Anomalia,0.028,0.2657,0.6112,-0.7483,0.2672,-0.5465,0.1499,3360.0
Anomalia,0.0304,0.2601,0.6112,-0.7483,0.2619,-0.5431,0.2255,3360.0
Anomalia,0.0337,0.259,0.5994,-0.7483,0.2612,-0.4729,0.2116,3360.0
Anomalia,0.0381,0.206,0.5138,-0.4827,0.2095,0.0214,-0.355,3360.0
Anomalia,0.034,0.1905,0.5138,-0.4827,0.1936,0.1493,-0.3162,3360.0
Anomalia,0.0254,0.1909,0.5138,-0.3759,0.1926,0.3134,-0.3794,480.0
Anomalia,0.0235,0.162,0.3876,-0.3751,0.1637,0.0293,-0.6464,4080.0
Anomalia,0.0255,0.1688,0.3876,-0.3751,0.1707,0.076,-0.6764,2880.0
Anomalia,0.0254,0.1581,0.3876,-0.3751,0.1601,-0.0532,-0.4997,2880.0
Anomalia,0.0402,0.1519,0.431,-0.2891,0.1572,0.1527,-0.4044,3840.0
Anomalia,0.0295,0.1514,0.431,-0.3763,0.1542,0.0831,-0.0427,3840.0
Anomalia,0.0309,0.1453,0.431,-0.4719,0.1486,-0.102,0.5875,4080.0
Anomalia,0.0221,0.1457,0.431,-0.4719,0.1474,0.0439,0.5058,960.0
Anomalia,0.0212,0.1455,0.3916,-0.4719,0.1471,-0.0451,0.208,960.0
Anomalia,0.027,0.1469,0.3916,-0.4719,0.1494,0.0596,-0.2426,3360.0
Anomalia,0.0344,0.137,0.3916,-0.2758,0.1413,0.1132,-0.6709,3360.0
Anomalia,0.0297,0.1376,0.3916,-0.2758,0.1407,0.1338,-0.5039,3360.0
Anomalia,0.0284,0.1506,0.5889,-0.3613,0.1533,0.4757,1.0422,3360.0
Anomalia,0.034,0.1744,0.5996,-0.3613,0.1777,0.7154,0.8803,960.0
Anomalia,0.0277,0.1858,0.5996,-0.3613,0.1878,0.6736,0.3712,960.0
Anomalia,0.0425,0.1852,0.5996,-0.3613,0.1901,0.6235,0.3083,960.0
Anomalia,0.0256,0.1824,0.5996,-0.4035,0.1842,0.3835,0.1554,3360.0
Anomalia,0.0175,0.1911,0.4727,-0.4905,0.1919,-0.1118,-0.0917,960.0
Anomalia,0.0232,0.2279,0.6225,-0.5783,0.2291,0.0843,0.1369,5040.0
Anomalia,0.0071,0.2288,0.6225,-0.5783,0.229,0.1515,0.0612,5040.0
Anomalia,0.0377,0.2264,0.6225,-0.5783,0.2295,-0.048,0.0945,5280.0
Anomalia,0.03,0.2031,0.6225,-0.5783,0.2053,0.1525,0.6698,3360.0
Anomalia,0.0328,0.1553,0.3772,-0.3834,0.1587,-0.3032,0.1316,5280.0
Anomalia,0.0405,0.2041,0.7881,-0.6048,0.2081,0.1829,1.5653,2880.0
Anomalia,0.0334,0.2265,0.7881,-0.6048,0.229,0.5974,1.4258,5280.0
Anomalia,0.0244,0.2723,0.7881,-0.7719,0.2734,0.0653,0.6207,5280.0
Anomalia,0.0227,0.3053,0.7881,-0.7719,0.3061,0.1456,-0.1664,3360.0
Anomalia,0.0147,0.2887,0.7608,-0.7719,0.2891,0.0982,-0.1399,3360.0
Anomalia,0.0175,0.2788,0.6855,-0.7719,0.2794,-0.0774,-0.2333,3360.0
Anomalia,0.0415,0.259,0.6855,-0.577,0.2623,-0.0038,-0.553,3360.0
Anomalia,0.0335,0.2377,0.5453,-0.577,0.24,0.008,-0.5666,3360.0
Anomalia,0.0441,0.2464,0.5163,-0.6006,0.2504,-0.2131,-0.3979,3360.0
Anomalia,0.0316,0.2399,0.4884,-0.6006,0.2419,-0.2313,-0.3885,3360.0
Anomalia,0.0193,0.2261,0.4884,-0.6006,0.2269,-0.1517,-0.2914,3360.0
Anomalia,0.0269,0.2134,0.4815,-0.6006,0.2151,-0.2928,-0.1648,3360.0
Anomalia,0.0189,0.182,0.3847,-0.4254,0.183,-0.0621,-0.6265,960.0
Anomalia,0.0229,0.2011,0.4711,-0.6006,0.2024,-0.4027,0.0682,2880.0
Anomalia,0.0369,0.1979,0.4711,-0.6006,0.2013,-0.2639,0.0846,4080.0
Anomalia,0.023,0.2025,0.4711,-0.6006,0.2038,-0.3218,0.1399,3360.0
Anomalia,0.0357,0.2087,0.4711,-0.6006,0.2118,-0.332,0.1042,3360.0
Anomalia,0.0375,0.1831,0.4629,-0.5007,0.1869,-0.0262,-0.2619,3360.0
Anomalia,0.0193,0.1656,0.4629,-0.5007,0.1667,-0.0072,0.2355,3360.0
Anomalia,0.0369,0.1413,0.4629,-0.3161,0.146,0.2925,0.1291,3360.0
Anomalia,0.0209,0.1152,0.3236,-0.3161,0.1171,0.0773,0.0559,3360.0
Anomalia,0.0256,0.105,0.3161,-0.2105,0.1081,0.0614,-0.1675,480.0
Anomalia,0.0419,0.096,0.3161,-0.1984,0.1048,0.0891,0.1134,960.0
Anomalia,0.0275,0.0993,0.3161,-0.2635,0.103,-0.1453,0.1111,960.0
Anomalia,0.0427,0.1164,0.3161,-0.2635,0.124,-0.1669,-0.0745,960.0
Anomalia,0.0142,0.1366,0.2981,-0.339,0.1374,-0.3847,-0.1662,960.0
Anomalia,0.0053,0.2277,0.6811,-0.621,0.2277,0.3332,0.6898,3360.0
Anomalia,0.0284,0.2603,0.6811,-0.621,0.2618,0.2986,0.0071,2880.0
Anomalia,0.0086,0.292,0.7402,-0.621,0.2921,0.408,-0.392,3120.0
Anomalia,0.0464,0.2963,0.7402,-0.621,0.2999,0.2232,-0.5186,2880.0
Anomalia,0.0375,0.2635,0.7402,-0.4356,0.2661,0.2846,-0.2915,2880.0
Anomalia,0.0174,0.2557,0.7402,-0.5099,0.2563,0.3054,-0.2218,2880.0
Anomalia,0.0395,0.2654,0.7723,-0.7283,0.2683,0.1332,0.0007,5280.0
Anomalia,0.0112,0.2891,0.7723,-0.7283,0.2893,0.1926,-0.2737,5040.0
Anomalia,0.0385,0.2881,0.7723,-0.7283,0.2907,0.042,-0.3218,5280.0
Anomalia,0.0389,0.2876,0.7723,-0.7283,0.2902,0.0167,-0.3796,3360.0
Anomalia,0.0243,0.2488,0.7245,-0.5468,0.2499,-0.0287,-0.1614,3360.0
Anomalia,0.0388,0.2305,0.5893,-0.4756,0.2338,-0.0571,-0.4507,3360.0
Anomalia,0.021,0.2271,0.5893,-0.4502,0.2281,-0.0352,-0.3756,3360.0
Anomalia,0.0132,0.2297,0.5789,-0.4896,0.2301,-0.103,-0.5738,5280.0
Anomalia,0.0333,0.2263,0.5789,-0.4896,0.2287,-0.0832,-0.5932,5280.0
Anomalia,0.0183,0.2087,0.4852,-0.4896,0.2095,-0.1512,-0.5497,5280.0
Anomalia,0.03,0.1914,0.421,-0.4896,0.1937,-0.1798,-0.427,5280.0
Anomalia,0.0438,0.1508,0.421,-0.3857,0.157,0.0889,-0.0688,5280.0
Anomalia,0.0137,0.1527,0.3803,-0.3857,0.1533,-0.0704,-0.1438,960.0
Anomalia,0.0377,0.1458,0.4865,-0.3784,0.1506,0.166,0.4062,4800.0
Anomalia,0.0214,0.1317,0.4865,-0.3784,0.1335,0.1061,1.1566,4080.0
Anomalia,0.0223,0.1351,0.4865,-0.3784,0.137,0.0048,0.7112,480.0
Anomalia,0.0399,0.1174,0.4865,-0.238,0.124,0.3338,0.9654,4320.0
Anomalia,0.0304,0.1012,0.2941,-0.2376,0.1056,-0.0728,-0.3169,2640.0
Anomalia,0.0251,0.0944,0.2478,-0.185,0.0977,0.114,-0.7281,1200.0
Anomalia,0.0346,0.1041,0.3438,-0.1761,0.1097,0.531,0.255,480.0
Anomalia,0.0232,0.1038,0.3438,-0.1761,0.1063,0.7492,0.5258,960.0
Anomalia,0.029,0.1095,0.3438,-0.1798,0.1133,0.4879,-0.0299,960.0
Anomalia,0.0378,0.1152,0.3438,-0.1798,0.1213,0.2702,-0.4019,960.0
Anomalia,0.0192,0.1165,0.2633,-0.3924,0.118,-0.2042,-0.2658,960.0
Anomalia,0.0257,0.1526,0.4435,-0.4245,0.1547,-0.1709,0.267,960.0
Anomalia,0.0159,0.1813,0.5107,-0.4293,0.182,0.1525,0.2569,960.0
Anomalia,0.0149,0.1918,0.5107,-0.4293,0.1924,0.1513,-0.1905,4080.0
Anomalia,0.036,0.1968,0.5107,-0.4293,0.2,0.1308,-0.288,5280.0
Anomalia,0.0337,0.1821,0.5107,-0.4293,0.1852,0.2357,-0.1531,960.0
Anomalia,0.0426,0.156,0.4671,-0.2802,0.1618,0.1664,-0.5523,960.0
Anomalia,0.0379,0.1404,0.4671,-0.2614,0.1454,0.4014,-0.0293,960.0
Anomalia,0.0197,0.1351,0.4387,-0.2614,0.1365,0.4108,0.043,1680.0
Anomalia,0.0283,0.1222,0.4387,-0.2293,0.1255,0.4607,0.1598,1920.0
Anomalia,0.015,0.1119,0.4387,-0.2293,0.1128,0.7519,1.0249,1920.0
Anomalia,0.027,0.1087,0.4387,-0.2293,0.112,0.6957,1.2011,960.0
Anomalia,0.0295,0.1105,0.2952,-0.369,0.1144,-0.2142,0.8589,2880.0
Anomalia,0.024,0.1648,0.6079,-0.5747,0.1665,0.1829,2.8009,1920.0
Anomalia,0.0436,0.2317,0.8908,-0.5747,0.2358,0.4052,1.6068,1920.0
Anomalia,0.0266,0.2596,0.8908,-0.5747,0.2609,0.2748,0.4419,5280.0
Anomalia,0.0292,0.2738,0.8908,-0.5747,0.2754,0.256,0.005,3360.0
Anomalia,0.0253,0.248,0.8908,-0.5741,0.2493,0.3222,0.5439,3360.0
Anomalia,0.0135,0.1994,0.5466,-0.4892,0.1998,-0.067,-0.2616,3360.0
Anomalia,0.0338,0.1768,0.5466,-0.4191,0.18,0.1323,-0.0529,3360.0
Anomalia,0.0352,0.1591,0.4005,-0.3319,0.163,0.1677,-0.369,3360.0
Anomalia,0.0302,0.1774,0.4005,-0.4408,0.18,-0.0966,-0.4772,3120.0
Anomalia,0.0391,0.1727,0.4005,-0.4408,0.1771,-0.2317,-0.3334,3120.0
Anomalia,0.0288,0.1853,0.4076,-0.4408,0.1876,-0.2883,-0.5748,4080.0
Anomalia,0.0237,0.1826,0.4076,-0.4408,0.1842,-0.4246,-0.4349,4080.0
Anomalia,0.0448,0.1633,0.4076,-0.4126,0.1693,-0.4519,0.0892,2880.0
Anomalia,0.0171,0.164,0.4076,-0.4126,0.1649,-0.2013,-0.1171,2880.0
Anomalia,0.0329,0.1596,0.402,-0.4126,0.1629,-0.2388,-0.1362,480.0
Anomalia,0.0333,0.1567,0.402,-0.3417,0.1602,-0.136,-0.4589,720.0
Anomalia,0.018,0.1563,0.402,-0.3417,0.1574,-0.075,-0.564,960.0
Anomalia,0.0458,0.1438,0.402,-0.3206,0.1509,-0.4411,-0.1696,960.0
Anomalia,0.0234,0.1214,0.2935,-0.2885,0.1237,-0.3077,-0.5243,480.0
Anomalia,0.0204,0.1011,0.2537,-0.2781,0.1031,-0.1753,-0.3917,960.0
Anomalia,0.0297,0.0907,0.2537,-0.1923,0.0955,0.0003,-0.3481,720.0
Anomalia,0.0191,0.0914,0.2447,-0.2067,0.0934,-0.1498,-0.2841,960.0
Anomalia,0.0332,0.0828,0.2447,-0.2067,0.0892,-0.169,0.0593,1200.0
Anomalia,0.0457,0.0892,0.2578,-0.2067,0.1002,-0.0854,0.0566,3840.0
Anomalia,0.0269,0.0969,0.2578,-0.2067,0.1006,0.0531,-0.4087,960.0
Anomalia,0.0301,0.1485,0.6459,-0.5603,0.1515,0.1218,3.605,4080.0
Anomalia,0.0174,0.2166,0.6459,-0.5935,0.2173,0.0046,0.9288,4080.0
Anomalia,0.0234,0.2441,0.6459,-0.5935,0.2452,0.0069,-0.0314,2880.0
Anomalia,0.0408,0.2608,0.6459,-0.5935,0.264,-0.2139,-0.4525,2880.0
Anomalia,0.0315,0.2469,0.5943,-0.5935,0.2489,-0.219,-0.4954,3120.0
Anomalia,0.0371,0.2132,0.4621,-0.5103,0.2164,-0.4664,-0.2572,2880.0
Anomalia,0.0129,0.2366,0.5808,-0.7475,0.237,-0.5079,0.32,2880.0
Anomalia,0.0157,0.2815,0.7064,-0.8697,0.2819,-0.4019,0.4841,5040.0
Anomalia,0.0255,0.3124,0.7064,-0.8697,0.3134,-0.3143,-0.0902,5040.0
Anomalia,0.0272,0.3187,0.7064,-0.8697,0.3199,-0.2161,-0.3186,5280.0
Anomalia,0.0457,0.2944,0.7064,-0.8697,0.2979,-0.2506,-0.1029,5280.0
Anomalia,0.0382,0.2395,0.6277,-0.5937,0.2426,-0.0329,-0.2348,3360.0
Anomalia,0.0345,0.1972,0.5503,-0.3953,0.2002,-0.0312,-0.5814,3360.0
Anomalia,0.0401,0.1865,0.4462,-0.3953,0.1908,-0.0541,-0.5792,3360.0
Anomalia,0.0191,0.1984,0.474,-0.6188,0.1993,-0.1544,0.0709,2880.0
Anomalia,0.0176,0.2077,0.474,-0.6188,0.2085,-0.1164,-0.1104,2880.0
Anomalia,0.0215,0.1999,0.474,-0.6188,0.201,-0.1415,0.0862,2880.0
Anomalia,0.0227,0.1876,0.474,-0.6188,0.189,-0.1732,0.7119,2880.0
Anomalia,0.0377,0.1531,0.4542,-0.4045,0.1577,0.1364,0.1609,2880.0
Anomalia,0.0359,0.142,0.4542,-0.2864,0.1465,0.2088,-0.2693,2880.0
Anomalia,0.0303,0.164,0.4556,-0.4333,0.1668,0.0485,0.0132,4080.0
Anomalia,0.0227,0.1616,0.4556,-0.4333,0.1632,-0.1491,-0.2263,4080.0
Anomalia,0.0261,0.1632,0.4556,-0.4333,0.1653,-0.1553,-0.2114,5280.0
Anomalia,0.0333,0.1579,0.4556,-0.4333,0.1614,-0.1072,-0.047,960.0
Anomalia,0.0279,0.1326,0.3152,-0.3342,0.1355,0.0565,-0.4618,5040.0
Anomalia,0.0363,0.1259,0.3229,-0.2549,0.131,0.1651,-0.5017,960.0
Anomalia,0.0164,0.1153,0.3229,-0.2549,0.1165,0.3325,-0.0445,4080.0
Anomalia,0.0282,0.1097,0.3229,-0.2549,0.1133,0.0036,-0.1477,4080.0
Anomalia,0.0381,0.1128,0.3657,-0.2326,0.1191,0.1644,0.2084,960.0
Anomalia,0.0279,0.1027,0.3657,-0.2326,0.1064,0.255,0.5747,960.0
Anomalia,0.0534,0.109,0.3657,-0.2326,0.1214,0.2426,0.2642,960.0
Anomalia,0.019,0.1515,0.464,-0.6117,0.1527,-0.1942,1.3771,4320.0
Anomalia,0.0151,0.2167,0.6071,-0.6117,0.2172,-0.189,0.793,3120.0
Anomalia,0.0233,0.2393,0.6071,-0.6117,0.2405,-0.3618,0.0778,3120.0
Anomalia,0.0069,0.2388,0.6071,-0.6117,0.2389,-0.2133,0.0066,2880.0
Anomalia,0.0384,0.2264,0.6071,-0.5829,0.2296,-0.4377,0.4256,2880.0
Anomalia,0.033,0.1699,0.4256,-0.5405,0.1731,-0.5398,0.5633,2880.0
Anomalia,0.0321,0.1538,0.4256,-0.3841,0.1571,-0.2578,-0.1674,960.0
Anomalia,0.0407,0.1534,0.4256,-0.3841,0.1587,-0.4036,-0.0753,960.0
Anomalia,0.0214,0.1432,0.3131,-0.3841,0.1448,-0.3995,-0.2832,960.0
Anomalia,0.0362,0.1298,0.2923,-0.3492,0.1347,-0.3843,-0.457,1200.0
Anomalia,0.0304,0.1085,0.2923,-0.2351,0.1127,0.0172,-0.4408,480.0
Anomalia,0.0212,0.1187,0.378,-0.3916,0.1206,-0.1186,1.0738,2400.0
Anomalia,0.0337,0.189,0.8468,-0.6609,0.192,0.3442,4.9474,3360.0
Anomalia,0.0242,0.2558,0.8468,-0.8165,0.2569,0.1974,2.1245,3120.0
Anomalia,0.0329,0.3008,0.8468,-0.8165,0.3026,0.0953,0.6872,3360.0
Anomalia,0.036,0.3166,0.8468,-0.8165,0.3187,0.0924,0.134,3360.0
Anomalia,0.031,0.2964,0.7573,-0.8165,0.298,0.0501,0.0515,3360.0
Anomalia,0.0327,0.2571,0.7573,-0.7128,0.2592,0.0741,-0.1044,3360.0
Anomalia,0.0344,0.2148,0.4815,-0.4218,0.2176,0.0065,-0.8352,3360.0
Anomalia,0.0231,0.1967,0.4293,-0.4262,0.1981,-0.0576,-0.6745,3360.0
Anomalia,0.023,0.1819,0.4293,-0.4262,0.1833,-0.2073,-0.5753,3360.0
Anomalia,0.0182,0.1654,0.3924,-0.4262,0.1664,-0.2616,-0.3992,960.0
Anomalia,0.0212,0.1696,0.3924,-0.4262,0.1709,-0.3014,-0.44,2640.0
Anomalia,0.0379,0.1656,0.34,-0.382,0.1699,-0.4758,-0.4218,4080.0
Anomalia,0.0428,0.1533,0.34,-0.3761,0.1592,-0.4005,-0.4349,960.0
Anomalia,0.034,0.1605,0.34,-0.3761,0.164,-0.3701,-0.5041,2880.0
Anomalia,0.03,0.1544,0.4266,-0.3761,0.1573,-0.0999,-0.2194,5040.0
Anomalia,0.0225,0.1571,0.4266,-0.3653,0.1587,0.0539,-0.2628,3360.0
Anomalia,0.0264,0.1629,0.4266,-0.3653,0.1651,0.0383,-0.4404,3360.0
Anomalia,0.0412,0.1534,0.4266,-0.3599,0.1588,0.0313,-0.3612,3360.0
Anomalia,0.0243,0.1436,0.3926,-0.3599,0.1457,0.0075,-0.3153,3360.0
Anomalia,0.0379,0.1433,0.3811,-0.2747,0.1482,0.1553,-0.5387,3360.0
Anomalia,0.0167,0.1748,0.4343,-0.4233,0.1756,0.0903,-0.3462,3360.0
Anomalia,0.0209,0.1949,0.455,-0.4235,0.1961,0.1273,-0.4792,3360.0
Anomalia,0.0391,0.2115,0.4681,-0.4235,0.2151,0.0781,-0.8212,3360.0
Anomalia,0.0169,0.207,0.4681,-0.4235,0.2077,0.2377,-0.7062,3360.0
Anomalia,0.0405,0.1869,0.4681,-0.4235,0.1913,0.0865,-0.6372,3360.0
Anomalia,0.0239,0.2139,0.5704,-0.672,0.2153,-0.26,0.2029,3360.0
Anomalia,0.0145,0.2224,0.5704,-0.672,0.2229,-0.1772,0.0836,5280.0
Anomalia,0.0446,0.2425,0.6828,-0.672,0.2466,-0.1321,-0.0114,4080.0
Anomalia,0.0191,0.2583,0.6828,-0.672,0.259,0.0722,-0.4251,5280.0
Anomalia,0.0445,0.2241,0.6828,-0.427,0.2285,0.1938,-0.4115,4080.0
Anomalia,0.0312,0.2233,0.6828,-0.427,0.2255,0.0749,-0.4203,2880.0
Anomalia,0.0036,0.2492,0.6801,-0.6238,0.2492,0.0549,-0.1422,2880.0
Anomalia,0.0303,0.3296,0.9277,-1.1374,0.331,-0.096,0.9483,5040.0
Anomalia,0.0099,0.3684,0.9277,-1.1374,0.3685,0.0199,-0.0539,5040.0
Anomalia,0.0319,0.3761,0.9277,-1.1374,0.3774,-0.1051,-0.2088,5280.0
Anomalia,0.0488,0.3536,0.9277,-1.1374,0.357,-0.2326,0.1898,3360.0
Anomalia,0.0338,0.2798,0.6686,-0.6457,0.2819,-0.1072,-0.4875,3360.0
Anomalia,0.0407,0.2332,0.6686,-0.5351,0.2367,0.0179,-0.2107,3360.0
Anomalia,0.0278,0.2349,0.6686,-0.5591,0.2365,0.0129,-0.0111,3360.0
Anomalia,0.0204,0.227,0.6686,-0.5591,0.2279,0.0518,0.2182,3120.0
Anomalia,0.0243,0.22,0.5935,-0.5591,0.2213,-0.0221,-0.1404,5280.0
Anomalia,0.0258,0.2183,0.5687,-0.5591,0.2198,-0.0902,-0.3211,2880.0
Anomalia,0.0349,0.1813,0.499,-0.3703,0.1846,0.1005,-0.5467,2880.0
Anomalia,0.0364,0.1708,0.499,-0.3703,0.1747,0.1377,-0.2329,720.0
Anomalia,0.0264,0.1853,0.4733,-0.5885,0.1872,-0.2629,0.4692,960.0
Anomalia,0.028,0.1859,0.4733,-0.5885,0.188,-0.1755,0.5158,960.0
Anomalia,0.0304,0.201,0.4733,-0.5885,0.2032,-0.3103,0.1019,5280.0
Anomalia,0.0288,0.2041,0.4733,-0.5885,0.2061,-0.325,-0.1097,5280.0
Anomalia,0.0457,0.1721,0.4112,-0.4569,0.1781,-0.2741,-0.3596,5280.0
Anomalia,0.0285,0.1643,0.364,-0.4569,0.1667,-0.2745,-0.3485,960.0
Anomalia,0.0183,0.1397,0.3457,-0.3146,0.1409,0.0472,-0.4923,960.0
Anomalia,0.019,0.1301,0.3457,-0.3146,0.1315,0.1057,-0.3301,960.0
Anomalia,0.012,0.1283,0.3457,-0.3146,0.1289,0.213,-0.0923,960.0
Anomalia,0.0313,0.1118,0.3156,-0.242,0.1161,0.2393,-0.2061,960.0
Anomalia,0.0437,0.12,0.3745,-0.242,0.1277,0.3236,-0.1538,960.0
Anomalia,0.0347,0.1223,0.3745,-0.3582,0.1271,0.1074,0.344,960.0
Anomalia,0.0424,0.1689,0.7744,-0.3736,0.1742,0.9505,3.7837,960.0
Anomalia,0.0131,0.2853,0.8111,-0.7867,0.2856,0.1824,1.1645,4080.0
Anomalia,0.0298,0.3017,0.8111,-0.7867,0.3032,0.1377,0.5324,4080.0
Anomalia,0.0364,0.3101,0.8111,-0.7867,0.3123,0.1717,0.2837,2880.0
Anomalia,0.0209,0.2964,0.8111,-0.7867,0.2972,0.0883,0.4507,2880.0
Anomalia,0.0529,0.1937,0.595,-0.4792,0.2008,0.4251,0.3525,2880.0
Anomalia,0.0206,0.209,0.5883,-0.5347,0.21,-0.0768,0.6377,2880.0
Anomalia,0.014,0.2443,0.7408,-0.648,0.2447,-0.0031,0.5632,4080.0
Anomalia,0.0428,0.2657,0.7408,-0.648,0.2691,-0.0807,0.0651,5040.0
Anomalia,0.0143,0.2919,0.7408,-0.648,0.2923,0.0291,-0.5023,3360.0
Anomalia,0.034,0.2657,0.7408,-0.648,0.2679,-0.0173,-0.0963,3360.0
Anomalia,0.0397,0.2373,0.616,-0.5543,0.2406,-0.2258,-0.3784,3360.0
Anomalia,0.0104,0.2413,0.7016,-0.533,0.2415,0.0437,-0.2331,3360.0
Anomalia,0.0376,0.2465,0.7016,-0.5608,0.2493,0.1371,-0.1158,3360.0
Anomalia,0.0264,0.2595,0.7016,-0.5608,0.2609,0.2134,-0.333,3120.0
Anomalia,0.0245,0.2517,0.7016,-0.5608,0.2529,0.2838,-0.1176,5280.0
Anomalia,0.0473,0.2233,0.6934,-0.5608,0.2283,0.1675,-0.1133,5280.0
Anomalia,0.0292,0.1916,0.5245,-0.4573,0.1938,0.0861,-0.1794,960.0
Anomalia,0.0368,0.1689,0.488,-0.4446,0.1729,0.0281,-0.0523,960.0
Anomalia,0.0321,0.178,0.488,-0.5071,0.1809,-0.3556,0.1801,2880.0
Anomalia,0.0167,0.1656,0.3636,-0.5071,0.1665,-0.5485,0.2029,2880.0
Anomalia,0.0279,0.1464,0.3636,-0.5071,0.149,-0.4998,0.7893,2880.0
Anomalia,0.0299,0.1518,0.3636,-0.5071,0.1547,-0.4714,0.4665,3360.0
Anomalia,0.0322,0.1211,0.3636,-0.2691,0.1253,0.132,-0.0695,3120.0
Anomalia,0.0344,0.1116,0.3031,-0.2691,0.1167,0.0034,-0.066,4080.0
Anomalia,0.0295,0.1232,0.3046,-0.3077,0.1266,-0.1806,-0.2049,2880.0
Anomalia,0.0151,0.1167,0.3046,-0.3077,0.1177,-0.2048,0.0884,4080.0
Anomalia,0.0343,0.1232,0.3377,-0.3077,0.1278,-0.041,-0.0667,4080.0
Anomalia,0.0304,0.116,0.3377,-0.3077,0.1199,0.0375,0.3153,4080.0
Anomalia,0.0332,0.1053,0.3377,-0.2699,0.1105,0.2194,0.5881,2880.0
Anomalia,0.0446,0.1271,0.4387,-0.3918,0.1347,-0.0419,1.6337,2880.0
Anomalia,0.0224,0.1349,0.4387,-0.3918,0.1367,-0.2238,1.0967,2880.0
Anomalia,0.0379,0.1644,0.4423,-0.3918,0.1687,-0.0204,-0.0044,2640.0
Anomalia,0.033,0.1789,0.4423,-0.3918,0.182,-0.0682,-0.5012,2880.0
Anomalia,0.0313,0.1678,0.4423,-0.3382,0.1707,-0.1072,-0.6467,960.0
Anomalia,0.042,0.1706,0.4423,-0.3382,0.1757,-0.0079,-0.6743,3360.0
Anomalia,0.0176,0.1595,0.3968,-0.3901,0.1604,-0.2097,-0.5151,2880.0
Anomalia,0.0296,0.1418,0.3968,-0.3901,0.1448,-0.3233,0.1096,960.0
Anomalia,0.0135,0.1387,0.3968,-0.3901,0.1393,-0.0429,0.1083,2880.0
Anomalia,0.0241,0.1362,0.2941,-0.3901,0.1384,-0.319,-0.0818,1680.0
Anomalia,0.0356,0.1246,0.3411,-0.2885,0.1295,0.1677,-0.2545,2640.0
Anomalia,0.0357,0.1355,0.4062,-0.2885,0.1401,0.4884,0.091,2880.0
Anomalia,0.0481,0.1491,0.5845,-0.2908,0.1567,0.6919,0.75,2880.0
Anomalia,0.0334,0.2245,1.0295,-0.5078,0.227,1.2252,3.5024,2880.0
Anomalia,0.0169,0.2627,1.0295,-0.6528,0.2632,0.766,1.8745,3360.0
Anomalia,0.0365,0.2894,1.0295,-0.6528,0.2917,0.4587,0.6611,3360.0
Anomalia,0.0161,0.3023,1.0295,-0.6528,0.3027,0.4329,0.3074,3360.0
Anomalia,0.0305,0.2577,0.7518,-0.6528,0.2595,-0.0959,-0.0979,3360.0
Anomalia,0.0423,0.2297,0.5518,-0.5971,0.2336,-0.0799,-0.3757,3360.0
Anomalia,0.0116,0.1976,0.4552,-0.5065,0.198,-0.0501,-0.4515,3360.0
Anomalia,0.0315,0.1896,0.5856,-0.4621,0.1922,0.1284,-0.0111,3360.0
Anomalia,0.0283,0.1892,0.5856,-0.4621,0.1913,0.0636,0.0001,2880.0
Anomalia,0.0282,0.1996,0.5856,-0.4621,0.2016,0.0916,0.0485,2880.0
Anomalia,0.0526,0.2145,0.5856,-0.4621,0.2209,-0.174,-0.4955,2880.0
Anomalia,0.038,0.1977,0.5186,-0.4168,0.2014,-0.182,-0.5752,3840.0
Anomalia,0.0308,0.1845,0.5186,-0.4168,0.1871,-0.189,-0.2638,3840.0
Anomalia,0.0255,0.1783,0.3672,-0.4168,0.1801,-0.2768,-0.5486,3840.0
Anomalia,0.0076,0.1884,0.4675,-0.4464,0.1886,-0.0348,-0.1449,960.0
Anomalia,0.0306,0.183,0.4675,-0.4464,0.1856,-0.2111,-0.0424,960.0
Anomalia,0.0422,0.1881,0.4675,-0.4464,0.1928,-0.2915,-0.1942,960.0
Anomalia,0.049,0.1643,0.4675,-0.4464,0.1715,-0.2877,0.6839,720.0
Anomalia,0.0459,0.1286,0.3761,-0.2349,0.1365,0.2501,-0.4143,960.0
Anomalia,0.0368,0.1263,0.3761,-0.2286,0.1316,0.4356,-0.3047,960.0
Anomalia,0.0153,0.1177,0.3761,-0.2455,0.1186,0.3433,0.0303,960.0
Anomalia,0.0287,0.1305,0.3761,-0.2455,0.1336,0.1792,-0.4287,960.0
Anomalia,0.0258,0.1324,0.3227,-0.3133,0.1349,-0.1757,-0.2856,960.0
Anomalia,0.0245,0.1362,0.3227,-0.3133,0.1384,-0.1902,-0.4441,960.0
Anomalia,0.0408,0.1462,0.3227,-0.4093,0.1518,-0.5939,-0.0228,960.0
Anomalia,0.025,0.2029,0.6684,-0.488,0.2044,0.0013,0.2954,5280.0
Anomalia,0.0216,0.2512,0.6684,-0.577,0.2521,-0.0434,-0.0905,2880.0
Anomalia,0.0382,0.2717,0.6684,-0.577,0.2743,-0.0965,-0.5389,2880.0
Anomalia,0.026,0.2859,0.6684,-0.577,0.287,-0.0123,-0.8095,2880.0
Anomalia,0.042,0.2477,0.6127,-0.577,0.2513,-0.2665,-0.2206,2880.0
Anomalia,0.0455,0.1913,0.5401,-0.4345,0.1967,-0.2825,0.1067,3120.0
Anomalia,0.0257,0.1858,0.4206,-0.4345,0.1875,-0.3677,-0.1899,3360.0
Anomalia,0.0284,0.1855,0.4118,-0.6019,0.1877,-0.5608,0.4443,3840.0
Anomalia,0.0232,0.193,0.4118,-0.6019,0.1944,-0.5542,0.1241,5040.0
Anomalia,0.0248,0.1922,0.4118,-0.6019,0.1938,-0.5292,0.1264,5040.0
Anomalia,0.0374,0.171,0.3546,-0.6019,0.175,-0.7581,1.12,3360.0
Anomalia,0.0339,0.147,0.3538,-0.3824,0.1509,-0.2857,-0.2604,3360.0
Anomalia,0.0278,0.1633,0.4894,-0.4001,0.1656,0.0107,0.1691,3360.0
Anomalia,0.0298,0.1861,0.4894,-0.4437,0.1884,-0.0869,-0.161,2640.0
Anomalia,0.0179,0.1994,0.4894,-0.4437,0.2002,-0.0125,-0.2269,3120.0
Anomalia,0.0294,0.1988,0.4894,-0.4437,0.201,-0.0736,-0.1706,4080.0
Anomalia,0.0349,0.1777,0.4546,-0.4437,0.1811,-0.1442,0.0606,2880.0
Anomalia,0.0415,0.1506,0.4546,-0.4329,0.1562,-0.1098,0.5604,3120.0
Anomalia,0.0401,0.1326,0.3868,-0.3052,0.1385,-0.1012,-0.3861,2640.0
Anomalia,0.032,0.1313,0.3217,-0.3463,0.1351,-0.2853,-0.2322,3840.0
Anomalia,0.025,0.1308,0.338,-0.3463,0.1331,-0.2532,-0.1978,1680.0
Anomalia,0.0234,0.1374,0.338,-0.3463,0.1394,-0.1281,-0.4682,960.0
Anomalia,0.0319,0.1324,0.338,-0.3463,0.1362,-0.1026,-0.4213,960.0
Anomalia,0.0405,0.1236,0.338,-0.2105,0.13,0.0022,-0.8275,960.0
Anomalia,0.0334,0.1159,0.2789,-0.2105,0.1206,0.1158,-0.7913,4080.0
Anomalia,0.0319,0.1046,0.2714,-0.2051,0.1093,0.0643,-0.5246,4080.0
Anomalia,0.0277,0.0993,0.2714,-0.2051,0.1031,0.0483,-0.4298,4080.0
Anomalia,0.0199,0.0859,0.2201,-0.2051,0.0881,-0.1322,-0.2798,2880.0
Anomalia,0.0362,0.0838,0.2201,-0.1969,0.0913,-0.1672,-0.2142,2880.0
Anomalia,0.0257,0.0855,0.2201,-0.2387,0.0893,-0.2716,0.0843,960.0
Anomalia,0.0241,0.1044,0.2727,-0.2387,0.1072,-0.2089,-0.2507,960.0
Anomalia,0.0321,0.16,0.5169,-0.5067,0.1632,-0.066,0.8038,2640.0
Anomalia,0.0161,0.2078,0.5169,-0.6436,0.2084,-0.3661,0.5107,3120.0
Anomalia,0.0402,0.2248,0.5169,-0.6436,0.2284,-0.5075,0.0271,3120.0
Anomalia,0.0444,0.2298,0.5169,-0.6436,0.234,-0.6258,0.0591,3120.0
Anomalia,0.0334,0.2232,0.4817,-0.6436,0.2256,-0.6847,-0.0425,2880.0
Anomalia,0.0532,0.1945,0.4162,-0.4439,0.2016,-0.6522,-0.1937,2880.0
Anomalia,0.0181,0.1974,0.4162,-0.4439,0.1982,-0.4293,-0.6345,2880.0
Anomalia,0.0159,0.1961,0.4162,-0.4439,0.1967,-0.2169,-0.7982,2880.0
Anomalia,0.0289,0.1787,0.4162,-0.3772,0.181,-0.2116,-0.5572,2880.0
Anomalia,0.0045,0.1637,0.4162,-0.3743,0.1638,0.0273,-0.5485,2880.0
Anomalia,0.0493,0.1494,0.4162,-0.2662,0.1574,-0.0308,-0.6809,2880.0
Anomalia,0.0502,0.188,0.8086,-0.3751,0.1946,0.4582,1.7318,1680.0
Anomalia,0.03,0.2592,1.0399,-0.6964,0.261,0.4821,2.4556,2880.0
Anomalia,0.046,0.3279,1.0399,-0.949,0.3311,-0.1423,0.817,3360.0
Anomalia,0.0237,0.3515,1.0399,-0.949,0.3523,-0.0283,0.2126,3360.0
Anomalia,0.014,0.3405,1.0399,-0.949,0.3408,-0.0752,0.3054,3360.0
Anomalia,0.0358,0.3088,0.7268,-0.949,0.3109,-0.4134,0.1366,3360.0
Anomalia,0.026,0.241,0.5462,-0.7356,0.2424,-0.1053,-0.267,3360.0
Anomalia,0.026,0.2026,0.4802,-0.4416,0.2043,0.0609,-0.5812,3360.0
Anomalia,0.0295,0.2016,0.4802,-0.5067,0.2037,-0.1372,-0.2054,3360.0
Anomalia,0.0241,0.1695,0.3957,-0.5067,0.1712,-0.4704,0.0548,2640.0
Anomalia,0.0323,0.1744,0.436,-0.5067,0.1774,-0.2976,0.1445,2880.0
Anomalia,0.0414,0.1813,0.436,-0.5067,0.1859,-0.3717,-0.0695,2640.0
Anomalia,0.0361,0.1566,0.436,-0.3571,0.1607,-0.099,-0.2479,1200.0
Anomalia,0.0384,0.1533,0.436,-0.3571,0.158,-0.0168,-0.0373,1200.0
Anomalia,0.0233,0.1604,0.4128,-0.3667,0.1621,-0.3676,-0.2136,960.0
Anomalia,0.0109,0.1649,0.4233,-0.3667,0.1653,-0.0951,-0.2092,5040.0
Anomalia,0.0317,0.191,0.5094,-0.4704,0.1937,-0.1,-0.2639,3360.0
Anomalia,0.0279,0.1912,0.5094,-0.4704,0.1933,-0.0772,-0.3216,3360.0
Anomalia,0.0398,0.1826,0.5094,-0.4704,0.1869,0.0679,-0.2903,3360.0
Anomalia,0.0429,0.1788,0.5094,-0.4704,0.1839,-0.0292,-0.1496,3360.0
Anomalia,0.0158,0.1738,0.4062,-0.4095,0.1746,-0.1642,-0.4794,3360.0
Anomalia,0.028,0.1913,0.5749,-0.4095,0.1934,0.0059,-0.4379,3360.0
Anomalia,0.0281,0.2081,0.5749,-0.4095,0.21,0.0693,-0.4779,3360.0
Anomalia,0.0336,0.2033,0.5749,-0.4095,0.2061,0.095,-0.3933,3360.0
Anomalia,0.0525,0.1905,0.5749,-0.3496,0.1976,0.1827,-0.4356,3360.0
Anomalia,0.0307,0.1893,0.5361,-0.4247,0.1918,-0.0288,-0.4029,3360.0
Anomalia,0.0364,0.2244,0.6119,-0.6221,0.2273,-0.1209,0.2035,3360.0
Anomalia,0.009,0.2483,0.6119,-0.6221,0.2485,-0.0279,-0.2575,5040.0
Anomalia,0.018,0.2621,0.6119,-0.6221,0.2627,-0.0717,-0.4121,2880.0
Anomalia,0.0258,0.2564,0.6119,-0.6221,0.2577,-0.0617,-0.291,4080.0
Anomalia,0.0253,0.1985,0.4767,-0.59,0.2001,-0.2643,0.3937,5280.0
Anomalia,0.0503,0.1923,0.6204,-0.4982,0.1987,0.0403,0.3785,5040.0
Anomalia,0.0371,0.2314,0.818,-0.4871,0.2344,0.3832,0.5789,5040.0
Anomalia,0.0109,0.2915,0.818,-0.8059,0.2917,0.0218,0.1751,5040.0
Anomalia,0.0361,0.329,0.818,-0.8059,0.3309,0.0016,-0.5111,5280.0
Anomalia,0.0119,0.3216,0.818,-0.8059,0.3218,0.119,-0.3885,5280.0
Anomalia,0.0317,0.2872,0.7037,-0.8059,0.289,-0.1767,0.0738,5280.0
Anomalia,0.0623,0.2325,0.7037,-0.5268,0.2407,0.1572,-0.1451,3360.0
Anomalia,0.023,0.1973,0.4936,-0.3632,0.1986,0.0242,-0.7266,3360.0
Anomalia,0.0364,0.2165,0.5226,-0.6002,0.2195,-0.1624,-0.3907,2640.0
Anomalia,0.0274,0.2238,0.5226,-0.6002,0.2255,-0.0563,-0.538,3120.0
Anomalia,0.0114,0.2155,0.5226,-0.6002,0.2158,0.0555,-0.371,4080.0
Anomalia,0.0429,0.2192,0.5226,-0.6002,0.2234,-0.0366,-0.329,5280.0
Anomalia,0.0404,0.2035,0.5197,-0.4118,0.2074,0.0503,-0.5612,3840.0
Anomalia,0.0397,0.2067,0.5424,-0.4118,0.2105,0.0043,-0.5554,3840.0
Anomalia,0.0391,0.2242,0.5424,-0.586,0.2276,-0.1748,-0.3151,3840.0
Anomalia,0.0071,0.2293,0.5424,-0.586,0.2294,0.011,-0.305,4080.0
Anomalia,0.0259,0.2118,0.5424,-0.586,0.2134,-0.0802,0.2088,4080.0
Anomalia,0.021,0.1899,0.5238,-0.586,0.1911,-0.1903,0.8574,5280.0
Anomalia,0.0318,0.1569,0.5005,-0.4738,0.1601,-0.1346,0.9549,3360.0
Anomalia,0.0487,0.1263,0.3392,-0.2213,0.1353,-0.0663,-0.7839,5280.0
Anomalia,0.0276,0.1256,0.3392,-0.2147,0.1286,0.214,-0.7192,2880.0
Anomalia,0.0244,0.1159,0.3392,-0.2147,0.1185,0.3569,-0.3217,480.0
Anomalia,0.0388,0.1156,0.3392,-0.2003,0.122,0.2963,-0.4176,4080.0
Anomalia,0.0256,0.0999,0.2956,-0.2003,0.1031,0.4526,-0.0363,960.0
Anomalia,0.0427,0.1013,0.2956,-0.1585,0.1099,0.4474,-0.4189,4080.0
Anomalia,0.0372,0.1131,0.2956,-0.2806,0.1191,-0.0666,-0.0523,4080.0
Anomalia,0.0238,0.1863,0.6861,-0.6236,0.1879,0.3556,2.1305,3360.0
Anomalia,0.0363,0.2528,0.7462,-0.6236,0.2554,0.2939,0.6227,3120.0
Anomalia,0.0185,0.2594,0.7462,-0.6236,0.2601,0.4112,0.4215,3120.0
Anomalia,0.0345,0.2765,0.7462,-0.6236,0.2786,0.3391,-0.1939,2880.0
Anomalia,0.0342,0.2548,0.7462,-0.5656,0.257,0.3509,-0.1291,2880.0
Anomalia,0.0289,0.2073,0.5361,-0.3634,0.2093,0.428,-0.5722,2880.0
Anomalia,0.0481,0.2379,0.708,-0.499,0.2427,0.2762,-0.4575,2880.0
Anomalia,0.0251,0.2363,0.708,-0.499,0.2376,0.2937,-0.3786,2880.0
Anomalia,0.0339,0.2428,0.708,-0.6252,0.2452,0.0222,-0.0409,2880.0
Anomalia,0.0283,0.2428,0.708,-0.6252,0.2444,-0.026,-0.1626,3360.0
Anomalia,0.019,0.2071,0.5253,-0.6252,0.2079,-0.2143,-0.0071,3360.0
Anomalia,0.0311,0.2313,0.6233,-0.6319,0.2334,-0.3001,0.2673,3360.0
Anomalia,0.0331,0.2198,0.6233,-0.6319,0.2223,-0.0995,-0.0167,3360.0
Anomalia,0.0236,0.2581,0.6233,-0.6319,0.2592,-0.2422,-0.3308,5280.0
Anomalia,0.04,0.2771,0.6346,-0.6319,0.28,-0.2319,-0.4649,3120.0
Anomalia,0.0358,0.2458,0.6346,-0.5827,0.2484,-0.1605,-0.168,5280.0
Anomalia,0.0305,0.2455,0.6346,-0.5827,0.2474,-0.2717,-0.1253,2880.0
Anomalia,0.0464,0.1961,0.6346,-0.5374,0.2015,-0.0727,0.5253,3360.0
Anomalia,0.0216,0.1642,0.3951,-0.4946,0.1656,-0.294,0.2679,3360.0
Anomalia,0.0212,0.1657,0.3951,-0.4946,0.1671,-0.4176,0.4272,3360.0
Anomalia,0.0206,0.1501,0.4416,-0.3999,0.1516,0.0241,0.4929,5040.0
Anomalia,0.0255,0.144,0.4416,-0.3999,0.1462,-0.0584,0.3627,2880.0
Anomalia,0.0415,0.1377,0.4416,-0.3999,0.1438,-0.0736,0.4182,4320.0
Anomalia,0.0499,0.1272,0.4416,-0.2487,0.1367,0.1961,0.0868,960.0
Anomalia,0.0358,0.1121,0.3277,-0.2069,0.1177,0.1268,-0.3743,960.0
Anomalia,0.0333,0.1168,0.3277,-0.2441,0.1214,0.1705,-0.4488,960.0
Anomalia,0.0219,0.1287,0.3277,-0.2441,0.1305,0.2074,-0.6956,960.0
Anomalia,0.0232,0.12,0.2798,-0.2441,0.1223,0.0993,-0.6816,960.0
Anomalia,0.0393,0.1247,0.2798,-0.2441,0.1307,-0.0186,-0.7542,960.0
Anomalia,0.0302,0.123,0.3521,-0.2301,0.1267,0.2022,-0.5731,2880.0
Anomalia,0.0312,0.12,0.3521,-0.251,0.124,0.2218,-0.4947,960.0
Anomalia,0.0283,0.1319,0.3521,-0.3438,0.1349,-0.0145,-0.5734,960.0
Anomalia,0.0141,0.1523,0.3521,-0.3438,0.153,-0.0188,-0.679,960.0
Anomalia,0.0336,0.1523,0.339,-0.3438,0.156,-0.2299,-0.6348,2880.0
Anomalia,0.0342,0.1506,0.339,-0.3438,0.1544,-0.1853,-0.5854,2880.0
Anomalia,0.036,0.156,0.3711,-0.3234,0.1601,-0.0266,-0.5827,2880.0
Anomalia,0.0494,0.1346,0.3711,-0.3234,0.1434,0.1498,-0.516,4560.0
Anomalia,0.0272,0.176,0.5593,-0.4919,0.1781,0.0024,0.4963,5040.0
Anomalia,0.0324,0.1817,0.5593,-0.4919,0.1845,-0.0564,0.2455,5040.0
Anomalia,0.0279,0.175,0.5593,-0.4919,0.1772,-0.0832,0.553,3840.0
Anomalia,0.0194,0.1777,0.5593,-0.4919,0.1787,-0.0525,0.3585,3360.0
Anomalia,0.0448,0.1429,0.348,-0.3144,0.1497,-0.3065,-0.421,4080.0
Anomalia,0.0296,0.1884,0.6488,-0.6296,0.1907,-0.017,1.4726,3360.0
Anomalia,0.043,0.2303,0.9123,-0.6296,0.2342,0.6292,1.9095,2880.0
Anomalia,0.023,0.2788,0.9123,-0.7525,0.2797,0.1456,0.8901,1920.0
Anomalia,0.0135,0.2965,0.9123,-0.7525,0.2968,0.2532,0.3125,3360.0
Anomalia,0.0226,0.2734,0.9123,-0.7525,0.2743,0.1831,0.7554,3360.0
Anomalia,0.0214,0.2542,0.551,-0.7525,0.2551,-0.1689,0.2561,3360.0
Anomalia,0.0405,0.2097,0.533,-0.4375,0.2136,0.1688,-0.3854,3360.0
Anomalia,0.0482,0.1828,0.5122,-0.3985,0.1891,0.0974,-0.242,3360.0
Anomalia,0.034,0.2011,0.5122,-0.6202,0.204,-0.2872,0.4207,2640.0
Anomalia,0.031,0.1873,0.3578,-0.6202,0.1898,-0.6896,0.4232,5040.0
Anomalia,0.0259,0.1804,0.3578,-0.6202,0.1823,-0.5801,0.4999,5040.0
Anomalia,0.0199,0.1807,0.3578,-0.6202,0.1818,-0.581,0.5165,5280.0
Anomalia,0.0399,0.1499,0.3578,-0.3419,0.1552,-0.152,-0.5436,5280.0
Anomalia,0.0309,0.157,0.3377,-0.4583,0.16,-0.4254,0.0647,3840.0
Anomalia,0.044,0.1628,0.4393,-0.4583,0.1687,-0.4078,0.085,2880.0
Anomalia,0.0233,0.1651,0.4393,-0.4583,0.1667,-0.2463,-0.1739,3840.0
Anomalia,0.0303,0.1684,0.4393,-0.4583,0.1711,-0.359,-0.2184,3360.0
Anomalia,0.0291,0.1501,0.4393,-0.3463,0.1529,-0.1173,-0.3345,720.0
Anomalia,0.027,0.1421,0.3384,-0.3463,0.1446,-0.1869,-0.4661,480.0
Anomalia,0.0401,0.124,0.3384,-0.2595,0.1303,-0.0222,-0.2875,960.0
Anomalia,0.0235,0.1099,0.3188,-0.2418,0.1124,0.2691,-0.0537,2880.0
Anomalia,0.0297,0.1113,0.3188,-0.2418,0.1152,0.2516,-0.1663,720.0
Anomalia,0.0263,0.0843,0.3,-0.1525,0.0883,0.3736,0.389,960.0
Anomalia,0.0324,0.0865,0.3,-0.1525,0.0923,0.1993,0.0926,960.0
Anomalia,0.0437,0.1022,0.3826,-0.1725,0.1111,0.4593,0.7274,960.0
Anomalia,0.0316,0.1273,0.4592,-0.2843,0.1311,0.7114,1.3821,1200.0
Anomalia,0.0484,0.1723,0.5497,-0.2843,0.179,0.6818,0.2398,5040.0
Anomalia,0.0286,0.2284,0.5605,-0.7026,0.2301,-0.0785,0.4567,480.0
Anomalia,0.0266,0.2361,0.5605,-0.7026,0.2376,-0.1034,0.1009,3120.0
Anomalia,0.0322,0.2335,0.5605,-0.7026,0.2357,-0.254,0.1225,3120.0
Anomalia,0.0227,0.2072,0.5605,-0.7026,0.2085,-0.5649,0.9096,3120.0
Anomalia,0.0372,0.1861,0.6192,-0.5019,0.1898,0.1736,-0.0429,2880.0
Anomalia,0.038,0.2092,0.6192,-0.5918,0.2127,0.2464,0.231,2880.0
Anomalia,0.0335,0.2612,0.6192,-0.6705,0.2633,-0.1087,-0.1301,2880.0
Anomalia,0.0328,0.2877,0.6457,-0.6705,0.2895,0.0098,-0.563,2880.0
Anomalia,0.0266,0.2764,0.6457,-0.6705,0.2777,-0.011,-0.428,3360.0
Anomalia,0.0274,0.2516,0.6457,-0.6705,0.253,-0.1206,-0.0206,3360.0
Anomalia,0.0375,0.2152,0.6457,-0.4596,0.2184,0.012,-0.07,3360.0
Anomalia,0.0256,0.1971,0.4133,-0.493,0.1987,-0.3173,-0.3144,3360.0
Anomalia,0.0333,0.2156,0.456,-0.5111,0.2182,-0.3354,-0.2804,3360.0
Anomalia,0.0341,0.213,0.456,-0.5111,0.2157,-0.3188,-0.1638,3120.0
Anomalia,0.0232,0.1948,0.456,-0.5111,0.1962,-0.1743,0.0703,2880.0
Anomalia,0.0435,0.1826,0.456,-0.5111,0.1877,-0.1476,0.207,2880.0
Anomalia,0.0326,0.1381,0.4058,-0.3271,0.1419,0.1188,-0.0744,2880.0
Anomalia,0.0336,0.1402,0.4058,-0.3271,0.1441,0.0985,-0.1618,3360.0
Anomalia,0.0432,0.1389,0.4058,-0.3801,0.1454,-0.0973,-0.0705,480.0
Anomalia,0.0236,0.1392,0.34,-0.3801,0.1412,-0.2018,-0.4313,960.0
Anomalia,0.0338,0.1499,0.4135,-0.3801,0.1536,-0.0665,-0.3767,5280.0
Anomalia,0.0289,0.1514,0.4135,-0.3801,0.1541,-0.0327,-0.4541,960.0
Anomalia,0.0234,0.1406,0.4135,-0.2969,0.1425,0.0669,-0.2765,960.0
Anomalia,0.0327,0.1311,0.4135,-0.2969,0.1351,0.1065,0.008,960.0
Anomalia,0.0279,0.1207,0.3219,-0.2969,0.1239,-0.2018,-0.3853,960.0
Anomalia,0.031,0.1136,0.3373,-0.2969,0.1177,-0.0834,0.121,960.0
Anomalia,0.0434,0.1047,0.3373,-0.2138,0.1133,0.1795,-0.2155,960.0
Anomalia,0.0336,0.1025,0.3373,-0.2138,0.1079,0.1281,-0.1381,960.0
Anomalia,0.0528,0.1221,0.4114,-0.2067,0.133,0.5843,0.2023,960.0
Anomalia,0.035,0.1663,0.5741,-0.4779,0.1699,0.0458,0.9119,4080.0
Anomalia,0.0132,0.2236,0.5741,-0.6236,0.2239,-0.0361,0.4109,2640.0
Anomalia,0.0381,0.2566,0.5741,-0.6236,0.2594,-0.1284,-0.3928,2880.0
Anomalia,0.0054,0.273,0.5741,-0.6236,0.2731,0.0903,-0.6306,2880.0
Anomalia,0.0409,0.2613,0.567,-0.6236,0.2645,-0.1797,-0.4835,2880.0
Anomalia,0.0441,0.2188,0.5021,-0.5155,0.2232,-0.0158,-0.3007,2880.0
Anomalia,0.0253,0.1834,0.5021,-0.5155,0.1851,0.0355,0.2281,2880.0
Anomalia,0.0435,0.1351,0.4325,-0.3282,0.1419,0.2158,0.1027,4080.0
Anomalia,0.0131,0.1313,0.314,-0.345,0.132,-0.1904,-0.0555,4320.0
Anomalia,0.0356,0.1266,0.314,-0.345,0.1315,-0.2788,0.0875,4320.0
Anomalia,0.0374,0.1234,0.314,-0.345,0.129,-0.5046,0.5156,4080.0
Anomalia,0.0367,0.14,0.3672,-0.3872,0.1447,-0.474,0.5349,4080.0
Anomalia,0.0532,0.2034,0.8683,-0.761,0.2102,0.1487,5.024,4080.0
Anomalia,0.0466,0.2598,0.8683,-0.761,0.2639,0.4322,1.7056,4320.0
Anomalia,0.0157,0.3092,0.8683,-0.8831,0.3096,0.0516,0.5818,3360.0
Anomalia,0.0326,0.3334,0.8683,-0.8831,0.335,0.0241,-0.1058,3360.0
Anomalia,0.0116,0.2997,0.8255,-0.8831,0.2999,0.049,-0.1194,3360.0
Anomalia,0.0222,0.2712,0.5549,-0.8831,0.2721,-0.3664,-0.036,3360.0
Anomalia,0.0543,0.2335,0.5549,-0.3836,0.2397,0.1038,-0.8266,3360.0
Anomalia,0.0228,0.2128,0.4514,-0.5149,0.214,-0.0613,-0.581,3360.0
Anomalia,0.0398,0.205,0.4514,-0.5149,0.2088,-0.1631,-0.4051,3360.0
Anomalia,0.0231,0.1851,0.4514,-0.5149,0.1865,-0.2162,-0.0001,3360.0
Anomalia,0.0183,0.1651,0.4156,-0.5149,0.1661,-0.3964,0.1928,3360.0
Anomalia,0.0382,0.1406,0.3138,-0.2883,0.1457,-0.0988,-0.7864,480.0
Anomalia,0.0417,0.1279,0.3206,-0.2883,0.1345,-0.1507,-0.5502,960.0
Anomalia,0.031,0.151,0.3916,-0.5307,0.1541,-0.6265,1.1166,2880.0
Anomalia,0.0449,0.1685,0.4909,-0.5307,0.1744,-0.3331,0.8483,5280.0
Anomalia,0.0264,0.1748,0.4909,-0.5307,0.1768,-0.105,0.4826,5040.0
Anomalia,0.026,0.1861,0.4909,-0.5307,0.1879,-0.0523,-0.043,3360.0
Anomalia,0.0451,0.1657,0.4909,-0.3396,0.1717,0.172,-0.387,3360.0
Anomalia,0.0266,0.1403,0.3939,-0.304,0.1428,0.1334,-0.4344,3360.0
Anomalia,0.0446,0.1274,0.3939,-0.2929,0.135,0.0292,-0.3918,3360.0
Anomalia,0.0301,0.1199,0.3,-0.2843,0.1236,-0.0103,-0.4921,3360.0
Anomalia,0.0168,0.1146,0.2923,-0.2843,0.1158,-0.0278,-0.415,3360.0
Anomalia,0.0382,0.1324,0.4356,-0.2843,0.1378,0.3769,0.0869,960.0
Anomalia,0.0224,0.1344,0.4356,-0.2843,0.1363,0.4667,0.2199,3360.0
Anomalia,0.0331,0.14,0.4356,-0.2871,0.1439,0.2952,-0.0959,3360.0
Anomalia,0.0387,0.1646,0.4356,-0.4481,0.1691,-0.3432,0.1625,960.0
Anomalia,0.0172,0.1706,0.3999,-0.4481,0.1715,-0.4048,-0.0739,5040.0
Anomalia,0.0415,0.1836,0.4537,-0.4481,0.1882,-0.4008,-0.1196,5040.0
Anomalia,0.0278,0.1927,0.4537,-0.4481,0.1947,-0.2849,-0.4368,5280.0
Anomalia,0.0379,0.1755,0.4537,-0.4128,0.1795,-0.1157,-0.3269,5280.0
Anomalia,0.0423,0.1576,0.4537,-0.3605,0.1632,-0.066,-0.2889,2880.0
Anomalia,0.0251,0.1876,0.5754,-0.5451,0.1893,0.093,0.4352,2880.0
Anomalia,0.0441,0.2644,1.0099,-0.8818,0.268,0.1455,2.1943,5040.0
Anomalia,0.0248,0.2947,1.0099,-0.8818,0.2958,0.1066,0.912,5040.0
Anomalia,0.0286,0.3127,1.0099,-0.8818,0.314,0.0942,0.2751,5280.0
Anomalia,0.0314,0.2945,1.0099,-0.8818,0.2962,0.0354,0.7779,5280.0
Anomalia,0.0268,0.2232,0.5731,-0.6649,0.2248,-0.2293,-0.2411,3360.0
Anomalia,0.0418,0.2044,0.5731,-0.4888,0.2087,-0.1087,-0.513,3360.0
Anomalia,0.0466,0.1944,0.5779,-0.4888,0.1999,-0.172,-0.3715,3360.0
Anomalia,0.0336,0.2174,0.5779,-0.5831,0.2199,-0.3108,-0.2438,3360.0
Anomalia,0.0399,0.2189,0.5779,-0.5831,0.2225,-0.2805,-0.1757,3120.0
Anomalia,0.0242,0.2108,0.5779,-0.5831,0.2122,-0.1105,-0.1409,2880.0
Anomalia,0.0228,0.1951,0.489,-0.5831,0.1964,-0.2276,0.0854,2880.0
Anomalia,0.0426,0.1572,0.489,-0.3077,0.1628,0.0487,-0.0286,2880.0
Anomalia,0.0184,0.1723,0.4377,-0.6751,0.1733,-0.6757,1.2837,3360.0
Anomalia,0.0463,0.1809,0.5151,-0.6751,0.1868,-0.6875,1.499,4080.0
Anomalia,0.0342,0.2033,0.5151,-0.6751,0.2062,-0.6436,0.6633,5040.0
Anomalia,0.0284,0.2162,0.5151,-0.6751,0.218,-0.5149,0.1261,5280.0
Anomalia,0.0504,0.1965,0.5151,-0.523,0.2029,-0.4636,-0.0342,5280.0
Anomalia,0.0272,0.1709,0.3586,-0.523,0.1731,-0.5241,0.3073,3360.0
Anomalia,0.0294,0.1424,0.3586,-0.4425,0.1454,-0.3385,0.0212,3360.0
Anomalia,0.0231,0.1218,0.2528,-0.3071,0.124,-0.2062,-0.6679,3360.0
Anomalia,0.0191,0.1215,0.2933,-0.2243,0.123,0.1712,-0.7632,960.0
Anomalia,0.0223,0.1152,0.2933,-0.2243,0.1174,0.1957,-0.5809,960.0
Anomalia,0.0398,0.1159,0.2933,-0.2113,0.1225,0.1758,-0.7881,960.0
Anomalia,0.0389,0.1238,0.2933,-0.1955,0.1298,0.2022,-0.9108,960.0
Anomalia,0.0335,0.1445,0.513,-0.3469,0.1484,0.0766,-0.0281,960.0
Anomalia,0.0373,0.2598,0.8745,-0.7377,0.2624,0.4269,1.2487,4080.0
Anomalia,0.0255,0.2945,0.8745,-0.9139,0.2956,-0.011,0.9669,4080.0
Anomalia,0.0416,0.3004,0.8745,-0.9139,0.3032,-0.1375,0.7474,2880.0
Anomalia,0.0406,0.296,0.8745,-0.9139,0.2988,-0.1486,0.9176,2880.0
Anomalia,0.035,0.2266,0.5539,-0.9139,0.2293,-0.8257,2.0624,2880.0
Anomalia,0.0334,0.2015,0.5626,-0.4667,0.2042,0.0082,-0.1641,2880.0
Anomalia,0.0171,0.2452,0.6509,-0.6398,0.2458,0.0062,0.0604,4080.0
Anomalia,0.0202,0.2582,0.6509,-0.6398,0.259,-0.055,-0.2034,5040.0
Anomalia,0.024,0.2751,0.6551,-0.6398,0.2761,-0.0262,-0.4407,3360.0
Anomalia,0.0327,0.2674,0.6551,-0.6398,0.2694,-0.0812,-0.4033,3360.0
Anomalia,0.0364,0.2221,0.6551,-0.4761,0.2251,-0.0846,-0.286,3360.0
Anomalia,0.0412,0.2267,0.6551,-0.4514,0.2304,0.0574,-0.2358,3360.0
Anomalia,0.043,0.2109,0.6402,-0.4364,0.2153,0.1125,-0.2846,3360.0
Anomalia,0.0218,0.2309,0.6402,-0.4364,0.2319,0.1909,-0.4279,1920.0
Anomalia,0.0261,0.2396,0.6402,-0.4364,0.241,0.2885,-0.5764,4320.0
Anomalia,0.0194,0.2204,0.5672,-0.426,0.2213,0.2889,-0.5699,5280.0
Anomalia,0.0321,0.2067,0.5472,-0.426,0.2092,0.095,-0.5451,4080.0
Anomalia,0.0399,0.1729,0.5368,-0.3077,0.1775,0.3884,-0.3977,480.0
Anomalia,0.042,0.1797,0.4454,-0.5015,0.1845,-0.0416,-0.4632,4320.0
Anomalia,0.0303,0.1831,0.4871,-0.5015,0.1856,0.1859,-0.1288,4080.0
Anomalia,0.0198,0.173,0.4871,-0.5015,0.1741,0.0871,0.1035,4080.0
Anomalia,0.0293,0.1755,0.4871,-0.5015,0.1779,-0.0762,-0.0787,2880.0
Anomalia,0.0283,0.1497,0.4871,-0.4202,0.1524,-0.065,0.3523,4320.0
Anomalia,0.0463,0.1288,0.3092,-0.3415,0.1368,-0.3934,-0.0437,5040.0
Anomalia,0.0385,0.1229,0.3092,-0.3415,0.1288,-0.3435,0.0159,3840.0
Anomalia,0.0283,0.1162,0.2902,-0.3415,0.1195,-0.4003,0.1949,5280.0
Anomalia,0.0299,0.1079,0.3327,-0.2074,0.112,0.0572,-0.2373,5280.0
Anomalia,0.0259,0.1046,0.3327,-0.2074,0.1078,0.1326,-0.2677,5280.0
Anomalia,0.03,0.1055,0.3327,-0.2074,0.1097,0.2517,-0.3435,5280.0
Anomalia,0.0419,0.1053,0.3546,-0.1425,0.1134,0.4864,-0.1556,2880.0
Anomalia,0.0296,0.1309,0.3546,-0.3922,0.1343,-0.1854,0.2418,2640.0
Anomalia,0.0299,0.1474,0.4126,-0.3922,0.1504,-0.0397,0.0211,2640.0
Anomalia,0.0305,0.185,0.4723,-0.4047,0.1875,0.0139,-0.3897,3360.0
Anomalia,0.0243,0.1851,0.4723,-0.4047,0.1866,0.0155,-0.4608,3360.0
Anomalia,0.0462,0.1785,0.4955,-0.4047,0.1844,0.1439,-0.1219,3360.0
Anomalia,0.0335,0.1758,0.4955,-0.4047,0.1789,0.2171,-0.121,3360.0
Anomalia,0.0321,0.1463,0.4955,-0.2384,0.1497,0.2809,-0.2044,5040.0
Anomalia,0.0351,0.1648,0.4955,-0.2695,0.1685,0.2745,-0.4932,960.0
Anomalia,0.0116,0.1594,0.4108,-0.276,0.1599,0.1842,-0.7921,960.0
Anomalia,0.039,0.1579,0.4108,-0.276,0.1626,-0.0294,-0.8156,960.0
Anomalia,0.0314,0.1505,0.4108,-0.276,0.1537,0.0747,-0.5362,1200.0
Anomalia,0.0273,0.1423,0.3513,-0.3976,0.1449,-0.2051,-0.1226,4080.0
Anomalia,0.0377,0.202,0.6075,-0.6434,0.2055,-0.1858,1.3408,1920.0
Anomalia,0.0294,0.2623,0.8032,-0.7043,0.264,0.1241,0.5113,1920.0
Anomalia,0.0329,0.3082,0.8032,-0.7372,0.31,-0.148,-0.3089,1920.0
Anomalia,0.0349,0.3162,0.8032,-0.7372,0.3181,-0.1197,-0.4754,3360.0
Anomalia,0.0316,0.2851,0.8032,-0.7372,0.2869,-0.1048,-0.0728,3360.0
Anomalia,0.0273,0.2321,0.5437,-0.7372,0.2337,-0.3931,0.457,3360.0
Anomalia,0.039,0.1842,0.5437,-0.3884,0.1883,0.0938,0.0024,3360.0
Anomalia,0.0359,0.1762,0.4942,-0.4164,0.1798,0.1288,0.0098,2640.0
Anomalia,0.0364,0.1877,0.4942,-0.4364,0.1912,0.0126,-0.1126,5280.0
Anomalia,0.031,0.1996,0.4942,-0.4364,0.202,0.124,-0.3638,3120.0
Anomalia,0.0215,0.202,0.4905,-0.4364,0.2032,0.0592,-0.6247,4080.0
Anomalia,0.0305,0.1919,0.4905,-0.4364,0.1943,-0.1005,-0.6447,2880.0
Anomalia,0.0347,0.1848,0.5282,-0.3945,0.188,0.1518,-0.4012,3840.0
Anomalia,0.025,0.1798,0.5282,-0.3945,0.1815,0.1077,-0.3959,3840.0
Anomalia,0.0365,0.1767,0.5282,-0.3807,0.1805,0.224,-0.2806,960.0
Anomalia,0.0256,0.1753,0.5282,-0.3807,0.1772,0.3662,-0.1187,960.0
Anomalia,0.0308,0.1705,0.4823,-0.3807,0.1732,0.1636,-0.3524,3360.0
Anomalia,0.0549,0.1622,0.4823,-0.3807,0.1713,0.2541,-0.372,3360.0
Anomalia,0.0319,0.1466,0.3868,-0.305,0.15,0.4893,-0.2996,960.0
Anomalia,0.0481,0.14,0.3868,-0.305,0.148,0.3158,-0.3097,960.0
Anomalia,0.0271,0.1325,0.3868,-0.2282,0.1352,0.3827,-0.4199,960.0
Anomalia,0.0197,0.1161,0.2785,-0.2282,0.1177,-0.0467,-0.8979,960.0
Anomalia,0.0409,0.108,0.2785,-0.2282,0.1155,-0.1258,-0.6633,960.0
Anomalia,0.0175,0.1114,0.301,-0.2282,0.1128,0.2555,-0.5105,960.0
Anomalia,0.042,0.1194,0.3524,-0.2564,0.1266,0.1279,-0.2815,960.0
Anomalia,0.031,0.1563,0.3834,-0.5762,0.1594,-0.3884,0.9366,4080.0
Anomalia,0.0082,0.2257,0.6175,-0.5762,0.2259,0.0835,0.0997,4080.0
Anomalia,0.0412,0.252,0.6175,-0.5762,0.2554,-0.0551,-0.3983,2880.0
Anomalia,0.0163,0.2826,0.6175,-0.5762,0.2831,0.175,-0.8474,2880.0
Anomalia,0.0406,0.2696,0.6175,-0.5572,0.2726,0.0632,-0.7442,2880.0
Anomalia,0.0527,0.2176,0.6058,-0.417,0.2239,0.0641,-0.2467,2880.0
Anomalia,0.0186,0.2036,0.5426,-0.417,0.2044,0.0831,-0.379,2880.0
Anomalia,0.0482,0.1994,0.7168,-0.5676,0.2051,-0.177,0.6516,5040.0
Anomalia,0.0189,0.2288,0.7168,-0.6765,0.2296,-0.2117,0.3745,5040.0
Anomalia,0.0298,0.2538,0.7168,-0.6765,0.2555,-0.1628,0.0133,3360.0
Anomalia,0.0496,0.2519,0.7168,-0.6765,0.2568,-0.2439,0.1683,3360.0
Anomalia,0.0237,0.2144,0.6626,-0.6765,0.2157,-0.0923,0.7823,3360.0
Anomalia,0.0414,0.2017,0.6626,-0.5493,0.2059,0.3199,0.2146,3360.0
Anomalia,0.0321,0.1945,0.4706,-0.4491,0.1971,0.1539,-0.3328,3360.0
Anomalia,0.0175,0.1993,0.4706,-0.5124,0.2001,-0.0126,-0.096,3120.0
Anomalia,0.0369,0.2078,0.4706,-0.5124,0.211,-0.0819,-0.2592,3120.0
Anomalia,0.0284,0.1975,0.484,-0.5124,0.1995,-0.1414,0.0078,4080.0
Anomalia,0.0312,0.1717,0.484,-0.5124,0.1745,0.0505,0.5789,2880.0
Anomalia,0.0492,0.1467,0.484,-0.3044,0.1548,0.3089,0.3687,960.0
Anomalia,0.0299,0.1525,0.484,-0.4001,0.1554,-0.0282,0.3064,2640.0
Anomalia,0.0348,0.1461,0.4227,-0.4001,0.1502,0.0215,0.0338,960.0
Anomalia,0.0315,0.1405,0.4227,-0.4001,0.1439,0.0251,0.2967,5280.0
Anomalia,0.0283,0.1372,0.4227,-0.4001,0.1401,-0.0155,0.5276,2640.0
Anomalia,0.0413,0.1126,0.4227,-0.2134,0.1199,0.1321,0.5148,5040.0
Anomalia,0.044,0.0976,0.3192,-0.1896,0.107,-0.3175,-0.1931,5040.0
Anomalia,0.033,0.0973,0.2516,-0.1896,0.1027,-0.2764,-0.5079,2640.0
Anomalia,0.0319,0.0989,0.2328,-0.1878,0.1039,-0.1663,-0.8284,480.0
Anomalia,0.0234,0.098,0.2491,-0.1677,0.1008,0.2725,-0.8094,3840.0
Anomalia,0.0248,0.0918,0.2491,-0.1677,0.0951,0.2574,-0.5809,2880.0
Anomalia,0.042,0.095,0.2491,-0.1978,0.1038,0.0824,-0.7511,2880.0
Anomalia,0.0313,0.1208,0.338,-0.3023,0.1248,-0.0799,0.1457,2880.0
Anomalia,0.0385,0.1511,0.4345,-0.4058,0.1559,-0.1157,0.2226,2640.0
Anomalia,0.0259,0.2011,0.542,-0.6609,0.2028,-0.3997,0.6823,3120.0
Anomalia,0.023,0.2192,0.542,-0.6609,0.2204,-0.291,0.109,3120.0
Anomalia,0.0386,0.2223,0.542,-0.6609,0.2257,-0.3835,0.0783,2880.0
Anomalia,0.0295,0.2159,0.542,-0.6609,0.218,-0.4574,0.1711,2880.0
Anomalia,0.0498,0.1925,0.4393,-0.466,0.1988,-0.3613,-0.3856,2880.0
Anomalia,0.0394,0.1833,0.4393,-0.4323,0.1875,-0.2399,-0.4524,960.0
Anomalia,0.0257,0.1983,0.4934,-0.5933,0.2,-0.3865,0.1263,4080.0
Anomalia,0.042,0.2098,0.4934,-0.5933,0.2139,-0.4363,-0.0274,3360.0
Anomalia,0.0109,0.2124,0.4934,-0.5933,0.2127,-0.1936,-0.3875,3360.0
Anomalia,0.0297,0.2147,0.5681,-0.5933,0.2168,-0.2782,-0.3379,3360.0
Anomalia,0.0303,0.2097,0.6968,-0.4679,0.2119,0.0211,-0.1197,3360.0
Anomalia,0.0076,0.2745,1.0291,-0.8566,0.2746,0.3005,2.0877,3360.0
Anomalia,0.0494,0.3574,1.3099,-0.8566,0.3608,0.5018,1.4539,3360.0
Anomalia,0.0344,0.4049,1.3099,-1.055,0.4064,0.2529,0.5793,3360.0
Anomalia,0.0327,0.4177,1.3099,-1.055,0.419,0.2112,0.252,3360.0
Anomalia,0.0515,0.3915,1.3099,-1.055,0.3949,0.1417,0.3098,3360.0
Anomalia,0.0271,0.3233,0.7731,-1.055,0.3244,-0.2684,0.0292,3360.0
Anomalia,0.0299,0.2641,0.6384,-0.5672,0.2658,-0.0267,-0.6086,3360.0
Anomalia,0.0354,0.2377,0.6169,-0.4836,0.2404,-0.0767,-0.6423,3360.0
Anomalia,0.0287,0.1932,0.4337,-0.4836,0.1953,-0.2654,-0.334,3360.0
Anomalia,0.0252,0.1669,0.4337,-0.4836,0.1688,-0.2016,0.2013,3120.0
Anomalia,0.0412,0.1728,0.4337,-0.4836,0.1776,-0.1461,-0.2125,2880.0
Anomalia,0.0281,0.1527,0.4287,-0.3718,0.1553,0.158,-0.1476,960.0
Anomalia,0.0426,0.1567,0.4323,-0.3718,0.1624,0.0544,-0.0953,2880.0
Anomalia,0.0332,0.1822,0.4339,-0.3968,0.1852,-0.0931,-0.3055,5280.0
Anomalia,0.014,0.186,0.4742,-0.3968,0.1865,0.1541,-0.2817,5280.0
Anomalia,0.0385,0.1992,0.4742,-0.3968,0.2028,0.0417,-0.6082,5280.0
Anomalia,0.02,0.1928,0.4742,-0.3968,0.1938,0.1648,-0.4674,5280.0
Anomalia,0.035,0.167,0.4742,-0.325,0.1706,0.1835,-0.1767,5280.0
Anomalia,0.0437,0.161,0.459,-0.4957,0.1668,-0.2755,0.7015,5280.0
Anomalia,0.0177,0.1785,0.4846,-0.4957,0.1793,-0.2255,0.2932,4560.0
Anomalia,0.0329,0.2238,0.5996,-0.6726,0.2263,-0.2419,0.0843,4560.0
Anomalia,0.0313,0.2413,0.5996,-0.6726,0.2433,-0.2406,-0.41,3360.0
Anomalia,0.0286,0.2386,0.5996,-0.6726,0.2403,-0.2285,-0.4177,3360.0
Anomalia,0.0519,0.2331,0.5996,-0.6726,0.2388,-0.3484,-0.2633,3360.0
Anomalia,0.0294,0.2107,0.4719,-0.4481,0.2128,-0.137,-0.7531,3360.0
Anomalia,0.0352,0.2169,0.6035,-0.4558,0.2198,0.1538,-0.4144,3360.0
Anomalia,0.0148,0.2288,0.6035,-0.5213,0.2293,0.2442,-0.5908,3360.0
Anomalia,0.02,0.2318,0.6035,-0.5213,0.2326,0.2003,-0.6265,2880.0
Anomalia,0.0297,0.2239,0.6035,-0.5213,0.2259,0.1151,-0.518,2880.0
Anomalia,0.0247,0.1988,0.4832,-0.5213,0.2003,-0.0974,-0.5035,2880.0
Anomalia,0.05,0.1801,0.4911,-0.3411,0.1869,0.0779,-0.2875,2880.0
Anomalia,0.0314,0.2102,0.8735,-0.4738,0.2125,0.4625,1.3231,1680.0
Anomalia,0.0219,0.2579,0.8735,-0.7112,0.2589,0.3172,0.8141,5040.0
Anomalia,0.0465,0.3036,0.8735,-0.7112,0.3072,0.1242,-0.2862,5040.0
Anomalia,0.0225,0.3087,0.8735,-0.7112,0.3095,0.2198,-0.3513,5040.0
Anomalia,0.0356,0.2878,0.7589,-0.7112,0.29,0.0684,-0.2624,3360.0
Anomalia,0.0453,0.2521,0.6315,-0.6142,0.2562,0.1002,-0.1292,3360.0
Anomalia,0.0164,0.2165,0.5816,-0.4648,0.2171,0.1303,-0.0812,3360.0
Anomalia,0.036,0.2289,0.5816,-0.4648,0.2317,0.1552,-0.4249,3360.0
Anomalia,0.0276,0.2286,0.5783,-0.4648,0.2303,0.1204,-0.5502,3120.0
Anomalia,0.0252,0.221,0.557,-0.4648,0.2224,0.1078,-0.6776,3120.0
Anomalia,0.0395,0.2159,0.557,-0.4408,0.2195,0.1154,-0.5451,2880.0
Anomalia,0.0346,0.1867,0.5338,-0.4364,0.1899,0.2516,-0.0607,4080.0
Anomalia,0.0363,0.1576,0.4834,-0.4364,0.1617,0.2146,0.4869,480.0
Anomalia,0.0317,0.1902,0.5026,-0.6206,0.1929,-0.2289,0.8705,3360.0
Anomalia,0.0165,0.1973,0.5026,-0.6206,0.198,-0.4198,0.8247,5040.0
Anomalia,0.0252,0.1997,0.5026,-0.6206,0.2013,-0.5088,0.7294,5040.0
Anomalia,0.0293,0.2055,0.5026,-0.6206,0.2076,-0.5079,0.4496,5280.0
Anomalia,0.0409,0.1678,0.4704,-0.5685,0.1727,-0.5449,0.8226,5280.0
Anomalia,0.0441,0.1327,0.3304,-0.2906,0.1398,-0.0929,-0.7145,4080.0
Anomalia,0.0382,0.1345,0.2987,-0.2906,0.1398,-0.193,-0.6467,4080.0
Anomalia,0.0179,0.1269,0.2987,-0.2687,0.1281,0.0359,-0.6609,4080.0
Anomalia,0.0317,0.124,0.2987,-0.2687,0.128,-0.0494,-0.4634,960.0
Anomalia,0.0295,0.1197,0.2987,-0.2687,0.1232,0.0799,-0.5567,960.0
Anomalia,0.0288,0.1076,0.3173,-0.1798,0.1114,0.3345,-0.4331,2880.0
Anomalia,0.0547,0.1042,0.3173,-0.1475,0.1177,0.2286,-0.6074,960.0
Anomalia,0.0321,0.1819,0.5551,-0.7425,0.1847,-0.4292,3.5999,2640.0
Anomalia,0.025,0.252,0.7625,-0.7425,0.2532,-0.356,1.1713,3120.0
Anomalia,0.032,0.2708,0.7625,-0.7425,0.2727,-0.3076,0.3915,3120.0
Anomalia,0.0093,0.2857,0.7625,-0.7425,0.2859,-0.0501,-0.1782,3120.0
Anomalia,0.0279,0.265,0.7625,-0.673,0.2665,-0.1534,-0.2102,2880.0
Anomalia,0.0341,0.2078,0.4544,-0.4752,0.2106,0.0272,-0.712,2880.0
Anomalia,0.0302,0.2066,0.4544,-0.4752,0.2088,-0.1591,-0.7551,2880.0
Anomalia,0.0442,0.199,0.4544,-0.4752,0.2038,-0.2465,-0.5274,4080.0
Anomalia,0.0341,0.1947,0.4998,-0.4118,0.1976,-0.0933,-0.5433,960.0
Anomalia,0.0284,0.2122,0.4998,-0.4174,0.2141,-0.0907,-0.7456,2880.0
Anomalia,0.0421,0.1922,0.4998,-0.4174,0.1968,-0.1052,-0.3711,3360.0
Anomalia,0.0197,0.194,0.4998,-0.4174,0.195,-0.0721,-0.4965,3360.0
Anomalia,0.0275,0.2174,0.7539,-0.4239,0.2191,0.3454,0.2742,3360.0
Anomalia,0.0348,0.226,0.7539,-0.5482,0.2287,0.3042,0.3399,3120.0
Anomalia,0.0213,0.2533,0.7539,-0.6031,0.2542,0.2603,-0.1461,4320.0
Anomalia,0.0396,0.2642,0.7539,-0.6031,0.2672,0.2006,-0.1931,4320.0
Anomalia,0.0325,0.2434,0.6621,-0.6031,0.2456,0.0454,-0.2602,3360.0
Anomalia,0.0392,0.2233,0.6621,-0.6031,0.2267,-0.0408,-0.0214,3360.0
Anomalia,0.0394,0.1895,0.6621,-0.4932,0.1936,0.1523,0.4529,3360.0
Anomalia,0.0304,0.1788,0.3939,-0.4471,0.1814,-0.2626,-0.4293,4080.0
Anomalia,0.0315,0.1644,0.4481,-0.4471,0.1673,-0.3144,0.1263,4080.0
Anomalia,0.0206,0.1616,0.4481,-0.4471,0.1629,-0.2679,0.0279,4320.0
Anomalia,0.0308,0.1615,0.4481,-0.4471,0.1644,-0.4159,0.0647,4320.0
Anomalia,0.033,0.1394,0.4481,-0.3686,0.1433,-0.137,0.2576,960.0
Anomalia,0.0374,0.1324,0.3425,-0.3686,0.1376,-0.3172,0.0848,960.0
Anomalia,0.0362,0.1329,0.3832,-0.3067,0.1378,-0.1057,-0.1337,480.0
Anomalia,0.0307,0.1395,0.3832,-0.3067,0.1428,-0.0407,-0.048,5280.0
Anomalia,0.0362,0.1435,0.3832,-0.3046,0.148,-0.178,-0.121,5280.0
Anomalia,0.0348,0.1413,0.3832,-0.3046,0.1455,-0.2365,-0.2044,3360.0
Anomalia,0.0364,0.1333,0.3588,-0.3046,0.1382,-0.2133,-0.2883,3360.0
Anomalia,0.0238,0.1291,0.3133,-0.3002,0.1313,0.0142,-0.5634,3360.0
Anomalia,0.0271,0.1322,0.3352,-0.2522,0.1349,0.2937,-0.6281,2880.0
Anomalia,0.0145,0.1443,0.3544,-0.3277,0.145,0.2983,-0.4477,960.0
Anomalia,0.0313,0.1565,0.4719,-0.3277,0.1596,0.3617,-0.3961,3360.0
Anomalia,0.0405,0.1691,0.4719,-0.3277,0.1739,0.3172,-0.4202,480.0
Anomalia,0.0331,0.1691,0.4719,-0.4022,0.1723,0.1235,-0.077,3360.0
Anomalia,0.0554,0.1678,0.4719,-0.4022,0.1767,-0.0109,-0.1394,4560.0
Anomalia,0.0292,0.1624,0.4498,-0.4022,0.165,-0.0426,-0.1362,4560.0
Anomalia,0.0282,0.1516,0.3628,-0.4022,0.1542,-0.2349,-0.2799,4560.0
Anomalia,0.0424,0.1411,0.3628,-0.3098,0.1473,-0.1352,-0.5014,4560.0
Anomalia,0.017,0.1286,0.3371,-0.3098,0.1297,0.013,-0.6442,5280.0
Anomalia,0.047,0.1142,0.3371,-0.1994,0.1235,-0.0331,-0.6166,960.0
Anomalia,0.043,0.1484,0.5679,-0.5948,0.1545,-0.0716,2.042,1920.0
Anomalia,0.0276,0.2117,0.8695,-0.5948,0.2134,0.8344,2.695,1920.0
Anomalia,0.0375,0.252,0.8695,-0.5948,0.2548,0.6092,1.0217,5280.0
Anomalia,0.0246,0.3012,0.8695,-0.8282,0.3022,0.3188,0.2662,3360.0
Anomalia,0.0205,0.2943,0.8695,-0.8282,0.2951,0.3096,0.422,3360.0
Anomalia,0.0357,0.2745,0.7923,-0.8282,0.2768,-0.0635,0.1834,3360.0
Anomalia,0.0311,0.2503,0.6997,-0.8282,0.2522,-0.2513,0.5371,3360.0
Anomalia,0.0345,0.1924,0.4836,-0.4204,0.1954,-0.0614,-0.2485,3360.0
Anomalia,0.0412,0.1891,0.4836,-0.4204,0.1935,0.0579,-0.4151,3360.0
Anomalia,0.0252,0.176,0.4717,-0.4204,0.1778,0.0778,-0.4153,5280.0
Anomalia,0.0363,0.1709,0.4531,-0.3236,0.1747,0.1748,-0.5385,4080.0
Anomalia,0.0374,0.1724,0.4531,-0.3236,0.1764,0.2029,-0.5251,5280.0
Anomalia,0.0364,0.1581,0.4531,-0.3236,0.1622,0.2866,-0.1787,5280.0
Anomalia,0.0461,0.137,0.4531,-0.2979,0.1446,0.215,0.1863,3840.0
Anomalia,0.0284,0.1465,0.3747,-0.4114,0.1492,-0.2776,0.1862,4800.0
Anomalia,0.0191,0.1607,0.417,-0.4114,0.1618,-0.2106,-0.0493,4800.0
Anomalia,0.0376,0.1589,0.417,-0.4114,0.1632,-0.4343,0.2139,5040.0
Anomalia,0.0297,0.1576,0.417,-0.4114,0.1603,-0.3409,0.1814,720.0
Anomalia,0.0499,0.1291,0.417,-0.3325,0.1384,-0.3316,0.7535,480.0
Anomalia,0.0452,0.1032,0.271,-0.1932,0.1127,-0.0011,-0.4715,480.0
Anomalia,0.0187,0.1018,0.2664,-0.2195,0.1035,0.0778,-0.206,480.0
Anomalia,0.0278,0.0953,0.2664,-0.2195,0.0993,0.0831,0.0274,960.0
Anomalia,0.0199,0.0975,0.2664,-0.2195,0.0995,-0.1682,-0.3455,1200.0
Anomalia,0.0291,0.0967,0.2677,-0.2195,0.101,-0.2998,-0.1491,960.0
Anomalia,0.0491,0.1084,0.3067,-0.2086,0.119,-0.0332,-0.4478,960.0
Anomalia,0.0372,0.1236,0.3067,-0.2854,0.1291,-0.2411,-0.3642,960.0
Anomalia,0.0601,0.189,0.7523,-0.3448,0.1984,0.9418,1.7323,2880.0
Anomalia,0.0327,0.2457,0.7523,-0.6607,0.2478,0.0928,0.7471,2880.0
Anomalia,0.0284,0.2562,0.7523,-0.6607,0.2578,0.1923,0.3611,3120.0
Anomalia,0.0358,0.266,0.7523,-0.6607,0.2684,0.1893,0.003,960.0
Anomalia,0.0096,0.2289,0.5138,-0.6607,0.2291,-0.0757,0.2538,2880.0
Anomalia,0.0386,0.1846,0.4811,-0.403,0.1886,0.4078,-0.4862,960.0
Anomalia,0.0299,0.198,0.4811,-0.4717,0.2003,0.0936,-0.4793,1200.0
Anomalia,0.0191,0.2383,0.5983,-0.6874,0.239,-0.1889,-0.0282,5040.0
Anomalia,0.0414,0.2689,0.6112,-0.6874,0.2721,-0.2666,-0.435,3360.0
Anomalia,0.0232,0.2823,0.6112,-0.6874,0.2832,-0.2323,-0.6528,3360.0
Anomalia,0.0389,0.2669,0.6112,-0.6874,0.2698,-0.3541,-0.2802,3360.0
Anomalia,0.0579,0.2317,0.6112,-0.5668,0.2388,-0.3829,-0.1265,3360.0
Anomalia,0.0266,0.2141,0.4992,-0.5766,0.2158,-0.5423,-0.1139,3360.0
Anomalia,0.0392,0.2205,0.5107,-0.5766,0.224,-0.4467,-0.2512,3360.0
Anomalia,0.0295,0.2275,0.5107,-0.5766,0.2294,-0.4572,-0.3101,3360.0
Anomalia,0.0124,0.22,0.5107,-0.5766,0.2203,-0.4984,-0.2474,3120.0
Anomalia,0.0445,0.2179,0.5107,-0.5074,0.2224,-0.5436,-0.1059,2640.0
Anomalia,0.0398,0.1898,0.5021,-0.4792,0.1939,-0.512,0.1889,2880.0
Anomalia,0.0462,0.1704,0.5021,-0.4583,0.1765,-0.4466,0.5625,2880.0
Anomalia,0.0499,0.1676,0.5021,-0.4583,0.1749,-0.2039,0.1668,960.0
Anomalia,0.0182,0.1477,0.3951,-0.3357,0.1488,-0.132,-0.391,960.0
Anomalia,0.0278,0.1406,0.3951,-0.3225,0.1434,-0.1703,-0.3244,960.0
Anomalia,0.021,0.1396,0.3951,-0.3225,0.1412,-0.1693,-0.4571,960.0
Anomalia,0.0237,0.1197,0.2856,-0.2785,0.1221,-0.2768,-0.2638,2880.0
Anomalia,0.0396,0.1037,0.3081,-0.2785,0.111,-0.0017,0.3502,960.0
Anomalia,0.0314,0.102,0.3081,-0.2032,0.1067,0.2867,-0.0837,960.0
Anomalia,0.0276,0.1075,0.3081,-0.2032,0.111,0.2086,-0.1099,960.0
Anomalia,0.0414,0.1185,0.3081,-0.2399,0.1255,-0.0031,-0.4119,4080.0
Anomalia,0.0348,0.1256,0.295,-0.2399,0.1304,-0.0372,-0.7845,960.0
Anomalia,0.0422,0.1295,0.4567,-0.2399,0.1362,0.3176,0.0046,960.0
Anomalia,0.0427,0.1307,0.4567,-0.2639,0.1375,0.1811,0.1287,960.0
Anomalia,0.0209,0.1634,0.4936,-0.4364,0.1647,0.1681,0.5904,2640.0
Anomalia,0.0385,0.1907,0.4936,-0.4364,0.1945,0.1731,-0.2003,5040.0
Anomalia,0.0227,0.2064,0.4936,-0.4364,0.2077,0.1048,-0.617,2880.0
Anomalia,0.0277,0.2217,0.4936,-0.4364,0.2234,0.164,-0.8684,2880.0
Anomalia,0.0418,0.211,0.5257,-0.3561,0.2151,0.2501,-0.7608,2880.0
Anomalia,0.0168,0.1939,0.5257,-0.3561,0.1946,0.404,-0.3452,2880.0
Anomalia,0.0361,0.1747,0.5257,-0.282,0.1783,0.3653,-0.0767,2640.0
Anomalia,0.0272,0.1517,0.5257,-0.2697,0.1541,0.3761,0.5528,2880.0
Anomalia,0.0237,0.1311,0.3244,-0.2697,0.1333,-0.168,-0.4116,1920.0
Anomalia,0.0345,0.1101,0.286,-0.2524,0.1154,-0.3686,-0.0507,480.0
Anomalia,0.0287,0.1054,0.286,-0.241,0.1092,-0.1336,-0.2028,1440.0
Anomalia,0.0345,0.1543,0.6267,-0.387,0.1581,0.4344,2.453,1200.0
Anomalia,0.0486,0.2338,1.0702,-0.387,0.2388,1.431,3.882,960.0
Anomalia,0.0155,0.291,1.0702,-0.8157,0.2914,0.511,1.6038,1920.0
Anomalia,0.0435,0.3237,1.0702,-0.8157,0.3266,0.4052,0.3913,3360.0
Anomalia,0.0199,0.3165,1.0702,-0.8157,0.3171,0.5004,0.7039,3360.0
Anomalia,0.0161,0.2906,0.7281,-0.8157,0.2911,0.0288,-0.0704,3360.0
Anomalia,0.0519,0.2476,0.7281,-0.4692,0.253,0.4186,-0.1327,3360.0
Anomalia,0.0182,0.2158,0.6599,-0.4692,0.2166,0.2778,-0.1172,3360.0
Anomalia,0.0328,0.2126,0.6599,-0.4028,0.2151,0.328,-0.2418,3360.0
Anomalia,0.0355,0.1791,0.4573,-0.3901,0.1826,-0.0166,-0.5545,4080.0
Anomalia,0.0184,0.182,0.4277,-0.3901,0.1829,-0.0139,-0.9473,4080.0
Anomalia,0.0399,0.1754,0.4277,-0.3901,0.1799,-0.2825,-0.7846,2880.0
Anomalia,0.0435,0.1659,0.3588,-0.3551,0.1716,-0.2728,-0.9448,3840.0
Anomalia,0.0244,0.1647,0.3588,-0.3551,0.1665,-0.1614,-0.7761,3840.0
Anomalia,0.0372,0.189,0.5645,-0.4193,0.1926,-0.1141,0.1129,3840.0
Anomalia,0.0124,0.195,0.5645,-0.4817,0.1954,-0.0411,0.2012,5040.0
Anomalia,0.0275,0.1981,0.5645,-0.4817,0.2,-0.1192,0.0719,3360.0
Anomalia,0.0394,0.1999,0.5645,-0.4817,0.2037,-0.1986,-0.0225,3360.0
Anomalia,0.0375,0.1637,0.3277,-0.4817,0.168,-0.3403,-0.2864,3360.0
Anomalia,0.0463,0.1591,0.363,-0.2635,0.1657,-0.0607,-1.0809,3360.0
Anomalia,0.0301,0.1455,0.363,-0.2635,0.1486,-0.02,-0.8264,3360.0
Anomalia,0.016,0.1321,0.363,-0.2593,0.1331,0.0262,-0.7504,3360.0
Anomalia,0.0239,0.1319,0.363,-0.232,0.134,0.0937,-0.6612,960.0
Anomalia,0.0193,0.1225,0.3073,-0.2011,0.124,0.1191,-0.752,960.0
Anomalia,0.0242,0.1356,0.3073,-0.3459,0.1378,-0.0675,-0.6716,960.0
Anomalia,0.0346,0.1597,0.3985,-0.3459,0.1634,-0.0409,-0.7806,960.0
Anomalia,0.031,0.1959,0.5115,-0.5238,0.1984,-0.1756,-0.352,960.0
Anomalia,0.04,0.218,0.5115,-0.5238,0.2216,-0.3545,-0.5267,5040.0
Anomalia,0.036,0.2226,0.5115,-0.5238,0.2255,-0.3865,-0.4759,2880.0
Anomalia,0.0338,0.2129,0.5115,-0.5238,0.2156,-0.4456,-0.2271,480.0
Anomalia,0.0406,0.1756,0.3559,-0.4944,0.1802,-0.6491,0.3582,480.0
Anomalia,0.0274,0.165,0.528,-0.4602,0.1673,-0.2161,0.5366,2880.0
Anomalia,0.0425,0.2097,0.9267,-0.4892,0.2139,0.6963,2.2052,5280.0
Anomalia,0.023,0.2581,0.9267,-0.6488,0.2591,0.2463,1.1091,5040.0
Anomalia,0.0201,0.2827,0.9267,-0.6488,0.2834,0.2408,0.2581,5040.0
Anomalia,0.0289,0.2809,0.9267,-0.6488,0.2824,0.1716,0.2336,5280.0
Anomalia,0.0244,0.2439,0.7112,-0.6488,0.2451,-0.161,0.2924,3360.0
Anomalia,0.043,0.2024,0.4842,-0.4852,0.2069,0.0619,-0.4009,3360.0
Anomalia,0.047,0.1769,0.4686,-0.2793,0.183,0.1655,-0.7955,3360.0
Anomalia,0.0364,0.1799,0.4135,-0.3832,0.1836,0.0372,-0.9099,5280.0
Anomalia,0.0269,0.1878,0.4354,-0.3832,0.1897,0.0246,-0.9725,5280.0
Anomalia,0.0255,0.18,0.4354,-0.3832,0.1818,0.0055,-0.7631,5280.0
Anomalia,0.015,0.181,0.4354,-0.3832,0.1816,0.0243,-0.8185,5280.0
Anomalia,0.0295,0.1659,0.4354,-0.3722,0.1685,-0.0481,-0.5716,2880.0
Anomalia,0.0383,0.1612,0.4187,-0.319,0.1657,-0.0535,-0.5951,2880.0
Anomalia,0.0402,0.1737,0.3947,-0.4627,0.1783,-0.3023,-0.4722,5280.0
Anomalia,0.034,0.177,0.4227,-0.4627,0.1802,-0.31,-0.2433,720.0
Anomalia,0.0387,0.1863,0.4227,-0.4627,0.1902,-0.2364,-0.4734,5280.0
Anomalia,0.0258,0.1781,0.4227,-0.4627,0.18,-0.1371,-0.3954,960.0
Anomalia,0.0336,0.1586,0.4227,-0.4281,0.1621,0.0586,-0.2192,960.0
Anomalia,0.0372,0.1446,0.4224,-0.2378,0.1493,0.2115,-0.6715,4080.0
Anomalia,0.0234,0.1223,0.3776,-0.2378,0.1245,0.2437,-0.3074,4080.0
Anomalia,0.0324,0.1177,0.3776,-0.2378,0.1221,0.189,-0.1392,4080.0
Anomalia,0.0192,0.1016,0.2787,-0.2061,0.1034,0.1297,-0.2436,4080.0
Anomalia,0.0265,0.0841,0.2474,-0.2049,0.0882,0.057,0.1369,960.0
Anomalia,0.0388,0.0966,0.2683,-0.2053,0.1041,-0.0136,-0.1144,960.0
Anomalia,0.0285,0.1104,0.5065,-0.3171,0.114,0.4277,2.5497,4320.0
Anomalia,0.0483,0.1644,0.5368,-0.4702,0.1713,0.2037,1.3237,5040.0
Anomalia,0.0323,0.2229,0.5368,-0.7769,0.2252,-0.5772,1.2154,3120.0
Anomalia,0.0253,0.2439,0.5368,-0.7769,0.2452,-0.4476,0.3381,3120.0
Anomalia,0.0371,0.2629,0.6394,-0.7769,0.2655,-0.3557,-0.0381,2880.0
Anomalia,0.0218,0.2515,0.6394,-0.7769,0.2524,-0.3506,0.0569,2880.0
Anomalia,0.0417,0.2322,0.6394,-0.4675,0.2359,-0.0239,-0.4874,2880.0
Anomalia,0.0339,0.2579,0.6394,-0.7312,0.2601,-0.1446,-0.2134,2880.0
Anomalia,0.0259,0.2503,0.6102,-0.7312,0.2516,-0.3175,-0.1815,5040.0
Anomalia,0.0317,0.2734,0.6987,-0.7312,0.2752,-0.2254,-0.327,5040.0
Anomalia,0.0118,0.2726,0.6987,-0.7312,0.2728,-0.0943,-0.4261,3360.0
Anomalia,0.0277,0.2324,0.6987,-0.485,0.234,-0.0752,-0.2295,3360.0
Anomalia,0.0332,0.247,0.6987,-0.7239,0.2493,-0.2127,0.0342,3360.0
Anomalia,0.0333,0.2537,0.8553,-0.7239,0.2559,0.0149,0.7208,3360.0
Anomalia,0.0349,0.2948,0.8553,-0.9029,0.2969,-0.3403,0.7261,3360.0
Anomalia,0.0408,0.3022,0.8553,-0.9029,0.305,-0.3379,0.4652,3360.0
Anomalia,0.0215,0.2799,0.8553,-0.9029,0.2807,-0.1263,0.9182,3360.0
Anomalia,0.035,0.2565,0.6233,-0.9029,0.2589,-0.4334,1.0112,3360.0
Anomalia,0.0352,0.1967,0.6044,-0.3496,0.1999,0.2656,-0.5176,3360.0
Anomalia,0.0312,0.1856,0.6044,-0.3496,0.1882,0.2954,-0.3046,3360.0
Anomalia,0.0439,0.2086,0.6044,-0.6457,0.2132,-0.1526,0.1322,4080.0
Anomalia,0.0266,0.1909,0.485,-0.6457,0.1927,-0.3562,0.1956,4080.0
Anomalia,0.0344,0.1829,0.485,-0.6457,0.1861,-0.3555,0.5295,4080.0
Anomalia,0.0235,0.184,0.485,-0.6457,0.1855,-0.3637,0.4582,2880.0
Anomalia,0.0274,0.1521,0.3365,-0.3444,0.1546,-0.0634,-0.8518,960.0
Anomalia,0.0265,0.149,0.3365,-0.3444,0.1513,0.0386,-0.7209,4080.0
Anomalia,0.028,0.1538,0.4291,-0.3444,0.1564,0.0844,-0.5442,4080.0
Anomalia,0.025,0.1482,0.4291,-0.2793,0.1503,0.2358,-0.5494,4080.0
Anomalia,0.0322,0.1496,0.4291,-0.2793,0.153,0.2166,-0.5321,4080.0
Anomalia,0.0296,0.1441,0.4291,-0.2793,0.1471,0.2633,-0.413,4080.0
Anomalia,0.0354,0.1319,0.4008,-0.2793,0.1366,0.2849,-0.367,4080.0
Anomalia,0.0342,0.1295,0.4008,-0.2399,0.134,0.2725,-0.4128,2640.0
Anomalia,0.0236,0.1422,0.4008,-0.4147,0.1442,0.0275,0.0466,3840.0
Anomalia,0.035,0.1552,0.5207,-0.4147,0.1591,0.2448,0.235,3360.0
Anomalia,0.0229,0.1693,0.5207,-0.4277,0.1708,-0.0992,0.1368,3360.0
Anomalia,0.0369,0.1669,0.5207,-0.4277,0.171,-0.2187,0.3191,3360.0
Anomalia,0.0427,0.1611,0.5207,-0.4277,0.1666,-0.2052,0.3768,3360.0
Anomalia,0.0223,0.1536,0.3419,-0.4277,0.1552,-0.3719,0.0574,3360.0
Anomalia,0.0318,0.1499,0.3419,-0.426,0.1533,-0.2916,-0.0752,480.0
Anomalia,0.0145,0.1528,0.3419,-0.426,0.1535,-0.0206,-0.2419,960.0
Anomalia,0.0164,0.1491,0.4147,-0.426,0.15,0.1776,0.1719,960.0
Anomalia,0.0376,0.1416,0.4147,-0.426,0.1465,-0.072,0.3883,960.0
Anomalia,0.0354,0.1304,0.4147,-0.2441,0.1352,0.4361,0.2318,960.0
Anomalia,0.0492,0.1574,0.4746,-0.3302,0.1649,0.2411,0.2119,2880.0
Anomalia,0.0548,0.2007,0.7965,-0.349,0.208,0.5677,0.7891,1920.0
Anomalia,0.019,0.2623,0.7965,-0.6905,0.263,0.0783,-0.0543,1920.0
Anomalia,0.0268,0.29,0.7965,-0.6905,0.2912,0.1733,-0.4269,3360.0
Anomalia,0.0108,0.2754,0.7965,-0.6905,0.2756,0.2897,0.0139,3360.0
Anomalia,0.0133,0.2517,0.7233,-0.6905,0.252,0.0467,0.1764,3360.0
Anomalia,0.0473,0.1985,0.7233,-0.3542,0.204,0.5389,0.5891,3360.0
Anomalia,0.0382,0.1535,0.475,-0.2998,0.1582,0.2981,-0.0514,3360.0
Anomalia,0.0485,0.1842,0.4754,-0.5313,0.1904,-0.1975,0.4411,2640.0
Anomalia,0.0373,0.1757,0.4754,-0.5313,0.1796,-0.2803,0.5508,5280.0
Anomalia,0.0173,0.1956,0.4754,-0.5313,0.1963,-0.326,0.2635,2640.0
Anomalia,0.028,0.2031,0.4754,-0.5313,0.205,-0.4238,-0.0634,2640.0
Anomalia,0.0267,0.1835,0.4058,-0.5282,0.1854,-0.4128,-0.1053,2880.0
Anomalia,0.0265,0.1891,0.4058,-0.5282,0.191,-0.5447,-0.2083,2880.0
Anomalia,0.0456,0.1736,0.3482,-0.4277,0.1795,-0.5475,-0.3692,4800.0
Anomalia,0.0226,0.1702,0.3482,-0.4277,0.1717,-0.3625,-0.4819,720.0
Anomalia,0.0289,0.1612,0.3482,-0.3672,0.1637,-0.4276,-0.6052,3360.0
Anomalia,0.0364,0.1441,0.3482,-0.3557,0.1487,-0.4129,-0.4007,3360.0
Anomalia,0.0237,0.1232,0.2637,-0.3236,0.1255,-0.302,-0.5452,3120.0
Anomalia,0.0465,0.125,0.3044,-0.3261,0.1334,-0.3224,-0.1406,4320.0
Anomalia,0.0367,0.1237,0.3044,-0.3261,0.129,-0.0712,-0.4485,4560.0
Anomalia,0.0255,0.1229,0.3044,-0.3261,0.1256,0.0221,-0.3781,4080.0
Anomalia,0.0397,0.1289,0.3044,-0.3261,0.1349,-0.2194,-0.5578,960.0
Anomalia,0.0201,0.1197,0.2468,-0.213,0.1214,-0.1043,-1.1085,960.0
Anomalia,0.031,0.1109,0.2268,-0.2065,0.1151,-0.2602,-0.953,960.0
Anomalia,0.0317,0.1299,0.3288,-0.4151,0.1337,-0.4997,0.005,480.0
Anomalia,0.0166,0.1763,0.4621,-0.4567,0.1771,-0.2441,0.1576,3360.0
Anomalia,0.0425,0.2065,0.7827,-0.4567,0.2108,0.3771,1.3141,2880.0
Anomalia,0.0141,0.2381,0.7827,-0.4567,0.2385,0.2995,0.2184,3120.0
Anomalia,0.0319,0.2556,0.7827,-0.4567,0.2576,0.3042,-0.3111,2880.0
Anomalia,0.0389,0.2301,0.7827,-0.43,0.2334,0.4947,0.2737,2880.0
Anomalia,0.019,0.2197,0.5247,-0.43,0.2205,0.09,-0.7136,2880.0
Anomalia,0.0558,0.2166,0.5518,-0.4199,0.2237,0.154,-0.7809,2880.0
Anomalia,0.027,0.2319,0.5518,-0.5952,0.2335,-0.1508,-0.4262,2880.0
Anomalia,0.0359,0.2389,0.5518,-0.5952,0.2416,-0.2153,-0.5492,5280.0
Anomalia,0.0375,0.2407,0.5518,-0.5952,0.2436,-0.1848,-0.4881,3360.0
Anomalia,0.0192,0.2201,0.5157,-0.5952,0.2209,-0.2453,-0.2431,3360.0
Anomalia,0.0328,0.2022,0.4923,-0.4393,0.2048,0.0914,-0.7232,3360.0
Anomalia,0.0322,0.2099,0.4923,-0.6188,0.2124,-0.1778,-0.2269,3360.0
Anomalia,0.0177,0.2108,0.4923,-0.6188,0.2115,-0.3632,0.0484,2880.0
Anomalia,0.039,0.2062,0.4923,-0.6188,0.2098,-0.5825,0.4407,3120.0
Anomalia,0.0317,0.1884,0.4723,-0.6188,0.1911,-0.8249,1.027,3120.0
Anomalia,0.0255,0.1675,0.3997,-0.5814,0.1694,-0.6243,0.8515,3360.0
Anomalia,0.0507,0.1358,0.3997,-0.2887,0.145,-0.1349,-0.1845,2880.0
Anomalia,0.0217,0.1378,0.3997,-0.3359,0.1395,0.0536,-0.0746,2640.0
Anomalia,0.0346,0.1558,0.4362,-0.4185,0.1596,-0.1552,0.2291,4080.0
Anomalia,0.0286,0.1525,0.4362,-0.4185,0.1551,-0.2865,0.3108,4080.0
Anomalia,0.0204,0.1523,0.4362,-0.4185,0.1537,-0.1698,0.2348,4080.0
Anomalia,0.0344,0.1469,0.4362,-0.4185,0.1508,-0.2571,0.4697,4320.0
Anomalia,0.0364,0.1073,0.3344,-0.319,0.1133,-0.1843,0.4006,5280.0
Anomalia,0.0282,0.0944,0.2614,-0.1813,0.0985,0.2062,-0.6335,3360.0
Anomalia,0.0354,0.0988,0.345,-0.1508,0.1049,0.5756,0.0057,480.0
Anomalia,0.0301,0.1043,0.345,-0.1583,0.1085,0.4891,-0.2146,3840.0
Anomalia,0.0219,0.1119,0.345,-0.275,0.1141,0.2929,-0.2575,4080.0
Anomalia,0.0379,0.1149,0.345,-0.275,0.121,0.0652,-0.4519,960.0
Anomalia,0.0274,0.121,0.4341,-0.277,0.1241,0.1243,0.3031,960.0
Anomalia,0.028,0.1424,0.4431,-0.3471,0.1452,-0.068,0.4619,5040.0
Anomalia,0.0278,0.1722,0.4592,-0.4377,0.1744,-0.0068,0.0876,5040.0
Anomalia,0.0126,0.1825,0.4592,-0.4377,0.1829,0.07,-0.2737,5040.0
Anomalia,0.0331,0.1884,0.4592,-0.4377,0.1913,-0.0401,-0.465,5280.0
Anomalia,0.0329,0.1921,0.4592,-0.4377,0.1949,0.0474,-0.5852,960.0
Anomalia,0.0362,0.1803,0.4233,-0.3634,0.1839,0.1222,-0.5904,960.0
Anomalia,0.0509,0.1846,0.5201,-0.3634,0.1915,0.1705,-0.597,960.0
Anomalia,0.0206,0.2315,0.6315,-0.5971,0.2324,-0.0096,-0.0321,4080.0
Anomalia,0.0273,0.2365,0.6315,-0.5971,0.2381,-0.1565,-0.0634,4080.0
Anomalia,0.0199,0.2457,0.6315,-0.5971,0.2465,-0.1436,-0.3034,3360.0
Anomalia,0.0164,0.2369,0.6315,-0.5971,0.2375,-0.1934,-0.1145,3360.0
Anomalia,0.0358,0.2076,0.4387,-0.5096,0.2106,-0.2696,-0.485,3360.0
Anomalia,0.0302,0.2349,0.6649,-0.7562,0.2368,-0.3615,0.828,3360.0
Anomalia,0.057,0.2876,0.9363,-0.7733,0.2931,-0.0407,0.8673,3360.0
Anomalia,0.0274,0.3563,0.9363,-1.027,0.3573,-0.4299,0.2589,3360.0
Anomalia,0.0295,0.3819,0.9363,-1.027,0.383,-0.2756,-0.2588,3360.0
Anomalia,0.0201,0.3642,0.9363,-1.027,0.3648,-0.1911,-0.1371,3360.0
Anomalia,0.0076,0.3321,0.7291,-1.027,0.3322,-0.3022,0.0117,3360.0
Anomalia,0.0314,0.2818,0.7291,-0.4283,0.2836,0.373,-0.7488,3360.0
Anomalia,0.032,0.2403,0.5985,-0.4398,0.2425,0.2566,-0.5533,3360.0
Anomalia,0.0305,0.2232,0.5985,-0.4398,0.2253,0.4233,-0.1001,3360.0
Anomalia,0.0318,0.1826,0.577,-0.4398,0.1853,0.1126,0.289,3360.0
Anomalia,0.0384,0.1625,0.5046,-0.4398,0.167,0.0255,0.266,2640.0
Anomalia,0.0282,0.1359,0.5046,-0.2904,0.1388,0.28,0.8734,3120.0
Anomalia,0.0507,0.147,0.5046,-0.2973,0.1555,-0.0324,0.3954,2880.0
Anomalia,0.0306,0.1723,0.556,-0.3757,0.175,0.3494,0.4158,2880.0
Anomalia,0.0308,0.1857,0.6248,-0.4615,0.1882,0.2852,0.4371,5040.0
Anomalia,0.023,0.1954,0.6248,-0.4615,0.1967,0.2897,0.167,5040.0
Anomalia,0.0159,0.1953,0.6248,-0.4615,0.196,0.4998,0.3092,5040.0
Anomalia,0.0285,0.1819,0.6248,-0.4615,0.1841,0.2748,0.1162,3360.0
Anomalia,0.029,0.1519,0.382,-0.343,0.1546,0.1202,-0.2636,3360.0
Anomalia,0.0362,0.1503,0.4185,-0.2591,0.1546,0.3302,-0.4705,960.0
Anomalia,0.0338,0.1422,0.4185,-0.2591,0.1462,0.1775,-0.4605,3360.0
Anomalia,0.0331,0.1326,0.4185,-0.2591,0.1367,0.2588,-0.0028,960.0
Anomalia,0.0284,0.1315,0.4185,-0.3002,0.1345,0.2487,0.1223,480.0
Anomalia,0.0393,0.1243,0.3686,-0.3002,0.1303,-0.1259,-0.2063,960.0
Anomalia,0.0306,0.1178,0.324,-0.3002,0.1217,-0.0693,-0.2578,960.0
Anomalia,0.0257,0.1377,0.4247,-0.315,0.1401,-0.0416,0.0378,5280.0
Anomalia,0.0296,0.1672,0.4759,-0.3275,0.1698,0.0908,-0.203,480.0
Anomalia,0.0185,0.1712,0.4759,-0.3275,0.1722,0.2811,-0.2547,2880.0
Anomalia,0.0319,0.182,0.4759,-0.3275,0.1848,0.2356,-0.5248,2880.0
Anomalia,0.0337,0.1729,0.4759,-0.3275,0.1761,0.2378,-0.5088,2880.0
Anomalia,0.0249,0.1418,0.4277,-0.2274,0.1439,0.4266,-0.3601,2880.0
Anomalia,0.0278,0.1748,0.519,-0.4145,0.177,0.2431,0.0645,2880.0
Anomalia,0.0229,0.2405,0.7076,-0.858,0.2416,-0.1852,1.6361,5040.0
Anomalia,0.0258,0.2656,0.7076,-0.858,0.2668,-0.1492,0.6097,5040.0
Anomalia,0.0335,0.2921,0.7076,-0.858,0.294,-0.1187,-0.2074,5040.0
Anomalia,0.0339,0.2804,0.7076,-0.858,0.2824,-0.1236,0.118,3360.0
Anomalia,0.0361,0.2226,0.5653,-0.4767,0.2255,0.0971,-0.4709,3360.0
Anomalia,0.0392,0.2048,0.5653,-0.4055,0.2085,0.1027,-0.5118,3360.0
Anomalia,0.0382,0.2047,0.8518,-0.4746,0.2082,0.4845,1.1375,3360.0
Anomalia,0.0342,0.2224,0.8518,-0.5149,0.225,0.435,0.6418,3360.0
Anomalia,0.0278,0.2254,0.8518,-0.5149,0.2271,0.4495,0.5928,3120.0
Anomalia,0.0173,0.2223,0.8518,-0.5149,0.223,0.5662,0.7534,3360.0
Anomalia,0.0297,0.1935,0.5968,-0.5149,0.1957,0.1019,-0.2213,3360.0
Anomalia,0.0238,0.1547,0.3768,-0.4143,0.1565,-0.0606,-0.5184,2880.0
Anomalia,0.0281,0.1591,0.3768,-0.3985,0.1616,-0.1757,-0.5709,2880.0
Anomalia,0.041,0.1576,0.378,-0.4112,0.1628,-0.2564,-0.0633,5280.0
Anomalia,0.0198,0.1716,0.378,-0.4967,0.1727,-0.3033,-0.0453,5280.0
Anomalia,0.034,0.1764,0.378,-0.4967,0.1796,-0.3631,-0.1338,5280.0
Anomalia,0.0366,0.1595,0.378,-0.4967,0.1637,-0.2813,0.3366,5280.0
Anomalia,0.0211,0.1426,0.3492,-0.4967,0.1441,-0.167,0.6731,3360.0
Anomalia,0.0411,0.1142,0.3359,-0.2128,0.1213,0.1368,-0.4464,5040.0
Anomalia,0.0222,0.1027,0.2672,-0.1986,0.1051,0.2806,-0.6257,480.0
Anomalia,0.0263,0.1013,0.2672,-0.1986,0.1047,0.1517,-0.4528,480.0
Anomalia,0.0411,0.11,0.2879,-0.1974,0.1174,0.3059,-0.3838,960.0
Anomalia,0.0273,0.107,0.2879,-0.185,0.1105,0.4883,-0.1577,960.0
Anomalia,0.0499,0.1272,0.4287,-0.2149,0.1366,0.4758,0.141,960.0
Anomalia,0.0359,0.166,0.6331,-0.3244,0.1699,0.7941,0.8265,960.0
Anomalia,0.0171,0.2822,0.7819,-1.1324,0.2827,-0.4382,2.2487,2880.0
Anomalia,0.0288,0.3214,0.7819,-1.1324,0.3227,-0.6384,1.0431,2880.0
Anomalia,0.002,0.3297,0.7819,-1.1324,0.3297,-0.4991,0.5787,2880.0
Anomalia,0.0282,0.3275,0.7819,-1.1324,0.3287,-0.733,0.8565,2880.0
Anomalia,0.0332,0.24,0.6142,-0.8509,0.2423,-0.8037,1.2599,2880.0
Anomalia,0.0236,0.1975,0.6142,-0.4975,0.1989,-0.1114,0.3704,960.0
Anomalia,0.0472,0.1694,0.6142,-0.3296,0.1759,0.2952,0.604,4080.0
Anomalia,0.0161,0.1552,0.4237,-0.3816,0.1561,-0.0199,-0.0812,960.0
Anomalia,0.0292,0.1458,0.4237,-0.3816,0.1487,-0.043,-0.002,480.0
Anomalia,0.0332,0.1313,0.3,-0.3816,0.1354,-0.267,-0.0825,480.0
Anomalia,0.0181,0.1347,0.2946,-0.3816,0.1359,-0.2543,-0.2852,480.0
Anomalia,0.0382,0.1898,0.9429,-0.5564,0.1936,1.1587,5.329,960.0
Anomalia,0.0392,0.216,0.9429,-0.5564,0.2196,1.1879,3.1693,1920.0
Anomalia,0.0143,0.2535,0.9429,-0.5737,0.2539,0.7339,1.4823,1920.0
Anomalia,0.0406,0.2703,0.9429,-0.5737,0.2733,0.5331,0.5519,3360.0
Anomalia,0.0192,0.2457,0.6751,-0.5737,0.2464,0.231,-0.1837,3360.0
Anomalia,0.0178,0.2261,0.5591,-0.5737,0.2268,-0.0589,-0.1824,3360.0
Anomalia,0.0528,0.1943,0.5591,-0.4412,0.2014,0.1686,-0.1943,3360.0
Anomalia,0.0167,0.1889,0.4923,-0.5459,0.1897,-0.2192,0.1664,3360.0
Anomalia,0.0309,0.1794,0.4923,-0.5459,0.182,0.051,0.3964,2880.0
Anomalia,0.0256,0.1791,0.4923,-0.5459,0.1809,-0.0081,0.3612,960.0
Anomalia,0.0116,0.1787,0.4852,-0.5459,0.1791,-0.1757,-0.0572,2640.0
Anomalia,0.0337,0.1724,0.4852,-0.4391,0.1756,-0.0811,-0.3744,4320.0
Anomalia,0.0458,0.1601,0.3989,-0.4391,0.1666,-0.4556,-0.1903,4080.0
Anomalia,0.0312,0.1749,0.3989,-0.4391,0.1776,-0.3592,-0.3289,2880.0
Anomalia,0.0378,0.1769,0.4746,-0.4391,0.1809,-0.082,0.0047,3360.0
Anomalia,0.0277,0.1766,0.4746,-0.426,0.1788,0.131,-0.1353,3360.0
Anomalia,0.017,0.1766,0.4746,-0.426,0.1774,0.2274,-0.0694,3360.0
Anomalia,0.0414,0.1576,0.4746,-0.3743,0.1629,0.2294,0.1426,3360.0
Anomalia,0.0261,0.1478,0.427,-0.3743,0.1501,-0.164,-0.2181,3360.0
Anomalia,0.0371,0.1562,0.4433,-0.4738,0.1606,-0.2019,0.258,4080.0
Anomalia,0.0264,0.1698,0.4433,-0.4738,0.1718,-0.1874,-0.2229,3600.0
Anomalia,0.0069,0.1863,0.4982,-0.4738,0.1864,0.1023,-0.4136,3360.0
Anomalia,0.0331,0.188,0.4982,-0.4738,0.1909,-0.0314,-0.4226,3360.0
Anomalia,0.0174,0.1801,0.4982,-0.3605,0.181,0.126,-0.7084,3360.0
Anomalia,0.0363,0.1716,0.4982,-0.3334,0.1754,0.1094,-0.5797,3360.0
Anomalia,0.0454,0.2071,0.6561,-0.5758,0.212,-0.035,0.3513,3360.0
Anomalia,0.0171,0.2168,0.6561,-0.5758,0.2175,0.1236,0.1227,5280.0
Anomalia,0.0489,0.2232,0.6561,-0.5758,0.2285,0.001,0.0933,5040.0
Anomalia,0.0198,0.2378,0.6561,-0.5758,0.2386,0.1699,-0.3412,5280.0
Anomalia,0.0307,0.2028,0.5664,-0.4189,0.2051,0.0922,-0.6433,5280.0
Anomalia,0.0378,0.2041,0.5664,-0.4681,0.2076,0.0127,-0.6145,5280.0
Anomalia,0.0016,0.2411,0.8795,-0.6123,0.2411,0.4044,0.4481,2880.0
Anomalia,0.0411,0.3004,0.8964,-0.8812,0.3032,0.2096,0.5765,5280.0
Anomalia,0.0201,0.3428,0.8964,-0.8812,0.3434,0.0916,-0.0339,5280.0
Anomalia,0.0211,0.3592,0.8964,-0.8812,0.3599,0.0893,-0.3331,3360.0
Anomalia,0.0468,0.3368,0.8964,-0.8812,0.34,-0.17,-0.1013,3360.0
Anomalia,0.0131,0.2768,0.7085,-0.8413,0.2771,-0.2004,0.0508,3360.0
Anomalia,0.0334,0.2271,0.6571,-0.4923,0.2296,0.0377,-0.2218,3360.0
Anomalia,0.0439,0.2015,0.5053,-0.4521,0.2062,-0.0444,-0.4227,3360.0
Anomalia,0.0199,0.1918,0.5053,-0.4898,0.1929,0.0367,-0.1398,2880.0
Anomalia,0.0373,0.1905,0.5053,-0.4898,0.1942,0.0307,-0.026,3120.0
Anomalia,0.024,0.1831,0.4877,-0.4898,0.1847,-0.0403,-0.0921,2880.0
Anomalia,0.0177,0.1691,0.455,-0.4898,0.1701,0.0293,-0.1759,2880.0
Anomalia,0.0415,0.1535,0.455,-0.3551,0.159,-0.0896,-0.1566,4080.0
Anomalia,0.0272,0.1808,0.5055,-0.5973,0.1828,-0.4659,0.4577,2880.0
Anomalia,0.0344,0.2109,0.562,-0.5973,0.2137,-0.3359,0.2121,5280.0
Anomalia,0.0331,0.2216,0.562,-0.5973,0.2241,-0.3274,0.0484,5280.0
Anomalia,0.0229,0.2275,0.562,-0.5973,0.2286,-0.1766,-0.2035,5280.0
Anomalia,0.0374,0.1996,0.562,-0.5384,0.2031,-0.1412,0.1983,5280.0
Anomalia,0.0342,0.1552,0.4535,-0.5384,0.159,-0.1087,0.6281,3360.0
Anomalia,0.0287,0.1235,0.3382,-0.2816,0.1267,0.1345,-0.4016,4320.0
Anomalia,0.0233,0.1153,0.344,-0.2209,0.1176,0.2895,-0.4631,4080.0
Anomalia,0.021,0.1185,0.344,-0.2209,0.1204,0.2048,-0.5173,960.0
Anomalia,0.0205,0.1165,0.344,-0.2209,0.1183,0.1974,-0.3574,4080.0
Anomalia,0.0402,0.1227,0.344,-0.2084,0.1291,0.2305,-0.5648,4080.0
Anomalia,0.041,0.123,0.329,-0.2468,0.1296,0.0865,-0.6514,4080.0
Anomalia,0.042,0.1671,0.6636,-0.4195,0.1723,0.7387,2.1198,960.0
Anomalia,0.0249,0.2509,0.7735,-0.6467,0.2522,0.3834,0.9405,2880.0
Anomalia,0.0224,0.2877,0.7735,-0.6467,0.2885,0.4874,-0.0405,2880.0
Anomalia,0.0286,0.3006,0.7735,-0.6467,0.302,0.4426,-0.3427,2880.0
Anomalia,0.0257,0.2838,0.7735,-0.6467,0.285,0.3925,-0.1625,2880.0
Anomalia,0.0404,0.2256,0.6749,-0.4715,0.2292,0.498,-0.1703,2880.0
Anomalia,0.0178,0.2249,0.5802,-0.6551,0.2256,-0.1275,0.1469,1200.0
Anomalia,0.0177,0.2775,0.7024,-0.9315,0.278,-0.3066,0.6921,5040.0
Anomalia,0.0233,0.3094,0.7024,-0.9315,0.3103,-0.3417,0.1478,5040.0
Anomalia,0.0287,0.3309,0.7141,-0.9315,0.3322,-0.276,-0.1996,3360.0
Anomalia,0.047,0.3217,0.7141,-0.9315,0.3252,-0.2114,-0.0296,3360.0
Anomalia,0.0464,0.2741,0.7141,-0.7829,0.278,-0.0153,-0.0309,3360.0
Anomalia,0.0277,0.2645,0.7141,-0.5472,0.2659,0.1802,-0.3144,3360.0
Anomalia,0.0315,0.2628,0.5946,-0.726,0.2647,-0.0869,-0.2312,3360.0
Anomalia,0.0209,0.2505,0.5401,-0.726,0.2514,-0.1977,-0.1585,3120.0
Anomalia,0.0189,0.244,0.5401,-0.726,0.2448,-0.289,-0.0992,3120.0
Anomalia,0.0387,0.2225,0.5401,-0.726,0.2258,-0.22,0.4353,3360.0
Anomalia,0.0244,0.1902,0.5184,-0.3964,0.1918,0.3016,-0.2553,3360.0
Anomalia,0.0407,0.1716,0.5184,-0.353,0.1764,0.2586,-0.1263,480.0
Anomalia,0.034,0.1772,0.5184,-0.5071,0.1804,-0.0013,0.4576,960.0
Anomalia,0.0247,0.1678,0.3793,-0.5071,0.1696,-0.2029,0.0018,4080.0
Anomalia,0.0257,0.1608,0.3434,-0.5071,0.1628,-0.4544,0.1987,4080.0
Anomalia,0.02,0.1542,0.3434,-0.5071,0.1555,-0.5329,0.4452,4080.0
Anomalia,0.0254,0.133,0.3434,-0.314,0.1354,-0.0952,-0.5559,960.0
Anomalia,0.0342,0.1178,0.2833,-0.314,0.1227,-0.3636,-0.2816,960.0
Anomalia,0.0348,0.1073,0.2833,-0.194,0.1128,-0.0385,-0.7675,2880.0
Anomalia,0.0209,0.1069,0.2762,-0.1955,0.1089,0.2074,-0.6797,960.0
Anomalia,0.0277,0.1016,0.2762,-0.1955,0.1053,0.1318,-0.6252,960.0
Anomalia,0.0252,0.1051,0.2762,-0.1955,0.1081,0.2643,-0.6677,960.0
Anomalia,0.0312,0.1056,0.2762,-0.2514,0.1101,0.0214,-0.359,960.0
Anomalia,0.0515,0.1118,0.4514,-0.2514,0.1231,0.3259,0.8743,2880.0
Anomalia,0.0331,0.1273,0.4514,-0.2887,0.1316,0.2306,0.3129,2880.0
Anomalia,0.0299,0.15,0.4514,-0.3461,0.1529,0.1273,0.1347,3120.0
Anomalia,0.0315,0.1595,0.4514,-0.3461,0.1626,0.1677,-0.1065,3120.0
Anomalia,0.0096,0.1584,0.4024,-0.3461,0.1586,0.2348,-0.4417,3120.0
Anomalia,0.0381,0.1762,0.4969,-0.3461,0.1802,0.2743,-0.4295,2880.0
Anomalia,0.0264,0.1609,0.4969,-0.3154,0.1631,0.4422,-0.0512,2880.0
Anomalia,0.0221,0.1513,0.4969,-0.3154,0.1529,0.5434,0.2323,2880.0
Anomalia,0.0374,0.1512,0.4969,-0.3154,0.1558,0.4836,0.1528,2880.0
Anomalia,0.0136,0.137,0.3332,-0.3154,0.1377,0.1212,-0.4455,2880.0
Anomalia,0.0278,0.1358,0.4135,-0.2668,0.1386,0.3597,-0.0302,2640.0
Anomalia,0.0335,0.1356,0.4135,-0.2668,0.1397,0.3082,-0.0481,2640.0
Anomalia,0.019,0.1389,0.4135,-0.3175,0.1402,0.0676,0.0634,2640.0
Anomalia,0.0242,0.1905,0.654,-0.451,0.1921,0.4954,1.289,3360.0
Anomalia,0.0343,0.2589,0.8812,-0.7404,0.2612,0.3287,1.6658,3360.0
Anomalia,0.0281,0.306,0.8812,-0.8651,0.3072,0.0505,0.6082,3360.0
Anomalia,0.0406,0.322,0.8812,-0.8651,0.3245,0.0161,0.1115,3360.0
Anomalia,0.0345,0.3104,0.8812,-0.8651,0.3123,-0.098,0.3589,3360.0
Anomalia,0.0268,0.268,0.5929,-0.8651,0.2693,-0.2744,0.1049,3360.0
Anomalia,0.026,0.223,0.5572,-0.5328,0.2245,0.0075,-0.5702,3360.0
Anomalia,0.0231,0.212,0.5215,-0.5328,0.2133,-0.0589,-0.4916,3360.0
Anomalia,0.0359,0.1801,0.5215,-0.3661,0.1836,0.1725,-0.3192,2880.0
Anomalia,0.0226,0.1642,0.5215,-0.3096,0.1657,0.32,0.2388,3120.0
Anomalia,0.0356,0.1621,0.5215,-0.3542,0.166,0.0263,0.1427,2880.0
Anomalia,0.0255,0.134,0.3384,-0.3542,0.1364,-0.3216,-0.1125,480.0
Anomalia,0.0351,0.1339,0.2994,-0.3542,0.1384,-0.5103,-0.1947,480.0
Anomalia,0.0284,0.1701,0.5384,-0.4681,0.1725,-0.3016,0.4906,2880.0
Anomalia,0.0213,0.1947,0.6081,-0.4681,0.1958,0.2655,0.4211,5040.0
Anomalia,0.0373,0.2118,0.6081,-0.4681,0.2151,0.2228,-0.1515,3360.0
Anomalia,0.0182,0.2166,0.6081,-0.4681,0.2174,0.4186,-0.2223,3360.0
Anomalia,0.0467,0.1993,0.6081,-0.3133,0.2047,0.6448,0.1495,3360.0
Anomalia,0.0358,0.1686,0.6071,-0.2764,0.1724,0.8641,0.8317,3360.0
Anomalia,0.0359,0.1474,0.6071,-0.2441,0.1517,0.8508,1.4868,3360.0
Anomalia,0.03,0.1477,0.6071,-0.3031,0.1507,0.742,1.7539,3360.0
Anomalia,0.0223,0.129,0.3138,-0.3031,0.1309,-0.2059,-0.6023,960.0
Anomalia,0.0326,0.1278,0.252,-0.3031,0.1319,-0.4034,-0.5842,960.0
Anomalia,0.0206,0.1254,0.252,-0.3031,0.1271,-0.2994,-0.55,960.0
Anomalia,0.0396,0.1115,0.2758,-0.2401,0.1184,-0.2956,-0.3076,960.0
Anomalia,0.0239,0.1651,0.5464,-0.5142,0.1668,-0.3572,1.0883,5040.0
Anomalia,0.0133,0.2215,0.6165,-0.6563,0.2219,-0.0379,0.8014,4080.0
Anomalia,0.0457,0.2592,0.6653,-0.6563,0.2632,-0.0609,-0.0185,4080.0
Anomalia,0.0244,0.2797,0.6653,-0.6563,0.2807,0.0614,-0.5963,4080.0
Anomalia,0.0499,0.2558,0.6653,-0.6563,0.2606,-0.0394,-0.1623,4080.0
Anomalia,0.0558,0.2083,0.6653,-0.4992,0.2156,0.0788,0.1574,480.0
Anomalia,0.0172,0.2103,0.6957,-0.4393,0.211,0.1674,-0.0663,5040.0
Anomalia,0.0349,0.2418,0.708,-0.7122,0.2443,0.0873,0.502,5040.0
Anomalia,0.0226,0.2682,0.708,-0.7122,0.2691,0.0499,0.0055,5040.0
Anomalia,0.0166,0.2823,0.708,-0.7122,0.2828,0.0459,-0.3788,3360.0
Anomalia,0.0444,0.2577,0.708,-0.7122,0.2615,-0.2555,0.0707,3360.0
Anomalia,0.0255,0.2204,0.5103,-0.5875,0.2219,-0.281,-0.1387,3360.0
Anomalia,0.0306,0.1914,0.4281,-0.4408,0.1938,-0.1886,-0.4408,3360.0
Anomalia,0.0431,0.2014,0.4921,-0.6165,0.2059,-0.4147,0.3511,3360.0
Anomalia,0.0154,0.2066,0.4921,-0.6165,0.2071,-0.3446,0.2823,3120.0
Anomalia,0.0412,0.2063,0.4921,-0.6165,0.2104,-0.5163,0.414,3120.0
Anomalia,0.0281,0.2073,0.4921,-0.6165,0.2092,-0.5044,0.2818,5280.0
Anomalia,0.0296,0.1755,0.3937,-0.4877,0.178,-0.4617,0.0637,4080.0
Anomalia,0.0447,0.1537,0.3461,-0.4406,0.1601,-0.4655,0.0877,4080.0
Anomalia,0.0267,0.1796,0.5126,-0.5664,0.1816,-0.524,0.9563,4080.0
Anomalia,0.0303,0.1923,0.5126,-0.5664,0.1946,-0.4869,0.7807,4080.0
Anomalia,0.0361,0.194,0.5126,-0.5664,0.1973,-0.4583,0.821,4080.0
Anomalia,0.03,0.2094,0.5126,-0.5664,0.2116,-0.4158,0.1343,3360.0
Anomalia,0.046,0.1816,0.4746,-0.4923,0.1873,-0.4136,-0.0345,3360.0
Anomalia,0.046,0.1641,0.4156,-0.44,0.1704,-0.1652,-0.3561,4080.0
Anomalia,0.0221,0.1564,0.4156,-0.44,0.158,-0.0322,-0.2813,4080.0
Anomalia,0.0267,0.1363,0.4156,-0.2831,0.1389,0.292,-0.1492,4080.0
Anomalia,0.0176,0.1265,0.4156,-0.243,0.1277,0.4972,0.0496,960.0
Anomalia,0.0195,0.1117,0.2854,-0.243,0.1134,0.0658,-0.4281,1200.0
Anomalia,0.0415,0.1157,0.2854,-0.243,0.1229,-0.0795,-0.5885,960.0
Anomalia,0.0355,0.1273,0.3413,-0.3928,0.1322,-0.2694,0.0794,4080.0
Anomalia,0.0497,0.1772,0.6703,-0.4942,0.184,0.2349,1.7301,4080.0
Anomalia,0.0353,0.2361,0.6703,-0.7523,0.2387,-0.5696,1.1266,3120.0
Anomalia,0.0268,0.2477,0.6703,-0.7523,0.2492,-0.4152,0.5385,3120.0
Anomalia,0.0373,0.2512,0.6703,-0.7523,0.254,-0.437,0.4513,3120.0
Anomalia,0.0185,0.2267,0.4379,-0.7523,0.2275,-0.6713,0.6268,2880.0
Anomalia,0.0445,0.1811,0.4379,-0.3861,0.1865,0.0302,-0.5294,2880.0
Anomalia,0.0331,0.2046,0.4571,-0.5641,0.2073,-0.3005,-0.1477,4080.0
Anomalia,0.0266,0.2271,0.5929,-0.5829,0.2286,-0.1876,-0.0292,4080.0
Anomalia,0.0385,0.2601,0.75,-0.5985,0.2629,-0.1458,-0.0369,2880.0
Anomalia,0.0121,0.2737,0.75,-0.5985,0.274,-0.057,-0.3411,2880.0
Anomalia,0.04,0.2633,0.75,-0.5985,0.2663,-0.0981,-0.222,3360.0
Anomalia,0.0266,0.2565,0.75,-0.5985,0.2578,-0.0418,-0.357,3360.0
Anomalia,0.0221,0.2766,0.7861,-0.6538,0.2774,0.1492,-0.1043,3360.0
Anomalia,0.0362,0.286,0.7861,-0.6538,0.2883,0.0637,-0.0692,3360.0
Anomalia,0.0303,0.3137,0.7861,-0.805,0.3151,0.0072,-0.0899,3360.0
Anomalia,0.0331,0.3083,0.7861,-0.805,0.3101,0.0015,0.0474,3360.0
Anomalia,0.0464,0.2702,0.682,-0.805,0.2741,-0.1989,0.3408,3360.0
Anomalia,0.036,0.242,0.6811,-0.805,0.2447,-0.0405,0.7814,3360.0
Anomalia,0.0331,0.1911,0.5697,-0.3807,0.194,0.2569,-0.3483,3360.0
Anomalia,0.0418,0.1894,0.5697,-0.3655,0.194,0.1275,-0.5087,3360.0
Anomalia,0.0181,0.1794,0.4679,-0.3989,0.1803,0.0499,-0.6265,3360.0
Anomalia,0.0394,0.1734,0.4679,-0.3989,0.1778,-0.2093,-0.5086,3360.0
Anomalia,0.0359,0.1773,0.4679,-0.3989,0.1809,-0.3621,-0.5345,2880.0
Anomalia,0.0301,0.1632,0.4679,-0.3989,0.1659,-0.4201,-0.1401,4080.0
Anomalia,0.0485,0.1481,0.3845,-0.3799,0.1559,-0.5801,0.1543,4080.0
Anomalia,0.0285,0.1719,0.4179,-0.4074,0.1743,-0.3562,-0.2301,960.0
Anomalia,0.0164,0.1833,0.5186,-0.4074,0.184,0.0015,-0.0421,5280.0
Anomalia,0.0339,0.1962,0.5217,-0.4074,0.1991,0.1523,-0.3307,5280.0
Anomalia,0.0222,0.1948,0.5217,-0.4074,0.196,0.2116,-0.3077,3360.0
Anomalia,0.0331,0.1723,0.5217,-0.4074,0.1755,0.2931,0.1633,5280.0
Anomalia,0.0455,0.1481,0.5217,-0.2727,0.1549,0.3588,-0.0087,3360.0
Anomalia,0.0256,0.1393,0.3887,-0.4464,0.1417,-0.0354,0.1389,960.0
Anomalia,0.0364,0.1482,0.4158,-0.4464,0.1526,-0.0317,0.1208,3360.0
Anomalia,0.037,0.1754,0.519,-0.4464,0.1793,0.0269,-0.1397,960.0
Anomalia,0.031,0.1743,0.519,-0.4464,0.1771,0.0437,-0.1092,3360.0
Anomalia,0.0532,0.1746,0.519,-0.3501,0.1826,0.1077,-0.3127,3360.0
Anomalia,0.0287,0.1788,0.519,-0.3836,0.1811,0.1805,-0.1347,960.0
Anomalia,0.0375,0.1733,0.4642,-0.3836,0.1773,0.2417,-0.2741,960.0
Anomalia,0.0248,0.1787,0.4642,-0.3836,0.1805,0.2689,-0.3097,960.0
Anomalia,0.0166,0.1643,0.4642,-0.3836,0.1652,0.0598,-0.0666,2880.0
Anomalia,0.0355,0.1471,0.4642,-0.3315,0.1514,0.0359,0.08,2880.0
Anomalia,0.0273,0.1178,0.304,-0.3315,0.1209,-0.5681,0.1577,5280.0
Anomalia,0.0384,0.1613,0.7372,-0.6079,0.1658,0.5491,5.1201,4080.0
Anomalia,0.0465,0.2314,0.9776,-0.6079,0.236,1.1017,3.1967,5040.0
Anomalia,0.0236,0.2816,0.9776,-0.8605,0.2826,0.3598,1.5944,5040.0
Anomalia,0.039,0.3149,0.9776,-0.8605,0.3173,0.1965,0.2839,5280.0
Anomalia,0.0286,0.3002,0.9776,-0.8605,0.3016,0.1955,0.4483,5280.0
Anomalia,0.0206,0.2603,0.5578,-0.8605,0.2611,-0.2989,0.3226,3360.0
Anomalia,0.0433,0.2212,0.5482,-0.5668,0.2254,0.0173,-0.4336,3360.0
Anomalia,0.0239,0.2006,0.5576,-0.3914,0.202,0.2925,-0.4681,3360.0
Anomalia,0.0352,0.217,0.5576,-0.5822,0.2198,-0.1124,-0.1887,2640.0
Anomalia,0.0395,0.2197,0.5576,-0.5822,0.2232,-0.1572,-0.3246,5040.0
Anomalia,0.0227,0.2118,0.5576,-0.5822,0.213,0.0084,-0.115,5040.0
Anomalia,0.0398,0.1897,0.4418,-0.5822,0.1939,-0.438,0.341,5280.0
Anomalia,0.0379,0.1515,0.412,-0.3478,0.1562,0.0405,-0.3355,5280.0
Anomalia,0.0284,0.1367,0.3161,-0.3478,0.1397,-0.3435,-0.4098,3840.0
Anomalia,0.036,0.1692,0.5407,-0.5188,0.173,-0.2857,0.797,3840.0
Anomalia,0.0172,0.1924,0.5501,-0.5188,0.1932,-0.0045,0.3433,3840.0
Anomalia,0.0269,0.1933,0.5501,-0.5188,0.1952,-0.0851,0.3028,4080.0
Anomalia,0.0347,0.1919,0.5501,-0.5188,0.195,-0.0543,0.4175,720.0
Anomalia,0.045,0.1483,0.5501,-0.4293,0.155,0.0183,1.2324,960.0
Anomalia,0.0439,0.1167,0.3492,-0.2643,0.1246,0.1787,-0.2378,480.0
Anomalia,0.0352,0.1158,0.3492,-0.2643,0.121,0.2826,-0.2146,480.0
Anomalia,0.0225,0.1067,0.2487,-0.2643,0.109,0.0791,-0.533,480.0
Anomalia,0.0266,0.1094,0.3152,-0.2643,0.1126,0.2533,-0.2449,960.0
Anomalia,0.0295,0.103,0.3206,-0.1903,0.1071,0.5242,0.157,4080.0
Anomalia,0.0311,0.1007,0.3206,-0.2282,0.1054,0.2978,0.4331,2880.0
Anomalia,0.0462,0.1235,0.4406,-0.2282,0.1318,0.7846,1.1416,4320.0
Anomalia,0.0305,0.1898,0.682,-0.5518,0.1922,0.17,1.8199,4080.0
Anomalia,0.0274,0.235,0.682,-0.5518,0.2366,0.058,0.2618,4080.0
Anomalia,0.0263,0.252,0.682,-0.5518,0.2534,0.0601,-0.3229,3120.0
Anomalia,0.0149,0.2552,0.682,-0.5518,0.2556,0.1335,-0.4472,3120.0
Anomalia,0.0395,0.2336,0.5405,-0.4729,0.237,-0.0265,-0.7984,2880.0
Anomalia,0.0355,0.1993,0.4206,-0.3448,0.2025,0.1498,-0.9924,2880.0
Anomalia,0.0411,0.1987,0.4249,-0.4502,0.2029,0.0685,-0.8519,2880.0
Anomalia,0.0405,0.202,0.4608,-0.4786,0.206,-0.0987,-0.4884,960.0
Anomalia,0.0246,0.1962,0.4608,-0.4786,0.1977,-0.1772,-0.2225,960.0
Anomalia,0.0264,0.1845,0.4608,-0.4786,0.1864,-0.2885,0.233,960.0
Anomalia,0.0305,0.1715,0.4608,-0.4786,0.1742,-0.3182,0.4545,1200.0
Anomalia,0.0367,0.1849,0.742,-0.4243,0.1885,0.3848,1.3867,2880.0
Anomalia,0.0412,0.2022,0.742,-0.5568,0.2063,0.2277,1.3253,2880.0
Anomalia,0.0319,0.2307,0.742,-0.6327,0.2329,-0.1247,0.5926,2880.0
Anomalia,0.0327,0.2391,0.742,-0.6327,0.2414,-0.1338,0.24,2880.0
Anomalia,0.0217,0.2179,0.5693,-0.6327,0.219,-0.4739,0.1109,2880.0
Anomalia,0.0191,0.1905,0.3801,-0.6327,0.1915,-0.5609,0.1191,2880.0
Anomalia,0.0409,0.16,0.3813,-0.3571,0.1651,-0.1351,-0.4847,3360.0
Anomalia,0.0372,0.1394,0.3813,-0.3421,0.1442,-0.1165,-0.23,2640.0
Anomalia,0.0377,0.1381,0.3813,-0.2839,0.1432,-0.0273,-0.4254,2640.0
Anomalia,0.0367,0.1297,0.3813,-0.2658,0.1348,0.0693,-0.215,480.0
Anomalia,0.0248,0.1254,0.3386,-0.2658,0.1278,-0.0708,-0.3138,480.0
Anomalia,0.0234,0.1253,0.339,-0.2658,0.1275,0.1156,-0.1759,4320.0
Anomalia,0.0377,0.1082,0.339,-0.2341,0.1146,0.1798,0.1593,4080.0
Anomalia,0.0381,0.102,0.339,-0.2341,0.1089,0.1237,-0.0859,4080.0
Anomalia,0.0367,0.0963,0.339,-0.1548,0.103,0.4339,-0.1331,480.0
Anomalia,0.0408,0.0972,0.2614,-0.2028,0.1054,0.0093,-0.6807,4320.0
Anomalia,0.0232,0.0988,0.2614,-0.2028,0.1015,0.2267,-0.7047,480.0
Anomalia,0.0311,0.1039,0.2873,-0.2028,0.1085,0.2878,-0.6197,4080.0
Anomalia,0.0392,0.1085,0.3286,-0.2028,0.1153,0.3771,-0.3987,4080.0
Anomalia,0.0214,0.144,0.542,-0.3386,0.1456,0.4555,1.2069,4080.0
Anomalia,0.04,0.1707,0.542,-0.3386,0.1753,0.0785,-0.0885,2640.0
Anomalia,0.024,0.1936,0.542,-0.5034,0.1951,0.1282,-0.2674,4080.0
Anomalia,0.023,0.2,0.542,-0.5034,0.2013,0.09,-0.5033,2880.0
Anomalia,0.0478,0.1909,0.4554,-0.5034,0.1967,-0.0606,-0.4998,2880.0
Anomalia,0.0317,0.1871,0.4554,-0.5034,0.1898,0.0374,-0.3024,2880.0
Anomalia,0.0534,0.1926,0.5232,-0.4439,0.1999,0.0204,-0.548,4560.0
Anomalia,0.041,0.26,0.7738,-0.672,0.2632,-0.1761,0.1815,4080.0
Anomalia,0.0228,0.2762,0.7738,-0.672,0.2772,-0.182,-0.0339,4080.0
Anomalia,0.0382,0.2889,0.7738,-0.672,0.2914,-0.2678,-0.1674,4080.0
Anomalia,0.009,0.2976,0.7738,-0.672,0.2978,-0.0634,-0.3963,3360.0
Anomalia,0.0309,0.2418,0.5731,-0.6373,0.2437,-0.2296,-0.1308,3360.0
Anomalia,0.0313,0.2528,0.5731,-0.6895,0.2547,-0.3146,-0.2347,3360.0
Anomalia,0.0387,0.2872,0.8564,-0.7197,0.2898,0.0119,0.2567,3360.0
Anomalia,0.0295,0.3216,0.8564,-0.94,0.323,-0.4086,0.4952,3360.0
Anomalia,0.0389,0.3578,0.8564,-0.94,0.3599,-0.2321,-0.1823,3360.0
Anomalia,0.0279,0.3453,0.8564,-0.94,0.3464,-0.0958,-0.0432,3360.0
Anomalia,0.0252,0.3253,0.8313,-0.94,0.3263,-0.2176,-0.1692,3360.0
Anomalia,0.0477,0.2757,0.8313,-0.5724,0.2798,0.2,-0.5081,3360.0
Anomalia,0.0285,0.2277,0.6054,-0.4414,0.2294,0.1212,-0.557,3360.0
Anomalia,0.0373,0.228,0.6054,-0.4957,0.231,0.1109,-0.475,3360.0
Anomalia,0.0316,0.189,0.4579,-0.4957,0.1916,-0.0649,-0.274,3360.0
Anomalia,0.028,0.1824,0.4579,-0.4957,0.1846,-0.0691,-0.339,4080.0
Anomalia,0.0374,0.1803,0.4579,-0.4957,0.1841,-0.1607,-0.3536,2880.0
Anomalia,0.0468,0.1528,0.3528,-0.3008,0.1598,-0.0703,-0.7384,3840.0
Anomalia,0.0449,0.1685,0.4675,-0.3542,0.1744,-0.0538,-0.5803,3840.0
Anomalia,0.039,0.1935,0.494,-0.5845,0.1974,-0.1645,0.4054,2880.0
Anomalia,0.0166,0.197,0.494,-0.5845,0.1977,0.0769,0.2215,3840.0
Anomalia,0.0267,0.2036,0.494,-0.5845,0.2053,0.0335,0.0075,3360.0
Anomalia,0.0148,0.1848,0.494,-0.5845,0.1854,0.1046,0.6768,3360.0
Anomalia,0.0367,0.1506,0.4256,-0.2908,0.155,0.3924,-0.45,3360.0
Anomalia,0.0454,0.1405,0.4256,-0.2576,0.1477,0.3961,-0.3143,3360.0
Anomalia,0.0257,0.1269,0.3974,-0.2831,0.1295,0.2611,0.0733,3360.0
Anomalia,0.038,0.1211,0.3974,-0.2831,0.1269,0.1382,0.2354,3360.0
Anomalia,0.0251,0.1129,0.2645,-0.2831,0.1157,-0.1744,-0.4045,5040.0
Anomalia,0.0306,0.11,0.2916,-0.2831,0.1142,-0.0844,-0.1271,960.0
Anomalia,0.0508,0.1107,0.3317,-0.1706,0.1218,0.372,-0.3615,4080.0
Anomalia,0.0263,0.1372,0.3325,-0.4068,0.1397,-0.0505,0.3666,4080.0
Anomalia,0.0514,0.1871,0.6192,-0.4068,0.194,0.4153,0.4342,4080.0
Anomalia,0.0299,0.2174,0.6192,-0.456,0.2194,0.3124,-0.023,4080.0
Anomalia,0.0183,0.2216,0.6192,-0.456,0.2223,0.3884,-0.1368,3120.0
Anomalia,0.0463,0.2183,0.6192,-0.456,0.2232,0.2491,-0.2738,2880.0
Anomalia,0.013,0.1812,0.548,-0.456,0.1816,0.1677,0.0222,2880.0
Anomalia,0.0455,0.1801,0.5908,-0.4258,0.1858,0.2838,-0.1495,2880.0
Anomalia,0.0468,0.2265,0.8199,-0.4746,0.2312,0.4657,0.5753,5280.0
Anomalia,0.0171,0.2829,0.8199,-0.78,0.2834,0.1642,0.3775,5040.0
Anomalia,0.046,0.3125,0.8199,-0.78,0.3159,0.0671,-0.2344,5280.0
Anomalia,0.019,0.311,0.8199,-0.78,0.3116,0.2023,-0.2137,3360.0
Anomalia,0.0233,0.28,0.7896,-0.78,0.2809,-0.018,0.1341,3360.0
Anomalia,0.0522,0.2444,0.74,-0.4429,0.2499,0.3206,-0.1699,3360.0
Anomalia,0.0386,0.2166,0.6936,-0.4252,0.22,0.3421,-0.1455,3360.0
Anomalia,0.0435,0.2361,0.6936,-0.5099,0.2401,0.1994,-0.0923,5040.0
Anomalia,0.0362,0.2508,0.6936,-0.5099,0.2534,0.1623,-0.2799,3120.0
Anomalia,0.0148,0.2349,0.6248,-0.5099,0.2353,0.0374,-0.2359,5280.0
Anomalia,0.0242,0.235,0.6248,-0.5099,0.2362,-0.1181,-0.3109,2880.0
Anomalia,0.0324,0.1883,0.4982,-0.5026,0.1911,-0.2357,0.3203,2880.0
Anomalia,0.0402,0.1602,0.4742,-0.4562,0.1652,-0.1343,0.6032,2880.0
Anomalia,0.0525,0.1672,0.4742,-0.5192,0.1753,-0.3591,0.8448,5280.0
Anomalia,0.0303,0.1561,0.3724,-0.5192,0.159,-0.4181,1.0115,5040.0
Anomalia,0.0289,0.1681,0.3724,-0.5192,0.1706,-0.2842,0.3524,5280.0
Anomalia,0.0243,0.1671,0.3724,-0.5192,0.1688,-0.3713,0.2585,2880.0
Anomalia,0.025,0.1375,0.3703,-0.2835,0.1398,-0.1372,-0.3789,2880.0
Anomalia,0.0382,0.123,0.3703,-0.2587,0.1288,-0.2631,-0.1444,2880.0
Anomalia,0.0383,0.1129,0.247,-0.2587,0.1193,-0.4017,-0.5937,960.0
Anomalia,0.0294,0.1074,0.228,-0.2259,0.1114,-0.1989,-0.6991,1200.0
Anomalia,0.0398,0.1119,0.2941,-0.2301,0.1188,-0.2592,-0.4964,960.0
Anomalia,0.0311,0.1225,0.2941,-0.2301,0.1264,-0.0058,-0.8273,960.0
Anomalia,0.0427,0.1252,0.3574,-0.2301,0.1322,0.1411,-0.512,960.0
Anomalia,0.0466,0.145,0.4341,-0.3697,0.1523,-0.0974,-0.1725,960.0
Anomalia,0.0325,0.1965,0.6231,-0.6039,0.1991,-0.0001,0.762,3120.0
Anomalia,0.0396,0.2459,0.6231,-0.6736,0.2491,-0.3756,0.272,3120.0
Anomalia,0.0143,0.2735,0.6402,-0.6736,0.2739,-0.0629,-0.4018,2880.0
Anomalia,0.0261,0.2834,0.6402,-0.6736,0.2846,-0.0265,-0.5368,2880.0
Anomalia,0.0336,0.2623,0.6402,-0.6736,0.2644,-0.0941,-0.3917,2880.0
Anomalia,0.0249,0.2263,0.6402,-0.4318,0.2276,0.4006,-0.3575,2880.0
Anomalia,0.0535,0.2105,0.5908,-0.3763,0.2172,0.4553,-0.4235,2880.0
Anomalia,0.0392,0.1966,0.5908,-0.3887,0.2005,0.4559,-0.0606,4080.0
Anomalia,0.0332,0.1933,0.5908,-0.4003,0.1962,0.4835,0.1233,3840.0
Anomalia,0.0392,0.186,0.5908,-0.4003,0.1901,0.3057,0.2,3360.0
Anomalia,0.0232,0.1655,0.4544,-0.4003,0.1671,-0.085,-0.0315,3360.0
Anomalia,0.0287,0.1875,0.6004,-0.5359,0.1897,-0.014,0.5463,3360.0
Anomalia,0.0429,0.2187,0.7967,-0.5359,0.2229,0.5782,1.1791,5280.0
Anomalia,0.0177,0.2647,0.7967,-0.6346,0.2653,0.1118,0.3758,5280.0
Anomalia,0.0468,0.2834,0.7967,-0.6346,0.2873,0.0437,-0.1418,5280.0
Anomalia,0.0305,0.2664,0.7967,-0.6346,0.2681,0.1942,0.156,3360.0
Anomalia,0.0312,0.2457,0.5247,-0.6346,0.2477,-0.4036,0.0866,3360.0
Anomalia,0.0572,0.1992,0.5247,-0.548,0.2073,0.0816,-0.0681,3360.0
Anomalia,0.0303,0.175,0.417,-0.548,0.1776,-0.1076,0.0491,3360.0
Anomalia,0.0372,0.2008,0.417,-0.6019,0.2042,-0.4977,0.2851,2640.0
Anomalia,0.0265,0.1866,0.417,-0.6019,0.1885,-0.1143,0.1557,4080.0
Anomalia,0.016,0.1766,0.417,-0.6019,0.1773,-0.3437,0.5085,4080.0
Anomalia,0.026,0.1755,0.3799,-0.6019,0.1775,-0.5968,0.5714,2880.0
Anomalia,0.0409,0.1333,0.3323,-0.3403,0.1394,-0.3675,-0.1364,960.0
Anomalia,0.033,0.146,0.411,-0.4247,0.1496,-0.4216,0.302,5280.0
Anomalia,0.0503,0.1766,0.5265,-0.4373,0.1836,-0.0818,0.3913,5280.0
Anomalia,0.0354,0.1907,0.5265,-0.4412,0.1939,0.1028,0.2374,5280.0
Anomalia,0.0248,0.1997,0.5265,-0.4412,0.2013,0.1667,-0.0845,5280.0
Anomalia,0.0451,0.1927,0.5265,-0.4412,0.1979,0.1566,0.0676,3360.0
Anomalia,0.0279,0.1691,0.4756,-0.4412,0.1714,0.1866,-0.032,3360.0
Anomalia,0.0341,0.1502,0.4756,-0.2987,0.154,0.2471,-0.2003,3360.0
Anomalia,0.0401,0.1654,0.4756,-0.3002,0.1702,0.3042,-0.4184,3360.0
Anomalia,0.0146,0.1731,0.4485,-0.3609,0.1737,0.1368,-0.517,3360.0
Anomalia,0.0358,0.1757,0.4485,-0.3609,0.1793,0.0276,-0.5159,3360.0
Anomalia,0.0244,0.1776,0.4485,-0.3609,0.1792,0.0412,-0.6337,3360.0
Anomalia,0.0318,0.1691,0.4408,-0.3609,0.1721,-0.021,-0.5083,3360.0
Anomalia,0.0442,0.168,0.4408,-0.3816,0.1737,-0.0468,-0.6691,3360.0
Anomalia,0.0307,0.1818,0.4408,-0.3816,0.1844,0.0715,-0.7262,3360.0
Anomalia,0.043,0.1902,0.4408,-0.3816,0.195,-0.1054,-0.8709,5040.0
Anomalia,0.0318,0.1862,0.4149,-0.3816,0.1889,-0.0169,-0.8806,5280.0
Anomalia,0.0261,0.1737,0.4149,-0.3459,0.1756,0.0694,-0.685,480.0
Anomalia,0.0414,0.152,0.4049,-0.3211,0.1575,-0.0832,-0.3343,2880.0
Anomalia,0.0298,0.1789,0.5777,-0.6452,0.1814,-0.1323,1.3674,2880.0
Anomalia,0.0519,0.2387,1.0581,-0.6452,0.2442,0.8778,2.8644,2880.0
Anomalia,0.032,0.2912,1.0581,-0.9678,0.2929,0.0383,1.7416,5280.0
Anomalia,0.0159,0.3185,1.0581,-0.9678,0.3189,0.1717,0.7081,5280.0
Anomalia,0.0267,0.3037,1.0581,-0.9678,0.3049,0.1314,1.1107,5280.0
Anomalia,0.0122,0.2647,0.6133,-0.9678,0.265,-0.435,0.9533,3360.0
Anomalia,0.0393,0.214,0.6133,-0.5144,0.2176,0.1513,0.0834,3360.0
Anomalia,0.052,0.1851,0.5155,-0.4028,0.1923,0.1288,-0.1668,3360.0
Anomalia,0.0378,0.2032,0.5155,-0.5701,0.2067,-0.1757,0.1817,5040.0
Anomalia,0.0346,0.2055,0.5021,-0.5701,0.2084,-0.231,-0.0383,5040.0
Anomalia,0.0252,0.2068,0.5021,-0.5701,0.2083,-0.0817,0.0269,5040.0
Anomalia,0.0171,0.1971,0.5021,-0.5701,0.1978,-0.1325,0.07,5280.0
Anomalia,0.0405,0.1693,0.5021,-0.3546,0.1741,0.1206,-0.122,2880.0
Anomalia,0.0358,0.1474,0.464,-0.3467,0.1517,-0.1197,-0.094,5280.0
Anomalia,0.051,0.1554,0.4037,-0.4185,0.1635,-0.4329,-0.2741,4800.0
Anomalia,0.038,0.1618,0.4037,-0.4185,0.1662,-0.243,-0.3918,4800.0
Anomalia,0.0282,0.162,0.4037,-0.4185,0.1644,-0.03,-0.388,5280.0
Anomalia,0.0305,0.1585,0.4037,-0.4185,0.1614,-0.0241,-0.2604,960.0
Anomalia,0.0256,0.1316,0.3807,-0.2998,0.134,0.2248,0.0304,960.0
Anomalia,0.0373,0.112,0.3609,-0.1817,0.1181,0.4351,-0.3649,960.0
Anomalia,0.0294,0.1038,0.2933,-0.1817,0.1078,0.363,-0.3517,960.0
Anomalia,0.0315,0.11,0.2933,-0.185,0.1144,0.2416,-0.6342,960.0
Anomalia,0.0224,0.1076,0.2689,-0.2257,0.1099,0.0838,-0.633,960.0
Anomalia,0.0265,0.107,0.2681,-0.2424,0.1102,-0.307,-0.4912,960.0
Anomalia,0.0418,0.1168,0.3273,-0.2424,0.124,-0.1683,-0.4545,960.0
Anomalia,0.0349,0.1351,0.3273,-0.3786,0.1396,-0.3135,0.3268,960.0
Anomalia,0.0519,0.2139,0.7875,-0.654,0.2201,0.1019,2.112,4080.0
Anomalia,0.0361,0.275,0.7875,-0.8222,0.2773,-0.4984,1.2466,4080.0
Anomalia,0.0234,0.3057,0.7875,-0.8222,0.3066,-0.4394,0.3454,2880.0
Anomalia,0.0314,0.3179,0.7875,-0.8222,0.3194,-0.3814,0.0769,2880.0
Anomalia,0.0205,0.2911,0.649,-0.8222,0.2919,-0.5625,0.1097,2880.0
Anomalia,0.0367,0.2496,0.649,-0.6926,0.2523,-0.275,-0.1712,2880.0
Anomalia,0.0447,0.2548,0.6669,-0.7892,0.2587,-0.2382,-0.0835,4080.0
Anomalia,0.0275,0.2551,0.6669,-0.7892,0.2566,-0.3531,0.0695,4080.0
Anomalia,0.0469,0.2545,0.6669,-0.7892,0.2588,-0.3998,0.2545,3360.0
Anomalia,0.0235,0.2559,0.6669,-0.7892,0.2569,-0.2468,0.0079,3360.0
Anomalia,0.0308,0.2197,0.5176,-0.7181,0.2219,-0.1456,-0.1395,3360.0
Anomalia,0.0425,0.2185,0.5176,-0.5514,0.2226,-0.02,-0.4832,3360.0
Anomalia,0.0263,0.2298,0.5558,-0.6774,0.2313,-0.2799,-0.0066,3360.0
Anomalia,0.0396,0.2692,0.5558,-0.8357,0.2721,-0.7384,0.4348,3360.0
Anomalia,0.0309,0.2834,0.5558,-0.8357,0.2851,-0.5905,0.0095,3120.0
Anomalia,0.0302,0.2734,0.5558,-0.8357,0.2751,-0.6184,0.2023,3360.0
Anomalia,0.0374,0.2573,0.6098,-0.8357,0.26,-0.5004,0.5371,3360.0
Anomalia,0.033,0.2008,0.6098,-0.5159,0.2035,0.2923,0.3314,3360.0
Anomalia,0.0386,0.1768,0.6098,-0.503,0.181,0.2483,0.6471,3360.0
Anomalia,0.0396,0.1792,0.6098,-0.503,0.1835,-0.1237,1.0378,3360.0
Anomalia,0.0249,0.1647,0.3674,-0.503,0.1666,-0.6744,0.8691,3360.0
Anomalia,0.0344,0.1729,0.4145,-0.503,0.1763,-0.4664,0.6147,3360.0
Anomalia,0.0304,0.1619,0.4145,-0.4823,0.1648,-0.4657,0.9469,3360.0
Anomalia,0.031,0.1356,0.4145,-0.4068,0.1391,-0.0331,0.6613,3120.0
Anomalia,0.0352,0.1229,0.4145,-0.3014,0.1279,0.3337,0.3113,960.0
Anomalia,0.033,0.1067,0.3263,-0.3014,0.1117,0.0284,0.2881,960.0
Anomalia,0.0287,0.1035,0.3263,-0.1951,0.1074,0.4675,-0.0467,5280.0
Anomalia,0.0374,0.1021,0.3044,-0.1951,0.1088,0.1941,-0.5085,4080.0
Anomalia,0.0316,0.1008,0.3044,-0.1802,0.1056,0.2924,-0.5578,4080.0
Anomalia,0.042,0.1017,0.2833,-0.1548,0.11,0.2919,-0.6983,4080.0
Anomalia,0.044,0.1255,0.3532,-0.2983,0.133,0.0869,-0.1011,2880.0
Anomalia,0.0277,0.1398,0.4028,-0.311,0.1426,0.2424,-0.073,2640.0
Anomalia,0.0413,0.169,0.4304,-0.4166,0.174,-0.1177,-0.2623,3360.0
Anomalia,0.0205,0.1701,0.4304,-0.4166,0.1713,0.0235,-0.2469,3120.0
Anomalia,0.0347,0.162,0.4304,-0.4166,0.1657,-0.0692,0.0266,3360.0
Anomalia,0.0423,0.153,0.4304,-0.4166,0.1587,-0.1896,0.3711,2880.0
Anomalia,0.0239,0.1649,0.3699,-0.44,0.1666,-0.3409,0.2388,960.0
Anomalia,0.0422,0.1936,0.5226,-0.44,0.1982,-0.1881,-0.0344,5280.0
Anomalia,0.0152,0.2067,0.5226,-0.44,0.2073,-0.0041,-0.4671,5040.0
Anomalia,0.0232,0.2281,0.5226,-0.4834,0.2293,-0.0453,-0.7854,5280.0
Anomalia,0.0377,0.2035,0.5226,-0.4834,0.207,-0.0256,-0.4217,5280.0
Anomalia,0.0338,0.1887,0.4454,-0.4834,0.1917,-0.1755,-0.6536,5280.0
Anomalia,0.0508,0.2092,0.5583,-0.5866,0.2153,-0.1972,-0.0537,3360.0
Anomalia,0.0576,0.2703,1.0189,-0.77,0.2763,0.194,1.4518,3360.0
Anomalia,0.0236,0.3263,1.0189,-0.8902,0.3271,-0.2108,0.6442,3360.0
Anomalia,0.0358,0.3632,1.0189,-0.8902,0.3649,0.0005,0.0801,3360.0
Anomalia,0.0115,0.355,1.0189,-0.8902,0.3551,0.1316,0.2753,3360.0
Anomalia,0.012,0.316,0.9242,-0.8902,0.3163,-0.0532,0.3791,3360.0
Anomalia,0.0505,0.2703,0.9242,-0.4896,0.275,0.4404,0.1273,3360.0
Anomalia,0.0318,0.2221,0.616,-0.4896,0.2244,0.1001,-0.5512,3360.0
Anomalia,0.0465,0.1995,0.616,-0.3469,0.2049,0.26,-0.3341,3360.0
Anomalia,0.0401,0.1652,0.4779,-0.3327,0.17,0.1073,-0.3802,3120.0
Anomalia,0.017,0.1746,0.4779,-0.4692,0.1754,-0.1525,0.0432,2640.0
Anomalia,0.0281,0.1606,0.4352,-0.4692,0.163,-0.2632,0.3189,2880.0
Anomalia,0.0354,0.1649,0.4352,-0.4692,0.1686,-0.4157,0.1807,2880.0
Anomalia,0.0252,0.1811,0.4519,-0.4692,0.1828,-0.354,-0.0432,2880.0
Anomalia,0.0508,0.1729,0.4702,-0.4279,0.1802,-0.2101,0.1407,960.0
Anomalia,0.0317,0.1823,0.4702,-0.4279,0.185,-0.1546,-0.1006,5040.0
Anomalia,0.026,0.1881,0.4907,-0.4279,0.1898,0.013,-0.0769,3360.0
Anomalia,0.0434,0.1804,0.4907,-0.4166,0.1856,-0.0292,-0.293,3360.0
Anomalia,0.0201,0.1565,0.4907,-0.3999,0.1578,0.1691,-0.0862,3360.0
Anomalia,0.0458,0.1411,0.4907,-0.2843,0.1484,0.1871,-0.0187,3360.0
Anomalia,0.044,0.1255,0.3557,-0.2514,0.133,0.1622,-0.5262,480.0
Anomalia,0.0143,0.1132,0.3288,-0.2514,0.1141,0.0971,-0.3577,1200.0
Anomalia,0.0424,0.13,0.3561,-0.2514,0.1367,0.1054,-0.5685,960.0
Anomalia,0.0128,0.1298,0.3561,-0.2514,0.1304,0.3724,-0.5231,960.0
Anomalia,0.0271,0.1337,0.3561,-0.2347,0.1365,0.3161,-0.7464,960.0
Anomalia,0.0386,0.1624,0.5651,-0.3628,0.1669,0.4474,0.0485,960.0
Anomalia,0.0115,0.198,0.5651,-0.426,0.1983,0.4102,0.2054,960.0
Anomalia,0.0505,0.2205,0.5747,-0.426,0.2262,0.1935,-0.345,4080.0
Anomalia,0.0294,0.2645,0.7297,-0.4466,0.2661,0.3911,-0.565,4080.0
Anomalia,0.0423,0.2609,0.7297,-0.4466,0.2643,0.2015,-0.5709,2880.0
Anomalia,0.0532,0.239,0.7297,-0.4466,0.2449,0.239,-0.2487,2880.0
Anomalia,0.015,0.2454,0.7297,-0.62,0.2458,0.2883,0.0131,2880.0
Anomalia,0.0372,0.2669,0.7952,-0.8086,0.2695,-0.1537,0.6616,5040.0
Anomalia,0.0258,0.2811,0.7952,-0.8086,0.2823,-0.0148,0.2695,5040.0
Anomalia,0.0241,0.2902,0.7952,-0.8086,0.2912,-0.017,0.0252,5280.0
Anomalia,0.049,0.2793,0.7952,-0.8086,0.2836,-0.0773,0.2181,3360.0
Anomalia,0.0319,0.2155,0.6319,-0.4717,0.2178,0.2867,0.0208,3360.0
Anomalia,0.0371,0.2,0.5762,-0.4477,0.2034,0.1468,-0.0882,3360.0
Anomalia,0.0503,0.2127,0.818,-0.4477,0.2185,0.6618,1.0032,3840.0
Anomalia,0.0202,0.2387,0.818,-0.5906,0.2396,0.2864,0.8923,3120.0
Anomalia,0.0295,0.2478,0.818,-0.5906,0.2496,0.1813,0.4357,3120.0
Anomalia,0.0233,0.2422,0.818,-0.5906,0.2433,0.2446,0.6572,3360.0
Anomalia,0.011,0.216,0.5691,-0.5906,0.2162,-0.1677,0.2028,3360.0
Anomalia,0.041,0.1775,0.4439,-0.3661,0.1821,-0.1063,-0.4852,2880.0
Anomalia,0.0298,0.1796,0.4439,-0.5311,0.1821,-0.3459,0.1105,960.0
Anomalia,0.0412,0.1798,0.4439,-0.5311,0.1845,-0.1342,0.1679,3360.0
Anomalia,0.0368,0.1748,0.4439,-0.5311,0.1786,-0.3487,0.3678,5040.0
Anomalia,0.0304,0.174,0.4439,-0.5311,0.1766,-0.302,0.3344,3360.0
Anomalia,0.0341,0.1604,0.4439,-0.4003,0.164,-0.0236,-0.1267,3360.0
Anomalia,0.0384,0.1418,0.3244,-0.4003,0.1469,-0.4452,-0.0949,4080.0
Anomalia,0.031,0.1282,0.3244,-0.2873,0.1319,-0.1185,-0.5318,4080.0
Anomalia,0.0309,0.115,0.2893,-0.2873,0.1191,-0.193,-0.3325,4080.0
Anomalia,0.0359,0.1026,0.2681,-0.2218,0.1087,-0.1825,-0.3784,4080.0
Anomalia,0.0195,0.094,0.2681,-0.2218,0.096,-0.2809,-0.1932,4080.0
Anomalia,0.0379,0.0898,0.2681,-0.1938,0.0975,-0.2734,-0.2482,4320.0
Anomalia,0.0337,0.0881,0.2197,-0.1938,0.0943,-0.3844,-0.2592,960.0
Anomalia,0.0314,0.1132,0.3647,-0.4158,0.1175,-0.4614,1.6109,3360.0
Anomalia,0.0351,0.1746,0.4385,-0.4667,0.1781,-0.1889,0.6286,3120.0
Anomalia,0.015,0.1977,0.4385,-0.4667,0.1982,-0.0459,-0.2257,3120.0
Anomalia,0.031,0.2081,0.4385,-0.4667,0.2104,-0.1246,-0.547,3120.0
Anomalia,0.0311,0.219,0.455,-0.4667,0.2212,0.036,-0.8431,2880.0
Anomalia,0.0418,0.1831,0.455,-0.3976,0.1878,0.1115,-0.6049,2880.0
Anomalia,0.0573,0.2001,0.5774,-0.4583,0.2081,0.1393,-0.4326,3840.0
Anomalia,0.0303,0.2614,0.7145,-0.8637,0.2631,-0.0613,0.4879,4080.0
Anomalia,0.0314,0.2679,0.7145,-0.8637,0.2697,-0.136,0.338,5040.0
Anomalia,0.0158,0.3063,0.7216,-0.8637,0.3067,0.0834,-0.4588,3840.0
Anomalia,0.0178,0.2878,0.7216,-0.8637,0.2883,0.0202,-0.0807,3360.0
Anomalia,0.027,0.2565,0.7216,-0.4754,0.2579,0.0566,-0.6887,3360.0
Anomalia,0.0351,0.2678,0.8215,-0.6928,0.2701,0.066,0.0601,3360.0
Anomalia,0.0476,0.2702,0.8215,-0.6928,0.2744,0.1627,0.4224,3360.0
Anomalia,0.0309,0.3019,0.8215,-0.6928,0.3035,-0.0358,0.0161,3360.0
Anomalia,0.0377,0.3009,0.8215,-0.6928,0.3033,0.0198,0.0426,3360.0
Anomalia,0.0188,0.277,0.7614,-0.6722,0.2776,0.13,0.0184,3360.0
Anomalia,0.0179,0.251,0.6592,-0.6722,0.2516,0.0295,0.0909,3360.0
Anomalia,0.035,0.2169,0.6592,-0.3465,0.2197,0.5905,-0.3002,3360.0
Anomalia,0.0314,0.1937,0.6592,-0.3857,0.1963,0.5647,0.1838,3360.0
Anomalia,0.0305,0.188,0.6592,-0.3857,0.1905,0.6364,0.463,3360.0
Anomalia,0.0279,0.1524,0.4193,-0.3857,0.1549,-0.0072,-0.3826,3360.0
Anomalia,0.0277,0.1498,0.3102,-0.3857,0.1524,-0.2339,-0.5027,2640.0
Anomalia,0.0239,0.1426,0.3102,-0.3138,0.1446,-0.1214,-0.5181,4320.0
Anomalia,0.0509,0.1342,0.311,-0.3138,0.1436,-0.2755,-0.1257,4320.0
Anomalia,0.0357,0.1517,0.436,-0.3138,0.1559,-0.0555,-0.4845,2880.0
Anomalia,0.029,0.1642,0.436,-0.4239,0.1668,-0.0101,-0.272,5280.0
Anomalia,0.0277,0.1815,0.4846,-0.4297,0.1836,0.0317,-0.1658,3360.0
Anomalia,0.01,0.1884,0.4846,-0.4297,0.1887,0.2082,-0.3989,3360.0
Anomalia,0.0253,0.1792,0.4846,-0.4297,0.181,0.0076,-0.2036,3360.0
Anomalia,0.0333,0.155,0.4846,-0.4297,0.1586,-0.0162,0.2759,3360.0
Anomalia,0.0375,0.1433,0.325,-0.2641,0.1481,0.0906,-0.9758,960.0
Anomalia,0.0363,0.1375,0.3471,-0.2165,0.1422,0.243,-0.9084,960.0
Anomalia,0.0369,0.1348,0.3471,-0.2165,0.1397,0.341,-0.7645,960.0
Anomalia,0.0258,0.1435,0.3471,-0.3701,0.1458,0.1106,-0.3952,960.0
Anomalia,0.0388,0.1382,0.3751,-0.3701,0.1436,0.0388,0.011,960.0
Anomalia,0.0342,0.138,0.3751,-0.3701,0.1422,0.0227,-0.0105,960.0
Anomalia,0.0277,0.1497,0.3751,-0.3701,0.1522,-0.1636,-0.3024,1200.0
Anomalia,0.0326,0.1544,0.4959,-0.335,0.1578,0.2216,-0.2843,1200.0
Anomalia,0.0152,0.1615,0.4959,-0.335,0.1623,0.2063,-0.251,960.0
Anomalia,0.0284,0.1658,0.4959,-0.335,0.1682,0.1884,-0.3041,960.0
Anomalia,0.0336,0.151,0.4959,-0.333,0.1547,0.2869,0.1203,1200.0
Anomalia,0.0264,0.1381,0.4114,-0.333,0.1406,0.0142,0.2069,2880.0
Anomalia,0.0268,0.1668,0.5071,-0.4195,0.1689,0.2108,0.446,2880.0
Anomalia,0.029,0.2604,0.8426,-0.8877,0.262,0.1654,1.9619,5040.0
Anomalia,0.0217,0.2858,0.8426,-0.8877,0.2866,0.1828,0.7117,5040.0
Anomalia,0.0367,0.3131,0.8426,-0.8877,0.3152,0.0917,-0.1336,3360.0
Anomalia,0.0372,0.3072,0.8426,-0.8877,0.3095,0.1045,0.0407,3360.0
Anomalia,0.0296,0.2367,0.6144,-0.4231,0.2386,0.17,-0.6831,3360.0
Anomalia,0.0407,0.2233,0.6144,-0.4231,0.227,0.1197,-0.5521,3360.0
Anomalia,0.0352,0.195,0.5752,-0.3899,0.1982,0.0475,-0.6036,3360.0
Anomalia,0.0395,0.1807,0.4193,-0.3786,0.185,-0.138,-0.7796,5280.0
Anomalia,0.0335,0.1807,0.4193,-0.3786,0.1838,-0.105,-0.9111,5280.0
Anomalia,0.0227,0.173,0.4033,-0.3766,0.1745,-0.0804,-0.647,5280.0
Anomalia,0.0218,0.1666,0.4033,-0.3766,0.168,-0.1027,-0.5525,5280.0
Anomalia,0.0302,0.1521,0.4033,-0.3766,0.1551,-0.1818,-0.131,2880.0
Anomalia,0.0306,0.1619,0.4033,-0.3993,0.1647,-0.2558,0.1461,5280.0
Anomalia,0.0297,0.1747,0.4727,-0.4302,0.1772,-0.1621,-0.1254,960.0
Anomalia,0.0328,0.1691,0.4727,-0.4302,0.1723,-0.1865,0.2262,5280.0
Anomalia,0.0203,0.1871,0.4727,-0.4302,0.1882,-0.1203,-0.3211,3360.0
Anomalia,0.0379,0.1745,0.4727,-0.4302,0.1786,-0.1884,-0.089,3360.0
Anomalia,0.0357,0.1497,0.396,-0.422,0.1539,-0.2112,0.1912,3360.0
Anomalia,0.0391,0.1408,0.396,-0.422,0.1461,-0.3295,0.6316,3360.0
Anomalia,0.0322,0.116,0.396,-0.2756,0.1204,-0.0682,0.5298,3840.0
Anomalia,0.0223,0.0988,0.2395,-0.275,0.1012,-0.3367,0.0104,960.0
Anomalia,0.0335,0.088,0.2005,-0.2132,0.0941,-0.2569,-0.2743,240.0
Anomalia,0.0241,0.092,0.1921,-0.2405,0.0951,-0.2697,-0.13,960.0
Anomalia,0.042,0.0985,0.3213,-0.2405,0.1071,-0.173,0.099,3840.0
Anomalia,0.0374,0.137,0.4508,-0.4988,0.142,-0.1297,1.7116,3360.0
Anomalia,0.0082,0.2625,0.8036,-0.8288,0.2626,-0.3556,1.6067,2880.0
Anomalia,0.0305,0.2899,0.8036,-0.8288,0.2915,-0.4215,0.5737,2880.0
Anomalia,0.0003,0.3009,0.8036,-0.8288,0.3009,-0.2127,0.1008,2880.0
Anomalia,0.029,0.2983,0.8036,-0.8288,0.2997,-0.4393,0.2714,2880.0
Anomalia,0.048,0.2129,0.5451,-0.5149,0.2182,-0.385,-0.0646,480.0
Anomalia,0.0235,0.1888,0.4414,-0.4708,0.1903,-0.3197,-0.1485,960.0
Anomalia,0.0563,0.1663,0.4414,-0.3818,0.1755,-0.3464,0.1586,960.0
Anomalia,0.0232,0.1679,0.4337,-0.4087,0.1695,-0.3267,0.021,4320.0
Anomalia,0.03,0.1523,0.3749,-0.4087,0.1552,-0.4541,0.1872,1200.0
Anomalia,0.0448,0.1542,0.3749,-0.4087,0.1606,-0.2069,0.1246,1200.0
Anomalia,0.0141,0.1642,0.3749,-0.4087,0.1648,0.1058,-0.2745,960.0
Anomalia,0.0249,0.1899,0.7028,-0.3346,0.1915,0.8381,1.1301,720.0
Anomalia,0.0305,0.2178,0.7028,-0.524,0.22,0.6037,0.5134,720.0
Anomalia,0.0121,0.2173,0.7028,-0.524,0.2176,0.7238,0.7787,3120.0
Anomalia,0.0433,0.2223,0.7028,-0.524,0.2265,0.5112,0.366,720.0
Anomalia,0.0349,0.2002,0.5837,-0.524,0.2032,0.1895,0.03,3360.0
Anomalia,0.0228,0.1693,0.4677,-0.3743,0.1708,0.261,-0.2644,3360.0
Anomalia,0.0452,0.1557,0.4677,-0.3204,0.1621,0.176,-0.0971,4080.0
Anomalia,0.0201,0.1415,0.3751,-0.3336,0.1429,0.0842,-0.26,480.0
Anomalia,0.0305,0.1258,0.3751,-0.3336,0.1294,0.0794,0.0384,480.0
Anomalia,0.0275,0.1274,0.3751,-0.3336,0.1303,0.1142,-0.1303,960.0
Anomalia,0.018,0.1206,0.3751,-0.3336,0.1219,-0.0094,-0.1235,2640.0
Anomalia,0.03,0.1165,0.2691,-0.2472,0.1203,0.0086,-0.7594,2640.0
Anomalia,0.0422,0.1196,0.3503,-0.2472,0.1268,-0.0029,-0.5676,480.0
Anomalia,0.0361,0.1186,0.3503,-0.2472,0.124,0.1393,-0.4631,5280.0
Anomalia,0.0393,0.12,0.3503,-0.2472,0.1263,0.1731,-0.6206,480.0
Anomalia,0.033,0.1193,0.3503,-0.2612,0.1237,0.2095,-0.5452,960.0
Anomalia,0.0147,0.1072,0.3209,-0.2612,0.1082,0.1585,-0.4193,960.0
Anomalia,0.0367,0.1033,0.2852,-0.2612,0.1096,0.0127,-0.2663,960.0
Anomalia,0.0269,0.1116,0.2852,-0.2612,0.1148,-0.3153,-0.0294,960.0
Anomalia,0.0287,0.1284,0.3991,-0.3152,0.1315,-0.0399,0.2913,960.0
Anomalia,0.0315,0.1662,0.4696,-0.5119,0.1691,-0.2051,0.4464,960.0
Anomalia,0.015,0.1937,0.475,-0.5334,0.1943,-0.2223,0.2366,3120.0
Anomalia,0.0288,0.2056,0.5595,-0.5334,0.2076,-0.0586,0.1946,3360.0
Anomalia,0.0351,0.2156,0.5595,-0.5334,0.2184,-0.2908,-0.0767,3360.0
Anomalia,0.041,0.2046,0.5595,-0.5334,0.2087,-0.2767,0.1174,960.0
Anomalia,0.0479,0.2441,0.654,-0.7454,0.2488,-0.3648,0.4206,5040.0
Anomalia,0.0288,0.2759,0.654,-0.7454,0.2774,-0.3138,-0.1431,5040.0
Anomalia,0.0366,0.2886,0.654,-0.7454,0.2909,-0.2214,-0.2537,5040.0
Anomalia,0.0146,0.2958,0.654,-0.7454,0.2962,-0.0935,-0.5203,3360.0
Anomalia,0.0291,0.2589,0.5906,-0.6352,0.2605,-0.142,-0.374,3360.0
Anomalia,0.0296,0.2377,0.5724,-0.5512,0.2396,-0.2575,-0.3915,3360.0
Anomalia,0.0077,0.2859,0.9886,-0.969,0.286,-0.2405,1.6201,3360.0
Anomalia,0.0403,0.3885,1.1257,-1.2083,0.3905,-0.062,1.1205,3360.0
Anomalia,0.0339,0.4332,1.1257,-1.2083,0.4345,-0.0185,0.2076,3360.0
Anomalia,0.0354,0.4442,1.1257,-1.2083,0.4456,-0.0114,-0.062,3360.0
Anomalia,0.0487,0.413,1.1257,-1.2083,0.4159,-0.0024,0.0898,3360.0
Anomalia,0.0236,0.3251,0.9419,-0.9171,0.326,0.0285,-0.4262,3360.0
Anomalia,0.0207,0.2675,0.5374,-0.5059,0.2683,0.0853,-1.1252,3360.0
Anomalia,0.0315,0.2467,0.4917,-0.4158,0.2487,0.1667,-1.0299,3360.0
Anomalia,0.028,0.2224,0.4806,-0.4396,0.2241,0.0522,-0.7298,3360.0
Anomalia,0.0405,0.1999,0.4806,-0.4396,0.204,-0.007,-0.4339,3360.0
Anomalia,0.0362,0.2051,0.4794,-0.4496,0.2083,-0.286,-0.3163,2880.0
Anomalia,0.025,0.1842,0.4114,-0.4496,0.1859,-0.4793,-0.0266,3120.0
Anomalia,0.0449,0.1814,0.4114,-0.4496,0.1868,-0.581,-0.098,3840.0
Anomalia,0.0248,0.1936,0.4114,-0.4496,0.1952,-0.4989,-0.359,3840.0
Anomalia,0.0259,0.1887,0.455,-0.4287,0.1904,-0.2583,-0.2712,5280.0
Anomalia,0.0469,0.1974,0.455,-0.4287,0.2029,-0.2633,-0.4944,720.0
Anomalia,0.0136,0.1983,0.455,-0.4287,0.1988,0.0279,-0.5456,720.0
Anomalia,0.0435,0.1793,0.455,-0.4093,0.1845,-0.0957,-0.3365,720.0
Anomalia,0.0404,0.1471,0.4479,-0.2937,0.1526,0.0082,-0.2484,4080.0
Anomalia,0.0184,0.1234,0.3377,-0.2937,0.1248,-0.1166,-0.1198,3360.0
Anomalia,0.0394,0.112,0.3377,-0.1982,0.1187,0.1666,-0.3308,3360.0
Anomalia,0.0222,0.1121,0.2816,-0.2626,0.1143,0.074,-0.3612,4560.0
Anomalia,0.0216,0.1115,0.2816,-0.2626,0.1136,0.049,-0.328,4080.0
Anomalia,0.0464,0.1129,0.2816,-0.2626,0.1221,-0.277,-0.361,4080.0
Anomalia,0.0299,0.1283,0.2501,-0.3611,0.1317,-0.5977,0.0366,4560.0
Anomalia,0.0416,0.1646,0.5956,-0.3728,0.1697,0.2264,1.2369,4320.0
Anomalia,0.0316,0.2375,0.6661,-0.5053,0.2396,0.1996,0.2806,2880.0
Anomalia,0.0263,0.2665,0.6661,-0.5053,0.2678,0.3553,-0.4311,2880.0
Anomalia,0.0373,0.2688,0.6661,-0.5053,0.2713,0.3761,-0.5145,2880.0
Anomalia,0.0301,0.2579,0.6661,-0.5053,0.2597,0.3425,-0.4265,2880.0
Anomalia,0.0371,0.2067,0.58,-0.4026,0.21,0.4704,-0.4907,2880.0
Anomalia,0.03,0.2225,0.7108,-0.5841,0.2245,0.2253,0.124,2880.0
Anomalia,0.0155,0.2646,0.7108,-0.8034,0.265,-0.279,0.2907,5040.0
Anomalia,0.038,0.2921,0.7108,-0.8034,0.2946,-0.2516,-0.1381,5040.0
Anomalia,0.0314,0.3046,0.7108,-0.8034,0.3062,-0.2849,-0.3839,5280.0
Anomalia,0.0352,0.2798,0.6292,-0.8034,0.282,-0.4009,-0.0661,3360.0
Anomalia,0.0436,0.2484,0.6292,-0.5067,0.2522,-0.1376,-0.3679,3360.0
Anomalia,0.0179,0.2267,0.5366,-0.5067,0.2274,-0.1587,-0.4476,3360.0
Anomalia,0.0356,0.2444,0.7214,-0.572,0.2469,0.0372,-0.2664,3360.0
Anomalia,0.0277,0.2528,0.7214,-0.572,0.2543,0.0122,-0.2538,3120.0
Anomalia,0.0336,0.238,0.7214,-0.572,0.2403,-0.0475,0.0909,3120.0
Anomalia,0.038,0.2314,0.7214,-0.572,0.2345,-0.1225,0.129,3360.0
Anomalia,0.0309,0.1891,0.4798,-0.5228,0.1916,-0.3496,0.0424,3360.0
Anomalia,0.0352,0.1539,0.3348,-0.4348,0.1579,-0.4332,0.154,2880.0
Anomalia,0.033,0.1698,0.4362,-0.4187,0.1729,-0.2518,-0.188,2880.0
Anomalia,0.0281,0.1518,0.4362,-0.4187,0.1544,-0.2312,0.2395,3360.0
Anomalia,0.0293,0.1606,0.4362,-0.4187,0.1632,-0.2103,0.1884,3360.0
Anomalia,0.0262,0.172,0.4362,-0.4187,0.1739,-0.175,-0.2708,3360.0
Anomalia,0.0328,0.1458,0.4224,-0.3317,0.1495,-0.1233,-0.1142,3360.0
Anomalia,0.0336,0.1306,0.4224,-0.3317,0.1348,-0.0235,0.797,2880.0
Anomalia,0.0372,0.1153,0.3386,-0.3317,0.1212,-0.0154,0.7411,2880.0
Anomalia,0.025,0.0969,0.3386,-0.2626,0.1001,0.3823,1.4076,960.0
Anomalia,0.0291,0.0987,0.3386,-0.2626,0.1029,0.2521,0.7406,960.0
Anomalia,0.0338,0.1059,0.3386,-0.2626,0.1112,0.1395,0.0173,960.0
Anomalia,0.0268,0.0949,0.2587,-0.1669,0.0986,0.2121,-0.565,960.0
Anomalia,0.056,0.1192,0.6079,-0.1669,0.1317,1.2571,3.5285,960.0
Anomalia,0.0372,0.1561,0.6079,-0.4957,0.1605,0.0746,2.0537,960.0
Anomalia,0.033,0.1996,0.6079,-0.538,0.2023,0.0374,0.6832,3120.0
Anomalia,0.0322,0.2186,0.6079,-0.538,0.221,-0.0704,-0.0281,3120.0
Anomalia,0.0082,0.2209,0.605,-0.538,0.2211,0.0377,-0.4308,3120.0
Anomalia,0.0293,0.2239,0.605,-0.538,0.2258,0.1118,-0.3836,2880.0
Anomalia,0.0243,0.1993,0.5107,-0.4208,0.2008,0.2159,-0.4228,2880.0
Anomalia,0.0318,0.2434,0.7881,-0.6263,0.2455,0.1566,0.3321,2880.0
Anomalia,0.0408,0.2543,0.7881,-0.6263,0.2575,0.2154,0.3581,2880.0
Anomalia,0.0281,0.2556,0.7881,-0.6425,0.2572,0.0395,0.6246,5040.0
Anomalia,0.0325,0.2583,0.7881,-0.6425,0.2603,0.0226,0.5789,3360.0
Anomalia,0.0408,0.2128,0.7045,-0.6425,0.2167,-0.0724,0.8041,3360.0
Anomalia,0.0162,0.1941,0.4683,-0.6425,0.1948,-0.4357,0.485,3360.0
Anomalia,0.0315,0.2461,0.9847,-0.6484,0.2481,0.8318,2.3393,3360.0
Anomalia,0.0284,0.2851,0.9847,-0.7623,0.2865,0.5269,1.619,1920.0
Anomalia,0.0275,0.3234,0.9847,-0.8914,0.3245,0.1924,0.9748,3360.0
Anomalia,0.0484,0.3358,0.9847,-0.8914,0.3393,0.1077,0.546,3360.0
Anomalia,0.0281,0.2959,0.887,-0.8914,0.2972,-0.1539,0.7692,3360.0
Anomalia,0.0367,0.253,0.7258,-0.8914,0.2556,-0.2943,1.3596,3360.0
Anomalia,0.0353,0.1934,0.6747,-0.3624,0.1966,0.2818,0.1489,3360.0
Anomalia,0.0241,0.1741,0.3964,-0.4483,0.1758,-0.204,-0.6403,3360.0
Anomalia,0.0412,0.1507,0.4252,-0.4483,0.1563,-0.1911,0.1782,3360.0
Anomalia,0.0264,0.1464,0.4252,-0.4483,0.1487,-0.3225,0.3661,480.0
Anomalia,0.0238,0.1465,0.4252,-0.4483,0.1484,-0.3007,0.2958,2880.0
Anomalia,0.0318,0.1255,0.4252,-0.3138,0.1295,-0.0091,0.603,2880.0
Anomalia,0.0314,0.1248,0.2987,-0.3138,0.1287,-0.3103,-0.1498,2880.0
Anomalia,0.0316,0.1454,0.2987,-0.5017,0.1488,-0.4652,0.1394,3840.0
Anomalia,0.0321,0.1636,0.4254,-0.5017,0.1667,-0.2257,0.2036,5280.0
Anomalia,0.0307,0.1711,0.4254,-0.5017,0.1738,-0.1711,-0.1543,3360.0
Anomalia,0.026,0.1724,0.4254,-0.5017,0.1743,-0.0206,-0.1185,3360.0
Anomalia,0.0404,0.1456,0.4254,-0.3899,0.1511,0.1965,0.4503,3360.0
Anomalia,0.0222,0.1147,0.3667,-0.2664,0.1168,0.3258,0.5221,3360.0
Anomalia,0.0346,0.1016,0.3667,-0.2387,0.1073,0.3836,0.8484,2880.0
Anomalia,0.0223,0.0967,0.2902,-0.2387,0.0993,-0.0566,-0.0351,3360.0
Anomalia,0.0165,0.0985,0.2902,-0.2387,0.0999,-0.0661,-0.1867,3360.0
Anomalia,0.0385,0.1146,0.3724,-0.2124,0.1209,0.3634,0.0979,3360.0
Anomalia,0.023,0.1132,0.3724,-0.2124,0.1156,0.4742,0.3345,3360.0
Anomalia,0.0397,0.107,0.3724,-0.1911,0.1141,0.3403,0.5037,480.0
Anomalia,0.0381,0.1458,0.5019,-0.4066,0.1507,0.0235,1.2146,3360.0
Anomalia,0.0198,0.1691,0.5019,-0.4066,0.1703,0.0148,0.5756,2880.0
Anomalia,0.0397,0.1783,0.5019,-0.4066,0.1827,-0.2072,0.1146,2880.0
Anomalia,0.0246,0.1884,0.5019,-0.4066,0.19,-0.0859,-0.2882,2880.0
Anomalia,0.0368,0.1595,0.4556,-0.4051,0.1637,-0.3173,0.1123,3120.0
Anomalia,0.0407,0.159,0.5797,-0.5768,0.1641,-0.1207,2.3511,3360.0
Anomalia,0.0249,0.194,0.8305,-0.5768,0.1956,0.8156,3.0705,960.0
Anomalia,0.0271,0.2341,0.8305,-0.6843,0.2356,0.3419,1.4703,5280.0
Anomalia,0.023,0.2583,0.8305,-0.6843,0.2593,0.3118,0.372,5280.0
Anomalia,0.0179,0.2518,0.8305,-0.6843,0.2525,0.3321,0.2773,3360.0
Anomalia,0.0311,0.2271,0.586,-0.6843,0.2292,-0.128,0.0521,3360.0
Anomalia,0.027,0.1934,0.4665,-0.4012,0.1953,0.036,-0.542,3360.0
Anomalia,0.0275,0.1852,0.4886,-0.3515,0.1873,0.2553,-0.3748,3360.0
Anomalia,0.0422,0.1827,0.4886,-0.3231,0.1875,0.1544,-0.5307,2640.0
Anomalia,0.0254,0.1969,0.4886,-0.4786,0.1986,0.0714,-0.579,3360.0
Anomalia,0.0338,0.1868,0.4886,-0.4786,0.1898,0.1028,-0.3183,5040.0
Anomalia,0.0285,0.1707,0.3968,-0.4786,0.1731,-0.117,-0.2142,5280.0
Anomalia,0.0239,0.149,0.3968,-0.4786,0.1509,-0.2518,0.4893,5280.0
Anomalia,0.032,0.1345,0.3843,-0.3117,0.1383,0.033,-0.1609,3840.0
Anomalia,0.029,0.1746,0.5015,-0.5207,0.177,-0.3601,1.0125,3840.0
Anomalia,0.0234,0.1898,0.5313,-0.5207,0.1913,-0.1353,0.5846,960.0
Anomalia,0.0325,0.1946,0.5313,-0.5207,0.1973,-0.1759,0.3504,960.0
Anomalia,0.026,0.1896,0.5313,-0.5207,0.1914,-0.1698,0.5286,960.0
Anomalia,0.0374,0.1489,0.5313,-0.3553,0.1535,0.0515,0.3733,3360.0
Anomalia,0.0439,0.1265,0.4316,-0.2355,0.1339,0.167,-0.1362,960.0
Anomalia,0.0188,0.1277,0.4316,-0.2741,0.1291,0.0977,0.0968,960.0
Anomalia,0.0287,0.1241,0.4316,-0.2741,0.1274,0.0968,0.2072,960.0
Anomalia,0.0148,0.1283,0.4316,-0.2741,0.1292,0.3266,0.1698,960.0
Anomalia,0.0128,0.1189,0.3127,-0.2741,0.1196,0.0565,-0.2208,960.0
Anomalia,0.0379,0.1225,0.3866,-0.2103,0.1282,0.3567,-0.2821,960.0
Anomalia,0.0268,0.1335,0.3866,-0.3916,0.1361,-0.0011,0.4326,960.0
Anomalia,0.05,0.1913,0.7596,-0.5829,0.1977,0.4079,2.0726,2640.0
Anomalia,0.0387,0.2736,0.7596,-0.8833,0.2764,-0.5851,1.4073,3120.0
Anomalia,0.0267,0.2915,0.7596,-0.8833,0.2927,-0.3743,0.6411,3120.0
Anomalia,0.0413,0.3066,0.7596,-0.8833,0.3093,-0.3588,0.2453,4080.0
Anomalia,0.0115,0.2846,0.566,-0.8833,0.2848,-0.3973,0.3804,2880.0
Anomalia,0.0265,0.2221,0.5374,-0.4725,0.2237,0.2376,-0.3722,2880.0
Anomalia,0.0314,0.2428,0.7481,-0.6131,0.2448,0.1528,-0.0762,2880.0
Anomalia,0.0054,0.269,0.7481,-0.6131,0.269,0.209,-0.2785,5040.0
Anomalia,0.0392,0.2807,0.7481,-0.6131,0.2835,0.015,-0.3942,5040.0
Anomalia,0.0228,0.2955,0.7481,-0.6131,0.2964,0.0308,-0.6576,3360.0
Anomalia,0.028,0.2723,0.7241,-0.562,0.2737,-0.1169,-0.5943,3360.0
Anomalia,0.0592,0.261,0.6469,-0.6325,0.2677,-0.3344,-0.1619,3360.0
Anomalia,0.0233,0.2691,0.6469,-0.7913,0.2701,-0.51,0.1966,3360.0
Anomalia,0.0335,0.2966,0.6469,-0.897,0.2985,-0.7228,0.33,3360.0
Anomalia,0.0395,0.2992,0.6469,-0.897,0.3018,-0.7039,0.254,3120.0
Anomalia,0.0032,0.2644,0.489,-0.897,0.2644,-0.6985,0.688,3360.0
Anomalia,0.0344,0.2473,0.4953,-0.897,0.2497,-0.5855,0.6623,3360.0
Anomalia,0.0341,0.2056,0.5831,-0.4112,0.2084,0.113,-0.4251,3360.0
Anomalia,0.0291,0.1879,0.5831,-0.4028,0.1902,0.1925,-0.1471,4080.0
Anomalia,0.0477,0.1975,0.5831,-0.4531,0.2031,-0.1931,-0.217,3360.0
Anomalia,0.0285,0.1816,0.5831,-0.4531,0.1839,-0.0828,-0.01,4080.0
Anomalia,0.0243,0.1576,0.4542,-0.4531,0.1595,-0.2334,-0.1698,960.0
Anomalia,0.0219,0.1492,0.3217,-0.4531,0.1508,-0.4028,-0.0962,2880.0
Anomalia,0.0246,0.1219,0.3217,-0.3592,0.1244,-0.0259,-0.0592,2880.0
Anomalia,0.0285,0.1081,0.2921,-0.3592,0.1118,-0.3418,0.6018,2880.0
Anomalia,0.0358,0.0922,0.2864,-0.2128,0.0989,0.0691,-0.0539,2880.0
Anomalia,0.0219,0.0976,0.2416,-0.2522,0.1,-0.0971,0.0944,4320.0
Anomalia,0.0315,0.0982,0.2416,-0.2522,0.1032,-0.1327,-0.1655,1680.0
Anomalia,0.0317,0.1023,0.2416,-0.2522,0.1071,-0.2978,-0.1723,960.0
Anomalia,0.0342,0.1034,0.241,-0.2522,0.1089,-0.3965,-0.1259,480.0
Anomalia,0.0454,0.1114,0.4193,-0.2384,0.1203,-0.1039,0.2897,5280.0
Anomalia,0.0299,0.139,0.421,-0.3304,0.1422,-0.0131,0.0704,3840.0
Anomalia,0.0359,0.1702,0.421,-0.4767,0.1739,-0.124,-0.153,4560.0
Anomalia,0.0302,0.1888,0.421,-0.4767,0.1912,-0.2124,-0.4894,5280.0
Anomalia,0.0274,0.1859,0.421,-0.4767,0.1879,-0.1413,-0.3886,3360.0
Anomalia,0.0441,0.1725,0.3847,-0.4767,0.1781,-0.3047,0.0636,3360.0
Anomalia,0.0195,0.1556,0.3653,-0.4149,0.1568,0.0294,-0.1772,3360.0
Anomalia,0.0357,0.142,0.3653,-0.2747,0.1464,0.3767,-0.4761,3840.0
Anomalia,0.0257,0.139,0.3613,-0.2747,0.1413,0.1693,-0.4509,960.0
Anomalia,0.0171,0.1311,0.3613,-0.2747,0.1322,0.2432,-0.1721,960.0
Anomalia,0.0383,0.1174,0.3728,-0.2478,0.1235,0.2537,0.2908,4080.0
Anomalia,0.0196,0.1044,0.3728,-0.2478,0.1063,0.1545,0.6345,2640.0
Anomalia,0.0382,0.1761,0.9043,-0.4804,0.1802,1.4253,6.5839,1680.0
Anomalia,0.0444,0.2474,1.0712,-0.5048,0.2513,1.2425,3.412,4080.0
Anomalia,0.0184,0.289,1.0712,-0.737,0.2896,0.7131,1.625,1920.0
Anomalia,0.0494,0.3157,1.0712,-0.737,0.3195,0.3956,0.3138,5280.0
Anomalia,0.0216,0.2986,1.0712,-0.737,0.2994,0.3947,0.3656,3360.0
Anomalia,0.0201,0.2588,0.5812,-0.737,0.2596,-0.0761,-0.3656,3360.0
Anomalia,0.0458,0.2265,0.5217,-0.4648,0.2311,0.1191,-0.7155,3360.0
Anomalia,0.017,0.1992,0.5186,-0.4648,0.1999,0.1225,-0.482,3360.0
Anomalia,0.0282,0.1883,0.5186,-0.4429,0.1904,0.0178,-0.3347,2640.0
Anomalia,0.0404,0.1827,0.4266,-0.4429,0.1871,-0.3191,-0.447,2640.0
Anomalia,0.0191,0.1759,0.4266,-0.4429,0.1769,-0.3598,-0.2791,2640.0
Anomalia,0.0364,0.169,0.4266,-0.4429,0.1729,-0.4738,0.1396,2640.0
Anomalia,0.0415,0.145,0.4266,-0.4135,0.1509,-0.3833,0.6166,4080.0
Anomalia,0.0272,0.1459,0.5036,-0.4135,0.1484,-0.0971,0.8087,3840.0
Anomalia,0.0353,0.1618,0.5036,-0.5153,0.1656,-0.3447,0.9093,2880.0
Anomalia,0.0123,0.1824,0.5036,-0.5153,0.1828,-0.2767,0.1244,720.0
Anomalia,0.0213,0.192,0.5036,-0.5153,0.1932,-0.288,-0.2793,3360.0
Anomalia,0.0233,0.1796,0.3912,-0.5153,0.1812,-0.4506,-0.1186,3360.0
Anomalia,0.0375,0.1584,0.3613,-0.4496,0.1628,-0.3913,-0.2542,3360.0
Anomalia,0.0454,0.133,0.3181,-0.2366,0.1405,0.0403,-1.0423,3360.0
Anomalia,0.0428,0.1237,0.3181,-0.2366,0.1309,0.1086,-0.8255,960.0
Anomalia,0.0249,0.126,0.3181,-0.2868,0.1284,-0.0964,-0.5572,480.0
Anomalia,0.0248,0.1218,0.2706,-0.2868,0.1243,0.0321,-0.5591,960.0
Anomalia,0.0229,0.1205,0.3459,-0.2868,0.1227,0.0914,-0.1795,960.0
Anomalia,0.0176,0.1238,0.3459,-0.2868,0.125,-0.0425,-0.279,960.0
Anomalia,0.0286,0.1675,0.6156,-0.6062,0.1699,0.0578,1.9969,960.0
Anomalia,0.0304,0.2496,0.6494,-0.7089,0.2514,-0.2446,1.0544,3360.0
Anomalia,0.0283,0.2916,0.6494,-0.7089,0.2929,-0.3132,0.0135,4080.0
Anomalia,0.0313,0.3172,0.6494,-0.7089,0.3187,-0.3396,-0.4743,4080.0
Anomalia,0.0335,0.3092,0.6494,-0.7089,0.311,-0.3962,-0.4627,2880.0
Anomalia,0.0278,0.2561,0.5701,-0.6398,0.2576,-0.375,-0.3128,2880.0
Anomalia,0.0362,0.2255,0.4675,-0.6398,0.2284,-0.2261,-0.4467,2880.0
Anomalia,0.0413,0.2443,0.7562,-0.6419,0.2478,0.0129,-0.0745,2880.0
Anomalia,0.0267,0.2773,0.7562,-0.8411,0.2785,-0.2009,0.1719,5040.0
Anomalia,0.0289,0.2937,0.7562,-0.8411,0.2951,-0.2114,-0.1084,5040.0
Anomalia,0.0185,0.29,0.7562,-0.8411,0.2906,-0.1689,-0.0673,3360.0
Anomalia,0.0184,0.2526,0.5403,-0.8411,0.2533,-0.2565,0.4544,3360.0
Anomalia,0.0337,0.2219,0.5403,-0.5925,0.2245,0.0734,-0.2122,3360.0
Anomalia,0.0417,0.2036,0.6523,-0.407,0.2078,0.3934,-0.0277,3360.0
Anomalia,0.0436,0.2193,0.6523,-0.577,0.2236,-0.0208,0.3047,2640.0
Anomalia,0.0335,0.2382,0.6523,-0.6361,0.2406,-0.2375,-0.0569,3120.0
Anomalia,0.0268,0.2223,0.6523,-0.6361,0.2239,-0.149,0.3681,5280.0
Anomalia,0.0138,0.2209,0.5124,-0.6361,0.2214,-0.2774,-0.116,2880.0
Anomalia,0.0253,0.1904,0.5124,-0.6361,0.1921,-0.1271,0.1375,2880.0
Anomalia,0.0281,0.1665,0.5124,-0.4277,0.1689,0.108,-0.2696,2640.0
Anomalia,0.0375,0.1761,0.3676,-0.4277,0.18,-0.3591,-0.2333,3360.0
Anomalia,0.0348,0.1679,0.3676,-0.4277,0.1715,-0.4774,0.2242,5040.0
Anomalia,0.0303,0.171,0.3676,-0.4277,0.1737,-0.482,0.0721,5280.0
Anomalia,0.0279,0.1526,0.3676,-0.4249,0.1551,-0.4718,0.5631,2880.0
Anomalia,0.0327,0.1239,0.3417,-0.3755,0.1281,-0.4004,0.5696,2880.0
Anomalia,0.036,0.1068,0.2833,-0.2875,0.1127,-0.2207,-0.0522,2880.0
Anomalia,0.032,0.0928,0.2616,-0.2007,0.0981,0.1133,-0.3539,480.0
Anomalia,0.0368,0.0948,0.2616,-0.2007,0.1017,0.0235,-0.567,480.0
Anomalia,0.02,0.0896,0.2518,-0.2007,0.0918,0.1205,-0.4529,480.0
Anomalia,0.0267,0.0943,0.2833,-0.1853,0.098,0.2804,-0.2304,480.0
Anomalia,0.0351,0.0972,0.3177,-0.1838,0.1034,0.4755,0.0394,2880.0
Anomalia,0.0247,0.1269,0.4214,-0.3853,0.1293,0.2898,0.9162,4080.0
Anomalia,0.045,0.1699,0.5745,-0.401,0.1758,0.3134,0.4751,4080.0
Anomalia,0.0298,0.2087,0.5745,-0.5205,0.2108,-0.0044,0.0531,2880.0
Anomalia,0.0219,0.2143,0.5745,-0.5205,0.2154,0.0437,-0.1741,2880.0
Anomalia,0.0404,0.2165,0.5745,-0.5205,0.2203,0.0186,-0.1489,2880.0
Anomalia,0.0199,0.2031,0.5616,-0.5205,0.204,-0.029,-0.1603,2880.0
Anomalia,0.0432,0.1742,0.5053,-0.3484,0.1795,0.1683,-0.5011,2880.0
Anomalia,0.0385,0.2072,0.5232,-0.4523,0.2107,0.0826,-0.4034,2880.0
Anomalia,0.0288,0.1957,0.5232,-0.4523,0.1978,0.0151,-0.2879,960.0
