Scenario,AccX_Mean,AccX_Std,AccX_Max,AccX_Min,AccX_RMS,AccX_Skew,AccX_Kurt,AccX_PeakFreq_Hz
Anomalia,0.0197,0.4587,1.4135,-1.103,0.4592,0.0939,0.2827,3360.0
Anomalia,-0.0049,0.3281,0.838,-0.9991,0.3282,-0.3101,0.6758,3360.0
Anomalia,0.022,0.2303,0.4958,-0.6356,0.2314,-0.1892,-0.4102,3360.0
Anomalia,-0.0388,0.7081,2.9201,-3.6846,0.7091,-1.2521,11.2161,2880.0
Anomalia,0.018,1.3249,4.5076,-4.3219,1.325,0.1193,3.3295,2880.0
Anomalia,-0.0076,1.5886,4.5076,-4.3219,1.5886,0.0915,0.6991,3360.0
Anomalia,0.0174,1.6362,4.5076,-4.3219,1.6363,0.0524,0.3096,3360.0
Anomalia,0.0603,1.5199,4.5076,-4.3219,1.5211,0.1293,0.7488,3360.0
Anomalia,-0.0009,1.0456,2.9389,-2.8475,1.0456,0.0049,0.5972,3360.0
Anomalia,0.0282,0.5737,1.4761,-1.1514,0.5744,0.1999,-0.4778,3600.0
Anomalia,-0.0179,0.4343,0.9837,-0.9995,0.4347,0.1164,-0.5181,2880.0
Anomalia,0.0102,0.3281,0.8647,-0.6385,0.3283,0.1087,-0.7532,2880.0
Anomalia,0.0168,0.6514,3.2014,-3.2289,0.6516,0.3679,9.8893,3120.0
Anomalia,0.0063,1.5397,4.7555,-4.985,1.5397,0.071,2.5347,3360.0
Anomalia,0.0295,1.8452,4.7555,-4.985,1.8454,0.0278,0.4623,3360.0
Anomalia,0.0167,1.9633,4.7555,-4.985,1.9634,0.0261,-0.1606,3360.0
Anomalia,0.0036,1.9212,4.7555,-4.985,1.9212,0.033,-0.0547,3360.0
Anomalia,0.0205,1.3348,3.6838,-3.7677,1.335,-0.0069,0.5777,3360.0
Anomalia,-0.0025,0.8582,2.6234,-3.1621,0.8582,-0.1212,1.2376,3600.0
Anomalia,0.0015,0.5263,1.3868,-1.295,0.5263,-0.0126,0.4559,2880.0
Anomalia,0.0047,0.3358,0.7917,-0.8105,0.3358,-0.1592,-0.3277,2880.0
Anomalia,-0.0156,0.5611,2.3392,-2.7757,0.5613,-0.7526,9.0123,2880.0
Anomalia,0.0212,0.9692,3.2456,-3.0565,0.9694,0.0037,2.6454,3360.0
Anomalia,0.0061,1.1661,3.2456,-3.0565,1.1661,0.0388,0.3578,3360.0
Anomalia,0.017,1.1963,3.2456,-3.0565,1.1964,0.011,0.0577,3360.0
Anomalia,0.0224,1.1245,3.2456,-3.0565,1.1247,0.1034,0.1954,3360.0
Anomalia,0.0015,0.7957,2.2106,-2.0278,0.7957,0.0505,0.3355,3360.0
Anomalia,0.0093,0.4721,0.9795,-1.02,0.4722,-0.0153,-0.7128,3360.0
Anomalia,-0.0055,0.3716,0.8827,-0.9211,0.3716,-0.0141,-0.237,3360.0
Anomalia,0.0086,0.2613,0.5308,-0.5104,0.2615,0.0263,-1.0412,2880.0
Anomalia,-0.0075,0.487,2.0462,-2.3934,0.487,-0.3653,7.1741,2880.0
Anomalia,0.0166,0.9621,3.0599,-2.8925,0.9623,0.17,2.6828,2880.0
Anomalia,0.0161,1.1809,3.0599,-2.8925,1.181,0.085,0.3768,3360.0
Anomalia,0.016,1.2233,3.0599,-2.8925,1.2234,0.0711,-0.018,3360.0
Anomalia,0.0163,1.1763,3.0599,-2.8925,1.1764,0.1073,0.209,3360.0
Anomalia,-0.0022,0.8329,2.3667,-2.2494,0.8329,0.0042,0.8409,3360.0
Anomalia,0.0092,0.4789,1.2946,-1.5395,0.479,-0.1562,-0.0552,3360.0
Anomalia,-0.001,0.3577,0.8334,-0.8977,0.3577,-0.1444,-0.4003,2880.0
Anomalia,0.015,0.2594,0.55,-0.603,0.2599,-0.0565,-0.7665,2880.0
Anomalia,0.0308,0.502,2.6855,-1.6935,0.503,1.3474,10.6029,2880.0
Anomalia,-0.0051,1.2841,4.1245,-4.0932,1.2842,0.0213,2.9153,2880.0
Anomalia,0.032,1.5208,4.1245,-4.0932,1.5212,-0.0057,0.7045,3360.0
Anomalia,-0.0106,1.6194,4.1245,-4.0932,1.6195,0.0353,0.0041,3360.0
Anomalia,0.0003,1.6034,4.1245,-4.0932,1.6034,-0.0204,0.0146,3360.0
Anomalia,0.0185,1.0981,2.9222,-2.9664,1.0982,0.0085,0.2667,3360.0
Anomalia,-0.0097,0.7334,1.9527,-2.3091,0.7334,-0.2232,0.4679,3360.0
Anomalia,0.0189,0.5433,1.2737,-1.1159,0.5437,0.086,-0.5318,2880.0
Anomalia,-0.0072,0.3967,0.9119,-1.0717,0.3967,-0.1725,-0.1763,2880.0
Anomalia,0.0492,0.5993,3.2197,-1.9323,0.6013,1.5829,9.0458,2880.0
Anomalia,-0.0028,1.4985,4.9721,-4.9275,1.4985,0.0898,2.8805,2880.0
Anomalia,0.0472,1.8015,4.9721,-4.9275,1.8021,0.0298,0.6253,3360.0
Anomalia,-0.0024,1.9113,4.9721,-4.9275,1.9113,0.0699,-0.0305,3360.0
Anomalia,-0.0265,1.8956,4.9721,-4.9275,1.8958,0.0555,-0.0324,3360.0
Anomalia,0.0205,1.3246,3.6358,-3.4914,1.3247,0.0397,0.3401,3360.0
Anomalia,-0.0241,0.84,2.2152,-2.5937,0.8404,-0.1734,0.285,3360.0
Anomalia,0.0232,0.5655,1.5162,-1.3855,0.5659,-0.0157,-0.1239,2880.0
Anomalia,0.0022,0.361,0.8509,-0.8234,0.361,-0.1276,-0.5389,2880.0
Anomalia,0.0098,0.3393,1.3033,-0.8989,0.3395,0.4068,1.5479,2880.0
Anomalia,-0.0045,0.6418,1.9878,-1.9381,0.6419,0.0294,1.7858,2880.0
Anomalia,0.0051,0.7791,1.9878,-1.9381,0.7791,0.04,0.3047,3360.0
Anomalia,-0.0053,0.8243,1.9878,-1.9381,0.8244,0.0554,-0.2366,3360.0
Anomalia,0.0102,0.8247,1.9878,-1.9381,0.8247,-0.0262,-0.313,3360.0
Anomalia,0.0186,0.6085,1.7315,-1.6622,0.6088,0.023,0.5336,3360.0
Anomalia,0.009,0.3826,1.0508,-1.1798,0.3827,-0.0829,0.3452,3360.0
Anomalia,0.0161,0.2832,0.6419,-0.6022,0.2837,0.1243,-0.7122,2880.0
Anomalia,-0.0012,0.2179,0.4248,-0.4365,0.2179,0.0739,-0.9973,2880.0
Anomalia,0.0206,0.4398,2.4815,-1.7378,0.4403,1.3575,12.7281,2880.0
Anomalia,0.0155,1.0873,3.6905,-3.3687,1.0874,0.2226,3.1389,2880.0
Anomalia,0.0162,1.3266,3.6905,-3.3687,1.3267,0.1172,0.6351,3360.0
Anomalia,0.0037,1.3797,3.6905,-3.3687,1.3797,0.1283,0.157,3360.0
Anomalia,-0.0036,1.3523,3.6905,-3.3687,1.3523,0.104,0.2602,3360.0
Anomalia,-0.0014,0.9258,2.7398,-2.658,0.9258,0.0348,0.95,3360.0
Anomalia,0.0031,0.527,1.6689,-1.3593,0.527,0.0231,-0.1057,3360.0
Anomalia,0.0205,0.3757,0.9428,-0.8935,0.3762,-0.0135,-0.1064,2880.0
Anomalia,0.0028,0.2496,0.6682,-0.6101,0.2496,0.0837,-0.4661,2880.0
Anomalia,-0.0134,0.3649,0.9115,-2.0312,0.3651,-2.2718,11.2617,3120.0
Anomalia,0.0012,1.4183,4.4717,-4.69,1.4183,-0.0263,3.0337,3360.0
Anomalia,-0.0347,1.638,4.4717,-4.69,1.6383,0.0183,0.9461,3360.0
Anomalia,0.0232,1.8393,4.4717,-4.69,1.8395,-0.0067,-0.1294,3360.0
Anomalia,0.0171,1.8665,4.4717,-4.69,1.8666,0.0183,-0.2951,3360.0
Anomalia,0.0125,1.2834,3.5661,-3.2456,1.2834,0.0919,0.2084,3360.0
Anomalia,0.0402,0.9959,3.5661,-3.0399,0.9967,0.2724,1.7523,3360.0
Anomalia,-0.0113,0.5384,1.3263,-1.2603,0.5385,0.043,0.28,3360.0
Anomalia,0.0162,0.3898,0.9862,-0.9269,0.3902,0.1316,-0.229,2880.0
Anomalia,-0.0144,0.3926,0.881,-1.5487,0.3928,-0.5446,1.8176,2880.0
Anomalia,0.0199,1.1128,3.7773,-3.6003,1.1129,0.0534,2.9196,3120.0
Anomalia,-0.0032,1.2857,3.7773,-3.6003,1.2857,0.0715,0.8087,3360.0
Anomalia,0.02,1.3345,3.7773,-3.6003,1.3347,0.0406,0.3562,3360.0
Anomalia,0.0281,1.3395,3.7773,-3.6003,1.3398,0.0395,0.2889,3360.0
Anomalia,-0.0145,0.8359,2.3433,-2.1175,0.836,0.1443,0.3501,3360.0
Anomalia,0.0164,0.5476,1.8446,-1.28,0.5479,0.3266,0.4432,3600.0
Anomalia,-0.0047,0.3603,0.8034,-0.8605,0.3603,-0.0224,-0.5074,3600.0
Anomalia,0.0144,0.2571,0.6631,-0.6444,0.2575,0.0433,-0.36,2880.0
Anomalia,-0.0044,0.3307,0.8422,-1.848,0.3308,-1.98,10.2436,2880.0
Anomalia,-0.0018,1.1994,4.0302,-3.7393,1.1994,0.1453,3.1903,3120.0
Anomalia,-0.0135,1.3778,4.0302,-3.7393,1.3779,0.0977,1.1492,3360.0
Anomalia,0.0109,1.4966,4.0302,-3.7393,1.4967,0.0847,0.2097,3360.0
Anomalia,0.0214,1.5098,4.0302,-3.7393,1.51,0.0804,0.0803,3360.0
Anomalia,0.0289,0.9821,2.6559,-2.842,0.9825,0.0308,0.6384,3360.0
Anomalia,0.0297,0.7168,2.635,-2.0975,0.7174,0.3427,1.7307,3360.0
Anomalia,-0.0055,0.4175,0.9703,-1.0483,0.4176,-0.0682,-0.0236,2880.0
Anomalia,0.013,0.2817,0.8618,-0.6815,0.282,0.1008,-0.0206,2880.0
Anomalia,-0.0102,0.3222,0.596,-1.916,0.3224,-2.4698,11.8234,2880.0
Anomalia,-0.0098,1.4434,4.8824,-4.7451,1.4434,0.1632,3.5962,2880.0
Anomalia,0.0154,1.642,4.8824,-4.7451,1.6421,0.109,1.4249,3360.0
Anomalia,0.0114,1.789,4.8824,-4.7451,1.7891,0.0973,0.369,3360.0
Anomalia,0.0114,1.8199,4.8824,-4.7451,1.8199,0.1025,0.1488,3360.0
Anomalia,0.032,1.1767,3.2615,-3.0207,1.1772,0.0609,0.2137,3360.0
Anomalia,0.0065,0.8957,2.9418,-3.0119,0.8957,0.0572,1.0496,3360.0
Anomalia,0.0083,0.5515,1.2574,-1.3818,0.5515,-0.0527,-0.1001,3600.0
Anomalia,0.0207,0.4349,1.2574,-1.2086,0.4354,0.1235,-0.0674,2880.0
Anomalia,-0.0082,0.4133,0.818,-2.0491,0.4134,-0.9772,3.7337,2880.0
Anomalia,-0.0169,1.5611,5.3043,-5.2008,1.5612,0.099,3.5523,2880.0
Anomalia,0.0037,1.8132,5.3043,-5.2008,1.8132,0.0639,1.2004,3360.0
Anomalia,0.0096,1.9948,5.3043,-5.2008,1.9948,0.0506,0.1543,3360.0
Anomalia,0.0182,2.0324,5.3043,-5.2008,2.0324,0.0448,-0.0666,3360.0
Anomalia,0.0378,1.373,3.5937,-3.6617,1.3736,0.0264,0.2016,3360.0
Anomalia,0.0163,1.0406,3.3971,-3.3887,1.0408,0.0591,1.2004,3360.0
Anomalia,0.0002,0.5963,1.396,-1.4148,0.5963,0.0689,-0.2325,2880.0
Anomalia,0.0104,0.4176,1.0279,-0.9453,0.4178,0.1345,-0.4081,2880.0
Anomalia,-0.0069,0.369,1.0279,-0.9924,0.3691,0.022,0.1488,2880.0
Anomalia,0.0059,0.5362,1.7044,-1.4949,0.5362,0.1595,1.3387,2880.0
Anomalia,0.015,0.5985,1.7044,-1.4949,0.5987,0.1232,0.2991,3360.0
Anomalia,0.0079,0.5993,1.7044,-1.4949,0.5994,0.1412,0.3016,3360.0
Anomalia,0.0194,0.5956,1.7044,-1.4949,0.5959,0.1286,0.2964,3360.0
Anomalia,-0.0019,0.4007,1.1756,-0.9945,0.4008,0.1735,0.1908,3360.0
Anomalia,0.0103,0.2807,0.7199,-0.7612,0.2809,-0.091,-0.7186,3600.0
Anomalia,0.0057,0.3064,0.669,-0.7174,0.3065,-0.0915,-0.7938,2880.0
Anomalia,0.0142,0.2976,0.669,-0.7174,0.298,-0.1557,-0.5691,3360.0
Anomalia,0.0322,0.2848,0.7383,-0.7174,0.2866,-0.0257,-0.0046,3360.0
Anomalia,-0.0043,1.2885,4.2547,-4.1879,1.2885,0.1143,3.3344,3120.0
Anomalia,0.0397,1.4558,4.2547,-4.1879,1.4563,0.0577,1.4364,3360.0
Anomalia,-0.0083,1.5931,4.2547,-4.1879,1.5931,0.0846,0.3753,3360.0
Anomalia,0.0071,1.6294,4.2547,-4.1879,1.6294,0.0558,0.0969,3360.0
Anomalia,0.0294,1.0601,2.9756,-2.802,1.0605,-0.0195,0.5076,3360.0
Anomalia,-0.0139,0.8053,2.5115,-2.802,0.8054,-0.1985,1.531,3360.0
Anomalia,0.0121,0.4921,1.1573,-1.0746,0.4923,0.0744,-0.3602,2880.0
Anomalia,0.0036,0.3413,0.972,-1.0429,0.3414,-0.1531,0.3896,2880.0
Anomalia,-0.0039,0.2617,0.7199,-0.6256,0.2617,0.0882,-0.1942,2880.0
Anomalia,0.0364,1.1154,3.996,-3.8128,1.1159,0.2896,4.199,3120.0
Anomalia,0.0292,1.3059,3.996,-3.8128,1.3062,0.1275,1.5524,3360.0
Anomalia,0.0035,1.5249,3.996,-3.8128,1.5249,0.0846,0.0091,3360.0
Anomalia,0.0192,1.5711,3.996,-3.8128,1.5712,0.05,-0.3093,3360.0
Anomalia,-0.017,1.1562,2.8116,-2.9589,1.1563,-0.088,-0.0638,3360.0
Anomalia,-0.0042,0.9364,2.8116,-2.9589,0.9364,-0.1052,1.1455,3360.0
Anomalia,0.0167,0.521,1.2716,-1.1752,0.5213,-0.0039,-0.3057,3360.0
Anomalia,0.0036,0.3766,1.012,-1.0337,0.3766,-0.0499,-0.0375,2880.0
Anomalia,0.0228,0.2918,0.6306,-0.5463,0.2927,0.0092,-1.0113,2880.0
Anomalia,-0.004,1.2219,4.2034,-4.1884,1.2219,0.0005,3.6757,3120.0
Anomalia,0.0388,1.4207,4.2034,-4.1884,1.4212,0.0177,1.2484,3360.0
Anomalia,-0.0085,1.5582,4.2034,-4.1884,1.5582,0.0399,0.2155,3360.0
Anomalia,0.0096,1.5964,4.2034,-4.1884,1.5965,0.0131,-0.0648,3360.0
Anomalia,0.0256,1.0758,2.9464,-2.7118,1.0761,0.0407,0.1387,3360.0
Anomalia,-0.0201,0.7959,2.4765,-2.7118,0.7961,-0.2494,1.3745,3360.0
Anomalia,0.0271,0.4761,1.2036,-1.0346,0.4769,0.1334,-0.146,3600.0
Anomalia,-0.0096,0.3173,0.7399,-0.9536,0.3175,-0.2052,-0.1476,2880.0
Anomalia,0.0052,0.2524,0.6406,-0.5826,0.2525,-0.0012,-0.3352,2880.0
Anomalia,0.0411,1.1061,3.824,-3.7856,1.1068,0.2594,4.2192,3120.0
Anomalia,-0.0134,1.2675,3.824,-3.7856,1.2676,0.1003,1.853,3360.0
Anomalia,0.0258,1.4843,3.824,-3.7856,1.4845,0.077,0.1862,3360.0
Anomalia,0.0066,1.5279,3.824,-3.7856,1.5279,0.1012,-0.1355,3360.0
Anomalia,-0.0284,1.0983,2.8107,-2.9489,1.0987,0.0115,0.2852,3360.0
Anomalia,0.0259,0.9118,2.8107,-2.6997,0.9122,0.2763,1.5153,3360.0
Anomalia,0.0039,0.4871,1.2048,-1.2566,0.4871,-0.0724,-0.1023,3360.0
Anomalia,0.0218,0.3643,0.9874,-0.9252,0.365,0.0375,-0.1494,2880.0
Anomalia,0.0133,0.3011,0.6723,-0.6548,0.3014,-0.03,-0.6939,3360.0
Anomalia,0.0462,1.3002,4.5923,-4.3486,1.3011,0.1818,4.2351,2880.0
Anomalia,-0.0329,1.4883,4.5923,-4.3486,1.4886,0.1036,1.7955,3360.0
Anomalia,0.0233,1.6996,4.5923,-4.3486,1.6998,0.0461,0.3052,3360.0
Anomalia,0.0086,1.7377,4.5923,-4.3486,1.7377,0.0656,0.0414,3360.0
Anomalia,-0.0244,1.2257,3.1801,-3.1087,1.2259,-0.0472,0.1419,3360.0
Anomalia,0.05,0.9969,3.1801,-3.1087,0.9982,0.1703,1.3985,3360.0
Anomalia,-0.0115,0.5586,1.338,-1.305,0.5588,0.1142,-0.2008,3600.0
Anomalia,0.0094,0.4372,1.338,-1.305,0.4373,0.1371,0.8685,2880.0
Anomalia,0.019,0.2922,0.8017,-0.5909,0.2928,0.1368,-0.5806,2880.0
Anomalia,-0.011,1.3001,4.8594,-5.0869,1.3002,-0.1193,5.5756,3120.0
Anomalia,-0.0002,1.6597,4.8594,-5.0869,1.6597,0.0637,1.779,3360.0
Anomalia,0.0148,1.9981,4.8594,-5.0869,1.9981,0.0427,-0.0207,3360.0
Anomalia,-0.0038,2.0589,4.8594,-5.0869,2.0589,0.0639,-0.3325,3360.0
Anomalia,0.0286,1.6481,4.7831,-3.89,1.6484,0.1396,0.1784,3360.0
Anomalia,0.0256,1.3007,3.7894,-3.89,1.3009,0.0564,1.121,3360.0
Anomalia,0.0102,0.6594,1.8592,-1.5266,0.6595,0.037,-0.0283,3600.0
Anomalia,0.0207,0.4505,1.3392,-1.2587,0.4509,0.1773,0.6861,2880.0
Anomalia,0.0156,0.3182,0.9428,-0.8309,0.3186,-0.109,0.4273,2880.0
Anomalia,0.0247,0.9619,3.4564,-3.3441,0.9622,0.0117,4.5514,2880.0
Anomalia,-0.0175,1.1164,3.4564,-3.3441,1.1166,0.0243,1.6846,3360.0
Anomalia,0.023,1.2334,3.4564,-3.3441,1.2336,-0.0054,0.4778,3360.0
Anomalia,0.0029,1.264,3.4564,-3.3441,1.264,0.0386,0.1728,3360.0
Anomalia,-0.0004,0.8717,2.2261,-2.0825,0.8717,0.0269,-0.1321,3360.0
Anomalia,0.0401,0.6736,2.2261,-1.9669,0.6747,0.2399,1.0597,3360.0
Anomalia,0.0011,0.4221,0.9816,-0.9486,0.4221,0.0194,-0.6433,3360.0
Anomalia,0.0143,0.3237,0.8146,-0.7637,0.324,-0.0357,-0.5313,2880.0
Anomalia,0.0128,0.2578,0.5475,-0.5404,0.2581,-0.1554,-0.8314,2880.0
Anomalia,0.0038,0.8389,3.0582,-2.933,0.839,0.0286,4.3547,2880.0
Anomalia,-0.0108,1.0255,3.0582,-2.933,1.0256,0.0415,1.6067,3360.0
Anomalia,0.0224,1.1796,3.0582,-2.933,1.1798,0.0357,0.1737,3360.0
Anomalia,-0.0022,1.2053,3.0582,-2.933,1.2054,0.0843,-0.0689,3360.0
Anomalia,0.0125,0.913,2.9455,-2.2394,0.9131,0.1179,0.6827,3360.0
Anomalia,0.0303,0.7046,2.2786,-2.1626,0.7052,0.2581,1.4847,2880.0
Anomalia,0.0038,0.4012,0.9085,-0.924,0.4013,-0.0896,-0.6948,2880.0
Anomalia,0.0257,0.3238,0.9085,-0.6882,0.3248,0.078,-0.4269,2880.0
Anomalia,0.0177,0.2592,0.6477,-0.6377,0.2598,-0.0764,-0.0455,2880.0
Anomalia,-0.0342,1.1863,4.4997,-4.7196,1.1868,-0.401,6.164,2880.0
Anomalia,0.0053,1.4864,4.4997,-4.7196,1.4864,-0.0121,2.2451,3360.0
Anomalia,-0.0012,1.7617,4.4997,-4.7196,1.7617,0.0205,0.2587,3360.0
Anomalia,0.0126,1.8185,4.4997,-4.7196,1.8185,0.0019,-0.1058,3360.0
Anomalia,0.0601,1.4415,4.2555,-3.2836,1.4428,0.1981,0.1013,3360.0
Anomalia,0.0141,1.1325,3.1713,-3.2143,1.1326,0.0713,0.7833,3360.0
Anomalia,0.0164,0.6325,1.4928,-1.4031,0.6327,0.1132,-0.2068,3360.0
Anomalia,0.0008,0.4898,1.3972,-1.2766,0.4898,0.1369,0.4629,2880.0
Anomalia,0.0134,0.3186,0.7988,-0.7554,0.3189,-0.0369,-0.3683,2880.0
Anomalia,-0.0428,1.2537,4.9855,-4.8966,1.2544,-0.2513,6.1222,2880.0
Anomalia,0.0356,1.5614,4.9855,-4.8966,1.5618,0.0255,2.1598,3360.0
Anomalia,0.0039,1.8714,4.9855,-4.8966,1.8715,0.0449,0.2089,3360.0
Anomalia,0.0175,1.9327,4.9855,-4.8966,1.9328,0.0256,-0.1492,3360.0
Anomalia,0.0644,1.5367,4.4329,-3.5031,1.538,0.172,0.0661,3360.0
Anomalia,-0.008,1.233,3.6083,-3.5031,1.233,0.0382,1.0072,3360.0
Anomalia,0.0162,0.6611,1.825,-1.7653,0.6613,0.1055,0.0488,3600.0
Anomalia,0.0033,0.4541,1.3618,-1.272,0.4541,0.0506,0.6373,2880.0
Anomalia,0.0142,0.2897,0.7671,-0.6423,0.29,0.1371,0.0235,2880.0
Anomalia,-0.0071,0.5644,2.0383,-2.0566,0.5644,-0.2601,4.3564,2880.0
Anomalia,0.0288,0.6823,2.0383,-2.0566,0.6829,-0.1205,1.6579,3360.0
Anomalia,0.0005,0.8322,2.0383,-2.0566,0.8322,-0.0266,-0.0586,3360.0
Anomalia,0.0087,0.86,2.0383,-2.0566,0.86,-0.0474,-0.3921,3360.0
Anomalia,0.0276,0.701,1.7553,-1.6176,0.7015,0.0164,-0.1446,3360.0
Anomalia,-0.0005,0.5781,1.6531,-1.6176,0.5781,-0.0366,0.8417,3360.0
Anomalia,0.0114,0.3571,0.6969,-0.7508,0.3572,0.0179,-1.0968,3360.0
Anomalia,0.0044,0.3096,0.6677,-0.5997,0.3096,0.0857,-0.985,2880.0
Anomalia,0.0054,0.2994,0.6677,-0.5997,0.2994,0.0683,-0.9834,2880.0
Anomalia,-0.014,1.0097,4.0198,-3.7593,1.0098,0.0185,5.5778,2880.0
Anomalia,0.0474,1.2308,4.0198,-3.7593,1.2317,0.1236,2.2102,2880.0
Anomalia,0.0025,1.4592,4.0198,-3.7593,1.4592,0.1061,0.3331,2880.0
Anomalia,0.0112,1.4812,4.0198,-3.7593,1.4812,0.0849,0.1476,3360.0
Anomalia,0.0348,1.153,3.4351,-2.8287,1.1535,0.1585,0.5467,3360.0
Anomalia,-0.0253,0.9093,2.9134,-2.8287,0.9097,-0.0338,1.6811,3360.0
Anomalia,0.0211,0.4722,1.0746,-0.9457,0.4727,-0.0081,-0.7442,3600.0
Anomalia,0.0154,0.4038,1.0746,-0.929,0.4041,0.0353,-0.4742,2880.0
Anomalia,-0.0014,0.2973,0.641,-0.6552,0.2973,0.1794,-0.5541,2880.0
Anomalia,0.057,0.9816,4.4972,-3.7752,0.9833,0.7417,7.7476,3120.0
Anomalia,-0.0111,1.4491,4.4972,-4.4571,1.4491,0.0548,2.1954,3120.0
Anomalia,0.0295,1.7344,4.4972,-4.4571,1.7347,0.0215,0.1957,3360.0
Anomalia,0.0076,1.7925,4.4972,-4.4571,1.7925,0.0411,-0.1659,3360.0
Anomalia,-0.033,1.5571,4.1587,-4.4571,1.5575,-0.0807,0.26,3360.0
Anomalia,0.0327,1.143,3.3871,-3.1475,1.1434,0.0664,0.7884,3360.0
Anomalia,-0.0247,0.6114,1.5141,-1.8083,0.6119,-0.1308,0.0714,3600.0
Anomalia,0.0261,0.4366,1.1677,-1.1435,0.4374,0.014,0.2618,2880.0
Anomalia,0.0025,0.3083,0.8405,-0.6953,0.3083,0.1388,-0.0882,2880.0
Anomalia,0.0409,0.8323,3.7656,-3.1964,0.8333,0.7072,7.3373,2880.0
Anomalia,0.0222,1.1349,3.7656,-3.4852,1.1352,0.016,2.2717,3360.0
Anomalia,0.01,1.3092,3.7656,-3.4852,1.3092,0.0259,0.4904,3360.0
Anomalia,0.0094,1.3364,3.7656,-3.4852,1.3364,0.0227,0.2305,3360.0
Anomalia,-0.033,1.0953,2.9414,-3.4852,1.0958,-0.2027,0.6583,3360.0
Anomalia,0.0061,0.8034,2.3763,-2.2749,0.8034,-0.0191,0.8485,3360.0
Anomalia,0.0018,0.4487,0.8676,-0.9382,0.4487,-0.0432,-0.7375,3600.0
Anomalia,0.0214,0.3397,0.8405,-0.7988,0.3404,0.0208,-0.1565,3600.0
Anomalia,0.0165,0.2706,0.7308,-0.7099,0.2712,0.0846,0.153,2880.0
Anomalia,0.0359,0.8384,4.0536,-3.264,0.8392,0.9954,9.1507,2880.0
Anomalia,-0.0019,1.2681,4.0536,-3.9292,1.2681,0.1701,2.609,3120.0
Anomalia,0.0054,1.5353,4.0536,-3.9292,1.5354,0.0998,0.325,3360.0
Anomalia,-0.0062,1.5789,4.0536,-3.9292,1.579,0.1084,-0.002,3360.0
Anomalia,-0.0105,1.3843,3.723,-3.9292,1.3844,-0.0717,0.43,3360.0
Anomalia,0.0114,1.0202,2.8466,-2.9117,1.0203,0.0281,0.8837,3360.0
Anomalia,0.0069,0.5439,1.2837,-1.3092,0.5439,-0.0167,-0.3885,3360.0
Anomalia,0.0172,0.3989,1.1873,-0.9878,0.3993,0.2045,0.4617,2880.0
Anomalia,0.0018,0.2836,0.6298,-0.8326,0.2836,-0.3364,-0.103,2880.0
Anomalia,0.0414,0.8395,4.1596,-3.4075,0.8405,0.7307,9.5955,2880.0
Anomalia,-0.0073,1.2736,4.1596,-3.9839,1.2736,0.1714,2.9005,2880.0
Anomalia,0.0192,1.5369,4.1596,-3.9839,1.537,0.0838,0.4609,3360.0
Anomalia,0.0005,1.5844,4.1596,-3.9839,1.5844,0.109,0.0969,3360.0
Anomalia,-0.014,1.4146,3.814,-3.9839,1.4147,0.0026,0.3318,3360.0
Anomalia,0.0279,1.0459,3.0023,-2.8003,1.0463,0.0298,0.475,3360.0
Anomalia,0.0062,0.6035,1.542,-1.3246,0.6035,-0.0088,-0.3879,3360.0
Anomalia,0.0282,0.4651,1.2174,-1.3246,0.4659,-0.0871,0.5662,2880.0
Anomalia,0.016,0.3153,0.6707,-0.742,0.3157,-0.0323,-0.7399,2880.0
Anomalia,0.0416,0.9886,5.0072,-3.9584,0.9895,0.8743,10.0447,2880.0
Anomalia,-0.0032,1.5529,5.0072,-5.1407,1.5529,0.1069,2.8306,3360.0
Anomalia,0.0173,1.8895,5.0072,-5.1407,1.8896,0.048,0.3755,3360.0
Anomalia,0.0007,1.9373,5.0072,-5.1407,1.9373,0.0649,0.0809,3360.0
Anomalia,-0.0197,1.7328,4.7317,-5.1407,1.7329,-0.0543,0.4345,3360.0
Anomalia,0.0299,1.2728,3.4902,-3.6191,1.2731,-0.0038,0.7075,3360.0
Anomalia,-0.0021,0.6805,1.6076,-1.7666,0.6805,0.0218,-0.2637,3600.0
Anomalia,0.0223,0.5252,1.4002,-1.3204,0.5256,0.124,0.0622,2880.0
Anomalia,0.0077,0.3595,1.025,-0.8272,0.3596,0.1379,-0.0977,2880.0
Anomalia,0.028,0.4351,1.6497,-1.4006,0.436,0.3353,2.8798,2880.0
Anomalia,0.0057,0.537,1.6497,-1.5174,0.537,0.0162,1.1438,3360.0
Anomalia,0.0163,0.625,1.6497,-1.5174,0.6252,-0.0012,0.0816,3360.0
Anomalia,0.0174,0.6325,1.6497,-1.5174,0.6327,-0.0098,-0.0541,3360.0
Anomalia,-0.0034,0.5338,1.2775,-1.5174,0.5339,-0.1361,0.3052,3360.0
Anomalia,0.0129,0.4167,1.2775,-1.2578,0.4169,0.0625,1.5038,3360.0
Anomalia,0.0055,0.2256,0.4182,-0.4624,0.2256,-0.1517,-1.1117,3360.0
Anomalia,0.0129,0.2476,0.6364,-0.5071,0.2479,-0.0317,-0.7324,2880.0
Anomalia,0.0105,0.2289,0.6364,-0.5071,0.2291,-0.0108,-0.42,2880.0
Anomalia,-0.0169,0.576,2.2958,-2.6747,0.5763,-0.9611,7.7427,2880.0
Anomalia,0.0135,1.0289,3.3128,-3.2377,1.029,0.1034,2.771,2880.0
Anomalia,0.0003,1.2289,3.3128,-3.2377,1.2289,0.081,0.5373,2880.0
Anomalia,0.0228,1.2604,3.3128,-3.2377,1.2606,0.0356,0.2134,3360.0
Anomalia,0.0445,1.1669,3.3128,-3.2377,1.1678,0.1245,0.7241,3360.0
Anomalia,0.0091,0.8022,2.3112,-2.3058,0.8023,0.01,1.0519,3360.0
Anomalia,0.0139,0.4179,1.1702,-0.8113,0.4181,0.2297,-0.3207,3600.0
Anomalia,-0.0006,0.3177,0.8497,-0.7762,0.3177,-0.0627,-0.0687,2880.0
Anomalia,0.0188,0.2102,0.4716,-0.568,0.2111,-0.1354,-0.4059,2880.0
Anomalia,0.0049,0.5708,2.7156,-3.2489,0.5708,-0.6557,13.6002,3120.0
Anomalia,0.0333,1.2262,3.968,-3.8286,1.2266,0.0978,2.7076,3360.0
Anomalia,0.0008,1.4822,3.968,-3.8286,1.4822,0.049,0.4767,3360.0
Anomalia,0.0204,1.5657,3.968,-3.8286,1.5659,0.0231,-0.1173,3360.0
Anomalia,0.0143,1.5174,3.968,-3.8286,1.5175,0.0706,-0.0377,3360.0
Anomalia,0.0084,1.0705,2.8637,-3.1121,1.0705,-0.0998,0.4709,3360.0
Anomalia,0.0246,0.6772,2.0938,-2.0512,0.6776,0.1146,0.3434,3360.0
Anomalia,0.0039,0.4593,1.1619,-1.1798,0.4594,-0.0691,0.448,2880.0
Anomalia,0.0196,0.2943,0.7833,-0.568,0.2949,0.1423,-0.7652,2880.0
Anomalia,-0.0455,0.7351,2.9785,-3.6496,0.7365,-1.1136,9.5881,2880.0
Anomalia,0.0252,1.2817,4.3085,-4.1742,1.2819,0.0082,2.9057,3120.0
Anomalia,-0.0076,1.5625,4.3085,-4.1742,1.5625,0.0585,0.383,3360.0
Anomalia,0.023,1.6139,4.3085,-4.1742,1.6141,0.0061,0.0028,3360.0
Anomalia,0.0597,1.4898,4.3085,-4.1742,1.4909,0.0987,0.3649,3360.0
Anomalia,-0.0025,1.0595,2.9827,-2.7669,1.0595,0.064,0.5865,3360.0
Anomalia,0.0239,0.573,1.421,-1.3125,0.5735,0.0862,-0.1723,3360.0
Anomalia,-0.0031,0.3986,1.1051,-0.9824,0.3986,0.063,0.1772,2880.0
Anomalia,0.0082,0.2419,0.5384,-0.5133,0.2421,-0.0374,-0.5851,2880.0
Anomalia,0.0452,0.535,2.8896,-1.9615,0.5369,1.353,10.8495,3120.0
Anomalia,0.012,1.2075,3.8791,-3.6913,1.2075,0.0754,2.5132,3120.0
Anomalia,0.0486,1.4256,3.8791,-3.6913,1.4264,0.0529,0.5723,3360.0
Anomalia,0.0152,1.5133,3.8791,-3.6913,1.5134,0.0664,-0.0611,3360.0
Anomalia,-0.0177,1.4697,3.8791,-3.6913,1.4698,0.0643,0.0794,3360.0
Anomalia,0.0196,0.9952,2.9472,-2.7423,0.9954,0.0933,0.8712,3360.0
Anomalia,-0.0139,0.6458,1.883,-2.1793,0.6459,-0.3596,1.118,3360.0
Anomalia,0.0155,0.4096,1.1493,-1.2679,0.4099,-0.0967,0.8023,3360.0
Anomalia,0.0163,0.2811,0.6181,-0.6089,0.2815,0.0408,-0.7291,2880.0
Anomalia,0.0243,0.4708,2.4072,-1.6723,0.4714,1.1356,7.7158,2880.0
Anomalia,0.0137,1.1127,3.5966,-3.5419,1.1128,0.1176,2.959,2880.0
Anomalia,0.0237,1.3153,3.5966,-3.5419,1.3155,0.0422,0.6847,3360.0
Anomalia,0.0027,1.3527,3.5966,-3.5419,1.3527,0.0733,0.3314,3360.0
Anomalia,0.0097,1.3279,3.5966,-3.5419,1.3279,0.0114,0.4361,3360.0
Anomalia,0.0085,0.8639,2.4827,-2.4806,0.8639,-0.038,0.7365,3360.0
Anomalia,0.0065,0.5193,1.161,-1.4123,0.5194,-0.1107,-0.4177,3360.0
Anomalia,0.0134,0.4254,1.0079,-0.9615,0.4256,-0.0127,-0.6082,2880.0
Anomalia,0.0009,0.3143,0.6869,-0.7153,0.3143,-0.1379,-0.6252,2880.0
Anomalia,0.0197,0.5421,3.188,-2.0645,0.5425,1.2353,11.7963,3120.0
Anomalia,0.0168,1.5126,4.8515,-4.7601,1.5127,0.1212,2.7143,3120.0
Anomalia,0.0387,1.7775,4.8515,-4.7601,1.778,0.0669,0.6983,3360.0
Anomalia,-0.0014,1.9262,4.8515,-4.7601,1.9262,0.0765,-0.1224,3360.0
Anomalia,0.006,1.9132,4.8515,-4.7601,1.9132,0.0385,-0.1265,3360.0
Anomalia,0.0024,1.3012,3.529,-3.5736,1.3012,-0.0002,0.4436,3360.0
Anomalia,-0.0166,0.9029,2.6004,-3.0515,0.903,-0.2092,1.217,3600.0
Anomalia,0.0289,0.5106,1.2295,-1.2649,0.5114,-0.045,0.1275,2880.0
Anomalia,0.0086,0.3522,0.9645,-0.8618,0.3523,-0.1218,-0.0807,2880.0
Anomalia,0.0446,0.487,2.5545,-1.5087,0.4891,1.4009,8.0419,2880.0
Anomalia,0.0095,1.0687,3.6542,-3.4559,1.0688,0.0166,3.0157,3120.0
Anomalia,0.0198,1.2899,3.6542,-3.4559,1.29,0.0004,0.5322,3360.0
Anomalia,-0.0018,1.3343,3.6542,-3.4559,1.3343,0.0334,0.1322,3360.0
Anomalia,-0.0121,1.3055,3.6542,-3.4559,1.3056,-0.0225,0.2158,3360.0
Anomalia,0.0259,0.8928,2.4381,-2.4159,0.8931,-0.0447,0.3738,3360.0
Anomalia,0.0,0.5363,1.1619,-1.5011,0.5363,-0.1315,-0.4151,3360.0
Anomalia,0.0217,0.4014,0.8772,-0.8493,0.402,-0.0033,-0.5527,3600.0
Anomalia,-0.0043,0.3021,0.6665,-0.6477,0.3022,-0.1158,-0.8183,2880.0
Anomalia,0.0179,0.377,1.5738,-1.4394,0.3774,0.1758,3.8532,2880.0
Anomalia,0.0163,0.7607,2.3767,-2.2131,0.7609,0.076,2.1651,2880.0
Anomalia,0.0217,0.9172,2.3767,-2.2131,0.9174,0.0268,0.3492,3360.0
Anomalia,0.01,0.9557,2.3767,-2.2131,0.9558,0.0492,-0.0811,3360.0
Anomalia,0.0039,0.9411,2.3767,-2.2131,0.9411,0.0535,-0.036,3360.0
Anomalia,0.003,0.6656,1.8087,-1.8546,0.6656,0.0261,0.7237,3360.0
Anomalia,0.003,0.422,1.1723,-1.1481,0.422,-0.0444,-0.1789,3360.0
Anomalia,0.0171,0.3126,0.7011,-0.6907,0.313,0.0305,-0.5066,2880.0
Anomalia,0.0097,0.2291,0.482,-0.5993,0.2293,-0.0176,-0.6433,2880.0
Anomalia,0.0074,0.3834,2.3592,-1.694,0.3835,0.173,11.6828,2880.0
Anomalia,0.0229,1.2262,3.9271,-3.9555,1.2264,0.0269,2.9605,2880.0
Anomalia,0.01,1.4088,3.9271,-3.9555,1.4088,0.0323,0.9471,3360.0
Anomalia,0.0098,1.5259,3.9271,-3.9555,1.5259,0.0452,0.059,3360.0
Anomalia,0.0246,1.5395,3.9271,-3.9555,1.5397,0.016,-0.0808,3360.0
Anomalia,-0.006,1.0217,2.6342,-2.6133,1.0217,0.1088,0.0059,3360.0
Anomalia,0.0062,0.7518,2.6342,-2.1409,0.7518,0.2076,0.7599,3360.0
Anomalia,0.0204,0.5245,1.2069,-1.0725,0.5249,0.0901,-0.5146,3360.0
Anomalia,0.0022,0.3745,1.0705,-0.9198,0.3745,0.2207,-0.1928,2880.0
Anomalia,0.0007,0.4041,1.1706,-1.7061,0.4041,-0.8333,2.7092,2880.0
Anomalia,0.0411,1.4144,4.7664,-4.6846,1.415,0.0299,3.1219,2880.0
Anomalia,-0.0321,1.6573,4.7664,-4.6846,1.6577,0.0622,1.0064,3360.0
Anomalia,0.0291,1.8066,4.7664,-4.6846,1.8069,0.0172,0.0619,3360.0
Anomalia,0.0163,1.8312,4.7664,-4.6846,1.8313,0.0414,-0.0949,3360.0
Anomalia,-0.0198,1.2508,3.3904,-3.423,1.2509,0.0692,0.4124,3360.0
Anomalia,0.0417,0.8912,3.1121,-2.4827,0.8921,0.3618,1.1429,3360.0
Anomalia,-0.0052,0.5428,1.2825,-1.3513,0.5429,-0.0456,-0.3712,2880.0
Anomalia,0.0251,0.384,1.0988,-0.8459,0.3848,0.2041,-0.2387,2880.0
Anomalia,0.0139,0.3195,0.9281,-0.8438,0.3198,0.0484,0.1061,2880.0
Anomalia,0.0198,0.5602,1.7486,-1.6393,0.5605,0.0081,1.5505,2880.0
Anomalia,-0.0044,0.6578,1.7486,-1.6393,0.6578,0.0088,0.4485,3360.0
Anomalia,0.0174,0.7126,1.7486,-1.6393,0.7128,0.0186,-0.1748,3360.0
Anomalia,0.018,0.7196,1.7486,-1.6393,0.7198,0.0309,-0.2916,3360.0
Anomalia,0.0086,0.5343,1.5099,-1.4552,0.5343,0.0656,0.632,3360.0
Anomalia,0.027,0.3837,1.3922,-1.025,0.3846,0.5095,1.2106,3360.0
Anomalia,0.0059,0.2838,0.5688,-0.4933,0.2839,0.1037,-1.1182,3360.0
Anomalia,0.0121,0.2596,0.5688,-0.4833,0.2598,0.1729,-0.9718,3360.0
Anomalia,-0.0123,0.3398,0.5601,-1.7278,0.34,-1.7185,6.32,3600.0
Anomalia,0.0209,1.0244,3.506,-3.0958,1.0246,0.2011,2.9685,3120.0
Anomalia,-0.0155,1.2283,3.506,-3.0958,1.2283,0.1078,0.7704,2880.0
Anomalia,0.0223,1.2884,3.506,-3.0958,1.2886,0.061,0.2085,3360.0
Anomalia,0.0235,1.2863,3.506,-3.0958,1.2865,0.092,0.1922,3360.0
Anomalia,0.0036,0.8618,2.4977,-2.61,0.8618,-0.0654,1.177,3360.0
Anomalia,0.0413,0.521,1.9669,-1.1752,0.5227,0.5955,1.1909,3360.0
Anomalia,0.0106,0.347,0.9265,-0.7241,0.3472,0.0505,-0.4272,2880.0
Anomalia,0.0249,0.263,0.7742,-0.482,0.2642,0.2909,-0.4157,2880.0
Anomalia,0.0358,0.22,0.7846,-0.4428,0.2229,0.5424,0.3995,3120.0
Anomalia,-0.0178,1.3312,4.3895,-4.5147,1.3313,-0.0337,3.6855,3120.0
Anomalia,0.0381,1.5316,4.3895,-4.5147,1.5321,0.036,1.3483,3360.0
Anomalia,0.01,1.7655,4.3895,-4.5147,1.7655,0.0487,-0.0134,3360.0
Anomalia,0.0045,1.8078,4.3895,-4.5147,1.8078,0.0548,-0.2679,3360.0
Anomalia,0.0541,1.26,3.4985,-3.1621,1.2611,0.143,0.2291,3360.0
Anomalia,-0.0181,1.0216,3.4985,-3.1621,1.0218,0.0271,1.8474,3360.0
Anomalia,0.0124,0.5143,1.2386,-1.224,0.5145,-0.0177,0.1145,3600.0
Anomalia,0.002,0.3789,0.914,-1.1222,0.3789,-0.0654,0.2257,2880.0
Anomalia,-0.0004,0.3259,0.914,-0.9227,0.3259,0.0846,0.2167,2880.0
Anomalia,-0.0047,1.0087,3.5244,-3.3495,1.0087,0.1125,3.4365,2880.0
Anomalia,0.0332,1.1905,3.5244,-3.3495,1.1909,0.0598,0.9239,3360.0
Anomalia,0.0096,1.2755,3.5244,-3.3495,1.2755,0.0578,0.1943,3360.0
Anomalia,0.0126,1.3079,3.5244,-3.3495,1.308,0.0485,-0.0912,3360.0
Anomalia,0.0265,0.8866,2.3972,-2.1789,0.887,0.0123,0.0485,3360.0
Anomalia,-0.0013,0.6356,1.8834,-2.1643,0.6356,-0.2539,0.9611,3360.0
Anomalia,0.0077,0.4182,0.982,-0.9937,0.4182,0.0035,-0.318,3600.0
Anomalia,0.0182,0.2868,0.7053,-0.8109,0.2874,-0.0992,-0.4238,2880.0
Anomalia,0.0284,0.2783,0.9853,-0.4549,0.2798,0.5742,0.2977,3600.0
Anomalia,0.0103,1.251,4.1579,-4.0623,1.2511,0.1718,3.4926,3120.0
Anomalia,0.0428,1.4214,4.1579,-4.0623,1.4221,0.0762,1.4119,3360.0
Anomalia,-0.0024,1.595,4.1579,-4.0623,1.595,0.086,0.1754,3360.0
Anomalia,0.0047,1.6315,4.1579,-4.0623,1.6315,0.0662,-0.0846,3360.0
Anomalia,0.0165,1.0991,2.7531,-2.9405,1.0993,-0.0713,0.2868,3360.0
Anomalia,-0.0144,0.8717,2.7531,-2.9389,0.8718,-0.1492,1.5678,3360.0
Anomalia,0.0149,0.4899,1.1276,-1.2015,0.4901,0.0318,-0.1222,3360.0
Anomalia,0.0035,0.3302,1.0329,-0.8818,0.3302,0.146,0.2677,2880.0
Anomalia,0.0125,0.2552,0.5655,-0.6907,0.2555,-0.2094,-0.4453,2880.0
Anomalia,0.0406,1.0217,3.5352,-3.3153,1.0225,0.3062,3.934,2880.0
Anomalia,0.0273,1.1938,3.5352,-3.3153,1.1941,0.1417,1.4953,3360.0
Anomalia,0.0108,1.3335,3.5352,-3.3153,1.3335,0.1126,0.2285,3360.0
Anomalia,0.0064,1.3687,3.5352,-3.3153,1.3687,0.1155,-0.0705,3360.0
Anomalia,-0.0124,0.9671,2.5053,-2.4439,0.9672,-0.0991,0.1083,3360.0
Anomalia,0.0026,0.7492,2.2645,-2.3012,0.7492,-0.077,0.7575,3360.0
Anomalia,0.0108,0.4829,1.0629,-1.0988,0.483,-0.0441,-0.566,3360.0
Anomalia,0.0158,0.3935,1.0629,-1.0988,0.3938,-0.1804,-0.1255,2880.0
Anomalia,0.0155,0.3056,0.6444,-0.712,0.306,-0.1053,-0.8946,2880.0
Anomalia,0.019,1.4712,5.1624,-5.2146,1.4714,0.1646,4.3498,2880.0
Anomalia,0.048,1.7301,5.1624,-5.2146,1.7308,0.099,1.5494,3360.0
Anomalia,-0.0031,1.9769,5.1624,-5.2146,1.9769,0.0838,0.1294,3360.0
Anomalia,0.0256,2.0255,5.1624,-5.2146,2.0257,0.0422,-0.1482,3360.0
Anomalia,0.0008,1.4443,3.7038,-3.7043,1.4443,-0.0041,0.1367,3360.0
Anomalia,-0.0216,1.1304,3.5048,-3.7043,1.1306,-0.1504,1.4301,3360.0
Anomalia,0.0188,0.6009,1.4344,-1.3488,0.6012,0.0523,-0.2262,3600.0
Anomalia,-0.007,0.4277,1.007,-1.2975,0.4277,-0.2181,0.0723,2880.0
Anomalia,0.0122,0.344,1.007,-0.9123,0.3442,0.0522,0.0402,2880.0
Anomalia,0.0148,0.5793,1.8563,-1.8,0.5795,0.073,2.049,2880.0
Anomalia,0.0235,0.6658,1.8563,-1.8,0.6662,0.0587,0.6118,3360.0
Anomalia,0.0044,0.6973,1.8563,-1.8,0.6973,0.0619,0.2298,3360.0
Anomalia,0.0154,0.7086,1.8563,-1.8,0.7088,0.0164,0.0389,3360.0
Anomalia,0.0038,0.4935,1.4273,-1.2599,0.4935,0.0021,0.5302,3360.0
Anomalia,-0.0013,0.3512,1.0037,-1.2599,0.3512,-0.3706,1.2009,3360.0
Anomalia,0.0215,0.2929,0.5901,-0.6427,0.2937,-0.0661,-0.9931,2880.0
Anomalia,0.0068,0.276,0.5901,-0.6427,0.2761,-0.0013,-0.6787,2880.0
Anomalia,0.0105,0.2525,0.5901,-0.6427,0.2528,0.0174,-0.1603,2880.0
Anomalia,0.0309,0.9165,3.009,-2.8592,0.917,0.2305,3.3725,3120.0
Anomalia,-0.0277,1.0353,3.009,-2.8592,1.0357,0.131,1.5524,2880.0
Anomalia,0.0252,1.1681,3.009,-2.8592,1.1684,0.0577,0.2378,3360.0
Anomalia,0.0067,1.1864,3.009,-2.8592,1.1864,0.0943,0.055,3360.0
Anomalia,-0.0137,0.8178,2.2465,-2.1125,0.8179,-0.0556,0.491,3360.0
Anomalia,0.0383,0.6465,2.2465,-1.9828,0.6477,0.3325,1.8373,3360.0
Anomalia,-0.0091,0.3647,0.8201,-0.7078,0.3648,0.0551,-0.815,2880.0
Anomalia,0.0172,0.3002,0.8201,-0.6936,0.3007,0.1523,-0.0632,2880.0
Anomalia,0.0135,0.22,0.4445,-0.5375,0.2204,-0.2574,-0.5144,2880.0
Anomalia,0.0012,1.1085,4.3424,-4.1692,1.1085,0.0274,5.674,3120.0
Anomalia,0.0005,1.3891,4.3424,-4.1692,1.3891,0.1386,1.9102,3360.0
Anomalia,0.0054,1.6502,4.3424,-4.1692,1.6502,0.0892,0.0797,3360.0
Anomalia,0.0062,1.7046,4.3424,-4.1692,1.7046,0.0829,-0.2693,3360.0
Anomalia,0.0214,1.3441,3.8637,-3.1112,1.3443,0.1282,0.0673,3360.0
Anomalia,0.0237,1.0512,2.9288,-3.1112,1.0515,0.0148,0.9714,3360.0
Anomalia,0.0191,0.5698,1.4886,-1.1852,0.5702,0.0386,-0.2276,3360.0
Anomalia,0.012,0.3953,1.0609,-1.0926,0.3955,-0.0293,0.2287,2880.0
Anomalia,0.0226,0.2637,0.4804,-0.5609,0.2647,-0.1503,-1.0467,2880.0
Anomalia,0.0279,1.1447,4.0945,-4.1274,1.145,-0.0942,4.6251,2880.0
Anomalia,-0.0271,1.3331,4.0945,-4.1274,1.3334,-0.0546,1.6913,3360.0
Anomalia,0.0319,1.5335,4.0945,-4.1274,1.5338,-0.0618,0.1975,3360.0
Anomalia,-0.0007,1.5745,4.0945,-4.1274,1.5745,-0.0024,-0.1051,3360.0
Anomalia,-0.0026,1.1268,2.9401,-2.7774,1.1268,0.0252,-0.0562,3360.0
Anomalia,0.0505,0.8936,2.9401,-2.7774,0.895,0.2045,1.6238,3360.0
Anomalia,-0.0126,0.4888,1.1773,-1.2578,0.489,-0.0106,-0.1148,3600.0
Anomalia,0.0164,0.344,1.0058,-0.901,0.3444,0.0176,-0.123,2880.0
Anomalia,0.0029,0.2626,0.5455,-0.5797,0.2626,-0.1189,-0.4558,2880.0
Anomalia,-0.0295,0.942,3.5561,-3.5244,0.9425,-0.1631,5.3085,3120.0
Anomalia,0.0256,1.1643,3.5561,-3.5244,1.1646,0.0487,2.1806,3120.0
Anomalia,0.0011,1.4071,3.5561,-3.5244,1.4071,0.0805,0.1458,3360.0
Anomalia,0.02,1.4427,3.5561,-3.5244,1.4428,0.0387,-0.1399,3360.0
Anomalia,0.0478,1.1388,3.367,-2.7986,1.1398,0.181,0.4527,3360.0
Anomalia,0.0001,0.9066,2.6188,-2.6613,0.9066,0.0796,1.3,3360.0
Anomalia,0.0195,0.4393,1.0458,-1.1084,0.4397,-0.0363,-0.1976,3360.0
Anomalia,0.011,0.3199,0.861,-0.901,0.3201,-0.1397,0.1516,2880.0
Anomalia,0.0104,0.2471,0.5851,-0.5784,0.2474,-0.0519,-0.5874,2880.0
Anomalia,-0.0429,1.2153,4.877,-4.5652,1.2161,-0.1605,6.2366,2880.0
Anomalia,0.0286,1.4856,4.877,-4.5652,1.4859,0.129,2.5591,2880.0
Anomalia,-0.0014,1.7638,4.877,-4.5652,1.7638,0.1075,0.4216,3360.0
Anomalia,0.0273,1.8067,4.877,-4.5652,1.8069,0.0583,0.1196,3360.0
Anomalia,0.0682,1.4002,4.3378,-3.1659,1.4018,0.2499,0.3791,3360.0
Anomalia,-0.0032,1.1204,3.261,-3.1659,1.1204,0.007,1.0059,3360.0
Anomalia,0.0147,0.6081,1.3734,-1.3167,0.6083,0.048,-0.4649,3600.0
Anomalia,-0.0093,0.4934,1.3734,-1.2683,0.4935,0.0002,-0.0136,2880.0
Anomalia,0.0152,0.3419,0.7028,-0.694,0.3422,-0.1079,-0.9148,2880.0
Anomalia,0.0046,1.11,4.7217,-4.7476,1.11,0.1321,6.8263,2880.0
Anomalia,0.0476,1.5431,4.7217,-4.768,1.5439,0.0431,2.1159,3360.0
Anomalia,0.0139,1.8745,4.7217,-4.768,1.8746,0.0354,0.1078,3360.0
Anomalia,0.0169,1.9301,4.7217,-4.768,1.9301,0.0307,-0.2115,3360.0
Anomalia,0.0254,1.647,4.6236,-4.768,1.6472,-0.0005,0.2545,3360.0
Anomalia,-0.0189,1.2541,3.5361,-3.6825,1.2543,-0.0036,0.9637,3360.0
Anomalia,0.0137,0.6452,1.6906,-1.5959,0.6454,0.0137,-0.2003,3360.0
Anomalia,0.0035,0.4544,1.2791,-1.2987,0.4544,-0.1415,0.6736,2880.0
Anomalia,-0.0065,0.2858,0.7241,-0.7441,0.2859,-0.1205,-0.3005,2880.0
Anomalia,-0.0113,0.8567,3.3345,-3.1997,0.8568,-0.1747,5.9941,2880.0
Anomalia,0.0279,1.042,3.3345,-3.1997,1.0424,-0.0016,2.1077,3360.0
Anomalia,-0.0027,1.2165,3.3345,-3.1997,1.2165,0.0507,0.3194,3360.0
Anomalia,0.0211,1.2569,3.3345,-3.1997,1.2571,-0.0036,-0.0596,3360.0
Anomalia,0.0309,0.9711,2.5912,-2.11,0.9716,0.1523,-0.1887,3360.0
Anomalia,-0.0045,0.7763,2.3588,-2.11,0.7763,0.0286,0.7201,3360.0
Anomalia,0.0109,0.4653,1.0083,-1.0079,0.4654,0.0442,-0.6663,3360.0
Anomalia,0.0088,0.3439,0.8893,-0.8146,0.344,-0.0748,-0.401,2880.0
Anomalia,0.0055,0.264,0.5822,-0.5263,0.2641,-0.1133,-0.7537,2880.0
Anomalia,0.009,0.7873,3.2322,-3.0962,0.7873,0.1718,6.0833,2880.0
Anomalia,0.0403,1.0507,3.2322,-3.1809,1.0515,0.0691,2.2609,2880.0
Anomalia,0.0063,1.2842,3.2322,-3.1809,1.2843,0.0611,0.1704,3360.0
Anomalia,0.0155,1.3138,3.2322,-3.1809,1.3139,0.0357,-0.091,3360.0
Anomalia,0.007,1.1055,3.1546,-3.1809,1.1055,0.0274,0.5019,3360.0
Anomalia,-0.0155,0.8593,2.5503,-2.4406,0.8595,-0.0229,1.1956,3360.0
Anomalia,0.0134,0.469,1.0942,-0.9131,0.4692,-0.0007,-0.8076,3360.0
Anomalia,0.0131,0.3823,1.0942,-0.9127,0.3825,0.0499,-0.217,2880.0
Anomalia,0.007,0.291,0.6761,-0.5884,0.291,0.0581,-0.6405,2880.0
Anomalia,0.0457,0.8839,4.0331,-3.4376,0.8851,0.6498,7.4705,2880.0
Anomalia,0.0105,1.2744,4.0331,-4.0853,1.2744,-0.0304,2.5894,3360.0
Anomalia,0.0238,1.5473,4.0331,-4.0853,1.5475,-0.0296,0.2867,3360.0
Anomalia,0.0093,1.6012,4.0331,-4.0853,1.6012,-0.0112,-0.1006,3360.0
Anomalia,-0.0071,1.4063,3.6984,-4.0853,1.4064,-0.1646,0.2468,3360.0
Anomalia,-0.0028,1.058,2.8571,-2.898,1.058,0.0565,0.5514,3360.0
Anomalia,0.0014,0.5986,1.4168,-1.5554,0.5986,-0.0476,-0.2402,3360.0
Anomalia,0.0165,0.4753,1.2624,-1.0834,0.4756,0.137,-0.0909,2880.0
Anomalia,-0.0051,0.311,0.7975,-0.7328,0.311,0.0217,-0.3681,2880.0
Anomalia,0.0818,1.0088,4.7818,-3.7618,1.0121,0.9549,8.2717,2880.0
Anomalia,-0.0109,1.453,4.7818,-4.7351,1.453,0.1296,2.7191,2880.0
Anomalia,0.0252,1.7741,4.7818,-4.7351,1.7742,0.0454,0.3467,3360.0
Anomalia,0.001,1.836,4.7818,-4.7351,1.836,0.072,-0.0474,3360.0
Anomalia,-0.0572,1.6006,4.2752,-4.7351,1.6016,-0.079,0.2872,3360.0
Anomalia,0.027,1.2266,3.5069,-3.309,1.2269,0.008,0.6496,3360.0
Anomalia,-0.0078,0.6613,1.6322,-1.565,0.6613,-0.048,-0.1622,3600.0
Anomalia,0.0282,0.4717,1.335,-1.305,0.4726,-0.0547,0.5764,2880.0
Anomalia,0.0083,0.2909,0.7959,-0.7754,0.291,0.1788,0.0248,2880.0
Anomalia,0.0172,0.4664,2.0274,-1.815,0.4667,0.4672,6.3335,2880.0
Anomalia,-0.0098,0.6734,2.0274,-2.1155,0.6735,-0.0787,2.0594,3360.0
Anomalia,-0.0006,0.8469,2.0274,-2.1155,0.8469,-0.0079,0.0556,3360.0
Anomalia,0.0058,0.8692,2.0274,-2.1155,0.8692,-0.0288,-0.2265,3360.0
Anomalia,-0.0006,0.7741,1.8137,-2.1155,0.7741,-0.124,0.1915,3360.0
Anomalia,0.0264,0.6037,1.787,-1.7198,0.6043,0.0332,1.1258,3360.0
Anomalia,0.0121,0.3128,0.7858,-0.6185,0.313,0.0269,-0.9193,3600.0
Anomalia,0.0085,0.2718,0.5759,-0.5951,0.272,-0.0354,-0.7636,2880.0
Anomalia,0.0084,0.2792,0.5934,-0.5951,0.2793,-0.1147,-0.7881,2880.0
Anomalia,0.0393,0.8352,4.0106,-3.2268,0.8362,0.9047,8.4358,2880.0
Anomalia,-0.0107,1.2209,4.0106,-3.8328,1.2209,0.2301,2.7669,2880.0
Anomalia,0.0259,1.4705,4.0106,-3.8328,1.4707,0.0803,0.4316,2880.0
Anomalia,-0.008,1.4951,4.0106,-3.8328,1.4952,0.1371,0.2335,3360.0
Anomalia,-0.0153,1.3005,3.7059,-3.8328,1.3006,-0.049,0.6887,3360.0
Anomalia,0.0213,0.9522,2.8132,-2.7473,0.9525,-0.0092,1.1604,3360.0
Anomalia,0.0034,0.4875,1.1101,-1.1043,0.4875,0.0068,-0.5921,3360.0
Anomalia,0.0329,0.3915,1.1101,-0.9411,0.3928,0.1128,-0.1151,2880.0
Anomalia,-0.005,0.2733,0.6026,-0.5363,0.2734,0.0521,-0.874,2880.0
Anomalia,-0.0242,0.8143,3.3675,-3.9722,0.8147,-0.897,9.7121,3120.0
Anomalia,0.0153,1.5709,4.8181,-5.0268,1.571,-0.0335,2.324,3120.0
Anomalia,-0.0323,1.8801,4.8181,-5.0268,1.8804,0.0392,0.3316,3360.0
Anomalia,0.0419,1.9895,4.8181,-5.0268,1.99,-0.0322,-0.2348,3360.0
Anomalia,0.0433,1.8825,4.8181,-5.0268,1.883,0.0443,0.0129,3360.0
Anomalia,0.0044,1.3306,3.8257,-3.6037,1.3306,0.094,0.5631,3360.0
Anomalia,0.0391,0.8363,2.8834,-2.1985,0.8373,0.3887,0.9411,3360.0
Anomalia,-0.0127,0.5275,1.3981,-1.3455,0.5277,-0.0234,0.4536,2880.0
Anomalia,0.0141,0.3251,0.8918,-0.7479,0.3254,0.1591,-0.2212,2880.0
Anomalia,-0.0249,0.6368,2.5132,-3.0632,0.6373,-0.942,8.7063,2880.0
Anomalia,0.0172,1.068,3.6162,-3.4238,1.0682,0.0139,2.7453,3360.0
Anomalia,0.0024,1.2822,3.6162,-3.4238,1.2822,0.0439,0.4342,3360.0
Anomalia,0.0226,1.328,3.6162,-3.4238,1.3282,0.0044,0.0225,3360.0
Anomalia,0.0363,1.2212,3.6162,-3.4238,1.2217,0.1291,0.3558,3360.0
Anomalia,0.0054,0.8702,2.4314,-2.3137,0.8702,0.0565,0.4511,3360.0
Anomalia,0.0125,0.5066,1.2236,-1.1197,0.5068,0.0699,-0.3447,3600.0
Anomalia,0.0012,0.366,0.8885,-0.9261,0.366,-0.1188,-0.2648,3600.0
Anomalia,0.0146,0.2542,0.525,-0.5283,0.2546,-0.0131,-0.8531,2880.0
Anomalia,-0.0086,0.6315,2.7673,-3.1696,0.6315,-0.7451,10.522,2880.0
Anomalia,0.0236,1.2268,3.8219,-3.8608,1.2271,0.0277,2.639,3120.0
Anomalia,0.0022,1.4755,3.8219,-3.8608,1.4755,0.0477,0.4597,3360.0
Anomalia,0.0282,1.5273,3.8219,-3.8608,1.5276,0.0052,0.0514,3360.0
Anomalia,0.0412,1.4459,3.8219,-3.8608,1.4465,0.0505,0.3192,3360.0
Anomalia,0.0034,0.9998,2.7995,-2.8813,0.9998,0.0421,0.9348,3360.0
Anomalia,0.0144,0.5648,1.6827,-1.5112,0.565,0.1386,0.095,3600.0
Anomalia,-0.0086,0.4039,1.0667,-1.1994,0.404,-0.0749,0.6142,2880.0
Anomalia,-0.0005,0.2571,0.5968,-0.7241,0.2571,-0.3031,-0.269,2880.0
Anomalia,0.0099,0.6721,3.3958,-3.751,0.6722,0.0371,13.7812,2880.0
Anomalia,0.0241,1.4466,4.8302,-4.6382,1.4468,0.1379,3.1297,2880.0
Anomalia,0.0207,1.7038,4.8302,-4.6382,1.7039,0.1038,0.788,3360.0
Anomalia,0.0227,1.7858,4.8302,-4.6382,1.786,0.0804,0.2098,3360.0
Anomalia,0.0015,1.7244,4.8302,-4.6382,1.7244,0.1182,0.3394,3360.0
Anomalia,0.0167,1.1656,3.155,-3.1091,1.1657,0.014,0.293,3360.0
Anomalia,0.0024,0.7478,2.0149,-2.3734,0.7478,-0.1022,0.2082,3360.0
Anomalia,0.0105,0.543,1.2954,-1.4678,0.5431,-0.1473,0.2937,2880.0
Anomalia,0.0217,0.3515,0.8664,-0.8718,0.3522,0.1122,-0.4728,2880.0
Anomalia,-0.0285,0.7593,3.1538,-4.1316,0.7599,-0.9936,10.9644,2880.0
Anomalia,0.023,1.5385,5.1274,-5.0284,1.5387,0.02,2.9279,3360.0
Anomalia,-0.0071,1.8539,5.1274,-5.0284,1.8539,0.0463,0.5516,3360.0
Anomalia,0.0259,1.947,5.1274,-5.0284,1.9471,0.0013,-0.0018,3360.0
Anomalia,0.034,1.87,5.1274,-5.0284,1.8703,0.0647,0.1574,3360.0
Anomalia,0.011,1.3224,3.4789,-3.5882,1.3224,0.0076,0.3301,3360.0
Anomalia,0.0167,0.8249,2.4009,-2.4439,0.8251,0.0751,0.165,3600.0
Anomalia,-0.0067,0.5622,1.4523,-1.4235,0.5622,0.0192,0.104,2880.0
Anomalia,0.0072,0.3548,0.969,-0.8146,0.3549,0.091,-0.1781,2880.0
Anomalia,-0.0093,0.3461,0.8998,-1.1439,0.3462,-0.4286,0.7205,2880.0
Anomalia,0.0168,0.4168,1.2533,-1.1894,0.4171,-0.161,1.025,3360.0
Anomalia,0.0094,0.5056,1.2533,-1.1894,0.5056,-0.0804,-0.1082,3360.0
Anomalia,0.0098,0.5122,1.2533,-1.1894,0.5123,-0.091,-0.2446,3360.0
Anomalia,0.0208,0.4705,1.2533,-1.1894,0.471,-0.0089,0.0695,3360.0
Anomalia,0.001,0.3856,1.0508,-1.04,0.3856,-0.0151,0.413,2880.0
Anomalia,0.015,0.2491,0.4854,-0.5233,0.2495,-0.1483,-1.1793,3360.0
Anomalia,0.0134,0.2931,0.7416,-0.5621,0.2934,0.0662,-0.8612,2880.0
Anomalia,0.0089,0.293,0.7416,-0.5621,0.2931,0.0406,-0.8135,3360.0
Anomalia,0.0411,0.5296,2.8683,-1.7603,0.5312,1.4915,9.2906,3120.0
Anomalia,0.0076,1.2601,4.1237,-3.973,1.2602,0.1208,2.8658,3120.0
Anomalia,0.0291,1.4728,4.1237,-3.973,1.4731,0.0609,0.7677,3360.0
Anomalia,0.0043,1.5271,4.1237,-3.973,1.5272,0.0877,0.3072,3360.0
Anomalia,-0.0089,1.488,4.1237,-3.973,1.4881,0.0474,0.4803,3360.0
Anomalia,0.0151,0.9578,2.8287,-2.6129,0.9579,0.0388,0.8808,3360.0
Anomalia,-0.0135,0.5601,1.3864,-1.6593,0.5603,-0.1422,0.0254,3600.0
Anomalia,0.0106,0.3961,1.0129,-0.8994,0.3962,-0.0116,-0.2428,2880.0
Anomalia,0.0026,0.2556,0.6565,-0.6081,0.2556,-0.0979,-0.3959,2880.0
Anomalia,-0.001,0.4151,2.6897,-1.7557,0.4151,0.817,13.2399,3120.0
Anomalia,0.0358,1.2905,4.1704,-4.0231,1.291,0.1131,2.8146,3120.0
Anomalia,0.008,1.5167,4.1704,-4.0231,1.5167,0.0797,0.7774,3360.0
Anomalia,0.0083,1.677,4.1704,-4.0231,1.677,0.0657,-0.1884,3360.0
Anomalia,0.0121,1.6787,4.1704,-4.0231,1.6787,0.0451,-0.2457,3360.0
Anomalia,-0.0109,1.1591,3.1479,-3.2156,1.1592,0.0006,0.4354,3360.0
Anomalia,0.0161,0.8405,2.9722,-2.7481,0.8406,0.0178,1.7581,3360.0
Anomalia,0.0092,0.4498,1.0095,-1.1114,0.4499,-0.0854,0.163,2880.0
Anomalia,0.0109,0.3126,0.8134,-0.7829,0.3128,-0.0164,-0.594,2880.0
Anomalia,0.0421,0.5245,2.7853,-1.8951,0.5262,1.3801,10.0108,2880.0
Anomalia,-0.0044,1.1915,4.0857,-3.8428,1.1915,0.0177,3.0346,3120.0
Anomalia,0.0274,1.4258,4.0857,-3.8428,1.426,-0.0245,0.5857,3360.0
Anomalia,-0.0041,1.4835,4.0857,-3.8428,1.4835,0.0184,0.117,3360.0
Anomalia,-0.0186,1.4446,4.0857,-3.8428,1.4447,-0.0228,0.2471,3360.0
Anomalia,0.0257,0.9781,2.6108,-2.5691,0.9784,-0.0345,0.2945,3360.0
Anomalia,-0.0122,0.5891,1.2983,-1.7102,0.5893,-0.1576,-0.0219,3360.0
Anomalia,0.0195,0.4079,1.012,-0.9903,0.4083,0.1061,-0.1859,2880.0
Anomalia,-0.0088,0.2658,0.6882,-0.5642,0.266,0.1643,-0.4057,2880.0
Anomalia,-0.0214,0.3561,0.896,-1.7995,0.3568,-1.6722,7.4475,3120.0
Anomalia,0.0227,1.2055,3.7835,-3.7856,1.2057,0.0065,2.6937,3120.0
Anomalia,-0.018,1.3711,3.7835,-3.7856,1.3712,0.0154,0.961,3360.0
Anomalia,0.0198,1.4887,3.7835,-3.7856,1.4888,0.009,0.1103,3360.0
Anomalia,0.0246,1.5025,3.7835,-3.7856,1.5027,0.0177,-0.0154,3360.0
Anomalia,-0.0139,0.9682,2.6981,-2.7966,0.9683,0.0825,0.8391,3360.0
Anomalia,0.0327,0.7193,2.6981,-2.158,0.72,0.4233,2.1644,3360.0
Anomalia,0.0055,0.4281,1.1055,-1.2958,0.4281,-0.2115,0.6063,3360.0
Anomalia,0.0156,0.2932,0.7182,-0.7086,0.2936,-0.0586,-0.5185,2880.0
Anomalia,-0.0168,0.3845,0.621,-1.9051,0.3849,-1.7621,5.9411,2880.0
Anomalia,0.0154,1.3831,4.6007,-4.4496,1.3831,0.1008,3.1717,2880.0
Anomalia,-0.0286,1.601,4.6007,-4.4496,1.6013,0.0998,1.0468,3360.0
Anomalia,0.0267,1.7006,4.6007,-4.4496,1.7008,0.04,0.3065,3360.0
Anomalia,0.0394,1.7223,4.6007,-4.4496,1.7228,0.0339,0.1363,3360.0
Anomalia,-0.0085,1.1071,3.0837,-2.9288,1.1071,0.0731,0.5142,3360.0
Anomalia,0.043,0.772,2.6309,-2.0245,0.7732,0.3451,0.6529,3360.0
Anomalia,-0.0191,0.5292,1.2603,-1.1719,0.5296,0.0546,-0.3793,3600.0
Anomalia,0.0162,0.3747,1.06,-0.8605,0.3751,0.046,-0.3696,2880.0
Anomalia,0.0084,0.4144,0.8301,-2.11,0.4144,-1.5009,5.9273,2880.0
Anomalia,0.0027,1.5192,4.9087,-5.0364,1.5192,0.08,3.2465,3120.0
Anomalia,-0.0079,1.7816,4.9087,-5.0364,1.7816,0.043,0.9876,3360.0
Anomalia,0.0151,1.995,4.9087,-5.0364,1.9951,0.0531,-0.1182,3360.0
Anomalia,0.0053,2.0241,4.9087,-5.0364,2.0241,0.074,-0.2792,3360.0
Anomalia,0.0214,1.4145,3.6767,-3.7293,1.4146,0.0599,0.1694,3360.0
Anomalia,0.0345,1.0607,3.6767,-3.1338,1.0612,0.2643,1.5518,3360.0
Anomalia,0.0056,0.5568,1.3997,-1.3083,0.5568,-0.0567,0.0839,2880.0
Anomalia,0.0194,0.3762,1.184,-0.8647,0.3767,0.2587,0.2126,2880.0
Anomalia,-0.0109,0.3379,0.8,-1.275,0.3381,-0.7705,1.4354,2880.0
Anomalia,0.0104,0.897,3.0282,-2.8308,0.897,-0.0362,2.9374,2880.0
Anomalia,-0.0193,1.0661,3.0282,-2.8308,1.0663,0.0278,0.7059,3360.0
Anomalia,0.0242,1.1359,3.0282,-2.8308,1.1362,-0.0357,0.0314,3360.0
Anomalia,0.0163,1.1521,3.0282,-2.8308,1.1522,0.0017,-0.137,3360.0
Anomalia,0.0089,0.7957,2.1706,-2.0575,0.7958,0.0489,0.1366,3360.0
Anomalia,0.0284,0.5498,1.8242,-1.353,0.5505,0.2762,0.3715,3360.0
Anomalia,-0.0043,0.3752,0.8743,-0.8514,0.3752,0.0564,-0.3772,3360.0
Anomalia,0.0122,0.2768,0.7554,-0.5905,0.2771,0.1868,-0.6939,2880.0
Anomalia,-0.012,0.3334,0.7712,-1.7282,0.3336,-1.5919,6.3011,2880.0
Anomalia,0.0074,1.0266,3.3115,-3.216,1.0266,0.0596,2.8831,2880.0
Anomalia,-0.0134,1.2135,3.3115,-3.216,1.2136,0.0226,0.8031,3360.0
Anomalia,0.021,1.2913,3.3115,-3.216,1.2915,0.0005,0.1207,3360.0
Anomalia,0.0177,1.3017,3.3115,-3.216,1.3018,0.0337,-0.0013,3360.0
Anomalia,0.0067,0.8736,2.4823,-2.4243,0.8736,0.0023,0.7826,3360.0
Anomalia,0.0362,0.5861,2.1326,-1.4991,0.5872,0.4258,1.0632,3360.0
Anomalia,-0.0,0.3924,0.919,-0.9277,0.3924,-0.0181,-0.4339,2880.0
Anomalia,0.0193,0.2657,0.6665,-0.5951,0.2664,0.0617,-0.6261,2880.0
Anomalia,0.0109,0.2896,0.6256,-1.7303,0.2898,-1.5651,7.6022,2880.0
Anomalia,-0.0305,1.3084,4.3645,-4.4943,1.3087,-0.0438,3.6542,2880.0
Anomalia,0.0175,1.5065,4.3645,-4.4943,1.5066,-0.0251,1.3403,3360.0
Anomalia,0.0059,1.6893,4.3645,-4.4943,1.6893,-0.011,0.0895,3360.0
Anomalia,0.015,1.7368,4.3645,-4.4943,1.7368,-0.015,-0.2152,3360.0
Anomalia,0.0537,1.1994,3.0298,-3.0061,1.2006,0.0315,-0.1444,3360.0
Anomalia,-0.0003,0.9415,2.9472,-3.0061,0.9415,-0.0052,0.9631,3360.0
Anomalia,0.0116,0.5909,1.434,-1.227,0.591,0.1173,-0.3398,3360.0
Anomalia,0.0061,0.4124,1.2311,-1.0963,0.4125,0.1574,0.0478,2880.0
Anomalia,0.0103,0.3412,0.8088,-0.7424,0.3414,0.0244,-0.802,2880.0
Anomalia,-0.0142,1.4022,4.7793,-4.7609,1.4022,0.1391,3.5356,2880.0
Anomalia,0.0422,1.6159,4.7793,-4.7609,1.6164,0.098,1.311,3360.0
Anomalia,0.0011,1.8187,4.7793,-4.7609,1.8187,0.0777,0.0777,3360.0
Anomalia,0.0075,1.8613,4.7793,-4.7609,1.8613,0.0673,-0.1788,3360.0
Anomalia,0.0469,1.291,3.4551,-3.37,1.2918,-0.0084,0.1339,3360.0
Anomalia,-0.0202,1.0057,3.1338,-3.37,1.0059,-0.1738,1.3577,3360.0
Anomalia,0.0209,0.5757,1.4431,-1.3179,0.5761,0.048,-0.3111,3600.0
Anomalia,0.0053,0.4056,1.131,-1.3179,0.4057,-0.0979,0.3969,2880.0
Anomalia,0.008,0.3054,0.8088,-0.775,0.3055,-0.0467,0.1174,2880.0
Anomalia,0.0059,0.7314,2.4205,-2.2578,0.7314,0.103,2.8582,2880.0
Anomalia,0.0279,0.8413,2.4205,-2.2578,0.8417,0.0994,1.0583,3360.0
Anomalia,0.0042,0.9647,2.4205,-2.2578,0.9647,0.0725,-0.0966,3360.0
Anomalia,0.0114,0.9875,2.4205,-2.2578,0.9876,0.0504,-0.3416,3360.0
Anomalia,0.0206,0.7224,1.9164,-1.9005,0.7227,0.0072,0.1952,3360.0
Anomalia,-0.0071,0.5753,1.8446,-1.9005,0.5754,-0.1544,1.5584,3360.0
Anomalia,0.0072,0.3429,0.7554,-0.6665,0.343,0.0328,-0.9563,3360.0
Anomalia,0.0029,0.2797,0.5968,-0.6665,0.2798,-0.0787,-0.7641,3360.0
Anomalia,0.0181,0.2627,0.6974,-0.4653,0.2633,0.1758,-0.7713,2880.0
Anomalia,0.0139,1.1894,4.0928,-3.7502,1.1895,0.1714,3.4704,2880.0
Anomalia,0.0537,1.3982,4.0928,-3.7502,1.3992,0.0892,1.161,3360.0
Anomalia,-0.0058,1.5242,4.0928,-3.7502,1.5242,0.1143,0.2147,3360.0
Anomalia,0.0031,1.5503,4.0928,-3.7502,1.5503,0.0948,0.0119,3360.0
Anomalia,0.0146,1.0452,3.0724,-2.8316,1.0453,-0.012,0.7427,3360.0
Anomalia,-0.0232,0.74,2.2523,-2.7068,0.7403,-0.3452,1.7805,3360.0
Anomalia,0.0325,0.4531,1.0554,-0.9624,0.4543,-0.0026,-0.6132,3600.0
Anomalia,0.0052,0.3392,0.8756,-0.9135,0.3392,0.0181,-0.226,2880.0
Anomalia,-0.0045,0.2665,0.7011,-0.5655,0.2665,0.2003,-0.3327,2880.0
Anomalia,0.0528,1.2839,4.4321,-4.6211,1.285,0.1606,4.4702,3120.0
Anomalia,-0.0216,1.5024,4.4321,-4.6211,1.5026,0.0675,1.7266,3360.0
Anomalia,0.0323,1.8058,4.4321,-4.6211,1.806,0.0151,-0.054,3360.0
Anomalia,0.0119,1.8604,4.4321,-4.6211,1.8604,0.0384,-0.3621,3360.0
Anomalia,-0.0307,1.3983,3.4739,-3.4576,1.3986,-0.0141,-0.0458,3360.0
Anomalia,0.0308,1.1597,3.4739,-3.4088,1.1601,0.1074,1.207,3360.0
Anomalia,-0.0118,0.5771,1.338,-1.3321,0.5772,-0.0926,0.1449,3600.0
Anomalia,0.0205,0.4196,1.224,-1.2324,0.4201,-0.0134,0.5577,2880.0
Anomalia,0.0141,0.3099,0.7662,-0.7082,0.3102,-0.0732,-0.0706,2880.0
Anomalia,0.0382,0.9886,3.5548,-3.2777,0.9893,0.043,3.867,3360.0
Anomalia,0.0105,1.1457,3.5548,-3.2777,1.1457,0.0201,1.2994,3360.0
Anomalia,0.0059,1.2321,3.5548,-3.2777,1.2321,0.0179,0.4748,3360.0
Anomalia,0.006,1.2557,3.5548,-3.2777,1.2557,0.0161,0.233,3360.0
Anomalia,-0.0187,0.827,2.1347,-2.1071,0.8272,-0.0913,0.1701,3360.0
Anomalia,0.0061,0.6088,2.1347,-2.1071,0.6089,-0.0576,1.7843,3360.0
Anomalia,0.0127,0.3607,0.8009,-0.8334,0.3609,-0.0767,-0.5138,3600.0
Anomalia,0.0168,0.2644,0.5843,-0.611,0.2649,-0.0688,-0.6309,2880.0
Anomalia,0.0117,0.2313,0.5843,-0.5755,0.2316,0.0784,-0.4364,2880.0
Anomalia,0.0219,1.0791,3.8098,-3.7063,1.0794,0.1613,4.5101,3120.0
Anomalia,-0.0276,1.2652,3.8098,-3.7063,1.2655,0.0905,1.7681,3360.0
Anomalia,0.0183,1.488,3.8098,-3.7063,1.4881,0.0398,0.112,3360.0
Anomalia,0.0041,1.5266,3.8098,-3.7063,1.5266,0.0581,-0.1727,3360.0
Anomalia,0.0047,1.1246,2.9142,-2.89,1.1246,-0.0307,0.2526,3360.0
Anomalia,0.0396,0.9187,2.7945,-2.89,0.9195,0.1273,1.4748,3360.0
Anomalia,-0.0031,0.4801,1.0696,-1.1143,0.4802,-0.0065,-0.2658,3360.0
Anomalia,0.0171,0.3457,1.0696,-0.962,0.3461,0.2192,0.7173,2880.0
Anomalia,0.0093,0.2405,0.649,-0.649,0.2406,-0.2199,0.1964,2880.0
Anomalia,0.0309,1.1285,4.2856,-3.8774,1.1289,0.253,5.179,2880.0
Anomalia,-0.0201,1.3409,4.2856,-3.8774,1.341,0.186,2.0536,3360.0
Anomalia,0.0255,1.5562,4.2856,-3.8774,1.5564,0.0995,0.2902,3360.0
Anomalia,0.0013,1.6036,4.2856,-3.8774,1.6036,0.1286,-0.053,3360.0
Anomalia,-0.0022,1.1982,3.5991,-2.8212,1.1982,0.045,0.0482,3360.0
Anomalia,0.0436,0.9625,2.8291,-2.8212,0.9635,0.0982,0.815,3360.0
Anomalia,0.0052,0.5683,1.2157,-1.2528,0.5684,-0.0878,-0.4649,3360.0
Anomalia,0.0248,0.4386,1.2157,-1.2528,0.4393,-0.0575,0.2853,2880.0
Anomalia,0.0186,0.3117,0.6039,-0.5868,0.3123,-0.1036,-1.0707,2880.0
Anomalia,0.0291,1.3939,5.0835,-5.2217,1.3942,0.1173,5.3238,2880.0
Anomalia,-0.0283,1.653,5.0835,-5.2217,1.6532,0.0562,1.9818,3360.0
Anomalia,0.0239,1.9322,5.0835,-5.2217,1.9324,0.0184,0.2299,3360.0
Anomalia,-0.0004,1.971,5.0835,-5.2217,1.971,0.0501,-0.0033,3360.0
Anomalia,-0.0065,1.4495,3.7539,-3.6254,1.4495,-0.0188,0.1363,3360.0
Anomalia,0.0485,1.1572,3.554,-3.6254,1.1583,0.1117,1.5225,3360.0
Anomalia,-0.0057,0.5814,1.2608,-1.3092,0.5814,-0.0291,-0.4401,3600.0
Anomalia,0.0155,0.4456,1.2203,-1.2119,0.4458,0.0152,-0.0439,2880.0
Anomalia,0.0101,0.3375,0.8856,-0.8743,0.3376,-0.0396,-0.0395,2880.0
Anomalia,0.0216,0.4721,1.5011,-1.4181,0.4725,0.0152,1.6118,2880.0
Anomalia,0.003,0.529,1.5011,-1.4181,0.529,0.0002,0.515,3360.0
Anomalia,0.0182,0.5717,1.5011,-1.4181,0.572,0.0005,0.0262,3360.0
Anomalia,0.0149,0.579,1.5011,-1.4181,0.5792,0.0155,-0.1143,3360.0
Anomalia,-0.0017,0.4228,1.1669,-1.0533,0.4228,0.0487,0.2986,3360.0
Anomalia,0.0243,0.3259,1.1669,-1.0079,0.3268,0.2555,1.8909,3360.0
Anomalia,0.006,0.2229,0.4937,-0.5033,0.223,-0.0227,-0.9043,3600.0
Anomalia,0.0116,0.2278,0.4937,-0.5033,0.2281,-0.0252,-0.653,2880.0
Anomalia,0.0081,0.2343,0.4937,-0.5033,0.2345,-0.0236,-0.6214,3360.0
Anomalia,-0.0383,1.0478,4.0548,-3.8921,1.0485,-0.1123,5.5118,3120.0
Anomalia,0.0177,1.2864,4.0548,-3.8921,1.2865,0.1471,2.2176,2880.0
Anomalia,0.0108,1.5029,4.0548,-3.8921,1.503,0.1101,0.394,3360.0
Anomalia,0.0239,1.5352,4.0548,-3.8921,1.5354,0.0788,0.1285,3360.0
Anomalia,0.068,1.1755,3.7159,-2.683,1.1775,0.2633,0.6841,3360.0
Anomalia,0.0014,0.9194,2.9013,-2.683,0.9194,0.0608,1.4386,3360.0
Anomalia,0.005,0.4919,1.1347,-1.0483,0.4919,-0.0037,-0.4722,3600.0
Anomalia,0.0088,0.3727,1.0588,-1.0483,0.3728,-0.1076,0.6036,2880.0
Anomalia,0.0062,0.2576,0.6439,-0.6068,0.2576,-0.0987,-0.45,2880.0
Anomalia,0.0151,0.9511,4.0648,-3.9501,0.9513,0.1131,7.5435,2880.0
Anomalia,0.0421,1.2537,4.0648,-3.9501,1.2544,0.0815,2.4539,3360.0
Anomalia,0.0,1.5192,4.0648,-3.9501,1.5192,0.0925,0.2327,3360.0
Anomalia,0.0249,1.5688,4.0648,-3.9501,1.569,0.0463,-0.1351,3360.0
Anomalia,0.0141,1.3058,3.6087,-3.4564,1.3058,0.0638,0.0361,3360.0
Anomalia,-0.0072,1.0234,2.8304,-2.845,1.0235,0.0158,0.6087,3360.0
Anomalia,0.0279,0.5644,1.2637,-1.1402,0.5651,0.0069,-0.4862,3360.0
Anomalia,-0.0001,0.4156,1.07,-1.1064,0.4156,-0.1472,0.3168,2880.0
Anomalia,0.0138,0.2747,0.573,-0.5613,0.275,-0.0838,-0.9319,2880.0
Anomalia,-0.039,1.0125,3.9651,-3.8674,1.0133,-0.2086,5.9765,2880.0
Anomalia,0.0294,1.2408,3.9651,-3.8674,1.2411,0.0196,2.0584,3360.0
Anomalia,-0.0023,1.4624,3.9651,-3.8674,1.4624,0.0326,0.2486,3360.0
Anomalia,0.0227,1.5084,3.9651,-3.8674,1.5085,-0.0115,-0.1013,3360.0
Anomalia,0.0584,1.1662,3.2039,-2.6317,1.1677,0.1293,-0.0266,3360.0
Anomalia,-0.01,0.9229,2.8687,-2.6317,0.923,-0.0513,1.2031,3360.0
Anomalia,0.0182,0.5085,1.2603,-1.2687,0.5088,0.0413,-0.0805,3600.0
Anomalia,-0.0009,0.3388,0.916,-0.9532,0.3388,-0.2004,0.3828,2880.0
Anomalia,0.0074,0.2322,0.5334,-0.4833,0.2323,0.0615,-0.6123,2880.0
Anomalia,0.0547,0.9329,4.1712,-3.5273,0.9345,0.732,7.2906,3120.0
Anomalia,0.0256,1.3266,4.1712,-4.0799,1.3268,0.0118,2.3886,3120.0
Anomalia,0.0253,1.6124,4.1712,-4.0799,1.6126,-0.0011,0.2009,3360.0
Anomalia,0.0126,1.6666,4.1712,-4.0799,1.6666,0.0122,-0.1667,3360.0
Anomalia,-0.0291,1.4286,3.8299,-4.0799,1.4289,-0.1342,0.3497,3360.0
Anomalia,0.004,1.0747,3.0661,-3.0565,1.0747,-0.0056,0.9344,3360.0
Anomalia,0.0093,0.564,1.2795,-1.5287,0.5641,-0.1708,0.0097,3360.0
Anomalia,0.0271,0.3929,1.1527,-1.136,0.3938,-0.0025,0.7257,2880.0
Anomalia,0.006,0.2846,0.6406,-0.5642,0.2846,0.2092,-0.8416,2880.0
Anomalia,0.0533,0.8902,4.0481,-3.3896,0.8918,0.9124,7.5448,2880.0
Anomalia,0.0031,1.2699,4.0481,-3.9346,1.27,0.1716,2.5367,2880.0
Anomalia,0.0141,1.4938,4.0481,-3.9346,1.4939,0.0926,0.457,2880.0
Anomalia,0.0171,1.5252,4.0481,-3.9346,1.5253,0.0793,0.1973,3360.0
Anomalia,-0.0227,1.3064,3.7844,-3.9346,1.3066,-0.1102,0.6467,3360.0
Anomalia,0.0064,0.9474,2.7569,-2.5916,0.9475,0.0243,0.7482,3360.0
Anomalia,0.0069,0.5289,1.151,-1.1176,0.5289,-0.0302,-0.5596,3360.0
Anomalia,0.0087,0.4447,1.1109,-1.0951,0.4448,-0.0535,-0.3067,2880.0
Anomalia,0.0066,0.3028,0.6151,-0.6803,0.3029,-0.1194,-0.8619,2880.0
Anomalia,0.055,0.9509,4.6508,-3.6058,0.9525,0.9859,8.8367,3120.0
Anomalia,-0.0087,1.4992,4.6508,-4.8845,1.4993,0.0959,2.4539,3360.0
Anomalia,0.033,1.8446,4.6508,-4.8845,1.8449,0.0205,0.1995,3360.0
Anomalia,-0.0072,1.9118,4.6508,-4.8845,1.9119,0.0658,-0.1865,3360.0
Anomalia,-0.0254,1.7301,4.5251,-4.8845,1.7303,-0.0709,0.1124,3360.0
Anomalia,0.0203,1.3016,3.6212,-3.5632,1.3018,0.0131,0.5867,3360.0
Anomalia,-0.0052,0.7127,1.6927,-1.9823,0.7127,-0.1551,-0.0766,3600.0
Anomalia,0.0304,0.5106,1.4824,-1.3768,0.5115,-0.0261,0.812,2880.0
Anomalia,0.0106,0.3158,0.9407,-0.8864,0.316,-0.1307,0.5863,2880.0
Anomalia,0.0565,0.7823,3.5803,-3.0586,0.7843,0.7436,7.8952,2880.0
Anomalia,-0.0078,1.0709,3.5803,-3.3399,1.0709,0.0877,2.5386,3360.0
Anomalia,0.0169,1.2665,3.5803,-3.3399,1.2666,0.0368,0.4104,3360.0
Anomalia,0.0039,1.303,3.5803,-3.3399,1.303,0.0606,0.0707,3360.0
Anomalia,-0.0219,1.098,2.8533,-3.3399,1.0982,-0.1614,0.2398,3360.0
Anomalia,0.0333,0.8246,2.3179,-2.1935,0.8253,0.032,0.4994,3360.0
Anomalia,0.0059,0.4843,0.992,-0.969,0.4843,0.0489,-0.6957,3360.0
Anomalia,0.0245,0.3839,0.9636,-0.8994,0.3847,0.0223,-0.3398,2880.0
Anomalia,-0.0006,0.276,0.603,-0.5613,0.276,-0.0525,-0.6543,2880.0
Anomalia,0.0453,0.6856,2.9443,-2.5407,0.6871,0.6212,5.8962,2880.0
Anomalia,-0.0041,0.9583,2.9443,-2.9343,0.9583,0.0752,2.3297,2880.0
Anomalia,0.0206,1.1915,2.9443,-2.9343,1.1917,0.0462,0.1222,3360.0
Anomalia,0.005,1.2171,2.9443,-2.9343,1.2171,0.0712,-0.1121,3360.0
Anomalia,-0.0222,1.0681,2.8867,-2.9343,1.0684,-0.0193,0.3611,3360.0
Anomalia,0.0213,0.8314,2.4927,-2.2106,0.8317,0.1118,0.9456,3360.0
Anomalia,0.0098,0.4354,0.9845,-1.035,0.4355,-0.055,-0.7267,3360.0
Anomalia,0.0225,0.3571,0.9845,-0.7975,0.3578,0.2025,-0.2683,2880.0
Anomalia,0.0112,0.2499,0.5283,-0.5058,0.2501,0.0466,-0.9313,2880.0
Anomalia,0.0222,0.8275,4.296,-3.6538,0.8278,0.2706,10.2274,2880.0
Anomalia,-0.0102,1.3608,4.296,-4.4129,1.3608,0.0605,2.7608,3360.0
Anomalia,0.0193,1.6339,4.296,-4.4129,1.634,0.0206,0.4374,3360.0
Anomalia,0.0068,1.7112,4.296,-4.4129,1.7113,0.0411,-0.0824,3360.0
Anomalia,0.0134,1.568,4.266,-4.4129,1.5681,-0.0006,0.1437,3360.0
Anomalia,0.0133,1.1408,3.0628,-3.0219,1.1409,0.0961,0.2328,3360.0
Anomalia,0.0024,0.7054,2.1451,-1.7524,0.7054,0.1285,-0.0602,3360.0
Anomalia,0.017,0.543,1.3263,-1.2186,0.5433,0.1354,-0.2648,2880.0
Anomalia,0.0093,0.3739,0.916,-0.7625,0.374,0.1771,-0.5774,2880.0
Anomalia,-0.0092,0.8051,3.0265,-3.7406,0.8052,-0.6802,7.5067,2880.0
Anomalia,0.0155,1.4189,4.7918,-4.5631,1.419,0.1132,2.7853,2880.0
Anomalia,-0.0052,1.7264,4.7918,-4.5631,1.7265,0.0871,0.4541,3360.0
Anomalia,0.0151,1.7947,4.7918,-4.5631,1.7947,0.0588,0.0021,3360.0
Anomalia,0.0378,1.6833,4.7918,-4.5631,1.6837,0.1154,0.3415,3360.0
Anomalia,0.0066,1.2224,3.3808,-3.3654,1.2224,0.0285,0.5399,3360.0
Anomalia,0.0225,0.6977,1.9252,-1.6226,0.6981,0.1591,-0.1759,3600.0
Anomalia,0.0058,0.5001,1.2971,-1.2512,0.5001,-0.0053,-0.0159,2880.0
Anomalia,0.0131,0.3186,0.8063,-0.7366,0.3189,-0.0179,-0.2801,2880.0
Anomalia,-0.0007,0.3935,1.401,-1.6255,0.3935,-0.4765,4.0995,2880.0
Anomalia,0.0173,0.6074,2.0057,-1.8567,0.6076,0.068,2.2032,2880.0
Anomalia,0.0052,0.7619,2.0057,-1.8567,0.762,0.1213,0.2059,3360.0
Anomalia,0.0277,0.7846,2.0057,-1.8567,0.7851,0.0418,-0.1285,3360.0
Anomalia,0.0245,0.7342,2.0057,-1.8567,0.7346,0.1522,0.1988,3360.0
Anomalia,0.012,0.5608,1.7186,-1.5383,0.561,0.1479,0.9753,3360.0
Anomalia,0.012,0.2999,0.77,-0.6431,0.3002,0.1515,-0.7537,3360.0
Anomalia,-0.0024,0.2708,0.548,-0.5642,0.2708,-0.0418,-0.8969,3360.0
Anomalia,0.0186,0.2429,0.548,-0.5642,0.2436,-0.1173,-0.679,2880.0
Anomalia,-0.0236,0.672,2.7748,-3.2848,0.6724,-0.9625,9.472,2880.0
Anomalia,0.0304,1.1898,3.9279,-3.8203,1.1902,0.0457,3.0821,2880.0
Anomalia,0.008,1.4526,3.9279,-3.8203,1.4526,0.0714,0.515,3360.0
Anomalia,0.0073,1.488,3.9279,-3.8203,1.488,0.0672,0.2109,3360.0
Anomalia,0.044,1.3774,3.9279,-3.8203,1.3781,0.1379,0.6534,3360.0
Anomalia,0.0017,0.9717,2.9656,-2.7264,0.9717,0.0848,1.0424,3360.0
Anomalia,0.0198,0.484,1.1973,-1.1185,0.4844,0.0521,-0.3056,3360.0
Anomalia,0.0221,0.3653,1.0859,-0.8426,0.366,0.2365,0.1842,2880.0
Anomalia,0.0124,0.2314,0.4966,-0.4937,0.2318,0.1007,-0.9284,2880.0
Anomalia,0.0495,0.5407,3.1655,-1.9189,0.543,1.9893,13.518,3120.0
Anomalia,-0.0057,1.4427,4.4033,-4.5961,1.4427,0.0485,2.4816,3120.0
Anomalia,0.036,1.7039,4.4033,-4.5961,1.7043,0.0457,0.5225,3360.0
Anomalia,0.0206,1.8367,4.4033,-4.5961,1.8368,0.0278,-0.2059,3360.0
Anomalia,-0.0144,1.8143,4.4033,-4.5961,1.8143,0.0296,-0.18,3360.0
Anomalia,0.0475,1.2439,3.592,-3.317,1.2448,0.0342,0.4535,3360.0
Anomalia,-0.014,0.8576,2.5962,-2.9305,0.8577,-0.1937,1.2467,3600.0
Anomalia,0.0128,0.5129,1.28,-1.315,0.513,-0.031,0.3342,2880.0
Anomalia,0.0063,0.3476,0.8643,-0.8071,0.3476,-0.0735,-0.2731,2880.0
Anomalia,0.0005,0.5092,2.3104,-2.61,0.5092,0.1195,7.8895,2880.0
Anomalia,0.0218,0.9704,3.3821,-2.999,0.9706,0.0779,2.8629,3360.0
Anomalia,0.0163,1.1611,3.3821,-2.999,1.1612,0.069,0.4855,3360.0
Anomalia,0.0141,1.1951,3.3821,-2.999,1.1951,0.0605,0.1446,3360.0
Anomalia,0.0089,1.1493,3.3821,-2.999,1.1494,0.0704,0.2927,3360.0
Anomalia,0.0102,0.7983,2.115,-2.0199,0.7983,0.0359,0.1294,3360.0
Anomalia,0.013,0.4887,0.9686,-1.2503,0.4889,-0.112,-0.5926,3360.0
Anomalia,0.0143,0.3678,0.906,-0.8898,0.3681,-0.0518,-0.1825,3600.0
Anomalia,0.016,0.2507,0.6523,-0.5722,0.2512,0.0791,-0.688,2880.0
Anomalia,0.0354,0.4998,2.7757,-1.85,0.501,1.532,11.7797,3120.0
Anomalia,0.0097,1.2467,3.9584,-3.8979,1.2467,0.118,2.737,3120.0
Anomalia,0.0348,1.4671,3.9584,-3.8979,1.4675,0.0753,0.6747,3360.0
Anomalia,0.0069,1.5419,3.9584,-3.8979,1.5419,0.0921,0.1046,3360.0
Anomalia,0.0032,1.5135,3.9584,-3.8979,1.5135,0.0474,0.1842,3360.0
Anomalia,0.0162,0.9997,2.7945,-2.7811,0.9998,0.077,0.7935,3360.0
Anomalia,-0.0103,0.6326,1.7678,-2.1034,0.6327,-0.2059,0.6842,3360.0
Anomalia,0.015,0.4207,1.126,-1.1531,0.421,0.039,0.3394,2880.0
Anomalia,-0.0001,0.256,0.4641,-0.6051,0.256,-0.2512,-0.7671,2880.0
Anomalia,0.0382,0.4431,2.5666,-1.4106,0.4447,2.279,13.3129,2880.0
Anomalia,0.0232,1.1122,3.6742,-3.5344,1.1124,0.1498,3.0419,2880.0
Anomalia,0.0366,1.3182,3.6742,-3.5344,1.3187,0.1082,0.7551,3360.0
Anomalia,0.0058,1.3914,3.6742,-3.5344,1.3914,0.1273,0.1319,3360.0
Anomalia,-0.0102,1.3729,3.6742,-3.5344,1.373,0.0839,0.1437,3360.0
Anomalia,0.0112,0.926,2.5749,-2.4598,0.9261,0.074,0.4796,3360.0
Anomalia,-0.0015,0.5975,1.4999,-1.9293,0.5975,-0.2667,0.4499,3360.0
Anomalia,0.0283,0.4397,0.9695,-1.0817,0.4406,-0.1202,-0.3989,3360.0
Anomalia,0.0122,0.3244,0.732,-0.7525,0.3246,-0.0831,-0.5965,2880.0
Anomalia,0.0438,0.5918,3.2431,-2.0153,0.5934,1.6658,10.5359,2880.0
Anomalia,0.0167,1.5849,5.2672,-5.1173,1.585,0.161,2.9666,2880.0
Anomalia,0.04,1.8958,5.2672,-5.1173,1.8962,0.0893,0.6708,3360.0
Anomalia,0.006,2.0114,5.2672,-5.1173,2.0114,0.0976,0.0143,3360.0
Anomalia,-0.0055,1.9946,5.2672,-5.1173,1.9946,0.0723,0.0283,3360.0
Anomalia,0.021,1.3694,3.6901,-3.7418,1.3696,0.0094,0.4082,3360.0
Anomalia,-0.0168,0.8828,2.4577,-2.7978,0.8829,-0.1478,0.5099,3600.0
Anomalia,0.0291,0.5823,1.4782,-1.3939,0.583,0.0336,-0.1274,2880.0
Anomalia,0.0009,0.3971,1.1364,-0.8868,0.3971,0.0908,-0.2658,2880.0
Anomalia,0.0227,0.3622,1.1923,-0.9561,0.3629,0.0931,0.4938,2880.0
Anomalia,0.0101,0.5657,1.7177,-1.5905,0.5657,-0.0363,1.292,2880.0
Anomalia,0.0174,0.6614,1.7177,-1.5905,0.6616,-0.0275,0.0969,3360.0
Anomalia,0.0078,0.6669,1.7177,-1.5905,0.667,0.0058,0.0047,3360.0
Anomalia,0.0082,0.6558,1.7177,-1.5905,0.6558,-0.0399,0.0466,3360.0
Anomalia,0.0185,0.4748,1.3421,-1.2629,0.4752,-0.0106,0.4359,3360.0
Anomalia,0.0079,0.3024,0.5876,-0.6648,0.3025,-0.1604,-0.9147,3360.0
Anomalia,0.0263,0.317,0.7074,-0.6648,0.3181,-0.1062,-0.8168,2880.0
Anomalia,0.0084,0.2796,0.7074,-0.6648,0.2797,-0.1431,-0.249,3360.0
Anomalia,-0.0073,0.3426,0.8384,-1.6401,0.3426,-1.1005,4.0056,3120.0
Anomalia,0.0145,0.849,2.7193,-2.4677,0.8491,0.1818,2.2901,3120.0
Anomalia,-0.0082,0.9779,2.7193,-2.4677,0.978,0.1645,0.7383,3360.0
Anomalia,0.0239,1.0312,2.7193,-2.4677,1.0315,0.1095,0.134,3360.0
Anomalia,0.0398,1.0254,2.7193,-2.4677,1.0261,0.1104,0.129,3360.0
Anomalia,0.0028,0.6751,2.037,-1.8684,0.6751,0.1589,1.0016,3360.0
Anomalia,0.0258,0.4432,1.666,-1.0892,0.444,0.545,1.1077,3360.0
Anomalia,-0.0006,0.3148,0.7395,-0.6423,0.3148,-0.059,-0.8371,2880.0
Anomalia,0.0176,0.2385,0.5292,-0.5726,0.2392,-0.2139,-0.6813,2880.0
Anomalia,0.0055,0.3397,0.7938,-1.9982,0.3397,-2.546,12.8827,3120.0
Anomalia,0.0257,1.3476,4.4909,-4.3094,1.3478,0.1382,3.258,3360.0
Anomalia,-0.0145,1.5866,4.4909,-4.3094,1.5866,0.0765,0.9654,3360.0
Anomalia,0.0144,1.7893,4.4909,-4.3094,1.7893,0.0635,-0.1802,3360.0
Anomalia,0.0223,1.8168,4.4909,-4.3094,1.817,0.0636,-0.3501,3360.0
Anomalia,0.0088,1.2775,3.3312,-3.3983,1.2775,-0.0041,0.1795,3360.0
Anomalia,0.0499,0.9696,3.3312,-2.9606,0.9709,0.1949,1.517,3360.0
Anomalia,0.0146,0.5124,1.3284,-1.171,0.5126,0.01,0.287,3360.0
Anomalia,0.02,0.3348,0.9782,-0.8618,0.3354,0.113,-0.0089,2880.0
Anomalia,-0.0047,0.3756,0.6677,-1.805,0.3756,-1.5242,4.7684,2880.0
Anomalia,0.0159,1.1626,4.0156,-3.7226,1.1627,-0.0282,3.1915,3120.0
Anomalia,-0.021,1.407,4.0156,-3.7226,1.4071,0.0216,0.6694,3360.0
Anomalia,0.0328,1.4991,4.0156,-3.7226,1.4994,-0.0349,-0.016,3360.0
Anomalia,0.0301,1.5148,4.0156,-3.7226,1.5151,-0.0066,-0.1496,3360.0
Anomalia,0.0082,1.0381,2.8304,-2.7223,1.0382,0.0502,0.3245,3360.0
Anomalia,0.0396,0.673,2.2924,-1.6355,0.6741,0.3698,0.7711,3360.0
Anomalia,-0.0016,0.4427,1.1201,-1.025,0.4427,0.0368,-0.1115,3600.0
Anomalia,0.0132,0.2832,0.7007,-0.6352,0.2835,0.1606,-0.3614,2880.0
Anomalia,0.0172,0.321,0.858,-1.6885,0.3215,-0.8418,4.1607,2880.0
Anomalia,-0.0082,1.0943,3.5473,-3.4939,1.0944,0.0093,2.9311,3120.0
Anomalia,0.0281,1.2319,3.5473,-3.4939,1.2322,-0.0164,1.2118,3360.0
Anomalia,0.0181,1.3793,3.5473,-3.4939,1.3794,-0.0177,0.1131,3360.0
Anomalia,0.0106,1.4048,3.5473,-3.4939,1.4049,0.0094,-0.1026,3360.0
Anomalia,0.0404,0.9432,2.5687,-2.7001,0.944,-0.0264,0.6087,3360.0
Anomalia,0.0113,0.7492,2.5687,-2.7001,0.7493,-0.112,2.2792,3360.0
Anomalia,0.0201,0.4166,1.0663,-1.1018,0.4171,0.0172,0.2044,3360.0
Anomalia,0.0171,0.2722,0.7024,-0.6961,0.2727,0.0843,-0.1415,2880.0
Anomalia,0.0089,0.2809,0.7024,-1.6097,0.2811,-1.0435,5.1841,2880.0
Anomalia,-0.0222,1.4169,4.8365,-4.773,1.417,0.1665,3.6709,2880.0
Anomalia,0.0416,1.611,4.8365,-4.773,1.6115,0.1186,1.497,3360.0
Anomalia,0.0088,1.7773,4.8365,-4.773,1.7773,0.098,0.3382,3360.0
Anomalia,0.0398,1.8072,4.8365,-4.773,1.8077,0.0513,0.1243,3360.0
Anomalia,0.0433,1.1708,3.4134,-3.0269,1.1716,0.0829,0.5152,3360.0
Anomalia,-0.0082,0.8996,2.9142,-3.0269,0.8996,-0.2042,1.7275,3360.0
Anomalia,0.0125,0.5127,1.1552,-1.1715,0.5128,0.0376,-0.4804,3600.0
Anomalia,-0.0062,0.3825,0.8881,-1.1715,0.3825,-0.275,-0.2441,2880.0
Anomalia,0.0345,0.3172,0.7316,-0.6919,0.3191,-0.1168,-0.6843,2880.0
Anomalia,0.0043,1.4096,4.6733,-4.8502,1.4096,0.1271,3.9033,3120.0
Anomalia,0.0628,1.645,4.6733,-4.8502,1.6462,0.0646,1.3374,3360.0
Anomalia,0.0092,1.893,4.6733,-4.8502,1.893,0.0715,-0.0343,3360.0
Anomalia,0.0061,1.9372,4.6733,-4.8502,1.9372,0.0737,-0.2803,3360.0
Anomalia,0.0313,1.3882,3.4772,-3.4914,1.3885,0.0202,-0.002,3360.0
Anomalia,-0.0289,1.1083,3.4772,-3.4914,1.1087,-0.0602,1.3243,3360.0
Anomalia,0.0298,0.5817,1.333,-1.2937,0.5825,-0.0298,-0.1404,3600.0
Anomalia,0.0069,0.4164,1.2825,-1.2733,0.4165,-0.0986,0.8374,2880.0
Anomalia,0.0149,0.3002,0.8714,-0.9077,0.3006,-0.4082,0.81,2880.0
Anomalia,0.0025,0.903,3.178,-2.865,0.903,0.0479,3.3657,2880.0
Anomalia,0.0323,1.0203,3.178,-2.865,1.0208,0.0346,1.3303,3360.0
Anomalia,-0.0038,1.1024,3.178,-2.865,1.1024,0.0627,0.4144,3360.0
Anomalia,0.0095,1.1276,3.178,-2.865,1.1277,0.0333,0.1335,3360.0
Anomalia,0.0321,0.7276,1.9293,-1.8943,0.7283,-0.0201,0.0346,3360.0
Anomalia,-0.0084,0.564,1.6326,-1.8943,0.564,-0.2428,0.7872,3360.0
Anomalia,0.0294,0.3881,0.8643,-0.7483,0.3892,0.1046,-0.8844,3360.0
Anomalia,0.0053,0.3159,0.7237,-0.7483,0.3159,0.0939,-0.6618,2880.0
Anomalia,0.025,0.2701,0.6631,-0.4461,0.2713,0.1744,-0.8132,2880.0
Anomalia,0.0226,0.9291,3.1684,-2.9397,0.9294,0.2032,3.3199,2880.0
Anomalia,0.0378,1.0776,3.1684,-2.9397,1.0783,0.0863,1.2601,3360.0
Anomalia,0.0037,1.1962,3.1684,-2.9397,1.1962,0.0957,0.1694,3360.0
Anomalia,0.0111,1.2185,3.1684,-2.9397,1.2185,0.0788,-0.0469,3360.0
Anomalia,0.009,0.839,2.297,-2.2469,0.839,-0.0738,0.648,3360.0
Anomalia,0.0024,0.6318,2.075,-2.206,0.6318,-0.1894,1.7709,3360.0
Anomalia,0.0293,0.3798,0.8902,-0.7458,0.3809,0.0459,-0.9147,2880.0
Anomalia,0.0072,0.2938,0.649,-0.6777,0.2939,-0.0435,-0.7281,2880.0
Anomalia,0.0207,0.2518,0.5876,-0.5187,0.2526,0.0255,-0.4605,2880.0
Anomalia,0.0242,1.1176,3.839,-3.9885,1.1179,0.0478,4.3799,2880.0
Anomalia,0.0263,1.3159,3.839,-3.9885,1.3162,-0.0072,1.5993,3360.0
Anomalia,0.0253,1.5195,3.839,-3.9885,1.5197,-0.0153,0.0719,3360.0
Anomalia,0.0134,1.5597,3.839,-3.9885,1.5597,0.0047,-0.215,3360.0
Anomalia,0.0061,1.1379,2.8354,-2.8112,1.1379,-0.0384,-0.0139,3360.0
Anomalia,-0.0048,0.8903,2.7264,-2.7552,0.8903,0.0199,1.3423,3360.0
Anomalia,0.0163,0.5013,1.0759,-1.1769,0.5015,-0.007,-0.4801,3360.0
Anomalia,0.015,0.3763,0.9665,-0.9298,0.3766,0.1227,-0.1614,2880.0
Anomalia,0.0133,0.2788,0.7241,-0.659,0.2791,0.1844,0.0255,2880.0
Anomalia,0.0762,1.3127,4.8945,-4.6128,1.3149,0.2647,4.6266,2880.0
Anomalia,-0.0137,1.5303,4.8945,-4.6128,1.5304,0.1447,1.8216,3360.0
Anomalia,0.0255,1.7489,4.8945,-4.6128,1.7491,0.081,0.2989,3360.0
Anomalia,0.006,1.8012,4.8945,-4.6128,1.8012,0.0987,-0.0406,3360.0
Anomalia,-0.039,1.2971,3.2594,-3.2481,1.2977,-0.0647,-0.0508,3360.0
Anomalia,0.0337,1.0262,3.2594,-3.2481,1.0267,0.1104,1.3513,3360.0
Anomalia,0.0092,0.5884,1.4223,-1.5817,0.5885,-0.1037,-0.0609,3600.0
Anomalia,0.0212,0.4132,1.2499,-1.2482,0.4137,0.1481,0.7311,2880.0
Anomalia,0.0166,0.2698,0.6652,-0.5108,0.2703,0.3027,-0.1295,2880.0
Anomalia,0.0256,0.6067,2.1309,-1.9665,0.6072,0.2202,3.2387,2880.0
Anomalia,-0.0125,0.7005,2.1309,-1.9665,0.7006,0.0853,1.353,3360.0
Anomalia,0.0197,0.8284,2.1309,-1.9665,0.8287,0.0287,0.0036,3360.0
Anomalia,0.0203,0.8602,2.1309,-1.9665,0.8605,0.029,-0.3816,3360.0
Anomalia,0.0029,0.6698,1.7106,-1.714,0.6698,-0.0469,-0.0023,3360.0
Anomalia,0.0313,0.5543,1.7106,-1.714,0.5552,0.1332,1.1957,3360.0
Anomalia,0.0085,0.3382,0.8217,-0.7032,0.3383,0.0463,-0.7072,3360.0
Anomalia,0.0065,0.2667,0.5601,-0.7032,0.2668,-0.1668,-0.6063,2880.0
Anomalia,0.0238,0.2434,0.5,-0.4941,0.2445,-0.1386,-0.9939,2880.0
Anomalia,0.0358,1.1056,4.0648,-3.8157,1.1061,0.1594,4.5939,2880.0
Anomalia,-0.0212,1.2996,4.0648,-3.8157,1.2998,0.0807,1.7714,2880.0
Anomalia,0.036,1.4693,4.0648,-3.8157,1.4697,0.0434,0.3682,3360.0
Anomalia,-0.0051,1.4987,4.0648,-3.8157,1.4987,0.1126,0.1341,3360.0
Anomalia,0.0027,1.0735,2.8813,-2.7895,1.0735,0.0094,0.3767,3360.0
Anomalia,0.0507,0.8276,2.8717,-2.5374,0.8292,0.3418,1.7292,3360.0
Anomalia,0.0066,0.4797,1.1794,-1.1285,0.4798,-0.0425,-0.3944,3360.0
Anomalia,0.0287,0.3662,1.1794,-1.0033,0.3674,0.2583,0.6568,2880.0
Anomalia,0.0116,0.2459,0.5576,-0.4603,0.2462,0.0363,-0.852,2880.0
Anomalia,-0.0359,1.2105,4.6725,-4.8582,1.2111,-0.3112,6.195,3120.0
Anomalia,0.019,1.5595,4.6725,-4.8582,1.5596,0.0413,2.0599,3360.0
Anomalia,0.0035,1.9059,4.6725,-4.8582,1.9059,0.0583,0.006,3360.0
Anomalia,0.0267,1.9698,4.6725,-4.8582,1.97,0.0267,-0.3395,3360.0
Anomalia,0.0749,1.6103,4.5807,-3.6442,1.6121,0.1555,-0.003,3360.0
Anomalia,0.0054,1.2862,3.7673,-3.5486,1.2862,0.093,0.7769,3360.0
Anomalia,0.0295,0.6692,1.8087,-1.5571,0.6699,0.1321,0.0378,3600.0
Anomalia,0.0024,0.4663,1.4102,-1.3342,0.4663,0.0451,1.1034,2880.0
Anomalia,0.0145,0.293,0.8464,-0.7454,0.2934,-0.0108,0.2629,2880.0
Anomalia,-0.0046,0.8372,3.3211,-2.9748,0.8373,-0.0879,5.4617,2880.0
Anomalia,0.0189,1.0275,3.3211,-2.9748,1.0277,0.0468,1.7165,3360.0
Anomalia,0.0221,1.1469,3.3211,-2.9748,1.1471,0.0241,0.4312,3360.0
Anomalia,0.0162,1.1764,3.3211,-2.9748,1.1765,0.036,0.1208,3360.0
Anomalia,0.0351,0.8655,2.5787,-2.0107,0.8662,0.1694,0.2368,3360.0
Anomalia,0.0161,0.6361,2.0074,-2.0107,0.6363,-0.0033,1.4769,3360.0
Anomalia,0.0076,0.3808,0.8893,-0.8505,0.3809,0.0572,-0.5359,3600.0
Anomalia,0.0131,0.2883,0.6214,-0.6853,0.2886,0.1127,-0.6646,2880.0
Anomalia,0.0246,0.2579,0.6214,-0.5091,0.2591,0.1784,-0.7078,2880.0
Anomalia,-0.0135,0.9925,3.9146,-3.7573,0.9926,-0.1893,5.829,2880.0
Anomalia,0.0452,1.2312,3.9146,-3.7573,1.232,0.0291,2.3291,3360.0
Anomalia,0.0174,1.4766,3.9146,-3.7573,1.4767,0.0708,0.2531,3360.0
Anomalia,0.0247,1.5083,3.9146,-3.7573,1.5085,0.0535,0.0009,3360.0
Anomalia,0.0534,1.1863,3.5636,-2.8049,1.1875,0.2145,0.4958,3360.0
Anomalia,-0.0047,0.9417,2.8132,-2.7035,0.9417,0.132,1.2424,3360.0
Anomalia,0.0154,0.4653,1.0354,-1.0642,0.4655,0.0263,-0.415,3600.0
Anomalia,0.0119,0.35,1.0325,-0.9444,0.3502,-0.0338,0.3524,2880.0
Anomalia,0.0102,0.2603,0.6327,-0.6085,0.2605,-0.0173,-0.4035,2880.0
Anomalia,0.0119,1.0617,4.4676,-4.3398,1.0617,-0.0104,7.4069,2880.0
Anomalia,0.0453,1.3562,4.4676,-4.3398,1.3569,0.09,2.7436,3360.0
Anomalia,0.0059,1.5978,4.4676,-4.3398,1.5978,0.0987,0.538,3360.0
Anomalia,0.0284,1.6401,4.4676,-4.3398,1.6404,0.0557,0.2018,3360.0
Anomalia,0.0235,1.3118,3.9885,-3.7798,1.312,0.1381,0.4004,3360.0
Anomalia,0.0027,1.0219,2.7565,-2.8087,1.0219,-0.013,0.5313,3360.0
Anomalia,0.0243,0.5762,1.3455,-1.2345,0.5767,-0.0259,-0.5151,3600.0
Anomalia,0.0137,0.475,1.1489,-1.2345,0.4751,-0.1074,-0.1599,2880.0
Anomalia,0.0151,0.3318,0.8622,-0.6965,0.3321,0.2125,-0.4229,2880.0
Anomalia,-0.0333,1.2466,5.1044,-5.1607,1.2471,-0.2158,7.2548,2880.0
Anomalia,0.0537,1.6014,5.1044,-5.1607,1.6023,0.068,2.4077,3360.0
Anomalia,-0.0074,1.9316,5.1044,-5.1607,1.9316,0.0784,0.2653,3360.0
Anomalia,0.0383,1.9885,5.1044,-5.1607,1.9889,0.016,-0.0727,3360.0
Anomalia,0.0624,1.6069,4.6595,-3.6483,1.6081,0.1593,0.1383,3360.0
Anomalia,-0.023,1.2778,3.5382,-3.6483,1.278,-0.0038,0.8813,3360.0
Anomalia,0.0393,0.6647,1.8388,-1.5354,0.6658,0.1202,-0.1369,3600.0
Anomalia,-0.0077,0.4939,1.3659,-1.3305,0.494,-0.0434,0.1475,2880.0
Anomalia,0.0128,0.3531,0.9824,-0.8856,0.3533,-0.0536,0.1006,2880.0
Anomalia,0.0071,0.3992,1.2804,-1.222,0.3992,-0.2752,1.6651,2880.0
Anomalia,0.023,0.4584,1.2804,-1.222,0.459,-0.0813,0.5599,3360.0
Anomalia,0.0153,0.5131,1.2804,-1.222,0.5133,-0.1012,0.1041,3360.0
Anomalia,0.0137,0.5202,1.2804,-1.222,0.5204,-0.0871,-0.0558,3360.0
Anomalia,0.0256,0.4167,1.1381,-1.0571,0.4174,0.0082,0.548,3360.0
Anomalia,0.0107,0.3375,1.1381,-1.0571,0.3377,-0.3238,2.1781,3360.0
Anomalia,0.0254,0.2101,0.5759,-0.4566,0.2117,0.0016,-0.6599,3360.0
Anomalia,0.0202,0.2396,0.656,-0.5258,0.2405,0.1037,-0.2683,3360.0
Anomalia,0.0121,0.2545,0.656,-0.5258,0.2548,0.1425,-0.5639,3360.0
Anomalia,0.054,0.8359,3.8253,-3.1638,0.8377,0.8686,7.3319,3120.0
Anomalia,0.0055,1.1846,3.8253,-3.7435,1.1846,0.1208,2.6357,3120.0
Anomalia,0.0274,1.41,3.8253,-3.7435,1.4103,0.0575,0.4613,3360.0
Anomalia,0.0212,1.4416,3.8253,-3.7435,1.4417,0.0626,0.1853,3360.0
Anomalia,-0.0233,1.2339,3.5386,-3.7435,1.2342,-0.0964,0.7342,3360.0
Anomalia,0.0228,0.9044,2.7018,-2.4865,0.9047,0.0695,1.089,3360.0
Anomalia,0.0035,0.4724,1.0834,-1.015,0.4724,0.0279,-0.3503,3360.0
Anomalia,0.0182,0.3635,1.0667,-0.9678,0.3639,0.0648,0.6389,2880.0
Anomalia,0.0134,0.2329,0.5254,-0.5296,0.2333,-0.0631,-0.7527,2880.0
Anomalia,0.0297,0.8461,4.4454,-3.41,0.8466,0.8869,10.3666,3120.0
Anomalia,0.0096,1.3673,4.4454,-4.2351,1.3673,0.2343,2.5534,3360.0
Anomalia,0.0135,1.6637,4.4454,-4.2351,1.6637,0.1168,0.295,3360.0
Anomalia,0.0076,1.7286,4.4454,-4.2351,1.7286,0.1164,-0.1289,3360.0
Anomalia,0.0054,1.5631,4.1758,-4.2351,1.5631,0.0104,0.1576,3360.0
Anomalia,0.017,1.1415,3.1738,-3.2498,1.1416,-0.0266,0.7348,3360.0
Anomalia,0.027,0.6336,1.8905,-1.7031,0.6342,0.0011,0.0823,3360.0
Anomalia,0.0156,0.4339,1.1535,-1.1535,0.4342,0.011,0.421,2880.0
Anomalia,0.0184,0.2811,0.684,-0.5455,0.2817,-0.0332,-0.9879,2880.0
Anomalia,0.0637,0.8745,3.8937,-3.4175,0.8768,0.5137,7.6808,2880.0
Anomalia,-0.005,1.1985,3.8937,-3.7806,1.1985,0.0115,2.4436,3360.0
Anomalia,0.035,1.4259,3.8937,-3.7806,1.4264,-0.0442,0.3428,3360.0
Anomalia,0.0069,1.4673,3.8937,-3.7806,1.4673,0.0108,0.0073,3360.0
Anomalia,-0.0263,1.2245,3.1555,-3.7806,1.2248,-0.1513,0.3781,3360.0
Anomalia,0.0316,0.9202,2.6981,-2.5153,0.9207,0.0197,0.8366,3360.0
Anomalia,0.0022,0.4994,1.2103,-1.136,0.4994,0.0747,-0.2548,3600.0
Anomalia,0.0187,0.3419,0.959,-0.8493,0.3424,0.1944,0.1319,2880.0
Anomalia,0.0102,0.239,0.6477,-0.5709,0.2392,0.069,-0.146,2880.0
Anomalia,-0.0104,0.7156,2.8124,-3.4013,0.7157,-0.6839,8.987,3120.0
Anomalia,0.0184,1.223,3.834,-3.7936,1.2232,-0.0109,2.6104,3120.0
Anomalia,0.0029,1.4712,3.834,-3.7936,1.4712,-0.0013,0.3911,3360.0
Anomalia,0.0144,1.5278,3.834,-3.7936,1.5279,-0.0072,-0.0386,3360.0
Anomalia,0.0356,1.3996,3.834,-3.7936,1.4001,0.0531,0.3957,3360.0
Anomalia,0.0075,0.9939,2.8241,-2.8178,0.9939,0.0046,0.7638,3360.0
Anomalia,0.0346,0.5677,1.8505,-1.257,0.5687,0.2368,0.221,3360.0
Anomalia,0.0181,0.4028,1.0888,-1.0454,0.4032,0.0944,0.4108,2880.0
Anomalia,0.022,0.2943,0.702,-0.6535,0.2951,-0.0002,-0.488,2880.0
Anomalia,-0.0252,0.8086,3.2994,-4.0089,0.809,-1.0301,9.893,2880.0
Anomalia,0.0098,1.4766,4.9876,-4.6695,1.4767,0.1647,3.0682,2880.0
Anomalia,0.0023,1.7453,4.9876,-4.6695,1.7453,0.1166,0.6824,3360.0
Anomalia,0.0245,1.8002,4.9876,-4.6695,1.8004,0.0837,0.2811,3360.0
Anomalia,0.0656,1.6801,4.9876,-4.6695,1.6814,0.1639,0.6264,3360.0
Anomalia,0.0045,1.1558,3.1947,-3.0962,1.1558,0.0783,0.2958,3360.0
Anomalia,0.034,0.6883,1.7995,-1.3876,0.6892,0.1506,-0.4301,3360.0
Anomalia,-0.0045,0.5279,1.4189,-1.3225,0.5279,0.0706,0.0248,2880.0
Anomalia,0.0256,0.3645,0.7499,-0.7257,0.3654,-0.0523,-0.9855,2880.0
Anomalia,0.001,0.7907,3.2573,-3.8516,0.7907,-0.9841,9.1664,3120.0
Anomalia,0.0305,1.603,5.0047,-5.0944,1.6033,0.0519,2.4505,3360.0
Anomalia,0.004,1.9331,5.0047,-5.0944,1.9331,0.054,0.3301,3360.0
Anomalia,0.022,2.0241,5.0047,-5.0944,2.0242,0.0487,-0.1525,3360.0
Anomalia,0.0449,1.9342,5.0047,-5.0944,1.9347,0.0924,0.0844,3360.0
Anomalia,0.0072,1.3535,3.7464,-3.6563,1.3535,0.0795,0.5977,3360.0
Anomalia,0.0453,0.8061,2.7227,-2.0262,0.8074,0.3138,0.6889,3600.0
Anomalia,0.006,0.517,1.4732,-1.2754,0.517,-0.0117,0.53,2880.0
Anomalia,0.0242,0.3288,0.7963,-0.8042,0.3297,-0.1424,-0.4018,2880.0
Anomalia,-0.0183,0.5203,1.9485,-2.4902,0.5207,-1.0316,7.1196,2880.0
Anomalia,0.0225,0.8336,2.817,-2.5345,0.8339,0.0326,2.5274,3360.0
Anomalia,0.0056,1.0124,2.817,-2.5345,1.0124,0.0512,0.2726,3360.0
Anomalia,0.0237,1.0302,2.817,-2.5345,1.0305,0.0048,0.0676,3360.0
Anomalia,0.0461,0.947,2.817,-2.5345,0.9481,0.1375,0.3563,3360.0
Anomalia,0.0122,0.6862,1.9748,-1.8413,0.6863,-0.0027,0.6541,3360.0
Anomalia,0.0163,0.381,0.7921,-0.7182,0.3813,0.0644,-0.8872,3360.0
Anomalia,0.007,0.3124,0.6711,-0.6473,0.3125,-0.0167,-0.8194,2880.0
Anomalia,0.0241,0.2383,0.4799,-0.4553,0.2395,-0.0574,-1.1098,2880.0
Anomalia,-0.0254,0.6297,2.4694,-3.1722,0.6302,-1.1983,9.5619,2880.0
Anomalia,0.0404,1.1309,3.7535,-3.5615,1.1316,0.0207,3.0155,2880.0
Anomalia,0.0005,1.3886,3.7535,-3.5615,1.3886,0.0589,0.4395,3360.0
Anomalia,0.0187,1.4349,3.7535,-3.5615,1.435,0.0287,0.0476,3360.0
Anomalia,0.0522,1.3448,3.7535,-3.5615,1.3458,0.1057,0.3389,3360.0
Anomalia,-0.002,0.9727,2.7314,-2.5971,0.9727,0.0338,0.5309,3360.0
Anomalia,0.042,0.5454,1.4769,-1.1502,0.547,0.0761,-0.4452,3600.0
Anomalia,0.0083,0.4271,1.1076,-1.0049,0.4272,0.0544,-0.2201,2880.0
Anomalia,0.0161,0.2825,0.6982,-0.6911,0.283,-0.1355,-0.3083,2880.0
Anomalia,0.015,0.6125,2.8796,-3.511,0.6127,-0.4876,12.6757,2880.0
Anomalia,0.0033,1.3273,4.2334,-4.3273,1.3273,0.0423,2.8637,3120.0
Anomalia,0.0222,1.5693,4.2334,-4.3273,1.5695,0.0255,0.6646,3360.0
Anomalia,0.0214,1.663,4.2334,-4.3273,1.6631,0.0204,-0.0007,3360.0
Anomalia,0.0295,1.617,4.2334,-4.3273,1.6173,0.0396,0.0612,3360.0
Anomalia,0.0249,1.1155,2.9414,-2.9798,1.1157,0.0667,0.1997,3360.0
Anomalia,0.0131,0.7311,2.0437,-2.2653,0.7312,0.0451,0.2363,3360.0
Anomalia,0.0082,0.5316,1.3154,-1.1589,0.5316,0.1542,-0.0871,2880.0
Anomalia,0.0111,0.3444,0.7888,-0.8685,0.3446,-0.0286,-0.5068,2880.0
Anomalia,0.0273,0.6056,3.0862,-2.6563,0.6062,0.9692,9.2137,2880.0
Anomalia,0.0245,1.4139,4.8845,-4.6074,1.4141,0.1517,3.1504,2880.0
Anomalia,0.0382,1.7044,4.8845,-4.6074,1.7048,0.085,0.6889,3360.0
Anomalia,0.0164,1.79,4.8845,-4.6074,1.7901,0.0947,0.1087,3360.0
Anomalia,0.0093,1.7508,4.8845,-4.6074,1.7509,0.072,0.2383,3360.0
Anomalia,0.0159,1.212,3.3491,-3.241,1.2121,0.0409,0.4743,3360.0
Anomalia,0.0036,0.7323,1.9243,-2.1822,0.7323,-0.114,0.1356,3600.0
Anomalia,0.0194,0.5006,1.2545,-1.1222,0.501,-0.004,-0.3536,2880.0
Anomalia,0.0049,0.3431,0.8301,-0.8639,0.3432,-0.0746,-0.4807,2880.0
Anomalia,0.0257,0.4257,2.022,-1.3935,0.4265,0.8774,5.6532,2880.0
Anomalia,0.0043,0.9215,2.9722,-2.8408,0.9215,0.1269,2.3745,2880.0
Anomalia,0.029,1.1132,2.9722,-2.8408,1.1136,0.0432,0.4151,3360.0
Anomalia,0.0166,1.172,2.9722,-2.8408,1.1722,0.0337,-0.1148,3360.0
Anomalia,0.0061,1.1578,2.9722,-2.8408,1.1578,0.0136,-0.0994,3360.0
Anomalia,0.0222,0.8145,2.2736,-2.33,0.8148,-0.0486,0.692,3360.0
Anomalia,-0.0011,0.5113,1.3121,-1.6915,0.5113,-0.2893,0.5152,3360.0
Anomalia,0.011,0.3836,0.9031,-0.8655,0.3838,-0.0149,-0.5226,3360.0
Anomalia,0.0069,0.2959,0.558,-0.6464,0.296,-0.1468,-0.8771,3360.0
Anomalia,0.0525,0.5223,2.7198,-1.792,0.525,1.3019,8.2663,2880.0
Anomalia,0.021,1.2254,4.127,-3.9434,1.2255,0.0904,3.0634,2880.0
Anomalia,0.0459,1.5093,4.127,-3.9434,1.51,0.0312,0.539,3360.0
Anomalia,0.0003,1.5696,4.127,-3.9434,1.5696,0.092,0.0795,3360.0
Anomalia,-0.0095,1.5405,4.127,-3.9434,1.5405,0.062,0.1813,3360.0
Anomalia,0.0172,1.0775,3.2072,-2.9647,1.0776,0.0505,0.7859,3360.0
Anomalia,-0.0048,0.6063,1.416,-1.6293,0.6064,-0.1325,-0.1766,3360.0
Anomalia,0.0383,0.4474,1.1159,-0.9695,0.449,0.0815,-0.3912,2880.0
Anomalia,-0.0011,0.3086,0.6665,-0.7988,0.3086,0.0123,-0.4137,2880.0
Anomalia,-0.0205,0.4009,0.8873,-2.0733,0.4014,-1.6782,7.1207,3120.0
Anomalia,0.0411,1.4358,4.465,-4.609,1.4364,0.05,2.6519,3120.0
Anomalia,-0.0196,1.6322,4.465,-4.609,1.6323,0.0419,0.8997,3360.0
Anomalia,0.0317,1.8199,4.465,-4.609,1.8202,0.0286,-0.1167,3360.0
Anomalia,0.0431,1.8424,4.465,-4.609,1.8429,0.0259,-0.262,3360.0
Anomalia,-0.0208,1.2376,3.4776,-3.3353,1.2378,0.0937,0.3458,3360.0
Anomalia,0.0439,0.9585,3.4776,-2.9101,0.9595,0.3871,1.9334,3360.0
Anomalia,-0.0013,0.5185,1.2666,-1.2445,0.5185,0.0116,0.2441,3600.0
Anomalia,0.0258,0.3756,1.0375,-0.8184,0.3765,0.1323,-0.1674,2880.0
Anomalia,0.0313,0.4265,2.3329,-1.3935,0.4277,0.7508,5.7369,2880.0
Anomalia,0.0276,0.9907,3.4647,-3.1033,0.9911,0.1096,2.8714,3360.0
Anomalia,0.0242,1.1432,3.4647,-3.1033,1.1434,0.0504,0.767,3360.0
Anomalia,0.0071,1.1662,3.4647,-3.1033,1.1662,0.0897,0.5159,3360.0
Anomalia,0.018,1.1575,3.4647,-3.1033,1.1577,0.0304,0.4915,3360.0
Anomalia,0.0029,0.73,1.9752,-1.8772,0.7301,-0.0168,0.1452,3360.0
Anomalia,0.0183,0.4665,1.4536,-1.0554,0.4669,0.0674,-0.4219,3600.0
Anomalia,0.0267,0.353,0.8284,-0.7771,0.354,-0.0323,-0.3264,3600.0
Anomalia,0.0101,0.2357,0.6168,-0.6623,0.2359,-0.1406,0.076,2880.0
Anomalia,-0.0055,0.3281,0.6719,-1.8417,0.3281,-2.5704,11.3511,3120.0
Anomalia,0.0226,1.1158,3.6053,-3.4764,1.116,0.0685,2.9045,3120.0
Anomalia,-0.0244,1.3023,3.6053,-3.4764,1.3026,0.0758,0.9132,3360.0
Anomalia,0.0319,1.4115,3.6053,-3.4764,1.4119,0.0382,0.0705,3360.0
Anomalia,0.0425,1.4236,3.6053,-3.4764,1.4242,0.045,-0.0588,3360.0
Anomalia,0.0042,0.9535,2.7252,-2.6067,0.9535,0.1215,0.7924,3360.0
Anomalia,0.0511,0.6836,2.6334,-1.7958,0.6855,0.5701,1.6415,3360.0
Anomalia,0.0005,0.4146,0.9745,-1.0091,0.4146,-0.0123,0.081,2880.0
Anomalia,0.019,0.2786,0.7704,-0.641,0.2792,0.0684,0.0476,2880.0
Anomalia,-0.003,0.3289,0.6477,-1.6806,0.3289,-2.0171,8.0972,2880.0
Anomalia,0.0304,1.3152,4.407,-4.3653,1.3156,0.1106,3.4103,3360.0
Anomalia,-0.0214,1.5308,4.407,-4.3653,1.531,0.089,1.1232,3360.0
Anomalia,0.0355,1.6659,4.407,-4.3653,1.6663,0.0462,0.1573,3360.0
Anomalia,0.026,1.6949,4.407,-4.3653,1.6951,0.0674,-0.0477,3360.0
Anomalia,0.0009,1.1332,2.9998,-2.9877,1.1332,0.0568,0.2462,3360.0
Anomalia,0.0602,0.8325,2.9255,-2.2206,0.8347,0.3605,0.9422,3360.0
Anomalia,-0.0007,0.5198,1.156,-1.247,0.5198,-0.0519,-0.0923,3360.0
Anomalia,0.0345,0.3981,1.1289,-0.9315,0.3996,0.1451,-0.3055,2880.0
Anomalia,-0.0112,0.4188,0.7904,-1.8246,0.419,-1.1133,3.08,2880.0
Anomalia,0.0308,1.5092,5.0472,-5.0422,1.5095,0.0851,3.1803,2880.0
Anomalia,-0.0243,1.7458,5.0472,-5.0422,1.746,0.0721,1.0379,3360.0
Anomalia,0.0303,1.8786,5.0472,-5.0422,1.8788,0.0343,0.2025,3360.0
Anomalia,0.0438,1.902,5.0472,-5.0422,1.9025,0.0247,0.0468,3360.0
Anomalia,-0.0057,1.2438,3.367,-3.3019,1.2438,0.0408,0.365,3360.0
Anomalia,0.0586,0.8958,3.1642,-2.4748,0.8977,0.3655,1.0799,3360.0
Anomalia,-0.0029,0.5515,1.3726,-1.2391,0.5515,0.109,-0.3798,2880.0
Anomalia,0.0183,0.4104,1.0609,-0.934,0.4108,0.0924,-0.5317,2880.0
Anomalia,0.0169,0.3543,1.0609,-0.9106,0.3547,-0.0015,-0.0309,2880.0
Anomalia,0.0206,0.4948,1.4698,-1.3442,0.4952,-0.0087,0.7928,2880.0
Anomalia,0.0136,0.5243,1.4698,-1.3442,0.5245,-0.0065,0.3386,3360.0
Anomalia,0.0201,0.5157,1.4698,-1.3442,0.5161,-0.0273,0.5476,3360.0
Anomalia,0.0225,0.5115,1.4698,-1.3442,0.512,0.0107,0.5765,3360.0
Anomalia,0.0102,0.3275,0.8438,-0.9177,0.3277,-0.0339,0.3344,2880.0
Anomalia,0.0278,0.229,0.6736,-0.4399,0.2307,0.2821,-0.4838,2880.0
Anomalia,0.0195,0.2396,0.6131,-0.4941,0.2404,0.1144,-0.8365,2880.0
Anomalia,0.0168,0.235,0.6131,-0.4941,0.2356,0.0571,-0.7533,2880.0
Anomalia,0.0064,0.3035,0.6523,-1.8116,0.3036,-1.9158,9.4441,2880.0
Anomalia,-0.0123,1.169,3.9313,-3.7877,1.1691,0.1252,3.2585,3120.0
Anomalia,0.02,1.3474,3.9313,-3.7877,1.3476,0.0716,1.1744,3360.0
Anomalia,0.0227,1.4553,3.9313,-3.7877,1.4555,0.053,0.293,3360.0
Anomalia,0.0348,1.4683,3.9313,-3.7877,1.4687,0.0443,0.1646,3360.0
Anomalia,0.0427,0.9528,2.7602,-2.6054,0.9537,0.0543,0.8352,3360.0
Anomalia,0.0197,0.6791,2.3813,-2.5144,0.6794,0.0005,2.0845,3360.0
Anomalia,0.0008,0.4104,0.9444,-0.8843,0.4104,0.0193,-0.5657,3600.0
Anomalia,0.0188,0.2935,0.7474,-0.7399,0.2941,-0.2029,-0.2964,2880.0
Anomalia,0.0342,0.2506,0.7303,-0.6318,0.253,-0.0173,0.4241,2880.0
Anomalia,-0.0035,1.2149,4.0256,-4.1512,1.2149,0.0775,3.7773,3120.0
Anomalia,0.0674,1.4037,4.0256,-4.1512,1.4053,0.0457,1.3602,3360.0
Anomalia,-0.0067,1.647,4.0256,-4.1512,1.647,0.0629,-0.089,3360.0
Anomalia,0.0191,1.6965,4.0256,-4.1512,1.6966,0.0225,-0.3935,3360.0
Anomalia,0.0347,1.2303,3.1179,-3.294,1.2308,-0.0056,0.0099,3360.0
Anomalia,-0.0199,1.0141,3.1179,-3.294,1.0143,-0.1823,1.3875,3360.0
Anomalia,0.0392,0.5424,1.2904,-1.1769,0.5438,0.0801,-0.0396,3360.0
Anomalia,-0.0042,0.3813,1.0483,-1.1548,0.3813,-0.1409,0.275,2880.0
Anomalia,0.0143,0.3041,0.6427,-1.0913,0.3045,-0.3007,-0.2739,2880.0
Anomalia,-0.0059,1.1124,3.9016,-3.7276,1.1124,0.0881,3.5517,2880.0
Anomalia,0.0271,1.3012,3.9016,-3.7276,1.3015,0.0457,1.0916,3360.0
Anomalia,0.0169,1.4087,3.9016,-3.7276,1.4088,0.0217,0.2079,3360.0
Anomalia,0.015,1.4432,3.9016,-3.7276,1.4433,0.0285,-0.0702,3360.0
Anomalia,0.0368,0.9667,2.5332,-2.4502,0.9674,-0.0333,0.1087,3360.0
Anomalia,0.0029,0.6944,2.1317,-2.4239,0.6944,-0.2107,1.3083,3360.0
Anomalia,0.0112,0.4477,1.0767,-0.9799,0.4479,0.0592,-0.2797,3600.0
Anomalia,0.01,0.3028,0.7445,-0.8827,0.303,-0.0641,-0.1862,2880.0
Anomalia,0.0364,0.2794,0.9194,-0.5851,0.2817,0.2397,0.2712,2880.0
Anomalia,0.0371,1.1881,4.039,-4.102,1.1886,0.0613,3.9148,3120.0
Anomalia,0.0376,1.387,4.039,-4.102,1.3875,-0.0415,1.501,3360.0
Anomalia,0.0139,1.5983,4.039,-4.102,1.5984,-0.0139,0.0914,3360.0
Anomalia,-0.0063,1.6379,4.039,-4.102,1.6379,0.0209,-0.1791,3360.0
Anomalia,-0.0113,1.175,3.0724,-3.0995,1.175,-0.0956,0.4244,3360.0
Anomalia,0.0074,0.9249,3.0724,-3.0995,0.9249,-0.0805,2.0278,3360.0
Anomalia,0.022,0.4793,1.1176,-1.2967,0.4798,-0.0552,0.0214,3360.0
Anomalia,0.027,0.3285,0.8852,-0.76,0.3296,0.0927,-0.4123,2880.0
Anomalia,0.0216,0.2783,0.6385,-0.5592,0.2791,0.1193,-0.7551,2880.0
Anomalia,0.0407,1.1539,4.0761,-3.9225,1.1547,0.2081,4.0893,2880.0
Anomalia,0.0129,1.351,4.0761,-3.9225,1.351,0.0965,1.5074,2880.0
Anomalia,0.0129,1.52,4.0761,-3.9225,1.52,0.0888,0.2182,3360.0
Anomalia,0.0192,1.5563,4.0761,-3.9225,1.5564,0.0708,-0.0564,3360.0
Anomalia,-0.0169,1.1075,2.9881,-2.6592,1.1076,-0.0064,0.1441,3360.0
Anomalia,0.0159,0.8584,2.9088,-2.6292,0.8586,0.1095,1.301,3360.0
Anomalia,0.0055,0.5047,1.1723,-1.1189,0.5047,0.0127,-0.339,3360.0
Anomalia,0.0077,0.3962,1.1681,-1.1189,0.3963,-0.0186,0.2196,2880.0
Anomalia,0.0185,0.2924,0.593,-0.593,0.293,-0.0708,-0.9316,2880.0
Anomalia,0.0624,1.3895,4.8669,-4.9199,1.3909,0.196,4.649,2880.0
Anomalia,-0.0203,1.632,4.8669,-4.9199,1.6322,0.0645,1.7468,3360.0
Anomalia,0.0407,1.942,4.8669,-4.9199,1.9424,0.0263,0.01,3360.0
Anomalia,0.0007,1.9943,4.8669,-4.9199,1.9943,0.073,-0.2705,3360.0
Anomalia,-0.0361,1.4915,3.6387,-3.6437,1.492,-0.0081,-0.0457,3360.0
Anomalia,0.0507,1.2354,3.6387,-3.5828,1.2364,0.143,1.1283,3360.0
Anomalia,-0.0063,0.6318,1.4419,-1.6464,0.6318,-0.1079,-0.0496,3600.0
Anomalia,0.0332,0.4421,1.4419,-1.3129,0.4433,0.1382,1.3599,2880.0
Anomalia,0.0239,0.3015,0.8426,-0.8814,0.3025,-0.2087,0.6742,2880.0
Anomalia,0.0416,0.9343,3.3061,-3.1546,0.9353,0.0363,4.2441,2880.0
Anomalia,0.0013,1.0823,3.3061,-3.1546,1.0823,0.0016,1.5746,3360.0
Anomalia,0.0173,1.2079,3.3061,-3.1546,1.2081,0.003,0.345,3360.0
Anomalia,0.0165,1.2445,3.3061,-3.1546,1.2446,0.005,-0.0065,3360.0
Anomalia,-0.0106,0.8701,2.2803,-2.1226,0.8702,-0.038,-0.0781,3360.0
Anomalia,0.0258,0.6907,2.2803,-2.1226,0.6912,0.1504,1.0926,3360.0
Anomalia,0.0157,0.4531,0.9845,-0.9277,0.4534,0.054,-0.725,3360.0
Anomalia,0.0129,0.3455,0.8835,-0.8639,0.3458,0.1165,-0.3763,2880.0
Anomalia,0.024,0.2742,0.6435,-0.51,0.2752,0.1657,-0.6908,2880.0
Anomalia,0.0497,0.8524,2.9572,-2.7189,0.8538,0.1792,3.4893,2880.0
Anomalia,-0.0068,0.9923,2.9572,-2.7189,0.9924,0.0253,1.4342,3360.0
Anomalia,0.021,1.1462,2.9572,-2.7189,1.1464,0.0293,0.0871,3360.0
Anomalia,0.0071,1.1749,2.9572,-2.7189,1.1749,0.0598,-0.185,3360.0
Anomalia,-0.0208,0.8597,2.2916,-2.3162,0.86,-0.0515,0.5278,3360.0
Anomalia,0.0358,0.6889,2.2916,-2.1534,0.6898,0.2569,1.762,3360.0
Anomalia,0.0163,0.3952,0.8868,-0.7796,0.3955,0.1006,-0.804,2880.0
Anomalia,0.0197,0.305,0.8868,-0.6185,0.3056,0.2882,-0.4531,2880.0
Anomalia,0.0214,0.2374,0.568,-0.4849,0.2384,0.035,-0.6566,2880.0
Anomalia,0.0223,1.1346,4.0794,-4.1867,1.1348,0.0268,5.1932,2880.0
Anomalia,-0.0187,1.3491,4.0794,-4.1867,1.3492,0.0259,1.9515,3360.0
Anomalia,0.0338,1.6097,4.0794,-4.1867,1.6101,-0.0005,0.0885,3360.0
Anomalia,0.0075,1.6554,4.0794,-4.1867,1.6554,0.0385,-0.2186,3360.0
Anomalia,0.0115,1.2589,3.2802,-3.0202,1.2589,0.0395,-0.0605,3360.0
Anomalia,0.0409,1.019,3.0407,-2.9522,1.0198,0.1584,1.2031,3360.0
Anomalia,-0.0049,0.5401,1.1372,-1.232,0.5401,0.004,-0.3818,3360.0
Anomalia,0.0225,0.4183,1.1001,-1.0738,0.4189,0.1929,0.0996,2880.0
Anomalia,0.014,0.3072,0.8209,-0.7161,0.3075,0.083,-0.2625,2880.0
Anomalia,-0.0014,1.2273,4.7338,-4.6929,1.2273,-0.1133,5.5381,2880.0
Anomalia,-0.0058,1.5229,4.7338,-4.6929,1.5229,0.054,1.9223,3600.0
Anomalia,0.0234,1.7572,4.7338,-4.6929,1.7573,0.0517,0.3092,3360.0
Anomalia,0.0017,1.8065,4.7338,-4.6929,1.8065,0.0785,-0.0116,3360.0
Anomalia,0.0363,1.3953,4.2923,-3.1843,1.3957,0.1888,0.3005,3360.0
Anomalia,0.0364,1.0677,3.4768,-3.1843,1.0683,0.1917,1.1996,3360.0
Anomalia,0.0007,0.6003,1.484,-1.5671,0.6003,0.0232,-0.0651,3600.0
Anomalia,0.0235,0.4243,1.328,-1.3108,0.4249,0.1409,1.0423,2880.0
Anomalia,0.014,0.2748,0.7237,-0.7228,0.2752,-0.0585,0.0912,2880.0
Anomalia,-0.0092,0.548,2.0683,-1.8868,0.5481,-0.1745,4.1502,2880.0
Anomalia,0.0344,0.6691,2.0683,-1.8868,0.67,-0.0048,1.6839,3360.0
Anomalia,0.0093,0.8181,2.0683,-1.8868,0.8181,-0.0226,0.0286,3360.0
Anomalia,0.0271,0.8357,2.0683,-1.8868,0.8361,-0.0731,-0.2003,3360.0
Anomalia,0.0332,0.6864,1.8751,-1.7741,0.6872,0.0016,0.2826,3360.0
Anomalia,-0.0013,0.5607,1.6647,-1.7741,0.5607,-0.174,1.383,3360.0
Anomalia,0.0102,0.3146,0.6832,-0.6273,0.3148,0.0407,-1.0124,3360.0
Anomalia,0.0027,0.2777,0.5663,-0.6273,0.2777,-0.1216,-0.7837,2880.0
Anomalia,0.025,0.229,0.5267,-0.4219,0.2303,-0.0614,-0.9628,2880.0
Anomalia,-0.0207,1.0533,4.1241,-3.8365,1.0535,-0.1884,5.5267,2880.0
Anomalia,0.0368,1.2734,4.1241,-3.8365,1.2739,0.0445,2.2365,2880.0
Anomalia,0.0082,1.4805,4.1241,-3.8365,1.4805,0.0632,0.4322,3360.0
Anomalia,0.0071,1.5082,4.1241,-3.8365,1.5082,0.0608,0.1984,3360.0
Anomalia,0.0569,1.1352,3.5144,-2.6931,1.1367,0.2352,0.6145,3360.0
Anomalia,0.0049,0.8853,2.7861,-2.6931,0.8853,-0.0095,1.604,3360.0
Anomalia,0.0246,0.4628,1.1443,-1.1176,0.4635,0.0053,-0.2723,3360.0
Anomalia,0.0222,0.3622,1.1443,-0.9202,0.3628,0.213,0.8057,2880.0
Anomalia,0.0055,0.2212,0.5751,-0.5801,0.2213,0.0793,-0.4348,2880.0
Anomalia,0.0476,0.9844,4.41,-3.6225,0.9855,0.6622,7.7387,3120.0
Anomalia,0.0181,1.4696,4.41,-4.6708,1.4697,0.0297,2.1873,3360.0
Anomalia,0.0272,1.8089,4.41,-4.6708,1.8092,0.0234,0.0667,3360.0
Anomalia,0.032,1.8814,4.41,-4.6708,1.8817,0.0092,-0.3398,3360.0
Anomalia,-0.0084,1.6533,4.2714,-4.6708,1.6534,-0.0679,0.1157,3360.0
Anomalia,0.0141,1.2615,3.6291,-3.5069,1.2615,0.0578,0.6804,3360.0
Anomalia,0.0001,0.6868,1.7954,-1.8859,0.6868,-0.0384,-0.0037,3600.0
Anomalia,0.0109,0.465,1.2975,-1.2662,0.4652,-0.1008,0.7345,2880.0
Anomalia,0.0061,0.3124,0.9127,-0.863,0.3124,0.1188,0.5104,2880.0
Anomalia,0.0037,0.8158,3.3382,-3.1271,0.8158,0.0648,6.5831,2880.0
Anomalia,0.0407,1.0338,3.3382,-3.1271,1.0346,0.0526,2.0457,3360.0
Anomalia,0.0027,1.2013,3.3382,-3.1271,1.2013,0.0656,0.3376,3360.0
Anomalia,0.0186,1.233,3.3382,-3.1271,1.2331,0.0262,0.0277,3360.0
Anomalia,0.0188,0.9715,2.6451,-2.7703,0.9717,0.0448,0.12,3360.0
Anomalia,-0.0076,0.7428,2.2987,-2.11,0.7428,-0.0892,1.0983,3360.0
Anomalia,0.0221,0.4193,0.9394,-0.9156,0.4199,-0.0151,-0.4793,3600.0
Anomalia,0.0181,0.3089,0.7474,-0.7525,0.3094,-0.0606,-0.2973,2880.0
Anomalia,0.0187,0.2453,0.5813,-0.5171,0.246,-0.0036,-0.7046,2880.0
Anomalia,0.0504,0.7995,3.6387,-2.9914,0.8011,0.7048,7.1773,2880.0
Anomalia,0.0104,1.1278,3.6387,-3.3996,1.1279,0.12,2.4252,3360.0
Anomalia,0.0252,1.3747,3.6387,-3.3996,1.3749,0.0561,0.2242,3360.0
Anomalia,0.018,1.4064,3.6387,-3.3996,1.4065,0.0629,-0.0393,3360.0
Anomalia,-0.0171,1.2076,3.3416,-3.3996,1.2077,-0.0559,0.4795,3360.0
Anomalia,0.0174,0.9142,2.6847,-2.6805,0.9143,0.0372,1.0994,3360.0
Anomalia,-0.0028,0.4647,0.9511,-1.1005,0.4647,-0.0523,-0.5286,3360.0
Anomalia,0.0184,0.3531,0.9511,-0.9778,0.3536,-0.1007,0.2986,2880.0
Anomalia,0.0055,0.2454,0.5563,-0.4929,0.2455,-0.0478,-0.9515,2880.0
Anomalia,0.0648,0.6958,3.2055,-2.6622,0.6988,0.8082,7.4724,2880.0
Anomalia,0.0073,0.9865,3.2055,-3.1108,0.9865,0.0356,2.6971,2880.0
Anomalia,0.0172,1.2027,3.2055,-3.1108,1.2028,0.0037,0.3015,3360.0
Anomalia,0.0188,1.232,3.2055,-3.1108,1.2322,-0.0018,0.0189,3360.0
Anomalia,-0.0329,1.0729,2.855,-3.1108,1.0735,-0.1428,0.3481,3360.0
Anomalia,0.0344,0.8169,2.2357,-2.2678,0.8176,-0.0817,0.6204,3360.0
Anomalia,0.0076,0.4495,0.9962,-1.0241,0.4496,-0.0762,-0.5927,3360.0
Anomalia,0.0218,0.3735,0.8238,-0.9336,0.3741,-0.19,-0.2752,2880.0
Anomalia,0.0131,0.2683,0.5768,-0.5826,0.2686,0.0545,-0.7949,2880.0
Anomalia,0.0689,1.0415,5.0706,-3.9538,1.0438,1.1441,9.1395,2880.0
Anomalia,0.0062,1.5637,5.0706,-5.1495,1.5637,0.115,2.7584,3360.0
Anomalia,0.0327,1.9052,5.0706,-5.1495,1.9055,0.0452,0.3326,3360.0
Anomalia,0.0118,1.9644,5.0706,-5.1495,1.9644,0.0644,-0.0213,3360.0
Anomalia,-0.0437,1.7244,4.6879,-5.1495,1.7249,-0.0925,0.3686,3360.0
Anomalia,0.0221,1.2884,3.592,-3.5548,1.2886,0.0254,0.6828,3360.0
Anomalia,-0.0028,0.6862,1.7236,-1.7499,0.6862,-0.0427,-0.1941,3600.0
Anomalia,0.0238,0.4884,1.411,-1.2649,0.489,0.0864,0.6629,2880.0
Anomalia,0.0098,0.3102,0.8434,-0.8994,0.3104,-0.1207,0.2952,2880.0
Anomalia,0.0347,0.3738,1.5241,-1.2144,0.3754,0.4228,3.6177,2880.0
Anomalia,0.0099,0.4738,1.5241,-1.4294,0.4739,0.0363,1.7883,2880.0
Anomalia,0.0102,0.581,1.5241,-1.4294,0.5811,-0.0158,0.1852,3360.0
Anomalia,0.0126,0.5922,1.5241,-1.4294,0.5924,-0.0195,-0.0322,3360.0
Anomalia,-0.0036,0.5233,1.2674,-1.4294,0.5233,-0.1502,0.1988,3360.0
Anomalia,0.0114,0.42,1.262,-1.2124,0.4201,-0.0851,1.1689,3360.0
Anomalia,0.0257,0.2818,0.6531,-0.5484,0.2829,0.0741,-0.9352,3360.0
Anomalia,0.0155,0.3033,0.6531,-0.7036,0.3037,-0.0734,-0.6898,3360.0
Anomalia,0.0099,0.2741,0.6531,-0.7036,0.2743,-0.0178,-0.1645,3360.0
Anomalia,0.0096,0.5629,2.3271,-2.1989,0.563,-0.1427,4.7767,3120.0
Anomalia,-0.0119,0.823,2.5002,-2.3659,0.8231,0.1187,2.0485,3120.0
Anomalia,0.013,0.9676,2.5002,-2.3659,0.9677,0.043,0.3195,2880.0
Anomalia,0.0182,0.9842,2.5002,-2.3659,0.9844,0.0279,0.1114,3360.0
Anomalia,0.0165,0.8712,2.5002,-2.3659,0.8714,0.0877,0.7567,3360.0
Anomalia,0.0246,0.615,1.8688,-1.7632,0.6155,0.0203,1.3938,3360.0
Anomalia,0.0075,0.3086,0.7508,-0.7207,0.3087,0.0245,-0.4705,3360.0
Anomalia,0.0104,0.2492,0.5818,-0.7207,0.2495,-0.1873,0.2431,2880.0
Anomalia,0.0269,0.1703,0.4361,-0.386,0.1725,-0.1155,-0.6034,2880.0
Anomalia,-0.0266,0.6971,2.9313,-3.4968,0.6976,-1.1538,11.1611,3120.0
Anomalia,0.0399,1.3578,4.3737,-4.3115,1.3584,0.0507,2.6025,3360.0
Anomalia,-0.0231,1.6627,4.3737,-4.3115,1.6628,0.0536,0.3193,3360.0
Anomalia,0.0199,1.7488,4.3737,-4.3115,1.749,0.0074,-0.2119,3360.0
Anomalia,0.0525,1.6561,4.3737,-4.3115,1.6569,0.0471,0.0252,3360.0
Anomalia,-0.0106,1.1898,3.2398,-3.4067,1.1898,-0.0489,0.5727,3360.0
Anomalia,0.0584,0.7081,2.2369,-1.8863,0.7105,0.2281,0.4349,3360.0
Anomalia,-0.0004,0.4655,1.2128,-1.1606,0.4655,0.0109,0.3312,2880.0
Anomalia,0.0177,0.3152,0.7892,-0.6531,0.3157,0.0171,-0.682,2880.0
Anomalia,-0.0076,0.6974,2.6743,-3.3124,0.6974,-0.8007,8.311,2880.0
Anomalia,0.0049,1.1811,4.0077,-3.7669,1.1811,0.0398,2.6027,3120.0
Anomalia,0.0078,1.4152,4.0077,-3.7669,1.4152,0.0357,0.3667,3360.0
Anomalia,0.0266,1.4542,4.0077,-3.7669,1.4545,0.0033,0.0473,3360.0
Anomalia,0.0406,1.3281,4.0077,-3.7669,1.3287,0.1059,0.5181,3360.0
Anomalia,0.016,0.9281,2.6401,-2.5007,0.9283,0.0613,0.7448,3360.0
Anomalia,0.0164,0.5145,1.2328,-1.1247,0.5147,0.128,-0.3765,3600.0
Anomalia,0.0051,0.3771,0.8789,-0.8697,0.3772,0.0134,-0.5248,2880.0
Anomalia,0.0152,0.2689,0.6573,-0.5734,0.2693,0.0498,-0.3173,2880.0
Anomalia,0.0168,0.6232,2.802,-3.2965,0.6234,-0.4683,9.968,3120.0
Anomalia,0.0266,1.1921,3.6053,-3.6742,1.1924,-0.0478,2.4245,3120.0
Anomalia,0.0138,1.4208,3.6053,-3.6742,1.4208,-0.0253,0.4416,3360.0
Anomalia,0.0269,1.4892,3.6053,-3.6742,1.4894,-0.0426,-0.0698,3360.0
Anomalia,0.0135,1.413,3.6053,-3.6742,1.4131,0.0172,0.1492,3360.0
Anomalia,0.0188,0.9838,2.7678,-2.8708,0.984,-0.0482,0.8019,3360.0
Anomalia,0.0223,0.5989,1.8555,-2.0746,0.5993,0.0139,0.7681,3360.0
Anomalia,0.01,0.4063,1.1089,-1.2065,0.4064,-0.0754,0.8306,2880.0
Anomalia,0.0172,0.2443,0.7554,-0.5776,0.2449,0.2296,0.2326,2880.0
Anomalia,0.003,0.6189,2.996,-3.529,0.6189,-0.0462,13.1599,2880.0
Anomalia,0.0178,1.3779,4.6428,-4.5022,1.378,0.0603,3.2767,2880.0
Anomalia,0.0271,1.6421,4.6428,-4.5022,1.6423,0.0417,0.7592,3360.0
Anomalia,0.0231,1.7102,4.6428,-4.5022,1.7103,0.032,0.2456,3360.0
Anomalia,0.0299,1.6535,4.6428,-4.5022,1.6537,0.0307,0.4182,3360.0
Anomalia,0.0102,1.1145,3.1108,-2.9873,1.1146,0.0544,0.4474,3360.0
Anomalia,0.0064,0.6729,1.5846,-1.9477,0.6729,-0.1355,-0.0748,3360.0
Anomalia,0.0074,0.502,1.224,-1.2232,0.502,0.0273,-0.0865,2880.0
Anomalia,0.0028,0.3301,0.6273,-0.8873,0.3301,-0.1805,-0.7362,2880.0
Anomalia,0.0584,0.5721,3.1642,-1.9752,0.5751,1.5233,10.4812,3120.0
Anomalia,0.0004,1.5273,4.8089,-5.0693,1.5273,0.0337,2.7167,3120.0
Anomalia,0.0579,1.8173,4.8089,-5.0693,1.8182,0.0066,0.6401,3360.0
Anomalia,0.0114,1.9599,4.8089,-5.0693,1.9599,0.0287,-0.1301,3360.0
Anomalia,-0.0181,1.949,4.8089,-5.0693,1.949,0.0306,-0.1482,3360.0
Anomalia,0.0344,1.3548,3.728,-3.6579,1.3552,0.019,0.4289,3360.0
Anomalia,-0.0249,0.9218,2.6346,-3.0486,0.9221,-0.2508,0.9812,3360.0
Anomalia,0.026,0.5578,1.4394,-1.4056,0.5584,-0.1034,0.3381,2880.0
Anomalia,0.0102,0.3336,0.7812,-0.8655,0.3338,-0.3405,-0.0449,2880.0
Anomalia,0.0222,0.4369,2.2231,-1.4089,0.4374,1.1004,7.5691,2880.0
Anomalia,0.0165,0.9073,3.0098,-2.8875,0.9074,0.0111,2.8185,3360.0
Anomalia,0.0239,1.1004,3.0098,-2.8875,1.1007,0.0028,0.4641,3360.0
Anomalia,0.0128,1.1402,3.0098,-2.8875,1.1402,0.0149,0.0552,3360.0
Anomalia,-0.0018,1.1087,3.0098,-2.8875,1.1087,-0.0245,0.183,3360.0
Anomalia,0.0245,0.7697,2.2244,-2.0337,0.7701,-0.0475,0.5729,3360.0
Anomalia,0.0006,0.4601,1.0087,-1.31,0.4601,-0.2262,-0.3839,3360.0
Anomalia,0.0139,0.3679,0.6878,-0.8042,0.3681,-0.1265,-0.8121,2880.0
Anomalia,0.0184,0.2885,0.659,-0.651,0.289,-0.0938,-0.8658,2880.0
Anomalia,0.0359,0.4525,2.2382,-1.6255,0.454,1.1877,7.3706,2880.0
Anomalia,0.0209,1.0268,3.3378,-3.2656,1.027,-0.0071,2.7958,2880.0
Anomalia,0.0358,1.2357,3.3378,-3.2656,1.2362,-0.0366,0.573,3360.0
Anomalia,0.0047,1.2836,3.3378,-3.2656,1.2837,0.0109,0.1268,3360.0
Anomalia,-0.0094,1.2572,3.3378,-3.2656,1.2572,-0.0152,0.2356,3360.0
Anomalia,0.0187,0.8567,2.4673,-2.3876,0.8569,-0.0631,0.891,3360.0
Anomalia,0.0022,0.5025,1.2178,-1.6339,0.5025,-0.2992,0.1949,3360.0
Anomalia,0.0289,0.3716,0.919,-0.8334,0.3727,-0.0113,-0.5663,2880.0
Anomalia,0.0088,0.26,0.6214,-0.5325,0.2602,0.0647,-0.7075,2880.0
Anomalia,0.0322,0.4307,2.4927,-1.4089,0.4319,1.928,11.8722,2880.0
Anomalia,0.0046,1.1583,3.8044,-3.6955,1.1583,0.0499,2.9275,2880.0
Anomalia,0.0377,1.3729,3.8044,-3.6955,1.3734,0.034,0.7311,3360.0
Anomalia,0.0117,1.4615,3.8044,-3.6955,1.4616,0.0471,0.0218,3360.0
Anomalia,0.0024,1.4535,3.8044,-3.6955,1.4535,0.0177,-0.0074,3360.0
Anomalia,0.0219,0.9899,2.7035,-2.6797,0.9901,0.0781,0.3538,3360.0
Anomalia,-0.0109,0.6575,1.7403,-2.0199,0.6576,-0.1827,0.2695,3360.0
Anomalia,0.0247,0.4608,1.131,-0.9665,0.4615,-0.0076,-0.5448,2880.0
Anomalia,0.0101,0.3348,0.7245,-0.7946,0.3349,-0.1253,-0.8218,2880.0
Anomalia,0.0179,0.4693,3.0607,-1.749,0.4697,1.3935,12.8815,2880.0
Anomalia,0.0306,1.3772,4.7267,-4.5623,1.3775,0.1169,3.2875,2880.0
Anomalia,0.004,1.6431,4.7267,-4.5623,1.6431,0.0939,0.8724,3360.0
Anomalia,0.0115,1.7451,4.7267,-4.5623,1.7451,0.0816,0.1545,3360.0
Anomalia,0.0101,1.7424,4.7267,-4.5623,1.7424,0.0558,0.1057,3360.0
Anomalia,-0.0024,1.1774,3.3595,-3.1025,1.1774,0.0447,0.5219,3360.0
Anomalia,0.0189,0.7578,2.7235,-2.1125,0.758,0.1358,0.6266,3360.0
Anomalia,0.0167,0.4907,1.2574,-1.2098,0.491,-0.0741,-0.294,2880.0
Anomalia,0.0149,0.3232,0.8681,-0.7846,0.3235,-0.1224,-0.4644,2880.0
Anomalia,-0.004,0.3009,0.6765,-1.1456,0.3009,-0.5634,1.2005,2880.0
Anomalia,0.0227,0.7352,2.2699,-2.2966,0.7355,-0.037,2.2261,2880.0
Anomalia,-0.0077,0.8493,2.2699,-2.2966,0.8493,-0.0122,0.7693,3360.0
Anomalia,0.0273,0.9196,2.2699,-2.2966,0.92,-0.0559,-0.007,3360.0
Anomalia,0.0312,0.9299,2.2699,-2.2966,0.9304,-0.0509,-0.1486,3360.0
Anomalia,0.0062,0.6369,1.8613,-1.8217,0.6369,-0.0204,0.8611,3360.0
Anomalia,0.0268,0.4565,1.6564,-1.3417,0.4573,0.3077,1.435,3360.0
Anomalia,0.001,0.3093,0.6682,-0.7228,0.3093,-0.0968,-0.8017,3360.0
Anomalia,0.0126,0.2562,0.5062,-0.5246,0.2565,-0.1197,-1.0744,2880.0
Anomalia,-0.0006,0.3379,0.7249,-1.6051,0.3379,-1.5164,4.887,2880.0
Anomalia,0.0314,1.1865,3.9342,-3.8169,1.187,0.0443,3.2128,2880.0
Anomalia,-0.0173,1.4222,3.9342,-3.8169,1.4223,0.0732,0.8613,3360.0
Anomalia,0.0304,1.5052,3.9342,-3.8169,1.5056,0.0185,0.1884,3360.0
Anomalia,0.0214,1.5186,3.9342,-3.8169,1.5187,0.0475,0.0728,3360.0
Anomalia,0.0104,1.0195,2.9756,-2.794,1.0195,0.0306,0.8419,3360.0
Anomalia,0.0459,0.6516,2.2766,-1.5976,0.6532,0.3789,0.7459,3360.0
Anomalia,0.0126,0.4224,0.9978,-1.022,0.4226,-0.0463,-0.0293,3360.0
Anomalia,0.0221,0.3046,0.9887,-0.7153,0.3054,0.314,0.1334,2880.0
Anomalia,0.0181,0.3114,1.0316,-1.5679,0.3119,-0.2165,3.3171,3120.0
Anomalia,-0.0163,1.4494,4.6791,-4.8719,1.4495,0.0307,3.3828,3120.0
Anomalia,0.014,1.6866,4.6791,-4.8719,1.6867,0.06,1.0487,3360.0
Anomalia,0.0259,1.943,4.6791,-4.8719,1.9431,0.0431,-0.1805,3360.0
Anomalia,0.0111,1.9891,4.6791,-4.8719,1.9891,0.0622,-0.4155,3360.0
Anomalia,0.0531,1.4116,3.8374,-3.5557,1.4126,0.1137,0.1018,3360.0
Anomalia,0.0171,1.1259,3.8374,-3.5557,1.126,0.1089,1.8503,3360.0
Anomalia,0.0019,0.5703,1.3718,-1.3684,0.5703,0.0883,0.3611,3600.0
Anomalia,0.0106,0.3672,1.1268,-1.0342,0.3673,0.1824,0.266,2880.0
Anomalia,-0.0025,0.3375,0.694,-1.335,0.3375,-0.531,1.6043,2880.0
Anomalia,0.007,0.9438,3.2281,-2.9906,0.9438,0.1556,3.0815,2880.0
Anomalia,0.0167,1.08,3.2281,-2.9906,1.0802,0.0638,0.9988,3360.0
Anomalia,0.0262,1.1228,3.2281,-2.9906,1.1231,0.0469,0.5044,3360.0
Anomalia,0.0235,1.129,3.2281,-2.9906,1.1292,0.0676,0.412,3360.0
Anomalia,0.0198,0.6975,1.964,-1.8246,0.6978,-0.0357,0.3064,3360.0
Anomalia,0.026,0.4673,1.5158,-1.3689,0.468,0.1176,0.4277,3360.0
Anomalia,0.0081,0.3498,0.646,-0.7111,0.3499,-0.0937,-0.9832,3600.0
Anomalia,0.0188,0.2759,0.5993,-0.5175,0.2766,0.0256,-0.7303,2880.0
Anomalia,0.0205,0.2729,0.679,-1.0438,0.2737,-0.1448,0.4,3600.0
Anomalia,-0.0086,1.0789,3.5252,-3.3929,1.0789,0.1226,3.0142,3120.0
Anomalia,0.0372,1.2054,3.5252,-3.3929,1.206,0.1044,1.3506,3360.0
Anomalia,0.0186,1.339,3.5252,-3.3929,1.3391,0.0735,0.2315,3360.0
Anomalia,0.0156,1.3599,3.5252,-3.3929,1.36,0.0776,0.0447,3360.0
Anomalia,0.0444,0.8821,2.5896,-2.4401,0.8832,0.0771,0.788,3360.0
Anomalia,-0.0096,0.697,2.3617,-2.4401,0.6971,-0.1704,2.2055,3360.0
Anomalia,0.0133,0.3851,0.8459,-0.8534,0.3854,-0.1455,-0.5662,2880.0
Anomalia,0.0129,0.2918,0.6114,-0.7733,0.2921,-0.3232,-0.2189,2880.0
Anomalia,0.0231,0.2448,0.6114,-0.6519,0.2459,-0.2557,0.1232,2880.0
Anomalia,0.0122,1.1734,4.0243,-3.8173,1.1735,0.125,3.6777,2880.0
Anomalia,0.0392,1.3278,4.0243,-3.8173,1.3284,0.0821,1.5432,3360.0
Anomalia,0.0008,1.4924,4.0243,-3.8173,1.4924,0.0989,0.2314,3360.0
Anomalia,0.0108,1.5394,4.0243,-3.8173,1.5394,0.075,-0.1215,3360.0
Anomalia,0.0245,1.0456,2.6567,-2.683,1.0459,0.009,-0.0236,3360.0
Anomalia,0.0032,0.8508,2.6209,-2.683,0.8508,-0.0942,0.9508,3360.0
Anomalia,0.0256,0.515,1.2169,-1.1907,0.5156,-0.0495,-0.0385,3360.0
Anomalia,0.0099,0.3822,1.0291,-1.1418,0.3823,-0.1025,0.2502,2880.0
Anomalia,0.0217,0.2981,0.7754,-0.5525,0.2989,0.2647,-0.5699,2880.0
Anomalia,-0.0233,1.5006,5.1854,-5.1536,1.5008,0.1025,3.8051,2880.0
Anomalia,0.0586,1.7281,5.1854,-5.1536,1.7291,0.0598,1.4013,3360.0
Anomalia,-0.0035,1.9458,5.1854,-5.1536,1.9458,0.0723,0.1223,3360.0
Anomalia,0.0184,1.9936,5.1854,-5.1536,1.9937,0.0416,-0.1529,3360.0
Anomalia,0.0527,1.3594,3.5995,-3.4756,1.3605,0.0254,0.0881,3360.0
Anomalia,-0.022,1.0707,3.2994,-3.4756,1.0709,-0.1765,1.3242,3360.0
Anomalia,0.0301,0.5923,1.4552,-1.2846,0.593,0.0623,-0.2994,3600.0
Anomalia,0.0071,0.4129,1.0675,-1.2541,0.413,-0.2451,-0.0397,2880.0
Anomalia,0.0095,0.3279,0.7604,-0.8142,0.328,-0.151,-0.4264,2880.0
Anomalia,0.0073,0.4678,1.4306,-1.2662,0.4678,0.1286,0.84,2880.0
Anomalia,0.0247,0.5122,1.4306,-1.2662,0.5128,0.0469,0.4863,3360.0
Anomalia,0.0008,0.5462,1.4306,-1.2662,0.5462,0.0828,0.0264,3360.0
Anomalia,0.0152,0.5516,1.4306,-1.2662,0.5518,0.0095,-0.0904,3360.0
Anomalia,0.0254,0.4085,1.1535,-1.169,0.4093,-0.1836,0.6352,3360.0
Anomalia,0.0119,0.3105,0.8626,-1.0371,0.3107,-0.3698,0.943,3360.0
Anomalia,0.0322,0.2871,0.7395,-0.6377,0.2889,0.0393,-0.5924,2880.0
Anomalia,0.0158,0.3013,0.7395,-0.6377,0.3017,0.085,-0.7776,3360.0
Anomalia,0.0162,0.298,0.7395,-0.6377,0.2985,0.0857,-0.5813,3360.0
Anomalia,0.0327,0.9413,3.1338,-3.0094,0.9418,0.1314,3.197,2880.0
Anomalia,0.0119,1.1058,3.1338,-3.0094,1.1059,0.0668,1.1615,2880.0
Anomalia,0.0204,1.2208,3.1338,-3.0094,1.2209,0.0388,0.1444,3360.0
Anomalia,0.0186,1.2375,3.1338,-3.0094,1.2377,0.0424,-0.0136,3360.0
Anomalia,-0.0114,0.8796,2.5328,-2.3442,0.8797,-0.0109,0.6242,3360.0
Anomalia,0.0147,0.6408,2.3028,-2.1309,0.641,0.0275,1.8411,3360.0
Anomalia,0.0055,0.3915,0.858,-0.9348,0.3915,-0.1096,-0.6591,2880.0
Anomalia,0.0143,0.3187,0.79,-0.9348,0.3191,-0.3894,0.0539,2880.0
Anomalia,0.0175,0.2572,0.5133,-0.5772,0.2578,-0.2153,-0.8327,2880.0
Anomalia,0.0467,1.251,4.4158,-4.3949,1.2519,0.2806,4.6099,3120.0
Anomalia,-0.0092,1.4638,4.4158,-4.3949,1.4638,0.1325,1.7739,3360.0
Anomalia,0.0203,1.7466,4.4158,-4.3949,1.7467,0.0611,-0.019,3360.0
Anomalia,0.0103,1.7915,4.4158,-4.3949,1.7915,0.0689,-0.2875,3360.0
Anomalia,-0.0139,1.3379,3.2143,-3.332,1.338,-0.0778,-0.1084,3360.0
Anomalia,0.042,1.0984,3.2143,-3.332,1.0992,0.0012,1.2072,3360.0
Anomalia,0.0121,0.5538,1.2487,-1.328,0.5539,-0.0625,-0.1584,3360.0
Anomalia,0.0193,0.3906,1.1185,-1.1101,0.3911,0.1273,0.5174,2880.0
Anomalia,0.0189,0.2638,0.5525,-0.5233,0.2645,0.0012,-1.1449,2880.0
Anomalia,0.0455,1.0819,3.9012,-3.6913,1.0829,0.0854,4.3184,2880.0
Anomalia,-0.0036,1.2775,3.9012,-3.6913,1.2775,0.0645,1.3989,3360.0
Anomalia,0.0296,1.429,3.9012,-3.6913,1.4293,0.0145,0.1895,3360.0
Anomalia,0.0165,1.4706,3.9012,-3.6913,1.4707,0.0365,-0.1321,3360.0
Anomalia,-0.0094,1.0346,2.6643,-2.4806,1.0346,-0.0083,-0.051,3360.0
Anomalia,0.0198,0.7835,2.6643,-2.4806,0.7837,0.147,1.5719,3360.0
Anomalia,0.0114,0.456,1.1477,-1.1669,0.4562,-0.0271,-0.0026,3600.0
Anomalia,0.0066,0.2942,0.8931,-0.7545,0.2942,-0.0011,-0.2969,2880.0
Anomalia,0.0164,0.2401,0.5079,-0.5801,0.2407,-0.1712,-0.3509,2880.0
Anomalia,0.0039,1.0644,4.0565,-3.799,1.0644,-0.0511,4.9801,3120.0
Anomalia,-0.0121,1.2967,4.0565,-3.799,1.2968,0.0898,1.9528,3360.0
Anomalia,0.0227,1.5452,4.0565,-3.799,1.5454,0.0577,0.1324,3360.0
Anomalia,0.0012,1.5889,4.0565,-3.799,1.5889,0.0866,-0.1744,3360.0
Anomalia,0.0312,1.2208,3.6183,-2.9535,1.2212,0.1559,0.4974,3360.0
Anomalia,0.0395,0.9753,3.0035,-2.9535,0.9761,0.1382,1.4617,3360.0
Anomalia,0.0156,0.4935,1.1176,-1.2975,0.4937,-0.0769,-0.0363,3360.0
Anomalia,0.0223,0.3608,1.0942,-0.8839,0.3615,0.2703,0.2084,2880.0
Anomalia,0.0185,0.2949,0.7149,-0.6164,0.2955,0.1165,-0.5462,2880.0
Anomalia,-0.0316,1.3013,5.1006,-4.8778,1.3017,-0.1133,5.7303,2880.0
Anomalia,0.0057,1.5942,5.1006,-4.8778,1.5942,0.0994,2.1728,3360.0
Anomalia,0.0177,1.8481,5.1006,-4.8778,1.8481,0.0758,0.3807,3360.0
Anomalia,0.0227,1.8961,5.1006,-4.8778,1.8962,0.0655,0.0697,3360.0
Anomalia,0.0608,1.4407,4.387,-3.2994,1.442,0.2457,0.3787,3360.0
Anomalia,0.0191,1.1216,3.3483,-3.2994,1.1218,0.1305,1.0629,3360.0
Anomalia,0.0138,0.617,1.5158,-1.4423,0.6172,0.103,-0.3239,3360.0
Anomalia,0.0054,0.4735,1.3104,-1.2228,0.4736,0.0675,-0.0906,2880.0
Anomalia,0.0325,0.348,0.7253,-0.6535,0.3495,-0.0906,-0.9293,2880.0
Anomalia,-0.0312,1.2792,5.1107,-5.0714,1.2795,-0.247,5.9934,2880.0
Anomalia,0.0451,1.6404,5.1107,-5.0714,1.641,0.0579,2.0529,3360.0
Anomalia,0.0062,1.9877,5.1107,-5.0714,1.9877,0.083,0.0738,3360.0
Anomalia,0.0098,2.0349,5.1107,-5.0714,2.0349,0.0775,-0.183,3360.0
Anomalia,0.0789,1.6464,4.912,-3.7986,1.6483,0.1839,0.2614,3360.0
Anomalia,-0.0076,1.3048,3.8257,-3.6809,1.3048,0.0928,1.0859,3360.0
Anomalia,0.0369,0.6383,1.8329,-1.565,0.6394,0.0513,-0.0929,3600.0
Anomalia,0.0116,0.4747,1.2975,-1.1986,0.4748,-0.015,0.2536,2880.0
Anomalia,0.0048,0.3356,0.8601,-0.9081,0.3356,-0.1134,0.0325,2880.0
Anomalia,-0.0,0.5956,2.244,-1.9974,0.5956,-0.0731,4.0835,2880.0
Anomalia,0.0142,0.7265,2.244,-1.9974,0.7266,0.068,1.1959,3360.0
Anomalia,0.016,0.8255,2.244,-1.9974,0.8256,0.0395,0.1305,3360.0
Anomalia,0.021,0.8384,2.244,-1.9974,0.8387,0.0188,-0.0462,3360.0
Anomalia,0.0333,0.655,1.7674,-1.6017,0.6558,0.108,0.1567,3360.0
Anomalia,0.0134,0.5125,1.6885,-1.6017,0.5127,-0.0107,1.479,3360.0
Anomalia,0.0116,0.3168,0.598,-0.6828,0.317,-0.0527,-0.9999,3360.0
Anomalia,0.0134,0.2707,0.598,-0.6828,0.271,-0.0699,-0.5928,2880.0
Anomalia,0.0258,0.2151,0.5196,-0.4157,0.2166,0.0847,-0.7571,2880.0
Anomalia,-0.0275,1.0082,3.9747,-3.7527,1.0086,-0.1646,5.7409,2880.0
Anomalia,0.0351,1.2309,3.9747,-3.7527,1.2314,0.0479,2.2609,2880.0
Anomalia,0.0032,1.4761,3.9747,-3.7527,1.4761,0.0507,0.2661,3360.0
Anomalia,0.0106,1.514,3.9747,-3.7527,1.514,0.036,-0.0333,3360.0
Anomalia,0.0627,1.172,3.3983,-2.7924,1.1737,0.1239,0.4477,3360.0
Anomalia,0.0064,0.9473,2.8425,-2.7924,0.9474,-0.0692,1.4104,3360.0
Anomalia,0.0326,0.5013,1.0863,-1.0371,0.5024,-0.0046,-0.6828,3600.0
Anomalia,0.0137,0.3868,1.0863,-0.9657,0.3871,0.0482,-0.1816,2880.0
Anomalia,0.0087,0.2872,0.7182,-0.6197,0.2873,0.0991,-0.455,2880.0
Anomalia,-0.0077,0.9666,3.905,-3.8687,0.9666,-0.0731,6.7304,2880.0
Anomalia,0.0315,1.2265,3.905,-3.8687,1.2269,0.0297,2.3361,3360.0
Anomalia,0.0114,1.5213,3.905,-3.8687,1.5213,0.0685,0.1203,3360.0
Anomalia,0.0329,1.581,3.905,-3.8687,1.5813,0.0259,-0.2934,3360.0
Anomalia,0.0407,1.3114,3.3892,-2.9635,1.312,0.1055,-0.1316,3360.0
Anomalia,0.0009,1.0652,3.0812,-2.9635,1.0652,0.1318,0.8387,3360.0
Anomalia,0.0228,0.5807,1.3096,-1.2837,0.5812,0.0788,-0.2604,3360.0
Anomalia,0.0095,0.4247,1.2161,-1.0579,0.4248,0.0962,0.2915,2880.0
Anomalia,0.0075,0.2868,0.7312,-0.7666,0.2869,0.0221,-0.2536,2880.0
Anomalia,0.0238,1.0882,4.806,-4.4959,1.0884,0.3951,7.3444,2880.0
Anomalia,0.0416,1.4553,4.806,-4.4959,1.4559,0.1616,2.3224,3360.0
Anomalia,0.0121,1.7329,4.806,-4.4959,1.733,0.1166,0.3345,3360.0
Anomalia,0.0298,1.7852,4.806,-4.4959,1.7855,0.0781,-0.0174,3360.0
Anomalia,0.014,1.4764,4.2005,-4.4676,1.4765,0.0152,0.3483,3360.0
Anomalia,-0.006,1.1193,3.3704,-3.1738,1.1193,-0.0031,1.1377,3360.0
Anomalia,0.024,0.5955,1.5133,-1.5533,0.596,-0.0314,-0.1281,3600.0
Anomalia,0.0092,0.4167,1.1539,-1.1101,0.4168,0.0081,0.4197,2880.0
Anomalia,0.0042,0.2655,0.7199,-0.6723,0.2656,0.0596,-0.0831,2880.0
Anomalia,0.04,0.6277,2.855,-2.403,0.6289,0.7704,7.2715,2880.0
Anomalia,0.0079,0.9017,2.855,-2.7486,0.9018,0.1132,2.306,3360.0
Anomalia,0.0244,1.118,2.855,-2.7486,1.1183,0.0188,0.1186,3360.0
Anomalia,0.024,1.1507,2.855,-2.7486,1.1509,0.0145,-0.1991,3360.0
Anomalia,-0.0035,1.0191,2.6484,-2.7486,1.0191,-0.1006,0.0858,3360.0
Anomalia,0.0105,0.7837,2.2077,-2.2265,0.7838,-0.0097,0.832,3360.0
Anomalia,0.0062,0.4382,0.8643,-0.9181,0.4383,0.0065,-0.7774,3360.0
Anomalia,0.0106,0.3706,0.8643,-0.8518,0.3707,0.0038,-0.3693,3360.0
Anomalia,0.0127,0.2917,0.6448,-0.601,0.292,0.0781,-0.8608,3360.0
Anomalia,0.0706,0.9189,4.0824,-3.3645,0.9216,0.7931,6.7676,2880.0
Anomalia,0.0103,1.2712,4.0824,-3.9563,1.2712,0.0987,2.4606,2880.0
Anomalia,0.0303,1.5239,4.0824,-3.9563,1.5243,0.0432,0.3634,2880.0
Anomalia,-0.001,1.5543,4.0824,-3.9563,1.5543,0.092,0.1281,3360.0
Anomalia,-0.0283,1.3194,3.6408,-3.9563,1.3197,-0.1227,0.6742,3360.0
Anomalia,0.0204,0.9817,3.077,-2.8132,0.9819,0.0538,1.3725,3360.0
Anomalia,0.0056,0.5106,1.1289,-1.1523,0.5106,-0.0254,-0.5928,3360.0
Anomalia,0.0306,0.4118,1.1289,-0.9674,0.4129,0.1351,-0.2234,2880.0
Anomalia,-0.0088,0.2806,0.6519,-0.596,0.2807,0.2285,-0.5188,2880.0
Anomalia,-0.0081,0.8343,3.4092,-3.7635,0.8343,-0.2496,8.4571,3120.0
Anomalia,0.0115,1.5288,4.7167,-4.8269,1.5288,0.0707,2.2347,3360.0
Anomalia,0.001,1.8396,4.7167,-4.8269,1.8396,0.0599,0.2369,3360.0
Anomalia,0.0303,1.9359,4.7167,-4.8269,1.9361,0.0246,-0.2787,3360.0
Anomalia,0.0305,1.8137,4.7167,-4.8269,1.814,0.0653,0.0367,3360.0
Anomalia,0.004,1.2954,3.6959,-3.5073,1.2954,0.0829,0.5109,3360.0
Anomalia,0.0235,0.7859,2.7143,-2.0904,0.7863,0.2263,0.7046,3600.0
Anomalia,0.0089,0.5181,1.333,-1.3092,0.5182,0.0951,0.3445,2880.0
Anomalia,0.0211,0.3566,0.9503,-0.6924,0.3573,0.267,-0.4224,2880.0
Anomalia,0.0441,0.6713,3.135,-2.5228,0.6728,0.7253,7.2069,2880.0
Anomalia,-0.0035,0.9434,3.135,-2.9159,0.9434,0.166,2.3025,3360.0
Anomalia,0.0222,1.0929,3.135,-2.9159,1.0931,0.0758,0.4568,3360.0
Anomalia,0.0067,1.1023,3.135,-2.9159,1.1023,0.1093,0.352,3360.0
Anomalia,-0.0078,0.9308,2.6588,-2.9159,0.9308,-0.0911,0.8103,3360.0
Anomalia,0.0342,0.6673,2.0157,-1.8354,0.6682,0.0309,0.951,3360.0
Anomalia,0.0145,0.3551,0.7161,-0.7516,0.3554,0.0056,-0.7297,3600.0
Anomalia,0.0202,0.2956,0.7095,-0.6381,0.2962,0.0597,-0.6518,3600.0
Anomalia,0.0225,0.2593,0.7095,-0.6381,0.2603,0.0614,-0.3493,2880.0
Anomalia,-0.0232,0.6024,2.3517,-2.8683,0.6029,-0.9655,8.2968,2880.0
Anomalia,0.0126,1.0807,3.5139,-3.2915,1.0808,0.137,2.6234,3120.0
Anomalia,0.0059,1.3068,3.5139,-3.2915,1.3068,0.1079,0.3981,3360.0
Anomalia,0.0173,1.3488,3.5139,-3.2915,1.3489,0.0855,0.0231,3360.0
Anomalia,0.0518,1.253,3.5139,-3.2915,1.2541,0.1519,0.4381,3360.0
Anomalia,0.0126,0.8877,2.6534,-2.4235,0.8878,0.0835,0.8514,3360.0
Anomalia,0.0198,0.485,1.4056,-1.0755,0.4854,0.1754,-0.1657,3360.0
Anomalia,0.013,0.3488,0.9344,-0.9048,0.349,-0.1005,0.4762,2880.0
Anomalia,0.0189,0.2321,0.6068,-0.6047,0.2329,-0.1542,-0.2907,2880.0
Anomalia,-0.0196,0.7451,3.1964,-3.8157,0.7454,-1.0292,11.7281,2880.0
Anomalia,0.0284,1.4046,4.6378,-4.503,1.4049,0.0407,3.0678,3360.0
Anomalia,-0.0164,1.6872,4.6378,-4.503,1.6873,0.091,0.5898,3360.0
Anomalia,0.0312,1.7627,4.6378,-4.503,1.763,0.025,0.0647,3360.0
Anomalia,0.0388,1.6611,4.6378,-4.503,1.6616,0.1165,0.3023,3360.0
Anomalia,0.0179,1.1702,3.115,-3.1304,1.1703,0.0333,0.3026,3360.0
Anomalia,0.0411,0.711,2.085,-1.6451,0.7122,0.13,-0.0313,3360.0
Anomalia,-0.0036,0.5074,1.2975,-1.2704,0.5074,-0.1463,0.2739,2880.0
Anomalia,0.0344,0.3264,0.7416,-0.6502,0.3282,0.0616,-0.8773,2880.0
Anomalia,-0.0357,0.7956,3.12,-3.8808,0.7964,-1.0398,9.4956,2880.0
Anomalia,0.0179,1.4794,4.9095,-4.9621,1.4795,0.036,3.0179,3360.0
Anomalia,-0.0002,1.801,4.9095,-4.9621,1.801,0.054,0.4816,3360.0
Anomalia,0.017,1.865,4.9095,-4.9621,1.8651,0.035,0.0713,3360.0
Anomalia,0.0607,1.7505,4.9095,-4.9621,1.7515,0.0858,0.4175,3360.0
Anomalia,0.0098,1.2505,3.463,-3.3579,1.2505,0.0778,0.4953,3360.0
Anomalia,0.0347,0.7093,2.0833,-1.7115,0.7102,0.1905,-0.0466,3600.0
Anomalia,0.0028,0.5201,1.3083,-1.262,0.5201,0.1569,-0.1332,2880.0
Anomalia,0.0154,0.3641,1.0479,-0.8681,0.3644,0.0121,-0.1206,2880.0
Anomalia,0.0092,0.3754,1.1247,-1.2474,0.3755,-0.348,1.287,2880.0
Anomalia,0.0119,0.5139,1.5554,-1.4098,0.5141,0.0687,0.9952,3360.0
Anomalia,0.0185,0.5861,1.5554,-1.4098,0.5864,0.0562,0.0478,3360.0
Anomalia,0.0126,0.5876,1.5554,-1.4098,0.5877,0.0822,0.0161,3360.0
Anomalia,0.0237,0.5297,1.5554,-1.4098,0.5303,0.1834,0.6198,3360.0
Anomalia,0.0172,0.3914,1.2332,-1.0542,0.3918,0.0798,0.9122,2880.0
Anomalia,0.0212,0.23,0.4741,-0.4586,0.231,0.0164,-1.156,2880.0
Anomalia,0.0192,0.2784,0.6222,-0.6239,0.279,-0.0274,-0.7393,2880.0
Anomalia,0.013,0.2645,0.6222,-0.6239,0.2648,0.026,-0.41,3360.0
Anomalia,-0.0072,0.625,2.6471,-3.2585,0.6251,-0.8312,10.3231,3120.0
Anomalia,0.0263,1.1836,3.852,-3.7835,1.1839,0.0381,2.9765,3120.0
Anomalia,0.0131,1.4216,3.852,-3.7835,1.4216,0.0634,0.6012,3360.0
Anomalia,0.0342,1.4685,3.852,-3.7835,1.4689,0.0174,0.1891,3360.0
Anomalia,0.0329,1.3864,3.852,-3.7835,1.3867,0.1082,0.476,3360.0
Anomalia,0.006,0.9584,2.8366,-2.5683,0.9584,0.0895,0.7806,3360.0
Anomalia,0.0186,0.5213,1.275,-1.4548,0.5217,-0.0663,-0.2284,3360.0
Anomalia,-0.0049,0.3966,0.9453,-1.0905,0.3966,-0.1364,0.0224,2880.0
Anomalia,0.0281,0.2436,0.5964,-0.5905,0.2452,-0.2519,-0.1089,2880.0
Anomalia,0.0442,0.4855,2.7139,-1.7766,0.4875,1.5571,12.0058,3120.0
Anomalia,0.0017,1.2973,4.1166,-4.1266,1.2974,0.0926,2.6461,3120.0
Anomalia,0.0514,1.5506,4.1166,-4.1266,1.5515,0.029,0.6113,3360.0
Anomalia,0.0026,1.6736,4.1166,-4.1266,1.6736,0.052,-0.1468,3360.0
Anomalia,-0.0019,1.6604,4.1166,-4.1266,1.6604,0.0228,-0.1488,3360.0
Anomalia,0.0363,1.1559,3.226,-3.2882,1.1565,-0.0387,0.6709,3360.0
Anomalia,-0.007,0.7807,2.2302,-2.7711,0.7808,-0.3619,1.3265,3360.0
Anomalia,0.0227,0.479,1.2449,-1.1043,0.4795,0.1095,0.1255,2880.0
Anomalia,0.0087,0.3419,0.7545,-0.7979,0.342,-0.1366,-0.7112,2880.0
Anomalia,-0.0021,0.5958,2.5432,-3.1646,0.5958,-0.3124,8.6558,2880.0
Anomalia,0.0233,1.1187,3.8716,-3.5974,1.119,0.077,2.8329,3120.0
Anomalia,0.0185,1.3628,3.8716,-3.5974,1.3629,0.0492,0.3944,3360.0
Anomalia,0.0169,1.4133,3.8716,-3.5974,1.4134,0.0448,-0.0175,3360.0
Anomalia,0.0216,1.348,3.8716,-3.5974,1.3481,0.0722,0.18,3360.0
Anomalia,0.0064,0.9569,2.6263,-2.4815,0.9569,0.0233,0.382,3360.0
Anomalia,0.0117,0.5604,1.2858,-1.5099,0.5605,-0.0285,-0.2786,3360.0
Anomalia,0.0091,0.4004,0.9766,-0.9444,0.4005,-0.0025,-0.2477,3600.0
Anomalia,0.0151,0.2658,0.5951,-0.5409,0.2663,0.0626,-0.5654,2880.0
Anomalia,0.0396,0.5499,3.1901,-2.0637,0.5513,1.6106,13.2363,3120.0
Anomalia,0.0268,1.3619,4.3578,-4.1904,1.3622,0.0311,2.6529,3120.0
Anomalia,0.0335,1.5983,4.3578,-4.1904,1.5986,0.0443,0.6884,3360.0
Anomalia,0.003,1.6985,4.3578,-4.1904,1.6985,0.0604,0.0237,3360.0
Anomalia,-0.0065,1.6696,4.3578,-4.1904,1.6696,0.0208,0.0628,3360.0
Anomalia,0.0048,1.1175,3.1951,-3.0949,1.1175,0.07,0.7621,3360.0
Anomalia,0.0019,0.7428,2.0804,-2.4973,0.7428,-0.2351,1.0321,3360.0
Anomalia,0.0281,0.4762,1.2149,-1.1952,0.4771,0.0396,0.217,3360.0
Anomalia,0.0094,0.3225,0.8046,-0.7324,0.3226,-0.0319,-0.5588,2880.0
Anomalia,0.0292,0.5205,3.1283,-1.8601,0.5214,1.6048,12.6152,2880.0
Anomalia,0.0146,1.375,4.5076,-4.4575,1.3751,0.0412,3.152,2880.0
Anomalia,0.0239,1.6138,4.5076,-4.4575,1.614,0.037,0.8805,3360.0
Anomalia,0.0087,1.6994,4.5076,-4.4575,1.6994,0.053,0.2557,3360.0
Anomalia,0.0086,1.689,4.5076,-4.4575,1.689,0.0086,0.2162,3360.0
Anomalia,0.007,1.1153,3.216,-2.9472,1.1154,0.1005,0.4588,3360.0
Anomalia,0.0024,0.7309,2.5174,-2.1134,0.7309,0.0225,0.5644,3360.0
Anomalia,0.0247,0.5063,1.2708,-1.237,0.5069,0.0372,0.0072,3600.0
Anomalia,0.0065,0.3354,0.881,-0.9352,0.3355,-0.1027,-0.4288,2880.0
Anomalia,-0.0031,0.4136,0.9795,-2.0437,0.4136,-1.6553,6.3449,3120.0
Anomalia,0.0471,1.5561,4.8974,-5.1253,1.5568,-0.0051,2.9207,3120.0
Anomalia,-0.0235,1.7915,4.8974,-5.1253,1.7916,0.0347,0.9451,3360.0
Anomalia,0.0176,1.9804,4.8974,-5.1253,1.9805,0.0324,-0.0539,3360.0
Anomalia,0.0275,2.0083,4.8974,-5.1253,2.0085,0.0307,-0.2146,3360.0
Anomalia,-0.0236,1.3522,3.6283,-3.6003,1.3524,0.1123,0.2714,3360.0
Anomalia,0.0428,1.0172,3.6283,-2.9622,1.0181,0.3442,1.6373,3360.0
Anomalia,0.0088,0.5566,1.507,-1.3096,0.5567,0.0166,0.3235,2880.0
Anomalia,0.0249,0.3532,1.0892,-0.8301,0.3541,0.0732,0.0673,2880.0
Anomalia,0.0155,0.35,1.6998,-1.2499,0.3504,0.0117,3.7333,2880.0
Anomalia,0.0197,0.8536,2.7682,-2.6793,0.8538,-0.0176,2.703,3360.0
Anomalia,0.0049,0.9995,2.7682,-2.6793,0.9995,-0.0023,0.6363,3360.0
Anomalia,0.0131,1.0329,2.7682,-2.6793,1.033,-0.0048,0.2593,3360.0
Anomalia,0.022,1.0259,2.7682,-2.6793,1.0261,-0.0319,0.2838,3360.0
Anomalia,0.014,0.6592,1.9252,-1.7791,0.6593,-0.044,0.7234,3360.0
Anomalia,0.0107,0.4162,1.5233,-1.1001,0.4164,0.2393,0.3913,3360.0
Anomalia,0.0128,0.3231,0.6719,-0.6444,0.3234,-0.0041,-0.9439,2880.0
Anomalia,0.0124,0.272,0.6548,-0.5075,0.2723,0.059,-0.9112,2880.0
Anomalia,0.0078,0.3735,1.8788,-1.7031,0.3736,-0.394,6.4291,2880.0
Anomalia,0.0352,1.1069,3.5807,-3.6058,1.1075,-0.0889,2.9318,2880.0
Anomalia,-0.0018,1.3175,3.5807,-3.6058,1.3175,-0.0169,0.7606,3360.0
Anomalia,0.0168,1.4056,3.5807,-3.6058,1.4057,-0.0178,0.0651,3360.0
Anomalia,0.0205,1.4146,3.5807,-3.6058,1.4148,-0.014,-0.0369,3360.0
Anomalia,0.0013,0.9618,2.7844,-2.5449,0.9618,0.061,0.6886,3360.0
Anomalia,0.0253,0.6496,2.3162,-1.8596,0.6501,0.293,1.0237,3360.0
Anomalia,0.0171,0.4256,1.0872,-0.9682,0.4259,0.0853,-0.2383,2880.0
Anomalia,0.0114,0.285,0.6932,-0.5976,0.2852,0.0695,-0.539,2880.0
Anomalia,-0.0078,0.3431,0.6932,-1.6885,0.3432,-1.5941,6.1207,2880.0
Anomalia,0.0366,1.372,4.503,-4.4905,1.3725,0.0716,3.1712,3360.0
Anomalia,-0.0231,1.5772,4.503,-4.4905,1.5774,0.0766,1.107,3360.0
Anomalia,0.0329,1.7615,4.503,-4.4905,1.7618,0.0353,-0.0395,3360.0
Anomalia,0.0256,1.8029,4.503,-4.4905,1.8031,0.0496,-0.2874,3360.0
Anomalia,-0.0024,1.252,3.2677,-3.1822,1.252,0.0676,-0.1345,3360.0
Anomalia,0.0425,0.9831,3.2677,-2.6864,0.984,0.2735,0.7471,3360.0
Anomalia,0.005,0.6545,1.454,-1.3538,0.6545,0.0659,-0.5693,3360.0
Anomalia,0.0289,0.4863,1.454,-1.151,0.4871,0.309,0.0751,2880.0
Anomalia,-0.0127,0.438,0.997,-1.7449,0.4382,-0.6909,1.7515,2880.0
Anomalia,0.0284,1.3878,4.7643,-4.5314,1.3881,0.1324,3.0787,2880.0
Anomalia,-0.0275,1.6255,4.7643,-4.5314,1.6257,0.1185,1.0192,3360.0
Anomalia,0.0319,1.77,4.7643,-4.5314,1.7703,0.0645,0.0656,3360.0
Anomalia,0.0324,1.7957,4.7643,-4.5314,1.7959,0.0704,-0.103,3360.0
Anomalia,0.0053,1.238,3.3637,-3.2527,1.238,0.0672,0.3218,3360.0
Anomalia,0.0484,0.8687,3.0641,-2.2745,0.87,0.3909,1.0194,3360.0
Anomalia,0.0,0.5347,1.3121,-1.2599,0.5347,0.0205,-0.346,2880.0
Anomalia,0.0216,0.3631,1.1151,-0.8393,0.3637,0.1944,0.0593,2880.0
Anomalia,0.0132,0.3101,0.712,-1.3559,0.3104,-0.6811,2.2408,2880.0
Anomalia,0.003,0.7893,2.4598,-2.4719,0.7893,0.0005,2.5559,2880.0
Anomalia,0.0134,0.9147,2.4598,-2.4719,0.9148,-0.0343,0.9319,3360.0
Anomalia,0.0342,1.0154,2.4598,-2.4719,1.016,-0.0728,-0.0136,3360.0
Anomalia,0.0233,1.0328,2.4598,-2.4719,1.0331,-0.0286,-0.2182,3360.0
Anomalia,0.0318,0.738,1.9669,-2.0892,0.7387,-0.0814,0.5693,3360.0
Anomalia,0.0134,0.5552,1.9035,-2.0145,0.5554,0.0067,1.7645,3360.0
Anomalia,-0.0005,0.3559,0.6965,-0.9031,0.3559,-0.1344,-0.7501,3360.0
Anomalia,0.0112,0.2765,0.5968,-0.6531,0.2767,-0.0961,-0.8002,2880.0
Anomalia,0.0093,0.3287,0.7207,-1.9126,0.3289,-2.0696,9.8281,2880.0
Anomalia,0.0021,1.2575,4.2497,-4.1925,1.2575,0.0168,3.4447,2880.0
Anomalia,0.0282,1.4696,4.2497,-4.1925,1.4699,0.0177,1.1568,3360.0
Anomalia,0.0147,1.5943,4.2497,-4.1925,1.5944,0.0136,0.2442,3360.0
Anomalia,0.0221,1.6157,4.2497,-4.1925,1.6158,0.0188,0.0699,3360.0
Anomalia,0.0412,1.0847,3.1108,-2.855,1.0855,-0.0024,0.6037,3360.0
Anomalia,0.0109,0.7725,2.5537,-2.8061,0.7726,-0.1595,1.8024,3360.0
Anomalia,0.0198,0.4821,1.209,-1.1318,0.4825,0.0538,-0.1699,2880.0
Anomalia,0.0156,0.3425,1.0229,-1.1318,0.3428,0.0593,0.4079,2880.0
Anomalia,0.014,0.2682,0.7888,-0.4941,0.2686,0.2944,-0.6504,2880.0
Anomalia,0.0401,1.3015,4.5627,-4.541,1.3021,0.2464,4.1857,3120.0
Anomalia,0.0344,1.5381,4.5627,-4.541,1.5385,0.1116,1.4383,3360.0
Anomalia,0.0217,1.7927,4.5627,-4.541,1.7928,0.0767,-0.0416,3360.0
Anomalia,0.0274,1.8392,4.5627,-4.541,1.8394,0.0619,-0.3144,3360.0
Anomalia,-0.0146,1.3445,3.4852,-3.3812,1.3446,-0.0029,0.0967,3360.0
Anomalia,-0.0002,1.0723,3.4852,-3.2423,1.0723,0.0112,1.4934,3360.0
Anomalia,0.0089,0.538,1.2011,-1.2199,0.5381,0.0184,0.0164,3600.0
Anomalia,0.0062,0.4,1.0538,-1.1018,0.4,-0.0463,0.1053,2880.0
Anomalia,0.0305,0.332,0.8468,-0.722,0.3334,0.0918,-0.0129,3360.0
Anomalia,0.0084,0.9257,3.188,-2.9501,0.9257,0.0796,3.0412,3120.0
Anomalia,0.039,1.0741,3.188,-2.9501,1.0748,0.0265,0.8561,3360.0
Anomalia,-0.0047,1.1521,3.188,-2.9501,1.1522,0.0658,0.163,3360.0
Anomalia,0.002,1.18,3.188,-2.9501,1.18,0.0471,-0.1065,3360.0
Anomalia,0.0235,0.7953,2.0913,-1.9932,0.7957,-0.066,0.0029,3360.0
Anomalia,-0.005,0.5968,1.7445,-1.9932,0.5968,-0.3109,0.9099,3360.0
Anomalia,0.0323,0.3801,0.9069,-0.8576,0.3815,-0.0772,-0.3707,3600.0
Anomalia,0.0135,0.2792,0.6694,-0.6711,0.2796,-0.0276,-0.4375,2880.0
Anomalia,0.0121,0.2483,0.6377,-0.6151,0.2486,0.0422,-0.3651,2880.0
Anomalia,0.0349,0.9028,2.9948,-2.9476,0.9035,0.2249,3.6806,2880.0
Anomalia,0.0062,1.0466,2.9948,-2.9476,1.0466,0.0979,1.3952,3360.0
Anomalia,0.0222,1.187,2.9948,-2.9476,1.1872,0.0475,0.1221,3360.0
Anomalia,0.0168,1.2088,2.9948,-2.9476,1.2089,0.0558,-0.0843,3360.0
Anomalia,-0.0046,0.8531,2.2536,-2.1877,0.8531,-0.1128,0.3769,3360.0
Anomalia,0.0138,0.6787,2.2536,-2.1877,0.6788,0.0531,1.6354,3360.0
Anomalia,0.0086,0.3809,0.8785,-0.8868,0.381,-0.1563,-0.5879,2880.0
Anomalia,0.0122,0.3064,0.8142,-0.8868,0.3066,-0.3141,-0.1127,2880.0
Anomalia,0.0153,0.2415,0.5091,-0.5651,0.242,-0.2769,-0.5749,2880.0
Anomalia,0.0572,0.983,3.3587,-3.2936,0.9847,0.1292,4.0997,2880.0
Anomalia,-0.0058,1.1232,3.3587,-3.2936,1.1232,0.0565,1.7468,3360.0
Anomalia,0.0259,1.3038,3.3587,-3.2936,1.3041,0.0249,0.148,3360.0
Anomalia,0.0108,1.3337,3.3587,-3.2936,1.3338,0.0524,-0.1079,3360.0
Anomalia,-0.0253,0.9542,2.3479,-2.3859,0.9545,-0.0396,0.0377,3360.0
Anomalia,0.037,0.7867,2.3479,-2.375,0.7876,0.1262,1.2688,3360.0
Anomalia,0.0065,0.4354,0.9703,-0.9636,0.4354,-0.0223,-0.3889,3360.0
Anomalia,0.019,0.3438,0.9703,-0.9636,0.3443,0.0318,0.3846,2880.0
Anomalia,0.0302,0.237,0.5918,-0.4749,0.2389,0.1051,-0.6553,2880.0
Anomalia,0.0594,1.4492,5.2292,-5.1461,1.4504,0.2052,4.7244,2880.0
Anomalia,0.0092,1.687,5.2292,-5.1461,1.687,0.0936,1.8123,3360.0
Anomalia,0.0276,1.9214,5.2292,-5.1461,1.9216,0.0616,0.2821,3360.0
Anomalia,0.0113,1.9681,5.2292,-5.1461,1.9681,0.0773,-0.0006,3360.0
Anomalia,-0.0345,1.3722,3.4543,-3.3775,1.3726,-0.0308,0.0472,3360.0
Anomalia,0.0217,1.0961,3.4543,-3.3775,1.0963,0.0934,1.2444,3360.0
Anomalia,0.0016,0.593,1.3342,-1.5579,0.593,-0.0838,-0.2544,3600.0
Anomalia,0.0129,0.4311,1.1781,-1.1159,0.4313,-0.0107,0.1504,2880.0
Anomalia,0.0202,0.3459,1.06,-0.9761,0.3465,-0.0358,0.7395,2880.0
Anomalia,0.0307,0.5202,1.7691,-1.5554,0.5211,0.1351,2.4796,2880.0
Anomalia,0.0125,0.6006,1.7691,-1.5554,0.6007,0.053,0.8134,3360.0
Anomalia,0.0161,0.6722,1.7691,-1.5554,0.6724,0.0423,-0.0268,3360.0
Anomalia,0.0098,0.6914,1.7691,-1.5554,0.6915,0.0596,-0.3168,3360.0
Anomalia,0.0082,0.5211,1.4219,-1.2896,0.5212,-0.0744,-0.028,3360.0
Anomalia,0.0157,0.4195,1.4219,-1.2896,0.4198,0.0861,1.0464,3360.0
Anomalia,0.0206,0.2964,0.6548,-0.5304,0.2971,0.0465,-1.0445,3360.0
Anomalia,0.016,0.2581,0.6548,-0.5142,0.2586,0.1648,-0.756,2880.0
Anomalia,0.006,0.2327,0.4904,-0.4315,0.2327,0.101,-0.8406,2880.0
Anomalia,0.0122,0.6653,2.229,-2.0454,0.6654,0.0457,3.0414,2880.0
Anomalia,-0.0128,0.7944,2.229,-2.0454,0.7945,0.0625,1.0893,2880.0
Anomalia,0.0293,0.8863,2.229,-2.0454,0.8868,0.0061,0.0503,2880.0
Anomalia,0.0153,0.892,2.229,-2.0454,0.8921,0.0491,-0.0218,3360.0
Anomalia,0.0116,0.6625,2.1238,-1.805,0.6626,0.0847,0.741,3360.0
Anomalia,0.0345,0.4806,1.7445,-1.4577,0.4818,0.3298,2.0541,3360.0
Anomalia,0.0005,0.3,0.6924,-0.7516,0.3,-0.1739,-0.5148,2880.0
Anomalia,0.0162,0.2777,0.6924,-0.7516,0.2781,-0.3246,0.0072,2880.0
Anomalia,0.0357,0.2032,0.5576,-0.5555,0.2063,-0.2837,0.2402,2880.0
Anomalia,-0.0356,1.1402,4.3941,-4.5051,1.1407,-0.316,6.1964,3120.0
Anomalia,0.0296,1.465,4.3941,-4.5051,1.4653,0.0314,1.9636,3360.0
Anomalia,-0.0041,1.781,4.3941,-4.5051,1.781,0.0491,-0.0081,3360.0
Anomalia,0.0104,1.8429,4.3941,-4.5051,1.8429,0.0328,-0.3623,3360.0
Anomalia,0.0684,1.5054,4.1817,-3.4284,1.507,0.1378,-0.1215,3360.0
Anomalia,0.0079,1.1989,3.3136,-3.4284,1.1989,0.0052,0.7354,3360.0
Anomalia,0.0387,0.6448,1.6535,-1.3684,0.646,0.173,-0.1539,3360.0
Anomalia,0.0078,0.4505,1.4106,-1.2866,0.4506,0.1684,1.1348,2880.0
Anomalia,0.0122,0.2764,0.8138,-0.6648,0.2767,0.1249,-0.2884,2880.0
Anomalia,0.0088,1.0261,3.9701,-3.703,1.0261,-0.0159,5.2232,2880.0
Anomalia,-0.0059,1.2499,3.9701,-3.703,1.2499,0.0372,1.6361,3360.0
Anomalia,0.033,1.4313,3.9701,-3.703,1.4316,0.0098,0.1708,3360.0
Anomalia,0.0169,1.4766,3.9701,-3.703,1.4767,0.0325,-0.1733,3360.0
Anomalia,0.0251,1.1038,3.0424,-2.5954,1.1041,0.0923,-0.0747,3360.0
Anomalia,0.0331,0.8402,2.6964,-2.5954,0.8409,0.1853,1.2988,3360.0
Anomalia,-0.0033,0.4957,1.1673,-1.2274,0.4957,0.0046,-0.3202,3600.0
Anomalia,0.017,0.3513,0.9023,-0.7654,0.3517,0.2478,-0.495,2880.0
Anomalia,0.0202,0.2783,0.6836,-0.5634,0.279,0.1352,-0.3125,3360.0
Anomalia,0.0115,1.0381,4.1879,-3.9809,1.0382,0.0431,5.9733,3120.0
Anomalia,0.0411,1.3267,4.1879,-3.9809,1.3273,0.0766,2.2803,3120.0
Anomalia,0.0143,1.5867,4.1879,-3.9809,1.5868,0.0908,0.2258,3360.0
Anomalia,0.0184,1.6274,4.1879,-3.9809,1.6275,0.077,-0.0684,3360.0
Anomalia,0.022,1.3039,3.8587,-3.539,1.3041,0.1304,0.5237,3360.0
Anomalia,0.0035,1.0048,3.0136,-2.8733,1.0048,0.078,1.1551,3360.0
Anomalia,0.0265,0.4884,1.1435,-1.2737,0.4892,-0.0518,-0.093,3360.0
Anomalia,0.0098,0.3443,1.0312,-0.9315,0.3444,0.0307,0.4761,2880.0
Anomalia,0.0172,0.269,0.7249,-0.689,0.2695,-0.0665,-0.0512,2880.0
Anomalia,0.0051,1.0422,4.339,-4.2076,1.0422,0.17,6.986,2880.0
Anomalia,0.0425,1.3514,4.339,-4.2076,1.3521,0.0907,2.4971,2880.0
Anomalia,0.0162,1.5808,4.339,-4.2076,1.5808,0.0753,0.478,3360.0
Anomalia,0.0221,1.6105,4.339,-4.2076,1.6106,0.0615,0.2394,3360.0
Anomalia,0.0286,1.2841,3.9405,-4.064,1.2844,0.0426,0.7165,3360.0
Anomalia,-0.0183,0.967,2.9188,-2.6484,0.9672,0.037,1.028,3360.0
Anomalia,0.019,0.5131,1.1806,-1.1022,0.5135,0.0433,-0.4791,3600.0
Anomalia,0.0111,0.4284,1.1806,-1.0579,0.4285,0.0774,-0.0871,2880.0
Anomalia,0.0104,0.3156,0.6682,-0.6385,0.3157,-0.1276,-0.7397,2880.0
Anomalia,0.067,1.0269,4.7789,-3.8937,1.0291,0.7872,7.8377,2880.0
Anomalia,0.0136,1.5562,4.7789,-4.9734,1.5563,0.0344,2.3248,3360.0
Anomalia,0.0343,1.9231,4.7789,-4.9734,1.9234,0.0128,0.1282,3360.0
Anomalia,0.0138,1.9997,4.7789,-4.9734,1.9997,0.0305,-0.2791,3360.0
Anomalia,-0.0257,1.7862,4.675,-4.9734,1.7864,-0.0694,0.0888,3360.0
Anomalia,0.016,1.3677,3.7301,-3.8157,1.3678,0.0401,0.5943,3360.0
Anomalia,-0.0042,0.7548,1.8763,-2.0767,0.7548,-0.1017,0.0613,3600.0
Anomalia,0.0208,0.515,1.4986,-1.4778,0.5154,-0.0208,1.1741,2880.0
Anomalia,0.0027,0.3085,0.8555,-0.7979,0.3085,0.0193,0.0753,2880.0
Anomalia,0.0216,0.6422,2.7936,-2.4122,0.6425,0.4076,6.411,2880.0
Anomalia,0.0204,0.8548,2.7936,-2.4815,0.855,0.1199,1.9809,3360.0
Anomalia,0.0147,1.0105,2.7936,-2.4815,1.0106,0.0659,0.2116,3360.0
Anomalia,0.0215,1.0373,2.7936,-2.4815,1.0375,0.0376,-0.0834,3360.0
Anomalia,0.0086,0.8615,2.3258,-2.4815,0.8615,-0.0629,0.2489,3360.0
Anomalia,0.0045,0.6572,1.9439,-1.8567,0.6572,-0.0388,0.9346,3360.0
Anomalia,0.0137,0.3896,0.7746,-0.8117,0.3898,-0.0234,-0.8579,3360.0
Anomalia,0.015,0.306,0.6832,-0.6636,0.3063,0.0572,-0.784,2880.0
Anomalia,0.0126,0.2518,0.5901,-0.452,0.2521,0.2273,-0.773,2880.0
Anomalia,0.0536,0.7172,3.1726,-2.734,0.7192,0.542,6.566,2880.0
Anomalia,0.0223,1.0016,3.1726,-3.1104,1.0018,-0.0118,2.4263,2880.0
Anomalia,0.023,1.2087,3.1726,-3.1104,1.2089,-0.049,0.2949,3360.0
Anomalia,0.0154,1.2376,3.1726,-3.1104,1.2377,-0.0338,0.0141,3360.0
Anomalia,-0.0151,1.0583,2.8996,-3.1104,1.0584,-0.1799,0.5915,3360.0
Anomalia,0.0063,0.7973,2.2569,-2.292,0.7974,-0.1038,1.0613,3360.0
Anomalia,0.0138,0.4393,0.9085,-0.9469,0.4395,-0.0554,-0.9197,3360.0
Anomalia,0.0197,0.3535,0.9085,-0.8409,0.3541,0.0654,-0.5294,2880.0
Anomalia,0.0105,0.2666,0.6126,-0.5509,0.2668,0.0588,-0.7333,2880.0
Anomalia,0.0657,0.8153,3.862,-3.11,0.8179,1.0031,8.164,2880.0
Anomalia,-0.0017,1.1913,3.862,-3.7389,1.1913,0.1007,2.5975,3360.0
Anomalia,0.0399,1.435,3.862,-3.7389,1.4355,0.0385,0.3136,3360.0
Anomalia,0.0056,1.481,3.862,-3.7389,1.481,0.0854,-0.0448,3360.0
Anomalia,-0.0278,1.2918,3.4351,-3.7389,1.2921,-0.0934,0.2922,3360.0
Anomalia,0.0272,0.9499,2.6496,-2.577,0.9503,0.1104,0.6807,3360.0
Anomalia,-0.0066,0.5169,1.1798,-1.4002,0.517,-0.1471,-0.226,3360.0
Anomalia,0.0391,0.4212,0.9561,-0.9236,0.423,0.0886,-0.4224,2880.0
Anomalia,0.0107,0.2967,0.8434,-0.7249,0.2969,0.2599,0.0582,2880.0
Anomalia,0.0587,0.9777,4.7972,-3.7602,0.9794,0.9748,9.1996,2880.0
Anomalia,-0.0144,1.4163,4.7972,-4.5039,1.4164,0.1976,2.7762,3600.0
Anomalia,0.0165,1.7268,4.7972,-4.5039,1.7269,0.0919,0.3864,3360.0
Anomalia,0.0006,1.786,4.7972,-4.5039,1.786,0.1038,-0.0064,3360.0
Anomalia,-0.0212,1.5656,4.2038,-4.5039,1.5657,-0.0746,0.1991,3360.0
Anomalia,0.0427,1.1948,3.3441,-3.2577,1.1956,-0.0139,0.6377,3360.0
Anomalia,0.0067,0.6521,1.5558,-1.6046,0.6521,-0.0103,-0.3701,3600.0
Anomalia,0.0308,0.4908,1.2791,-1.1794,0.4918,0.0629,-0.0192,2880.0
Anomalia,0.0069,0.3139,0.7391,-0.7483,0.3139,-0.0764,-0.3154,2880.0
Anomalia,-0.0018,0.4945,1.8993,-1.9932,0.4945,-0.4741,4.6887,2880.0
Anomalia,0.0143,0.739,2.259,-2.1075,0.7392,0.1112,1.9996,2880.0
Anomalia,0.0055,0.9014,2.259,-2.1075,0.9014,0.0363,0.2103,3360.0
Anomalia,0.0245,0.9324,2.259,-2.1075,0.9328,-0.0,-0.1495,3360.0
Anomalia,0.0313,0.8408,2.259,-2.1075,0.8414,0.0924,0.4113,3360.0
Anomalia,0.0138,0.6295,1.7415,-1.9185,0.6296,-0.0837,1.3193,3360.0
Anomalia,0.0203,0.3286,1.2065,-0.6473,0.3292,0.5198,0.6154,3360.0
Anomalia,0.0097,0.2536,0.5108,-0.5317,0.2537,0.1517,-0.9869,2880.0
Anomalia,0.0231,0.2283,0.5108,-0.4002,0.2294,0.2492,-1.0276,2880.0
Anomalia,0.0031,0.7026,3.1438,-3.2064,0.7026,-0.5492,8.4427,2880.0
Anomalia,0.0072,1.1646,3.8599,-3.66,1.1646,0.0645,2.887,2880.0
Anomalia,0.0071,1.4027,3.8599,-3.66,1.4027,0.0424,0.5146,3360.0
Anomalia,0.0084,1.4457,3.8599,-3.66,1.4457,0.0428,0.1424,3360.0
Anomalia,0.0278,1.3152,3.8599,-3.66,1.3155,0.1053,0.6672,3360.0
Anomalia,0.0292,0.9339,2.6797,-2.6108,0.9344,-0.0084,0.8913,3360.0
Anomalia,0.0167,0.5066,1.2942,-1.0771,0.5069,0.1866,-0.207,3360.0
Anomalia,0.0223,0.3743,1.0917,-0.8522,0.375,0.1366,0.2237,2880.0
Anomalia,0.0086,0.241,0.6339,-0.4432,0.2411,0.29,-0.765,2880.0
Anomalia,0.029,0.6835,3.6028,-3.3437,0.6841,0.8853,11.9958,3120.0
Anomalia,0.0171,1.559,4.8966,-4.8732,1.5591,0.1211,2.4099,3120.0
Anomalia,0.0189,1.8503,4.8966,-4.8732,1.8504,0.1027,0.416,3360.0
Anomalia,0.0409,1.9813,4.8966,-4.8732,1.9817,0.0498,-0.2527,3360.0
Anomalia,0.0058,1.9184,4.8966,-4.8732,1.9185,0.0683,-0.0972,3360.0
Anomalia,0.0303,1.3232,3.7247,-3.5636,1.3236,0.0595,0.4703,3360.0
Anomalia,0.0155,0.8671,2.8829,-3.1613,0.8672,-0.0068,1.5216,3600.0
Anomalia,0.0038,0.5022,1.3142,-1.2549,0.5023,0.0514,0.4753,2880.0
Anomalia,0.0116,0.3346,0.9273,-0.6836,0.3348,0.2882,-0.1977,2880.0
Anomalia,-0.0148,0.5768,2.2786,-2.7348,0.577,-0.7494,7.8792,2880.0
Anomalia,0.0214,0.9537,3.2343,-2.898,0.9539,0.1289,2.5449,3360.0
Anomalia,0.0076,1.1137,3.2343,-2.898,1.1137,0.1048,0.485,3360.0
Anomalia,0.0236,1.1362,3.2343,-2.898,1.1364,0.0617,0.2356,3360.0
Anomalia,0.0363,1.0411,3.2343,-2.898,1.0417,0.201,0.5679,3360.0
Anomalia,0.0029,0.7124,1.9594,-1.8755,0.7124,0.0376,0.2838,3360.0
Anomalia,0.0284,0.4209,1.0162,-0.9152,0.4219,-0.0016,-0.5395,3600.0
Anomalia,0.006,0.3296,0.8075,-0.7537,0.3297,0.0054,-0.353,3600.0
Anomalia,0.0238,0.2542,0.5467,-0.5467,0.2553,0.0636,-0.8501,3600.0
Anomalia,0.0217,0.4481,2.0424,-1.7724,0.4487,0.1339,6.5877,3600.0
Anomalia,0.0155,0.9619,3.0248,-2.8379,0.962,0.152,2.4173,2880.0
Anomalia,0.033,1.1264,3.0248,-2.8379,1.1269,0.0572,0.5358,3360.0
Anomalia,0.0197,1.1543,3.0248,-2.8379,1.1545,0.0774,0.2427,3360.0
Anomalia,0.0158,1.1088,3.0248,-2.8379,1.1089,0.0856,0.5686,3360.0
Anomalia,0.0155,0.7185,2.1543,-2.123,0.7186,-0.0115,1.3034,3360.0
Anomalia,-0.003,0.4001,1.0993,-1.2324,0.4001,-0.1483,0.1126,3600.0
Anomalia,0.0131,0.2893,0.6698,-0.7178,0.2896,-0.2958,-0.0841,2880.0
Anomalia,0.0101,0.2139,0.5638,-0.5596,0.2142,-0.1994,0.3942,2880.0
Anomalia,0.0421,0.3992,2.421,-1.3593,0.4014,2.2516,14.9172,2880.0
Anomalia,0.0261,1.0575,3.4288,-3.4401,1.0578,0.0431,3.0839,3360.0
Anomalia,0.027,1.2527,3.4288,-3.4401,1.253,0.0365,0.7656,3360.0
Anomalia,0.0136,1.3181,3.4288,-3.4401,1.3181,0.0388,0.1582,3360.0
Anomalia,-0.0098,1.302,3.4288,-3.4401,1.302,0.0246,0.1754,3360.0
Anomalia,0.0232,0.871,2.3834,-2.3204,0.8713,-0.0266,0.4621,3360.0
Anomalia,0.003,0.5624,1.4644,-1.7424,0.5624,-0.1614,0.2483,3360.0
Anomalia,0.0279,0.4073,1.0112,-0.9457,0.4082,0.0324,-0.1973,2880.0
Anomalia,0.0089,0.3071,0.752,-0.6594,0.3072,0.1307,-0.6193,2880.0
Anomalia,0.0354,0.6026,3.2598,-2.499,0.6036,1.3965,10.9378,2880.0
Anomalia,0.0093,1.5265,5.0305,-5.1299,1.5265,0.0578,3.1289,3360.0
Anomalia,0.0391,1.8296,5.0305,-5.1299,1.83,0.0405,0.6678,3360.0
Anomalia,0.0182,1.9293,5.0305,-5.1299,1.9294,0.0404,0.0642,3360.0
Anomalia,-0.0024,1.9044,5.0305,-5.1299,1.9044,0.0306,0.1088,3360.0
Anomalia,0.028,1.3047,3.5043,-3.4455,1.305,0.054,0.2735,3360.0
Anomalia,-0.0031,0.8376,2.2169,-2.5983,0.8376,-0.1747,0.3192,3360.0
Anomalia,0.024,0.5766,1.4786,-1.3492,0.5771,0.0821,-0.1113,2880.0
Anomalia,0.0123,0.3902,0.9532,-0.8117,0.3904,0.0343,-0.8593,2880.0
Anomalia,0.0255,0.3894,1.2762,-0.997,0.3903,0.2581,0.1992,2880.0
Anomalia,0.0056,0.6187,1.8626,-1.7011,0.6187,0.0558,1.3731,2880.0
Anomalia,0.0175,0.7,1.8626,-1.7011,0.7003,0.0277,0.2598,3360.0
Anomalia,0.0034,0.703,1.8626,-1.7011,0.703,0.0663,0.2274,3360.0
Anomalia,0.0042,0.6864,1.8626,-1.7011,0.6864,0.0073,0.3465,3360.0
Anomalia,0.024,0.4624,1.406,-1.2583,0.463,0.0094,0.6283,3360.0
Anomalia,0.0201,0.2987,0.5705,-0.7871,0.2993,-0.1274,-0.6373,3360.0
Anomalia,0.0253,0.3203,0.6757,-0.621,0.3213,0.0192,-0.9986,2880.0
Anomalia,0.0134,0.2855,0.6757,-0.621,0.2859,0.1147,-0.5843,3360.0
Anomalia,0.0253,0.415,1.8292,-1.6193,0.4158,0.2722,4.9614,3120.0
Anomalia,0.0112,0.8352,2.6113,-2.4168,0.8353,0.1073,2.2466,3120.0
Anomalia,0.0228,0.9993,2.6113,-2.4168,0.9996,0.0337,0.4385,2880.0
Anomalia,0.0192,1.0297,2.6113,-2.4168,1.0299,0.0376,0.0833,3360.0
Anomalia,0.0069,1.0009,2.6113,-2.4168,1.001,0.0523,0.249,3360.0
Anomalia,0.009,0.6903,2.0433,-2.0779,0.6903,0.0073,1.1599,3360.0
Anomalia,0.0099,0.3763,1.1314,-0.9745,0.3765,-0.1079,-0.2294,3360.0
Anomalia,0.0101,0.3092,0.732,-0.7458,0.3094,-0.2207,-0.5336,2880.0
Anomalia,0.0159,0.2305,0.5121,-0.5784,0.231,-0.4624,-0.4075,2880.0
Anomalia,-0.0095,0.3586,0.7671,-2.0032,0.3587,-2.4735,10.7527,3120.0
Anomalia,0.0409,1.4465,4.5857,-4.723,1.4471,0.0319,2.878,3120.0
Anomalia,-0.0146,1.6579,4.5857,-4.723,1.6579,0.0094,0.9689,3360.0
Anomalia,0.017,1.846,4.5857,-4.723,1.8461,0.0201,-0.0721,3360.0
Anomalia,0.0408,1.8704,4.5857,-4.723,1.8708,-0.0014,-0.2254,3360.0
Anomalia,-0.0154,1.2527,3.4013,-3.496,1.2528,0.0147,0.4404,3360.0
Anomalia,0.0501,0.9534,3.4013,-3.0257,0.9547,0.2952,2.0796,3360.0
Anomalia,0.0095,0.5168,1.348,-1.194,0.5169,0.0499,0.2343,3360.0
Anomalia,0.0156,0.3278,1.03,-0.8017,0.3282,0.2353,-0.1295,2880.0
Anomalia,0.0286,0.4493,2.7227,-1.6238,0.4502,1.14,9.8516,2880.0
Anomalia,0.012,1.1493,4.0243,-3.7389,1.1493,0.0834,3.1384,3120.0
Anomalia,0.0174,1.3761,4.0243,-3.7389,1.3763,0.0593,0.672,3360.0
Anomalia,0.0123,1.4491,4.0243,-3.7389,1.4492,0.0648,0.0724,3360.0
Anomalia,0.0129,1.434,4.0243,-3.7389,1.434,0.0323,0.0943,3360.0
Anomalia,0.0101,0.9669,2.6634,-2.4489,0.967,0.0964,0.3231,3360.0
Anomalia,0.0009,0.5948,2.0988,-1.5771,0.5948,0.1653,0.518,3360.0
Anomalia,0.0191,0.4139,1.0083,-0.8726,0.4143,0.1165,-0.5391,2880.0
Anomalia,0.005,0.2912,0.6531,-0.6665,0.2912,0.0353,-0.5139,2880.0
Anomalia,-0.0033,0.3726,0.7232,-1.815,0.3726,-1.5119,5.4455,3120.0
Anomalia,0.0217,1.1738,3.8015,-3.5715,1.174,0.0794,2.7585,3120.0
Anomalia,-0.018,1.3571,3.8015,-3.5715,1.3572,0.0578,0.9431,3360.0
Anomalia,0.0294,1.4927,3.8015,-3.5715,1.493,0.0315,-0.0128,3360.0
Anomalia,0.0241,1.5209,3.8015,-3.5715,1.5211,0.0556,-0.2276,3360.0
Anomalia,0.019,1.0465,2.7673,-2.8888,1.0467,0.012,0.4064,3360.0
Anomalia,0.0458,0.7817,2.7673,-2.2336,0.783,0.3406,1.3579,3360.0
Anomalia,0.003,0.4721,1.1619,-1.2916,0.4721,-0.1072,0.5601,3360.0
Anomalia,0.0202,0.3027,0.9085,-0.6377,0.3034,0.1943,0.0585,2880.0
Anomalia,-0.0091,0.3726,0.6986,-2.0892,0.3727,-2.3098,10.3681,2880.0
Anomalia,-0.0071,1.4562,4.9688,-4.7342,1.4563,0.1029,3.4947,3360.0
Anomalia,0.0156,1.6813,4.9688,-4.7342,1.6814,0.0624,1.227,3360.0
Anomalia,0.0241,1.8236,4.9688,-4.7342,1.8237,0.0428,0.2706,3360.0
Anomalia,0.0355,1.8458,4.9688,-4.7342,1.8462,0.043,0.1061,3360.0
Anomalia,0.0261,1.2069,3.3746,-3.193,1.2072,0.072,0.3891,3360.0
Anomalia,0.0155,0.8833,2.9564,-2.8988,0.8834,0.0779,1.2987,3360.0
Anomalia,0.0093,0.525,1.2324,-1.2382,0.5251,0.0865,-0.205,3600.0
Anomalia,0.0127,0.392,1.0855,-0.8935,0.3922,0.115,-0.4834,2880.0
Anomalia,0.0479,0.3563,0.934,-0.9987,0.3595,-0.0321,-0.4028,2880.0
Anomalia,-0.027,1.5179,4.9275,-5.1119,1.5181,0.0228,3.4115,3360.0
Anomalia,0.0461,1.7518,4.9275,-5.1119,1.7524,0.0336,1.1526,3360.0
Anomalia,0.0101,1.9801,4.9275,-5.1119,1.9801,0.0411,-0.0255,3360.0
Anomalia,0.0002,2.0203,4.9275,-5.1119,2.0203,0.0562,-0.2414,3360.0
Anomalia,0.0668,1.398,3.5786,-3.6275,1.3996,0.0715,0.1228,3360.0
Anomalia,-0.0059,1.1012,3.5786,-3.6275,1.1012,-0.077,1.694,3360.0
Anomalia,0.0258,0.5689,1.4552,-1.3684,0.5695,0.0798,0.1308,2880.0
Anomalia,0.0075,0.3958,1.2558,-1.3684,0.3959,-0.0009,1.1203,2880.0
Anomalia,0.0042,0.2974,0.8455,-0.876,0.2974,-0.1328,0.2594,2880.0
Anomalia,0.0045,0.5985,1.9702,-1.8872,0.5985,-0.0387,2.4688,2880.0
Anomalia,0.0173,0.7092,1.9702,-1.8872,0.7094,-0.0291,0.4661,3360.0
Anomalia,0.0204,0.7372,1.9702,-1.8872,0.7374,-0.0594,0.1154,3360.0
Anomalia,0.0134,0.7452,1.9702,-1.8872,0.7453,-0.0227,-0.0179,3360.0
Anomalia,0.026,0.5107,1.4244,-1.368,0.5113,-0.0369,0.3795,3360.0
Anomalia,0.0062,0.3482,1.0275,-1.2716,0.3482,-0.164,0.7779,3360.0
Anomalia,0.0097,0.2666,0.5238,-0.548,0.2668,-0.0058,-0.9039,3600.0
Anomalia,0.021,0.2205,0.5238,-0.548,0.2215,-0.0345,-0.6334,2880.0
Anomalia,0.013,0.2678,0.6773,-1.7653,0.2682,-1.9629,11.3931,2880.0
Anomalia,-0.0064,1.2771,4.3361,-4.2614,1.2772,0.0153,3.5985,2880.0
Anomalia,0.0314,1.4939,4.3361,-4.2614,1.4942,-0.0051,1.2381,3360.0
Anomalia,0.0058,1.6405,4.3361,-4.2614,1.6405,0.0045,0.2052,3360.0
Anomalia,0.0171,1.6769,4.3361,-4.2614,1.677,-0.0052,-0.0536,3360.0
Anomalia,0.0506,1.1318,3.1997,-2.9802,1.1329,-0.0742,0.5586,3360.0
Anomalia,0.0104,0.835,2.6905,-2.9693,0.835,-0.2172,1.7032,3360.0
Anomalia,0.0244,0.509,1.1773,-1.1819,0.5096,0.0267,-0.2571,3600.0
Anomalia,0.0059,0.3325,0.79,-0.9211,0.3326,0.0888,-0.4886,2880.0
Anomalia,0.0255,0.2881,0.7533,-0.6202,0.2893,0.1169,-0.3416,2880.0
Anomalia,-0.0174,1.1983,3.9572,-4.0911,1.1984,-0.0552,3.5544,2880.0
Anomalia,0.0524,1.3725,3.9572,-4.0911,1.3735,-0.0087,1.3861,3360.0
Anomalia,0.0142,1.5786,3.9572,-4.0911,1.5787,-0.0035,0.0068,3360.0
Anomalia,0.0062,1.6184,3.9572,-4.0911,1.6184,0.0121,-0.261,3360.0
Anomalia,0.0467,1.1374,3.0177,-2.9535,1.1384,0.0695,0.1528,3360.0
Anomalia,-0.0154,0.9125,2.971,-2.9535,0.9126,-0.1605,1.6632,3360.0
Anomalia,0.0261,0.5071,1.0947,-1.0751,0.5078,0.0128,-0.4806,3360.0
Anomalia,0.0175,0.3664,1.0475,-0.939,0.3668,0.0725,-0.1476,2880.0
Anomalia,0.0186,0.2921,0.6477,-0.6273,0.2927,-0.0338,-0.7932,2880.0
Anomalia,0.0096,1.3352,4.7551,-4.5427,1.3352,0.2038,3.943,2880.0
Anomalia,0.0481,1.5493,4.7551,-4.5427,1.55,0.115,1.4315,3360.0
Anomalia,-0.0073,1.7152,4.7551,-4.5427,1.7152,0.1293,0.2617,3360.0
Anomalia,0.0236,1.7508,4.7551,-4.5427,1.751,0.0775,0.0102,3360.0
Anomalia,0.0226,1.1884,3.1684,-3.0061,1.1886,-0.001,0.1564,3360.0
Anomalia,-0.0099,0.8848,2.8032,-3.0061,0.8849,-0.1756,1.454,3360.0
Anomalia,0.0357,0.5011,1.2925,-1.0529,0.5024,0.0896,-0.3435,3600.0
Anomalia,-0.0002,0.3539,0.964,-1.0529,0.3539,-0.1494,0.1631,2880.0
Anomalia,0.009,0.2662,0.6769,-0.6448,0.2663,-0.1161,-0.0453,2880.0
Anomalia,0.0376,0.9549,3.2356,-3.2577,0.9556,0.1951,4.0724,2880.0
Anomalia,0.0102,1.1206,3.2356,-3.2577,1.1206,0.0657,1.515,3360.0
Anomalia,0.0294,1.2937,3.2356,-3.2577,1.294,0.0095,0.0906,3360.0
Anomalia,0.0204,1.3389,3.2356,-3.2577,1.339,0.0214,-0.2753,3360.0
Anomalia,-0.0061,0.9872,2.3604,-2.5011,0.9872,-0.0936,0.0309,3360.0
Anomalia,0.0097,0.7912,2.3604,-2.5011,0.7913,0.0294,1.2528,3360.0
Anomalia,0.0079,0.4765,1.02,-1.1836,0.4766,-0.0472,-0.5043,3360.0
Anomalia,0.0114,0.3458,0.8998,-0.8013,0.346,0.0492,-0.6442,2880.0
Anomalia,0.0296,0.2895,0.6556,-0.4991,0.291,0.0485,-1.0268,2880.0
Anomalia,0.0604,1.2653,4.3912,-4.3732,1.2667,0.035,4.0921,2880.0
Anomalia,0.0008,1.4597,4.3912,-4.3732,1.4597,0.0209,1.6283,2880.0
Anomalia,0.0272,1.6356,4.3912,-4.3732,1.6358,0.0113,0.3414,3360.0
Anomalia,-0.0009,1.6662,4.3912,-4.3732,1.6662,0.057,0.1161,3360.0
Anomalia,-0.016,1.1511,3.1709,-2.8687,1.1512,-0.0161,0.3376,3360.0
Anomalia,0.0278,0.8873,3.1709,-2.8358,0.8877,0.192,1.9332,3360.0
Anomalia,0.0034,0.5261,1.123,-1.1685,0.5261,-0.0153,-0.7251,3360.0
Anomalia,0.014,0.4288,1.108,-1.078,0.429,0.0772,-0.409,2880.0
Anomalia,0.0038,0.3195,0.7525,-0.6903,0.3196,0.1676,-0.3827,2880.0
Anomalia,-0.0153,1.2283,4.6837,-4.6491,1.2284,-0.1702,5.2119,3120.0
Anomalia,0.0058,1.5416,4.6837,-4.6491,1.5416,0.0589,1.7582,3360.0
Anomalia,0.0093,1.8512,4.6837,-4.6491,1.8512,0.0383,-0.0286,3360.0
Anomalia,0.0186,1.9117,4.6837,-4.6491,1.9117,0.0254,-0.3615,3360.0
Anomalia,0.0338,1.5224,4.3545,-3.4376,1.5228,0.1533,0.081,3360.0
Anomalia,0.0258,1.204,3.5532,-3.4376,1.2043,0.0184,1.0303,3360.0
Anomalia,0.0159,0.6119,1.8475,-1.3108,0.6121,0.1686,0.15,3600.0
Anomalia,0.0166,0.4161,1.2124,-1.1326,0.4165,0.1177,0.3802,2880.0
Anomalia,0.0255,0.3213,0.9081,-0.7199,0.3223,0.1111,-0.0289,3360.0
Anomalia,0.0237,0.8542,3.1267,-2.9359,0.8545,0.1033,4.2647,3360.0
Anomalia,-0.003,0.9992,3.1267,-2.9359,0.9992,0.0448,1.4621,3360.0
Anomalia,0.0224,1.0989,3.1267,-2.9359,1.0991,0.0113,0.3969,3360.0
Anomalia,0.0052,1.1225,3.1267,-2.9359,1.1225,0.0518,0.1405,3360.0
Anomalia,0.0013,0.7821,1.9915,-1.8646,0.7821,-0.0413,0.02,3360.0
Anomalia,0.0364,0.6042,1.9798,-1.8646,0.6053,0.11,1.1898,3360.0
Anomalia,0.0103,0.3763,0.8693,-0.81,0.3765,-0.0494,-0.6641,3600.0
Anomalia,0.015,0.2932,0.6811,-0.6039,0.2936,0.0322,-0.7495,2880.0
Anomalia,0.0219,0.2601,0.5868,-0.6039,0.2611,-0.0539,-0.6297,2880.0
Anomalia,-0.0219,0.7849,2.8625,-2.8228,0.7852,-0.2467,4.4619,2880.0
Anomalia,0.0136,0.9649,2.8625,-2.8228,0.965,0.0148,1.7142,3360.0
Anomalia,0.0239,1.1364,2.8625,-2.8228,1.1366,-0.0007,0.1269,3360.0
Anomalia,0.0072,1.1575,2.8625,-2.8228,1.1575,0.0383,-0.0828,3360.0
Anomalia,0.0521,0.9013,2.7164,-2.1221,0.9028,0.1724,0.6064,3360.0
Anomalia,0.0088,0.7154,2.2678,-2.1221,0.7155,0.0748,1.5033,3360.0
Anomalia,0.0108,0.3812,0.8568,-0.7959,0.3814,-0.0568,-0.6982,2880.0
Anomalia,0.0234,0.3102,0.8568,-0.7959,0.3111,-0.1165,-0.0033,2880.0
Anomalia,0.0189,0.233,0.5697,-0.6005,0.2338,-0.1982,-0.3206,2880.0
Anomalia,-0.0292,1.0896,4.2555,-4.2606,1.09,-0.326,6.3263,2880.0
Anomalia,0.033,1.3499,4.2555,-4.2606,1.3503,0.0162,2.4572,3360.0
Anomalia,-0.0104,1.6217,4.2555,-4.2606,1.6218,0.0503,0.2723,3360.0
Anomalia,0.0225,1.6713,4.2555,-4.2606,1.6714,0.0017,-0.0755,3360.0
Anomalia,0.0632,1.3241,3.9334,-3.0628,1.3256,0.1612,0.1275,3360.0
Anomalia,0.0055,1.0748,2.85,-3.0628,1.0748,-0.0428,0.6216,3360.0
Anomalia,0.0351,0.5874,1.5692,-1.2633,0.5884,0.0831,-0.1707,3360.0
Anomalia,0.004,0.4496,1.242,-1.2633,0.4496,-0.1423,0.6188,2880.0
Anomalia,0.0192,0.2929,0.8635,-0.7445,0.2935,0.0661,0.1031,2880.0
Anomalia,-0.0389,1.2091,4.854,-4.7568,1.2097,-0.238,6.3693,2880.0
Anomalia,0.0194,1.5018,4.854,-4.7568,1.5019,0.017,2.1672,3360.0
Anomalia,0.0051,1.763,4.854,-4.7568,1.7631,0.0363,0.3003,3360.0
Anomalia,0.0175,1.8117,4.854,-4.7568,1.8118,0.0198,-0.0197,3360.0
Anomalia,0.0671,1.3919,4.0907,-3.1797,1.3935,0.1862,0.1708,3360.0
Anomalia,0.0103,1.0939,3.2752,-3.1797,1.0939,0.0595,1.1296,3360.0
Anomalia,0.0225,0.5738,1.5984,-1.3451,0.5743,0.182,-0.1251,3600.0
Anomalia,0.0088,0.4186,1.2124,-1.0663,0.4187,0.153,-0.0214,2880.0
Anomalia,0.017,0.3197,0.8309,-0.7591,0.3201,0.0265,-0.3915,2880.0
Anomalia,-0.0012,0.4758,1.6531,-1.527,0.4758,-0.173,2.6874,2880.0
Anomalia,0.0212,0.5698,1.6531,-1.527,0.5701,-0.0302,1.0591,3360.0
Anomalia,0.0144,0.6292,1.6531,-1.527,0.6294,-0.0244,0.26,3360.0
Anomalia,0.007,0.638,1.6531,-1.527,0.6381,0.0081,0.0932,3360.0
Anomalia,0.0405,0.4885,1.5124,-1.2912,0.4902,0.0485,0.9653,3360.0
Anomalia,0.0133,0.3774,1.2153,-1.1548,0.3776,-0.1063,1.5903,2880.0
Anomalia,0.014,0.2579,0.4945,-0.6143,0.2583,-0.1922,-0.8671,3600.0
Anomalia,0.0211,0.2642,0.6798,-0.6143,0.265,-0.0963,-0.4771,2880.0
Anomalia,0.0056,0.2661,0.6798,-0.6143,0.2661,0.0061,-0.5337,2880.0
Anomalia,-0.0067,0.9092,3.5519,-3.3566,0.9092,-0.0645,5.6588,2880.0
Anomalia,0.0546,1.1348,3.5519,-3.3566,1.1361,0.09,2.1358,2880.0
Anomalia,0.007,1.3397,3.5519,-3.3566,1.3397,0.0762,0.3159,3360.0
Anomalia,0.0329,1.364,3.5519,-3.3566,1.3644,0.022,0.0928,3360.0
Anomalia,0.0324,1.0807,3.2969,-2.7168,1.0812,0.1387,0.547,3360.0
Anomalia,-0.018,0.8366,2.6042,-2.5332,0.8368,-0.1311,1.5104,3360.0
Anomalia,0.0266,0.4443,0.9916,-1.0817,0.4451,-0.1282,-0.4576,3600.0
Anomalia,0.0035,0.3828,0.9753,-1.0817,0.3828,-0.3268,-0.0115,2880.0
Anomalia,0.0208,0.2713,0.6076,-0.6619,0.2721,-0.1891,-0.2243,2880.0
Anomalia,0.0529,0.9313,4.3436,-3.5569,0.9328,0.8538,8.1034,3120.0
Anomalia,0.0151,1.4139,4.3436,-4.4221,1.4139,0.1072,2.3107,3120.0
Anomalia,0.0274,1.7611,4.3436,-4.4221,1.7613,0.0482,0.0907,3360.0
Anomalia,0.0175,1.8353,4.3436,-4.4221,1.8354,0.0502,-0.3319,3360.0
Anomalia,-0.0151,1.641,4.2814,-4.4221,1.641,-0.0476,0.0228,3360.0
Anomalia,0.0154,1.2547,3.5102,-3.5127,1.2548,0.0134,0.7154,3360.0
Anomalia,0.0037,0.6768,1.8358,-1.9752,0.6768,-0.0901,0.2097,3360.0
Anomalia,0.0152,0.4621,1.2629,-1.1744,0.4623,0.0038,0.3025,2880.0
Anomalia,0.0046,0.3011,0.6586,-0.6986,0.3011,-0.0301,-0.8453,2880.0
Anomalia,0.0064,0.901,3.66,-3.5398,0.9011,0.0371,6.337,2880.0
Anomalia,0.0356,1.1447,3.66,-3.5398,1.1452,0.031,1.904,3360.0
Anomalia,0.0081,1.3234,3.66,-3.5398,1.3234,0.0349,0.2936,3360.0
Anomalia,0.0254,1.363,3.66,-3.5398,1.3632,-0.0018,-0.0467,3360.0
Anomalia,0.0219,1.0743,2.7932,-3.1726,1.0745,0.0146,0.0558,3360.0
Anomalia,-0.014,0.8124,2.4982,-2.317,0.8125,-0.0425,1.1197,3360.0
Anomalia,0.0154,0.4644,1.1093,-1.0972,0.4647,0.0056,-0.3106,3600.0
Anomalia,0.0066,0.3267,0.8497,-0.8568,0.3267,-0.0709,-0.1565,2880.0
Anomalia,0.0137,0.2414,0.5613,-0.5292,0.2418,-0.0082,-0.3836,2880.0
Anomalia,0.0538,0.9416,4.4951,-3.6454,0.9432,0.8637,8.6765,3120.0
Anomalia,0.0023,1.3712,4.4951,-4.1391,1.3713,0.1342,2.5319,3120.0
Anomalia,0.0223,1.6501,4.4951,-4.1391,1.6502,0.057,0.3046,3360.0
Anomalia,-0.0006,1.6985,4.4951,-4.1391,1.6985,0.0841,-0.0297,3360.0
Anomalia,-0.0179,1.4644,3.9163,-4.1391,1.4645,-0.1036,0.3568,3360.0
Anomalia,0.023,1.0755,3.0411,-3.11,1.0757,-0.0142,0.9276,3360.0
Anomalia,0.0133,0.5586,1.3154,-1.4452,0.5588,-0.1678,-0.038,3360.0
Anomalia,0.0201,0.3986,1.1489,-1.1785,0.3991,0.0366,1.0043,2880.0
Anomalia,0.0144,0.2819,0.6089,-0.6318,0.2823,-0.1077,-0.5651,2880.0
Anomalia,0.0348,0.8923,4.3186,-3.6116,0.8929,0.5978,9.1203,2880.0
Anomalia,-0.0057,1.3322,4.3186,-4.1729,1.3322,0.1401,2.7699,3360.0
Anomalia,0.0281,1.6039,4.3186,-4.1729,1.6041,0.0427,0.3947,3360.0
Anomalia,0.0006,1.6532,4.3186,-4.1729,1.6532,0.0831,0.0434,3360.0
Anomalia,-0.0036,1.4657,3.986,-4.1729,1.4657,-0.0278,0.2852,3360.0
Anomalia,0.0155,1.0889,3.0223,-2.8224,1.089,0.0294,0.3743,3360.0
Anomalia,0.0116,0.6226,1.5813,-1.4915,0.6227,-0.0327,-0.2018,3360.0
Anomalia,0.0221,0.4792,1.3146,-1.3175,0.4797,0.0031,0.4242,2880.0
Anomalia,0.0191,0.3027,0.6118,-0.616,0.3033,-0.1091,-0.817,2880.0
Anomalia,-0.0041,0.8065,3.1417,-3.9463,0.8065,-0.9907,9.3205,2880.0
Anomalia,0.0067,1.5561,4.9137,-5.089,1.5562,0.0124,2.7234,3360.0
Anomalia,-0.0005,1.8944,4.9137,-5.089,1.8944,0.0296,0.3847,3360.0
Anomalia,0.0061,1.9804,4.9137,-5.089,1.9804,0.033,-0.1014,3360.0
Anomalia,0.038,1.8761,4.9137,-5.089,1.8765,0.0719,0.1902,3360.0
Anomalia,0.0112,1.3386,3.6337,-3.655,1.3387,0.0794,0.5153,3360.0
Anomalia,0.0335,0.7777,2.5019,-1.9581,0.7784,0.1955,0.4098,3360.0
Anomalia,0.015,0.5139,1.4402,-1.4006,0.5141,0.0605,0.7542,2880.0
Anomalia,0.0208,0.3231,0.7758,-0.8063,0.3237,0.0155,-0.3719,2880.0
Anomalia,0.015,0.4412,1.954,-1.7699,0.4415,-0.0191,4.9807,2880.0
Anomalia,0.0009,0.622,2.0253,-1.8175,0.622,0.1033,1.8078,3360.0
Anomalia,0.0175,0.7352,2.0253,-1.8175,0.7354,0.0239,0.1582,3360.0
Anomalia,0.0151,0.7331,2.0253,-1.8175,0.7332,0.0298,0.1874,3360.0
Anomalia,0.0213,0.6425,2.0253,-1.8175,0.6429,0.035,0.6868,3360.0
Anomalia,0.0217,0.4724,1.4507,-1.3943,0.4729,-0.0012,1.2774,3360.0
Anomalia,0.0112,0.2609,0.5196,-0.4524,0.2611,0.0242,-1.1658,3360.0
Anomalia,0.0103,0.2315,0.4712,-0.4524,0.2317,-0.0052,-0.9463,2880.0
Anomalia,0.014,0.2082,0.4474,-0.4228,0.2087,0.0606,-0.8683,2880.0
Anomalia,0.0043,0.7334,3.4384,-3.4497,0.7334,-0.4589,9.6073,2880.0
Anomalia,0.0061,1.2137,3.996,-3.8336,1.2137,0.0476,2.9354,3120.0
Anomalia,0.0069,1.4816,3.996,-3.8336,1.4816,0.0168,0.4324,3360.0
Anomalia,0.008,1.5305,3.996,-3.8336,1.5305,0.0212,0.0467,3360.0
Anomalia,0.0316,1.394,3.996,-3.8336,1.3944,0.0519,0.4796,3360.0
Anomalia,0.0189,1.0198,2.7878,-2.832,1.02,-0.0232,0.6482,3360.0
Anomalia,0.0217,0.569,1.6451,-1.2015,0.5694,0.1431,-0.2785,3600.0
Anomalia,0.0157,0.4236,1.1397,-1.1351,0.4239,0.0802,0.4057,2880.0
Anomalia,0.0056,0.2698,0.7491,-0.7804,0.2698,-0.1344,0.2767,2880.0
Anomalia,-0.015,0.6719,2.8637,-3.4718,0.6721,-1.1148,11.4251,2880.0
Anomalia,0.0241,1.3323,4.2714,-4.3177,1.3325,0.0169,2.7731,3360.0
Anomalia,-0.0054,1.6195,4.2714,-4.3177,1.6195,0.0539,0.4115,3360.0
Anomalia,0.0307,1.7122,4.2714,-4.3177,1.7125,0.0096,-0.1865,3360.0
Anomalia,0.0377,1.6469,4.2714,-4.3177,1.6473,0.0782,-0.0885,3360.0
Anomalia,0.0075,1.1851,3.1233,-3.0724,1.1851,0.0648,0.1753,3360.0
Anomalia,0.0285,0.7547,2.1651,-1.8271,0.7552,0.1605,0.0743,3360.0
Anomalia,0.0048,0.5649,1.3401,-1.3814,0.5649,-0.0571,-0.0405,2880.0
Anomalia,0.0234,0.3663,0.9261,-0.8898,0.3671,0.1526,-0.0615,2880.0
Anomalia,-0.0359,0.7584,3.0136,-3.6291,0.7592,-0.8755,8.2411,2880.0
Anomalia,0.0362,1.3345,4.5427,-4.3478,1.335,0.09,2.9382,2880.0
Anomalia,-0.0048,1.6345,4.5427,-4.3478,1.6345,0.1134,0.4694,3360.0
Anomalia,0.0304,1.6935,4.5427,-4.3478,1.6938,0.051,0.041,3360.0
Anomalia,0.0604,1.5971,4.5427,-4.3478,1.5982,0.1217,0.2748,3360.0
Anomalia,-0.0027,1.1695,3.3157,-2.9781,1.1695,0.0751,0.4154,3360.0
Anomalia,0.0342,0.6574,1.6138,-1.4206,0.6583,0.0338,-0.4399,3600.0
Anomalia,-0.0053,0.5018,1.2933,-1.2424,0.5018,0.0403,-0.122,2880.0
Anomalia,0.0173,0.3164,0.7595,-0.7345,0.3169,-0.1446,-0.3491,2880.0
Anomalia,0.0042,0.4951,2.0537,-2.4618,0.4951,-0.5031,7.2699,2880.0
Anomalia,0.0197,0.9116,2.8621,-2.6363,0.9118,0.1868,2.2471,3120.0
Anomalia,0.0188,1.0906,2.8621,-2.6363,1.0907,0.0759,0.4035,3360.0
Anomalia,0.0269,1.1345,2.8621,-2.6363,1.1348,0.0581,-0.0336,3360.0
Anomalia,0.0252,1.0767,2.8621,-2.6363,1.077,0.1224,0.2208,3360.0
Anomalia,0.0079,0.7585,2.1463,-2.2653,0.7586,-0.053,1.0096,3360.0
Anomalia,0.0137,0.4511,1.4014,-1.4594,0.4513,0.1075,0.2348,3360.0
Anomalia,0.0007,0.3377,0.7646,-0.8055,0.3377,-0.1162,-0.5934,2880.0
Anomalia,0.0217,0.2468,0.5455,-0.5559,0.2478,0.0208,-0.944,2880.0
Anomalia,-0.0025,0.6286,2.7757,-3.5248,0.6286,-0.8391,11.931,2880.0
Anomalia,0.0249,1.2211,4.054,-3.8966,1.2213,0.0015,3.2137,2880.0
Anomalia,0.0105,1.4786,4.054,-3.8966,1.4786,0.0188,0.6183,3360.0
Anomalia,0.0127,1.5295,4.054,-3.8966,1.5296,0.0146,0.1928,3360.0
Anomalia,0.0275,1.4426,4.054,-3.8966,1.4428,0.0631,0.5058,3360.0
Anomalia,0.0123,0.9958,2.8258,-2.7682,0.9959,0.0008,0.7904,3360.0
Anomalia,0.0163,0.544,1.4085,-1.5562,0.5443,0.0258,-0.1418,3600.0
Anomalia,0.0044,0.4196,1.0412,-0.9152,0.4196,0.0591,-0.4839,2880.0
Anomalia,0.0093,0.3015,0.6302,-0.6264,0.3017,-0.0017,-0.7301,2880.0
Anomalia,0.0101,0.5214,3.3191,-2.0332,0.5215,1.3628,13.2096,3120.0
Anomalia,0.0261,1.4314,4.5147,-4.6044,1.4316,0.0999,2.5544,3120.0
Anomalia,0.0367,1.6907,4.5147,-4.6044,1.691,0.0698,0.6092,3360.0
Anomalia,0.0101,1.8382,4.5147,-4.6044,1.8382,0.059,-0.1981,3360.0
Anomalia,0.017,1.8328,4.5147,-4.6044,1.8329,0.0175,-0.2517,3360.0
Anomalia,-0.0078,1.271,3.4488,-3.5173,1.271,0.0298,0.4093,3360.0
Anomalia,-0.0074,0.8919,2.5278,-3.0365,0.8919,-0.2176,1.2515,3360.0
Anomalia,0.0199,0.5219,1.2353,-1.2704,0.5223,-0.0356,0.3129,2880.0
Anomalia,0.0075,0.3325,0.9544,-0.8288,0.3326,-0.03,0.1992,2880.0
Anomalia,0.0501,0.449,2.2553,-1.3785,0.4518,1.3621,7.4082,2880.0
Anomalia,0.0045,0.9663,3.3095,-3.0257,0.9663,0.1074,2.8341,3360.0
Anomalia,0.0262,1.1551,3.3095,-3.0257,1.1554,0.0472,0.4935,3360.0
Anomalia,-0.0049,1.1979,3.3095,-3.0257,1.198,0.0968,0.0774,3360.0
Anomalia,-0.0143,1.1742,3.3095,-3.0257,1.1742,0.0418,0.1296,3360.0
Anomalia,0.0234,0.7987,2.1443,-2.047,0.799,0.0102,0.1859,3360.0
Anomalia,0.0086,0.4919,1.0796,-1.3213,0.4919,-0.2115,-0.3504,3360.0
Anomalia,0.0212,0.3547,0.8931,-0.8605,0.3553,0.0587,0.0365,3600.0
Anomalia,0.0137,0.2415,0.5755,-0.5379,0.2419,0.0901,-0.6422,2880.0
Anomalia,0.0004,0.3227,1.4269,-1.5546,0.3227,-0.7581,6.5959,2880.0
Anomalia,0.0091,0.7974,2.5174,-2.3604,0.7975,0.1734,2.5214,2880.0
Anomalia,0.0064,0.9403,2.5174,-2.3604,0.9404,0.0527,0.6155,3360.0
Anomalia,0.0141,0.9888,2.5174,-2.3604,0.9889,0.0658,0.087,3360.0
Anomalia,0.0135,0.978,2.5174,-2.3604,0.978,0.0931,0.1303,3360.0
Anomalia,0.0022,0.6523,1.8442,-1.9035,0.6523,-0.0217,1.0728,3360.0
Anomalia,0.019,0.4224,1.6885,-1.1619,0.4229,0.4347,1.4826,3360.0
Anomalia,0.0035,0.2737,0.5939,-0.699,0.2738,-0.2402,0.0046,2880.0
Anomalia,0.0246,0.1839,0.5939,-0.4491,0.1855,0.1855,0.0318,2880.0
Anomalia,0.0003,0.2702,1.4089,-1.3893,0.2702,-1.0679,10.5591,2880.0
Anomalia,0.031,1.0092,3.3149,-3.2744,1.0097,0.0514,3.1352,3120.0
Anomalia,-0.0062,1.1739,3.3149,-3.2744,1.1739,0.0697,0.9721,3360.0
Anomalia,0.0137,1.273,3.3149,-3.2744,1.2731,0.0684,0.0962,3360.0
Anomalia,0.0252,1.2981,3.3149,-3.2744,1.2983,0.0484,-0.1334,3360.0
Anomalia,-0.0049,0.8725,2.3371,-2.2286,0.8725,0.1149,0.2188,3360.0
Anomalia,0.0285,0.6419,2.3024,-1.7645,0.6425,0.3445,1.065,3360.0
Anomalia,0.0048,0.4344,1.065,-0.9707,0.4344,0.036,-0.0852,3360.0
Anomalia,0.0134,0.3006,0.8063,-0.7783,0.3009,-0.0015,-0.4971,2880.0
Anomalia,0.0243,0.4842,3.2214,-1.9853,0.4848,1.2781,15.0169,2880.0
Anomalia,0.026,1.4547,4.9429,-4.8361,1.4549,-0.002,3.2415,2880.0
Anomalia,0.0162,1.7205,4.9429,-4.8361,1.7206,0.0165,0.8529,3360.0
Anomalia,0.0106,1.8368,4.9429,-4.8361,1.8368,0.0288,0.1079,3360.0
Anomalia,0.0126,1.835,4.9429,-4.8361,1.835,0.003,0.0492,3360.0
Anomalia,-0.0064,1.2328,3.2978,-3.2882,1.2329,0.0897,0.3101,3360.0
Anomalia,0.0079,0.8367,3.0357,-2.4389,0.8367,0.1062,0.7698,3360.0
Anomalia,0.012,0.5393,1.3067,-1.2157,0.5394,0.0654,-0.2673,2880.0
Anomalia,0.0095,0.3884,1.0095,-0.9094,0.3886,0.0135,-0.5544,2880.0
Anomalia,0.0217,0.3751,1.3805,-1.0291,0.3758,0.235,0.6158,2880.0
Anomalia,0.0181,0.6237,2.0145,-1.7186,0.624,0.1284,1.6273,2880.0
Anomalia,0.0116,0.7332,2.0145,-1.7186,0.7333,0.1217,0.2398,3360.0
Anomalia,0.0054,0.7609,2.0145,-1.7186,0.761,0.1474,-0.0867,3360.0
Anomalia,0.0074,0.7615,2.0145,-1.7186,0.7616,0.1187,-0.1822,3360.0
Anomalia,0.0087,0.5519,1.5959,-1.3659,0.552,0.1315,0.2148,3360.0
Anomalia,0.0131,0.3747,1.2103,-0.9519,0.3749,0.1801,0.0263,3360.0
Anomalia,0.014,0.3026,0.7024,-0.6114,0.3029,0.0332,-0.8223,2880.0
Anomalia,0.0148,0.2366,0.7024,-0.5071,0.237,0.2691,-0.3809,2880.0
Anomalia,-0.0104,0.2899,0.5187,-1.5583,0.2901,-1.7602,6.8082,2880.0
Anomalia,0.0183,0.7966,2.6075,-2.32,0.7968,0.2213,2.7563,2880.0
Anomalia,-0.0068,0.956,2.6075,-2.32,0.956,0.1338,0.7004,2880.0
Anomalia,0.024,0.9997,2.6075,-2.32,1.0,0.0673,0.169,3360.0
Anomalia,0.0225,0.9977,2.6075,-2.32,0.998,0.1114,0.1376,3360.0
Anomalia,0.0016,0.679,1.9982,-1.9765,0.679,-0.0441,1.097,3360.0
Anomalia,0.0315,0.411,1.4648,-0.972,0.4122,0.3032,0.6739,3360.0
Anomalia,-0.0009,0.3051,0.694,-0.7842,0.3051,-0.1772,-0.4342,2880.0
Anomalia,0.0334,0.2371,0.694,-0.5847,0.2394,-0.0749,-0.2173,2880.0
Anomalia,0.0193,0.2703,0.7883,-1.729,0.271,-1.4764,9.2237,3600.0
Anomalia,-0.0174,1.3694,4.5222,-4.6441,1.3695,0.0384,3.5778,3360.0
Anomalia,0.0111,1.6129,4.5222,-4.6441,1.6129,0.0388,1.0819,3360.0
Anomalia,0.0038,1.8409,4.5222,-4.6441,1.8409,0.0447,-0.142,3360.0
Anomalia,0.0154,1.8905,4.5222,-4.6441,1.8905,0.0316,-0.4116,3360.0
Anomalia,0.0478,1.3503,3.4785,-3.4284,1.3511,0.0395,0.0123,3360.0
Anomalia,0.021,1.0533,3.4785,-3.3771,1.0535,0.0342,1.5079,3360.0
Anomalia,0.012,0.5776,1.4899,-1.3242,0.5777,0.148,0.2142,3360.0
Anomalia,0.0051,0.3563,1.1047,-0.9532,0.3563,0.0951,0.2554,2880.0
Anomalia,-0.0147,0.3459,0.646,-1.5487,0.3462,-1.0906,3.2073,2880.0
Anomalia,0.0109,1.0626,3.7059,-3.4388,1.0627,0.1131,3.2984,2880.0
Anomalia,-0.0037,1.2755,3.7059,-3.4388,1.2755,0.0888,0.7923,3360.0
Anomalia,0.0293,1.3575,3.7059,-3.4388,1.3578,0.0483,0.0789,3360.0
Anomalia,0.0306,1.369,3.7059,-3.4388,1.3694,0.0601,-0.0353,3360.0
Anomalia,0.0021,0.9322,2.6392,-2.3037,0.9322,0.1221,0.3094,3360.0
Anomalia,0.0307,0.6049,2.0984,-1.4494,0.6057,0.3603,0.6698,3360.0
Anomalia,-0.0085,0.4137,0.866,-0.9064,0.4138,0.0178,-0.7422,3600.0
Anomalia,0.0218,0.3098,0.6899,-0.6001,0.3105,0.0173,-0.7521,2880.0
Anomalia,0.0387,0.2876,0.8205,-0.6001,0.2902,0.1815,-0.1771,2880.0
Anomalia,0.0149,1.217,4.0594,-3.8996,1.2171,0.133,3.3574,3120.0
Anomalia,0.0524,1.3719,4.0594,-3.8996,1.3729,0.0718,1.4352,3360.0
Anomalia,0.0013,1.5439,4.0594,-3.8996,1.5439,0.093,0.1937,3360.0
Anomalia,0.0034,1.5746,4.0594,-3.8996,1.5746,0.0833,-0.0362,3360.0
Anomalia,0.0217,1.0545,2.7832,-2.8308,1.0547,-0.0131,0.4781,3360.0
Anomalia,-0.0138,0.8334,2.7832,-2.8308,0.8335,-0.158,2.1261,3360.0
Anomalia,0.0211,0.4338,1.0542,-1.1084,0.4343,-0.0623,0.1182,2880.0
Anomalia,0.0064,0.3099,0.8914,-0.9048,0.31,-0.0616,0.3426,2880.0
Anomalia,0.0159,0.2517,0.6919,-0.601,0.2522,0.0279,0.1292,2880.0
Anomalia,0.0225,1.2528,4.3511,-4.084,1.253,0.2212,3.8756,2880.0
Anomalia,0.0474,1.4441,4.3511,-4.084,1.4449,0.1199,1.4824,3360.0
Anomalia,0.0057,1.5909,4.3511,-4.084,1.5909,0.1088,0.3416,3360.0
Anomalia,0.0132,1.622,4.3511,-4.084,1.6221,0.0932,0.1012,3360.0
Anomalia,0.0033,1.0762,2.9531,-2.802,1.0762,-0.0419,0.3902,3360.0
Anomalia,-0.0215,0.8172,2.5353,-2.721,0.8174,-0.2162,1.3388,3360.0
Anomalia,0.0287,0.4778,1.0776,-1.0037,0.4787,-0.0233,-0.6456,3600.0
Anomalia,-0.0006,0.3903,0.916,-1.0037,0.3903,-0.1819,-0.6564,2880.0
Anomalia,0.0196,0.3209,0.6911,-0.6949,0.3215,-0.2668,-0.6392,2880.0
Anomalia,0.0489,1.3423,4.6775,-4.8907,1.3432,0.0996,4.633,2880.0
Anomalia,0.0059,1.6158,4.6775,-4.8907,1.6158,0.0317,1.4897,3360.0
Anomalia,0.0238,1.9019,4.6775,-4.8907,1.902,0.0129,-0.0423,3360.0
Anomalia,0.0127,1.9583,4.6775,-4.8907,1.9584,0.0271,-0.3457,3360.0
Anomalia,-0.0261,1.4837,3.6062,-3.602,1.4839,-0.0006,-0.0476,3360.0
Anomalia,0.0129,1.1878,3.6062,-3.602,1.1878,0.059,1.3053,3360.0
Anomalia,0.002,0.6156,1.4882,-1.6785,0.6156,-0.0565,0.1663,3600.0
Anomalia,0.0105,0.4084,1.2316,-1.4127,0.4086,-0.2663,1.3701,2880.0
Anomalia,0.0145,0.2718,0.7929,-0.7308,0.2721,0.09,0.262,2880.0
Anomalia,0.0204,0.667,2.398,-2.2352,0.6674,0.0839,3.6223,2880.0
Anomalia,0.0195,0.8063,2.398,-2.2352,0.8066,0.0365,0.9885,3360.0
Anomalia,0.0035,0.8855,2.398,-2.2352,0.8855,0.0531,0.0699,3360.0
Anomalia,0.0186,0.9113,2.398,-2.2352,0.9115,0.0062,-0.2392,3360.0
Anomalia,0.0052,0.6701,1.7699,-1.6005,0.6701,-0.0233,-0.0071,3360.0
Anomalia,0.001,0.4931,1.4966,-1.6005,0.4931,-0.0526,0.8653,3360.0
Anomalia,0.0138,0.3439,0.7199,-0.6502,0.3442,0.0156,-0.7663,3360.0
Anomalia,0.0102,0.2772,0.6761,-0.6502,0.2774,-0.0627,-0.5524,3360.0
Anomalia,0.0207,0.2428,0.5726,-0.5308,0.2437,0.0066,-0.7165,3360.0
Anomalia,0.0467,1.0327,3.5569,-3.4551,1.0338,0.111,3.9928,2880.0
Anomalia,0.0112,1.2149,3.5569,-3.4551,1.2149,0.0382,1.4652,3360.0
Anomalia,0.0121,1.3657,3.5569,-3.4551,1.3658,0.0286,0.2061,3360.0
Anomalia,0.0065,1.4013,3.5569,-3.4551,1.4014,0.0377,-0.0888,3360.0
Anomalia,-0.0145,0.9951,2.7331,-2.5128,0.9952,-0.0828,0.3278,3360.0
Anomalia,0.01,0.7621,2.6492,-2.5128,0.7622,0.0205,1.5256,3360.0
Anomalia,0.0133,0.4568,1.0634,-0.9473,0.457,-0.0167,-0.6055,2880.0
Anomalia,0.0047,0.3287,0.9578,-0.8756,0.3287,0.031,-0.248,2880.0
Anomalia,0.0059,0.2531,0.6039,-0.5129,0.2532,0.0856,-0.4216,2880.0
Anomalia,0.0649,1.1808,4.2601,-4.17,1.1826,0.198,4.617,2880.0
Anomalia,-0.0091,1.363,4.2601,-4.17,1.363,0.0751,1.9966,3360.0
Anomalia,0.0391,1.5992,4.2601,-4.17,1.5997,0.0269,0.1955,3360.0
Anomalia,0.0029,1.6447,4.2601,-4.17,1.6447,0.0768,-0.1198,3360.0
Anomalia,-0.0329,1.1924,2.9301,-3.1267,1.1929,-0.0431,0.0572,3360.0
Anomalia,0.0283,0.9762,2.9301,-2.8349,0.9767,0.1721,1.2575,3360.0
Anomalia,0.0,0.5364,1.0771,-1.2645,0.5364,-0.1216,-0.5648,3600.0
Anomalia,0.0299,0.4086,0.9924,-0.9215,0.4097,0.1488,-0.4693,2880.0
Anomalia,0.0157,0.3187,0.8839,-0.6865,0.3191,0.1561,-0.1621,2880.0
Anomalia,0.0485,1.219,4.4997,-4.1833,1.22,0.1988,4.3894,2880.0
Anomalia,-0.0372,1.4117,4.4997,-4.1833,1.4122,0.1088,1.762,3360.0
Anomalia,0.0248,1.627,4.4997,-4.1833,1.6272,0.0528,0.2124,3360.0
Anomalia,-0.0021,1.6792,4.4997,-4.1833,1.6792,0.0883,-0.1364,3360.0
Anomalia,-0.0227,1.2283,3.0878,-2.9735,1.2285,-0.0219,-0.1587,3360.0
Anomalia,0.0573,0.9914,3.0878,-2.9735,0.9931,0.1747,1.068,3360.0
Anomalia,-0.006,0.5818,1.4561,-1.4986,0.5818,0.0143,-0.0981,3600.0
Anomalia,0.0275,0.4141,1.3129,-1.1823,0.415,0.1014,0.7837,2880.0
Anomalia,0.0078,0.2776,0.6143,-0.6335,0.2777,-0.1453,-0.2137,2880.0
Anomalia,-0.0016,0.6735,2.5232,-2.249,0.6735,0.1233,3.8712,2880.0
Anomalia,-0.0016,0.8201,2.5232,-2.249,0.8201,0.1061,1.5772,3360.0
Anomalia,0.0159,0.9859,2.5232,-2.249,0.986,0.1064,0.033,3360.0
Anomalia,0.017,1.0126,2.5232,-2.249,1.0127,0.0915,-0.2558,3360.0
Anomalia,0.0203,0.811,2.2298,-2.0207,0.8113,0.1328,0.4479,3360.0
Anomalia,0.0245,0.6484,2.017,-2.0207,0.6489,0.2307,1.6865,3360.0
Anomalia,0.0107,0.3595,0.752,-0.7495,0.3597,-0.0008,-0.9421,3360.0
Anomalia,0.0136,0.2967,0.6765,-0.5972,0.2971,0.0438,-0.8608,2880.0
Anomalia,0.0204,0.2646,0.6081,-0.4578,0.2653,0.1307,-0.9518,2880.0
Anomalia,-0.0129,1.139,4.1988,-4.1859,1.1391,-0.1985,5.1209,2880.0
Anomalia,-0.0189,1.403,4.1988,-4.1859,1.4031,0.0653,1.8455,2880.0
Anomalia,0.0211,1.6226,4.1988,-4.1859,1.6228,0.0487,0.2525,3360.0
Anomalia,0.0091,1.6623,4.1988,-4.1859,1.6623,0.0644,-0.027,3360.0
Anomalia,0.0499,1.2843,3.8633,-2.9414,1.2853,0.2277,0.3282,3360.0
Anomalia,0.0496,0.9882,3.2427,-2.9414,0.9894,0.177,1.2466,3360.0
Anomalia,-0.0032,0.5642,1.3835,-1.3505,0.5643,0.0604,-0.1586,3360.0
Anomalia,0.0165,0.4424,1.2674,-1.3505,0.4427,0.0535,0.9693,2880.0
Anomalia,0.0086,0.2737,0.6139,-0.5037,0.2738,0.1786,-0.8123,2880.0
Anomalia,0.0106,1.1572,4.9379,-4.7555,1.1572,0.2727,6.8858,3360.0
Anomalia,0.0488,1.5765,4.9379,-4.7555,1.5773,0.0559,1.9738,3360.0
Anomalia,0.0111,1.9209,4.9379,-4.7555,1.9209,0.0741,0.0004,3360.0
Anomalia,0.0366,1.9854,4.9379,-4.7555,1.9857,0.0336,-0.344,3360.0
Anomalia,0.0111,1.6714,4.4934,-4.695,1.6714,0.0264,0.0427,3360.0
Anomalia,-0.0059,1.2933,3.7685,-3.5903,1.2933,0.0622,0.8285,3360.0
Anomalia,0.0104,0.6694,1.7828,-1.9318,0.6695,0.068,0.1313,3600.0
Anomalia,0.0023,0.4611,1.3563,-1.2987,0.4611,-0.0618,0.8834,2880.0
Anomalia,0.0107,0.3077,0.8534,-0.7604,0.3079,0.2199,0.1921,2880.0
Anomalia,-0.0052,0.803,3.1692,-2.885,0.803,-0.0366,5.4036,2880.0
Anomalia,0.0417,0.968,3.1692,-2.885,0.9689,-0.0031,1.9112,3360.0
Anomalia,-0.0028,1.1077,3.1692,-2.885,1.1077,0.0617,0.3566,3360.0
Anomalia,0.0217,1.1315,3.1692,-2.885,1.1317,0.0019,0.0975,3360.0
Anomalia,0.0285,0.8439,2.4022,-1.9314,0.8444,0.0969,0.1438,3360.0
Anomalia,-0.0089,0.6551,1.9832,-1.8805,0.6551,-0.0432,1.2265,3360.0
Anomalia,0.028,0.3703,0.8714,-0.8288,0.3713,0.0118,-0.6897,3600.0
Anomalia,0.0093,0.2863,0.5989,-0.601,0.2864,-0.0137,-0.9089,2880.0
Anomalia,0.0141,0.2537,0.5346,-0.487,0.2541,0.0109,-0.848,2880.0
Anomalia,0.0405,0.6921,2.9372,-2.3851,0.6932,0.6849,5.5263,2880.0
Anomalia,0.02,0.9487,2.9372,-2.8237,0.949,0.1303,2.2404,2880.0
Anomalia,0.0236,1.1025,2.9372,-2.8237,1.1027,0.0707,0.4128,3360.0
Anomalia,0.0147,1.1162,2.9372,-2.8237,1.1163,0.0872,0.2575,3360.0
Anomalia,-0.0131,0.929,2.8228,-2.8237,0.9291,-0.0903,1.1422,3360.0
Anomalia,-0.0016,0.6608,1.9869,-1.8676,0.6608,0.0444,1.3467,2880.0
Anomalia,0.0054,0.3322,0.7875,-0.7186,0.3323,-0.1462,-0.6089,2880.0
Anomalia,0.0172,0.2707,0.7875,-0.7186,0.2713,-0.1034,0.313,2880.0
Anomalia,0.0118,0.1892,0.4703,-0.4457,0.1896,0.0065,-0.432,2880.0
Anomalia,0.0555,0.7281,3.3708,-2.9088,0.7302,0.7113,8.6208,2880.0
Anomalia,0.0092,1.0602,3.3708,-3.3266,1.0603,0.0441,2.6617,3360.0
Anomalia,0.0159,1.2902,3.3708,-3.3266,1.2903,-0.0144,0.2933,3360.0
Anomalia,0.0205,1.3308,3.3708,-3.3266,1.331,-0.0229,-0.0624,3360.0
Anomalia,-0.0241,1.1547,3.16,-3.3266,1.155,-0.1398,0.3162,3360.0
Anomalia,0.0264,0.8743,2.3133,-2.4723,0.8746,-0.1275,0.6216,3360.0
Anomalia,0.0047,0.4817,1.1869,-1.1681,0.4817,0.0496,-0.3742,3600.0
Anomalia,0.0149,0.3778,0.8651,-0.9453,0.3781,0.0066,-0.2199,2880.0
Anomalia,0.0103,0.2743,0.7888,-0.487,0.2745,0.376,-0.4197,2880.0
Anomalia,0.0433,1.0939,5.0589,-4.0394,1.0948,0.8544,8.2172,2880.0
Anomalia,0.032,1.5357,5.0589,-5.0138,1.536,0.0408,2.6106,3360.0
Anomalia,0.0174,1.8274,5.0589,-5.0138,1.8275,0.0421,0.4286,3360.0
Anomalia,0.0215,1.8857,5.0589,-5.0138,1.8858,0.0267,0.0511,3360.0
Anomalia,-0.0305,1.5896,4.1712,-5.0138,1.5899,-0.1578,0.504,3360.0
Anomalia,-0.0015,1.1845,3.4413,-3.2489,1.1845,0.0281,0.8156,3360.0
Anomalia,0.006,0.6505,1.4306,-1.749,0.6505,-0.099,-0.2396,3600.0
Anomalia,0.0152,0.475,1.3012,-1.257,0.4752,-0.0322,-0.0167,2880.0
Anomalia,0.0139,0.3305,0.8009,-0.7341,0.3308,0.0763,-0.6489,2880.0
Anomalia,0.035,0.5127,2.1029,-1.7553,0.5139,0.47,3.8311,2880.0
Anomalia,0.0084,0.6709,2.1029,-1.8805,0.671,0.0097,1.6156,3360.0
Anomalia,0.0106,0.7763,2.1029,-1.8805,0.7764,-0.0011,0.2241,3360.0
Anomalia,0.0073,0.7911,2.1029,-1.8805,0.7911,0.0066,0.0021,3360.0
Anomalia,-0.0001,0.674,1.7695,-1.8805,0.674,-0.2116,0.4445,3360.0
Anomalia,0.0132,0.5018,1.4724,-1.4511,0.502,-0.0051,1.0004,3360.0
Anomalia,0.0164,0.3029,0.6106,-0.5296,0.3034,0.0288,-1.1094,3360.0
Anomalia,0.0174,0.2998,0.626,-0.6056,0.3003,-0.0057,-0.868,2880.0
Anomalia,0.0057,0.2626,0.626,-0.6056,0.2626,-0.095,-0.5088,2880.0
Anomalia,0.0304,0.5765,2.3596,-2.0015,0.5773,0.4033,4.6581,2880.0
Anomalia,-0.0071,0.7503,2.3596,-2.0996,0.7504,0.1326,1.8159,2880.0
Anomalia,0.0207,0.9016,2.3596,-2.0996,0.9018,0.0339,0.1826,2880.0
Anomalia,0.0059,0.916,2.3596,-2.0996,0.916,0.0764,0.002,3360.0
Anomalia,-0.0089,0.778,2.1075,-2.0996,0.778,-0.0436,0.4908,3360.0
Anomalia,0.0232,0.5992,1.9043,-1.9051,0.5997,0.0021,1.7086,3360.0
Anomalia,0.0121,0.3182,0.6293,-0.7533,0.3184,-0.1576,-0.6489,3360.0
Anomalia,0.0155,0.3035,0.6168,-0.7533,0.3039,-0.2852,-0.3738,2880.0
Anomalia,0.0234,0.2595,0.5655,-0.6752,0.2605,-0.2327,-0.2606,2880.0
Anomalia,-0.0317,0.799,3.203,-3.8345,0.7997,-0.9537,8.8644,3120.0
Anomalia,0.0148,1.4662,4.5468,-4.5877,1.4663,0.0917,2.4083,3360.0
Anomalia,-0.0086,1.7525,4.5468,-4.5877,1.7526,0.0591,0.3484,3360.0
Anomalia,0.0097,1.8337,4.5468,-4.5877,1.8337,0.0441,-0.1355,3360.0
Anomalia,0.0536,1.708,4.5468,-4.5877,1.7089,0.0909,0.2289,3360.0
Anomalia,0.006,1.1942,3.4042,-3.38,1.1942,-0.0188,0.6987,3360.0
Anomalia,0.0295,0.704,2.413,-1.9548,0.7046,0.28,0.8296,3360.0
Anomalia,0.0052,0.4603,1.2132,-1.1235,0.4603,0.0872,0.0506,2880.0
Anomalia,0.0073,0.3204,0.7683,-0.606,0.3205,0.0639,-1.0039,2880.0
Anomalia,0.0324,0.7981,3.8161,-3.1588,0.7987,0.6415,8.3856,2880.0
Anomalia,-0.0048,1.1132,3.8161,-3.5419,1.1132,0.0491,2.5766,3360.0
Anomalia,0.0274,1.3135,3.8161,-3.5419,1.3138,0.0201,0.4728,3360.0
Anomalia,0.0194,1.3477,3.8161,-3.5419,1.3478,0.0314,0.1585,3360.0
Anomalia,-0.0026,1.1451,3.2489,-3.5419,1.1451,-0.1237,0.3752,3360.0
Anomalia,0.0316,0.8417,2.408,-2.2569,0.8423,0.1289,0.7738,3360.0
Anomalia,-0.0084,0.4649,1.0688,-1.0705,0.465,0.08,-0.4049,3600.0
Anomalia,0.0148,0.3549,0.8743,-0.8146,0.3552,0.1773,-0.4747,2880.0
Anomalia,0.0101,0.253,0.5989,-0.5058,0.2532,0.0845,-0.5998,2880.0
Anomalia,-0.0083,0.6151,2.5382,-2.9793,0.6152,-0.8363,8.9925,3120.0
Anomalia,0.0296,1.1331,3.6275,-3.4109,1.1335,0.043,2.4379,3120.0
Anomalia,-0.0006,1.358,3.6275,-3.4109,1.358,0.08,0.3887,3360.0
Anomalia,0.0299,1.4084,3.6275,-3.4109,1.4088,0.0318,-0.0263,3360.0
Anomalia,0.0383,1.324,3.6275,-3.4109,1.3246,0.1096,0.2621,3360.0
Anomalia,0.0134,0.9283,2.668,-2.5524,0.9284,0.0522,0.8092,3360.0
Anomalia,0.0228,0.5342,1.7678,-1.2386,0.5347,0.1867,0.4399,3600.0
Anomalia,-0.0062,0.3869,0.9845,-1.1648,0.3869,-0.3197,0.7874,2880.0
Anomalia,0.0131,0.257,0.6777,-0.7525,0.2573,-0.3699,0.4715,2880.0
Anomalia,-0.011,0.7293,3.4092,-4.2201,0.7294,-0.7187,13.9119,2880.0
Anomalia,0.0343,1.4958,4.9283,-4.8127,1.4962,0.1023,3.1953,3360.0
Anomalia,0.0278,1.7795,4.9283,-4.8127,1.7797,0.089,0.725,3360.0
Anomalia,0.0192,1.8598,4.9283,-4.8127,1.8599,0.0792,0.1853,3360.0
Anomalia,0.0363,1.7738,4.9283,-4.8127,1.7742,0.1201,0.3796,3360.0
Anomalia,-0.0027,1.2122,3.4054,-3.1713,1.2122,0.0884,0.389,3360.0
Anomalia,0.0052,0.7385,1.9444,-2.37,0.7385,-0.1441,0.2551,3360.0
Anomalia,0.0095,0.5199,1.353,-1.3634,0.52,-0.0039,0.2742,2880.0
Anomalia,0.0093,0.3381,0.6406,-0.929,0.3383,-0.1996,-0.7038,2880.0
Anomalia,0.0385,0.596,3.0703,-2.2578,0.5972,0.8919,8.9084,2880.0
Anomalia,0.0039,1.5505,4.8265,-5.1211,1.5505,0.0759,2.7576,3360.0
Anomalia,0.0372,1.8351,4.8265,-5.1211,1.8355,0.0421,0.6338,3360.0
Anomalia,0.0142,1.9466,4.8265,-5.1211,1.9467,0.0443,-0.0127,3360.0
Anomalia,-0.0082,1.9182,4.8265,-5.1211,1.9182,0.0492,0.0726,3360.0
Anomalia,0.0326,1.2968,3.5356,-3.5281,1.2972,0.011,0.4848,3360.0
Anomalia,-0.0152,0.8406,2.3329,-2.7874,0.8407,-0.1866,0.7436,3600.0
Anomalia,0.0158,0.5176,1.3229,-1.237,0.5178,-0.0543,0.1474,2880.0
Anomalia,0.0027,0.3531,0.9599,-0.8405,0.3531,0.0546,-0.088,2880.0
Anomalia,0.0048,0.3525,1.3451,-1.3096,0.3525,0.1779,2.5214,2880.0
Anomalia,0.0168,0.5924,1.901,-1.8167,0.5926,-0.0199,1.864,3360.0
Anomalia,0.0174,0.7046,1.901,-1.8167,0.7048,-0.0041,0.107,3360.0
Anomalia,0.0158,0.7155,1.901,-1.8167,0.7156,-0.0083,-0.0469,3360.0
Anomalia,0.0053,0.6854,1.901,-1.8167,0.6854,-0.0081,0.2039,3360.0
Anomalia,0.0145,0.4833,1.3209,-1.2992,0.4836,0.0034,0.4075,3360.0
Anomalia,0.0043,0.2985,0.7061,-0.808,0.2986,-0.0999,-0.5731,3600.0
Anomalia,0.0171,0.2473,0.5626,-0.4566,0.2479,0.0304,-0.9234,2880.0
Anomalia,0.0167,0.2356,0.472,-0.4457,0.2362,0.0594,-0.9079,2880.0
Anomalia,0.0219,0.5572,2.8783,-2.5637,0.5576,0.806,11.2107,2880.0
Anomalia,0.0169,1.3493,4.5473,-4.4033,1.3494,0.0801,3.2271,3120.0
Anomalia,0.0202,1.6207,4.5473,-4.4033,1.6208,0.0437,0.7139,3360.0
Anomalia,0.0071,1.6935,4.5473,-4.4033,1.6935,0.0494,0.1754,3360.0
Anomalia,0.007,1.6551,4.5473,-4.4033,1.6551,0.0212,0.3147,3360.0
Anomalia,0.0183,1.1202,3.0845,-3.0323,1.1204,-0.0299,0.5636,3360.0
Anomalia,0.0052,0.6796,1.6919,-2.007,0.6796,-0.1296,-0.0427,3600.0
Anomalia,0.0193,0.4849,1.224,-1.1356,0.4853,-0.0105,-0.227,2880.0
Anomalia,-0.0011,0.3239,0.7328,-0.7383,0.3239,0.0098,-0.6569,2880.0
Anomalia,0.0376,0.4808,2.5495,-1.4911,0.4823,1.538,8.6456,2880.0
Anomalia,-0.0003,1.2285,3.9876,-3.8879,1.2285,0.0541,2.7455,2880.0
Anomalia,0.0411,1.4807,3.9876,-3.8879,1.4813,0.0577,0.5845,3360.0
Anomalia,0.0127,1.5935,3.9876,-3.8879,1.5936,0.0549,-0.1587,3360.0
Anomalia,-0.0148,1.59,3.9876,-3.8879,1.5901,0.0606,-0.2068,3360.0
Anomalia,0.0291,1.1221,3.0762,-2.9464,1.1225,0.0846,0.4008,3360.0
Anomalia,-0.0162,0.7445,2.1004,-2.4485,0.7446,-0.2562,0.9051,3360.0
Anomalia,0.0275,0.4965,1.169,-1.1418,0.4973,-0.0573,-0.1513,2880.0
Anomalia,0.0074,0.3283,0.7821,-0.8718,0.3284,-0.0493,-0.0829,2880.0
Anomalia,0.0421,0.5424,2.943,-1.8229,0.544,1.6561,10.0849,2880.0
Anomalia,0.0008,1.3351,4.5811,-4.3298,1.3351,0.1235,3.0706,2880.0
Anomalia,0.0283,1.6055,4.5811,-4.3298,1.6057,0.0582,0.6539,3360.0
Anomalia,-0.0014,1.6803,4.5811,-4.3298,1.6803,0.082,0.1106,3360.0
Anomalia,-0.0122,1.6539,4.5811,-4.3298,1.654,0.0441,0.1748,3360.0
Anomalia,0.028,1.1333,3.1642,-2.9614,1.1337,-0.0033,0.424,3360.0
Anomalia,-0.0074,0.6764,1.5846,-2.0099,0.6765,-0.1745,-0.0693,3360.0
Anomalia,0.0247,0.4808,1.1735,-1.0813,0.4814,0.0119,-0.3929,2880.0
Anomalia,-0.0041,0.3167,0.7633,-0.7675,0.3168,0.0035,-0.3523,2880.0
Anomalia,-0.0129,0.3773,2.0303,-1.58,0.3775,0.0337,7.0698,2880.0
Anomalia,0.0248,1.0431,3.357,-3.1509,1.0434,0.1967,2.6,2880.0
Anomalia,0.0007,1.2167,3.357,-3.1509,1.2167,0.1394,0.7945,3360.0
Anomalia,0.0104,1.3101,3.357,-3.1509,1.3102,0.1269,0.031,3360.0
Anomalia,0.0303,1.3196,3.357,-3.1509,1.3199,0.0854,-0.098,3360.0
Anomalia,-0.0083,0.8964,2.4777,-2.5658,0.8964,0.093,0.6931,3360.0
Anomalia,0.0093,0.6289,2.4777,-1.8742,0.629,0.3411,1.5654,3360.0
Anomalia,0.02,0.419,1.1018,-1.1143,0.4194,0.0737,0.0447,3360.0
Anomalia,0.0057,0.279,0.6761,-0.6302,0.2791,0.0977,-0.9199,2880.0
Anomalia,0.0149,0.4474,2.721,-1.8805,0.4476,0.567,11.0741,2880.0
Anomalia,0.0287,1.2539,4.1788,-4.0152,1.2542,0.0451,3.1654,2880.0
Anomalia,-0.013,1.4806,4.1788,-4.0152,1.4806,0.0624,0.882,3360.0
Anomalia,0.0218,1.5608,4.1788,-4.0152,1.5609,0.0305,0.2464,3360.0
Anomalia,0.0063,1.551,4.1788,-4.0152,1.5511,0.0436,0.249,3360.0
Anomalia,0.0136,1.0371,2.9852,-2.7886,1.0372,0.0113,0.5852,3360.0
Anomalia,0.0247,0.6678,2.4385,-1.646,0.6683,0.4165,0.7535,3360.0
Anomalia,0.0066,0.4891,1.1101,-1.07,0.4892,0.0111,-0.5467,3360.0
Anomalia,0.011,0.3676,1.0976,-0.9344,0.3678,0.2464,-0.0183,2880.0
Anomalia,-0.0069,0.3853,0.9536,-2.1935,0.3854,-1.2698,7.1667,3120.0
Anomalia,0.0044,1.4674,4.8139,-4.7835,1.4674,0.0477,3.0775,3120.0
Anomalia,-0.0103,1.7118,4.8139,-4.7835,1.7119,0.0482,0.9434,3360.0
Anomalia,0.0266,1.9388,4.8139,-4.7835,1.939,0.0256,-0.2078,3360.0
Anomalia,0.0102,1.9746,4.8139,-4.7835,1.9746,0.0553,-0.3999,3360.0
Anomalia,0.0215,1.3925,3.6471,-3.5832,1.3927,0.0646,0.0855,3360.0
Anomalia,0.0288,1.0777,3.6471,-3.2089,1.0781,0.1815,1.3943,3360.0
Anomalia,0.0,0.5691,1.3772,-1.3342,0.5691,-0.0431,0.1181,3600.0
Anomalia,0.0189,0.4003,1.015,-0.8806,0.4008,0.1022,-0.1617,2880.0
Anomalia,0.0015,0.3861,0.9995,-1.2616,0.3861,-0.3362,0.6874,3360.0
Anomalia,0.0149,0.8989,3.0344,-2.7874,0.899,0.0987,2.6932,3360.0
Anomalia,-0.0049,1.0365,3.0344,-2.7874,1.0365,0.0876,0.7164,3360.0
Anomalia,0.0218,1.0643,3.0344,-2.7874,1.0645,0.0439,0.412,3360.0
Anomalia,0.0243,1.0626,3.0344,-2.7874,1.0629,0.0608,0.4086,3360.0
Anomalia,0.0039,0.6659,1.8872,-1.8037,0.6659,0.0458,0.5424,3360.0
Anomalia,0.0348,0.4422,1.527,-1.0671,0.4435,0.3176,0.4633,3600.0
Anomalia,0.001,0.3222,0.6636,-0.7383,0.3222,0.0123,-0.7015,3600.0
Anomalia,0.011,0.2773,0.6636,-0.7383,0.2775,-0.0085,-0.3412,2880.0
Anomalia,0.0146,0.3068,0.8964,-1.6568,0.3071,-0.7441,4.6815,3600.0
Anomalia,-0.0047,0.8583,2.7494,-2.5132,0.8583,0.1861,2.6028,2880.0
Anomalia,0.0198,0.9814,2.7494,-2.5132,0.9816,0.0743,0.8972,3360.0
Anomalia,0.0243,1.0597,2.7494,-2.5132,1.06,0.0332,0.1448,3360.0
Anomalia,0.0093,1.0635,2.7494,-2.5132,1.0636,0.0889,0.0696,3360.0
Anomalia,0.0262,0.6996,2.0145,-1.9857,0.7001,-0.0752,1.009,3360.0
Anomalia,0.004,0.5196,1.7432,-1.9857,0.5197,-0.089,2.1827,2880.0
Anomalia,0.0073,0.3169,0.7558,-0.7675,0.3169,-0.1803,-0.4786,2880.0
Anomalia,0.0247,0.2451,0.5613,-0.563,0.2464,-0.1931,-0.3099,2880.0
Anomalia,0.0187,0.2154,0.5613,-0.79,0.2162,-0.3378,0.9805,2880.0
Anomalia,-0.0072,1.2434,4.2351,-4.1462,1.2434,0.1071,3.7448,3360.0
Anomalia,0.0345,1.4084,4.2351,-4.1462,1.4089,0.0923,1.531,3360.0
Anomalia,-0.0045,1.5944,4.2351,-4.1462,1.5944,0.0725,0.1934,3360.0
Anomalia,0.0147,1.6367,4.2351,-4.1462,1.6367,0.0388,-0.1088,3360.0
Anomalia,0.0455,1.1048,2.7949,-3.0035,1.1058,-0.0506,0.1501,3360.0
Anomalia,-0.0061,0.8975,2.7949,-3.0035,0.8975,-0.2417,1.5238,3360.0
Anomalia,0.0236,0.5041,1.1673,-1.209,0.5047,-0.0314,-0.0679,3360.0
Anomalia,0.0013,0.3732,0.9503,-1.209,0.3732,-0.2991,0.3722,2880.0
Anomalia,0.0019,0.3295,0.702,-1.6998,0.3295,-0.858,3.0852,2880.0
Anomalia,-0.0223,1.3902,4.8786,-4.6904,1.3904,0.0687,3.7428,2880.0
Anomalia,0.0267,1.6142,4.8786,-4.6904,1.6145,0.0388,1.2697,3360.0
Anomalia,0.008,1.7862,4.8786,-4.6904,1.7862,0.0311,0.1651,3360.0
Anomalia,0.0173,1.8171,4.8786,-4.6904,1.8172,0.0225,-0.0384,3360.0
Anomalia,0.0439,1.2217,3.2218,-3.2723,1.2225,0.0123,0.2288,3360.0
Anomalia,-0.0016,0.9273,2.9535,-3.2723,0.9273,-0.115,1.5915,3360.0
Anomalia,0.018,0.5186,1.2015,-1.1472,0.5189,0.0808,-0.4324,2880.0
Anomalia,0.0087,0.3919,0.969,-0.9841,0.392,0.0702,-0.518,2880.0
Anomalia,0.0116,0.3529,0.969,-0.9649,0.3531,-0.0215,-0.0623,2880.0
Anomalia,-0.0005,0.6799,2.1384,-1.9757,0.6799,0.0941,2.0107,3360.0
Anomalia,0.0135,0.7667,2.1384,-1.9757,0.7668,0.0803,0.6675,3360.0
Anomalia,0.0153,0.8102,2.1384,-1.9757,0.8104,0.0422,0.164,3360.0
Anomalia,0.0113,0.8189,2.1384,-1.9757,0.819,0.0617,0.0304,3360.0
Anomalia,0.0292,0.5417,1.6055,-1.4323,0.5425,0.0214,0.6093,3360.0
Anomalia,0.0178,0.3916,1.2645,-1.4323,0.392,-0.2025,1.6985,3360.0
Anomalia,0.0068,0.2942,0.5709,-0.5425,0.2943,-0.0268,-1.1042,2880.0
Anomalia,0.008,0.2562,0.5709,-0.5425,0.2563,-0.0383,-0.7468,2880.0
Anomalia,0.0173,0.2498,0.5751,-0.5425,0.2504,0.004,-0.4873,2880.0
Anomalia,0.0083,1.0742,3.6942,-3.3875,1.0742,0.2185,3.4133,2880.0
Anomalia,0.0452,1.2503,3.6942,-3.3875,1.2511,0.0866,1.2231,3360.0
Anomalia,0.0113,1.3626,3.6942,-3.3875,1.3626,0.0764,0.2641,3360.0
Anomalia,0.0136,1.3876,3.6942,-3.3875,1.3876,0.0697,0.0457,3360.0
Anomalia,0.0096,0.9391,2.6325,-2.5516,0.9392,-0.0838,0.6003,3360.0
Anomalia,-0.0133,0.6743,2.0483,-2.4314,0.6745,-0.3465,1.6786,3360.0
Anomalia,0.0216,0.4483,0.9862,-1.0655,0.4488,-0.135,-0.6358,3600.0
Anomalia,0.0058,0.371,0.8743,-1.0655,0.3711,-0.3063,-0.0784,2880.0
Anomalia,0.0126,0.2907,0.7011,-0.7512,0.2909,-0.1389,0.008,2880.0
Anomalia,0.0435,1.2626,4.372,-4.5318,1.2633,0.2439,4.5297,3120.0
Anomalia,0.0097,1.512,4.372,-4.5318,1.512,0.1114,1.5204,3360.0
Anomalia,0.0154,1.8162,4.372,-4.5318,1.8163,0.055,-0.0918,3360.0
Anomalia,0.0199,1.8765,4.372,-4.5318,1.8766,0.0424,-0.4231,3360.0
Anomalia,-0.0201,1.443,3.6053,-3.622,1.4432,-0.032,-0.0401,3360.0
Anomalia,0.005,1.1765,3.6053,-3.622,1.1765,0.0016,1.4053,3360.0
Anomalia,0.011,0.6089,1.4244,-1.3935,0.609,-0.0573,-0.0199,3360.0
Anomalia,-0.0048,0.4068,1.1101,-1.3188,0.4068,-0.1538,0.667,2880.0
Anomalia,0.0166,0.3157,0.7328,-0.6556,0.3161,-0.0386,-0.9536,2880.0
Anomalia,0.0164,1.0186,3.6358,-3.3387,1.0188,0.039,3.6952,2880.0
Anomalia,0.0205,1.2012,3.6358,-3.3387,1.2013,0.0639,1.1174,3360.0
Anomalia,0.0119,1.3142,3.6358,-3.3387,1.3143,0.0228,0.1468,3360.0
Anomalia,0.0086,1.343,3.6358,-3.3387,1.343,0.03,-0.0968,3360.0
Anomalia,0.0083,0.9219,2.4748,-2.3187,0.922,0.0116,0.1127,3360.0
Anomalia,-0.0117,0.6631,2.0036,-2.3187,0.6632,-0.2254,1.5224,3360.0
Anomalia,0.0174,0.3995,0.9586,-0.9557,0.3998,0.0259,-0.2394,3600.0
Anomalia,0.0069,0.2751,0.5663,-0.6598,0.2752,-0.1055,-0.7174,2880.0
Anomalia,0.0075,0.237,0.5238,-0.4904,0.2371,0.011,-0.4569,2880.0
Anomalia,0.0231,1.1315,4.0548,-3.9012,1.1317,0.1061,4.498,3120.0
Anomalia,-0.0285,1.3228,4.0548,-3.9012,1.3231,0.0819,1.8389,3360.0
Anomalia,0.0185,1.5487,4.0548,-3.9012,1.5488,0.0429,0.1353,3360.0
Anomalia,0.0005,1.5894,4.0548,-3.9012,1.5894,0.0662,-0.1546,3360.0
Anomalia,0.0078,1.165,3.2869,-2.913,1.165,0.0112,0.2023,3360.0
Anomalia,0.044,0.9425,2.8562,-2.8366,0.9435,0.1537,1.2787,3360.0
Anomalia,0.0041,0.4872,1.05,-1.1698,0.4872,-0.0716,-0.191,3360.0
Anomalia,0.0146,0.3556,1.05,-0.9736,0.3559,0.2464,0.5154,2880.0
Anomalia,0.0109,0.2716,0.6076,-0.6389,0.2719,-0.0582,-0.2881,2880.0
Anomalia,-0.0091,1.2183,4.6725,-4.4229,1.2184,-0.0387,5.3311,2880.0
Anomalia,-0.0124,1.4799,4.6725,-4.4229,1.4799,0.1426,2.1274,3360.0
Anomalia,0.027,1.6971,4.6725,-4.4229,1.6973,0.0816,0.4147,3360.0
Anomalia,0.0006,1.7423,4.6725,-4.4229,1.7423,0.1154,0.0981,3360.0
Anomalia,0.0312,1.3074,4.2889,-3.107,1.3078,0.2649,0.4978,3360.0
Anomalia,0.0244,1.0114,3.0136,-2.933,1.0116,0.1782,0.8965,3360.0
Anomalia,0.0065,0.5753,1.2816,-1.3396,0.5754,0.0083,-0.3564,3360.0
Anomalia,0.015,0.4511,1.2816,-1.1472,0.4513,0.1238,-0.0229,2880.0
Anomalia,0.0287,0.3299,0.6707,-0.6786,0.3312,-0.1364,-0.8122,2880.0
Anomalia,-0.0307,1.2594,4.94,-5.0209,1.2598,-0.3496,5.9289,2880.0
Anomalia,0.0087,1.6167,4.94,-5.0209,1.6168,0.0333,1.9106,3360.0
Anomalia,0.0082,1.9223,4.94,-5.0209,1.9223,0.0433,0.1091,3360.0
Anomalia,-0.0008,1.9706,4.94,-5.0209,1.9706,0.0568,-0.1638,3360.0
Anomalia,0.0636,1.5804,4.7271,-3.5795,1.5817,0.2054,0.2215,3360.0
Anomalia,0.0186,1.2328,3.5536,-3.5653,1.233,0.0835,1.0616,3360.0
Anomalia,0.0228,0.635,1.7574,-1.5366,0.6354,0.0919,-0.0815,3600.0
Anomalia,0.0108,0.4664,1.3972,-1.3188,0.4665,0.122,0.5707,2880.0
Anomalia,0.009,0.3277,0.9674,-0.8338,0.3279,0.1124,0.0818,2880.0
Anomalia,0.0016,0.4578,1.6026,-1.5224,0.4578,-0.0757,2.7564,2880.0
Anomalia,0.004,0.5476,1.6026,-1.5224,0.5476,-0.0165,0.6999,3360.0
Anomalia,0.0199,0.5921,1.6026,-1.5224,0.5924,-0.0265,0.1286,3360.0
Anomalia,0.0118,0.5911,1.6026,-1.5224,0.5913,0.0101,0.1453,3360.0
Anomalia,0.0219,0.4438,1.2128,-1.1159,0.4443,0.1083,0.5417,3360.0
Anomalia,0.0216,0.3375,1.1969,-1.0191,0.3382,0.2246,1.5587,3360.0
Anomalia,0.0024,0.2249,0.4499,-0.4365,0.2249,0.0812,-1.0234,3360.0
Anomalia,0.0136,0.215,0.4499,-0.4365,0.2154,0.0704,-0.8638,2880.0
Anomalia,0.0156,0.2014,0.4499,-0.4365,0.202,0.0321,-0.8223,2880.0
Anomalia,-0.0402,1.2023,4.705,-4.5606,1.2029,-0.1871,6.0071,2880.0
Anomalia,-0.0006,1.499,4.705,-4.5606,1.499,0.0412,2.1413,3360.0
Anomalia,0.0095,1.7333,4.705,-4.5606,1.7333,0.0563,0.3997,3360.0
Anomalia,-0.0026,1.7807,4.705,-4.5606,1.7807,0.0707,0.0713,3360.0
Anomalia,0.0714,1.3513,4.1783,-3.0916,1.3532,0.208,0.5575,3360.0
Anomalia,0.0226,1.0381,3.2765,-3.0916,1.0383,0.1669,1.3042,3360.0
Anomalia,0.0124,0.5715,1.2916,-1.2053,0.5716,0.0196,-0.3924,3600.0
Anomalia,0.0149,0.4108,1.2762,-0.9766,0.411,0.1605,0.4294,2880.0
Anomalia,-0.0001,0.3041,0.7683,-0.876,0.3041,-0.3651,0.2675,2880.0
Anomalia,-0.0307,1.1361,4.5314,-4.5172,1.1365,-0.3044,6.5084,2880.0
Anomalia,0.026,1.4566,4.5314,-4.5172,1.4568,0.0334,2.2779,3360.0
Anomalia,0.0051,1.7667,4.5314,-4.5172,1.7667,0.0577,0.1471,3360.0
Anomalia,0.0215,1.8348,4.5314,-4.5172,1.8349,0.0323,-0.2607,3360.0
Anomalia,0.0593,1.5033,4.304,-3.4868,1.5045,0.1694,-0.0341,3360.0
Anomalia,0.0012,1.1996,3.3124,-3.3545,1.1996,0.081,0.602,3360.0
Anomalia,0.0204,0.6863,1.7273,-1.5404,0.6866,0.0559,-0.3755,3360.0
Anomalia,0.0063,0.5106,1.2495,-1.3188,0.5106,-0.0155,-0.1376,2880.0
Anomalia,0.0118,0.337,0.8096,-0.7746,0.3372,0.1093,-0.3283,2880.0
Anomalia,-0.0347,1.091,4.329,-4.1621,1.0916,-0.1832,5.7153,2880.0
Anomalia,0.0422,1.3218,4.329,-4.1621,1.3225,0.0471,2.2212,3360.0
Anomalia,0.0001,1.5541,4.329,-4.1621,1.5541,0.0737,0.3797,3360.0
Anomalia,0.0258,1.5967,4.329,-4.1621,1.5969,0.025,0.0501,3360.0
Anomalia,0.0603,1.237,3.6154,-2.7945,1.2384,0.2052,0.1691,3360.0
Anomalia,-0.0119,0.98,3.0265,-2.7945,0.9801,0.0112,1.2829,3360.0
Anomalia,0.0203,0.532,1.2599,-1.2641,0.5324,0.0137,-0.4574,3600.0
Anomalia,0.0014,0.4127,1.0788,-1.0383,0.4127,-0.0469,-0.1989,2880.0
Anomalia,0.0071,0.2992,0.707,-0.707,0.2993,-0.0865,-0.4236,2880.0
Anomalia,0.0222,0.7863,3.2548,-2.9589,0.7866,0.4055,5.774,3120.0
Anomalia,0.0341,1.0397,3.2548,-3.155,1.0403,0.1097,2.1276,3120.0
Anomalia,0.0176,1.2543,3.2548,-3.155,1.2545,0.0779,0.186,3360.0
Anomalia,0.0188,1.2876,3.2548,-3.155,1.2877,0.064,-0.1126,3360.0
Anomalia,0.0031,1.0754,2.9677,-3.155,1.0754,-0.0157,0.4498,3360.0
Anomalia,-0.015,0.829,2.373,-2.4314,0.8291,0.0467,1.1669,3360.0
Anomalia,0.0139,0.4296,0.8743,-1.0333,0.4298,-0.1359,-0.6603,3360.0
Anomalia,0.0169,0.3306,0.8743,-0.8113,0.3311,-0.0539,-0.3368,2880.0
Anomalia,0.0109,0.2615,0.5396,-0.5154,0.2617,-0.0059,-1.0478,2880.0
Anomalia,0.0344,1.0092,4.329,-3.9037,1.0098,0.4063,7.0648,2880.0
Anomalia,0.0234,1.3601,4.329,-4.2743,1.3603,0.101,2.4065,2880.0
Anomalia,0.0049,1.6328,4.329,-4.2743,1.6328,0.072,0.3177,3360.0
Anomalia,0.0183,1.6817,4.329,-4.2743,1.6818,0.0464,-0.0276,3360.0
Anomalia,0.0073,1.4078,3.8545,-4.2743,1.4079,-0.0643,0.4157,3360.0
Anomalia,0.0007,1.0767,3.2623,-3.0065,1.0767,-0.0014,1.0082,3360.0
Anomalia,0.0117,0.59,1.5066,-1.2733,0.5901,0.0942,-0.236,3360.0
Anomalia,0.0084,0.4514,1.1894,-1.1452,0.4515,0.0519,0.1955,2880.0
Anomalia,-0.0072,0.2942,0.6606,-0.6427,0.2943,0.1554,-0.7007,2880.0
Anomalia,0.0194,0.9266,4.6103,-3.7952,0.9268,0.511,8.7098,3120.0
Anomalia,0.006,1.4761,4.6103,-4.4951,1.4761,0.099,2.1086,3120.0
Anomalia,0.0182,1.7928,4.6103,-4.4951,1.7929,0.0538,0.1212,3360.0
Anomalia,0.0139,1.8649,4.6103,-4.4951,1.865,0.0507,-0.2887,3360.0
Anomalia,-0.0038,1.6877,4.2793,-4.4951,1.6877,0.0105,0.0021,3360.0
Anomalia,0.0124,1.2461,3.5407,-3.4609,1.2462,0.0324,0.6363,3360.0
Anomalia,0.0004,0.7019,2.0178,-1.9515,0.7019,-0.0246,0.0955,3600.0
Anomalia,0.0223,0.4789,1.3267,-1.3672,0.4794,-0.0823,0.924,2880.0
Anomalia,0.0162,0.2821,0.8201,-0.7186,0.2826,0.1294,0.2502,2880.0
Anomalia,0.0547,0.7077,3.2222,-2.8671,0.7098,0.5339,7.8597,2880.0
Anomalia,-0.0073,0.9762,3.2222,-3.0603,0.9762,-0.0591,2.4928,3360.0
Anomalia,0.017,1.1615,3.2222,-3.0603,1.1616,-0.0376,0.3535,3360.0
Anomalia,-0.0022,1.1874,3.2222,-3.0603,1.1874,0.0049,0.0862,3360.0
Anomalia,-0.0184,0.9973,2.5524,-3.0603,0.9975,-0.2025,0.4055,3360.0
Anomalia,0.0315,0.7484,2.1459,-2.0186,0.749,0.0843,0.7166,3360.0
Anomalia,0.0143,0.4041,0.8121,-0.8338,0.4044,-0.066,-0.7203,3360.0
Anomalia,0.0239,0.3117,0.8121,-0.6794,0.3126,0.1444,-0.3271,2880.0
Anomalia,0.005,0.2589,0.5667,-0.5793,0.259,-0.0662,-0.6582,2880.0
Anomalia,0.0025,0.5384,2.1893,-2.1614,0.5384,-0.2721,5.9606,2880.0
Anomalia,0.0033,0.8675,2.6229,-2.5708,0.8675,0.1836,2.2081,2880.0
Anomalia,0.014,1.023,2.6229,-2.5708,1.0231,0.0908,0.3094,3360.0
Anomalia,0.0141,1.0421,2.6229,-2.5708,1.0422,0.0913,0.0946,3360.0
Anomalia,0.0214,0.9409,2.6229,-2.5708,0.9412,0.1636,0.7141,3360.0
Anomalia,0.0055,0.6516,1.9289,-1.8388,0.6516,0.0623,1.029,3360.0
Anomalia,0.0148,0.3582,1.04,-0.7533,0.3585,0.1475,-0.2139,3360.0
Anomalia,0.0167,0.2744,0.8134,-0.6289,0.2749,0.0314,0.2196,2880.0
Anomalia,0.0207,0.1882,0.3668,-0.399,0.1893,-0.0439,-0.9721,2880.0
Anomalia,-0.0134,0.6471,2.706,-3.2443,0.6472,-1.0086,10.7391,2880.0
Anomalia,0.0128,1.1976,3.8211,-3.8683,1.1976,0.0386,2.8188,3360.0
Anomalia,-0.0124,1.4213,3.8211,-3.8683,1.4214,0.0491,0.539,3360.0
Anomalia,0.0231,1.4857,3.8211,-3.8683,1.4858,0.0021,0.0212,3360.0
Anomalia,0.0421,1.3869,3.8211,-3.8683,1.3875,0.0765,0.3326,3360.0
Anomalia,0.0153,0.9637,2.5253,-2.6192,0.9638,-0.0011,0.2936,3360.0
Anomalia,0.0278,0.591,1.8016,-1.3142,0.5916,0.3178,0.0183,3360.0
Anomalia,-0.0088,0.4292,1.0479,-1.015,0.4293,0.081,-0.1859,2880.0
Anomalia,0.0196,0.2924,0.7241,-0.5926,0.2931,0.1432,-0.6783,2880.0
Anomalia,0.0038,0.941,4.7497,-4.1329,0.941,-0.0355,9.6494,2880.0
Anomalia,0.0028,1.5029,5.0297,-4.8369,1.5029,0.0376,2.8047,3360.0
Anomalia,0.0197,1.8069,5.0297,-4.8369,1.807,0.0203,0.4517,3360.0
Anomalia,0.0032,1.8628,5.0297,-4.8369,1.8628,0.0446,0.0839,3360.0
Anomalia,0.018,1.6675,5.0297,-4.8369,1.6676,0.0453,0.5382,3360.0
Anomalia,0.0203,1.2052,3.428,-3.2731,1.2054,0.0603,0.6436,3360.0
Anomalia,0.0036,0.6669,1.7515,-1.5679,0.6669,0.0781,-0.4442,3600.0
Anomalia,0.015,0.4942,1.3117,-1.2658,0.4944,0.0617,0.0364,2880.0
Anomalia,0.0086,0.3418,0.8701,-0.8305,0.3419,0.0028,-0.3935,2880.0
Anomalia,0.0206,0.4624,2.0095,-1.7783,0.4629,-0.0361,4.5269,2880.0
Anomalia,0.0119,0.6549,2.0595,-1.9665,0.655,0.0145,2.0478,3360.0
Anomalia,0.0147,0.7798,2.0595,-1.9665,0.7799,0.0411,0.2521,3360.0
Anomalia,0.0074,0.7935,2.0595,-1.9665,0.7935,0.06,0.0489,3360.0
Anomalia,0.0159,0.7088,2.0595,-1.9665,0.709,0.0587,0.4798,3360.0
Anomalia,0.0134,0.5195,1.5228,-1.4886,0.5197,0.1608,0.9785,3360.0
Anomalia,0.0089,0.2872,0.6736,-0.5375,0.2873,0.0961,-0.8485,3360.0
Anomalia,0.0092,0.2705,0.6189,-0.5033,0.2707,0.1165,-0.8945,2880.0
Anomalia,0.0056,0.2256,0.5292,-0.5033,0.2256,-0.1727,-0.6974,2880.0
Anomalia,-0.0181,0.5235,2.0883,-2.3688,0.5238,-0.9365,7.5401,2880.0
Anomalia,0.0272,0.8999,3.0177,-2.6321,0.9003,0.203,2.6189,2880.0
Anomalia,0.0165,1.0807,3.0177,-2.6321,1.0809,0.1121,0.4448,2880.0
Anomalia,0.0195,1.1039,3.0177,-2.6321,1.104,0.0989,0.1775,3360.0
Anomalia,0.0391,1.0222,3.0177,-2.6321,1.0229,0.2118,0.5844,3360.0
Anomalia,-0.01,0.7158,2.1647,-2.1347,0.7159,0.0054,1.022,3360.0
Anomalia,0.0169,0.38,0.8201,-0.7696,0.3804,-0.0662,-0.7298,3360.0
Anomalia,0.0109,0.3155,0.8201,-0.7696,0.3156,-0.1562,-0.1524,2880.0
Anomalia,0.0253,0.217,0.4829,-0.4557,0.2184,-0.0747,-0.8091,2880.0
Anomalia,0.0259,0.6275,3.1129,-3.4509,0.628,-0.1239,12.242,3120.0
Anomalia,0.0053,1.4639,4.5473,-4.6566,1.4639,0.0226,2.5936,3360.0
Anomalia,0.0099,1.767,4.5473,-4.6566,1.7671,0.0148,0.4283,3360.0
Anomalia,0.0172,1.8999,4.5473,-4.6566,1.9,-0.0053,-0.2756,3360.0
Anomalia,0.0113,1.8602,4.5473,-4.6566,1.8603,0.0077,-0.2099,3360.0
Anomalia,0.0329,1.3171,3.5415,-3.6475,1.3175,-0.0461,0.3563,3360.0
Anomalia,0.0133,0.8795,2.6734,-3.11,0.8796,-0.0537,0.949,3360.0
Anomalia,0.0093,0.5483,1.4185,-1.3117,0.5484,0.0665,0.2632,2880.0
Anomalia,0.0059,0.3258,0.8004,-0.8368,0.3259,0.0726,-0.862,2880.0
Anomalia,-0.0262,0.6509,2.663,-3.1813,0.6514,-0.7829,8.9117,2880.0
Anomalia,0.0278,1.0744,3.6992,-3.38,1.0747,0.0302,2.8081,3360.0
Anomalia,0.0055,1.312,3.6992,-3.38,1.312,0.0584,0.3715,3360.0
Anomalia,0.0262,1.359,3.6992,-3.38,1.3592,0.0132,-0.0373,3360.0
Anomalia,0.0397,1.2505,3.6992,-3.38,1.2512,0.1228,0.249,3360.0
Anomalia,-0.0046,0.9135,2.5624,-2.3425,0.9135,0.078,0.4683,3360.0
Anomalia,0.0197,0.512,1.1539,-1.1089,0.5124,0.0341,-0.5742,3600.0
Anomalia,0.0036,0.398,0.8626,-0.7846,0.398,0.0655,-0.9021,2880.0
Anomalia,0.0154,0.3067,0.6882,-0.6185,0.3071,0.083,-0.7514,2880.0
Anomalia,0.0464,0.5286,2.7819,-1.8642,0.5307,1.3803,9.5463,3120.0
Anomalia,0.0109,1.2193,3.8862,-3.7969,1.2194,-0.0006,2.4657,3120.0
Anomalia,0.0341,1.4153,3.8862,-3.7969,1.4157,0.0116,0.6511,3360.0
Anomalia,0.0072,1.4798,3.8862,-3.7969,1.4798,0.0404,0.1415,3360.0
Anomalia,-0.0013,1.446,3.8862,-3.7969,1.446,-0.0132,0.2366,3360.0
Anomalia,0.0194,0.9422,2.7118,-2.5562,0.9424,0.1106,0.9116,3360.0
Anomalia,-0.0008,0.5895,1.7637,-1.9798,0.5895,-0.2484,1.1577,3600.0
Anomalia,0.0132,0.3957,1.1669,-1.184,0.396,-0.012,1.0353,2880.0
Anomalia,-0.0064,0.2283,0.5596,-0.6373,0.2284,-0.3223,0.1905,2880.0
Anomalia,0.027,0.4763,2.9247,-1.8396,0.477,1.9008,16.7189,2880.0
Anomalia,0.0189,1.2374,4.049,-3.9601,1.2376,0.0648,3.0849,2880.0
Anomalia,0.0324,1.4357,4.049,-3.9601,1.436,0.0372,0.9038,3360.0
Anomalia,0.0102,1.5202,4.049,-3.9601,1.5203,0.0529,0.2054,3360.0
Anomalia,0.0023,1.4968,4.049,-3.9601,1.4968,0.0102,0.2266,3360.0
Anomalia,0.0003,0.9739,2.6722,-2.519,0.9739,0.0685,0.2886,3360.0
Anomalia,0.0002,0.6531,1.9239,-1.9974,0.6531,-0.1293,0.4433,3360.0
Anomalia,0.0281,0.4297,1.1339,-1.0792,0.4306,0.043,0.2186,2880.0
Anomalia,0.0033,0.284,0.6673,-0.709,0.2841,-0.0793,-0.6584,2880.0
Anomalia,0.0122,0.4279,2.5925,-1.9715,0.4281,-0.0035,11.245,2880.0
Anomalia,0.034,1.5251,4.9108,-5.1019,1.5255,0.0462,3.1463,2880.0
Anomalia,-0.0079,1.7971,4.9108,-5.1019,1.7972,0.0558,0.8884,3360.0
Anomalia,0.0197,1.9547,4.9108,-5.1019,1.9548,0.0358,-0.0001,3360.0
Anomalia,0.0136,1.9691,4.9108,-5.1019,1.9692,0.0422,-0.1039,3360.0
Anomalia,-0.0125,1.3326,3.5937,-3.6237,1.3327,0.0666,0.419,3360.0
Anomalia,0.0232,0.9416,3.529,-2.8909,0.9419,0.227,1.4609,3360.0
Anomalia,0.009,0.5286,1.3338,-1.2979,0.5287,-0.0017,0.2354,2880.0
Anomalia,0.0141,0.3652,0.9774,-0.7545,0.3654,0.1401,-0.2426,2880.0
Anomalia,0.0187,0.3346,1.209,-0.8952,0.3351,0.2136,0.943,2880.0
Anomalia,0.0128,0.5975,1.9423,-1.7833,0.5976,-0.0526,1.9309,2880.0
Anomalia,0.0086,0.7202,1.9423,-1.7833,0.7203,-0.0165,0.1464,3360.0
Anomalia,0.0154,0.7236,1.9423,-1.7833,0.7238,-0.0167,0.1259,3360.0
Anomalia,0.0119,0.7175,1.9423,-1.7833,0.7176,-0.0186,0.1603,3360.0
Anomalia,0.0078,0.4959,1.4911,-1.373,0.496,0.0725,1.0329,3360.0
Anomalia,0.0165,0.3127,1.1093,-0.7257,0.3132,0.2051,-0.1705,3360.0
Anomalia,0.0113,0.281,0.5663,-0.6081,0.2812,-0.0465,-0.9822,3360.0
Anomalia,0.0112,0.2605,0.5663,-0.6081,0.2607,-0.0668,-0.8241,2880.0
Anomalia,0.0176,0.4056,2.2653,-1.7991,0.406,0.0471,8.5827,2880.0
Anomalia,0.0179,1.1204,3.6437,-3.5052,1.1206,0.077,2.9282,2880.0
Anomalia,0.0017,1.3141,3.6437,-3.5052,1.3141,0.0566,0.8331,3360.0
Anomalia,0.0122,1.3852,3.6437,-3.5052,1.3852,0.0589,0.2151,3360.0
Anomalia,0.0176,1.3816,3.6437,-3.5052,1.3817,0.0455,0.1803,3360.0
Anomalia,0.0032,0.9064,2.5891,-2.5053,0.9064,0.0626,0.7958,3360.0
Anomalia,0.0136,0.5936,2.2874,-1.507,0.5938,0.3606,0.8671,3360.0
Anomalia,0.0107,0.4182,0.9682,-0.9144,0.4184,-0.0335,-0.5644,2880.0
Anomalia,0.0022,0.2981,0.7387,-0.6899,0.2981,-0.0821,-0.7382,2880.0
Anomalia,-0.0043,0.3691,0.9181,-1.6493,0.3691,-1.2257,3.9642,2880.0
Anomalia,0.0468,1.3217,4.2651,-4.2422,1.3226,0.02,2.8592,2880.0
Anomalia,-0.0153,1.5087,4.2651,-4.2422,1.5088,0.0481,1.0051,3360.0
Anomalia,0.0262,1.6724,4.2651,-4.2422,1.6726,0.0328,-0.0345,3360.0
Anomalia,0.0157,1.6922,4.2651,-4.2422,1.6923,0.0575,-0.1709,3360.0
Anomalia,-0.0187,1.1258,3.0344,-3.0545,1.126,0.1021,0.3988,3360.0
Anomalia,0.0331,0.8524,3.0344,-2.5578,0.8531,0.3755,1.8944,3360.0
Anomalia,0.0097,0.5093,1.1222,-1.1452,0.5094,-0.0537,-0.5624,3600.0
Anomalia,0.0263,0.3759,0.9949,-0.7604,0.3769,0.2363,-0.3124,2880.0
Anomalia,-0.0084,0.4124,0.8401,-1.7908,0.4125,-0.9551,2.8511,2880.0
Anomalia,0.0245,1.3078,4.4041,-4.2964,1.308,-0.0045,2.9886,2880.0
Anomalia,-0.0313,1.5385,4.4041,-4.2964,1.5388,0.0478,0.9001,3360.0
Anomalia,0.0245,1.6499,4.4041,-4.2964,1.6501,-0.0051,0.0996,3360.0
Anomalia,0.0281,1.6697,4.4041,-4.2964,1.6699,0.0038,-0.0474,3360.0
Anomalia,-0.0034,1.1312,3.2218,-3.0048,1.1312,0.0572,0.4375,3360.0
Anomalia,0.0474,0.7639,2.6334,-1.9535,0.7653,0.3373,0.6776,3360.0
Anomalia,-0.0044,0.4968,1.1698,-1.1598,0.4968,0.0699,-0.3966,2880.0
Anomalia,0.0181,0.3468,0.9486,-0.7237,0.3473,0.1893,-0.425,2880.0
Anomalia,0.0039,0.3452,0.8422,-1.5228,0.3452,-0.8342,3.0907,2880.0
Anomalia,0.0027,0.9061,2.9105,-2.7523,0.9061,0.0843,2.5377,2880.0
Anomalia,0.0076,1.0599,2.9105,-2.7523,1.0599,-0.001,0.8227,3360.0
Anomalia,0.023,1.1698,2.9105,-2.7523,1.17,0.0221,-0.0486,3360.0
Anomalia,0.0222,1.1842,2.9105,-2.7523,1.1845,0.0433,-0.2054,3360.0
Anomalia,0.0214,0.8348,2.3362,-2.4439,0.8351,0.0262,0.8143,3360.0
Anomalia,0.0204,0.615,2.3362,-1.8826,0.6153,0.357,2.2493,3360.0
Anomalia,0.0113,0.3703,0.8902,-0.9156,0.3704,-0.0583,-0.3847,3360.0
Anomalia,0.027,0.27,0.6748,-0.4753,0.2713,0.1357,-1.0334,2880.0
Anomalia,-0.0044,0.3481,0.6402,-1.8851,0.3481,-2.1322,9.0492,2880.0
Anomalia,-0.0034,1.2504,4.3127,-4.0006,1.2504,0.1327,3.3665,2880.0
Anomalia,-0.004,1.4549,4.3127,-4.0006,1.4549,0.0847,1.1242,3360.0
Anomalia,0.0138,1.565,4.3127,-4.0006,1.5651,0.0616,0.2579,3360.0
Anomalia,0.0303,1.5871,4.3127,-4.0006,1.5873,0.0489,0.07,3360.0
Anomalia,0.0384,1.0626,2.8813,-2.7915,1.0633,-0.0239,0.2802,3360.0
Anomalia,0.0304,0.7564,2.4773,-2.542,0.757,0.128,0.8457,3360.0
Anomalia,0.0025,0.5182,1.184,-1.1785,0.5182,0.0242,-0.2977,3360.0
Anomalia,0.0166,0.3809,1.1656,-1.0054,0.3813,0.1923,0.3924,2880.0
Anomalia,0.0184,0.3065,0.9866,-0.6118,0.3071,0.4281,0.1914,3120.0
Anomalia,0.0281,1.393,4.786,-4.8035,1.3933,0.1588,3.8464,3120.0
Anomalia,0.0498,1.6361,4.786,-4.8035,1.6368,0.0765,1.2678,3360.0
Anomalia,0.0152,1.8973,4.786,-4.8035,1.8973,0.0482,-0.1095,3360.0
Anomalia,0.0228,1.9476,4.786,-4.8035,1.9478,0.0348,-0.3796,3360.0
Anomalia,0.0031,1.4185,3.476,-3.5903,1.4185,-0.0328,-0.0358,3360.0
Anomalia,-0.0141,1.1276,3.476,-3.5903,1.1277,-0.1153,1.4187,3360.0
Anomalia,0.0139,0.5784,1.4385,-1.2916,0.5785,0.0311,0.2098,3600.0
Anomalia,-0.0023,0.3983,1.0984,-1.2916,0.3984,-0.2131,0.7498,2880.0
Anomalia,0.0214,0.3075,0.8497,-0.8117,0.3083,-0.0096,0.4449,3360.0
Anomalia,0.0058,0.9099,3.0486,-2.9773,0.9099,-0.0387,3.2379,3360.0
Anomalia,0.0389,1.0614,3.0486,-2.9773,1.0621,-0.0231,0.9365,3360.0
Anomalia,-0.0017,1.1596,3.0486,-2.9773,1.1596,0.0082,0.0694,3360.0
Anomalia,0.0065,1.1869,3.0486,-2.9773,1.187,-0.0063,-0.1858,3360.0
Anomalia,0.0218,0.8117,2.1801,-2.1155,0.812,-0.0115,0.0582,3360.0
Anomalia,-0.0082,0.6152,1.8129,-2.1155,0.6152,-0.3071,1.2142,3360.0
Anomalia,0.0187,0.3772,0.911,-0.7938,0.3777,0.1157,-0.5953,3360.0
Anomalia,0.0058,0.2684,0.5743,-0.6419,0.2685,-0.1142,-0.8623,2880.0
Anomalia,0.0104,0.2361,0.7157,-0.4645,0.2363,0.117,-0.5849,2880.0
Anomalia,0.0398,0.891,3.0194,-2.8859,0.8919,0.2741,3.8822,2880.0
Anomalia,0.0134,1.0235,3.0194,-2.8859,1.0236,0.0885,1.6431,3360.0
Anomalia,0.0208,1.1419,3.0194,-2.8859,1.1421,0.0716,0.3715,3360.0
Anomalia,0.0073,1.1604,3.0194,-2.8859,1.1604,0.0958,0.1743,3360.0
Anomalia,-0.0267,0.7893,2.0921,-2.1255,0.7898,-0.1142,0.5824,3360.0
Anomalia,0.012,0.6108,2.0921,-2.0303,0.6109,0.1506,1.8388,2880.0
Anomalia,0.0066,0.3511,0.8017,-0.7278,0.3511,-0.1061,-0.8348,2880.0
Anomalia,0.0216,0.279,0.7116,-0.6101,0.2799,-0.0182,-0.4164,2880.0
Anomalia,0.0184,0.2148,0.5726,-0.5117,0.2155,0.0586,-0.2148,2880.0
Anomalia,0.0436,0.844,2.9739,-2.9426,0.8451,0.1253,4.3128,2880.0
Anomalia,-0.0042,0.9787,2.9739,-2.9426,0.9787,0.0174,1.7595,3360.0
Anomalia,0.0109,1.1395,2.9739,-2.9426,1.1396,-0.0103,0.1518,3360.0
Anomalia,0.0171,1.163,2.9739,-2.9426,1.1631,-0.0259,-0.0816,3360.0
Anomalia,-0.0184,0.8367,2.0524,-2.1676,0.8369,-0.1747,0.2932,3360.0
Anomalia,0.0306,0.6838,2.0524,-2.1676,0.6845,-0.0501,1.5358,3360.0
Anomalia,0.0053,0.3579,0.7683,-0.8459,0.3579,0.0163,-0.276,3600.0
Anomalia,0.0074,0.305,0.7683,-0.8459,0.3051,0.0195,-0.1156,2880.0
Anomalia,0.0308,0.2585,0.6978,-0.5413,0.2603,0.1325,-0.4222,2880.0
Anomalia,0.0416,1.3833,4.9183,-4.8548,1.3839,0.0675,4.5467,3360.0
Anomalia,0.0245,1.6164,4.9183,-4.8548,1.6166,0.0071,1.6189,3360.0
Anomalia,0.0175,1.8203,4.9183,-4.8548,1.8204,0.0076,0.2522,3360.0
Anomalia,0.0082,1.8691,4.9183,-4.8548,1.8691,0.0219,-0.0553,3360.0
Anomalia,-0.0243,1.3004,3.2256,-3.2218,1.3006,-0.036,-0.0924,3360.0
Anomalia,0.0033,1.0181,3.2256,-3.2218,1.0181,-0.0118,1.1766,3360.0
Anomalia,0.01,0.5696,1.3442,-1.4936,0.5697,-0.0536,-0.0367,3600.0
Anomalia,0.0087,0.3863,1.025,-1.272,0.3864,-0.2744,0.8651,2880.0
Anomalia,0.0172,0.291,0.8918,-0.7387,0.2915,0.081,0.337,2880.0
Anomalia,0.0315,0.7166,2.3909,-2.3863,0.7173,-0.0359,3.632,2880.0
Anomalia,0.0056,0.8285,2.3909,-2.3863,0.8285,-0.0527,1.3454,3360.0
Anomalia,0.0097,0.9195,2.3909,-2.3863,0.9196,-0.0249,0.2304,3360.0
Anomalia,0.0122,0.9422,2.3909,-2.3863,0.9423,-0.0292,-0.051,3360.0
Anomalia,-0.0012,0.6621,1.7378,-1.7056,0.6621,-0.0722,0.034,3360.0
Anomalia,0.014,0.5158,1.7378,-1.5529,0.516,0.1311,1.0375,3360.0
Anomalia,0.0144,0.3604,0.707,-0.6373,0.3607,0.0257,-1.1247,3360.0
Anomalia,0.0069,0.3037,0.6915,-0.6373,0.3038,0.0129,-0.8339,2880.0
Anomalia,0.0065,0.2636,0.6177,-0.6373,0.2637,-0.0663,-0.4694,2880.0
Anomalia,0.0239,0.7671,2.5683,-2.3095,0.7674,0.0707,3.1235,2880.0
Anomalia,-0.015,0.8882,2.5683,-2.3095,0.8883,0.0452,1.2823,2880.0
Anomalia,0.027,1.0003,2.5683,-2.3095,1.0006,-0.0049,0.1101,2880.0
Anomalia,0.0025,1.017,2.5683,-2.3095,1.017,0.0566,-0.0765,3360.0
Anomalia,-0.0041,0.7399,2.0758,-1.9398,0.74,0.0124,0.4369,3360.0
Anomalia,0.031,0.5639,1.9644,-1.7687,0.5648,0.252,1.7067,3360.0
Anomalia,0.0067,0.3656,0.7566,-0.7487,0.3657,-0.0423,-0.8473,3360.0
Anomalia,0.0215,0.3269,0.7566,-0.6928,0.3276,0.0242,-0.4874,2880.0
Anomalia,0.0311,0.2662,0.699,-0.6139,0.268,-0.0533,-0.2769,2880.0
Anomalia,-0.0358,1.1616,4.3641,-4.6758,1.1622,-0.4227,5.7257,3120.0
Anomalia,0.0036,1.4906,4.3641,-4.6758,1.4906,0.0034,1.8488,3360.0
Anomalia,-0.0006,1.8067,4.3641,-4.6758,1.8067,0.0052,-0.0262,3360.0
Anomalia,0.004,1.8588,4.3641,-4.6758,1.8588,0.0068,-0.3226,3360.0
Anomalia,0.0699,1.5004,4.2163,-3.4818,1.5021,0.1282,0.13,3360.0
Anomalia,0.0193,1.1728,3.3867,-3.4818,1.1729,-0.0121,1.2828,3360.0
Anomalia,0.0297,0.5804,1.7511,-1.2232,0.5812,0.223,0.0876,3600.0
Anomalia,0.0034,0.3982,1.1881,-1.1172,0.3982,0.1144,0.2858,2880.0
Anomalia,0.0019,0.2886,0.6744,-0.5809,0.2886,0.088,-0.9056,2880.0
Anomalia,0.0059,1.0117,3.7022,-3.481,1.0117,-0.0008,4.5957,2880.0
Anomalia,-0.0069,1.1896,3.7022,-3.481,1.1897,0.0214,1.6071,3360.0
Anomalia,0.0306,1.3405,3.7022,-3.481,1.3408,-0.0072,0.2746,3360.0
Anomalia,0.0166,1.3804,3.7022,-3.481,1.3805,0.0181,-0.0632,3360.0
Anomalia,0.0189,0.9882,2.6718,-2.2945,0.9884,0.0771,-0.1392,3360.0
Anomalia,0.0296,0.7658,2.5391,-2.2945,0.7663,0.189,1.2295,3360.0
Anomalia,-0.0036,0.4481,1.0972,-0.9983,0.4481,0.003,-0.2087,3600.0
Anomalia,0.0188,0.3229,0.8188,-0.8242,0.3235,-0.0063,-0.4426,2880.0
Anomalia,0.006,0.2668,0.5851,-0.5864,0.2668,0.0101,-0.7092,3360.0
Anomalia,0.0135,0.9024,3.5043,-3.4852,0.9025,-0.0534,5.7722,3120.0
Anomalia,0.0372,1.1503,3.5043,-3.4852,1.1509,-0.0383,2.1167,3120.0
Anomalia,0.0063,1.3758,3.5043,-3.4852,1.3758,0.0237,0.1799,3360.0
Anomalia,0.0295,1.4093,3.5043,-3.4852,1.4096,-0.0229,-0.0947,3360.0
Anomalia,0.0266,1.1373,3.2302,-3.2377,1.1376,0.012,0.401,3360.0
Anomalia,-0.0047,0.8954,2.5119,-2.6175,0.8954,0.0437,0.9862,3360.0
Anomalia,0.0171,0.4603,1.0129,-1.0884,0.4606,-0.0283,-0.2592,3360.0
Anomalia,-0.0033,0.3487,1.0074,-0.9544,0.3487,-0.0718,0.791,2880.0
Anomalia,-0.0022,0.2585,0.6903,-0.7437,0.2585,-0.1142,0.4013,3360.0
Anomalia,0.0344,1.0728,4.8018,-4.1654,1.0734,0.5565,7.8879,3360.0
Anomalia,0.0394,1.4782,4.8018,-4.6462,1.4787,0.1229,2.6812,3360.0
Anomalia,0.0271,1.721,4.8018,-4.6462,1.7212,0.0878,0.5862,3360.0
Anomalia,0.0167,1.7686,4.8018,-4.6462,1.7686,0.092,0.2393,3360.0
Anomalia,-0.0007,1.468,4.4267,-4.6462,1.468,-0.038,0.739,3360.0
Anomalia,-0.0215,1.0667,3.0215,-2.8337,1.0669,0.0789,0.6213,3360.0
Anomalia,0.0116,0.6053,1.3459,-1.5324,0.6054,-0.0953,-0.2075,3360.0
Anomalia,0.0213,0.4643,1.3459,-1.2282,0.4648,0.0087,0.5933,2880.0
Anomalia,0.002,0.3019,0.6594,-0.6911,0.3019,-0.1188,-0.6754,2880.0
Anomalia,0.0664,1.0489,4.8962,-3.9325,1.051,0.8315,7.7751,2880.0
Anomalia,0.0054,1.5527,4.8962,-4.9588,1.5527,0.1185,2.4521,3360.0
Anomalia,0.0169,1.8745,4.8962,-4.9588,1.8745,0.0577,0.2628,3360.0
Anomalia,0.017,1.9386,4.8962,-4.9588,1.9387,0.0502,-0.1121,3360.0
Anomalia,-0.0304,1.6972,4.6808,-4.9588,1.6975,-0.0747,0.3305,3360.0
Anomalia,0.0129,1.2729,3.4822,-3.5669,1.2729,0.0018,0.5601,3360.0
Anomalia,-0.0021,0.7084,1.9089,-1.7436,0.7084,-0.0239,-0.1026,3600.0
Anomalia,0.0157,0.4987,1.3526,-1.4139,0.4989,-0.1332,0.5082,2880.0
Anomalia,-0.0019,0.3226,0.9315,-0.848,0.3226,0.0642,0.0593,2880.0
Anomalia,0.0209,0.4127,1.5829,-1.4394,0.4133,0.3003,3.2766,2880.0
Anomalia,0.0083,0.5353,1.5829,-1.6238,0.5354,-0.0429,1.2932,3360.0
Anomalia,0.0029,0.6257,1.5829,-1.6238,0.6257,-0.0086,-0.0455,3360.0
Anomalia,0.0165,0.6339,1.5829,-1.6238,0.6341,-0.0633,-0.1808,3360.0
Anomalia,-0.0073,0.5421,1.3684,-1.6238,0.5421,-0.1409,0.2164,3360.0
Anomalia,0.0117,0.426,1.2457,-1.151,0.4262,-0.0293,0.3773,3360.0
Anomalia,0.017,0.2713,0.5446,-0.5179,0.2719,-0.068,-1.1193,3360.0
Anomalia,0.0173,0.2348,0.487,-0.5179,0.2354,-0.1043,-0.8033,2880.0
Anomalia,0.0198,0.2063,0.487,-0.4987,0.2073,0.0053,-0.6981,2880.0
Anomalia,0.0563,0.9865,4.6604,-3.8445,0.9881,0.8497,8.504,2880.0
Anomalia,0.0108,1.4036,4.6604,-4.4029,1.4037,0.1437,2.7894,2880.0
Anomalia,0.0186,1.6719,4.6604,-4.4029,1.672,0.0799,0.5086,3360.0
Anomalia,0.0088,1.716,4.6604,-4.4029,1.7161,0.0885,0.1807,3360.0
Anomalia,-0.0215,1.4449,4.1491,-4.4029,1.445,-0.1032,0.7957,3360.0
Anomalia,0.0062,1.0612,3.1893,-2.9714,1.0612,0.0358,1.0981,3360.0
Anomalia,0.0103,0.5587,1.2946,-1.2194,0.5588,-0.0671,-0.5172,3600.0
Anomalia,0.0149,0.4186,1.1427,-1.0851,0.4188,-0.0838,0.0644,2880.0
Anomalia,-0.0015,0.2901,0.6506,-0.8155,0.2901,-0.258,-0.2286,2880.0
Anomalia,0.0723,0.8572,4.0707,-3.3078,0.8603,0.9497,8.7356,2880.0
Anomalia,-0.0055,1.2801,4.0707,-4.1387,1.2801,0.0645,2.6194,3360.0
Anomalia,0.0315,1.5691,4.0707,-4.1387,1.5694,0.0169,0.2687,3360.0
Anomalia,0.0046,1.6306,4.0707,-4.1387,1.6306,0.05,-0.1579,3360.0
Anomalia,-0.0382,1.4476,3.7101,-4.1387,1.4481,-0.0804,0.1058,3360.0
Anomalia,0.0227,1.0967,3.0211,-3.0282,1.097,0.0603,0.5469,3360.0
Anomalia,-0.0002,0.6194,1.4724,-1.5078,0.6194,-0.0956,-0.3121,3360.0
Anomalia,0.0324,0.4707,1.2311,-1.2295,0.4718,-0.0025,-0.0395,2880.0
Anomalia,0.0087,0.3001,0.6565,-0.6394,0.3002,0.0162,-0.7185,2880.0
Anomalia,0.0602,0.9419,4.3232,-3.607,0.9438,0.7839,7.8783,2880.0
Anomalia,-0.0196,1.3003,4.3232,-4.1921,1.3005,0.1061,2.6766,3360.0
Anomalia,0.0099,1.5541,4.3232,-4.1921,1.5542,0.0377,0.4488,3360.0
Anomalia,0.0011,1.5965,4.3232,-4.1921,1.5965,0.0501,0.1176,3360.0
Anomalia,-0.0352,1.3506,3.559,-4.1921,1.3511,-0.1614,0.4643,3360.0
Anomalia,0.0397,1.0172,3.009,-2.8404,1.0179,-0.032,0.852,3360.0
Anomalia,0.0084,0.5411,1.2937,-1.1293,0.5412,0.0215,-0.5577,3600.0
Anomalia,0.0191,0.4185,1.0617,-1.0029,0.419,-0.0009,-0.1545,2880.0
Anomalia,0.0037,0.276,0.7195,-0.626,0.276,0.0394,-0.0596,2880.0
Anomalia,-0.002,0.6896,3.3057,-2.9848,0.6896,0.1589,8.3807,2880.0
Anomalia,0.0008,1.1434,3.7101,-3.5436,1.1434,0.1371,2.5551,3120.0
Anomalia,0.0092,1.4054,3.7101,-3.5436,1.4054,0.0804,0.2911,3360.0
Anomalia,0.0141,1.4687,3.7101,-3.5436,1.4687,0.0675,-0.1887,3360.0
Anomalia,0.019,1.3484,3.7101,-3.5436,1.3485,0.0661,0.1996,3360.0
Anomalia,0.0107,0.995,2.7853,-2.7861,0.995,0.0751,0.7419,3360.0
Anomalia,0.0203,0.5628,1.7941,-1.2975,0.5631,0.1224,0.1362,3360.0
Anomalia,0.0171,0.3872,1.0738,-1.0003,0.3876,0.1069,0.1738,2880.0
Anomalia,0.0199,0.2654,0.5442,-0.5772,0.2661,0.0057,-0.9922,2880.0
Anomalia,0.006,0.7986,3.8541,-3.6396,0.7987,-0.1837,9.1463,2880.0
Anomalia,-0.009,1.326,4.4559,-4.1792,1.326,0.2016,2.9713,2880.0
Anomalia,0.0057,1.5857,4.4559,-4.1792,1.5857,0.1198,0.5798,3360.0
Anomalia,0.0132,1.6346,4.4559,-4.1792,1.6347,0.107,0.1977,3360.0
Anomalia,0.0255,1.4862,4.4559,-4.1792,1.4864,0.1493,0.6836,3360.0
Anomalia,0.0336,1.051,3.0549,-2.8441,1.0516,0.0422,0.7028,3360.0
Anomalia,0.0097,0.5924,1.5846,-1.2086,0.5924,0.2288,-0.3342,3360.0
Anomalia,0.0061,0.4662,1.1489,-1.1185,0.4662,0.0539,-0.2907,2880.0
Anomalia,0.0096,0.3241,0.823,-0.6389,0.3242,0.2433,-0.7017,2880.0
Anomalia,0.0242,0.7036,3.5094,-3.4213,0.704,0.5121,10.0459,3120.0
Anomalia,0.0244,1.5447,4.8824,-4.7618,1.5449,0.0844,2.2932,3120.0
Anomalia,0.0166,1.8489,4.8824,-4.7618,1.8489,0.077,0.3522,3360.0
Anomalia,0.0356,1.9773,4.8824,-4.7618,1.9776,0.0366,-0.2927,3360.0
Anomalia,-0.0031,1.918,4.8824,-4.7618,1.918,0.0714,-0.1562,3360.0
Anomalia,0.0211,1.3491,3.8658,-3.6358,1.3493,0.0382,0.4799,3360.0
Anomalia,0.0147,0.8771,2.8145,-3.1229,0.8772,-0.0078,1.2349,3600.0
Anomalia,0.0034,0.5273,1.335,-1.4043,0.5273,-0.1084,0.4381,2880.0
Anomalia,0.0163,0.37,0.9561,-0.8376,0.3704,0.051,-0.2347,3360.0
Anomalia,-0.0102,0.5255,1.9452,-2.418,0.5256,-0.7339,5.7649,2880.0
Anomalia,0.019,0.8607,2.8253,-2.6451,0.8609,0.0154,2.2634,3360.0
Anomalia,0.0052,0.998,2.8253,-2.6451,0.998,0.0503,0.394,3360.0
Anomalia,0.021,0.9974,2.8253,-2.6451,0.9976,0.0051,0.3981,3360.0
Anomalia,0.0319,0.9114,2.8253,-2.6451,0.9119,0.1395,0.924,3360.0
Anomalia,0.0053,0.6005,1.7374,-1.6255,0.6005,0.0791,0.8612,3360.0
Anomalia,0.0207,0.3144,0.7383,-0.6677,0.3151,0.008,-0.7068,3600.0
Anomalia,0.0055,0.2471,0.5801,-0.5167,0.2472,-0.0693,-0.7374,3600.0
Anomalia,0.012,0.2291,0.5584,-0.4733,0.2294,-0.104,-0.6337,3600.0
Anomalia,0.0341,0.455,2.2845,-1.7758,0.4562,0.8681,8.6045,3600.0
Anomalia,0.0235,0.9596,3.0661,-2.913,0.9598,0.1066,2.5908,2880.0
Anomalia,0.0353,1.1525,3.0661,-2.913,1.1531,0.0333,0.4455,3360.0
Anomalia,0.0174,1.1813,3.0661,-2.913,1.1814,0.0626,0.152,3360.0
Anomalia,0.0015,1.1381,3.0661,-2.913,1.1381,0.0486,0.3827,3360.0
Anomalia,0.0035,0.7689,2.3212,-2.2006,0.7689,0.0328,1.104,3360.0
Anomalia,0.0012,0.429,1.0112,-1.1573,0.429,-0.1552,-0.3265,3360.0
Anomalia,0.0175,0.3222,0.9052,-0.8647,0.3226,-0.0787,0.4211,2880.0
Anomalia,0.0149,0.2082,0.5071,-0.5534,0.2087,-0.1656,-0.1293,2880.0
Anomalia,0.0442,0.4901,2.8838,-1.7073,0.4921,2.3103,15.397,2880.0
Anomalia,0.0085,1.3096,4.2985,-4.1671,1.3096,0.1759,2.9371,3360.0
Anomalia,0.0292,1.5156,4.2985,-4.1671,1.5159,0.0797,0.8331,3360.0
Anomalia,0.0046,1.5979,4.2985,-4.1671,1.5979,0.0897,0.2015,3360.0
Anomalia,-0.0099,1.5753,4.2985,-4.1671,1.5753,0.0459,0.232,3360.0
Anomalia,0.0298,1.0185,2.6171,-2.8383,1.0189,-0.1107,0.3047,3360.0
Anomalia,-0.0007,0.6896,1.8546,-2.1793,0.6896,-0.1994,0.3618,3360.0
Anomalia,0.0231,0.4801,1.1189,-1.1164,0.4807,-0.0508,-0.0934,2880.0
Anomalia,0.0077,0.3311,0.843,-0.818,0.3312,-0.014,-0.555,2880.0
Anomalia,0.0184,0.624,3.1104,-3.0695,0.6243,0.6803,10.4794,2880.0
Anomalia,0.0125,1.3975,4.8536,-4.574,1.3975,0.0142,3.2283,3360.0
Anomalia,0.03,1.6923,4.8536,-4.574,1.6925,0.0164,0.6425,3360.0
Anomalia,0.021,1.7739,4.8536,-4.574,1.774,0.0056,0.0979,3360.0
Anomalia,0.0008,1.7231,4.8536,-4.574,1.7231,0.0066,0.2644,3360.0
Anomalia,0.023,1.1994,3.236,-3.2414,1.1996,0.015,0.4299,3360.0
Anomalia,0.0004,0.739,1.8563,-2.3725,0.739,-0.2688,0.2713,3600.0
Anomalia,0.0143,0.5179,1.1932,-1.2537,0.5181,-0.068,-0.3795,2880.0
Anomalia,0.0126,0.3726,1.0012,-0.9064,0.3728,-0.0429,-0.2107,2880.0
Anomalia,0.011,0.3903,1.4306,-1.3221,0.3904,0.0554,1.8287,2880.0
Anomalia,0.0083,0.6539,2.1167,-1.9168,0.654,0.0636,2.0173,3360.0
Anomalia,0.0206,0.7907,2.1167,-1.9168,0.791,0.0471,0.2622,3360.0
Anomalia,0.0089,0.8112,2.1167,-1.9168,0.8113,0.0698,-0.0127,3360.0
Anomalia,0.0202,0.7866,2.1167,-1.9168,0.7868,0.022,0.1624,3360.0
Anomalia,0.0237,0.5617,1.6643,-1.5763,0.5622,0.0707,0.9177,3360.0
Anomalia,0.0135,0.3204,0.7875,-0.8977,0.3206,-0.0703,-0.3331,3600.0
Anomalia,0.0119,0.2958,0.6473,-0.5872,0.296,0.0428,-0.9152,2880.0
Anomalia,0.0071,0.254,0.5279,-0.5872,0.2541,-0.173,-0.6596,2880.0
Anomalia,0.0363,0.4864,2.6509,-1.6656,0.4878,1.5864,9.8713,2880.0
Anomalia,0.019,1.1169,3.741,-3.4472,1.117,0.1729,2.9335,2880.0
Anomalia,0.038,1.3283,3.741,-3.4472,1.3288,0.064,0.6791,2880.0
Anomalia,0.0053,1.3704,3.741,-3.4472,1.3704,0.1154,0.2828,3360.0
Anomalia,-0.0013,1.3417,3.741,-3.4472,1.3417,0.0588,0.3684,3360.0
Anomalia,0.0006,0.8945,2.6192,-2.5165,0.8945,0.0325,0.7721,3360.0
Anomalia,0.0063,0.5118,1.093,-1.2875,0.5118,-0.1083,-0.4643,3360.0
Anomalia,0.0265,0.434,1.093,-0.9628,0.4348,-0.0392,-0.4114,2880.0
Anomalia,0.0077,0.3027,0.6427,-0.7479,0.3028,-0.3066,-0.218,2880.0
Anomalia,0.0017,0.4276,2.1301,-2.0166,0.4276,-0.8512,7.6238,3120.0
Anomalia,0.0314,1.4897,4.6883,-4.7701,1.49,0.0399,2.7919,3120.0
Anomalia,0.0026,1.7472,4.6883,-4.7701,1.7472,0.0354,0.7756,3360.0
Anomalia,0.0157,1.9336,4.6883,-4.7701,1.9337,0.0403,-0.1644,3360.0
Anomalia,0.0345,1.9594,4.6883,-4.7701,1.9597,0.0183,-0.3162,3360.0
Anomalia,-0.0078,1.3579,3.7598,-3.6045,1.3579,0.069,0.3645,3360.0
Anomalia,0.0188,1.003,3.7598,-3.1772,1.0032,0.1985,1.7261,3360.0
Anomalia,0.0115,0.5824,1.3689,-1.3526,0.5825,-0.023,-0.1356,2880.0
Anomalia,0.0094,0.3907,1.1481,-0.9098,0.3908,-0.006,-0.6399,2880.0
Anomalia,0.0313,0.486,2.4385,-1.4548,0.487,0.9793,5.5286,2880.0
Anomalia,0.0109,1.0152,3.5402,-3.2289,1.0153,0.0387,2.8716,3120.0
Anomalia,0.0223,1.2153,3.5402,-3.2289,1.2155,0.0225,0.5555,3360.0
Anomalia,0.0066,1.2633,3.5402,-3.2289,1.2633,0.0435,0.1011,3360.0
Anomalia,-0.0005,1.236,3.5402,-3.2289,1.236,-0.0013,0.1993,3360.0
Anomalia,0.0157,0.8447,2.3245,-2.1668,0.8449,0.0408,0.3452,3360.0
Anomalia,-0.0035,0.504,1.4027,-1.3138,0.5041,-0.0546,-0.2344,3600.0
Anomalia,0.0264,0.3677,0.795,-0.7641,0.3686,0.0549,-0.8054,2880.0
Anomalia,0.0068,0.2717,0.6273,-0.5521,0.2718,0.1785,-0.6531,2880.0
Anomalia,-0.0079,0.3617,0.9319,-1.8997,0.3618,-1.6272,7.5686,3120.0
Anomalia,0.0062,1.1379,3.7493,-3.5498,1.138,0.0745,2.8542,3120.0
Anomalia,-0.0249,1.3026,3.7493,-3.5498,1.3028,0.0809,1.0142,3360.0
Anomalia,0.0208,1.4331,3.7493,-3.5498,1.4332,0.0593,0.0449,3360.0
Anomalia,0.0308,1.4441,3.7493,-3.5498,1.4445,0.0649,-0.0727,3360.0
Anomalia,0.0222,0.968,2.7185,-2.5754,0.9683,0.1307,0.5616,3360.0
Anomalia,0.0442,0.7264,2.7185,-2.0737,0.7277,0.492,1.9434,3360.0
Anomalia,-0.0015,0.4144,1.1084,-1.0579,0.4144,0.1236,0.3137,2880.0
Anomalia,0.0117,0.28,0.866,-0.6197,0.2802,0.2491,0.0832,2880.0
Anomalia,-0.005,0.3508,0.7558,-2.0637,0.3509,-2.4745,12.5655,2880.0
Anomalia,-0.0128,1.4482,4.8223,-4.763,1.4483,0.1016,3.4754,2880.0
Anomalia,0.0174,1.6443,4.8223,-4.763,1.6443,0.0535,1.354,3360.0
Anomalia,0.0106,1.8064,4.8223,-4.763,1.8064,0.0582,0.2425,3360.0
Anomalia,0.0269,1.8415,4.8223,-4.763,1.8417,0.0492,0.0016,3360.0
Anomalia,0.0291,1.2074,3.1104,-3.0399,1.2078,0.0689,-0.0094,3360.0
Anomalia,0.0119,0.9334,2.9998,-2.8654,0.9335,0.084,0.9551,3360.0
Anomalia,0.0152,0.5625,1.4022,-1.3067,0.5627,0.0962,0.0922,3360.0
Anomalia,0.0151,0.3854,1.146,-1.1089,0.3857,0.0388,0.0028,2880.0
Anomalia,0.0231,0.3301,0.6748,-1.1811,0.331,-0.1547,-0.4065,2880.0
Anomalia,-0.0252,1.4736,4.8845,-5.0535,1.4738,0.077,3.6135,2880.0
Anomalia,0.0262,1.7045,4.8845,-5.0535,1.7047,0.0611,1.237,3360.0
Anomalia,0.0078,1.8973,4.8845,-5.0535,1.8973,0.0569,0.1107,3360.0
Anomalia,0.0089,1.9381,4.8845,-5.0535,1.9381,0.0545,-0.1297,3360.0
Anomalia,0.0632,1.3203,3.443,-3.3487,1.3218,0.0395,0.0808,3360.0
Anomalia,0.0038,1.015,3.3124,-3.3487,1.015,-0.0422,1.5258,3360.0
Anomalia,0.0212,0.5549,1.3759,-1.2729,0.5553,0.0155,-0.0567,2880.0
Anomalia,0.0029,0.393,1.0713,-1.2353,0.393,-0.0225,0.1781,2880.0
Anomalia,-0.0058,0.2972,0.8368,-0.7742,0.2972,-0.2027,0.1332,2880.0
Anomalia,0.0029,0.4344,1.4014,-1.2871,0.4344,0.0888,1.3774,2880.0
Anomalia,0.0118,0.5124,1.4014,-1.2871,0.5125,0.0971,0.0476,3360.0
Anomalia,0.0194,0.5146,1.4014,-1.2871,0.515,0.0455,0.0644,3360.0
Anomalia,0.016,0.5205,1.4014,-1.2871,0.5208,0.0689,-0.0672,3360.0
Anomalia,0.0135,0.3758,1.1076,-0.944,0.376,0.1158,0.4235,3360.0
Anomalia,0.0095,0.2696,0.6857,-0.9002,0.2698,-0.071,-0.0967,3360.0
Anomalia,0.0113,0.2281,0.5404,-0.3935,0.2283,0.1821,-0.8948,3600.0
Anomalia,0.0147,0.1989,0.5404,-0.391,0.1994,0.2407,-0.4803,2880.0
Anomalia,0.005,0.3003,0.7224,-2.1201,0.3004,-3.1056,19.6555,2880.0
Anomalia,-0.0191,1.4381,4.9458,-4.7509,1.4382,0.1672,3.6858,3120.0
Anomalia,0.0177,1.6525,4.9458,-4.7509,1.6525,0.1115,1.3836,3360.0
Anomalia,0.0099,1.8075,4.9458,-4.7509,1.8075,0.096,0.3137,3360.0
Anomalia,0.0234,1.8409,4.9458,-4.7509,1.841,0.0834,0.0788,3360.0
Anomalia,0.0487,1.2027,3.3587,-3.0695,1.2037,0.0548,0.3572,3360.0
Anomalia,0.0103,0.9108,2.9977,-3.0695,0.9109,0.0013,1.253,3360.0
Anomalia,0.0096,0.5648,1.2983,-1.219,0.5649,0.0049,-0.3792,3600.0
Anomalia,0.0044,0.3934,1.0755,-0.9707,0.3934,0.0046,-0.239,2880.0
Anomalia,0.0181,0.3518,0.8309,-0.9415,0.3523,-0.1879,-0.1255,2880.0
Anomalia,-0.0222,1.3701,4.513,-4.5193,1.3703,0.0146,3.4001,2880.0
Anomalia,0.0451,1.5594,4.513,-4.5193,1.5601,0.0422,1.3179,3360.0
Anomalia,0.0035,1.8132,4.513,-4.5193,1.8132,0.0513,-0.0992,3360.0
Anomalia,0.0079,1.8633,4.513,-4.5193,1.8633,0.0465,-0.3789,3360.0
Anomalia,0.0497,1.3219,3.516,-3.269,1.3229,0.0898,-0.0283,3360.0
Anomalia,-0.0151,1.0838,3.516,-3.269,1.0839,-0.0438,1.4155,3360.0
Anomalia,0.0292,0.5912,1.358,-1.267,0.592,0.055,-0.1953,3360.0
Anomalia,0.0075,0.413,1.1318,-1.2495,0.4131,-0.1643,0.3925,2880.0
Anomalia,0.0147,0.3125,0.7754,-0.6832,0.3129,0.0391,-0.5019,2880.0
Anomalia,-0.0069,1.2148,4.1792,-4.1187,1.2149,0.1003,3.4276,2880.0
Anomalia,0.0455,1.3971,4.1792,-4.1187,1.3978,0.0537,1.2855,3360.0
Anomalia,-0.0069,1.5372,4.1792,-4.1187,1.5372,0.0771,0.2231,3360.0
Anomalia,0.0205,1.5733,4.1792,-4.1187,1.5734,0.0295,-0.0502,3360.0
Anomalia,0.0304,1.0666,2.9263,-2.7561,1.067,0.0051,0.1973,3360.0
Anomalia,-0.0185,0.7964,2.4331,-2.7561,0.7966,-0.2328,1.3343,3360.0
Anomalia,0.0283,0.4775,1.1698,-1.0166,0.4783,0.088,-0.3558,3600.0
Anomalia,-0.0074,0.3468,0.8201,-1.0166,0.3469,-0.1336,-0.1213,2880.0
Anomalia,0.0195,0.2781,0.7408,-0.5204,0.2788,0.2865,-0.1929,2880.0
Anomalia,0.0336,1.0865,3.756,-3.693,1.087,0.2035,3.9056,2880.0
Anomalia,0.0348,1.2825,3.756,-3.693,1.283,0.0925,1.4113,3360.0
Anomalia,0.0121,1.4796,3.756,-3.693,1.4796,0.0298,0.0726,3360.0
Anomalia,0.006,1.5185,3.756,-3.693,1.5185,0.0373,-0.2112,3360.0
Anomalia,-0.0166,1.1085,2.845,-2.9935,1.1086,-0.1045,0.4383,3360.0
Anomalia,-0.0134,0.8799,2.7661,-2.9935,0.88,-0.2338,1.8196,3360.0
Anomalia,0.0157,0.4795,1.0888,-1.1752,0.4798,-0.0839,-0.3261,3360.0
Anomalia,0.0155,0.3402,0.9115,-0.9436,0.3405,-0.1043,-0.1231,2880.0
Anomalia,0.0279,0.3004,0.7186,-0.6147,0.3017,0.0252,-0.7777,2880.0
Anomalia,0.0424,1.2706,4.5802,-4.2422,1.2713,0.2359,4.0938,2880.0
Anomalia,0.0135,1.4926,4.5802,-4.2422,1.4927,0.157,1.4706,2880.0
Anomalia,0.0069,1.6594,4.5802,-4.2422,1.6594,0.1265,0.2462,3360.0
Anomalia,0.0085,1.6995,4.5802,-4.2422,1.6995,0.1161,-0.0316,3360.0
Anomalia,-0.0142,1.1922,3.1751,-2.8696,1.1923,0.0052,0.1125,3360.0
Anomalia,0.0108,0.8992,2.731,-2.8379,0.8993,0.0003,1.0608,3360.0
Anomalia,0.0112,0.5503,1.2503,-1.2399,0.5504,-0.0346,-0.2335,3360.0
Anomalia,0.004,0.4152,1.1539,-1.2399,0.4152,-0.1279,0.4124,2880.0
Anomalia,-0.0006,0.2852,0.7295,-0.5605,0.2852,0.2407,-0.4215,2880.0
Anomalia,0.0041,1.2591,4.7346,-4.5685,1.2591,0.0906,4.977,3120.0
Anomalia,-0.0179,1.5463,4.7346,-4.5685,1.5464,0.1526,1.6823,3360.0
Anomalia,0.0142,1.8391,4.7346,-4.5685,1.8391,0.081,-0.0217,3360.0
Anomalia,0.0063,1.8974,4.7346,-4.5685,1.8974,0.084,-0.3468,3360.0
Anomalia,0.0096,1.4836,4.4087,-3.4576,1.4836,0.1181,-0.0099,3360.0
Anomalia,0.0364,1.1884,3.4046,-3.4576,1.189,0.0362,0.9169,3360.0
Anomalia,0.0085,0.6293,1.4148,-1.439,0.6293,-0.036,-0.0656,3600.0
Anomalia,0.0219,0.4513,1.3271,-1.439,0.4518,-0.0701,1.0483,2880.0
Anomalia,0.0245,0.3082,0.9311,-0.7612,0.3092,-0.034,0.3669,3360.0
Anomalia,0.0259,0.8558,3.0428,-2.8925,0.8562,-0.0643,4.1022,3360.0
Anomalia,-0.0176,1.0004,3.0428,-2.8925,1.0006,-0.0285,1.333,3360.0
Anomalia,0.0185,1.1183,3.0428,-2.8925,1.1184,-0.039,0.2126,3360.0
Anomalia,0.0044,1.1418,3.0428,-2.8925,1.1418,-0.0007,-0.0307,3360.0
Anomalia,-0.004,0.8057,2.0746,-1.969,0.8057,0.0172,-0.0152,3360.0
Anomalia,0.043,0.6413,2.0746,-1.969,0.6428,0.1923,1.2458,3360.0
Anomalia,0.0063,0.3783,0.7767,-0.7525,0.3783,0.0892,-0.7417,3600.0
Anomalia,0.0048,0.2948,0.7107,-0.6932,0.2948,0.1371,-0.2392,2880.0
Anomalia,0.015,0.2573,0.7107,-0.6197,0.2578,0.1832,-0.3188,2880.0
Anomalia,-0.0247,0.8269,3.115,-2.9272,0.8273,-0.115,4.9222,2880.0
Anomalia,0.0055,1.0348,3.115,-2.9272,1.0348,0.1382,1.8362,3360.0
Anomalia,0.0272,1.2073,3.115,-2.9272,1.2076,0.0824,0.1961,3360.0
Anomalia,0.0101,1.2295,3.115,-2.9272,1.2296,0.113,-0.0118,3360.0
Anomalia,0.0429,0.9566,3.0787,-2.2448,0.9575,0.2955,0.7047,3360.0
Anomalia,0.0184,0.7339,2.3721,-2.2448,0.7341,0.1597,1.5378,3360.0
Anomalia,0.0031,0.3938,0.9594,-0.8601,0.3938,-0.02,-0.4882,3360.0
Anomalia,0.0221,0.3067,0.9594,-0.8534,0.3075,0.047,0.5956,2880.0
Anomalia,0.0151,0.2047,0.5455,-0.4324,0.2053,0.2176,-0.383,2880.0
Anomalia,-0.0334,0.9723,3.8975,-3.8754,0.9728,-0.1608,6.5625,2880.0
Anomalia,0.0227,1.2219,3.8975,-3.8754,1.2221,0.106,2.4282,3360.0
Anomalia,-0.0103,1.4687,3.8975,-3.8754,1.4687,0.1054,0.2585,3360.0
Anomalia,0.0249,1.5124,3.8975,-3.8754,1.5126,0.0413,-0.0854,3360.0
Anomalia,0.0564,1.2022,3.5895,-2.7502,1.2035,0.1741,0.1895,3360.0
Anomalia,0.0102,0.9522,2.6492,-2.744,0.9522,-0.0191,0.9007,3360.0
Anomalia,0.0281,0.4984,1.406,-1.0283,0.4992,0.1388,-0.093,3360.0
Anomalia,-0.0072,0.3793,0.9907,-1.0195,0.3794,-0.107,0.0809,2880.0
Anomalia,0.0231,0.254,0.6005,-0.5684,0.255,-0.1256,-0.6049,2880.0
Anomalia,-0.0214,1.2295,4.6808,-4.6257,1.2297,-0.1852,5.5383,2880.0
Anomalia,0.0027,1.5099,4.6808,-4.6257,1.5099,0.0116,1.8783,3360.0
Anomalia,0.0261,1.7343,4.6808,-4.6257,1.7345,0.0037,0.2822,3360.0
Anomalia,0.0039,1.7853,4.6808,-4.6257,1.7853,0.0388,-0.0549,3360.0
Anomalia,0.0452,1.3402,4.0223,-3.0453,1.3409,0.1912,0.2052,3360.0
Anomalia,0.0248,1.0258,3.2297,-3.0453,1.0261,0.1195,1.1814,3360.0
Anomalia,0.0033,0.5598,1.4394,-1.3751,0.5598,0.0464,-0.0466,3600.0
Anomalia,0.0158,0.3823,1.1844,-1.1781,0.3826,0.0406,0.6316,2880.0
Anomalia,0.0099,0.2717,0.7178,-0.6147,0.2719,0.13,-0.4592,2880.0
Anomalia,-0.0015,0.7497,2.7544,-2.7252,0.7497,-0.1618,4.7012,3360.0
Anomalia,0.0064,0.9101,2.7544,-2.7252,0.9101,0.0061,1.7382,3360.0
Anomalia,0.016,1.0362,2.7544,-2.7252,1.0363,0.0456,0.2829,3360.0
Anomalia,0.0149,1.0611,2.7544,-2.7252,1.0612,0.0441,0.0003,3360.0
Anomalia,0.0291,0.7968,2.4552,-1.9581,0.7973,0.2425,0.3997,3360.0
Anomalia,0.0238,0.6072,1.989,-1.6998,0.6077,0.27,1.1422,3360.0
Anomalia,0.0017,0.3683,0.7445,-0.7712,0.3683,0.0437,-1.0554,2880.0
Anomalia,0.0118,0.3154,0.6878,-0.5968,0.3156,-0.0036,-1.0081,2880.0
Anomalia,0.0101,0.2694,0.5601,-0.5784,0.2696,-0.0617,-0.6998,2880.0
Anomalia,-0.0151,0.9761,3.7318,-3.5486,0.9762,-0.1609,5.3074,2880.0
Anomalia,0.052,1.1909,3.7318,-3.5486,1.1921,0.1043,2.1272,2880.0
Anomalia,0.007,1.4123,3.7318,-3.5486,1.4123,0.085,0.2708,3360.0
Anomalia,0.0264,1.4446,3.7318,-3.5486,1.4448,0.0419,-0.0,3360.0
Anomalia,0.0393,1.1383,3.42,-2.6054,1.139,0.2234,0.3195,3360.0
Anomalia,-0.0144,0.9065,2.7465,-2.6054,0.9066,-0.0935,1.1561,3360.0
Anomalia,0.0265,0.5046,1.1418,-1.1614,0.5053,-0.0599,-0.4168,3360.0
Anomalia,0.0103,0.4066,1.1418,-1.1614,0.4067,-0.0346,0.6966,2880.0
Anomalia,0.0222,0.2509,0.5651,-0.5367,0.2519,0.1592,-0.6622,2880.0
Anomalia,0.0267,1.0186,4.5164,-4.1099,1.0189,0.3922,7.3957,3120.0
Anomalia,0.0258,1.4795,4.5164,-4.6983,1.4797,0.0154,2.131,3360.0
Anomalia,0.0128,1.837,4.5164,-4.6983,1.8371,0.0214,0.0056,3360.0
Anomalia,0.02,1.9078,4.5164,-4.6983,1.9079,0.0079,-0.3764,3360.0
Anomalia,0.0094,1.6662,4.3006,-4.6983,1.6663,-0.0639,0.0712,3360.0
Anomalia,0.0033,1.2741,3.6725,-3.6279,1.2741,0.0198,0.9105,3360.0
Anomalia,0.0153,0.6732,1.9089,-2.0658,0.6733,-0.0161,0.2517,3360.0
Anomalia,0.0054,0.4473,1.2724,-1.2345,0.4474,0.0177,0.4704,2880.0
Anomalia,0.0098,0.2977,0.5997,-0.5513,0.2978,0.1104,-1.1961,2880.0
Anomalia,-0.0134,0.8912,3.428,-3.1642,0.8913,-0.078,5.2315,2880.0
Anomalia,0.0365,1.0777,3.428,-3.1642,1.0783,0.0398,1.7732,3360.0
Anomalia,0.0041,1.2591,3.428,-3.1642,1.2591,0.0479,0.1641,3360.0
Anomalia,0.0186,1.2973,3.428,-3.1642,1.2975,0.0173,-0.1642,3360.0
Anomalia,0.0293,0.9973,2.6188,-2.297,0.9977,0.1311,-0.1205,3360.0
Anomalia,-0.0157,0.7866,2.4485,-2.297,0.7868,-0.0392,1.1903,3360.0
Anomalia,0.0213,0.4331,1.0796,-1.0308,0.4336,0.0226,0.0003,3600.0
Anomalia,0.012,0.2998,0.6907,-0.7712,0.3001,-0.1984,-0.319,2880.0
Anomalia,0.0162,0.2402,0.5463,-0.4929,0.2408,0.1535,-0.8423,2880.0
Anomalia,0.0432,0.8359,3.7827,-3.2815,0.837,0.6536,7.9061,3120.0
Anomalia,-0.0104,1.2009,3.7827,-3.6771,1.201,0.1091,2.5234,3120.0
Anomalia,0.01,1.4274,3.7827,-3.6771,1.4274,0.073,0.3667,3360.0
Anomalia,0.0003,1.4574,3.7827,-3.6771,1.4574,0.0836,0.1133,3360.0
Anomalia,-0.0095,1.2427,3.6058,-3.6771,1.2428,-0.0733,0.6458,3360.0
Anomalia,0.0334,0.906,2.5787,-2.5361,0.9066,0.0792,0.8772,3360.0
Anomalia,0.0107,0.4555,1.0571,-1.0746,0.4556,0.0102,-0.249,3600.0
Anomalia,0.0196,0.3518,1.0571,-0.8493,0.3524,0.3171,0.7451,2880.0
Anomalia,0.002,0.2512,0.6573,-0.6748,0.2512,-0.0717,0.1964,2880.0
Anomalia,0.0399,0.8734,4.2789,-3.5966,0.8743,0.746,10.0521,3360.0
Anomalia,-0.0052,1.3159,4.2789,-4.1658,1.3159,0.1423,2.9169,3360.0
Anomalia,0.0236,1.5599,4.2789,-4.1658,1.5601,0.0486,0.5566,3360.0
Anomalia,0.0033,1.6075,4.2789,-4.1658,1.6075,0.0762,0.1875,3360.0
Anomalia,-0.0119,1.4109,3.9563,-4.1658,1.4109,-0.0557,0.4635,3360.0
Anomalia,0.0215,1.0199,2.7402,-2.6693,1.0201,-0.0034,0.4031,3360.0
Anomalia,0.012,0.5787,1.6213,-1.489,0.5788,-0.0348,-0.0397,3360.0
Anomalia,0.0243,0.4443,1.2411,-1.123,0.4449,0.0624,0.4219,2880.0
Anomalia,0.0134,0.2788,0.6594,-0.5455,0.2792,-0.0068,-0.6787,2880.0
Anomalia,0.0055,0.8912,4.4484,-4.001,0.8912,-0.0662,9.4503,2880.0
Anomalia,0.0019,1.5831,5.1102,-5.162,1.5831,0.0739,2.6736,3360.0
Anomalia,0.0063,1.9287,5.1102,-5.162,1.9287,0.0532,0.3386,3360.0
Anomalia,0.0096,2.0079,5.1102,-5.162,2.0079,0.0542,-0.1042,3360.0
Anomalia,0.0174,1.8623,5.1102,-5.162,1.8624,0.0655,0.2778,3360.0
Anomalia,0.0207,1.3468,3.6508,-3.6504,1.3469,0.0643,0.552,3360.0
Anomalia,0.0179,0.7637,2.4844,-1.9022,0.7639,0.2113,0.318,3600.0
Anomalia,0.0124,0.522,1.4799,-1.3484,0.5221,0.068,0.361,2880.0
Anomalia,0.0231,0.3419,0.9398,-0.8217,0.3427,0.0095,-0.1285,2880.0
Anomalia,0.0097,0.4134,1.676,-1.6276,0.4136,-0.1604,3.8921,2880.0
Anomalia,0.0125,0.5851,1.8313,-1.747,0.5852,-0.0537,1.488,3360.0
Anomalia,0.0147,0.6848,1.8313,-1.747,0.6849,-0.0505,0.0652,3360.0
Anomalia,0.0179,0.6904,1.8313,-1.747,0.6907,-0.0571,-0.026,3360.0
Anomalia,0.0093,0.6227,1.8313,-1.747,0.6228,-0.0063,0.2455,3360.0
Anomalia,0.0185,0.4647,1.3067,-1.2745,0.4651,-0.0932,0.5034,3360.0
Anomalia,0.0164,0.2962,0.5137,-0.6761,0.2966,-0.1201,-1.089,3360.0
Anomalia,0.011,0.2704,0.4912,-0.6761,0.2706,-0.2266,-0.818,2880.0
Anomalia,0.0271,0.232,0.4532,-0.4653,0.2336,-0.1471,-1.0627,2880.0
Anomalia,0.0051,0.738,3.5219,-3.3608,0.7381,-0.0386,9.1445,2880.0
Anomalia,-0.0046,1.2412,3.9914,-3.9801,1.2412,0.1262,2.9527,2880.0
Anomalia,0.0083,1.4893,3.9914,-3.9801,1.4894,0.1064,0.5453,3360.0
Anomalia,0.0047,1.5314,3.9914,-3.9801,1.5314,0.1084,0.1962,3360.0
Anomalia,0.0231,1.3925,3.9914,-3.9801,1.3927,0.1142,0.728,3360.0
Anomalia,0.0269,0.9752,2.9493,-2.633,0.9756,0.1472,0.888,3360.0
Anomalia,0.0131,0.53,1.396,-1.0417,0.5302,0.1177,-0.4241,3360.0
Anomalia,0.0169,0.4083,1.0554,-0.9799,0.4086,0.0829,-0.1903,2880.0
Anomalia,0.0099,0.2722,0.6039,-0.5822,0.2724,-0.037,-0.6477,2880.0
Anomalia,-0.0101,0.7267,2.9543,-3.6337,0.7268,-1.0762,10.3171,2880.0
Anomalia,0.0274,1.4336,4.6328,-4.6683,1.4338,0.036,2.7777,3360.0
Anomalia,-0.0042,1.7192,4.6328,-4.6683,1.7192,0.0618,0.5073,3360.0
Anomalia,0.0173,1.8043,4.6328,-4.6683,1.8044,0.0397,-0.0411,3360.0
Anomalia,0.035,1.7188,4.6328,-4.6683,1.7192,0.1039,0.1821,3360.0
Anomalia,0.003,1.2042,3.3445,-3.208,1.2042,0.072,0.4178,3360.0
Anomalia,0.0266,0.7384,2.3229,-1.8354,0.7389,0.2261,0.2401,3360.0
Anomalia,0.013,0.5463,1.3108,-1.305,0.5464,0.0292,-0.2085,2880.0
Anomalia,0.0246,0.3592,0.8889,-0.7249,0.3601,0.1234,-0.56,2880.0
Anomalia,-0.0353,0.73,2.8708,-3.466,0.7308,-1.0036,8.1928,2880.0
Anomalia,0.0331,1.2538,4.1988,-4.0957,1.2543,0.0001,2.742,2880.0
Anomalia,-0.0092,1.535,4.1988,-4.0957,1.535,0.0363,0.3957,3360.0
Anomalia,0.0283,1.5991,4.1988,-4.0957,1.5994,-0.019,-0.0733,3360.0
Anomalia,0.0579,1.5021,4.1988,-4.0957,1.5032,0.0565,0.1381,3360.0
Anomalia,0.0011,1.1071,3.0419,-2.9664,1.1071,-0.0137,0.3967,3360.0
Anomalia,0.0286,0.637,1.5721,-1.3271,0.6376,0.1219,-0.3875,3360.0
Anomalia,-0.0064,0.4758,1.1777,-1.204,0.4759,0.0034,-0.0477,2880.0
Anomalia,0.0176,0.2885,0.6606,-0.5922,0.2891,0.0758,-0.4213,2880.0
Anomalia,0.0055,0.5514,2.3579,-2.7698,0.5514,-0.3986,8.4882,2880.0
Anomalia,0.0256,1.0396,3.2252,-3.211,1.0399,-0.0173,2.3728,3120.0
Anomalia,0.012,1.2593,3.2252,-3.211,1.2594,-0.004,0.37,3360.0
Anomalia,0.0267,1.3186,3.2252,-3.211,1.3188,-0.0318,-0.1273,3360.0
Anomalia,0.0111,1.2648,3.2252,-3.211,1.2648,0.0294,0.0122,3360.0
Anomalia,0.0059,0.9056,2.5432,-2.6004,0.9057,-0.0307,0.7065,3360.0
Anomalia,0.0146,0.5517,1.527,-1.8196,0.5519,-0.06,0.1166,3360.0
Anomalia,0.0054,0.4074,1.02,-1.1535,0.4074,-0.2203,0.0813,2880.0
Anomalia,0.0273,0.2728,0.6131,-0.5054,0.2742,0.0227,-1.0722,2880.0
Anomalia,-0.0141,0.6845,2.9722,-3.7017,0.6846,-0.8181,11.6637,2880.0
Anomalia,0.0204,1.3443,4.5101,-4.3845,1.3445,0.0934,3.2071,2880.0
Anomalia,0.0054,1.6147,4.5101,-4.3845,1.6147,0.11,0.6698,3360.0
Anomalia,0.0172,1.6877,4.5101,-4.3845,1.6878,0.0823,0.1255,3360.0
Anomalia,0.0354,1.6171,4.5101,-4.3845,1.6174,0.1261,0.2577,3360.0
Anomalia,0.0163,1.1369,3.2014,-2.8249,1.137,0.0907,0.1801,3360.0
Anomalia,0.0117,0.7046,1.6768,-1.7862,0.7047,0.0206,-0.3032,3360.0
Anomalia,0.0005,0.5471,1.2549,-1.3638,0.5471,-0.0552,-0.1918,2880.0
Anomalia,0.0135,0.3647,0.8923,-1.0108,0.3649,0.0541,-0.3359,2880.0
Anomalia,0.0165,0.6124,3.5119,-2.3233,0.6126,1.2837,11.1456,3120.0
Anomalia,0.0292,1.5372,4.8715,-4.7472,1.5375,0.1664,2.3853,3360.0
Anomalia,0.0399,1.8092,4.8715,-4.7472,1.8097,0.1179,0.5223,3360.0
Anomalia,0.0082,1.9648,4.8715,-4.7472,1.9648,0.105,-0.2658,3360.0
Anomalia,0.0139,1.9447,4.8715,-4.7472,1.9447,0.0614,-0.2724,3360.0
Anomalia,0.0007,1.3479,3.7109,-3.5715,1.3479,0.0419,0.3044,3360.0
Anomalia,-0.0093,0.9324,2.734,-3.1233,0.9324,-0.1927,1.1772,3360.0
Anomalia,0.0222,0.5289,1.3709,-1.282,0.5293,0.0018,0.4145,2880.0
Anomalia,0.0048,0.3473,0.7525,-0.7979,0.3473,-0.2038,-0.3903,2880.0
Anomalia,0.0396,0.4336,2.0691,-1.2541,0.4354,0.9016,4.9207,2880.0
Anomalia,0.0071,0.8832,2.9,-2.741,0.8832,0.0054,2.4835,3360.0
Anomalia,0.0251,1.0516,2.9,-2.741,1.0519,-0.033,0.3861,3360.0
Anomalia,0.0016,1.0751,2.9,-2.741,1.0751,0.0159,0.1368,3360.0
Anomalia,-0.0038,1.0447,2.9,-2.741,1.0448,-0.0455,0.302,3360.0
Anomalia,0.0213,0.6984,1.9777,-1.9598,0.6987,-0.0488,0.7201,3360.0
Anomalia,0.0059,0.3982,0.9603,-1.2353,0.3983,-0.2074,0.1132,3360.0
Anomalia,0.0227,0.2947,0.684,-0.6448,0.2956,0.031,-0.5174,3600.0
Anomalia,0.0043,0.2294,0.5117,-0.497,0.2295,-0.0153,-0.8868,2880.0
Anomalia,0.004,0.3453,1.7662,-1.6385,0.3454,-0.4677,7.4133,2880.0
Anomalia,0.0242,0.9586,3.0582,-2.9718,0.9589,0.0597,2.7268,2880.0
Anomalia,0.0054,1.1115,3.0582,-2.9718,1.1115,0.0645,0.8078,3360.0
Anomalia,0.0173,1.1617,3.0582,-2.9718,1.1619,0.0591,0.2873,3360.0
Anomalia,0.0207,1.1538,3.0582,-2.9718,1.154,0.0654,0.3096,3360.0
Anomalia,-0.0065,0.7372,2.2394,-1.9894,0.7372,0.1396,1.0119,3360.0
Anomalia,0.018,0.4724,1.873,-1.2353,0.4728,0.418,1.2215,3600.0
Anomalia,0.0098,0.3167,0.8647,-0.7512,0.3169,-0.0427,-0.076,2880.0
Anomalia,0.0243,0.2175,0.5421,-0.515,0.2189,-0.1631,-0.2908,2880.0
Anomalia,0.0035,0.2773,1.0417,-1.4043,0.2773,-1.4583,7.3561,2880.0
Anomalia,0.0336,0.985,3.2435,-3.1696,0.9856,0.0334,3.0278,3360.0
Anomalia,-0.0055,1.1644,3.2435,-3.1696,1.1645,0.0272,0.8116,3360.0
Anomalia,0.0172,1.26,3.2435,-3.1696,1.2601,0.0237,0.0006,3360.0
Anomalia,0.0331,1.2763,3.2435,-3.1696,1.2767,-0.0019,-0.1535,3360.0
Anomalia,-0.012,0.8659,2.3492,-2.4126,0.866,0.0359,0.4561,3360.0
Anomalia,0.0382,0.6139,2.2048,-1.8,0.6151,0.2932,1.3096,3360.0
Anomalia,0.0004,0.3884,0.9039,-0.8864,0.3884,0.019,-0.1832,2880.0
Anomalia,0.0161,0.2921,0.694,-0.6494,0.2925,0.0542,-0.5851,2880.0
Anomalia,0.0337,0.4796,3.1479,-2.0545,0.4808,0.8837,14.3458,2880.0
Anomalia,0.025,1.4557,4.9771,-4.7276,1.4559,0.0724,3.262,3360.0
Anomalia,0.0179,1.7222,4.9771,-4.7276,1.7223,0.0458,0.8411,3360.0
Anomalia,0.01,1.8298,4.9771,-4.7276,1.8298,0.0574,0.1381,3360.0
Anomalia,0.0053,1.8306,4.9771,-4.7276,1.8306,0.0466,0.0688,3360.0
Anomalia,-0.0027,1.2206,3.2819,-3.2343,1.2207,0.0467,0.274,3360.0
Anomalia,0.0116,0.817,2.9134,-2.3191,0.8171,0.0792,0.6317,3600.0
Anomalia,0.0202,0.5417,1.2779,-1.3371,0.5421,-0.0548,-0.2301,2880.0
Anomalia,0.019,0.367,0.9307,-0.8142,0.3674,0.0016,-0.5985,2880.0
Anomalia,0.0189,0.3893,1.6455,-1.3392,0.3897,-0.0708,2.0291,2880.0
Anomalia,0.0214,0.8496,2.7223,-2.5336,0.8499,-0.02,2.2749,3360.0
Anomalia,0.0054,0.9748,2.7223,-2.5336,0.9748,0.0219,0.6541,3360.0
Anomalia,0.0077,1.024,2.7223,-2.5336,1.0241,0.047,0.1378,3360.0
Anomalia,0.0179,1.0114,2.7223,-2.5336,1.0115,0.0257,0.2183,3360.0
Anomalia,0.0141,0.6545,1.8876,-1.7837,0.6547,0.1069,0.9256,3360.0
Anomalia,0.0147,0.4199,1.7808,-1.2474,0.4202,0.4847,2.2352,3360.0
Anomalia,0.0159,0.2973,0.616,-0.5513,0.2977,0.0636,-0.9928,2880.0
Anomalia,0.0095,0.2422,0.5171,-0.5104,0.2423,-0.0146,-0.7817,2880.0
Anomalia,-0.008,0.3144,0.6944,-1.593,0.3145,-1.5193,5.9601,2880.0
Anomalia,0.0251,0.8134,2.6367,-2.3621,0.8137,0.0658,2.4291,2880.0
Anomalia,-0.0029,0.9798,2.6367,-2.3621,0.9798,0.0358,0.5637,3360.0
Anomalia,0.0254,1.025,2.6367,-2.3621,1.0253,-0.0047,0.0661,3360.0
Anomalia,0.028,1.024,2.6367,-2.3621,1.0244,0.0354,0.0154,3360.0
Anomalia,0.0053,0.7081,2.1322,-2.1401,0.7081,-0.0356,1.1256,3360.0
Anomalia,0.0345,0.4262,1.5262,-0.9962,0.4276,0.4577,0.7911,3360.0
Anomalia,0.0108,0.3708,0.8447,-0.694,0.371,0.0982,-0.6626,3360.0
Anomalia,0.0225,0.316,0.7295,-0.6907,0.3168,0.1028,-0.2864,3360.0
Anomalia,0.0167,0.3511,0.7295,-1.9414,0.3515,-1.234,5.5968,3600.0
Anomalia,-0.011,1.424,4.6725,-4.7284,1.424,0.0372,3.3258,3120.0
Anomalia,0.0,1.6686,4.6725,-4.7284,1.6686,0.0332,1.0603,3360.0
Anomalia,0.0223,1.8809,4.6725,-4.7284,1.8811,0.0265,-0.0917,3360.0
Anomalia,0.0114,1.9135,4.6725,-4.7284,1.9136,0.0468,-0.2789,3360.0
Anomalia,0.0483,1.3421,3.5736,-3.5912,1.3429,0.0525,0.2697,3360.0
Anomalia,0.0289,1.0106,3.5736,-3.1171,1.011,0.1747,1.9378,3360.0
Anomalia,0.0121,0.5322,1.2203,-1.2416,0.5323,0.0096,-0.1967,3600.0
Anomalia,0.0196,0.3618,1.1794,-0.6999,0.3623,0.3453,-0.1262,2880.0
Anomalia,-0.0088,0.3786,0.7116,-1.6839,0.3787,-1.1029,3.1489,2880.0
Anomalia,0.0239,1.0493,3.65,-3.2389,1.0495,0.0824,2.9966,2880.0
Anomalia,-0.0062,1.2522,3.65,-3.2389,1.2522,0.0684,0.6749,3360.0
Anomalia,0.0389,1.3392,3.65,-3.2389,1.3398,0.0039,-0.0608,3360.0
Anomalia,0.0259,1.3591,3.65,-3.2389,1.3593,0.0485,-0.2373,3360.0
Anomalia,0.0014,0.946,2.441,-2.307,0.946,0.0382,-0.133,3360.0
Anomalia,0.0372,0.6419,1.9811,-1.4173,0.6429,0.2213,0.1156,3360.0
Anomalia,-0.004,0.4494,1.0091,-1.0212,0.4494,-0.0447,-0.3375,3600.0
Anomalia,0.0292,0.3146,0.8626,-0.5726,0.3159,0.2519,-0.5306,2880.0
Anomalia,0.0436,0.2835,0.7792,-0.5726,0.2869,0.2107,-0.3367,3120.0
Anomalia,0.0111,0.9885,3.2235,-3.0365,0.9886,0.0635,2.8989,3120.0
Anomalia,0.0388,1.1182,3.2235,-3.0365,1.1189,0.0034,1.1615,3360.0
Anomalia,0.0051,1.2482,3.2235,-3.0365,1.2482,0.0551,0.0754,3360.0
Anomalia,0.011,1.2818,3.2235,-3.0365,1.2819,0.0445,-0.2118,3360.0
Anomalia,0.0245,0.8752,2.3003,-2.206,0.8756,0.0138,0.2724,3360.0
Anomalia,-0.0001,0.7008,2.3003,-2.206,0.7008,0.0107,1.3226,3360.0
Anomalia,0.0189,0.4134,1.1193,-0.9469,0.4138,0.1312,0.0553,3360.0
Anomalia,0.0004,0.3166,0.7136,-0.7696,0.3166,-0.0457,-0.2133,2880.0
Anomalia,0.0216,0.3053,0.8176,-0.712,0.3061,0.0229,-0.1107,3360.0
Anomalia,0.042,1.3853,4.7826,-4.6374,1.386,0.1735,4.0121,3360.0
Anomalia,0.0437,1.578,4.7826,-4.6374,1.5786,0.0884,1.6657,3360.0
Anomalia,0.0132,1.7463,4.7826,-4.6374,1.7464,0.0825,0.409,3360.0
Anomalia,0.0112,1.7816,4.7826,-4.6374,1.7817,0.0831,0.1609,3360.0
Anomalia,-0.0142,1.1809,3.0031,-3.0419,1.181,-0.0349,0.0961,3360.0
Anomalia,-0.0122,0.922,2.8462,-2.8642,0.9221,-0.0716,1.0646,3360.0
Anomalia,0.0223,0.5282,1.3313,-1.2699,0.5287,0.04,-0.1612,3360.0
Anomalia,0.0079,0.4111,1.1493,-1.1552,0.4112,-0.0476,-0.003,2880.0
Anomalia,0.0152,0.3152,0.6894,-0.6777,0.3156,-0.0369,-0.6569,2880.0
Anomalia,0.0571,1.3756,4.9604,-4.8628,1.3768,0.2314,4.559,2880.0
Anomalia,-0.0019,1.624,4.9604,-4.8628,1.624,0.099,1.6266,3360.0
Anomalia,0.0228,1.8624,4.9604,-4.8628,1.8625,0.0538,0.1683,3360.0
Anomalia,0.011,1.9128,4.9604,-4.8628,1.9128,0.0634,-0.1317,3360.0
Anomalia,-0.0319,1.3869,3.3095,-3.4726,1.3873,-0.0662,0.0373,3360.0
Anomalia,0.018,1.1063,3.3095,-3.4726,1.1064,0.0684,1.245,3360.0
Anomalia,0.0009,0.6003,1.3847,-1.4602,0.6003,-0.081,-0.108,3600.0
Anomalia,0.0188,0.4272,1.169,-1.3021,0.4276,-0.0669,0.5799,2880.0
Anomalia,0.0179,0.3204,0.9348,-0.8284,0.3209,0.0262,0.3763,2880.0
Anomalia,0.0309,0.5047,1.7186,-1.487,0.5056,0.1685,2.2615,3360.0
Anomalia,0.0138,0.5956,1.7186,-1.487,0.5958,0.0408,0.5219,3360.0
Anomalia,0.0052,0.6421,1.7186,-1.487,0.6422,0.05,-0.0081,3360.0
Anomalia,0.0133,0.645,1.7186,-1.487,0.6452,0.0168,-0.0594,3360.0
Anomalia,-0.0131,0.4658,1.2157,-1.2274,0.466,-0.1401,0.6229,3360.0
Anomalia,0.0105,0.3466,1.2111,-1.2274,0.3468,-0.0658,2.0803,3360.0
Anomalia,0.0231,0.2311,0.4478,-0.434,0.2322,0.0633,-1.1516,3360.0
Anomalia,0.0123,0.2084,0.4361,-0.3973,0.2087,0.1858,-0.8956,2880.0
Anomalia,0.0369,0.2046,0.6101,-0.3973,0.2079,0.3001,-0.5323,2880.0
Anomalia,0.0496,1.1638,4.223,-3.852,1.1649,0.2405,4.2563,2880.0
Anomalia,-0.0053,1.3609,4.223,-3.852,1.3609,0.1282,1.6171,3360.0
Anomalia,0.021,1.5196,4.223,-3.852,1.5197,0.0794,0.3309,3360.0
Anomalia,0.005,1.5515,4.223,-3.852,1.5515,0.1034,0.0811,3360.0
Anomalia,-0.0199,1.0646,2.8537,-2.7874,1.0648,-0.0662,0.4852,3360.0
Anomalia,0.0265,0.8155,2.8537,-2.6338,0.8159,0.1501,1.6694,3360.0
Anomalia,0.0065,0.4787,1.0917,-1.0045,0.4788,0.0026,-0.7192,3600.0
Anomalia,0.0101,0.3624,0.9569,-0.8543,0.3625,-0.0018,-0.3291,2880.0
Anomalia,0.0105,0.2913,0.6581,-0.7487,0.2914,-0.1691,-0.1302,2880.0
Anomalia,0.0656,1.2576,4.4759,-4.3361,1.2593,0.2356,4.5394,2880.0
Anomalia,-0.014,1.4643,4.4759,-4.3361,1.4644,0.083,1.8406,3360.0
Anomalia,0.0391,1.7405,4.4759,-4.3361,1.7409,0.0461,0.0405,3360.0
Anomalia,0.0017,1.7988,4.4759,-4.3361,1.7988,0.0878,-0.3029,3360.0
Anomalia,-0.0372,1.342,3.2873,-3.4121,1.3425,-0.0084,-0.1291,3360.0
Anomalia,0.0374,1.1117,3.2873,-3.1525,1.1124,0.1802,0.9686,3360.0
Anomalia,-0.0077,0.6091,1.2662,-1.5395,0.6092,-0.139,-0.1653,3360.0
Anomalia,0.0349,0.4391,1.2662,-1.1965,0.4404,0.111,0.356,2880.0
Anomalia,0.014,0.2943,0.6189,-0.6369,0.2947,-0.1371,-0.5957,2880.0
Anomalia,0.0494,1.151,4.1909,-3.93,1.152,0.1724,4.2596,2880.0
Anomalia,-0.0211,1.3136,4.1909,-3.93,1.3138,0.1182,1.8163,3360.0
Anomalia,0.0224,1.4624,4.1909,-3.93,1.4626,0.055,0.4898,3360.0
Anomalia,0.0032,1.4992,4.1909,-3.93,1.4992,0.0817,0.1804,3360.0
Anomalia,-0.0218,1.0221,2.5787,-2.5107,1.0223,-0.0761,0.0172,3360.0
Anomalia,0.0467,0.7948,2.5787,-2.5107,0.7962,0.1273,1.4319,3360.0
Anomalia,-0.0061,0.474,1.0905,-1.2437,0.474,-0.0046,-0.4341,3600.0
Anomalia,0.0183,0.3603,0.9177,-0.8681,0.3608,0.1698,-0.3209,2880.0
Anomalia,0.016,0.2719,0.6623,-0.6273,0.2724,0.0378,-0.0963,3120.0
Anomalia,-0.0026,0.9432,3.5294,-3.3387,0.9432,-0.0331,4.6319,3120.0
Anomalia,-0.0018,1.1618,3.5294,-3.3387,1.1618,-0.0057,1.6395,3360.0
Anomalia,0.0194,1.4223,3.5294,-3.3387,1.4224,-0.0028,-0.0312,3360.0
Anomalia,0.0023,1.4655,3.5294,-3.3387,1.4656,0.0249,-0.3439,3360.0
Anomalia,0.0182,1.172,3.1701,-3.0407,1.1722,0.0409,0.3105,3360.0
Anomalia,0.027,0.9479,2.8437,-3.0407,0.9483,0.0598,1.7401,3360.0
Anomalia,0.0062,0.4816,1.06,-1.2165,0.4816,-0.0614,-0.4334,3360.0
Anomalia,0.0229,0.3437,0.9377,-0.7792,0.3444,0.1651,-0.388,2880.0
Anomalia,0.0174,0.2661,0.5033,-0.5525,0.2667,-0.0886,-1.004,2880.0
Anomalia,-0.007,1.1013,4.1821,-3.92,1.1014,-0.0344,4.8995,2880.0
Anomalia,-0.021,1.3317,4.1821,-3.92,1.3319,0.0852,1.835,2880.0
Anomalia,0.0247,1.5279,4.1821,-3.92,1.5281,0.0855,0.2871,3360.0
Anomalia,0.0131,1.561,4.1821,-3.92,1.5611,0.0984,0.0336,3360.0
Anomalia,0.0343,1.1727,3.5089,-2.7106,1.1732,0.2523,0.3985,3360.0
Anomalia,0.0514,0.8953,3.0177,-2.5825,0.8968,0.3674,1.4402,3360.0
Anomalia,-0.0181,0.5132,1.1719,-1.0938,0.5136,0.0221,-0.5788,3360.0
Anomalia,0.0178,0.4342,1.0342,-1.0938,0.4346,-0.0134,-0.2485,2880.0
Anomalia,0.0112,0.3112,0.78,-0.7913,0.3114,-0.0051,-0.2474,2880.0
Anomalia,0.0087,1.1596,4.8093,-4.7651,1.1596,0.1558,6.4193,3120.0
Anomalia,0.0557,1.5646,4.8093,-4.7651,1.5655,0.0615,1.952,3360.0
Anomalia,0.0065,1.8857,4.8093,-4.7651,1.8857,0.0964,0.0533,3360.0
Anomalia,0.0289,1.9456,4.8093,-4.7651,1.9458,0.0567,-0.2836,3360.0
Anomalia,0.0141,1.6332,4.5464,-4.5427,1.6333,0.0818,0.1085,3360.0
Anomalia,-0.0106,1.2548,3.6129,-3.5511,1.2549,0.0827,0.8009,3360.0
Anomalia,0.0157,0.6593,1.6334,-1.6535,0.6595,0.032,-0.0915,3600.0
Anomalia,0.0043,0.4725,1.3897,-1.2716,0.4725,0.019,0.8928,2880.0
Anomalia,0.0105,0.3255,0.8201,-0.747,0.3257,0.0396,-0.0869,2880.0
Anomalia,-0.0051,0.64,2.4456,-2.176,0.64,-0.0619,4.2252,2880.0
Anomalia,0.03,0.7585,2.4456,-2.176,0.7591,0.0217,1.4509,3360.0
Anomalia,0.0003,0.8513,2.4456,-2.176,0.8513,0.0393,0.2822,3360.0
Anomalia,0.0208,0.8562,2.4456,-2.176,0.8565,-0.0231,0.2089,3360.0
Anomalia,0.0299,0.6314,1.802,-1.5141,0.6321,0.0795,0.3092,3360.0
Anomalia,-0.0043,0.5062,1.5066,-1.5141,0.5062,-0.1584,1.1438,3360.0
Anomalia,0.0116,0.2998,0.6869,-0.545,0.3,0.1673,-0.8153,3600.0
Anomalia,0.0029,0.2609,0.6869,-0.545,0.2609,0.149,-0.4809,2880.0
Anomalia,0.0115,0.2434,0.6869,-0.545,0.2437,0.1436,-0.2048,3600.0
Anomalia,0.0432,0.7297,3.1392,-2.5812,0.731,0.6316,6.3905,2880.0
Anomalia,0.0318,1.0022,3.1392,-3.049,1.0027,0.0428,2.2897,3360.0
Anomalia,0.0208,1.1906,3.1392,-3.049,1.1908,0.0262,0.3286,3360.0
Anomalia,0.011,1.2175,3.1392,-3.049,1.2175,0.0428,0.0599,3360.0
Anomalia,-0.0211,1.0154,2.9113,-3.049,1.0156,-0.1127,0.7909,3360.0
Anomalia,0.0014,0.756,2.3158,-2.176,0.756,-0.0186,1.3077,3360.0
Anomalia,0.0081,0.3884,0.9286,-0.8814,0.3885,-0.0628,-0.41,3360.0
Anomalia,0.027,0.2929,0.9286,-0.7483,0.2942,0.0446,0.6157,2880.0
Anomalia,0.007,0.2093,0.5446,-0.4845,0.2095,0.0753,-0.3776,2880.0
Anomalia,0.0579,0.8547,4.1483,-3.2748,0.8567,1.1009,9.0247,2880.0
Anomalia,0.0073,1.2772,4.1483,-4.0502,1.2772,0.1551,2.6455,3360.0
Anomalia,0.0119,1.5269,4.1483,-4.0502,1.5269,0.0786,0.3786,3360.0
Anomalia,0.0211,1.5807,4.1483,-4.0502,1.5809,0.0507,-0.0251,3360.0
Anomalia,-0.0317,1.3779,3.8603,-4.0502,1.3783,-0.1048,0.343,3360.0
Anomalia,0.0217,1.0191,2.6809,-2.8483,1.0193,-0.0577,0.4078,3360.0
Anomalia,0.0049,0.5815,1.4811,-1.5287,0.5815,-0.0211,-0.1622,3600.0
Anomalia,0.0161,0.4289,1.1151,-1.0796,0.4292,-0.0077,0.2125,2880.0
Anomalia,0.0112,0.2932,0.8259,-0.7007,0.2934,0.1279,-0.23,2880.0
Anomalia,0.0265,1.025,4.6103,-3.8382,1.0253,0.4659,7.6483,2880.0
Anomalia,0.0264,1.3967,4.6103,-4.3469,1.3969,0.058,2.325,3360.0
Anomalia,0.0129,1.6413,4.6103,-4.3469,1.6413,0.0464,0.3832,3360.0
Anomalia,0.0202,1.68,4.6103,-4.3469,1.6801,0.0295,0.0975,3360.0
Anomalia,-0.0087,1.3736,3.8157,-4.3469,1.3736,-0.0874,0.6304,3360.0
Anomalia,-0.0047,1.0213,3.0474,-2.9368,1.0213,0.0118,1.1237,3360.0
Anomalia,0.0146,0.538,1.1798,-1.2699,0.5382,-0.0737,-0.5163,3600.0
Anomalia,0.0154,0.4128,1.078,-0.9757,0.4131,-0.0771,-0.2027,2880.0
Anomalia,0.0097,0.3329,0.896,-0.8388,0.333,-0.0337,-0.1181,2880.0
Anomalia,0.0227,0.6952,2.9443,-2.6309,0.6955,0.2179,6.3552,2880.0
Anomalia,0.0121,0.9425,2.9443,-2.8859,0.9426,-0.0165,2.0338,3360.0
Anomalia,0.0039,1.1016,2.9443,-2.8859,1.1016,0.0183,0.2956,3360.0
Anomalia,0.0244,1.1311,2.9443,-2.8859,1.1314,-0.0324,-0.0136,3360.0
Anomalia,0.0069,0.9391,2.6154,-2.8859,0.9392,-0.0949,0.4916,3360.0
Anomalia,0.0152,0.6982,2.1359,-1.9427,0.6983,0.0178,0.9412,3360.0
Anomalia,0.0135,0.3915,0.8647,-0.8472,0.3918,0.0049,-0.693,3600.0
Anomalia,0.0037,0.3165,0.7028,-0.7153,0.3166,-0.0945,-0.7552,2880.0
Anomalia,0.0056,0.2606,0.5717,-0.5655,0.2606,-0.0609,-0.7109,2880.0
Anomalia,0.0581,0.8826,4.0214,-3.3804,0.8845,0.9072,7.9499,2880.0
Anomalia,-0.0024,1.2289,4.0214,-3.8904,1.2289,0.1089,2.8505,2880.0
Anomalia,0.0262,1.4625,4.0214,-3.8904,1.4628,0.0327,0.5403,3360.0
Anomalia,0.0061,1.4951,4.0214,-3.8904,1.4951,0.0639,0.2587,3360.0
Anomalia,-0.0368,1.2699,3.5619,-3.8904,1.2704,-0.1526,0.6618,3360.0
Anomalia,0.0269,0.947,2.7565,-2.6192,0.9474,0.0087,0.7856,3360.0
Anomalia,0.0105,0.5147,1.2144,-1.1214,0.5148,-0.0334,-0.5262,3600.0
Anomalia,0.0233,0.4583,1.2144,-1.1214,0.4589,0.0061,-0.335,2880.0
Anomalia,0.0062,0.3123,0.6732,-0.7554,0.3124,-0.1235,-0.3163,2880.0
Anomalia,0.0065,0.8616,4.3628,-3.6775,0.8616,0.1082,8.8714,3120.0
Anomalia,-0.0032,1.499,4.5665,-4.773,1.499,0.0735,2.2877,3120.0
Anomalia,0.0123,1.8528,4.5665,-4.773,1.8529,0.0291,0.1558,3360.0
Anomalia,0.0079,1.9431,4.5665,-4.773,1.9431,0.0389,-0.324,3360.0
Anomalia,0.023,1.8111,4.5665,-4.773,1.8113,0.0149,-0.0424,3360.0
Anomalia,0.0092,1.3426,3.7013,-3.756,1.3426,0.0473,0.5997,3360.0
Anomalia,0.0124,0.7717,2.6129,-2.0282,0.7718,0.1417,0.3184,3360.0
Anomalia,0.0175,0.5213,1.3759,-1.3179,0.5216,0.0848,0.1841,2880.0
Anomalia,0.0095,0.3416,0.7583,-0.8555,0.3417,-0.0587,-0.7988,2880.0
Anomalia,0.0575,0.7997,3.4609,-3.0695,0.8017,0.5308,6.9711,2880.0
Anomalia,-0.0084,1.0793,3.4609,-3.3307,1.0793,0.0153,2.1864,3360.0
Anomalia,0.026,1.2849,3.4609,-3.3307,1.2851,-0.0021,0.2308,3360.0
Anomalia,0.0079,1.3227,3.4609,-3.3307,1.3227,0.0322,-0.0948,3360.0
Anomalia,-0.0261,1.1151,2.6663,-3.3307,1.1154,-0.1157,0.0812,3360.0
Anomalia,0.033,0.8404,2.4527,-2.2453,0.841,0.1033,0.7784,3360.0
Anomalia,-0.0036,0.4642,1.0233,-1.0191,0.4643,-0.038,-0.3744,3600.0
Anomalia,0.0306,0.3719,0.8973,-0.896,0.3731,-0.0626,-0.5074,2880.0
Anomalia,0.0107,0.2758,0.7136,-0.5868,0.276,0.2654,-0.3525,3360.0
Anomalia,-0.0166,0.6085,2.3024,-2.8304,0.6088,-0.9885,7.3695,3120.0
Anomalia,0.0241,1.0274,3.2072,-3.1187,1.0277,0.0027,2.3656,3120.0
Anomalia,-0.0134,1.2351,3.2072,-3.1187,1.2352,0.0733,0.3688,3360.0
Anomalia,0.0306,1.282,3.2072,-3.1187,1.2824,-0.0146,-0.0573,3360.0
Anomalia,0.0421,1.1953,3.2072,-3.1187,1.196,0.1106,0.2029,3360.0
Anomalia,0.0098,0.8608,2.3629,-2.4314,0.8609,0.047,0.711,3360.0
Anomalia,0.0209,0.4841,1.4978,-1.0776,0.4846,0.2668,0.1635,3360.0
Anomalia,-0.0021,0.3414,1.0045,-0.8968,0.3414,0.0723,1.0605,3360.0
Anomalia,0.0099,0.1802,0.4541,-0.4207,0.1804,0.0939,-0.4104,2880.0
Anomalia,-0.0017,0.69,3.1638,-4.0014,0.69,-0.8791,15.1144,2880.0
Anomalia,0.0248,1.4488,4.6871,-4.7309,1.449,0.0109,3.1281,3360.0
Anomalia,0.0149,1.7111,4.6871,-4.7309,1.7111,0.0219,0.7443,3360.0
Anomalia,0.018,1.7992,4.6871,-4.7309,1.7993,0.0136,0.1367,3360.0
Anomalia,0.0232,1.7138,4.6871,-4.7309,1.714,0.0702,0.3483,3360.0
Anomalia,0.0032,1.1572,3.0599,-3.1179,1.1572,0.0431,0.3659,3360.0
Anomalia,0.0138,0.7203,2.1117,-2.2857,0.7204,0.0147,0.4953,3360.0
Anomalia,0.013,0.4713,1.2708,-1.1523,0.4715,0.0458,0.3716,2880.0
Anomalia,0.0114,0.3344,0.7625,-0.8063,0.3346,-0.0472,-0.6146,2880.0
Anomalia,0.0195,0.6545,3.1342,-3.4743,0.6548,0.0963,10.0139,2880.0
Anomalia,0.0104,1.5269,4.8511,-5.0664,1.5269,0.0477,2.8643,3360.0
Anomalia,0.0157,1.8245,4.8511,-5.0664,1.8246,0.0504,0.5536,3360.0
Anomalia,0.0205,1.9139,4.8511,-5.0664,1.9141,0.0341,0.0211,3360.0
Anomalia,0.0096,1.8662,4.8511,-5.0664,1.8662,0.048,0.1632,3360.0
Anomalia,0.0237,1.277,3.4655,-3.3604,1.2772,0.0535,0.3466,3360.0
Anomalia,0.007,0.7989,2.3012,-2.6054,0.7989,-0.0263,0.4426,3600.0
Anomalia,0.0068,0.5157,1.3805,-1.2779,0.5157,-0.054,0.0905,2880.0
Anomalia,0.0021,0.3616,0.8572,-0.8797,0.3616,-0.0429,-0.4719,2880.0
Anomalia,0.0028,0.3014,0.6982,-0.9912,0.3014,-0.243,-0.0938,2880.0
Anomalia,0.0142,0.3991,1.1089,-1.1464,0.3993,-0.1559,0.7018,3360.0
Anomalia,0.0087,0.4748,1.1089,-1.1464,0.4749,-0.0691,-0.3524,3360.0
Anomalia,0.0215,0.4566,1.1089,-1.1464,0.4571,-0.1591,0.0086,3360.0
Anomalia,-0.0,0.4493,1.1089,-1.1464,0.4493,-0.0413,0.0119,3360.0
Anomalia,0.01,0.3494,0.9983,-0.9115,0.3496,-0.0422,0.202,3360.0
Anomalia,0.0104,0.2289,0.5029,-0.5613,0.2291,-0.1756,-0.5812,3600.0
Anomalia,0.014,0.2036,0.5029,-0.5158,0.204,-0.2449,-0.1755,2880.0
Anomalia,0.0189,0.1682,0.5029,-0.4002,0.1692,0.1073,0.1362,2880.0
Anomalia,0.0019,0.6895,3.4639,-4.0765,0.6895,-0.1195,15.3378,2880.0
Anomalia,0.0185,1.5361,5.2342,-5.0051,1.5362,0.1002,3.4363,3120.0
Anomalia,0.016,1.8451,5.2342,-5.0051,1.8452,0.1001,0.7724,3360.0
Anomalia,0.0212,1.9259,5.2342,-5.0051,1.9261,0.0733,0.2285,3360.0
Anomalia,0.0256,1.8483,5.2342,-5.0051,1.8484,0.0861,0.4657,3360.0
Anomalia,0.012,1.251,3.5987,-3.3086,1.251,0.1116,0.5896,3360.0
Anomalia,0.0055,0.7379,1.9222,-2.287,0.7379,-0.0911,0.0601,3600.0
Anomalia,0.0103,0.5112,1.33,-1.2462,0.5113,-0.0082,0.0266,2880.0
Anomalia,-0.0051,0.3339,0.7712,-0.7733,0.334,-0.0892,-0.7276,2880.0
Anomalia,0.0415,0.5948,3.2105,-2.1526,0.5963,1.4122,9.6683,2880.0
Anomalia,-0.0052,1.5243,4.7818,-4.9174,1.5243,0.0436,2.6384,3360.0
Anomalia,0.0373,1.7946,4.7818,-4.9174,1.795,0.0284,0.6237,3360.0
Anomalia,0.0193,1.9271,4.7818,-4.9174,1.9272,0.0132,-0.1076,3360.0
Anomalia,-0.0139,1.8985,4.7818,-4.9174,1.8986,0.0199,-0.0388,3360.0
Anomalia,0.0329,1.2859,3.5841,-3.4781,1.2864,0.0223,0.5338,3360.0
Anomalia,-0.0084,0.8649,2.6083,-2.9802,0.865,-0.2735,1.4197,3360.0
Anomalia,0.0125,0.5515,1.2787,-1.2328,0.5517,0.0214,-0.454,2880.0
Anomalia,0.0116,0.3839,0.7633,-0.863,0.3841,-0.1798,-0.6515,2880.0
Anomalia,0.0293,0.5565,2.8183,-1.7745,0.5573,1.1736,6.9668,2880.0
Anomalia,0.0039,1.2157,4.1166,-3.8875,1.2157,0.1087,2.8319,2880.0
Anomalia,0.034,1.4533,4.1166,-3.8875,1.4537,0.0183,0.5988,3360.0
Anomalia,0.004,1.5099,4.1166,-3.8875,1.5099,0.0593,0.1393,3360.0
Anomalia,-0.0084,1.4755,4.1166,-3.8875,1.4756,0.0162,0.2583,3360.0
Anomalia,0.0209,1.0133,2.8304,-2.686,1.0135,-0.0476,0.5002,3360.0
Anomalia,-0.0077,0.5868,1.3538,-1.7023,0.5869,-0.168,-0.2062,3600.0
Anomalia,0.0122,0.4449,1.03,-1.015,0.445,-0.0878,-0.5771,2880.0
Anomalia,0.0027,0.3171,0.6773,-0.6594,0.3171,0.0164,-0.6802,2880.0
Anomalia,0.0244,0.5208,2.9113,-1.8759,0.5214,1.4269,11.0464,2880.0
Anomalia,0.0245,1.3317,4.1896,-4.2263,1.3319,0.0005,2.6235,3120.0
Anomalia,0.0292,1.5539,4.1896,-4.2263,1.5541,-0.0068,0.7301,3360.0
Anomalia,0.0068,1.6448,4.1896,-4.2263,1.6448,0.0009,0.087,3360.0
Anomalia,-0.0053,1.6325,4.1896,-4.2263,1.6325,-0.026,0.0589,3360.0
Anomalia,-0.0055,1.0839,2.9581,-3.1162,1.0839,-0.0383,0.6924,3360.0
Anomalia,-0.005,0.7202,1.9093,-2.3917,0.7203,-0.3099,0.8169,3360.0
Anomalia,0.0277,0.4764,1.2203,-1.3255,0.4772,-0.1295,0.6351,2880.0
Anomalia,0.0069,0.2749,0.598,-0.727,0.275,-0.2243,-0.4656,2880.0
Anomalia,0.0459,0.5341,3.0924,-1.9164,0.536,1.8791,13.4684,2880.0
Anomalia,0.0128,1.346,4.5356,-4.3899,1.3461,0.1138,3.2829,2880.0
Anomalia,0.0142,1.6142,4.5356,-4.3899,1.6143,0.1065,0.7758,3360.0
Anomalia,0.015,1.6981,4.5356,-4.3899,1.6982,0.0895,0.1571,3360.0
Anomalia,-0.0149,1.6722,4.5356,-4.3899,1.6723,0.0762,0.2054,3360.0
Anomalia,0.0138,1.1384,3.289,-2.9334,1.1385,0.105,0.4567,3360.0
Anomalia,-0.0002,0.713,2.1342,-1.9811,0.713,-0.0135,0.0687,3360.0
Anomalia,0.0113,0.5109,1.1126,-1.33,0.511,-0.1365,-0.2475,2880.0
Anomalia,0.0092,0.3491,0.7888,-0.9006,0.3492,0.0372,-0.5009,2880.0
Anomalia,-0.0213,0.4186,0.7838,-2.1902,0.4192,-1.8494,7.7267,3120.0
Anomalia,0.0255,1.4466,4.6591,-4.6566,1.4468,0.0839,2.8792,3120.0
Anomalia,-0.0346,1.6715,4.6591,-4.6566,1.6719,0.0695,0.9066,3360.0
Anomalia,0.0231,1.8759,4.6591,-4.6566,1.876,0.0346,-0.1722,3360.0
Anomalia,0.0181,1.9087,4.6591,-4.6566,1.9088,0.0568,-0.3634,3360.0
Anomalia,-0.0117,1.3363,3.5473,-3.4438,1.3363,0.0459,0.0264,3360.0
Anomalia,0.0512,1.035,3.5473,-3.0732,1.0362,0.2369,1.2614,3360.0
Anomalia,-0.0082,0.5817,1.4431,-1.3839,0.5817,-0.0223,0.3141,3600.0
Anomalia,0.0293,0.3753,1.2144,-0.916,0.3764,0.1619,0.753,2880.0
Anomalia,0.0006,0.3294,0.8772,-1.2891,0.3294,-0.6933,2.2696,2880.0
Anomalia,0.0119,0.8615,2.8604,-2.7778,0.8616,-0.0527,2.8624,3360.0
Anomalia,-0.0118,1.0133,2.8604,-2.7778,1.0134,-0.0216,0.6845,3360.0
Anomalia,0.0175,1.0642,2.8604,-2.7778,1.0643,-0.0532,0.1507,3360.0
Anomalia,0.0238,1.0827,2.8604,-2.7778,1.0829,-0.0467,-0.0597,3360.0
Anomalia,0.0057,0.7281,1.9423,-1.8943,0.7281,-0.0103,0.0659,3360.0
Anomalia,0.031,0.5054,1.6284,-1.2124,0.5063,0.2665,0.0662,3360.0
Anomalia,0.0017,0.3764,0.8676,-0.8655,0.3764,0.0479,-0.4742,3600.0
Anomalia,0.0024,0.2857,0.6631,-0.5346,0.2857,0.1983,-0.8994,3600.0
Anomalia,-0.0063,0.3549,0.8668,-1.8375,0.3549,-1.4064,6.0101,3600.0
Anomalia,-0.001,1.0016,3.2389,-3.1062,1.0016,0.0533,2.722,3360.0
Anomalia,-0.001,1.1642,3.2389,-3.1062,1.1642,0.0256,0.8135,3360.0
Anomalia,0.0272,1.2335,3.2389,-3.1062,1.2338,-0.0171,0.1791,3360.0
Anomalia,0.0184,1.2364,3.2389,-3.1062,1.2365,0.0367,0.1054,3360.0
Anomalia,0.0215,0.8125,2.3692,-2.2002,0.8128,-0.0061,0.79,3360.0
Anomalia,0.0243,0.555,1.9606,-1.8246,0.5555,0.1786,1.2429,3360.0
Anomalia,0.0019,0.3589,0.8426,-0.8672,0.3589,-0.0841,-0.284,2880.0
Anomalia,0.0187,0.2514,0.5609,-0.4816,0.2521,0.0647,-0.7895,2880.0
Anomalia,0.0042,0.2696,0.6419,-1.5971,0.2697,-1.1902,6.3073,2880.0
Anomalia,-0.0211,1.2223,4.1533,-3.9617,1.2225,0.163,3.574,3360.0
Anomalia,0.0169,1.4165,4.1533,-3.9617,1.4166,0.1018,1.204,3360.0
Anomalia,0.0106,1.5873,4.1533,-3.9617,1.5873,0.0659,0.0543,3360.0
Anomalia,0.0185,1.6197,4.1533,-3.9617,1.6199,0.0527,-0.1744,3360.0
Anomalia,0.0355,1.1112,2.8162,-3.0799,1.1118,0.0114,0.2018,3360.0
Anomalia,0.0055,0.8575,2.8066,-3.0799,0.8575,-0.0812,1.8149,3360.0
Anomalia,0.0046,0.473,1.1447,-1.1068,0.473,0.0355,-0.0293,3600.0
Anomalia,0.0065,0.3401,0.9557,-0.9386,0.3402,0.1291,0.003,2880.0
Anomalia,-0.0162,0.3803,0.6151,-2.0637,0.3806,-2.2397,9.408,2880.0
Anomalia,0.0021,1.3842,4.7922,-4.5911,1.3843,0.0765,3.4657,3360.0
Anomalia,-0.012,1.6298,4.7922,-4.5911,1.6299,0.0422,1.0099,3360.0
Anomalia,0.0269,1.7557,4.7922,-4.5911,1.756,0.0159,0.155,3360.0
Anomalia,0.0234,1.7828,4.7922,-4.5911,1.7829,0.0389,-0.0386,3360.0
Anomalia,0.0152,1.1968,3.1851,-3.0499,1.1969,0.026,0.162,3360.0
Anomalia,0.0296,0.8477,2.8996,-2.287,0.8482,0.2832,0.7433,3360.0
Anomalia,-0.0076,0.5365,1.335,-1.3288,0.5366,-0.0275,-0.1143,2880.0
Anomalia,0.0181,0.3605,1.0458,-0.7704,0.361,0.1378,-0.4103,2880.0
Anomalia,-0.005,0.3522,0.7783,-1.3025,0.3522,-0.6027,0.9143,2880.0
Anomalia,0.0034,0.8912,2.9359,-2.7344,0.8912,0.0133,2.651,3360.0
Anomalia,-0.0044,1.0214,2.9359,-2.7344,1.0214,-0.0012,0.8734,3360.0
Anomalia,0.0206,1.0912,2.9359,-2.7344,1.0914,-0.0105,0.1639,3360.0
Anomalia,0.0154,1.0992,2.9359,-2.7344,1.0993,0.02,0.0577,3360.0
Anomalia,0.0205,0.7174,1.9702,-1.9969,0.7176,0.0273,0.5879,3360.0
Anomalia,0.0259,0.504,1.8793,-1.3701,0.5046,0.418,1.5339,3360.0
Anomalia,-0.0094,0.3399,0.6965,-0.7829,0.34,-0.0333,-0.8508,2880.0
Anomalia,0.0158,0.2616,0.573,-0.5254,0.2621,-0.029,-0.8764,2880.0
Anomalia,0.0145,0.2782,0.6944,-1.5024,0.2786,-0.9743,3.8361,2880.0
Anomalia,-0.0071,1.1479,3.8678,-3.7076,1.1479,0.0914,3.2894,2880.0
Anomalia,0.0468,1.3381,3.8678,-3.7076,1.3389,0.0009,1.1728,3360.0
Anomalia,0.0002,1.4549,3.8678,-3.7076,1.4549,0.0277,0.2367,3360.0
Anomalia,0.0107,1.4836,3.8678,-3.7076,1.4836,0.0177,0.0019,3360.0
Anomalia,0.0267,0.9981,2.8583,-2.8692,0.9984,-0.086,0.7347,3360.0
Anomalia,-0.0097,0.716,2.1676,-2.5624,0.7161,-0.3562,1.5965,3360.0
Anomalia,0.0203,0.4631,1.1656,-1.0458,0.4635,0.0869,-0.3942,3360.0
Anomalia,0.0046,0.3416,0.9645,-1.0458,0.3417,-0.1129,0.2418,2880.0
Anomalia,0.0193,0.2913,0.765,-0.6076,0.2919,0.1696,-0.7038,2880.0
Anomalia,-0.0018,1.3864,4.7021,-4.7714,1.3864,0.1083,3.9138,3360.0
Anomalia,0.0531,1.6519,4.7021,-4.7714,1.6528,0.081,1.1696,3360.0
Anomalia,0.0039,1.9448,4.7021,-4.7714,1.9448,0.0563,-0.2137,3360.0
Anomalia,0.0151,1.9913,4.7021,-4.7714,1.9913,0.0381,-0.4507,3360.0
Anomalia,0.028,1.4833,3.7418,-3.7739,1.4836,0.0085,0.0263,3360.0
Anomalia,-0.0399,1.1724,3.7418,-3.7739,1.1731,-0.0928,1.7575,3360.0
Anomalia,0.0229,0.5803,1.3463,-1.2662,0.5807,0.0427,-0.0561,3360.0
Anomalia,-0.0039,0.3966,1.2679,-1.1948,0.3966,0.0524,0.8045,2880.0
Anomalia,0.0123,0.2892,0.6118,-0.5434,0.2894,0.0232,-0.9784,2880.0
Anomalia,0.0065,1.0075,3.5219,-3.2085,1.0075,0.0826,3.2639,2880.0
Anomalia,0.0281,1.1676,3.5219,-3.2085,1.168,0.0552,1.0552,3360.0
Anomalia,-0.0018,1.2623,3.5219,-3.2085,1.2623,0.0517,0.1984,3360.0
Anomalia,-0.0032,1.2823,3.5219,-3.2085,1.2823,0.054,0.0138,3360.0
Anomalia,0.0203,0.852,2.2895,-2.1973,0.8523,-0.0683,0.2485,3360.0
Anomalia,-0.0174,0.6101,1.805,-2.1806,0.6104,-0.3491,1.3773,3360.0
Anomalia,0.0256,0.3847,0.8781,-0.7525,0.3855,0.0343,-0.8444,3600.0
Anomalia,0.0104,0.3108,0.6527,-0.6477,0.311,0.1402,-0.8189,2880.0
Anomalia,0.0113,0.2688,0.6527,-0.5492,0.269,0.2387,-0.4636,3360.0
Anomalia,0.0341,1.0198,3.534,-3.3249,1.0204,0.1284,3.6396,3120.0
Anomalia,-0.0235,1.1447,3.534,-3.3249,1.145,0.0344,1.7293,3360.0
Anomalia,0.0082,1.313,3.534,-3.3249,1.313,0.0335,0.2307,3360.0
Anomalia,0.004,1.3434,3.534,-3.3249,1.3434,0.0399,-0.0362,3360.0
Anomalia,-0.0228,0.9273,2.3913,-2.529,0.9276,-0.0622,0.3458,3360.0
Anomalia,0.0315,0.7708,2.3913,-2.3104,0.7714,0.2492,1.3999,3360.0
Anomalia,0.0001,0.4117,1.0162,-0.9866,0.4117,0.1415,-0.0701,2880.0
Anomalia,0.0099,0.3166,1.0162,-0.7508,0.3168,0.3069,0.5064,2880.0
Anomalia,0.0119,0.2501,0.6498,-0.7308,0.2504,-0.0675,0.3595,2880.0
Anomalia,0.0266,1.173,4.1516,-4.0385,1.1733,0.08,4.5902,2880.0
Anomalia,-0.0202,1.3438,4.1516,-4.0385,1.344,0.0381,1.964,3360.0
Anomalia,0.0198,1.55,4.1516,-4.0385,1.5502,0.0114,0.2823,3360.0
Anomalia,-0.006,1.5903,4.1516,-4.0385,1.5903,0.0509,-0.0181,3360.0
Anomalia,-0.0088,1.1364,2.7936,-2.7077,1.1365,-0.0121,-0.1358,3360.0
Anomalia,0.0351,0.9384,2.7936,-2.7077,0.939,0.1356,0.8252,3360.0
Anomalia,0.0012,0.5289,1.2854,-1.1748,0.5289,-0.0021,-0.2501,3360.0
Anomalia,0.0165,0.4179,1.2854,-1.1402,0.4182,0.2309,0.4939,2880.0
Anomalia,0.0068,0.2784,0.6373,-0.5655,0.2785,0.0109,-0.8083,2880.0
Anomalia,0.021,1.3743,5.1562,-5.1048,1.3745,0.0638,5.5071,2880.0
Anomalia,-0.04,1.6697,5.1562,-5.1048,1.6702,0.0732,1.862,3360.0
Anomalia,0.034,1.9582,5.1562,-5.1048,1.9585,0.0235,0.147,3360.0
Anomalia,-0.0076,2.0071,5.1562,-5.1048,2.0071,0.0741,-0.1279,3360.0
Anomalia,-0.0001,1.5178,4.3833,-3.6688,1.5178,0.0745,0.0812,3360.0
Anomalia,0.0506,1.1972,3.6696,-3.6688,1.1983,0.1858,1.3239,3360.0
Anomalia,-0.0119,0.6072,1.3826,-1.5663,0.6073,-0.0365,-0.0307,3600.0
Anomalia,0.0187,0.4244,1.3826,-1.2361,0.4248,0.3371,1.2672,2880.0
Anomalia,0.0113,0.2811,0.8163,-0.7942,0.2813,-0.0646,0.5667,2880.0
Anomalia,0.0119,0.4807,1.6393,-1.6147,0.4808,0.0056,3.249,2880.0
Anomalia,-0.0013,0.5702,1.6393,-1.6147,0.5702,-0.0299,0.9746,3360.0
Anomalia,0.0215,0.62,1.6393,-1.6147,0.6203,-0.0512,0.244,3360.0
Anomalia,0.0069,0.6292,1.6393,-1.6147,0.6293,0.0158,0.0702,3360.0
Anomalia,0.0,0.4552,1.2445,-1.1719,0.4552,0.0332,0.5318,3360.0
Anomalia,0.0154,0.3456,1.2445,-1.0467,0.3459,0.3366,1.5862,3360.0
Anomalia,0.0025,0.2505,0.5238,-0.4524,0.2505,0.0542,-1.0163,3360.0
Anomalia,0.0066,0.2259,0.4023,-0.4524,0.226,-0.0658,-0.9167,3360.0
Anomalia,0.013,0.2182,0.4023,-0.4524,0.2186,-0.0524,-0.8914,3360.0
Anomalia,0.0109,0.948,3.4171,-3.2602,0.9481,0.0763,4.5665,2880.0
Anomalia,-0.0231,1.1415,3.4171,-3.2602,1.1417,0.0565,1.6668,3360.0
Anomalia,0.0235,1.3121,3.4171,-3.2602,1.3123,0.045,0.1997,3360.0
Anomalia,0.0014,1.3421,3.4171,-3.2602,1.3421,0.0835,-0.0581,3360.0
Anomalia,0.0071,0.9935,3.024,-2.4139,0.9935,0.1041,0.5468,3360.0
Anomalia,0.0294,0.7709,2.5766,-2.33,0.7714,0.3637,1.6319,3360.0
Anomalia,-0.0112,0.4338,0.9473,-0.9135,0.434,-0.0227,-0.7148,3600.0
Anomalia,0.0117,0.3364,0.9473,-0.8146,0.3366,0.0466,-0.2007,2880.0
Anomalia,0.0093,0.2618,0.5884,-0.6986,0.262,-0.1935,-0.374,2880.0
Anomalia,0.0012,1.131,4.3536,-4.4901,1.131,-0.172,6.0326,2880.0
Anomalia,-0.0084,1.4271,4.3536,-4.4901,1.4271,0.0903,2.1638,3360.0
Anomalia,0.0156,1.7012,4.3536,-4.4901,1.7013,0.063,0.1884,3360.0
Anomalia,-0.0058,1.7604,4.3536,-4.4901,1.7604,0.0875,-0.1869,3360.0
Anomalia,0.0249,1.3998,4.1925,-3.3069,1.4,0.1993,0.1951,3360.0
Anomalia,0.0306,1.0986,3.1154,-3.1792,1.0991,0.0953,0.8965,3360.0
Anomalia,-0.0016,0.6082,1.6193,-1.3643,0.6082,-0.0065,-0.1558,3600.0
Anomalia,0.0215,0.4452,1.3154,-1.1977,0.4457,0.0858,0.1585,2880.0
Anomalia,0.0097,0.3206,0.7374,-0.7996,0.3207,-0.1523,-0.3287,2880.0
Anomalia,-0.0285,1.035,3.9997,-3.8812,1.0354,-0.1704,5.3771,2880.0
Anomalia,0.0117,1.2714,3.9997,-3.8812,1.2715,0.042,1.8663,3360.0
Anomalia,0.0102,1.4458,3.9997,-3.8812,1.4458,0.0404,0.3921,3360.0
Anomalia,0.005,1.496,3.9997,-3.8812,1.496,0.0449,-0.0108,3360.0
Anomalia,0.0453,1.1466,3.3933,-2.5361,1.1475,0.1932,0.0861,3360.0
Anomalia,0.0078,0.8704,2.7077,-2.5361,0.8705,0.0523,1.0308,3360.0
Anomalia,-0.0019,0.5199,1.2516,-1.2407,0.5199,0.0566,-0.2382,3600.0
Anomalia,0.0014,0.3703,1.0575,-0.9791,0.3703,0.1801,0.0782,2880.0
Anomalia,0.0111,0.2553,0.5943,-0.558,0.2556,-0.0644,-0.5059,2880.0
Anomalia,-0.0194,0.8664,3.206,-3.1434,0.8666,-0.263,4.9757,3120.0
Anomalia,0.0468,1.0667,3.206,-3.1434,1.0677,-0.0209,2.0562,3120.0
Anomalia,0.0025,1.3224,3.206,-3.1434,1.3224,-0.0206,0.049,3360.0
Anomalia,0.0107,1.3531,3.206,-3.1434,1.3532,-0.0323,-0.2041,3360.0
Anomalia,0.0318,1.0948,3.1421,-2.8521,1.0953,0.0568,0.4041,3360.0
Anomalia,-0.0207,0.8973,2.504,-2.8521,0.8976,-0.1481,1.3942,3360.0
Anomalia,0.0202,0.4414,0.9453,-1.0104,0.4418,-0.0087,-0.6014,3360.0
Anomalia,0.006,0.3537,0.8873,-0.9423,0.3537,-0.0763,-0.158,2880.0
Anomalia,0.0078,0.2545,0.5813,-0.4369,0.2546,0.1104,-0.9904,2880.0
Anomalia,-0.0244,1.0286,4.1216,-3.7347,1.0289,0.0187,5.9568,2880.0
Anomalia,0.025,1.2502,4.1216,-3.7347,1.2504,0.1771,2.4167,2880.0
Anomalia,-0.0021,1.4852,4.1216,-3.7347,1.4852,0.162,0.3549,3360.0
Anomalia,0.0298,1.5264,4.1216,-3.7347,1.5267,0.0931,0.0193,3360.0
Anomalia,0.0397,1.2021,3.5599,-2.5708,1.2027,0.2364,0.093,3360.0
Anomalia,-0.0046,0.9665,2.8412,-2.5708,0.9666,0.0835,0.776,3360.0
Anomalia,0.0065,0.5522,1.2996,-1.2328,0.5522,-0.0174,-0.3175,3360.0
Anomalia,0.0012,0.4575,1.2349,-1.2007,0.4575,-0.1433,0.1499,2880.0
Anomalia,0.0024,0.3066,0.6798,-0.7308,0.3067,-0.0207,-0.6181,2880.0
Anomalia,0.064,1.05,4.7981,-3.9572,1.052,0.8014,7.2684,3120.0
Anomalia,0.0059,1.554,4.7981,-4.7739,1.554,0.1025,2.1708,3360.0
Anomalia,0.0285,1.898,4.7981,-4.7739,1.8982,0.0438,0.0967,3360.0
Anomalia,0.0048,1.9678,4.7981,-4.7739,1.9678,0.061,-0.2792,3360.0
Anomalia,-0.0431,1.7312,4.6362,-4.7739,1.7317,-0.0399,0.1361,3360.0
Anomalia,0.0175,1.3073,3.6997,-3.6813,1.3074,0.0126,0.7069,3360.0
Anomalia,-0.0136,0.697,1.81,-2.004,0.6971,-0.1376,0.1554,3600.0
Anomalia,0.0239,0.471,1.3058,-1.2211,0.4716,0.0806,0.7137,2880.0
Anomalia,0.001,0.3024,0.8151,-0.8029,0.3024,0.0172,0.2486,3360.0
Anomalia,0.0439,0.6399,2.8324,-2.4097,0.6414,0.7553,6.5278,2880.0
Anomalia,-0.005,0.8763,2.8324,-2.6572,0.8763,0.0995,2.032,3360.0
Anomalia,0.0095,1.02,2.8324,-2.6572,1.02,0.0462,0.2857,3360.0
Anomalia,0.0066,1.0341,2.8324,-2.6572,1.0341,0.0496,0.1205,3360.0
Anomalia,-0.0223,0.8578,2.3028,-2.6572,0.8581,-0.19,0.5753,3360.0
Anomalia,0.0186,0.6266,1.8588,-1.747,0.6268,0.0259,1.0282,3360.0
Anomalia,0.0083,0.3399,0.6823,-0.6669,0.34,0.0327,-1.0443,3600.0
Anomalia,0.002,0.288,0.6043,-0.5254,0.288,0.2157,-0.9913,2880.0
Anomalia,0.0043,0.2449,0.5192,-0.4682,0.245,0.2662,-0.8794,2880.0
Anomalia,0.0288,0.6095,2.7406,-2.2653,0.6102,0.6078,6.7991,2880.0
Anomalia,-0.0071,0.8397,2.7406,-2.519,0.8397,0.1317,2.4666,2880.0
Anomalia,0.0256,1.0107,2.7406,-2.519,1.0111,-0.0202,0.3226,2880.0
Anomalia,0.0064,1.0277,2.7406,-2.519,1.0277,0.0301,0.1199,3360.0
Anomalia,-0.0142,0.8822,2.4272,-2.519,0.8823,-0.1144,0.5188,3360.0
Anomalia,0.0172,0.6692,1.9535,-1.8863,0.6694,-0.096,0.9544,3360.0
Anomalia,0.0016,0.347,0.8084,-0.7691,0.347,-0.0083,-0.4774,3360.0
Anomalia,0.0123,0.2814,0.8084,-0.7691,0.2817,0.0145,0.754,2880.0
Anomalia,0.0128,0.178,0.5091,-0.4215,0.1784,0.1503,0.0551,2880.0
Anomalia,0.0166,0.6185,3.2953,-2.6488,0.6187,0.6111,10.6107,2880.0
Anomalia,0.0002,1.0012,3.2953,-3.11,1.0012,0.1402,2.6747,3360.0
Anomalia,0.0127,1.217,3.2953,-3.11,1.2171,0.0719,0.3085,3360.0
Anomalia,0.0093,1.2639,3.2953,-3.11,1.2639,0.0728,-0.1161,3360.0
Anomalia,0.0016,1.139,3.1354,-3.11,1.139,0.0163,0.207,3360.0
Anomalia,0.0118,0.8373,2.2845,-2.2941,0.8374,0.0466,0.4678,3360.0
Anomalia,0.0076,0.4759,1.3555,-1.1898,0.476,0.0323,-0.2254,3600.0
Anomalia,0.0044,0.3453,0.949,-0.8614,0.3453,0.0129,0.1586,2880.0
Anomalia,0.0186,0.2768,0.6919,-0.6615,0.2774,0.0207,-0.2424,2880.0
Anomalia,0.0599,0.9765,4.7413,-3.8123,0.9783,0.8885,9.3708,2880.0
Anomalia,-0.0156,1.4068,4.7413,-4.5364,1.4068,0.123,2.717,3360.0
Anomalia,0.0301,1.6946,4.7413,-4.5364,1.6949,0.0414,0.3683,3360.0
Anomalia,-0.0121,1.7444,4.7413,-4.5364,1.7444,0.0987,0.0335,3360.0
Anomalia,-0.0334,1.4922,3.968,-4.5364,1.4926,-0.1014,0.351,3360.0
Anomalia,0.0297,1.1146,3.2085,-3.0002,1.115,0.054,0.7388,3360.0
Anomalia,-0.0061,0.5948,1.4494,-1.4511,0.5948,-0.0764,-0.2912,3600.0
Anomalia,0.026,0.4186,1.1034,-1.0133,0.4194,0.1028,-0.1133,2880.0
Anomalia,0.0111,0.3055,0.6919,-0.7716,0.3057,-0.0447,-0.5962,2880.0
Anomalia,0.0356,0.583,2.6334,-2.2144,0.5841,0.6432,6.8096,2880.0
Anomalia,-0.0063,0.8131,2.6334,-2.4856,0.8131,0.0795,2.3565,3360.0
Anomalia,0.0157,0.989,2.6334,-2.4856,0.9891,0.0268,0.2207,3360.0
Anomalia,0.0095,1.0097,2.6334,-2.4856,1.0098,0.0409,-0.0193,3360.0
Anomalia,-0.0104,0.8746,2.3041,-2.4856,0.8747,-0.0982,0.3481,3360.0
Anomalia,0.0233,0.6644,1.9769,-1.8717,0.6648,0.0379,0.9662,3360.0
Anomalia,0.0018,0.3511,0.7858,-0.7708,0.3511,-0.021,-0.9082,3600.0
Anomalia,0.0059,0.3103,0.6168,-0.6694,0.3104,-0.0881,-1.0024,2880.0
Anomalia,0.0074,0.2581,0.5117,-0.5697,0.2582,-0.0619,-0.902,2880.0
Anomalia,-0.0075,0.6125,2.3058,-2.7832,0.6125,-0.7465,7.0482,2880.0
Anomalia,0.0011,1.0045,3.2869,-3.0628,1.0045,0.076,2.5686,2880.0
Anomalia,0.0052,1.2099,3.2869,-3.0628,1.2099,0.057,0.4148,3360.0
Anomalia,0.0043,1.2377,3.2869,-3.0628,1.2378,0.0551,0.1341,3360.0
Anomalia,0.0234,1.1353,3.2869,-3.0628,1.1356,0.1507,0.5911,3360.0
Anomalia,0.0151,0.811,2.3955,-2.335,0.8111,0.0407,1.0188,3360.0
Anomalia,0.0171,0.4468,0.9511,-0.9524,0.4471,-0.0152,-0.6907,3360.0
Anomalia,0.0138,0.4114,0.9494,-0.9524,0.4116,0.0348,-0.5584,2880.0
Anomalia,0.0165,0.3191,0.8359,-0.7654,0.3195,-0.0133,-0.3855,2880.0
Anomalia,-0.0238,0.724,2.8917,-3.5373,0.7244,-1.0314,9.2004,3120.0
Anomalia,0.0166,1.4376,4.4054,-4.6679,1.4377,-0.0124,2.3869,3120.0
Anomalia,-0.0125,1.745,4.4054,-4.6679,1.745,0.0343,0.3163,3360.0
Anomalia,0.0195,1.8292,4.4054,-4.6679,1.8294,0.0059,-0.1795,3360.0
Anomalia,0.0474,1.7422,4.4054,-4.6679,1.7429,0.0451,0.0662,3360.0
Anomalia,0.0034,1.2339,3.4735,-3.4459,1.2339,0.0835,0.7671,3360.0
Anomalia,0.0311,0.72,2.4347,-1.8392,0.7207,0.3227,0.5989,3360.0
Anomalia,-0.0039,0.4716,1.1715,-1.0742,0.4716,0.0755,-0.223,2880.0
Anomalia,0.0073,0.327,0.7499,-0.8355,0.3271,-0.1003,-0.6018,2880.0
Anomalia,-0.025,0.6139,2.542,-2.8454,0.6144,-0.6344,8.2569,2880.0
Anomalia,0.0252,1.0206,3.5073,-3.1834,1.0209,0.1327,2.6129,3360.0
Anomalia,0.0061,1.2309,3.5073,-3.1834,1.2309,0.1108,0.3532,3360.0
Anomalia,0.023,1.2693,3.5073,-3.1834,1.2695,0.0652,-0.009,3360.0
Anomalia,0.0381,1.1659,3.5073,-3.1834,1.1665,0.1638,0.332,3360.0
Anomalia,-0.0057,0.8369,2.3947,-2.1847,0.8369,0.0568,0.5016,3360.0
Anomalia,0.013,0.4723,1.0379,-0.982,0.4724,-0.0387,-0.5635,3600.0
Anomalia,0.002,0.3724,0.8902,-0.8973,0.3724,-0.0589,-0.5935,3600.0
Anomalia,0.0195,0.2822,0.5818,-0.6323,0.2829,0.0369,-0.7903,2880.0
Anomalia,0.0377,0.4704,2.3341,-1.7987,0.4719,0.7673,7.5904,3120.0
Anomalia,0.0096,1.0214,3.2172,-3.0933,1.0215,0.034,2.4041,3120.0
Anomalia,0.0314,1.2165,3.2172,-3.0933,1.2169,0.031,0.4755,3360.0
Anomalia,0.0112,1.2731,3.2172,-3.0933,1.2731,0.0474,-0.0271,3360.0
Anomalia,-0.0054,1.2472,3.2172,-3.0933,1.2472,0.0437,0.0421,3360.0
Anomalia,0.0216,0.8605,2.4873,-2.3892,0.8608,0.0786,0.6537,3360.0
Anomalia,-0.0145,0.5291,1.3522,-1.6468,0.5293,-0.1598,0.3332,3360.0
Anomalia,0.0091,0.3678,1.0291,-0.9978,0.3679,0.0543,1.031,3360.0
Anomalia,-0.0029,0.2132,0.5204,-0.5838,0.2132,-0.1216,-0.2851,3360.0
Anomalia,0.0445,0.5094,2.9944,-1.7862,0.5114,2.0934,14.05,3360.0
Anomalia,0.0125,1.3045,4.3177,-4.2034,1.3046,0.0481,3.0476,3360.0
Anomalia,0.041,1.5234,4.3177,-4.2034,1.524,0.0261,0.8318,3360.0
Anomalia,-0.0026,1.6135,4.3177,-4.2034,1.6135,0.0633,0.1518,3360.0
Anomalia,-0.0168,1.5892,4.3177,-4.2034,1.5893,0.0253,0.185,3360.0
Anomalia,0.0165,1.0505,2.7456,-2.7786,1.0506,0.0511,0.2808,3360.0
Anomalia,-0.0203,0.6997,1.8358,-2.1789,0.7,-0.1898,0.4924,3360.0
Anomalia,0.0386,0.4641,1.2733,-1.1076,0.4657,0.1646,0.45,3360.0
Anomalia,-0.0056,0.3088,0.596,-0.7266,0.3088,-0.0821,-0.7731,2880.0
Anomalia,0.0333,0.5602,3.2531,-1.9318,0.5612,1.8578,12.7654,2880.0
Anomalia,0.0191,1.5034,4.897,-5.008,1.5035,0.09,2.9978,3360.0
Anomalia,0.0221,1.8043,4.897,-5.008,1.8045,0.0838,0.6679,3360.0
Anomalia,0.0132,1.9157,4.897,-5.008,1.9158,0.068,-0.002,3360.0
Anomalia,-0.0099,1.8999,4.897,-5.008,1.9,0.0536,-0.0032,3360.0
Anomalia,0.0016,1.3077,3.7001,-3.4806,1.3077,0.0766,0.4177,3360.0
Anomalia,-0.0112,0.8517,2.2206,-2.6121,0.8518,-0.1185,0.3021,3360.0
Anomalia,0.0069,0.5352,1.3451,-1.3659,0.5353,-0.0945,0.0921,2880.0
Anomalia,0.0049,0.3499,0.9457,-0.9223,0.35,-0.1107,-0.0749,2880.0
Anomalia,0.019,0.2984,0.944,-0.8251,0.299,0.2735,0.46,2880.0
Anomalia,0.0117,0.4643,1.3392,-1.4431,0.4645,-0.0404,1.4062,3360.0
Anomalia,0.0177,0.5374,1.3392,-1.4431,0.5377,-0.0148,0.1391,3360.0
Anomalia,0.0044,0.5333,1.3392,-1.4431,0.5333,0.0332,0.2399,3360.0
Anomalia,-0.0044,0.5203,1.3392,-1.4431,0.5203,0.0048,0.4325,3360.0
Anomalia,0.0116,0.3504,1.1335,-0.9649,0.3506,0.09,1.1862,2880.0
Anomalia,0.0034,0.2179,0.5697,-0.6026,0.218,-0.2556,-0.4683,2880.0
Anomalia,0.0156,0.2052,0.4574,-0.4808,0.2058,-0.0963,-0.9193,2880.0
Anomalia,0.0148,0.1858,0.4574,-0.3259,0.1864,0.0881,-0.8592,2880.0
Anomalia,0.0329,0.4715,2.7511,-1.8751,0.4726,1.8127,14.8718,2880.0
Anomalia,0.0134,1.2269,3.9693,-3.9605,1.227,0.0595,3.2544,3120.0
Anomalia,0.0194,1.4749,3.9693,-3.9605,1.475,0.0641,0.7394,3360.0
Anomalia,0.0032,1.546,3.9693,-3.9605,1.546,0.0764,0.1594,3360.0
Anomalia,-0.0042,1.5206,3.9693,-3.9605,1.5206,0.04,0.2239,3360.0
Anomalia,0.005,1.0261,2.9848,-2.6797,1.0262,0.1239,0.5803,3360.0
Anomalia,-0.008,0.6282,1.7257,-1.7048,0.6283,-0.0126,-0.1595,3360.0
Anomalia,0.0217,0.4598,1.0771,-1.0863,0.4603,0.0408,-0.484,2880.0
Anomalia,-0.005,0.3183,0.717,-0.7065,0.3184,0.1022,-0.8138,2880.0
Anomalia,0.0181,0.4909,3.1404,-1.8596,0.4912,1.2983,11.7675,2880.0
Anomalia,0.0377,1.4967,4.8594,-4.7914,1.4972,0.0681,2.8442,3360.0
Anomalia,-0.0006,1.7439,4.8594,-4.7914,1.7439,0.0883,0.852,3360.0
Anomalia,0.0127,1.9128,4.8594,-4.7914,1.9128,0.0667,-0.0916,3360.0
Anomalia,0.0033,1.9241,4.8594,-4.7914,1.9241,0.0567,-0.1999,3360.0
Anomalia,-0.0137,1.3137,3.6542,-3.5356,1.3138,0.0852,0.3253,3360.0
Anomalia,0.0143,0.9551,3.4789,-2.9547,0.9552,0.1139,1.3727,3360.0
Anomalia,0.0078,0.5827,1.3655,-1.4202,0.5827,-0.0905,-0.121,2880.0
Anomalia,0.0145,0.3781,1.0095,-0.9749,0.3784,-0.1618,-0.4564,2880.0
Anomalia,-0.0048,0.4464,2.2169,-1.7849,0.4464,-0.142,4.5386,2880.0
Anomalia,0.0112,1.1846,4.1036,-3.8482,1.1847,0.0807,2.9553,2880.0
Anomalia,-0.0055,1.3952,4.1036,-3.8482,1.3952,0.0675,0.8117,3360.0
Anomalia,0.0094,1.4747,4.1036,-3.8482,1.4747,0.0572,0.1643,3360.0
Anomalia,0.0213,1.4829,4.1036,-3.8482,1.483,0.0359,0.0578,3360.0
Anomalia,0.0028,1.0037,2.7874,-2.5754,1.0037,0.0515,0.3235,3360.0
Anomalia,0.0111,0.6557,2.2682,-1.6985,0.6558,0.2708,0.5157,3360.0
Anomalia,-0.0036,0.4985,1.1815,-1.1013,0.4985,-0.001,-0.6556,2880.0
Anomalia,-0.0021,0.3581,0.858,-0.7892,0.3581,0.0075,-0.321,2880.0
Anomalia,-0.0182,0.4089,0.8372,-1.7532,0.4093,-1.1488,3.2187,2880.0
Anomalia,0.024,1.2106,3.6963,-3.8094,1.2108,0.0202,2.5155,3120.0
Anomalia,-0.0237,1.3931,3.6963,-3.8094,1.3933,0.0135,0.8864,3360.0
Anomalia,0.029,1.5201,3.6963,-3.8094,1.5204,-0.0143,0.027,3360.0
Anomalia,0.026,1.5383,3.6963,-3.8094,1.5385,0.0115,-0.1224,3360.0
Anomalia,-0.0056,1.0387,2.8341,-2.9981,1.0387,0.0192,0.8282,3360.0
Anomalia,0.0408,0.7483,2.8299,-2.2778,0.7494,0.4233,2.138,3360.0
Anomalia,-0.0012,0.4476,1.1034,-1.2128,0.4476,-0.045,0.004,3360.0
Anomalia,0.0149,0.2952,0.7353,-0.6172,0.2956,0.0301,-0.9539,2880.0
Anomalia,-0.0127,0.3517,0.5968,-1.7457,0.3519,-1.5662,5.1872,2880.0
Anomalia,0.0069,1.2396,4.1011,-4.0552,1.2396,0.0762,3.2653,2880.0
Anomalia,-0.0223,1.4653,4.1011,-4.0552,1.4655,0.0903,0.9509,3360.0
Anomalia,0.0274,1.5701,4.1011,-4.0552,1.5704,0.0385,0.1456,3360.0
Anomalia,0.0313,1.5827,4.1011,-4.0552,1.583,0.0439,0.0379,3360.0
Anomalia,0.004,1.0628,3.0227,-2.7844,1.0628,0.1208,0.4925,3360.0
Anomalia,0.0371,0.7211,2.519,-1.8901,0.722,0.3712,0.8339,3360.0
Anomalia,-0.0193,0.4723,0.9786,-1.0963,0.4726,-0.0231,-0.6299,3360.0
Anomalia,0.0188,0.3746,0.959,-0.9569,0.375,0.0371,-0.4882,2880.0
Anomalia,0.0335,0.3121,0.8188,-0.6339,0.3139,0.2554,-0.471,2880.0
Anomalia,-0.0148,1.4641,4.8649,-4.8077,1.4642,0.1081,3.3925,3120.0
Anomalia,0.0609,1.6615,4.8649,-4.8077,1.6626,0.0861,1.2983,3360.0
Anomalia,-0.0053,1.911,4.8649,-4.8077,1.911,0.1102,-0.0493,3360.0
Anomalia,0.0095,1.9641,4.8649,-4.8077,1.9641,0.0854,-0.3381,3360.0
Anomalia,0.0406,1.3712,3.6108,-3.3633,1.3718,0.1077,-0.0781,3360.0
Anomalia,-0.0262,1.1243,3.6108,-3.3633,1.1246,-0.0343,1.2749,3360.0
Anomalia,0.0196,0.5957,1.5508,-1.3484,0.596,0.0515,0.2589,3360.0
Anomalia,-0.0073,0.4002,1.1435,-1.3484,0.4003,-0.2647,1.0046,2880.0
Anomalia,0.0058,0.2986,0.7458,-0.7195,0.2987,-0.0027,-0.3375,3360.0
Anomalia,-0.0142,0.737,2.4431,-2.3922,0.7372,0.0378,2.7724,2880.0
Anomalia,0.0249,0.8486,2.4431,-2.3922,0.8489,-0.0065,0.8073,3360.0
Anomalia,0.0021,0.9071,2.4431,-2.3922,0.9071,0.0004,0.1686,3360.0
Anomalia,0.0063,0.9164,2.4431,-2.3922,0.9164,-0.0119,0.05,3360.0
Anomalia,0.0321,0.5968,1.6844,-1.5934,0.5976,-0.0667,0.5998,3360.0
Anomalia,-0.0122,0.4388,1.3759,-1.5934,0.4389,-0.3769,1.9757,3600.0
Anomalia,0.014,0.2673,0.6306,-0.6039,0.2677,0.0384,-0.6729,3600.0
Anomalia,0.0014,0.2325,0.5008,-0.5137,0.2325,0.0918,-0.6752,2880.0
Anomalia,0.0185,0.257,1.0003,-0.5137,0.2576,0.6374,1.333,3600.0
Anomalia,0.0275,1.0309,3.4927,-3.3783,1.0313,0.1341,3.448,3360.0
Anomalia,0.0294,1.2097,3.4927,-3.3783,1.21,0.0713,1.1481,3360.0
Anomalia,0.0028,1.32,3.4927,-3.3783,1.32,0.0494,0.2137,3360.0
Anomalia,-0.0002,1.3473,3.4927,-3.3783,1.3473,0.0515,-0.0249,3360.0
Anomalia,-0.0097,0.9173,2.5816,-2.4189,0.9174,-0.1001,0.572,3360.0
Anomalia,-0.0067,0.679,2.0299,-2.4189,0.679,-0.3535,1.4067,3360.0
Anomalia,0.0183,0.4168,0.9895,-0.9686,0.4172,-0.0398,-0.2067,2880.0
Anomalia,0.0034,0.2968,0.7716,-0.9273,0.2968,-0.2207,0.3889,2880.0
Anomalia,0.0129,0.2374,0.6727,-0.5826,0.2378,0.1338,-0.0713,2880.0
Anomalia,0.0235,1.0984,3.8987,-3.7656,1.0986,0.2383,4.3509,3360.0
Anomalia,0.0185,1.2973,3.8987,-3.7656,1.2975,0.1113,1.4937,3360.0
Anomalia,0.0006,1.4945,3.8987,-3.7656,1.4945,0.0712,0.0479,3360.0
Anomalia,0.0231,1.5413,3.8987,-3.7656,1.5415,0.0311,-0.2841,3360.0
Anomalia,-0.017,1.1221,2.6997,-2.8191,1.1222,-0.0547,-0.0661,3360.0
Anomalia,0.0004,0.8905,2.6855,-2.8191,0.8905,-0.1067,1.2035,3360.0
Anomalia,0.0146,0.4988,1.2533,-1.0922,0.499,0.0799,0.0324,3600.0
Anomalia,-0.0032,0.3352,0.8956,-1.0922,0.3353,-0.4032,0.8644,2880.0
Anomalia,0.0275,0.2354,0.5797,-0.4507,0.237,0.0292,-0.7286,2880.0
Anomalia,0.0033,1.3163,4.6387,-4.6011,1.3163,0.0565,4.1103,2880.0
Anomalia,0.0432,1.5276,4.6387,-4.6011,1.5282,0.0334,1.4802,3360.0
Anomalia,-0.004,1.6878,4.6387,-4.6011,1.6878,0.061,0.2914,3360.0
Anomalia,0.009,1.7237,4.6387,-4.6011,1.7237,0.0398,0.0367,3360.0
Anomalia,0.0159,1.1532,3.087,-2.8775,1.1533,0.0446,0.107,3360.0
Anomalia,-0.0241,0.8652,2.7227,-2.8775,0.8655,-0.1418,1.2958,3360.0
Anomalia,0.0295,0.4905,1.1385,-1.0609,0.4914,-0.0253,-0.3529,3600.0
Anomalia,-0.001,0.357,0.9273,-1.0609,0.357,-0.1778,-0.0095,2880.0
Anomalia,0.0157,0.2907,0.7011,-0.7061,0.2911,-0.0668,-0.4395,2880.0
Anomalia,0.0014,0.9741,3.312,-3.2627,0.9741,0.0515,3.5973,3360.0
Anomalia,0.0214,1.128,3.312,-3.2627,1.1282,0.0358,1.3062,3360.0
Anomalia,0.0002,1.2564,3.312,-3.2627,1.2564,0.0162,0.1851,3360.0
Anomalia,0.0115,1.2883,3.312,-3.2627,1.2883,-0.008,-0.1009,3360.0
Anomalia,0.0224,0.8864,2.3408,-2.3634,0.8867,-0.0886,0.3432,3360.0
Anomalia,-0.0089,0.6777,2.1889,-2.3634,0.6778,-0.2605,1.8186,3360.0
Anomalia,0.0183,0.4072,0.9127,-0.9569,0.4076,-0.022,-0.5926,2880.0
Anomalia,-0.0052,0.2942,0.6348,-0.6878,0.2943,-0.0311,-0.8044,2880.0
Anomalia,0.018,0.2621,0.6794,-0.5204,0.2627,-0.0221,-0.6743,2880.0
Anomalia,0.0448,1.1789,4.1808,-3.9521,1.1798,0.1163,4.0975,2880.0
Anomalia,-0.0068,1.3687,4.1808,-3.9521,1.3687,0.023,1.6195,2880.0
Anomalia,0.0185,1.5489,4.1808,-3.9521,1.549,0.0129,0.2777,3360.0
Anomalia,-0.0033,1.5836,4.1808,-3.9521,1.5836,0.0506,0.0152,3360.0
Anomalia,-0.0372,1.117,3.0386,-2.9055,1.1176,-0.0416,0.3711,3360.0
Anomalia,0.0302,0.8741,3.0386,-2.7932,0.8746,0.1391,1.8011,3360.0
Anomalia,0.0124,0.5099,1.1589,-1.1481,0.51,-0.0425,-0.5516,3600.0
Anomalia,0.0005,0.413,1.1589,-1.0926,0.413,-0.0116,-0.0861,2880.0
Anomalia,0.0168,0.3041,0.6656,-0.6694,0.3046,-0.2248,-0.4001,2880.0
Anomalia,0.0207,1.3243,4.6554,-4.8336,1.3245,0.1617,4.9654,3120.0
Anomalia,-0.0322,1.5887,4.6554,-4.8336,1.589,0.0735,1.6923,3360.0
Anomalia,0.0377,1.9399,4.6554,-4.8336,1.9402,0.0028,-0.1057,3360.0
Anomalia,-0.0018,2.0002,4.6554,-4.8336,2.0002,0.0524,-0.4142,3360.0
Anomalia,-0.0028,1.5598,3.8019,-3.7911,1.5598,-0.0119,-0.1269,3360.0
Anomalia,0.0366,1.2886,3.8019,-3.7911,1.2891,0.0843,1.219,3360.0
Anomalia,-0.0077,0.6497,1.4352,-1.5959,0.6498,-0.0486,-0.0901,3360.0
Anomalia,0.0164,0.4461,1.4223,-1.338,0.4464,0.1656,0.9566,2880.0
Anomalia,0.0086,0.3189,0.6473,-0.6894,0.319,-0.0729,-0.9735,2880.0
Anomalia,0.0449,0.9906,3.5974,-3.2811,0.9916,0.0576,3.9043,2880.0
Anomalia,-0.0164,1.1456,3.5974,-3.2811,1.1457,0.0466,1.4267,3360.0
Anomalia,0.0311,1.2889,3.5974,-3.2811,1.2892,-0.0057,0.1791,3360.0
Anomalia,0.0016,1.3178,3.5974,-3.2811,1.3178,0.0515,-0.0702,3360.0
Anomalia,-0.0232,0.9262,2.4339,-2.2761,0.9265,0.0049,-0.025,3360.0
Anomalia,0.0281,0.7192,2.4339,-2.2761,0.7197,0.2164,1.5817,3360.0
Anomalia,0.0009,0.4304,0.9937,-1.0513,0.4304,-0.063,-0.5454,3600.0
Anomalia,0.012,0.3273,0.7562,-0.7141,0.3275,0.1606,-0.5732,2880.0
Anomalia,0.019,0.2816,0.7562,-0.5217,0.2822,0.2088,-0.3987,2880.0
Anomalia,-0.02,0.7994,2.9472,-2.6601,0.7996,-0.1355,4.0257,3120.0
Anomalia,0.0082,0.9455,2.9472,-2.6601,0.9455,0.0424,1.8587,3120.0
Anomalia,0.0073,1.1084,2.9472,-2.6601,1.1084,0.0421,0.1554,3360.0
Anomalia,0.0141,1.1289,2.9472,-2.6601,1.1289,0.0261,-0.0576,3360.0
Anomalia,0.0432,0.8633,2.5691,-2.161,0.8644,0.1642,0.4467,3360.0
Anomalia,0.0046,0.6893,2.007,-1.9673,0.6893,0.0708,1.0974,3360.0
Anomalia,0.0107,0.3624,0.8013,-0.848,0.3625,-0.017,-0.5347,3360.0
Anomalia,-0.0019,0.2925,0.8013,-0.848,0.2925,-0.1455,0.4109,2880.0
Anomalia,0.0191,0.21,0.4553,-0.4553,0.2109,-0.1117,-0.8362,2880.0
Anomalia,-0.0263,1.2019,4.8131,-4.7576,1.2022,-0.3373,6.8476,2880.0
Anomalia,0.0405,1.4819,4.8131,-4.7576,1.4824,-0.0554,2.6931,3360.0
Anomalia,0.0061,1.7539,4.8131,-4.7576,1.7539,0.0092,0.4469,3360.0
Anomalia,0.0053,1.7953,4.8131,-4.7576,1.7953,0.0114,0.1558,3360.0
Anomalia,0.0483,1.3902,4.243,-3.213,1.3911,0.206,0.2544,3360.0
Anomalia,-0.0196,1.0935,3.102,-3.0833,1.0936,0.0894,0.8267,3360.0
Anomalia,0.0222,0.5733,1.4302,-1.3643,0.5737,0.0433,-0.2717,3360.0
Anomalia,0.0129,0.4493,1.2537,-1.1614,0.4495,0.1335,0.2304,2880.0
Anomalia,0.005,0.3026,0.6206,-0.6343,0.3027,0.0566,-0.7485,2880.0
Anomalia,-0.011,1.219,5.1253,-5.0022,1.219,-0.0906,7.1907,2880.0
Anomalia,0.0351,1.5797,5.1253,-5.0022,1.5801,0.1114,2.3789,3360.0
Anomalia,-0.0034,1.8923,5.1253,-5.0022,1.8923,0.1011,0.283,3360.0
Anomalia,0.0269,1.9426,5.1253,-5.0022,1.9428,0.0547,-0.0267,3360.0
Anomalia,0.0479,1.5769,4.7071,-3.9208,1.5776,0.1441,0.2194,3360.0
Anomalia,-0.0186,1.2343,3.5615,-3.524,1.2344,0.0459,0.8814,3360.0
Anomalia,0.02,0.6453,1.7879,-1.5324,0.6456,0.1054,-0.154,3600.0
Anomalia,-0.0084,0.4644,1.338,-1.2457,0.4645,0.0104,0.684,2880.0
Anomalia,-0.004,0.3064,0.9073,-0.8388,0.3064,-0.0639,0.7114,2880.0
Anomalia,-0.002,0.3011,1.0513,-1.0296,0.3011,-0.185,2.4862,2880.0
Anomalia,0.0141,0.3669,1.0888,-1.0296,0.3672,0.1024,0.9481,3360.0
Anomalia,0.0043,0.4178,1.0888,-1.0296,0.4178,0.0243,0.0788,3360.0
Anomalia,0.0121,0.419,1.0888,-1.0296,0.4192,-0.0152,0.0423,3360.0
Anomalia,0.0117,0.3491,1.0888,-0.8259,0.3493,0.1322,0.4697,3360.0
Anomalia,0.0036,0.2894,0.8434,-0.8259,0.2894,-0.2395,0.7032,3360.0
Anomalia,0.0148,0.2001,0.4361,-0.3531,0.2006,0.0591,-0.9547,3360.0
Anomalia,0.0087,0.183,0.4257,-0.3531,0.1832,0.0476,-0.7438,2880.0
Anomalia,0.0114,0.1722,0.4257,-0.3531,0.1726,0.1461,-0.5503,2880.0
Anomalia,-0.0268,1.1514,4.6963,-4.5573,1.1517,-0.1739,7.0745,2880.0
Anomalia,0.0413,1.4558,4.6963,-4.5573,1.4564,0.0395,2.5502,3360.0
Anomalia,0.0009,1.7405,4.6963,-4.5573,1.7405,0.0623,0.3818,3360.0
Anomalia,0.0268,1.7887,4.6963,-4.5573,1.7889,0.0171,0.0486,3360.0
Anomalia,0.0431,1.4139,4.2455,-3.6696,1.4145,0.1625,0.3748,3360.0
Anomalia,-0.0239,1.1106,3.3554,-3.1479,1.1108,0.0352,1.1836,3360.0
Anomalia,0.0144,0.5868,1.3033,-1.3179,0.587,-0.0229,-0.4401,3600.0
Anomalia,-0.0009,0.4412,1.1986,-1.1619,0.4412,-0.0716,0.106,2880.0
Anomalia,0.0018,0.3046,0.7228,-0.7587,0.3046,0.0728,-0.5867,2880.0
Anomalia,0.0224,1.1025,4.7797,-4.5957,1.1027,0.3261,7.3919,2880.0
Anomalia,0.0216,1.5469,4.7797,-4.8152,1.5471,0.0899,2.2314,3360.0
Anomalia,0.0099,1.878,4.7797,-4.8152,1.878,0.0768,0.1346,3360.0
Anomalia,0.025,1.9469,4.7797,-4.8152,1.9471,0.046,-0.2515,3360.0
Anomalia,0.0069,1.6628,4.5623,-4.8152,1.6628,0.0108,0.1747,3360.0
Anomalia,0.0008,1.2625,3.564,-3.5644,1.2625,0.0648,0.8106,3360.0
Anomalia,0.0163,0.6783,1.9039,-1.9907,0.6785,-0.0407,0.1274,3360.0
Anomalia,0.0018,0.4891,1.237,-1.1994,0.4891,-0.0565,-0.3209,2880.0
Anomalia,0.0031,0.3319,0.76,-0.7817,0.332,-0.1112,-0.3978,2880.0
Anomalia,0.0229,0.9009,3.9588,-3.2832,0.9012,0.5136,6.507,2880.0
Anomalia,0.0137,1.2058,3.9588,-3.6116,1.2058,0.1503,2.0464,3360.0
Anomalia,0.0173,1.3909,3.9588,-3.6116,1.391,0.0671,0.4202,3360.0
Anomalia,0.013,1.4343,3.9588,-3.6116,1.4344,0.0677,0.049,3360.0
Anomalia,-0.0021,1.1812,3.2606,-3.6116,1.1812,-0.0893,0.4299,3360.0
Anomalia,-0.0016,0.8685,2.6025,-2.5015,0.8685,-0.0707,1.0337,3360.0
Anomalia,0.0078,0.4864,1.1535,-1.118,0.4864,-0.049,-0.4314,3600.0
Anomalia,-0.0013,0.3588,0.911,-0.9503,0.3588,-0.0033,-0.2064,2880.0
Anomalia,0.0097,0.2515,0.5926,-0.55,0.2517,-0.0485,-0.5274,2880.0
Anomalia,0.0546,0.9123,4.1642,-3.4868,0.9139,0.7204,7.751,3120.0
Anomalia,0.0043,1.3318,4.1642,-4.1412,1.3318,0.1105,2.5254,3120.0
Anomalia,0.0373,1.6171,4.1642,-4.1412,1.6176,-0.0007,0.2708,3360.0
Anomalia,-0.0064,1.663,4.1642,-4.1412,1.663,0.0647,-0.0507,3360.0
Anomalia,-0.0327,1.448,4.0373,-4.1412,1.4484,-0.0713,0.4241,3360.0
Anomalia,0.011,1.083,3.0365,-3.2206,1.0831,-0.0492,0.849,3360.0
Anomalia,0.0003,0.5786,1.2311,-1.4018,0.5786,-0.1305,-0.3868,3360.0
Anomalia,0.0292,0.4416,1.2311,-1.2416,0.4425,0.0501,0.451,2880.0
Anomalia,0.0094,0.2903,0.6615,-0.593,0.2904,0.0665,-1.0501,2880.0
Anomalia,0.0622,0.9212,4.1921,-3.4847,0.9233,0.8772,7.5998,2880.0
Anomalia,-0.0159,1.252,4.1921,-3.8399,1.2521,0.2125,2.7509,2880.0
Anomalia,0.0262,1.5364,4.1921,-3.8399,1.5366,0.0906,0.3023,3360.0
Anomalia,0.0076,1.58,4.1921,-3.8399,1.58,0.1122,-0.0179,3360.0
Anomalia,-0.0393,1.3542,3.5774,-3.8399,1.3548,-0.0532,0.2285,3360.0
Anomalia,0.0298,1.0572,3.0444,-2.8366,1.0576,0.0444,0.684,3360.0
Anomalia,-0.0117,0.5726,1.2975,-1.2491,0.5727,-0.0426,-0.4304,3360.0
Anomalia,0.0228,0.4657,1.1343,-1.2165,0.4662,-0.1121,-0.134,2880.0
Anomalia,0.0077,0.318,0.6882,-0.588,0.3181,0.1617,-0.9549,2880.0
Anomalia,-0.035,0.824,3.2815,-3.9104,0.8247,-0.8654,8.4654,3120.0
Anomalia,0.0266,1.5487,4.8298,-4.9032,1.549,0.0268,2.2872,3120.0
Anomalia,-0.0272,1.8713,4.8298,-4.9032,1.8715,0.0768,0.2632,3360.0
Anomalia,0.0203,1.9772,4.8298,-4.9032,1.9773,0.0242,-0.291,3360.0
Anomalia,0.0516,1.8786,4.8298,-4.9032,1.8793,0.0684,-0.0887,3360.0
Anomalia,-0.0079,1.3616,3.7539,-3.6725,1.3616,0.0815,0.3042,3360.0
Anomalia,0.0477,0.8458,2.7252,-2.1418,0.8472,0.2122,0.4662,3600.0
Anomalia,-0.0006,0.5568,1.5274,-1.4102,0.5568,0.1413,0.6869,2880.0
Anomalia,0.0222,0.3497,1.022,-0.8134,0.3504,0.2078,-0.0415,3360.0
Anomalia,-0.0094,0.4892,1.6985,-2.1084,0.4892,-0.7004,4.8711,3360.0
Anomalia,-0.001,0.7722,2.4406,-2.3087,0.7722,0.1006,1.8628,3360.0
Anomalia,0.0081,0.8997,2.4406,-2.3087,0.8997,0.0536,0.1804,3360.0
Anomalia,0.0084,0.9152,2.4406,-2.3087,0.9153,0.0526,-0.0076,3360.0
Anomalia,0.0384,0.8407,2.4406,-2.3087,0.8416,0.1307,0.3219,3360.0
Anomalia,0.0144,0.5956,1.6072,-1.5299,0.5957,0.0369,0.1927,3360.0
Anomalia,0.0174,0.3647,0.8797,-0.712,0.3651,0.105,-0.612,3600.0
Anomalia,0.0001,0.294,0.6765,-0.7036,0.294,0.1117,-0.4258,3600.0
Anomalia,0.0103,0.2495,0.5642,-0.4632,0.2497,0.2237,-0.8604,2880.0
Anomalia,-0.0188,0.6017,2.4548,-2.8546,0.6019,-0.9335,8.3985,2880.0
Anomalia,0.0252,1.0604,3.3408,-3.1638,1.0607,0.0751,2.5836,3360.0
Anomalia,0.0055,1.2553,3.3408,-3.1638,1.2553,0.046,0.4582,3360.0
Anomalia,0.02,1.286,3.3408,-3.1638,1.2862,0.0196,0.1637,3360.0
Anomalia,0.0379,1.1856,3.3408,-3.1638,1.1862,0.1243,0.615,3360.0
Anomalia,0.0057,0.8081,2.317,-2.2369,0.8082,-0.0769,0.8103,3360.0
Anomalia,0.0258,0.4372,1.2503,-0.9757,0.438,0.1483,-0.1744,3360.0
Anomalia,0.0037,0.3106,0.8376,-0.7984,0.3106,-0.0334,0.3134,2880.0
Anomalia,0.0167,0.1945,0.5759,-0.3777,0.1953,0.2504,-0.2989,2880.0
Anomalia,-0.0237,0.5887,2.6722,-3.198,0.5891,-0.7384,13.5623,2880.0
Anomalia,0.0165,1.262,4.1462,-3.963,1.2621,0.1956,2.7674,3360.0
Anomalia,-0.0018,1.5024,4.1462,-3.963,1.5024,0.1404,0.5211,3360.0
Anomalia,0.022,1.5771,4.1462,-3.963,1.5772,0.0907,-0.0366,3360.0
Anomalia,0.0345,1.5139,4.1462,-3.963,1.5143,0.1292,0.122,3360.0
Anomalia,0.0056,1.0359,2.8057,-2.7857,1.0359,0.0227,0.3257,3360.0
Anomalia,0.0211,0.6439,1.9431,-1.8488,0.6443,0.0907,0.2177,3360.0
Anomalia,-0.0044,0.453,1.0742,-1.1122,0.453,-0.0282,-0.017,2880.0
Anomalia,0.013,0.2986,0.6586,-0.6848,0.2989,0.0535,-0.7078,2880.0
Anomalia,-0.0447,0.7652,3.0599,-3.8549,0.7665,-1.2492,10.0509,2880.0
Anomalia,0.022,1.3228,4.473,-4.3123,1.323,0.0089,3.0404,3360.0
Anomalia,-0.0043,1.6103,4.473,-4.3123,1.6104,0.0519,0.4771,3360.0
Anomalia,0.0215,1.6683,4.473,-4.3123,1.6685,0.0114,0.0538,3360.0
Anomalia,0.0636,1.5406,4.473,-4.3123,1.5419,0.115,0.3798,3360.0
Anomalia,-0.0056,1.1153,3.1196,-2.8992,1.1153,0.0864,0.4235,3360.0
Anomalia,0.0267,0.6219,1.6723,-1.3609,0.6224,0.0858,-0.2658,3360.0
Anomalia,-0.007,0.4468,1.2036,-1.0821,0.4468,0.0569,0.0889,2880.0
Anomalia,0.013,0.2975,0.7733,-0.7237,0.2978,-0.0797,-0.4274,2880.0
Anomalia,-0.0276,0.575,2.2841,-2.802,0.5757,-0.983,8.4901,2880.0
Anomalia,0.0136,1.0182,3.2544,-3.1388,1.0182,0.0606,2.5942,3360.0
Anomalia,0.001,1.2025,3.2544,-3.1388,1.2025,0.0621,0.4969,3360.0
Anomalia,0.0215,1.2349,3.2544,-3.1388,1.2351,0.0275,0.1697,3360.0
Anomalia,0.0472,1.144,3.2544,-3.1388,1.145,0.113,0.5559,3360.0
Anomalia,0.0029,0.7802,2.2465,-2.1956,0.7802,0.0575,0.7866,3360.0
Anomalia,0.0213,0.4423,1.3209,-0.992,0.4428,0.1808,-0.2192,3360.0
Anomalia,-0.0116,0.3718,0.7487,-0.992,0.372,-0.1095,-0.6426,2880.0
Anomalia,0.017,0.276,0.6202,-0.5613,0.2765,-0.0453,-0.7541,2880.0
Anomalia,0.0196,0.6561,3.1701,-3.5202,0.6564,0.0472,10.9871,2880.0
Anomalia,0.0331,1.3801,4.5861,-4.4509,1.3805,0.0433,3.1057,3120.0
Anomalia,0.03,1.6619,4.5861,-4.4509,1.6621,0.022,0.6571,3360.0
Anomalia,0.006,1.735,4.5861,-4.4509,1.735,0.0427,0.132,3360.0
Anomalia,0.0124,1.6862,4.5861,-4.4509,1.6863,0.0352,0.2231,3360.0
Anomalia,-0.0031,1.1786,3.3136,-3.0916,1.1786,0.0113,0.3692,3360.0
Anomalia,0.0153,0.7247,1.4815,-2.0145,0.7248,-0.1602,-0.2411,3360.0
Anomalia,0.0106,0.5631,1.4248,-1.3764,0.5632,0.0895,0.0529,2880.0
Anomalia,0.0041,0.3523,0.8455,-1.0826,0.3523,-0.164,-0.1901,2880.0
Anomalia,0.0423,0.5572,2.9184,-1.9122,0.5588,1.3823,8.9862,3120.0
Anomalia,-0.0176,1.4781,4.5623,-4.7701,1.4782,0.1214,2.5225,3120.0
Anomalia,0.0629,1.7595,4.5623,-4.7701,1.7606,0.0559,0.5566,3360.0
Anomalia,0.0016,1.9053,4.5623,-4.7701,1.9053,0.0766,-0.2096,3360.0
Anomalia,-0.0037,1.9009,4.5623,-4.7701,1.9009,0.0516,-0.2523,3360.0
Anomalia,0.0335,1.3281,3.7097,-3.5557,1.3285,0.054,0.4441,3360.0
Anomalia,-0.0349,0.9103,2.5578,-3.1479,0.9109,-0.2903,1.0799,3360.0
Anomalia,0.0232,0.5512,1.4565,-1.3008,0.5517,0.0875,0.1867,2880.0
Anomalia,0.004,0.3306,0.7395,-0.8893,0.3306,-0.2887,-0.3575,2880.0
Anomalia,0.0217,0.486,2.4902,-1.6702,0.4864,1.0623,7.7827,2880.0
Anomalia,0.0161,1.0238,3.4789,-3.208,1.024,0.1347,2.8699,3360.0
Anomalia,0.0224,1.2336,3.4789,-3.208,1.2338,0.0596,0.4906,3360.0
Anomalia,-0.0062,1.2737,3.4789,-3.208,1.2737,0.1039,0.1134,3360.0
Anomalia,-0.0063,1.2252,3.4789,-3.208,1.2252,0.0418,0.3779,3360.0
Anomalia,0.0074,0.8321,2.426,-2.211,0.8321,-0.032,0.6742,3360.0
Anomalia,0.0011,0.4648,0.9761,-1.3401,0.4648,-0.2263,-0.3663,3600.0
Anomalia,0.0228,0.3861,0.785,-0.7804,0.3868,0.0182,-0.9575,2880.0
Anomalia,0.0141,0.3232,0.785,-0.6815,0.3235,0.1032,-0.71,2880.0
Anomalia,-0.0055,0.4281,1.9719,-1.9018,0.4282,-0.4462,5.1755,3120.0
Anomalia,0.0158,1.123,3.66,-3.4246,1.1231,0.0513,2.4972,3120.0
Anomalia,-0.0067,1.2929,3.66,-3.4246,1.2929,0.076,0.795,3360.0
Anomalia,0.008,1.3683,3.66,-3.4246,1.3683,0.0709,0.1722,3360.0
Anomalia,0.0272,1.3642,3.66,-3.4246,1.3645,0.0476,0.1495,3360.0
Anomalia,-0.0027,0.888,2.6534,-2.4347,0.888,0.1514,0.9539,3360.0
Anomalia,0.0199,0.588,2.3813,-1.7332,0.5884,0.3663,1.9159,3600.0
Anomalia,0.0067,0.3663,0.9361,-1.002,0.3663,-0.0889,0.7017,2880.0
Anomalia,0.0097,0.2288,0.5943,-0.6014,0.229,-0.2779,0.2028,2880.0
Anomalia,0.0001,0.3297,0.8009,-1.7682,0.3297,-2.1324,9.6596,3360.0
Anomalia,0.0251,1.2966,4.1934,-4.2297,1.2968,-0.0495,3.0973,3360.0
Anomalia,-0.0158,1.4676,4.1934,-4.2297,1.4677,0.0041,1.1836,3360.0
Anomalia,0.0178,1.5861,4.1934,-4.2297,1.5862,0.0027,0.2724,3360.0
Anomalia,0.0205,1.6108,4.1934,-4.2297,1.6109,0.013,0.0761,3360.0
Anomalia,-0.003,1.0248,2.8003,-2.7001,1.0248,0.1316,0.3226,3360.0
Anomalia,0.0421,0.7672,2.7068,-2.0979,0.7684,0.3686,1.1902,3360.0
Anomalia,0.009,0.4838,1.2274,-1.2124,0.4839,0.012,0.2552,3600.0
Anomalia,0.019,0.3292,1.0659,-0.7545,0.3298,0.2623,0.0249,2880.0
Anomalia,-0.0206,0.3867,0.6273,-2.0228,0.3872,-2.0025,7.894,2880.0
Anomalia,0.0342,1.5592,5.1728,-5.1616,1.5596,0.1487,3.2179,2880.0
Anomalia,-0.0383,1.8165,5.1728,-5.1616,1.8169,0.1366,1.0161,3360.0
Anomalia,0.0328,1.9738,5.1728,-5.1616,1.974,0.0742,0.0874,3360.0
Anomalia,0.0404,1.9964,5.1728,-5.1616,1.9968,0.0732,-0.0555,3360.0
Anomalia,-0.0189,1.3263,3.6417,-3.501,1.3264,0.101,0.352,3360.0
Anomalia,0.059,0.953,3.4017,-2.6542,0.9548,0.4073,1.2233,3360.0
Anomalia,-0.0172,0.5446,1.4118,-1.2053,0.5449,0.0854,-0.1367,2880.0
Anomalia,0.016,0.3847,1.0629,-0.9186,0.385,0.1518,-0.1959,2880.0
Anomalia,0.0103,0.3165,0.8785,-0.7875,0.3167,0.0139,-0.2023,2880.0
Anomalia,0.0155,0.5081,1.5203,-1.5057,0.5083,-0.0473,1.2672,3360.0
Anomalia,0.0108,0.5858,1.5203,-1.5057,0.5859,-0.0269,0.053,3360.0
Anomalia,0.0244,0.5891,1.5203,-1.5057,0.5896,-0.0753,0.0367,3360.0
Anomalia,0.0108,0.5844,1.5203,-1.5057,0.5845,-0.0062,0.1057,3360.0
Anomalia,0.0064,0.3946,1.1785,-1.0471,0.3946,0.0051,0.7229,3360.0
Anomalia,0.0171,0.2619,0.8301,-0.6665,0.2625,0.0252,0.1233,3360.0
Anomalia,0.0028,0.2314,0.4582,-0.5613,0.2314,-0.1477,-0.8498,3360.0
Anomalia,0.0146,0.2182,0.4582,-0.4465,0.2187,-0.1043,-0.9082,3360.0
Anomalia,-0.0098,0.3108,0.5334,-1.7207,0.311,-2.1489,8.4713,2880.0
Anomalia,0.0169,1.1557,3.7109,-3.7677,1.1558,-0.0172,3.1949,2880.0
Anomalia,-0.0131,1.3444,3.7109,-3.7677,1.3444,0.0403,1.0439,3360.0
Anomalia,0.038,1.4325,3.7109,-3.7677,1.433,-0.0131,0.2812,3360.0
Anomalia,0.0274,1.4472,3.7109,-3.7677,1.4475,0.0253,0.1395,3360.0
Anomalia,0.0032,0.9389,2.7882,-2.5007,0.9389,0.163,0.6774,3360.0
Anomalia,0.0292,0.6456,2.3362,-1.6393,0.6462,0.4534,0.9794,3360.0
Anomalia,-0.0103,0.4345,1.0179,-0.9866,0.4346,-0.0339,-0.5052,2880.0
Anomalia,0.0243,0.2991,0.8004,-0.6369,0.3001,0.006,-0.4481,2880.0
Anomalia,0.0007,0.3405,0.6544,-1.6718,0.3405,-1.5375,5.6486,2880.0
Anomalia,0.0222,1.4293,4.6925,-4.6474,1.4295,0.0226,3.2721,2880.0
Anomalia,-0.0295,1.6528,4.6925,-4.6474,1.6531,0.0186,1.1273,3360.0
Anomalia,0.0228,1.8557,4.6925,-4.6474,1.8558,0.0208,-0.0341,3360.0
Anomalia,0.0206,1.8953,4.6925,-4.6474,1.8954,0.0276,-0.262,3360.0
Anomalia,0.0032,1.3025,3.5457,-3.4914,1.3025,0.0655,0.2357,3360.0
Anomalia,0.0616,1.0001,3.5457,-2.9318,1.002,0.3388,1.5892,3360.0
Anomalia,-0.0115,0.5888,1.3572,-1.3388,0.5889,0.0218,-0.1922,3600.0
Anomalia,0.0259,0.4094,1.1652,-0.8509,0.4103,0.0962,-0.3251,2880.0
Anomalia,-0.0042,0.4068,0.8622,-1.6097,0.4068,-0.7384,1.5487,2880.0
Anomalia,0.0043,1.1688,4.0494,-3.6901,1.1688,0.16,2.8677,2880.0
Anomalia,0.0062,1.3691,4.0494,-3.6901,1.3691,0.0915,0.8087,3360.0
Anomalia,0.0227,1.4667,4.0494,-3.6901,1.4669,0.0742,0.0388,3360.0
Anomalia,0.0298,1.4877,4.0494,-3.6901,1.488,0.0693,-0.1321,3360.0
Anomalia,0.0131,1.0153,2.7548,-2.59,1.0154,0.0591,0.0702,3360.0
Anomalia,0.0243,0.6923,2.2306,-1.7336,0.6927,0.224,0.4892,3360.0
Anomalia,-0.011,0.4811,1.0709,-1.0266,0.4812,0.0105,-0.7734,2880.0
Anomalia,0.0116,0.3597,0.8589,-0.6986,0.3599,0.0508,-0.5746,2880.0
Anomalia,0.0226,0.345,0.7358,-1.5859,0.3458,-0.6445,1.8596,2880.0
Anomalia,-0.0106,1.1702,3.6976,-3.6917,1.1702,0.0539,2.793,3120.0
Anomalia,0.0429,1.326,3.6976,-3.6917,1.3267,0.034,1.1325,3360.0
Anomalia,0.0129,1.4957,3.6976,-3.6917,1.4958,0.0162,0.0369,3360.0
Anomalia,0.0056,1.5265,3.6976,-3.6917,1.5265,0.0364,-0.1905,3360.0
Anomalia,0.0435,1.0496,2.8988,-2.9643,1.0505,-0.0342,0.685,3360.0
Anomalia,0.0001,0.8237,2.7515,-2.9643,0.8237,-0.2823,2.4526,3360.0
Anomalia,0.019,0.4501,1.0876,-1.0796,0.4505,-0.0728,-0.1992,3360.0
Anomalia,0.0131,0.3049,0.6936,-0.881,0.3052,-0.272,-0.3636,2880.0
Anomalia,-0.0009,0.2817,0.5546,-1.4127,0.2817,-0.6759,2.08,2880.0
Anomalia,-0.0174,1.2081,4.0723,-3.9425,1.2083,0.1831,3.5198,2880.0
Anomalia,0.0343,1.3866,4.0723,-3.9425,1.387,0.124,1.334,3360.0
Anomalia,0.0013,1.5494,4.0723,-3.9425,1.5494,0.1023,0.1286,3360.0
Anomalia,0.0303,1.5915,4.0723,-3.9425,1.5918,0.0508,-0.1751,3360.0
Anomalia,0.0276,1.1164,2.9472,-2.7765,1.1167,0.0346,-0.1479,3360.0
Anomalia,-0.0048,0.8829,2.5411,-2.7765,0.8829,-0.1698,0.6684,3360.0
Anomalia,0.007,0.5842,1.2603,-1.3292,0.5843,-0.0088,-0.4545,3360.0
Anomalia,0.0056,0.453,1.2403,-1.3292,0.453,-0.229,0.4732,2880.0
Anomalia,0.0198,0.3259,0.8827,-0.747,0.3265,-0.0152,-0.3946,2880.0
Anomalia,0.0434,1.4088,4.8127,-4.9275,1.4095,0.1906,4.0232,3360.0
Anomalia,0.0249,1.6547,4.8127,-4.9275,1.6549,0.0447,1.3907,3360.0
Anomalia,0.0129,1.9371,4.8127,-4.9275,1.9372,0.0474,-0.0903,3360.0
Anomalia,0.0182,1.9848,4.8127,-4.9275,1.9849,0.0358,-0.343,3360.0
Anomalia,-0.0332,1.4668,3.6033,-3.6179,1.4672,-0.0299,-0.064,3360.0
Anomalia,0.0146,1.1824,3.6033,-3.6179,1.1825,0.0143,1.3238,3360.0
Anomalia,0.0008,0.604,1.4356,-1.5671,0.604,-0.0275,0.0409,3360.0
Anomalia,0.0126,0.4421,1.1865,-1.391,0.4423,-0.1592,0.6764,2880.0
Anomalia,0.0163,0.3378,0.8822,-0.7495,0.3382,0.0353,-0.3148,3360.0
Anomalia,0.0202,0.7858,2.6647,-2.5929,0.786,0.1018,3.2186,2880.0
Anomalia,0.0143,0.9213,2.6647,-2.5929,0.9214,0.0181,0.9196,3360.0
Anomalia,0.0014,0.9892,2.6647,-2.5929,0.9892,0.0314,0.2181,3360.0
Anomalia,0.012,0.9968,2.6647,-2.5929,0.9969,0.002,0.1241,3360.0
Anomalia,0.0027,0.676,1.7874,-1.8121,0.676,-0.1558,0.4828,3360.0
Anomalia,0.0031,0.4878,1.5366,-1.7307,0.4879,-0.1125,1.9419,3360.0
Anomalia,0.0149,0.2955,0.598,-0.5772,0.2959,-0.0915,-0.9753,3600.0
Anomalia,0.0032,0.252,0.5087,-0.5688,0.252,-0.1536,-0.8117,2880.0
Anomalia,0.006,0.2365,0.4682,-0.5688,0.2365,-0.2228,-0.5962,2880.0
Anomalia,0.0333,0.8702,2.8763,-2.9301,0.8708,0.0868,3.8399,2880.0
Anomalia,-0.0194,1.0022,2.8763,-2.9301,1.0024,-0.0049,1.5509,2880.0
Anomalia,0.0222,1.1313,2.8763,-2.9301,1.1315,-0.0432,0.2834,3360.0
Anomalia,0.0047,1.1498,2.8763,-2.9301,1.1498,-0.0007,0.0858,3360.0
Anomalia,-0.0111,0.8036,2.2323,-2.1447,0.8037,-0.1682,0.5486,3360.0
Anomalia,0.0402,0.6413,2.2323,-2.0696,0.6426,0.1485,1.845,3360.0
Anomalia,-0.0009,0.3589,0.9974,-0.8105,0.3589,0.1147,-0.2346,2880.0
Anomalia,0.0171,0.2917,0.9974,-0.8105,0.2922,0.1784,0.9249,2880.0
Anomalia,0.0071,0.2218,0.6202,-0.5555,0.2219,0.1656,0.2919,2880.0
Anomalia,0.0223,1.0328,3.7293,-3.5995,1.033,0.2177,4.7648,3360.0
Anomalia,-0.0061,1.2062,3.7293,-3.5995,1.2062,0.0756,1.8185,3360.0
Anomalia,0.0183,1.4178,3.7293,-3.5995,1.4179,0.0379,0.0814,3360.0
Anomalia,0.0183,1.451,3.7293,-3.5995,1.4511,0.0342,-0.1763,3360.0
Anomalia,-0.0159,1.0481,2.5499,-2.5649,1.0482,-0.0348,0.0518,3360.0
Anomalia,0.0284,0.8534,2.5499,-2.5649,0.8539,0.0856,1.4211,3360.0
Anomalia,-0.0022,0.4181,1.0183,-0.9799,0.4181,0.0547,-0.151,3360.0
Anomalia,0.0102,0.311,0.8234,-0.8117,0.3111,-0.0125,-0.2378,2880.0
Anomalia,0.0264,0.2545,0.6139,-0.5471,0.2559,-0.0553,-0.5557,2880.0
Anomalia,0.0585,1.2904,4.6996,-4.5731,1.2917,0.078,4.6193,2880.0
Anomalia,-0.012,1.4879,4.6996,-4.5731,1.488,0.0247,1.829,3360.0
Anomalia,0.0312,1.6887,4.6996,-4.5731,1.689,0.007,0.3289,3360.0
Anomalia,0.0007,1.7283,4.6996,-4.5731,1.7283,0.0497,0.0525,3360.0
Anomalia,-0.0406,1.1858,3.0048,-2.8971,1.1864,-0.0121,0.0611,3360.0
Anomalia,0.0369,0.9416,3.0048,-2.8971,0.9423,0.2068,1.5497,3360.0
Anomalia,-0.0138,0.4907,1.1089,-1.4724,0.4909,-0.1714,0.1103,3600.0
Anomalia,0.0169,0.3357,0.9991,-0.8806,0.3361,0.0792,-0.0234,2880.0
Anomalia,0.0158,0.2661,0.7733,-0.6631,0.2665,0.0934,-0.1895,2880.0
Anomalia,0.0308,0.8651,2.9572,-2.9535,0.8657,0.1047,3.9377,2880.0
Anomalia,-0.0043,0.9932,2.9572,-2.9535,0.9932,-0.0367,1.6613,3360.0
Anomalia,0.0177,1.141,2.9572,-2.9535,1.1411,-0.0354,0.2268,3360.0
Anomalia,0.0032,1.1615,2.9572,-2.9535,1.1615,-0.0049,0.0145,3360.0
Anomalia,-0.0123,0.8193,2.0533,-2.2594,0.8194,-0.1837,0.5361,3360.0
Anomalia,0.0189,0.6625,2.0533,-2.2048,0.6628,0.1195,1.9833,3360.0
Anomalia,0.0006,0.366,0.7053,-0.8931,0.366,-0.0795,-1.0213,2880.0
Anomalia,0.014,0.3055,0.7053,-0.573,0.3058,0.1,-1.0145,2880.0
Anomalia,0.0179,0.2484,0.5613,-0.5108,0.249,-0.0662,-0.7077,2880.0
Anomalia,0.0001,0.9845,3.6158,-3.4993,0.9845,-0.2048,4.7806,2880.0
Anomalia,-0.0161,1.1872,3.6158,-3.4993,1.1873,-0.0437,1.8219,2880.0
Anomalia,0.011,1.3426,3.6158,-3.4993,1.3426,-0.0233,0.382,3360.0
Anomalia,-0.0029,1.3704,3.6158,-3.4993,1.3704,0.0085,0.1264,3360.0
Anomalia,0.0242,1.0221,3.0728,-2.4264,1.0224,0.127,0.4567,3360.0
Anomalia,0.036,0.7666,2.6004,-2.297,0.7674,0.1989,1.3175,3360.0
Anomalia,0.0122,0.4767,1.0567,-1.0596,0.4769,-0.0081,-0.7004,3360.0
Anomalia,0.0113,0.4178,1.0567,-1.0596,0.418,0.0056,-0.1496,2880.0
Anomalia,0.021,0.2899,0.7141,-0.7712,0.2907,-0.2414,0.2528,2880.0
Anomalia,-0.0507,1.1759,4.6558,-4.7309,1.177,-0.3538,6.1548,3120.0
Anomalia,0.0221,1.511,4.6558,-4.7309,1.5112,-0.0014,2.02,3360.0
Anomalia,0.0035,1.8678,4.6558,-4.7309,1.8678,0.0417,-0.004,3360.0
Anomalia,0.0114,1.9278,4.6558,-4.7309,1.9278,0.0319,-0.3349,3360.0
Anomalia,0.0759,1.5849,4.3853,-3.5912,1.5867,0.1433,0.0187,3360.0
Anomalia,0.0018,1.2661,3.7468,-3.5912,1.2661,0.0999,1.1883,3360.0
Anomalia,0.0149,0.6286,1.7336,-1.5483,0.6288,0.1176,-0.025,3360.0
Anomalia,0.0068,0.4248,1.1677,-1.2862,0.4248,-0.0226,0.6764,2880.0
Anomalia,0.0014,0.2857,0.6289,-0.5505,0.2857,-0.0207,-1.0561,2880.0
Anomalia,-0.0102,0.9254,3.5561,-3.2974,0.9254,-0.1365,4.9812,2880.0
Anomalia,0.0201,1.1312,3.5561,-3.2974,1.1313,0.0085,1.6149,3360.0
Anomalia,0.009,1.2903,3.5561,-3.2974,1.2903,0.0319,0.186,3360.0
Anomalia,0.013,1.3329,3.5561,-3.2974,1.333,0.0185,-0.1709,3360.0
Anomalia,0.0309,1.0056,2.8984,-2.2686,1.0061,0.152,0.0036,3360.0
Anomalia,0.0134,0.7618,2.3675,-2.2686,0.7619,0.0095,1.1328,3360.0
Anomalia,0.0094,0.4447,1.0934,-1.2028,0.4448,-0.0424,0.0132,3600.0
Anomalia,0.0177,0.3102,0.6752,-0.699,0.3107,0.0299,-0.7521,2880.0
Anomalia,0.0133,0.2581,0.6202,-0.5004,0.2584,0.1389,-0.6731,2880.0
Anomalia,0.0231,0.7341,2.9935,-2.6117,0.7345,0.3599,5.3703,3120.0
Anomalia,0.0282,0.9608,2.9935,-2.832,0.9612,0.0052,2.0115,3120.0
Anomalia,0.0134,1.1479,2.9935,-2.832,1.148,0.0355,0.1721,3360.0
Anomalia,0.0247,1.1803,2.9935,-2.832,1.1805,0.0041,-0.1404,3360.0
Anomalia,-0.0002,0.9879,2.6835,-2.832,0.9879,-0.0708,0.3149,3360.0
Anomalia,-0.0018,0.7675,2.1476,-2.0896,0.7675,0.068,0.8265,3360.0
Anomalia,0.0027,0.4207,1.0108,-0.9561,0.4207,-0.0131,-0.262,3360.0
Anomalia,0.0041,0.3212,1.0108,-0.8956,0.3212,-0.0686,1.14,2880.0
Anomalia,0.0088,0.2181,0.4553,-0.5037,0.2183,-0.073,-0.7045,3360.0
Anomalia,0.0629,0.9412,4.2585,-3.7255,0.9433,0.7071,8.0487,3360.0
Anomalia,0.0171,1.3345,4.2585,-4.3536,1.3346,-0.0465,2.7127,3360.0
Anomalia,0.0223,1.5788,4.2585,-4.3536,1.579,-0.0208,0.4786,3360.0
Anomalia,0.0052,1.6199,4.2585,-4.3536,1.6199,0.0038,0.1599,3360.0
Anomalia,-0.032,1.3674,3.7043,-4.3536,1.3678,-0.1973,0.6964,3360.0
Anomalia,0.0116,0.9944,2.8016,-2.7348,0.9944,0.0584,0.8113,3360.0
Anomalia,-0.0017,0.5309,1.3088,-1.3956,0.5309,-0.0726,-0.1277,3360.0
Anomalia,0.0286,0.3947,1.0876,-0.9878,0.3957,0.075,0.3704,2880.0
Anomalia,-0.008,0.2709,0.5713,-0.6544,0.271,-0.0054,-0.6444,2880.0
Anomalia,0.0718,1.0625,5.0372,-3.9943,1.065,1.0112,8.6002,2880.0
Anomalia,-0.004,1.5592,5.0372,-5.1094,1.5592,0.1073,2.7047,3360.0
Anomalia,0.0233,1.9062,5.0372,-5.1094,1.9063,0.0435,0.2981,3360.0
Anomalia,0.0163,1.9676,5.0372,-5.1094,1.9677,0.0426,-0.0623,3360.0
Anomalia,-0.0506,1.7209,4.5978,-5.1094,1.7217,-0.0952,0.3022,3360.0
Anomalia,0.0216,1.3108,3.6487,-3.597,1.311,0.0161,0.5861,3360.0
Anomalia,-0.0149,0.7078,1.7716,-1.7732,0.708,-0.0234,-0.1382,3600.0
Anomalia,0.0185,0.5147,1.4152,-1.363,0.515,0.0211,0.4877,2880.0
Anomalia,0.0024,0.3506,0.9628,-0.823,0.3506,0.1273,-0.2797,2880.0
Anomalia,0.0224,0.3555,1.2349,-1.0279,0.3562,0.248,0.7818,3360.0
Anomalia,0.0114,0.4442,1.2349,-1.1089,0.4443,0.0978,0.2237,3360.0
Anomalia,-0.0015,0.4928,1.2349,-1.1089,0.4928,0.0658,-0.3305,3360.0
Anomalia,0.0147,0.4706,1.2349,-1.1089,0.4708,-0.0095,0.1104,3360.0
Anomalia,-0.0046,0.4071,1.1894,-1.1089,0.4071,-0.1104,0.7146,3360.0
Anomalia,0.0084,0.3104,0.919,-0.9102,0.3105,-0.2556,1.1169,2880.0
Anomalia,0.0224,0.2001,0.3756,-0.4082,0.2013,-0.0565,-1.0917,2880.0
Anomalia,0.0074,0.2137,0.4353,-0.4424,0.2138,-0.0082,-1.047,3360.0
Anomalia,0.009,0.203,0.4353,-0.4424,0.2032,-0.0737,-0.9602,3360.0
Anomalia,0.0462,0.7034,3.0177,-2.7064,0.7049,0.4125,6.8405,2880.0
Anomalia,-0.0023,0.9782,3.0177,-2.9364,0.9782,-0.0041,2.4056,2880.0
Anomalia,0.0252,1.1751,3.0177,-2.9364,1.1753,-0.0472,0.3195,3360.0
Anomalia,0.0123,1.1956,3.0177,-2.9364,1.1956,-0.0168,0.1061,3360.0
Anomalia,-0.0292,1.0072,2.8829,-2.9364,1.0076,-0.0972,0.7981,3360.0
Anomalia,0.0154,0.7501,2.2624,-2.2607,0.7503,0.0186,1.4815,3360.0
Anomalia,-0.007,0.3767,0.8247,-0.7399,0.3768,-0.0034,-0.795,3600.0
Anomalia,0.0185,0.329,0.8247,-0.7161,0.3295,-0.0552,-0.6498,2880.0
Anomalia,0.0082,0.2534,0.5592,-0.5768,0.2536,0.1448,-0.6163,2880.0
Anomalia,0.0658,0.998,4.6925,-3.8691,1.0002,0.9951,8.9852,2880.0
Anomalia,-0.0037,1.5326,4.6925,-4.8795,1.5326,0.0718,2.3974,3360.0
Anomalia,0.0164,1.8688,4.6925,-4.8795,1.8689,0.0332,0.1788,3360.0
Anomalia,0.0008,1.947,4.6925,-4.8795,1.947,0.0447,-0.2565,3360.0
Anomalia,-0.0383,1.7409,4.4321,-4.8795,1.7413,-0.0886,-0.0146,3360.0
Anomalia,0.0314,1.3046,3.5043,-3.5765,1.305,-0.009,0.426,3360.0
Anomalia,0.0011,0.7442,1.9627,-1.9656,0.7442,-0.0499,-0.0155,3360.0
Anomalia,0.0296,0.5363,1.4465,-1.4515,0.5372,0.0324,0.4377,2880.0
Anomalia,0.0097,0.3112,0.7921,-0.6348,0.3113,0.0278,-0.6173,2880.0
Anomalia,0.0219,0.809,3.8036,-3.2815,0.8093,0.6211,8.6821,2880.0
Anomalia,-0.0206,1.1406,3.8036,-3.5123,1.1408,0.1416,2.5435,3360.0
Anomalia,0.0124,1.357,3.8036,-3.5123,1.3571,0.0762,0.4401,3360.0
Anomalia,0.0041,1.3993,3.8036,-3.5123,1.3993,0.0856,0.0696,3360.0
Anomalia,0.0004,1.2037,3.0444,-3.5123,1.2037,-0.0632,0.2386,3360.0
Anomalia,0.0347,0.8968,2.6818,-2.4005,0.8975,0.0676,0.7929,3360.0
Anomalia,0.0006,0.5026,1.1105,-1.1109,0.5026,0.038,-0.5747,3600.0
Anomalia,0.0103,0.3951,0.9332,-0.9315,0.3952,0.0127,-0.36,2880.0
Anomalia,0.0049,0.2766,0.6936,-0.6339,0.2766,-0.0044,-0.2942,2880.0
Anomalia,-0.0219,0.6896,2.6338,-3.2014,0.6899,-0.9275,7.453,2880.0
Anomalia,0.0233,1.2381,3.8203,-3.731,1.2384,0.1141,2.4099,3120.0
Anomalia,-0.0065,1.4905,3.8203,-3.731,1.4905,0.0917,0.3396,3360.0
Anomalia,0.0147,1.5434,3.8203,-3.731,1.5435,0.0618,-0.0583,3360.0
Anomalia,0.0344,1.4331,3.8203,-3.731,1.4336,0.1512,0.3941,3360.0
Anomalia,0.0033,1.001,2.8383,-2.9572,1.0011,-0.011,1.03,3360.0
Anomalia,0.0294,0.5442,1.792,-1.2858,0.545,0.225,0.423,3360.0
Anomalia,0.0036,0.3829,0.9995,-1.1406,0.3829,-0.1814,0.3736,2880.0
Anomalia,0.0155,0.2507,0.5926,-0.6498,0.2511,-0.0164,-0.6236,2880.0
Anomalia,-0.0245,0.6561,2.6083,-3.1517,0.6566,-1.0089,8.9154,2880.0
Anomalia,0.0074,1.1078,3.6487,-3.4697,1.1079,0.0307,2.869,2880.0
Anomalia,0.0033,1.3264,3.6487,-3.4697,1.3264,0.0395,0.5168,3360.0
Anomalia,0.0259,1.3599,3.6487,-3.4697,1.3601,-0.0041,0.2022,3360.0
Anomalia,0.0304,1.2458,3.6487,-3.4697,1.2462,0.1511,0.6281,3360.0
Anomalia,0.0134,0.8788,2.5512,-2.3634,0.8789,0.0317,0.66,3360.0
Anomalia,0.0092,0.4989,1.1911,-1.0467,0.499,-0.0037,-0.6762,3360.0
Anomalia,-0.0043,0.4579,0.9357,-1.0237,0.4579,-0.1209,-0.7597,2880.0
Anomalia,0.0251,0.3505,0.805,-0.8292,0.3514,-0.1126,-0.4888,2880.0
Anomalia,0.0386,0.6648,3.4238,-2.2636,0.6659,1.1009,8.6221,3120.0
Anomalia,0.0132,1.5792,4.8356,-5.0088,1.5793,0.085,2.4539,3120.0
Anomalia,0.0336,1.8436,4.8356,-5.0088,1.8439,0.0579,0.5813,3360.0
Anomalia,0.0098,1.9675,4.8356,-5.0088,1.9675,0.0589,-0.0965,3360.0
Anomalia,-0.0078,1.933,4.8356,-5.0088,1.933,0.0427,-0.0256,3360.0
Anomalia,0.0256,1.3057,3.5786,-3.607,1.306,0.0158,0.4073,3360.0
Anomalia,-0.0046,0.8713,2.6463,-2.9572,0.8713,-0.1509,1.1384,3360.0
Anomalia,0.0146,0.5264,1.4945,-1.3075,0.5266,0.1303,0.9182,2880.0
Anomalia,0.0014,0.3055,0.8209,-0.8822,0.3055,-0.0554,-0.0924,2880.0
Anomalia,-0.0025,0.3868,1.4027,-1.8676,0.3868,-0.5516,5.0924,2880.0
Anomalia,0.0072,0.6443,2.0996,-1.9289,0.6443,0.0119,2.1262,3360.0
Anomalia,0.0009,0.7768,2.0996,-1.9289,0.7768,0.0308,0.1273,3360.0
Anomalia,0.013,0.7848,2.0996,-1.9289,0.7849,-0.0143,0.0167,3360.0
Anomalia,0.0115,0.7311,2.0996,-1.9289,0.7312,0.0766,0.4039,3360.0
Anomalia,0.0076,0.5093,1.4915,-1.4778,0.5093,-0.0075,1.0005,3360.0
Anomalia,0.0146,0.2813,0.6419,-0.7696,0.2817,-0.0502,-0.5979,3600.0
Anomalia,0.0005,0.2208,0.4966,-0.457,0.2208,0.0094,-0.8432,3600.0
Anomalia,0.0147,0.1982,0.4966,-0.4169,0.1987,0.0898,-0.6996,2880.0
Anomalia,0.0345,0.4425,2.3375,-1.873,0.4438,0.8646,10.7917,2880.0
Anomalia,0.0115,0.9997,3.2423,-3.1,0.9998,0.0839,2.8857,3120.0
Anomalia,0.0243,1.2087,3.2423,-3.1,1.2089,-0.0096,0.5418,3360.0
Anomalia,0.0008,1.2506,3.2423,-3.1,1.2506,0.0335,0.1285,3360.0
Anomalia,-0.0156,1.2159,3.2423,-3.1,1.216,0.0264,0.276,3360.0
Anomalia,0.0132,0.8274,2.3496,-2.3897,0.8275,-0.1261,0.8847,3360.0
Anomalia,-0.0012,0.4755,1.078,-1.3446,0.4755,-0.1539,-0.2757,3360.0
Anomalia,0.0171,0.3486,0.9882,-0.9186,0.349,-0.0837,0.327,2880.0
Anomalia,0.0084,0.2248,0.5392,-0.5346,0.225,0.0013,-0.4953,2880.0
Anomalia,0.0211,0.4259,2.4443,-1.5062,0.4264,1.8353,12.7824,2880.0
Anomalia,0.008,1.0794,3.4693,-3.3883,1.0794,0.0926,2.7121,3360.0
Anomalia,0.0294,1.2977,3.4693,-3.3883,1.298,0.0263,0.4891,3360.0
Anomalia,-0.0018,1.3868,3.4693,-3.3883,1.3868,0.0438,-0.1792,3360.0
Anomalia,0.0035,1.3761,3.4693,-3.3883,1.3761,-0.0174,-0.212,3360.0
Anomalia,0.0073,0.9628,2.4965,-2.6484,0.9629,-0.0457,0.2343,3360.0
Anomalia,-0.0077,0.642,1.7115,-2.0933,0.6421,-0.2712,0.6843,3360.0
Anomalia,0.0266,0.4278,1.1055,-1.0596,0.4286,0.0591,0.1559,2880.0
Anomalia,-0.0042,0.2811,0.5684,-0.7821,0.2811,-0.131,-0.5516,2880.0
Anomalia,0.058,0.5351,3.0578,-1.8154,0.5382,1.9402,12.3185,2880.0
Anomalia,-0.0039,1.3227,4.5364,-4.4012,1.3227,0.0149,3.2535,3360.0
Anomalia,0.0298,1.5772,4.5364,-4.4012,1.5774,-0.0027,0.752,3360.0
Anomalia,0.0018,1.6431,4.5364,-4.4012,1.6431,0.0284,0.238,3360.0
Anomalia,-0.0298,1.6121,4.5364,-4.4012,1.6123,0.0098,0.3159,3360.0
Anomalia,0.0267,1.08,3.0599,-2.8562,1.0804,0.038,0.375,3360.0
Anomalia,-0.0048,0.6579,1.54,-1.8471,0.6579,-0.1771,-0.2274,3360.0
Anomalia,0.0219,0.4644,1.1986,-1.1147,0.4649,-0.0098,0.0646,2880.0
Anomalia,0.0076,0.2879,0.7817,-0.732,0.288,-0.0626,-0.121,2880.0
Anomalia,0.0287,0.462,2.4669,-1.6088,0.4628,1.5959,10.2482,2880.0
Anomalia,-0.0075,1.1319,3.6467,-3.5131,1.132,0.1087,2.8355,3360.0
Anomalia,0.0268,1.3543,3.6467,-3.5131,1.3545,0.0274,0.5971,3360.0
Anomalia,0.0069,1.4276,3.6467,-3.5131,1.4276,0.0422,0.0083,3360.0
Anomalia,-0.0078,1.4047,3.6467,-3.5131,1.4048,0.0124,0.0712,3360.0
Anomalia,0.023,0.9493,2.6317,-2.6951,0.9496,-0.032,0.6965,3360.0
Anomalia,-0.0125,0.597,1.6823,-1.9398,0.5972,-0.1792,0.6491,3360.0
Anomalia,0.0141,0.4241,1.0058,-1.1506,0.4243,-0.0638,-0.2452,2880.0
Anomalia,0.0059,0.2935,0.6477,-0.5442,0.2936,0.0707,-0.8652,2880.0
Anomalia,0.016,0.4929,2.9218,-1.8868,0.4932,1.1411,11.5442,2880.0
Anomalia,0.0192,1.2452,4.1859,-3.8895,1.2453,0.1035,3.031,2880.0
Anomalia,-0.0012,1.5064,4.1859,-3.8895,1.5064,0.072,0.719,3360.0
Anomalia,0.007,1.5934,4.1859,-3.8895,1.5934,0.061,0.0727,3360.0
Anomalia,0.0007,1.5778,4.1859,-3.8895,1.5778,0.0392,0.0762,3360.0
Anomalia,0.0003,1.0964,3.208,-2.9743,1.0964,0.012,0.7572,3360.0
Anomalia,0.02,0.6822,2.4986,-1.921,0.6825,0.1101,0.6381,3360.0
Anomalia,0.0143,0.4935,1.1589,-1.174,0.4937,-0.0998,-0.5371,2880.0
Anomalia,-0.0037,0.3622,0.8927,-0.8284,0.3622,-0.1661,-0.519,2880.0
Anomalia,-0.0124,0.4142,0.7195,-1.9652,0.4144,-1.5019,4.5512,2880.0
Anomalia,0.0297,1.4953,4.6783,-4.9684,1.4956,-0.0147,2.778,3120.0
Anomalia,-0.0268,1.7444,4.6783,-4.9684,1.7446,-0.0028,0.8413,3360.0
Anomalia,0.0324,1.9713,4.6783,-4.9684,1.9715,-0.014,-0.2205,3360.0
Anomalia,0.0245,2.0054,4.6783,-4.9684,2.0056,0.0059,-0.4003,3360.0
Anomalia,-0.0201,1.4143,3.8658,-3.819,1.4145,0.0764,0.3614,3360.0
Anomalia,0.0337,1.0822,3.8658,-3.3516,1.0827,0.3114,1.8689,3360.0
Anomalia,-0.006,0.582,1.3292,-1.4415,0.582,-0.0329,-0.0037,2880.0
Anomalia,0.0215,0.3692,1.1977,-0.8706,0.3698,0.2697,0.0868,2880.0
Anomalia,0.0107,0.422,2.1351,-1.6668,0.4221,-0.0396,4.9302,2880.0
Anomalia,0.0281,1.0931,3.7752,-3.4826,1.0935,0.0973,2.975,2880.0
Anomalia,0.0024,1.2917,3.7752,-3.4826,1.2917,0.0815,0.7071,3360.0
Anomalia,0.0098,1.3561,3.7752,-3.4826,1.3562,0.0816,0.1414,3360.0
Anomalia,0.0068,1.3543,3.7752,-3.4826,1.3543,0.0876,0.1072,3360.0
Anomalia,-0.0055,0.9006,2.4518,-2.3609,0.9006,0.0556,0.2749,3360.0
Anomalia,0.0112,0.5768,2.0128,-1.4106,0.5769,0.2886,0.422,3600.0
Anomalia,0.0104,0.4401,0.9695,-0.9177,0.4402,-0.0831,-0.8141,3600.0
Anomalia,0.0193,0.3295,0.7061,-0.6773,0.3301,-0.027,-0.7743,2880.0
Anomalia,-0.0004,0.3586,0.707,-1.6067,0.3586,-0.9296,3.0412,3120.0
Anomalia,0.003,0.8777,2.8191,-2.6534,0.8777,0.0523,2.3379,3120.0
Anomalia,-0.0002,0.9829,2.8191,-2.6534,0.9829,0.0287,0.9774,3360.0
Anomalia,0.0178,1.0574,2.8191,-2.6534,1.0576,0.0029,0.1793,3360.0
Anomalia,0.0193,1.0631,2.8191,-2.6534,1.0632,0.0312,0.0662,3360.0
Anomalia,0.0258,0.6977,1.916,-1.9815,0.6982,-0.0556,0.599,3360.0
Anomalia,0.0118,0.5044,1.7253,-1.7353,0.5045,0.1654,1.5436,3360.0
Anomalia,0.0024,0.3105,0.7416,-0.8363,0.3105,-0.1892,0.2256,2880.0
Anomalia,0.0147,0.2077,0.5834,-0.5676,0.2083,0.0895,-0.1804,2880.0
Anomalia,0.029,0.2046,0.6711,-0.9211,0.2067,-0.1024,2.0966,2880.0
Anomalia,-0.0162,1.3426,4.4279,-4.6328,1.3427,-0.0673,3.6414,3360.0
Anomalia,0.0333,1.4962,4.4279,-4.6328,1.4966,-0.037,1.6664,3360.0
Anomalia,0.0033,1.6637,4.4279,-4.6328,1.6637,-0.0109,0.3686,3360.0
Anomalia,-0.0078,1.6975,4.4279,-4.6328,1.6976,0.0105,0.1204,3360.0
Anomalia,0.051,1.0845,2.8671,-2.827,1.0857,0.0496,0.141,3360.0
Anomalia,-0.0087,0.874,2.7602,-2.827,0.8741,-0.1326,1.4376,3360.0
Anomalia,0.0238,0.4965,1.1785,-1.131,0.4971,-0.0122,-0.2162,3360.0
Anomalia,0.0123,0.3748,1.1189,-1.131,0.375,0.0423,0.2912,2880.0
Anomalia,0.0132,0.2956,0.6277,-0.5809,0.2959,0.0815,-0.8556,2880.0
Anomalia,-0.0191,1.4595,5.0648,-4.9191,1.4596,0.1606,3.6782,2880.0
Anomalia,0.046,1.6857,5.0648,-4.9191,1.6863,0.1071,1.3237,3360.0
Anomalia,-0.0014,1.8906,5.0648,-4.9191,1.8906,0.0908,0.1122,3360.0
Anomalia,0.0126,1.9312,5.0648,-4.9191,1.9313,0.0685,-0.1308,3360.0
Anomalia,0.0502,1.3152,3.5503,-3.4906,1.3161,-0.0022,0.2462,3360.0
Anomalia,-0.0232,1.0227,3.1976,-3.4906,1.023,-0.1942,1.5292,3360.0
Anomalia,0.0205,0.5459,1.3839,-1.2399,0.5463,0.0447,-0.1227,3600.0
Anomalia,0.0056,0.3783,1.0095,-1.2053,0.3783,-0.2631,0.7432,2880.0
Anomalia,0.0006,0.2765,0.8338,-0.8693,0.2765,-0.1951,1.0895,2880.0
Anomalia,0.0061,0.3267,1.0129,-0.9444,0.3267,0.1934,1.1813,2880.0
Anomalia,0.0233,0.3829,1.0129,-0.9444,0.3836,0.1097,0.2209,3360.0
Anomalia,0.0006,0.4009,1.0129,-0.9444,0.4009,0.091,0.0578,3360.0
Anomalia,0.006,0.4045,1.0129,-0.9444,0.4046,0.0537,-0.0465,3360.0
Anomalia,0.0196,0.309,0.9052,-0.8334,0.3096,-0.1563,0.822,3360.0
Anomalia,0.0056,0.2412,0.6043,-0.8334,0.2413,-0.5922,0.8322,2880.0
Anomalia,0.0198,0.1893,0.4273,-0.4424,0.1903,-0.1541,-0.7253,2880.0
Anomalia,0.0102,0.1823,0.4273,-0.4424,0.1826,-0.1399,-0.5498,2880.0
Anomalia,0.0063,0.2086,0.601,-1.2562,0.2087,-1.0923,6.3785,2880.0
Anomalia,-0.0161,1.2183,4.0819,-3.9663,1.2184,0.1197,3.6072,2880.0
Anomalia,0.0355,1.4104,4.0819,-3.9663,1.4108,0.0687,1.3274,3360.0
Anomalia,0.0102,1.5559,4.0819,-3.9663,1.556,0.0528,0.2295,3360.0
Anomalia,0.0152,1.5885,4.0819,-3.9663,1.5886,0.0441,-0.0158,3360.0
Anomalia,0.0435,1.0628,3.0056,-2.8279,1.0637,-0.017,0.5407,3360.0
Anomalia,-0.0214,0.8058,2.5775,-2.779,0.8061,-0.1827,1.5167,3360.0
Anomalia,0.0105,0.487,1.0951,-1.1439,0.4871,-0.0927,-0.3956,3600.0
Anomalia,0.0081,0.3574,0.919,-1.1439,0.3575,-0.3396,0.301,2880.0
Anomalia,0.0068,0.2922,0.7988,-0.6944,0.2922,0.2179,-0.3176,2880.0
Anomalia,0.0019,1.4874,5.0856,-5.061,1.4874,0.1036,3.9518,2880.0
Anomalia,0.0463,1.7045,5.0856,-5.061,1.7051,0.0806,1.5346,3360.0
Anomalia,-0.0053,1.9621,5.0856,-5.061,1.9621,0.0943,0.0771,3360.0
Anomalia,0.0166,2.0019,5.0856,-5.061,2.002,0.0589,-0.1522,3360.0
Anomalia,0.0251,1.3857,3.6905,-3.5703,1.386,0.0674,0.1947,3360.0
Anomalia,-0.0176,1.1072,3.6905,-3.5703,1.1073,-0.0444,1.9534,3360.0
Anomalia,0.0181,0.5618,1.2503,-1.2094,0.5621,0.031,-0.4207,3600.0
Anomalia,0.0009,0.4108,1.0488,-1.0942,0.4108,-0.1127,-0.3404,2880.0
Anomalia,0.0065,0.3357,0.7441,-0.7554,0.3358,-0.1087,-0.5795,2880.0
Anomalia,0.0048,1.0671,3.8057,-3.5081,1.0671,0.1983,3.4144,2880.0
Anomalia,0.0323,1.2346,3.8057,-3.5081,1.235,0.1178,1.1756,3360.0
Anomalia,-0.0027,1.346,3.8057,-3.5081,1.346,0.1202,0.2152,3360.0
Anomalia,0.018,1.3802,3.8057,-3.5081,1.3803,0.073,-0.0783,3360.0
Anomalia,0.0113,0.9476,2.5044,-2.2916,0.9477,0.0003,-0.0961,3360.0
Anomalia,-0.0156,0.7013,2.0662,-2.2916,0.7015,-0.1748,0.765,3360.0
Anomalia,0.015,0.4504,1.0158,-1.0091,0.4507,0.0062,-0.5669,3600.0
Anomalia,-0.0058,0.3273,0.8288,-0.8898,0.3274,-0.1538,-0.2913,2880.0
Anomalia,0.0136,0.2647,0.6306,-0.6172,0.2651,-0.2333,-0.0441,2880.0
Anomalia,0.0586,1.2304,4.3102,-4.1404,1.2318,0.2761,4.2465,3120.0
Anomalia,-0.0007,1.421,4.3102,-4.1404,1.421,0.1327,1.7703,3360.0
Anomalia,0.0219,1.6431,4.3102,-4.1404,1.6432,0.0781,0.2078,3360.0
Anomalia,-0.0045,1.6865,4.3102,-4.1404,1.6865,0.1128,-0.0874,3360.0
Anomalia,-0.0353,1.1954,3.0453,-3.1233,1.196,-0.0724,0.3331,3360.0
Anomalia,0.0165,0.9685,3.0453,-3.0265,0.9687,0.088,1.7125,3360.0
Anomalia,0.0071,0.5175,1.1368,-1.2211,0.5176,-0.1639,-0.4138,3360.0
Anomalia,0.0162,0.373,0.9895,-1.0279,0.3733,-0.0996,-0.3901,2880.0
Anomalia,0.012,0.2953,0.6761,-0.6761,0.2956,0.0138,-0.7389,2880.0
Anomalia,0.0505,1.1731,4.1462,-3.8599,1.1742,0.2041,3.9829,2880.0
Anomalia,-0.0124,1.3519,4.1462,-3.8599,1.3519,0.0965,1.5972,3360.0
Anomalia,0.028,1.5445,4.1462,-3.8599,1.5447,0.0556,0.1837,3360.0
Anomalia,0.0098,1.578,4.1462,-3.8599,1.5781,0.0805,-0.0626,3360.0
Anomalia,-0.0336,1.1204,2.9522,-2.7874,1.121,-0.0209,0.1639,3360.0
Anomalia,0.0279,0.8949,2.9522,-2.7531,0.8953,0.204,1.5934,3360.0
Anomalia,-0.0108,0.5014,1.0767,-1.1944,0.5015,-0.1078,-0.4018,3360.0
Anomalia,0.0173,0.4166,1.0767,-1.1944,0.4169,-0.1256,0.0877,2880.0
Anomalia,0.0205,0.2974,0.7412,-0.6185,0.2981,0.2292,-0.5408,2880.0
Anomalia,-0.0267,1.2355,4.5807,-4.8502,1.2358,-0.321,5.3551,3120.0
Anomalia,0.0063,1.5694,4.5807,-4.8502,1.5694,-0.0075,1.6588,3360.0
Anomalia,-0.0089,1.8962,4.5807,-4.8502,1.8962,0.0354,-0.0821,3360.0
Anomalia,0.0014,1.9614,4.5807,-4.8502,1.9614,0.021,-0.4231,3360.0
Anomalia,0.0452,1.5905,4.4367,-3.6437,1.5912,0.1492,-0.0841,3360.0
Anomalia,0.0187,1.2716,3.6429,-3.6437,1.2717,0.0536,0.8581,3360.0
Anomalia,0.025,0.673,1.7854,-1.6322,0.6734,0.1023,0.0712,3600.0
Anomalia,0.0204,0.4704,1.5784,-1.3843,0.4708,0.2557,1.2829,2880.0
Anomalia,0.0131,0.3231,0.8835,-0.79,0.3234,0.071,-0.0859,3360.0
Anomalia,0.0033,0.6057,2.1843,-2.0232,0.6058,0.0084,3.4485,3360.0
Anomalia,-0.0079,0.737,2.1843,-2.0232,0.7371,0.0609,0.8156,3360.0
Anomalia,0.014,0.827,2.1843,-2.0232,0.8271,0.0482,-0.1212,3360.0
Anomalia,0.0065,0.8396,2.1843,-2.0232,0.8396,0.0671,-0.272,3360.0
Anomalia,0.023,0.6391,1.7102,-1.4448,0.6395,0.1032,-0.0145,3360.0
Anomalia,0.0202,0.4907,1.5854,-1.4448,0.4911,0.2741,1.1906,3360.0
Anomalia,0.0059,0.303,0.6302,-0.6227,0.303,-0.0239,-0.8252,3600.0
Anomalia,0.0121,0.2524,0.5838,-0.4833,0.2527,0.107,-0.8076,3600.0
Anomalia,0.013,0.2602,0.5037,-0.4833,0.2606,0.0516,-1.06,3600.0
Anomalia,-0.0262,1.0037,3.7739,-3.7477,1.0041,-0.2671,5.3578,2880.0
Anomalia,0.0259,1.2175,3.7739,-3.7477,1.2178,0.0647,2.2966,3360.0
Anomalia,0.004,1.4158,3.7739,-3.7477,1.4159,0.0574,0.4462,3360.0
Anomalia,0.0076,1.4345,3.7739,-3.7477,1.4345,0.0502,0.2776,3360.0
Anomalia,0.0553,1.0798,3.5811,-2.5349,1.0812,0.2841,0.9059,3360.0
Anomalia,0.0042,0.8361,2.6392,-2.4427,0.8362,-0.0649,1.6441,3360.0
Anomalia,0.0231,0.416,1.007,-0.8551,0.4166,0.0491,-0.5445,3360.0
Anomalia,0.0127,0.3247,1.007,-0.8551,0.3249,0.0374,0.5578,2880.0
Anomalia,0.0063,0.2172,0.6252,-0.4724,0.2173,0.2265,-0.2869,2880.0
Anomalia,-0.0382,1.0448,4.2618,-4.1157,1.0455,-0.2123,6.9621,2880.0
Anomalia,0.0392,1.3409,4.2618,-4.1157,1.3415,0.0956,2.4378,3360.0
Anomalia,-0.0081,1.6193,4.2618,-4.1157,1.6193,0.0921,0.2181,3360.0
Anomalia,0.036,1.6627,4.2618,-4.1157,1.6631,0.0188,-0.092,3360.0
Anomalia,0.0536,1.3368,4.0686,-3.0386,1.3378,0.1887,0.2213,3360.0
Anomalia,-0.0145,1.0518,2.9101,-3.0386,1.0519,-0.0176,0.8431,3360.0
Anomalia,0.0334,0.5349,1.3747,-1.1084,0.5359,0.1194,-0.271,3600.0
Anomalia,-0.0061,0.4096,1.1285,-1.1084,0.4096,-0.1057,0.0871,2880.0
Anomalia,0.0112,0.2781,0.6999,-0.6327,0.2783,0.0317,-0.4294,2880.0
Anomalia,-0.0318,1.1181,4.3824,-4.2685,1.1186,-0.2259,6.0308,2880.0
Anomalia,0.0145,1.3702,4.3824,-4.2685,1.3702,0.0014,2.0265,3360.0
Anomalia,0.0016,1.5929,4.3824,-4.2685,1.5929,0.0331,0.2986,3360.0
Anomalia,0.0169,1.6486,4.3824,-4.2685,1.6487,0.0071,-0.0948,3360.0
Anomalia,0.0574,1.2559,3.5127,-2.7385,1.2572,0.1729,-0.0865,3360.0
Anomalia,0.0036,0.9853,2.9977,-2.7385,0.9853,0.0865,1.0382,3360.0
Anomalia,0.019,0.5402,1.4427,-1.4824,0.5406,0.0987,0.2962,3600.0
Anomalia,0.0052,0.3555,1.118,-0.9503,0.3556,0.1761,0.5586,2880.0
Anomalia,0.0067,0.2605,0.5801,-0.5605,0.2606,0.0713,-1.031,2880.0
Anomalia,-0.0294,0.8827,3.4117,-3.3228,0.8832,-0.1679,5.6508,2880.0
Anomalia,0.0136,1.0958,3.4117,-3.3228,1.0959,0.073,2.2103,3360.0
Anomalia,0.0144,1.2876,3.4117,-3.3228,1.2877,0.0684,0.3382,3360.0
Anomalia,0.0142,1.314,3.4117,-3.3228,1.3141,0.061,0.0925,3360.0
Anomalia,0.0539,1.0238,3.2147,-2.5578,1.0252,0.2152,0.5748,3360.0
Anomalia,0.0071,0.8015,2.3488,-2.3074,0.8015,0.1109,1.238,3360.0
Anomalia,0.005,0.4441,0.9594,-1.0074,0.4442,-0.0527,-0.7981,2880.0
Anomalia,0.0095,0.3704,0.9594,-0.982,0.3705,0.044,-0.5091,2880.0
Anomalia,0.0139,0.2818,0.6302,-0.5096,0.2821,0.0399,-0.8193,2880.0
Anomalia,0.0061,1.1935,4.9091,-4.8043,1.1935,0.0167,6.8494,2880.0
Anomalia,0.0535,1.516,4.9091,-4.8043,1.5169,0.036,2.6059,2880.0
Anomalia,0.0023,1.7815,4.9091,-4.8043,1.7815,0.0606,0.5187,3360.0
Anomalia,0.021,1.8422,4.9091,-4.8043,1.8423,0.0323,0.1031,3360.0
Anomalia,0.0272,1.4989,4.3432,-4.4542,1.4992,0.0588,0.1926,3360.0
Anomalia,-0.0196,1.1649,3.3983,-3.1171,1.1651,0.0128,0.5051,3360.0
Anomalia,0.0327,0.7034,1.6631,-1.5784,0.7042,0.0652,-0.2051,3360.0
Anomalia,0.0001,0.5474,1.6631,-1.5784,0.5474,0.0985,1.2166,2880.0
Anomalia,0.0034,0.2927,0.6106,-0.6978,0.2927,-0.0213,-0.5206,2880.0
Anomalia,0.0567,0.9938,4.6211,-3.7285,0.9954,0.9208,7.9939,3120.0
Anomalia,0.0054,1.5205,4.6211,-4.7981,1.5205,0.1019,2.3198,3360.0
Anomalia,0.0399,1.8845,4.6211,-4.7981,1.8849,0.04,0.1132,3360.0
Anomalia,0.0179,1.9635,4.6211,-4.7981,1.9636,0.0539,-0.3091,3360.0
Anomalia,-0.0323,1.7557,4.5865,-4.7981,1.756,-0.0294,0.0753,3360.0
Anomalia,0.0135,1.3314,3.7305,-3.6721,1.3315,0.0607,0.7435,3360.0
Anomalia,-0.0125,0.7172,1.8613,-2.1255,0.7173,-0.1588,0.2747,3600.0
Anomalia,0.0189,0.4781,1.2975,-1.2933,0.4784,-0.0904,0.5011,2880.0
Anomalia,0.0097,0.3016,0.7458,-0.7433,0.3017,-0.0113,-0.6408,2880.0
Anomalia,0.0279,0.8142,3.5027,-2.9493,0.8147,0.3724,6.5898,2880.0
Anomalia,0.0231,1.0639,3.5027,-3.2598,1.0642,0.0466,2.0935,3360.0
Anomalia,0.0018,1.211,3.5027,-3.2598,1.211,0.0529,0.5106,3360.0
Anomalia,0.0088,1.2369,3.5027,-3.2598,1.2369,0.0332,0.2399,3360.0
Anomalia,-0.0098,0.9729,2.6618,-3.2598,0.973,-0.1322,0.7441,3360.0
Anomalia,0.0011,0.7018,2.1993,-2.0842,0.7018,-0.0713,1.4096,3360.0
Anomalia,0.0205,0.3907,0.8138,-0.8806,0.3913,-0.0001,-0.7411,3600.0
Anomalia,0.0151,0.3455,0.8034,-0.7508,0.3458,0.0302,-0.7363,2880.0
Anomalia,0.0085,0.3097,0.8034,-0.7508,0.3099,0.0725,-0.2769,2880.0
Anomalia,0.0126,0.7032,3.2176,-2.668,0.7034,0.4224,6.275,3120.0
Anomalia,-0.0117,0.9968,3.2176,-2.8783,0.9968,0.1769,2.1417,3120.0
Anomalia,0.0115,1.1804,3.2176,-2.8783,1.1804,0.0763,0.2922,3360.0
Anomalia,0.0122,1.2058,3.2176,-2.8783,1.2059,0.0701,0.0369,3360.0
Anomalia,0.0054,1.0385,2.8942,-2.8783,1.0385,-0.0044,0.6023,3360.0
Anomalia,0.0154,0.7648,2.2277,-2.2048,0.765,0.0154,1.0845,3360.0
Anomalia,0.0067,0.3803,1.0179,-0.8184,0.3803,0.0065,-0.4017,3600.0
Anomalia,0.0119,0.2823,0.8092,-0.737,0.2825,-0.0758,0.6711,2880.0
Anomalia,0.0158,0.1999,0.5196,-0.5463,0.2005,-0.3215,0.4439,3360.0
Anomalia,-0.0012,0.7418,3.0503,-3.6738,0.7418,-0.8076,10.7451,3360.0
Anomalia,0.0007,1.3467,4.4425,-4.4062,1.3467,-0.0013,2.974,3360.0
Anomalia,-0.0018,1.5992,4.4425,-4.4062,1.5992,0.0321,0.6122,3360.0
Anomalia,0.0059,1.6682,4.4425,-4.4062,1.6682,0.0288,0.1051,3360.0
Anomalia,0.0265,1.5419,4.4425,-4.4062,1.5421,0.0911,0.5302,3360.0
Anomalia,0.0222,1.0663,2.9451,-2.8633,1.0665,0.0991,0.4865,3360.0
Anomalia,0.0244,0.6313,1.9506,-1.6159,0.6318,0.2004,0.398,3360.0
Anomalia,0.0125,0.4353,1.1811,-1.0942,0.4355,0.0866,0.379,2880.0
Anomalia,0.0193,0.295,0.6464,-0.6594,0.2956,0.0903,-0.6737,2880.0
Anomalia,-0.0236,0.8442,3.3541,-4.1228,0.8445,-0.8009,9.4181,2880.0
Anomalia,0.0099,1.5719,5.2768,-5.152,1.5719,0.1163,2.9577,3360.0
Anomalia,-0.0035,1.8979,5.2768,-5.152,1.8979,0.0968,0.5051,3360.0
Anomalia,0.0118,1.9694,5.2768,-5.152,1.9695,0.0771,0.0655,3360.0
Anomalia,0.045,1.8441,5.2768,-5.152,1.8447,0.1309,0.4438,3360.0
Anomalia,0.0143,1.2995,3.6358,-3.5336,1.2996,0.0694,0.5028,3360.0
Anomalia,0.0234,0.7395,2.1801,-1.7261,0.7399,0.2137,0.0462,3600.0
Anomalia,0.0032,0.5087,1.4536,-1.3121,0.5087,0.1438,0.4825,2880.0
Anomalia,0.015,0.3126,0.8009,-0.8025,0.313,-0.0393,-0.4273,2880.0
Anomalia,-0.0025,0.3567,1.065,-1.4281,0.3567,-0.6535,2.75,2880.0
Anomalia,0.0134,0.5413,1.6973,-1.5558,0.5415,0.0471,1.5834,3360.0
Anomalia,0.0107,0.6684,1.6973,-1.5558,0.6685,0.0226,-0.0428,3360.0
Anomalia,0.0155,0.6816,1.6973,-1.5558,0.6818,0.0084,-0.2431,3360.0
Anomalia,0.0223,0.6475,1.6973,-1.5558,0.6479,0.0997,-0.0842,3360.0
Anomalia,0.015,0.4972,1.4106,-1.3538,0.4974,-0.033,0.5038,3360.0
Anomalia,0.0183,0.302,0.6039,-0.5826,0.3025,0.0166,-0.9558,3360.0
Anomalia,0.002,0.2711,0.5709,-0.5826,0.2711,0.0019,-0.7372,3360.0
Anomalia,0.0126,0.2096,0.4182,-0.4545,0.21,-0.04,-0.8956,3360.0
Anomalia,-0.0229,0.6964,2.6163,-3.3416,0.6968,-0.8914,8.655,2880.0
Anomalia,0.002,1.1912,3.9096,-3.6233,1.1912,0.1398,2.8191,3120.0
Anomalia,0.0095,1.4287,3.9096,-3.6233,1.4287,0.0948,0.4915,3360.0
Anomalia,0.0189,1.4676,3.9096,-3.6233,1.4678,0.0748,0.1543,3360.0
Anomalia,0.0351,1.3341,3.9096,-3.6233,1.3345,0.2106,0.7405,3360.0
Anomalia,0.0182,0.9248,2.7519,-2.6213,0.925,0.0813,1.0718,3360.0
Anomalia,0.0006,0.4891,1.2862,-1.0333,0.4891,0.1461,-0.4121,3600.0
Anomalia,0.012,0.3818,0.9665,-0.9227,0.382,-0.0642,-0.3811,2880.0
Anomalia,0.0172,0.2687,0.6869,-0.5659,0.2693,0.1641,-0.2474,2880.0
Anomalia,-0.029,0.7593,3.2427,-3.8069,0.7598,-0.9041,10.662,2880.0
Anomalia,0.035,1.5003,4.7467,-4.8603,1.5007,-0.0201,2.6488,3120.0
Anomalia,-0.0309,1.8373,4.7467,-4.8603,1.8375,0.0622,0.3611,3360.0
Anomalia,0.0225,1.947,4.7467,-4.8603,1.9471,0.0115,-0.2342,3360.0
Anomalia,0.0468,1.86,4.7467,-4.8603,1.8606,0.0478,-0.0481,3360.0
Anomalia,0.0015,1.3457,3.7172,-3.574,1.3457,0.0748,0.4772,3360.0
Anomalia,0.0468,0.825,2.7945,-2.1676,0.8263,0.3253,0.7149,3360.0
Anomalia,-0.0053,0.574,1.4348,-1.3096,0.5741,0.0845,-0.2459,2880.0
Anomalia,0.0149,0.3792,0.8622,-0.808,0.3795,0.0722,-0.5993,2880.0
Anomalia,-0.0275,0.6574,2.5436,-3.0774,0.6579,-0.775,7.0897,2880.0
Anomalia,0.0241,1.0879,3.7439,-3.4192,1.0881,0.0948,2.5814,3360.0
Anomalia,0.0086,1.3222,3.7439,-3.4192,1.3222,0.0949,0.3743,3360.0
Anomalia,0.027,1.373,3.7439,-3.4192,1.3733,0.0523,-0.0627,3360.0
Anomalia,0.0441,1.2862,3.7439,-3.4192,1.2869,0.1502,0.1338,3360.0
Anomalia,-0.0031,0.9501,2.6113,-2.4214,0.9501,0.1001,0.3479,3360.0
Anomalia,0.0146,0.5459,1.2925,-1.1785,0.5461,0.0536,-0.5685,3360.0
Anomalia,-0.0034,0.4259,0.9645,-0.9812,0.4259,0.0215,-0.4765,2880.0
Anomalia,0.0246,0.2915,0.6711,-0.6131,0.2926,0.1203,-0.5608,2880.0
Anomalia,0.0072,0.622,2.7761,-3.1893,0.622,-0.2801,9.2173,2880.0
Anomalia,0.0222,1.2937,4.152,-3.8729,1.2939,0.1321,2.5588,3120.0
Anomalia,0.0184,1.5502,4.152,-3.8729,1.5503,0.0858,0.491,3360.0
Anomalia,0.0142,1.6271,4.152,-3.8729,1.6272,0.0779,-0.0407,3360.0
Anomalia,0.0121,1.5663,4.152,-3.8729,1.5663,0.1055,0.1642,3360.0
Anomalia,0.0213,1.0802,2.9994,-3.1233,1.0804,-0.0252,0.8844,3360.0
Anomalia,0.0111,0.6492,2.0178,-2.2799,0.6493,-0.1222,0.915,3360.0
Anomalia,0.0079,0.4224,1.0959,-1.2073,0.4225,-0.2629,0.7395,2880.0
Anomalia,0.011,0.2548,0.646,-0.6101,0.2551,0.0373,-0.6319,2880.0
Anomalia,-0.0083,0.5574,2.5962,-2.9672,0.5574,-0.0934,10.6968,2880.0
Anomalia,0.0168,1.1452,3.9213,-3.6074,1.1454,0.1133,3.0584,2880.0
Anomalia,0.0228,1.3977,3.9213,-3.6074,1.3979,0.0741,0.5213,3360.0
Anomalia,0.0213,1.4723,3.9213,-3.6074,1.4725,0.0502,-0.0567,3360.0
Anomalia,0.0219,1.4284,3.9213,-3.6074,1.4286,0.0636,0.0365,3360.0
Anomalia,0.0083,1.0361,2.7206,-2.6234,1.0361,0.0211,0.1045,3360.0
Anomalia,-0.0039,0.6614,1.6314,-1.8534,0.6614,-0.1572,-0.1233,3360.0
Anomalia,0.0046,0.5231,1.1664,-1.2574,0.5231,-0.1033,-0.4616,2880.0
Anomalia,0.0132,0.3848,0.7817,-1.1335,0.385,-0.2711,-0.1712,2880.0
Anomalia,0.0244,0.6033,3.4092,-2.2999,0.6037,1.0928,10.368,3120.0
Anomalia,0.0245,1.5669,4.9241,-4.9542,1.5671,0.0519,2.5007,3120.0
Anomalia,0.0388,1.8278,4.9241,-4.9542,1.8282,0.0354,0.6291,3360.0
Anomalia,-0.0094,1.96,4.9241,-4.9542,1.96,0.0656,-0.0997,3360.0
Anomalia,0.0058,1.9464,4.9241,-4.9542,1.9465,0.0137,-0.1227,3360.0
Anomalia,-0.0041,1.3146,3.569,-3.564,1.3146,0.0307,0.3237,3360.0
Anomalia,-0.011,0.8973,2.421,-2.9714,0.8974,-0.2031,0.8921,3360.0
Anomalia,0.0312,0.5385,1.4519,-1.3897,0.5394,0.1142,0.6674,2880.0
Anomalia,0.0033,0.3351,0.9294,-0.8647,0.3351,-0.0698,0.082,2880.0
Anomalia,0.0246,0.386,1.8225,-1.1235,0.3868,0.9272,4.4386,3360.0
Anomalia,0.0036,0.7391,2.3734,-2.2198,0.7391,0.0914,2.1865,3360.0
Anomalia,0.0064,0.8542,2.3734,-2.2198,0.8542,0.0663,0.3925,3360.0
Anomalia,0.0014,0.8631,2.3734,-2.2198,0.8631,0.0826,0.2776,3360.0
Anomalia,0.0055,0.8312,2.3734,-2.2198,0.8312,-0.0205,0.5055,3360.0
Anomalia,0.0169,0.5263,1.5299,-1.4319,0.5266,0.0059,0.711,3360.0
Anomalia,0.0092,0.3173,0.9144,-0.843,0.3174,-0.0064,-0.3322,3600.0
Anomalia,0.0179,0.2742,0.5651,-0.5663,0.2748,-0.0605,-0.9191,3600.0
Anomalia,0.0062,0.2364,0.5167,-0.5663,0.2365,-0.0093,-0.705,2880.0
Anomalia,0.0024,0.3396,1.4678,-1.7211,0.3396,-1.14,7.099,3600.0
Anomalia,0.0197,0.9396,3.0828,-2.8454,0.9398,0.0732,2.8002,2880.0
Anomalia,-0.0111,1.1143,3.0828,-2.8454,1.1143,0.0419,0.742,3360.0
Anomalia,0.0117,1.1652,3.0828,-2.8454,1.1652,0.0215,0.2182,3360.0
Anomalia,0.0149,1.1637,3.0828,-2.8454,1.1638,0.0404,0.1793,3360.0
Anomalia,0.0012,0.7759,2.1818,-2.2615,0.7759,-0.067,0.9885,3360.0
Anomalia,0.0323,0.4876,1.7595,-1.1097,0.4887,0.3904,0.5395,3360.0
Anomalia,0.0076,0.3483,0.8071,-0.8756,0.3483,-0.0103,-0.2978,2880.0
Anomalia,0.0153,0.2468,0.6356,-0.5763,0.2472,0.214,-0.1265,2880.0
Anomalia,-0.0152,0.3088,0.699,-1.5875,0.3092,-1.8295,7.6956,2880.0
Anomalia,0.0281,1.1165,3.6771,-3.5891,1.1169,0.0759,2.9125,3360.0
Anomalia,-0.0062,1.3151,3.6771,-3.5891,1.3151,0.0462,0.7939,3360.0
Anomalia,0.0213,1.4457,3.6771,-3.5891,1.4459,0.0272,-0.1272,3360.0
Anomalia,0.0383,1.4567,3.6771,-3.5891,1.4572,0.01,-0.2244,3360.0
Anomalia,-0.0169,0.991,2.7431,-2.7344,0.9912,0.0536,0.55,3360.0
Anomalia,0.0273,0.7183,2.6004,-2.2006,0.7188,0.2737,1.7831,3360.0
Anomalia,0.0048,0.3961,0.9348,-0.9194,0.3961,-0.014,-0.1878,2880.0
Anomalia,0.0132,0.3115,0.7625,-0.7441,0.3118,-0.1109,-0.5549,2880.0
Anomalia,0.0284,0.4648,2.8888,-1.9352,0.4657,0.4602,11.0988,2880.0
Anomalia,0.0266,1.3336,4.5251,-4.4287,1.3339,0.0003,3.254,3360.0
Anomalia,0.0032,1.5711,4.5251,-4.4287,1.5711,0.0238,0.8544,3360.0
Anomalia,0.0124,1.6538,4.5251,-4.4287,1.6539,0.0269,0.2505,3360.0
Anomalia,0.0111,1.6465,4.5251,-4.4287,1.6465,0.0184,0.2338,3360.0
Anomalia,-0.0007,1.075,3.0319,-2.8166,1.075,0.0747,0.4814,3360.0
Anomalia,0.0159,0.6932,2.6776,-1.9777,0.6934,0.2848,1.132,3360.0
Anomalia,0.0122,0.448,1.0834,-1.0287,0.4481,0.0723,-0.1858,2880.0
Anomalia,0.0078,0.2901,0.8401,-0.7141,0.2902,0.0427,-0.531,2880.0
Anomalia,0.0054,0.3694,1.8505,-1.6021,0.3694,-0.2486,5.9256,2880.0
Anomalia,0.0322,1.0834,3.4509,-3.3128,1.0839,0.0612,2.6873,2880.0
Anomalia,-0.0075,1.2471,3.4509,-3.3128,1.2471,0.0652,0.8473,3360.0
Anomalia,0.0184,1.3337,3.4509,-3.3128,1.3339,0.0687,0.142,3360.0
Anomalia,0.0125,1.332,3.4509,-3.3128,1.3321,0.0839,0.1222,3360.0
Anomalia,-0.0132,0.8603,2.4235,-2.4886,0.8604,0.1455,0.9392,3360.0
Anomalia,0.0153,0.5978,2.4235,-1.6998,0.598,0.6824,2.4446,3360.0
Anomalia,0.0042,0.399,0.8384,-0.9119,0.399,-0.0621,-0.8153,2880.0
Anomalia,0.0201,0.3004,0.6247,-0.5455,0.3011,0.0905,-1.041,2880.0
Anomalia,-0.0083,0.3952,0.7161,-1.9736,0.3953,-1.759,6.4632,2880.0
Anomalia,0.0163,1.2834,4.2343,-4.0536,1.2835,0.0146,3.0942,2880.0
Anomalia,-0.025,1.5165,4.2343,-4.0536,1.5167,0.0433,0.9012,3360.0
Anomalia,0.0128,1.6222,4.2343,-4.0536,1.6223,0.0208,0.123,3360.0
Anomalia,0.0246,1.6354,4.2343,-4.0536,1.6355,0.0239,0.0077,3360.0
Anomalia,0.0118,1.1115,3.135,-2.9134,1.1116,0.0375,0.4546,3360.0
Anomalia,0.0426,0.7476,2.5783,-1.8759,0.7488,0.3621,0.6863,3360.0
Anomalia,0.0055,0.5481,1.2633,-1.2082,0.5482,0.0529,-0.6082,3360.0
Anomalia,0.0108,0.431,1.1861,-0.9707,0.4311,0.2058,-0.0811,2880.0
Anomalia,0.0163,0.3852,0.9298,-1.6359,0.3855,-0.467,1.4867,2880.0
Anomalia,-0.0195,1.3947,4.4371,-4.7956,1.3948,0.0005,3.2553,3120.0
Anomalia,0.0071,1.6416,4.4371,-4.7956,1.6417,0.0255,1.065,3360.0
Anomalia,0.0277,1.8762,4.4371,-4.7956,1.8764,0.0166,-0.1413,3360.0
Anomalia,0.0073,1.9186,4.4371,-4.7956,1.9186,0.0481,-0.3715,3360.0
Anomalia,0.0462,1.389,3.6634,-3.6421,1.3897,0.095,0.2293,3360.0
Anomalia,0.0144,1.0651,3.6634,-3.3837,1.0652,0.1564,1.8086,3360.0
Anomalia,-0.0011,0.5537,1.3263,-1.2904,0.5537,0.0265,-0.0652,2880.0
Anomalia,0.013,0.3577,1.1264,-0.9102,0.358,0.1209,0.1264,2880.0
Anomalia,-0.0097,0.3518,0.7454,-1.4411,0.3519,-0.8516,2.0678,2880.0
Anomalia,0.0134,1.0251,3.5628,-3.3399,1.0251,0.0547,3.1267,2880.0
Anomalia,0.0011,1.2323,3.5628,-3.3399,1.2323,0.0102,0.7192,3360.0
Anomalia,0.0179,1.3251,3.5628,-3.3399,1.3253,0.0085,-0.051,3360.0
Anomalia,0.0147,1.3425,3.5628,-3.3399,1.3425,0.0276,-0.202,3360.0
Anomalia,0.0046,0.9361,2.4836,-2.4343,0.9362,-0.0027,0.1329,3360.0
Anomalia,0.0272,0.6344,2.1121,-1.6226,0.635,0.2229,0.6332,3360.0
Anomalia,-0.0011,0.4147,0.9169,-0.9403,0.4147,-0.0273,-0.3549,3600.0
Anomalia,0.0269,0.2882,0.8259,-0.6281,0.2895,0.0706,-0.4576,2880.0
Anomalia,0.025,0.2641,0.8852,-0.5175,0.2652,0.4149,0.2446,2880.0
Anomalia,0.0111,0.9598,3.1509,-2.9426,0.9599,0.1636,3.0831,3120.0
Anomalia,0.0404,1.0914,3.1509,-2.9426,1.0922,0.0715,1.1951,3360.0
Anomalia,0.0068,1.2082,3.1509,-2.9426,1.2082,0.0795,0.162,3360.0
Anomalia,0.0124,1.2341,3.1509,-2.9426,1.2342,0.0581,-0.0805,3360.0
Anomalia,0.0114,0.8353,2.2094,-2.2912,0.8353,-0.0449,0.3694,3360.0
Anomalia,-0.0211,0.6546,2.0191,-2.2912,0.655,-0.1325,1.5014,3360.0
Anomalia,0.0125,0.3898,0.9428,-0.9223,0.3901,-0.0616,-0.0732,2880.0
Anomalia,-0.0004,0.2898,0.7808,-0.8576,0.2898,-0.1898,0.2933,2880.0
Anomalia,0.0227,0.2391,0.6694,-0.5684,0.2402,-0.1111,0.0446,2880.0
Anomalia,0.0453,1.1129,3.8808,-3.862,1.1138,0.0692,4.2443,3360.0
Anomalia,0.0169,1.298,3.8808,-3.862,1.2981,0.0402,1.5978,3360.0
Anomalia,0.0133,1.4756,3.8808,-3.862,1.4757,0.0171,0.1765,3360.0
Anomalia,-0.0001,1.5118,3.8808,-3.862,1.5118,0.0405,-0.0994,3360.0
Anomalia,-0.0048,1.0723,2.6705,-2.7369,1.0723,-0.0822,0.0684,3360.0
Anomalia,-0.0016,0.8463,2.5666,-2.6668,0.8463,-0.0431,1.179,3360.0
Anomalia,0.013,0.4676,1.0375,-1.0375,0.4678,-0.0433,-0.1198,3360.0
Anomalia,0.0087,0.3467,1.0258,-1.0166,0.3468,-0.0457,0.5931,2880.0
Anomalia,0.0061,0.2443,0.5538,-0.5989,0.2444,-0.139,-0.574,2880.0
Anomalia,0.0536,1.4149,5.0819,-5.0276,1.4159,0.1467,4.683,2880.0
Anomalia,0.0027,1.6631,5.0819,-5.0276,1.6631,0.0746,1.6843,3360.0
Anomalia,0.0178,1.9021,5.0819,-5.0276,1.9022,0.0486,0.2008,3360.0
Anomalia,0.0117,1.9519,5.0819,-5.0276,1.952,0.0529,-0.0953,3360.0
Anomalia,-0.0336,1.3893,3.5832,-3.4422,1.3897,-0.011,0.0409,3360.0
Anomalia,0.0141,1.0998,3.5832,-3.4422,1.0999,0.0736,1.3971,3360.0
Anomalia,0.0023,0.5826,1.4411,-1.5458,0.5826,-0.0643,0.0588,3600.0
Anomalia,0.0097,0.3955,1.1397,-1.2649,0.3956,-0.1972,0.7922,2880.0
Anomalia,0.012,0.2999,0.8789,-0.7963,0.3001,0.0716,0.4066,2880.0
Anomalia,0.0276,0.5423,1.7808,-1.6593,0.543,0.1926,2.723,3360.0
Anomalia,0.0022,0.6192,1.7808,-1.6593,0.6192,0.0767,0.9505,3360.0
Anomalia,0.0042,0.6713,1.7808,-1.6593,0.6713,0.0703,0.2273,3360.0
Anomalia,0.01,0.6715,1.7808,-1.6593,0.6715,0.0472,0.2222,3360.0
Anomalia,-0.0111,0.4594,1.2583,-1.2733,0.4595,-0.1821,0.6244,3360.0
Anomalia,0.0162,0.3575,1.2583,-1.1923,0.3579,0.0825,1.984,3360.0
Anomalia,0.0126,0.247,0.4716,-0.4344,0.2473,-0.0424,-1.2153,3360.0
Anomalia,0.0057,0.2327,0.4716,-0.4344,0.2328,0.0068,-1.0317,2880.0
Anomalia,0.0186,0.2161,0.5838,-0.4344,0.2169,0.0262,-0.6071,2880.0
Anomalia,0.0353,0.8553,2.8404,-2.7022,0.856,0.1387,3.5511,2880.0
Anomalia,0.0021,1.0008,2.8404,-2.7022,1.0008,0.0548,1.2929,2880.0
Anomalia,0.0284,1.1085,2.8404,-2.7022,1.1088,-0.0065,0.2006,3360.0
Anomalia,0.0043,1.1259,2.8404,-2.7022,1.1259,0.0514,0.0179,3360.0
Anomalia,-0.0195,0.7798,2.1342,-2.2014,0.7801,-0.0884,0.6214,3360.0
Anomalia,0.0077,0.58,2.1342,-1.9151,0.58,0.0959,1.9445,3360.0
Anomalia,-0.0041,0.3544,0.7353,-0.8305,0.3545,-0.0966,-0.8413,3600.0
Anomalia,0.0152,0.3019,0.6481,-0.8305,0.3022,-0.1593,-0.5077,2880.0
Anomalia,0.0099,0.2466,0.5417,-0.4883,0.2468,0.1966,-0.7377,2880.0
Anomalia,0.0769,1.4182,5.1144,-5.018,1.4203,0.2819,4.8149,2880.0
Anomalia,-0.0246,1.6741,5.1144,-5.018,1.6743,0.1184,1.8061,3360.0
Anomalia,0.026,2.0029,5.1144,-5.018,2.0031,0.0674,-0.0145,3360.0
Anomalia,0.0056,2.069,5.1144,-5.018,2.069,0.082,-0.3499,3360.0
Anomalia,-0.0508,1.5584,3.761,-3.8562,1.5593,-0.0195,-0.1609,3360.0
Anomalia,0.05,1.2811,3.761,-3.746,1.2821,0.1091,1.0673,3360.0
Anomalia,-0.0074,0.6734,1.5237,-1.6297,0.6735,-0.0694,0.0091,3360.0
Anomalia,0.0238,0.4507,1.4999,-1.328,0.4513,0.1184,0.9815,2880.0
Anomalia,0.0109,0.2965,0.6757,-0.6264,0.2967,-0.0682,-0.8582,2880.0
Anomalia,0.0255,0.9788,3.5995,-3.3011,0.9792,0.1323,4.1284,2880.0
Anomalia,-0.0249,1.1338,3.5995,-3.3011,1.1341,0.0824,1.5625,3360.0
Anomalia,0.0249,1.2935,3.5995,-3.3011,1.2937,0.0391,0.1591,3360.0
Anomalia,0.0013,1.3365,3.5995,-3.3011,1.3365,0.0753,-0.1953,3360.0
Anomalia,-0.0113,0.9827,2.4961,-2.2749,0.9828,0.0385,-0.3716,3360.0
Anomalia,0.0375,0.7847,2.4961,-2.2749,0.7856,0.2194,0.8249,3360.0
Anomalia,-0.0129,0.4988,1.1147,-1.1631,0.4989,-0.0061,-0.5013,3360.0
Anomalia,0.0188,0.3842,1.1147,-0.944,0.3847,0.0913,0.011,2880.0
Anomalia,0.0176,0.2758,0.6819,-0.6995,0.2763,-0.2327,0.2427,3360.0
Anomalia,-0.0139,1.0086,3.7318,-3.5269,1.0087,-0.0679,4.5628,3120.0
Anomalia,-0.0047,1.2366,3.7318,-3.5269,1.2366,0.1222,1.8611,3120.0
Anomalia,0.0078,1.4494,3.7318,-3.5269,1.4494,0.1011,0.1828,3360.0
Anomalia,-0.0054,1.4824,3.7318,-3.5269,1.4824,0.1176,-0.0741,3360.0
Anomalia,0.0385,1.1391,3.5932,-2.7306,1.1397,0.2143,0.7246,3360.0
Anomalia,0.0272,0.879,2.6964,-2.7306,0.8794,0.1202,1.6584,3360.0
Anomalia,0.0168,0.4488,0.9536,-1.0463,0.4491,-0.1279,-0.6167,3360.0
Anomalia,0.0117,0.3441,0.9536,-0.8614,0.3443,0.0281,-0.4145,2880.0
Anomalia,0.0042,0.2851,0.5392,-0.6227,0.2852,-0.058,-0.9384,2880.0
Anomalia,-0.0234,1.0242,3.834,-3.6679,1.0245,-0.1366,5.0344,2880.0
Anomalia,-0.0073,1.2476,3.834,-3.6679,1.2476,0.0889,1.9141,2880.0
Anomalia,0.0232,1.4471,3.834,-3.6679,1.4473,0.0428,0.2448,3360.0
Anomalia,0.018,1.4827,3.834,-3.6679,1.4828,0.0495,-0.0353,3360.0
Anomalia,0.0318,1.1404,3.4534,-2.63,1.1409,0.2468,0.258,3360.0
Anomalia,0.0294,0.8853,2.7657,-2.63,0.8858,0.0893,1.0867,3360.0
Anomalia,-0.0082,0.5172,1.2967,-1.1669,0.5172,-0.0382,-0.4139,3360.0
Anomalia,0.0065,0.4344,1.0433,-1.1656,0.4345,-0.1924,-0.134,2880.0
Anomalia,0.03,0.3139,0.7671,-0.8117,0.3154,-0.2334,-0.0654,2880.0
Anomalia,0.0033,1.1648,4.8962,-4.8653,1.1648,0.1432,6.464,3120.0
Anomalia,0.0543,1.5698,4.8962,-4.8653,1.5708,0.0238,2.0396,3360.0
Anomalia,0.0056,1.8985,4.8962,-4.8653,1.8985,0.0574,0.0766,3360.0
Anomalia,0.0152,1.9593,4.8962,-4.8653,1.9593,0.0414,-0.2618,3360.0
Anomalia,0.019,1.6497,4.5635,-4.7876,1.6498,0.0221,0.125,3360.0
Anomalia,-0.0176,1.2697,3.6396,-3.5949,1.2698,0.0451,0.8142,3360.0
Anomalia,0.0153,0.6646,1.762,-1.6622,0.6647,0.0712,0.0154,3360.0
Anomalia,0.0089,0.458,1.4548,-1.295,0.4581,0.0477,1.3675,2880.0
Anomalia,0.0014,0.2784,0.6773,-0.6644,0.2784,-0.0395,-0.3465,2880.0
Anomalia,0.0022,0.4681,1.7803,-1.6122,0.4682,0.0615,3.9116,2880.0
Anomalia,0.022,0.5675,1.7803,-1.6122,0.5679,0.0712,1.166,3360.0
Anomalia,0.0012,0.648,1.7803,-1.6122,0.648,0.0847,0.0219,3360.0
Anomalia,0.0104,0.6398,1.7803,-1.6122,0.6399,0.0525,0.1629,3360.0
Anomalia,0.0252,0.4855,1.363,-1.2094,0.4862,0.0305,0.6606,3360.0
Anomalia,-0.0096,0.3789,1.2491,-1.2094,0.379,-0.0935,2.0865,2880.0
Anomalia,0.0089,0.1925,0.376,-0.5951,0.1927,-0.5291,-0.0662,3600.0
Anomalia,0.0165,0.1885,0.376,-0.5951,0.1892,-0.5755,0.2404,2880.0
Anomalia,0.0077,0.1927,0.376,-0.5951,0.1929,-0.534,0.0035,2880.0
Anomalia,0.0618,0.8374,3.8353,-3.1872,0.8396,0.8439,7.9697,2880.0
Anomalia,0.013,1.1881,3.8353,-3.698,1.1882,0.1313,2.6043,3360.0
Anomalia,0.0147,1.4003,3.8353,-3.698,1.4004,0.0722,0.4909,3360.0
Anomalia,-0.0026,1.4377,3.8353,-3.698,1.4377,0.0964,0.1637,3360.0
Anomalia,-0.0268,1.2099,3.4897,-3.698,1.2102,-0.128,0.7368,3360.0
Anomalia,0.0116,0.8794,2.6213,-2.5332,0.8794,-0.0322,1.0019,3360.0
Anomalia,0.0102,0.4764,1.0617,-0.9699,0.4765,-0.1034,-0.3321,3360.0
Anomalia,0.0195,0.3469,1.0617,-0.9607,0.3475,0.0593,1.0746,2880.0
Anomalia,0.0051,0.2155,0.5033,-0.5893,0.2156,-0.0615,-0.4024,2880.0
Anomalia,0.0445,0.7783,3.6396,-3.1742,0.7796,0.7023,9.0135,2880.0
Anomalia,0.0009,1.1746,3.6396,-3.6684,1.1746,0.0633,2.4838,3360.0
Anomalia,0.0314,1.4519,3.6396,-3.6684,1.4523,-0.0162,0.1544,3360.0
Anomalia,0.0033,1.5114,3.6396,-3.6684,1.5114,0.0206,-0.2655,3360.0
Anomalia,-0.0213,1.3519,3.443,-3.6684,1.3521,-0.074,-0.0412,3360.0
Anomalia,0.012,1.0324,2.7298,-2.9105,1.0325,-0.0295,0.4698,3360.0
Anomalia,-0.0062,0.5932,1.3225,-1.6777,0.5932,-0.1348,-0.097,3360.0
Anomalia,0.0274,0.4318,1.2299,-1.0496,0.4327,0.0952,0.33,2880.0
Anomalia,0.0012,0.2722,0.5588,-0.5021,0.2722,0.0999,-0.9076,2880.0
Anomalia,0.0501,0.962,4.3344,-3.5348,0.9633,0.7455,7.5114,2880.0
Anomalia,0.0127,1.3128,4.3344,-4.2468,1.3129,0.0517,2.5326,3360.0
Anomalia,0.0056,1.5259,4.3344,-4.2468,1.5259,0.0379,0.5457,3360.0
Anomalia,0.0116,1.571,4.3344,-4.2468,1.571,0.0199,0.1796,3360.0
Anomalia,-0.0294,1.2894,3.4096,-4.2468,1.2898,-0.2247,0.6918,3360.0
Anomalia,0.0027,0.9394,2.6668,-2.5883,0.9394,-0.0195,0.8365,3360.0
Anomalia,0.0103,0.5239,1.1644,-1.2779,0.524,-0.0743,-0.3437,3600.0
Anomalia,0.0149,0.3735,1.0241,-0.9319,0.3738,0.085,-0.1937,2880.0
Anomalia,-0.0014,0.2789,0.6644,-0.6686,0.2789,0.0223,-0.5235,2880.0
Anomalia,0.0462,0.845,3.9267,-3.1584,0.8462,0.9745,7.6452,2880.0
Anomalia,0.0024,1.198,3.9267,-3.6225,1.198,0.182,2.4179,3360.0
Anomalia,0.0291,1.4439,3.9267,-3.6225,1.4442,0.089,0.2652,3360.0
Anomalia,0.0189,1.4776,3.9267,-3.6225,1.4778,0.0937,-0.0052,3360.0
Anomalia,-0.0209,1.2562,3.4205,-3.6225,1.2563,-0.0788,0.528,3360.0
Anomalia,0.0045,0.9332,2.6893,-2.7097,0.9332,0.1143,1.2021,3360.0
Anomalia,-0.0103,0.4791,0.9741,-1.1159,0.4792,-0.1023,-0.755,3360.0
Anomalia,0.0113,0.3889,0.9741,-0.962,0.3891,0.0063,-0.7242,2880.0
Anomalia,0.0117,0.2922,0.5663,-0.5818,0.2924,-0.1088,-0.8959,2880.0
Anomalia,0.0516,0.9324,4.3478,-3.6104,0.9338,0.7608,8.3877,2880.0
Anomalia,-0.0148,1.3379,4.3478,-4.2764,1.338,0.0966,2.9443,2880.0
Anomalia,0.0129,1.6202,4.3478,-4.2764,1.6202,0.033,0.4772,3360.0
Anomalia,-0.0099,1.6701,4.3478,-4.2764,1.6701,0.0684,0.1065,3360.0
Anomalia,-0.0171,1.4493,3.9864,-4.2764,1.4494,-0.1248,0.5123,3360.0
Anomalia,0.0315,1.09,3.1388,-2.9505,1.0904,-0.0035,0.7076,3360.0
Anomalia,0.0076,0.588,1.3851,-1.3225,0.5881,0.0529,-0.4421,3600.0
Anomalia,0.0222,0.4753,1.2036,-1.171,0.4758,0.0957,-0.3476,2880.0
Anomalia,-0.0075,0.3266,0.7762,-0.7416,0.3266,0.0602,-0.4746,2880.0
Anomalia,-0.0117,0.8006,3.2297,-3.7088,0.8006,-0.5895,8.3066,3600.0
Anomalia,0.0087,1.5058,4.6716,-4.8315,1.5058,0.0186,2.4208,3120.0
Anomalia,0.0004,1.8773,4.6716,-4.8315,1.8773,0.0238,0.2187,3360.0
Anomalia,0.0233,1.9726,4.6716,-4.8315,1.9728,0.0029,-0.2852,3360.0
Anomalia,0.0255,1.8777,4.6716,-4.8315,1.8779,0.052,-0.0478,3360.0
Anomalia,0.0082,1.3829,3.9342,-3.8411,1.3829,0.0465,0.7008,3360.0
Anomalia,0.0103,0.7943,2.6171,-2.115,0.7944,0.2155,0.568,3360.0
Anomalia,0.0056,0.5266,1.3956,-1.3897,0.5267,-0.0387,0.6699,2880.0
Anomalia,0.0145,0.2989,0.5972,-0.5997,0.2992,0.0433,-0.9756,2880.0
Anomalia,0.0223,0.7516,3.7172,-3.1137,0.7519,0.3938,8.2904,2880.0
Anomalia,0.0069,1.0919,3.7172,-3.3086,1.0919,0.1068,2.4568,3360.0
Anomalia,0.0174,1.2914,3.7172,-3.3086,1.2915,0.0639,0.4008,3360.0
Anomalia,0.0085,1.336,3.7172,-3.3086,1.336,0.0703,0.0034,3360.0
Anomalia,-0.0023,1.1666,3.5866,-3.3086,1.1666,0.0163,0.2442,3360.0
Anomalia,0.0216,0.853,2.3855,-2.2682,0.8533,0.025,0.5159,3360.0
Anomalia,0.004,0.5002,1.0884,-1.1101,0.5002,-0.0416,-0.5387,3360.0
Anomalia,0.0138,0.4039,0.944,-0.9348,0.4042,-0.0027,-0.6204,2880.0
Anomalia,0.0108,0.304,0.7078,-0.7161,0.3042,-0.148,-0.6056,2880.0
Anomalia,-0.0021,0.5153,1.9385,-2.161,0.5153,-0.5716,4.9271,3120.0
Anomalia,0.0208,0.8408,2.5315,-2.4168,0.841,0.027,1.8391,3120.0
Anomalia,0.0148,0.9628,2.5315,-2.4168,0.9629,0.0132,0.4085,3360.0
Anomalia,0.0273,0.985,2.5315,-2.4168,0.9854,-0.0189,0.1344,3360.0
Anomalia,0.0305,0.9073,2.5315,-2.4168,0.9078,0.0823,0.5609,3360.0
Anomalia,-0.0017,0.6092,1.7324,-1.7741,0.6092,-0.0088,1.0698,3360.0
Anomalia,0.0081,0.3304,0.9223,-0.8576,0.3305,0.0864,0.0541,3600.0
Anomalia,0.0037,0.2387,0.7241,-0.7504,0.2387,-0.2015,1.2872,2880.0
Anomalia,0.0126,0.144,0.3677,-0.3243,0.1445,-0.1813,-0.6344,2880.0
Anomalia,0.0372,0.5889,3.2201,-2.827,0.5901,1.1461,14.2135,3360.0
Anomalia,0.0042,1.4301,4.672,-4.5569,1.4301,0.0365,2.9075,3360.0
Anomalia,0.0214,1.6237,4.672,-4.5569,1.6239,0.0343,0.9689,3360.0
Anomalia,0.0036,1.7028,4.672,-4.5569,1.7028,0.0424,0.3571,3360.0
Anomalia,-0.0086,1.6467,4.672,-4.5569,1.6467,0.0108,0.5709,3360.0
Anomalia,0.0309,1.0213,2.7836,-2.7811,1.0218,0.0246,0.3549,3360.0
Anomalia,-0.0036,0.6813,1.878,-2.166,0.6813,-0.1827,0.5516,3360.0
Anomalia,0.0217,0.4676,1.1205,-1.1393,0.4681,0.003,0.102,2880.0
Anomalia,0.0053,0.3236,0.7399,-0.7625,0.3237,0.0004,-0.7705,2880.0
Anomalia,0.0202,0.6351,3.3115,-2.6839,0.6354,1.0035,10.0106,2880.0
Anomalia,0.0143,1.5069,5.0522,-4.9688,1.5069,0.087,2.9885,3360.0
Anomalia,0.0244,1.8114,5.0522,-4.9688,1.8116,0.0611,0.5983,3360.0
Anomalia,0.0161,1.9018,5.0522,-4.9688,1.9019,0.0478,0.0429,3360.0
Anomalia,0.0008,1.8529,5.0522,-4.9688,1.8529,0.0347,0.2109,3360.0
Anomalia,0.0151,1.2728,3.5544,-3.3875,1.2729,0.024,0.4766,3360.0
Anomalia,-0.011,0.782,2.0737,-2.4397,0.7821,-0.1522,0.2989,3600.0
Anomalia,0.0127,0.5063,1.2812,-1.1952,0.5064,0.0106,-0.1484,2880.0
Anomalia,0.0011,0.3449,1.0258,-0.8789,0.3449,0.0657,0.3102,2880.0
Anomalia,0.0117,0.2625,0.712,-0.7529,0.2627,-0.0457,0.1971,2880.0
Anomalia,0.0099,0.4058,1.2098,-1.2236,0.4059,-0.1207,1.6159,2880.0
Anomalia,0.0131,0.5073,1.2098,-1.2236,0.5075,-0.0752,0.1677,3360.0
Anomalia,0.0034,0.5186,1.2098,-1.2236,0.5187,-0.0544,-0.0481,3360.0
Anomalia,0.0046,0.5121,1.2098,-1.2236,0.5122,-0.0798,0.0409,3360.0
Anomalia,0.018,0.3899,1.1005,-1.0901,0.3903,-0.0897,1.0339,2880.0
Anomalia,0.0094,0.2247,0.477,-0.6995,0.2249,-0.2761,-0.0125,3600.0
Anomalia,0.0197,0.1787,0.4282,-0.4203,0.1798,0.1454,-0.4147,2880.0
Anomalia,0.0031,0.1608,0.4282,-0.4203,0.1608,0.1311,-0.028,2880.0
Anomalia,0.0122,0.4926,2.6943,-2.1434,0.4928,1.081,13.4055,2880.0
Anomalia,0.0133,1.1616,3.8428,-3.6663,1.1617,0.1338,3.2442,3120.0
Anomalia,0.0249,1.4002,3.8428,-3.6663,1.4004,0.0631,0.6695,3360.0
Anomalia,0.011,1.453,3.8428,-3.6663,1.4531,0.0715,0.2058,3360.0
Anomalia,0.0041,1.403,3.8428,-3.6663,1.403,0.0465,0.452,3360.0
Anomalia,0.0074,0.939,2.7227,-2.6622,0.939,0.0116,0.8263,3360.0
Anomalia,-0.0104,0.5312,1.3012,-1.5066,0.5313,-0.1336,-0.1335,3360.0
Anomalia,0.0202,0.3764,0.9736,-0.8751,0.3769,-0.0889,-0.1436,2880.0
Anomalia,0.004,0.2649,0.6327,-0.5425,0.265,-0.0199,-0.8769,2880.0
Anomalia,0.045,0.6208,3.6742,-2.1484,0.6225,2.2347,14.2371,2880.0
Anomalia,0.003,1.616,5.1374,-5.1153,1.616,0.133,2.6091,3360.0
Anomalia,0.0356,1.8854,5.1374,-5.1153,1.8858,0.0938,0.6534,3360.0
Anomalia,0.0061,2.0287,5.1374,-5.1153,2.0288,0.0859,-0.1014,3360.0
Anomalia,-0.0194,1.9903,5.1374,-5.1153,1.9904,0.0577,-0.0239,3360.0
Anomalia,0.0313,1.3313,3.703,-3.6659,1.3317,0.0254,0.5275,3360.0
Anomalia,-0.0145,0.9149,2.7632,-3.1563,0.915,-0.2139,1.37,3360.0
Anomalia,0.0212,0.577,1.2883,-1.2916,0.5774,-0.0271,-0.5661,2880.0
Anomalia,-0.0005,0.4045,0.8923,-0.8685,0.4045,-0.0613,-0.7122,2880.0
Anomalia,0.0297,0.5232,2.5278,-1.5512,0.524,1.0677,5.3146,2880.0
Anomalia,-0.0097,1.0824,3.6746,-3.3862,1.0824,0.0749,2.609,2880.0
Anomalia,0.028,1.2855,3.6746,-3.3862,1.2858,0.0241,0.5545,3360.0
Anomalia,0.0018,1.3417,3.6746,-3.3862,1.3417,0.057,0.0558,3360.0
Anomalia,-0.0068,1.3146,3.6746,-3.3862,1.3146,0.0065,0.1309,3360.0
Anomalia,0.0208,0.9128,2.5462,-2.302,0.913,0.0537,0.3039,3360.0
Anomalia,-0.0108,0.5479,1.1827,-1.5642,0.548,-0.1553,-0.3059,3360.0
Anomalia,0.016,0.4252,0.9461,-0.8802,0.4256,-0.0166,-0.8264,2880.0
Anomalia,0.0004,0.3101,0.6828,-0.6865,0.3101,-0.1676,-0.6154,2880.0
Anomalia,0.0041,0.4323,2.3838,-1.7749,0.4323,0.0002,7.67,2880.0
Anomalia,0.0278,1.2173,3.8687,-3.761,1.2176,0.0906,2.6354,3120.0
Anomalia,0.0021,1.4281,3.8687,-3.761,1.4281,0.0679,0.781,3360.0
Anomalia,0.0074,1.5419,3.8687,-3.761,1.5419,0.0813,-0.0035,3360.0
Anomalia,0.0145,1.5501,3.8687,-3.761,1.5502,0.0629,-0.1074,3360.0
Anomalia,-0.0094,1.0571,2.9076,-3.0252,1.0572,0.0755,0.763,3360.0
Anomalia,0.0207,0.7319,2.9076,-2.2294,0.7322,0.2623,1.7018,3360.0
Anomalia,0.009,0.4551,1.0746,-1.2695,0.4552,-0.0932,0.303,2880.0
Anomalia,0.009,0.2719,0.8793,-0.5717,0.272,0.1694,-0.4283,2880.0
Anomalia,0.0008,0.396,2.3926,-1.7908,0.396,0.1818,11.2615,2880.0
Anomalia,0.0266,1.1573,3.9647,-3.5661,1.1576,0.2012,3.1607,2880.0
Anomalia,-0.0045,1.3763,3.9647,-3.5661,1.3763,0.1142,0.85,3360.0
Anomalia,0.0247,1.4687,3.9647,-3.5661,1.4689,0.0775,0.1102,3360.0
Anomalia,0.0175,1.468,3.9647,-3.5661,1.4682,0.0844,0.0602,3360.0
Anomalia,-0.017,1.0013,2.7515,-2.663,1.0014,0.02,0.5013,3360.0
Anomalia,0.0231,0.6682,2.3926,-1.8308,0.6686,0.286,0.9711,3360.0
Anomalia,0.0012,0.4694,0.9887,-1.1481,0.4694,-0.1492,-0.5332,2880.0
Anomalia,0.0198,0.3606,0.9432,-0.9611,0.3612,-0.1037,-0.3525,2880.0
Anomalia,0.0127,0.3918,0.8251,-2.1267,0.392,-1.5945,7.1853,3120.0
Anomalia,0.0018,1.4714,4.6942,-4.9245,1.4714,0.0143,3.1602,3120.0
Anomalia,-0.0095,1.7236,4.6942,-4.9245,1.7237,0.0136,0.9631,3360.0
Anomalia,0.0118,1.9323,4.6942,-4.9245,1.9324,0.0263,-0.134,3360.0
Anomalia,0.0101,1.9708,4.6942,-4.9245,1.9708,0.0393,-0.3454,3360.0
Anomalia,0.0224,1.3883,3.6124,-3.6396,1.3885,0.0595,0.0821,3360.0
Anomalia,0.0345,1.058,3.6124,-3.0862,1.0586,0.2119,1.2517,3360.0
Anomalia,0.0075,0.5832,1.5333,-1.3597,0.5832,0.097,0.251,2880.0
Anomalia,0.0174,0.3887,1.2011,-0.8618,0.3891,0.3389,0.3539,2880.0
Anomalia,0.0044,0.3358,0.9586,-0.9678,0.3358,-0.035,0.3917,3360.0
Anomalia,0.0064,0.5786,1.8325,-1.7278,0.5786,-0.002,1.707,3360.0
Anomalia,0.0046,0.6808,1.8325,-1.7278,0.6809,0.042,0.0835,3360.0
Anomalia,0.0218,0.6914,1.8325,-1.7278,0.6918,-0.0049,-0.0402,3360.0
Anomalia,0.0218,0.6859,1.8325,-1.7278,0.6863,0.0214,0.0077,3360.0
Anomalia,0.0072,0.4612,1.3805,-1.1986,0.4613,0.1874,0.5794,3360.0
Anomalia,0.0174,0.2962,0.9891,-0.7429,0.2967,0.2064,0.5177,3360.0
Anomalia,0.0068,0.2418,0.4758,-0.4866,0.2419,-0.0623,-0.853,3600.0
Anomalia,0.0147,0.235,0.5651,-0.4866,0.2354,-0.0165,-0.6675,3600.0
Anomalia,0.0253,0.2873,0.8184,-1.5224,0.2884,-0.6931,3.427,3360.0
Anomalia,-0.0029,1.1738,3.8645,-3.6371,1.1738,0.1733,3.0564,3360.0
Anomalia,0.0226,1.3265,3.8645,-3.6371,1.3267,0.1179,1.2189,3360.0
Anomalia,0.0031,1.4236,3.8645,-3.6371,1.4236,0.1069,0.4041,3360.0
Anomalia,0.0088,1.4414,3.8645,-3.6371,1.4414,0.0988,0.2407,3360.0
Anomalia,0.0322,0.904,2.62,-2.524,0.9046,-0.0131,0.8332,3360.0
Anomalia,0.012,0.6645,2.1977,-2.4289,0.6646,-0.2434,1.9898,3360.0
Anomalia,0.0148,0.4015,1.0258,-0.9348,0.4018,0.0292,-0.1903,2880.0
Anomalia,0.0063,0.2948,0.7888,-0.9348,0.2948,-0.0631,0.3023,2880.0
Anomalia,0.0216,0.2382,0.7387,-0.5797,0.2392,0.3361,0.5056,2880.0
Anomalia,-0.032,1.2139,4.0327,-4.0235,1.2143,0.0376,3.6088,3360.0
Anomalia,0.0492,1.3828,4.0327,-4.0235,1.3837,0.0131,1.3807,3360.0
Anomalia,0.0007,1.578,4.0327,-4.0235,1.578,0.0119,0.0286,3360.0
Anomalia,0.0068,1.6162,4.0327,-4.0235,1.6162,0.0054,-0.2319,3360.0
Anomalia,0.052,1.102,2.7256,-2.9827,1.1032,-0.0306,0.0892,3360.0
Anomalia,-0.0249,0.8969,2.6747,-2.9827,0.8972,-0.2515,1.4112,3360.0
Anomalia,0.0318,0.4815,1.1468,-1.0158,0.4826,0.0225,-0.2638,3600.0
Anomalia,-0.0035,0.347,0.8213,-0.9849,0.347,-0.1502,-0.2127,2880.0
Anomalia,0.0043,0.3223,0.7704,-1.5721,0.3223,-0.6877,2.2361,2880.0
Anomalia,-0.0084,1.2441,4.4162,-4.1917,1.2441,0.0331,3.7301,3360.0
Anomalia,0.0167,1.4405,4.4162,-4.1917,1.4406,0.0357,1.2787,3360.0
Anomalia,0.0108,1.5652,4.4162,-4.1917,1.5652,0.0127,0.3027,3360.0
Anomalia,0.012,1.591,4.4162,-4.1917,1.591,0.0187,0.0996,3360.0
Anomalia,0.0349,1.0438,2.7381,-2.7385,1.0444,0.008,0.1976,3360.0
Anomalia,0.0043,0.7633,2.4289,-2.7385,0.7633,-0.1563,1.4303,3360.0
Anomalia,0.0158,0.4474,1.1335,-0.9369,0.4477,0.153,-0.3479,3600.0
Anomalia,0.0068,0.3367,0.833,-0.7959,0.3368,0.1589,-0.5266,2880.0
Anomalia,0.0031,0.3311,0.81,-1.5212,0.3311,-0.3845,1.5613,2880.0
Anomalia,-0.0183,1.1892,3.9029,-3.7685,1.1893,0.1638,3.2189,3360.0
Anomalia,0.0226,1.3475,3.9029,-3.7685,1.3477,0.1154,1.2243,3360.0
Anomalia,0.0226,1.4824,3.9029,-3.7685,1.4826,0.0707,0.2277,3360.0
Anomalia,0.0199,1.5138,3.9029,-3.7685,1.5139,0.0725,-0.0191,3360.0
Anomalia,0.0415,0.9929,2.6855,-2.6931,0.9938,0.0523,0.388,3360.0
Anomalia,-0.0003,0.7702,2.6217,-2.6931,0.7702,-0.078,2.0408,3360.0
Anomalia,0.0034,0.4588,1.0609,-1.1506,0.4589,-0.113,-0.2776,2880.0
Anomalia,0.0116,0.3146,0.7249,-0.8167,0.3148,-0.1272,-0.7067,2880.0
Anomalia,0.033,0.2765,0.8484,-0.5738,0.2785,0.0339,-0.1869,2880.0
Anomalia,0.0214,1.4658,4.9575,-4.9062,1.4659,0.0818,3.7999,2880.0
Anomalia,0.0497,1.6825,4.9575,-4.9062,1.6833,0.0437,1.4958,3360.0
Anomalia,-0.0055,1.8553,4.9575,-4.9062,1.8554,0.0568,0.328,3360.0
Anomalia,0.0076,1.9133,4.9575,-4.9062,1.9133,0.0427,-0.0337,3360.0
Anomalia,0.0089,1.3077,3.4518,-3.2147,1.3077,-0.027,-0.0648,3360.0
Anomalia,-0.0178,1.0107,2.913,-3.2147,1.0109,-0.1901,0.7069,3360.0
Anomalia,0.0289,0.6666,1.59,-1.5976,0.6672,0.1205,-0.059,3360.0
Anomalia,-0.0098,0.486,1.5834,-1.5976,0.4861,-0.065,1.5153,2880.0
Anomalia,0.0098,0.3241,0.7383,-0.775,0.3242,-0.1461,-0.4414,2880.0
Anomalia,0.0457,1.3547,4.6303,-4.8031,1.3555,0.223,4.3676,3120.0
Anomalia,0.0198,1.6132,4.6303,-4.8031,1.6134,0.0797,1.505,3360.0
Anomalia,0.0285,1.912,4.6303,-4.8031,1.9122,0.0309,-0.0841,3360.0
Anomalia,0.0189,1.9667,4.6303,-4.8031,1.9668,0.0381,-0.3735,3360.0
Anomalia,-0.0298,1.4804,3.5882,-3.6512,1.4807,-0.0376,0.0079,3360.0
Anomalia,-0.0012,1.1952,3.5882,-3.6512,1.1952,0.0032,1.345,3360.0
Anomalia,0.0017,0.6101,1.4824,-1.6347,0.6101,-0.1544,-0.1219,3600.0
Anomalia,0.0057,0.4032,0.9407,-1.2637,0.4032,-0.2615,0.2186,2880.0
Anomalia,0.0261,0.3184,0.8313,-0.7383,0.3195,0.1001,-0.2462,2880.0
Anomalia,0.0268,0.9848,3.4835,-3.3725,0.9852,-0.0209,3.8144,2880.0
Anomalia,0.0184,1.1516,3.4835,-3.3725,1.1518,0.0031,1.253,3360.0
Anomalia,0.0044,1.2709,3.4835,-3.3725,1.2709,-0.0113,0.1708,3360.0
Anomalia,0.0031,1.2966,3.4835,-3.3725,1.2966,-0.0077,-0.0605,3360.0
Anomalia,0.0016,0.8926,2.2173,-2.3003,0.8926,-0.0761,0.0154,3360.0
Anomalia,-0.0003,0.6579,1.9373,-2.3003,0.6579,-0.2586,1.4864,3360.0
Anomalia,0.0253,0.4203,0.8676,-0.866,0.421,-0.0774,-0.8671,3600.0
Anomalia,0.0126,0.3516,0.7028,-0.7474,0.3519,-0.1597,-0.7615,2880.0
Anomalia,0.0067,0.3119,0.7028,-0.7474,0.312,-0.1154,-0.3216,3360.0
Anomalia,0.0134,0.8826,3.1104,-2.865,0.8827,0.1158,3.4721,3120.0
Anomalia,-0.0207,1.0207,3.1104,-2.865,1.0209,0.1051,1.5662,3360.0
Anomalia,0.0256,1.1556,3.1104,-2.865,1.1559,0.0426,0.2845,3360.0
Anomalia,0.0083,1.1775,3.1104,-2.865,1.1776,0.0745,0.0623,3360.0
Anomalia,0.01,0.8613,2.7106,-2.2094,0.8613,0.0479,0.6456,3360.0
Anomalia,0.0287,0.6767,2.1726,-2.1676,0.6773,0.2353,1.6311,2880.0
Anomalia,0.0011,0.3767,0.9265,-0.8998,0.3767,-0.0956,-0.3775,2880.0
Anomalia,0.0205,0.3132,0.9265,-0.8468,0.3139,0.0352,0.2688,2880.0
Anomalia,0.0256,0.2378,0.5563,-0.6047,0.2392,-0.3602,-0.2315,2880.0
Anomalia,-0.0196,1.1315,4.3277,-4.4296,1.1316,-0.3522,6.0759,3360.0
Anomalia,0.0003,1.3974,4.3277,-4.4296,1.3974,-0.0348,2.2778,3360.0
Anomalia,0.0054,1.641,4.3277,-4.4296,1.6411,-0.0086,0.3299,3360.0
Anomalia,-0.0006,1.684,4.3277,-4.4296,1.684,0.0068,0.0221,3360.0
Anomalia,0.0566,1.2958,3.8733,-3.1525,1.2971,0.1578,0.315,3360.0
Anomalia,0.0225,1.0137,2.8909,-2.9981,1.014,0.0642,1.0239,3360.0
Anomalia,0.0219,0.5302,1.4728,-1.1998,0.5306,0.1299,-0.1257,3360.0
Anomalia,0.0134,0.3988,1.0525,-1.0003,0.3991,0.1155,0.1723,2880.0
Anomalia,0.017,0.276,0.6456,-0.659,0.2765,-0.141,-0.52,2880.0
Anomalia,-0.0336,1.2653,4.9696,-4.9446,1.2658,-0.1915,6.1374,2880.0
Anomalia,0.0122,1.5903,4.9696,-4.9446,1.5903,0.0727,2.0811,3360.0
Anomalia,0.0137,1.8437,4.9696,-4.9446,1.8438,0.0578,0.3502,3360.0
Anomalia,0.0133,1.89,4.9696,-4.9446,1.8901,0.0579,0.0517,3360.0
Anomalia,0.0643,1.4488,4.4496,-3.3245,1.4502,0.2206,0.4805,3360.0
Anomalia,0.0156,1.1102,3.463,-3.3245,1.1103,0.0623,1.314,3360.0
Anomalia,0.0166,0.5808,1.5308,-1.3104,0.5811,0.0555,-0.1109,3600.0
Anomalia,0.0054,0.4119,1.1281,-1.2182,0.4119,-0.0987,0.5681,2880.0
Anomalia,0.0127,0.3163,0.9357,-0.861,0.3166,-0.0031,0.5391,2880.0
Anomalia,-0.0094,0.5518,1.9569,-1.9898,0.5519,-0.3466,4.026,3360.0
Anomalia,0.0208,0.6813,1.9569,-1.9898,0.6816,-0.0831,1.2528,3360.0
Anomalia,0.0139,0.7964,1.9569,-1.9898,0.7965,-0.0608,-0.0495,3360.0
Anomalia,0.014,0.8177,1.9569,-1.9898,0.8178,-0.0534,-0.3181,3360.0
Anomalia,0.038,0.6491,1.7795,-1.4999,0.6502,0.0719,0.0734,3360.0
Anomalia,0.0126,0.5224,1.5604,-1.4999,0.5225,-0.074,0.9283,3360.0
Anomalia,0.0188,0.3195,0.6598,-0.659,0.3201,0.0178,-0.9999,3360.0
Anomalia,0.0073,0.2595,0.553,-0.5434,0.2596,0.0643,-1.0088,2880.0
Anomalia,0.0117,0.2251,0.4991,-0.4086,0.2254,0.116,-0.8608,2880.0
Anomalia,-0.0378,1.0884,4.2209,-4.0131,1.0891,-0.0917,5.7388,2880.0
Anomalia,0.0091,1.351,4.2209,-4.0131,1.351,0.1244,2.1212,2880.0
Anomalia,0.024,1.5509,4.2209,-4.0131,1.5511,0.0832,0.4403,3360.0
Anomalia,0.011,1.5881,4.2209,-4.0131,1.5882,0.0977,0.1472,3360.0
Anomalia,0.0613,1.2026,3.8774,-2.7832,1.2042,0.2675,0.6626,3360.0
Anomalia,0.0171,0.9055,2.9305,-2.6789,0.9057,0.1085,1.4983,3360.0
Anomalia,-0.0046,0.5132,1.2169,-1.1193,0.5132,-0.0069,-0.547,3600.0
Anomalia,0.0263,0.4007,1.0671,-1.0846,0.4016,-0.0459,-0.0906,2880.0
Anomalia,0.01,0.2925,0.6665,-0.5993,0.2927,0.1641,-0.4373,2880.0
Anomalia,-0.0423,1.2444,5.0614,-5.0877,1.2451,-0.2412,6.7792,2880.0
Anomalia,0.0346,1.5999,5.0614,-5.0877,1.6003,0.0514,2.3443,3360.0
Anomalia,-0.0184,1.9632,5.0614,-5.0877,1.9633,0.081,0.1465,3360.0
Anomalia,0.0297,2.0269,5.0614,-5.0877,2.0271,0.0189,-0.2089,3360.0
Anomalia,0.0742,1.6564,4.7864,-3.8253,1.6581,0.1226,0.1257,3360.0
Anomalia,0.0055,1.3234,3.8432,-3.8253,1.3234,0.0024,1.0018,3360.0
Anomalia,0.0341,0.6792,1.9615,-1.4936,0.6801,0.1673,-0.0336,3600.0
Anomalia,-0.0041,0.4995,1.3522,-1.4936,0.4995,-0.1361,0.2764,2880.0
Anomalia,0.0072,0.3483,0.8322,-0.7466,0.3484,-0.0076,-0.4027,2880.0
Anomalia,-0.0192,0.9058,3.5507,-3.2506,0.906,-0.0802,5.132,2880.0
Anomalia,0.0423,1.0863,3.5507,-3.2506,1.0871,0.0163,1.8567,3360.0
Anomalia,0.0108,1.2402,3.5507,-3.2506,1.2402,0.0445,0.3569,3360.0
Anomalia,0.0272,1.27,3.5507,-3.2506,1.2703,0.0077,0.0679,3360.0
Anomalia,0.0435,0.9552,2.7127,-2.1301,0.9562,0.1472,0.0199,3360.0
Anomalia,-0.0173,0.7397,2.3016,-2.1301,0.7399,0.0053,1.1509,3360.0
Anomalia,0.016,0.4081,1.0054,-0.9194,0.4084,-0.004,-0.6204,3600.0
Anomalia,0.0049,0.3272,0.7116,-0.7633,0.3272,-0.1582,-0.7099,2880.0
Anomalia,0.0207,0.2491,0.5304,-0.5162,0.2499,-0.1454,-0.5491,2880.0
Anomalia,0.0341,0.9739,4.0465,-3.8745,0.9745,0.2444,6.6768,2880.0
Anomalia,0.038,1.3341,4.0465,-4.2042,1.3347,-0.0371,2.2961,3120.0
Anomalia,0.0127,1.6262,4.0465,-4.2042,1.6263,0.0086,0.1716,3360.0
Anomalia,0.0076,1.6722,4.0465,-4.2042,1.6722,0.0133,-0.1424,3360.0
Anomalia,0.0064,1.4091,3.8428,-4.2042,1.4091,-0.0807,0.4708,3360.0
Anomalia,-0.0076,1.0764,3.0962,-3.1225,1.0765,0.0343,1.2046,3360.0
Anomalia,0.0165,0.5364,1.232,-1.5254,0.5366,-0.1318,-0.1568,3360.0
Anomalia,0.0165,0.3887,1.1581,-1.0458,0.389,-0.0302,0.3255,2880.0
Anomalia,-0.0035,0.2704,0.4703,-0.5822,0.2705,-0.1171,-0.9857,2880.0
Anomalia,0.0285,0.9395,4.1441,-3.3904,0.9399,0.5532,7.0922,2880.0
Anomalia,0.0287,1.2713,4.1441,-3.8921,1.2717,0.1469,2.454,2880.0
Anomalia,0.0104,1.5297,4.1441,-3.8921,1.5298,0.0717,0.3008,3360.0
Anomalia,0.0278,1.5824,4.1441,-3.8921,1.5827,0.0349,-0.0858,3360.0
Anomalia,-0.0046,1.3467,3.6675,-3.8921,1.3467,-0.0746,0.1999,3360.0
Anomalia,-0.0135,1.0416,2.86,-2.8996,1.0417,-0.0635,0.5271,3360.0
Anomalia,0.0116,0.6116,1.4836,-1.3409,0.6117,-0.0565,-0.3785,3360.0
Anomalia,0.0076,0.4887,1.1489,-1.3171,0.4888,-0.2036,-0.0523,2880.0
Anomalia,0.0092,0.3359,0.7767,-0.8113,0.336,-0.0134,-0.6249,2880.0
Anomalia,0.0583,1.0339,4.7597,-3.8416,1.0356,0.8116,7.6672,3120.0
Anomalia,-0.0114,1.5482,4.7597,-4.9721,1.5482,0.0645,2.3003,3360.0
Anomalia,0.0253,1.8843,4.7597,-4.9721,1.8845,0.0102,0.1604,3360.0
Anomalia,-0.0024,1.9556,4.7597,-4.9721,1.9556,0.0383,-0.2337,3360.0
Anomalia,-0.0338,1.7498,4.4926,-4.9721,1.7502,-0.0914,0.0187,3360.0
Anomalia,0.0285,1.3231,3.529,-3.6613,1.3234,-0.0102,0.3843,3360.0
Anomalia,-0.0061,0.755,1.7524,-2.0032,0.755,-0.0939,-0.1086,3360.0
Anomalia,0.0266,0.5344,1.5617,-1.5379,0.535,0.0296,1.1953,2880.0
Anomalia,0.0071,0.3013,0.8681,-0.7504,0.3014,0.0878,-0.1664,2880.0
Anomalia,0.0251,0.4993,2.1459,-1.8225,0.4999,0.6377,5.3913,2880.0
Anomalia,-0.0059,0.666,2.1459,-2.0412,0.666,0.1195,1.9848,3360.0
Anomalia,0.0101,0.7819,2.1459,-2.0412,0.782,0.0545,0.1639,3360.0
Anomalia,0.0096,0.7863,2.1459,-2.0412,0.7863,0.0576,0.0997,3360.0
Anomalia,-0.0008,0.6578,1.7545,-2.0412,0.6578,-0.1718,0.5459,3360.0
Anomalia,0.0136,0.4907,1.431,-1.3071,0.4909,0.0495,0.7146,2880.0
Anomalia,0.0054,0.2926,0.5534,-0.641,0.2927,-0.0594,-1.0232,3600.0
Anomalia,0.0132,0.2739,0.5534,-0.641,0.2742,-0.1098,-0.8137,2880.0
Anomalia,0.0102,0.2551,0.5534,-0.641,0.2553,-0.1748,-0.4944,3600.0
Anomalia,-0.0023,0.6522,2.552,-3.0165,0.6522,-0.5438,8.2206,2880.0
Anomalia,0.007,1.1151,3.6755,-3.5223,1.1151,0.1108,2.8502,3120.0
Anomalia,-0.001,1.3253,3.6755,-3.5223,1.3253,0.0834,0.5828,3360.0
Anomalia,0.0063,1.3589,3.6755,-3.5223,1.3589,0.0684,0.2584,3360.0
Anomalia,0.0293,1.235,3.6755,-3.5223,1.2353,0.1217,0.9043,3360.0
Anomalia,0.007,0.8427,2.5608,-2.3917,0.8427,0.0161,1.1612,3360.0
Anomalia,0.0272,0.4345,1.1159,-0.9035,0.4353,0.0074,-0.3778,3600.0
Anomalia,0.0015,0.3182,0.8593,-0.8138,0.3182,-0.0923,0.1696,2880.0
Anomalia,0.0149,0.227,0.4607,-0.5793,0.2274,-0.2832,-0.4421,2880.0
Anomalia,-0.0251,0.696,2.9009,-3.5661,0.6964,-1.2012,10.8812,2880.0
Anomalia,0.0141,1.3291,4.1416,-4.175,1.3292,0.0778,2.5607,3360.0
Anomalia,-0.0016,1.589,4.1416,-4.175,1.589,0.0542,0.391,3360.0
Anomalia,0.017,1.6533,4.1416,-4.175,1.6534,0.0362,-0.054,3360.0
Anomalia,0.0496,1.5495,4.1416,-4.175,1.5503,0.1035,0.2481,3360.0
Anomalia,-0.0044,1.0713,2.9038,-3.1112,1.0713,0.048,0.6294,3360.0
Anomalia,0.033,0.6304,2.0516,-1.5258,0.6313,0.2328,0.3094,3360.0
Anomalia,-0.0009,0.4478,1.1306,-1.1043,0.4478,-0.038,0.0466,2880.0
Anomalia,0.0156,0.3102,0.7858,-0.7424,0.3106,-0.0889,-0.3898,2880.0
Anomalia,0.0197,0.8475,4.1796,-3.645,0.8477,0.0877,8.9881,2880.0
Anomalia,-0.0063,1.277,4.2288,-4.1616,1.277,-0.0091,2.7047,3360.0
Anomalia,0.0157,1.5128,4.2288,-4.1616,1.5128,-0.0233,0.4996,3360.0
Anomalia,0.0084,1.5529,4.2288,-4.1616,1.5529,-0.0082,0.1725,3360.0
Anomalia,0.0078,1.3574,4.2288,-4.1616,1.3575,-0.0403,0.6319,3360.0
Anomalia,0.0243,0.9708,2.7511,-2.6592,0.9711,0.0217,0.7713,3360.0
Anomalia,0.009,0.5274,1.1756,-1.0767,0.5275,0.0532,-0.4859,3360.0
Anomalia,0.0096,0.3758,1.0567,-1.0575,0.376,0.1196,0.4202,2880.0
Anomalia,0.0079,0.2443,0.6464,-0.5855,0.2444,0.0986,-0.2096,2880.0
Anomalia,0.0057,0.635,2.9556,-2.8128,0.635,0.0113,8.6102,2880.0
Anomalia,0.0083,1.0548,3.4714,-3.173,1.0548,0.1989,2.6319,3360.0
Anomalia,0.0137,1.2775,3.4714,-3.173,1.2776,0.1228,0.3539,3360.0
Anomalia,0.0166,1.3172,3.4714,-3.173,1.3173,0.1134,0.0015,3360.0
Anomalia,0.0166,1.1892,3.4714,-3.173,1.1893,0.1571,0.5854,3360.0
Anomalia,0.001,0.8488,2.421,-2.4076,0.8488,0.1218,1.0526,3360.0
Anomalia,0.0104,0.4627,1.4753,-1.1072,0.4628,0.1192,-0.009,3600.0
Anomalia,0.0027,0.369,0.7065,-0.8242,0.369,-0.0969,-0.9646,2880.0
Anomalia,0.0228,0.3006,0.5909,-0.7474,0.3015,-0.2467,-0.6372,2880.0
Anomalia,-0.0208,0.7454,3.0278,-3.6947,0.7457,-1.1076,9.7264,2880.0
Anomalia,0.0189,1.3528,4.4759,-4.463,1.3529,0.0291,3.1539,2880.0
Anomalia,0.0011,1.6223,4.4759,-4.463,1.6223,0.066,0.649,3360.0
Anomalia,0.0083,1.6819,4.4759,-4.463,1.6819,0.0556,0.1916,3360.0
Anomalia,0.0539,1.5762,4.4759,-4.463,1.5772,0.1124,0.4999,3360.0
Anomalia,0.0074,1.1098,3.1575,-2.8045,1.1099,0.1089,0.3588,3360.0
Anomalia,0.0286,0.6429,1.5245,-1.3388,0.6435,0.0948,-0.452,3360.0
Anomalia,-0.0007,0.521,1.2587,-1.2353,0.521,0.1104,-0.3987,2880.0
Anomalia,0.0109,0.3553,0.8363,-0.8322,0.3554,0.0707,-0.4793,2880.0
Anomalia,0.009,0.6198,2.7974,-3.3691,0.6199,-0.3357,9.3459,2880.0
Anomalia,0.0055,1.4504,4.5268,-4.7459,1.4504,0.0243,2.6074,3120.0
Anomalia,0.0173,1.7855,4.5268,-4.7459,1.7855,0.0163,0.4384,3360.0
Anomalia,0.029,1.9107,4.5268,-4.7459,1.9109,-0.0021,-0.2375,3360.0
Anomalia,0.0105,1.8865,4.5268,-4.7459,1.8865,0.0355,-0.2134,3360.0
Anomalia,0.0235,1.365,3.794,-3.7481,1.3652,0.0174,0.5453,3360.0
Anomalia,0.0058,0.8625,2.6563,-2.9864,0.8625,0.012,0.9124,3360.0
Anomalia,-0.0027,0.5346,1.3588,-1.4098,0.5346,-0.13,0.5007,2880.0
Anomalia,0.0126,0.3112,0.6873,-0.8472,0.3115,-0.0988,-0.5894,2880.0
Anomalia,-0.0243,0.6205,2.5253,-3.1121,0.621,-0.9073,9.3199,2880.0
Anomalia,0.028,1.049,3.5578,-3.2356,1.0494,0.0117,2.6981,3360.0
Anomalia,0.0031,1.2709,3.5578,-3.2356,1.2709,0.038,0.3546,3360.0
Anomalia,0.0131,1.3058,3.5578,-3.2356,1.3059,0.0141,0.0325,3360.0
Anomalia,0.0328,1.2057,3.5578,-3.2356,1.2062,0.1129,0.3036,3360.0
Anomalia,-0.0019,0.8595,2.4414,-2.3187,0.8595,0.003,0.5891,3360.0
Anomalia,0.0239,0.4689,1.0308,-1.0412,0.4695,-0.0699,-0.6759,3360.0
Anomalia,0.0017,0.3903,0.8509,-0.8418,0.3903,0.0033,-0.752,2880.0
Anomalia,0.011,0.2965,0.6519,-0.6156,0.2967,-0.1696,-0.8354,2880.0
Anomalia,0.0297,0.488,2.4301,-1.8288,0.4889,0.9597,7.3402,3120.0
Anomalia,0.0056,1.0114,3.1692,-3.0081,1.0114,0.136,2.2452,3120.0
Anomalia,0.0396,1.1859,3.1692,-3.0081,1.1866,0.0432,0.4686,3360.0
Anomalia,0.0105,1.2345,3.1692,-3.0081,1.2345,0.0881,0.0138,3360.0
Anomalia,0.003,1.2087,3.1692,-3.0081,1.2087,0.0409,0.045,3360.0
Anomalia,0.0067,0.8249,2.2891,-2.1847,0.8249,0.0771,0.477,3360.0
Anomalia,-0.0142,0.5216,1.2507,-1.3801,0.5218,-0.0806,-0.1886,3360.0
Anomalia,0.0089,0.3832,1.0922,-1.1264,0.3833,-0.0006,0.9803,3360.0
Anomalia,0.0035,0.2097,0.4052,-0.5893,0.2098,-0.3541,-0.2881,3360.0
Anomalia,0.0224,0.3955,2.6522,-1.5763,0.3962,1.4115,15.8206,3360.0
Anomalia,0.0192,1.1692,3.7977,-3.7289,1.1693,-0.0151,2.9597,3360.0
Anomalia,0.0177,1.358,3.7977,-3.7289,1.3581,0.017,0.8615,3360.0
Anomalia,0.0007,1.4524,3.7977,-3.7289,1.4524,0.0491,0.1025,3360.0
Anomalia,0.0027,1.4582,3.7977,-3.7289,1.4582,0.0149,-0.0216,3360.0
Anomalia,0.0089,0.9665,2.5966,-2.5178,0.9666,0.0978,0.2166,3360.0
Anomalia,0.007,0.6866,2.3596,-2.0082,0.6866,0.0456,0.6544,3360.0
Anomalia,0.0177,0.4605,1.1368,-1.1639,0.4609,-0.011,0.2123,3360.0
Anomalia,0.01,0.2961,0.813,-0.727,0.2962,0.0656,-0.3943,2880.0
Anomalia,0.0026,0.4616,2.961,-2.0466,0.4616,0.4904,13.4365,2880.0
Anomalia,0.029,1.4759,4.9838,-4.8206,1.4762,0.1235,3.2706,2880.0
Anomalia,-0.0019,1.7559,4.9838,-4.8206,1.7559,0.0914,0.8453,3360.0
Anomalia,0.013,1.8793,4.9838,-4.8206,1.8793,0.0758,0.0703,3360.0
Anomalia,0.0146,1.8774,4.9838,-4.8206,1.8775,0.0653,0.0346,3360.0
Anomalia,-0.0175,1.2634,3.5265,-3.3996,1.2635,0.0648,0.4113,3360.0
Anomalia,0.0179,0.8463,3.0899,-2.3738,0.8465,0.2066,0.8184,3360.0
Anomalia,0.0023,0.5032,1.2403,-1.2603,0.5032,-0.0138,-0.0115,2880.0
Anomalia,0.0133,0.3656,1.0129,-0.8827,0.3659,0.0226,-0.0218,2880.0
Anomalia,0.0136,0.3419,1.0129,-0.9557,0.3421,0.0361,0.3619,3360.0
Anomalia,0.0175,0.7264,2.2578,-2.2273,0.7267,-0.0221,2.1044,3360.0
Anomalia,0.0014,0.8418,2.2578,-2.2273,0.8418,-0.0026,0.4393,3360.0
Anomalia,0.0036,0.874,2.2578,-2.2273,0.874,0.0369,0.1166,3360.0
Anomalia,0.0206,0.8705,2.2578,-2.2273,0.8708,-0.0073,0.1474,3360.0
Anomalia,0.002,0.5706,1.6572,-1.5809,0.5706,0.0994,0.9004,3360.0
Anomalia,0.0234,0.3927,1.5082,-1.0867,0.3934,0.4669,1.4839,3360.0
Anomalia,0.0086,0.2775,0.6089,-0.548,0.2777,0.1319,-0.9449,2880.0
Anomalia,0.0067,0.2342,0.492,-0.4699,0.2343,0.137,-0.9487,2880.0
Anomalia,0.0105,0.3427,1.696,-1.6263,0.3429,-0.2708,7.833,2880.0
Anomalia,0.0175,0.7664,2.5186,-2.166,0.7666,0.1995,2.516,2880.0
Anomalia,0.0068,0.9052,2.5186,-2.166,0.9052,0.0943,0.557,2880.0
Anomalia,0.0192,0.9392,2.5186,-2.166,0.9394,0.0801,0.1423,3360.0
Anomalia,0.0102,0.9173,2.5186,-2.166,0.9173,0.127,0.267,3360.0
Anomalia,0.0009,0.6076,1.7273,-1.8559,0.6076,-0.0251,1.0769,3360.0
Anomalia,0.0105,0.373,1.4064,-0.8489,0.3732,0.4659,0.8834,3600.0
Anomalia,0.0055,0.2821,0.6911,-0.6865,0.2822,-0.125,-0.5702,2880.0
Anomalia,0.0238,0.223,0.4841,-0.4307,0.2243,-0.0195,-0.9898,2880.0
Anomalia,-0.0138,0.3722,1.3989,-2.0758,0.3725,-2.042,10.9541,2880.0
Anomalia,0.0564,1.5741,5.2021,-4.998,1.5751,0.1151,3.0086,3360.0
Anomalia,-0.0281,1.8068,5.2021,-4.998,1.807,0.106,1.0106,3360.0
Anomalia,0.0141,2.009,5.2021,-4.998,2.009,0.0855,-0.0637,3360.0
Anomalia,0.0329,2.0407,5.2021,-4.998,2.041,0.0643,-0.2424,3360.0
Anomalia,-0.03,1.3666,3.6713,-3.6913,1.3669,0.0633,0.2126,3360.0
Anomalia,0.0507,1.0503,3.6713,-3.1171,1.0515,0.2999,1.4928,3360.0
Anomalia,0.0002,0.6098,1.3797,-1.3893,0.6098,-0.0112,-0.2252,2880.0
Anomalia,0.0153,0.4009,1.2057,-0.9123,0.4012,0.1838,-0.4293,2880.0
Anomalia,-0.0028,0.3919,0.7458,-1.3083,0.3919,-0.4713,0.0894,2880.0
Anomalia,0.0164,1.0126,3.4539,-3.2289,1.0127,0.0188,2.793,2880.0
Anomalia,-0.0077,1.181,3.4539,-3.2289,1.181,0.0675,0.8427,3360.0
Anomalia,0.029,1.2594,3.4539,-3.2289,1.2598,0.016,0.1068,3360.0
Anomalia,0.026,1.2712,3.4539,-3.2289,1.2715,0.0348,-0.0105,3360.0
Anomalia,-0.0045,0.8666,2.4731,-2.1847,0.8666,0.1569,0.2008,3360.0
Anomalia,0.0276,0.5923,1.959,-1.4344,0.5929,0.277,0.302,3360.0
Anomalia,-0.0074,0.4241,0.8338,-0.8906,0.4241,-0.0313,-0.9858,2880.0
Anomalia,0.021,0.3309,0.7299,-0.7057,0.3316,-0.1239,-0.7169,2880.0
Anomalia,0.0079,0.3613,0.7725,-1.729,0.3614,-1.4624,5.1218,3600.0
Anomalia,-0.0006,1.0671,3.4134,-3.3771,1.0671,-0.0033,2.7649,3120.0
Anomalia,-0.0071,1.2356,3.4134,-3.3771,1.2356,-0.0303,0.9284,3360.0
Anomalia,0.0143,1.3414,3.4134,-3.3771,1.3415,0.0009,0.0774,3360.0
Anomalia,0.018,1.358,3.4134,-3.3771,1.3582,0.018,-0.086,3360.0
Anomalia,0.0323,0.9208,2.481,-2.5737,0.9213,0.0115,0.5881,3360.0
Anomalia,0.0418,0.6656,2.4114,-1.8129,0.6669,0.4076,1.4413,3360.0
Anomalia,0.0021,0.4222,1.0099,-1.0433,0.4222,0.0589,-0.2074,2880.0
Anomalia,0.0215,0.2812,0.7934,-0.5492,0.282,0.2259,-0.5644,2880.0
Anomalia,-0.0195,0.3118,0.5242,-1.6092,0.3124,-1.5909,5.9599,2880.0
Anomalia,-0.0053,1.0465,3.7055,-3.2944,1.0465,0.302,3.4181,2880.0
Anomalia,0.0135,1.2084,3.7055,-3.2944,1.2085,0.1547,1.2204,3360.0
Anomalia,0.0139,1.3128,3.7055,-3.2944,1.3128,0.1389,0.2426,3360.0
Anomalia,0.0428,1.3293,3.7055,-3.2944,1.3299,0.0931,0.0642,3360.0
Anomalia,0.0117,0.8998,2.4385,-2.2715,0.8999,0.0363,0.1308,3360.0
Anomalia,0.0257,0.6621,2.1388,-2.0445,0.6626,0.0723,0.7588,3360.0
Anomalia,-0.0041,0.4765,0.9624,-1.0546,0.4765,-0.0871,-0.7148,3360.0
Anomalia,0.0155,0.3961,0.9557,-0.9707,0.3964,-0.2705,-0.2003,2880.0
Anomalia,0.0428,0.3364,0.7704,-0.8697,0.3391,-0.2431,0.0037,3360.0
Anomalia,-0.0108,1.4367,4.7317,-4.8624,1.4367,0.0852,3.5099,3120.0
Anomalia,0.0752,1.6643,4.7317,-4.8624,1.666,0.0465,1.2279,3360.0
Anomalia,0.0011,1.9154,4.7317,-4.8624,1.9154,0.0716,-0.0771,3360.0
Anomalia,0.0157,1.9614,4.7317,-4.8624,1.9615,0.0494,-0.3273,3360.0
Anomalia,0.0371,1.4064,3.5749,-3.625,1.4069,0.0484,0.0553,3360.0
Anomalia,-0.0322,1.1131,3.5749,-3.625,1.1136,-0.122,1.6056,3360.0
Anomalia,0.0202,0.5728,1.4461,-1.3321,0.5731,0.0528,0.2314,3600.0
Anomalia,-0.0023,0.38,1.1998,-1.3321,0.38,-0.2516,1.8639,2880.0
Anomalia,0.0096,0.2555,0.7929,-0.717,0.2557,0.0597,0.5763,2880.0
Anomalia,0.0078,0.5227,1.7378,-1.6627,0.5228,-0.0038,2.554,2880.0
Anomalia,0.0362,0.624,1.7378,-1.6627,0.6251,0.0506,0.5805,3360.0
Anomalia,0.0049,0.6694,1.7378,-1.6627,0.6695,0.0971,-0.0094,3360.0
Anomalia,0.0125,0.6731,1.7378,-1.6627,0.6732,0.0604,-0.0747,3360.0
Anomalia,0.0163,0.468,1.4577,-1.1923,0.4683,0.2147,0.9473,3360.0
Anomalia,-0.0113,0.3271,1.0125,-1.1923,0.3273,-0.3448,2.0785,2880.0
Anomalia,0.0176,0.2208,0.462,-0.4353,0.2215,0.0353,-0.9275,3600.0
Anomalia,0.016,0.2026,0.4453,-0.4353,0.2033,0.0731,-0.8084,2880.0
Anomalia,0.0215,0.2058,0.7262,-0.4353,0.207,0.2925,-0.1478,3600.0
Anomalia,0.0565,1.0655,3.7193,-3.4634,1.067,0.2734,4.0225,2880.0
Anomalia,0.0016,1.2344,3.7193,-3.4634,1.2344,0.1391,1.592,3360.0
Anomalia,0.0081,1.3676,3.7193,-3.4634,1.3676,0.1298,0.3814,3360.0
Anomalia,0.0094,1.3986,3.7193,-3.4634,1.3986,0.1188,0.1057,3360.0
Anomalia,-0.0292,0.9542,2.5729,-2.5136,0.9546,-0.0622,0.3557,3360.0
Anomalia,0.0253,0.7318,2.5729,-2.2682,0.7322,0.2011,1.4267,3360.0
Anomalia,0.0076,0.435,1.121,-0.9745,0.4351,0.0737,-0.1143,2880.0
Anomalia,0.011,0.3344,1.0158,-0.9745,0.3346,0.0963,0.7206,2880.0
Anomalia,0.0126,0.2464,0.5588,-0.6231,0.2468,-0.0441,-0.5069,2880.0
Anomalia,0.0428,1.1251,3.9451,-3.9021,1.1259,0.0354,4.3807,3360.0
Anomalia,-0.0002,1.3163,3.9451,-3.9021,1.3163,-0.0341,1.5799,3360.0
Anomalia,0.0211,1.5518,3.9451,-3.9021,1.5519,-0.0282,-0.0146,3360.0
Anomalia,0.0107,1.5963,3.9451,-3.9021,1.5963,-0.0099,-0.3131,3360.0
Anomalia,-0.0243,1.1743,2.8178,-2.9405,1.1745,-0.039,-0.0404,3360.0
Anomalia,0.0205,0.9625,2.8178,-2.9405,0.9628,0.0803,1.3504,3360.0
Anomalia,0.0063,0.4954,1.1765,-1.2311,0.4954,-0.0153,0.0163,3360.0
Anomalia,0.0148,0.3442,1.0638,-0.9724,0.3446,0.061,0.4107,2880.0
Anomalia,0.0258,0.2583,0.5851,-0.5722,0.2596,-0.0923,-0.8178,2880.0
Anomalia,0.0407,1.1961,4.2902,-4.3085,1.1968,0.0294,4.5299,2880.0
Anomalia,0.0148,1.4046,4.2902,-4.3085,1.4046,0.0308,1.5928,3360.0
Anomalia,0.0082,1.5561,4.2902,-4.3085,1.5561,0.0178,0.3612,3360.0
Anomalia,0.0145,1.5939,4.2902,-4.3085,1.594,0.0081,0.0694,3360.0
Anomalia,-0.0113,1.0919,2.8854,-2.6864,1.0919,-0.0368,0.0957,3360.0
Anomalia,0.0091,0.8162,2.6133,-2.6864,0.8163,-0.0965,1.4224,3360.0
Anomalia,0.0178,0.4665,1.1957,-1.2236,0.4668,0.0093,-0.1773,3600.0
Anomalia,0.0009,0.3161,0.7462,-0.9336,0.3161,-0.1533,-0.2101,2880.0
Anomalia,0.0097,0.2626,0.6965,-0.5513,0.2628,0.2708,-0.4722,2880.0
Anomalia,0.0493,1.1494,3.9972,-3.877,1.1504,0.3388,4.2701,2880.0
Anomalia,0.0061,1.3426,3.9972,-3.877,1.3426,0.1678,1.6555,3360.0
Anomalia,0.0228,1.5383,3.9972,-3.877,1.5385,0.1158,0.2183,3360.0
Anomalia,0.0178,1.5786,3.9972,-3.877,1.5787,0.1126,-0.0782,3360.0
Anomalia,-0.0306,1.1268,2.9447,-2.996,1.1272,-0.0099,0.3488,3360.0
Anomalia,0.0061,0.8944,2.9447,-2.8333,0.8944,0.1737,1.8151,3360.0
Anomalia,0.0058,0.5066,1.151,-1.1276,0.5067,-0.047,-0.6167,2880.0
Anomalia,0.0088,0.3768,0.9745,-0.9524,0.3769,-0.0122,-0.597,2880.0
Anomalia,0.0171,0.2995,0.6306,-0.5918,0.3,-0.0455,-0.8152,2880.0
Anomalia,0.0361,1.2824,4.6867,-4.4196,1.2829,0.159,4.5997,2880.0
Anomalia,-0.0388,1.4853,4.6867,-4.4196,1.4858,0.117,1.9569,2880.0
Anomalia,0.0239,1.688,4.6867,-4.4196,1.6882,0.0711,0.4146,3360.0
Anomalia,-0.005,1.7216,4.6867,-4.4196,1.7216,0.1118,0.173,3360.0
Anomalia,0.0021,1.2168,3.3783,-2.9793,1.2168,0.0194,0.3535,3360.0
Anomalia,0.0543,0.9533,3.1262,-2.9051,0.9549,0.318,1.5997,3360.0
Anomalia,0.0023,0.5249,1.2316,-1.2228,0.5249,0.0188,-0.374,3600.0
Anomalia,0.0126,0.4323,1.2316,-1.0972,0.4325,0.1839,0.1336,2880.0
Anomalia,0.0116,0.3095,0.603,-0.6606,0.3097,-0.2048,-0.7568,2880.0
Anomalia,-0.0205,1.2358,4.6099,-4.9688,1.236,-0.4246,5.6097,2880.0
Anomalia,-0.0067,1.5918,4.6099,-4.9688,1.5918,-0.0454,1.6954,3360.0
Anomalia,0.026,1.9443,4.6099,-4.9688,1.9445,-0.0141,-0.0634,3360.0
Anomalia,0.0081,2.004,4.6099,-4.9688,2.004,0.0138,-0.3738,3360.0
Anomalia,0.0441,1.6312,4.5398,-3.7902,1.6318,0.1717,0.1297,3360.0
Anomalia,0.0256,1.294,3.872,-3.7902,1.2942,0.1437,1.3841,3360.0
Anomalia,0.0021,0.6455,1.7899,-1.5671,0.6455,0.0573,-0.103,3360.0
Anomalia,0.0093,0.4295,1.2094,-1.3125,0.4296,-0.0775,0.4035,2880.0
Anomalia,0.01,0.3031,0.7984,-0.6139,0.3033,0.1366,-0.727,2880.0
Anomalia,0.0104,0.9601,3.4993,-3.4522,0.9602,-0.0572,4.7414,2880.0
Anomalia,-0.0003,1.1427,3.4993,-3.4522,1.1427,-0.0064,1.6269,3360.0
Anomalia,0.018,1.2989,3.4993,-3.4522,1.2991,0.0108,0.2159,3360.0
Anomalia,0.0148,1.3328,3.4993,-3.4522,1.3329,0.0139,-0.0786,3360.0
Anomalia,0.0082,0.9711,2.7932,-2.2828,0.9712,0.1221,-0.0104,3360.0
Anomalia,0.0349,0.7461,2.426,-2.2828,0.7469,0.1613,1.3224,3360.0
Anomalia,-0.0042,0.4326,0.969,-1.0588,0.4326,-0.0383,-0.6043,3600.0
Anomalia,0.014,0.3456,0.7124,-0.6886,0.3459,-0.0095,-1.0147,2880.0
Anomalia,0.013,0.2959,0.679,-0.6389,0.2962,0.0315,-0.6789,2880.0
Anomalia,-0.0128,0.8206,3.0682,-2.9672,0.8207,-0.0973,4.5974,3120.0
Anomalia,0.0414,1.0141,3.0682,-2.9672,1.015,0.09,1.9603,3120.0
Anomalia,0.0153,1.1933,3.0682,-2.9672,1.1934,0.0992,0.2383,3360.0
Anomalia,0.0219,1.2115,3.0682,-2.9672,1.2117,0.077,0.0539,3360.0
Anomalia,0.0342,0.9598,3.0311,-2.3496,0.9604,0.2518,0.7155,3360.0
Anomalia,-0.0157,0.7458,2.3358,-2.1818,0.746,0.1095,1.4127,3360.0
Anomalia,0.0085,0.3652,0.8902,-0.8522,0.3653,-0.0535,-0.3006,3600.0
Anomalia,0.0131,0.2967,0.8902,-0.8522,0.297,-0.0418,1.031,2880.0
Anomalia,0.0108,0.1959,0.4845,-0.4461,0.1962,-0.0912,-0.5438,2880.0
Anomalia,0.0581,0.9552,4.2468,-3.5962,0.957,0.6766,7.7702,3360.0
Anomalia,0.0164,1.3455,4.2468,-4.304,1.3456,0.0065,2.5864,3360.0
Anomalia,0.0189,1.5606,4.2468,-4.304,1.5607,0.0238,0.5461,3360.0
Anomalia,0.0103,1.6104,4.2468,-4.304,1.6105,0.0296,0.1579,3360.0
Anomalia,-0.02,1.3474,3.7477,-4.304,1.3475,-0.1772,0.6941,3360.0
Anomalia,0.0145,0.9681,2.6789,-2.5887,0.9682,0.0669,0.4414,3360.0
Anomalia,0.0022,0.5746,1.4264,-1.5671,0.5746,-0.1288,-0.2536,3360.0
Anomalia,0.0176,0.4322,1.0442,-1.0859,0.4325,-0.0807,-0.1174,2880.0
Anomalia,0.0032,0.2988,0.55,-0.6239,0.2988,-0.027,-1.0698,2880.0
Anomalia,0.0391,1.0542,4.8315,-4.0131,1.055,0.6824,7.7661,2880.0
Anomalia,0.0188,1.5058,4.8315,-4.7964,1.5059,0.0965,2.5267,3360.0
Anomalia,0.0119,1.8166,4.8315,-4.7964,1.8166,0.0457,0.3243,3360.0
Anomalia,0.0224,1.87,4.8315,-4.7964,1.8702,0.0262,-0.0143,3360.0
Anomalia,-0.0241,1.6034,4.4989,-4.7964,1.6036,-0.0858,0.5081,3360.0
Anomalia,0.0037,1.2024,3.4881,-3.4785,1.2024,-0.0455,0.9423,3360.0
Anomalia,0.0053,0.6349,1.6702,-1.6088,0.6349,-0.0194,-0.1587,3600.0
Anomalia,0.011,0.4433,1.1881,-1.2658,0.4435,-0.2045,0.5624,2880.0
Anomalia,0.01,0.2885,0.8401,-0.7529,0.2887,0.1088,0.2435,2880.0
Anomalia,0.0288,0.4451,1.7703,-1.709,0.446,0.2173,5.1611,2880.0
Anomalia,0.0028,0.6082,1.7703,-1.8509,0.6082,-0.1251,1.9784,3360.0
Anomalia,0.0003,0.7504,1.7703,-1.8509,0.7504,-0.0399,0.0998,3360.0
Anomalia,0.0099,0.7598,1.7703,-1.8509,0.7599,-0.0725,-0.0411,3360.0
Anomalia,-0.0141,0.6509,1.6627,-1.8509,0.651,-0.1148,0.7001,3360.0
Anomalia,0.0246,0.5094,1.6435,-1.5237,0.51,-0.0278,1.6186,2880.0
Anomalia,0.0188,0.2485,0.6106,-0.4553,0.2492,0.1953,-0.7066,3600.0
Anomalia,0.0097,0.2195,0.6106,-0.4553,0.2197,0.3073,-0.2315,2880.0
Anomalia,0.0061,0.2079,0.6106,-0.4553,0.208,0.3877,-0.1875,2880.0
Anomalia,0.0413,0.8705,3.9709,-3.3641,0.8715,0.828,7.9087,2880.0
Anomalia,0.0116,1.2317,3.9709,-3.7827,1.2317,0.1676,2.5917,2880.0
Anomalia,0.028,1.4471,3.9709,-3.7827,1.4474,0.0723,0.4992,3360.0
Anomalia,0.0143,1.4898,3.9709,-3.7827,1.4899,0.085,0.1411,3360.0
Anomalia,-0.0255,1.2592,3.6216,-3.7827,1.2595,-0.0671,0.6548,3360.0
Anomalia,0.0032,0.9228,2.6705,-2.5449,0.9228,0.0128,0.7153,3360.0
Anomalia,-0.0002,0.5376,1.166,-1.2048,0.5376,-0.0585,-0.5608,3360.0
Anomalia,0.0278,0.4132,1.1397,-1.0421,0.4142,-0.0338,0.1251,2880.0
Anomalia,0.0019,0.2774,0.6414,-0.6327,0.2774,0.0752,-0.7056,2880.0
Anomalia,0.068,1.0415,4.9992,-3.8737,1.0438,1.1078,8.8091,2880.0
Anomalia,-0.0015,1.5776,4.9992,-4.9533,1.5776,0.1999,2.5178,3360.0
Anomalia,0.0213,1.9068,4.9992,-4.9533,1.9069,0.102,0.2631,3360.0
Anomalia,0.0128,1.9747,4.9992,-4.9533,1.9747,0.0942,-0.1234,3360.0
Anomalia,-0.0383,1.7362,4.7593,-4.9533,1.7367,-0.0456,0.26,3360.0
Anomalia,0.0227,1.2759,3.6154,-3.5457,1.2761,0.0005,0.6917,3360.0
Anomalia,-0.0042,0.7032,1.8738,-2.0758,0.7033,-0.1343,0.0956,3360.0
Anomalia,0.0135,0.508,1.2916,-1.3409,0.5082,-0.0145,-0.1142,2880.0
Anomalia,0.0029,0.3297,0.6177,-0.7149,0.3297,-0.1101,-0.8904,2880.0
Anomalia,0.0397,0.7531,3.2706,-2.9096,0.7542,0.4711,6.4539,2880.0
Anomalia,-0.0182,0.9957,3.2706,-3.0991,0.9959,0.004,2.2921,3360.0
Anomalia,0.0214,1.2104,3.2706,-3.0991,1.2106,-0.0188,0.2295,3360.0
Anomalia,0.0071,1.2479,3.2706,-3.0991,1.2479,0.0137,-0.1143,3360.0
Anomalia,-0.0253,1.0648,2.5303,-3.0991,1.0651,-0.1026,0.0763,3360.0
Anomalia,0.0276,0.8356,2.4464,-2.2231,0.8361,0.0819,0.7619,3360.0
Anomalia,-0.0019,0.4591,1.0938,-1.0675,0.4591,0.0134,-0.5806,3360.0
Anomalia,0.0128,0.3658,0.8885,-0.8781,0.3661,-0.0703,-0.492,2880.0
Anomalia,0.0127,0.2622,0.5955,-0.5367,0.2625,-0.0397,-0.7986,2880.0
Anomalia,0.0052,0.7402,3.4968,-3.3191,0.7402,-0.1499,8.566,2880.0
Anomalia,0.0016,1.2691,3.938,-4.0552,1.2691,0.0213,2.6202,3120.0
Anomalia,-0.0009,1.5654,3.938,-4.0552,1.5654,0.037,0.3073,3360.0
Anomalia,-0.0018,1.6219,3.938,-4.0552,1.6219,0.0449,-0.0887,3360.0
Anomalia,0.0175,1.4992,3.938,-4.0552,1.4993,0.0402,0.3178,3360.0
Anomalia,0.0131,1.0899,3.077,-3.1233,1.0899,0.078,1.0126,3360.0
Anomalia,0.0175,0.5813,1.9281,-1.3438,0.5816,0.2323,0.3499,3360.0
Anomalia,0.0139,0.4068,1.1452,-1.0458,0.407,0.2055,0.6472,2880.0
Anomalia,0.0036,0.2544,0.5492,-0.5797,0.2544,-0.0419,-0.9412,2880.0
Anomalia,-0.0,0.7418,3.4397,-3.3641,0.7418,-0.2178,8.9773,2880.0
Anomalia,0.011,1.2286,4.0965,-3.8111,1.2287,0.1853,2.8551,2880.0
Anomalia,0.0064,1.4835,4.0965,-3.8111,1.4835,0.0869,0.4562,3360.0
Anomalia,0.023,1.5336,4.0965,-3.8111,1.5338,0.0581,0.0584,3360.0
Anomalia,0.013,1.4028,4.0965,-3.8111,1.4029,0.1328,0.4607,3360.0
Anomalia,0.0076,1.0103,2.7486,-2.6897,1.0103,-0.0556,0.5487,3360.0
Anomalia,0.016,0.5745,1.5713,-1.3017,0.5747,0.0789,-0.1925,3360.0
Anomalia,0.003,0.4667,1.1126,-1.1431,0.4667,-0.1298,-0.3128,2880.0
Anomalia,0.0301,0.3248,0.7662,-0.7424,0.3262,-0.017,-0.5979,2880.0
Anomalia,-0.0247,0.7831,3.1813,-3.7535,0.7835,-0.9536,9.1993,3120.0
Anomalia,0.0291,1.5433,4.8582,-5.0113,1.5436,0.0394,2.5704,3120.0
Anomalia,-0.0137,1.8719,4.8582,-5.0113,1.8719,0.0635,0.3674,3360.0
Anomalia,0.0209,1.9668,4.8582,-5.0113,1.9669,0.0296,-0.1648,3360.0
Anomalia,0.0454,1.8802,4.8582,-5.0113,1.8808,0.0736,0.0379,3360.0
Anomalia,0.0021,1.3441,3.602,-3.6934,1.3441,0.0458,0.4087,3360.0
Anomalia,0.0389,0.8044,2.537,-1.9423,0.8053,0.2364,0.3128,3360.0
Anomalia,-0.0033,0.5273,1.4465,-1.4031,0.5273,0.035,0.6191,2880.0
Anomalia,0.0134,0.3095,0.8952,-0.7708,0.3098,0.083,-0.1417,2880.0
Anomalia,-0.0001,0.3272,1.0734,-1.2462,0.3272,-0.4838,2.6647,2880.0
Anomalia,0.0161,0.4757,1.401,-1.3697,0.476,-0.0908,1.2508,3360.0
Anomalia,0.0113,0.6011,1.401,-1.3697,0.6012,0.0014,-0.292,3360.0
Anomalia,0.0181,0.6092,1.401,-1.3697,0.6094,-0.0272,-0.409,3360.0
Anomalia,0.0166,0.569,1.401,-1.3697,0.5692,0.0801,-0.1596,3360.0
Anomalia,0.0013,0.4444,1.3142,-1.1698,0.4444,0.1328,0.7107,3360.0
Anomalia,0.0034,0.2608,0.6139,-0.6348,0.2609,0.0,-0.9404,3360.0
Anomalia,0.0091,0.2511,0.5734,-0.4887,0.2513,0.0698,-1.0114,3360.0
Anomalia,0.0161,0.2509,0.5734,-0.4887,0.2514,0.0156,-0.992,3360.0
Anomalia,0.0329,0.5407,2.8162,-2.0191,0.5417,0.99,9.3448,3600.0
Anomalia,0.0219,1.2234,4.0536,-3.8007,1.2236,0.0751,2.887,3120.0
Anomalia,0.022,1.4315,4.0536,-3.8007,1.4316,0.0577,0.72,3360.0
Anomalia,0.0071,1.476,4.0536,-3.8007,1.476,0.0704,0.3275,3360.0
Anomalia,-0.0025,1.422,4.0536,-3.8007,1.422,0.0381,0.6132,3360.0
Anomalia,0.0136,0.9086,2.7097,-2.4673,0.9087,0.0139,0.8865,3360.0
Anomalia,0.0054,0.5146,1.2633,-1.5663,0.5147,-0.2395,0.026,3360.0
Anomalia,0.0056,0.3561,0.8722,-0.8676,0.3561,0.0128,0.1214,2880.0
Anomalia,0.0053,0.2287,0.5292,-0.5475,0.2288,-0.0764,-0.5039,2880.0
Anomalia,0.036,0.5147,2.8683,-1.9118,0.516,1.6814,12.6757,3360.0
Anomalia,0.0003,1.3379,4.2514,-4.1942,1.3379,0.129,2.615,3360.0
Anomalia,0.0502,1.5809,4.2514,-4.1942,1.5816,0.0316,0.5687,3360.0
Anomalia,0.0027,1.6926,4.2514,-4.1942,1.6926,0.0605,-0.1203,3360.0
Anomalia,-0.0128,1.6576,4.2514,-4.1942,1.6576,0.0382,-0.0065,3360.0
Anomalia,0.0246,1.1172,3.1204,-3.1454,1.1175,-0.0523,0.691,3360.0
Anomalia,-0.0218,0.7398,2.2039,-2.6359,0.7401,-0.3431,1.596,3600.0
Anomalia,0.0281,0.4458,1.0275,-1.0112,0.4467,-0.0625,-0.3486,2880.0
Anomalia,0.0017,0.3243,0.7829,-0.6723,0.3243,-0.0405,-0.8175,2880.0
Anomalia,0.0163,0.5953,2.9505,-2.8103,0.5955,0.7036,9.8174,2880.0
Anomalia,0.013,1.233,4.2668,-4.0302,1.233,0.0084,3.067,3360.0
Anomalia,0.0144,1.49,4.2668,-4.0302,1.4901,0.0172,0.5673,3360.0
Anomalia,0.013,1.5553,4.2668,-4.0302,1.5554,0.0057,0.0643,3360.0
Anomalia,-0.0043,1.4986,4.2668,-4.0302,1.4986,-0.0065,0.2538,3360.0
Anomalia,0.0175,1.0478,2.7874,-2.7911,1.0479,-0.0081,0.3297,3360.0
Anomalia,0.0019,0.6248,1.4941,-1.8091,0.6248,-0.1438,-0.0667,3600.0
Anomalia,0.0131,0.4273,1.05,-1.0291,0.4275,0.0013,-0.004,2880.0
Anomalia,0.0049,0.2892,0.7975,-0.6602,0.2893,0.0964,-0.4491,2880.0
Anomalia,0.0167,0.5352,2.8825,-1.9694,0.5355,1.3237,10.401,2880.0
Anomalia,0.0033,1.2902,4.2364,-4.0373,1.2902,0.1733,2.85,3360.0
Anomalia,0.036,1.5359,4.2364,-4.0373,1.5363,0.1018,0.6393,3360.0
Anomalia,0.0217,1.6121,4.2364,-4.0373,1.6123,0.0809,0.1,3360.0
Anomalia,0.0017,1.578,4.2364,-4.0373,1.578,0.069,0.2212,3360.0
Anomalia,0.0156,1.0624,2.9906,-2.9889,1.0625,0.0477,0.8267,3360.0
Anomalia,-0.0127,0.6643,1.845,-2.2824,0.6644,-0.3691,0.9668,3360.0
Anomalia,0.0063,0.46,1.0776,-1.2015,0.4601,-0.1303,-0.1861,2880.0
Anomalia,0.0078,0.3054,0.5596,-0.7065,0.3055,-0.1533,-0.8958,2880.0
Anomalia,0.0405,0.619,3.5444,-2.2636,0.6203,1.7342,13.6387,2880.0
Anomalia,0.0156,1.5581,5.1378,-5.0856,1.5582,0.0945,3.164,3120.0
Anomalia,0.0239,1.819,5.1378,-5.0856,1.8192,0.0785,0.9212,3360.0
Anomalia,-0.0017,1.9172,5.1378,-5.0856,1.9172,0.0926,0.251,3360.0
Anomalia,-0.0007,1.8954,5.1378,-5.0856,1.8954,0.0365,0.2385,3360.0
Anomalia,0.0061,1.2599,3.5098,-3.173,1.2599,0.0926,0.1712,3360.0
Anomalia,-0.0027,0.8374,2.022,-2.1831,0.8374,-0.0346,-0.2242,3360.0
Anomalia,0.024,0.62,1.565,-1.5717,0.6205,0.0852,0.0497,2880.0
Anomalia,-0.0129,0.4063,0.9682,-1.2299,0.4065,-0.1653,-0.049,2880.0
Anomalia,-0.0048,0.4698,1.9669,-1.9598,0.4698,-0.673,3.8158,3120.0
Anomalia,0.0409,1.5321,4.8156,-4.8999,1.5327,0.0438,2.7073,3120.0
Anomalia,-0.0033,1.794,4.8156,-4.8999,1.794,0.042,0.762,3360.0
Anomalia,0.0262,1.9888,4.8156,-4.8999,1.989,0.0328,-0.1837,3360.0
Anomalia,0.0156,2.0076,4.8156,-4.8999,2.0076,0.0512,-0.291,3360.0
Anomalia,-0.0213,1.3913,3.8975,-3.7518,1.3914,0.0806,0.4435,3360.0
Anomalia,0.0122,1.0176,3.8975,-3.1809,1.0177,0.2791,2.0336,3360.0
Anomalia,0.0051,0.5428,1.3417,-1.4139,0.5428,-0.1698,0.1274,2880.0
Anomalia,0.0189,0.3566,1.0738,-0.7595,0.3571,0.1371,-0.3844,2880.0
Anomalia,0.0266,0.4272,2.2649,-1.4102,0.4281,0.7655,5.9673,2880.0
Anomalia,0.0185,0.9607,3.2423,-3.0991,0.9609,-0.0437,2.881,2880.0
Anomalia,0.0054,1.1585,3.2423,-3.0991,1.1585,-0.0082,0.5317,3360.0
Anomalia,0.0046,1.2032,3.2423,-3.0991,1.2032,-0.0013,0.0983,3360.0
Anomalia,0.0004,1.1875,3.2423,-3.0991,1.1875,-0.0272,0.1373,3360.0
Anomalia,0.0136,0.8187,2.2582,-2.1785,0.8188,-0.0209,0.4068,3360.0
Anomalia,0.0123,0.4988,1.6677,-1.3209,0.4989,0.0579,-0.1487,3600.0
Anomalia,0.0244,0.407,0.8217,-0.8242,0.4078,-0.0163,-0.9924,3600.0
Anomalia,0.0028,0.3224,0.7358,-0.6602,0.3224,0.0535,-0.83,2880.0
Anomalia,-0.0203,0.3803,0.7963,-1.8413,0.3808,-1.1635,4.0508,2640.0
Anomalia,0.0161,0.9895,3.1287,-2.9593,0.9896,0.1748,2.3587,3120.0
Anomalia,-0.0206,1.133,3.1287,-2.9593,1.1331,0.1537,0.8255,3360.0
Anomalia,0.0291,1.201,3.1287,-2.9593,1.2014,0.0817,0.1751,3360.0
Anomalia,0.0335,1.1994,3.1287,-2.9593,1.1999,0.1094,0.1355,3360.0
Anomalia,-0.0005,0.7843,2.3104,-2.1655,0.7843,0.098,1.0481,3360.0
Anomalia,0.031,0.5366,2.0128,-1.3689,0.5375,0.5736,1.4899,3360.0
Anomalia,0.0044,0.351,0.7888,-0.9127,0.351,-0.1696,-0.2231,2880.0
Anomalia,0.0192,0.2533,0.707,-0.6861,0.254,-0.0575,0.1494,2880.0
Anomalia,0.0215,0.2827,0.7775,-1.7144,0.2835,-1.3948,7.7578,3360.0
Anomalia,-0.0131,1.3037,4.3069,-4.3382,1.3038,0.0341,3.5037,3360.0
Anomalia,0.0089,1.477,4.3069,-4.3382,1.477,0.064,1.3756,3360.0
Anomalia,0.0141,1.649,4.3069,-4.3382,1.6491,0.0498,0.1658,3360.0
Anomalia,0.0028,1.6739,4.3069,-4.3382,1.6739,0.0711,-0.0122,3360.0
Anomalia,0.0472,1.1004,2.9551,-2.855,1.1014,0.1235,0.2149,3360.0
Anomalia,0.0096,0.8618,2.9551,-2.855,0.8618,0.091,1.9295,3360.0
Anomalia,0.0093,0.4555,1.03,-1.083,0.4556,0.0117,-0.0606,3360.0
Anomalia,0.0134,0.3469,1.0099,-0.9123,0.3471,0.2241,-0.0006,2880.0
Anomalia,0.0053,0.3109,0.6331,-1.628,0.3109,-0.725,2.9233,2880.0
Anomalia,-0.0145,1.4122,4.8536,-4.6946,1.4123,0.193,3.5859,2880.0
Anomalia,0.0197,1.638,4.8536,-4.6946,1.6381,0.1088,1.1886,3360.0
Anomalia,0.0137,1.7884,4.8536,-4.6946,1.7884,0.0774,0.2119,3360.0
Anomalia,0.0104,1.8172,4.8536,-4.6946,1.8172,0.0841,0.0204,3360.0
Anomalia,0.0459,1.1982,3.2794,-3.1438,1.1991,-0.035,0.3281,3360.0
Anomalia,0.0024,0.881,2.8821,-3.1438,0.881,-0.0773,1.7312,3360.0
Anomalia,0.0115,0.4816,1.2958,-1.068,0.4817,0.0652,-0.0765,3600.0
Anomalia,0.0082,0.3404,0.8743,-0.9561,0.3405,0.0466,0.0612,2880.0
Anomalia,0.0115,0.2842,0.8121,-0.7654,0.2844,-0.0764,0.482,3360.0
Anomalia,0.001,0.6056,1.9343,-1.7737,0.6056,-0.0017,2.1934,3360.0
Anomalia,0.0256,0.6947,1.9343,-1.7737,0.6952,0.0037,0.7076,3360.0
Anomalia,0.0074,0.7688,1.9343,-1.7737,0.7688,-0.0193,-0.0544,3360.0
Anomalia,0.013,0.7839,1.9343,-1.7737,0.784,-0.0317,-0.2584,3360.0
Anomalia,0.0261,0.5562,1.6017,-1.5775,0.5568,-0.073,0.6192,3360.0
Anomalia,0.0039,0.4566,1.3618,-1.5775,0.4566,-0.2808,1.1961,3360.0
Anomalia,0.0206,0.2991,0.6126,-0.5488,0.2998,0.0843,-0.9755,3360.0
Anomalia,-0.0002,0.2489,0.5167,-0.5488,0.2489,-0.0308,-0.8595,2880.0
Anomalia,-0.0006,0.2833,0.6218,-1.7465,0.2833,-1.5541,8.0182,2880.0
Anomalia,-0.0109,1.2219,4.1579,-3.9238,1.2219,0.2271,3.5303,2880.0
Anomalia,0.0269,1.3975,4.1579,-3.9238,1.3977,0.1383,1.3589,3360.0
Anomalia,0.0186,1.5127,4.1579,-3.9238,1.5128,0.1054,0.4028,3360.0
Anomalia,0.0159,1.5354,4.1579,-3.9238,1.5355,0.1122,0.2078,3360.0
Anomalia,0.0295,0.9782,2.8241,-2.6538,0.9787,0.0371,0.7054,3360.0
Anomalia,0.0012,0.7157,2.322,-2.5466,0.7157,-0.1331,1.8493,3360.0
Anomalia,0.0015,0.4634,1.05,-0.9882,0.4635,-0.0435,-0.6424,3600.0
Anomalia,0.0236,0.3418,0.8547,-0.8751,0.3427,0.0421,-0.4093,2880.0
Anomalia,0.0169,0.3064,0.7458,-0.6314,0.3069,0.1113,-0.6123,2880.0
Anomalia,-0.0256,1.4554,4.8811,-4.9408,1.4556,0.1489,3.6998,2880.0
Anomalia,0.0513,1.6739,4.8811,-4.9408,1.6747,0.1256,1.3873,3360.0
Anomalia,-0.0057,1.9441,4.8811,-4.9408,1.9441,0.1059,-0.0316,3360.0
Anomalia,0.0145,1.9968,4.8811,-4.9408,1.9968,0.072,-0.3179,3360.0
Anomalia,0.0521,1.4167,3.6517,-3.7335,1.4177,0.0498,0.1454,3360.0
Anomalia,-0.0215,1.1483,3.6517,-3.7335,1.1485,-0.123,1.6734,3360.0
Anomalia,0.0228,0.6071,1.3964,-1.3651,0.6076,0.0409,-0.2275,3600.0
Anomalia,-0.003,0.4339,1.161,-1.199,0.4339,-0.0061,-0.2595,2880.0
Anomalia,0.0132,0.3568,0.7963,-0.7595,0.357,-0.0969,-0.621,2880.0
Anomalia,0.0034,0.8977,3.0503,-2.8053,0.8977,0.1414,2.7591,2880.0
Anomalia,0.0351,1.0232,3.0503,-2.8053,1.0238,0.0702,0.9454,3360.0
Anomalia,0.009,1.1025,3.0503,-2.8053,1.1025,0.0741,0.1678,3360.0
Anomalia,0.008,1.1259,3.0503,-2.8053,1.1259,0.0747,-0.0727,3360.0
Anomalia,0.0153,0.7625,2.0341,-1.8655,0.7627,-0.0019,-0.046,3360.0
Anomalia,-0.0149,0.5607,1.6531,-1.8655,0.5609,-0.1988,0.9062,3360.0
Anomalia,0.0199,0.373,0.7858,-0.7758,0.3736,0.0087,-0.8101,3360.0
Anomalia,0.0053,0.2907,0.6861,-0.7566,0.2908,-0.0044,-0.3755,2880.0
Anomalia,0.0379,0.2545,0.8968,-0.5517,0.2573,0.5161,0.7318,2880.0
Anomalia,0.0332,1.2413,4.1579,-4.2138,1.2418,0.0347,4.0132,2880.0
Anomalia,0.0267,1.4641,4.1579,-4.2138,1.4644,-0.0037,1.4482,3360.0
Anomalia,0.0067,1.6766,4.1579,-4.2138,1.6766,0.0022,0.083,3360.0
Anomalia,-0.0029,1.7177,4.1579,-4.2138,1.7177,0.0209,-0.1843,3360.0
Anomalia,-0.0022,1.2307,3.1742,-3.1843,1.2307,-0.0626,0.4352,3360.0
Anomalia,-0.0013,0.9577,3.1688,-3.1843,0.9577,-0.0755,1.8817,3360.0
Anomalia,0.0121,0.5157,1.3317,-1.1698,0.5158,0.097,-0.2513,2880.0
Anomalia,0.0065,0.3485,0.9098,-0.9202,0.3486,-0.0508,-0.181,2880.0
Anomalia,0.0076,0.2854,0.7533,-0.704,0.2855,0.0309,-0.339,2880.0
Anomalia,0.0488,1.1557,4.1591,-3.839,1.1567,0.322,4.2299,2880.0
Anomalia,0.0172,1.3494,4.1591,-3.839,1.3495,0.1432,1.6026,3360.0
Anomalia,0.0169,1.5372,4.1591,-3.839,1.5373,0.0931,0.1693,3360.0
Anomalia,0.0142,1.587,4.1591,-3.839,1.587,0.0864,-0.1827,3360.0
Anomalia,-0.0303,1.1541,2.7557,-2.8178,1.1545,-0.0822,-0.2055,3360.0
Anomalia,0.0112,0.9173,2.731,-2.8178,0.9173,-0.0343,0.8229,3360.0
Anomalia,0.0114,0.5812,1.2457,-1.2316,0.5813,-0.0927,-0.5,3360.0
Anomalia,0.0144,0.4485,1.2136,-1.2316,0.4487,-0.1155,0.0193,2880.0
Anomalia,0.0171,0.3283,0.8075,-0.7291,0.3288,0.0702,-0.6852,2880.0
Anomalia,0.0575,1.4169,5.0414,-5.1203,1.4181,0.1586,4.6585,2880.0
Anomalia,-0.0265,1.6539,5.0414,-5.1203,1.6541,0.0546,1.8238,3360.0
Anomalia,0.0252,1.9592,5.0414,-5.1203,1.9594,0.0223,0.0861,3360.0
Anomalia,-0.0003,2.0143,5.0414,-5.1203,2.0143,0.0499,-0.2154,3360.0
Anomalia,-0.041,1.5103,3.5995,-3.7276,1.5108,-0.0225,-0.1106,3360.0
Anomalia,0.0424,1.2448,3.5995,-3.7276,1.2455,0.1093,1.1444,3360.0
Anomalia,-0.0029,0.6606,1.6147,-1.6685,0.6606,-0.0554,0.001,3360.0
Anomalia,0.0178,0.468,1.6147,-1.4995,0.4684,0.2019,1.8074,2880.0
Anomalia,0.0119,0.3084,0.7733,-0.6969,0.3087,0.0398,-0.6838,2880.0
Anomalia,0.0106,0.5582,1.9097,-1.7415,0.5583,0.1637,2.5365,2880.0
Anomalia,-0.0123,0.6406,1.9097,-1.7415,0.6407,0.1348,0.9004,3360.0
Anomalia,0.0226,0.7388,1.9097,-1.7415,0.7392,0.0578,-0.2108,3360.0
Anomalia,0.0144,0.7419,1.9097,-1.7415,0.7421,0.0844,-0.2522,3360.0
Anomalia,0.0048,0.5514,1.4628,-1.3676,0.5514,0.0977,0.288,3360.0
Anomalia,0.0256,0.4407,1.4461,-1.3676,0.4414,0.2812,1.8554,3360.0
Anomalia,-0.0015,0.2809,0.659,-0.6803,0.2809,0.0751,-0.7367,3360.0
Anomalia,0.0057,0.2741,0.6794,-0.6803,0.2742,0.1921,-0.433,3360.0
Anomalia,0.0163,0.2779,0.6794,-0.6803,0.2784,0.1535,-0.495,3360.0
Anomalia,-0.0274,0.9755,3.7364,-3.4509,0.9759,-0.1119,4.9043,2880.0
Anomalia,0.0084,1.1939,3.7364,-3.4509,1.1939,0.0986,1.9038,2880.0
Anomalia,0.0162,1.3715,3.7364,-3.4509,1.3716,0.0699,0.3556,3360.0
Anomalia,0.0082,1.3937,3.7364,-3.4509,1.3937,0.0827,0.1581,3360.0
Anomalia,0.0565,1.0541,3.2957,-2.5286,1.0556,0.2412,0.8131,3360.0
Anomalia,0.0154,0.7949,2.6872,-2.5286,0.795,0.1043,1.9849,3360.0
Anomalia,0.0101,0.4016,1.0083,-0.8939,0.4017,0.0949,-0.2629,3600.0
Anomalia,0.008,0.3131,1.0083,-0.8259,0.3132,0.2733,0.6902,2880.0
Anomalia,0.0115,0.2279,0.535,-0.5768,0.2282,-0.0972,-0.2596,2880.0
Anomalia,-0.0356,1.0854,4.2731,-4.3369,1.086,-0.267,6.4878,3360.0
Anomalia,0.0317,1.3715,4.2731,-4.3369,1.3719,0.0325,2.2954,3360.0
Anomalia,0.0009,1.6365,4.2731,-4.3369,1.6365,0.0539,0.2207,3360.0
Anomalia,0.0172,1.6829,4.2731,-4.3369,1.683,0.0289,-0.1009,3360.0
Anomalia,0.0574,1.3358,3.9192,-3.1534,1.3371,0.1848,0.1392,3360.0
Anomalia,-0.0103,1.0545,2.8959,-2.9455,1.0546,0.0453,0.7266,3360.0
Anomalia,0.032,0.5586,1.4335,-1.1756,0.5595,0.042,-0.3017,3360.0
Anomalia,-0.0039,0.4339,1.1447,-1.083,0.4339,-0.0973,0.0035,2880.0
Anomalia,0.0183,0.3001,0.6757,-0.7228,0.3007,-0.2871,-0.2673,2880.0
Anomalia,-0.0175,1.071,4.2117,-3.9355,1.0711,-0.2111,5.5697,2880.0
Anomalia,-0.0021,1.3008,4.2117,-3.9355,1.3008,0.0164,1.947,3360.0
Anomalia,0.0211,1.463,4.2117,-3.9355,1.4631,0.0004,0.5047,3360.0
Anomalia,0.0046,1.5097,4.2117,-3.9355,1.5097,0.0291,0.1172,3360.0
Anomalia,0.0436,1.1148,3.3741,-2.5019,1.1156,0.2068,0.1583,3360.0
Anomalia,0.0224,0.8482,2.6359,-2.5019,0.8485,0.095,0.9989,3360.0
Anomalia,-0.0025,0.4998,1.2153,-1.2324,0.4999,0.0078,-0.225,3600.0
Anomalia,0.0064,0.332,0.8956,-0.8572,0.3321,0.0313,-0.0155,2880.0
Anomalia,0.0048,0.2481,0.684,-0.5884,0.2481,0.0739,-0.3121,2880.0
Anomalia,-0.0334,0.9546,3.703,-3.6283,0.9552,-0.1481,5.7603,2880.0
Anomalia,0.0181,1.1977,3.703,-3.6283,1.1978,0.0708,2.1765,3360.0
Anomalia,0.0123,1.4473,3.703,-3.6283,1.4473,0.0748,0.1705,3360.0
Anomalia,0.0129,1.4843,3.703,-3.6283,1.4844,0.0672,-0.1172,3360.0
Anomalia,0.0495,1.1821,3.4897,-2.8016,1.1831,0.1921,0.4208,3360.0
Anomalia,0.0036,0.9444,2.7611,-2.8016,0.9445,0.114,1.2763,3360.0
Anomalia,0.0076,0.5087,1.083,-1.0934,0.5087,-0.0172,-0.759,3360.0
Anomalia,0.0124,0.3973,1.0283,-1.0796,0.3975,-0.0316,-0.2963,2880.0
Anomalia,0.0077,0.3127,0.6126,-0.5759,0.3128,0.0549,-1.111,2880.0
Anomalia,-0.0068,1.2645,5.2388,-4.9212,1.2645,-0.0361,6.8129,2880.0
Anomalia,0.0393,1.5914,5.2388,-4.9212,1.5919,0.1039,2.6591,3360.0
Anomalia,0.0047,1.881,5.2388,-4.9212,1.8811,0.1111,0.4793,3360.0
Anomalia,0.0224,1.9365,5.2388,-4.9212,1.9366,0.0768,0.118,3360.0
Anomalia,0.0379,1.5664,4.6896,-4.2109,1.5668,0.1706,0.1732,3360.0
Anomalia,-0.015,1.2235,3.4852,-3.2773,1.2236,0.0953,0.5377,3360.0
Anomalia,0.015,0.7213,1.6364,-1.5976,0.7214,0.0309,-0.2511,3360.0
Anomalia,-0.0005,0.5878,1.6364,-1.5921,0.5878,0.0574,0.6395,2880.0
Anomalia,0.0011,0.3624,0.9023,-0.8843,0.3624,-0.0936,-0.2403,2880.0
Anomalia,0.038,1.0269,4.5398,-3.6788,1.0276,0.5316,6.4947,2880.0
Anomalia,0.0199,1.5007,4.5398,-4.8114,1.5008,0.0197,2.1683,3360.0
Anomalia,0.0195,1.8476,4.5398,-4.8114,1.8477,0.0277,0.1222,3360.0
Anomalia,0.0201,1.9075,4.5398,-4.8114,1.9076,0.021,-0.2215,3360.0
Anomalia,-0.0181,1.6806,4.4801,-4.8114,1.6807,-0.042,0.296,3360.0
Anomalia,-0.0019,1.283,3.6738,-3.6896,1.283,0.0713,0.9719,3360.0
Anomalia,0.0015,0.6674,1.671,-1.777,0.6674,-0.1036,-0.2065,3600.0
Anomalia,0.005,0.4617,1.1936,-1.295,0.4617,-0.2138,0.365,2880.0
Anomalia,0.0109,0.3171,0.9119,-0.8739,0.3172,-0.0193,0.2953,2880.0
Anomalia,0.0032,0.7912,3.2051,-3.0899,0.7913,-0.0267,6.3371,2880.0
Anomalia,0.0212,1.0104,3.2051,-3.0899,1.0106,-0.0076,1.9198,3360.0
Anomalia,-0.0004,1.1735,3.2051,-3.0899,1.1735,0.021,0.2597,3360.0
Anomalia,0.0073,1.2127,3.2051,-3.0899,1.2127,0.0017,-0.1114,3360.0
Anomalia,0.0158,0.968,2.5069,-2.8504,0.9681,0.0013,-0.0262,3360.0
Anomalia,0.0033,0.7411,2.2311,-2.0458,0.7411,-0.0572,0.7978,3360.0
Anomalia,0.0149,0.4461,0.8998,-0.9962,0.4463,-0.0454,-0.6208,3600.0
Anomalia,0.0115,0.3548,0.8288,-0.752,0.355,-0.0426,-0.7035,2880.0
Anomalia,-0.0043,0.2865,0.6427,-0.6481,0.2865,0.0638,-0.4716,2880.0
Anomalia,0.0413,0.8597,3.9885,-3.2089,0.8607,0.964,7.5268,2880.0
Anomalia,0.0026,1.2447,3.9885,-3.8173,1.2447,0.2126,2.5742,3120.0
Anomalia,0.0258,1.5207,3.9885,-3.8173,1.521,0.1163,0.3079,3360.0
Anomalia,0.011,1.5654,3.9885,-3.8173,1.5654,0.1235,-0.0269,3360.0
Anomalia,-0.0283,1.3725,3.8816,-3.8173,1.3728,0.01,0.4153,3360.0
Anomalia,0.0059,1.0402,3.1166,-2.8662,1.0402,0.1135,0.9291,3360.0
Anomalia,-0.009,0.548,1.2316,-1.229,0.5481,-0.0561,-0.3708,3360.0
Anomalia,0.0223,0.4102,1.2316,-1.1243,0.4108,0.067,0.7826,2880.0
Anomalia,-0.0023,0.2435,0.5263,-0.5576,0.2436,-0.082,-0.8771,2880.0
Anomalia,0.0006,0.6891,2.9355,-3.1813,0.6891,-0.4569,8.8859,3120.0
Anomalia,-0.0048,1.1719,3.6788,-3.6759,1.1719,0.011,2.5195,3120.0
Anomalia,-0.0051,1.3729,3.6788,-3.6759,1.3729,0.0395,0.4818,3360.0
Anomalia,0.012,1.434,3.6788,-3.6759,1.4341,0.0135,-0.0155,3360.0
Anomalia,0.022,1.3095,3.6788,-3.6759,1.3097,0.0671,0.3979,3360.0
Anomalia,0.0152,0.9093,2.5207,-2.3533,0.9094,0.1045,0.3347,3360.0
Anomalia,0.012,0.5607,1.7891,-1.436,0.5608,0.1661,0.2728,3360.0
Anomalia,0.0003,0.3805,0.9444,-0.9611,0.3805,0.0129,0.3491,2880.0
Anomalia,0.0152,0.2726,0.7458,-0.6231,0.273,0.05,-0.6616,2880.0
Anomalia,-0.0182,0.8427,3.6287,-3.9521,0.8429,-0.5097,9.4865,2880.0
Anomalia,0.0074,1.4904,4.9558,-4.8686,1.4904,0.1277,2.92,3360.0
Anomalia,0.0035,1.7906,4.9558,-4.8686,1.7906,0.0816,0.5029,3360.0
Anomalia,0.001,1.8439,4.9558,-4.8686,1.8439,0.0864,0.1468,3360.0
Anomalia,0.0315,1.6919,4.9558,-4.8686,1.6922,0.1307,0.6711,3360.0
Anomalia,0.0052,1.1855,3.4171,-3.2289,1.1856,0.0408,0.6962,3360.0
Anomalia,0.0139,0.6501,1.8246,-1.5375,0.6502,0.1565,-0.1628,3600.0
Anomalia,0.0091,0.4559,1.1873,-1.141,0.456,0.0335,0.2777,2880.0
Anomalia,0.0142,0.3305,0.9544,-0.8743,0.3308,-0.0325,0.1366,2880.0
Anomalia,-0.0071,0.4742,1.7303,-2.2427,0.4743,-0.9995,6.6592,2880.0
Anomalia,0.012,0.7883,2.421,-2.418,0.7884,-0.0826,2.2806,3360.0
Anomalia,-0.0063,0.9575,2.421,-2.418,0.9575,-0.0118,0.1955,3360.0
Anomalia,0.0158,0.9771,2.421,-2.418,0.9773,-0.0592,-0.0214,3360.0
Anomalia,0.0269,0.9023,2.421,-2.418,0.9027,0.0482,0.3651,3360.0
Anomalia,0.0131,0.6483,1.9064,-1.8939,0.6484,-0.0314,0.9197,3360.0
Anomalia,0.0253,0.3571,1.03,-0.8046,0.358,0.1624,-0.3699,3360.0
Anomalia,-0.0024,0.2796,0.674,-0.6423,0.2797,-0.0032,-0.6437,2880.0
Anomalia,0.0106,0.2305,0.4799,-0.5133,0.2308,-0.0037,-0.9103,2880.0
Anomalia,-0.01,0.6049,2.413,-2.8066,0.6049,-0.4691,8.0158,2880.0
Anomalia,0.0009,1.0524,3.314,-3.3124,1.0524,0.1522,2.7758,2880.0
Anomalia,0.006,1.2542,3.314,-3.3124,1.2542,0.1094,0.5077,3360.0
Anomalia,0.0102,1.282,3.314,-3.3124,1.2821,0.0954,0.2293,3360.0
Anomalia,0.0208,1.1759,3.314,-3.3124,1.1761,0.1729,0.7977,3360.0
Anomalia,0.0122,0.8079,2.4351,-2.2019,0.808,0.0952,0.9424,3360.0
Anomalia,0.0102,0.4286,1.0638,-0.9499,0.4287,0.0552,-0.5501,3360.0
Anomalia,0.0147,0.3425,0.8355,-0.8142,0.3429,-0.0035,-0.4191,2880.0
Anomalia,0.019,0.2545,0.5989,-0.447,0.2552,0.0887,-0.9388,2880.0
Anomalia,-0.0401,0.7951,3.3111,-3.9496,0.7961,-1.0059,10.6904,2880.0
Anomalia,0.0265,1.6192,5.1616,-5.1674,1.6194,0.0854,2.5991,3360.0
Anomalia,-0.0299,1.9489,5.1616,-5.1674,1.9492,0.1082,0.4128,3360.0
Anomalia,0.0212,2.0566,5.1616,-5.1674,2.0567,0.0538,-0.1636,3360.0
Anomalia,0.0586,1.9652,5.1616,-5.1674,1.966,0.0824,0.0403,3360.0
Anomalia,-0.0051,1.3848,3.8708,-3.7184,1.3849,0.0682,0.4318,3360.0
Anomalia,0.0471,0.8651,2.7632,-2.2411,0.8664,0.2443,0.4846,3360.0
Anomalia,-0.0122,0.5894,1.4757,-1.5187,0.5896,-0.0242,0.0719,2880.0
Anomalia,0.0091,0.3638,0.8451,-0.8952,0.3639,-0.0479,-0.6715,2880.0
Anomalia,-0.0211,0.5928,2.1948,-2.7861,0.5932,-0.9656,6.6764,2880.0
Anomalia,0.0243,0.947,3.1559,-2.8963,0.9473,-0.0129,2.4406,2880.0
Anomalia,0.0085,1.1608,3.1559,-2.8963,1.1608,0.017,0.2597,3360.0
Anomalia,0.0292,1.2083,3.1559,-2.8963,1.2087,-0.0266,-0.1763,3360.0
Anomalia,0.0393,1.1363,3.1559,-2.8963,1.137,0.0978,-0.0876,3360.0
Anomalia,-0.0085,0.8593,2.3362,-2.1768,0.8593,0.056,0.1624,3360.0
Anomalia,0.0158,0.5202,1.179,-1.0817,0.5205,0.0025,-0.6243,3360.0
Anomalia,0.0016,0.4388,0.9398,-1.0141,0.4388,-0.0594,-0.6299,2880.0
Anomalia,0.0152,0.3095,0.7124,-0.7675,0.3098,0.0632,-0.3481,2880.0
Anomalia,0.0217,0.5357,2.2536,-2.585,0.5361,-0.2318,6.4999,2880.0
Anomalia,0.0165,1.0293,3.0244,-3.2085,1.0295,-0.1216,2.3057,3120.0
Anomalia,0.0117,1.2445,3.0244,-3.2085,1.2445,-0.0366,0.3988,3360.0
Anomalia,0.017,1.3025,3.0244,-3.2085,1.3026,-0.0552,-0.0798,3360.0
Anomalia,0.0115,1.2499,3.0244,-3.2085,1.25,-0.0307,0.1474,3360.0
Anomalia,0.016,0.885,2.5115,-2.5382,0.8851,0.0259,1.0859,3360.0
Anomalia,0.0114,0.5139,1.5821,-1.9189,0.514,-0.1531,1.22,3360.0
Anomalia,0.0006,0.372,0.9457,-0.8685,0.372,0.064,-0.3948,2880.0
Anomalia,0.0008,0.2669,0.5843,-0.6736,0.2669,-0.2128,-0.7398,2880.0
Anomalia,0.0121,0.5484,2.7786,-2.7164,0.5486,0.7682,10.059,2880.0
Anomalia,0.0124,1.1991,3.9622,-3.8791,1.1992,0.1074,3.0287,2880.0
Anomalia,0.0324,1.4214,3.9622,-3.8791,1.4218,0.0467,0.7248,3360.0
Anomalia,0.0143,1.4969,3.9622,-3.8791,1.497,0.0491,0.1245,3360.0
Anomalia,0.009,1.46,3.9622,-3.8791,1.46,0.0234,0.221,3360.0
Anomalia,0.0037,1.0049,2.7064,-2.6772,1.0049,0.0094,0.2986,3360.0
Anomalia,0.0034,0.6418,1.7044,-2.0737,0.6418,-0.2656,0.5187,3360.0
Anomalia,0.0046,0.4964,1.1677,-1.1276,0.4964,-0.0635,-0.3917,3360.0
Anomalia,0.0121,0.3625,0.7992,-0.9115,0.3628,-0.3393,-0.3266,2880.0
Anomalia,0.0415,0.589,3.1045,-1.9393,0.5904,1.4165,8.8351,2880.0
Anomalia,-0.0051,1.5601,4.9934,-5.1374,1.5601,0.1244,2.7754,3120.0
Anomalia,0.049,1.849,4.9934,-5.1374,1.8497,0.0408,0.6511,3360.0
Anomalia,0.0015,1.9581,4.9934,-5.1374,1.9581,0.0758,0.0152,3360.0
Anomalia,-0.0078,1.9428,4.9934,-5.1374,1.9428,0.0481,0.0269,3360.0
Anomalia,0.0287,1.316,3.5982,-3.5832,1.3163,0.0056,0.4663,3360.0
Anomalia,-0.0182,0.8431,2.2795,-2.7486,0.8433,-0.2051,0.5745,3360.0
Anomalia,0.0196,0.5472,1.4298,-1.3484,0.5475,-0.0477,-0.0642,2880.0
Anomalia,-0.0036,0.3558,0.8756,-0.7838,0.3558,-0.0767,-0.7081,2880.0
Anomalia,0.0097,0.3452,1.224,-0.9373,0.3453,0.1655,0.6153,2880.0
Anomalia,0.0039,0.5374,1.5512,-1.5053,0.5374,-0.0378,1.0564,2880.0
Anomalia,0.0139,0.6091,1.5512,-1.5053,0.6093,-0.0136,0.0794,3360.0
Anomalia,0.0107,0.6227,1.5512,-1.5053,0.6228,-0.0246,-0.1119,3360.0
Anomalia,0.0057,0.5962,1.5512,-1.5053,0.5962,-0.0693,0.1549,3360.0
Anomalia,0.0152,0.4074,1.2311,-1.098,0.4076,0.0438,0.776,3360.0
Anomalia,0.0026,0.2623,0.7007,-0.8568,0.2623,-0.311,0.2707,3600.0
Anomalia,0.0154,0.2291,0.434,-0.4958,0.2296,-0.0249,-0.9606,3600.0
Anomalia,0.0119,0.2158,0.434,-0.4958,0.2161,-0.0404,-0.8405,2880.0
Anomalia,-0.0082,0.3441,1.3238,-1.873,0.3442,-1.6906,9.1266,3600.0
Anomalia,0.0182,1.0646,3.5006,-3.2886,1.0647,0.051,2.866,3120.0
Anomalia,-0.0131,1.2458,3.5006,-3.2886,1.2459,0.0591,0.8303,3360.0
Anomalia,0.0114,1.3108,3.5006,-3.2886,1.3108,0.041,0.2345,3360.0
Anomalia,0.0327,1.3115,3.5006,-3.2886,1.3119,0.0279,0.1819,3360.0
Anomalia,-0.0049,0.8483,2.5825,-2.3696,0.8483,0.0761,0.9946,3360.0
Anomalia,0.0323,0.5448,1.9873,-1.4323,0.5458,0.4837,1.2481,3360.0
Anomalia,0.0007,0.3543,1.0325,-0.8317,0.3543,0.1919,0.4546,2880.0
Anomalia,0.0068,0.2355,0.6631,-0.5212,0.2356,0.0161,-0.2755,2880.0
Anomalia,-0.0047,0.3621,0.9799,-1.921,0.3621,-2.1134,9.923,3360.0
Anomalia,0.0319,1.3445,4.1813,-4.3616,1.3448,-0.0492,2.839,3360.0
Anomalia,-0.0109,1.5536,4.1813,-4.3616,1.5536,-0.0354,0.8307,3360.0
Anomalia,0.0175,1.7112,4.1813,-4.3616,1.7113,-0.035,-0.1188,3360.0
Anomalia,0.0291,1.724,4.1813,-4.3616,1.7242,-0.033,-0.2142,3360.0
Anomalia,-0.0167,1.1493,2.9288,-3.1805,1.1494,0.0053,0.3068,3360.0
Anomalia,0.0397,0.854,2.9288,-2.6505,0.8549,0.1947,1.6987,3360.0
Anomalia,0.0077,0.4611,1.2115,-1.0988,0.4612,0.134,0.2775,3360.0
Anomalia,0.0195,0.3237,0.9912,-0.7583,0.3242,0.1218,-0.1864,2880.0
Anomalia,0.0144,0.3983,2.0236,-1.7465,0.3986,-0.5186,6.1528,2880.0
Anomalia,0.0166,1.2344,4.2781,-4.107,1.2345,-0.0023,3.2974,2880.0
Anomalia,-0.0097,1.474,4.2781,-4.107,1.474,0.0134,0.7921,3360.0
Anomalia,0.0158,1.5537,4.2781,-4.107,1.5537,0.002,0.1814,3360.0
Anomalia,0.0166,1.5575,4.2781,-4.107,1.5575,0.0061,0.125,3360.0
Anomalia,0.005,1.033,2.8362,-2.7607,1.033,0.0301,0.5127,3360.0
Anomalia,0.0298,0.6557,2.3588,-1.6572,0.6563,0.3719,0.8643,3360.0
Anomalia,0.0107,0.4308,0.9415,-1.0083,0.4309,-0.0483,-0.4914,2880.0
Anomalia,0.0081,0.2969,0.7833,-0.6005,0.297,0.2048,-0.635,2880.0
Anomalia,-0.0092,0.3651,0.8334,-1.6869,0.3652,-1.2356,4.5453,2880.0
Anomalia,0.0253,1.1938,3.8724,-3.771,1.1941,0.0281,2.7885,2880.0
Anomalia,-0.0184,1.392,3.8724,-3.771,1.3921,0.0455,0.8911,3360.0
Anomalia,0.0289,1.5168,3.8724,-3.771,1.517,0.0167,0.0399,3360.0
Anomalia,0.0275,1.5392,3.8724,-3.771,1.5394,0.03,-0.1345,3360.0
Anomalia,-0.0112,1.0442,2.943,-2.8875,1.0443,0.1072,0.7739,3360.0
Anomalia,0.038,0.7603,2.87,-2.2402,0.7612,0.3657,1.8494,3360.0
Anomalia,0.002,0.4874,1.0767,-1.2445,0.4874,-0.1356,-0.3167,2880.0
Anomalia,0.0196,0.3287,0.8722,-0.7053,0.3293,0.0322,-0.5412,2880.0
Anomalia,-0.0018,0.3877,0.7324,-1.954,0.3877,-1.8001,6.795,2880.0
Anomalia,-0.0089,1.3744,4.4563,-4.503,1.3745,0.0937,3.3538,2880.0
Anomalia,-0.003,1.5804,4.4563,-4.503,1.5804,0.0697,1.239,3360.0
Anomalia,0.0173,1.6904,4.4563,-4.503,1.6905,0.0493,0.3831,3360.0
Anomalia,0.0321,1.7031,4.4563,-4.503,1.7034,0.0424,0.2677,3360.0
Anomalia,0.0391,1.0936,3.2573,-2.8366,1.0943,0.0527,0.5729,3360.0
Anomalia,0.022,0.7578,2.6025,-2.3796,0.7581,0.2501,1.0624,3360.0
Anomalia,0.0034,0.5078,1.1815,-1.1994,0.5078,0.0892,-0.4629,2880.0
Anomalia,0.0055,0.3935,1.1598,-0.8664,0.3936,0.3423,-0.0252,2880.0
Anomalia,0.0223,0.3363,0.8338,-0.9607,0.337,-0.055,-0.1694,2880.0
Anomalia,-0.023,1.4262,4.6178,-4.9279,1.4264,-0.0506,3.5112,3120.0
Anomalia,0.0305,1.6706,4.6178,-4.9279,1.6709,-0.0059,1.1429,3360.0
Anomalia,0.0225,1.9361,4.6178,-4.9279,1.9363,-0.0112,-0.1465,3360.0
Anomalia,-0.0044,1.9839,4.6178,-4.9279,1.9839,0.0305,-0.3936,3360.0
Anomalia,0.0588,1.4404,3.7819,-3.7414,1.4416,0.039,0.1252,3360.0
Anomalia,-0.0038,1.1443,3.7819,-3.7414,1.1443,-0.0146,1.7771,3360.0
Anomalia,0.0133,0.5876,1.5016,-1.3751,0.5878,0.0289,0.0873,3360.0
Anomalia,0.0112,0.3863,1.247,-1.3655,0.3864,-0.0518,1.0695,2880.0
Anomalia,-0.0012,0.3329,0.7942,-1.3426,0.3329,-0.7358,1.7399,2880.0
Anomalia,0.0007,0.9068,3.1421,-2.8771,0.9068,-0.006,3.1633,2880.0
Anomalia,0.0064,1.074,3.1421,-2.8771,1.074,-0.0218,0.8423,3360.0
Anomalia,0.0145,1.157,3.1421,-2.8771,1.1571,-0.0227,0.0538,3360.0
Anomalia,0.0134,1.1668,3.1421,-2.8771,1.1669,-0.0035,-0.0577,3360.0
Anomalia,0.0232,0.7978,2.113,-2.1697,0.7981,-0.0327,0.3021,3360.0
Anomalia,0.0264,0.5526,1.8388,-1.9706,0.5532,0.0443,1.2121,3360.0
Anomalia,0.0037,0.3772,0.8017,-0.7558,0.3772,0.0791,-0.868,3600.0
Anomalia,0.0184,0.3089,0.7959,-0.5713,0.3095,0.1883,-0.6701,2880.0
Anomalia,0.0174,0.2976,0.7959,-0.8726,0.2981,0.1258,-0.2418,2880.0
Anomalia,-0.0114,0.928,3.0077,-2.895,0.9281,0.1633,2.6625,2880.0
Anomalia,0.0472,1.0761,3.0077,-2.895,1.0772,0.0705,0.9818,3360.0
Anomalia,0.0039,1.1926,3.0077,-2.895,1.1926,0.0882,0.0257,3360.0
Anomalia,0.0134,1.2159,3.0077,-2.895,1.2159,0.0643,-0.1871,3360.0
Anomalia,0.029,0.8503,2.4527,-2.3225,0.8508,0.0244,0.797,3360.0
Anomalia,-0.0107,0.6452,2.0654,-2.2636,0.6453,-0.2346,1.6443,3360.0
Anomalia,0.0188,0.3902,0.9557,-0.8464,0.3906,-0.0362,-0.6708,2880.0
Anomalia,0.0084,0.2803,0.6444,-0.694,0.2804,-0.1735,-0.3276,2880.0
Anomalia,0.0119,0.2349,0.6273,-0.5951,0.2352,-0.0929,-0.061,2880.0
Anomalia,0.0508,1.1906,4.2105,-4.0139,1.1917,0.2006,4.4136,3120.0
Anomalia,0.0018,1.3604,4.2105,-4.0139,1.3604,0.0994,1.9201,3360.0
Anomalia,0.0296,1.5666,4.2105,-4.0139,1.5668,0.0496,0.2467,3360.0
Anomalia,0.0049,1.6011,4.2105,-4.0139,1.6011,0.0834,-0.008,3360.0
Anomalia,-0.0212,1.111,2.7786,-2.9326,1.1112,-0.0625,0.0908,3360.0
Anomalia,0.0201,0.8983,2.7786,-2.6659,0.8985,0.1103,1.3761,3360.0
Anomalia,-0.0011,0.4559,0.9073,-1.0738,0.4559,-0.1832,-0.174,3360.0
Anomalia,0.0204,0.328,0.8914,-0.9465,0.3286,0.0985,0.5272,2880.0
Anomalia,0.0122,0.2332,0.52,-0.5271,0.2335,0.0044,-0.7616,2880.0
Anomalia,0.0578,1.2959,4.7413,-4.4838,1.2972,0.1622,4.6285,2880.0
Anomalia,-0.0108,1.5152,4.7413,-4.4838,1.5152,0.0599,1.705,3360.0
Anomalia,0.0266,1.7282,4.7413,-4.4838,1.7284,0.0181,0.2566,3360.0
Anomalia,-0.001,1.7671,4.7413,-4.4838,1.7671,0.0572,-0.0037,3360.0
Anomalia,-0.0375,1.2409,3.2089,-3.2606,1.2415,-0.0835,0.2031,3360.0
Anomalia,0.0269,0.9833,3.2089,-3.2606,0.9837,0.1064,1.7866,3360.0
Anomalia,-0.0012,0.5185,1.2357,-1.3976,0.5185,-0.1249,-0.1025,3600.0
Anomalia,0.0253,0.3704,1.1043,-1.0826,0.3713,-0.0435,0.5611,2880.0
Anomalia,0.022,0.2853,0.7988,-0.7399,0.2861,0.001,0.3716,2880.0
Anomalia,0.0285,0.6493,2.221,-2.0967,0.6499,-0.005,3.364,2880.0
Anomalia,-0.007,0.7469,2.221,-2.0967,0.7469,-0.0889,1.3067,3360.0
Anomalia,-0.0008,0.8431,2.221,-2.0967,0.8431,-0.0514,0.1672,3360.0
Anomalia,0.0115,0.8528,2.221,-2.0967,0.8529,-0.0861,0.0369,3360.0
Anomalia,-0.0016,0.5983,1.6063,-1.6631,0.5983,-0.276,0.7203,3360.0
Anomalia,0.0298,0.4788,1.6063,-1.6393,0.4797,0.0256,2.1109,2880.0
Anomalia,0.019,0.2645,0.5751,-0.4603,0.2652,0.0486,-1.0711,2880.0
Anomalia,0.0082,0.2348,0.472,-0.4603,0.2349,0.0169,-0.9685,2880.0
Anomalia,0.0182,0.2149,0.5743,-0.4111,0.2156,0.0513,-0.6764,2880.0
Anomalia,0.0454,1.0,3.4968,-3.2953,1.001,0.2072,4.011,2880.0
Anomalia,-0.0131,1.152,3.4968,-3.2953,1.1521,0.0753,1.628,2880.0
Anomalia,0.0322,1.3047,3.4968,-3.2953,1.305,0.0406,0.2751,3360.0
Anomalia,0.0024,1.3334,3.4968,-3.2953,1.3334,0.0947,0.022,3360.0
Anomalia,-0.023,0.9215,2.5441,-2.4176,0.9218,-0.0556,0.4793,3360.0
Anomalia,0.0362,0.7289,2.5441,-2.2678,0.7298,0.3151,1.9944,3360.0
Anomalia,-0.0008,0.4123,0.8655,-0.9519,0.4123,-0.1623,-0.594,3360.0
Anomalia,0.0289,0.3119,0.8655,-0.8322,0.3132,-0.0929,-0.2779,2880.0
Anomalia,0.0081,0.2475,0.5283,-0.4795,0.2477,0.0481,-1.0221,2880.0
Anomalia,0.0481,1.4218,5.1595,-5.1699,1.4226,0.3146,5.1254,2880.0
Anomalia,-0.0279,1.6688,5.1595,-5.1699,1.6691,0.1638,2.0285,3360.0
Anomalia,0.0273,1.9919,5.1595,-5.1699,1.9921,0.0785,0.097,3360.0
Anomalia,0.0071,2.0375,5.1595,-5.1699,2.0375,0.0942,-0.1539,3360.0
Anomalia,-0.0184,1.5089,3.7122,-3.7752,1.509,-0.0447,0.0413,3360.0
Anomalia,0.0474,1.2331,3.7122,-3.6813,1.234,0.0898,1.4142,3360.0
Anomalia,-0.0111,0.5963,1.2954,-1.4778,0.5964,-0.0992,-0.194,3600.0
Anomalia,0.0217,0.4421,1.2954,-1.2374,0.4427,0.1434,0.3503,2880.0
Anomalia,0.0111,0.3118,0.6619,-0.6919,0.312,-0.256,-0.7327,2880.0
Anomalia,0.0155,0.8539,3.1692,-2.8504,0.854,0.0464,4.1236,2880.0
Anomalia,-0.0068,1.0148,3.1692,-2.8504,1.0148,0.0336,1.3717,3360.0
Anomalia,0.0245,1.1481,3.1692,-2.8504,1.1484,0.0014,0.147,3360.0
Anomalia,0.0056,1.1766,3.1692,-2.8504,1.1767,0.043,-0.127,3360.0
Anomalia,0.0061,0.8691,2.2611,-2.1276,0.8691,0.0254,0.0533,3360.0
Anomalia,0.0233,0.6586,2.2098,-2.1276,0.659,0.1715,1.7089,3360.0
Anomalia,-0.0034,0.3816,0.8777,-0.9878,0.3816,-0.02,-0.5003,3360.0
Anomalia,0.0136,0.3104,0.7099,-0.712,0.3107,0.1392,-0.4789,2880.0
Anomalia,0.0216,0.2719,0.7099,-0.6243,0.2727,0.0765,-0.3934,2880.0
Anomalia,-0.0193,0.8275,3.0165,-2.9643,0.8278,-0.2867,4.3566,2880.0
Anomalia,0.0185,1.0148,3.0165,-2.9643,1.015,-0.0386,1.7713,2880.0
Anomalia,0.0115,1.2211,3.0165,-2.9643,1.2212,0.0025,0.0576,3360.0
Anomalia,0.007,1.2424,3.0165,-2.9643,1.2425,0.0123,-0.136,3360.0
Anomalia,0.0504,0.9877,2.8996,-2.4343,0.989,0.1284,0.5293,3360.0
Anomalia,0.0119,0.787,2.3308,-2.4343,0.7871,0.0608,1.6839,3360.0
Anomalia,0.0098,0.3825,0.8898,-0.8589,0.3826,0.0676,-0.5383,3360.0
Anomalia,0.0093,0.3011,0.8898,-0.7616,0.3012,0.2246,0.3205,2880.0
Anomalia,0.0063,0.2109,0.5117,-0.5192,0.211,0.1099,-0.6198,2880.0
Anomalia,-0.0283,1.0249,4.0352,-3.8303,1.0253,-0.0958,5.9812,2880.0
Anomalia,0.0318,1.2549,4.0352,-3.8303,1.2553,0.1063,2.3085,3360.0
Anomalia,0.0054,1.4786,4.0352,-3.8303,1.4786,0.0758,0.3371,3360.0
Anomalia,0.0292,1.519,4.0352,-3.8303,1.5193,0.0308,0.0126,3360.0
Anomalia,0.0473,1.1842,3.5678,-2.6759,1.1852,0.1751,0.1358,3360.0
Anomalia,0.0006,0.94,2.6893,-2.6759,0.94,-0.0758,0.8051,3360.0
Anomalia,0.0142,0.5486,1.3033,-1.2395,0.5488,-0.0041,-0.5098,3360.0
Anomalia,0.0078,0.4506,1.1122,-1.2395,0.4507,-0.1976,0.0428,2880.0
Anomalia,0.0237,0.3093,0.7287,-0.8059,0.3102,-0.1525,-0.3377,2880.0
Anomalia,-0.0441,1.2331,4.9479,-5.0714,1.2338,-0.2705,6.6888,2880.0
Anomalia,0.0497,1.5642,4.9479,-5.0714,1.565,0.0554,2.4646,3360.0
Anomalia,-0.0078,1.9011,4.9479,-5.0714,1.9011,0.0977,0.2503,3360.0
Anomalia,0.0169,1.9531,4.9479,-5.0714,1.9531,0.0578,-0.0644,3360.0
Anomalia,0.0739,1.5875,4.6574,-3.6016,1.5892,0.1934,0.1726,3360.0
Anomalia,-0.0199,1.2667,3.6003,-3.6016,1.2668,0.0717,0.9565,3360.0
Anomalia,0.0297,0.6555,1.6076,-1.5976,0.6561,-0.0016,-0.1736,3600.0
Anomalia,-0.0026,0.4807,1.4561,-1.3647,0.4807,-0.004,1.0111,2880.0
Anomalia,-0.0002,0.2941,0.7107,-0.7458,0.2941,-0.0903,-0.4465,2880.0
Anomalia,0.0132,0.3597,1.2028,-1.0321,0.36,0.0271,1.529,2880.0
Anomalia,0.0207,0.4088,1.2028,-1.0321,0.4094,0.0625,0.7379,3600.0
Anomalia,0.018,0.4961,1.2028,-1.0755,0.4964,-0.0248,-0.2133,3360.0
Anomalia,0.0201,0.5043,1.2028,-1.0755,0.5047,-0.0367,-0.3726,3360.0
Anomalia,0.0078,0.4295,1.0646,-1.0755,0.4296,0.0022,-0.0289,3360.0
Anomalia,-0.0036,0.3586,1.0646,-1.0755,0.3587,-0.1011,1.1629,3360.0
Anomalia,0.0132,0.2241,0.5388,-0.515,0.2245,0.0084,-0.7549,3360.0
Anomalia,0.0109,0.2386,0.5605,-0.5901,0.2389,-0.0062,-0.4824,3360.0
Anomalia,0.0155,0.2437,0.5605,-0.5901,0.2442,-0.0084,-0.5974,3360.0
Anomalia,0.061,0.8634,3.8837,-3.3036,0.8656,0.7869,7.4336,3120.0
Anomalia,-0.0002,1.2044,3.8837,-3.8199,1.2044,0.0863,2.6771,3360.0
Anomalia,0.0172,1.4057,3.8837,-3.8199,1.4058,0.0412,0.6023,3360.0
Anomalia,0.0064,1.4298,3.8837,-3.8199,1.4298,0.0576,0.3778,3360.0
Anomalia,-0.0307,1.1945,3.4897,-3.8199,1.1948,-0.1713,1.0233,3360.0
Anomalia,0.0196,0.8562,2.5958,-2.4184,0.8564,0.0391,1.1424,3360.0
Anomalia,0.01,0.4409,0.9882,-0.9732,0.441,-0.0503,-0.538,3360.0
Anomalia,0.0105,0.3444,0.9882,-0.8994,0.3446,0.1387,0.3362,2880.0
Anomalia,0.0091,0.2467,0.5384,-0.4904,0.2469,0.0844,-0.7659,3600.0
Anomalia,0.0559,0.8821,4.2163,-3.4793,0.8838,0.8487,8.7246,3600.0
Anomalia,-0.0081,1.3364,4.2163,-4.248,1.3364,0.0657,2.486,3360.0
Anomalia,0.0357,1.6315,4.2163,-4.248,1.6319,-0.0274,0.198,3360.0
Anomalia,-0.0042,1.6817,4.2163,-4.248,1.6818,0.0303,-0.1352,3360.0
Anomalia,-0.0251,1.4792,3.9605,-4.248,1.4794,-0.1279,0.2792,3360.0
Anomalia,0.0239,1.0941,2.9994,-3.1642,1.0944,-0.0506,0.8411,3360.0
Anomalia,0.0005,0.5677,1.3914,-1.744,0.5677,-0.1681,0.2034,3360.0
Anomalia,0.0264,0.4013,1.0788,-0.9728,0.4022,0.1829,0.0817,2880.0
Anomalia,0.0042,0.2798,0.5713,-0.5308,0.2798,0.0357,-1.0353,2880.0
Anomalia,0.0543,0.8772,4.0577,-3.3161,0.8788,0.8803,7.9786,2880.0
Anomalia,0.0008,1.2194,4.0577,-3.8512,1.2194,0.0992,2.3917,3360.0
Anomalia,0.0216,1.4525,4.0577,-3.8512,1.4526,0.0426,0.3467,3360.0
Anomalia,0.0123,1.5008,4.0577,-3.8512,1.5009,0.0527,-0.0316,3360.0
Anomalia,-0.0289,1.2648,3.1834,-3.8512,1.2651,-0.157,0.2947,3360.0
Anomalia,0.0196,0.9505,2.8162,-2.5749,0.9507,0.0298,0.9192,3360.0
Anomalia,0.0051,0.5175,1.2708,-1.267,0.5176,-0.0605,-0.0878,3600.0
Anomalia,0.011,0.3401,0.9281,-1.04,0.3403,-0.0721,0.486,2880.0
Anomalia,-0.0007,0.2333,0.6122,-0.6281,0.2333,0.0688,0.0367,2880.0
Anomalia,0.0671,0.9117,4.4012,-3.511,0.9142,1.0228,8.9086,2880.0
Anomalia,-0.0029,1.3443,4.4012,-4.2059,1.3443,0.1225,2.7658,3360.0
Anomalia,0.0388,1.6708,4.4012,-4.2059,1.6713,0.0331,0.2459,3360.0
Anomalia,0.0123,1.7272,4.4012,-4.2059,1.7272,0.0612,-0.1265,3360.0
Anomalia,-0.0419,1.5184,4.0565,-4.2059,1.519,-0.0612,0.237,3360.0
Anomalia,0.0142,1.1669,3.2464,-3.2544,1.167,0.0609,0.7228,3360.0
Anomalia,-0.0083,0.6253,1.3133,-1.5375,0.6254,-0.1146,-0.4225,3360.0
Anomalia,0.0252,0.4682,1.3133,-1.2766,0.4689,0.0026,0.183,2880.0
Anomalia,0.0108,0.2993,0.7308,-0.7045,0.2995,0.0579,-0.6489,2880.0
Anomalia,0.0038,0.906,4.3778,-4.0865,0.906,-0.0736,9.3488,2880.0
Anomalia,-0.0176,1.4734,4.9037,-4.695,1.4735,0.1437,2.9961,3120.0
Anomalia,0.0039,1.7662,4.9037,-4.695,1.7662,0.1094,0.5708,3360.0
Anomalia,0.0045,1.8369,4.9037,-4.695,1.8369,0.0978,0.0914,3360.0
Anomalia,0.0311,1.6761,4.9037,-4.695,1.6764,0.1012,0.434,3360.0
Anomalia,0.0288,1.2098,3.4555,-3.0966,1.2101,0.1243,0.3782,3360.0
Anomalia,0.0157,0.7119,1.8108,-1.5863,0.7121,0.0842,-0.1178,3360.0
Anomalia,0.0113,0.5389,1.4924,-1.4202,0.539,0.1876,0.5771,2880.0
Anomalia,0.0038,0.3385,0.8134,-0.7378,0.3386,0.0156,-0.5844,2880.0
Anomalia,-0.0244,0.7861,3.1317,-3.723,0.7865,-0.958,8.6019,2880.0
Anomalia,0.0273,1.5502,4.7814,-4.9834,1.5504,0.0553,2.424,3360.0
Anomalia,-0.0124,1.9066,4.7814,-4.9834,1.9066,0.0665,0.2599,3360.0
Anomalia,0.0298,2.0065,4.7814,-4.9834,2.0067,0.0294,-0.2583,3360.0
Anomalia,0.0435,1.915,4.7814,-4.9834,1.9155,0.0859,-0.019,3360.0
Anomalia,-0.0063,1.3833,3.7911,-3.834,1.3833,0.0783,0.6535,3360.0
Anomalia,0.0395,0.8076,2.7502,-2.0424,0.8085,0.3305,0.8245,3360.0
Anomalia,-0.0044,0.4985,1.2925,-1.2942,0.4985,-0.128,0.5143,2880.0
Anomalia,0.0281,0.3079,0.7178,-0.6669,0.3092,0.0161,-0.9584,2880.0
Anomalia,0.0026,0.5862,2.2411,-2.6158,0.5862,-0.5159,7.1424,2880.0
Anomalia,0.0056,0.9222,3.029,-2.9067,0.9222,-0.0263,2.3055,3600.0
Anomalia,0.008,1.0993,3.029,-2.9067,1.0993,-0.0006,0.2822,3360.0
Anomalia,0.0126,1.1236,3.029,-2.9067,1.1237,-0.0064,0.0277,3360.0
Anomalia,0.0213,1.0097,3.029,-2.9067,1.0099,0.0768,0.504,3360.0
Anomalia,0.0293,0.7164,2.0883,-1.9227,0.717,0.0144,0.8311,3360.0
Anomalia,0.0118,0.4054,0.8952,-0.7604,0.4055,0.0721,-0.8461,3600.0
Anomalia,0.0053,0.3475,0.7199,-0.7529,0.3476,-0.0125,-0.8741,2880.0
Anomalia,0.0162,0.2822,0.684,-0.6656,0.2826,-0.08,-0.5321,2880.0
Anomalia,-0.0342,0.6186,2.4381,-2.7836,0.6195,-0.7886,7.0773,2880.0
Anomalia,0.0256,1.0805,3.4647,-3.327,1.0808,0.1088,2.7371,3120.0
Anomalia,0.0103,1.3013,3.4647,-3.327,1.3013,0.1144,0.4691,3360.0
Anomalia,0.0175,1.3338,3.4647,-3.327,1.3339,0.0943,0.159,3360.0
Anomalia,0.048,1.2402,3.4647,-3.327,1.2411,0.1676,0.5884,3360.0
Anomalia,-0.0019,0.8681,2.6263,-2.345,0.8681,0.1451,0.9354,3360.0
Anomalia,0.0198,0.4564,1.1314,-0.934,0.4569,-0.0053,-0.5254,3360.0
Anomalia,0.0142,0.3578,0.9749,-0.9215,0.358,-0.1185,0.1031,2880.0
Anomalia,0.0129,0.2315,0.4586,-0.5288,0.2318,-0.1189,-0.8014,2880.0
Anomalia,0.053,0.5241,2.9631,-1.7645,0.5268,1.9057,12.9183,3120.0
Anomalia,-0.0006,1.2989,4.1938,-4.0602,1.2989,0.1194,2.6927,3120.0
Anomalia,0.0319,1.496,4.1938,-4.0602,1.4963,0.101,0.7744,3360.0
Anomalia,0.0157,1.5856,4.1938,-4.0602,1.5856,0.083,0.1136,3360.0
Anomalia,-0.0128,1.5369,4.1938,-4.0602,1.537,0.0628,0.3167,3360.0
Anomalia,0.037,0.9904,2.9326,-2.673,0.9911,0.0933,0.6872,3360.0
Anomalia,-0.0069,0.662,1.951,-2.2945,0.6621,-0.3199,1.242,3600.0
Anomalia,0.0165,0.4064,0.8735,-0.9649,0.4068,-0.0837,-0.2843,2880.0
Anomalia,0.0091,0.3328,0.7499,-0.7742,0.3329,-0.0328,-0.5436,2880.0
Anomalia,0.0239,0.5892,3.1605,-1.9982,0.5897,1.5691,10.842,2880.0
Anomalia,0.0096,1.4442,4.9166,-4.6854,1.4442,0.1845,3.1188,3360.0
Anomalia,0.0317,1.7211,4.9166,-4.6854,1.7214,0.0964,0.6787,3360.0
Anomalia,0.0126,1.7961,4.9166,-4.6854,1.7961,0.0996,0.1705,3360.0
Anomalia,-0.0049,1.7619,4.9166,-4.6854,1.7619,0.0732,0.2702,3360.0
Anomalia,0.021,1.182,3.2978,-3.1137,1.1821,0.0031,0.3684,3360.0
Anomalia,-0.0078,0.7351,1.7758,-2.153,0.7351,-0.1497,-0.026,3360.0
Anomalia,0.0093,0.5003,1.3209,-1.2366,0.5004,-0.0599,0.1222,2880.0
Anomalia,0.0057,0.3239,0.8422,-0.8505,0.3239,-0.1534,0.0358,2880.0
Anomalia,0.0243,0.3822,1.8121,-1.2879,0.383,0.8354,5.2469,2880.0
Anomalia,0.0055,0.8056,2.4998,-2.4506,0.8056,-0.0421,2.3567,3360.0
Anomalia,0.0313,0.9687,2.4998,-2.4506,0.9692,-0.0505,0.4137,3360.0
Anomalia,0.0047,1.0098,2.4998,-2.4506,1.0098,-0.013,-0.0269,3360.0
Anomalia,-0.0041,0.9901,2.4998,-2.4506,0.9901,-0.0445,0.0584,3360.0
Anomalia,0.0189,0.682,2.0629,-1.9802,0.6822,-0.0199,0.9603,3360.0
Anomalia,-0.0057,0.4295,0.9177,-1.4277,0.4295,-0.3837,0.1805,3360.0
Anomalia,0.0163,0.3302,0.6907,-0.6807,0.3306,0.0178,-0.8704,3360.0
Anomalia,0.0016,0.2814,0.5325,-0.5087,0.2814,-0.0153,-1.1404,3360.0
Anomalia,0.0406,0.5484,3.0511,-1.7595,0.5499,1.8572,10.6166,2880.0
Anomalia,0.0175,1.3493,4.4859,-4.3382,1.3494,0.148,3.2392,2880.0
Anomalia,0.04,1.6079,4.4859,-4.3382,1.6084,0.0849,0.7628,3360.0
Anomalia,0.0057,1.6653,4.4859,-4.3382,1.6653,0.1193,0.3207,3360.0
Anomalia,-0.0154,1.6326,4.4859,-4.3382,1.6326,0.0886,0.4359,3360.0
Anomalia,0.0084,1.0758,3.1626,-2.8291,1.0758,0.0925,0.7053,3360.0
Anomalia,-0.0078,0.6293,1.4957,-1.8242,0.6293,-0.1997,-0.1528,3360.0
Anomalia,0.0255,0.4821,1.1439,-1.1402,0.4828,-0.1086,-0.4175,2880.0
Anomalia,0.0098,0.345,0.7237,-0.7716,0.3451,-0.1335,-0.7538,2880.0
Anomalia,0.0385,0.5819,3.1884,-1.9035,0.5831,1.7681,10.3481,2880.0
Anomalia,-0.0022,1.5687,4.945,-5.1244,1.5687,0.125,2.7238,2880.0
Anomalia,0.0462,1.8586,4.945,-5.1244,1.8592,0.098,0.6606,3360.0
Anomalia,-0.0007,2.0055,4.945,-5.1244,2.0055,0.1009,-0.1079,3360.0
Anomalia,-0.0042,1.9905,4.945,-5.1244,1.9905,0.0629,-0.1046,3360.0
Anomalia,0.0257,1.3663,3.8286,-3.6684,1.3665,0.0854,0.548,3360.0
Anomalia,-0.0219,0.927,2.6926,-3.2322,0.9272,-0.2871,1.3045,3360.0
Anomalia,0.0171,0.5699,1.4139,-1.2658,0.5701,-0.0314,-0.4016,2880.0
Anomalia,0.0019,0.3972,0.7696,-0.8459,0.3972,-0.2278,-0.918,2880.0
Anomalia,0.0148,0.4535,2.1109,-1.2462,0.4537,0.6992,3.6106,2880.0
Anomalia,0.005,0.8846,2.9576,-2.7068,0.8846,0.1147,2.3753,2880.0
Anomalia,0.0229,1.0276,2.9576,-2.7068,1.0279,0.0549,0.6094,3360.0
Anomalia,-0.0006,1.0623,2.9576,-2.7068,1.0623,0.0967,0.2164,3360.0
Anomalia,-0.0026,1.0481,2.9576,-2.7068,1.0481,0.0365,0.2091,3360.0
Anomalia,0.0096,0.7176,2.0216,-1.8329,0.7177,0.0188,0.2316,3360.0
Anomalia,-0.004,0.4504,1.1301,-1.2082,0.4505,-0.119,-0.533,3360.0
Anomalia,0.0245,0.3579,0.8468,-0.8113,0.3587,-0.102,-0.6586,2880.0
Anomalia,0.0092,0.2557,0.5442,-0.6156,0.2559,0.0342,-0.5841,2880.0
Anomalia,-0.0083,0.3418,1.0479,-1.8375,0.3419,-1.845,8.6571,3120.0
Anomalia,0.0282,1.1442,3.5386,-3.6304,1.1445,-0.0371,2.727,3120.0
Anomalia,-0.0297,1.3405,3.5386,-3.6304,1.3408,0.0193,0.8194,3360.0
Anomalia,0.0193,1.4551,3.5386,-3.6304,1.4552,-0.0045,-0.0053,3360.0
Anomalia,0.0294,1.4714,3.5386,-3.6304,1.4717,0.0007,-0.1496,3360.0
Anomalia,-0.0035,0.9968,2.837,-2.8187,0.9968,0.0773,0.7781,3360.0
Anomalia,0.0421,0.7156,2.6029,-2.0053,0.7168,0.4554,1.4892,3360.0
Anomalia,-0.0033,0.4465,1.1356,-1.073,0.4465,0.1243,0.0463,3360.0
Anomalia,0.0164,0.2954,0.8685,-0.6615,0.2959,0.1057,-0.2905,2880.0
Anomalia,-0.0113,0.3614,1.1673,-1.714,0.3616,-1.2701,5.3657,2880.0
Anomalia,0.0328,1.2719,4.1625,-4.0419,1.2723,0.1284,3.0427,2880.0
Anomalia,-0.0103,1.4703,4.1625,-4.0419,1.4704,0.0922,0.9889,3360.0
Anomalia,0.0212,1.5987,4.1625,-4.0419,1.5989,0.065,0.0542,3360.0
Anomalia,0.0254,1.6208,4.1625,-4.0419,1.621,0.0641,-0.1107,3360.0
Anomalia,-0.0166,1.0807,2.847,-2.8066,1.0809,0.0392,0.1519,3360.0
Anomalia,0.0418,0.7956,2.6083,-2.2052,0.7967,0.2199,0.7498,3360.0
Anomalia,-0.0008,0.5156,1.1389,-1.1982,0.5156,-0.0943,-0.3533,3360.0
Anomalia,0.0265,0.3876,1.0696,-1.0216,0.3885,-0.0045,-0.2219,2880.0
Anomalia,-0.0079,0.4094,0.6707,-1.9193,0.4095,-1.3701,4.2103,2880.0
Anomalia,0.0261,1.5411,5.0197,-5.2492,1.5414,0.017,3.1765,2880.0
Anomalia,-0.0316,1.7977,5.0197,-5.2492,1.7979,0.0569,1.021,3360.0
Anomalia,0.0218,1.9709,5.0197,-5.2492,1.971,0.0287,0.0429,3360.0
Anomalia,0.0272,2.0021,5.0197,-5.2492,2.0023,0.0297,-0.1389,3360.0
Anomalia,-0.0096,1.3613,3.7435,-3.5661,1.3614,0.1127,0.3212,3360.0
Anomalia,0.0523,0.9918,3.5219,-2.908,0.9932,0.3097,1.3434,3360.0
Anomalia,-0.0063,0.5814,1.5057,-1.3284,0.5814,0.0568,-0.2762,2880.0
Anomalia,0.0184,0.395,1.1047,-0.856,0.3954,0.1405,-0.5784,2880.0
Anomalia,0.0066,0.3275,0.7558,-0.9377,0.3275,-0.1356,-0.449,2880.0
Anomalia,0.0056,0.6124,1.8784,-1.7691,0.6124,0.0797,1.5297,2880.0
Anomalia,0.0089,0.711,1.8784,-1.7691,0.711,0.0546,0.3646,3360.0
Anomalia,0.0224,0.761,1.8784,-1.7691,0.7613,0.0315,-0.2058,3360.0
Anomalia,0.019,0.7643,1.8784,-1.7691,0.7646,0.0567,-0.2708,3360.0
Anomalia,0.0167,0.5556,1.588,-1.4173,0.5559,0.0864,0.3575,3360.0
Anomalia,0.0147,0.3864,1.3146,-1.1147,0.3867,0.261,1.0117,3360.0
Anomalia,0.004,0.3061,0.6577,-0.5822,0.3061,0.1184,-0.9817,3360.0
Anomalia,0.0146,0.2972,0.6577,-0.5822,0.2975,0.0824,-0.883,3360.0
Anomalia,0.0144,0.3079,0.6577,-1.3517,0.3082,-0.3444,0.8944,3360.0
Anomalia,-0.0087,1.1117,3.6442,-3.5749,1.1118,0.0636,2.941,3120.0
Anomalia,0.0282,1.2583,3.6442,-3.5749,1.2586,0.0317,1.1847,3360.0
Anomalia,0.0071,1.3508,3.6442,-3.5749,1.3509,0.0372,0.3675,3360.0
Anomalia,0.0225,1.3659,3.6442,-3.5749,1.3661,0.0129,0.2238,3360.0
Anomalia,0.0347,0.8667,2.5466,-2.4197,0.8674,0.0191,0.8899,3360.0
Anomalia,0.0019,0.6195,2.0558,-2.2728,0.6195,-0.2358,2.1865,3360.0
Anomalia,0.0068,0.3691,0.9657,-0.8639,0.3692,0.1735,-0.298,2880.0
Anomalia,-0.0021,0.2769,0.6565,-0.8639,0.2769,-0.2172,-0.0882,2880.0
Anomalia,0.028,0.232,0.6861,-0.4912,0.2336,0.2678,-0.0604,2880.0
Anomalia,-0.0234,1.3616,4.516,-4.6474,1.3618,0.009,3.7032,3360.0
Anomalia,0.0627,1.5403,4.516,-4.6474,1.5416,-0.0099,1.5173,3360.0
Anomalia,-0.0049,1.77,4.516,-4.6474,1.77,0.0258,0.0609,3360.0
Anomalia,0.0026,1.8129,4.516,-4.6474,1.8129,0.0168,-0.2036,3360.0
Anomalia,0.047,1.2375,3.1183,-3.2686,1.2384,0.011,0.066,3360.0
Anomalia,-0.0308,1.015,3.1183,-3.2686,1.0155,-0.1783,1.4882,3360.0
Anomalia,0.0324,0.5235,1.295,-1.1669,0.5245,0.03,-0.0089,3360.0
Anomalia,0.0017,0.3726,1.0713,-1.1235,0.3726,-0.1022,0.272,2880.0
Anomalia,0.0024,0.3192,0.7362,-1.4123,0.3192,-0.5182,0.9929,2880.0
Anomalia,-0.0105,1.1837,4.2126,-3.9304,1.1837,0.09,3.6566,2880.0
Anomalia,0.0153,1.3754,4.2126,-3.9304,1.3754,0.067,1.2056,3360.0
Anomalia,0.008,1.4912,4.2126,-3.9304,1.4912,0.0397,0.2771,3360.0
Anomalia,0.0123,1.5252,4.2126,-3.9304,1.5252,0.0353,0.0082,3360.0
Anomalia,0.0366,1.0141,2.7001,-2.6438,1.0147,-0.0196,0.0881,3360.0
Anomalia,0.0011,0.7455,2.2736,-2.6438,0.7455,-0.1603,1.1382,3360.0
Anomalia,0.0082,0.476,1.1936,-1.0508,0.4761,0.0662,-0.436,3600.0
Anomalia,0.0031,0.333,0.7921,-0.9094,0.333,0.0454,-0.4684,2880.0
Anomalia,0.016,0.2989,0.7487,-0.7387,0.2993,0.0966,-0.222,2880.0
Anomalia,-0.0136,1.1573,3.8361,-3.7322,1.1574,0.0888,3.2052,2880.0
Anomalia,0.0429,1.312,3.8361,-3.7322,1.3127,0.0509,1.3162,3360.0
Anomalia,0.0121,1.4882,3.8361,-3.7322,1.4883,0.0387,0.1005,3360.0
Anomalia,0.0004,1.525,3.8361,-3.7322,1.525,0.0557,-0.169,3360.0
Anomalia,0.0316,1.0415,2.7774,-2.9167,1.042,0.017,0.5736,3360.0
Anomalia,-0.0108,0.8437,2.7774,-2.9167,0.8437,-0.177,1.9634,3360.0
Anomalia,0.0211,0.476,1.1009,-1.1694,0.4764,-0.1321,-0.4452,2880.0
Anomalia,0.0169,0.3395,0.7863,-0.8259,0.3399,-0.0662,-0.6614,2880.0
Anomalia,0.026,0.3017,0.7433,-0.6707,0.3028,0.0867,-0.6591,2880.0
Anomalia,0.0348,1.5112,5.2488,-5.2517,1.5116,0.1369,4.3406,2880.0
Anomalia,0.0133,1.7499,5.2488,-5.2517,1.7499,0.082,1.7322,3360.0
Anomalia,0.0091,1.9677,5.2488,-5.2517,1.9677,0.0676,0.3194,3360.0
Anomalia,0.0066,2.0238,5.2488,-5.2517,2.0238,0.0665,-0.0115,3360.0
Anomalia,-0.0143,1.4186,3.7552,-3.4171,1.4187,0.0026,-0.0339,3360.0
Anomalia,0.0001,1.1108,3.3478,-3.2986,1.1108,0.0492,0.9289,3360.0
Anomalia,0.0085,0.669,1.5383,-1.7244,0.6691,0.0029,0.0484,3360.0
Anomalia,0.0004,0.4917,1.5345,-1.5788,0.4917,-0.0407,1.2634,2880.0
Anomalia,0.0015,0.3322,0.6907,-0.7161,0.3322,0.0083,-0.7539,2880.0
Anomalia,0.0644,1.3537,4.6599,-4.9066,1.3552,0.2055,4.5513,2880.0
Anomalia,-0.0141,1.6082,4.6599,-4.9066,1.6082,0.061,1.5999,3360.0
Anomalia,0.0319,1.9107,4.6599,-4.9066,1.911,0.0233,-0.0261,3360.0
Anomalia,0.0081,1.9615,4.6599,-4.9066,1.9615,0.0488,-0.3001,3360.0
Anomalia,-0.05,1.4811,3.5448,-3.6921,1.4819,-0.0222,0.0163,3360.0
Anomalia,0.0262,1.2133,3.5448,-3.6921,1.2136,0.1136,1.3076,3360.0
Anomalia,-0.0096,0.6191,1.479,-1.6113,0.6192,-0.1559,-0.0909,3600.0
Anomalia,0.0185,0.4277,1.2695,-1.3296,0.4282,-0.0765,0.8193,2880.0
Anomalia,0.026,0.3135,0.9411,-0.9085,0.3146,-0.0011,0.927,2880.0
Anomalia,0.0315,0.8706,3.1175,-2.9614,0.8712,0.0401,4.0503,2880.0
Anomalia,0.0066,1.0206,3.1175,-2.9614,1.0207,0.0187,1.3594,3360.0
Anomalia,-0.0004,1.121,3.1175,-2.9614,1.121,0.0231,0.2956,3360.0
Anomalia,0.0062,1.1507,3.1175,-2.9614,1.1507,0.0101,-0.0116,3360.0
Anomalia,-0.0112,0.7929,2.0408,-1.9565,0.793,-0.0711,0.013,3360.0
Anomalia,0.0146,0.6009,1.9306,-1.9139,0.6011,-0.0399,1.0301,3360.0
Anomalia,0.0234,0.3975,0.8714,-0.8994,0.3982,0.1203,-0.782,3600.0
Anomalia,0.0045,0.3124,0.6682,-0.6669,0.3124,0.1963,-0.7408,2880.0
Anomalia,0.0141,0.2722,0.6682,-0.5233,0.2726,0.2969,-0.4281,2880.0
Anomalia,0.0435,1.1894,4.2213,-4.0703,1.1902,0.2657,4.198,2880.0
Anomalia,-0.0239,1.3842,4.2213,-4.0703,1.3844,0.0838,1.6735,3360.0
Anomalia,0.026,1.6117,4.2213,-4.0703,1.6119,0.0632,0.1334,3360.0
Anomalia,0.0012,1.6533,4.2213,-4.0703,1.6533,0.0951,-0.1494,3360.0
Anomalia,-0.0357,1.198,3.15,-2.9743,1.1985,-0.0107,0.3237,3360.0
Anomalia,0.035,0.9697,3.15,-2.9743,0.9704,0.3014,1.7187,3360.0
Anomalia,-0.0038,0.5234,1.1765,-1.1777,0.5234,-0.0269,-0.5608,3600.0
Anomalia,0.0257,0.3731,1.1765,-0.9131,0.374,0.1997,0.1472,2880.0
Anomalia,0.0177,0.2689,0.6314,-0.5922,0.2695,-0.055,-0.398,2880.0
Anomalia,-0.0244,0.9707,3.6984,-3.6738,0.971,-0.2107,5.5877,3120.0
Anomalia,-0.0048,1.2026,3.6984,-3.6738,1.2026,0.0756,2.1446,3360.0
Anomalia,0.001,1.4352,3.6984,-3.6738,1.4352,0.0887,0.171,3360.0
Anomalia,0.0152,1.4813,3.6984,-3.6738,1.4813,0.058,-0.1836,3360.0
Anomalia,0.0501,1.1691,3.4146,-2.7239,1.1702,0.2131,0.1553,3360.0
Anomalia,0.0202,0.9264,2.6622,-2.5641,0.9266,0.1515,0.8825,3360.0
Anomalia,0.0087,0.4986,1.2795,-1.0959,0.4987,0.0571,-0.1482,3360.0
Anomalia,0.001,0.3683,0.9432,-1.0959,0.3683,-0.1614,0.4235,2880.0
Anomalia,0.0124,0.2991,0.7353,-0.6878,0.2994,-0.0421,-0.5148,2880.0
Anomalia,-0.0282,1.2189,4.8406,-4.7355,1.2192,-0.1744,6.0099,2880.0
Anomalia,0.0112,1.5274,4.8406,-4.7355,1.5274,0.0914,2.0552,3360.0
Anomalia,0.0181,1.7652,4.8406,-4.7355,1.7653,0.072,0.3533,3360.0
Anomalia,0.0039,1.803,4.8406,-4.7355,1.803,0.0891,0.0999,3360.0
Anomalia,0.0562,1.3786,4.3227,-3.0757,1.3797,0.2645,0.5208,3360.0
Anomalia,0.0116,1.0484,3.3132,-3.0757,1.0485,0.1158,1.4053,3360.0
Anomalia,0.0091,0.5559,1.3981,-1.4047,0.556,0.0308,-0.2558,3600.0
Anomalia,0.0085,0.3959,1.1064,-1.06,0.396,0.1358,0.097,2880.0
Anomalia,0.0107,0.3153,0.8418,-0.7132,0.3155,0.0767,-0.3792,2880.0
Anomalia,-0.0178,0.6903,2.5107,-2.4815,0.6906,-0.2609,4.5134,2880.0
Anomalia,0.0216,0.8421,2.5107,-2.4815,0.8423,-0.0689,1.7411,3360.0
Anomalia,0.003,1.0088,2.5107,-2.4815,1.0088,-0.0387,0.0492,3360.0
Anomalia,0.0155,1.028,2.5107,-2.4815,1.0281,-0.0648,-0.1549,3360.0
Anomalia,0.0366,0.8228,2.2766,-1.9798,0.8236,0.026,0.221,3360.0
Anomalia,0.0025,0.6632,1.936,-1.9798,0.6632,-0.1057,1.2113,3360.0
Anomalia,0.0116,0.3823,0.8092,-0.7228,0.3825,0.0216,-1.0439,3360.0
Anomalia,0.0027,0.3302,0.7174,-0.694,0.3302,-0.0717,-0.8381,2880.0
Anomalia,0.0171,0.2591,0.5363,-0.5955,0.2596,-0.1264,-0.7295,2880.0
Anomalia,-0.0215,0.8824,3.3512,-3.1371,0.8826,-0.1035,4.7532,2880.0
Anomalia,0.0279,1.0772,3.3512,-3.1371,1.0776,0.0461,1.8611,2880.0
Anomalia,0.0073,1.2482,3.3512,-3.1371,1.2482,0.0692,0.2874,3360.0
Anomalia,0.0118,1.2691,3.3512,-3.1371,1.2691,0.0568,0.0847,3360.0
Anomalia,0.038,0.9693,3.0157,-2.4038,0.97,0.2061,0.732,3360.0
Anomalia,0.0091,0.7403,2.4076,-2.4038,0.7403,0.0215,1.9228,3360.0
Anomalia,0.0123,0.3988,0.8797,-0.8,0.3989,0.0088,-0.8598,3600.0
Anomalia,0.02,0.3366,0.8797,-0.7771,0.3371,-0.0129,-0.5414,2880.0
Anomalia,0.0142,0.2521,0.5864,-0.4941,0.2525,0.1929,-0.5978,2880.0
Anomalia,-0.0442,1.2699,5.081,-5.2488,1.2707,-0.28,6.9651,2880.0
Anomalia,0.0362,1.6609,5.081,-5.2488,1.6613,0.0873,2.338,3360.0
Anomalia,-0.0134,2.047,5.081,-5.2488,2.0471,0.1175,0.0977,3360.0
Anomalia,0.0316,2.1174,5.081,-5.2488,2.1177,0.0548,-0.2715,3360.0
Anomalia,0.072,1.7552,4.9955,-3.9605,1.7567,0.1964,0.03,3360.0
Anomalia,-0.0063,1.4001,3.8987,-3.9021,1.4001,0.102,0.7758,3360.0
Anomalia,0.0332,0.7297,1.964,-1.6935,0.7304,0.1177,0.0214,3600.0
Anomalia,-0.0081,0.5209,1.5629,-1.4749,0.521,-0.0059,0.7964,2880.0
Anomalia,0.0052,0.3334,0.858,-0.7099,0.3334,-0.0072,-0.4202,2880.0
Anomalia,-0.0025,0.7354,2.9021,-2.6947,0.7354,-0.0896,5.183,2880.0
Anomalia,0.0348,0.8977,2.9021,-2.6947,0.8983,0.0284,1.7919,3600.0
Anomalia,0.0128,1.0506,2.9021,-2.6947,1.0506,0.0302,0.2324,3360.0
Anomalia,0.0226,1.0831,2.9021,-2.6947,1.0834,0.003,-0.1118,3360.0
Anomalia,0.0204,0.869,2.2836,-2.0516,0.8692,0.1025,-0.1649,3360.0
Anomalia,-0.0165,0.6942,2.0913,-1.9585,0.6944,-0.0141,0.8484,3360.0
Anomalia,0.0165,0.4145,0.8768,-0.8614,0.4148,-0.067,-0.6779,3360.0
Anomalia,0.0038,0.3366,0.7675,-0.8493,0.3367,-0.0106,-0.3808,2880.0
Anomalia,0.023,0.2576,0.6782,-0.4641,0.2587,0.2821,-0.6983,2880.0
Anomalia,0.0408,0.6634,2.7627,-2.4184,0.6646,0.3711,5.5371,2880.0
Anomalia,0.0125,0.9164,2.7627,-2.6885,0.9165,-0.0025,2.0458,3120.0
Anomalia,0.0186,1.1105,2.7627,-2.6885,1.1106,-0.0242,0.1387,3360.0
Anomalia,0.0105,1.1329,2.7627,-2.6885,1.1329,-0.0064,-0.0884,3360.0
Anomalia,-0.0112,0.9756,2.6939,-2.6885,0.9756,-0.0943,0.4759,3360.0
Anomalia,0.0101,0.7392,2.1309,-2.1735,0.7392,-0.0171,1.2458,3360.0
Anomalia,0.002,0.3772,0.8655,-0.8931,0.3772,-0.0166,-0.5418,3360.0
Anomalia,0.0054,0.3006,0.8655,-0.7111,0.3006,0.1141,0.2769,2880.0
Anomalia,0.0043,0.2163,0.472,-0.4812,0.2163,0.0057,-0.9037,3360.0
Anomalia,0.0584,0.7991,3.7251,-2.9864,0.8012,1.0934,8.3699,2880.0
Anomalia,0.0193,1.1488,3.7251,-3.6667,1.1489,0.1309,2.7309,3120.0
Anomalia,0.0249,1.3723,3.7251,-3.6667,1.3725,0.0569,0.4257,3360.0
Anomalia,0.0138,1.4185,3.7251,-3.6667,1.4186,0.0684,0.0355,3360.0
Anomalia,-0.0292,1.2329,3.3854,-3.6667,1.2332,-0.1341,0.2794,3360.0
Anomalia,0.012,0.92,2.5199,-2.3538,0.9201,-0.0273,0.3442,3360.0
Anomalia,0.0118,0.5497,1.2846,-1.3025,0.5498,-0.083,-0.4749,3360.0
Anomalia,0.0194,0.4447,1.068,-1.0554,0.4452,-0.1094,-0.2261,2880.0
Anomalia,0.0102,0.3103,0.6619,-0.7984,0.3104,-0.1951,-0.3908,2880.0
Anomalia,0.0708,1.0463,4.9884,-4.0097,1.0487,0.9036,8.6465,2880.0
Anomalia,-0.0129,1.5779,4.9884,-5.24,1.5779,0.0794,2.7267,3120.0
Anomalia,0.0398,1.9144,4.9884,-5.24,1.9148,0.0299,0.3559,3360.0
Anomalia,0.0029,1.9776,4.9884,-5.24,1.9776,0.0703,-0.017,3360.0
Anomalia,-0.0433,1.7493,4.8181,-5.24,1.7499,-0.0509,0.3628,3360.0
Anomalia,0.0292,1.3032,3.7251,-3.4751,1.3035,0.1041,0.5896,3360.0
Anomalia,-0.0127,0.7084,1.7595,-1.8471,0.7085,-0.0782,-0.1675,3600.0
Anomalia,0.0236,0.5092,1.426,-1.3421,0.5098,0.0283,0.4519,2880.0
Anomalia,0.0081,0.3121,0.7842,-0.7854,0.3122,-0.0571,-0.2464,2880.0
Anomalia,0.02,0.4207,1.7616,-1.5141,0.4212,0.3696,4.4238,2880.0
Anomalia,0.0041,0.5592,1.7616,-1.5441,0.5593,0.1625,1.7315,2880.0
Anomalia,0.0139,0.661,1.7616,-1.5441,0.6611,0.0853,0.1281,3360.0
Anomalia,0.0099,0.6734,1.7616,-1.5441,0.6735,0.0954,-0.0764,3360.0
Anomalia,0.0023,0.5844,1.5671,-1.5441,0.5844,0.0238,0.2172,3360.0
Anomalia,0.0159,0.4508,1.3146,-1.2098,0.4511,0.024,0.5472,3360.0
Anomalia,0.0109,0.267,0.6076,-0.5137,0.2672,0.012,-0.9938,3600.0
Anomalia,0.0162,0.2548,0.5062,-0.4753,0.2553,0.0332,-0.9728,2880.0
Anomalia,0.0142,0.2208,0.5062,-0.4628,0.2213,0.159,-0.6249,2880.0
Anomalia,-0.0129,0.5764,2.1251,-2.711,0.5765,-0.9633,7.9127,3120.0
Anomalia,0.0001,0.9458,3.1275,-2.8466,0.9458,0.0747,2.6433,3120.0
Anomalia,0.006,1.1477,3.1275,-2.8466,1.1477,0.0423,0.4117,3360.0
Anomalia,0.0194,1.1737,3.1275,-2.8466,1.1738,0.0095,0.1327,3360.0
Anomalia,0.0372,1.0603,3.1275,-2.8466,1.061,0.1447,0.7319,3360.0
Anomalia,0.0166,0.7539,2.2611,-2.3062,0.7541,0.0168,1.4874,3360.0
Anomalia,0.0164,0.3645,0.8968,-0.7992,0.3648,0.0891,-0.4692,3360.0
Anomalia,-0.0009,0.2662,0.7616,-0.6932,0.2662,0.1627,0.3384,2880.0
Anomalia,0.0194,0.1781,0.4198,-0.5175,0.1791,-0.0261,-0.0628,2880.0
Anomalia,-0.0237,0.657,2.7552,-3.4939,0.6575,-1.4378,12.5349,2880.0
Anomalia,0.0257,1.3115,4.1721,-4.2276,1.3118,-0.0162,2.8305,3360.0
Anomalia,-0.0024,1.6226,4.1721,-4.2276,1.6226,0.0092,0.3461,3360.0
Anomalia,0.0099,1.7033,4.1721,-4.2276,1.7033,0.0044,-0.1727,3360.0
Anomalia,0.0474,1.624,4.1721,-4.2276,1.6247,0.0444,0.0112,3360.0
Anomalia,-0.0035,1.1759,3.1613,-3.2548,1.1759,0.0294,0.5089,3360.0
Anomalia,0.0363,0.697,2.1835,-1.8196,0.698,0.1749,0.2118,3360.0
Anomalia,0.0093,0.479,1.2361,-1.1009,0.4791,0.1497,0.1541,2880.0
Anomalia,0.0243,0.3347,0.6899,-0.6915,0.3356,0.0477,-0.7588,2880.0
Anomalia,-0.0015,0.7599,3.3249,-3.4718,0.7599,-0.4338,8.3589,2880.0
Anomalia,-0.0004,1.2423,4.1846,-3.973,1.2423,0.0884,2.6708,3120.0
Anomalia,0.0056,1.4842,4.1846,-3.973,1.4842,0.0705,0.4295,3360.0
Anomalia,0.0094,1.5258,4.1846,-3.973,1.5258,0.0637,0.0987,3360.0
Anomalia,0.0301,1.3874,4.1846,-3.973,1.3877,0.1206,0.5225,3360.0
Anomalia,0.0271,0.9757,2.8675,-2.5553,0.9761,0.0609,0.7178,3360.0
Anomalia,0.0128,0.5473,1.2737,-1.1281,0.5474,0.1289,-0.3451,3360.0
Anomalia,0.0089,0.4096,1.0029,-0.9816,0.4097,0.0653,-0.1537,2880.0
Anomalia,0.0086,0.2685,0.709,-0.6085,0.2686,0.1154,-0.0225,2880.0
Anomalia,-0.0342,0.6986,2.741,-3.3783,0.6994,-0.9913,8.657,2880.0
Anomalia,0.0308,1.2729,4.092,-3.882,1.2733,0.0826,2.6271,3120.0
Anomalia,-0.007,1.5497,4.092,-3.882,1.5497,0.0834,0.391,3360.0
Anomalia,0.0302,1.6128,4.092,-3.882,1.6131,0.03,-0.0666,3360.0
Anomalia,0.046,1.5268,4.092,-3.882,1.5275,0.1126,0.1539,3360.0
Anomalia,-0.0036,1.0991,2.9927,-3.1208,1.0991,0.0244,0.61,3360.0
Anomalia,0.0354,0.6454,1.916,-1.4164,0.6463,0.1227,-0.078,3360.0
Anomalia,0.0028,0.4941,1.2737,-1.4164,0.4941,-0.1911,0.2767,2880.0
Anomalia,0.0258,0.2952,0.6527,-0.5705,0.2963,0.0722,-0.86,2880.0
Anomalia,0.0094,0.6417,2.9622,-3.5978,0.6417,-0.4552,11.3906,3120.0
Anomalia,0.0144,1.3069,4.3307,-4.0778,1.3069,0.0529,3.0572,3120.0
Anomalia,0.022,1.5418,4.3307,-4.0778,1.542,0.0542,0.7567,3360.0
Anomalia,0.0167,1.5993,4.3307,-4.0778,1.5994,0.0512,0.2863,3360.0
Anomalia,0.029,1.5229,4.3307,-4.0778,1.5232,0.0738,0.5589,3360.0
Anomalia,0.0218,1.0231,2.991,-2.7269,1.0233,0.0875,0.6032,3360.0
Anomalia,-0.0009,0.6025,1.5345,-1.8054,0.6025,-0.0329,-0.127,3360.0
Anomalia,0.0102,0.467,1.1769,-1.1306,0.4671,0.0874,-0.3701,2880.0
Anomalia,-0.0002,0.341,0.8247,-0.9194,0.341,0.0648,-0.4671,2880.0
Anomalia,0.0383,0.559,3.1041,-1.8125,0.5603,1.6837,10.2665,3600.0
Anomalia,0.0089,1.4982,4.7935,-4.8578,1.4982,0.0767,2.8048,3120.0
Anomalia,0.0482,1.8047,4.7935,-4.8578,1.8053,0.0604,0.619,3360.0
Anomalia,0.0187,1.9393,4.7935,-4.8578,1.9393,0.0468,-0.1119,3360.0
Anomalia,-0.0133,1.929,4.7935,-4.8578,1.9291,0.055,-0.1238,3360.0
Anomalia,0.0328,1.3518,3.7372,-3.6725,1.3522,0.0317,0.5633,3360.0
Anomalia,-0.0186,0.8931,2.5557,-3.0866,0.8933,-0.3026,1.1709,3360.0
Anomalia,0.0164,0.5383,1.4294,-1.4068,0.5385,0.0109,0.4432,2880.0
Anomalia,0.0109,0.3285,0.8004,-0.9461,0.3287,-0.2464,-0.0222,2880.0
Anomalia,0.007,0.4343,1.8947,-2.0608,0.4344,0.1248,6.0495,2880.0
Anomalia,0.0172,0.8025,2.6576,-2.5078,0.8027,0.012,2.5453,2880.0
Anomalia,0.014,0.9794,2.6576,-2.5078,0.9795,-0.0025,0.2879,3360.0
Anomalia,0.0107,1.0092,2.6576,-2.5078,1.0092,0.001,-0.0419,3360.0
Anomalia,0.0076,0.9756,2.6576,-2.5078,0.9757,-0.0047,0.0716,3360.0
Anomalia,0.0108,0.6965,1.9398,-1.8384,0.6966,-0.0617,0.4023,3360.0
Anomalia,0.0111,0.4186,0.8522,-1.1301,0.4188,-0.1353,-0.4854,3360.0
Anomalia,0.0056,0.3709,0.7474,-0.7796,0.371,-0.0297,-0.6557,3360.0
Anomalia,0.0146,0.2896,0.7249,-0.6139,0.29,0.0267,-0.3766,3360.0
Anomalia,0.0351,0.4787,2.3358,-1.666,0.48,1.1699,7.0738,2880.0
Anomalia,0.0118,1.1327,3.7026,-3.559,1.1327,0.1019,2.78,3120.0
Anomalia,0.0429,1.3502,3.7026,-3.559,1.3509,0.047,0.6346,3360.0
Anomalia,0.0032,1.4051,3.7026,-3.559,1.4051,0.0955,0.1629,3360.0
Anomalia,-0.0144,1.3856,3.7026,-3.559,1.3857,0.0844,0.2234,3360.0
Anomalia,0.0154,0.9373,2.7907,-2.5194,0.9374,0.0749,0.754,3360.0
Anomalia,-0.013,0.5549,1.3142,-1.7303,0.5551,-0.2775,0.0753,3360.0
Anomalia,0.0272,0.3971,0.9832,-0.9665,0.3981,-0.1017,0.188,2880.0
Anomalia,0.0138,0.2373,0.6156,-0.558,0.2377,-0.0637,-0.4706,2880.0
Anomalia,-0.0095,0.3299,1.6059,-1.5725,0.33,-0.9938,8.3543,3120.0
Anomalia,0.0289,1.109,3.6442,-3.4134,1.1093,0.1503,2.816,3120.0
Anomalia,-0.0087,1.2838,3.6442,-3.4134,1.2838,0.1445,0.8394,3360.0
Anomalia,0.0161,1.413,3.6442,-3.4134,1.4131,0.1167,-0.1092,3360.0
Anomalia,0.027,1.4315,3.6442,-3.4134,1.4317,0.0978,-0.2659,3360.0
Anomalia,-0.0007,0.9809,2.7031,-2.4673,0.9809,0.1183,0.0804,3360.0
Anomalia,0.018,0.7338,2.7031,-2.0595,0.7341,0.3234,1.3002,3360.0
Anomalia,0.0052,0.4522,1.0613,-1.1301,0.4522,-0.077,0.1443,3360.0
Anomalia,0.0202,0.3008,0.9014,-0.8726,0.3014,0.1344,0.4458,2880.0
Anomalia,-0.0118,0.3646,1.8459,-1.7662,0.3648,-0.9208,8.5666,2880.0
Anomalia,0.0423,1.3764,4.6182,-4.6207,1.3771,0.0911,3.3406,2880.0
Anomalia,-0.0102,1.6314,4.6182,-4.6207,1.6315,0.0655,0.9163,3360.0
Anomalia,0.018,1.7459,4.6182,-4.6207,1.746,0.0517,0.1349,3360.0
Anomalia,0.0244,1.7636,4.6182,-4.6207,1.7638,0.0455,0.0041,3360.0
Anomalia,-0.0224,1.1745,3.2348,-3.1333,1.1747,0.028,0.4168,3360.0
Anomalia,0.0323,0.7856,2.8245,-2.1263,0.7863,0.3503,1.1069,3360.0
Anomalia,0.0001,0.4844,1.2574,-1.1936,0.4844,-0.0645,0.0635,3600.0
Anomalia,0.023,0.2988,1.0033,-0.7212,0.2997,0.0545,0.244,2880.0
Anomalia,0.0053,0.2995,0.7007,-1.373,0.2995,-1.0384,3.4921,2880.0
Anomalia,0.0193,0.9317,2.9042,-2.9564,0.9319,-0.0471,2.7014,2880.0
Anomalia,-0.0113,1.0765,2.9042,-2.9564,1.0765,-0.0119,0.9073,3360.0
Anomalia,0.0131,1.154,2.9042,-2.9564,1.1541,-0.0173,0.1554,3360.0
Anomalia,0.0257,1.1649,2.9042,-2.9564,1.1652,-0.0305,0.0307,3360.0
Anomalia,0.005,0.763,2.2478,-2.171,0.763,0.0164,0.9407,3360.0
Anomalia,0.0294,0.5405,1.9748,-1.6046,0.5413,0.3424,1.3986,3360.0
Anomalia,0.0043,0.3623,0.8309,-0.8,0.3624,-0.0068,-0.8426,2880.0
Anomalia,0.013,0.2841,0.5338,-0.53,0.2843,-0.0363,-1.1759,2880.0
Anomalia,0.0015,0.3611,1.4148,-1.6723,0.3611,-1.0521,4.957,2880.0
Anomalia,0.0321,1.0619,3.5277,-3.3274,1.0624,0.0909,2.9832,2880.0
Anomalia,-0.0097,1.2644,3.5277,-3.3274,1.2645,0.0932,0.7791,3360.0
Anomalia,0.0238,1.3349,3.5277,-3.3274,1.3351,0.0512,0.1524,3360.0
Anomalia,0.0153,1.3417,3.5277,-3.3274,1.3418,0.085,0.0667,3360.0
Anomalia,-0.006,0.9007,2.5637,-2.4614,0.9007,0.0632,0.7541,3360.0
Anomalia,0.0405,0.5855,2.0658,-1.454,0.5869,0.3299,0.6609,3360.0
Anomalia,0.0055,0.409,0.919,-0.9281,0.409,-0.0432,-0.4407,2880.0
Anomalia,0.0292,0.3085,0.8539,-0.606,0.3099,0.175,-0.7255,2880.0
Anomalia,-0.0183,0.3826,0.6247,-2.0115,0.383,-1.8613,7.2512,2880.0
Anomalia,0.0224,1.4969,4.8436,-4.8519,1.4971,0.2005,3.0914,3360.0
Anomalia,-0.0379,1.744,4.8436,-4.8519,1.7444,0.1404,0.9467,3360.0
Anomalia,0.0251,1.9433,4.8436,-4.8519,1.9434,0.1026,-0.0927,3360.0
Anomalia,0.0391,1.9695,4.8436,-4.8519,1.9699,0.0885,-0.2482,3360.0
Anomalia,-0.0055,1.3521,3.7318,-3.5891,1.3521,0.0975,0.3404,3360.0
Anomalia,0.0612,1.015,3.7318,-3.0495,1.0168,0.4268,1.953,3360.0
Anomalia,-0.0176,0.5704,1.3284,-1.2745,0.5706,0.0245,-0.3771,2880.0
Anomalia,0.0206,0.395,1.1823,-0.8226,0.3956,0.0558,-0.257,2880.0
Anomalia,0.0018,0.362,0.6156,-1.386,0.362,-0.7311,0.937,2880.0
Anomalia,0.0047,1.0138,3.3988,-3.3124,1.0138,0.0658,2.9351,2880.0
Anomalia,0.0164,1.1707,3.3988,-3.3124,1.1708,0.0218,0.9646,3360.0
Anomalia,0.0238,1.2532,3.3988,-3.3124,1.2534,0.0272,0.1734,3360.0
Anomalia,0.0217,1.2686,3.3988,-3.3124,1.2688,0.042,0.0192,3360.0
Anomalia,0.018,0.8477,2.3621,-2.118,0.8479,0.0627,0.1538,3360.0
Anomalia,0.0162,0.5859,1.9636,-1.6652,0.5861,0.235,0.6885,3360.0
Anomalia,0.0032,0.4217,0.9144,-0.8802,0.4217,0.0346,-0.8663,3600.0
Anomalia,0.0125,0.342,0.7787,-0.6924,0.3422,0.1157,-0.6683,2880.0
Anomalia,0.0234,0.3182,0.752,-0.8985,0.319,0.0051,-0.4142,2880.0
Anomalia,-0.0028,0.8367,2.479,-2.4673,0.8367,0.0281,2.042,2880.0
Anomalia,0.0282,0.9356,2.479,-2.4673,0.936,0.0291,0.9118,2880.0
Anomalia,0.0167,1.0452,2.479,-2.4673,1.0453,-0.0086,-0.02,3360.0
Anomalia,0.0126,1.0595,2.479,-2.4673,1.0596,0.0056,-0.1701,3360.0
Anomalia,0.0349,0.7333,2.1451,-2.0524,0.7341,-0.0319,0.8978,3360.0
Anomalia,-0.0014,0.5742,1.9005,-2.0524,0.5742,-0.2494,2.3499,3360.0
Anomalia,0.0055,0.3245,0.7646,-0.7153,0.3245,0.0536,-0.5791,2880.0
Anomalia,0.0045,0.2567,0.654,-0.7153,0.2568,-0.088,-0.2222,2880.0
Anomalia,0.0169,0.2287,0.5567,-0.6594,0.2294,-0.0112,-0.5138,2880.0
Anomalia,-0.0014,1.1613,3.9509,-3.8044,1.1613,0.1414,3.5324,2880.0
Anomalia,0.048,1.2993,3.9509,-3.8044,1.3001,0.0636,1.5625,3360.0
Anomalia,-0.0014,1.4482,3.9509,-3.8044,1.4482,0.0855,0.2927,3360.0
Anomalia,0.0169,1.479,3.9509,-3.8044,1.4791,0.0512,0.0372,3360.0
Anomalia,0.0169,0.9658,2.4314,-2.5244,0.9659,0.0049,0.109,3360.0
Anomalia,-0.0032,0.7752,2.3696,-2.5244,0.7752,-0.2239,1.2557,3360.0
Anomalia,0.0196,0.4601,1.0788,-1.0141,0.4605,0.0418,-0.4718,3360.0
Anomalia,0.0036,0.3547,0.9361,-1.0141,0.3547,-0.2057,-0.114,2880.0
Anomalia,0.0334,0.2807,0.5659,-0.5705,0.2827,-0.1264,-0.9895,2880.0
Anomalia,-0.0265,1.4898,5.1073,-5.1712,1.49,0.0698,3.9215,2880.0
Anomalia,0.0579,1.7283,5.1073,-5.1712,1.7292,0.046,1.4132,3360.0
Anomalia,-0.0044,1.9498,5.1073,-5.1712,1.9498,0.0871,0.1102,3360.0
Anomalia,0.0145,1.9934,5.1073,-5.1712,1.9935,0.0597,-0.1421,3360.0
Anomalia,0.048,1.3748,3.6976,-3.3842,1.3756,0.1204,0.0989,3360.0
Anomalia,-0.0214,1.0638,3.5052,-3.3842,1.064,-0.0372,1.4896,3360.0
Anomalia,0.0218,0.5726,1.4982,-1.2687,0.573,0.0944,-0.16,3600.0
Anomalia,-0.003,0.3999,1.1335,-1.2265,0.3999,-0.1636,0.3091,2880.0
Anomalia,0.0039,0.2995,0.7124,-0.7942,0.2995,-0.2252,-0.3835,2880.0
Anomalia,0.0079,0.4402,1.2962,-1.3797,0.4403,-0.0291,1.2036,2880.0
Anomalia,0.0224,0.493,1.2962,-1.3797,0.4935,-0.047,0.5072,3360.0
Anomalia,0.0095,0.5279,1.2962,-1.3797,0.528,-0.0021,-0.0176,3360.0
Anomalia,0.0059,0.5359,1.2962,-1.3797,0.536,0.0103,-0.1783,3360.0
Anomalia,0.0121,0.4,1.1435,-1.0079,0.4001,-0.0141,0.3088,3360.0
Anomalia,-0.003,0.2982,0.9286,-0.9181,0.2982,-0.0833,0.8701,3360.0
Anomalia,0.0203,0.2536,0.5851,-0.5943,0.2544,-0.0242,-0.6424,3360.0
Anomalia,0.0204,0.2505,0.5851,-0.5943,0.2513,-0.0541,-0.504,3360.0
Anomalia,0.0096,0.254,0.5851,-0.5943,0.2542,-0.0152,-0.5905,3360.0
Anomalia,0.0443,1.111,3.7802,-3.7017,1.1118,0.0785,3.8498,3120.0
Anomalia,-0.02,1.2642,3.7802,-3.7017,1.2644,0.0345,1.6389,3360.0
Anomalia,0.0177,1.4179,3.7802,-3.7017,1.418,0.0266,0.3478,3360.0
Anomalia,0.0122,1.4416,3.7802,-3.7017,1.4416,0.0344,0.1437,3360.0
Anomalia,-0.0239,0.9788,2.736,-2.5086,0.9791,-0.0154,0.4376,3360.0
Anomalia,0.0399,0.7649,2.736,-2.3955,0.7659,0.3219,2.107,3360.0
Anomalia,-0.0017,0.4261,1.0892,-0.9252,0.4261,0.0692,-0.4074,3360.0
Anomalia,0.0112,0.3335,1.0892,-0.914,0.3337,0.2023,0.4944,2880.0
Anomalia,0.0222,0.2563,0.5759,-0.492,0.2572,0.0092,-0.8878,2880.0
Anomalia,0.0395,1.2628,4.2944,-4.6015,1.2634,0.0665,4.6663,2880.0
Anomalia,-0.0139,1.4779,4.2944,-4.6015,1.478,-0.0235,1.7761,3360.0
Anomalia,0.0255,1.7582,4.2944,-4.6015,1.7584,-0.0287,0.0114,3360.0
Anomalia,-0.0039,1.7951,4.2944,-4.6015,1.7951,0.015,-0.2162,3360.0
Anomalia,-0.0203,1.328,3.1621,-3.3842,1.3281,-0.059,0.0327,3360.0
Anomalia,0.0421,1.0851,3.1621,-3.2769,1.086,0.0774,1.4407,3360.0
Anomalia,-0.0003,0.5257,1.1927,-1.3133,0.5257,-0.0115,-0.2345,3360.0
Anomalia,0.0239,0.3816,1.1927,-0.9916,0.3823,0.3137,0.6293,2880.0
Anomalia,0.0152,0.2612,0.6235,-0.5346,0.2616,-0.0332,-0.9221,2880.0
Anomalia,0.0421,1.1279,4.1616,-3.9588,1.1287,0.1359,4.5208,2880.0
Anomalia,-0.0048,1.3206,4.1616,-3.9588,1.3206,0.0698,1.575,3360.0
Anomalia,0.0232,1.4674,4.1616,-3.9588,1.4676,0.046,0.3418,3360.0
Anomalia,0.0107,1.5064,4.1616,-3.9588,1.5064,0.0622,0.0314,3360.0
Anomalia,-0.0189,1.0371,2.7214,-2.4331,1.0373,-0.0029,-0.0448,3360.0
Anomalia,0.0286,0.7787,2.7214,-2.4331,0.7792,0.2182,1.6602,3360.0
Anomalia,0.002,0.4554,1.1756,-1.2174,0.4554,-0.0624,-0.0158,3600.0
Anomalia,0.0103,0.2995,0.9448,-0.7166,0.2997,0.0386,-0.1611,2880.0
Anomalia,0.0094,0.2381,0.4778,-0.588,0.2383,-0.2788,-0.383,2880.0
Anomalia,0.0474,1.3381,4.7922,-4.6725,1.339,0.2331,4.6995,2880.0
Anomalia,-0.0259,1.5499,4.7922,-4.6725,1.5501,0.0719,1.9752,3360.0
Anomalia,0.0294,1.8415,4.7922,-4.6725,1.8417,0.0345,0.1536,3360.0
Anomalia,-0.0026,1.8954,4.7922,-4.6725,1.8954,0.0729,-0.1654,3360.0
Anomalia,-0.0347,1.3937,3.4918,-3.5064,1.3941,-0.045,0.1373,3360.0
Anomalia,0.0432,1.1574,3.4918,-3.5064,1.1582,0.1528,1.4237,3360.0
Anomalia,-0.0029,0.6129,1.3526,-1.5533,0.6129,-0.0698,-0.2548,3360.0
Anomalia,0.0271,0.4397,1.3526,-1.1468,0.4405,0.1502,0.2072,2880.0
Anomalia,0.021,0.3085,0.6456,-0.5688,0.3093,0.012,-1.018,2880.0
Anomalia,-0.0386,1.2393,4.6574,-4.6508,1.2399,-0.2866,5.4918,2880.0
Anomalia,-0.005,1.5196,4.6574,-4.6508,1.5196,0.0281,2.1461,3360.0
Anomalia,0.0123,1.7652,4.6574,-4.6508,1.7652,0.0569,0.3726,3360.0
Anomalia,0.0074,1.8099,4.6574,-4.6508,1.8099,0.0588,0.0695,3360.0
Anomalia,0.0705,1.3934,4.304,-3.0833,1.3952,0.2851,0.3756,3360.0
Anomalia,0.0195,1.0757,3.3913,-3.0687,1.0758,0.2586,1.2215,3360.0
Anomalia,-0.0008,0.5968,1.3972,-1.4348,0.5968,0.1119,-0.1332,3360.0
Anomalia,0.0082,0.4679,1.3972,-1.2558,0.468,0.2654,0.8383,2880.0
Anomalia,0.0128,0.3077,0.6565,-0.649,0.308,-0.0766,-0.7888,2880.0
Anomalia,-0.0379,1.2407,4.8649,-4.9976,1.2413,-0.3171,6.0355,2880.0
Anomalia,0.0468,1.5892,4.8649,-4.9976,1.5899,0.0318,2.0899,3360.0
Anomalia,0.0029,1.9474,4.8649,-4.9976,1.9474,0.0556,0.0506,3360.0
Anomalia,0.0088,1.9988,4.8649,-4.9976,1.9988,0.0488,-0.2295,3360.0
Anomalia,0.0673,1.6309,4.7071,-3.7827,1.6323,0.1727,0.1948,3360.0
Anomalia,-0.0095,1.3056,3.7072,-3.7827,1.3056,0.0359,1.0928,3360.0
Anomalia,0.0262,0.6459,1.8429,-1.5057,0.6464,0.1271,0.0008,3360.0
Anomalia,0.0148,0.464,1.3472,-1.282,0.4642,0.0613,0.6596,2880.0
Anomalia,0.006,0.3196,0.8985,-0.7445,0.3197,0.1514,-0.1973,2880.0
Anomalia,-0.0171,0.6995,2.658,-2.5549,0.6997,-0.1752,4.8345,2880.0
Anomalia,0.01,0.8623,2.658,-2.5549,0.8623,-0.0016,1.4359,3360.0
Anomalia,0.0012,0.9768,2.658,-2.5549,0.9768,0.029,0.2067,3360.0
Anomalia,0.0161,0.9941,2.658,-2.5549,0.9942,-0.0118,0.0039,3360.0
Anomalia,0.0347,0.7629,2.1584,-1.7457,0.7637,0.1408,0.1227,3360.0
Anomalia,0.0186,0.5789,1.898,-1.7457,0.5792,-0.0004,1.4393,3360.0
Anomalia,0.0069,0.3494,0.7483,-0.6519,0.3495,0.0765,-0.9549,3600.0
Anomalia,0.0049,0.2918,0.6586,-0.6005,0.2918,0.0512,-0.8209,2880.0
Anomalia,0.0147,0.2387,0.5446,-0.4678,0.2392,-0.0247,-0.9475,2880.0
Anomalia,-0.0293,0.9423,3.645,-3.5144,0.9428,-0.2021,5.4315,2880.0
Anomalia,0.0425,1.1586,3.645,-3.5144,1.1593,0.0417,2.1441,2880.0
Anomalia,0.0071,1.3933,3.645,-3.5144,1.3933,0.0515,0.2115,3360.0
Anomalia,0.0122,1.4262,3.645,-3.5144,1.4262,0.0399,-0.06,3360.0
Anomalia,0.0444,1.1263,3.309,-2.5758,1.1271,0.1909,0.4182,3360.0
Anomalia,-0.0096,0.9102,2.7861,-2.5758,0.9102,-0.0186,1.294,3360.0
Anomalia,0.0214,0.4828,1.1506,-0.9795,0.4833,0.0191,-0.5234,3600.0
Anomalia,0.0216,0.3751,1.1506,-0.9795,0.3757,-0.0224,0.5996,2880.0
Anomalia,0.0076,0.2592,0.6327,-0.5734,0.2593,0.0292,-0.6669,2880.0
Anomalia,0.0532,0.8887,4.0882,-3.458,0.8903,0.802,7.9676,3120.0
Anomalia,0.0072,1.3169,4.0882,-4.0824,1.3169,0.0347,2.3702,3360.0
Anomalia,0.021,1.5618,4.0882,-4.0824,1.562,0.0449,0.2936,3360.0
Anomalia,0.0126,1.6145,4.0882,-4.0824,1.6145,0.0429,-0.0824,3360.0
Anomalia,-0.0209,1.3973,3.8658,-4.0824,1.3975,-0.1008,0.3849,3360.0
Anomalia,0.0207,1.0087,2.865,-2.7185,1.0089,0.1064,0.6182,3360.0
Anomalia,-0.0098,0.5563,1.3467,-1.5742,0.5563,-0.1669,0.0222,3360.0
Anomalia,0.0231,0.3908,1.0963,-1.0371,0.3915,0.0261,0.3262,2880.0
Anomalia,-0.0038,0.2573,0.5551,-0.5438,0.2573,0.0371,-0.832,2880.0
Anomalia,0.0476,0.9996,4.7697,-3.8061,1.0008,0.9351,8.4857,2880.0
Anomalia,0.019,1.4231,4.7697,-4.4475,1.4232,0.1654,2.6263,3360.0
Anomalia,0.0187,1.7021,4.7697,-4.4475,1.7022,0.0953,0.4208,3360.0
Anomalia,0.0177,1.7481,4.7697,-4.4475,1.7482,0.0845,0.096,3360.0
Anomalia,-0.0279,1.4786,4.2009,-4.4475,1.4788,-0.0852,0.6228,3360.0
Anomalia,0.006,1.1011,3.2331,-3.1146,1.1012,0.0062,1.0285,3360.0
Anomalia,0.0004,0.5773,1.3593,-1.3776,0.5773,-0.0629,-0.4592,3600.0
Anomalia,0.0159,0.4153,1.0734,-1.0483,0.4156,-0.0078,-0.0231,2880.0
Anomalia,0.0083,0.297,0.858,-0.8142,0.2972,0.074,0.2859,2880.0
Anomalia,0.042,0.6464,2.7502,-2.4598,0.6477,0.5226,6.6963,2880.0
Anomalia,0.0073,0.9118,2.7502,-2.8066,0.9118,-0.0453,2.2617,3360.0
Anomalia,0.0134,1.1373,2.7502,-2.8066,1.1374,-0.0705,0.0747,3360.0
Anomalia,0.0084,1.169,2.7502,-2.8066,1.169,-0.058,-0.224,3360.0
Anomalia,-0.0152,1.0194,2.587,-2.8066,1.0196,-0.1861,0.216,3360.0
Anomalia,0.0119,0.7923,2.2135,-2.3554,0.7924,-0.1169,0.9938,3360.0
Anomalia,0.0014,0.4248,0.823,-0.929,0.4248,-0.0429,-0.8023,3360.0
Anomalia,0.0143,0.3371,0.7783,-0.7829,0.3374,0.0013,-0.541,2880.0
Anomalia,0.0042,0.2632,0.515,-0.5943,0.2632,-0.1198,-0.9505,2880.0
Anomalia,0.07,0.9918,4.6737,-3.741,0.9943,0.9205,8.1108,2880.0
Anomalia,0.0132,1.3831,4.6737,-4.2948,1.3831,0.1406,2.833,2880.0
Anomalia,0.0258,1.6422,4.6737,-4.2948,1.6424,0.0738,0.5529,3360.0
Anomalia,0.0048,1.6814,4.6737,-4.2948,1.6814,0.1015,0.2545,3360.0
Anomalia,-0.0478,1.4222,4.0402,-4.2948,1.423,-0.1021,0.6727,3360.0
Anomalia,0.0142,1.0426,3.1521,-2.8813,1.0427,0.0272,1.0342,3360.0
Anomalia,0.0005,0.5759,1.2825,-1.2182,0.5759,-0.086,-0.6053,3360.0
Anomalia,0.0296,0.4722,1.1393,-1.1765,0.4731,-0.2114,-0.1985,2880.0
Anomalia,0.0011,0.3173,0.7024,-0.8476,0.3173,-0.0734,-0.0823,2880.0
Anomalia,0.0542,1.0079,4.859,-3.7664,1.0093,1.1069,8.7527,2880.0
Anomalia,-0.0108,1.564,4.859,-5.013,1.5641,0.155,2.5592,3120.0
Anomalia,0.0225,1.9382,4.859,-5.013,1.9383,0.0827,0.2078,3360.0
Anomalia,0.0082,2.0101,4.859,-5.013,2.0101,0.0816,-0.1846,3360.0
Anomalia,-0.0288,1.8072,4.8043,-5.013,1.8074,-0.0383,0.1656,3360.0
Anomalia,0.0223,1.3632,3.8416,-3.839,1.3634,0.0592,0.75,3360.0
Anomalia,-0.014,0.7274,1.9035,-2.0971,0.7275,-0.1193,0.0849,3600.0
Anomalia,0.0201,0.5249,1.3446,-1.2399,0.5252,0.0715,-0.0973,2880.0
Anomalia,0.0056,0.3602,0.8943,-0.9244,0.3603,-0.1604,-0.5217,2880.0
Anomalia,0.0236,0.6225,2.9802,-2.499,0.6229,0.315,6.9483,2880.0
Anomalia,-0.0018,0.9035,2.9802,-2.7039,0.9035,0.1231,2.1367,3360.0
Anomalia,0.0136,1.0699,2.9802,-2.7039,1.0699,0.053,0.294,3360.0
Anomalia,0.0022,1.0982,2.9802,-2.7039,1.0982,0.0775,-0.0062,3360.0
Anomalia,-0.0045,0.9778,2.7815,-2.7039,0.9778,0.0214,0.1696,3360.0
Anomalia,0.018,0.726,2.0195,-1.9494,0.7262,-0.0097,0.5137,3360.0
Anomalia,0.0075,0.4262,1.06,-0.8735,0.4263,-0.0351,-0.7604,3360.0
Anomalia,0.0184,0.3885,0.8029,-0.8735,0.3889,-0.0375,-0.7181,2880.0
Anomalia,0.0202,0.3034,0.7775,-0.6343,0.3041,0.1324,-0.6043,2880.0
Anomalia,-0.0213,0.5748,2.1146,-2.4977,0.5752,-0.882,5.4953,3120.0
Anomalia,0.0083,0.9602,2.9276,-2.9418,0.9602,-0.0234,2.1571,3120.0
Anomalia,-0.0095,1.1509,2.9276,-2.9418,1.151,0.0147,0.3079,3360.0
Anomalia,0.0153,1.18,2.9276,-2.9418,1.1801,-0.03,0.0239,3360.0
Anomalia,0.0451,1.0922,2.9276,-2.9418,1.0931,0.0383,0.4692,3360.0
Anomalia,0.014,0.779,2.2607,-2.2866,0.7791,-0.0135,1.1301,3360.0
Anomalia,0.0191,0.4105,1.2795,-0.8547,0.411,0.3073,-0.0143,3360.0
Anomalia,0.0009,0.3112,0.8405,-0.7975,0.3112,0.0198,0.1477,3360.0
Anomalia,0.0103,0.2236,0.6131,-0.5918,0.2239,-0.0021,-0.1861,2880.0
Anomalia,-0.0306,0.6531,2.8061,-3.3153,0.6538,-0.9119,11.0714,2880.0
Anomalia,0.0326,1.2071,4.0506,-3.8591,1.2076,0.0863,3.0706,3360.0
Anomalia,-0.0132,1.4738,4.0506,-3.8591,1.4739,0.0752,0.4686,3360.0
Anomalia,0.0234,1.5363,4.0506,-3.8591,1.5365,0.0185,-0.0127,3360.0
Anomalia,0.039,1.4504,4.0506,-3.8591,1.451,0.0875,0.1925,3360.0
Anomalia,-0.0033,1.0437,2.6547,-2.8195,1.0437,-0.0487,0.2607,3360.0
Anomalia,0.0324,0.6221,1.749,-1.4277,0.6229,0.1447,-0.13,3360.0
Anomalia,-0.0028,0.4605,1.1293,-1.1932,0.4606,-0.0628,0.1144,3360.0
Anomalia,0.0199,0.3371,0.7207,-0.8522,0.3377,-0.0592,-0.6336,2880.0
Anomalia,-0.0399,0.7762,2.9844,-3.8699,0.7772,-1.1817,9.2936,2880.0
Anomalia,0.0147,1.491,4.9926,-4.9679,1.4911,0.0244,3.0261,2880.0
Anomalia,-0.0104,1.8229,4.9926,-4.9679,1.823,0.0783,0.4631,3360.0
Anomalia,0.0169,1.8933,4.9926,-4.9679,1.8934,0.0421,0.0282,3360.0
Anomalia,0.0618,1.7981,4.9926,-4.9679,1.7992,0.0873,0.2901,3360.0
Anomalia,0.0077,1.286,3.5599,-3.3662,1.286,0.1247,0.4265,3360.0
Anomalia,0.0343,0.7437,2.1939,-1.8288,0.7445,0.1376,0.0446,3600.0
Anomalia,-0.0004,0.521,1.343,-1.2512,0.521,0.1251,-0.0693,2880.0
Anomalia,0.0061,0.3469,0.8622,-0.8234,0.3469,-0.0427,-0.7006,2880.0
Anomalia,-0.0004,0.3797,1.1927,-1.4974,0.3797,-0.518,2.2783,2880.0
Anomalia,0.0151,0.5853,1.7106,-1.6597,0.5854,0.0391,1.3201,3360.0
Anomalia,0.017,0.689,1.7106,-1.6597,0.6892,0.0105,0.0015,3360.0
Anomalia,0.0239,0.6998,1.7106,-1.6597,0.7002,-0.0085,-0.1536,3360.0
Anomalia,0.0172,0.6561,1.7106,-1.6597,0.6564,0.132,0.148,3360.0
Anomalia,0.008,0.4683,1.3584,-1.3313,0.4683,0.0256,0.8594,3360.0
Anomalia,0.0119,0.2674,0.7838,-0.6894,0.2676,0.1756,-0.4778,3360.0
Anomalia,0.0045,0.2678,0.6072,-0.5267,0.2678,0.1163,-0.8742,2880.0
Anomalia,0.0172,0.2432,0.6072,-0.5267,0.2439,0.1764,-0.5802,3360.0
Anomalia,0.0218,0.4792,2.4489,-1.8505,0.4797,0.8037,8.6941,3600.0
Anomalia,0.0221,1.0236,3.36,-3.2377,1.0238,-0.0046,2.8982,3120.0
Anomalia,0.0259,1.2479,3.36,-3.2377,1.2482,-0.0108,0.5386,3360.0
Anomalia,0.0184,1.2833,3.36,-3.2377,1.2835,-0.0061,0.1931,3360.0
Anomalia,0.011,1.236,3.36,-3.2377,1.236,-0.0351,0.4597,3360.0
Anomalia,0.0046,0.8507,2.5386,-2.5253,0.8507,0.0162,1.2452,3360.0
Anomalia,-0.0003,0.44,0.9511,-1.3442,0.44,-0.2185,-0.0922,3360.0
Anomalia,0.0018,0.3248,0.8405,-0.8363,0.3248,0.0698,-0.0646,2880.0
Anomalia,0.0015,0.2235,0.5292,-0.6139,0.2235,-0.1917,-0.2771,2880.0
Anomalia,0.0506,0.4915,3.0257,-1.7407,0.4941,2.3512,16.106,2880.0
Anomalia,0.0007,1.445,4.5823,-4.6992,1.445,0.0489,2.9006,3360.0
Anomalia,0.0553,1.7056,4.5823,-4.6992,1.7065,-0.0133,0.7361,3360.0
Anomalia,0.0008,1.8322,4.5823,-4.6992,1.8322,0.0269,-0.0307,3360.0
Anomalia,-0.0194,1.8212,4.5823,-4.6992,1.8213,0.0124,-0.0475,3360.0
Anomalia,0.0312,1.2248,3.3691,-3.4321,1.2252,-0.0506,0.5296,3360.0
Anomalia,-0.0194,0.8273,2.4122,-2.8562,0.8275,-0.3162,1.2702,3360.0
Anomalia,0.0314,0.5085,1.2445,-1.2445,0.5095,0.0217,0.1656,2880.0
Anomalia,0.0043,0.3371,0.7178,-0.7391,0.3371,-0.0176,-0.9526,2880.0
Anomalia,0.009,0.5785,2.7657,-2.9109,0.5786,0.3512,8.6898,2880.0
Anomalia,0.0122,1.1541,3.9521,-3.6955,1.1542,0.0784,2.9155,3360.0
Anomalia,0.0169,1.4029,3.9521,-3.6955,1.403,0.0617,0.4702,3360.0
Anomalia,0.0159,1.4562,3.9521,-3.6955,1.4563,0.0465,0.0395,3360.0
Anomalia,0.0078,1.398,3.9521,-3.6955,1.398,0.0442,0.2557,3360.0
Anomalia,0.0135,0.9811,2.7431,-2.577,0.9812,0.0393,0.5053,3360.0
Anomalia,0.0015,0.5627,1.2954,-1.6401,0.5627,-0.1655,-0.0583,3600.0
Anomalia,0.0082,0.3975,0.9549,-0.9791,0.3976,-0.0792,-0.305,2880.0
Anomalia,0.0095,0.2743,0.5859,-0.5943,0.2745,-0.1075,-0.7441,2880.0
Anomalia,0.0398,0.517,2.7732,-1.8934,0.5186,1.4111,10.3666,2880.0
Anomalia,0.0172,1.2994,4.1303,-3.948,1.2996,0.1335,2.6346,2880.0
Anomalia,0.0372,1.5368,4.1303,-3.948,1.5372,0.0472,0.6248,3360.0
Anomalia,0.0085,1.6118,4.1303,-3.948,1.6118,0.0646,0.0859,3360.0
Anomalia,-0.0199,1.593,4.1303,-3.948,1.5931,0.0642,0.1106,3360.0
Anomalia,0.011,1.0691,2.9372,-3.0866,1.0692,-0.0648,0.773,3360.0
Anomalia,-0.0094,0.6856,1.8392,-2.1935,0.6857,-0.2592,0.4014,3360.0
Anomalia,0.0285,0.497,1.2545,-1.2946,0.4978,-0.1356,0.0008,2880.0
Anomalia,0.0108,0.3166,0.77,-0.7024,0.3167,0.0528,-0.6877,2880.0
Anomalia,0.0066,0.4939,3.1538,-2.1192,0.494,0.5641,12.8241,3120.0
Anomalia,0.0142,1.4744,4.7614,-4.8194,1.4744,-0.0182,3.1381,3120.0
Anomalia,-0.0101,1.716,4.7614,-4.8194,1.716,0.0325,0.9768,3360.0
Anomalia,0.0191,1.8428,4.7614,-4.8194,1.8429,0.0158,0.1473,3360.0
Anomalia,0.0178,1.8497,4.7614,-4.8194,1.8498,0.0088,0.0458,3360.0
Anomalia,0.0074,1.2361,3.4417,-3.1542,1.2362,0.1331,0.2769,3360.0
Anomalia,0.0199,0.8659,3.1321,-2.2715,0.8662,0.2996,0.8529,3360.0
Anomalia,0.01,0.5818,1.5174,-1.4285,0.5819,0.0805,0.2027,3360.0
Anomalia,0.0057,0.3998,1.4277,-1.1335,0.3998,0.0958,0.4411,2880.0
Anomalia,-0.0108,0.4281,0.8785,-1.8788,0.4283,-1.0178,2.9029,3600.0
Anomalia,0.0411,1.5417,4.8365,-5.0994,1.5423,-0.0114,2.8007,3360.0
Anomalia,-0.0278,1.7704,4.8365,-5.0994,1.7706,0.0154,0.9311,3360.0
Anomalia,0.0262,1.9602,4.8365,-5.0994,1.9604,0.0038,-0.0678,3360.0
Anomalia,0.0199,1.9816,4.8365,-5.0994,1.9817,0.0194,-0.1923,3360.0
Anomalia,-0.0234,1.3324,3.6129,-3.602,1.3326,0.0789,0.4164,3360.0
Anomalia,0.045,0.9981,3.6129,-3.039,0.9991,0.3574,1.876,3360.0
Anomalia,-0.0005,0.5155,1.2925,-1.2153,0.5155,-0.1106,0.1354,2880.0
Anomalia,0.0329,0.3324,1.0763,-0.7537,0.334,0.2099,0.308,2880.0
Anomalia,0.0181,0.325,1.5099,-1.1635,0.3255,0.0605,3.0141,2880.0
Anomalia,0.0149,0.7587,2.4957,-2.4034,0.7589,-0.0469,2.6774,2880.0
Anomalia,0.0004,0.9015,2.4957,-2.4034,0.9015,-0.0124,0.5074,3360.0
Anomalia,0.0037,0.932,2.4957,-2.4034,0.932,-0.0074,0.1321,3360.0
Anomalia,0.0117,0.9208,2.4957,-2.4034,0.9209,-0.0345,0.2196,3360.0
Anomalia,0.0125,0.6013,1.7599,-1.6385,0.6014,-0.057,0.7748,3360.0
Anomalia,0.0185,0.355,1.3037,-0.9907,0.3555,0.1459,0.5561,3360.0
Anomalia,0.007,0.2741,0.5596,-0.5776,0.2741,-0.1058,-0.8163,3600.0
Anomalia,0.0057,0.2303,0.4712,-0.5776,0.2304,-0.1114,-0.7064,2880.0
Anomalia,-0.0142,0.358,1.1944,-1.8454,0.3583,-1.65,7.9712,2880.0
Anomalia,0.027,1.3044,4.1921,-4.2217,1.3047,0.034,3.0476,3120.0
Anomalia,-0.0128,1.5506,4.1921,-4.2217,1.5507,0.0438,0.8336,3360.0
Anomalia,0.0311,1.6604,4.1921,-4.2217,1.6607,0.0105,0.0758,3360.0
Anomalia,0.0225,1.6841,4.1921,-4.2217,1.6843,0.0348,-0.0958,3360.0
Anomalia,-0.0101,1.1359,3.3178,-3.0227,1.1359,0.0729,0.6431,3360.0
Anomalia,0.034,0.7713,2.7402,-2.0921,0.772,0.3345,0.9717,3360.0
Anomalia,0.004,0.5053,1.1485,-1.2482,0.5053,-0.1597,-0.047,2880.0
Anomalia,0.023,0.3127,0.8105,-0.6414,0.3136,0.1571,-0.5208,2880.0
Anomalia,0.0117,0.3376,0.9223,-1.7177,0.3378,-0.7857,4.6193,3120.0
Anomalia,-0.0019,1.1628,3.8023,-3.703,1.1628,0.058,3.1269,3120.0
Anomalia,-0.0069,1.3587,3.8023,-3.703,1.3587,0.06,0.9822,3360.0
Anomalia,0.0239,1.537,3.8023,-3.703,1.5372,0.0489,-0.1555,3360.0
Anomalia,0.0139,1.5673,3.8023,-3.703,1.5674,0.0676,-0.3604,3360.0
Anomalia,0.0379,1.1084,3.0265,-2.8896,1.1091,0.0865,0.1963,3360.0
Anomalia,0.0244,0.854,3.0265,-2.479,0.8543,0.2749,1.6365,3360.0
Anomalia,-0.0023,0.4778,1.1351,-1.2437,0.4779,-0.0684,-0.0072,3360.0
Anomalia,0.0211,0.3288,0.8864,-0.7499,0.3295,0.1473,-0.4392,2880.0
Anomalia,-0.0021,0.3441,0.6569,-1.8208,0.3441,-0.9409,3.6811,2880.0
Anomalia,-0.001,1.3613,4.6182,-4.6053,1.3613,0.1407,3.5279,2880.0
Anomalia,0.0152,1.5804,4.6182,-4.6053,1.5805,0.0808,1.1658,3360.0
Anomalia,0.0193,1.704,4.6182,-4.6053,1.7041,0.0698,0.2716,3360.0
Anomalia,0.0202,1.7228,4.6182,-4.6053,1.7229,0.0733,0.1306,3360.0
Anomalia,0.0323,1.1185,3.1058,-2.9218,1.119,0.0372,0.3799,3360.0
Anomalia,0.0147,0.7851,2.6789,-2.7703,0.7852,0.1222,1.4986,3360.0
Anomalia,0.0078,0.4438,1.0709,-0.9624,0.4439,-0.0232,-0.2919,2880.0
Anomalia,0.014,0.3024,0.805,-0.7545,0.3027,0.0646,-0.1944,2880.0
Anomalia,0.0033,0.2923,0.6961,-1.3747,0.2923,-0.7546,2.5208,2880.0
Anomalia,-0.0106,0.9831,3.1321,-3.2201,0.9832,0.03,3.2823,2880.0
Anomalia,0.0216,1.1317,3.1321,-3.2201,1.1319,0.0312,1.1819,3360.0
Anomalia,0.0245,1.2455,3.1321,-3.2201,1.2457,-0.0282,0.203,3360.0
Anomalia,0.0225,1.2648,3.1321,-3.2201,1.265,-0.018,0.0152,3360.0
Anomalia,0.041,0.85,2.3596,-2.4414,0.851,-0.0499,0.6113,3360.0
Anomalia,0.0012,0.6493,2.0871,-2.4414,0.6493,-0.2779,2.0166,3360.0
Anomalia,-0.0008,0.4033,0.8034,-0.924,0.4033,-0.0747,-0.9386,2880.0
Anomalia,0.007,0.3152,0.5813,-0.7195,0.3153,-0.0627,-1.1158,2880.0
Anomalia,0.0049,0.3477,0.7808,-1.8475,0.3478,-1.4703,6.0584,2880.0
Anomalia,0.0035,1.1992,3.9939,-3.8946,1.1992,0.0872,3.2824,2880.0
Anomalia,0.0364,1.4073,3.9939,-3.8946,1.4078,0.0505,1.062,3360.0
Anomalia,0.0158,1.5213,3.9939,-3.8946,1.5214,0.0286,0.2155,3360.0
Anomalia,0.0147,1.5343,3.9939,-3.8946,1.5343,0.0459,0.0969,3360.0
Anomalia,0.0274,1.0267,3.0311,-2.7991,1.0271,-0.0379,0.8917,3360.0
Anomalia,0.0046,0.7179,2.2795,-2.7573,0.7179,-0.4087,2.1087,3360.0
Anomalia,0.0097,0.4511,0.9953,-1.0012,0.4512,-0.0495,-0.6908,3600.0
Anomalia,0.0256,0.3605,0.8017,-0.9824,0.3614,-0.0207,-0.6406,2880.0
Anomalia,0.0231,0.317,0.7337,-0.5922,0.3178,0.2155,-0.4868,2880.0
Anomalia,-0.0224,1.4744,4.9796,-4.8498,1.4745,0.1598,3.6407,3120.0
Anomalia,0.0594,1.7114,4.9796,-4.8498,1.7124,0.1238,1.2462,3360.0
Anomalia,-0.0131,2.0053,4.9796,-4.8498,2.0053,0.1219,-0.1277,3360.0
Anomalia,0.018,2.0682,4.9796,-4.8498,2.0683,0.0758,-0.4431,3360.0
Anomalia,0.0495,1.5073,3.9847,-3.8303,1.5081,0.0581,0.0134,3360.0
Anomalia,-0.0241,1.2336,3.9847,-3.8303,1.2338,-0.0726,1.4571,3360.0
Anomalia,0.0261,0.6745,1.5612,-1.4415,0.675,0.0843,-0.1822,3600.0
Anomalia,-0.0017,0.45,1.3359,-1.3405,0.45,-0.2255,0.4445,2880.0
Anomalia,0.0108,0.3444,0.704,-0.813,0.3446,-0.2767,-0.4218,2880.0
Anomalia,0.0112,0.8523,2.9301,-2.7252,0.8524,0.0659,2.9485,2880.0
Anomalia,0.0368,1.0009,2.9301,-2.7252,1.0016,0.028,0.9317,3360.0
Anomalia,0.0045,1.1152,2.9301,-2.7252,1.1153,0.0419,-0.1085,3360.0
Anomalia,0.0053,1.1469,2.9301,-2.7252,1.1469,0.0357,-0.3908,3360.0
Anomalia,0.0086,0.8378,2.201,-2.0015,0.8379,-0.0224,-0.1455,3360.0
Anomalia,-0.0134,0.6222,1.8012,-2.0015,0.6223,-0.2059,0.8067,3360.0
Anomalia,0.0282,0.4025,0.939,-0.8822,0.4035,-0.1112,-0.5813,3360.0
Anomalia,0.0106,0.2993,0.6957,-0.7883,0.2995,-0.029,-0.361,2880.0
Anomalia,0.0138,0.2484,0.6957,-0.5221,0.2488,0.3321,-0.2214,2880.0
Anomalia,0.0334,0.8349,2.7369,-2.7886,0.8356,0.0448,3.4156,2880.0
Anomalia,-0.0133,0.9557,2.7369,-2.7886,0.9557,0.0189,1.4542,3360.0
Anomalia,0.0174,1.118,2.7369,-2.7886,1.1182,-0.0236,0.0299,3360.0
Anomalia,0.012,1.142,2.7369,-2.7886,1.142,-0.0096,-0.2026,3360.0
Anomalia,-0.0024,0.8391,2.2786,-2.1998,0.8391,-0.0905,0.3571,3360.0
Anomalia,0.0216,0.6926,2.2786,-2.1998,0.6929,0.0514,1.645,3360.0
Anomalia,-0.0003,0.3848,0.9231,-0.9294,0.3848,-0.046,-0.5735,3360.0
Anomalia,0.0038,0.3199,0.9231,-0.9294,0.3199,-0.1472,-0.039,2880.0
Anomalia,0.0105,0.2599,0.5129,-0.5697,0.2601,-0.0643,-0.917,3360.0
Anomalia,0.0537,1.1234,4.0102,-3.7547,1.1247,0.2077,4.2339,2880.0
Anomalia,0.0013,1.2799,4.0102,-3.7547,1.2799,0.0888,1.8361,3360.0
Anomalia,0.0248,1.4786,4.0102,-3.7547,1.4788,0.0284,0.21,3360.0
Anomalia,0.001,1.5153,4.0102,-3.7547,1.5153,0.0669,-0.0693,3360.0
Anomalia,-0.03,1.0906,2.5503,-2.7118,1.091,-0.0985,-0.2151,3360.0
Anomalia,0.0281,0.9029,2.5503,-2.7118,0.9033,0.0041,0.8953,3360.0
Anomalia,0.0097,0.5418,1.3058,-1.1389,0.5419,0.0009,-0.4767,3360.0
Anomalia,0.0209,0.4357,1.3058,-1.1389,0.4362,0.1231,0.5255,2880.0
Anomalia,0.0199,0.285,0.6202,-0.6878,0.2857,-0.1799,-0.4686,2880.0
Anomalia,0.0561,1.4008,5.1223,-5.0393,1.402,0.1422,4.7355,2880.0
Anomalia,-0.0146,1.6282,5.1223,-5.0393,1.6282,0.0585,1.8658,3360.0
Anomalia,0.0284,1.8831,5.1223,-5.0393,1.8833,0.0358,0.2378,3360.0
Anomalia,0.0036,1.9307,5.1223,-5.0393,1.9307,0.0648,-0.051,3360.0
Anomalia,-0.0345,1.3778,3.5628,-3.4071,1.3782,-0.0029,0.0893,3360.0
Anomalia,0.0309,1.1006,3.5628,-3.4071,1.101,0.2002,1.6623,3360.0
Anomalia,-0.0076,0.5732,1.2775,-1.5479,0.5733,-0.0957,-0.1611,3600.0
Anomalia,0.0172,0.3988,1.2687,-1.0938,0.3992,0.026,0.1759,2880.0
Anomalia,0.0094,0.3036,0.747,-0.7963,0.3037,-0.1327,-0.2658,2880.0
Anomalia,0.0191,0.5904,2.0136,-1.9093,0.5907,0.1601,2.9899,2880.0
Anomalia,-0.0084,0.6755,2.0136,-1.9093,0.6755,0.0774,1.3529,3360.0
Anomalia,0.0203,0.7826,2.0136,-1.9093,0.7829,0.0783,0.08,3360.0
Anomalia,0.0045,0.7996,2.0136,-1.9093,0.7996,0.1174,-0.1496,3360.0
Anomalia,0.0111,0.6003,1.6368,-1.4523,0.6004,0.0325,0.4312,3360.0
Anomalia,0.0286,0.4848,1.6368,-1.444,0.4857,0.3334,1.737,3360.0
Anomalia,0.004,0.2787,0.5167,-0.6623,0.2787,-0.2039,-0.8377,3600.0
Anomalia,0.0203,0.244,0.5167,-0.4891,0.2448,-0.1335,-0.7252,2880.0
Anomalia,0.0067,0.2304,0.5167,-0.4712,0.2305,-0.1008,-0.8044,2880.0
Anomalia,-0.02,0.8482,3.1492,-3.0428,0.8485,-0.2675,4.8803,2880.0
Anomalia,-0.0054,1.0412,3.1492,-3.0428,1.0412,-0.0195,1.7594,2880.0
Anomalia,0.0193,1.1942,3.1492,-3.0428,1.1944,-0.0067,0.2722,3360.0
Anomalia,0.0135,1.2122,3.1492,-3.0428,1.2122,0.0077,0.0917,3360.0
Anomalia,0.0468,0.9112,2.7761,-2.267,0.9124,0.2181,0.7159,3360.0
Anomalia,0.0185,0.6839,2.4139,-2.0562,0.6842,0.2703,2.0057,3360.0
Anomalia,0.0017,0.3596,0.9628,-0.7921,0.3596,0.0585,-0.6087,3600.0
Anomalia,0.0055,0.286,0.7871,-0.7921,0.2861,0.0111,-0.0882,2880.0
Anomalia,0.0183,0.2102,0.4854,-0.4837,0.211,-0.061,-0.6071,2880.0
Anomalia,-0.0302,1.1523,4.5635,-4.6391,1.1527,-0.2777,6.4689,2880.0
Anomalia,0.0321,1.4764,4.5635,-4.6391,1.4767,-0.007,2.0539,3360.0
Anomalia,-0.0033,1.8138,4.5635,-4.6391,1.8138,0.0242,-0.009,3360.0
Anomalia,0.0061,1.8764,4.5635,-4.6391,1.8764,0.0141,-0.3606,3360.0
Anomalia,0.0574,1.5371,4.1612,-3.4885,1.5382,0.0862,-0.1282,3360.0
Anomalia,-0.0075,1.2372,3.4534,-3.4885,1.2373,0.0116,0.7933,3360.0
Anomalia,0.0301,0.6572,1.6848,-1.497,0.6579,0.0848,-0.1524,3360.0
Anomalia,0.0135,0.4692,1.4411,-1.3421,0.4694,0.0912,0.9248,2880.0
Anomalia,0.0117,0.2961,0.6894,-0.6423,0.2964,-0.0055,-0.753,2880.0
Anomalia,0.0052,1.0645,4.1733,-3.799,1.0645,0.0405,5.1796,2880.0
Anomalia,-0.0109,1.2746,4.1733,-3.799,1.2747,0.0916,1.828,3360.0
Anomalia,0.0204,1.4263,4.1733,-3.799,1.4264,0.0684,0.4665,3360.0
Anomalia,0.0071,1.4639,4.1733,-3.799,1.4639,0.084,0.1461,3360.0
Anomalia,0.0267,1.0561,3.2018,-2.4785,1.0564,0.1418,0.1846,3360.0
Anomalia,0.0353,0.7886,2.6688,-2.4276,0.7894,0.2404,1.4786,3360.0
Anomalia,-0.0088,0.4693,1.0379,-1.1335,0.4694,-0.0001,-0.4224,3600.0
Anomalia,0.0163,0.3348,0.9286,-0.8247,0.3352,0.0855,-0.1225,2880.0
Anomalia,0.0089,0.2523,0.5413,-0.598,0.2524,-0.2394,-0.1383,2880.0
Anomalia,-0.0309,0.9797,3.8215,-3.7193,0.9802,-0.1684,5.6141,2880.0
Anomalia,0.035,1.2225,3.8215,-3.7193,1.223,0.0958,2.2836,3120.0
Anomalia,0.0041,1.4855,3.8215,-3.7193,1.4856,0.097,0.2015,3360.0
Anomalia,0.0101,1.5287,3.8215,-3.7193,1.5287,0.0782,-0.1255,3360.0
Anomalia,0.0515,1.2211,3.6646,-2.885,1.2222,0.1984,0.4644,3360.0
Anomalia,-0.0056,0.9801,2.8395,-2.885,0.9801,0.0302,1.2537,3360.0
Anomalia,0.03,0.511,1.1101,-1.2662,0.5118,-0.1445,-0.5076,3360.0
Anomalia,0.0186,0.3824,0.9991,-0.9791,0.3829,-0.1613,-0.2432,2880.0
Anomalia,0.0135,0.2903,0.6711,-0.6782,0.2906,-0.0005,-0.6629,2880.0
Anomalia,0.0304,1.0123,4.2752,-3.8532,1.0128,0.3288,6.9845,2880.0
Anomalia,0.0218,1.3589,4.2752,-4.3031,1.3591,0.0511,2.6223,3360.0
Anomalia,0.0191,1.5974,4.2752,-4.3031,1.5975,0.0487,0.5082,3360.0
Anomalia,0.0199,1.642,4.2752,-4.3031,1.6421,0.0393,0.1641,3360.0
Anomalia,0.0114,1.363,3.9772,-4.3031,1.363,-0.0578,0.6597,3360.0
Anomalia,-0.0059,1.0148,2.9906,-2.6747,1.0148,0.1069,0.7402,3360.0
Anomalia,0.0041,0.5739,1.3634,-1.3209,0.5739,-0.0039,-0.2776,3360.0
Anomalia,0.0148,0.4562,1.2178,-1.2386,0.4564,0.0661,0.3233,2880.0
Anomalia,-0.0051,0.3032,0.7157,-0.6189,0.3032,0.092,-0.6515,2880.0
Anomalia,0.0725,0.9955,4.6892,-3.6492,0.9981,0.9901,7.9996,2880.0
Anomalia,0.0136,1.4927,4.6892,-4.8957,1.4928,0.0344,2.526,3360.0
Anomalia,0.0307,1.8485,4.6892,-4.8957,1.8488,0.0159,0.2153,3360.0
Anomalia,0.0188,1.9152,4.6892,-4.8957,1.9153,0.0197,-0.171,3360.0
Anomalia,-0.0403,1.6978,4.3791,-4.8957,1.6983,-0.0988,0.2526,3360.0
Anomalia,0.0135,1.2976,3.6684,-3.6867,1.2976,0.0405,0.8129,3360.0
Anomalia,-0.0112,0.6863,1.6781,-1.8951,0.6863,-0.1265,0.0495,3600.0
Anomalia,0.0228,0.4697,1.3401,-1.2558,0.4702,0.0576,0.5925,2880.0
Anomalia,0.0061,0.3167,0.876,-0.7558,0.3167,0.2379,-0.3003,2880.0
Anomalia,0.0197,0.5723,2.3638,-2.0328,0.5726,0.4378,5.1473,2880.0
Anomalia,0.0198,0.7491,2.3638,-2.1092,0.7494,0.1093,1.4276,3360.0
Anomalia,0.0058,0.8864,2.3638,-2.1092,0.8864,0.0824,-0.0319,3360.0
Anomalia,0.0198,0.9137,2.3638,-2.1092,0.9139,0.0339,-0.3373,3360.0
Anomalia,0.0058,0.7756,1.8304,-2.1092,0.7757,-0.0705,-0.2333,3360.0
Anomalia,0.0024,0.6076,1.7595,-1.6514,0.6076,-0.0124,0.5405,3360.0
Anomalia,0.0173,0.394,0.7821,-0.7408,0.3944,0.002,-0.9173,3360.0
Anomalia,0.0087,0.3318,0.7061,-0.7408,0.3319,-0.065,-0.7154,3360.0
Anomalia,0.0075,0.277,0.598,-0.6677,0.2771,-0.0357,-0.6651,3360.0
Anomalia,0.0637,0.8284,3.7689,-3.0611,0.8308,0.8928,7.1934,2880.0
Anomalia,0.0125,1.1966,3.7689,-3.7522,1.1967,0.0945,2.5472,3120.0
Anomalia,0.0255,1.4318,3.7689,-3.7522,1.4321,0.0344,0.3909,3360.0
Anomalia,0.0097,1.4668,3.7689,-3.7522,1.4668,0.0544,0.1005,3360.0
Anomalia,-0.0388,1.2619,3.6062,-3.7522,1.2625,-0.1069,0.7123,3360.0
Anomalia,0.009,0.9238,2.7632,-2.5737,0.9238,-0.0029,1.1554,3360.0
Anomalia,0.0065,0.4842,1.0083,-1.2816,0.4843,-0.1841,-0.5046,3600.0
Anomalia,0.0245,0.3598,0.9761,-0.8839,0.3606,-0.0678,-0.1461,2880.0
Anomalia,0.0136,0.2677,0.6285,-0.6477,0.268,-0.0165,-0.5755,2880.0
Anomalia,0.0213,0.7122,3.6216,-2.9631,0.7125,0.683,9.3525,3120.0
Anomalia,-0.0055,1.1439,3.6216,-3.5094,1.1439,0.1564,2.5477,3360.0
Anomalia,0.0109,1.3746,3.6216,-3.5094,1.3746,0.1131,0.3463,3360.0
Anomalia,0.0136,1.4378,3.6216,-3.5094,1.4378,0.0949,-0.1466,3360.0
Anomalia,0.0016,1.3096,3.4484,-3.5094,1.3096,0.0337,0.0938,3360.0
Anomalia,0.0277,0.9531,2.7193,-2.4785,0.9535,0.0872,0.3848,3360.0
Anomalia,-0.0006,0.5735,1.8054,-1.469,0.5735,0.0438,0.1242,3360.0
Anomalia,0.0158,0.4161,1.0129,-1.1614,0.4164,-0.0874,0.2093,2880.0
Anomalia,0.017,0.2699,0.6982,-0.6206,0.2705,0.1346,-0.5937,2880.0
Anomalia,0.0105,0.8798,4.569,-3.8011,0.8798,0.2866,9.9241,2880.0
Anomalia,0.004,1.3909,4.569,-4.5418,1.3909,0.0769,2.83,3360.0
Anomalia,0.0129,1.6873,4.569,-4.5418,1.6873,0.0462,0.4358,3360.0
Anomalia,-0.0012,1.7462,4.569,-4.5418,1.7462,0.0626,0.0289,3360.0
Anomalia,0.0081,1.572,4.5581,-4.5418,1.572,0.0172,0.366,3360.0
Anomalia,0.0204,1.1599,3.3061,-3.1542,1.1601,0.0236,0.5883,3360.0
Anomalia,0.0108,0.651,1.6138,-1.4874,0.6511,0.0054,-0.4303,3600.0
Anomalia,0.0225,0.4725,1.2562,-1.1811,0.473,0.0785,0.1947,2880.0
Anomalia,0.0163,0.2984,0.8297,-0.7249,0.2988,0.0316,-0.2422,2880.0
Anomalia,-0.0008,0.6252,2.5253,-2.8041,0.6252,-0.5159,7.7638,2880.0
Anomalia,0.0064,1.0442,3.3082,-3.2197,1.0443,0.0617,2.5865,3360.0
Anomalia,0.0002,1.2599,3.3082,-3.2197,1.2599,0.0389,0.3688,3360.0
Anomalia,0.0144,1.2976,3.3082,-3.2197,1.2976,0.0174,0.0235,3360.0
Anomalia,0.0317,1.1762,3.3082,-3.2197,1.1766,0.0675,0.6205,3360.0
Anomalia,0.0144,0.8259,2.3291,-2.4481,0.826,-0.015,1.1937,3360.0
Anomalia,0.0135,0.4378,1.3964,-0.9503,0.438,0.2862,-0.0701,3360.0
Anomalia,0.0001,0.3218,0.7508,-0.7746,0.3218,0.0352,-0.6754,2880.0
Anomalia,0.0134,0.2615,0.5463,-0.5634,0.2618,-0.0624,-0.9328,2880.0
Anomalia,0.0107,0.613,2.7882,-2.6217,0.6131,-0.2295,7.0153,2880.0
Anomalia,0.0111,0.9325,3.1066,-2.7619,0.9326,0.0554,2.5107,2880.0
Anomalia,0.0153,1.1353,3.1066,-2.7619,1.1354,0.0308,0.3202,3360.0
Anomalia,0.007,1.1653,3.1066,-2.7619,1.1653,0.049,0.0158,3360.0
Anomalia,0.0057,1.0488,3.1066,-2.7619,1.0488,0.1111,0.4591,3360.0
Anomalia,0.0204,0.7698,2.2853,-2.3241,0.7701,-0.0001,1.0593,3360.0
Anomalia,0.0167,0.4205,0.9115,-0.9549,0.4208,-0.0809,-0.5403,3360.0
Anomalia,0.0155,0.3409,0.8505,-0.848,0.3412,-0.186,-0.2257,2880.0
Anomalia,0.0238,0.2494,0.4708,-0.5855,0.2505,-0.2173,-0.651,2880.0
Anomalia,-0.0459,0.7754,3.2402,-3.8424,0.7768,-1.0174,10.139,2880.0
Anomalia,0.0309,1.5988,4.97,-5.051,1.5991,0.162,2.5502,3360.0
Anomalia,-0.0232,1.9387,4.97,-5.051,1.9388,0.1386,0.3559,3360.0
Anomalia,0.0257,2.0412,4.97,-5.051,2.0414,0.0826,-0.1914,3360.0
Anomalia,0.071,1.9607,4.97,-5.051,1.962,0.1016,-0.0217,3360.0
Anomalia,-0.0115,1.3885,3.8086,-3.8132,1.3886,0.0737,0.4585,3360.0
Anomalia,0.0509,0.8517,2.8036,-2.1568,0.8532,0.2821,0.5079,3360.0
Anomalia,-0.0107,0.5896,1.5066,-1.4402,0.5897,0.0785,0.1313,2880.0
Anomalia,0.0119,0.3597,0.8522,-0.8109,0.3599,-0.0627,-0.6982,2880.0
Anomalia,-0.0014,0.611,2.5132,-2.9556,0.611,-0.6932,8.2811,2880.0
Anomalia,0.0184,1.0602,3.4864,-3.3153,1.0604,0.0506,2.4762,2880.0
Anomalia,0.0202,1.2621,3.4864,-3.3153,1.2623,0.0414,0.4135,3360.0
Anomalia,0.0227,1.3168,3.4864,-3.3153,1.317,0.0314,-0.0684,3360.0
Anomalia,0.0288,1.2468,3.4864,-3.3153,1.2471,0.1103,0.029,3360.0
Anomalia,0.0004,0.8961,2.4556,-2.2991,0.8961,0.0888,0.1011,3360.0
Anomalia,0.0132,0.5574,1.3505,-1.272,0.5575,0.0115,-0.4726,3360.0
Anomalia,-0.0001,0.4493,1.0229,-0.9974,0.4493,0.0644,-0.4483,3360.0
Anomalia,0.0186,0.3101,0.7675,-0.6377,0.3106,0.1165,-0.5592,3360.0
Anomalia,0.0192,0.3921,1.295,-1.5312,0.3926,-0.2024,2.221,3120.0
Anomalia,0.0131,0.6673,1.9197,-1.8208,0.6675,-0.0142,1.3739,3120.0
Anomalia,0.0249,0.7771,1.9197,-1.8208,0.7775,-0.0582,0.2513,2880.0
Anomalia,0.0149,0.7991,1.9197,-1.8208,0.7992,-0.0355,-0.0381,3360.0
Anomalia,0.0153,0.7713,1.9197,-1.8208,0.7714,-0.0092,0.1413,3360.0
Anomalia,0.0133,0.5441,1.58,-1.5567,0.5443,-0.0601,1.16,3360.0
Anomalia,-0.0039,0.3115,0.8434,-1.0049,0.3115,-0.1501,0.4816,3360.0
Anomalia,0.0022,0.2355,0.6502,-0.5705,0.2355,-0.0512,0.2032,2880.0
Anomalia,0.0029,0.1655,0.3305,-0.4766,0.1656,-0.2344,-0.4195,2880.0
Anomalia,0.0449,0.45,2.7148,-1.5312,0.4523,2.5908,16.8791,2400.0
Anomalia,0.0205,1.165,3.8858,-3.7919,1.1652,0.0458,3.1833,3120.0
Anomalia,0.0475,1.3695,3.8858,-3.7919,1.3703,0.0243,0.8452,3360.0
Anomalia,0.0011,1.4446,3.8858,-3.7919,1.4446,0.0574,0.2175,3360.0
Anomalia,-0.0141,1.415,3.8858,-3.7919,1.4151,0.0069,0.2971,3360.0
Anomalia,0.0088,0.9342,2.6676,-2.5069,0.9342,0.0185,0.5325,3360.0
Anomalia,-0.0085,0.5992,1.4335,-2.1326,0.5993,-0.5823,1.0458,3360.0
Anomalia,0.0291,0.4129,1.0054,-1.0049,0.4139,-0.0496,-0.1778,3360.0
Anomalia,0.004,0.3114,0.573,-0.7825,0.3114,-0.238,-0.754,2880.0
Anomalia,0.0454,0.5733,3.1734,-1.8734,0.5751,1.7367,11.055,2880.0
Anomalia,-0.0067,1.5244,5.1119,-5.0097,1.5244,0.1665,3.1247,2880.0
Anomalia,0.0388,1.8069,5.1119,-5.0097,1.8073,0.0959,0.7622,3360.0
Anomalia,0.0025,1.8997,5.1119,-5.0097,1.8997,0.1124,0.1695,3360.0
Anomalia,-0.0091,1.878,5.1119,-5.0097,1.878,0.083,0.2114,3360.0
Anomalia,0.0277,1.2549,3.4826,-3.3666,1.2552,0.0773,0.4069,3360.0
Anomalia,-0.0165,0.7956,2.0979,-2.4051,0.7958,-0.1736,0.2552,3600.0
Anomalia,0.0194,0.5383,1.3643,-1.2862,0.5386,0.0655,-0.09,2880.0
Anomalia,0.0005,0.347,0.9227,-0.81,0.347,-0.0355,-0.4432,2880.0
Anomalia,0.0146,0.3178,0.9135,-0.8301,0.3181,-0.0152,-0.055,2880.0
Anomalia,0.0034,0.4702,1.3509,-1.2587,0.4702,0.0283,0.9108,2880.0
Anomalia,0.0157,0.5779,1.386,-1.2587,0.5781,0.019,0.0193,3360.0
Anomalia,0.0021,0.601,1.386,-1.2587,0.601,0.057,-0.33,3360.0
Anomalia,-0.0071,0.5967,1.386,-1.2587,0.5967,0.071,-0.3376,3360.0
Anomalia,0.0153,0.4667,1.386,-1.2478,0.4669,0.0055,0.5689,3360.0
Anomalia,0.0095,0.2933,0.6815,-0.8247,0.2934,-0.1753,-0.4695,3360.0
Anomalia,0.0198,0.2639,0.5296,-0.5146,0.2646,-0.0522,-0.9769,2880.0
Anomalia,0.0183,0.2327,0.5192,-0.4925,0.2335,0.0327,-0.8675,2880.0
Anomalia,-0.0017,0.3633,1.9368,-1.6614,0.3633,-0.2868,8.0787,3600.0
Anomalia,0.0059,1.0073,3.3412,-3.1997,1.0073,0.1026,2.983,3120.0
Anomalia,0.0011,1.1989,3.3412,-3.1997,1.1989,0.0668,0.7599,3360.0
Anomalia,0.0132,1.2503,3.3412,-3.1997,1.2503,0.0581,0.2549,3360.0
Anomalia,0.027,1.2449,3.3412,-3.1997,1.2452,0.035,0.2453,3360.0
Anomalia,0.0059,0.8218,2.4485,-2.3821,0.8218,0.0735,1.0402,3360.0
Anomalia,0.0125,0.494,1.911,-1.2341,0.4942,0.38,0.9123,3360.0
Anomalia,0.0033,0.3484,0.9307,-0.8873,0.3484,-0.015,-0.0507,2880.0
Anomalia,0.0086,0.2512,0.6139,-0.6014,0.2513,-0.079,-0.6771,2880.0
Anomalia,-0.0034,0.3534,0.7462,-1.8563,0.3534,-1.897,7.6566,3600.0
Anomalia,0.0408,1.4281,4.5544,-4.6921,1.4287,-0.0425,2.9472,3360.0
Anomalia,-0.0124,1.6434,4.5544,-4.6921,1.6434,-0.008,0.9552,3360.0
Anomalia,0.0156,1.8224,4.5544,-4.6921,1.8225,0.003,-0.046,3360.0
Anomalia,0.0285,1.8475,4.5544,-4.6921,1.8477,-0.0045,-0.202,3360.0
Anomalia,-0.0141,1.2357,3.3712,-3.3566,1.2358,0.0679,0.4584,3360.0
Anomalia,0.0403,0.9327,3.3712,-3.0035,0.9336,0.2739,2.1568,3360.0
Anomalia,0.0141,0.5076,1.3125,-1.1481,0.5078,0.054,0.1718,3360.0
Anomalia,0.0167,0.33,1.0546,-0.7629,0.3305,0.2511,-0.1406,2880.0
Anomalia,0.027,0.461,2.7886,-1.6664,0.4618,1.1006,9.6276,2880.0
Anomalia,0.0119,1.1652,4.0598,-3.7502,1.1652,0.1237,3.0946,3120.0
Anomalia,0.009,1.395,4.0598,-3.7502,1.3951,0.1023,0.6673,3360.0
Anomalia,0.0062,1.4629,4.0598,-3.7502,1.4629,0.0956,0.1098,3360.0
Anomalia,0.0082,1.4438,4.0598,-3.7502,1.4439,0.0597,0.1582,3360.0
Anomalia,0.0128,0.9692,2.7331,-2.509,0.9693,0.0786,0.4748,3360.0
Anomalia,0.0055,0.5874,2.0349,-1.6334,0.5874,0.0853,0.4629,3360.0
Anomalia,0.019,0.3999,0.9749,-0.8405,0.4004,0.0935,-0.4642,2880.0
Anomalia,0.0063,0.272,0.6394,-0.593,0.2721,0.0222,-0.6701,2880.0
Anomalia,-0.0169,0.3874,0.833,-2.0178,0.3878,-1.8841,7.6884,2880.0
Anomalia,0.0454,1.3757,4.463,-4.2251,1.3765,0.1124,2.7988,3120.0
Anomalia,-0.0266,1.6013,4.463,-4.2251,1.6015,0.0918,0.9076,3360.0
Anomalia,0.0216,1.7551,4.463,-4.2251,1.7552,0.0802,-0.0043,3360.0
Anomalia,0.0318,1.7818,4.463,-4.2251,1.7821,0.0776,-0.1841,3360.0
Anomalia,-0.0223,1.2067,3.3458,-3.415,1.2069,0.1019,0.7193,3360.0
Anomalia,0.0461,0.8914,3.3458,-2.5002,0.8926,0.4946,1.743,3360.0
Anomalia,0.0088,0.5437,1.4031,-1.4089,0.5438,-0.0305,0.0332,2880.0
Anomalia,0.0193,0.3432,0.9745,-0.8205,0.3437,0.1658,-0.2102,2880.0
Anomalia,0.006,0.3785,0.891,-2.0141,0.3786,-1.4888,6.9648,2880.0
Anomalia,-0.011,1.3081,4.276,-4.2276,1.3082,0.0608,3.2566,3120.0
Anomalia,0.0152,1.4841,4.276,-4.2276,1.4842,0.0485,1.279,3360.0
Anomalia,0.0192,1.6038,4.276,-4.2276,1.6039,0.0365,0.3376,3360.0
Anomalia,0.0295,1.618,4.276,-4.2276,1.6182,0.0365,0.2063,3360.0
Anomalia,0.0453,1.0335,2.9543,-2.62,1.0345,0.0777,0.4085,3360.0
Anomalia,-0.0026,0.7568,2.5712,-2.5962,0.7568,0.1226,1.4611,3360.0
Anomalia,0.0074,0.4637,1.1735,-1.1898,0.4638,0.095,-0.0123,3360.0
Anomalia,0.0066,0.3576,1.0913,-1.0613,0.3577,0.1358,0.374,2880.0
Anomalia,0.0303,0.2971,0.8009,-0.5947,0.2986,0.2486,-0.5961,2880.0
Anomalia,-0.012,1.473,4.7993,-5.0418,1.4731,0.0027,3.5828,3360.0
Anomalia,0.0503,1.7038,4.7993,-5.0418,1.7045,0.033,1.2378,3360.0
Anomalia,0.0058,1.9474,4.7993,-5.0418,1.9474,0.0292,-0.0321,3360.0
Anomalia,0.0009,1.9918,4.7993,-5.0418,1.9918,0.0378,-0.2724,3360.0
Anomalia,0.0542,1.3994,3.5774,-3.7055,1.4005,0.0221,0.1286,3360.0
Anomalia,-0.0137,1.1157,3.5473,-3.7055,1.1158,-0.1712,1.6801,3360.0
Anomalia,0.0316,0.5784,1.4315,-1.4444,0.5793,0.0015,0.1791,2880.0
Anomalia,0.0112,0.3983,1.1927,-1.4444,0.3985,-0.1542,1.61,2880.0
Anomalia,0.0052,0.3017,0.9532,-1.05,0.3017,0.0214,0.8698,2880.0
Anomalia,-0.0017,0.646,2.2181,-1.9782,0.646,0.0947,2.701,2880.0
Anomalia,0.0121,0.7641,2.2181,-1.9782,0.7642,0.0791,0.5504,3360.0
Anomalia,0.0076,0.8097,2.2181,-1.9782,0.8097,0.0477,0.0048,3360.0
Anomalia,0.018,0.8232,2.2181,-1.9782,0.8234,0.0275,-0.185,3360.0
Anomalia,0.0285,0.5697,1.5233,-1.4803,0.5704,-0.0296,0.0098,3360.0
Anomalia,0.0073,0.4023,1.1364,-1.4803,0.4024,-0.2398,0.7703,3360.0
Anomalia,0.0063,0.3261,0.6711,-0.6636,0.3261,0.0185,-0.8154,3360.0
Anomalia,0.0108,0.2721,0.6139,-0.6636,0.2723,-0.0872,-0.5088,3360.0
Anomalia,0.0127,0.3025,0.8034,-1.5633,0.3027,-0.719,3.3856,2880.0
Anomalia,-0.0015,1.1757,3.8065,-3.7239,1.1757,0.1148,3.0848,2880.0
Anomalia,0.045,1.3565,3.8065,-3.7239,1.3572,0.0472,1.1386,3360.0
Anomalia,0.0065,1.4963,3.8065,-3.7239,1.4964,0.0437,0.1298,3360.0
Anomalia,0.0084,1.5304,3.8065,-3.7239,1.5304,0.045,-0.1265,3360.0
Anomalia,0.0376,1.04,2.9,-2.8358,1.0407,-0.0876,0.6028,3360.0
Anomalia,-0.0059,0.7827,2.441,-2.8358,0.7827,-0.3157,1.7291,3360.0
Anomalia,0.0277,0.4781,1.0817,-1.1139,0.4789,-0.0261,-0.2955,3600.0
Anomalia,0.0123,0.3128,0.757,-0.9594,0.313,-0.023,-0.0035,2880.0
Anomalia,0.0136,0.2638,0.7312,-0.6227,0.2642,0.3669,0.2582,2880.0
Anomalia,0.0207,1.2206,4.1687,-4.2151,1.2208,0.1438,4.0956,3120.0
Anomalia,0.0314,1.4213,4.1687,-4.2151,1.4217,0.0843,1.539,3360.0
Anomalia,0.0146,1.6285,4.1687,-4.2151,1.6286,0.0552,0.1159,3360.0
Anomalia,0.0149,1.6636,4.1687,-4.2151,1.6637,0.0501,-0.1269,3360.0
Anomalia,0.011,1.1734,3.0958,-3.2185,1.1735,-0.0268,0.3179,3360.0
Anomalia,-0.009,0.9187,3.0958,-3.0207,0.9188,-0.0735,1.9054,3360.0
Anomalia,0.0181,0.479,1.007,-1.068,0.4793,-0.1046,-0.4015,3600.0
Anomalia,0.0097,0.3538,0.876,-1.0137,0.3539,-0.1887,-0.2407,2880.0
Anomalia,0.0121,0.282,0.6185,-0.5334,0.2823,0.0585,-1.0023,2880.0
Anomalia,0.0264,1.2491,4.5014,-4.3161,1.2494,0.1697,4.2121,2880.0
Anomalia,0.0281,1.4945,4.5014,-4.3161,1.4948,0.0958,1.2868,3360.0
Anomalia,0.0015,1.6684,4.5014,-4.3161,1.6684,0.0706,0.1089,3360.0
Anomalia,0.0177,1.7125,4.5014,-4.3161,1.7126,0.0424,-0.1829,3360.0
Anomalia,-0.0096,1.2185,3.1179,-3.0474,1.2185,-0.0292,0.0368,3360.0
Anomalia,-0.0075,0.9039,2.7118,-3.0474,0.9039,-0.1745,1.2833,3360.0
Anomalia,0.0225,0.5149,1.3292,-1.2825,0.5154,0.032,-0.0816,3600.0
Anomalia,0.0051,0.3317,0.8998,-1.103,0.3317,-0.236,0.8471,2880.0
Anomalia,0.022,0.2408,0.684,-0.5254,0.2418,0.2878,0.0801,2880.0
Anomalia,0.0378,0.9377,3.2719,-3.1179,0.9385,0.2294,4.1316,2880.0
Anomalia,0.0121,1.1127,3.2719,-3.1179,1.1128,0.0891,1.4828,3360.0
Anomalia,0.015,1.2851,3.2719,-3.1179,1.2852,0.0356,0.0708,3360.0
Anomalia,0.0172,1.3288,3.2719,-3.1179,1.3289,0.0254,-0.285,3360.0
Anomalia,-0.0073,0.9766,2.5153,-2.5416,0.9766,-0.1249,0.2254,3360.0
Anomalia,0.0033,0.7732,2.3913,-2.5416,0.7732,-0.0542,1.5047,3360.0
Anomalia,0.0099,0.4544,1.0984,-1.103,0.4545,-0.0456,-0.3837,2880.0
Anomalia,-0.0007,0.3154,0.7963,-0.8142,0.3154,-0.0263,-0.7055,2880.0
Anomalia,0.0262,0.2814,0.7554,-0.5346,0.2826,0.0974,-0.8225,2880.0
Anomalia,0.0634,1.3841,4.9608,-4.7025,1.3856,0.1385,4.2419,2880.0
Anomalia,0.0062,1.6018,4.9608,-4.7025,1.6018,0.0804,1.684,3360.0
Anomalia,0.0251,1.7965,4.9608,-4.7025,1.7967,0.0345,0.3543,3360.0
Anomalia,-0.0025,1.8413,4.9608,-4.7025,1.8413,0.0747,0.06,3360.0
Anomalia,-0.0313,1.2868,3.4092,-3.246,1.2872,-0.0672,0.1263,3360.0
Anomalia,0.0215,0.9994,3.4092,-3.246,0.9996,-0.0094,1.483,3360.0
Anomalia,0.0142,0.6342,1.3092,-1.434,0.6344,-0.1085,-0.6334,3360.0
Anomalia,0.0148,0.5027,1.2169,-1.434,0.5029,-0.2239,0.0421,2880.0
Anomalia,0.0087,0.3587,0.8668,-0.9265,0.3588,-0.0456,0.2745,2880.0
Anomalia,0.0557,1.4108,4.9984,-5.0385,1.4119,0.2961,4.4939,2880.0
Anomalia,-0.022,1.6482,4.9984,-5.0385,1.6483,0.1272,1.824,3360.0
Anomalia,0.0319,1.9877,4.9984,-5.0385,1.9879,0.0636,0.0052,3360.0
Anomalia,0.0157,2.0392,4.9984,-5.0385,2.0393,0.0762,-0.2685,3360.0
Anomalia,-0.0381,1.5377,3.9083,-3.8153,1.5382,-0.0104,0.127,3360.0
Anomalia,0.0387,1.2671,3.9083,-3.8153,1.2677,0.1378,1.5693,3360.0
Anomalia,-0.0134,0.6082,1.3634,-1.6172,0.6083,-0.0254,-0.165,3600.0
Anomalia,0.0178,0.4275,1.3008,-1.1606,0.4279,0.0937,0.1711,2880.0
Anomalia,0.0199,0.333,0.8,-0.7587,0.3336,-0.1294,-0.7893,2880.0
Anomalia,0.0194,0.8793,3.1972,-3.0048,0.8795,0.0346,4.1035,2880.0
Anomalia,-0.0028,1.0344,3.1972,-3.0048,1.0344,0.0379,1.4678,3360.0
Anomalia,0.0165,1.1627,3.1972,-3.0048,1.1628,0.0248,0.1997,3360.0
Anomalia,0.0,1.1914,3.1972,-3.0048,1.1914,0.0562,-0.0754,3360.0
Anomalia,0.0051,0.872,2.4831,-2.0537,0.872,0.0361,-0.11,3360.0
Anomalia,0.0273,0.6741,2.0779,-2.0537,0.6746,0.1135,0.863,3360.0
Anomalia,0.0138,0.424,0.8464,-0.9357,0.4243,-0.0388,-0.7895,3600.0
Anomalia,0.018,0.3431,0.8464,-0.7892,0.3436,0.1717,-0.4814,2880.0
Anomalia,0.0216,0.2853,0.7337,-0.6581,0.2861,0.1626,-0.3055,2880.0
Anomalia,-0.0185,0.7443,2.5595,-2.6125,0.7446,-0.2383,3.7481,3120.0
Anomalia,0.007,0.8898,2.5595,-2.6125,0.8898,0.0121,1.6585,2880.0
Anomalia,0.0159,1.0485,2.5595,-2.6125,1.0486,-0.0159,0.104,3360.0
Anomalia,0.0144,1.0631,2.5595,-2.6125,1.0632,-0.0097,-0.0548,3360.0
Anomalia,0.0528,0.817,2.5069,-2.0291,0.8187,0.121,0.7753,3360.0
Anomalia,0.0092,0.6562,2.022,-2.0291,0.6563,-0.009,1.6575,3360.0
Anomalia,0.0142,0.3281,0.7729,-0.7266,0.3284,-0.0712,-0.5691,3360.0
Anomalia,0.0062,0.2723,0.6769,-0.7266,0.2724,-0.2105,0.0747,2880.0
Anomalia,0.0199,0.2168,0.6047,-0.6106,0.2177,-0.222,0.4,2880.0
Anomalia,-0.029,1.0384,4.0986,-3.9296,1.0389,-0.2325,6.1662,2880.0
Anomalia,0.0396,1.2779,4.0986,-3.9296,1.2785,0.0535,2.4121,3360.0
Anomalia,-0.0063,1.5354,4.0986,-3.9296,1.5354,0.059,0.2377,3360.0
Anomalia,0.015,1.5776,4.0986,-3.9296,1.5776,0.026,-0.0763,3360.0
Anomalia,0.053,1.2385,3.733,-2.802,1.2397,0.166,0.1519,3360.0
Anomalia,-0.0064,1.0002,2.7949,-2.802,1.0002,-0.0774,0.7387,3360.0
Anomalia,0.0353,0.5305,1.3634,-1.1923,0.5317,0.0691,-0.2289,3360.0
Anomalia,0.0062,0.4132,1.1059,-1.1389,0.4133,-0.1253,0.4377,2880.0
Anomalia,0.019,0.2812,0.6878,-0.7249,0.2819,-0.0442,-0.1853,2880.0
Anomalia,-0.0476,1.2342,4.9074,-4.9629,1.2351,-0.2498,6.5325,2880.0
Anomalia,0.0173,1.5521,4.9074,-4.9629,1.5522,0.0351,2.1944,3360.0
Anomalia,-0.0021,1.836,4.9074,-4.9629,1.836,0.0675,0.2639,3360.0
Anomalia,0.0159,1.8905,4.9074,-4.9629,1.8906,0.0397,-0.0728,3360.0
Anomalia,0.0757,1.477,4.3386,-3.2627,1.4789,0.1983,0.1516,3360.0
Anomalia,0.0097,1.1534,3.4739,-3.2627,1.1534,0.0992,1.15,3360.0
Anomalia,0.0225,0.5976,1.704,-1.5838,0.598,0.1185,0.248,3600.0
Anomalia,0.0036,0.3952,1.2215,-1.1785,0.3952,0.0907,0.5693,2880.0
Anomalia,0.0029,0.2775,0.6777,-0.7049,0.2775,-0.1055,-0.4081,2880.0
Anomalia,-0.0031,0.4633,1.7315,-1.6193,0.4633,-0.0714,3.6641,2880.0
Anomalia,0.026,0.5585,1.7315,-1.6193,0.5591,0.1161,1.565,3360.0
Anomalia,0.0174,0.6661,1.7315,-1.6193,0.6663,0.0276,0.1505,3360.0
Anomalia,0.0129,0.6768,1.7315,-1.6193,0.6769,0.0398,-0.0321,3360.0
Anomalia,0.0283,0.547,1.5921,-1.3559,0.5478,0.0859,0.5779,3360.0
Anomalia,0.0006,0.4431,1.3538,-1.3559,0.4431,-0.154,1.7167,3360.0
Anomalia,0.013,0.2578,0.5538,-0.5613,0.2581,-0.0321,-0.8489,3360.0
Anomalia,0.0147,0.2516,0.5538,-0.5613,0.252,0.0547,-0.6534,2880.0
Anomalia,0.0118,0.2464,0.5538,-0.5613,0.2467,0.1563,-0.6025,2880.0
Anomalia,0.0112,0.9004,3.7347,-3.3165,0.9005,0.1983,6.1709,2880.0
Anomalia,0.0353,1.1667,3.7347,-3.4943,1.1672,0.0462,2.1701,2880.0
Anomalia,0.0101,1.3785,3.7347,-3.4943,1.3786,0.0363,0.3304,3360.0
Anomalia,0.0194,1.4047,3.7347,-3.4943,1.4049,0.0164,0.1009,3360.0
Anomalia,0.0158,1.1289,3.1855,-3.4943,1.129,-0.0478,0.7486,3360.0
Anomalia,-0.0166,0.8516,2.7118,-2.6062,0.8518,-0.0327,1.7876,3360.0
Anomalia,0.0158,0.4435,1.0538,-0.9849,0.4438,0.0397,-0.6841,3360.0
Anomalia,-0.0014,0.3545,0.9115,-0.8847,0.3545,0.0351,-0.4029,2880.0
Anomalia,0.0081,0.2761,0.6389,-0.5722,0.2762,0.0767,-0.7347,2880.0
Anomalia,0.0572,0.9659,4.5685,-3.7209,0.9676,0.8599,8.3628,2880.0
Anomalia,0.0127,1.4746,4.5685,-4.728,1.4747,0.0453,2.4484,3120.0
Anomalia,0.0288,1.8267,4.5685,-4.728,1.827,0.0011,0.1556,3360.0
Anomalia,0.0099,1.9011,4.5685,-4.728,1.9011,0.0189,-0.2629,3360.0
Anomalia,-0.0286,1.6957,4.4296,-4.728,1.696,-0.0914,0.1166,3360.0
Anomalia,0.0125,1.2869,3.5803,-3.6308,1.287,-0.0232,0.7052,3360.0
Anomalia,-0.0015,0.7032,1.825,-2.0946,0.7032,-0.1478,0.1653,3360.0
Anomalia,0.0183,0.4817,1.2775,-1.2599,0.4821,-0.0657,0.2671,2880.0
Anomalia,0.0016,0.32,0.7679,-0.7437,0.32,0.0309,-0.771,2880.0
Anomalia,0.0009,0.9246,3.8758,-3.6212,0.9246,0.2045,6.4997,2880.0
Anomalia,0.0299,1.1728,3.8758,-3.6212,1.1731,0.0973,2.0266,3360.0
Anomalia,0.0035,1.3592,3.8758,-3.6212,1.3592,0.0916,0.337,3360.0
Anomalia,0.0247,1.4075,3.8758,-3.6212,1.4078,0.0393,-0.0678,3360.0
Anomalia,0.0142,1.1204,2.8967,-3.3178,1.1205,0.023,-0.0614,3360.0
Anomalia,-0.0178,0.8529,2.5453,-2.3955,0.8531,0.0136,0.8567,3360.0
Anomalia,0.0109,0.5048,1.1443,-1.2386,0.5049,-0.0624,-0.1735,3600.0
Anomalia,-0.0012,0.3493,0.9761,-1.0033,0.3493,-0.1058,0.3189,2880.0
Anomalia,0.0133,0.2371,0.5079,-0.5388,0.2375,-0.0712,-0.466,2880.0
Anomalia,0.0705,0.9209,4.3202,-3.3946,0.9236,0.9751,8.0542,2880.0
Anomalia,0.0183,1.3364,4.3202,-4.1445,1.3365,0.164,2.6304,3120.0
Anomalia,0.0299,1.6145,4.3202,-4.1445,1.6148,0.0644,0.3614,3360.0
Anomalia,-0.0009,1.6654,4.3202,-4.1445,1.6654,0.1031,-0.0012,3360.0
Anomalia,-0.042,1.4383,4.0385,-4.1445,1.439,-0.0675,0.4841,3360.0
Anomalia,0.0027,1.0702,3.0023,-3.1016,1.0702,-0.0175,0.9434,3360.0
Anomalia,0.0079,0.5758,1.1886,-1.3409,0.5758,-0.1583,-0.4383,3360.0
Anomalia,0.0233,0.4218,1.1886,-1.1318,0.4225,0.0032,0.1898,2880.0
Anomalia,0.0154,0.2877,0.6999,-0.6673,0.2881,0.0242,-0.747,2880.0
Anomalia,0.002,0.9176,4.4534,-4.0235,0.9177,-0.0475,9.1781,3120.0
Anomalia,-0.0158,1.4527,4.6675,-4.6391,1.4528,0.0721,2.868,3120.0
Anomalia,0.0056,1.7206,4.6675,-4.6391,1.7206,0.0408,0.5642,3360.0
Anomalia,0.0005,1.7856,4.6675,-4.6391,1.7856,0.0506,0.1143,3360.0
Anomalia,0.0251,1.6038,4.6675,-4.6391,1.604,0.0403,0.5071,3360.0
Anomalia,0.0188,1.1444,3.1504,-2.9748,1.1446,0.0862,0.3426,3360.0
Anomalia,0.0132,0.6788,1.9928,-1.5354,0.6789,0.1705,-0.0327,3360.0
Anomalia,0.0163,0.5025,1.3609,-1.3163,0.5027,0.2018,0.4116,2880.0
Anomalia,0.0075,0.3478,0.81,-0.6961,0.3479,0.1109,-0.7231,2880.0
Anomalia,-0.0122,0.8243,3.2427,-3.8637,0.8244,-0.8409,8.1413,3600.0
Anomalia,0.0166,1.5721,4.8682,-5.167,1.5722,0.0397,2.5797,3360.0
Anomalia,-0.0077,1.9119,4.8682,-5.167,1.9119,0.0462,0.3406,3360.0
Anomalia,0.0123,1.9885,4.8682,-5.167,1.9885,0.0337,-0.0848,3360.0
Anomalia,0.0329,1.8729,4.8682,-5.167,1.8732,0.0856,0.2909,3360.0
Anomalia,-0.0009,1.3255,3.6504,-3.7894,1.3255,0.0608,0.7844,3360.0
Anomalia,0.0314,0.7439,2.4902,-1.9122,0.7445,0.2988,0.6799,3600.0
Anomalia,0.0061,0.4853,1.2478,-1.2533,0.4853,-0.037,0.0525,2880.0
Anomalia,0.0256,0.3444,0.8731,-0.8217,0.3453,0.0227,-0.3784,2880.0
Anomalia,0.0044,0.4914,1.9381,-2.0921,0.4914,-0.3589,5.0253,2880.0
Anomalia,-0.0029,0.7207,2.2987,-2.0992,0.7207,0.0642,1.8389,3360.0
Anomalia,0.0119,0.829,2.2987,-2.0992,0.8291,0.0495,0.3215,3360.0
Anomalia,0.004,0.8278,2.2987,-2.0992,0.8278,0.0714,0.3396,3360.0
Anomalia,0.0255,0.7276,2.2987,-2.0992,0.7281,0.1453,0.9614,3360.0
Anomalia,0.0207,0.5059,1.5617,-1.4724,0.5063,0.1409,1.245,3360.0
Anomalia,0.0114,0.2841,0.5555,-0.4887,0.2843,0.0227,-1.2433,3360.0
Anomalia,0.0011,0.2627,0.5555,-0.4745,0.2628,0.055,-1.0586,2880.0
Anomalia,0.0083,0.2431,0.4687,-0.4745,0.2432,-0.0672,-0.9985,2880.0
Anomalia,-0.0175,0.77,2.991,-3.7285,0.7702,-0.8058,9.2144,2880.0
Anomalia,0.0078,1.3498,4.4388,-4.2121,1.3498,0.146,2.9209,3120.0
Anomalia,0.0093,1.629,4.4388,-4.2121,1.6291,0.0691,0.4921,3360.0
Anomalia,0.0051,1.6762,4.4388,-4.2121,1.6762,0.0775,0.1435,3360.0
Anomalia,0.0378,1.537,4.4388,-4.2121,1.5374,0.1508,0.6702,3360.0
Anomalia,0.0063,1.0757,3.0616,-2.991,1.0757,-0.0084,0.9223,3360.0
Anomalia,0.0162,0.5739,1.6885,-1.2925,0.5742,0.1379,-0.1613,3600.0
Anomalia,0.0151,0.4218,1.0759,-1.0617,0.4221,-0.0206,0.0407,2880.0
Anomalia,0.0046,0.2945,0.6995,-0.7771,0.2945,-0.0747,-0.5431,2880.0
Anomalia,-0.0165,0.6603,2.7673,-3.2694,0.6605,-0.7747,10.1172,3120.0
Anomalia,0.0216,1.2968,4.0865,-3.9864,1.297,0.105,2.376,3360.0
Anomalia,-0.0128,1.5711,4.0865,-3.9864,1.5711,0.116,0.3019,3360.0
Anomalia,0.037,1.6658,4.0865,-3.9864,1.6662,0.0495,-0.29,3360.0
Anomalia,0.0338,1.5972,4.0865,-3.9864,1.5976,0.1246,-0.1574,3360.0
Anomalia,0.0067,1.1496,3.2418,-2.981,1.1496,0.1078,0.3596,3360.0
Anomalia,0.0258,0.7276,2.3884,-1.7895,0.7281,0.3329,0.5306,3360.0
Anomalia,-0.0103,0.4871,1.2157,-1.1619,0.4872,-0.007,0.1944,2880.0
Anomalia,0.0217,0.3153,0.7266,-0.558,0.316,0.1861,-0.8604,2880.0
Anomalia,-0.0301,0.7287,2.9889,-3.789,0.7293,-1.1579,10.9653,2880.0
Anomalia,0.0326,1.3571,4.6278,-4.387,1.3575,0.0652,3.1145,2880.0
Anomalia,0.0074,1.6446,4.6278,-4.387,1.6446,0.0833,0.5663,3360.0
Anomalia,0.0185,1.6897,4.6278,-4.387,1.6898,0.0627,0.2236,3360.0
Anomalia,0.0511,1.5864,4.6278,-4.387,1.5872,0.1465,0.5167,3360.0
Anomalia,-0.0055,1.1108,3.2218,-2.9977,1.1108,0.1126,0.7233,3360.0
Anomalia,0.016,0.6039,1.5529,-1.2641,0.6042,0.1145,-0.5077,3360.0
Anomalia,-0.0007,0.4533,1.2023,-1.0801,0.4533,0.1123,-0.074,2880.0
Anomalia,0.0049,0.2897,0.7558,-0.7182,0.2898,0.018,-0.4669,2880.0
Anomalia,-0.0121,0.5481,2.2645,-2.89,0.5482,-0.8931,9.9531,2880.0
Anomalia,0.0159,1.0496,3.3287,-3.1062,1.0497,0.1107,2.6087,2880.0
Anomalia,0.0138,1.2788,3.3287,-3.1062,1.2789,0.0741,0.3968,3360.0
Anomalia,0.0251,1.3324,3.3287,-3.1062,1.3326,0.0444,-0.0604,3360.0
Anomalia,0.04,1.2654,3.3287,-3.1062,1.266,0.0992,0.1626,3360.0
Anomalia,0.0066,0.8959,2.519,-2.5633,0.896,0.053,0.9019,3360.0
Anomalia,0.002,0.5216,1.5529,-1.6773,0.5216,0.0603,0.2021,3360.0
Anomalia,-0.005,0.3815,0.9156,-0.9895,0.3816,-0.0133,-0.3654,2880.0
Anomalia,0.0073,0.2764,0.5855,-0.5238,0.2765,0.0701,-1.0213,2880.0
Anomalia,-0.0071,0.6536,2.8504,-3.5849,0.6537,-0.7832,11.0869,2880.0
Anomalia,0.0369,1.2792,4.2898,-4.0206,1.2798,0.1208,3.1497,2880.0
Anomalia,0.0122,1.5546,4.2898,-4.0206,1.5546,0.0779,0.5799,3360.0
Anomalia,0.0132,1.6091,4.2898,-4.0206,1.6091,0.0682,0.1557,3360.0
Anomalia,0.0216,1.529,4.2898,-4.0206,1.5291,0.1286,0.413,3360.0
Anomalia,-0.0053,1.0679,3.0328,-2.9981,1.0679,-0.0229,0.662,3360.0
Anomalia,0.0194,0.6012,1.4661,-1.7758,0.6015,-0.0879,-0.2582,3360.0
Anomalia,-0.0003,0.4855,1.174,-1.1443,0.4855,-0.085,-0.5915,2880.0
Anomalia,0.0193,0.3562,0.7316,-0.7892,0.3567,-0.1889,-0.6695,2880.0
Anomalia,0.0358,0.6001,3.1918,-2.0199,0.6011,1.3273,8.828,2880.0
Anomalia,-0.0079,1.5817,4.9112,-4.9955,1.5817,0.1482,2.5316,3120.0
Anomalia,0.0542,1.9044,4.9112,-4.9955,1.9052,0.0735,0.5073,3360.0
Anomalia,0.0007,2.0638,4.9112,-4.9955,2.0638,0.082,-0.2466,3360.0
Anomalia,0.0001,2.0591,4.9112,-4.9955,2.0591,0.0535,-0.286,3360.0
Anomalia,0.0293,1.461,3.9855,-4.0139,1.4613,0.0212,0.4609,3360.0
Anomalia,-0.0191,0.9855,2.9096,-3.39,0.9856,-0.2682,1.288,3360.0
Anomalia,0.0154,0.6113,1.6092,-1.4582,0.6115,0.1427,0.1151,2880.0
Anomalia,-0.0018,0.3729,0.7967,-1.0617,0.3729,-0.2956,-0.3813,2880.0
Anomalia,0.032,0.4438,2.1201,-1.1735,0.445,1.1016,4.9404,2880.0
Anomalia,0.0009,0.9121,3.0699,-2.8241,0.9121,0.1198,2.4498,2880.0
Anomalia,0.0292,1.0824,3.0699,-2.8241,1.0828,0.032,0.5038,3360.0
Anomalia,-0.0053,1.1315,3.0699,-2.8241,1.1315,0.0941,0.0098,3360.0
Anomalia,-0.0101,1.1073,3.0699,-2.8241,1.1073,0.0334,0.0964,3360.0
Anomalia,0.0117,0.769,2.1401,-2.0479,0.7691,0.0195,0.4324,3360.0
Anomalia,0.0011,0.4639,1.2048,-1.3668,0.4639,-0.1616,0.0574,3360.0
Anomalia,0.0299,0.3327,0.8522,-0.7057,0.334,0.0367,-0.4737,2880.0
Anomalia,0.0136,0.2555,0.5505,-0.55,0.2558,-0.0047,-0.8792,2880.0
Anomalia,-0.0027,0.3263,1.1255,-1.6347,0.3263,-1.2833,5.7551,3600.0
Anomalia,0.0111,0.8352,2.615,-2.4472,0.8353,0.0782,2.2698,2880.0
Anomalia,-0.0175,0.965,2.615,-2.4472,0.9652,0.0607,0.6475,3360.0
Anomalia,0.0131,1.0194,2.615,-2.4472,1.0195,0.0387,0.0865,3360.0
Anomalia,0.0287,1.0221,2.615,-2.4472,1.0225,0.034,-0.0101,3360.0
Anomalia,0.0014,0.6806,1.8772,-1.9531,0.6806,0.035,0.7686,3360.0
Anomalia,0.0298,0.4721,1.767,-1.1506,0.4731,0.5251,1.1508,3360.0
Anomalia,-0.0053,0.3249,0.8843,-0.8355,0.3249,-0.007,0.341,3360.0
Anomalia,0.0128,0.2292,0.7103,-0.4745,0.2296,0.1684,-0.1546,2880.0
Anomalia,-0.0002,0.3211,1.4331,-1.5729,0.3211,-1.3499,8.0041,2880.0
Anomalia,0.0309,1.1644,3.8779,-3.7481,1.1648,0.0464,3.0481,3360.0
Anomalia,0.0019,1.3291,3.8779,-3.7481,1.3291,0.0549,1.0611,3360.0
Anomalia,0.0099,1.4279,3.8779,-3.7481,1.428,0.0609,0.2386,3360.0
Anomalia,0.0237,1.4477,3.8779,-3.7481,1.4479,0.0476,0.0598,3360.0
Anomalia,-0.0138,0.9322,2.5537,-2.4201,0.9323,0.1101,0.2613,3360.0
Anomalia,0.0317,0.6859,2.4005,-1.9644,0.6866,0.2187,1.111,3360.0
Anomalia,0.0123,0.4568,1.1806,-1.0421,0.457,0.0709,-0.1163,3360.0
Anomalia,0.0136,0.3391,0.881,-0.7812,0.3394,0.0038,-0.6905,2880.0
Anomalia,0.0206,0.4827,2.9714,-2.0337,0.4831,0.41,10.8231,2880.0
Anomalia,0.0198,1.479,4.9316,-4.9083,1.4791,0.0567,3.1626,2880.0
Anomalia,0.0088,1.7514,4.9316,-4.9083,1.7514,0.0577,0.8197,3360.0
Anomalia,0.008,1.8679,4.9316,-4.9083,1.8679,0.0629,0.1014,3360.0
Anomalia,0.0177,1.8714,4.9316,-4.9083,1.8715,0.0423,0.032,3360.0
Anomalia,-0.007,1.2576,3.5319,-3.3203,1.2576,0.1185,0.3939,3360.0
Anomalia,0.009,0.8465,3.1634,-2.466,0.8465,0.1912,0.9914,3600.0
Anomalia,0.0119,0.5331,1.335,-1.2261,0.5333,0.1542,-0.1596,2880.0
Anomalia,0.0058,0.3689,1.0225,-0.9223,0.3689,0.0956,-0.2687,2880.0
Anomalia,0.0029,0.333,1.0225,-0.9795,0.333,0.0167,0.4476,2880.0
Anomalia,0.0217,0.663,2.0979,-1.8805,0.6633,0.0516,1.877,2880.0
Anomalia,-0.0065,0.7742,2.0979,-1.8805,0.7742,0.0351,0.4867,3360.0
Anomalia,0.0165,0.826,2.0979,-1.8805,0.8261,0.0415,-0.082,3360.0
Anomalia,0.0168,0.8322,2.0979,-1.8805,0.8324,0.049,-0.1831,3360.0
Anomalia,-0.0025,0.5834,1.6752,-1.6535,0.5834,0.0928,0.7524,3360.0
Anomalia,0.031,0.4106,1.4907,-1.0254,0.4118,0.5877,1.1859,3360.0
Anomalia,0.0063,0.2884,0.6761,-0.6636,0.2885,0.0269,-0.7342,2880.0
Anomalia,0.0177,0.2317,0.6761,-0.4524,0.2324,0.3912,-0.3952,2880.0
Anomalia,-0.0083,0.3093,0.5304,-1.7553,0.3094,-2.2953,9.9796,2880.0
Anomalia,0.0072,0.9047,3.1129,-2.7494,0.9047,0.1115,3.0865,2880.0
Anomalia,-0.0105,1.1027,3.1129,-2.7494,1.1028,0.0611,0.772,3360.0
Anomalia,0.0274,1.1671,3.1129,-2.7494,1.1674,0.0099,0.1148,3360.0
Anomalia,0.0314,1.1704,3.1129,-2.7494,1.1708,0.0417,0.029,3360.0
Anomalia,0.0121,0.8168,2.3542,-2.3951,0.8168,0.0094,0.9305,3360.0
Anomalia,0.0267,0.5107,1.7979,-1.1076,0.5114,0.4771,0.6128,3360.0
Anomalia,-0.0073,0.3639,0.9286,-0.7821,0.364,0.0903,-0.3777,2880.0
Anomalia,0.0148,0.2628,0.8434,-0.6327,0.2633,0.2075,0.1801,2880.0
Anomalia,0.0174,0.2809,0.7353,-1.7495,0.2814,-1.6519,9.3684,2880.0
Anomalia,-0.0147,1.4107,4.6099,-4.8669,1.4108,-0.0384,3.6175,3120.0
Anomalia,0.0164,1.6678,4.6099,-4.8669,1.6678,-0.0051,1.0994,3360.0
Anomalia,0.0134,1.8985,4.6099,-4.8669,1.8986,0.0054,-0.1343,3360.0
Anomalia,0.0035,1.9491,4.6099,-4.8669,1.9491,0.024,-0.4022,3360.0
Anomalia,0.0448,1.393,3.5031,-3.5811,1.3937,0.0506,0.0161,3360.0
Anomalia,0.0097,1.0724,3.5031,-3.3658,1.0725,0.0439,1.4594,3360.0
Anomalia,0.0129,0.585,1.4811,-1.391,0.5851,0.0321,0.2766,3360.0
Anomalia,0.017,0.3641,1.1873,-0.9432,0.3645,0.2111,0.3132,2880.0
Anomalia,-0.0218,0.3786,0.6631,-1.8129,0.3792,-1.3108,4.1915,2880.0
Anomalia,0.0163,1.1514,4.059,-3.6746,1.1515,0.1119,3.208,2880.0
Anomalia,-0.0126,1.3523,4.059,-3.6746,1.3524,0.0996,0.8725,3360.0
Anomalia,0.0264,1.4283,4.059,-3.6746,1.4285,0.0458,0.2108,3360.0
Anomalia,0.0383,1.4415,4.059,-3.6746,1.442,0.0447,0.0765,3360.0
Anomalia,-0.0031,0.9515,2.567,-2.3851,0.9515,0.0759,0.1189,3360.0
Anomalia,0.0329,0.6316,2.0808,-1.4782,0.6324,0.3093,0.3082,3360.0
Anomalia,-0.0169,0.4499,1.0504,-1.0325,0.4503,0.0715,-0.5003,3600.0
Anomalia,0.0153,0.3212,0.7541,-0.7011,0.3216,-0.0203,-0.7086,2880.0
Anomalia,0.0116,0.3452,0.8034,-1.7916,0.3454,-1.0794,4.2987,2880.0
Anomalia,-0.0055,1.2055,3.8991,-3.7956,1.2055,0.1912,3.0923,2880.0
Anomalia,0.0254,1.3798,3.8991,-3.7956,1.38,0.0998,1.1556,3360.0
Anomalia,0.0103,1.5355,3.8991,-3.7956,1.5356,0.1001,0.109,3360.0
Anomalia,0.0076,1.5692,3.8991,-3.7956,1.5692,0.1049,-0.1389,3360.0
Anomalia,0.0327,1.0732,2.8329,-3.0211,1.0737,0.0036,0.4749,3360.0
Anomalia,0.0099,0.8333,2.8187,-3.0211,0.8334,0.0099,1.938,3360.0
Anomalia,0.0096,0.5043,1.1389,-1.3058,0.5044,-0.0891,-0.2309,2880.0
Anomalia,0.0241,0.3309,0.962,-0.9014,0.3318,0.1483,-0.1012,2880.0
Anomalia,0.0184,0.2874,0.7934,-0.6823,0.288,0.2051,0.0826,2880.0
Anomalia,0.0257,1.2662,4.3177,-4.2689,1.2664,0.1334,3.9116,3120.0
Anomalia,0.0343,1.4379,4.3177,-4.2689,1.4383,0.0543,1.7165,3360.0
Anomalia,0.0126,1.5846,4.3177,-4.2689,1.5847,0.0503,0.4608,3360.0
Anomalia,0.0092,1.6152,4.3177,-4.2689,1.6152,0.0541,0.2177,3360.0
Anomalia,-0.001,1.0584,2.7511,-2.8909,1.0584,-0.0752,0.3182,3360.0
Anomalia,-0.0172,0.8088,2.5332,-2.5996,0.809,-0.0744,1.1186,3360.0
Anomalia,0.0133,0.4726,1.1377,-1.0442,0.4728,0.0184,-0.3667,3600.0
Anomalia,0.0002,0.3691,0.9933,-1.0442,0.3691,-0.0938,0.0549,2880.0
Anomalia,0.0102,0.2926,0.6335,-0.6506,0.2927,0.0204,-0.6213,2880.0
Anomalia,0.0566,1.3546,4.7718,-4.9487,1.3558,0.149,4.6928,2880.0
Anomalia,0.0045,1.615,4.7718,-4.9487,1.615,0.0658,1.5837,3360.0
Anomalia,0.0174,1.9074,4.7718,-4.9487,1.9074,0.0315,-0.0117,3360.0
Anomalia,0.0183,1.9615,4.7718,-4.9487,1.9616,0.0271,-0.3073,3360.0
Anomalia,-0.0403,1.4712,3.5715,-3.6784,1.4718,-0.0065,-0.0229,3360.0
Anomalia,0.0149,1.1975,3.5715,-3.6784,1.1976,0.0157,1.2944,3360.0
Anomalia,-0.0036,0.6175,1.4448,-1.5863,0.6175,0.0063,0.0458,3600.0
Anomalia,0.0082,0.4238,1.2086,-1.3722,0.4239,-0.1534,1.0499,2880.0
Anomalia,0.0222,0.3119,0.9636,-0.8388,0.3127,0.1333,0.5191,2880.0
Anomalia,0.0082,0.5673,1.873,-1.8475,0.5673,-0.0567,2.7886,2880.0
Anomalia,0.0218,0.6702,1.873,-1.8475,0.6705,-0.0594,0.6438,3360.0
Anomalia,-0.0029,0.7102,1.873,-1.8475,0.7102,0.0112,0.086,3360.0
Anomalia,0.0099,0.7222,1.873,-1.8475,0.7222,-0.0314,-0.0969,3360.0
Anomalia,0.0054,0.5046,1.4014,-1.2048,0.5046,0.0214,0.0471,3360.0
Anomalia,0.0023,0.3664,1.0003,-1.1694,0.3664,-0.1481,0.492,3360.0
Anomalia,0.0074,0.3095,0.5763,-0.8284,0.3096,-0.1698,-0.7247,3360.0
Anomalia,0.0086,0.2901,0.5559,-0.8284,0.2902,-0.2361,-0.4931,3360.0
Anomalia,0.0225,0.2949,0.6686,-0.8284,0.2957,-0.2313,-0.4522,3360.0
Anomalia,0.0567,1.2826,4.3645,-4.3403,1.2838,0.1959,4.1812,2880.0
Anomalia,0.0152,1.4823,4.3645,-4.3403,1.4824,0.0854,1.6963,3360.0
Anomalia,0.0142,1.6512,4.3645,-4.3403,1.6513,0.0771,0.4242,3360.0
Anomalia,0.0007,1.6857,4.3645,-4.3403,1.6857,0.0945,0.1685,3360.0
Anomalia,-0.0346,1.1525,3.0941,-2.9572,1.153,-0.0644,0.4347,3360.0
Anomalia,0.0115,0.8817,3.0941,-2.933,0.8818,0.0883,1.8679,3360.0
Anomalia,0.0082,0.5008,1.1648,-1.0892,0.5009,-0.0368,-0.4459,2880.0
Anomalia,0.0151,0.3549,0.9949,-1.0321,0.3552,-0.0417,0.1279,2880.0
Anomalia,0.0001,0.2703,0.79,-0.6502,0.2703,0.2108,-0.0128,2880.0
Anomalia,0.0309,0.9821,3.4893,-3.4376,0.9825,0.2006,4.6952,3120.0
Anomalia,-0.0185,1.1544,3.4893,-3.4376,1.1546,0.1088,1.8794,3360.0
Anomalia,0.0221,1.3787,3.4893,-3.4376,1.3789,0.0371,0.0356,3360.0
Anomalia,0.0164,1.4228,3.4893,-3.4376,1.4229,0.0381,-0.298,3360.0
Anomalia,-0.0115,1.0736,2.5812,-2.6976,1.0737,-0.0248,-0.0457,3360.0
Anomalia,0.0386,0.8835,2.5812,-2.5996,0.8844,0.0388,1.0145,3360.0
Anomalia,-0.0052,0.4888,1.0888,-1.1122,0.4888,-0.0554,-0.5337,3600.0
Anomalia,0.0131,0.3584,0.823,-0.8839,0.3587,0.0158,-0.4006,2880.0
Anomalia,0.021,0.2818,0.7491,-0.6381,0.2825,0.1523,-0.2058,2880.0
Anomalia,0.0226,1.1774,4.251,-4.2092,1.1776,0.0367,4.7482,2880.0
Anomalia,-0.02,1.3816,4.251,-4.2092,1.3818,0.0103,1.7329,3360.0
Anomalia,0.0237,1.5786,4.251,-4.2092,1.5788,-0.012,0.2495,3360.0
Anomalia,-0.0086,1.623,4.251,-4.2092,1.623,0.0419,-0.0688,3360.0
Anomalia,-0.0115,1.1721,2.9664,-2.8316,1.1722,0.0149,-0.0898,3360.0
Anomalia,0.0417,0.92,2.9664,-2.8316,0.9209,0.1434,1.3492,3360.0
Anomalia,-0.0059,0.5172,1.3367,-1.3697,0.5172,0.0198,-0.1394,3600.0
Anomalia,0.0227,0.3561,1.0959,-0.9403,0.3568,0.1779,0.3659,2880.0
Anomalia,0.013,0.2522,0.6677,-0.5997,0.2526,0.0063,-0.251,2880.0
Anomalia,-0.01,1.0379,3.7735,-3.7372,1.0379,-0.0511,5.0526,2880.0
Anomalia,-0.0143,1.2761,3.7735,-3.7372,1.2762,0.0362,1.782,3360.0
Anomalia,0.0176,1.5186,3.7735,-3.7372,1.5187,0.0407,0.07,3360.0
Anomalia,0.0058,1.5616,3.7735,-3.7372,1.5616,0.056,-0.2342,3360.0
Anomalia,0.0254,1.2067,3.6525,-2.9113,1.2069,0.1387,0.3554,3360.0
Anomalia,0.0262,0.9555,2.9355,-2.9113,0.9558,0.2132,1.5486,3360.0
Anomalia,-0.007,0.5084,1.151,-1.1034,0.5084,0.0541,-0.6062,3360.0
Anomalia,0.0081,0.3684,1.0312,-0.8914,0.3685,0.138,-0.4699,2880.0
Anomalia,0.0114,0.29,0.5859,-0.6498,0.2903,-0.0392,-0.8293,2880.0
Anomalia,0.0025,0.9802,3.4764,-3.3566,0.9802,-0.1502,4.3327,2880.0
Anomalia,-0.0105,1.1959,3.4764,-3.3566,1.1959,0.0038,1.5834,2880.0
Anomalia,0.0188,1.3759,3.4764,-3.3566,1.3761,0.0056,0.1471,3360.0
Anomalia,0.0003,1.4099,3.4764,-3.3566,1.4099,0.0397,-0.1275,3360.0
Anomalia,0.0176,1.0826,3.2606,-2.6346,1.0827,0.152,0.3782,3360.0
Anomalia,0.0414,0.8248,2.7193,-2.5395,0.8259,0.1299,1.3747,3360.0
Anomalia,-0.0025,0.4865,1.0367,-1.1101,0.4865,-0.0859,-0.4767,3360.0
Anomalia,0.0146,0.3925,1.0367,-1.1101,0.3927,-0.1523,0.3545,2880.0
Anomalia,0.0147,0.2676,0.5851,-0.7691,0.268,-0.4031,-0.1386,2880.0
Anomalia,-0.0644,1.2425,4.9926,-5.0326,1.2442,-0.265,6.4763,2880.0
Anomalia,0.0311,1.6123,4.9926,-5.0326,1.6126,0.0754,2.175,3360.0
Anomalia,-0.01,1.9728,4.9926,-5.0326,1.9728,0.0832,0.0822,3360.0
Anomalia,0.0173,2.0388,4.9926,-5.0326,2.0389,0.0463,-0.2736,3360.0
Anomalia,0.0768,1.6741,4.8615,-3.7631,1.6759,0.1625,0.0857,3360.0
Anomalia,-0.0087,1.33,3.814,-3.7631,1.33,0.0411,0.9343,3360.0
Anomalia,0.0223,0.6975,1.903,-1.5141,0.6978,0.1502,-0.152,3600.0
Anomalia,-0.002,0.4848,1.4686,-1.3976,0.4848,0.004,0.6445,2880.0
Anomalia,0.0018,0.3276,0.8042,-0.7842,0.3276,-0.0681,-0.5872,2880.0
Anomalia,-0.0076,0.8971,3.4998,-3.2919,0.8971,-0.1237,5.591,2880.0
Anomalia,0.0426,1.0754,3.4998,-3.2919,1.0762,-0.01,2.1897,3360.0
Anomalia,0.004,1.2683,3.4998,-3.2919,1.2683,0.0301,0.2952,3360.0
Anomalia,0.0217,1.3063,3.4998,-3.2919,1.3065,-0.0074,-0.0484,3360.0
Anomalia,0.0284,1.0255,2.7515,-2.302,1.0259,0.1057,-0.2148,3360.0
Anomalia,-0.0197,0.8242,2.3805,-2.302,0.8244,0.0042,0.6967,3360.0
Anomalia,0.0177,0.4993,1.0291,-0.9515,0.4996,0.0365,-0.7492,3360.0
Anomalia,0.0074,0.4108,1.0291,-0.9377,0.4109,0.0222,-0.3221,2880.0
Anomalia,0.0088,0.3194,0.7241,-0.6782,0.3195,0.0252,-0.631,2880.0
Anomalia,0.0253,0.5366,1.9068,-1.6656,0.5372,0.2074,2.0486,2880.0
Anomalia,0.0211,0.6836,1.9556,-1.9552,0.6839,-0.0303,1.2901,2880.0
Anomalia,0.0064,0.7897,1.9556,-1.9552,0.7898,-0.0209,0.0337,2880.0
Anomalia,0.0167,0.7848,1.9556,-1.9552,0.785,-0.0579,0.1071,3360.0
Anomalia,-0.0001,0.6623,1.9556,-1.9552,0.6623,-0.1636,1.063,3360.0
Anomalia,-0.0037,0.481,1.4778,-1.4986,0.4811,-0.1312,1.7808,2880.0
Anomalia,0.0053,0.2223,0.4637,-0.5258,0.2224,-0.0846,-0.7655,2880.0
Anomalia,0.0048,0.198,0.4637,-0.5258,0.198,-0.2042,-0.3121,2880.0
Anomalia,0.0077,0.1638,0.3535,-0.3885,0.164,-0.1694,-0.6129,2880.0
Anomalia,0.0577,0.8597,4.0894,-3.4559,0.8617,0.6977,9.3235,2880.0
Anomalia,0.0155,1.2539,4.0894,-4.0419,1.254,-0.0004,2.8336,3360.0
Anomalia,0.0221,1.5017,4.0894,-4.0419,1.5018,-0.0202,0.4534,3360.0
Anomalia,0.0041,1.5461,4.0894,-4.0419,1.5461,0.0057,0.1001,3360.0
Anomalia,-0.0302,1.3262,3.713,-4.0419,1.3266,-0.1526,0.5151,3360.0
Anomalia,0.0038,0.9744,2.6693,-2.7452,0.9744,-0.0309,0.7231,3360.0
Anomalia,0.0095,0.5229,1.2566,-1.5028,0.523,-0.2309,-0.0502,3360.0
Anomalia,0.0191,0.3966,0.9582,-0.9578,0.397,-0.0554,-0.1125,2880.0
Anomalia,0.0018,0.2689,0.5872,-0.5142,0.2689,-0.0652,-0.9728,2880.0
Anomalia,0.0506,1.0924,5.0355,-4.0915,1.0936,0.7609,8.1597,2880.0
Anomalia,0.0106,1.5523,5.0355,-5.0443,1.5523,0.075,2.5937,3360.0
Anomalia,0.0185,1.8408,5.0355,-5.0443,1.8408,0.0419,0.438,3360.0
Anomalia,0.0166,1.8978,5.0355,-5.0443,1.8979,0.0353,0.0698,3360.0
Anomalia,-0.0298,1.6054,4.3924,-5.0443,1.6057,-0.1255,0.5818,3360.0
Anomalia,-0.0017,1.1845,3.4593,-3.2256,1.1845,0.0449,0.8135,3360.0
Anomalia,-0.0059,0.6471,1.5212,-1.671,0.6472,-0.0632,-0.1525,3600.0
Anomalia,0.0101,0.4617,1.3693,-1.282,0.4618,0.0078,0.4388,2880.0
Anomalia,0.0045,0.3158,0.79,-0.7671,0.3158,0.0605,-0.4534,2880.0
Anomalia,0.0295,0.4283,1.646,-1.4273,0.4293,0.3695,2.9455,2880.0
Anomalia,0.0054,0.5543,1.646,-1.6635,0.5543,-0.0628,1.5289,3360.0
Anomalia,0.0041,0.6807,1.646,-1.6635,0.6808,-0.067,-0.0803,3360.0
Anomalia,0.0,0.6968,1.646,-1.6635,0.6968,-0.0545,-0.3164,3360.0
Anomalia,-0.0117,0.6154,1.4669,-1.6635,0.6155,-0.1896,0.0543,3360.0
Anomalia,0.01,0.491,1.348,-1.3914,0.4911,-0.1209,0.6847,3360.0
Anomalia,0.0196,0.2778,0.6026,-0.6001,0.2785,-0.0264,-0.7606,3360.0
Anomalia,0.0168,0.2413,0.6026,-0.457,0.2419,0.2219,-0.5976,2880.0
Anomalia,0.0105,0.2306,0.5367,-0.457,0.2309,0.1274,-0.7518,2880.0
Anomalia,0.0192,0.7387,3.5064,-2.9731,0.739,0.5534,8.5095,2880.0
Anomalia,-0.0244,1.0789,3.5064,-3.3704,1.0792,0.1368,2.6937,2880.0
Anomalia,0.014,1.299,3.5064,-3.3704,1.2991,0.0343,0.4233,3360.0
Anomalia,-0.0015,1.3242,3.5064,-3.3704,1.3242,0.0667,0.1876,3360.0
Anomalia,0.0004,1.154,3.135,-3.3704,1.154,-0.0684,0.6101,3360.0
Anomalia,0.0197,0.8462,2.6154,-2.4393,0.8464,0.0315,1.1775,3360.0
Anomalia,0.0037,0.4406,0.982,-0.9578,0.4406,0.0318,-0.5355,3360.0
Anomalia,0.0128,0.3452,0.8802,-0.9578,0.3455,-0.029,0.2644,2880.0
Anomalia,0.0081,0.2274,0.4582,-0.4703,0.2275,0.0752,-0.9183,2880.0
Anomalia,-0.0078,0.7859,3.1158,-3.8637,0.786,-0.9147,10.0842,2880.0
Anomalia,0.0057,1.4726,4.6558,-4.8198,1.4726,-0.0594,2.6409,3360.0
Anomalia,-0.0038,1.8004,4.6558,-4.8198,1.8004,-0.0052,0.321,3360.0
Anomalia,0.0047,1.8984,4.6558,-4.8198,1.8984,-0.0034,-0.227,3360.0
Anomalia,0.0299,1.7864,4.6558,-4.8198,1.7866,0.0381,0.0595,3360.0
Anomalia,0.0125,1.29,3.5745,-3.4609,1.2901,0.0659,0.4976,3360.0
Anomalia,0.0141,0.7767,2.5036,-2.1589,0.7769,0.1856,0.6198,3360.0
Anomalia,0.0165,0.5106,1.2666,-1.2115,0.5109,0.0827,0.0304,2880.0
Anomalia,0.0071,0.3247,0.8484,-0.6552,0.3248,0.1724,-0.8474,2880.0
Anomalia,0.0369,0.8611,4.0511,-3.3695,0.8619,0.7031,8.1496,2880.0
Anomalia,-0.0046,1.1874,4.0511,-3.6792,1.1874,0.0829,2.5096,3360.0
Anomalia,0.0138,1.3964,4.0511,-3.6792,1.3965,0.0495,0.4698,3360.0
Anomalia,0.0125,1.4353,4.0511,-3.6792,1.4353,0.0451,0.1317,3360.0
Anomalia,-0.0143,1.204,3.024,-3.6792,1.2041,-0.1449,0.3901,3360.0
Anomalia,0.0292,0.8842,2.5695,-2.4097,0.8846,0.0464,0.8975,3360.0
Anomalia,-0.0082,0.4767,1.0767,-1.1285,0.4768,0.021,-0.3886,3600.0
Anomalia,0.0072,0.3569,0.8576,-0.9169,0.357,0.004,-0.4023,2880.0
Anomalia,0.0039,0.2629,0.5734,-0.6085,0.2629,-0.0578,-0.4144,2880.0
Anomalia,-0.0201,0.7131,2.951,-3.2928,0.7133,-0.5664,8.3508,2880.0
Anomalia,0.0221,1.3318,4.2664,-4.1662,1.332,0.1416,2.6395,3120.0
Anomalia,-0.0051,1.6138,4.2664,-4.1662,1.6138,0.1194,0.4019,3360.0
Anomalia,0.0108,1.6786,4.2664,-4.1662,1.6786,0.0934,-0.0505,3360.0
Anomalia,0.0348,1.5784,4.2664,-4.1662,1.5788,0.1297,0.3101,3360.0
Anomalia,-0.0006,1.1155,3.1513,-3.1033,1.1155,0.0608,0.757,3360.0
Anomalia,0.0293,0.6306,1.9794,-1.4636,0.6313,0.1528,0.3,3360.0
Anomalia,0.0093,0.4454,1.2282,-1.4586,0.4455,-0.0539,0.8726,2880.0
Anomalia,0.0146,0.2573,0.6331,-0.6844,0.2577,-0.1958,-0.3284,2880.0
Anomalia,0.0027,0.6294,2.9597,-3.5465,0.6294,-0.5602,12.4154,3120.0
Anomalia,0.0192,1.2674,4.0786,-3.948,1.2675,0.0804,2.9299,3120.0
Anomalia,0.0213,1.4959,4.0786,-3.948,1.496,0.0534,0.6745,3360.0
Anomalia,0.0197,1.5601,4.0786,-3.948,1.5602,0.0463,0.1597,3360.0
Anomalia,0.0235,1.4867,4.0786,-3.948,1.4868,0.0915,0.36,3360.0
Anomalia,0.0093,1.0125,2.7986,-2.7281,1.0126,0.04,0.3893,3360.0
Anomalia,-0.0116,0.6218,1.6368,-1.9047,0.6219,0.0609,0.0778,3360.0
Anomalia,0.0084,0.4501,1.2462,-1.2311,0.4502,0.0237,0.5686,2880.0
Anomalia,0.0035,0.329,0.896,-0.8547,0.329,0.0611,-0.1564,2880.0
Anomalia,0.0338,0.5892,3.0632,-2.0299,0.5902,1.274,9.2952,3360.0
Anomalia,0.0235,1.5191,4.8444,-5.0906,1.5193,0.0269,2.8495,3360.0
Anomalia,0.0274,1.806,4.8444,-5.0906,1.8062,0.0326,0.6328,3360.0
Anomalia,0.0207,1.9243,4.8444,-5.0906,1.9244,0.0053,-0.0392,3360.0
Anomalia,-0.018,1.9032,4.8444,-5.0906,1.9033,0.0229,-0.0009,3360.0
Anomalia,0.0239,1.3084,3.4626,-3.5557,1.3086,-0.0512,0.3203,3360.0
Anomalia,-0.015,0.877,2.2987,-2.9522,0.8771,-0.2532,0.7272,3360.0
Anomalia,0.014,0.5416,1.3613,-1.3693,0.5418,-0.1098,0.2287,2880.0
Anomalia,0.0026,0.377,0.9273,-0.8668,0.377,-0.0319,-0.3613,2880.0
Anomalia,-0.0056,0.3732,1.2245,-1.3371,0.3733,-0.0044,1.0806,2880.0
Anomalia,0.0164,0.558,1.8192,-1.6188,0.5582,0.0542,1.4581,3120.0
Anomalia,0.0055,0.6572,1.8192,-1.6188,0.6573,0.0538,-0.0637,3360.0
Anomalia,0.0187,0.6467,1.8192,-1.6188,0.647,0.0035,0.0936,3360.0
Anomalia,0.0157,0.6178,1.8192,-1.6188,0.618,0.0184,0.3445,3360.0
Anomalia,0.0027,0.4354,1.1852,-1.2478,0.4354,-0.0274,0.4826,3360.0
Anomalia,0.0091,0.277,0.5738,-0.6026,0.2772,0.0002,-1.0957,3360.0
Anomalia,-0.0003,0.2669,0.5058,-0.6218,0.2669,-0.0901,-0.901,3360.0
Anomalia,0.0088,0.2546,0.5058,-0.6218,0.2548,-0.1557,-0.7466,2880.0
Anomalia,0.0293,0.4822,2.4331,-1.7824,0.4831,0.7855,7.9588,2880.0
Anomalia,0.0205,1.1359,3.6558,-3.6366,1.1361,0.0507,2.9935,2880.0
Anomalia,0.028,1.3641,3.6558,-3.6366,1.3644,0.0054,0.6374,3360.0
Anomalia,0.0077,1.4181,3.6558,-3.6366,1.4182,0.0324,0.1681,3360.0
Anomalia,-0.0078,1.388,3.6558,-3.6366,1.388,0.0265,0.3091,3360.0
Anomalia,0.0092,0.9367,2.6551,-2.6225,0.9367,-0.0527,0.7696,3360.0
Anomalia,0.0049,0.5526,1.4089,-1.6543,0.5526,-0.2181,0.0131,3360.0
Anomalia,0.0195,0.3957,0.9365,-1.0154,0.3962,-0.1699,-0.1579,2880.0
Anomalia,0.0075,0.2636,0.6414,-0.5801,0.2637,0.06,-0.734,2880.0
Anomalia,0.0231,0.4694,2.7344,-1.5516,0.47,2.1277,13.0876,2880.0
Anomalia,0.0086,1.2529,4.0828,-3.9213,1.253,0.1411,2.7889,3120.0
Anomalia,0.0224,1.4782,4.0828,-3.9213,1.4784,0.0794,0.7091,3360.0
Anomalia,0.012,1.5815,4.0828,-3.9213,1.5815,0.0551,-0.0211,3360.0
Anomalia,-0.0055,1.5628,4.0828,-3.9213,1.5629,0.0306,0.0065,3360.0
Anomalia,0.0159,1.0518,2.9748,-3.0482,1.0519,-0.0483,0.6514,3360.0
Anomalia,-0.0071,0.7002,2.0412,-2.3871,0.7002,-0.2351,1.1747,3360.0
Anomalia,0.0182,0.4372,1.0283,-1.0233,0.4376,-0.0609,-0.2291,3600.0
Anomalia,0.0078,0.3062,0.7078,-0.7291,0.3063,0.0117,-0.7142,2880.0
Anomalia,0.0276,0.5083,2.986,-1.7424,0.509,1.9105,13.1178,2880.0
Anomalia,0.0075,1.2904,4.3632,-4.2873,1.2904,0.0626,3.186,2880.0
Anomalia,0.0236,1.5469,4.3632,-4.2873,1.5471,0.0222,0.7046,3360.0
Anomalia,0.0014,1.6169,4.3632,-4.2873,1.6169,0.043,0.164,3360.0
Anomalia,-0.0066,1.5888,4.3632,-4.2873,1.5888,-0.0047,0.2336,3360.0
Anomalia,0.0119,1.0686,2.9881,-2.8533,1.0686,-0.0073,0.5019,3360.0
Anomalia,-0.0035,0.6424,1.4173,-1.8947,0.6424,-0.1636,-0.0927,3360.0
Anomalia,0.0176,0.4366,1.0575,-0.997,0.437,0.001,-0.3539,2880.0
Anomalia,0.002,0.298,0.8,-0.7032,0.298,-0.0445,-0.2289,2880.0
Anomalia,0.0108,0.4215,2.5098,-1.7332,0.4216,0.7761,11.0864,2880.0
Anomalia,0.0149,1.1432,3.6579,-3.4676,1.1433,0.0825,2.7205,2880.0
Anomalia,0.0101,1.356,3.6579,-3.4676,1.356,0.0684,0.6843,3360.0
Anomalia,0.0062,1.4613,3.6579,-3.4676,1.4614,0.0757,-0.0788,3360.0
Anomalia,0.0147,1.4652,3.6579,-3.4676,1.4653,0.0403,-0.179,3360.0
Anomalia,0.0049,1.0093,2.7748,-2.7481,1.0093,0.0861,0.5448,3360.0
Anomalia,0.0032,0.6966,2.6317,-2.0842,0.6966,0.1592,1.219,3360.0
Anomalia,0.0116,0.4497,1.1289,-1.2007,0.4498,0.0298,0.268,2880.0
Anomalia,0.0084,0.2736,0.7512,-0.5847,0.2737,0.0793,-0.795,2880.0
Anomalia,0.0207,0.5074,3.2189,-1.9757,0.5078,1.496,14.8564,2880.0
Anomalia,0.0331,1.3776,4.6266,-4.3737,1.378,0.106,3.214,2880.0
Anomalia,-0.0004,1.6218,4.6266,-4.3737,1.6218,0.075,0.913,3360.0
Anomalia,0.0153,1.7172,4.6266,-4.3737,1.7173,0.0596,0.2106,3360.0
Anomalia,-0.0081,1.7042,4.6266,-4.3737,1.7042,0.0561,0.191,3360.0
Anomalia,-0.0003,1.15,3.1471,-3.0123,1.15,-0.0231,0.2775,3360.0
Anomalia,0.0245,0.7664,2.6058,-1.9744,0.7668,0.1486,0.1364,3360.0
Anomalia,0.0084,0.5977,1.2382,-1.3067,0.5977,-0.1093,-0.8044,3360.0
Anomalia,0.0146,0.4588,1.2382,-1.0629,0.459,-0.0434,-0.2965,2880.0
Anomalia,-0.0306,0.4643,0.8935,-1.9093,0.4653,-0.8842,2.2564,3120.0
Anomalia,0.0384,1.5398,4.8636,-4.9058,1.5402,0.0947,2.6021,3120.0
Anomalia,-0.032,1.7701,4.8636,-4.9058,1.7704,0.0712,0.9177,3360.0
Anomalia,0.0308,1.9893,4.8636,-4.9058,1.9895,0.0406,-0.1606,3360.0
Anomalia,0.0392,2.0205,4.8636,-4.9058,2.0209,0.0342,-0.3287,3360.0
Anomalia,-0.0305,1.407,3.8541,-3.8378,1.4073,0.0819,0.4089,3360.0
Anomalia,0.0446,1.0758,3.8541,-3.2431,1.0767,0.3426,1.7347,3360.0
Anomalia,-0.0129,0.5921,1.4598,-1.348,0.5922,0.0227,-0.2184,2880.0
Anomalia,0.0163,0.3997,1.2645,-0.9357,0.4,0.1674,0.07,2880.0
Anomalia,0.0102,0.3697,0.9248,-1.3734,0.3698,-0.5939,1.3214,2880.0
Anomalia,0.0177,0.9586,3.2085,-3.0783,0.9588,0.019,2.7787,2880.0
Anomalia,-0.0045,1.1239,3.2085,-3.0783,1.1239,0.0011,0.7453,3360.0
Anomalia,0.0169,1.2117,3.2085,-3.0783,1.2119,-0.0042,-0.0523,3360.0
Anomalia,0.0136,1.2219,3.2085,-3.0783,1.222,0.0185,-0.159,3360.0
Anomalia,0.0046,0.8391,2.2252,-2.2039,0.8391,-0.0101,0.0826,3360.0
Anomalia,0.0342,0.5857,1.9577,-1.5191,0.5867,0.2536,0.5742,3360.0
Anomalia,0.0057,0.401,0.8622,-0.81,0.401,0.0043,-0.8136,3600.0
Anomalia,0.0198,0.3219,0.8622,-0.6456,0.3225,0.0934,-0.6354,2880.0
Anomalia,0.0117,0.3103,0.6915,-1.3593,0.3105,-0.448,1.117,3600.0
Anomalia,-0.0055,0.7199,2.2265,-2.0637,0.7199,0.1372,1.9408,3120.0
Anomalia,0.0161,0.8114,2.2265,-2.0637,0.8115,0.0334,0.7537,3360.0
Anomalia,0.0248,0.8689,2.2265,-2.0637,0.8693,-0.0248,0.1416,3360.0
Anomalia,0.014,0.8695,2.2265,-2.0637,0.8696,0.0269,0.1005,3360.0
Anomalia,0.0328,0.5798,1.6819,-1.7048,0.5807,-0.1835,1.3232,3360.0
Anomalia,0.0035,0.4197,1.4436,-1.648,0.4197,-0.1933,2.6896,2880.0
Anomalia,-0.0004,0.2555,0.6114,-0.5592,0.2555,-0.179,-0.3611,2880.0
Anomalia,0.0216,0.226,0.5087,-0.5112,0.227,-0.1137,-0.3075,2880.0
Anomalia,0.0184,0.2105,0.4908,-0.7934,0.2113,-0.3168,0.8025,2880.0
Anomalia,-0.0055,1.1839,4.0765,-3.8591,1.1839,0.1054,3.661,3360.0
Anomalia,0.0402,1.3467,4.0765,-3.8591,1.3473,0.0767,1.4326,3360.0
Anomalia,-0.0089,1.5307,4.0765,-3.8591,1.5307,0.0796,0.1136,3360.0
Anomalia,0.0113,1.571,4.0765,-3.8591,1.571,0.0448,-0.1783,3360.0
Anomalia,0.0346,1.0759,2.7627,-2.8546,1.0764,-0.0213,0.1079,3360.0
Anomalia,-0.0059,0.8776,2.7627,-2.8546,0.8776,-0.2118,1.4287,3360.0
Anomalia,0.0287,0.4835,1.2295,-1.1422,0.4843,0.0363,0.0975,3360.0
Anomalia,0.002,0.366,0.9878,-1.1422,0.366,-0.2355,0.5428,2880.0
Anomalia,0.0131,0.3106,0.674,-1.4949,0.3109,-0.648,2.0552,2880.0
Anomalia,-0.0285,1.4122,4.874,-4.8861,1.4125,0.0532,3.8319,2880.0
Anomalia,0.0221,1.6402,4.874,-4.8861,1.6404,0.0374,1.3026,3360.0
Anomalia,0.0081,1.8098,4.874,-4.8861,1.8099,0.0349,0.2017,3360.0
Anomalia,0.014,1.8475,4.874,-4.8861,1.8476,0.029,-0.0401,3360.0
Anomalia,0.0531,1.2384,3.3412,-3.1826,1.2395,0.0458,0.1291,3360.0
Anomalia,0.0041,0.9346,3.0123,-3.1826,0.9346,-0.055,1.4817,3360.0
Anomalia,0.0094,0.5216,1.3167,-1.1652,0.5216,0.1128,-0.1092,3600.0
Anomalia,0.0091,0.345,1.0099,-1.0834,0.3451,0.008,0.1831,2880.0
Anomalia,0.0093,0.2841,0.7838,-0.7032,0.2842,0.0126,-0.1322,2880.0
Anomalia,0.0025,0.5585,1.7707,-1.6359,0.5585,0.1435,2.1509,2880.0
Anomalia,0.0314,0.6208,1.7707,-1.6359,0.6216,0.0465,0.9125,3360.0
Anomalia,0.0087,0.6777,1.7707,-1.6359,0.6778,0.0681,0.097,3360.0
Anomalia,0.0049,0.6868,1.7707,-1.6359,0.6868,0.0692,-0.0541,3360.0
Anomalia,0.0203,0.4676,1.3012,-1.2795,0.4681,-0.0495,0.3887,3360.0
Anomalia,0.0004,0.3666,1.108,-1.2795,0.3666,-0.2155,1.2842,3360.0
Anomalia,0.0178,0.2768,0.6076,-0.5546,0.2774,-0.0024,-0.8935,3360.0
Anomalia,0.0162,0.2552,0.6076,-0.5513,0.2557,0.1451,-0.6827,2880.0
Anomalia,0.0163,0.2443,0.6076,-0.5513,0.2448,0.1865,-0.4733,2880.0
Anomalia,0.0232,1.0915,3.8799,-3.587,1.0917,0.2375,3.777,2880.0
Anomalia,0.0286,1.2828,3.8799,-3.587,1.2831,0.1317,1.3435,3360.0
Anomalia,0.0097,1.3929,3.8799,-3.587,1.3929,0.1015,0.3662,3360.0
Anomalia,0.0152,1.4157,3.8799,-3.587,1.4158,0.0873,0.1615,3360.0
Anomalia,-0.0004,0.9522,2.7122,-2.6217,0.9522,-0.0561,0.763,3360.0
Anomalia,-0.0108,0.6694,2.1059,-2.4026,0.6695,-0.2231,1.6688,3360.0
Anomalia,0.0155,0.4329,0.9369,-0.8526,0.4331,0.0384,-0.9007,2880.0
Anomalia,-0.0008,0.351,0.8593,-0.8526,0.351,0.0398,-0.4664,2880.0
Anomalia,0.0174,0.2979,0.7424,-0.641,0.2984,-0.0195,-0.4223,2880.0
Anomalia,0.0481,1.294,4.4667,-4.7509,1.2949,0.0949,4.7022,2880.0
Anomalia,0.0122,1.5457,4.4667,-4.7509,1.5457,0.0283,1.6463,3360.0
Anomalia,0.0166,1.8388,4.4667,-4.7509,1.8389,0.0,-0.0105,3360.0
Anomalia,0.01,1.8858,4.4667,-4.7509,1.8858,0.0098,-0.2813,3360.0
Anomalia,-0.0169,1.4219,3.5444,-3.6041,1.422,-0.0601,0.1289,3360.0
Anomalia,0.0036,1.1373,3.5444,-3.6041,1.1373,-0.0265,1.7392,3360.0
Anomalia,0.0093,0.5545,1.2791,-1.3555,0.5546,-0.046,-0.0918,3600.0
Anomalia,0.0085,0.3823,1.0037,-1.1894,0.3824,-0.1418,0.333,2880.0
Anomalia,0.0126,0.2972,0.6811,-0.6014,0.2975,0.1584,-0.8408,2880.0
Anomalia,0.012,1.0745,3.8269,-3.5995,1.0745,0.0978,3.6877,2880.0
Anomalia,0.0312,1.256,3.8269,-3.5995,1.2564,0.0801,1.1426,3360.0
Anomalia,0.0001,1.3616,3.8269,-3.5995,1.3616,0.0866,0.222,3360.0
Anomalia,0.0142,1.3927,3.8269,-3.5995,1.3928,0.0545,-0.0422,3360.0
Anomalia,0.0101,0.9336,2.4401,-2.2549,0.9337,0.0526,-0.06,3360.0
Anomalia,-0.0192,0.664,2.0249,-2.2549,0.6642,-0.1773,1.1761,3360.0
Anomalia,0.0167,0.4054,1.0049,-1.0062,0.4058,0.0278,-0.0208,3600.0
Anomalia,0.0044,0.2679,0.5738,-0.7316,0.2679,-0.2916,-0.4607,2880.0
Anomalia,0.0101,0.2288,0.747,-0.5296,0.2291,0.0938,-0.2096,2880.0
Anomalia,0.0702,1.2413,4.3173,-4.2497,1.2433,0.3175,4.308,2880.0
Anomalia,-0.0034,1.4345,4.3173,-4.2497,1.4345,0.1522,1.8097,3360.0
Anomalia,0.0159,1.6518,4.3173,-4.2497,1.6519,0.0984,0.2461,3360.0
Anomalia,0.0016,1.6966,4.3173,-4.2497,1.6966,0.1089,-0.0617,3360.0
Anomalia,-0.0424,1.2045,2.8925,-3.2569,1.2052,-0.1066,0.2334,3360.0
Anomalia,0.022,0.9802,2.8925,-3.0924,0.9804,0.0702,1.3946,3360.0
Anomalia,0.008,0.554,1.1823,-1.3413,0.554,-0.1174,-0.4983,2880.0
Anomalia,0.0174,0.4022,1.1823,-1.1151,0.4026,0.0408,0.1166,2880.0
Anomalia,0.0097,0.3089,0.7253,-0.7658,0.309,-0.1294,-0.6347,2880.0
Anomalia,-0.0195,1.1946,4.5101,-4.4667,1.1947,-0.1375,5.3228,3120.0
Anomalia,-0.0186,1.442,4.5101,-4.4667,1.4421,0.0723,2.2056,3360.0
Anomalia,0.0229,1.6603,4.5101,-4.4667,1.6605,0.0446,0.417,3360.0
Anomalia,-0.0002,1.709,4.5101,-4.4667,1.709,0.0733,0.0695,3360.0
Anomalia,0.0466,1.299,4.0498,-3.1054,1.2999,0.2204,0.2555,3360.0
Anomalia,0.0246,1.0109,2.928,-2.8128,1.0111,0.2131,0.6663,3360.0
Anomalia,-0.0001,0.6006,1.3755,-1.3693,0.6006,0.0396,-0.2392,3360.0
Anomalia,0.0154,0.4635,1.3755,-1.2633,0.4637,0.2664,0.7779,2880.0
Anomalia,0.0186,0.3191,0.699,-0.712,0.3197,0.0269,-0.6838,2880.0
Anomalia,-0.0299,1.2301,4.8841,-4.8323,1.2304,-0.2487,5.882,3360.0
Anomalia,0.0201,1.5601,4.8841,-4.8323,1.5602,0.0785,2.018,3360.0
Anomalia,0.0023,1.857,4.8841,-4.8323,1.857,0.0518,0.1593,3360.0
Anomalia,0.0021,1.8992,4.8841,-4.8323,1.8992,0.0552,-0.093,3360.0
Anomalia,0.0613,1.5164,4.5756,-3.6078,1.5176,0.1647,0.2867,3360.0
Anomalia,0.0066,1.1905,3.3558,-3.6078,1.1905,-0.043,1.0999,3360.0
Anomalia,0.0287,0.6197,1.7027,-1.3985,0.6203,0.0551,-0.231,3360.0
Anomalia,0.0155,0.4668,1.1986,-1.3726,0.4671,-0.1303,0.3496,2880.0
Anomalia,0.0058,0.3344,0.8927,-0.8434,0.3345,0.0964,-0.2856,2880.0
Anomalia,0.0022,0.4899,1.7052,-1.5792,0.4899,-0.0176,2.8222,2880.0
Anomalia,-0.0049,0.5894,1.7052,-1.5792,0.5894,0.0653,0.6798,3600.0
Anomalia,0.0092,0.6411,1.7052,-1.5792,0.6412,0.1017,0.0486,3360.0
Anomalia,0.0188,0.644,1.7052,-1.5792,0.6442,0.0687,-0.004,3360.0
Anomalia,0.0193,0.4895,1.3843,-1.1089,0.4898,0.2491,0.2808,3360.0
Anomalia,0.028,0.3652,1.3467,-1.0183,0.3663,0.4651,1.4786,3360.0
Anomalia,0.0014,0.2453,0.5755,-0.5021,0.2453,0.0403,-0.8968,3360.0
Anomalia,0.0058,0.2202,0.4937,-0.5021,0.2203,-0.1194,-0.759,2880.0
Anomalia,0.0109,0.1941,0.3581,-0.5021,0.1944,-0.2232,-0.556,2880.0
Anomalia,-0.0424,1.1828,4.6591,-4.3924,1.1835,-0.1797,6.0327,2880.0
Anomalia,0.0107,1.478,4.6591,-4.3924,1.478,0.0951,2.2143,3360.0
Anomalia,0.0116,1.699,4.6591,-4.3924,1.6991,0.0886,0.4697,3360.0
Anomalia,0.0013,1.7443,4.6591,-4.3924,1.7443,0.0966,0.1423,3360.0
Anomalia,0.0684,1.3235,4.3227,-2.9948,1.3253,0.281,0.6498,3360.0
Anomalia,0.0189,0.9989,3.1809,-2.8896,0.9991,0.1034,1.2922,3360.0
Anomalia,0.012,0.5588,1.2186,-1.227,0.5589,-0.0538,-0.4724,3600.0
Anomalia,0.022,0.411,1.2186,-1.0917,0.4116,0.0317,0.142,2880.0
Anomalia,-0.0046,0.2915,0.7195,-0.6744,0.2916,0.1126,-0.5515,2880.0
Anomalia,-0.0184,1.0539,4.2868,-4.2697,1.0541,-0.1615,6.8478,2880.0
Anomalia,0.0345,1.36,4.2868,-4.2697,1.3604,0.0634,2.3824,3360.0
Anomalia,0.0,1.6809,4.2868,-4.2697,1.6809,0.0805,0.117,3360.0
Anomalia,0.0393,1.7398,4.2868,-4.2697,1.7402,0.0157,-0.2585,3360.0
Anomalia,0.0389,1.444,4.0223,-3.3003,1.4445,0.1433,-0.0057,3360.0
Anomalia,-0.0104,1.1585,3.3366,-3.2615,1.1586,0.0745,0.7898,3360.0
Anomalia,0.0208,0.6118,1.5537,-1.2524,0.6121,0.0822,-0.255,3360.0
Anomalia,-0.0071,0.4359,1.1397,-1.2441,0.4359,-0.1095,0.2558,2880.0
Anomalia,0.0099,0.2946,0.6118,-0.5317,0.2948,0.0829,-1.0212,2880.0
Anomalia,-0.0179,1.0567,4.2088,-4.1462,1.0569,-0.143,6.3718,2880.0
Anomalia,0.0432,1.3161,4.2088,-4.1462,1.3168,0.0452,2.1842,3360.0
Anomalia,0.001,1.5313,4.2088,-4.1462,1.5313,0.0597,0.3961,3360.0
Anomalia,0.0291,1.5585,4.2088,-4.1462,1.5588,0.0088,0.1738,3360.0
Anomalia,0.0421,1.2025,3.5248,-2.769,1.2032,0.1634,0.3632,3360.0
Anomalia,-0.0161,0.9193,2.9464,-2.688,0.9194,-0.0602,1.4901,3360.0
Anomalia,0.0207,0.4785,1.0525,-0.9757,0.479,0.0234,-0.6671,3600.0
Anomalia,-0.0023,0.3714,0.969,-0.9665,0.3714,-0.1365,-0.0554,2880.0
Anomalia,0.0019,0.2699,0.7216,-0.6702,0.2699,0.0811,-0.2138,2880.0
Anomalia,0.0071,0.8737,3.6429,-3.5077,0.8737,0.1891,6.7784,2880.0
Anomalia,0.0254,1.1864,3.6429,-3.5235,1.1867,0.0558,2.2772,3360.0
Anomalia,0.0184,1.4533,3.6429,-3.5235,1.4535,0.079,0.1401,3360.0
Anomalia,0.0226,1.4951,3.6429,-3.5235,1.4952,0.059,-0.176,3360.0
Anomalia,0.0158,1.2551,3.5457,-3.5235,1.2552,0.0656,0.4089,3360.0
Anomalia,-0.0117,0.973,2.9147,-2.7327,0.9731,0.1883,1.1438,3360.0
Anomalia,-0.0001,0.4984,0.9916,-1.3555,0.4984,-0.1219,-0.6144,3360.0
Anomalia,0.0104,0.3725,0.876,-0.8939,0.3727,-0.1247,-0.5428,2880.0
Anomalia,0.0046,0.2867,0.5793,-0.6886,0.2867,-0.0744,-0.7609,2880.0
Anomalia,0.0253,1.1494,4.9863,-4.5923,1.1496,0.3036,7.2935,2880.0
Anomalia,0.0366,1.5094,4.9863,-4.6637,1.5099,0.1361,2.5788,2880.0
Anomalia,0.0003,1.772,4.9863,-4.6637,1.772,0.1109,0.5264,3360.0
Anomalia,0.0199,1.8146,4.9863,-4.6637,1.8147,0.0747,0.2188,3360.0
Anomalia,0.0022,1.4665,4.3382,-4.6637,1.4665,0.0163,0.6893,3360.0
Anomalia,-0.0095,1.0985,3.3107,-3.0974,1.0985,-0.0399,1.1456,3360.0
Anomalia,0.0188,0.5972,1.3234,-1.3142,0.5975,-0.0567,-0.4941,3600.0
Anomalia,0.0052,0.4921,1.2507,-1.3142,0.4922,-0.1924,-0.1717,2880.0
Anomalia,-0.0018,0.35,0.7654,-0.8368,0.35,0.0468,-0.6117,2880.0
Anomalia,0.0553,1.0516,4.9905,-3.8061,1.053,1.0515,7.894,2880.0
Anomalia,0.0037,1.6255,4.9905,-5.1612,1.6255,0.1126,2.263,3360.0
Anomalia,0.0274,2.023,4.9905,-5.1612,2.0232,0.0436,0.0841,3360.0
Anomalia,0.0187,2.1029,4.9905,-5.1612,2.103,0.0386,-0.316,3360.0
Anomalia,-0.0376,1.8995,4.8649,-5.1612,1.8999,-0.0562,0.008,3360.0
Anomalia,0.0065,1.445,3.9885,-4.0402,1.445,0.0203,0.6968,3360.0
Anomalia,-0.0131,0.7813,1.9323,-2.1877,0.7815,-0.111,0.0357,3600.0
Anomalia,0.0114,0.5489,1.5408,-1.4911,0.549,0.018,0.6805,2880.0
Anomalia,-0.0001,0.3206,0.7704,-0.679,0.3206,0.038,-0.6646,2880.0
Anomalia,0.0496,0.7264,3.2026,-2.8128,0.7281,0.6667,6.7565,2880.0
Anomalia,-0.0148,0.9938,3.2026,-3.0511,0.9939,0.0156,2.2247,3360.0
Anomalia,0.0115,1.1981,3.2026,-3.0511,1.1981,-0.0102,0.205,3360.0
Anomalia,-0.0052,1.2292,3.2026,-3.0511,1.2292,0.0224,-0.0877,3360.0
Anomalia,-0.0353,1.0538,2.5653,-3.0511,1.0544,-0.1635,0.1457,3360.0
Anomalia,0.0281,0.8019,2.3546,-2.2407,0.8024,-0.0049,0.8391,3360.0
Anomalia,0.0073,0.4148,0.8338,-1.0125,0.4149,-0.1445,-0.4535,3600.0
Anomalia,0.0302,0.3337,0.8338,-0.7796,0.3351,-0.0576,-0.1483,2880.0
Anomalia,0.0097,0.2581,0.5129,-0.5521,0.2583,-0.1275,-0.7638,2880.0
Anomalia,-0.0127,0.593,2.2294,-2.5232,0.5932,-0.3564,6.0802,3600.0
Anomalia,-0.0082,0.9603,2.9672,-2.8867,0.9603,0.1195,2.1893,3120.0
Anomalia,-0.003,1.1525,2.9672,-2.8867,1.1525,0.1004,0.2272,3360.0
Anomalia,0.0084,1.178,2.9672,-2.8867,1.178,0.073,-0.023,3360.0
Anomalia,0.0314,1.0751,2.9672,-2.8867,1.0756,0.1122,0.4628,3360.0
Anomalia,0.0112,0.774,2.2611,-2.1267,0.7741,0.1192,0.8118,3360.0
Anomalia,0.0149,0.4193,1.1435,-0.8572,0.4195,0.1318,-0.2634,3360.0
Anomalia,0.0071,0.3169,0.9294,-0.8572,0.317,0.1514,0.6702,2880.0
Anomalia,0.0185,0.2181,0.505,-0.4912,0.2189,-0.0627,-0.5406,3360.0
Anomalia,-0.0153,0.7193,2.8654,-3.6638,0.7195,-1.2194,10.5718,2880.0
Anomalia,0.0071,1.3042,4.2702,-4.1783,1.3042,0.0432,2.8846,3360.0
Anomalia,-0.0041,1.5345,4.2702,-4.1783,1.5345,0.0338,0.6114,3360.0
Anomalia,0.0056,1.5994,4.2702,-4.1783,1.5995,0.027,0.1121,3360.0
Anomalia,0.0398,1.4874,4.2702,-4.1783,1.4879,0.1114,0.4261,3360.0
Anomalia,0.0097,1.0241,2.6025,-2.7615,1.0242,-0.0063,0.1688,3360.0
Anomalia,0.0307,0.6339,1.7854,-1.5579,0.6346,0.1027,0.0307,3360.0
Anomalia,-0.0029,0.452,1.1673,-1.1652,0.452,0.01,0.4784,2880.0
Anomalia,0.0108,0.2861,0.6331,-0.5855,0.2863,0.0206,-0.9565,2880.0
Anomalia,0.0115,0.9061,4.7363,-3.968,0.9062,0.1239,10.15,2880.0
Anomalia,-0.0129,1.4921,4.9325,-4.9859,1.4921,0.0187,2.9054,3360.0
Anomalia,0.0177,1.8056,4.9325,-4.9859,1.8057,0.0092,0.4528,3360.0
Anomalia,0.0042,1.8654,4.9325,-4.9859,1.8654,0.0287,0.0637,3360.0
Anomalia,0.0078,1.6863,4.9325,-4.9859,1.6863,0.0139,0.5076,3360.0
Anomalia,0.0283,1.2127,3.4309,-3.241,1.2131,0.0887,0.678,3360.0
Anomalia,-0.0014,0.6608,1.9072,-1.5871,0.6608,0.1191,-0.154,3600.0
Anomalia,0.0151,0.466,1.2887,-1.1886,0.4663,0.2061,0.1632,2880.0
Anomalia,0.008,0.3088,0.8647,-0.747,0.3089,0.1806,-0.0885,2880.0
Anomalia,-0.0121,0.4026,1.4865,-1.792,0.4028,-0.6567,5.5558,2880.0
Anomalia,0.0191,0.7035,2.2094,-2.2507,0.7038,-0.0512,2.4548,2880.0
Anomalia,0.0019,0.8843,2.2094,-2.2507,0.8843,0.0103,0.2623,3360.0
Anomalia,0.013,0.9122,2.2094,-2.2507,0.9123,-0.0171,-0.0889,3360.0
Anomalia,0.0276,0.8802,2.2094,-2.2507,0.8807,0.0078,0.0201,3360.0
Anomalia,0.0032,0.6612,1.8613,-1.8505,0.6612,0.0254,0.6988,3360.0
Anomalia,0.0153,0.3692,0.9148,-0.8297,0.3695,0.0545,-0.5977,3360.0
Anomalia,0.0008,0.3098,0.7295,-0.8297,0.3098,0.014,-0.2268,2880.0
Anomalia,0.0109,0.2227,0.4478,-0.4211,0.2229,-0.0214,-0.9695,2880.0
Anomalia,-0.0204,0.5667,2.3997,-2.7052,0.5671,-0.7442,9.303,2880.0
Anomalia,0.0268,0.9834,3.3095,-3.0294,0.9838,0.1117,2.9039,2880.0
Anomalia,0.0163,1.2011,3.3095,-3.0294,1.2012,0.0839,0.4551,3360.0
Anomalia,0.0188,1.227,3.3095,-3.0294,1.2271,0.0729,0.1864,3360.0
Anomalia,0.0415,1.1359,3.3095,-3.0294,1.1367,0.1469,0.5705,3360.0
Anomalia,-0.0088,0.8093,2.4944,-2.3533,0.8094,0.1014,1.0571,3360.0
Anomalia,0.008,0.4174,0.8739,-0.9085,0.4174,0.0172,-0.5813,3360.0
Anomalia,0.0031,0.3403,0.8739,-0.9085,0.3404,0.0181,-0.0039,2880.0
Anomalia,0.0129,0.2177,0.4962,-0.4612,0.2181,-0.0178,-0.6637,2880.0
Anomalia,0.0217,0.6354,3.1651,-3.6746,0.6358,-0.2138,13.8199,2880.0
Anomalia,0.0007,1.5406,4.9416,-4.9454,1.5406,0.0016,2.7661,3360.0
Anomalia,0.0143,1.8586,4.9416,-4.9454,1.8587,0.0134,0.4939,3360.0
Anomalia,0.0169,1.9891,4.9416,-4.9454,1.9892,-0.0017,-0.2001,3360.0
Anomalia,-0.0012,1.9462,4.9416,-4.9454,1.9462,0.03,-0.1167,3360.0
Anomalia,0.0345,1.3587,3.7005,-3.6976,1.3591,-0.0063,0.4098,3360.0
Anomalia,0.0037,0.883,2.6789,-3.1146,0.883,-0.0907,0.9769,3360.0
Anomalia,0.0089,0.548,1.3755,-1.3605,0.5481,-0.0732,0.1875,2880.0
Anomalia,0.011,0.3383,0.737,-0.8088,0.3385,0.0159,-0.9718,2880.0
Anomalia,-0.046,0.6891,2.6317,-3.3024,0.6906,-0.9644,7.7315,2880.0
Anomalia,0.0267,1.1092,3.8265,-3.4693,1.1096,-0.0123,2.7729,3360.0
Anomalia,-0.0029,1.3225,3.8265,-3.4693,1.3225,0.0536,0.4714,3360.0
Anomalia,0.0281,1.3627,3.8265,-3.4693,1.363,-0.0116,0.1062,3360.0
Anomalia,0.0515,1.2414,3.8265,-3.4693,1.2424,0.1387,0.4599,3360.0
Anomalia,-0.0063,0.8845,2.4105,-2.2223,0.8846,0.0905,0.3262,3360.0
Anomalia,0.0112,0.5021,1.1013,-1.0751,0.5022,0.0731,-0.5235,3600.0
Anomalia,-0.0108,0.3937,1.0179,-0.9319,0.3939,0.1271,-0.4113,2880.0
Anomalia,0.0176,0.2797,0.5876,-0.5517,0.2802,0.0794,-0.7521,2880.0
Anomalia,0.0287,0.5212,2.5996,-2.0107,0.522,1.0225,8.4468,2880.0
Anomalia,0.021,1.1851,3.7138,-3.6834,1.1853,0.0961,2.5251,3120.0
Anomalia,0.035,1.4183,3.7138,-3.6834,1.4187,0.0505,0.5226,3360.0
Anomalia,0.0112,1.4824,3.7138,-3.6834,1.4824,0.0616,0.0396,3360.0
Anomalia,0.0002,1.4492,3.7138,-3.6834,1.4492,0.0331,0.1591,3360.0
Anomalia,0.0165,0.9898,2.8249,-2.8157,0.9899,-0.0272,1.0506,3360.0
Anomalia,0.0025,0.5993,1.5913,-2.1155,0.5993,-0.4349,0.9718,3600.0
Anomalia,0.0086,0.4282,1.0988,-1.3037,0.4283,-0.2127,0.3927,2880.0
Anomalia,0.004,0.2705,0.593,-0.6803,0.2705,-0.2213,-0.4668,2880.0
Anomalia,0.0181,0.5358,3.3291,-1.9206,0.5361,2.0158,16.1451,3120.0
Anomalia,0.0137,1.392,4.4959,-4.5014,1.3921,0.0713,2.9966,3120.0
Anomalia,0.0236,1.6007,4.4959,-4.5014,1.6009,0.0697,0.9663,3360.0
Anomalia,0.0133,1.7021,4.4959,-4.5014,1.7021,0.0623,0.2107,3360.0
Anomalia,-0.003,1.6735,4.4959,-4.5014,1.6735,0.0254,0.2524,3360.0
Anomalia,0.0046,1.0809,2.9823,-2.9038,1.0809,0.1058,0.3628,3360.0
Anomalia,-0.008,0.7342,2.249,-2.264,0.7342,-0.0861,0.5903,3360.0
Anomalia,0.0213,0.4717,1.1589,-1.2846,0.4721,-0.1021,0.2567,3360.0
Anomalia,0.0094,0.3282,0.7679,-0.9115,0.3283,-0.0343,-0.2873,2880.0
Anomalia,-0.0048,0.431,2.1518,-1.9022,0.431,-0.4225,6.1008,3600.0
Anomalia,0.0393,1.4963,4.9371,-4.9141,1.4968,0.0866,3.0606,3360.0
Anomalia,-0.0156,1.7766,4.9371,-4.9141,1.7766,0.0726,0.8133,3360.0
Anomalia,0.0122,1.9272,4.9371,-4.9141,1.9272,0.0532,-0.0207,3360.0
Anomalia,0.0206,1.9421,4.9371,-4.9141,1.9422,0.0442,-0.1204,3360.0
Anomalia,-0.0184,1.3265,3.5824,-3.7126,1.3266,0.029,0.5198,3360.0
Anomalia,0.0245,0.9211,3.521,-2.7986,0.9214,0.2574,1.6718,3360.0
Anomalia,0.0086,0.5161,1.3497,-1.2804,0.5162,0.0073,0.1956,2880.0
Anomalia,0.0154,0.3437,1.0237,-0.7675,0.344,0.0691,0.0659,2880.0
Anomalia,0.0244,0.3055,1.0417,-0.8756,0.3065,0.1585,1.219,2880.0
Anomalia,0.0046,0.4956,1.575,-1.5195,0.4956,-0.1145,1.7294,3120.0
Anomalia,0.0138,0.5985,1.575,-1.5195,0.5987,-0.0465,0.0048,3360.0
Anomalia,0.0077,0.5957,1.575,-1.5195,0.5957,-0.0149,0.0602,3360.0
Anomalia,0.0108,0.5837,1.575,-1.5195,0.5838,-0.0506,0.1679,3360.0
Anomalia,0.0137,0.4098,1.2236,-1.126,0.41,0.1236,0.8002,3360.0
Anomalia,0.0087,0.264,0.606,-0.5388,0.2641,-0.0165,-0.869,3360.0
Anomalia,0.0074,0.2658,0.5551,-0.5738,0.2659,-0.0821,-0.8213,3360.0
Anomalia,0.0021,0.2538,0.5551,-0.5738,0.2538,-0.0938,-0.628,3360.0
Anomalia,0.01,0.4458,2.7698,-1.8939,0.4459,0.3438,11.7985,2880.0
Anomalia,0.0252,1.3676,4.5448,-4.3966,1.3679,0.0966,3.1161,3120.0
Anomalia,0.0005,1.5792,4.5448,-4.3966,1.5792,0.0789,1.0114,3360.0
Anomalia,0.0135,1.6617,4.5448,-4.3966,1.6618,0.0813,0.3792,3360.0
Anomalia,0.0158,1.6575,4.5448,-4.3966,1.6576,0.0699,0.3524,3360.0
Anomalia,-0.0047,1.0403,3.0165,-2.8228,1.0403,0.0991,0.8319,3360.0
Anomalia,0.0176,0.6767,2.7415,-1.7837,0.6769,0.4697,1.5407,3360.0
Anomalia,0.0116,0.4519,1.2311,-1.1902,0.452,-0.0514,0.0648,2880.0
Anomalia,0.0128,0.2806,0.7412,-0.6097,0.2809,0.0365,-0.4943,2880.0
Anomalia,-0.0151,0.3355,0.8706,-1.5024,0.3358,-1.0894,4.3781,3120.0
Anomalia,0.0279,1.1426,3.6316,-3.5907,1.143,0.0994,2.8002,3120.0
Anomalia,-0.0276,1.3226,3.6316,-3.5907,1.3229,0.0667,0.9077,3360.0
Anomalia,0.0316,1.4836,3.6316,-3.5907,1.4839,0.0212,-0.1671,3360.0
Anomalia,0.0229,1.5047,3.6316,-3.5907,1.5048,0.042,-0.3203,3360.0
Anomalia,-0.0062,1.0434,2.8199,-2.9167,1.0435,0.0193,0.3321,3360.0
Anomalia,0.0431,0.7993,2.8199,-2.4047,0.8004,0.3304,1.5977,3360.0
Anomalia,-0.0066,0.4579,1.0788,-1.0805,0.458,-0.1035,-0.2736,3600.0
Anomalia,0.0238,0.3138,0.8334,-0.6502,0.3147,0.2169,-0.5541,2880.0
Anomalia,-0.0027,0.3524,0.7295,-1.749,0.3524,-1.5895,5.9295,2880.0
Anomalia,0.0226,1.241,4.2351,-4.1032,1.2412,0.0547,3.3331,2880.0
Anomalia,-0.0187,1.4658,4.2351,-4.1032,1.4659,0.0609,0.9566,3360.0
Anomalia,0.0249,1.5669,4.2351,-4.1032,1.5671,0.0077,0.1596,3360.0
Anomalia,0.0238,1.5801,4.2351,-4.1032,1.5803,0.0262,0.0451,3360.0
Anomalia,0.0046,1.0478,2.9372,-2.7794,1.0478,-0.0104,0.4101,3360.0
Anomalia,0.0386,0.6999,2.3634,-1.9151,0.701,0.2426,0.6499,3360.0
Anomalia,0.0033,0.4402,0.9674,-1.0204,0.4402,-0.0334,-0.5417,2880.0
Anomalia,0.0184,0.3032,0.8176,-0.6444,0.3038,0.1555,-0.3983,2880.0
Anomalia,-0.0124,0.3438,0.7182,-1.7741,0.344,-1.7688,7.0274,2880.0
Anomalia,0.0005,1.1979,4.0097,-3.7639,1.1979,0.0856,3.2005,2880.0
Anomalia,-0.0103,1.4035,4.0097,-3.7639,1.4036,0.0717,1.0055,3360.0
Anomalia,0.0301,1.5337,4.0097,-3.7639,1.534,0.0559,0.0855,3360.0
Anomalia,0.0332,1.5628,4.0097,-3.7639,1.5632,0.0641,-0.1372,3360.0
Anomalia,0.0241,1.062,2.9384,-2.8066,1.0623,0.1514,0.5228,3360.0
Anomalia,0.03,0.7727,2.9021,-2.1397,0.7733,0.4739,1.7891,3360.0
Anomalia,-0.0056,0.4813,1.1781,-1.2854,0.4814,0.0053,0.0812,2880.0
Anomalia,0.0193,0.3011,0.7245,-0.6343,0.3017,-0.0143,-0.7493,2880.0
Anomalia,-0.007,0.3513,0.603,-1.7061,0.3514,-1.6606,5.5111,2880.0
Anomalia,0.0062,1.0524,3.559,-3.2827,1.0524,0.1021,3.1059,2880.0
Anomalia,-0.0019,1.2423,3.559,-3.2827,1.2423,0.0358,0.9225,3360.0
Anomalia,0.017,1.328,3.559,-3.2827,1.3281,0.0294,0.147,3360.0
Anomalia,0.0281,1.3491,3.559,-3.2827,1.3494,0.0304,-0.058,3360.0
Anomalia,0.0215,0.9254,2.5219,-2.5679,0.9256,-0.0483,0.2993,3360.0
Anomalia,0.0398,0.6419,2.0679,-1.6209,0.6431,0.1846,0.2816,3360.0
Anomalia,-0.0026,0.4706,1.1306,-1.1151,0.4706,-0.049,-0.422,2880.0
Anomalia,0.0202,0.346,0.8868,-0.8964,0.3466,-0.1016,-0.2744,2880.0
Anomalia,0.0189,0.3113,0.7754,-1.1134,0.3119,-0.1519,0.165,2880.0
Anomalia,-0.0359,1.5151,5.0243,-5.018,1.5155,0.1561,3.5799,3120.0
Anomalia,0.0432,1.7623,5.0243,-5.018,1.7628,0.1041,1.1745,3360.0
Anomalia,0.0046,2.0332,5.0243,-5.018,2.0332,0.081,-0.1241,3360.0
Anomalia,0.0113,2.0848,5.0243,-5.018,2.0849,0.0688,-0.3823,3360.0
Anomalia,0.0591,1.4852,3.819,-3.8361,1.4864,0.0238,0.0644,3360.0
Anomalia,-0.0115,1.1851,3.819,-3.8361,1.1851,-0.0918,1.6616,3360.0
Anomalia,0.0198,0.6252,1.4402,-1.4256,0.6255,0.0484,-0.1435,3600.0
Anomalia,-0.0006,0.4111,1.1898,-1.4227,0.4111,-0.0003,0.5594,2880.0
Anomalia,0.0196,0.3286,0.9574,-0.7629,0.3292,0.0981,-0.1927,2880.0
Anomalia,0.0079,0.9899,3.3716,-3.153,0.99,0.074,3.212,2880.0
Anomalia,0.041,1.1241,3.3716,-3.153,1.1249,0.0468,1.247,3360.0
Anomalia,0.006,1.2525,3.3716,-3.153,1.2526,0.032,0.1068,3360.0
Anomalia,0.0044,1.2827,3.3716,-3.153,1.2827,0.0366,-0.1571,3360.0
Anomalia,0.0202,0.8793,2.3187,-2.2983,0.8795,-0.0507,-0.0555,3360.0
Anomalia,-0.015,0.6888,2.0199,-2.2983,0.689,-0.2947,1.0504,3360.0
Anomalia,0.0254,0.4354,0.8973,-0.8743,0.4362,0.0202,-0.7583,3360.0
Anomalia,0.0071,0.3353,0.8576,-0.8096,0.3354,0.0137,-0.5512,2880.0
Anomalia,0.0091,0.2875,0.6915,-0.5621,0.2877,0.0563,-0.9238,2880.0
Anomalia,0.0234,0.6276,1.9823,-1.8254,0.628,0.1775,2.0329,3120.0
Anomalia,0.0096,0.7078,1.9823,-1.8254,0.7078,0.028,0.855,2880.0
Anomalia,0.0129,0.7802,1.9823,-1.8254,0.7803,0.0296,-0.0061,3360.0
Anomalia,0.012,0.7782,1.9823,-1.8254,0.7783,0.0335,0.0215,3360.0
Anomalia,-0.0078,0.5446,1.4874,-1.4502,0.5447,-0.1489,0.8408,3360.0
Anomalia,0.0058,0.4086,1.3826,-1.4006,0.4086,0.1554,2.373,2880.0
Anomalia,0.0075,0.2216,0.5396,-0.4795,0.2217,-0.0372,-0.5324,2880.0
Anomalia,0.0138,0.2059,0.5396,-0.4795,0.2064,-0.0679,-0.1579,2880.0
Anomalia,0.0201,0.178,0.3806,-0.4073,0.1792,-0.0643,-0.6142,3600.0
Anomalia,0.0558,1.1274,4.0306,-3.9905,1.1288,0.1189,4.7114,2880.0
Anomalia,0.0045,1.3051,4.0306,-3.9905,1.3051,0.0473,1.8858,3360.0
Anomalia,0.0125,1.501,4.0306,-3.9905,1.501,0.036,0.2608,3360.0
Anomalia,0.0088,1.5366,4.0306,-3.9905,1.5366,0.0409,-0.0152,3360.0
Anomalia,-0.0264,1.0938,2.6547,-2.7757,1.0941,-0.0518,-0.0753,3360.0
Anomalia,0.0169,0.8818,2.6547,-2.6513,0.882,0.0779,1.1989,3360.0
Anomalia,0.0148,0.4808,1.1635,-1.1022,0.481,0.0402,0.0125,3360.0
Anomalia,0.0064,0.3707,1.1635,-1.1022,0.3708,0.106,1.0065,2880.0
Anomalia,0.0236,0.2382,0.5108,-0.5584,0.2394,-0.0687,-0.5953,2880.0
Anomalia,0.0483,1.347,4.8598,-4.7501,1.3478,0.1474,4.5737,2880.0
Anomalia,0.0078,1.5817,4.8598,-4.7501,1.5817,0.0961,1.6232,3360.0
Anomalia,0.0257,1.7788,4.8598,-4.7501,1.779,0.0482,0.2616,3360.0
Anomalia,0.0096,1.8251,4.8598,-4.7501,1.8252,0.0674,-0.0379,3360.0
Anomalia,-0.0248,1.2697,3.2994,-3.077,1.2699,-0.0036,0.0377,3360.0
Anomalia,0.0035,0.975,3.1091,-3.077,0.975,0.0519,1.4131,3360.0
Anomalia,0.0025,0.5379,1.2887,-1.5049,0.5379,-0.1054,-0.0941,3600.0
Anomalia,0.0055,0.3647,0.8772,-1.1051,0.3648,-0.1884,0.0387,2880.0
Anomalia,0.0129,0.2832,0.7829,-0.7466,0.2835,0.0839,-0.1564,2880.0
Anomalia,0.0329,0.5962,1.9494,-1.8141,0.5971,0.1124,2.7067,2880.0
Anomalia,-0.0124,0.6893,1.9494,-1.8141,0.6894,-0.0327,1.1003,3360.0
Anomalia,0.0148,0.8316,1.9494,-1.8141,0.8317,-0.0021,-0.1046,3360.0
Anomalia,0.0005,0.8598,1.9494,-1.8141,0.8598,0.0375,-0.4348,3360.0
Anomalia,-0.0055,0.6756,1.8358,-1.7983,0.6757,-0.058,0.3025,3360.0
Anomalia,0.031,0.5687,1.8358,-1.7983,0.5695,0.1607,1.5853,3360.0
Anomalia,0.0135,0.3392,0.7253,-0.6873,0.3394,-0.027,-0.8453,3360.0
Anomalia,0.0126,0.2689,0.659,-0.5709,0.2692,0.2113,-0.5718,2880.0
Anomalia,0.0069,0.2492,0.5404,-0.5709,0.2493,0.0879,-0.8624,2880.0
Anomalia,0.0031,0.8696,3.2702,-2.855,0.8696,0.1769,4.2799,2880.0
Anomalia,-0.0267,1.0444,3.2702,-2.855,1.0448,0.1547,1.6108,2880.0
Anomalia,0.0318,1.1753,3.2702,-2.855,1.1757,0.0637,0.2926,3360.0
Anomalia,0.0023,1.1941,3.2702,-2.855,1.1941,0.1259,0.1102,3360.0
Anomalia,0.0176,0.8727,2.721,-2.3429,0.8729,0.108,0.7534,3360.0
Anomalia,0.0283,0.6473,2.2532,-2.0399,0.6479,0.3909,1.9037,3360.0
Anomalia,0.0002,0.3767,0.7988,-0.8096,0.3767,0.0137,-0.7062,3360.0
Anomalia,0.0145,0.2994,0.7942,-0.7032,0.2998,0.2152,-0.1518,2880.0
Anomalia,0.0201,0.23,0.6118,-0.598,0.2309,-0.114,-0.3538,2880.0
Anomalia,-0.015,1.1737,4.5948,-4.6295,1.1738,-0.3397,6.171,2880.0
Anomalia,-0.0165,1.5043,4.5948,-4.6295,1.5044,-0.0001,1.9957,3360.0
Anomalia,0.0116,1.841,4.5948,-4.6295,1.841,0.0322,0.0023,3360.0
Anomalia,-0.005,1.901,4.5948,-4.6295,1.901,0.0567,-0.3308,3360.0
Anomalia,0.0437,1.5432,4.3315,-3.4822,1.5438,0.1773,0.064,3360.0
Anomalia,0.0338,1.2246,3.6834,-3.4242,1.2251,0.1685,1.1427,3360.0
Anomalia,0.0079,0.627,1.7653,-1.6001,0.6271,0.0903,-0.0116,3360.0
Anomalia,0.0157,0.4191,1.1986,-1.2094,0.4194,0.1062,0.4838,2880.0
Anomalia,0.0025,0.2661,0.5934,-0.4991,0.2661,0.0917,-0.8983,2880.0
Anomalia,0.0176,1.0618,3.8315,-3.6442,1.0619,0.0528,4.3887,2880.0
Anomalia,-0.0146,1.2504,3.8315,-3.6442,1.2505,0.0254,1.4366,3360.0
Anomalia,0.0261,1.4041,3.8315,-3.6442,1.4043,0.0025,0.1708,3360.0
Anomalia,0.0138,1.4441,3.8315,-3.6442,1.4441,0.0206,-0.1445,3360.0
Anomalia,0.003,1.0238,2.5699,-2.3838,1.0238,0.0192,-0.2236,3360.0
Anomalia,0.0391,0.7776,2.5699,-2.3838,0.7786,0.217,1.3253,3360.0
Anomalia,-0.014,0.4565,1.0325,-1.0934,0.4567,0.001,-0.2885,3600.0
Anomalia,0.0154,0.3219,0.8797,-0.8263,0.3222,0.0598,-0.2542,2880.0
Anomalia,0.0028,0.2586,0.593,-0.5722,0.2586,0.1036,-0.5329,2880.0
Anomalia,-0.028,1.0627,4.1091,-4.1116,1.0631,-0.1718,5.6943,2880.0
Anomalia,0.0131,1.3481,4.1091,-4.1116,1.3481,0.0788,2.0939,3360.0
Anomalia,0.0076,1.6129,4.1091,-4.1116,1.6129,0.073,0.1934,3360.0
Anomalia,0.0071,1.6618,4.1091,-4.1116,1.6618,0.0642,-0.144,3360.0
Anomalia,0.0538,1.3259,4.0356,-3.1605,1.327,0.1702,0.4375,3360.0
Anomalia,0.0133,1.042,3.0278,-3.1605,1.0421,0.0642,1.2599,3360.0
Anomalia,0.0106,0.5531,1.1598,-1.2758,0.5532,0.0191,-0.4143,3600.0
Anomalia,0.013,0.3978,1.1556,-0.9978,0.398,0.2997,0.0798,2880.0
Anomalia,0.0049,0.2792,0.7516,-0.656,0.2793,-0.0399,-0.3036,2880.0
Anomalia,0.0206,0.8646,3.6684,-3.3337,0.8648,0.3863,6.4525,3120.0
Anomalia,0.0365,1.1155,3.6684,-3.3629,1.1161,0.1463,2.4791,3120.0
Anomalia,0.0285,1.3096,3.6684,-3.3629,1.3099,0.1019,0.4436,3360.0
Anomalia,0.0171,1.3452,3.6684,-3.3629,1.3453,0.1149,0.1168,3360.0
Anomalia,0.0081,1.0952,3.1901,-3.3629,1.0952,0.0413,0.4687,3360.0
Anomalia,-0.0119,0.8337,2.3504,-2.1668,0.8338,0.111,0.6734,3360.0
Anomalia,-0.0044,0.4679,1.1381,-1.0813,0.4679,0.0784,-0.2652,3360.0
Anomalia,0.0214,0.3779,1.0208,-0.9607,0.3785,0.0661,0.3815,2880.0
Anomalia,0.0086,0.2571,0.6089,-0.6014,0.2573,0.0114,-0.6329,2880.0
Anomalia,0.0565,1.0597,4.9617,-3.9626,1.0612,0.7824,7.9208,2880.0
Anomalia,0.0294,1.5432,4.9617,-4.9154,1.5435,0.0615,2.4696,3360.0
Anomalia,0.0095,1.8821,4.9617,-4.9154,1.8821,0.05,0.2271,3360.0
Anomalia,0.0199,1.9475,4.9617,-4.9154,1.9476,0.0277,-0.149,3360.0
Anomalia,-0.0277,1.6919,4.5844,-4.9154,1.6922,-0.096,0.3116,3360.0
Anomalia,0.0089,1.2861,3.5123,-3.6746,1.2861,-0.0262,0.7198,3360.0
Anomalia,0.0044,0.6943,1.8759,-1.8943,0.6944,-0.0677,0.1025,3600.0
Anomalia,0.0104,0.4822,1.2992,-1.3497,0.4823,-0.1202,0.5307,2880.0
Anomalia,0.0001,0.3362,0.9519,-0.8025,0.3362,0.1849,-0.1719,2880.0
Anomalia,0.0028,0.413,1.4623,-1.3367,0.413,0.1633,2.3335,2880.0
Anomalia,0.0137,0.5107,1.4623,-1.3442,0.5109,0.0891,0.4965,3600.0
Anomalia,0.0026,0.5893,1.4623,-1.3442,0.5893,0.093,-0.3171,3360.0
Anomalia,0.0203,0.588,1.4623,-1.3442,0.5883,0.0145,-0.3075,3360.0
Anomalia,0.0101,0.4945,1.2545,-1.3442,0.4946,0.029,-0.0235,3360.0
Anomalia,0.0013,0.3929,1.2545,-1.1022,0.3929,0.0243,0.9657,3360.0
Anomalia,0.0085,0.2553,0.4762,-0.4595,0.2554,-0.0586,-1.2341,3360.0
Anomalia,0.0097,0.2355,0.4332,-0.5154,0.2357,-0.1519,-1.0409,3360.0
Anomalia,0.0103,0.2308,0.439,-0.5154,0.2311,-0.0963,-1.0482,3360.0
Anomalia,0.0557,0.8544,3.9296,-3.2431,0.8562,0.7825,7.6118,2880.0
Anomalia,0.0173,1.229,3.9296,-3.8144,1.2291,0.1173,2.6036,2880.0
Anomalia,0.0145,1.462,3.9296,-3.8144,1.4621,0.0638,0.4511,3360.0
Anomalia,0.0052,1.5035,3.9296,-3.8144,1.5035,0.0711,0.1095,3360.0
Anomalia,-0.0258,1.2868,3.7197,-3.8144,1.287,-0.09,0.7039,3360.0
Anomalia,0.0065,0.9414,2.7966,-2.6154,0.9414,-0.0281,1.024,3360.0
Anomalia,0.0109,0.5138,1.1143,-1.1205,0.5139,-0.0683,-0.3929,3600.0
Anomalia,0.0219,0.3809,1.1143,-1.0137,0.3815,0.0855,0.2917,2880.0
Anomalia,-0.0005,0.2523,0.6669,-0.6047,0.2523,0.0852,-0.4796,2880.0
Anomalia,0.0508,0.8485,4.1024,-3.1567,0.85,1.2269,9.2003,3120.0
Anomalia,-0.0058,1.2953,4.1024,-4.1112,1.2953,0.207,2.579,3360.0
Anomalia,0.0187,1.5656,4.1024,-4.1112,1.5658,0.0995,0.3163,3360.0
Anomalia,0.0068,1.6203,4.1024,-4.1112,1.6203,0.1021,-0.0729,3360.0
Anomalia,-0.0291,1.4346,3.8349,-4.1112,1.4349,-0.0629,0.2502,3360.0
Anomalia,0.0248,1.059,2.991,-2.9714,1.0593,-0.0062,0.6559,3360.0
Anomalia,0.0029,0.589,1.4615,-1.6117,0.589,-0.1163,-0.2073,3600.0
Anomalia,0.0216,0.4495,1.1564,-1.1523,0.45,-0.0331,-0.1881,2880.0
Anomalia,0.0169,0.3157,0.8438,-0.6673,0.3162,0.036,-0.5877,2880.0
Anomalia,0.032,0.8905,4.2076,-3.627,0.8911,0.628,8.7727,2880.0
Anomalia,-0.0179,1.2635,4.2076,-3.9659,1.2636,0.0926,2.6324,3360.0
Anomalia,0.0166,1.5566,4.2076,-3.9659,1.5567,0.0267,0.2684,3360.0
Anomalia,-0.0077,1.6062,4.2076,-3.9659,1.6062,0.0633,-0.0851,3360.0
Anomalia,-0.0155,1.4021,3.5615,-3.9659,1.4021,-0.0767,0.1106,3360.0
Anomalia,0.0352,1.0872,3.1104,-3.0177,1.0878,-0.005,0.6915,3360.0
Anomalia,0.0079,0.5777,1.411,-1.3868,0.5777,-0.044,-0.2707,3600.0
Anomalia,0.0241,0.4207,1.1076,-1.1084,0.4214,0.0514,0.4497,2880.0
Anomalia,0.008,0.2643,0.7938,-0.6623,0.2644,0.0989,-0.0629,2880.0
Anomalia,0.022,0.8103,4.039,-3.4021,0.8106,0.606,9.6006,2880.0
Anomalia,-0.0109,1.2771,4.039,-3.9133,1.2772,0.1381,2.6167,3360.0
Anomalia,0.0153,1.5714,4.039,-3.9133,1.5715,0.0784,0.2618,3360.0
Anomalia,0.0061,1.6281,4.039,-3.9133,1.6281,0.084,-0.1338,3360.0
Anomalia,-0.0004,1.4649,3.8729,-3.9133,1.4649,0.0196,0.2117,3360.0
Anomalia,0.021,1.0873,3.1392,-2.9998,1.0876,0.0896,0.7985,3360.0
Anomalia,0.0052,0.5985,1.6889,-1.4473,0.5985,0.0224,-0.3006,3360.0
Anomalia,0.015,0.4292,1.2078,-1.1189,0.4295,0.1019,0.2812,2880.0
Anomalia,0.0146,0.28,0.6101,-0.5584,0.2804,0.0159,-0.9504,2880.0
Anomalia,0.0296,0.9273,4.7881,-3.9213,0.9278,0.4678,9.6622,2880.0
Anomalia,-0.0107,1.4274,4.7881,-4.5247,1.4274,0.1632,2.9578,2880.0
Anomalia,0.0126,1.7119,4.7881,-4.5247,1.7119,0.0851,0.5392,3360.0
Anomalia,0.002,1.7729,4.7881,-4.5247,1.7729,0.0975,0.1118,3360.0
Anomalia,-0.0046,1.5921,4.5468,-4.5247,1.5921,0.0414,0.3606,3360.0
Anomalia,0.0362,1.1661,3.251,-3.0328,1.1667,0.0172,0.3939,3360.0
Anomalia,0.0105,0.7042,1.762,-1.3985,0.7043,0.0692,-0.5654,3360.0
Anomalia,0.0133,0.6035,1.4561,-1.3467,0.6036,-0.0247,-0.4877,2880.0
Anomalia,0.0141,0.4288,0.9515,-1.1068,0.429,-0.1732,-0.2723,2880.0
Anomalia,-0.0414,0.8172,3.1834,-3.7635,0.8182,-0.7752,6.6412,3120.0
Anomalia,0.0309,1.5868,4.9049,-4.9633,1.5871,0.0998,2.3497,3120.0
Anomalia,-0.0136,1.9145,4.9049,-4.9633,1.9145,0.0854,0.3646,3360.0
Anomalia,0.022,2.0144,4.9049,-4.9633,2.0145,0.0563,-0.1708,3360.0
Anomalia,0.0582,1.9311,4.9049,-4.9633,1.9319,0.079,0.0476,3360.0
Anomalia,-0.0168,1.3824,3.8315,-3.839,1.3825,0.0686,0.5638,3360.0
Anomalia,0.0349,0.8344,2.8187,-2.0958,0.8351,0.3504,0.5697,3600.0
Anomalia,0.0037,0.5714,1.4127,-1.3609,0.5714,-0.0113,-0.1135,2880.0
Anomalia,0.013,0.3783,1.0617,-0.9528,0.3785,-0.0536,-0.073,2880.0
Anomalia,-0.0018,0.5994,2.393,-2.8679,0.5994,-0.9573,8.2358,2880.0
Anomalia,0.0281,1.0018,3.246,-3.1375,1.0022,-0.0088,2.59,2880.0
Anomalia,-0.0024,1.2336,3.246,-3.1375,1.2336,0.0416,0.2904,3360.0
Anomalia,0.0179,1.287,3.246,-3.1375,1.2872,0.0055,-0.1703,3360.0
Anomalia,0.034,1.2031,3.246,-3.1375,1.2035,0.0994,0.0256,3360.0
Anomalia,0.0011,0.8919,2.5115,-2.4013,0.8919,0.0463,0.4562,3360.0
Anomalia,0.0258,0.51,1.464,-1.2019,0.5106,0.1333,-0.1536,3360.0
Anomalia,0.0108,0.3932,0.9031,-0.8125,0.3934,0.018,-0.6367,3360.0
Anomalia,0.0153,0.3008,0.6686,-0.669,0.3012,-0.0906,-0.7271,2880.0
Anomalia,0.0186,0.4318,1.7048,-1.5863,0.4322,0.0212,3.2974,3600.0
Anomalia,0.0249,0.7504,2.3529,-2.0946,0.7508,0.1171,1.8391,3120.0
Anomalia,0.0272,0.8787,2.3529,-2.0946,0.8791,0.0785,0.3228,3360.0
Anomalia,0.0196,0.8926,2.3529,-2.0946,0.8928,0.0876,0.1497,3360.0
Anomalia,0.0147,0.8441,2.3529,-2.0946,0.8443,0.111,0.5521,3360.0
Anomalia,0.0019,0.5783,1.7883,-1.6506,0.5783,0.092,1.3415,2880.0
Anomalia,-0.0027,0.3079,0.7516,-0.964,0.308,-0.2283,-0.0366,2880.0
Anomalia,0.0075,0.2404,0.5813,-0.5075,0.2405,-0.0688,-0.4639,2880.0
Anomalia,0.0158,0.1869,0.4524,-0.4482,0.1876,-0.2962,-0.1517,2880.0
Anomalia,0.0459,0.4795,2.8233,-1.8146,0.4817,1.8479,14.9227,2880.0
Anomalia,0.0092,1.2758,4.1591,-4.1433,1.2758,0.0643,2.9922,3360.0
Anomalia,0.0393,1.5025,4.1591,-4.1433,1.503,0.0095,0.7288,3360.0
Anomalia,-0.0091,1.5931,4.1591,-4.1433,1.5931,0.0544,0.0689,3360.0
Anomalia,-0.0085,1.5658,4.1591,-4.1433,1.5658,0.0028,0.1404,3360.0
Anomalia,0.0215,1.0389,2.7502,-2.8754,1.0392,-0.0595,0.4299,3360.0
Anomalia,-0.0038,0.6784,1.7899,-2.3558,0.6785,-0.3586,0.9952,3360.0
Anomalia,0.0341,0.4312,1.1539,-0.9857,0.4326,0.1278,0.2789,2880.0
Anomalia,-0.0016,0.3153,0.6732,-0.7812,0.3153,-0.1301,-0.499,2880.0
Anomalia,0.0176,0.6326,3.1959,-3.3107,0.6329,0.4799,11.0619,2880.0
Anomalia,0.0051,1.4462,4.8624,-4.8085,1.4462,0.0904,3.1221,3120.0
Anomalia,0.0143,1.737,4.8624,-4.8085,1.7371,0.0723,0.6199,3360.0
Anomalia,0.0199,1.8227,4.8624,-4.8085,1.8229,0.0471,0.0665,3360.0
Anomalia,0.0076,1.7683,4.8624,-4.8085,1.7683,0.0498,0.2469,3360.0
Anomalia,0.0184,1.2128,3.3153,-3.1763,1.213,0.06,0.3469,3360.0
Anomalia,0.0036,0.7455,2.0933,-2.3625,0.7455,-0.0571,0.4353,3600.0
Anomalia,0.0099,0.484,1.1802,-1.1543,0.4841,0.0222,-0.1788,2880.0
Anomalia,0.003,0.3369,0.8985,-0.8885,0.337,0.0276,-0.2609,2880.0
Anomalia,0.0278,0.3611,1.492,-1.012,0.3622,0.633,2.1846,2880.0
Anomalia,0.0087,0.6825,2.0082,-1.9974,0.6826,-0.0341,1.6989,2880.0
Anomalia,0.0254,0.8092,2.0082,-1.9974,0.8096,-0.0293,0.2596,3360.0
Anomalia,0.0028,0.8488,2.0082,-1.9974,0.8488,0.0052,-0.1845,3360.0
Anomalia,-0.0084,0.8328,2.0082,-1.9974,0.8328,-0.0193,-0.1102,3360.0
Anomalia,0.0162,0.5932,1.6727,-1.6856,0.5935,-0.0187,0.7119,3360.0
Anomalia,0.003,0.3936,1.0154,-1.2808,0.3936,-0.3427,0.315,3360.0
Anomalia,0.0215,0.3087,0.5972,-0.6594,0.3095,-0.0466,-1.0091,3360.0
Anomalia,0.0118,0.2507,0.5225,-0.5359,0.251,-0.0749,-0.9166,2880.0
Anomalia,0.0214,0.5236,3.1029,-1.9623,0.524,1.8411,14.3098,2880.0
Anomalia,0.0112,1.2846,4.4146,-3.9797,1.2847,0.2042,3.2008,2880.0
Anomalia,0.025,1.5454,4.4146,-3.9797,1.5456,0.1051,0.7425,3360.0
Anomalia,0.0018,1.6111,4.4146,-3.9797,1.6111,0.1294,0.2269,3360.0
Anomalia,0.0108,1.577,4.4146,-3.9797,1.5771,0.0567,0.3157,3360.0
Anomalia,-0.0069,1.0606,3.1655,-2.9272,1.0606,0.0943,0.909,3360.0
Anomalia,0.0012,0.6209,2.0036,-1.7086,0.6209,0.0508,0.0535,3360.0
Anomalia,0.022,0.4675,1.176,-1.0179,0.468,0.1241,-0.5023,2880.0
Anomalia,-0.0019,0.3342,0.7545,-0.7191,0.3342,-0.0397,-0.6894,2880.0
Anomalia,0.0293,0.4604,2.7849,-1.7812,0.4614,0.5295,8.9523,2880.0
Anomalia,0.0269,1.5134,4.8093,-5.0443,1.5136,-0.0288,2.9682,3120.0
Anomalia,0.0088,1.7814,4.8093,-5.0443,1.7814,0.0068,0.8175,3360.0
Anomalia,0.0124,1.9365,4.8093,-5.0443,1.9365,0.0082,-0.052,3360.0
Anomalia,0.0118,1.9449,4.8093,-5.0443,1.945,0.0011,-0.1281,3360.0
Anomalia,0.0034,1.3109,3.5352,-3.6337,1.3109,0.0475,0.5016,3360.0
Anomalia,0.0084,0.9,3.395,-2.9155,0.9,0.089,1.8629,3360.0
Anomalia,0.0165,0.5066,1.1723,-1.1848,0.5068,0.0005,-0.1888,2880.0
Anomalia,0.0055,0.3402,0.7441,-0.6752,0.3403,0.0336,-1.004,2880.0
Anomalia,0.034,0.5018,2.5587,-1.6355,0.503,1.2336,7.2327,2880.0
Anomalia,0.0067,1.0857,3.7815,-3.3645,1.0857,0.0561,2.785,3360.0
Anomalia,0.025,1.2946,3.7815,-3.3645,1.2948,0.0284,0.519,3360.0
Anomalia,0.0073,1.3476,3.7815,-3.3645,1.3477,0.0488,0.0482,3360.0
Anomalia,-0.0089,1.3155,3.7815,-3.3645,1.3156,0.0162,0.1552,3360.0
Anomalia,0.0187,0.8983,2.4184,-2.2319,0.8985,0.0404,0.1899,3360.0
Anomalia,-0.0104,0.5365,1.1769,-1.3939,0.5366,-0.0818,-0.3651,3360.0
Anomalia,0.0212,0.3923,0.934,-0.8777,0.3928,-0.0155,-0.5235,2880.0
Anomalia,0.0068,0.2749,0.548,-0.5684,0.275,-0.0478,-0.8064,2880.0
Anomalia,0.002,0.4183,2.1276,-1.959,0.4183,-0.7197,8.5361,2880.0
Anomalia,0.0383,1.3756,4.2806,-4.4208,1.3762,0.0091,2.7943,3120.0
Anomalia,-0.0148,1.5907,4.2806,-4.4208,1.5908,0.0202,0.906,3360.0
Anomalia,0.0089,1.7242,4.2806,-4.4208,1.7242,0.0344,0.0703,3360.0
Anomalia,0.0249,1.7435,4.2806,-4.4208,1.7437,0.0172,-0.0768,3360.0
Anomalia,-0.015,1.1601,3.1467,-3.2907,1.1602,0.0583,0.6639,3360.0
Anomalia,0.0319,0.8453,3.1467,-2.4677,0.8459,0.3876,1.6229,3360.0
Anomalia,0.0144,0.5416,1.3851,-1.4448,0.5418,0.0285,0.1017,2880.0
Anomalia,0.0067,0.3307,1.0371,-0.6673,0.3307,0.1754,-0.3549,2880.0
Anomalia,-0.0055,0.3919,0.8893,-1.8914,0.3919,-1.47,5.8657,2880.0
Anomalia,-0.0019,1.357,4.488,-4.3954,1.357,0.114,3.2364,3120.0
Anomalia,-0.0028,1.5415,4.488,-4.3954,1.5415,0.0856,1.2542,3360.0
Anomalia,0.0296,1.6718,4.488,-4.3954,1.6721,0.0555,0.2591,3360.0
Anomalia,0.0184,1.6946,4.488,-4.3954,1.6947,0.0831,0.084,3360.0
Anomalia,0.029,1.1044,2.9167,-2.8462,1.1047,0.0922,0.073,3360.0
Anomalia,0.0205,0.8241,2.7369,-2.1067,0.8244,0.2976,0.6925,3360.0
Anomalia,0.003,0.53,1.3192,-1.3154,0.53,-0.0172,-0.0045,3360.0
Anomalia,0.0253,0.3996,1.3192,-0.9081,0.4004,0.3798,0.2633,2880.0
Anomalia,0.0216,0.3677,0.7316,-1.6172,0.3684,-0.4591,0.794,3360.0
Anomalia,-0.008,1.4678,4.9199,-4.9345,1.4678,0.0636,3.4254,3360.0
Anomalia,0.0113,1.6964,4.9199,-4.9345,1.6964,0.0482,1.1729,3360.0
Anomalia,0.0151,1.8833,4.9199,-4.9345,1.8834,0.0271,0.0895,3360.0
Anomalia,0.0001,1.9161,4.9199,-4.9345,1.9161,0.0513,-0.105,3360.0
Anomalia,0.0503,1.3035,3.3186,-3.5231,1.3044,-0.0215,0.2217,3360.0
Anomalia,0.0165,0.9968,3.3186,-3.5231,0.9969,-0.0267,1.6392,3360.0
Anomalia,0.0236,0.5416,1.3601,-1.3221,0.5421,-0.0191,-0.0653,2880.0
Anomalia,0.0114,0.3951,1.0638,-1.194,0.3952,0.0683,-0.0331,2880.0
Anomalia,-0.0011,0.3217,0.8898,-0.7337,0.3217,-0.0366,-0.223,2880.0
Anomalia,-0.0038,0.4801,1.4561,-1.4123,0.4801,-0.0424,1.233,3360.0
Anomalia,0.0037,0.5405,1.4561,-1.4123,0.5405,-0.0232,0.097,3360.0
Anomalia,0.0203,0.5325,1.4561,-1.4123,0.5329,-0.0822,0.3051,3360.0
Anomalia,0.0222,0.524,1.4561,-1.4123,0.5245,-0.0809,0.4936,3360.0
Anomalia,0.0191,0.3321,0.9866,-0.9227,0.3326,0.1085,0.998,3360.0
Anomalia,0.0122,0.2217,0.7249,-0.8167,0.222,0.1333,1.1278,3600.0
Anomalia,0.0082,0.1926,0.4198,-0.3873,0.1928,0.1249,-0.9467,3600.0
Anomalia,0.0083,0.1874,0.4198,-0.3873,0.1876,0.0897,-0.8085,2880.0
Anomalia,0.0031,0.3053,0.7946,-1.9923,0.3053,-2.9034,17.2398,2880.0
Anomalia,-0.0106,1.3321,4.5331,-4.3749,1.3321,0.1256,3.4986,2880.0
Anomalia,0.0122,1.5318,4.5331,-4.3749,1.5319,0.0699,1.2804,3360.0
Anomalia,0.0092,1.6633,4.5331,-4.3749,1.6634,0.0652,0.3074,3360.0
Anomalia,0.0223,1.6917,4.5331,-4.3749,1.6918,0.0565,0.087,3360.0
Anomalia,0.0434,1.102,3.0353,-2.8884,1.1029,-0.0075,0.422,3360.0
Anomalia,0.0201,0.8136,2.7072,-2.8884,0.8139,0.0243,1.4055,3360.0
Anomalia,0.0078,0.5127,1.2837,-1.1756,0.5128,0.0409,-0.2308,2880.0
Anomalia,0.0149,0.3434,0.8977,-0.9507,0.3437,0.1028,-0.4364,2880.0
Anomalia,0.0156,0.3044,0.8434,-0.6131,0.3048,0.3788,-0.0863,2880.0
Anomalia,-0.0089,1.415,4.6808,-4.753,1.415,0.1147,3.6678,3120.0
Anomalia,0.0553,1.6213,4.6808,-4.753,1.6223,0.0807,1.3672,3360.0
Anomalia,0.0093,1.8833,4.6808,-4.753,1.8833,0.0783,-0.0621,3360.0
Anomalia,0.0117,1.9356,4.6808,-4.753,1.9356,0.0669,-0.3471,3360.0
Anomalia,0.0339,1.3792,3.524,-3.5528,1.3796,0.0639,-0.0654,3360.0
Anomalia,-0.0211,1.1316,3.524,-3.5528,1.1318,-0.0447,1.3089,3360.0
Anomalia,0.0223,0.6144,1.33,-1.4039,0.6148,-0.0575,-0.1705,3360.0
Anomalia,0.0046,0.4228,1.315,-1.2357,0.4228,0.0432,0.4881,2880.0
Anomalia,0.0157,0.3023,0.7299,-0.6748,0.3027,0.0151,-0.847,2880.0
Anomalia,-0.0023,1.1611,4.0903,-3.9025,1.1611,0.152,3.7052,2880.0
Anomalia,0.0391,1.3484,4.0903,-3.9025,1.349,0.0773,1.3012,3360.0
Anomalia,-0.0053,1.4803,4.0903,-3.9025,1.4803,0.0806,0.239,3360.0
Anomalia,0.0143,1.518,4.0903,-3.9025,1.5181,0.0442,-0.0562,3360.0
Anomalia,0.0236,1.0297,2.7327,-2.6438,1.03,-0.0494,0.1075,3360.0
Anomalia,-0.0159,0.7652,2.2507,-2.6025,0.7653,-0.2806,1.0869,3360.0
Anomalia,0.025,0.4682,1.2169,-1.0003,0.4688,0.057,-0.3111,3600.0
Anomalia,-0.0042,0.3169,0.8622,-1.0003,0.3169,-0.1584,0.374,2880.0
Anomalia,0.0249,0.2584,0.8334,-0.543,0.2596,0.319,0.4186,2880.0
Anomalia,0.0125,1.1217,3.7639,-3.6508,1.1218,0.1216,3.6802,2880.0
Anomalia,0.0437,1.3084,3.7639,-3.6508,1.3092,0.0382,1.3435,3360.0
Anomalia,0.0123,1.5121,3.7639,-3.6508,1.5121,0.0348,-0.0166,3360.0
Anomalia,0.0043,1.5456,3.7639,-3.6508,1.5456,0.0465,-0.2527,3360.0
Anomalia,0.0068,1.0995,2.9113,-2.9238,1.0995,-0.0259,0.503,3360.0
Anomalia,-0.0215,0.8702,2.9113,-2.8859,0.8704,-0.0799,2.1174,3360.0
Anomalia,0.0147,0.4565,1.0354,-1.0963,0.4568,-0.035,-0.52,2880.0
Anomalia,0.0104,0.322,0.6698,-0.7796,0.3221,-0.1058,-0.9073,2880.0
Anomalia,0.0289,0.2922,0.6669,-0.5776,0.2936,-0.0367,-0.9029,2880.0
Anomalia,0.0385,1.4604,5.1545,-4.9934,1.4609,0.1536,4.1373,2880.0
Anomalia,0.0283,1.6861,5.1545,-4.9934,1.6863,0.0892,1.6325,3360.0
Anomalia,0.0003,1.8626,5.1545,-4.9934,1.8626,0.0824,0.4024,3360.0
Anomalia,0.0087,1.9009,5.1545,-4.9934,1.9009,0.069,0.1475,3360.0
Anomalia,-0.0113,1.2811,3.4021,-3.1425,1.2812,-0.0545,0.2109,3360.0
Anomalia,0.0025,0.9616,3.0449,-3.1425,0.9616,-0.1331,1.3405,3360.0
Anomalia,0.0157,0.5903,1.3083,-1.3004,0.5905,-0.0111,-0.6306,3360.0
Anomalia,0.0029,0.485,1.1606,-1.3004,0.485,-0.1831,-0.4035,2880.0
Anomalia,0.0106,0.3751,0.8121,-0.9407,0.3752,-0.0118,-0.3163,2880.0
Anomalia,0.0487,1.4241,4.8586,-5.1432,1.425,0.2244,4.3593,2880.0
Anomalia,0.0123,1.705,4.8586,-5.1432,1.705,0.0695,1.4461,3360.0
Anomalia,0.0231,2.0059,4.8586,-5.1432,2.006,0.0463,-0.0494,3360.0
Anomalia,0.0141,2.0623,4.8586,-5.1432,2.0624,0.05,-0.3389,3360.0
Anomalia,-0.0328,1.5623,3.8011,-3.8253,1.5627,-0.0207,-0.0024,3360.0
Anomalia,0.0036,1.2425,3.8011,-3.8253,1.2426,0.084,1.4901,3360.0
Anomalia,0.0007,0.6441,1.4527,-1.6084,0.6441,-0.0754,-0.26,3600.0
Anomalia,0.01,0.4373,1.3113,-1.2449,0.4374,0.0679,0.2617,2880.0
Anomalia,0.017,0.3159,0.7529,-0.6953,0.3164,-0.0085,-0.5677,2880.0
Anomalia,0.0381,0.8502,2.9176,-2.8183,0.8511,0.0089,3.6324,2880.0
Anomalia,-0.0192,0.9745,2.9176,-2.8183,0.9747,-0.0026,1.4634,3360.0
Anomalia,0.0128,1.1179,2.9176,-2.8183,1.118,-0.0375,0.0918,3360.0
Anomalia,-0.0088,1.1486,2.9176,-2.8183,1.1486,0.0156,-0.2046,3360.0
Anomalia,-0.0141,0.8395,2.1,-2.1071,0.8396,-0.0918,-0.137,3360.0
Anomalia,0.0396,0.6897,2.1,-2.1071,0.6908,0.0072,0.8289,3360.0
Anomalia,0.014,0.4232,0.8777,-0.853,0.4234,0.0184,-0.7498,3600.0
Anomalia,0.0198,0.3425,0.8605,-0.8017,0.3431,0.169,-0.3684,2880.0
Anomalia,0.0179,0.2942,0.7316,-0.6051,0.2947,-0.0052,-0.5971,3600.0
Anomalia,-0.0236,0.874,3.2994,-2.9839,0.8743,-0.0767,4.4447,3360.0
Anomalia,-0.0115,1.0762,3.2994,-2.9839,1.0763,0.0918,1.6569,3360.0
Anomalia,0.0266,1.2394,3.2994,-2.9839,1.2396,0.0621,0.1678,3360.0
Anomalia,0.0052,1.2589,3.2994,-2.9839,1.2589,0.1049,-0.0086,3360.0
Anomalia,0.039,0.9573,3.0223,-2.3245,0.9581,0.272,0.7496,3360.0
Anomalia,0.0244,0.7224,2.4289,-2.1468,0.7228,0.3347,1.7223,3360.0
Anomalia,-0.0023,0.3662,0.8622,-0.8443,0.3662,0.0063,-0.2903,3360.0
Anomalia,0.0168,0.2734,0.8622,-0.7658,0.2739,0.212,0.7604,2880.0
Anomalia,0.0249,0.1893,0.4645,-0.4524,0.191,-0.1046,-0.391,2880.0
Anomalia,-0.0359,1.044,4.0703,-4.1191,1.0446,-0.4547,6.3249,2880.0
Anomalia,0.017,1.3155,4.0703,-4.1191,1.3157,-0.0406,2.2424,3360.0
Anomalia,-0.0054,1.5609,4.0703,-4.1191,1.5609,0.0024,0.2259,3360.0
Anomalia,0.0044,1.6142,4.0703,-4.1191,1.6142,-0.0037,-0.1496,3360.0
Anomalia,0.0638,1.2857,3.829,-2.8425,1.2872,0.163,-0.0073,3360.0
Anomalia,0.0106,1.0157,2.7206,-2.8028,1.0158,-0.001,0.5415,3360.0
Anomalia,0.0305,0.5759,1.5366,-1.2537,0.5767,0.1455,-0.1531,3360.0
Anomalia,0.0022,0.4304,1.2303,-1.1589,0.4304,0.0716,0.541,2880.0
Anomalia,0.0136,0.2744,0.6289,-0.6168,0.2748,-0.1148,-0.6956,2880.0
Anomalia,0.0001,1.2694,4.9091,-4.7693,1.2694,-0.0636,5.517,2880.0
Anomalia,-0.0187,1.5435,4.9091,-4.7693,1.5436,0.0343,1.889,3360.0
Anomalia,0.0269,1.7693,4.9091,-4.7693,1.7695,0.0163,0.3066,3360.0
Anomalia,0.003,1.8144,4.9091,-4.7693,1.8144,0.0502,0.0087,3360.0
Anomalia,0.023,1.3379,4.1475,-3.1121,1.3381,0.1448,0.2777,3360.0
Anomalia,0.0373,1.0238,3.2932,-3.1121,1.0244,0.217,1.4378,3360.0
Anomalia,-0.0053,0.5418,1.2708,-1.3588,0.5418,0.0357,-0.2477,3600.0
Anomalia,0.0145,0.3665,1.0508,-0.9069,0.3668,0.1791,-0.0739,2880.0
Anomalia,0.011,0.2909,0.7858,-0.7061,0.2911,0.0784,-0.1091,2880.0
Anomalia,-0.0197,0.7264,2.7844,-2.6605,0.7267,-0.2433,5.2222,2880.0
Anomalia,0.0255,0.896,2.7844,-2.6605,0.8964,0.0034,1.9883,3360.0
Anomalia,0.0088,1.0745,2.7844,-2.6605,1.0745,0.0263,0.1218,3360.0
Anomalia,0.0166,1.1001,2.7844,-2.6605,1.1002,0.0059,-0.1433,3360.0
Anomalia,0.0458,0.8698,2.5487,-2.0671,0.871,0.1335,0.2818,3360.0
Anomalia,0.0047,0.6952,2.0449,-2.0671,0.6952,-0.0051,1.2094,3360.0
Anomalia,0.0091,0.37,0.8163,-0.805,0.3701,-0.029,-0.8042,3600.0
Anomalia,0.0034,0.2982,0.6523,-0.7466,0.2983,-0.1038,-0.5531,2880.0
Anomalia,0.0064,0.2524,0.5717,-0.5467,0.2524,0.0281,-0.7204,2880.0
Anomalia,-0.0172,0.9374,3.7022,-3.3545,0.9375,-0.0769,5.6695,2880.0
Anomalia,0.0539,1.149,3.7022,-3.3545,1.1503,0.0937,2.1797,3360.0
Anomalia,0.0121,1.3539,3.7022,-3.3545,1.354,0.0796,0.3617,3360.0
Anomalia,0.0177,1.3786,3.7022,-3.3545,1.3787,0.061,0.1377,3360.0
Anomalia,0.044,1.061,3.1663,-2.6008,1.0619,0.1918,0.6566,3360.0
Anomalia,-0.0338,0.8289,2.691,-2.6008,0.8296,-0.033,1.8682,3360.0
Anomalia,0.0186,0.4391,0.9152,-0.9824,0.4395,-0.0431,-0.6705,3600.0
Anomalia,0.0149,0.3718,0.9152,-0.8305,0.3721,0.0955,-0.3981,2880.0
Anomalia,0.0112,0.282,0.7554,-0.6189,0.2822,-0.0228,-0.0758,2880.0
Anomalia,0.0315,1.1132,4.8139,-4.8719,1.1136,0.1069,7.6902,2880.0
Anomalia,0.0271,1.5777,4.8139,-5.0113,1.5779,0.0212,2.2562,3360.0
Anomalia,0.0051,1.9363,4.8139,-5.0113,1.9363,0.039,0.1102,3360.0
Anomalia,0.0209,2.0093,4.8139,-5.0113,2.0094,0.0157,-0.2842,3360.0
Anomalia,0.0088,1.7325,4.7196,-5.0113,1.7325,0.0054,0.1112,3360.0
Anomalia,0.0,1.3317,3.7393,-3.7643,1.3317,0.0339,0.7849,3360.0
Anomalia,0.0209,0.7105,1.8559,-1.9402,0.7108,-0.0206,-0.049,3600.0
Anomalia,0.0008,0.4821,1.3889,-1.3388,0.4821,-0.1426,0.703,2880.0
Anomalia,0.0037,0.3197,0.8188,-0.7971,0.3197,-0.0606,-0.4334,2880.0
Anomalia,-0.0301,0.8926,3.4188,-3.198,0.8931,-0.1736,5.3341,2880.0
Anomalia,0.0323,1.0715,3.4188,-3.198,1.072,-0.0066,1.8727,3360.0
Anomalia,-0.0015,1.2479,3.4188,-3.198,1.2479,0.019,0.1937,3360.0
Anomalia,0.026,1.2876,3.4188,-3.198,1.2879,-0.0355,-0.1485,3360.0
Anomalia,0.045,0.9763,2.5641,-2.2473,0.9773,0.1237,-0.2313,3360.0
Anomalia,-0.0215,0.7747,2.2924,-2.2473,0.775,-0.0348,0.955,3360.0
Anomalia,0.0174,0.4457,1.229,-1.0817,0.446,0.1173,-0.1414,3600.0
Anomalia,0.0042,0.3223,0.7353,-0.8138,0.3223,-0.0442,-0.6284,2880.0
Anomalia,0.0119,0.2652,0.5859,-0.5759,0.2655,0.0891,-0.6698,2880.0
Anomalia,0.0312,1.0033,4.2167,-3.9597,1.0038,0.2264,6.5691,2880.0
Anomalia,0.0373,1.3881,4.2167,-4.3219,1.3886,0.026,2.292,3120.0
Anomalia,0.0049,1.6682,4.2167,-4.3219,1.6682,0.0323,0.2503,3360.0
Anomalia,0.0124,1.7218,4.2167,-4.3219,1.7218,0.0165,-0.1116,3360.0
Anomalia,0.0055,1.4531,4.2059,-4.3219,1.4531,-0.0486,0.5331,3360.0
Anomalia,-0.0067,1.0963,3.1091,-3.2953,1.0963,-0.0412,1.024,3360.0
Anomalia,0.0235,0.5833,1.2695,-1.325,0.5838,-0.0388,-0.3271,3600.0
Anomalia,0.0063,0.4193,1.2349,-1.1214,0.4194,0.0944,0.1305,2880.0
Anomalia,-0.0065,0.2884,0.7174,-0.6523,0.2885,0.0326,-0.5261,2880.0
Anomalia,0.0421,0.9111,4.3995,-3.4856,0.912,1.0555,9.0146,3120.0
Anomalia,-0.0126,1.3176,4.3995,-4.0665,1.3177,0.2262,2.8472,3120.0
Anomalia,0.0274,1.5578,4.3995,-4.0665,1.558,0.0929,0.5416,3360.0
Anomalia,0.0067,1.6096,4.3995,-4.0665,1.6097,0.114,0.1414,3360.0
Anomalia,-0.0239,1.3931,3.9079,-4.0665,1.3933,-0.0851,0.3919,3360.0
Anomalia,0.0189,1.017,2.7498,-2.6722,1.0171,0.0187,0.3859,3360.0
Anomalia,-0.001,0.5779,1.4377,-1.474,0.5779,-0.0687,-0.1306,3360.0
Anomalia,0.0266,0.4445,1.1506,-1.2082,0.4453,-0.0383,0.3473,2880.0
Anomalia,0.011,0.3156,0.7641,-0.6686,0.3158,0.0205,-0.5967,2880.0
Anomalia,0.0251,0.9137,4.859,-3.804,0.9141,0.5695,9.636,2880.0
Anomalia,-0.0048,1.5123,4.859,-4.897,1.5123,0.1253,2.6527,3360.0
Anomalia,0.0053,1.8699,4.859,-4.897,1.8699,0.0582,0.268,3360.0
Anomalia,0.0025,1.9381,4.859,-4.897,1.9381,0.0617,-0.1232,3360.0
Anomalia,-0.0071,1.7783,4.6946,-4.897,1.7784,0.0089,0.1938,3360.0
Anomalia,0.0185,1.3257,3.6358,-3.7514,1.3258,-0.0097,0.6458,3360.0
Anomalia,0.0157,0.7251,2.1071,-1.8192,0.7252,0.0345,0.0657,3600.0
Anomalia,0.0134,0.4949,1.3079,-1.3718,0.4951,-0.102,0.5596,2880.0
Anomalia,0.0184,0.3297,0.8363,-0.8714,0.3302,-0.1286,-0.1854,2880.0
Anomalia,0.0246,0.399,1.5896,-1.3755,0.3997,0.2172,3.5637,2880.0
Anomalia,-0.0072,0.5117,1.5896,-1.4915,0.5117,0.022,1.2853,3600.0
Anomalia,0.0158,0.6056,1.5896,-1.4915,0.6058,-0.0132,-0.0385,3360.0
Anomalia,0.0122,0.6025,1.5896,-1.4915,0.6026,0.0026,0.0167,3360.0
Anomalia,0.001,0.5234,1.2854,-1.4915,0.5234,-0.0752,0.1952,3360.0
Anomalia,0.0233,0.4175,1.2274,-1.1105,0.4182,0.0691,0.7309,3360.0
Anomalia,0.0137,0.2712,0.4929,-0.5509,0.2715,-0.0333,-1.2155,3360.0
Anomalia,0.0069,0.2629,0.4929,-0.5509,0.263,-0.1065,-1.0944,2880.0
Anomalia,0.0154,0.2487,0.4929,-0.5162,0.2491,-0.0578,-1.1071,3360.0
Anomalia,0.0289,0.9293,4.7714,-3.9601,0.9298,0.5229,9.8898,2880.0
Anomalia,-0.0171,1.4466,4.7714,-4.6733,1.4467,0.1472,3.0075,3120.0
Anomalia,0.015,1.7192,4.7714,-4.6733,1.7192,0.0718,0.6018,3360.0
Anomalia,-0.0037,1.7679,4.7714,-4.6733,1.7679,0.0964,0.2464,3360.0
Anomalia,-0.0014,1.56,4.4701,-4.6733,1.56,0.0093,0.7416,3360.0
Anomalia,0.0337,1.1021,3.1546,-3.0182,1.1027,0.0434,0.7492,3360.0
Anomalia,0.0058,0.5998,1.6222,-1.2699,0.5998,0.0754,-0.3593,3600.0
Anomalia,0.0216,0.4479,1.2341,-1.1172,0.4484,0.1021,0.1039,2880.0
Anomalia,0.0053,0.289,0.6865,-0.5809,0.2891,0.0236,-0.7283,2880.0
Anomalia,-0.0277,0.6345,2.6605,-3.0595,0.6351,-0.7066,9.1062,3120.0
Anomalia,0.0268,1.2494,3.8921,-3.8257,1.2497,0.1184,2.3575,3120.0
Anomalia,-0.0157,1.5046,3.8921,-3.8257,1.5047,0.1069,0.3604,3360.0
Anomalia,0.0329,1.5869,3.8921,-3.8257,1.5872,0.0432,-0.2009,3360.0
Anomalia,0.0378,1.507,3.8921,-3.8257,1.5074,0.1017,0.0662,3360.0
Anomalia,-0.007,1.0581,3.0666,-2.976,1.0581,0.0527,0.8178,3360.0
Anomalia,0.0385,0.6317,2.2135,-1.6731,0.6329,0.3598,1.0688,3360.0
Anomalia,-0.0122,0.4125,0.9085,-1.1493,0.4127,-0.2951,-0.0903,2880.0
Anomalia,0.0308,0.2981,0.5972,-0.5922,0.2997,-0.0571,-0.9551,2880.0
Anomalia,-0.03,0.7037,2.8667,-3.4639,0.7043,-1.0868,9.2671,2880.0
Anomalia,0.0262,1.2345,4.1537,-3.9872,1.2348,0.0353,2.8795,2880.0
Anomalia,-0.0004,1.4869,4.1537,-3.9872,1.4869,0.0519,0.4881,3360.0
Anomalia,0.016,1.5276,4.1537,-3.9872,1.5276,0.0247,0.1564,3360.0
Anomalia,0.0551,1.4112,4.1537,-3.9872,1.4123,0.1056,0.5557,3360.0
Anomalia,0.0014,0.9909,2.8337,-2.7252,0.9909,0.0149,0.7272,3360.0
Anomalia,0.0294,0.5252,1.4018,-1.151,0.526,0.0878,-0.282,3360.0
Anomalia,0.0005,0.401,0.967,-0.9336,0.401,0.0094,-0.4188,2880.0
Anomalia,0.0147,0.2682,0.5709,-0.6598,0.2686,-0.0592,-0.4682,2880.0
Anomalia,-0.0278,0.6876,2.8771,-3.3695,0.6882,-0.9946,10.1017,2880.0
Anomalia,0.0208,1.2664,3.9513,-3.9246,1.2666,0.0522,2.6337,2880.0
Anomalia,0.0023,1.5245,3.9513,-3.9246,1.5245,0.0451,0.4277,3360.0
Anomalia,0.0326,1.5829,3.9513,-3.9246,1.5832,0.0018,-0.0114,3360.0
Anomalia,0.0434,1.4839,3.9513,-3.9246,1.4845,0.0948,0.2675,3360.0
Anomalia,-0.0007,1.0417,2.9426,-2.9205,1.0417,0.0274,0.7256,3360.0
Anomalia,0.0231,0.596,1.7741,-1.2453,0.5964,0.1722,-0.1141,3360.0
Anomalia,-0.0047,0.4306,1.1531,-1.1134,0.4306,-0.1469,0.2338,2880.0
Anomalia,0.0258,0.2669,0.5325,-0.5605,0.2681,-0.0335,-1.0279,2880.0
Anomalia,-0.0193,0.6727,2.7168,-3.4363,0.6729,-1.2502,10.6773,2880.0
Anomalia,0.0227,1.2344,4.1295,-3.9484,1.2346,0.0576,3.1791,2880.0
Anomalia,-0.0022,1.4906,4.1295,-3.9484,1.4906,0.065,0.6057,3360.0
Anomalia,0.0161,1.5492,4.1295,-3.9484,1.5493,0.0355,0.1281,3360.0
Anomalia,0.0491,1.4674,4.1295,-3.9484,1.4682,0.1104,0.2931,3360.0
Anomalia,0.0079,1.0455,2.7669,-2.7068,1.0456,0.0198,0.2139,3360.0
Anomalia,0.0293,0.6376,1.5441,-1.2491,0.6383,0.0852,-0.5547,3360.0
Anomalia,-0.0111,0.5239,1.3021,-1.2065,0.524,0.0738,-0.381,2880.0
Anomalia,0.0171,0.3677,0.7316,-0.833,0.3681,-0.175,-0.8467,2880.0
Anomalia,0.0047,0.689,3.2097,-3.559,0.689,0.0016,8.9531,2880.0
Anomalia,0.0096,1.5948,5.0351,-5.081,1.5948,0.1033,2.5795,3120.0
Anomalia,0.0345,1.9139,5.0351,-5.081,1.9142,0.04,0.4864,3360.0
Anomalia,0.0203,2.0406,5.0351,-5.081,2.0407,0.044,-0.1646,3360.0
Anomalia,0.0203,1.9985,5.0351,-5.081,1.9986,0.0457,-0.0686,3360.0
Anomalia,0.0182,1.3979,3.8691,-3.8299,1.3981,0.0065,0.5091,3360.0
Anomalia,0.009,0.8959,2.7552,-3.2122,0.896,-0.0845,1.1254,3600.0
Anomalia,-0.001,0.5664,1.4223,-1.4194,0.5664,-0.0572,-0.1071,2880.0
Anomalia,0.011,0.3681,0.8781,-0.9027,0.3683,-0.1436,-0.6013,2880.0
Anomalia,0.0339,0.4446,2.2019,-1.2612,0.4459,1.16,5.648,2880.0
Anomalia,0.0075,0.9182,3.1,-2.8274,0.9182,0.1217,2.5376,2880.0
Anomalia,0.0307,1.1069,3.1,-2.8274,1.1073,0.0257,0.4738,3360.0
Anomalia,0.0002,1.1708,3.1,-2.8274,1.1708,0.0642,-0.1194,3360.0
Anomalia,-0.0081,1.1647,3.1,-2.8274,1.1647,0.0155,-0.2024,3360.0
Anomalia,0.0154,0.8444,2.2519,-2.1856,0.8446,-0.0482,0.0755,3360.0
Anomalia,-0.0024,0.5491,1.3029,-1.5771,0.5491,-0.1726,-0.0669,3360.0
Anomalia,0.0281,0.4266,1.0329,-0.9611,0.4275,0.0185,-0.3517,3360.0
Anomalia,0.0053,0.3195,0.7157,-0.7445,0.3196,0.1106,-0.5415,2880.0
Anomalia,0.0113,0.402,1.883,-1.4941,0.4021,0.3004,3.5141,3600.0
Anomalia,0.0147,0.812,2.3922,-2.3154,0.8121,0.0573,1.7457,3120.0
Anomalia,0.0114,0.939,2.3922,-2.3154,0.939,0.0781,0.3828,3360.0
Anomalia,0.0098,0.9668,2.3922,-2.3154,0.9669,0.0783,0.0852,3360.0
Anomalia,0.0082,0.945,2.3922,-2.3154,0.945,0.0665,0.2047,3360.0
Anomalia,-0.0061,0.6326,1.9886,-1.7015,0.6327,0.1916,1.1562,3360.0
Anomalia,0.0079,0.3876,1.4815,-1.1589,0.3877,-0.0007,0.906,3360.0
Anomalia,0.0065,0.2754,0.679,-0.7366,0.2754,-0.1146,-0.0902,2880.0
Anomalia,0.0241,0.222,0.4883,-0.4203,0.2233,-0.0401,-0.7832,2880.0
Anomalia,0.0188,0.3718,2.2227,-1.6881,0.3723,-0.2336,11.1472,2880.0
Anomalia,0.0228,1.2393,4.0865,-4.0498,1.2395,-0.0092,3.0388,3360.0
Anomalia,0.013,1.4303,4.0865,-4.0498,1.4304,-0.0017,0.939,3360.0
Anomalia,-0.0057,1.5396,4.0865,-4.0498,1.5396,0.0493,0.1322,3360.0
Anomalia,0.0258,1.5464,4.0865,-4.0498,1.5466,-0.0021,0.0462,3360.0
Anomalia,-0.0011,1.0076,2.7173,-2.6505,1.0076,0.0874,0.3591,3360.0
Anomalia,0.022,0.7147,2.6626,-2.1877,0.7151,0.1775,1.6575,3360.0
Anomalia,0.0169,0.4248,1.151,-0.9866,0.4251,0.2891,0.5077,3360.0
Anomalia,0.0055,0.2915,0.9791,-0.7308,0.2915,0.1117,-0.0017,2880.0
Anomalia,0.0386,0.5393,3.2556,-1.9882,0.5407,2.0116,15.626,2880.0
Anomalia,0.0157,1.4148,4.9058,-4.609,1.4149,0.1216,3.2254,2880.0
Anomalia,0.0297,1.6967,4.9058,-4.609,1.697,0.056,0.7227,3360.0
Anomalia,0.0087,1.7981,4.9058,-4.609,1.7982,0.0698,0.0516,3360.0
Anomalia,-0.005,1.7809,4.9058,-4.609,1.7809,0.0348,0.0316,3360.0
Anomalia,0.0037,1.2199,3.246,-3.1751,1.2199,0.0232,0.2338,3360.0
Anomalia,-0.0063,0.7857,2.0984,-2.2361,0.7858,-0.0427,0.2293,3360.0
Anomalia,0.017,0.502,1.2499,-1.3593,0.5023,-0.0457,0.326,2880.0
Anomalia,0.0108,0.3037,0.7629,-0.6694,0.3039,-0.021,-0.6604,2880.0
Anomalia,0.0005,0.3151,0.7608,-1.2612,0.3151,-0.5711,1.663,3120.0
Anomalia,0.0278,0.8747,2.6513,-2.726,0.8751,-0.0435,2.3069,2880.0
Anomalia,-0.0144,1.0115,2.6513,-2.726,1.0116,0.0128,0.6197,3360.0
Anomalia,0.0117,1.0898,2.6513,-2.726,1.0899,0.0145,-0.0711,3360.0
Anomalia,0.0178,1.1042,2.6513,-2.726,1.1044,0.0093,-0.2231,3360.0
Anomalia,0.0018,0.7457,2.0211,-2.0441,0.7457,0.0629,0.4662,3360.0
Anomalia,0.0329,0.5426,1.9732,-1.5379,0.5436,0.3981,1.3574,3360.0
Anomalia,0.0059,0.3703,0.8981,-0.8739,0.3704,-0.0265,-0.5672,3600.0
Anomalia,0.0165,0.2708,0.679,-0.5071,0.2713,0.1169,-0.756,2880.0
Anomalia,-0.0192,0.3482,0.6289,-1.7503,0.3487,-1.6209,5.9716,2880.0
Anomalia,0.0146,1.1284,3.7113,-3.5173,1.1285,0.1193,3.0688,2880.0
Anomalia,-0.006,1.3411,3.7113,-3.5173,1.3411,0.0956,0.843,3360.0
Anomalia,0.0285,1.4149,3.7113,-3.5173,1.4152,0.0537,0.2049,3360.0
Anomalia,0.0311,1.423,3.7113,-3.5173,1.4234,0.0702,0.1129,3360.0
Anomalia,0.0058,0.948,2.8725,-2.6154,0.948,0.0966,0.8383,3360.0
Anomalia,0.0291,0.611,2.1359,-1.5016,0.6117,0.4191,0.7053,3360.0
Anomalia,0.0074,0.4233,1.0725,-1.0333,0.4234,0.0181,-0.3406,2880.0
Anomalia,0.0233,0.3046,0.9607,-0.6172,0.3055,0.2383,0.0097,2880.0
Anomalia,0.0152,0.3173,0.7153,-1.7699,0.3177,-1.4715,7.1408,2880.0
Anomalia,-0.0064,1.4178,4.6633,-4.9087,1.4178,-0.0519,3.6083,3360.0
Anomalia,-0.0136,1.6935,4.6633,-4.9087,1.6935,-0.0065,1.0405,3360.0
Anomalia,0.0238,1.9314,4.6633,-4.9087,1.9316,0.0079,-0.1661,3360.0
Anomalia,0.0103,1.9721,4.6633,-4.9087,1.9721,0.0301,-0.3814,3360.0
Anomalia,0.0417,1.4195,3.852,-3.6538,1.4202,0.0929,0.1983,3360.0
Anomalia,0.0391,1.0735,3.852,-3.1375,1.0742,0.2765,1.8596,3360.0
Anomalia,-0.001,0.5549,1.3154,-1.325,0.5549,0.0336,0.2311,3360.0
Anomalia,0.0225,0.3459,1.237,-0.8259,0.3466,0.4251,0.642,2880.0
Anomalia,-0.0227,0.3545,0.6185,-1.7061,0.3552,-1.3936,4.6067,2880.0
Anomalia,0.0151,1.1015,3.8912,-3.4685,1.1016,0.1218,3.1447,3360.0
Anomalia,-0.0064,1.2698,3.8912,-3.4685,1.2698,0.0931,0.9808,3360.0
Anomalia,0.0277,1.3337,3.8912,-3.4685,1.334,0.0431,0.3503,3360.0
Anomalia,0.0374,1.3445,3.8912,-3.4685,1.3451,0.0457,0.2217,3360.0
Anomalia,0.0003,0.8562,2.2599,-2.1701,0.8562,0.0446,0.0427,3360.0
Anomalia,0.0329,0.5717,1.8296,-1.2754,0.5726,0.3156,0.1525,3360.0
Anomalia,-0.0117,0.4176,0.969,-0.9394,0.4178,0.0566,-0.518,3600.0
Anomalia,0.021,0.3044,0.7466,-0.5676,0.3051,0.1362,-0.7414,2880.0
Anomalia,0.0036,0.3708,0.9519,-1.8559,0.3708,-1.2118,5.3564,2880.0
Anomalia,-0.0038,1.1754,3.7084,-3.7623,1.1754,0.0169,2.8859,3120.0
Anomalia,0.0088,1.3795,3.7084,-3.7623,1.3795,-0.0117,0.8906,3360.0
Anomalia,0.0145,1.5231,3.7084,-3.7623,1.5232,0.0271,-0.0485,3360.0
Anomalia,0.0233,1.5461,3.7084,-3.7623,1.5463,0.0258,-0.2243,3360.0
Anomalia,0.0392,1.0821,2.9372,-2.9501,1.0828,0.0497,0.498,3360.0
Anomalia,0.0323,0.8023,2.8592,-2.6371,0.8029,0.2507,1.6798,3360.0
Anomalia,0.0016,0.4947,1.2361,-1.2328,0.4947,0.0663,-0.3097,2880.0
Anomalia,0.0159,0.3316,0.9703,-0.6427,0.3319,0.141,-0.3052,2880.0
Anomalia,0.0171,0.2878,0.7929,-0.6406,0.2883,0.0995,-0.134,2880.0
Anomalia,0.0233,1.1662,3.9375,-3.7894,1.1664,0.2122,3.6442,3120.0
Anomalia,0.0534,1.3136,3.9375,-3.7894,1.3146,0.1121,1.6293,3360.0
Anomalia,0.0174,1.4622,3.9375,-3.7894,1.4623,0.1012,0.3271,3360.0
Anomalia,0.0112,1.4916,3.9375,-3.7894,1.4916,0.1042,0.0866,3360.0
Anomalia,0.0,0.9938,2.6342,-2.6292,0.9938,-0.0097,0.1068,3360.0
Anomalia,-0.021,0.777,2.3567,-2.436,0.7773,-0.1478,1.0517,3360.0
Anomalia,0.0105,0.4521,1.0329,-1.1105,0.4523,-0.0916,-0.1716,3360.0
Anomalia,0.0153,0.3451,1.0329,-1.1105,0.3455,-0.1935,0.8092,2880.0
Anomalia,0.0166,0.264,0.6389,-0.535,0.2645,0.0626,-0.7321,2880.0
Anomalia,0.0472,1.3934,4.9341,-4.9767,1.3942,0.2216,4.5814,3360.0
Anomalia,0.0255,1.6611,4.9341,-4.9767,1.6613,0.1101,1.56,3360.0
Anomalia,0.0024,1.9103,4.9341,-4.9767,1.9103,0.0878,0.1029,3360.0
Anomalia,0.0187,1.9585,4.9341,-4.9767,1.9586,0.0611,-0.1765,3360.0
Anomalia,-0.0224,1.4269,3.5803,-3.617,1.427,-0.0268,0.124,3360.0
Anomalia,0.0016,1.1222,3.4835,-3.617,1.1222,-0.0434,1.367,3360.0
Anomalia,0.0123,0.599,1.4381,-1.4194,0.5991,0.0358,-0.0773,3600.0
Anomalia,0.0034,0.4184,1.1523,-1.3655,0.4184,-0.1984,0.8234,2880.0
Anomalia,0.0173,0.3109,0.9248,-0.8326,0.3114,0.0232,0.4516,2880.0
Anomalia,0.0095,0.3911,1.2111,-1.1919,0.3912,0.0059,1.199,3600.0
Anomalia,0.0256,0.4702,1.2111,-1.1919,0.4709,-0.0149,-0.1038,3360.0
Anomalia,0.0022,0.4861,1.2111,-1.1919,0.4861,0.0506,-0.2336,3360.0
Anomalia,0.0162,0.4813,1.2111,-1.1919,0.4815,-0.0206,-0.1365,3360.0
Anomalia,0.0075,0.3578,0.9999,-0.9803,0.3579,0.0419,0.717,3360.0
Anomalia,-0.0052,0.2418,0.7771,-0.8889,0.2418,-0.3971,1.963,3360.0
Anomalia,0.0215,0.2337,0.6101,-0.4937,0.2347,-0.0167,-0.3234,3360.0
Anomalia,0.018,0.2528,0.6101,-0.4937,0.2535,0.0951,-0.5741,3360.0
Anomalia,0.0326,0.2759,0.6823,-0.5584,0.2778,0.0383,-0.6706,3360.0
Anomalia,0.0499,1.1349,3.8432,-3.8282,1.1359,0.0767,3.7966,2880.0
Anomalia,0.0116,1.3214,3.8432,-3.8282,1.3215,0.0334,1.4216,2880.0
Anomalia,-0.0008,1.455,3.8432,-3.8282,1.455,0.052,0.3174,3360.0
Anomalia,0.0078,1.4832,3.8432,-3.8282,1.4832,0.0372,0.0851,3360.0
Anomalia,-0.0158,1.0086,2.7661,-2.5916,1.0087,-0.0747,0.5178,3360.0
Anomalia,0.0175,0.7515,2.4986,-2.4456,0.7517,0.0235,1.6264,3360.0
Anomalia,0.0136,0.4502,1.1794,-0.9144,0.4504,0.1063,-0.5836,2880.0
Anomalia,0.009,0.326,0.838,-0.8192,0.3261,-0.0999,-0.4431,2880.0
Anomalia,0.0012,0.2732,0.6494,-0.6126,0.2732,-0.01,-0.4394,2880.0
Anomalia,0.0456,1.2122,4.3624,-4.2885,1.2131,0.361,4.9271,2880.0
Anomalia,-0.0176,1.4113,4.3624,-4.2885,1.4114,0.1686,2.0735,3360.0
Anomalia,0.0262,1.6877,4.3624,-4.2885,1.6879,0.0739,0.1099,3360.0
Anomalia,0.0128,1.7376,4.3624,-4.2885,1.7376,0.0835,-0.2087,3360.0
Anomalia,-0.0338,1.291,3.1221,-3.3024,1.2915,-0.0568,-0.0285,3360.0
Anomalia,0.0442,1.0802,3.1221,-3.2001,1.0811,0.0298,0.9886,3360.0
Anomalia,-0.0009,0.566,1.2157,-1.2545,0.566,-0.0918,-0.326,3600.0
Anomalia,0.0208,0.4116,1.0584,-1.1752,0.4121,-0.0412,0.0121,2880.0
Anomalia,0.0279,0.3132,0.9173,-0.7262,0.3144,0.004,-0.2707,2880.0
Anomalia,0.0312,1.074,3.9221,-3.6617,1.0744,0.1244,4.3965,2880.0
Anomalia,-0.0239,1.2626,3.9221,-3.6617,1.2628,0.0564,1.5238,3360.0
Anomalia,0.0237,1.4371,3.9221,-3.6617,1.4373,0.019,0.1816,3360.0
Anomalia,-0.0081,1.4716,3.9221,-3.6617,1.4716,0.0751,-0.0854,3360.0
Anomalia,-0.0139,1.0567,2.7653,-2.6163,1.0568,-0.0149,0.0693,3360.0
Anomalia,0.0461,0.8293,2.7653,-2.6163,0.8306,0.1872,1.6132,3360.0
Anomalia,0.0012,0.4584,1.0617,-1.1122,0.4584,-0.0258,-0.4227,3600.0
Anomalia,0.0214,0.3271,0.9403,-0.8701,0.3278,0.2106,0.1872,2880.0
Anomalia,0.0166,0.2356,0.6782,-0.5651,0.2361,0.1713,0.2877,2880.0
Anomalia,0.001,1.0837,4.0139,-3.9079,1.0837,0.034,5.0938,2880.0
Anomalia,-0.0116,1.3121,4.0139,-3.9079,1.3121,0.0279,1.8597,3360.0
Anomalia,0.0206,1.563,4.0139,-3.9079,1.5632,0.0102,0.0872,3360.0
Anomalia,0.0066,1.6046,4.0139,-3.9079,1.6046,0.0318,-0.2027,3360.0
Anomalia,0.0141,1.221,3.612,-3.047,1.221,0.047,0.3407,3360.0
Anomalia,0.0323,0.9739,2.9005,-3.047,0.9745,0.1104,1.6384,3360.0
Anomalia,0.0039,0.4965,1.151,-1.1685,0.4965,0.0361,-0.3441,3360.0
Anomalia,0.0248,0.3582,1.151,-0.9002,0.359,0.1674,0.0024,2880.0
Anomalia,0.0193,0.2642,0.5346,-0.5292,0.2649,-0.0092,-0.9061,2880.0
Anomalia,-0.0008,1.2011,4.5201,-4.3653,1.2011,-0.0613,5.2236,2880.0
Anomalia,-0.018,1.4468,4.5201,-4.3653,1.4469,0.0761,2.0586,3360.0
Anomalia,0.0133,1.6598,4.5201,-4.3653,1.6598,0.0802,0.3928,3360.0
Anomalia,0.0144,1.7059,4.5201,-4.3653,1.706,0.0721,0.0595,3360.0
Anomalia,0.0287,1.2867,4.0548,-2.9055,1.287,0.2151,0.2522,3360.0
Anomalia,0.0579,0.9947,3.1492,-2.837,0.9964,0.206,0.9526,3360.0
Anomalia,-0.0036,0.6078,1.3467,-1.3309,0.6078,0.0057,-0.5047,3360.0
Anomalia,0.0015,0.5044,1.3133,-1.3309,0.5044,-0.0478,0.0125,2880.0
Anomalia,0.0215,0.358,0.808,-0.9632,0.3586,-0.2829,-0.0999,2880.0
Anomalia,-0.0548,1.2341,4.8682,-4.9579,1.2353,-0.2538,5.9278,2880.0
Anomalia,0.0355,1.5998,4.8682,-4.9579,1.6002,0.0814,2.0711,3360.0
Anomalia,0.019,1.9405,4.8682,-4.9579,1.9406,0.0775,0.1107,3360.0
Anomalia,0.0037,1.9936,4.8682,-4.9579,1.9936,0.0944,-0.1843,3360.0
Anomalia,0.0762,1.6416,4.8482,-3.7556,1.6434,0.2089,0.2342,3360.0
Anomalia,-0.006,1.2922,3.723,-3.7556,1.2922,0.1141,1.0986,3360.0
Anomalia,0.016,0.67,1.6702,-1.4657,0.6702,0.0579,-0.3373,3600.0
Anomalia,0.0178,0.4941,1.4594,-1.3785,0.4945,0.1121,0.5074,2880.0
Anomalia,0.0118,0.3408,0.8476,-0.8489,0.341,-0.12,-0.3042,2880.0
Anomalia,0.0029,0.8329,3.2761,-2.9593,0.8329,-0.0814,5.2025,2880.0
Anomalia,0.0426,1.0007,3.2761,-2.9593,1.0016,0.0244,1.9312,3360.0
Anomalia,0.0056,1.1896,3.2761,-2.9593,1.1896,0.0431,0.1275,3360.0
Anomalia,0.0225,1.223,3.2761,-2.9593,1.2232,0.0046,-0.1799,3360.0
Anomalia,0.0314,0.9662,2.4865,-2.1964,0.9667,0.0698,-0.2451,3360.0
Anomalia,-0.0087,0.7768,2.2348,-2.1964,0.7768,-0.0601,0.8309,3360.0
Anomalia,0.0176,0.4475,0.9044,-0.9252,0.4479,-0.0103,-0.68,3360.0
Anomalia,0.0001,0.3669,0.8693,-0.9252,0.3669,0.0161,-0.2961,2880.0
Anomalia,0.0136,0.2718,0.6995,-0.5167,0.2721,0.1732,-0.6049,3360.0
Anomalia,0.0305,0.5317,2.0391,-1.5921,0.5325,0.4685,3.1489,3120.0
Anomalia,0.0336,0.6572,2.0391,-1.6689,0.6581,0.1301,1.3581,2880.0
Anomalia,0.0213,0.7637,2.0391,-1.6689,0.764,0.0732,0.0904,2880.0
Anomalia,0.0192,0.7666,2.0391,-1.6689,0.7668,0.0763,0.0479,3360.0
Anomalia,-0.0143,0.6258,1.7432,-1.6689,0.6259,-0.0316,0.7221,3360.0
Anomalia,-0.0077,0.4801,1.5254,-1.436,0.4801,-0.0254,1.6711,3360.0
Anomalia,0.0062,0.2427,0.4937,-0.5972,0.2428,-0.2048,-0.5794,3360.0
Anomalia,0.0174,0.2118,0.4937,-0.5972,0.2126,-0.2616,0.1781,2880.0
Anomalia,0.0233,0.1646,0.4812,-0.4136,0.1663,-0.0723,0.2398,3360.0
Anomalia,0.0626,0.8645,4.1262,-3.5415,0.8668,0.7566,9.4491,2880.0
Anomalia,0.0067,1.2994,4.1262,-4.1662,1.2994,0.0146,2.7132,3360.0
Anomalia,0.0216,1.547,4.1262,-4.1662,1.5471,-0.0058,0.4209,3360.0
Anomalia,-0.004,1.5965,4.1262,-4.1662,1.5965,0.0295,0.0433,3360.0
Anomalia,-0.0246,1.3851,3.9004,-4.1662,1.3854,-0.1403,0.4546,3360.0
Anomalia,0.0207,1.0045,2.6805,-2.832,1.0047,-0.0141,0.5063,3360.0
Anomalia,0.001,0.5543,1.2124,-1.5037,0.5543,-0.12,-0.2068,3360.0
Anomalia,0.031,0.4147,1.131,-1.0037,0.4158,0.1851,0.154,2880.0
Anomalia,-0.0028,0.2929,0.7462,-0.656,0.2929,0.1457,-0.3723,2880.0
Anomalia,0.0399,1.0888,5.0543,-3.9221,1.0895,0.7706,7.7866,2880.0
Anomalia,0.0232,1.4875,5.0543,-4.6508,1.4877,0.1604,2.4651,3360.0
Anomalia,0.0135,1.7614,5.0543,-4.6508,1.7614,0.1031,0.3938,3360.0
Anomalia,0.028,1.8167,5.0543,-4.6508,1.8169,0.0691,0.0239,3360.0
Anomalia,-0.0164,1.5044,4.1303,-4.6508,1.5045,-0.1001,0.4637,3360.0
Anomalia,-0.0071,1.129,3.2882,-3.1538,1.129,0.0204,0.875,3360.0
Anomalia,0.004,0.6172,1.4373,-1.484,0.6172,-0.0521,-0.2105,3600.0
Anomalia,0.0065,0.4151,1.1518,-1.2733,0.4151,-0.1511,0.4694,2880.0
Anomalia,0.0117,0.2979,0.7646,-0.7257,0.2982,0.0202,-0.3477,2880.0
Anomalia,0.0406,0.5061,2.148,-1.7624,0.5078,0.6377,5.0389,2880.0
Anomalia,0.0028,0.6992,2.148,-2.0103,0.6992,0.0585,2.0157,3360.0
Anomalia,0.0101,0.875,2.148,-2.0103,0.8751,-0.0037,-0.0192,3360.0
Anomalia,0.009,0.8972,2.148,-2.0103,0.8972,0.0007,-0.2777,3360.0
Anomalia,-0.0133,0.793,2.0299,-2.0103,0.7931,-0.1275,0.1141,3360.0
Anomalia,0.0246,0.6203,1.6869,-1.8421,0.6208,-0.1206,0.9086,3360.0
Anomalia,0.0169,0.3272,0.8,-0.7358,0.3276,-0.0771,-0.5304,3360.0
Anomalia,0.0119,0.274,0.6231,-0.6268,0.2743,-0.1215,-0.4765,2880.0
Anomalia,0.0101,0.2206,0.5016,-0.5046,0.2208,-0.0587,-0.5441,2880.0
Anomalia,0.0303,0.8979,4.4012,-3.6437,0.8984,0.8412,9.8954,2880.0
Anomalia,-0.0186,1.3142,4.4012,-4.1767,1.3143,0.1659,3.0037,3120.0
Anomalia,0.0244,1.5953,4.4012,-4.1767,1.5955,0.0778,0.5064,3360.0
Anomalia,0.0022,1.6352,4.4012,-4.1767,1.6352,0.1054,0.1983,3360.0
Anomalia,-0.0083,1.4188,3.7769,-4.1767,1.4188,-0.0488,0.5759,3360.0
Anomalia,0.0235,1.0472,3.2602,-2.9105,1.0475,0.1168,1.2036,3360.0
Anomalia,0.0083,0.5379,1.0642,-1.2328,0.538,-0.0747,-0.5054,3360.0
Anomalia,0.0232,0.4223,1.0367,-1.1084,0.4229,0.0948,-0.0806,2880.0
Anomalia,0.0086,0.3051,0.6915,-0.694,0.3052,0.0455,-0.701,2880.0
Anomalia,0.0118,0.8223,3.9279,-3.751,0.8224,-0.2512,8.9924,2880.0
Anomalia,-0.0024,1.5063,4.6349,-4.9141,1.5063,0.0365,2.5925,3360.0
Anomalia,0.0064,1.8373,4.6349,-4.9141,1.8373,0.0311,0.3192,3360.0
Anomalia,0.0115,1.9218,4.6349,-4.9141,1.9219,0.0311,-0.1583,3360.0
Anomalia,0.0242,1.7978,4.6349,-4.9141,1.7979,0.0428,0.1994,3360.0
Anomalia,0.0233,1.2898,3.6191,-3.5665,1.2901,0.066,0.6626,3360.0
Anomalia,0.013,0.7391,2.5883,-2.0612,0.7392,0.2125,0.6998,3600.0
Anomalia,0.011,0.4872,1.2232,-1.1865,0.4873,0.1071,-0.1344,2880.0
Anomalia,0.012,0.335,0.8117,-0.699,0.3352,0.0763,-0.7648,2880.0
Anomalia,0.0392,0.7638,3.4835,-2.9777,0.7648,0.6361,7.3751,2880.0
Anomalia,0.0034,1.0251,3.4835,-3.11,1.0251,0.0649,2.2926,3360.0
Anomalia,0.0291,1.1939,3.4835,-3.11,1.1943,0.0023,0.4207,3360.0
Anomalia,0.0121,1.2269,3.4835,-3.11,1.227,0.0361,0.0912,3360.0
Anomalia,-0.0203,1.0215,2.5002,-3.11,1.0217,-0.1548,0.1732,3360.0
Anomalia,0.0285,0.7637,2.0662,-2.0595,0.7643,-0.0037,0.5468,3360.0
Anomalia,-0.0066,0.4382,0.916,-0.9782,0.4382,0.0277,-0.5044,3600.0
Anomalia,0.0173,0.3444,0.916,-0.9782,0.3448,0.0246,-0.0128,2880.0
Anomalia,0.0196,0.2447,0.6343,-0.4653,0.2455,0.2935,-0.3724,2880.0
Anomalia,-0.0207,0.7469,2.9159,-3.6333,0.7472,-0.8958,9.1871,2880.0
Anomalia,0.0149,1.3615,4.3478,-4.2919,1.3616,0.0582,2.7487,3120.0
Anomalia,-0.0073,1.6578,4.3478,-4.2919,1.6578,0.0677,0.4059,3360.0
Anomalia,0.0071,1.7267,4.3478,-4.2919,1.7267,0.0513,-0.0605,3360.0
Anomalia,0.0477,1.615,4.3478,-4.2919,1.6157,0.0923,0.2884,3360.0
Anomalia,0.016,1.1546,3.107,-3.2761,1.1547,0.0404,0.6793,3360.0
Anomalia,0.0234,0.6592,1.9807,-1.4248,0.6596,0.2565,0.0727,3360.0
Anomalia,0.0133,0.4682,1.3405,-1.3021,0.4684,0.1781,0.6086,2880.0
Anomalia,0.0057,0.2696,0.6573,-0.5943,0.2696,0.0906,-0.6558,2880.0
Anomalia,0.0147,0.626,3.0699,-3.4125,0.6262,-0.01,12.0411,3120.0
Anomalia,0.0242,1.2671,4.1554,-4.0131,1.2673,0.0683,2.9406,3120.0
Anomalia,0.0269,1.4894,4.1554,-4.0131,1.4896,0.0691,0.7185,3360.0
Anomalia,0.0261,1.5679,4.1554,-4.0131,1.5682,0.0526,0.1015,3360.0
Anomalia,0.006,1.5012,4.1554,-4.0131,1.5012,0.0976,0.2668,3360.0
Anomalia,0.0142,1.0251,2.7657,-2.6405,1.0252,0.0862,0.2436,3360.0
Anomalia,-0.0062,0.6566,1.7795,-2.0191,0.6567,-0.036,0.1619,3360.0
Anomalia,0.0125,0.4585,1.1869,-1.1564,0.4587,-0.0973,0.3311,3360.0
Anomalia,0.0221,0.3351,0.8205,-0.7754,0.3359,0.0749,-0.5668,2880.0
Anomalia,0.0299,0.6108,3.1338,-2.4589,0.6115,1.0239,8.5741,3360.0
Anomalia,0.027,1.4898,4.8323,-4.8799,1.4901,0.0948,2.8058,3360.0
Anomalia,0.02,1.7909,4.8323,-4.8799,1.791,0.0721,0.5346,3360.0
Anomalia,0.0161,1.8868,4.8323,-4.8799,1.8869,0.0519,-0.0289,3360.0
Anomalia,-0.0033,1.8553,4.8323,-4.8799,1.8553,0.0456,0.0601,3360.0
Anomalia,0.0238,1.2764,3.3971,-3.5306,1.2767,-0.0382,0.4906,3360.0
Anomalia,0.0072,0.7968,2.2102,-2.5987,0.7969,-0.1956,0.7476,3360.0
Anomalia,0.016,0.495,1.2908,-1.3017,0.4952,-0.0885,0.4899,2880.0
Anomalia,0.0041,0.315,0.7558,-0.7333,0.315,-0.043,-0.4679,2880.0
Anomalia,-0.0032,0.3016,0.9645,-1.1276,0.3016,-0.1371,1.0238,2880.0
Anomalia,0.0095,0.4548,1.4018,-1.3317,0.4549,-0.0235,1.3489,2880.0
Anomalia,0.0108,0.5232,1.4018,-1.3317,0.5233,0.0062,0.0606,3360.0
Anomalia,0.0202,0.5111,1.4018,-1.3317,0.5115,-0.0365,0.3235,3360.0
Anomalia,0.0139,0.4849,1.4018,-1.3317,0.4851,0.0111,0.6638,3360.0
Anomalia,0.0147,0.3433,1.0083,-0.9252,0.3436,0.055,0.4597,3360.0
Anomalia,0.0061,0.2382,0.439,-0.4557,0.2383,-0.0434,-1.1753,3360.0
Anomalia,0.0119,0.2454,0.4616,-0.4687,0.2457,-0.0476,-1.0793,2880.0
Anomalia,0.0172,0.2285,0.4616,-0.4687,0.2291,-0.0085,-0.8721,2880.0
Anomalia,0.026,0.5428,2.8166,-2.5357,0.5434,0.9577,11.1145,2880.0
Anomalia,0.0199,1.2417,4.0915,-4.0544,1.2418,0.0311,3.1977,3120.0
Anomalia,0.0262,1.5201,4.0915,-4.0544,1.5203,0.0244,0.5922,3360.0
Anomalia,0.0083,1.5827,4.0915,-4.0544,1.5827,0.0399,0.1032,3360.0
Anomalia,0.0026,1.5354,4.0915,-4.0544,1.5354,0.0114,0.2961,3360.0
Anomalia,0.0251,1.0597,3.0311,-2.9364,1.06,0.004,0.8248,3360.0
Anomalia,-0.0025,0.5953,1.4143,-1.7795,0.5953,-0.1343,-0.0391,3600.0
Anomalia,0.0155,0.4078,1.0876,-1.0129,0.4081,0.1143,0.2174,2880.0
Anomalia,0.0073,0.2583,0.7287,-0.5392,0.2584,0.0876,-0.3509,2880.0
Anomalia,0.0251,0.5544,3.2314,-1.9673,0.555,2.2539,15.0099,3120.0
Anomalia,0.019,1.4955,4.8386,-4.6783,1.4956,0.1696,2.6969,3360.0
Anomalia,0.0447,1.7637,4.8386,-4.6783,1.7643,0.1213,0.6553,3360.0
Anomalia,0.0046,1.9054,4.8386,-4.6783,1.9054,0.1175,-0.1228,3360.0
Anomalia,-0.0054,1.8879,4.8386,-4.6783,1.8879,0.0774,-0.1298,3360.0
Anomalia,0.0102,1.2912,3.6805,-3.5123,1.2912,0.0576,0.4782,3360.0
Anomalia,-0.0117,0.8943,2.6259,-3.057,0.8944,-0.2607,1.1886,3360.0
Anomalia,0.0206,0.5432,1.2649,-1.3517,0.5436,-0.0938,0.2407,2880.0
Anomalia,0.0138,0.345,0.7721,-0.9198,0.3452,-0.1686,-0.5496,2880.0
Anomalia,0.0331,0.4853,2.5941,-1.6021,0.4865,1.4068,8.7042,2880.0
Anomalia,0.0041,1.1413,3.9234,-3.6696,1.1413,0.1252,3.0432,2880.0
Anomalia,0.0276,1.3455,3.9234,-3.6696,1.3458,0.0541,0.7501,3360.0
Anomalia,0.0003,1.3953,3.9234,-3.6696,1.3953,0.0919,0.2957,3360.0
Anomalia,-0.0071,1.3711,3.9234,-3.6696,1.3711,0.0415,0.3665,3360.0
Anomalia,0.0155,0.9043,2.615,-2.4076,0.9044,0.0145,0.453,3360.0
Anomalia,-0.0064,0.5503,1.2424,-1.5158,0.5504,-0.1402,-0.2362,3360.0
Anomalia,0.0155,0.4118,0.9857,-1.0379,0.4121,-0.1211,-0.3552,2880.0
Anomalia,0.0032,0.2799,0.6039,-0.5809,0.2799,0.0476,-0.6815,2880.0
Anomalia,0.0219,0.473,2.8341,-1.7849,0.4735,1.3189,12.152,2880.0
Anomalia,0.0263,1.2761,3.9254,-4.0398,1.2764,0.0031,2.7261,2880.0
Anomalia,0.0204,1.5212,3.9254,-4.0398,1.5213,0.021,0.6864,3360.0
Anomalia,0.0081,1.6279,3.9254,-4.0398,1.628,0.0263,-0.0227,3360.0
Anomalia,-0.0014,1.6175,3.9254,-4.0398,1.6175,0.0104,-0.0381,3360.0
Anomalia,-0.0076,1.1044,3.1396,-3.1521,1.1045,0.0582,0.9352,3360.0
Anomalia,-0.004,0.727,2.6826,-2.471,0.727,-0.0636,1.6274,3360.0
Anomalia,0.0262,0.4566,1.1431,-1.2174,0.4574,-0.0565,0.0465,2880.0
Anomalia,0.0173,0.2925,0.5609,-0.5367,0.293,0.0059,-1.1698,2880.0
Anomalia,0.0279,0.532,3.3595,-2.0274,0.5327,1.4327,13.8955,2880.0
Anomalia,0.034,1.5069,5.1265,-4.8377,1.5073,0.1061,3.2727,2880.0
Anomalia,-0.0076,1.7607,5.1265,-4.8377,1.7608,0.0983,0.9994,3360.0
Anomalia,0.0084,1.8628,5.1265,-4.8377,1.8628,0.0811,0.2982,3360.0
Anomalia,0.0066,1.8461,5.1265,-4.8377,1.8461,0.0506,0.3159,3360.0
Anomalia,-0.0027,1.2087,3.314,-3.2948,1.2087,0.0249,0.5259,3360.0
Anomalia,0.0268,0.7928,2.9505,-2.2657,0.7933,0.2198,0.7905,3360.0
Anomalia,0.0098,0.5685,1.2996,-1.2641,0.5686,-0.0001,-0.6881,2880.0
Anomalia,0.0086,0.4289,1.1143,-0.9357,0.429,-0.0375,-0.5415,2880.0
Anomalia,-0.0133,0.4418,1.0892,-1.8158,0.442,-0.8697,2.2489,2880.0
Anomalia,0.0443,1.5597,4.9567,-5.0552,1.5603,0.0656,2.828,2880.0
Anomalia,-0.0153,1.8188,4.9567,-5.0552,1.8188,0.0637,0.8876,3360.0
Anomalia,0.0309,2.0381,4.9567,-5.0552,2.0384,0.0559,-0.165,3360.0
Anomalia,0.0285,2.0798,4.9567,-5.0552,2.08,0.0592,-0.3733,3360.0
Anomalia,-0.0323,1.464,3.9112,-3.8416,1.4644,0.1502,0.2604,3360.0
Anomalia,0.0355,1.1081,3.9112,-3.2473,1.1086,0.354,1.5569,3360.0
Anomalia,-0.0076,0.6308,1.598,-1.4406,0.6308,-0.0186,-0.0429,2880.0
Anomalia,0.0308,0.4118,1.3568,-0.901,0.413,0.1639,0.0578,2880.0
Anomalia,0.0105,0.3749,0.8021,-1.4206,0.375,-0.7226,1.3402,2880.0
Anomalia,0.021,0.9387,3.0344,-2.8533,0.9389,0.0125,2.4468,2880.0
Anomalia,-0.0055,1.0688,3.0344,-2.8533,1.0688,0.037,0.8052,3360.0
Anomalia,0.0075,1.1405,3.0344,-2.8533,1.1405,0.0322,0.0903,3360.0
Anomalia,0.0167,1.1452,3.0344,-2.8533,1.1453,0.0327,0.0153,3360.0
Anomalia,0.013,0.7529,2.075,-1.9919,0.753,-0.01,0.2299,3360.0
Anomalia,0.0285,0.5304,1.7357,-1.5095,0.5311,0.2156,0.704,3360.0
Anomalia,0.0132,0.3613,0.7191,-0.7328,0.3615,0.0232,-0.9152,3600.0
Anomalia,0.0119,0.2939,0.7191,-0.5421,0.2941,0.2285,-0.7628,2880.0
Anomalia,0.007,0.305,0.8292,-1.5646,0.3051,-0.4779,2.9733,3600.0
Anomalia,-0.0,1.0219,3.3775,-3.1041,1.0219,0.1706,2.8713,3120.0
Anomalia,0.0241,1.1752,3.3775,-3.1041,1.1755,0.1387,1.0043,3360.0
Anomalia,0.0288,1.2894,3.3775,-3.1041,1.2897,0.0644,0.08,3360.0
Anomalia,0.0177,1.3107,3.3775,-3.1041,1.3108,0.0917,-0.1089,3360.0
Anomalia,0.028,0.8898,2.5507,-2.378,0.8902,0.0481,0.5202,3360.0
Anomalia,0.0005,0.6683,2.214,-2.378,0.6683,-0.1551,1.7602,3360.0
Anomalia,0.0086,0.3968,1.0141,-0.9603,0.3969,-0.063,0.0764,2880.0
Anomalia,0.0163,0.2732,0.8292,-0.9444,0.2737,-0.1908,1.1235,2880.0
Anomalia,0.0279,0.2161,0.6043,-0.6752,0.2179,0.0662,0.059,2880.0
Anomalia,-0.02,1.2302,4.1412,-3.9751,1.2303,0.075,3.5975,3360.0
Anomalia,0.0408,1.3991,4.1412,-3.9751,1.3997,0.062,1.4076,3360.0
Anomalia,-0.0075,1.6069,4.1412,-3.9751,1.6069,0.0673,0.0118,3360.0
Anomalia,0.013,1.6557,4.1412,-3.9751,1.6558,0.0353,-0.3062,3360.0
Anomalia,0.0484,1.1554,2.9026,-2.9589,1.1564,0.0127,-0.0776,3360.0
Anomalia,-0.0119,0.9511,2.9026,-2.9589,0.9512,-0.133,1.1428,3360.0
Anomalia,0.0275,0.5317,1.3597,-1.2061,0.5324,0.1163,0.2022,3360.0
Anomalia,-0.001,0.379,1.1677,-1.2061,0.379,-0.0996,0.9304,2880.0
Anomalia,-0.0031,0.3264,0.568,-1.8317,0.3264,-1.3114,5.4649,2880.0
Anomalia,-0.0082,1.3781,4.7217,-4.6549,1.3781,0.1102,3.6505,2880.0
Anomalia,0.0113,1.5973,4.7217,-4.6549,1.5974,0.0666,1.2182,3360.0
Anomalia,0.0234,1.7216,4.7217,-4.6549,1.7217,0.0472,0.3154,3360.0
Anomalia,0.0221,1.7475,4.7217,-4.6549,1.7476,0.0552,0.1253,3360.0
Anomalia,0.0383,1.1307,3.0899,-2.9096,1.1314,0.0473,0.2342,3360.0
Anomalia,0.0162,0.8037,2.7298,-2.7769,0.8038,0.1216,1.3514,3360.0
Anomalia,0.0012,0.4808,1.1422,-1.07,0.4808,0.0301,-0.3853,3600.0
Anomalia,0.0141,0.3231,0.8593,-0.7938,0.3234,0.0344,-0.2489,2880.0
Anomalia,0.015,0.2745,0.6907,-0.7938,0.2749,-0.0913,0.1785,2880.0
Anomalia,-0.0002,0.9256,3.0778,-2.9297,0.9256,0.1247,3.093,2880.0
Anomalia,0.0391,1.0386,3.0778,-2.9297,1.0394,0.0824,1.3311,3360.0
Anomalia,0.0112,1.1665,3.0778,-2.9297,1.1666,0.0528,0.1559,3360.0
Anomalia,0.0087,1.1916,3.0778,-2.9297,1.1917,0.0542,-0.0877,3360.0
Anomalia,0.0361,0.7948,2.1526,-2.1968,0.7957,-0.0648,0.5499,3360.0
Anomalia,-0.0052,0.6337,2.0554,-2.1968,0.6337,-0.319,2.0943,3360.0
Anomalia,0.0136,0.3636,0.795,-0.8772,0.3638,-0.0605,-0.6519,3600.0
Anomalia,0.0072,0.2762,0.5763,-0.6544,0.2763,-0.092,-0.7516,2880.0
Anomalia,0.0211,0.2583,0.709,-0.5363,0.2592,0.0319,-0.5291,2880.0
Anomalia,0.0298,1.2381,4.3866,-4.0415,1.2384,0.1828,3.894,2880.0
Anomalia,0.0475,1.4605,4.3866,-4.0415,1.4613,0.1014,1.3531,3360.0
Anomalia,0.0141,1.6054,4.3866,-4.0415,1.6055,0.0885,0.264,3360.0
Anomalia,0.0073,1.6376,4.3866,-4.0415,1.6376,0.0978,0.0282,3360.0
Anomalia,0.0006,1.1238,3.1843,-2.9284,1.1238,0.0018,0.5107,3360.0
Anomalia,-0.0223,0.8175,2.5395,-2.7878,0.8178,-0.1685,1.3553,3360.0
Anomalia,0.026,0.4938,1.1589,-1.1051,0.4945,-0.0491,-0.4914,3600.0
Anomalia,0.0067,0.3696,1.0675,-1.1051,0.3696,-0.1604,0.3105,2880.0
Anomalia,0.0152,0.2756,0.6206,-0.6464,0.276,-0.1121,-0.2717,2880.0
Anomalia,0.0556,1.3944,4.9083,-4.9608,1.3955,0.1797,4.7551,2880.0
Anomalia,0.0108,1.6811,4.9083,-4.9608,1.6811,0.079,1.5608,3360.0
Anomalia,0.0173,1.9833,4.9083,-4.9608,1.9833,0.0388,-0.0339,3360.0
Anomalia,0.0125,2.0436,4.9083,-4.9608,2.0437,0.0413,-0.3468,3360.0
Anomalia,-0.019,1.5401,3.8086,-3.7752,1.5402,-0.0463,0.0082,3360.0
Anomalia,0.0059,1.2261,3.8086,-3.7752,1.2261,0.0044,1.4109,3360.0
Anomalia,0.0112,0.6305,1.4765,-1.6455,0.6306,-0.064,0.1403,3600.0
Anomalia,0.0032,0.4085,1.2211,-1.3509,0.4085,-0.1443,1.107,2880.0
Anomalia,0.015,0.2951,0.7888,-0.6861,0.2955,-0.0255,-0.4561,2880.0
Anomalia,0.014,0.9578,3.4547,-3.12,0.9579,0.1575,3.7204,2880.0
Anomalia,0.0287,1.1277,3.4547,-3.12,1.128,0.0953,1.0787,3360.0
Anomalia,0.0095,1.2153,3.4547,-3.12,1.2153,0.0664,0.2456,3360.0
Anomalia,0.0097,1.2413,3.4547,-3.12,1.2413,0.0619,-0.003,3360.0
Anomalia,0.0071,0.8317,2.1547,-2.0725,0.8317,-0.0454,0.0664,3360.0
Anomalia,-0.0194,0.5806,1.7428,-2.0725,0.5809,-0.3214,1.4702,3360.0
Anomalia,0.022,0.3844,0.8989,-0.8747,0.385,0.0122,-0.6142,3600.0
Anomalia,0.0111,0.2968,0.7466,-0.5918,0.297,0.0935,-0.6339,2880.0
Anomalia,0.0298,0.2759,0.7466,-0.5818,0.2775,0.1462,-0.2873,2880.0
Anomalia,0.0593,1.2165,4.2222,-4.1971,1.218,0.1885,4.2183,2880.0
Anomalia,-0.0015,1.4322,4.2222,-4.1971,1.4322,0.0604,1.6066,3360.0
Anomalia,0.0068,1.6446,4.2222,-4.1971,1.6446,0.0463,0.1774,3360.0
Anomalia,0.0017,1.6924,4.2222,-4.1971,1.6924,0.053,-0.145,3360.0
Anomalia,-0.0227,1.225,3.0486,-3.2373,1.2252,-0.115,0.3429,3360.0
Anomalia,0.0236,0.9677,3.0436,-3.1417,0.968,0.052,1.6587,3360.0
Anomalia,0.0173,0.55,1.2825,-1.214,0.5503,0.041,-0.4922,3600.0
Anomalia,0.0055,0.3905,1.0863,-0.901,0.3905,0.0872,-0.4777,2880.0
Anomalia,0.0021,0.318,0.7241,-0.7237,0.318,0.0011,-0.4307,2880.0
Anomalia,-0.0032,1.2538,4.7643,-4.5452,1.2538,0.0495,5.15,3120.0
Anomalia,-0.0211,1.4885,4.7643,-4.5452,1.4887,0.1591,2.2153,3360.0
Anomalia,0.0264,1.729,4.7643,-4.5452,1.7292,0.0919,0.3534,3360.0
Anomalia,0.005,1.7733,4.7643,-4.5452,1.7733,0.1139,0.0529,3360.0
Anomalia,0.0215,1.3251,4.2714,-3.0979,1.3253,0.2174,0.2895,3360.0
Anomalia,0.0356,1.045,3.014,-2.9693,1.0456,0.175,0.9585,3360.0
Anomalia,-0.0028,0.5687,1.5274,-1.4056,0.5687,-0.0378,-0.1658,3360.0
Anomalia,0.022,0.4373,1.2236,-1.2441,0.4378,0.1087,0.4964,2880.0
Anomalia,0.0187,0.2982,0.7086,-0.6039,0.2988,-0.0239,-0.68,2880.0
Anomalia,-0.0217,1.2588,5.0535,-4.8569,1.2589,-0.1471,5.9609,2880.0
Anomalia,0.001,1.5994,5.0535,-4.8569,1.5994,0.118,2.0258,3360.0
Anomalia,0.0146,1.8958,5.0535,-4.8569,1.8959,0.0882,0.1833,3360.0
Anomalia,-0.0015,1.9456,5.0535,-4.8569,1.9456,0.1057,-0.105,3360.0
Anomalia,0.0507,1.5451,4.7313,-3.6187,1.5459,0.2221,0.3134,3360.0
Anomalia,0.0226,1.2088,3.5106,-3.6187,1.209,0.1116,1.0877,3360.0
Anomalia,0.0142,0.6384,1.7503,-1.6297,0.6386,0.0362,-0.134,3600.0
Anomalia,0.0182,0.4542,1.3313,-1.2904,0.4546,0.1338,0.7064,2880.0
Anomalia,0.0084,0.3116,0.9398,-0.8693,0.3117,0.0049,0.8768,2880.0
Anomalia,0.0073,0.4276,1.5375,-1.502,0.4276,-0.101,3.5241,2880.0
Anomalia,-0.0005,0.5278,1.5375,-1.502,0.5278,-0.0287,0.9932,3600.0
Anomalia,0.018,0.5949,1.5375,-1.502,0.5951,-0.0285,0.039,3360.0
Anomalia,0.0147,0.6042,1.5375,-1.502,0.6044,-0.01,-0.1303,3360.0
Anomalia,0.0136,0.4739,1.2357,-1.1994,0.4741,0.0867,0.3276,3360.0
Anomalia,0.0194,0.3595,1.2203,-1.1034,0.3601,0.2508,1.5272,3360.0
Anomalia,0.0058,0.2388,0.4845,-0.4353,0.2389,0.0458,-1.1091,3360.0
Anomalia,0.0092,0.2183,0.4557,-0.4148,0.2185,0.1314,-0.9395,2880.0
Anomalia,0.0211,0.2014,0.4557,-0.4052,0.2025,0.1051,-0.9608,3360.0
Anomalia,-0.0254,1.1152,4.3344,-4.1884,1.1154,-0.2175,5.7108,2880.0
Anomalia,-0.0044,1.3779,4.3344,-4.1884,1.3779,0.0007,2.0683,3360.0
Anomalia,0.0162,1.5929,4.3344,-4.1884,1.593,0.0154,0.3502,3360.0
Anomalia,0.0012,1.6386,4.3344,-4.1884,1.6386,0.0379,0.0128,3360.0
Anomalia,0.0539,1.2458,3.7472,-2.8687,1.247,0.1813,0.3971,3360.0
Anomalia,0.0364,0.9536,2.9597,-2.8504,0.9543,0.1496,1.2294,3360.0
Anomalia,-0.0022,0.547,1.3117,-1.1836,0.547,0.0908,-0.4488,3600.0
Anomalia,0.0185,0.4022,1.3117,-0.9603,0.4026,0.2364,0.2884,2880.0
Anomalia,0.0062,0.2876,0.6235,-0.6464,0.2877,-0.1408,-0.5661,2880.0
Anomalia,-0.0244,1.124,4.5302,-4.3486,1.1242,-0.0817,6.3867,3120.0
Anomalia,0.0507,1.4451,4.5302,-4.3486,1.446,0.0985,2.2496,3360.0
Anomalia,0.0032,1.7691,4.5302,-4.3486,1.7691,0.1024,0.0954,3360.0
Anomalia,0.0306,1.8233,4.5302,-4.3486,1.8236,0.0566,-0.2369,3360.0
Anomalia,0.0428,1.491,4.3286,-3.4438,1.4916,0.1686,0.1508,3360.0
Anomalia,-0.0165,1.1796,3.4384,-3.4217,1.1797,0.0594,0.9802,3360.0
Anomalia,0.0281,0.592,1.666,-1.3684,0.5926,0.0733,-0.0966,3600.0
Anomalia,-0.0022,0.4201,1.0417,-1.068,0.4201,-0.0844,-0.0628,2880.0
Anomalia,0.0198,0.2977,0.7529,-0.6018,0.2983,-0.0242,-0.6936,2880.0
Anomalia,-0.0147,1.0029,4.0135,-3.7193,1.003,-0.1355,6.037,2880.0
Anomalia,0.0338,1.2451,4.0135,-3.7193,1.2455,0.0848,1.9971,3360.0
Anomalia,0.0078,1.4611,4.0135,-3.7193,1.4611,0.0772,0.2597,3360.0
Anomalia,0.0181,1.4971,4.0135,-3.7193,1.4972,0.0532,-0.0258,3360.0
Anomalia,0.0469,1.1709,3.3741,-2.6183,1.1718,0.1801,0.0838,3360.0
Anomalia,-0.0111,0.9169,2.8583,-2.6183,0.917,0.0113,1.2198,3360.0
Anomalia,0.016,0.5022,1.0721,-1.2086,0.5024,-0.0077,-0.5039,3600.0
Anomalia,-0.0018,0.3736,1.0304,-0.9962,0.3736,-0.0112,0.236,2880.0
Anomalia,0.0074,0.2534,0.6544,-0.5467,0.2535,-0.0378,-0.3429,2880.0
Anomalia,0.0005,0.9259,3.6696,-3.7222,0.9259,-0.0865,6.3918,2880.0
Anomalia,0.0471,1.2089,3.6696,-3.7222,1.2098,-0.0412,2.3557,3360.0
Anomalia,0.0178,1.4736,3.6696,-3.7222,1.4737,-0.0058,0.1794,3360.0
Anomalia,0.0189,1.5103,3.6696,-3.7222,1.5104,-0.0108,-0.1023,3360.0
Anomalia,0.0188,1.2446,3.5966,-3.5043,1.2447,0.0377,0.4336,3360.0
Anomalia,-0.0228,0.9751,2.7861,-2.8671,0.9754,0.0279,1.0993,3360.0
Anomalia,0.0091,0.502,1.174,-1.1539,0.5021,-0.0632,-0.4753,3360.0
Anomalia,0.0194,0.3899,1.174,-1.0717,0.3904,-0.033,0.2685,2880.0
Anomalia,0.0164,0.2629,0.5421,-0.5734,0.2634,0.092,-0.9574,2880.0
Anomalia,0.0233,0.9875,4.2188,-3.8996,0.9877,0.2516,6.8896,2880.0
Anomalia,0.038,1.2998,4.2188,-4.0118,1.3004,0.0596,2.4221,2880.0
Anomalia,-0.0012,1.5472,4.2188,-4.0118,1.5472,0.0718,0.3638,3360.0
Anomalia,0.0219,1.5907,4.2188,-4.0118,1.5908,0.0277,0.028,3360.0
Anomalia,0.0193,1.3081,3.6496,-4.0118,1.3083,-0.0524,0.4435,3360.0
Anomalia,-0.0007,1.0042,2.951,-2.8541,1.0042,-0.0294,0.9328,3360.0
Anomalia,0.0201,0.5605,1.2937,-1.1556,0.5609,0.0689,-0.5744,3360.0
Anomalia,0.0101,0.4556,1.282,-1.1264,0.4557,0.0371,-0.1946,2880.0
Anomalia,-0.0003,0.3372,0.6594,-0.7566,0.3372,0.0032,-0.9813,2880.0
Anomalia,0.0475,1.1069,5.2375,-4.0252,1.108,0.8823,7.7879,2880.0
Anomalia,0.0193,1.6639,5.2375,-5.2413,1.664,0.1113,2.2836,3360.0
Anomalia,0.0356,2.0276,5.2375,-5.2413,2.0279,0.0694,0.1485,3360.0
Anomalia,0.0214,2.0908,5.2375,-5.2413,2.0909,0.0728,-0.1824,3360.0
Anomalia,-0.0176,1.8357,5.0489,-5.2413,1.8357,-0.0391,0.3138,3360.0
Anomalia,0.0091,1.361,3.8866,-3.7652,1.361,0.0903,0.9504,3360.0
Anomalia,-0.0043,0.7023,1.8563,-2.0595,0.7023,-0.1635,0.1554,3600.0
Anomalia,0.0147,0.4832,1.3885,-1.3292,0.4834,-0.0243,0.3654,2880.0
Anomalia,0.0087,0.318,0.7629,-0.765,0.3181,-0.0664,-0.642,2880.0
Anomalia,0.0455,0.6592,2.8454,-2.5219,0.6607,0.5364,6.2876,2880.0
Anomalia,-0.0051,0.8944,2.8454,-2.6809,0.8944,0.0606,2.0657,3360.0
Anomalia,0.0192,1.0987,2.8454,-2.6809,1.0988,0.0017,0.0269,3360.0
Anomalia,-0.0004,1.1335,2.8454,-2.6809,1.1335,0.0421,-0.2971,3360.0
Anomalia,-0.0112,0.9828,2.413,-2.6809,0.9828,-0.112,-0.1032,3360.0
Anomalia,0.0287,0.7732,2.1564,-2.0211,0.7737,-0.0247,0.5045,3360.0
Anomalia,0.0086,0.4271,0.8693,-1.0008,0.4271,-0.0405,-0.6091,3360.0
Anomalia,0.0217,0.3536,0.8447,-0.7458,0.3543,0.2052,-0.5672,2880.0
Anomalia,0.0032,0.2908,0.7637,-0.5384,0.2908,0.1876,-0.6508,2880.0
Anomalia,-0.001,0.5851,2.3567,-2.3371,0.5851,-0.1371,5.1122,3600.0
Anomalia,0.0078,0.8893,2.7824,-2.5115,0.8894,0.144,1.9218,3360.0
Anomalia,0.019,1.06,2.7824,-2.5115,1.0601,0.0665,0.1668,3360.0
Anomalia,0.0217,1.0805,2.7824,-2.5115,1.0807,0.0559,-0.0489,3360.0
Anomalia,0.0238,0.9634,2.7824,-2.5115,0.9637,0.1292,0.5866,3360.0
Anomalia,0.0097,0.6945,2.0708,-1.9565,0.6946,0.0555,1.1731,3360.0
Anomalia,0.0145,0.352,0.891,-0.8547,0.3523,0.0062,-0.3902,3360.0
Anomalia,0.0122,0.2466,0.6581,-0.5509,0.2469,0.0238,-0.1149,2880.0
Anomalia,0.0243,0.197,0.5108,-0.3931,0.1985,0.0106,-0.6177,3360.0
Anomalia,-0.0139,0.6367,2.587,-3.3566,0.6368,-1.3472,11.6237,3360.0
Anomalia,0.0149,1.2007,3.8253,-3.8295,1.2008,-0.0278,2.775,3360.0
Anomalia,-0.0055,1.4363,3.8253,-3.8295,1.4363,0.0243,0.4657,3360.0
Anomalia,0.0118,1.4941,3.8253,-3.8295,1.4942,0.0072,0.0136,3360.0
Anomalia,0.0498,1.4017,3.8253,-3.8295,1.4026,0.0694,0.2689,3360.0
Anomalia,0.01,0.9789,2.6672,-2.6839,0.979,0.0837,0.392,3360.0
Anomalia,0.0321,0.584,1.8258,-1.3839,0.5849,0.2669,0.105,3360.0
Anomalia,0.0031,0.4154,1.1326,-0.9528,0.4154,0.2488,0.2784,2880.0
Anomalia,0.0167,0.2714,0.7587,-0.5776,0.2719,0.1314,-0.39,2880.0
Anomalia,0.0239,0.9013,4.7835,-3.9096,0.9016,0.4104,10.6274,2880.0
Anomalia,-0.0033,1.4303,4.7835,-4.6679,1.4303,0.1168,2.9197,3360.0
Anomalia,0.0289,1.7381,4.7835,-4.6679,1.7383,0.0559,0.4342,3360.0
Anomalia,0.0028,1.7973,4.7835,-4.6679,1.7973,0.0895,0.039,3360.0
Anomalia,0.007,1.6049,4.7806,-4.6679,1.6049,0.0379,0.4362,3360.0
Anomalia,0.0252,1.1701,3.4155,-3.1705,1.1703,0.0895,0.7581,3360.0
Anomalia,0.0029,0.6293,1.7453,-1.4698,0.6293,0.0462,-0.1605,3600.0
Anomalia,0.0253,0.4438,1.1748,-1.1489,0.4445,0.0897,0.0342,2880.0
Anomalia,0.0191,0.2987,0.7095,-0.699,0.2994,-0.0626,-0.6253,2880.0
Anomalia,-0.0155,0.6031,2.3775,-2.8408,0.6033,-0.9333,7.5988,3120.0
Anomalia,0.0245,1.0508,3.2731,-3.1713,1.0511,0.0151,2.3164,3120.0
Anomalia,-0.0135,1.2641,3.2731,-3.1713,1.2642,0.0555,0.279,3360.0
Anomalia,0.0292,1.3103,3.2731,-3.1713,1.3106,-0.014,-0.1166,3360.0
Anomalia,0.0486,1.2226,3.2731,-3.1713,1.2236,0.0606,0.1811,3360.0
Anomalia,0.0113,0.8717,2.3262,-2.4318,0.8718,-0.0244,0.6021,3360.0
Anomalia,0.0359,0.4986,1.522,-1.0467,0.4999,0.2467,0.0556,3360.0
Anomalia,-0.0081,0.3755,0.8576,-1.0045,0.3756,-0.1598,0.0788,2880.0
Anomalia,0.0116,0.2555,0.6206,-0.5496,0.2558,0.0861,-0.7052,2880.0
Anomalia,-0.0125,0.6113,2.6,-3.0557,0.6115,-0.9231,9.8748,2880.0
Anomalia,0.0347,1.0717,3.612,-3.2948,1.0723,0.0825,2.9749,2880.0
Anomalia,0.0245,1.319,3.612,-3.2948,1.3192,0.0697,0.4367,3360.0
Anomalia,0.0266,1.3574,3.612,-3.2948,1.3577,0.0539,0.0886,3360.0
Anomalia,0.0377,1.2684,3.612,-3.2948,1.2689,0.1626,0.3616,3360.0
Anomalia,-0.0004,0.9199,2.6672,-2.5816,0.9199,0.0924,0.7315,3360.0
Anomalia,0.0084,0.5005,1.0458,-1.1447,0.5006,-0.0449,-0.5866,3360.0
Anomalia,0.0179,0.3931,1.0458,-0.9511,0.3935,0.0115,-0.1471,2880.0
Anomalia,0.0115,0.2735,0.6485,-0.5705,0.2737,-0.002,-0.8239,2880.0
Anomalia,0.0318,0.5961,3.044,-3.044,0.5969,0.5808,11.1635,2880.0
Anomalia,-0.0001,1.4836,4.5122,-4.8427,1.4836,-0.0015,2.5914,3360.0
Anomalia,0.0185,1.8081,4.5122,-4.8427,1.8082,0.0432,0.3895,3360.0
Anomalia,0.0224,1.9493,4.5122,-4.8427,1.9494,0.0154,-0.3199,3360.0
Anomalia,-0.0002,1.9242,4.5122,-4.8427,1.9242,0.0329,-0.2878,3360.0
Anomalia,0.0397,1.3709,3.6942,-3.6396,1.3715,0.0687,0.3589,3360.0
Anomalia,0.0085,0.9034,2.7957,-3.1333,0.9034,-0.0897,1.1269,3360.0
Anomalia,0.0113,0.5413,1.4135,-1.3325,0.5414,0.0781,0.3671,2880.0
Anomalia,0.0144,0.3125,0.7812,-0.8726,0.3128,0.0165,-0.6029,2880.0
Anomalia,-0.0304,0.6462,2.6025,-3.153,0.6469,-0.8014,9.0015,2880.0
Anomalia,0.0267,1.0792,3.7155,-3.3871,1.0795,0.0823,2.7999,3360.0
Anomalia,0.0103,1.2817,3.7155,-3.3871,1.2818,0.0743,0.5071,3360.0
Anomalia,0.0256,1.3204,3.7155,-3.3871,1.3206,0.0393,0.1364,3360.0
Anomalia,0.0459,1.2131,3.7155,-3.3871,1.2139,0.1522,0.4266,3360.0
Anomalia,-0.0049,0.8504,2.3279,-2.1626,0.8504,0.0613,0.3034,3360.0
Anomalia,0.0169,0.4892,1.0504,-0.9586,0.4895,0.036,-0.635,3600.0
Anomalia,-0.0013,0.4078,1.0049,-0.9357,0.4078,0.0606,-0.5195,2880.0
Anomalia,0.0222,0.2867,0.699,-0.5713,0.2876,0.0871,-0.5332,2880.0
Anomalia,0.0156,0.5343,2.3567,-2.6075,0.5346,-0.1651,7.5047,2880.0
Anomalia,0.0218,1.1388,3.6408,-3.4856,1.1391,0.1095,2.6149,3120.0
Anomalia,0.0238,1.3774,3.6408,-3.4856,1.3776,0.0663,0.4897,3360.0
Anomalia,0.0165,1.4437,3.6408,-3.4856,1.4437,0.0625,-0.0372,3360.0
Anomalia,0.0233,1.4041,3.6408,-3.4856,1.4043,0.0628,0.1135,3360.0
Anomalia,0.023,0.9836,2.7748,-2.792,0.9839,-0.012,0.7584,3360.0
Anomalia,0.0104,0.5813,1.54,-1.8793,0.5814,-0.1246,0.4037,3360.0
Anomalia,0.0049,0.4083,1.0283,-1.1176,0.4083,0.0076,0.272,2880.0
Anomalia,-0.0008,0.2381,0.6043,-0.5225,0.2381,0.0043,-0.374,2880.0
Anomalia,0.0183,0.4277,2.6121,-1.6059,0.4281,1.6979,14.3911,3120.0
Anomalia,0.0236,1.1325,3.6884,-3.5699,1.1327,0.0526,2.8861,3120.0
Anomalia,0.0294,1.3043,3.6884,-3.5699,1.3046,0.0439,0.9233,3360.0
Anomalia,0.0231,1.3867,3.6884,-3.5699,1.3869,0.0381,0.1764,3360.0
Anomalia,-0.0035,1.3697,3.6884,-3.5699,1.3697,0.0395,0.1934,3360.0
Anomalia,0.0076,0.8918,2.4773,-2.3922,0.8918,0.0591,0.3874,3360.0
Anomalia,-0.0052,0.6065,1.7403,-1.8171,0.6065,-0.0661,0.4047,3360.0
Anomalia,0.0223,0.4073,0.8898,-0.9857,0.4079,-0.2011,-0.1091,3600.0
Anomalia,0.0193,0.2893,0.6318,-0.7295,0.2899,-0.0626,-0.5298,2880.0
Anomalia,-0.0019,0.419,2.4702,-1.8893,0.419,-0.0102,9.7483,3600.0
Anomalia,0.0416,1.4994,5.018,-5.0047,1.5,0.0787,3.2499,3360.0
Anomalia,-0.0102,1.7783,5.018,-5.0047,1.7783,0.0905,0.8827,3360.0
Anomalia,0.0134,1.9216,5.018,-5.0047,1.9216,0.0707,0.0396,3360.0
Anomalia,0.0273,1.9314,5.018,-5.0047,1.9316,0.049,-0.0394,3360.0
Anomalia,-0.0146,1.3015,3.6291,-3.5473,1.3016,0.0838,0.4899,3360.0
Anomalia,0.0249,0.8873,3.3291,-2.6451,0.8877,0.2655,1.5772,3360.0
Anomalia,0.0073,0.4927,1.2946,-1.2366,0.4927,0.0393,0.236,2880.0
Anomalia,0.0125,0.3292,0.9974,-0.752,0.3295,0.0572,-0.0298,2880.0
Anomalia,0.0242,0.2813,0.8259,-0.7082,0.2824,0.1263,0.1598,2880.0
Anomalia,0.0235,0.4524,1.3396,-1.3221,0.453,0.0023,1.2575,3360.0
Anomalia,0.017,0.5324,1.3396,-1.3221,0.5327,-0.0146,-0.1121,3360.0
Anomalia,0.0161,0.5327,1.3396,-1.3221,0.533,-0.0083,-0.1039,3360.0
Anomalia,0.0048,0.5254,1.3396,-1.3221,0.5254,0.0383,0.0079,3360.0
Anomalia,0.0029,0.3715,1.0225,-0.9657,0.3715,-0.0618,0.3053,3360.0
Anomalia,0.0128,0.2657,0.6757,-0.6126,0.266,-0.0772,-0.7216,3360.0
Anomalia,0.0131,0.2591,0.5112,-0.5263,0.2595,-0.0762,-0.8843,3360.0
Anomalia,0.0249,0.2685,0.5112,-0.5263,0.2697,-0.0719,-1.0597,3360.0
Anomalia,0.0211,0.393,2.2123,-1.6001,0.3936,0.2058,7.2535,3600.0
Anomalia,0.0197,1.1478,3.6892,-3.7122,1.1479,-0.0256,3.0683,3120.0
Anomalia,-0.0042,1.3621,3.6892,-3.7122,1.3621,0.0077,0.8158,3360.0
Anomalia,0.0086,1.4311,3.6892,-3.7122,1.4311,0.0153,0.2443,3360.0
Anomalia,0.0165,1.4305,3.6892,-3.7122,1.4306,-0.004,0.2063,3360.0
Anomalia,0.008,0.9444,2.7657,-2.59,0.9444,0.0608,0.9532,3360.0
Anomalia,0.0269,0.5993,2.2736,-1.6359,0.5999,0.4119,1.1579,3600.0
Anomalia,0.0138,0.4154,0.9557,-0.8418,0.4156,0.1135,-0.5395,2880.0
Anomalia,0.0115,0.2879,0.7658,-0.5563,0.2882,0.0985,-0.4121,2880.0
Anomalia,-0.0105,0.3489,0.7658,-1.7077,0.349,-1.5104,5.7873,2880.0
Anomalia,0.03,1.2892,4.2439,-4.0765,1.2896,0.1455,3.0413,3120.0
Anomalia,-0.0257,1.5054,4.2439,-4.0765,1.5056,0.0766,0.9555,3360.0
Anomalia,0.0288,1.6897,4.2439,-4.0765,1.69,0.0361,-0.138,3360.0
Anomalia,0.0293,1.7172,4.2439,-4.0765,1.7174,0.0421,-0.3135,3360.0
Anomalia,-0.0102,1.1921,3.1964,-3.3024,1.1921,-0.0094,0.3672,3360.0
Anomalia,0.0546,0.9062,3.1964,-2.822,0.9078,0.2524,1.7382,3360.0
Anomalia,-0.0071,0.5025,1.2048,-1.2528,0.5025,-0.0583,-0.0939,3600.0
Anomalia,0.0247,0.3304,0.8238,-0.7445,0.3313,0.031,-0.3965,2880.0
Anomalia,0.0076,0.3498,0.813,-1.6222,0.3499,-1.3701,4.9046,2880.0
Anomalia,0.0157,1.1466,3.9359,-3.7443,1.1467,0.0086,3.3094,2880.0
Anomalia,-0.0085,1.3684,3.9359,-3.7443,1.3684,0.0224,0.8403,3360.0
Anomalia,0.0258,1.458,3.9359,-3.7443,1.4582,-0.0055,0.1028,3360.0
Anomalia,0.0238,1.4677,3.9359,-3.7443,1.4679,0.0152,0.0074,3360.0
Anomalia,0.0123,0.9799,2.8283,-2.5353,0.98,0.0338,0.438,3360.0
Anomalia,0.0413,0.6251,2.1655,-1.5988,0.6265,0.3485,0.9132,3360.0
Anomalia,-0.0019,0.3954,0.8372,-0.9369,0.3954,-0.0795,-0.6907,3600.0
Anomalia,0.0107,0.2797,0.6527,-0.6001,0.2799,0.0643,-0.533,2880.0
Anomalia,-0.0025,0.3508,0.9227,-1.9377,0.3508,-1.9197,9.4048,3600.0
Anomalia,-0.013,1.3298,4.2184,-4.2739,1.3299,0.0276,3.2643,2880.0
Anomalia,0.0056,1.5576,4.2184,-4.2739,1.5577,-0.0243,1.0998,3360.0
Anomalia,0.0357,1.728,4.2184,-4.2739,1.7283,-0.028,0.0416,3360.0
Anomalia,0.0223,1.7644,4.2184,-4.2739,1.7645,0.0065,-0.196,3360.0
Anomalia,0.0337,1.2218,3.2819,-3.3378,1.2222,0.0091,0.4947,3360.0
Anomalia,0.0227,0.917,3.2147,-2.8412,0.9173,0.2122,1.5816,3360.0
Anomalia,0.0007,0.546,1.3672,-1.4089,0.546,-0.0305,0.0873,2880.0
Anomalia,0.0258,0.3407,0.8614,-0.7445,0.3417,0.0984,-0.7241,2880.0
Anomalia,-0.001,0.3739,0.7892,-1.81,0.374,-1.2648,4.5186,2880.0
Anomalia,-0.007,1.2287,4.1341,-3.9864,1.2287,0.0886,3.3346,2880.0
Anomalia,0.0139,1.44,4.1341,-3.9864,1.4401,0.0287,1.1069,3360.0
Anomalia,0.008,1.5891,4.1341,-3.9864,1.5891,0.0342,0.0711,3360.0
Anomalia,0.0382,1.6216,4.1341,-3.9864,1.6221,-0.0018,-0.1635,3360.0
Anomalia,0.036,1.144,2.9923,-2.9718,1.1445,-0.0326,0.1603,3360.0
Anomalia,0.0281,0.8586,2.7431,-2.9468,0.8591,-0.0116,1.0113,3360.0
Anomalia,-0.0011,0.5761,1.31,-1.2862,0.5761,0.081,-0.4234,3360.0
Anomalia,0.0047,0.4386,1.267,-1.199,0.4387,-0.0595,0.0494,2880.0
Anomalia,0.0256,0.3505,0.7817,-0.8651,0.3515,-0.2803,-0.3866,2880.0
Anomalia,-0.0385,1.5111,4.9821,-5.1628,1.5116,0.0757,3.5083,2880.0
Anomalia,0.0571,1.7358,4.9821,-5.1628,1.7368,0.0402,1.2969,3360.0
Anomalia,0.0163,1.979,4.9821,-5.1628,1.9791,0.045,0.01,3360.0
Anomalia,0.0063,2.0278,4.9821,-5.1628,2.0278,0.0576,-0.2524,3360.0
Anomalia,0.0637,1.4127,3.6258,-3.683,1.4142,0.0622,0.1495,3360.0
Anomalia,-0.0095,1.1156,3.6258,-3.683,1.1156,-0.0945,1.7887,3360.0
Anomalia,0.0138,0.5938,1.4369,-1.3129,0.594,0.011,-0.2298,3600.0
Anomalia,0.0124,0.3833,1.0321,-1.2386,0.3835,-0.1373,0.1405,2880.0
Anomalia,0.0138,0.3103,0.7257,-0.8451,0.3106,-0.177,-0.103,2880.0
Anomalia,0.0064,0.9009,2.9773,-2.9543,0.9009,0.0112,3.2237,2880.0
Anomalia,0.0405,1.0439,2.9773,-2.9543,1.0447,-0.0044,1.1017,3360.0
Anomalia,0.0122,1.1551,2.9773,-2.9543,1.1551,0.0064,0.0402,3360.0
Anomalia,0.0127,1.1787,2.9773,-2.9543,1.1787,0.0037,-0.1825,3360.0
Anomalia,0.0333,0.8282,2.1889,-2.032,0.8289,-0.0458,-0.0824,3360.0
Anomalia,-0.014,0.6168,1.8104,-2.032,0.6169,-0.2054,1.016,3360.0
Anomalia,0.019,0.4007,0.8317,-0.8681,0.4012,-0.0192,-0.7226,3360.0
Anomalia,0.0037,0.3405,0.8317,-0.8681,0.3405,0.0402,-0.3435,2880.0
Anomalia,0.0023,0.2753,0.6185,-0.6899,0.2753,0.1211,-0.4876,3360.0
Anomalia,0.0405,0.7132,2.2991,-2.1113,0.7143,0.0948,2.4729,3120.0
Anomalia,0.0156,0.8043,2.2991,-2.1113,0.8045,0.0204,0.998,2880.0
Anomalia,0.0219,0.8832,2.2991,-2.1113,0.8835,-0.0204,0.1642,3360.0
Anomalia,0.0138,0.8894,2.2991,-2.1113,0.8895,0.0041,0.0807,3360.0
Anomalia,-0.0159,0.607,1.7069,-1.6902,0.6072,-0.184,0.815,3360.0
Anomalia,0.0077,0.4611,1.7069,-1.6902,0.4612,-0.1119,2.905,2880.0
Anomalia,0.0135,0.2445,0.601,-0.6757,0.2449,-0.1918,-0.1378,2880.0
Anomalia,0.02,0.2088,0.5672,-0.6757,0.2097,-0.3545,0.5781,2880.0
Anomalia,0.0274,0.154,0.4436,-0.361,0.1564,-0.0469,-0.2074,2880.0
Anomalia,0.0456,1.1345,4.0552,-4.0832,1.1354,0.0516,4.8449,3360.0
Anomalia,-0.0093,1.3081,4.0552,-4.0832,1.3082,-0.0172,2.0432,3360.0
Anomalia,0.0212,1.5321,4.0552,-4.0832,1.5322,-0.0232,0.2074,3360.0
Anomalia,0.0011,1.5683,4.0552,-4.0832,1.5683,0.0109,-0.0655,3360.0
Anomalia,-0.0105,1.119,2.7014,-2.9126,1.1191,-0.1004,0.0369,3360.0
Anomalia,0.0362,0.9196,2.7014,-2.726,0.9203,0.0836,1.2113,3360.0
Anomalia,0.0018,0.4644,1.0392,-1.1276,0.4644,0.0337,-0.2473,3360.0
Anomalia,0.0231,0.3658,1.0392,-0.7825,0.3665,0.2716,-0.1265,2880.0
Anomalia,0.0126,0.2784,0.6903,-0.6473,0.2787,0.0429,-0.5147,2880.0
Anomalia,0.0528,1.3139,4.8023,-4.5815,1.3149,0.1731,4.4513,2880.0
Anomalia,0.0104,1.5417,4.8023,-4.5815,1.5418,0.0848,1.5349,3360.0
Anomalia,0.0265,1.7205,4.8023,-4.5815,1.7207,0.0604,0.2719,3360.0
Anomalia,0.0196,1.7622,4.8023,-4.5815,1.7623,0.0644,-0.0096,3360.0
Anomalia,-0.0237,1.214,3.1217,-2.9138,1.2143,-0.0151,0.0287,3360.0
Anomalia,0.015,0.9213,3.1217,-2.9138,0.9214,0.139,1.5379,3360.0
Anomalia,0.0059,0.4993,1.3071,-1.4035,0.4993,-0.1272,0.0887,3600.0
Anomalia,0.0162,0.3299,0.7821,-0.9119,0.3303,-0.2222,-0.1728,2880.0
Anomalia,0.0137,0.277,0.6736,-0.7641,0.2774,-0.0841,-0.2599,2880.0
Anomalia,0.0302,0.817,2.7774,-2.7974,0.8176,0.0622,4.1268,2880.0
Anomalia,-0.0145,0.975,2.7774,-2.7974,0.9751,-0.0181,1.4358,3360.0
Anomalia,0.013,1.1513,2.7774,-2.7974,1.1514,-0.0299,-0.0522,3360.0
Anomalia,0.0062,1.1819,2.7774,-2.7974,1.1819,-0.0145,-0.3255,3360.0
Anomalia,0.0105,0.901,2.1902,-2.2836,0.901,-0.1463,0.1238,3360.0
Anomalia,0.0422,0.724,2.1902,-2.2469,0.7253,0.0038,1.4394,3360.0
Anomalia,0.0118,0.3944,0.866,-0.969,0.3946,-0.0595,-0.4883,3360.0
Anomalia,0.0145,0.3005,0.7512,-0.7299,0.3009,0.0988,-0.3957,2880.0
Anomalia,0.01,0.2416,0.4833,-0.5325,0.2418,-0.1029,-0.8125,2880.0
Anomalia,-0.0101,1.238,4.7718,-4.4233,1.2381,-0.0578,5.3131,2880.0
Anomalia,-0.0099,1.4985,4.7718,-4.4233,1.4986,0.0865,2.0351,3360.0
Anomalia,0.0304,1.7126,4.7718,-4.4233,1.7129,0.0564,0.4301,3360.0
Anomalia,0.003,1.7543,4.7718,-4.4233,1.7543,0.0936,0.1357,3360.0
Anomalia,0.0412,1.3082,4.0348,-3.0582,1.3088,0.225,0.486,3360.0
Anomalia,0.0263,0.9977,3.2865,-3.0582,0.998,0.2544,1.4752,3360.0
Anomalia,0.0123,0.5819,1.3163,-1.3409,0.582,0.0013,-0.3955,3360.0
Anomalia,0.025,0.4495,1.3163,-1.285,0.4502,0.1649,0.7185,2880.0
Anomalia,0.0168,0.2976,0.7662,-0.6222,0.2981,0.0155,-0.4096,2880.0
Anomalia,-0.0287,1.2113,4.6754,-5.0163,1.2117,-0.5044,6.3147,2880.0
Anomalia,0.0051,1.5652,4.6754,-5.0163,1.5652,-0.0403,2.0987,3360.0
Anomalia,0.0084,1.9245,4.6754,-5.0163,1.9246,0.0194,0.0461,3360.0
Anomalia,0.012,1.9832,4.6754,-5.0163,1.9833,0.0174,-0.2738,3360.0
Anomalia,0.0703,1.6292,4.5731,-3.6742,1.6307,0.1762,0.1035,3360.0
Anomalia,0.0248,1.2927,3.8599,-3.6608,1.2929,0.1327,1.184,3360.0
Anomalia,0.0131,0.6462,1.8555,-1.5454,0.6463,0.1698,-0.0089,3360.0
Anomalia,0.0114,0.4484,1.3221,-1.1957,0.4485,0.1328,0.3751,2880.0
Anomalia,0.0076,0.2929,0.7529,-0.7024,0.293,0.1543,-0.5105,2880.0
Anomalia,0.0053,0.9424,3.5603,-3.3349,0.9424,0.0203,4.8009,2880.0
Anomalia,0.0057,1.1264,3.5603,-3.3349,1.1264,0.0106,1.5668,3360.0
Anomalia,0.0256,1.2522,3.5603,-3.3349,1.2525,0.0083,0.3377,3360.0
Anomalia,0.0109,1.2948,3.5603,-3.3349,1.2949,0.0333,-0.0499,3360.0
Anomalia,0.0209,0.9314,2.6459,-2.1297,0.9316,0.0613,-0.1412,3360.0
Anomalia,0.0288,0.6976,2.2478,-2.0837,0.6982,0.1656,1.016,3360.0
Anomalia,0.0046,0.4298,1.1055,-1.0166,0.4298,-0.0714,-0.1825,3600.0
Anomalia,0.0216,0.3007,0.7529,-0.6051,0.3015,0.067,-0.9252,2880.0
Anomalia,0.0184,0.2484,0.5263,-0.5409,0.2491,-0.0357,-0.7952,2880.0
Anomalia,-0.0361,1.1222,4.3507,-4.3595,1.1228,-0.2288,5.8251,2880.0
Anomalia,0.0171,1.4158,4.3507,-4.3595,1.4159,0.0522,2.1091,3360.0
Anomalia,0.0037,1.7024,4.3507,-4.3595,1.7024,0.0643,0.169,3360.0
Anomalia,0.0148,1.7549,4.3507,-4.3595,1.755,0.0463,-0.1731,3360.0
Anomalia,0.074,1.4001,4.1324,-3.2711,1.4021,0.1532,0.3022,3360.0
Anomalia,0.0125,1.1125,3.2706,-3.2197,1.1125,0.0697,1.1734,3360.0
Anomalia,0.0211,0.587,1.3296,-1.2403,0.5874,0.1007,-0.3397,3600.0
Anomalia,0.0022,0.423,1.2733,-1.2257,0.423,0.0568,0.4673,2880.0
Anomalia,0.0057,0.2855,0.6727,-0.6427,0.2856,-0.0361,-0.6287,2880.0
Anomalia,0.0471,0.9222,4.0156,-3.3842,0.9234,0.5239,6.8134,3120.0
Anomalia,0.0368,1.2372,4.0156,-3.7564,1.2378,0.041,2.5112,3120.0
Anomalia,0.0364,1.4676,4.0156,-3.7564,1.4681,0.0391,0.3899,3360.0
Anomalia,0.0164,1.5165,4.0156,-3.7564,1.5166,0.0637,0.0058,3360.0
Anomalia,-0.0167,1.2655,3.5248,-3.7564,1.2656,-0.0542,0.4345,3360.0
Anomalia,-0.0013,0.9572,2.6905,-2.5758,0.9572,0.1106,0.6529,3360.0
Anomalia,-0.0026,0.5378,1.3246,-1.4878,0.5378,-0.1156,-0.1274,3360.0
Anomalia,0.0315,0.4035,1.0934,-1.0567,0.4048,-0.1039,0.4013,2880.0
Anomalia,0.0139,0.2942,0.598,-0.6936,0.2946,-0.1333,-0.6622,2880.0
Anomalia,0.0587,1.0377,4.8886,-3.9655,1.0394,0.805,7.9744,2880.0
Anomalia,0.0186,1.5322,4.8886,-4.8945,1.5324,0.08,2.4538,3360.0
Anomalia,0.0089,1.8542,4.8886,-4.8945,1.8542,0.0638,0.2548,3360.0
Anomalia,0.0161,1.9085,4.8886,-4.8945,1.9085,0.0452,-0.0706,3360.0
Anomalia,-0.021,1.6667,4.6099,-4.8945,1.6669,-0.0893,0.3766,3360.0
Anomalia,0.0161,1.253,3.4893,-3.5152,1.2531,0.0004,0.654,3360.0
Anomalia,0.0078,0.6828,1.7432,-1.7369,0.6828,-0.0603,-0.2205,3600.0
Anomalia,0.0173,0.4991,1.3409,-1.3096,0.4994,-0.0364,0.2336,2880.0
Anomalia,-0.0041,0.3572,0.9227,-0.9599,0.3572,-0.0352,-0.0684,2880.0
Anomalia,0.0198,0.3731,1.3497,-1.1523,0.3736,0.3818,1.735,2880.0
Anomalia,0.0158,0.4832,1.3497,-1.3342,0.4835,0.1007,0.6234,3360.0
Anomalia,0.0118,0.5498,1.3497,-1.3342,0.5499,0.0515,-0.2085,3360.0
Anomalia,0.0254,0.541,1.3497,-1.3342,0.5416,-0.0052,-0.0528,3360.0
Anomalia,-0.0002,0.467,1.3142,-1.3342,0.467,-0.0563,0.5403,3360.0
Anomalia,0.0007,0.3511,1.1059,-1.0087,0.3511,-0.0063,1.155,3360.0
Anomalia,0.0141,0.2217,0.4369,-0.3677,0.2221,-0.0059,-1.286,3360.0
Anomalia,0.016,0.2135,0.4687,-0.3981,0.2141,0.0254,-1.0378,2880.0
Anomalia,0.0195,0.1993,0.4687,-0.3981,0.2003,0.0872,-0.8599,3360.0
Anomalia,0.0646,0.8627,3.9008,-3.4046,0.8651,0.6518,7.7216,2880.0
Anomalia,0.0145,1.2306,3.9008,-3.9355,1.2307,0.0151,2.6595,2880.0
Anomalia,0.0177,1.4536,3.9008,-3.9355,1.4537,0.0052,0.507,3360.0
Anomalia,0.0156,1.4932,3.9008,-3.9355,1.4933,0.007,0.1686,3360.0
Anomalia,-0.0246,1.2613,3.6195,-3.9355,1.2616,-0.1561,0.8343,3360.0
Anomalia,0.022,0.9162,2.7398,-2.572,0.9165,-0.0195,1.0152,3360.0
Anomalia,0.0041,0.4944,1.0913,-1.0788,0.4944,0.0004,-0.5049,3600.0
Anomalia,0.0193,0.3711,1.0358,-0.9411,0.3716,-0.0358,0.0068,2880.0
Anomalia,0.0057,0.2553,0.6924,-0.5717,0.2554,0.1725,-0.4671,2880.0
Anomalia,0.0389,0.9655,4.8694,-3.8628,0.9663,1.077,10.3931,3120.0
Anomalia,0.0092,1.5317,4.8694,-4.7551,1.5317,0.1722,2.544,3360.0
Anomalia,0.0201,1.8661,4.8694,-4.7551,1.8662,0.0898,0.2712,3360.0
Anomalia,0.005,1.9432,4.8694,-4.7551,1.9432,0.0938,-0.1713,3360.0
Anomalia,-0.0094,1.7428,4.6624,-4.7551,1.7428,-0.0399,0.1127,3360.0
Anomalia,0.0184,1.2831,3.6429,-3.645,1.2832,0.0033,0.6883,3360.0
Anomalia,0.0091,0.7134,1.8409,-2.0291,0.7135,-0.0712,0.1451,3600.0
Anomalia,0.0239,0.4901,1.3446,-1.2633,0.4907,0.1442,0.3187,2880.0
Anomalia,0.0072,0.3331,0.7704,-0.7149,0.3332,0.0112,-0.8681,2880.0
Anomalia,0.0373,0.8073,3.786,-3.1943,0.8082,0.6376,8.1537,2880.0
Anomalia,-0.0143,1.1508,3.786,-3.5703,1.1509,0.1429,2.4264,3360.0
Anomalia,0.0216,1.3602,3.786,-3.5703,1.3603,0.0527,0.3819,3360.0
Anomalia,0.0038,1.3946,3.786,-3.5703,1.3946,0.0831,0.0871,3360.0
Anomalia,-0.0063,1.1993,3.1488,-3.5703,1.1993,-0.0718,0.3523,3360.0
Anomalia,0.0276,0.8804,2.5649,-2.3947,0.8808,0.0408,0.6977,3360.0
Anomalia,0.0067,0.4868,1.0801,-1.06,0.4868,-0.0116,-0.5334,3600.0
Anomalia,0.0147,0.3647,0.8931,-0.8668,0.365,-0.0371,-0.3492,2880.0
Anomalia,0.0102,0.2581,0.5596,-0.6101,0.2583,-0.1613,-0.3936,2880.0
Anomalia,0.0138,0.8016,3.9597,-3.4764,0.8017,-0.0117,9.0627,2880.0
Anomalia,0.0122,1.3466,4.185,-4.1441,1.3466,0.0858,2.5951,3120.0
Anomalia,0.0149,1.6415,4.185,-4.1441,1.6415,0.0483,0.3319,3360.0
Anomalia,0.0058,1.6967,4.185,-4.1441,1.6967,0.0646,-0.0413,3360.0
Anomalia,0.0081,1.541,4.185,-4.1441,1.5411,0.0807,0.4769,3360.0
Anomalia,0.0075,1.1035,3.2168,-3.1772,1.1036,0.0531,1.1763,3360.0
Anomalia,0.0155,0.5847,2.0913,-1.5262,0.5849,0.139,0.3909,3360.0
Anomalia,0.0214,0.4097,1.0542,-1.0187,0.4103,0.0332,-0.2563,2880.0
Anomalia,0.0244,0.2904,0.6464,-0.6156,0.2914,0.0672,-0.9046,2880.0
Anomalia,-0.0023,0.8789,4.1099,-4.1349,0.8789,-0.3743,9.5968,2880.0
Anomalia,-0.0011,1.4977,4.9371,-4.8849,1.4977,0.1187,3.1376,2880.0
Anomalia,-0.0037,1.784,4.9371,-4.8849,1.784,0.0762,0.6611,3360.0
Anomalia,0.0145,1.8485,4.9371,-4.8849,1.8486,0.0527,0.2091,3360.0
Anomalia,0.0317,1.7076,4.9371,-4.8849,1.7079,0.0974,0.5528,3360.0
Anomalia,0.0224,1.2085,3.2694,-3.1367,1.2087,0.009,0.2486,3360.0
Anomalia,0.0242,0.7328,1.8847,-1.4298,0.7332,0.1556,-0.4531,3360.0
Anomalia,0.0037,0.6152,1.5128,-1.4014,0.6152,0.0405,-0.3752,2880.0
Anomalia,0.0117,0.4209,0.9177,-0.977,0.4211,-0.0896,-0.5665,2880.0
Anomalia,-0.0293,0.8043,3.1555,-3.7919,0.8048,-0.8574,7.423,2880.0
Anomalia,0.027,1.5926,5.038,-5.0877,1.5929,0.0955,2.5424,3120.0
Anomalia,-0.0075,1.9699,5.038,-5.0877,1.9699,0.0951,0.334,3360.0
Anomalia,0.0214,2.0761,5.038,-5.0877,2.0762,0.0659,-0.2139,3360.0
Anomalia,0.053,2.0047,5.038,-5.0877,2.0054,0.0915,-0.0543,3360.0
Anomalia,-0.0101,1.4705,3.9613,-4.0294,1.4705,0.1092,0.5369,3360.0
Anomalia,0.0389,0.8659,2.8166,-2.1818,0.8667,0.232,0.5197,3600.0
Anomalia,0.0045,0.5829,1.5729,-1.449,0.5829,0.0206,0.2015,2880.0
Anomalia,0.0199,0.357,0.8497,-0.9323,0.3575,-0.2165,-0.4471,2880.0
Anomalia,0.0082,0.4915,1.8897,-2.2323,0.4916,-0.7674,5.9976,2880.0
Anomalia,0.015,0.7921,2.5658,-2.3275,0.7923,0.0076,2.0792,2880.0
Anomalia,0.0026,0.9414,2.5658,-2.3275,0.9414,0.0309,0.2735,3360.0
Anomalia,0.016,0.969,2.5658,-2.3275,0.9692,0.0024,-0.0511,3360.0
Anomalia,0.0274,0.8888,2.5658,-2.3275,0.8892,0.0997,0.3427,3360.0
Anomalia,0.0156,0.6347,1.8438,-1.7474,0.6349,-0.0081,0.8039,3360.0
Anomalia,0.0226,0.3427,1.0567,-0.8092,0.3435,0.1934,-0.2357,3600.0
Anomalia,-0.0002,0.2746,0.5246,-0.5551,0.2746,0.0262,-1.068,2880.0
Anomalia,0.0076,0.2558,0.5029,-0.5275,0.2559,-0.0235,-0.993,2880.0
Anomalia,0.0213,0.4896,2.5015,-1.84,0.4901,1.0054,8.7352,3600.0
Anomalia,0.0252,1.0475,3.4397,-3.1467,1.0478,0.1175,2.6573,3120.0
Anomalia,0.0389,1.2655,3.4397,-3.1467,1.2661,0.0406,0.4557,3360.0
Anomalia,0.0203,1.3109,3.4397,-3.1467,1.311,0.0573,0.0511,3360.0
Anomalia,0.0017,1.2716,3.4397,-3.1467,1.2716,0.0473,0.2122,3360.0
Anomalia,0.0038,0.8842,2.5174,-2.4084,0.8842,0.0172,0.7039,3360.0
Anomalia,-0.0027,0.5234,1.1877,-1.4911,0.5234,-0.2059,-0.3118,3360.0
Anomalia,0.0158,0.3804,1.03,-0.9327,0.3807,-0.0349,0.1771,2880.0
Anomalia,0.0079,0.2609,0.674,-0.6565,0.261,-0.1048,-0.0383,2880.0
Anomalia,0.0427,0.4996,2.7356,-1.7791,0.5014,1.5272,11.1348,3360.0
Anomalia,-0.0045,1.2146,3.9171,-3.8779,1.2147,0.0451,2.6823,3360.0
Anomalia,0.0422,1.4497,3.9171,-3.8779,1.4503,-0.0013,0.5206,3360.0
Anomalia,-0.0016,1.5428,3.9171,-3.8779,1.5428,0.0306,-0.119,3360.0
Anomalia,-0.0052,1.5139,3.9171,-3.8779,1.5139,-0.0154,-0.0472,3360.0
Anomalia,0.0312,1.0408,2.8379,-2.8604,1.0413,-0.0281,0.4643,3360.0
Anomalia,-0.0186,0.6806,1.8029,-2.3412,0.6809,-0.3373,0.988,3360.0
Anomalia,0.0312,0.4298,1.1698,-1.002,0.431,0.1533,0.2702,2880.0
Anomalia,-0.0055,0.2979,0.6394,-0.8042,0.298,-0.0501,-0.4667,2880.0
Anomalia,0.0089,0.6438,3.2001,-3.468,0.6439,0.3372,11.8003,2880.0
Anomalia,0.0139,1.362,4.7718,-4.4354,1.3621,0.1144,3.151,3120.0
Anomalia,0.0155,1.6433,4.7718,-4.4354,1.6434,0.0923,0.5916,3360.0
Anomalia,0.0224,1.7108,4.7718,-4.4354,1.7109,0.0646,0.1097,3360.0
Anomalia,0.0112,1.6424,4.7718,-4.4354,1.6424,0.0749,0.3302,3360.0
Anomalia,0.0114,1.1298,3.0887,-3.0157,1.1298,0.0788,0.4444,3360.0
Anomalia,0.0068,0.6622,1.744,-2.0287,0.6622,-0.0728,0.0401,3600.0
Anomalia,0.0035,0.4429,1.1172,-1.0901,0.4429,0.0063,0.2253,2880.0
Anomalia,0.0078,0.2734,0.7045,-0.727,0.2735,-0.0693,-0.2704,2880.0
Anomalia,0.0294,0.4125,2.1718,-1.3901,0.4136,1.2803,8.4147,2880.0
Anomalia,0.0072,0.9731,3.0837,-2.9339,0.9731,0.1219,2.5153,3120.0
Anomalia,0.0308,1.1532,3.0837,-2.9339,1.1537,0.0315,0.537,3360.0
Anomalia,0.0077,1.2123,3.0837,-2.9339,1.2123,0.0525,0.0091,3360.0
Anomalia,-0.0019,1.1923,3.0837,-2.9339,1.1923,0.0207,0.0713,3360.0
Anomalia,0.0181,0.8031,2.2006,-2.3475,0.8033,-0.0697,0.8481,3360.0
Anomalia,-0.0071,0.5075,1.4853,-1.7691,0.5075,-0.2676,1.1711,3360.0
Anomalia,0.0157,0.3535,0.9211,-0.9211,0.3538,-0.0636,-0.088,2880.0
Anomalia,0.0001,0.2384,0.5,-0.53,0.2384,-0.1272,-0.9504,2880.0
Anomalia,0.0241,0.529,3.2823,-2.0908,0.5295,1.8137,17.0441,2880.0
Anomalia,0.0201,1.371,4.6829,-4.4225,1.3711,0.0966,3.2613,2880.0
Anomalia,0.0177,1.6471,4.6829,-4.4225,1.6472,0.0779,0.7758,3360.0
Anomalia,0.0032,1.7242,4.6829,-4.4225,1.7242,0.089,0.2162,3360.0
Anomalia,-0.0067,1.6906,4.6829,-4.4225,1.6906,0.0557,0.2994,3360.0
Anomalia,-0.0023,1.1345,3.3858,-3.0983,1.1345,0.1005,0.8681,3360.0
Anomalia,-0.0005,0.6739,2.431,-1.9402,0.6739,0.0218,0.5373,3360.0
Anomalia,0.0329,0.4811,1.1431,-1.1114,0.4822,-0.0269,-0.5076,2880.0
Anomalia,0.005,0.339,0.848,-0.7616,0.339,-0.0209,-0.6628,2880.0
Anomalia,0.0046,0.4316,2.1309,-1.961,0.4316,-0.6619,6.7128,3600.0
Anomalia,0.0338,1.5076,4.8181,-4.9316,1.508,-0.0256,2.8947,3120.0
Anomalia,-0.0146,1.7883,4.8181,-4.9316,1.7883,0.0253,0.7552,3360.0
Anomalia,0.0144,1.9804,4.8181,-4.9316,1.9804,0.0233,-0.1859,3360.0
Anomalia,0.0217,2.0052,4.8181,-4.9316,2.0053,0.0184,-0.3265,3360.0
Anomalia,-0.0119,1.4001,3.8741,-3.7844,1.4002,0.1055,0.4228,3360.0
Anomalia,0.023,1.0107,3.8741,-3.0878,1.0109,0.276,1.9542,3360.0
Anomalia,0.0006,0.5504,1.3455,-1.285,0.5504,0.0611,0.2516,2880.0
Anomalia,0.0112,0.3483,1.083,-0.8196,0.3485,0.1191,-0.3785,2880.0
Anomalia,0.0287,0.4514,2.3291,-1.3442,0.4523,1.322,7.0686,2880.0
Anomalia,0.0075,0.9651,3.3958,-3.0282,0.9651,0.1538,2.8653,3120.0
Anomalia,0.0291,1.1453,3.3958,-3.0282,1.1456,0.0532,0.5701,3360.0
Anomalia,-0.0005,1.1833,3.3958,-3.0282,1.1833,0.1055,0.1832,3360.0
Anomalia,-0.0088,1.1581,3.3958,-3.0282,1.1582,0.0515,0.2553,3360.0
Anomalia,0.0053,0.7758,2.1142,-1.9744,0.7758,0.024,0.2769,3360.0
Anomalia,-0.0089,0.4661,1.1898,-1.1927,0.4662,-0.0692,-0.4428,3600.0
Anomalia,0.0245,0.3763,0.7666,-0.7696,0.3771,-0.0124,-0.8698,3600.0
Anomalia,0.0184,0.2831,0.6606,-0.5997,0.2837,0.0712,-0.4773,2880.0
Anomalia,0.0041,0.4287,2.2031,-2.0508,0.4287,-0.5764,8.2188,3600.0
Anomalia,0.0287,1.2703,4.1312,-3.9701,1.2706,0.0431,2.7744,2880.0
Anomalia,-0.0201,1.4916,4.1312,-3.9701,1.4917,0.0672,0.809,3360.0
Anomalia,0.0002,1.5994,4.1312,-3.9701,1.5994,0.0618,0.0572,3360.0
Anomalia,0.0222,1.6095,4.1312,-3.9701,1.6096,0.0343,-0.0531,3360.0
Anomalia,-0.0024,1.0873,3.082,-3.0641,1.0873,0.0426,0.6696,3360.0
Anomalia,0.0231,0.7455,2.779,-2.1384,0.7459,0.3406,1.2837,3360.0
Anomalia,0.0114,0.4989,1.2403,-1.2032,0.4991,0.059,-0.1364,2880.0
Anomalia,-0.0028,0.3126,0.8585,-0.674,0.3127,0.1638,-0.3817,2880.0
Anomalia,-0.0083,0.3631,0.8655,-1.8459,0.3632,-1.4368,6.6515,3120.0
Anomalia,0.0065,1.3556,4.5297,-4.4024,1.3556,0.1074,3.2954,3120.0
Anomalia,-0.0107,1.5297,4.5297,-4.4024,1.5297,0.1064,1.3399,3360.0
Anomalia,0.0262,1.6691,4.5297,-4.4024,1.6693,0.0668,0.2764,3360.0
Anomalia,0.0119,1.6954,4.5297,-4.4024,1.6955,0.0977,0.0805,3360.0
Anomalia,0.0219,1.1001,2.8441,-2.7636,1.1004,0.1053,0.0084,3360.0
Anomalia,0.0276,0.8319,2.8253,-2.2302,0.8324,0.2743,1.0044,3360.0
Anomalia,0.0022,0.5268,1.2295,-1.2637,0.5268,-0.0631,-0.1181,3360.0
Anomalia,0.0232,0.3825,1.1806,-0.9866,0.3832,0.1125,0.1391,2880.0
Anomalia,0.0023,0.3575,0.6669,-1.8742,0.3575,-0.9774,3.3331,2880.0
Anomalia,-0.0141,1.4548,4.9191,-4.9383,1.4549,0.105,3.5227,2880.0
Anomalia,0.0112,1.7027,4.9191,-4.9383,1.7028,0.065,1.1684,3360.0
Anomalia,0.0103,1.8751,4.9191,-4.9383,1.8751,0.0535,0.1239,3360.0
Anomalia,0.0127,1.9055,4.9191,-4.9383,1.9055,0.0542,-0.0648,3360.0
Anomalia,0.0411,1.2983,3.6279,-3.4313,1.2989,0.019,0.387,3360.0
Anomalia,0.0153,0.953,3.2314,-3.4059,0.9531,0.023,1.6059,3360.0
Anomalia,0.0092,0.5214,1.3146,-1.1965,0.5215,0.0877,-0.0112,3600.0
Anomalia,0.0076,0.3576,1.055,-0.9711,0.3576,0.1907,0.2956,2880.0
Anomalia,0.0,0.2925,0.8651,-0.8004,0.2925,-0.0617,0.2319,2880.0
Anomalia,-0.0066,0.5042,1.5454,-1.5642,0.5042,0.0436,1.9127,2880.0
Anomalia,0.0187,0.5889,1.5454,-1.5642,0.5892,0.028,0.3716,3360.0
Anomalia,0.0178,0.6107,1.5454,-1.5642,0.6109,-0.0156,0.0855,3360.0
Anomalia,0.012,0.612,1.5454,-1.5642,0.6122,0.0114,0.0521,3360.0
Anomalia,0.0209,0.4154,1.2574,-1.1368,0.4159,0.067,0.9353,3360.0
Anomalia,-0.0019,0.2928,0.8217,-1.1368,0.2928,-0.3341,0.985,3360.0
Anomalia,0.0077,0.2223,0.4311,-0.4365,0.2224,-0.025,-1.0306,3360.0
Anomalia,0.006,0.2019,0.4011,-0.4157,0.202,-0.0471,-0.9643,2880.0
Anomalia,-0.0069,0.301,0.7111,-1.7524,0.3011,-2.1589,10.3767,2880.0
Anomalia,-0.0084,1.1585,3.7477,-3.8027,1.1586,0.0481,3.4258,2880.0
Anomalia,0.0073,1.3747,3.7477,-3.8027,1.3747,0.0303,1.0299,3360.0
Anomalia,0.0199,1.4775,3.7477,-3.8027,1.4777,0.0013,0.2232,3360.0
Anomalia,0.0216,1.4956,3.7477,-3.8027,1.4958,0.0131,0.0623,3360.0
Anomalia,0.031,1.0013,2.9535,-2.7365,1.0018,-0.0024,0.8525,3360.0
Anomalia,0.0165,0.6859,2.3738,-2.6392,0.6861,-0.0256,1.8013,3360.0
Anomalia,-0.0089,0.4388,0.9565,-0.9878,0.4389,0.024,-0.4689,2880.0
Anomalia,0.0144,0.3106,0.757,-0.7333,0.311,0.075,-0.746,2880.0
Anomalia,0.022,0.298,0.934,-0.6039,0.2988,0.3973,-0.0261,2880.0
Anomalia,-0.0075,1.3858,4.6754,-4.604,1.3858,0.129,3.6607,3120.0
Anomalia,0.0673,1.6022,4.6754,-4.604,1.6036,0.0735,1.2673,3360.0
Anomalia,-0.0057,1.8689,4.6754,-4.604,1.869,0.0828,-0.1299,3360.0
Anomalia,0.0103,1.9116,4.6754,-4.604,1.9117,0.056,-0.3651,3360.0
Anomalia,0.027,1.3692,3.5607,-3.4434,1.3695,0.0202,0.047,3360.0
Anomalia,-0.0319,1.109,3.5607,-3.4434,1.1095,-0.1449,1.6148,3360.0
Anomalia,0.0249,0.5543,1.2608,-1.2499,0.5548,-0.0076,-0.0663,3600.0
Anomalia,0.0026,0.3735,1.0517,-1.1402,0.3735,-0.2924,0.5176,2880.0
Anomalia,0.0119,0.2772,0.6869,-0.6586,0.2774,-0.0688,-0.4366,2880.0
Anomalia,-0.0042,1.0908,3.8812,-3.726,1.0908,0.1121,3.8345,2880.0
Anomalia,0.0363,1.2816,3.8812,-3.726,1.2822,0.0699,1.2016,3360.0
Anomalia,-0.0108,1.3963,3.8812,-3.726,1.3963,0.0971,0.2346,3360.0
Anomalia,0.0138,1.4248,3.8812,-3.726,1.4249,0.0478,-0.0085,3360.0
Anomalia,0.026,0.9605,2.63,-2.3876,0.9609,0.0197,0.15,3360.0
Anomalia,-0.0222,0.6891,2.1409,-2.3876,0.6895,-0.2315,1.3596,3360.0
Anomalia,0.0185,0.413,1.0246,-0.8693,0.4135,0.0995,-0.3713,3600.0
Anomalia,-0.0098,0.2864,0.704,-0.8693,0.2866,-0.2067,0.0779,2880.0
Anomalia,0.0211,0.2446,0.9194,-0.5684,0.2455,0.4477,1.2909,2880.0
Anomalia,0.029,1.2034,3.9976,-4.0348,1.2038,0.1253,3.9084,2880.0
Anomalia,0.0458,1.4104,3.9976,-4.0348,1.4111,0.0589,1.4102,3360.0
Anomalia,0.0133,1.6049,3.9976,-4.0348,1.605,0.0385,0.1078,3360.0
Anomalia,-0.0031,1.651,3.9976,-4.0348,1.651,0.0607,-0.2,3360.0
Anomalia,-0.0079,1.1662,3.0278,-3.0828,1.1663,-0.0398,0.4095,3360.0
Anomalia,-0.0221,0.9149,2.951,-3.0828,0.9152,-0.1725,1.74,3360.0
Anomalia,0.0173,0.5157,1.2791,-1.3751,0.516,-0.1697,-0.003,2880.0
Anomalia,0.0113,0.3417,0.717,-0.9728,0.3419,-0.2488,-0.5374,2880.0
Anomalia,0.0224,0.2925,0.7366,-0.6056,0.2934,0.1962,-0.609,2880.0
Anomalia,0.0275,1.3253,4.5986,-4.4943,1.3255,0.1041,4.1958,2880.0
Anomalia,0.0236,1.5497,4.5986,-4.4943,1.5499,0.0654,1.5631,3360.0
Anomalia,-0.0032,1.7339,4.5986,-4.4943,1.7339,0.0498,0.2644,3360.0
Anomalia,0.0134,1.7726,4.5986,-4.4943,1.7727,0.0237,0.0003,3360.0
Anomalia,-0.0113,1.2343,3.2794,-3.1463,1.2344,-0.0454,0.2226,3360.0
Anomalia,-0.0046,0.9378,2.7811,-3.1463,0.9379,-0.1806,1.3471,3360.0
Anomalia,0.0201,0.5563,1.2533,-1.2228,0.5567,0.0143,-0.5773,3360.0
Anomalia,-0.0014,0.451,1.1255,-1.1664,0.451,-0.1141,-0.4606,2880.0
Anomalia,0.0159,0.3525,0.7445,-0.6999,0.3529,0.0173,-0.8779,2880.0
Anomalia,0.0409,1.4838,5.2947,-5.3636,1.4843,0.2326,4.4726,2880.0
Anomalia,0.0192,1.7774,5.2947,-5.3636,1.7775,0.1032,1.4764,3360.0
Anomalia,0.0119,2.0597,5.2947,-5.3636,2.0597,0.0644,0.0081,3360.0
Anomalia,0.0132,2.1123,5.2947,-5.3636,2.1123,0.0569,-0.2637,3360.0
Anomalia,-0.0273,1.5657,3.8804,-3.8841,1.5659,-0.0302,0.0331,3360.0
Anomalia,-0.0044,1.2225,3.7764,-3.7739,1.2225,-0.0177,1.43,3360.0
Anomalia,0.0062,0.6379,1.4986,-1.7086,0.6379,-0.0442,-0.2556,3600.0
Anomalia,0.0065,0.441,1.1869,-1.2624,0.4411,-0.0895,0.1061,2880.0
Anomalia,0.0072,0.329,0.8368,-0.8125,0.3291,-0.1217,-0.0855,2880.0
Anomalia,0.0264,0.6997,2.4305,-2.2277,0.7002,0.101,3.0158,2880.0
Anomalia,-0.0193,0.804,2.4305,-2.2277,0.8042,0.0194,1.1575,3360.0
Anomalia,0.0079,0.9357,2.4305,-2.2277,0.9357,0.0093,-0.1164,3360.0
Anomalia,0.0031,0.9662,2.4305,-2.2277,0.9662,0.0204,-0.437,3360.0
Anomalia,0.0012,0.742,1.8955,-1.7424,0.742,-0.1051,-0.3013,3360.0
Anomalia,0.0268,0.6057,1.8955,-1.7424,0.6063,0.1227,0.8198,3360.0
Anomalia,0.0158,0.3928,0.765,-0.8234,0.3931,-0.0017,-0.8606,3360.0
Anomalia,0.0066,0.3399,0.765,-0.8234,0.34,0.0114,-0.5039,2880.0
Anomalia,-0.0003,0.2989,0.6406,-0.7191,0.2989,0.0688,-0.6813,3360.0
Anomalia,-0.0186,0.9834,3.4785,-3.5311,0.9836,-0.2843,4.4148,3120.0
Anomalia,-0.0126,1.1965,3.4785,-3.5311,1.1966,0.0189,1.7177,3360.0
Anomalia,0.024,1.376,3.4785,-3.5311,1.3762,-0.0139,0.2168,3360.0
Anomalia,0.0092,1.3935,3.4785,-3.5311,1.3935,0.0164,0.0656,3360.0
Anomalia,0.0396,1.0478,3.3741,-2.4802,1.0485,0.2538,0.8068,3360.0
Anomalia,0.0216,0.7831,2.6296,-2.4802,0.7833,0.1559,2.0978,3360.0
Anomalia,0.0083,0.3671,0.9181,-0.9044,0.3672,-0.0828,0.0167,3600.0
Anomalia,0.0108,0.2616,0.8735,-0.9044,0.2618,-0.2295,2.0151,2880.0
Anomalia,0.0189,0.1771,0.4733,-0.4082,0.1781,0.0638,-0.4756,2880.0
Anomalia,-0.0317,0.9302,3.7401,-3.6483,0.9307,-0.2999,6.5171,3360.0
Anomalia,0.0263,1.1785,3.7401,-3.6483,1.1788,-0.0209,2.3033,3360.0
Anomalia,-0.0025,1.41,3.7401,-3.6483,1.41,0.0322,0.1926,3360.0
Anomalia,0.0209,1.4464,3.7401,-3.6483,1.4466,-0.0091,-0.0985,3360.0
Anomalia,0.056,1.1514,3.3833,-2.7878,1.1527,0.1363,0.1404,3360.0
Anomalia,-0.0081,0.9081,2.5612,-2.5378,0.9081,0.066,0.7133,3360.0
Anomalia,0.0246,0.472,1.1936,-0.9665,0.4727,0.1253,-0.2602,3600.0
Anomalia,-0.0046,0.3706,1.0229,-0.8706,0.3706,0.0626,0.0459,2880.0
Anomalia,0.0063,0.2536,0.6314,-0.5697,0.2537,-0.1145,-0.063,2880.0
Anomalia,0.0118,1.2258,4.6975,-4.4797,1.2259,0.0462,5.3526,3120.0
Anomalia,-0.0172,1.4877,4.6975,-4.4797,1.4878,0.0808,1.7419,3360.0
Anomalia,0.0267,1.7022,4.6975,-4.4797,1.7024,0.0555,0.2386,3360.0
Anomalia,0.0052,1.7567,4.6975,-4.4797,1.7567,0.0798,-0.116,3360.0
Anomalia,0.0093,1.3013,3.7986,-2.9493,1.3014,0.1376,0.0171,3360.0
Anomalia,0.0379,1.0052,3.2744,-2.9493,1.0059,0.2202,1.1947,3360.0
Anomalia,-0.0018,0.5554,1.4302,-1.431,0.5554,-0.0816,0.1657,3600.0
Anomalia,0.0183,0.3469,1.07,-1.0575,0.3474,0.0542,1.1164,2880.0
Anomalia,0.017,0.2327,0.6744,-0.6202,0.2333,-0.0531,0.1463,2880.0
Anomalia,-0.0274,0.9703,3.7389,-3.6483,0.9707,-0.194,5.8001,3120.0
Anomalia,0.0239,1.2105,3.7389,-3.6483,1.2107,0.0809,2.17,3360.0
Anomalia,0.0011,1.4581,3.7389,-3.6483,1.4581,0.0743,0.1284,3360.0
Anomalia,0.0173,1.5009,3.7389,-3.6483,1.501,0.0406,-0.193,3360.0
Anomalia,0.0598,1.181,3.4897,-2.7753,1.1825,0.1559,0.2797,3360.0
Anomalia,-0.0013,0.9453,2.6609,-2.7118,0.9453,0.0032,0.9857,3360.0
Anomalia,0.019,0.4975,1.2003,-1.2629,0.4979,-0.0212,-0.3619,3360.0
Anomalia,-0.003,0.3535,0.9749,-0.9486,0.3535,-0.1072,-0.0346,2880.0
Anomalia,0.0042,0.2759,0.5784,-0.6732,0.276,-0.1624,-0.6388,2880.0
Anomalia,0.0012,0.9649,3.7982,-3.6721,0.9649,-0.1129,6.1282,2880.0
Anomalia,0.0488,1.2083,3.7982,-3.6721,1.2093,0.0185,2.3319,3360.0
Anomalia,0.0089,1.4379,3.7982,-3.6721,1.4379,0.0293,0.3414,3360.0
Anomalia,0.0121,1.4682,3.7982,-3.6721,1.4683,0.0214,0.0878,3360.0
Anomalia,0.0181,1.1587,3.3979,-3.3191,1.1588,0.1097,0.5924,3360.0
Anomalia,-0.0238,0.9036,2.8683,-2.6618,0.9039,-0.0581,1.5085,3360.0
Anomalia,0.0219,0.4664,1.025,-1.1464,0.467,-0.0939,-0.4328,3600.0
Anomalia,0.0198,0.3664,0.9882,-1.0003,0.3669,-0.0934,-0.0318,2880.0
Anomalia,0.0044,0.2748,0.6882,-0.6389,0.2748,0.1039,-0.6598,2880.0
Anomalia,0.0393,1.0973,5.0497,-4.3874,1.098,0.5565,8.0343,2880.0
Anomalia,0.012,1.6256,5.0497,-5.1695,1.6257,0.0263,2.3122,3360.0
Anomalia,0.0131,1.9895,5.0497,-5.1695,1.9895,0.0588,0.1324,3360.0
Anomalia,0.0284,2.071,5.0497,-5.1695,2.0712,0.0228,-0.2872,3360.0
Anomalia,-0.0095,1.8212,4.8498,-5.1695,1.8212,-0.0347,0.098,3360.0
Anomalia,0.0139,1.3831,3.9914,-3.6558,1.3832,0.1083,0.5803,3360.0
Anomalia,0.001,0.7684,2.0186,-2.3212,0.7684,-0.1065,0.2373,3600.0
Anomalia,0.0057,0.5248,1.5345,-1.4031,0.5249,0.0143,0.6976,2880.0
Anomalia,-0.0023,0.3164,0.8213,-0.709,0.3164,0.1358,-0.5945,2880.0
Anomalia,-0.0226,0.909,3.6408,-3.347,0.9092,-0.0001,6.0074,2880.0
Anomalia,0.0324,1.1094,3.6408,-3.347,1.1099,0.0898,2.0842,3360.0
Anomalia,0.0018,1.2518,3.6408,-3.347,1.2518,0.0961,0.5682,3360.0
Anomalia,0.0253,1.2859,3.6408,-3.347,1.2862,0.0385,0.2213,3360.0
Anomalia,0.033,0.9684,2.7974,-2.2069,0.9689,0.1764,0.0479,3360.0
Anomalia,-0.0166,0.7379,2.2611,-2.0645,0.7381,-0.0421,0.8279,3360.0
Anomalia,0.0196,0.4504,0.967,-0.9569,0.4508,-0.0875,-0.6167,3600.0
Anomalia,0.0008,0.3651,0.8017,-0.9569,0.3651,-0.1355,-0.5316,2880.0
Anomalia,0.0218,0.2822,0.6331,-0.6056,0.2831,-0.0164,-0.6235,2880.0
Anomalia,0.0126,0.8605,3.5123,-3.259,0.8606,0.2065,5.6161,2880.0
Anomalia,0.0253,1.1315,3.5123,-3.2944,1.1318,0.1082,2.0595,3360.0
Anomalia,0.0021,1.3392,3.5123,-3.2944,1.3392,0.0788,0.2297,3360.0
Anomalia,0.0085,1.3703,3.5123,-3.2944,1.3703,0.0634,-0.0402,3360.0
Anomalia,0.0158,1.1164,3.3186,-3.2944,1.1165,-0.0033,0.6959,3360.0
Anomalia,-0.0041,0.8461,2.5578,-2.4093,0.8461,-0.0625,1.2189,3360.0
Anomalia,0.0209,0.4435,0.9436,-0.9774,0.444,-0.0343,-0.7621,3600.0
Anomalia,0.003,0.3646,0.8939,-0.8176,0.3646,-0.0377,-0.7394,2880.0
Anomalia,0.0002,0.2897,0.6335,-0.6765,0.2897,-0.0218,-0.5592,2880.0
Anomalia,0.0502,0.8828,4.0143,-3.4196,0.8843,0.866,7.9967,3120.0
Anomalia,-0.0044,1.2563,4.0143,-3.9713,1.2563,0.1494,2.7743,3120.0
Anomalia,0.0245,1.5082,4.0143,-3.9713,1.5084,0.059,0.4307,3360.0
Anomalia,0.0063,1.5575,4.0143,-3.9713,1.5575,0.0804,0.0497,3360.0
Anomalia,-0.038,1.3435,3.7189,-3.9713,1.344,-0.0675,0.4337,3360.0
Anomalia,0.0293,1.0025,2.7561,-2.7715,1.0029,-0.0198,0.6199,3360.0
Anomalia,-0.0053,0.5475,1.3818,-1.4431,0.5475,-0.1342,-0.178,3360.0
Anomalia,0.0265,0.428,0.939,-1.0592,0.4289,-0.1743,-0.2509,2880.0
Anomalia,0.0147,0.3174,0.813,-0.6227,0.3178,0.0441,-0.7413,2880.0
Anomalia,0.024,0.9695,5.1102,-3.8858,0.9698,0.8334,10.0039,2880.0
Anomalia,-0.0115,1.5384,5.1102,-5.0965,1.5384,0.1123,2.8589,3360.0
Anomalia,0.0116,1.8627,5.1102,-5.0965,1.8627,0.0696,0.443,3360.0
